trial,operation,requests,rps
1,lpush5,1000000,799386.06
1,lrange5,1000000,1227209.88
2,lpush5,1000000,817700.69
2,lrange5,1000000,1236271.88
3,lpush5,1000000,813021.12
3,lrange5,1000000,1221001.25
4,lpush5,1000000,813047.12
4,lrange5,1000000,1237722.75
5,lpush5,1000000,819013.94
5,lrange5,1000000,1225686.25
6,lpush5,1000000,805307.56
6,lrange5,1000000,1215241.75
7,lpush5,1000000,811159.75
7,lrange5,1000000,1234725.88
8,lpush5,1000000,814332.19
8,lrange5,1000000,1209305.88
9,lpush5,1000000,816352.62
9,lrange5,1000000,1243820.88
10,lpush5,1000000,816993.50
10,lrange5,1000000,1225607.88
11,lpush5,1000000,815673.75
11,lrange5,1000000,1248539.38
12,lpush5,1000000,827867.56
12,lrange5,1000000,1218221.75
13,lpush5,1000000,811714.31
13,lrange5,1000000,1234765.38
14,lpush5,1000000,813008.12
14,lrange5,1000000,1228638.75
15,lpush5,1000000,813021.12
15,lrange5,1000000,1230012.25
16,lpush5,1000000,805268.94
16,lrange5,1000000,1222650.38
17,lpush5,1000000,811753.25
17,lrange5,1000000,1253132.88
18,lpush5,1000000,809087.44
18,lrange5,1000000,1162827.88
19,lpush5,1000000,807793.19
19,lrange5,1000000,1212315.12
20,lpush5,1000000,813721.75
20,lrange5,1000000,1191933.25
21,lpush5,1000000,799360.50
21,lrange5,1000000,1239316.00
22,lpush5,1000000,803961.44
22,lrange5,1000000,1239177.25
23,lpush5,1000000,819027.06
23,lrange5,1000000,1234785.12
24,lpush5,1000000,815660.69
24,lrange5,1000000,1231586.25
25,lpush5,1000000,805256.06
25,lrange5,1000000,1222572.12
26,lpush5,1000000,813034.12
26,lrange5,1000000,1223990.25
27,lpush5,1000000,799424.44
27,lrange5,1000000,1224068.62
28,lpush5,1000000,811042.94
28,lrange5,1000000,1242355.25
29,lpush5,1000000,819000.88
29,lrange5,1000000,1222591.62
30,lpush5,1000000,811146.75
30,lrange5,1000000,1221177.00
31,lpush5,1000000,808472.12
31,lrange5,1000000,1236093.88
32,lpush5,1000000,813099.19
32,lrange5,1000000,1225666.75
33,lpush5,1000000,816378.75
33,lrange5,1000000,1251824.75
34,lpush5,1000000,816391.81
34,lrange5,1000000,1228619.12
35,lpush5,1000000,815699.88
35,lrange5,1000000,1224205.62
36,lpush5,1000000,810424.69
36,lrange5,1000000,1224127.38
37,lpush5,1000000,814332.19
37,lrange5,1000000,1230150.00
38,lpush5,1000000,809061.50
38,lrange5,1000000,1233045.62
39,lpush5,1000000,811068.94
39,lrange5,1000000,1225647.12
40,lpush5,1000000,809165.06
40,lrange5,1000000,1222630.75
41,lpush5,1000000,819750.81
41,lrange5,1000000,1221001.25
42,lpush5,1000000,815022.00
42,lrange5,1000000,1246902.75
43,lpush5,1000000,809807.25
43,lrange5,1000000,1060445.38
44,lpush5,1000000,780056.19
44,lrange5,1000000,1231586.25
45,lpush5,1000000,813008.12
45,lrange5,1000000,1237702.88
46,lpush5,1000000,809794.31
46,lrange5,1000000,1230228.75
47,lpush5,1000000,819763.94
47,lrange5,1000000,1233203.50
48,lpush5,1000000,812516.69
48,lrange5,1000000,1236192.75
49,lpush5,1000000,809152.12
49,lrange5,1000000,1240833.75
50,lpush5,1000000,810476.50
50,lrange5,1000000,1251584.50
51,lpush5,1000000,815074.19
51,lrange5,1000000,1239157.38
52,lpush5,1000000,810372.81
52,lrange5,1000000,1237762.38
53,lpush5,1000000,823855.06
53,lrange5,1000000,1213631.12
54,lpush5,1000000,817006.56
54,lrange5,1000000,1230169.75
55,lpush5,1000000,814995.94
55,lrange5,1000000,1239335.88
56,lpush5,1000000,782647.88
56,lrange5,1000000,1215202.88
57,lpush5,1000000,811146.75
57,lrange5,1000000,1233085.12
58,lpush5,1000000,810437.62
58,lrange5,1000000,1233203.50
59,lpush5,1000000,805840.44
59,lrange5,1000000,1213669.88
60,lpush5,1000000,811120.81
60,lrange5,1000000,1246922.75
61,lpush5,1000000,819053.25
61,lrange5,1000000,1207864.75
62,lpush5,1000000,796812.75
62,lrange5,1000000,1227033.12
63,lpush5,1000000,816352.62
63,lrange5,1000000,1227209.88
64,lpush5,1000000,802645.25
64,lrange5,1000000,1234567.88
65,lpush5,1000000,811030.00
65,lrange5,1000000,1225666.75
66,lpush5,1000000,808407.44
66,lrange5,1000000,1215125.12
67,lpush5,1000000,814332.19
67,lrange5,1000000,1228520.88
68,lpush5,1000000,786163.56
68,lrange5,1000000,1234903.75
69,lpush5,1000000,809139.19
69,lrange5,1000000,1227033.12
70,lpush5,1000000,797537.50
70,lrange5,1000000,1210711.88
71,lpush5,1000000,821745.25
71,lrange5,1000000,1219531.75
72,lpush5,1000000,806490.31
72,lrange5,1000000,1231586.25
73,lpush5,1000000,815061.12
73,lrange5,1000000,1204838.62
74,lpush5,1000000,810398.75
74,lrange5,1000000,1207826.12
75,lpush5,1000000,815686.81
75,lrange5,1000000,1239296.12
76,lpush5,1000000,812451.69
76,lrange5,1000000,1192104.88
77,lpush5,1000000,815061.12
77,lrange5,1000000,1242395.00
78,lpush5,1000000,813669.69
78,lrange5,1000000,1228520.88
79,lpush5,1000000,814345.25
79,lrange5,1000000,1222552.50
80,lpush5,1000000,817739.94
80,lrange5,1000000,1236489.50
81,lpush5,1000000,810489.50
81,lrange5,1000000,1207729.50
82,lpush5,1000000,817779.19
82,lrange5,1000000,1222572.12
83,lpush5,1000000,812503.69
83,lrange5,1000000,1224107.75
84,lpush5,1000000,803302.81
84,lrange5,1000000,1189269.88
85,lpush5,1000000,805930.69
85,lrange5,1000000,1183564.50
86,lpush5,1000000,817779.19
86,lrange5,1000000,1197604.88
87,lpush5,1000000,809126.25
87,lrange5,1000000,1222630.75
88,lpush5,1000000,816483.25
88,lrange5,1000000,1240734.50
89,lpush5,1000000,810372.81
89,lrange5,1000000,1233282.38
90,lpush5,1000000,812347.75
90,lrange5,1000000,1247022.50
91,lpush5,1000000,815178.50
91,lrange5,1000000,1234587.62
92,lpush5,1000000,815830.38
92,lrange5,1000000,1230268.12
93,lpush5,1000000,817019.62
93,lrange5,1000000,1237683.12
94,lpush5,1000000,810385.75
94,lrange5,1000000,1242255.88
95,lpush5,1000000,820436.44
95,lrange5,1000000,1243920.38
96,lpush5,1000000,815100.25
96,lrange5,1000000,1222767.75
97,lpush5,1000000,811779.25
97,lrange5,1000000,1239335.88
98,lpush5,1000000,809126.25
98,lrange5,1000000,1225490.25
99,lpush5,1000000,785608.81
99,lrange5,1000000,1209209.12
100,lpush5,1000000,818330.62
100,lrange5,1000000,1225745.12
101,lpush5,1000000,824494.62
101,lrange5,1000000,1236093.88
102,lpush5,1000000,805827.50
102,lrange5,1000000,1231546.88
103,lpush5,1000000,822368.44
103,lrange5,1000000,1237742.50
104,lpush5,1000000,809113.31
104,lrange5,1000000,1237722.75
105,lpush5,1000000,815843.44
105,lrange5,1000000,1230189.38
106,lpush5,1000000,804530.94
106,lrange5,1000000,1146880.75
107,lpush5,1000000,789341.75
107,lrange5,1000000,1239296.12
108,lpush5,1000000,812438.69
108,lrange5,1000000,1219609.75
109,lpush5,1000000,813008.12
109,lrange5,1000000,1240754.38
110,lpush5,1000000,813073.19
110,lrange5,1000000,1216603.38
111,lpush5,1000000,810450.56
111,lrange5,1000000,1221001.25
112,lpush5,1000000,815087.19
112,lrange5,1000000,1234627.12
113,lpush5,1000000,811081.88
113,lrange5,1000000,1194991.62
114,lpush5,1000000,809781.38
114,lrange5,1000000,1251724.62
115,lpush5,1000000,815726.00
115,lrange5,1000000,1234607.38
116,lpush5,1000000,808485.06
116,lrange5,1000000,1237643.50
117,lpush5,1000000,807793.19
117,lrange5,1000000,1210866.88
118,lpush5,1000000,813008.12
118,lrange5,1000000,1221040.25
119,lpush5,1000000,790513.81
119,lrange5,1000000,1173727.75
120,lpush5,1000000,774055.69
120,lrange5,1000000,1123613.50
121,lpush5,1000000,773993.75
121,lrange5,1000000,1185099.50
122,lpush5,1000000,802581.00
122,lrange5,1000000,1216622.88
123,lpush5,1000000,801937.44
123,lrange5,1000000,1219512.25
124,lpush5,1000000,809729.56
124,lrange5,1000000,1224068.62
125,lpush5,1000000,810437.62
125,lrange5,1000000,1237742.50
126,lpush5,1000000,813008.12
126,lrange5,1000000,1233124.50
127,lpush5,1000000,806541.94
127,lrange5,1000000,1219765.88
128,lpush5,1000000,786176.12
128,lrange5,1000000,1219590.25
129,lpush5,1000000,808407.44
129,lrange5,1000000,1207826.12
130,lpush5,1000000,796851.00
130,lrange5,1000000,1205108.50
131,lpush5,1000000,793135.56
131,lrange5,1000000,1218104.75
132,lpush5,1000000,811766.25
132,lrange5,1000000,1212140.62
133,lpush5,1000000,791803.62
133,lrange5,1000000,1250200.00
134,lpush5,1000000,815048.06
134,lrange5,1000000,1228540.50
135,lpush5,1000000,808407.44
135,lrange5,1000000,1208038.62
136,lpush5,1000000,807102.50
136,lrange5,1000000,1245409.75
137,lpush5,1000000,809846.12
137,lrange5,1000000,1218163.25
138,lpush5,1000000,809229.81
138,lrange5,1000000,1218221.75
139,lpush5,1000000,818330.62
139,lrange5,1000000,1248539.38
140,lpush5,1000000,800000.00
140,lrange5,1000000,1248439.50
141,lpush5,1000000,813747.75
141,lrange5,1000000,1246902.75
142,lpush5,1000000,795544.94
142,lrange5,1000000,1165519.88
143,lpush5,1000000,813021.12
143,lrange5,1000000,1236291.75
144,lpush5,1000000,819118.81
144,lrange5,1000000,1239177.25
145,lpush5,1000000,810450.56
145,lrange5,1000000,1189212.88
146,lpush5,1000000,793034.06
146,lrange5,1000000,1218026.88
147,lpush5,1000000,807806.12
147,lrange5,1000000,1222493.88
148,lpush5,1000000,814397.38
148,lrange5,1000000,1210886.25
149,lpush5,1000000,809820.25
149,lrange5,1000000,1230012.25
150,lpush5,1000000,817045.75
150,lrange5,1000000,1240833.75
151,lpush5,1000000,814995.94
151,lrange5,1000000,1233262.62
152,lpush5,1000000,791189.81
152,lrange5,1000000,1227033.12
153,lpush5,1000000,822447.38
153,lrange5,1000000,1224107.75
154,lpush5,1000000,809061.50
154,lrange5,1000000,1233144.25
155,lpush5,1000000,817753.06
155,lrange5,1000000,1233104.88
156,lpush5,1000000,791202.50
156,lrange5,1000000,1209344.62
157,lpush5,1000000,780093.62
157,lrange5,1000000,1222826.38
158,lpush5,1000000,807857.81
158,lrange5,1000000,1234587.62
159,lpush5,1000000,809126.25
159,lrange5,1000000,1239276.38
160,lpush5,1000000,816431.00
160,lrange5,1000000,1231704.50
161,lpush5,1000000,811727.25
161,lrange5,1000000,1228619.12
162,lpush5,1000000,807283.31
162,lrange5,1000000,1246902.75
163,lpush5,1000000,807180.00
163,lrange5,1000000,1227092.00
164,lpush5,1000000,808485.06
164,lrange5,1000000,1225745.12
165,lpush5,1000000,813086.19
165,lrange5,1000000,1231527.12
166,lpush5,1000000,805853.31
166,lrange5,1000000,1216798.00
167,lpush5,1000000,805204.50
167,lrange5,1000000,1239375.50
168,lpush5,1000000,813073.19
168,lrange5,1000000,1236133.50
169,lpush5,1000000,812438.69
169,lrange5,1000000,1239355.62
170,lpush5,1000000,811727.25
170,lrange5,1000000,1234706.12
171,lpush5,1000000,803264.25
171,lrange5,1000000,1222572.12
172,lpush5,1000000,804543.81
172,lrange5,1000000,1222709.00
173,lpush5,1000000,810463.56
173,lrange5,1000000,1234567.88
174,lpush5,1000000,813669.69
174,lrange5,1000000,1200576.25
175,lpush5,1000000,785042.38
175,lrange5,1000000,1233124.50
176,lpush5,1000000,808588.50
176,lrange5,1000000,1203369.50
177,lpush5,1000000,801950.31
177,lrange5,1000000,1225705.88
178,lpush5,1000000,813838.94
178,lrange5,1000000,1224009.88
179,lpush5,1000000,814384.31
179,lrange5,1000000,1184872.12
180,lpush5,1000000,811042.94
180,lrange5,1000000,1230189.38
181,lpush5,1000000,807857.81
181,lrange5,1000000,1203581.25
182,lpush5,1000000,808420.38
182,lrange5,1000000,1213941.75
183,lpush5,1000000,807128.38
183,lrange5,1000000,1197719.75
184,lpush5,1000000,796191.06
184,lrange5,1000000,1243820.88
185,lpush5,1000000,786882.75
185,lrange5,1000000,1175106.88
186,lpush5,1000000,800704.56
186,lrange5,1000000,1210711.88
187,lpush5,1000000,809820.25
187,lrange5,1000000,1236113.75
188,lpush5,1000000,808433.31
188,lrange5,1000000,1224186.12
189,lpush5,1000000,810437.62
189,lrange5,1000000,1219843.88
190,lpush5,1000000,812464.69
190,lrange5,1000000,1212121.25
191,lpush5,1000000,809126.25
191,lrange5,1000000,1225764.75
192,lpush5,1000000,811740.25
192,lrange5,1000000,1234765.38
193,lpush5,1000000,808472.12
193,lrange5,1000000,1213669.88
194,lpush5,1000000,783097.94
194,lrange5,1000000,1193565.62
195,lpush5,1000000,820344.56
195,lrange5,1000000,1231586.25
196,lpush5,1000000,804518.06
196,lrange5,1000000,1210789.38
197,lpush5,1000000,817700.69
197,lrange5,1000000,1216700.75
198,lpush5,1000000,802619.56
198,lrange5,1000000,1230091.00
199,lpush5,1000000,805879.06
199,lrange5,1000000,1186239.62
200,lpush5,1000000,805191.62
200,lrange5,1000000,1227092.00
201,lpush5,1000000,807754.44
201,lrange5,1000000,1236291.75
202,lpush5,1000000,809742.50
202,lrange5,1000000,1221138.00
203,lpush5,1000000,808549.75
203,lrange5,1000000,1234627.12
204,lpush5,1000000,809755.44
204,lrange5,1000000,1246902.75
205,lpush5,1000000,811107.81
205,lrange5,1000000,1213592.25
206,lpush5,1000000,805827.50
206,lrange5,1000000,1212198.75
207,lpush5,1000000,806490.31
207,lrange5,1000000,1230091.00
208,lpush5,1000000,811120.81
208,lrange5,1000000,1224244.88
209,lpush5,1000000,810398.75
209,lrange5,1000000,1213631.12
210,lpush5,1000000,814397.38
210,lrange5,1000000,1197873.12
211,lpush5,1000000,787452.00
211,lrange5,1000000,1225666.75
212,lpush5,1000000,806619.38
212,lrange5,1000000,1203562.00
213,lpush5,1000000,798849.88
213,lrange5,1000000,1230051.62
214,lpush5,1000000,800012.81
214,lrange5,1000000,1197643.12
215,lpush5,1000000,813734.75
215,lrange5,1000000,1225666.75
216,lpush5,1000000,803884.25
216,lrange5,1000000,1236173.00
217,lpush5,1000000,810372.81
217,lrange5,1000000,1207922.75
218,lpush5,1000000,811688.31
218,lrange5,1000000,1233045.62
219,lpush5,1000000,813695.69
219,lrange5,1000000,1219570.75
220,lpush5,1000000,811688.31
220,lrange5,1000000,1194857.75
221,lpush5,1000000,811688.31
221,lrange5,1000000,1213844.62
222,lpush5,1000000,810411.69
222,lrange5,1000000,1228678.12
223,lpush5,1000000,798084.56
223,lrange5,1000000,1236252.12
224,lpush5,1000000,813799.88
224,lrange5,1000000,1219570.75
225,lpush5,1000000,790551.81
225,lrange5,1000000,1246962.62
226,lpush5,1000000,788719.25
226,lrange5,1000000,1212140.62
227,lpush5,1000000,813008.12
227,lrange5,1000000,1203465.75
228,lpush5,1000000,803884.25
228,lrange5,1000000,1204819.25
229,lpush5,1000000,799386.06
229,lrange5,1000000,1227033.12
230,lpush5,1000000,801950.31
230,lrange5,1000000,1230032.00
231,lpush5,1000000,804621.06
231,lrange5,1000000,1230209.12
232,lpush5,1000000,810398.75
232,lrange5,1000000,1231586.25
233,lpush5,1000000,808472.12
233,lrange5,1000000,1231684.75
234,lpush5,1000000,789316.50
234,lrange5,1000000,1218299.62
235,lpush5,1000000,802568.19
235,lrange5,1000000,1218026.88
236,lpush5,1000000,807115.44
236,lrange5,1000000,1228638.75
237,lpush5,1000000,809729.56
237,lrange5,1000000,1207729.50
238,lpush5,1000000,807806.12
238,lrange5,1000000,1225549.00
239,lpush5,1000000,813086.19
239,lrange5,1000000,1233045.62
240,lpush5,1000000,807128.38
240,lrange5,1000000,1213650.50
241,lpush5,1000000,812386.69
241,lrange5,1000000,1237663.38
242,lpush5,1000000,810437.62
242,lrange5,1000000,1218124.25
243,lpush5,1000000,802581.00
243,lrange5,1000000,1224029.38
244,lpush5,1000000,815739.00
244,lrange5,1000000,1231625.62
245,lpush5,1000000,819724.56
245,lrange5,1000000,1237663.38
246,lpush5,1000000,811753.25
246,lrange5,1000000,1218299.62
247,lpush5,1000000,801924.62
247,lrange5,1000000,1221079.38
248,lpush5,1000000,807780.25
248,lrange5,1000000,1227033.12
249,lpush5,1000000,815843.44
249,lrange5,1000000,1210886.25
250,lpush5,1000000,812399.69
250,lrange5,1000000,1206291.88
251,lpush5,1000000,806503.25
251,lrange5,1000000,1233262.62
252,lpush5,1000000,814488.56
252,lrange5,1000000,1222591.62
253,lpush5,1000000,814423.44
253,lrange5,1000000,1233183.75
254,lpush5,1000000,815126.31
254,lrange5,1000000,1213611.62
255,lpush5,1000000,808549.75
255,lrange5,1000000,1224146.88
256,lpush5,1000000,809113.31
256,lrange5,1000000,1218026.88
257,lpush5,1000000,797537.50
257,lrange5,1000000,1225705.88
258,lpush5,1000000,817739.94
258,lrange5,1000000,1230032.00
259,lpush5,1000000,801423.06
259,lrange5,1000000,1216661.75
260,lpush5,1000000,806529.00
260,lrange5,1000000,1225627.50
261,lpush5,1000000,807128.38
261,lrange5,1000000,1231586.25
262,lpush5,1000000,807180.00
262,lrange5,1000000,1218143.75
263,lpush5,1000000,811030.00
263,lrange5,1000000,1213669.88
264,lpush5,1000000,807909.50
264,lrange5,1000000,1225509.88
265,lpush5,1000000,807141.25
265,lrange5,1000000,1242275.75
266,lpush5,1000000,815008.94
266,lrange5,1000000,1216720.12
267,lpush5,1000000,805840.44
267,lrange5,1000000,1233124.50
268,lpush5,1000000,810437.62
268,lrange5,1000000,1236093.88
269,lpush5,1000000,807857.81
269,lrange5,1000000,1192200.25
270,lpush5,1000000,813008.12
270,lrange5,1000000,1231527.12
271,lpush5,1000000,808472.12
271,lrange5,1000000,1200691.50
272,lpush5,1000000,805879.06
272,lrange5,1000000,1245389.88
273,lpush5,1000000,810489.50
273,lrange5,1000000,1222572.12
274,lpush5,1000000,801397.44
274,lrange5,1000000,1209247.88
275,lpush5,1000000,809742.50
275,lrange5,1000000,1242275.75
276,lpush5,1000000,807831.94
276,lrange5,1000000,1240754.38
277,lpush5,1000000,818422.25
277,lrange5,1000000,1233262.62
278,lpush5,1000000,817753.06
278,lrange5,1000000,1240774.25
279,lpush5,1000000,811055.94
279,lrange5,1000000,1250140.00
280,lpush5,1000000,813669.69
280,lrange5,1000000,1234706.12
281,lpush5,1000000,809742.50
281,lrange5,1000000,1218026.88
282,lpush5,1000000,812490.69
282,lrange5,1000000,1202000.00
283,lpush5,1000000,821031.19
283,lrange5,1000000,1209209.12
284,lpush5,1000000,806490.31
284,lrange5,1000000,1240754.38
285,lpush5,1000000,814410.38
285,lrange5,1000000,1233124.50
286,lpush5,1000000,808588.50
286,lrange5,1000000,1209286.50
287,lpush5,1000000,819000.88
287,lrange5,1000000,1219804.88
288,lpush5,1000000,822434.25
288,lrange5,1000000,1210828.12
289,lpush5,1000000,811276.56
289,lrange5,1000000,1245469.50
290,lpush5,1000000,812373.69
290,lrange5,1000000,1213631.12
291,lpush5,1000000,815008.94
291,lrange5,1000000,1213747.62
292,lpush5,1000000,816417.94
292,lrange5,1000000,1237722.75
293,lpush5,1000000,815660.69
293,lrange5,1000000,1233183.75
294,lpush5,1000000,812399.69
294,lrange5,1000000,1239236.75
295,lpush5,1000000,817674.56
295,lrange5,1000000,1218026.88
296,lpush5,1000000,811055.94
296,lrange5,1000000,1225549.00
297,lpush5,1000000,815778.19
297,lrange5,1000000,1222591.62
298,lpush5,1000000,816404.88
298,lrange5,1000000,1230091.00
299,lpush5,1000000,818356.81
299,lrange5,1000000,1209228.50
300,lpush5,1000000,798122.88
300,lrange5,1000000,1191990.50
301,lpush5,1000000,803238.56
301,lrange5,1000000,1256301.50
302,lpush5,1000000,816352.62
302,lrange5,1000000,1213728.12
303,lpush5,1000000,803948.56
303,lrange5,1000000,1233144.25
304,lpush5,1000000,794925.25
304,lrange5,1000000,1240694.75
305,lpush5,1000000,817006.56
305,lrange5,1000000,1228638.75
306,lpush5,1000000,808446.25
306,lrange5,1000000,1240694.75
307,lpush5,1000000,794344.75
307,lrange5,1000000,1224264.38
308,lpush5,1000000,816417.94
308,lrange5,1000000,1225784.38
309,lpush5,1000000,817713.81
309,lrange5,1000000,1239177.25
310,lpush5,1000000,815100.25
310,lrange5,1000000,1230209.12
311,lpush5,1000000,802568.19
311,lrange5,1000000,1225725.50
312,lpush5,1000000,812412.69
312,lrange5,1000000,1222513.38
313,lpush5,1000000,810372.81
313,lrange5,1000000,1243920.38
314,lpush5,1000000,816326.50
314,lrange5,1000000,1246942.62
315,lpush5,1000000,784313.75
315,lrange5,1000000,1227052.75
316,lpush5,1000000,814384.31
316,lrange5,1000000,1242395.00
317,lpush5,1000000,809113.31
317,lrange5,1000000,1224166.50
318,lpush5,1000000,809139.19
318,lrange5,1000000,1237663.38
319,lpush5,1000000,811030.00
319,lrange5,1000000,1231783.25
320,lpush5,1000000,805879.06
320,lrange5,1000000,1240694.75
321,lpush5,1000000,807154.19
321,lrange5,1000000,1219531.75
322,lpush5,1000000,804530.94
322,lrange5,1000000,1222493.88
323,lpush5,1000000,807128.38
323,lrange5,1000000,1202057.62
324,lpush5,1000000,818409.19
324,lrange5,1000000,1233144.25
325,lpush5,1000000,804646.81
325,lrange5,1000000,1201980.75
326,lpush5,1000000,815022.00
326,lrange5,1000000,1221079.38
327,lpush5,1000000,807767.31
327,lrange5,1000000,1202076.88
328,lpush5,1000000,809859.12
328,lrange5,1000000,1221079.38
329,lpush5,1000000,812373.69
329,lrange5,1000000,1189136.75
330,lpush5,1000000,810372.81
330,lrange5,1000000,1219512.25
331,lpush5,1000000,809165.06
331,lrange5,1000000,969116.31
332,lpush5,1000000,816431.00
332,lrange5,1000000,1206446.38
333,lpush5,1000000,794912.56
333,lrange5,1000000,1234706.12
334,lpush5,1000000,815712.94
334,lrange5,1000000,1224225.25
335,lpush5,1000000,810372.81
335,lrange5,1000000,1219746.38
336,lpush5,1000000,809191.00
336,lrange5,1000000,1216622.88
337,lpush5,1000000,811753.25
337,lrange5,1000000,1233242.88
338,lpush5,1000000,814358.25
338,lrange5,1000000,1212121.25
339,lpush5,1000000,816339.56
339,lrange5,1000000,1225686.25
340,lpush5,1000000,811753.25
340,lrange5,1000000,1218104.75
341,lpush5,1000000,810541.38
341,lrange5,1000000,1199424.50
342,lpush5,1000000,806567.75
342,lrange5,1000000,1205147.00
343,lpush5,1000000,819105.69
343,lrange5,1000000,1224049.00
344,lpush5,1000000,805840.44
344,lrange5,1000000,1221059.88
345,lpush5,1000000,804543.81
345,lrange5,1000000,1219531.75
346,lpush5,1000000,796927.50
346,lrange5,1000000,1231527.12
347,lpush5,1000000,802581.00
347,lrange5,1000000,1218065.75
348,lpush5,1000000,816352.62
348,lrange5,1000000,1226993.88
349,lpush5,1000000,817085.00
349,lrange5,1000000,1239276.38
350,lpush5,1000000,814995.94
350,lrange5,1000000,1233164.00
351,lpush5,1000000,811030.00
351,lrange5,1000000,1227033.12
352,lpush5,1000000,807180.00
352,lrange5,1000000,1246962.62
353,lpush5,1000000,812386.69
353,lrange5,1000000,1240853.62
354,lpush5,1000000,816365.69
354,lrange5,1000000,1237623.75
355,lpush5,1000000,803858.56
355,lrange5,1000000,1237821.75
356,lpush5,1000000,810372.81
356,lrange5,1000000,1225960.75
357,lpush5,1000000,810476.50
357,lrange5,1000000,1224166.50
358,lpush5,1000000,808433.31
358,lrange5,1000000,1226993.88
359,lpush5,1000000,799411.62
359,lrange5,1000000,1228678.12
360,lpush5,1000000,808407.44
360,lrange5,1000000,1222591.62
361,lpush5,1000000,798122.88
361,lrange5,1000000,1227111.62
362,lpush5,1000000,816378.75
362,lrange5,1000000,1242295.62
363,lpush5,1000000,814384.31
363,lrange5,1000000,1236291.75
364,lpush5,1000000,810450.56
364,lrange5,1000000,1213650.50
365,lpush5,1000000,809781.38
365,lrange5,1000000,1222611.25
366,lpush5,1000000,803858.56
366,lrange5,1000000,1209209.12
367,lpush5,1000000,811792.19
367,lrange5,1000000,1237762.38
368,lpush5,1000000,809846.12
368,lrange5,1000000,1233242.88
369,lpush5,1000000,806464.50
369,lrange5,1000000,1222513.38
370,lpush5,1000000,815048.06
370,lrange5,1000000,1219512.25
371,lpush5,1000000,813138.19
371,lrange5,1000000,1221098.88
372,lpush5,1000000,802593.88
372,lrange5,1000000,1242355.25
373,lpush5,1000000,817713.81
373,lrange5,1000000,1248439.50
374,lpush5,1000000,811159.75
374,lrange5,1000000,1234706.12
375,lpush5,1000000,803302.81
375,lrange5,1000000,1231704.50
376,lpush5,1000000,809846.12
376,lrange5,1000000,1243960.12
377,lpush5,1000000,798785.94
377,lrange5,1000000,1206272.62
378,lpush5,1000000,810463.56
378,lrange5,1000000,1234706.12
379,lpush5,1000000,813825.88
379,lrange5,1000000,1230071.25
380,lpush5,1000000,818330.62
380,lrange5,1000000,1218182.75
381,lpush5,1000000,814345.25
381,lrange5,1000000,1234725.88
382,lpush5,1000000,813669.69
382,lrange5,1000000,1202153.88
383,lpush5,1000000,811030.00
383,lrange5,1000000,1230012.25
384,lpush5,1000000,813073.19
384,lrange5,1000000,1240714.62
385,lpush5,1000000,809742.50
385,lrange5,1000000,1234627.12
386,lpush5,1000000,805853.31
386,lrange5,1000000,1227033.12
387,lpush5,1000000,817661.44
387,lrange5,1000000,1231606.00
388,lpush5,1000000,813021.12
388,lrange5,1000000,1243920.38
389,lpush5,1000000,816365.69
389,lrange5,1000000,1243781.12
390,lpush5,1000000,811068.94
390,lrange5,1000000,1228579.88
391,lpush5,1000000,801924.62
391,lrange5,1000000,1233104.88
392,lpush5,1000000,814332.19
392,lrange5,1000000,1236232.38
393,lpush5,1000000,815686.81
393,lrange5,1000000,1200537.75
394,lpush5,1000000,803251.38
394,lrange5,1000000,1228619.12
395,lpush5,1000000,810411.69
395,lrange5,1000000,1243840.75
396,lpush5,1000000,801937.44
396,lrange5,1000000,1216564.38
397,lpush5,1000000,817700.69
397,lrange5,1000000,1250160.00
398,lpush5,1000000,817019.62
398,lrange5,1000000,1240794.00
399,lpush5,1000000,813138.19
399,lrange5,1000000,1239236.75
400,lpush5,1000000,817006.56
400,lrange5,1000000,1210770.00
401,lpush5,1000000,809178.06
401,lrange5,1000000,1234725.88
402,lpush5,1000000,809755.44
402,lrange5,1000000,1242255.88
403,lpush5,1000000,811818.19
403,lrange5,1000000,1209499.38
404,lpush5,1000000,814345.25
404,lrange5,1000000,1219668.25
405,lpush5,1000000,814371.31
405,lrange5,1000000,1206349.88
406,lpush5,1000000,810398.75
406,lrange5,1000000,1245469.50
407,lpush5,1000000,815739.00
407,lrange5,1000000,1237643.50
408,lpush5,1000000,819000.88
408,lrange5,1000000,1242335.38
409,lpush5,1000000,807102.50
409,lrange5,1000000,1215066.75
410,lpush5,1000000,811740.25
410,lrange5,1000000,1206504.25
411,lpush5,1000000,807154.19
411,lrange5,1000000,1234844.50
412,lpush5,1000000,790041.06
412,lrange5,1000000,1247102.25
413,lpush5,1000000,815035.06
413,lrange5,1000000,1221040.25
414,lpush5,1000000,813708.75
414,lrange5,1000000,1233045.62
415,lpush5,1000000,817098.06
415,lrange5,1000000,1219512.25
416,lpush5,1000000,810450.56
416,lrange5,1000000,1233124.50
417,lpush5,1000000,809152.12
417,lrange5,1000000,1228579.88
418,lpush5,1000000,808433.31
418,lrange5,1000000,1213844.62
419,lpush5,1000000,813099.19
419,lrange5,1000000,1227092.00
420,lpush5,1000000,813734.75
420,lrange5,1000000,1236113.75
421,lpush5,1000000,809100.38
421,lrange5,1000000,1253253.12
422,lpush5,1000000,811714.31
422,lrange5,1000000,1233065.38
423,lpush5,1000000,819000.88
423,lrange5,1000000,1248479.38
424,lpush5,1000000,808498.00
424,lrange5,1000000,1242414.88
425,lpush5,1000000,813682.69
425,lrange5,1000000,1233361.25
426,lpush5,1000000,815022.00
426,lrange5,1000000,1246902.75
427,lpush5,1000000,820344.56
427,lrange5,1000000,1243801.00
428,lpush5,1000000,811688.31
428,lrange5,1000000,1240794.00
429,lpush5,1000000,815712.94
429,lrange5,1000000,1237643.50
430,lpush5,1000000,807780.25
430,lrange5,1000000,1219570.75
431,lpush5,1000000,809846.12
431,lrange5,1000000,1233242.88
432,lpush5,1000000,817058.81
432,lrange5,1000000,1231645.38
433,lpush5,1000000,811068.94
433,lrange5,1000000,1225529.38
434,lpush5,1000000,815673.75
434,lrange5,1000000,1233045.62
435,lpush5,1000000,809139.19
435,lrange5,1000000,1218085.25
436,lpush5,1000000,820423.31
436,lrange5,1000000,1242395.00
437,lpush5,1000000,813086.19
437,lrange5,1000000,1243801.00
438,lpush5,1000000,808510.94
438,lrange5,1000000,1195010.75
439,lpush5,1000000,803910.00
439,lrange5,1000000,1212140.62
440,lpush5,1000000,813073.19
440,lrange5,1000000,1215125.12
441,lpush5,1000000,823841.88
441,lrange5,1000000,1251784.75
442,lpush5,1000000,811727.25
442,lrange5,1000000,1219531.75
443,lpush5,1000000,805866.19
443,lrange5,1000000,1225529.38
444,lpush5,1000000,813708.75
444,lrange5,1000000,1216622.88
445,lpush5,1000000,803251.38
445,lrange5,1000000,1213650.50
446,lpush5,1000000,807218.75
446,lrange5,1000000,1227249.12
447,lpush5,1000000,805892.00
447,lrange5,1000000,1230032.00
448,lpush5,1000000,798110.12
448,lrange5,1000000,1237702.88
449,lpush5,1000000,812373.69
449,lrange5,1000000,1219590.25
450,lpush5,1000000,808446.25
450,lrange5,1000000,1225529.38
451,lpush5,1000000,809061.50
451,lrange5,1000000,1226993.88
452,lpush5,1000000,809859.12
452,lrange5,1000000,1204819.25
453,lpush5,1000000,803935.69
453,lrange5,1000000,1237643.50
454,lpush5,1000000,807754.44
454,lrange5,1000000,1180656.38
455,lpush5,1000000,810476.50
455,lrange5,1000000,1239256.50
456,lpush5,1000000,815152.38
456,lrange5,1000000,1227111.62
457,lpush5,1000000,808459.19
457,lrange5,1000000,1237782.12
458,lpush5,1000000,814371.31
458,lrange5,1000000,1230150.00
459,lpush5,1000000,807831.94
459,lrange5,1000000,1231566.50
460,lpush5,1000000,809191.00
460,lrange5,1000000,1239435.00
461,lpush5,1000000,814436.44
461,lrange5,1000000,1237722.75
462,lpush5,1000000,814397.38
462,lrange5,1000000,1228540.50
463,lpush5,1000000,811701.31
463,lrange5,1000000,1227111.62
464,lpush5,1000000,809794.31
464,lrange5,1000000,1250020.00
465,lpush5,1000000,814423.44
465,lrange5,1000000,1237801.88
466,lpush5,1000000,810463.56
466,lrange5,1000000,1234706.12
467,lpush5,1000000,811081.88
467,lrange5,1000000,1245589.12
468,lpush5,1000000,815739.00
468,lrange5,1000000,1230032.00
469,lpush5,1000000,817032.69
469,lrange5,1000000,1219512.25
470,lpush5,1000000,805866.19
470,lrange5,1000000,1231684.75
471,lpush5,1000000,813021.12
471,lrange5,1000000,1242236.00
472,lpush5,1000000,794912.56
472,lrange5,1000000,1243801.00
473,lpush5,1000000,809074.50
473,lrange5,1000000,1240794.00
474,lpush5,1000000,809729.56
474,lrange5,1000000,1219512.25
475,lpush5,1000000,814332.19
475,lrange5,1000000,1210711.88
476,lpush5,1000000,821719.00
476,lrange5,1000000,1239157.38
477,lpush5,1000000,819027.06
477,lrange5,1000000,1234567.88
478,lpush5,1000000,807754.44
478,lrange5,1000000,1213631.12
479,lpush5,1000000,811753.25
479,lrange5,1000000,1212121.25
480,lpush5,1000000,809152.12
480,lrange5,1000000,1230150.00
481,lpush5,1000000,811740.25
481,lrange5,1000000,1248519.38
482,lpush5,1000000,817032.69
482,lrange5,1000000,1233144.25
483,lpush5,1000000,814397.38
483,lrange5,1000000,1228501.25
484,lpush5,1000000,805827.50
484,lrange5,1000000,1224166.50
485,lpush5,1000000,819672.12
485,lrange5,1000000,1245449.62
486,lpush5,1000000,806567.75
486,lrange5,1000000,1239335.88
487,lpush5,1000000,811107.81
487,lrange5,1000000,1219512.25
488,lpush5,1000000,811146.75
488,lrange5,1000000,1225549.00
489,lpush5,1000000,815165.44
489,lrange5,1000000,1189079.62
490,lpush5,1000000,813125.19
490,lrange5,1000000,1243801.00
491,lpush5,1000000,806619.38
491,lrange5,1000000,1236153.25
492,lpush5,1000000,809820.25
492,lrange5,1000000,1236232.38
493,lpush5,1000000,811740.25
493,lrange5,1000000,1228579.88
494,lpush5,1000000,817674.56
494,lrange5,1000000,1247162.12
495,lpush5,1000000,820449.56
495,lrange5,1000000,1246902.75
496,lpush5,1000000,823749.62
496,lrange5,1000000,1230268.12
497,lpush5,1000000,815165.44
497,lrange5,1000000,1243900.50
498,lpush5,1000000,807793.19
498,lrange5,1000000,1225745.12
499,lpush5,1000000,815699.88
499,lrange5,1000000,1215164.00
500,lpush5,1000000,790589.75
500,lrange5,1000000,1230051.62
501,lpush5,1000000,811753.25
501,lrange5,1000000,1245569.12
502,lpush5,1000000,805256.06
502,lrange5,1000000,1239197.00
503,lpush5,1000000,800140.81
503,lrange5,1000000,1234844.50
504,lpush5,1000000,803328.50
504,lrange5,1000000,1240913.12
505,lpush5,1000000,813708.75
505,lrange5,1000000,1228599.50
506,lpush5,1000000,807948.25
506,lrange5,1000000,1230091.00
507,lpush5,1000000,811688.31
507,lrange5,1000000,1225490.25
508,lpush5,1000000,807754.44
508,lrange5,1000000,1234567.88
509,lpush5,1000000,813060.12
509,lrange5,1000000,1243801.00
510,lpush5,1000000,802606.69
510,lrange5,1000000,1227190.25
511,lpush5,1000000,817019.62
511,lrange5,1000000,1236252.12
512,lpush5,1000000,813773.81
512,lrange5,1000000,1231606.00
513,lpush5,1000000,807102.50
513,lrange5,1000000,1227111.62
514,lpush5,1000000,813812.88
514,lrange5,1000000,1227209.88
515,lpush5,1000000,806464.50
515,lrange5,1000000,1219551.25
516,lpush5,1000000,809716.56
516,lrange5,1000000,1215164.00
517,lpush5,1000000,797512.00
517,lrange5,1000000,1237702.88
518,lpush5,1000000,809113.31
518,lrange5,1000000,1231566.50
519,lpush5,1000000,813773.81
519,lrange5,1000000,1228501.25
520,lpush5,1000000,811055.94
520,lrange5,1000000,1246902.75
521,lpush5,1000000,817176.50
521,lrange5,1000000,1213611.62
522,lpush5,1000000,816339.56
522,lrange5,1000000,1227013.50
523,lpush5,1000000,813060.12
523,lrange5,1000000,1245688.75
524,lpush5,1000000,811792.19
524,lrange5,1000000,1216545.00
525,lpush5,1000000,809087.44
525,lrange5,1000000,1236271.88
526,lpush5,1000000,815035.06
526,lrange5,1000000,1242375.12
527,lpush5,1000000,811185.69
527,lrange5,1000000,1230110.62
528,lpush5,1000000,807180.00
528,lrange5,1000000,1224186.12
529,lpush5,1000000,809152.12
529,lrange5,1000000,1225509.88
530,lpush5,1000000,807754.44
530,lrange5,1000000,1248599.25
531,lpush5,1000000,802670.94
531,lrange5,1000000,1219707.38
532,lpush5,1000000,797460.94
532,lrange5,1000000,1234686.38
533,lpush5,1000000,809074.50
533,lrange5,1000000,1231724.12
534,lpush5,1000000,811701.31
534,lrange5,1000000,1242295.62
535,lpush5,1000000,820357.69
535,lrange5,1000000,1237821.75
536,lpush5,1000000,815061.12
536,lrange5,1000000,1242653.38
537,lpush5,1000000,814397.38
537,lrange5,1000000,1228540.50
538,lpush5,1000000,817006.56
538,lrange5,1000000,1253132.88
539,lpush5,1000000,815686.81
539,lrange5,1000000,1219629.25
540,lpush5,1000000,815660.69
540,lrange5,1000000,1240694.75
541,lpush5,1000000,816431.00
541,lrange5,1000000,1222493.88
542,lpush5,1000000,812347.75
542,lrange5,1000000,1218065.75
543,lpush5,1000000,819053.25
543,lrange5,1000000,1206272.62
544,lpush5,1000000,809781.38
544,lrange5,1000000,1228796.00
545,lpush5,1000000,787515.00
545,lrange5,1000000,1227111.62
546,lpush5,1000000,801282.06
546,lrange5,1000000,1242236.00
547,lpush5,1000000,813073.19
547,lrange5,1000000,1224068.62
548,lpush5,1000000,809061.50
548,lrange5,1000000,1228501.25
549,lpush5,1000000,819000.88
549,lrange5,1000000,1212373.38
550,lpush5,1000000,816378.75
550,lrange5,1000000,1237683.12
551,lpush5,1000000,812438.69
551,lrange5,1000000,1215377.88
552,lpush5,1000000,811030.00
552,lrange5,1000000,1237683.12
553,lpush5,1000000,799360.50
553,lrange5,1000000,1218163.25
554,lpush5,1000000,811701.31
554,lrange5,1000000,1242395.00
555,lpush5,1000000,803379.94
555,lrange5,1000000,1212315.12
556,lpush5,1000000,813034.12
556,lrange5,1000000,1215086.25
557,lpush5,1000000,815712.94
557,lrange5,1000000,1221001.25
558,lpush5,1000000,801937.44
558,lrange5,1000000,1227052.75
559,lpush5,1000000,813008.12
559,lrange5,1000000,1230071.25
560,lpush5,1000000,814410.38
560,lrange5,1000000,1202000.00
561,lpush5,1000000,813021.12
561,lrange5,1000000,1219590.25
562,lpush5,1000000,805904.88
562,lrange5,1000000,1230012.25
563,lpush5,1000000,808446.25
563,lrange5,1000000,1222493.88
564,lpush5,1000000,810424.69
564,lrange5,1000000,1228501.25
565,lpush5,1000000,811714.31
565,lrange5,1000000,1222493.88
566,lpush5,1000000,805230.31
566,lrange5,1000000,1234666.62
567,lpush5,1000000,801975.94
567,lrange5,1000000,1224166.50
568,lpush5,1000000,814462.50
568,lrange5,1000000,1216583.88
569,lpush5,1000000,809807.25
569,lrange5,1000000,1234706.12
570,lpush5,1000000,813734.75
570,lrange5,1000000,1231546.88
571,lpush5,1000000,814475.56
571,lrange5,1000000,1218026.88
572,lpush5,1000000,804582.44
572,lrange5,1000000,1206272.62
573,lpush5,1000000,808459.19
573,lrange5,1000000,1230012.25
574,lpush5,1000000,812373.69
574,lrange5,1000000,1213747.62
575,lpush5,1000000,803225.69
575,lrange5,1000000,1237663.38
576,lpush5,1000000,813669.69
576,lrange5,1000000,1203485.00
577,lpush5,1000000,809755.44
577,lrange5,1000000,1236271.88
578,lpush5,1000000,807115.44
578,lrange5,1000000,1231763.62
579,lpush5,1000000,798785.94
579,lrange5,1000000,1250260.00
580,lpush5,1000000,817766.12
580,lrange5,1000000,1248539.38
581,lpush5,1000000,808562.69
581,lrange5,1000000,1224127.38
582,lpush5,1000000,788694.00
582,lrange5,1000000,1234646.88
583,lpush5,1000000,805281.81
583,lrange5,1000000,1246922.75
584,lpush5,1000000,815152.38
584,lrange5,1000000,1233203.50
585,lpush5,1000000,812347.75
585,lrange5,1000000,1228579.88
586,lpush5,1000000,816470.19
586,lrange5,1000000,1224186.12
587,lpush5,1000000,811055.94
587,lrange5,1000000,1207845.38
588,lpush5,1000000,816535.50
588,lrange5,1000000,1231724.12
589,lpush5,1000000,803251.38
589,lrange5,1000000,1237782.12
590,lpush5,1000000,814995.94
590,lrange5,1000000,1221138.00
591,lpush5,1000000,805384.88
591,lrange5,1000000,1225509.88
592,lpush5,1000000,810398.75
592,lrange5,1000000,1215164.00
593,lpush5,1000000,818383.00
593,lrange5,1000000,1240714.62
594,lpush5,1000000,817019.62
594,lrange5,1000000,1243820.88
595,lpush5,1000000,811030.00
595,lrange5,1000000,1231606.00
596,lpush5,1000000,809074.50
596,lrange5,1000000,1242236.00
597,lpush5,1000000,813099.19
597,lrange5,1000000,1239177.25
598,lpush5,1000000,817071.94
598,lrange5,1000000,1242375.12
599,lpush5,1000000,817085.00
599,lrange5,1000000,1233065.38
600,lpush5,1000000,809807.25
600,lrange5,1000000,1231704.50
601,lpush5,1000000,807831.94
601,lrange5,1000000,1218143.75
602,lpush5,1000000,809846.12
602,lrange5,1000000,1202096.12
603,lpush5,1000000,825777.06
603,lrange5,1000000,1225549.00
604,lpush5,1000000,813086.19
604,lrange5,1000000,1248699.12
605,lpush5,1000000,810437.62
605,lrange5,1000000,1253193.00
606,lpush5,1000000,800679.00
606,lrange5,1000000,1199271.00
607,lpush5,1000000,805904.88
607,lrange5,1000000,1234607.38
608,lpush5,1000000,815074.19
608,lrange5,1000000,1234706.12
609,lpush5,1000000,809191.00
609,lrange5,1000000,1242494.38
610,lpush5,1000000,814358.25
610,lrange5,1000000,1228501.25
611,lpush5,1000000,807767.31
611,lrange5,1000000,1233262.62
612,lpush5,1000000,808420.38
612,lrange5,1000000,1248599.25
613,lpush5,1000000,816993.50
613,lrange5,1000000,1206427.00
614,lpush5,1000000,807102.50
614,lrange5,1000000,1230169.75
615,lpush5,1000000,809755.44
615,lrange5,1000000,1225529.38
616,lpush5,1000000,813086.19
616,lrange5,1000000,1242414.88
617,lpush5,1000000,807819.06
617,lrange5,1000000,1243801.00
618,lpush5,1000000,804608.19
618,lrange5,1000000,1228678.12
619,lpush5,1000000,806503.25
619,lrange5,1000000,1222533.00
620,lpush5,1000000,753012.06
620,lrange5,1000000,1103788.00
621,lpush5,1000000,788694.00
621,lrange5,1000000,1240754.38
622,lpush5,1000000,811831.19
622,lrange5,1000000,1233538.88
623,lpush5,1000000,807754.44
623,lrange5,1000000,1230051.62
624,lpush5,1000000,808472.12
624,lrange5,1000000,1218280.12
625,lpush5,1000000,813695.69
625,lrange5,1000000,1221020.75
626,lpush5,1000000,809229.81
626,lrange5,1000000,1225568.62
627,lpush5,1000000,804582.44
627,lrange5,1000000,1219668.25
628,lpush5,1000000,809768.44
628,lrange5,1000000,1218124.25
629,lpush5,1000000,819685.25
629,lrange5,1000000,1230169.75
630,lpush5,1000000,808575.56
630,lrange5,1000000,1224107.75
631,lpush5,1000000,807257.50
631,lrange5,1000000,1231625.62
632,lpush5,1000000,811779.25
632,lrange5,1000000,1237643.50
633,lpush5,1000000,815074.19
633,lrange5,1000000,1254845.62
634,lpush5,1000000,813073.19
634,lrange5,1000000,1221059.88
635,lpush5,1000000,809781.38
635,lrange5,1000000,1234646.88
636,lpush5,1000000,811766.25
636,lrange5,1000000,1236252.12
637,lpush5,1000000,809139.19
637,lrange5,1000000,1228501.25
638,lpush5,1000000,817045.75
638,lrange5,1000000,1236212.62
639,lpush5,1000000,805217.38
639,lrange5,1000000,1245330.00
640,lpush5,1000000,804505.19
640,lrange5,1000000,1228579.88
641,lpush5,1000000,781985.88
641,lrange5,1000000,1234567.88
642,lpush5,1000000,819131.88
642,lrange5,1000000,1207826.12
643,lpush5,1000000,811818.19
643,lrange5,1000000,1231527.12
644,lpush5,1000000,814345.25
644,lrange5,1000000,1245350.00
645,lpush5,1000000,811792.19
645,lrange5,1000000,1236232.38
646,lpush5,1000000,809716.56
646,lrange5,1000000,1225568.62
647,lpush5,1000000,815074.19
647,lrange5,1000000,1202057.62
648,lpush5,1000000,811740.25
648,lrange5,1000000,1234567.88
649,lpush5,1000000,817045.75
649,lrange5,1000000,1236133.50
650,lpush5,1000000,806645.12
650,lrange5,1000000,1236252.12
651,lpush5,1000000,815660.69
651,lrange5,1000000,1236093.88
652,lpush5,1000000,814345.25
652,lrange5,1000000,1233085.12
653,lpush5,1000000,811081.88
653,lrange5,1000000,1245449.62
654,lpush5,1000000,811753.25
654,lrange5,1000000,1212179.38
655,lpush5,1000000,816391.81
655,lrange5,1000000,1253273.25
656,lpush5,1000000,816339.56
656,lrange5,1000000,1231546.88
657,lpush5,1000000,814436.44
657,lrange5,1000000,1237683.12
658,lpush5,1000000,817032.69
658,lrange5,1000000,1213844.62
659,lpush5,1000000,818369.88
659,lrange5,1000000,1231527.12
660,lpush5,1000000,812373.69
660,lrange5,1000000,1243960.12
661,lpush5,1000000,809820.25
661,lrange5,1000000,1245449.62
662,lpush5,1000000,811133.81
662,lrange5,1000000,1228560.12
663,lpush5,1000000,810372.81
663,lrange5,1000000,1242255.88
664,lpush5,1000000,815686.81
664,lrange5,1000000,1227013.50
665,lpush5,1000000,809061.50
665,lrange5,1000000,1222533.00
666,lpush5,1000000,818383.00
666,lrange5,1000000,1242395.00
667,lpush5,1000000,803858.56
667,lrange5,1000000,1212179.38
668,lpush5,1000000,823071.56
668,lrange5,1000000,1206349.88
669,lpush5,1000000,810450.56
669,lrange5,1000000,1223990.25
670,lpush5,1000000,801294.88
670,lrange5,1000000,1221098.88
671,lpush5,1000000,807180.00
671,lrange5,1000000,1233144.25
672,lpush5,1000000,816326.50
672,lrange5,1000000,1245469.50
673,lpush5,1000000,802632.38
673,lrange5,1000000,1234666.62
674,lpush5,1000000,809742.50
674,lrange5,1000000,1239177.25
675,lpush5,1000000,805191.62
675,lrange5,1000000,1204935.00
676,lpush5,1000000,812412.69
676,lrange5,1000000,1234587.62
677,lpush5,1000000,810437.62
677,lrange5,1000000,1243781.12
678,lpush5,1000000,809781.38
678,lrange5,1000000,1231566.50
679,lpush5,1000000,809113.31
679,lrange5,1000000,1225549.00
680,lpush5,1000000,812464.69
680,lrange5,1000000,1228874.62
681,lpush5,1000000,809191.00
681,lrange5,1000000,1227190.25
682,lpush5,1000000,818396.06
682,lrange5,1000000,1218163.25
683,lpush5,1000000,811714.31
683,lrange5,1000000,1225529.38
684,lpush5,1000000,811740.25
684,lrange5,1000000,1222689.50
685,lpush5,1000000,810424.69
685,lrange5,1000000,1206291.88
686,lpush5,1000000,817674.56
686,lrange5,1000000,1228894.38
687,lpush5,1000000,813786.81
687,lrange5,1000000,1245389.88
688,lpush5,1000000,799411.62
688,lrange5,1000000,1240754.38
689,lpush5,1000000,807141.25
689,lrange5,1000000,1231527.12
690,lpush5,1000000,800666.19
690,lrange5,1000000,1219551.25
691,lpush5,1000000,809216.88
691,lrange5,1000000,1242454.62
692,lpush5,1000000,810489.50
692,lrange5,1000000,1228579.88
693,lpush5,1000000,811766.25
693,lrange5,1000000,1233124.50
694,lpush5,1000000,808446.25
694,lrange5,1000000,1233144.25
695,lpush5,1000000,814488.56
695,lrange5,1000000,1245449.62
696,lpush5,1000000,812412.69
696,lrange5,1000000,1216856.38
697,lpush5,1000000,805801.75
697,lrange5,1000000,1231546.88
698,lpush5,1000000,810372.81
698,lrange5,1000000,1227229.50
699,lpush5,1000000,804505.19
699,lrange5,1000000,1222552.50
700,lpush5,1000000,815022.00
700,lrange5,1000000,1218085.25
701,lpush5,1000000,815712.94
701,lrange5,1000000,1237643.50
702,lpush5,1000000,808446.25
702,lrange5,1000000,1225588.25
703,lpush5,1000000,809742.50
703,lrange5,1000000,1228737.12
704,lpush5,1000000,807896.56
704,lrange5,1000000,1218085.25
705,lpush5,1000000,807167.12
705,lrange5,1000000,1239157.38
706,lpush5,1000000,813164.19
706,lrange5,1000000,1223990.25
707,lpush5,1000000,810385.75
707,lrange5,1000000,1221431.00
708,lpush5,1000000,814436.44
708,lrange5,1000000,1233183.75
709,lpush5,1000000,805879.06
709,lrange5,1000000,1225568.62
710,lpush5,1000000,817661.44
710,lrange5,1000000,1237861.38
711,lpush5,1000000,816457.12
711,lrange5,1000000,1236469.75
712,lpush5,1000000,810411.69
712,lrange5,1000000,1227131.25
713,lpush5,1000000,805153.00
713,lrange5,1000000,1227013.50
714,lpush5,1000000,812360.69
714,lrange5,1000000,1228697.75
715,lpush5,1000000,807844.88
715,lrange5,1000000,1221001.25
716,lpush5,1000000,811701.31
716,lrange5,1000000,1218046.38
717,lpush5,1000000,803225.69
717,lrange5,1000000,1231783.25
718,lpush5,1000000,777654.75
718,lrange5,1000000,1196267.88
719,lpush5,1000000,806477.44
719,lrange5,1000000,1210711.88
720,lpush5,1000000,819672.12
720,lrange5,1000000,1222552.50
721,lpush5,1000000,804608.19
721,lrange5,1000000,1212140.62
722,lpush5,1000000,793110.19
722,lrange5,1000000,1201942.25
723,lpush5,1000000,805191.62
723,lrange5,1000000,1203523.50
724,lpush5,1000000,812412.69
724,lrange5,1000000,1219570.75
725,lpush5,1000000,806464.50
725,lrange5,1000000,1233085.12
726,lpush5,1000000,814345.25
726,lrange5,1000000,1225823.50
727,lpush5,1000000,801448.69
727,lrange5,1000000,1221098.88
728,lpush5,1000000,805153.00
728,lrange5,1000000,1228697.75
729,lpush5,1000000,809087.44
729,lrange5,1000000,1224146.88
730,lpush5,1000000,823124.25
730,lrange5,1000000,1236093.88
731,lpush5,1000000,812347.75
731,lrange5,1000000,1218182.75
732,lpush5,1000000,811714.31
732,lrange5,1000000,1247042.38
733,lpush5,1000000,808420.38
733,lrange5,1000000,1236093.88
734,lpush5,1000000,803897.12
734,lrange5,1000000,1216778.50
735,lpush5,1000000,803225.69
735,lrange5,1000000,1236410.38
736,lpush5,1000000,816326.50
736,lrange5,1000000,1210770.00
737,lpush5,1000000,808536.81
737,lrange5,1000000,1228619.12
738,lpush5,1000000,807231.69
738,lrange5,1000000,1219687.88
739,lpush5,1000000,811081.88
739,lrange5,1000000,1200710.62
740,lpush5,1000000,813138.19
740,lrange5,1000000,1236311.50
741,lpush5,1000000,805153.00
741,lrange5,1000000,1225490.25
742,lpush5,1000000,805814.62
742,lrange5,1000000,1215105.75
743,lpush5,1000000,809716.56
743,lrange5,1000000,1203562.00
744,lpush5,1000000,809165.06
744,lrange5,1000000,1231586.25
745,lpush5,1000000,809087.44
745,lrange5,1000000,1216642.25
746,lpush5,1000000,801397.44
746,lrange5,1000000,1224166.50
747,lpush5,1000000,801975.94
747,lrange5,1000000,1209422.00
748,lpush5,1000000,806554.81
748,lrange5,1000000,1219570.75
749,lpush5,1000000,809216.88
749,lrange5,1000000,1219609.75
750,lpush5,1000000,817045.75
750,lrange5,1000000,1218046.38
751,lpush5,1000000,811081.88
751,lrange5,1000000,1224009.88
752,lpush5,1000000,816993.50
752,lrange5,1000000,1206272.62
753,lpush5,1000000,810476.50
753,lrange5,1000000,1228540.50
754,lpush5,1000000,809100.38
754,lrange5,1000000,1240853.62
755,lpush5,1000000,800102.38
755,lrange5,1000000,1218299.62
756,lpush5,1000000,811030.00
756,lrange5,1000000,1228501.25
757,lpush5,1000000,801988.81
757,lrange5,1000000,1240694.75
758,lpush5,1000000,796203.81
758,lrange5,1000000,1215280.62
759,lpush5,1000000,798250.56
759,lrange5,1000000,1224107.75
760,lpush5,1000000,804505.19
760,lrange5,1000000,1248619.25
761,lpush5,1000000,800653.38
761,lrange5,1000000,1209286.50
762,lpush5,1000000,801435.88
762,lrange5,1000000,1219531.75
763,lpush5,1000000,804518.06
763,lrange5,1000000,1196287.00
764,lpush5,1000000,809833.19
764,lrange5,1000000,1242236.00
765,lpush5,1000000,805892.00
765,lrange5,1000000,1218104.75
766,lpush5,1000000,806606.44
766,lrange5,1000000,1228501.25
767,lpush5,1000000,809100.38
767,lrange5,1000000,1228638.75
768,lpush5,1000000,814423.44
768,lrange5,1000000,1221235.62
769,lpush5,1000000,811688.31
769,lrange5,1000000,1210653.75
770,lpush5,1000000,802581.00
770,lrange5,1000000,1234646.88
771,lpush5,1000000,795595.88
771,lrange5,1000000,1218065.75
772,lpush5,1000000,807192.94
772,lrange5,1000000,1216681.25
773,lpush5,1000000,807154.19
773,lrange5,1000000,1240813.88
774,lpush5,1000000,806516.12
774,lrange5,1000000,1215358.38
775,lpush5,1000000,813021.12
775,lrange5,1000000,1228579.88
776,lpush5,1000000,811701.31
776,lrange5,1000000,1219512.25
777,lpush5,1000000,819079.50
777,lrange5,1000000,1213650.50
778,lpush5,1000000,812360.69
778,lrange5,1000000,1236232.38
779,lpush5,1000000,809191.00
779,lrange5,1000000,1223990.25
780,lpush5,1000000,815008.94
780,lrange5,1000000,1219512.25
781,lpush5,1000000,815712.94
781,lrange5,1000000,1199271.00
782,lpush5,1000000,792456.44
782,lrange5,1000000,1233262.62
783,lpush5,1000000,799360.50
783,lrange5,1000000,1228501.25
784,lpush5,1000000,816483.25
784,lrange5,1000000,1236173.00
785,lpush5,1000000,813099.19
785,lrange5,1000000,1242395.00
786,lpush5,1000000,805904.88
786,lrange5,1000000,1221001.25
787,lpush5,1000000,815008.94
787,lrange5,1000000,1233124.50
788,lpush5,1000000,811120.81
788,lrange5,1000000,1246982.62
789,lpush5,1000000,811107.81
789,lrange5,1000000,1237762.38
790,lpush5,1000000,813734.75
790,lrange5,1000000,1240853.62
791,lpush5,1000000,812360.69
791,lrange5,1000000,1237821.75
792,lpush5,1000000,794950.69
792,lrange5,1000000,1242395.00
793,lpush5,1000000,801294.88
793,lrange5,1000000,1224029.38
794,lpush5,1000000,815035.06
794,lrange5,1000000,1242315.50
795,lpush5,1000000,813034.12
795,lrange5,1000000,1199232.62
796,lpush5,1000000,817098.06
796,lrange5,1000000,1251744.62
797,lpush5,1000000,811081.88
797,lrange5,1000000,1213611.62
798,lpush5,1000000,815765.12
798,lrange5,1000000,1240794.00
799,lpush5,1000000,807844.88
799,lrange5,1000000,1247102.25
800,lpush5,1000000,809768.44
800,lrange5,1000000,1234646.88
801,lpush5,1000000,814397.38
801,lrange5,1000000,1234607.38
802,lpush5,1000000,816993.50
802,lrange5,1000000,1231803.00
803,lpush5,1000000,816404.88
803,lrange5,1000000,1231743.88
804,lpush5,1000000,813682.69
804,lrange5,1000000,1221059.88
805,lpush5,1000000,807806.12
805,lrange5,1000000,1209305.88
806,lpush5,1000000,803948.56
806,lrange5,1000000,1239395.38
807,lpush5,1000000,811805.19
807,lrange5,1000000,1190647.62
808,lpush5,1000000,813734.75
808,lrange5,1000000,1187857.50
809,lpush5,1000000,783148.06
809,lrange5,1000000,1206388.38
810,lpush5,1000000,782497.62
810,lrange5,1000000,1162790.62
811,lpush5,1000000,778816.19
811,lrange5,1000000,1227190.25
812,lpush5,1000000,809165.06
812,lrange5,1000000,1245409.75
813,lpush5,1000000,811688.31
813,lrange5,1000000,1247162.12
814,lpush5,1000000,807819.06
814,lrange5,1000000,1221059.88
815,lpush5,1000000,807205.81
815,lrange5,1000000,1224107.75
816,lpush5,1000000,813034.12
816,lrange5,1000000,1223990.25
817,lpush5,1000000,814358.25
817,lrange5,1000000,1259586.88
818,lpush5,1000000,807780.25
818,lrange5,1000000,1247102.25
819,lpush5,1000000,815022.00
819,lrange5,1000000,1225509.88
820,lpush5,1000000,807141.25
820,lrange5,1000000,1213786.38
821,lpush5,1000000,815087.19
821,lrange5,1000000,1200480.12
822,lpush5,1000000,809191.00
822,lrange5,1000000,1256381.88
823,lpush5,1000000,815726.00
823,lrange5,1000000,1248479.38
824,lpush5,1000000,810372.81
824,lrange5,1000000,1246942.62
825,lpush5,1000000,809126.25
825,lrange5,1000000,1206465.62
826,lpush5,1000000,809061.50
826,lrange5,1000000,1201961.50
827,lpush5,1000000,811792.19
827,lrange5,1000000,1228697.75
828,lpush5,1000000,809716.56
828,lrange5,1000000,1242255.88
829,lpush5,1000000,816444.06
829,lrange5,1000000,1221118.38
830,lpush5,1000000,816352.62
830,lrange5,1000000,1196382.75
831,lpush5,1000000,804038.62
831,lrange5,1000000,1194743.12
832,lpush5,1000000,806503.25
832,lrange5,1000000,1221118.38
833,lpush5,1000000,811068.94
833,lrange5,1000000,1218143.75
834,lpush5,1000000,804505.19
834,lrange5,1000000,1206272.62
835,lpush5,1000000,803225.69
835,lrange5,1000000,1197643.12
836,lpush5,1000000,810385.75
836,lrange5,1000000,1225568.62
837,lpush5,1000000,811146.75
837,lrange5,1000000,1231803.00
838,lpush5,1000000,809100.38
838,lrange5,1000000,1230110.62
839,lpush5,1000000,808459.19
839,lrange5,1000000,1242375.12
840,lpush5,1000000,812412.69
840,lrange5,1000000,1225764.75
841,lpush5,1000000,813164.19
841,lrange5,1000000,1218065.75
842,lpush5,1000000,802645.25
842,lrange5,1000000,1227209.88
843,lpush5,1000000,810424.69
843,lrange5,1000000,1212160.00
844,lpush5,1000000,792595.88
844,lrange5,1000000,1242236.00
845,lpush5,1000000,801410.25
845,lrange5,1000000,1230051.62
846,lpush5,1000000,807780.25
846,lrange5,1000000,1225666.75
847,lpush5,1000000,808420.38
847,lrange5,1000000,1219531.75
848,lpush5,1000000,817006.56
848,lrange5,1000000,1206272.62
849,lpush5,1000000,804038.62
849,lrange5,1000000,1248439.50
850,lpush5,1000000,809755.44
850,lrange5,1000000,1227033.12
851,lpush5,1000000,809768.44
851,lrange5,1000000,1228737.12
852,lpush5,1000000,813125.19
852,lrange5,1000000,1210770.00
853,lpush5,1000000,810411.69
853,lrange5,1000000,1236093.88
854,lpush5,1000000,802670.94
854,lrange5,1000000,1212179.38
855,lpush5,1000000,816404.88
855,lrange5,1000000,1216545.00
856,lpush5,1000000,803289.94
856,lrange5,1000000,1224186.12
857,lpush5,1000000,817687.62
857,lrange5,1000000,1250020.00
858,lpush5,1000000,819737.69
858,lrange5,1000000,1248539.38
859,lpush5,1000000,811107.81
859,lrange5,1000000,1192143.00
860,lpush5,1000000,811714.31
860,lrange5,1000000,1206311.25
861,lpush5,1000000,809716.56
861,lrange5,1000000,1236252.12
862,lpush5,1000000,810372.81
862,lrange5,1000000,1215164.00
863,lpush5,1000000,805892.00
863,lrange5,1000000,1183450.88
864,lpush5,1000000,811792.19
864,lrange5,1000000,1228697.75
865,lpush5,1000000,807128.38
865,lrange5,1000000,1225568.62
866,lpush5,1000000,808407.44
866,lrange5,1000000,1228579.88
867,lpush5,1000000,811753.25
867,lrange5,1000000,1230051.62
868,lpush5,1000000,808420.38
868,lrange5,1000000,1203485.00
869,lpush5,1000000,797524.75
869,lrange5,1000000,1222611.25
870,lpush5,1000000,814995.94
870,lrange5,1000000,1243781.12
871,lpush5,1000000,810372.81
871,lrange5,1000000,1240893.25
872,lpush5,1000000,813799.88
872,lrange5,1000000,1233223.25
873,lpush5,1000000,814397.38
873,lrange5,1000000,1224088.12
874,lpush5,1000000,801358.94
874,lrange5,1000000,1240774.25
875,lpush5,1000000,805230.31
875,lrange5,1000000,1234587.62
876,lpush5,1000000,812503.69
876,lrange5,1000000,1243781.12
877,lpush5,1000000,807767.31
877,lrange5,1000000,1212179.38
878,lpush5,1000000,807793.19
878,lrange5,1000000,1224244.88
879,lpush5,1000000,816417.94
879,lrange5,1000000,1231684.75
880,lpush5,1000000,821083.69
880,lrange5,1000000,1218085.25
881,lpush5,1000000,809820.25
881,lrange5,1000000,1234706.12
882,lpush5,1000000,808433.31
882,lrange5,1000000,1227131.25
883,lpush5,1000000,807754.44
883,lrange5,1000000,1236331.25
884,lpush5,1000000,807831.94
884,lrange5,1000000,1242414.88
885,lpush5,1000000,807806.12
885,lrange5,1000000,1240794.00
886,lpush5,1000000,815752.06
886,lrange5,1000000,1242434.75
887,lpush5,1000000,820370.81
887,lrange5,1000000,1228717.38
888,lpush5,1000000,807115.44
888,lrange5,1000000,1231625.62
889,lpush5,1000000,807754.44
889,lrange5,1000000,1228501.25
890,lpush5,1000000,807167.12
890,lrange5,1000000,1231783.25
891,lpush5,1000000,803264.25
891,lrange5,1000000,1215105.75
892,lpush5,1000000,804595.31
892,lrange5,1000000,1244119.38
893,lpush5,1000000,804518.06
893,lrange5,1000000,1231606.00
894,lpush5,1000000,819777.00
894,lrange5,1000000,1212257.00
895,lpush5,1000000,816391.81
895,lrange5,1000000,1231625.62
896,lpush5,1000000,815712.94
896,lrange5,1000000,1251604.50
897,lpush5,1000000,809716.56
897,lrange5,1000000,1227072.38
898,lpush5,1000000,810476.50
898,lrange5,1000000,1239256.50
899,lpush5,1000000,821136.25
899,lrange5,1000000,1242514.25
900,lpush5,1000000,813047.12
900,lrange5,1000000,1245389.88
901,lpush5,1000000,813047.12
901,lrange5,1000000,1233242.88
902,lpush5,1000000,819079.50
902,lrange5,1000000,1222689.50
903,lpush5,1000000,814995.94
903,lrange5,1000000,1218085.25
904,lpush5,1000000,806529.00
904,lrange5,1000000,1216583.88
905,lpush5,1000000,811688.31
905,lrange5,1000000,1233065.38
906,lpush5,1000000,816470.19
906,lrange5,1000000,1210673.12
907,lpush5,1000000,813721.75
907,lrange5,1000000,1221079.38
908,lpush5,1000000,804595.31
908,lrange5,1000000,994035.75
909,lpush5,1000000,819698.31
909,lrange5,1000000,1234587.62
910,lpush5,1000000,810437.62
910,lrange5,1000000,1218260.62
911,lpush5,1000000,813073.19
911,lrange5,1000000,1245549.25
912,lpush5,1000000,811094.88
912,lrange5,1000000,1224088.12
913,lpush5,1000000,810372.81
913,lrange5,1000000,1245409.75
914,lpush5,1000000,807412.44
914,lrange5,1000000,1227190.25
915,lpush5,1000000,816352.62
915,lrange5,1000000,1225686.25
916,lpush5,1000000,814384.31
916,lrange5,1000000,1222552.50
917,lpush5,1000000,813760.81
917,lrange5,1000000,1228501.25
918,lpush5,1000000,811055.94
918,lrange5,1000000,1237722.75
919,lpush5,1000000,817006.56
919,lrange5,1000000,1233085.12
920,lpush5,1000000,812360.69
920,lrange5,1000000,1233203.50
921,lpush5,1000000,813112.19
921,lrange5,1000000,1215105.75
922,lpush5,1000000,811133.81
922,lrange5,1000000,1242275.75
923,lpush5,1000000,815739.00
923,lrange5,1000000,1239197.00
924,lpush5,1000000,796838.25
924,lrange5,1000000,1234567.88
925,lpush5,1000000,815778.19
925,lrange5,1000000,1245409.75
926,lpush5,1000000,811030.00
926,lrange5,1000000,1231763.62
927,lpush5,1000000,813669.69
927,lrange5,1000000,1225509.88
928,lpush5,1000000,808459.19
928,lrange5,1000000,1243781.12
929,lpush5,1000000,814332.19
929,lrange5,1000000,1236271.88
930,lpush5,1000000,817674.56
930,lrange5,1000000,1227150.88
931,lpush5,1000000,814358.25
931,lrange5,1000000,1242474.50
932,lpush5,1000000,807844.88
932,lrange5,1000000,1216661.75
933,lpush5,1000000,812373.69
933,lrange5,1000000,1224088.12
934,lpush5,1000000,813008.12
934,lrange5,1000000,1224205.62
935,lpush5,1000000,797588.56
935,lrange5,1000000,1218221.75
936,lpush5,1000000,815778.19
936,lrange5,1000000,1242494.38
937,lpush5,1000000,807870.75
937,lrange5,1000000,1228737.12
938,lpush5,1000000,813021.12
938,lrange5,1000000,1226993.88
939,lpush5,1000000,813799.88
939,lrange5,1000000,1222767.75
940,lpush5,1000000,813086.19
940,lrange5,1000000,1237623.75
941,lpush5,1000000,817713.81
941,lrange5,1000000,1245330.00
942,lpush5,1000000,786819.81
942,lrange5,1000000,1221020.75
943,lpush5,1000000,804518.06
943,lrange5,1000000,1204992.75
944,lpush5,1000000,815830.38
944,lrange5,1000000,1228737.12
945,lpush5,1000000,817045.75
945,lrange5,1000000,1245409.75
946,lpush5,1000000,816378.75
946,lrange5,1000000,1234567.88
947,lpush5,1000000,809178.06
947,lrange5,1000000,1234686.38
948,lpush5,1000000,818487.75
948,lrange5,1000000,1234686.38
949,lpush5,1000000,814384.31
949,lrange5,1000000,1222650.38
950,lpush5,1000000,814332.19
950,lrange5,1000000,1228579.88
951,lpush5,1000000,813047.12
951,lrange5,1000000,1219746.38
952,lpush5,1000000,809716.56
952,lrange5,1000000,1246882.88
953,lpush5,1000000,815778.19
953,lrange5,1000000,1230209.12
954,lpush5,1000000,808562.69
954,lrange5,1000000,1233045.62
955,lpush5,1000000,821771.56
955,lrange5,1000000,1233282.38
956,lpush5,1000000,815022.00
956,lrange5,1000000,1227170.50
957,lpush5,1000000,774055.69
957,lrange5,1000000,1231743.88
958,lpush5,1000000,813786.81
958,lrange5,1000000,1216583.88
959,lpush5,1000000,811740.25
959,lrange5,1000000,1245369.88
960,lpush5,1000000,809191.00
960,lrange5,1000000,1215261.25
961,lpush5,1000000,815817.31
961,lrange5,1000000,1219551.25
962,lpush5,1000000,800025.62
962,lrange5,1000000,1236173.00
963,lpush5,1000000,798722.06
963,lrange5,1000000,1222669.88
964,lpush5,1000000,798161.19
964,lrange5,1000000,1234627.12
965,lpush5,1000000,814371.31
965,lrange5,1000000,1212160.00
966,lpush5,1000000,811030.00
966,lrange5,1000000,1237742.50
967,lpush5,1000000,800000.00
967,lrange5,1000000,1240933.00
968,lpush5,1000000,812373.69
968,lrange5,1000000,1240952.88
969,lpush5,1000000,817019.62
969,lrange5,1000000,1230032.00
970,lpush5,1000000,812347.75
970,lrange5,1000000,1236331.25
971,lpush5,1000000,806451.62
971,lrange5,1000000,1234646.88
972,lpush5,1000000,814397.38
972,lrange5,1000000,1225686.25
973,lpush5,1000000,807180.00
973,lrange5,1000000,1204819.25
974,lpush5,1000000,803858.56
974,lrange5,1000000,1231586.25
975,lpush5,1000000,813734.75
975,lrange5,1000000,1209305.88
976,lpush5,1000000,807767.31
976,lrange5,1000000,1201942.25
977,lpush5,1000000,814995.94
977,lrange5,1000000,1227072.38
978,lpush5,1000000,803354.19
978,lrange5,1000000,1218026.88
979,lpush5,1000000,805904.88
979,lrange5,1000000,1227033.12
980,lpush5,1000000,816391.81
980,lrange5,1000000,1167029.12
981,lpush5,1000000,775857.25
981,lrange5,1000000,1189079.62
982,lpush5,1000000,808472.12
982,lrange5,1000000,1240734.50
983,lpush5,1000000,807754.44
983,lrange5,1000000,1221040.25
984,lpush5,1000000,815739.00
984,lrange5,1000000,1213805.88
985,lpush5,1000000,816391.81
985,lrange5,1000000,1216622.88
986,lpush5,1000000,802040.12
986,lrange5,1000000,1242255.88
987,lpush5,1000000,807819.06
987,lrange5,1000000,1209305.88
988,lpush5,1000000,785621.38
988,lrange5,1000000,1226993.88
989,lpush5,1000000,819066.38
989,lrange5,1000000,1242375.12
990,lpush5,1000000,809716.56
990,lrange5,1000000,1228599.50
991,lpush5,1000000,810528.38
991,lrange5,1000000,1213592.25
992,lpush5,1000000,803277.12
992,lrange5,1000000,1243980.12
993,lpush5,1000000,800000.00
993,lrange5,1000000,1213592.25
994,lpush5,1000000,813151.19
994,lrange5,1000000,1206369.12
995,lpush5,1000000,814345.25
995,lrange5,1000000,1230012.25
996,lpush5,1000000,811701.31
996,lrange5,1000000,1228619.12
997,lpush5,1000000,808420.38
997,lrange5,1000000,1218241.25
998,lpush5,1000000,816352.62
998,lrange5,1000000,1239454.75
999,lpush5,1000000,808407.44
999,lrange5,1000000,1212276.38
1000,lpush5,1000000,808459.19
1000,lrange5,1000000,1213902.88
1001,lpush5,1000000,798097.38
1001,lrange5,1000000,1222630.75
1002,lpush5,1000000,807857.81
1002,lrange5,1000000,1219531.75
1003,lpush5,1000000,789316.50
1003,lrange5,1000000,1230012.25
1004,lpush5,1000000,807844.88
1004,lrange5,1000000,1225568.62
1005,lpush5,1000000,800140.81
1005,lrange5,1000000,1222513.38
1006,lpush5,1000000,805840.44
1006,lrange5,1000000,1222728.62
1007,lpush5,1000000,808485.06
1007,lrange5,1000000,1206349.88
1008,lpush5,1000000,810411.69
1008,lrange5,1000000,1230051.62
1009,lpush5,1000000,810385.75
1009,lrange5,1000000,1221059.88
1010,lpush5,1000000,811701.31
1010,lrange5,1000000,1201942.25
1011,lpush5,1000000,811198.69
1011,lrange5,1000000,1225764.75
1012,lpush5,1000000,808575.56
1012,lrange5,1000000,1168411.25
1013,lpush5,1000000,807128.38
1013,lrange5,1000000,1224009.88
1014,lpush5,1000000,815113.31
1014,lrange5,1000000,1230071.25
1015,lpush5,1000000,811042.94
1015,lrange5,1000000,1221040.25
1016,lpush5,1000000,818369.88
1016,lrange5,1000000,1234567.88
1017,lpush5,1000000,809152.12
1017,lrange5,1000000,1225568.62
1018,lpush5,1000000,781885.81
1018,lrange5,1000000,1210866.88
1019,lpush5,1000000,813695.69
1019,lrange5,1000000,1227092.00
1020,lpush5,1000000,800653.38
1020,lrange5,1000000,1236192.75
1021,lpush5,1000000,815035.06
1021,lrange5,1000000,1222552.50
1022,lpush5,1000000,808446.25
1022,lrange5,1000000,1245330.00
1023,lpush5,1000000,809074.50
1023,lrange5,1000000,1236291.75
1024,lpush5,1000000,809716.56
1024,lrange5,1000000,1245389.88
1025,lpush5,1000000,799373.25
1025,lrange5,1000000,1224088.12
1026,lpush5,1000000,813799.88
1026,lrange5,1000000,1213864.12
1027,lpush5,1000000,813086.19
1027,lrange5,1000000,1228599.50
1028,lpush5,1000000,813060.12
1028,lrange5,1000000,1233282.38
1029,lpush5,1000000,805165.88
1029,lrange5,1000000,1201961.50
1030,lpush5,1000000,807192.94
1030,lrange5,1000000,1237702.88
1031,lpush5,1000000,809820.25
1031,lrange5,1000000,1215086.25
1032,lpush5,1000000,805801.75
1032,lrange5,1000000,1239276.38
1033,lpush5,1000000,815752.06
1033,lrange5,1000000,1239395.38
1034,lpush5,1000000,808433.31
1034,lrange5,1000000,1219551.25
1035,lpush5,1000000,810372.81
1035,lrange5,1000000,1230169.75
1036,lpush5,1000000,805165.88
1036,lrange5,1000000,1213611.62
1037,lpush5,1000000,812373.69
1037,lrange5,1000000,1225529.38
1038,lpush5,1000000,809087.44
1038,lrange5,1000000,1219570.75
1039,lpush5,1000000,815660.69
1039,lrange5,1000000,1221157.50
1040,lpush5,1000000,804633.94
1040,lrange5,1000000,1216622.88
1041,lpush5,1000000,807754.44
1041,lrange5,1000000,1227072.38
1042,lpush5,1000000,805165.88
1042,lrange5,1000000,1226993.88
1043,lpush5,1000000,808407.44
1043,lrange5,1000000,1212179.38
1044,lpush5,1000000,807909.50
1044,lrange5,1000000,1210731.25
1045,lpush5,1000000,811701.31
1045,lrange5,1000000,1240734.50
1046,lpush5,1000000,814475.56
1046,lrange5,1000000,1234607.38
1047,lpush5,1000000,812386.69
1047,lrange5,1000000,1227013.50
1048,lpush5,1000000,812425.69
1048,lrange5,1000000,1230051.62
1049,lpush5,1000000,803212.88
1049,lrange5,1000000,1233104.88
1050,lpush5,1000000,817739.94
1050,lrange5,1000000,1216661.75
1051,lpush5,1000000,805191.62
1051,lrange5,1000000,1210653.75
1052,lpush5,1000000,814384.31
1052,lrange5,1000000,1236113.75
1053,lpush5,1000000,811094.88
1053,lrange5,1000000,1245369.88
1054,lpush5,1000000,812464.69
1054,lrange5,1000000,1242236.00
1055,lpush5,1000000,809755.44
1055,lrange5,1000000,1225705.88
1056,lpush5,1000000,804556.69
1056,lrange5,1000000,1233085.12
1057,lpush5,1000000,815686.81
1057,lrange5,1000000,1239216.88
1058,lpush5,1000000,811120.81
1058,lrange5,1000000,1210770.00
1059,lpush5,1000000,807870.75
1059,lrange5,1000000,1209286.50
1060,lpush5,1000000,804556.69
1060,lrange5,1000000,1219512.25
1061,lpush5,1000000,811185.69
1061,lrange5,1000000,1218202.25
1062,lpush5,1000000,809126.25
1062,lrange5,1000000,1261235.88
1063,lpush5,1000000,810489.50
1063,lrange5,1000000,1237762.38
1064,lpush5,1000000,813099.19
1064,lrange5,1000000,1237762.38
1065,lpush5,1000000,802568.19
1065,lrange5,1000000,1237702.88
1066,lpush5,1000000,807205.81
1066,lrange5,1000000,1259647.25
1067,lpush5,1000000,815061.12
1067,lrange5,1000000,1231625.62
1068,lpush5,1000000,814371.31
1068,lrange5,1000000,1225549.00
1069,lpush5,1000000,803238.56
1069,lrange5,1000000,1245549.25
1070,lpush5,1000000,809087.44
1070,lrange5,1000000,1242315.50
1071,lpush5,1000000,813669.69
1071,lrange5,1000000,1227268.75
1072,lpush5,1000000,817818.44
1072,lrange5,1000000,1248439.50
1073,lpush5,1000000,811055.94
1073,lrange5,1000000,1213611.62
1074,lpush5,1000000,806490.31
1074,lrange5,1000000,1242236.00
1075,lpush5,1000000,815804.25
1075,lrange5,1000000,1239236.75
1076,lpush5,1000000,816993.50
1076,lrange5,1000000,1225490.25
1077,lpush5,1000000,811081.88
1077,lrange5,1000000,1230189.38
1078,lpush5,1000000,401657.84
1078,lrange5,1000000,1225627.50
1079,lpush5,1000000,807754.44
1079,lrange5,1000000,1219707.38
1080,lpush5,1000000,809781.38
1080,lrange5,1000000,1228638.75
1081,lpush5,1000000,813060.12
1081,lrange5,1000000,1227111.62
1082,lpush5,1000000,813669.69
1082,lrange5,1000000,1191933.25
1083,lpush5,1000000,804505.19
1083,lrange5,1000000,1239197.00
1084,lpush5,1000000,809061.50
1084,lrange5,1000000,1233045.62
1085,lpush5,1000000,809074.50
1085,lrange5,1000000,1246902.75
1086,lpush5,1000000,814332.19
1086,lrange5,1000000,1234725.88
1087,lpush5,1000000,812451.69
1087,lrange5,1000000,1224127.38
1088,lpush5,1000000,819711.44
1088,lrange5,1000000,1209441.38
1089,lpush5,1000000,813760.81
1089,lrange5,1000000,1233124.50
1090,lpush5,1000000,784929.31
1090,lrange5,1000000,1242315.50
1091,lpush5,1000000,808523.88
1091,lrange5,1000000,1231763.62
1092,lpush5,1000000,816417.94
1092,lrange5,1000000,1227092.00
1093,lpush5,1000000,811042.94
1093,lrange5,1000000,1201961.50
1094,lpush5,1000000,805165.88
1094,lrange5,1000000,1243960.12
1095,lpush5,1000000,809755.44
1095,lrange5,1000000,1233183.75
1096,lpush5,1000000,814371.31
1096,lrange5,1000000,1213767.00
1097,lpush5,1000000,807102.50
1097,lrange5,1000000,1228717.38
1098,lpush5,1000000,763954.12
1098,lrange5,1000000,1225509.88
1099,lpush5,1000000,819118.81
1099,lrange5,1000000,1228501.25
1100,lpush5,1000000,807780.25
1100,lrange5,1000000,1221001.25
1101,lpush5,1000000,797499.25
1101,lrange5,1000000,1213825.25
1102,lpush5,1000000,784979.56
1102,lrange5,1000000,1231527.12
1103,lpush5,1000000,803897.12
1103,lrange5,1000000,1239216.88
1104,lpush5,1000000,791841.62
1104,lrange5,1000000,1248479.38
1105,lpush5,1000000,808459.19
1105,lrange5,1000000,1219707.38
1106,lpush5,1000000,815869.50
1106,lrange5,1000000,1223990.25
1107,lpush5,1000000,807180.00
1107,lrange5,1000000,1231645.38
1108,lpush5,1000000,805827.50
1108,lrange5,1000000,1225627.50
1109,lpush5,1000000,793110.19
1109,lrange5,1000000,1237623.75
1110,lpush5,1000000,809833.19
1110,lrange5,1000000,1231724.12
1111,lpush5,1000000,819000.88
1111,lrange5,1000000,1244119.38
1112,lpush5,1000000,815712.94
1112,lrange5,1000000,1210711.88
1113,lpush5,1000000,804025.75
1113,lrange5,1000000,1233085.12
1114,lpush5,1000000,806606.44
1114,lrange5,1000000,1239355.62
1115,lpush5,1000000,809729.56
1115,lrange5,1000000,1224107.75
1116,lpush5,1000000,811030.00
1116,lrange5,1000000,1230012.25
1117,lpush5,1000000,808433.31
1117,lrange5,1000000,1219746.38
1118,lpush5,1000000,816431.00
1118,lrange5,1000000,1218026.88
1119,lpush5,1000000,815778.19
1119,lrange5,1000000,1234607.38
1120,lpush5,1000000,807870.75
1120,lrange5,1000000,1230032.00
1121,lpush5,1000000,816326.50
1121,lrange5,1000000,1224049.00
1122,lpush5,1000000,812360.69
1122,lrange5,1000000,1213611.62
1123,lpush5,1000000,810385.75
1123,lrange5,1000000,1227052.75
1124,lpush5,1000000,811688.31
1124,lrange5,1000000,1210828.12
1125,lpush5,1000000,804543.81
1125,lrange5,1000000,1215261.25
1126,lpush5,1000000,812425.69
1126,lrange5,1000000,1247042.38
1127,lpush5,1000000,816391.81
1127,lrange5,1000000,1216700.75
1128,lpush5,1000000,806451.62
1128,lrange5,1000000,1230110.62
1129,lpush5,1000000,814332.19
1129,lrange5,1000000,1245330.00
1130,lpush5,1000000,815778.19
1130,lrange5,1000000,1244159.12
1131,lpush5,1000000,808420.38
1131,lrange5,1000000,1236153.25
1132,lpush5,1000000,809716.56
1132,lrange5,1000000,1193374.75
1133,lpush5,1000000,811688.31
1133,lrange5,1000000,1240794.00
1134,lpush5,1000000,796178.31
1134,lrange5,1000000,1237821.75
1135,lpush5,1000000,810476.50
1135,lrange5,1000000,1240992.62
1136,lpush5,1000000,811740.25
1136,lrange5,1000000,1236192.75
1137,lpush5,1000000,798084.56
1137,lrange5,1000000,1240893.25
1138,lpush5,1000000,813099.19
1138,lrange5,1000000,1236529.00
1139,lpush5,1000000,815100.25
1139,lrange5,1000000,1236113.75
1140,lpush5,1000000,813125.19
1140,lrange5,1000000,1221098.88
1141,lpush5,1000000,815673.75
1141,lrange5,1000000,1242494.38
1142,lpush5,1000000,805943.56
1142,lrange5,1000000,1236113.75
1143,lpush5,1000000,817674.56
1143,lrange5,1000000,1222650.38
1144,lpush5,1000000,807819.06
1144,lrange5,1000000,1237762.38
1145,lpush5,1000000,815699.88
1145,lrange5,1000000,1216564.38
1146,lpush5,1000000,816378.75
1146,lrange5,1000000,1225490.25
1147,lpush5,1000000,811055.94
1147,lrange5,1000000,1236093.88
1148,lpush5,1000000,820488.94
1148,lrange5,1000000,1248639.25
1149,lpush5,1000000,811081.88
1149,lrange5,1000000,1234804.88
1150,lpush5,1000000,818500.81
1150,lrange5,1000000,1240794.00
1151,lpush5,1000000,814371.31
1151,lrange5,1000000,1227170.50
1152,lpush5,1000000,784954.44
1152,lrange5,1000000,1230012.25
1153,lpush5,1000000,809061.50
1153,lrange5,1000000,1224009.88
1154,lpush5,1000000,808446.25
1154,lrange5,1000000,1222533.00
1155,lpush5,1000000,813734.75
1155,lrange5,1000000,1218124.25
1156,lpush5,1000000,810385.75
1156,lrange5,1000000,1212160.00
1157,lpush5,1000000,803871.44
1157,lrange5,1000000,1221098.88
1158,lpush5,1000000,813060.12
1158,lrange5,1000000,1227190.25
1159,lpush5,1000000,784929.31
1159,lrange5,1000000,1230110.62
1160,lpush5,1000000,809139.19
1160,lrange5,1000000,1243840.75
1161,lpush5,1000000,812399.69
1161,lrange5,1000000,1197662.25
1162,lpush5,1000000,807806.12
1162,lrange5,1000000,1228501.25
1163,lpush5,1000000,814371.31
1163,lrange5,1000000,1210692.50
1164,lpush5,1000000,808433.31
1164,lrange5,1000000,1237683.12
1165,lpush5,1000000,811055.94
1165,lrange5,1000000,1245389.88
1166,lpush5,1000000,805904.88
1166,lrange5,1000000,1222689.50
1167,lpush5,1000000,812360.69
1167,lrange5,1000000,1227033.12
1168,lpush5,1000000,813825.88
1168,lrange5,1000000,1216661.75
1169,lpush5,1000000,809729.56
1169,lrange5,1000000,1213631.12
1170,lpush5,1000000,811068.94
1170,lrange5,1000000,1224146.88
1171,lpush5,1000000,794950.69
1171,lrange5,1000000,1191971.38
1172,lpush5,1000000,785633.94
1172,lrange5,1000000,1231566.50
1173,lpush5,1000000,801975.94
1173,lrange5,1000000,1210750.62
1174,lpush5,1000000,802091.44
1174,lrange5,1000000,1231665.00
1175,lpush5,1000000,808510.94
1175,lrange5,1000000,1225686.25
1176,lpush5,1000000,801924.62
1176,lrange5,1000000,1209228.50
1177,lpush5,1000000,811159.75
1177,lrange5,1000000,1199060.00
1178,lpush5,1000000,794446.44
1178,lrange5,1000000,1221020.75
1179,lpush5,1000000,812373.69
1179,lrange5,1000000,1237742.50
1180,lpush5,1000000,801307.69
1180,lrange5,1000000,1219590.25
1181,lpush5,1000000,794912.56
1181,lrange5,1000000,1228599.50
1182,lpush5,1000000,791867.00
1182,lrange5,1000000,1209325.25
1183,lpush5,1000000,805178.75
1183,lrange5,1000000,1225509.88
1184,lpush5,1000000,810424.69
1184,lrange5,1000000,1225509.88
1185,lpush5,1000000,819066.38
1185,lrange5,1000000,1212160.00
1186,lpush5,1000000,804543.81
1186,lrange5,1000000,1227111.62
1187,lpush5,1000000,808459.19
1187,lrange5,1000000,1224009.88
1188,lpush5,1000000,814995.94
1188,lrange5,1000000,1225647.12
1189,lpush5,1000000,818330.62
1189,lrange5,1000000,1225588.25
1190,lpush5,1000000,811779.25
1190,lrange5,1000000,1234646.88
1191,lpush5,1000000,798084.56
1191,lrange5,1000000,1224049.00
1192,lpush5,1000000,810372.81
1192,lrange5,1000000,1227013.50
1193,lpush5,1000000,800730.19
1193,lrange5,1000000,1200480.12
1194,lpush5,1000000,808433.31
1194,lrange5,1000000,1213669.88
1195,lpush5,1000000,797473.69
1195,lrange5,1000000,1209344.62
1196,lpush5,1000000,809794.31
1196,lrange5,1000000,1184834.12
1197,lpush5,1000000,719953.88
1197,lrange5,1000000,1205262.62
1198,lpush5,1000000,812360.69
1198,lrange5,1000000,1240734.50
1199,lpush5,1000000,815712.94
1199,lrange5,1000000,1197834.75
1200,lpush5,1000000,811094.88
1200,lrange5,1000000,1199060.00
1201,lpush5,1000000,814371.31
1201,lrange5,1000000,1221177.00
1202,lpush5,1000000,816457.12
1202,lrange5,1000000,1207748.75
1203,lpush5,1000000,805853.31
1203,lrange5,1000000,1196172.25
1204,lpush5,1000000,807767.31
1204,lrange5,1000000,1222689.50
1205,lpush5,1000000,796191.06
1205,lrange5,1000000,1219707.38
1206,lpush5,1000000,810411.69
1206,lrange5,1000000,1233065.38
1207,lpush5,1000000,811818.19
1207,lrange5,1000000,1216681.25
1208,lpush5,1000000,800000.00
1208,lrange5,1000000,1215202.88
1209,lpush5,1000000,810398.75
1209,lrange5,1000000,1225607.88
1210,lpush5,1000000,809768.44
1210,lrange5,1000000,1213689.38
1211,lpush5,1000000,817844.62
1211,lrange5,1000000,1210808.75
1212,lpush5,1000000,821123.12
1212,lrange5,1000000,1213689.38
1213,lpush5,1000000,811753.25
1213,lrange5,1000000,1212392.75
1214,lpush5,1000000,811818.19
1214,lrange5,1000000,1227131.25
1215,lpush5,1000000,813747.75
1215,lrange5,1000000,1224049.00
1216,lpush5,1000000,807780.25
1216,lrange5,1000000,1234686.38
1217,lpush5,1000000,811042.94
1217,lrange5,1000000,1225627.50
1218,lpush5,1000000,815712.94
1218,lrange5,1000000,1233262.62
1219,lpush5,1000000,816352.62
1219,lrange5,1000000,1240734.50
1220,lpush5,1000000,803212.88
1220,lrange5,1000000,1245509.38
1221,lpush5,1000000,813021.12
1221,lrange5,1000000,1236410.38
1222,lpush5,1000000,815712.94
1222,lrange5,1000000,1243781.12
1223,lpush5,1000000,809742.50
1223,lrange5,1000000,1216545.00
1224,lpush5,1000000,807257.50
1224,lrange5,1000000,1193432.00
1225,lpush5,1000000,806464.50
1225,lrange5,1000000,1221216.12
1226,lpush5,1000000,809126.25
1226,lrange5,1000000,1212160.00
1227,lpush5,1000000,813008.12
1227,lrange5,1000000,1230012.25
1228,lpush5,1000000,808549.75
1228,lrange5,1000000,1225686.25
1229,lpush5,1000000,821162.50
1229,lrange5,1000000,1231625.62
1230,lpush5,1000000,800691.81
1230,lrange5,1000000,1236113.75
1231,lpush5,1000000,809846.12
1231,lrange5,1000000,1219707.38
1232,lpush5,1000000,805153.00
1232,lrange5,1000000,1224009.88
1233,lpush5,1000000,811688.31
1233,lrange5,1000000,1237683.12
1234,lpush5,1000000,811081.88
1234,lrange5,1000000,1221157.50
1235,lpush5,1000000,805268.94
1235,lrange5,1000000,1231606.00
1236,lpush5,1000000,802606.69
1236,lrange5,1000000,1172351.75
1237,lpush5,1000000,814332.19
1237,lrange5,1000000,1215105.75
1238,lpush5,1000000,812347.75
1238,lrange5,1000000,1226993.88
1239,lpush5,1000000,817098.06
1239,lrange5,1000000,1224088.12
1240,lpush5,1000000,810385.75
1240,lrange5,1000000,1248499.38
1241,lpush5,1000000,813099.19
1241,lrange5,1000000,1222493.88
1242,lpush5,1000000,807102.50
1242,lrange5,1000000,1239197.00
1243,lpush5,1000000,822368.44
1243,lrange5,1000000,1231684.75
1244,lpush5,1000000,817085.00
1244,lrange5,1000000,1193336.50
1245,lpush5,1000000,815660.69
1245,lrange5,1000000,1237742.50
1246,lpush5,1000000,812386.69
1246,lrange5,1000000,1230032.00
1247,lpush5,1000000,807128.38
1247,lrange5,1000000,1221001.25
1248,lpush5,1000000,817818.44
1248,lrange5,1000000,1240714.62
1249,lpush5,1000000,817045.75
1249,lrange5,1000000,1218065.75
1250,lpush5,1000000,811714.31
1250,lrange5,1000000,1226993.88
1251,lpush5,1000000,806516.12
1251,lrange5,1000000,1230012.25
1252,lpush5,1000000,810632.12
1252,lrange5,1000000,1222513.38
1253,lpush5,1000000,815035.06
1253,lrange5,1000000,1246902.75
1254,lpush5,1000000,805153.00
1254,lrange5,1000000,1240873.50
1255,lpush5,1000000,811753.25
1255,lrange5,1000000,1237901.00
1256,lpush5,1000000,809074.50
1256,lrange5,1000000,1196229.62
1257,lpush5,1000000,803858.56
1257,lrange5,1000000,1240972.75
1258,lpush5,1000000,814423.44
1258,lrange5,1000000,1200480.12
1259,lpush5,1000000,805243.19
1259,lrange5,1000000,1227072.38
1260,lpush5,1000000,817163.44
1260,lrange5,1000000,1242236.00
1261,lpush5,1000000,803354.19
1261,lrange5,1000000,1224068.62
1262,lpush5,1000000,820344.56
1262,lrange5,1000000,1231665.00
1263,lpush5,1000000,819131.88
1263,lrange5,1000000,1240913.12
1264,lpush5,1000000,806541.94
1264,lrange5,1000000,1213805.88
1265,lpush5,1000000,811055.94
1265,lrange5,1000000,1233183.75
1266,lpush5,1000000,812412.69
1266,lrange5,1000000,1213805.88
1267,lpush5,1000000,800140.81
1267,lrange5,1000000,1239216.88
1268,lpush5,1000000,812347.75
1268,lrange5,1000000,1221138.00
1269,lpush5,1000000,807192.94
1269,lrange5,1000000,1240734.50
1270,lpush5,1000000,807180.00
1270,lrange5,1000000,1204896.38
1271,lpush5,1000000,815660.69
1271,lrange5,1000000,1237643.50
1272,lpush5,1000000,809820.25
1272,lrange5,1000000,1236133.50
1273,lpush5,1000000,807870.75
1273,lrange5,1000000,1218065.75
1274,lpush5,1000000,800679.00
1274,lrange5,1000000,1233302.12
1275,lpush5,1000000,818474.62
1275,lrange5,1000000,1233045.62
1276,lpush5,1000000,804582.44
1276,lrange5,1000000,1234745.62
1277,lpush5,1000000,819000.88
1277,lrange5,1000000,1231822.75
1278,lpush5,1000000,813747.75
1278,lrange5,1000000,1245489.50
1279,lpush5,1000000,815726.00
1279,lrange5,1000000,1230012.25
1280,lpush5,1000000,807806.12
1280,lrange5,1000000,1230169.75
1281,lpush5,1000000,793777.81
1281,lrange5,1000000,1246922.75
1282,lpush5,1000000,810385.75
1282,lrange5,1000000,1236232.38
1283,lpush5,1000000,813721.75
1283,lrange5,1000000,1189269.88
1284,lpush5,1000000,813734.75
1284,lrange5,1000000,1242295.62
1285,lpush5,1000000,815022.00
1285,lrange5,1000000,1221118.38
1286,lpush5,1000000,819763.94
1286,lrange5,1000000,1231625.62
1287,lpush5,1000000,811779.25
1287,lrange5,1000000,1230012.25
1288,lpush5,1000000,811081.88
1288,lrange5,1000000,1224029.38
1289,lpush5,1000000,812386.69
1289,lrange5,1000000,1230071.25
1290,lpush5,1000000,813034.12
1290,lrange5,1000000,1224166.50
1291,lpush5,1000000,815699.88
1291,lrange5,1000000,1251624.50
1292,lpush5,1000000,819711.44
1292,lrange5,1000000,1250160.00
1293,lpush5,1000000,821719.00
1293,lrange5,1000000,1196191.38
1294,lpush5,1000000,810411.69
1294,lrange5,1000000,1242315.50
1295,lpush5,1000000,817687.62
1295,lrange5,1000000,1218182.75
1296,lpush5,1000000,805268.94
1296,lrange5,1000000,1253173.00
1297,lpush5,1000000,817071.94
1297,lrange5,1000000,1227209.88
1298,lpush5,1000000,811081.88
1298,lrange5,1000000,1233065.38
1299,lpush5,1000000,812373.69
1299,lrange5,1000000,1240754.38
1300,lpush5,1000000,804659.69
1300,lrange5,1000000,1231527.12
1301,lpush5,1000000,801963.12
1301,lrange5,1000000,1240694.75
1302,lpush5,1000000,814332.19
1302,lrange5,1000000,1233203.50
1303,lpush5,1000000,810463.56
1303,lrange5,1000000,1200633.88
1304,lpush5,1000000,813112.19
1304,lrange5,1000000,1233223.25
1305,lpush5,1000000,807154.19
1305,lrange5,1000000,1237683.12
1306,lpush5,1000000,812360.69
1306,lrange5,1000000,1230327.12
1307,lpush5,1000000,812425.69
1307,lrange5,1000000,1202076.88
1308,lpush5,1000000,808459.19
1308,lrange5,1000000,1215358.38
1309,lpush5,1000000,811818.19
1309,lrange5,1000000,1221255.12
1310,lpush5,1000000,802632.38
1310,lrange5,1000000,1239335.88
1311,lpush5,1000000,815843.44
1311,lrange5,1000000,1237821.75
1312,lpush5,1000000,813682.69
1312,lrange5,1000000,1218026.88
1313,lpush5,1000000,798161.19
1313,lrange5,1000000,1236331.25
1314,lpush5,1000000,813669.69
1314,lrange5,1000000,1233065.38
1315,lpush5,1000000,805165.88
1315,lrange5,1000000,1230228.75
1316,lpush5,1000000,809807.25
1316,lrange5,1000000,1240794.00
1317,lpush5,1000000,813799.88
1317,lrange5,1000000,1237643.50
1318,lpush5,1000000,810385.75
1318,lrange5,1000000,1248559.25
1319,lpush5,1000000,813112.19
1319,lrange5,1000000,1228717.38
1320,lpush5,1000000,809768.44
1320,lrange5,1000000,1234607.38
1321,lpush5,1000000,825896.00
1321,lrange5,1000000,1243781.12
1322,lpush5,1000000,807167.12
1322,lrange5,1000000,1219551.25
1323,lpush5,1000000,811805.19
1323,lrange5,1000000,1218065.75
1324,lpush5,1000000,811133.81
1324,lrange5,1000000,1215066.75
1325,lpush5,1000000,807167.12
1325,lrange5,1000000,1242335.38
1326,lpush5,1000000,815660.69
1326,lrange5,1000000,1228560.12
1327,lpush5,1000000,814475.56
1327,lrange5,1000000,1221040.25
1328,lpush5,1000000,820449.56
1328,lrange5,1000000,1240734.50
1329,lpush5,1000000,812347.75
1329,lrange5,1000000,1242255.88
1330,lpush5,1000000,813682.69
1330,lrange5,1000000,1242255.88
1331,lpush5,1000000,814436.44
1331,lrange5,1000000,1239415.12
1332,lpush5,1000000,818396.06
1332,lrange5,1000000,1221352.88
1333,lpush5,1000000,811107.81
1333,lrange5,1000000,1239276.38
1334,lpush5,1000000,818343.69
1334,lrange5,1000000,1207748.75
1335,lpush5,1000000,811844.19
1335,lrange5,1000000,1230110.62
1336,lpush5,1000000,811727.25
1336,lrange5,1000000,1236173.00
1337,lpush5,1000000,805904.88
1337,lrange5,1000000,1197777.25
1338,lpush5,1000000,815726.00
1338,lrange5,1000000,1242236.00
1339,lpush5,1000000,803238.56
1339,lrange5,1000000,1234725.88
1340,lpush5,1000000,809178.06
1340,lrange5,1000000,1224205.62
1341,lpush5,1000000,810411.69
1341,lrange5,1000000,1197624.00
1342,lpush5,1000000,802670.94
1342,lrange5,1000000,1225549.00
1343,lpush5,1000000,807192.94
1343,lrange5,1000000,1243840.75
1344,lpush5,1000000,817674.56
1344,lrange5,1000000,1213786.38
1345,lpush5,1000000,811701.31
1345,lrange5,1000000,1237663.38
1346,lpush5,1000000,818435.38
1346,lrange5,1000000,1248499.38
1347,lpush5,1000000,800000.00
1347,lrange5,1000000,1210828.12
1348,lpush5,1000000,806451.62
1348,lrange5,1000000,1237782.12
1349,lpush5,1000000,820370.81
1349,lrange5,1000000,1245330.00
1350,lpush5,1000000,815035.06
1350,lrange5,1000000,1219590.25
1351,lpush5,1000000,803354.19
1351,lrange5,1000000,1216622.88
1352,lpush5,1000000,807167.12
1352,lrange5,1000000,1225882.38
1353,lpush5,1000000,810476.50
1353,lrange5,1000000,1186258.62
1354,lpush5,1000000,786782.06
1354,lrange5,1000000,1225627.50
1355,lpush5,1000000,821123.12
1355,lrange5,1000000,1230012.25
1356,lpush5,1000000,810515.44
1356,lrange5,1000000,1219668.25
1357,lpush5,1000000,807844.88
1357,lrange5,1000000,1230150.00
1358,lpush5,1000000,791303.75
1358,lrange5,1000000,1240714.62
1359,lpush5,1000000,809729.56
1359,lrange5,1000000,1197739.00
1360,lpush5,1000000,801307.69
1360,lrange5,1000000,1215202.88
1361,lpush5,1000000,811081.88
1361,lrange5,1000000,1215086.25
1362,lpush5,1000000,800076.81
1362,lrange5,1000000,1225490.25
1363,lpush5,1000000,805827.50
1363,lrange5,1000000,1218026.88
1364,lpush5,1000000,806477.44
1364,lrange5,1000000,1233242.88
1365,lpush5,1000000,812347.75
1365,lrange5,1000000,1240813.88
1366,lpush5,1000000,813734.75
1366,lrange5,1000000,1224127.38
1367,lpush5,1000000,812399.69
1367,lrange5,1000000,1210866.88
1368,lpush5,1000000,804518.06
1368,lrange5,1000000,1233045.62
1369,lpush5,1000000,810437.62
1369,lrange5,1000000,1228560.12
1370,lpush5,1000000,811701.31
1370,lrange5,1000000,1230169.75
1371,lpush5,1000000,819000.88
1371,lrange5,1000000,1218085.25
1372,lpush5,1000000,816326.50
1372,lrange5,1000000,1234567.88
1373,lpush5,1000000,814449.50
1373,lrange5,1000000,1227052.75
1374,lpush5,1000000,811688.31
1374,lrange5,1000000,1248439.50
1375,lpush5,1000000,814345.25
1375,lrange5,1000000,1233065.38
1376,lpush5,1000000,815843.44
1376,lrange5,1000000,1210770.00
1377,lpush5,1000000,808420.38
1377,lrange5,1000000,1236113.75
1378,lpush5,1000000,812412.69
1378,lrange5,1000000,1243820.88
1379,lpush5,1000000,811107.81
1379,lrange5,1000000,1236173.00
1380,lpush5,1000000,815035.06
1380,lrange5,1000000,1242295.62
1381,lpush5,1000000,812347.75
1381,lrange5,1000000,1221177.00
1382,lpush5,1000000,809768.44
1382,lrange5,1000000,1222493.88
1383,lpush5,1000000,821136.25
1383,lrange5,1000000,1233183.75
1384,lpush5,1000000,816326.50
1384,lrange5,1000000,1233144.25
1385,lpush5,1000000,814332.19
1385,lrange5,1000000,1240813.88
1386,lpush5,1000000,815074.19
1386,lrange5,1000000,1234646.88
1387,lpush5,1000000,812399.69
1387,lrange5,1000000,1233065.38
1388,lpush5,1000000,816470.19
1388,lrange5,1000000,1239157.38
1389,lpush5,1000000,804608.19
1389,lrange5,1000000,1236093.88
1390,lpush5,1000000,818409.19
1390,lrange5,1000000,1221079.38
1391,lpush5,1000000,815008.94
1391,lrange5,1000000,1225588.25
1392,lpush5,1000000,820370.81
1392,lrange5,1000000,1231625.62
1393,lpush5,1000000,791291.12
1393,lrange5,1000000,1219551.25
1394,lpush5,1000000,804543.81
1394,lrange5,1000000,1234567.88
1395,lpush5,1000000,814371.31
1395,lrange5,1000000,1230366.50
1396,lpush5,1000000,812347.75
1396,lrange5,1000000,1193470.12
1397,lpush5,1000000,805178.75
1397,lrange5,1000000,1237722.75
1398,lpush5,1000000,809087.44
1398,lrange5,1000000,1233223.25
1399,lpush5,1000000,814995.94
1399,lrange5,1000000,1236311.50
1400,lpush5,1000000,808446.25
1400,lrange5,1000000,1216798.00
1401,lpush5,1000000,796267.50
1401,lrange5,1000000,1228658.50
1402,lpush5,1000000,819698.31
1402,lrange5,1000000,1256281.38
1403,lpush5,1000000,809100.38
1403,lrange5,1000000,1242355.25
1404,lpush5,1000000,806516.12
1404,lrange5,1000000,1216603.38
1405,lpush5,1000000,814358.25
1405,lrange5,1000000,1227052.75
1406,lpush5,1000000,781910.81
1406,lrange5,1000000,1186410.50
1407,lpush5,1000000,812347.75
1407,lrange5,1000000,1231586.25
1408,lpush5,1000000,807806.12
1408,lrange5,1000000,1231704.50
1409,lpush5,1000000,813021.12
1409,lrange5,1000000,1236093.88
1410,lpush5,1000000,801924.62
1410,lrange5,1000000,1221118.38
1411,lpush5,1000000,797499.25
1411,lrange5,1000000,1207729.50
1412,lpush5,1000000,819724.56
1412,lrange5,1000000,1212140.62
1413,lpush5,1000000,804012.88
1413,lrange5,1000000,1233124.50
1414,lpush5,1000000,813682.69
1414,lrange5,1000000,1251624.50
1415,lpush5,1000000,809742.50
1415,lrange5,1000000,1237722.75
1416,lpush5,1000000,819092.56
1416,lrange5,1000000,1256623.12
1417,lpush5,1000000,811068.94
1417,lrange5,1000000,1222650.38
1418,lpush5,1000000,813060.12
1418,lrange5,1000000,1227033.12
1419,lpush5,1000000,817006.56
1419,lrange5,1000000,1228619.12
1420,lpush5,1000000,811701.31
1420,lrange5,1000000,1230248.38
1421,lpush5,1000000,801924.62
1421,lrange5,1000000,1175106.88
1422,lpush5,1000000,812347.75
1422,lrange5,1000000,1221059.88
1423,lpush5,1000000,788744.50
1423,lrange5,1000000,1221157.50
1424,lpush5,1000000,813086.19
1424,lrange5,1000000,1212295.75
1425,lpush5,1000000,789965.25
1425,lrange5,1000000,1207903.38
1426,lpush5,1000000,809716.56
1426,lrange5,1000000,1215280.62
1427,lpush5,1000000,820397.06
1427,lrange5,1000000,1239177.25
1428,lpush5,1000000,811055.94
1428,lrange5,1000000,1234666.62
1429,lpush5,1000000,820344.56
1429,lrange5,1000000,1216739.62
1430,lpush5,1000000,809846.12
1430,lrange5,1000000,1246902.75
1431,lpush5,1000000,816365.69
1431,lrange5,1000000,1234607.38
1432,lpush5,1000000,809716.56
1432,lrange5,1000000,1227249.12
1433,lpush5,1000000,811030.00
1433,lrange5,1000000,1207845.38
1434,lpush5,1000000,809729.56
1434,lrange5,1000000,1225607.88
1435,lpush5,1000000,805892.00
1435,lrange5,1000000,1242335.38
1436,lpush5,1000000,814345.25
1436,lrange5,1000000,1228619.12
1437,lpush5,1000000,819079.50
1437,lrange5,1000000,1244000.00
1438,lpush5,1000000,817085.00
1438,lrange5,1000000,1225666.75
1439,lpush5,1000000,818369.88
1439,lrange5,1000000,1248539.38
1440,lpush5,1000000,789990.50
1440,lrange5,1000000,1202096.12
1441,lpush5,1000000,790539.12
1441,lrange5,1000000,1218026.88
1442,lpush5,1000000,813682.69
1442,lrange5,1000000,1225549.00
1443,lpush5,1000000,809794.31
1443,lrange5,1000000,1239355.62
1444,lpush5,1000000,808420.38
1444,lrange5,1000000,1240734.50
1445,lpush5,1000000,804556.69
1445,lrange5,1000000,1222533.00
1446,lpush5,1000000,796178.31
1446,lrange5,1000000,1210731.25
1447,lpush5,1000000,813073.19
1447,lrange5,1000000,1228756.75
1448,lpush5,1000000,810385.75
1448,lrange5,1000000,1218046.38
1449,lpush5,1000000,807128.38
1449,lrange5,1000000,1213844.62
1450,lpush5,1000000,814371.31
1450,lrange5,1000000,1231625.62
1451,lpush5,1000000,815035.06
1451,lrange5,1000000,1248479.38
1452,lpush5,1000000,809729.56
1452,lrange5,1000000,1240774.25
1453,lpush5,1000000,808420.38
1453,lrange5,1000000,1228599.50
1454,lpush5,1000000,790640.31
1454,lrange5,1000000,1221216.12
1455,lpush5,1000000,815660.69
1455,lrange5,1000000,1240794.00
1456,lpush5,1000000,813734.75
1456,lrange5,1000000,1203485.00
1457,lpush5,1000000,815008.94
1457,lrange5,1000000,1231665.00
1458,lpush5,1000000,807180.00
1458,lrange5,1000000,1248479.38
1459,lpush5,1000000,813721.75
1459,lrange5,1000000,1210711.88
1460,lpush5,1000000,791227.81
1460,lrange5,1000000,1224166.50
1461,lpush5,1000000,814358.25
1461,lrange5,1000000,1237623.75
1462,lpush5,1000000,811107.81
1462,lrange5,1000000,1243880.62
1463,lpush5,1000000,788744.50
1463,lrange5,1000000,1233223.25
1464,lpush5,1000000,818422.25
1464,lrange5,1000000,1231625.62
1465,lpush5,1000000,814384.31
1465,lrange5,1000000,1239296.12
1466,lpush5,1000000,810372.81
1466,lrange5,1000000,1212257.00
1467,lpush5,1000000,810476.50
1467,lrange5,1000000,1216603.38
1468,lpush5,1000000,813786.81
1468,lrange5,1000000,1212276.38
1469,lpush5,1000000,802027.25
1469,lrange5,1000000,1219512.25
1470,lpush5,1000000,823045.25
1470,lrange5,1000000,1243801.00
1471,lpush5,1000000,815817.31
1471,lrange5,1000000,1212179.38
1472,lpush5,1000000,807754.44
1472,lrange5,1000000,1224205.62
1473,lpush5,1000000,810502.44
1473,lrange5,1000000,1233302.12
1474,lpush5,1000000,817098.06
1474,lrange5,1000000,1237683.12
1475,lpush5,1000000,810463.56
1475,lrange5,1000000,1240774.25
1476,lpush5,1000000,817739.94
1476,lrange5,1000000,1244019.88
1477,lpush5,1000000,814345.25
1477,lrange5,1000000,1243860.62
1478,lpush5,1000000,819079.50
1478,lrange5,1000000,1202307.62
1479,lpush5,1000000,811081.88
1479,lrange5,1000000,1230228.75
1480,lpush5,1000000,813721.75
1480,lrange5,1000000,1237722.75
1481,lpush5,1000000,800000.00
1481,lrange5,1000000,1221333.38
1482,lpush5,1000000,817071.94
1482,lrange5,1000000,1231783.25
1483,lpush5,1000000,806516.12
1483,lrange5,1000000,1221098.88
1484,lpush5,1000000,798122.88
1484,lrange5,1000000,1242395.00
1485,lpush5,1000000,793688.88
1485,lrange5,1000000,1060530.25
1486,lpush5,1000000,809807.25
1486,lrange5,1000000,1236133.50
1487,lpush5,1000000,806464.50
1487,lrange5,1000000,1239375.50
1488,lpush5,1000000,795557.69
1488,lrange5,1000000,1210789.38
1489,lpush5,1000000,823084.75
1489,lrange5,1000000,1245429.62
1490,lpush5,1000000,813708.75
1490,lrange5,1000000,1248539.38
1491,lpush5,1000000,813151.19
1491,lrange5,1000000,1234745.62
1492,lpush5,1000000,817071.94
1492,lrange5,1000000,1240774.25
1493,lpush5,1000000,811701.31
1493,lrange5,1000000,1222689.50
1494,lpush5,1000000,810489.50
1494,lrange5,1000000,1224107.75
1495,lpush5,1000000,814345.25
1495,lrange5,1000000,1234587.62
1496,lpush5,1000000,819118.81
1496,lrange5,1000000,1222669.88
1497,lpush5,1000000,811081.88
1497,lrange5,1000000,1209422.00
1498,lpush5,1000000,808485.06
1498,lrange5,1000000,1231625.62
1499,lpush5,1000000,810437.62
1499,lrange5,1000000,1256301.50
1500,lpush5,1000000,811857.12
1500,lrange5,1000000,1250040.00
1501,lpush5,1000000,811068.94
1501,lrange5,1000000,1230209.12
1502,lpush5,1000000,815791.25
1502,lrange5,1000000,1250160.00
1503,lpush5,1000000,813021.12
1503,lrange5,1000000,1212257.00
1504,lpush5,1000000,807167.12
1504,lrange5,1000000,1242295.62
1505,lpush5,1000000,812399.69
1505,lrange5,1000000,1247002.50
1506,lpush5,1000000,806541.94
1506,lrange5,1000000,1234627.12
1507,lpush5,1000000,816378.75
1507,lrange5,1000000,1246902.75
1508,lpush5,1000000,809755.44
1508,lrange5,1000000,1222493.88
1509,lpush5,1000000,809074.50
1509,lrange5,1000000,1233085.12
1510,lpush5,1000000,822473.69
1510,lrange5,1000000,1237762.38
1511,lpush5,1000000,808459.19
1511,lrange5,1000000,1233045.62
1512,lpush5,1000000,814995.94
1512,lrange5,1000000,1228501.25
1513,lpush5,1000000,806580.62
1513,lrange5,1000000,1227033.12
1514,lpush5,1000000,810424.69
1514,lrange5,1000000,1219726.88
1515,lpush5,1000000,813669.69
1515,lrange5,1000000,1196267.88
1516,lpush5,1000000,811055.94
1516,lrange5,1000000,1242236.00
1517,lpush5,1000000,815035.06
1517,lrange5,1000000,1216681.25
1518,lpush5,1000000,813760.81
1518,lrange5,1000000,1237623.75
1519,lpush5,1000000,817674.56
1519,lrange5,1000000,1231566.50
1520,lpush5,1000000,803212.88
1520,lrange5,1000000,1222591.62
1521,lpush5,1000000,811844.19
1521,lrange5,1000000,1242255.88
1522,lpush5,1000000,815100.25
1522,lrange5,1000000,1201961.50
1523,lpush5,1000000,807806.12
1523,lrange5,1000000,1239197.00
1524,lpush5,1000000,815074.19
1524,lrange5,1000000,1239177.25
1525,lpush5,1000000,812516.69
1525,lrange5,1000000,1228560.12
1526,lpush5,1000000,812451.69
1526,lrange5,1000000,1206311.25
1527,lpush5,1000000,812425.69
1527,lrange5,1000000,1250200.00
1528,lpush5,1000000,800717.38
1528,lrange5,1000000,1251564.38
1529,lpush5,1000000,809113.31
1529,lrange5,1000000,1251704.62
1530,lpush5,1000000,814345.25
1530,lrange5,1000000,1233164.00
1531,lpush5,1000000,815048.06
1531,lrange5,1000000,1234646.88
1532,lpush5,1000000,800076.81
1532,lrange5,1000000,1242514.25
1533,lpush5,1000000,814384.31
1533,lrange5,1000000,1210808.75
1534,lpush5,1000000,815008.94
1534,lrange5,1000000,1247102.25
1535,lpush5,1000000,811701.31
1535,lrange5,1000000,1230091.00
1536,lpush5,1000000,809820.25
1536,lrange5,1000000,1248439.50
1537,lpush5,1000000,811701.31
1537,lrange5,1000000,1257962.25
1538,lpush5,1000000,813695.69
1538,lrange5,1000000,1240794.00
1539,lpush5,1000000,813734.75
1539,lrange5,1000000,1209209.12
1540,lpush5,1000000,813125.19
1540,lrange5,1000000,1234567.88
1541,lpush5,1000000,801461.50
1541,lrange5,1000000,1233065.38
1542,lpush5,1000000,808472.12
1542,lrange5,1000000,1242395.00
1543,lpush5,1000000,811055.94
1543,lrange5,1000000,1210692.50
1544,lpush5,1000000,817687.62
1544,lrange5,1000000,1228619.12
1545,lpush5,1000000,801963.12
1545,lrange5,1000000,1210750.62
1546,lpush5,1000000,822381.62
1546,lrange5,1000000,1218143.75
1547,lpush5,1000000,817753.06
1547,lrange5,1000000,1233183.75
1548,lpush5,1000000,814410.38
1548,lrange5,1000000,1247002.50
1549,lpush5,1000000,808485.06
1549,lrange5,1000000,1215241.75
1550,lpush5,1000000,808523.88
1550,lrange5,1000000,1225725.50
1551,lpush5,1000000,818369.88
1551,lrange5,1000000,1231743.88
1552,lpush5,1000000,813721.75
1552,lrange5,1000000,1215125.12
1553,lpush5,1000000,814423.44
1553,lrange5,1000000,1254805.50
1554,lpush5,1000000,813682.69
1554,lrange5,1000000,1240694.75
1555,lpush5,1000000,812373.69
1555,lrange5,1000000,1236133.50
1556,lpush5,1000000,809178.06
1556,lrange5,1000000,1225686.25
1557,lpush5,1000000,819000.88
1557,lrange5,1000000,1224009.88
1558,lpush5,1000000,816339.56
1558,lrange5,1000000,1236093.88
1559,lpush5,1000000,811081.88
1559,lrange5,1000000,1224127.38
1560,lpush5,1000000,813799.88
1560,lrange5,1000000,1236093.88
1561,lpush5,1000000,819092.56
1561,lrange5,1000000,1215261.25
1562,lpush5,1000000,809755.44
1562,lrange5,1000000,1224146.88
1563,lpush5,1000000,812360.69
1563,lrange5,1000000,1225509.88
1564,lpush5,1000000,811831.19
1564,lrange5,1000000,1234745.62
1565,lpush5,1000000,808420.38
1565,lrange5,1000000,1225529.38
1566,lpush5,1000000,814345.25
1566,lrange5,1000000,1203465.75
1567,lpush5,1000000,809768.44
1567,lrange5,1000000,1203446.50
1568,lpush5,1000000,786882.75
1568,lrange5,1000000,1224029.38
1569,lpush5,1000000,809229.81
1569,lrange5,1000000,1218104.75
1570,lpush5,1000000,802619.56
1570,lrange5,1000000,1237782.12
1571,lpush5,1000000,790551.81
1571,lrange5,1000000,1237722.75
1572,lpush5,1000000,806490.31
1572,lrange5,1000000,1210673.12
1573,lpush5,1000000,807154.19
1573,lrange5,1000000,1219531.75
1574,lpush5,1000000,816326.50
1574,lrange5,1000000,1224068.62
1575,lpush5,1000000,811740.25
1575,lrange5,1000000,1242236.00
1576,lpush5,1000000,811042.94
1576,lrange5,1000000,1256281.38
1577,lpush5,1000000,807831.94
1577,lrange5,1000000,1231527.12
1578,lpush5,1000000,816391.81
1578,lrange5,1000000,1242395.00
1579,lpush5,1000000,808433.31
1579,lrange5,1000000,1226993.88
1580,lpush5,1000000,807870.75
1580,lrange5,1000000,1228678.12
1581,lpush5,1000000,815804.25
1581,lrange5,1000000,1254705.12
1582,lpush5,1000000,814384.31
1582,lrange5,1000000,1234646.88
1583,lpush5,1000000,817045.75
1583,lrange5,1000000,1239157.38
1584,lpush5,1000000,803251.38
1584,lrange5,1000000,1180883.12
1585,lpush5,1000000,804543.81
1585,lrange5,1000000,1199040.75
1586,lpush5,1000000,810463.56
1586,lrange5,1000000,1189422.12
1587,lpush5,1000000,808472.12
1587,lrange5,1000000,1210673.12
1588,lpush5,1000000,813695.69
1588,lrange5,1000000,1212315.12
1589,lpush5,1000000,815660.69
1589,lrange5,1000000,1215066.75
1590,lpush5,1000000,819829.50
1590,lrange5,1000000,1225568.62
1591,lpush5,1000000,807167.12
1591,lrange5,1000000,1213592.25
1592,lpush5,1000000,810372.81
1592,lrange5,1000000,1231763.62
1593,lpush5,1000000,804556.69
1593,lrange5,1000000,1228520.88
1594,lpush5,1000000,807754.44
1594,lrange5,1000000,1228678.12
1595,lpush5,1000000,812360.69
1595,lrange5,1000000,1231566.50
1596,lpush5,1000000,811107.81
1596,lrange5,1000000,1210673.12
1597,lpush5,1000000,813669.69
1597,lrange5,1000000,1204857.88
1598,lpush5,1000000,809755.44
1598,lrange5,1000000,1202153.88
1599,lpush5,1000000,803264.25
1599,lrange5,1000000,1233242.88
1600,lpush5,1000000,783849.50
1600,lrange5,1000000,1231625.62
1601,lpush5,1000000,809820.25
1601,lrange5,1000000,1218319.12
1602,lpush5,1000000,809716.56
1602,lrange5,1000000,1227190.25
1603,lpush5,1000000,805853.31
1603,lrange5,1000000,1239296.12
1604,lpush5,1000000,807767.31
1604,lrange5,1000000,1161551.62
1605,lpush5,1000000,811753.25
1605,lrange5,1000000,1228756.75
1606,lpush5,1000000,796191.06
1606,lrange5,1000000,1230032.00
1607,lpush5,1000000,819079.50
1607,lrange5,1000000,1210750.62
1608,lpush5,1000000,813138.19
1608,lrange5,1000000,1218202.25
1609,lpush5,1000000,812451.69
1609,lrange5,1000000,1221098.88
1610,lpush5,1000000,812399.69
1610,lrange5,1000000,1234607.38
1611,lpush5,1000000,798110.12
1611,lrange5,1000000,1225627.50
1612,lpush5,1000000,816483.25
1612,lrange5,1000000,1233223.25
1613,lpush5,1000000,805243.19
1613,lrange5,1000000,1206369.12
1614,lpush5,1000000,808498.00
1614,lrange5,1000000,1230091.00
1615,lpush5,1000000,807141.25
1615,lrange5,1000000,1234844.50
1616,lpush5,1000000,806477.44
1616,lrange5,1000000,1244039.75
1617,lpush5,1000000,812386.69
1617,lrange5,1000000,1206349.88
1618,lpush5,1000000,813099.19
1618,lrange5,1000000,1233045.62
1619,lpush5,1000000,808523.88
1619,lrange5,1000000,1256462.25
1620,lpush5,1000000,813151.19
1620,lrange5,1000000,1212237.62
1621,lpush5,1000000,817687.62
1621,lrange5,1000000,1233124.50
1622,lpush5,1000000,818422.25
1622,lrange5,1000000,1240754.38
1623,lpush5,1000000,817661.44
1623,lrange5,1000000,1227052.75
1624,lpush5,1000000,821732.12
1624,lrange5,1000000,1239177.25
1625,lpush5,1000000,805230.31
1625,lrange5,1000000,1221020.75
1626,lpush5,1000000,814475.56
1626,lrange5,1000000,1245429.62
1627,lpush5,1000000,802001.62
1627,lrange5,1000000,1193336.50
1628,lpush5,1000000,803922.88
1628,lrange5,1000000,1221020.75
1629,lpush5,1000000,811042.94
1629,lrange5,1000000,1231625.62
1630,lpush5,1000000,813164.19
1630,lrange5,1000000,1192124.00
1631,lpush5,1000000,807141.25
1631,lrange5,1000000,1221098.88
1632,lpush5,1000000,812412.69
1632,lrange5,1000000,1242236.00
1633,lpush5,1000000,815139.38
1633,lrange5,1000000,1240734.50
1634,lpush5,1000000,814332.19
1634,lrange5,1000000,1225843.12
1635,lpush5,1000000,812360.69
1635,lrange5,1000000,1230130.38
1636,lpush5,1000000,804569.56
1636,lrange5,1000000,1240933.00
1637,lpush5,1000000,818330.62
1637,lrange5,1000000,1244000.00
1638,lpush5,1000000,815035.06
1638,lrange5,1000000,1236449.88
1639,lpush5,1000000,813708.75
1639,lrange5,1000000,1222689.50
1640,lpush5,1000000,814332.19
1640,lrange5,1000000,1237623.75
1641,lpush5,1000000,815726.00
1641,lrange5,1000000,1251784.75
1642,lpush5,1000000,801963.12
1642,lrange5,1000000,1219648.75
1643,lpush5,1000000,810411.69
1643,lrange5,1000000,1237940.50
1644,lpush5,1000000,819079.50
1644,lrange5,1000000,1212315.12
1645,lpush5,1000000,819777.00
1645,lrange5,1000000,1231546.88
1646,lpush5,1000000,810411.69
1646,lrange5,1000000,1237683.12
1647,lpush5,1000000,816326.50
1647,lrange5,1000000,1215300.12
1648,lpush5,1000000,809846.12
1648,lrange5,1000000,1245330.00
1649,lpush5,1000000,826485.94
1649,lrange5,1000000,1250180.00
1650,lpush5,1000000,809100.38
1650,lrange5,1000000,1225568.62
1651,lpush5,1000000,816993.50
1651,lrange5,1000000,1240694.75
1652,lpush5,1000000,817739.94
1652,lrange5,1000000,1237762.38
1653,lpush5,1000000,811146.75
1653,lrange5,1000000,1243801.00
1654,lpush5,1000000,813034.12
1654,lrange5,1000000,1236153.25
1655,lpush5,1000000,812477.69
1655,lrange5,1000000,1216759.12
1656,lpush5,1000000,816326.50
1656,lrange5,1000000,1204973.50
1657,lpush5,1000000,803225.69
1657,lrange5,1000000,1207729.50
1658,lpush5,1000000,811068.94
1658,lrange5,1000000,1243840.75
1659,lpush5,1000000,813669.69
1659,lrange5,1000000,1230110.62
1660,lpush5,1000000,807857.81
1660,lrange5,1000000,1213631.12
1661,lpush5,1000000,813682.69
1661,lrange5,1000000,1222767.75
1662,lpush5,1000000,812347.75
1662,lrange5,1000000,1228992.62
1663,lpush5,1000000,808549.75
1663,lrange5,1000000,1207826.12
1664,lpush5,1000000,807780.25
1664,lrange5,1000000,1250140.00
1665,lpush5,1000000,806541.94
1665,lrange5,1000000,1239157.38
1666,lpush5,1000000,780715.06
1666,lrange5,1000000,1186486.38
1667,lpush5,1000000,803858.56
1667,lrange5,1000000,1233104.88
1668,lpush5,1000000,810372.81
1668,lrange5,1000000,1247062.38
1669,lpush5,1000000,815673.75
1669,lrange5,1000000,1218143.75
1670,lpush5,1000000,805204.50
1670,lrange5,1000000,1225529.38
1671,lpush5,1000000,803897.12
1671,lrange5,1000000,1206349.88
1672,lpush5,1000000,805840.44
1672,lrange5,1000000,1227033.12
1673,lpush5,1000000,816365.69
1673,lrange5,1000000,1230169.75
1674,lpush5,1000000,815660.69
1674,lrange5,1000000,1203639.00
1675,lpush5,1000000,812503.69
1675,lrange5,1000000,1234745.62
1676,lpush5,1000000,812347.75
1676,lrange5,1000000,1242275.75
1677,lpush5,1000000,819737.69
1677,lrange5,1000000,1182070.88
1678,lpush5,1000000,807192.94
1678,lrange5,1000000,1224009.88
1679,lpush5,1000000,809755.44
1679,lrange5,1000000,1219668.25
1680,lpush5,1000000,806464.50
1680,lrange5,1000000,1227052.75
1681,lpush5,1000000,809807.25
1681,lrange5,1000000,1216642.25
1682,lpush5,1000000,814397.38
1682,lrange5,1000000,1186429.38
1683,lpush5,1000000,810424.69
1683,lrange5,1000000,1199175.12
1684,lpush5,1000000,800679.00
1684,lrange5,1000000,1231566.50
1685,lpush5,1000000,808420.38
1685,lrange5,1000000,1199040.75
1686,lpush5,1000000,817150.31
1686,lrange5,1000000,1194991.62
1687,lpush5,1000000,796812.75
1687,lrange5,1000000,1205012.12
1688,lpush5,1000000,804595.31
1688,lrange5,1000000,1227209.88
1689,lpush5,1000000,805191.62
1689,lrange5,1000000,1225568.62
1690,lpush5,1000000,812386.69
1690,lrange5,1000000,1209247.88
1691,lpush5,1000000,811714.31
1691,lrange5,1000000,1250240.00
1692,lpush5,1000000,810489.50
1692,lrange5,1000000,1239177.25
1693,lpush5,1000000,817766.12
1693,lrange5,1000000,1196401.88
1694,lpush5,1000000,788097.69
1694,lrange5,1000000,1206291.88
1695,lpush5,1000000,815804.25
1695,lrange5,1000000,1216875.88
1696,lpush5,1000000,814332.19
1696,lrange5,1000000,1233045.62
1697,lpush5,1000000,803225.69
1697,lrange5,1000000,1228855.00
1698,lpush5,1000000,805217.38
1698,lrange5,1000000,1222591.62
1699,lpush5,1000000,800704.56
1699,lrange5,1000000,1204954.25
1700,lpush5,1000000,809152.12
1700,lrange5,1000000,1222572.12
1701,lpush5,1000000,809165.06
1701,lrange5,1000000,1199098.38
1702,lpush5,1000000,817687.62
1702,lrange5,1000000,1225764.75
1703,lpush5,1000000,797473.69
1703,lrange5,1000000,1231546.88
1704,lpush5,1000000,802568.19
1704,lrange5,1000000,1228540.50
1705,lpush5,1000000,806503.25
1705,lrange5,1000000,1200633.88
1706,lpush5,1000000,794281.19
1706,lrange5,1000000,1216564.38
1707,lpush5,1000000,812360.69
1707,lrange5,1000000,1222650.38
1708,lpush5,1000000,802709.44
1708,lrange5,1000000,1216545.00
1709,lpush5,1000000,786201.31
1709,lrange5,1000000,1230051.62
1710,lpush5,1000000,819000.88
1710,lrange5,1000000,1213592.25
1711,lpush5,1000000,807205.81
1711,lrange5,1000000,1230130.38
1712,lpush5,1000000,810372.81
1712,lrange5,1000000,1200518.62
1713,lpush5,1000000,817098.06
1713,lrange5,1000000,1212257.00
1714,lpush5,1000000,803884.25
1714,lrange5,1000000,1240774.25
1715,lpush5,1000000,817019.62
1715,lrange5,1000000,1243980.12
1716,lpush5,1000000,813047.12
1716,lrange5,1000000,1233223.25
1717,lpush5,1000000,814345.25
1717,lrange5,1000000,1246882.88
1718,lpush5,1000000,799437.25
1718,lrange5,1000000,1225509.88
1719,lpush5,1000000,809833.19
1719,lrange5,1000000,1236133.50
1720,lpush5,1000000,813060.12
1720,lrange5,1000000,1234824.75
1721,lpush5,1000000,813034.12
1721,lrange5,1000000,1242275.75
1722,lpush5,1000000,819053.25
1722,lrange5,1000000,1225686.25
1723,lpush5,1000000,803251.38
1723,lrange5,1000000,1225568.62
1724,lpush5,1000000,807767.31
1724,lrange5,1000000,1228520.88
1725,lpush5,1000000,818409.19
1725,lrange5,1000000,1227013.50
1726,lpush5,1000000,803367.06
1726,lrange5,1000000,1248459.38
1727,lpush5,1000000,810437.62
1727,lrange5,1000000,1230032.00
1728,lpush5,1000000,809126.25
1728,lrange5,1000000,1209247.88
1729,lpush5,1000000,811198.69
1729,lrange5,1000000,1219570.75
1730,lpush5,1000000,820344.56
1730,lrange5,1000000,1234567.88
1731,lpush5,1000000,800653.38
1731,lrange5,1000000,1227209.88
1732,lpush5,1000000,805801.75
1732,lrange5,1000000,1236113.75
1733,lpush5,1000000,805801.75
1733,lrange5,1000000,1231743.88
1734,lpush5,1000000,811081.88
1734,lrange5,1000000,1233164.00
1735,lpush5,1000000,814995.94
1735,lrange5,1000000,1162827.88
1736,lpush5,1000000,797524.75
1736,lrange5,1000000,1146862.38
1737,lpush5,1000000,800000.00
1737,lrange5,1000000,1204973.50
1738,lpush5,1000000,798084.56
1738,lrange5,1000000,1234844.50
1739,lpush5,1000000,790627.69
1739,lrange5,1000000,1212276.38
1740,lpush5,1000000,806529.00
1740,lrange5,1000000,1215105.75
1741,lpush5,1000000,807819.06
1741,lrange5,1000000,1228579.88
1742,lpush5,1000000,786188.69
1742,lrange5,1000000,1206291.88
1743,lpush5,1000000,795634.06
1743,lrange5,1000000,1228501.25
1744,lpush5,1000000,816365.69
1744,lrange5,1000000,1219707.38
1745,lpush5,1000000,800115.19
1745,lrange5,1000000,1215105.75
1746,lpush5,1000000,813177.25
1746,lrange5,1000000,1230071.25
1747,lpush5,1000000,818409.19
1747,lrange5,1000000,1237920.75
1748,lpush5,1000000,805204.50
1748,lrange5,1000000,1221157.50
1749,lpush5,1000000,813164.19
1749,lrange5,1000000,1227111.62
1750,lpush5,1000000,811030.00
1750,lrange5,1000000,1228678.12
1751,lpush5,1000000,808472.12
1751,lrange5,1000000,1236173.00
1752,lpush5,1000000,803251.38
1752,lrange5,1000000,1225666.75
1753,lpush5,1000000,805243.19
1753,lrange5,1000000,1224068.62
1754,lpush5,1000000,813695.69
1754,lrange5,1000000,1215125.12
1755,lpush5,1000000,811727.25
1755,lrange5,1000000,1216545.00
1756,lpush5,1000000,805879.06
1756,lrange5,1000000,1209325.25
1757,lpush5,1000000,807844.88
1757,lrange5,1000000,1206465.62
1758,lpush5,1000000,800704.56
1758,lrange5,1000000,1210847.50
1759,lpush5,1000000,808407.44
1759,lrange5,1000000,1236232.38
1760,lpush5,1000000,810372.81
1760,lrange5,1000000,1233065.38
1761,lpush5,1000000,818343.69
1761,lrange5,1000000,1219551.25
1762,lpush5,1000000,813008.12
1762,lrange5,1000000,1222533.00
1763,lpush5,1000000,813086.19
1763,lrange5,1000000,1231665.00
1764,lpush5,1000000,813021.12
1764,lrange5,1000000,1237782.12
1765,lpush5,1000000,815765.12
1765,lrange5,1000000,1221138.00
1766,lpush5,1000000,816352.62
1766,lrange5,1000000,1233065.38
1767,lpush5,1000000,813086.19
1767,lrange5,1000000,1222493.88
1768,lpush5,1000000,810372.81
1768,lrange5,1000000,1209383.25
1769,lpush5,1000000,807205.81
1769,lrange5,1000000,1206311.25
1770,lpush5,1000000,812412.69
1770,lrange5,1000000,1234666.62
1771,lpush5,1000000,823789.12
1771,lrange5,1000000,1199213.50
1772,lpush5,1000000,809872.06
1772,lrange5,1000000,1231586.25
1773,lpush5,1000000,811159.75
1773,lrange5,1000000,1024622.94
1774,lpush5,1000000,788694.00
1774,lrange5,1000000,1224029.38
1775,lpush5,1000000,815673.75
1775,lrange5,1000000,1240972.75
1776,lpush5,1000000,815660.69
1776,lrange5,1000000,1219512.25
1777,lpush5,1000000,797601.31
1777,lrange5,1000000,1221157.50
1778,lpush5,1000000,811094.88
1778,lrange5,1000000,1225509.88
1779,lpush5,1000000,812451.69
1779,lrange5,1000000,1242434.75
1780,lpush5,1000000,812386.69
1780,lrange5,1000000,1218163.25
1781,lpush5,1000000,817779.19
1781,lrange5,1000000,1207748.75
1782,lpush5,1000000,811766.25
1782,lrange5,1000000,1245369.88
1783,lpush5,1000000,821692.69
1783,lrange5,1000000,1209325.25
1784,lpush5,1000000,813021.12
1784,lrange5,1000000,1221216.12
1785,lpush5,1000000,809100.38
1785,lrange5,1000000,1233164.00
1786,lpush5,1000000,802568.19
1786,lrange5,1000000,1240992.62
1787,lpush5,1000000,811042.94
1787,lrange5,1000000,1248459.38
1788,lpush5,1000000,788731.88
1788,lrange5,1000000,1231684.75
1789,lpush5,1000000,818356.81
1789,lrange5,1000000,1203485.00
1790,lpush5,1000000,815087.19
1790,lrange5,1000000,1234587.62
1791,lpush5,1000000,805814.62
1791,lrange5,1000000,1231606.00
1792,lpush5,1000000,808433.31
1792,lrange5,1000000,1251584.50
1793,lpush5,1000000,811779.25
1793,lrange5,1000000,1245549.25
1794,lpush5,1000000,804038.62
1794,lrange5,1000000,1227229.50
1795,lpush5,1000000,814384.31
1795,lrange5,1000000,1237643.50
1796,lpush5,1000000,813708.75
1796,lrange5,1000000,1226993.88
1797,lpush5,1000000,811753.25
1797,lrange5,1000000,1239395.38
1798,lpush5,1000000,809820.25
1798,lrange5,1000000,1246962.62
1799,lpush5,1000000,792443.75
1799,lrange5,1000000,1231684.75
1800,lpush5,1000000,815035.06
1800,lrange5,1000000,1219609.75
1801,lpush5,1000000,798849.88
1801,lrange5,1000000,1240933.00
1802,lpush5,1000000,811701.31
1802,lrange5,1000000,1251624.50
1803,lpush5,1000000,813669.69
1803,lrange5,1000000,1205012.12
1804,lpush5,1000000,811844.19
1804,lrange5,1000000,1244019.88
1805,lpush5,1000000,811701.31
1805,lrange5,1000000,1218143.75
1806,lpush5,1000000,812360.69
1806,lrange5,1000000,1231645.38
1807,lpush5,1000000,815699.88
1807,lrange5,1000000,1236093.88
1808,lpush5,1000000,813708.75
1808,lrange5,1000000,1224049.00
1809,lpush5,1000000,811740.25
1809,lrange5,1000000,1230209.12
1810,lpush5,1000000,808407.44
1810,lrange5,1000000,1234567.88
1811,lpush5,1000000,814423.44
1811,lrange5,1000000,1191895.12
1812,lpush5,1000000,823723.25
1812,lrange5,1000000,1233124.50
1813,lpush5,1000000,790640.31
1813,lrange5,1000000,1227170.50
1814,lpush5,1000000,771617.31
1814,lrange5,1000000,1233242.88
1815,lpush5,1000000,803935.69
1815,lrange5,1000000,1228501.25
1816,lpush5,1000000,819040.19
1816,lrange5,1000000,1242355.25
1817,lpush5,1000000,813008.12
1817,lrange5,1000000,1240853.62
1818,lpush5,1000000,812347.75
1818,lrange5,1000000,1210673.12
1819,lpush5,1000000,814995.94
1819,lrange5,1000000,1236271.88
1820,lpush5,1000000,798186.75
1820,lrange5,1000000,1224244.88
1821,lpush5,1000000,810398.75
1821,lrange5,1000000,1225529.38
1822,lpush5,1000000,816431.00
1822,lrange5,1000000,1213747.62
1823,lpush5,1000000,815673.75
1823,lrange5,1000000,1206369.12
1824,lpush5,1000000,809061.50
1824,lrange5,1000000,1233045.62
1825,lpush5,1000000,816378.75
1825,lrange5,1000000,1231842.38
1826,lpush5,1000000,817045.75
1826,lrange5,1000000,1230071.25
1827,lpush5,1000000,806503.25
1827,lrange5,1000000,1221118.38
1828,lpush5,1000000,813060.12
1828,lrange5,1000000,1194896.00
1829,lpush5,1000000,801384.62
1829,lrange5,1000000,1219687.88
1830,lpush5,1000000,811146.75
1830,lrange5,1000000,1258083.00
1831,lpush5,1000000,814384.31
1831,lrange5,1000000,1242375.12
1832,lpush5,1000000,814345.25
1832,lrange5,1000000,1233242.88
1833,lpush5,1000000,810437.62
1833,lrange5,1000000,1187819.50
1834,lpush5,1000000,811818.19
1834,lrange5,1000000,1227033.12
1835,lpush5,1000000,816326.50
1835,lrange5,1000000,1228579.88
1836,lpush5,1000000,805930.69
1836,lrange5,1000000,1169684.12
1837,lpush5,1000000,788185.94
1837,lrange5,1000000,1200691.50
1838,lpush5,1000000,812490.69
1838,lrange5,1000000,1239316.00
1839,lpush5,1000000,809061.50
1839,lrange5,1000000,1237623.75
1840,lpush5,1000000,809216.88
1840,lrange5,1000000,1221079.38
1841,lpush5,1000000,811740.25
1841,lrange5,1000000,1239197.00
1842,lpush5,1000000,821824.12
1842,lrange5,1000000,1239157.38
1843,lpush5,1000000,813721.75
1843,lrange5,1000000,1224088.12
1844,lpush5,1000000,805969.31
1844,lrange5,1000000,1243860.62
1845,lpush5,1000000,809846.12
1845,lrange5,1000000,1225509.88
1846,lpush5,1000000,809074.50
1846,lrange5,1000000,1222611.25
1847,lpush5,1000000,815126.31
1847,lrange5,1000000,1233085.12
1848,lpush5,1000000,814423.44
1848,lrange5,1000000,1245569.12
1849,lpush5,1000000,791202.50
1849,lrange5,1000000,1157500.00
1850,lpush5,1000000,785558.50
1850,lrange5,1000000,1145603.62
1851,lpush5,1000000,777704.50
1851,lrange5,1000000,1169759.00
1852,lpush5,1000000,807102.50
1852,lrange5,1000000,1225509.88
1853,lpush5,1000000,805153.00
1853,lrange5,1000000,1243781.12
1854,lpush5,1000000,819737.69
1854,lrange5,1000000,1182052.00
1855,lpush5,1000000,817674.56
1855,lrange5,1000000,1216759.12
1856,lpush5,1000000,808407.44
1856,lrange5,1000000,1215066.75
1857,lpush5,1000000,807192.94
1857,lrange5,1000000,1234607.38
1858,lpush5,1000000,781923.38
1858,lrange5,1000000,1221020.75
1859,lpush5,1000000,808407.44
1859,lrange5,1000000,1216681.25
1860,lpush5,1000000,800666.19
1860,lrange5,1000000,1216622.88
1861,lpush5,1000000,812399.69
1861,lrange5,1000000,1218085.25
1862,lpush5,1000000,816483.25
1862,lrange5,1000000,1240694.75
1863,lpush5,1000000,815804.25
1863,lrange5,1000000,1213592.25
1864,lpush5,1000000,809113.31
1864,lrange5,1000000,1228579.88
1865,lpush5,1000000,809716.56
1865,lrange5,1000000,1215164.00
1866,lpush5,1000000,808459.19
1866,lrange5,1000000,1239157.38
1867,lpush5,1000000,797537.50
1867,lrange5,1000000,1210770.00
1868,lpush5,1000000,807192.94
1868,lrange5,1000000,1204819.25
1869,lpush5,1000000,810424.69
1869,lrange5,1000000,1239375.50
1870,lpush5,1000000,814410.38
1870,lrange5,1000000,1221020.75
1871,lpush5,1000000,817818.44
1871,lrange5,1000000,1225549.00
1872,lpush5,1000000,808459.19
1872,lrange5,1000000,1213689.38
1873,lpush5,1000000,797499.25
1873,lrange5,1000000,1239256.50
1874,lpush5,1000000,805801.75
1874,lrange5,1000000,1224205.62
1875,lpush5,1000000,810463.56
1875,lrange5,1000000,1224166.50
1876,lpush5,1000000,811211.62
1876,lrange5,1000000,1187743.50
1877,lpush5,1000000,809755.44
1877,lrange5,1000000,1221001.25
1878,lpush5,1000000,812425.69
1878,lrange5,1000000,1234587.62
1879,lpush5,1000000,780677.56
1879,lrange5,1000000,1242434.75
1880,lpush5,1000000,816326.50
1880,lrange5,1000000,1227072.38
1881,lpush5,1000000,807819.06
1881,lrange5,1000000,1227013.50
1882,lpush5,1000000,809716.56
1882,lrange5,1000000,1234567.88
1883,lpush5,1000000,813669.69
1883,lrange5,1000000,1213650.50
1884,lpush5,1000000,812360.69
1884,lrange5,1000000,1231684.75
1885,lpush5,1000000,814410.38
1885,lrange5,1000000,1201961.50
1886,lpush5,1000000,805917.75
1886,lrange5,1000000,1196267.88
1887,lpush5,1000000,803251.38
1887,lrange5,1000000,1234725.88
1888,lpush5,1000000,815113.31
1888,lrange5,1000000,1187819.50
1889,lpush5,1000000,811133.81
1889,lrange5,1000000,1246902.75
1890,lpush5,1000000,810437.62
1890,lrange5,1000000,1236192.75
1891,lpush5,1000000,807205.81
1891,lrange5,1000000,1218046.38
1892,lpush5,1000000,805230.31
1892,lrange5,1000000,1213864.12
1893,lpush5,1000000,809781.38
1893,lrange5,1000000,1210673.12
1894,lpush5,1000000,809165.06
1894,lrange5,1000000,1234745.62
1895,lpush5,1000000,808601.44
1895,lrange5,1000000,1227209.88
1896,lpush5,1000000,815660.69
1896,lrange5,1000000,1234567.88
1897,lpush5,1000000,805153.00
1897,lrange5,1000000,1234567.88
1898,lpush5,1000000,796191.06
1898,lrange5,1000000,1245409.75
1899,lpush5,1000000,813073.19
1899,lrange5,1000000,1230248.38
1900,lpush5,1000000,809139.19
1900,lrange5,1000000,1213611.62
1901,lpush5,1000000,805814.62
1901,lrange5,1000000,1231763.62
1902,lpush5,1000000,808472.12
1902,lrange5,1000000,1237801.88
1903,lpush5,1000000,807767.31
1903,lrange5,1000000,1231783.25
1904,lpush5,1000000,811727.25
1904,lrange5,1000000,1216759.12
1905,lpush5,1000000,813721.75
1905,lrange5,1000000,1221098.88
1906,lpush5,1000000,805892.00
1906,lrange5,1000000,1222611.25
1907,lpush5,1000000,792481.81
1907,lrange5,1000000,1207826.12
1908,lpush5,1000000,813060.12
1908,lrange5,1000000,1233302.12
1909,lpush5,1000000,808446.25
1909,lrange5,1000000,1196229.62
1910,lpush5,1000000,807244.56
1910,lrange5,1000000,1202057.62
1911,lpush5,1000000,813086.19
1911,lrange5,1000000,1222885.00
1912,lpush5,1000000,812347.75
1912,lrange5,1000000,1192181.12
1913,lpush5,1000000,803897.12
1913,lrange5,1000000,1242434.75
1914,lpush5,1000000,810476.50
1914,lrange5,1000000,1237762.38
1915,lpush5,1000000,810372.81
1915,lrange5,1000000,1209209.12
1916,lpush5,1000000,808485.06
1916,lrange5,1000000,1231743.88
1917,lpush5,1000000,815139.38
1917,lrange5,1000000,1224127.38
1918,lpush5,1000000,811766.25
1918,lrange5,1000000,1207826.12
1919,lpush5,1000000,814995.94
1919,lrange5,1000000,1228717.38
1920,lpush5,1000000,808407.44
1920,lrange5,1000000,1237742.50
1921,lpush5,1000000,807102.50
1921,lrange5,1000000,1213708.75
1922,lpush5,1000000,811714.31
1922,lrange5,1000000,1221157.50
1923,lpush5,1000000,806464.50
1923,lrange5,1000000,1224107.75
1924,lpush5,1000000,818330.62
1924,lrange5,1000000,1237663.38
1925,lpush5,1000000,811688.31
1925,lrange5,1000000,1219707.38
1926,lpush5,1000000,801963.12
1926,lrange5,1000000,1228619.12
1927,lpush5,1000000,818356.81
1927,lrange5,1000000,1221059.88
1928,lpush5,1000000,813669.69
1928,lrange5,1000000,1225627.50
1929,lpush5,1000000,810385.75
1929,lrange5,1000000,1237683.12
1930,lpush5,1000000,809113.31
1930,lrange5,1000000,1164367.88
1931,lpush5,1000000,796863.75
1931,lrange5,1000000,1236647.75
1932,lpush5,1000000,807844.88
1932,lrange5,1000000,1205012.12
1933,lpush5,1000000,812477.69
1933,lrange5,1000000,1215319.50
1934,lpush5,1000000,815295.88
1934,lrange5,1000000,1240893.25
1935,lpush5,1000000,785571.06
1935,lrange5,1000000,1225764.75
1936,lpush5,1000000,812373.69
1936,lrange5,1000000,1218026.88
1937,lpush5,1000000,788719.25
1937,lrange5,1000000,1231645.38
1938,lpush5,1000000,814449.50
1938,lrange5,1000000,1240853.62
1939,lpush5,1000000,809191.00
1939,lrange5,1000000,1215066.75
1940,lpush5,1000000,816339.56
1940,lrange5,1000000,1207748.75
1941,lpush5,1000000,807154.19
1941,lrange5,1000000,1227072.38
1942,lpush5,1000000,799386.06
1942,lrange5,1000000,1240754.38
1943,lpush5,1000000,801282.06
1943,lrange5,1000000,1224029.38
1944,lpush5,1000000,801294.88
1944,lrange5,1000000,1237861.38
1945,lpush5,1000000,813021.12
1945,lrange5,1000000,1231566.50
1946,lpush5,1000000,818396.06
1946,lrange5,1000000,1230051.62
1947,lpush5,1000000,814397.38
1947,lrange5,1000000,1234666.62
1948,lpush5,1000000,815048.06
1948,lrange5,1000000,1237623.75
1949,lpush5,1000000,807754.44
1949,lrange5,1000000,1227072.38
1950,lpush5,1000000,817753.06
1950,lrange5,1000000,1223990.25
1951,lpush5,1000000,812425.69
1951,lrange5,1000000,1233045.62
1952,lpush5,1000000,807205.81
1952,lrange5,1000000,1216564.38
1953,lpush5,1000000,810372.81
1953,lrange5,1000000,1230071.25
1954,lpush5,1000000,811766.25
1954,lrange5,1000000,1222669.88
1955,lpush5,1000000,809139.19
1955,lrange5,1000000,1222748.12
1956,lpush5,1000000,801320.50
1956,lrange5,1000000,1222709.00
1957,lpush5,1000000,808420.38
1957,lrange5,1000000,1215280.62
1958,lpush5,1000000,814332.19
1958,lrange5,1000000,1204838.62
1959,lpush5,1000000,805904.88
1959,lrange5,1000000,1197624.00
1960,lpush5,1000000,804595.31
1960,lrange5,1000000,1240933.00
1961,lpush5,1000000,807167.12
1961,lrange5,1000000,1212198.75
1962,lpush5,1000000,809100.38
1962,lrange5,1000000,1213689.38
1963,lpush5,1000000,819000.88
1963,lrange5,1000000,1234725.88
1964,lpush5,1000000,814449.50
1964,lrange5,1000000,1230012.25
1965,lpush5,1000000,806503.25
1965,lrange5,1000000,1242315.50
1966,lpush5,1000000,811701.31
1966,lrange5,1000000,1234627.12
1967,lpush5,1000000,808433.31
1967,lrange5,1000000,1221020.75
1968,lpush5,1000000,821837.31
1968,lrange5,1000000,1230228.75
1969,lpush5,1000000,800038.38
1969,lrange5,1000000,1234587.62
1970,lpush5,1000000,814995.94
1970,lrange5,1000000,1237643.50
1971,lpush5,1000000,792519.81
1971,lrange5,1000000,1240714.62
1972,lpush5,1000000,806477.44
1972,lrange5,1000000,1172520.50
1973,lpush5,1000000,800076.81
1973,lrange5,1000000,1225588.25
1974,lpush5,1000000,820344.56
1974,lrange5,1000000,1215222.38
1975,lpush5,1000000,806516.12
1975,lrange5,1000000,1215086.25
1976,lpush5,1000000,813721.75
1976,lrange5,1000000,1231586.25
1977,lpush5,1000000,794293.94
1977,lrange5,1000000,1219551.25
1978,lpush5,1000000,791177.19
1978,lrange5,1000000,1203427.25
1979,lpush5,1000000,811831.19
1979,lrange5,1000000,1239474.62
1980,lpush5,1000000,804608.19
1980,lrange5,1000000,1250120.00
1981,lpush5,1000000,809074.50
1981,lrange5,1000000,1234745.62
1982,lpush5,1000000,810463.56
1982,lrange5,1000000,1236113.75
1983,lpush5,1000000,814995.94
1983,lrange5,1000000,1231527.12
1984,lpush5,1000000,806503.25
1984,lrange5,1000000,1204857.88
1985,lpush5,1000000,812360.69
1985,lrange5,1000000,1243820.88
1986,lpush5,1000000,807205.81
1986,lrange5,1000000,1222493.88
1987,lpush5,1000000,799373.25
1987,lrange5,1000000,1221001.25
1988,lpush5,1000000,805191.62
1988,lrange5,1000000,1216545.00
1989,lpush5,1000000,809074.50
1989,lrange5,1000000,1200595.38
1990,lpush5,1000000,816378.75
1990,lrange5,1000000,1197624.00
1991,lpush5,1000000,799411.62
1991,lrange5,1000000,1231566.50
1992,lpush5,1000000,805153.00
1992,lrange5,1000000,1233124.50
1993,lpush5,1000000,813682.69
1993,lrange5,1000000,1231842.38
1994,lpush5,1000000,811688.31
1994,lrange5,1000000,1221098.88
1995,lpush5,1000000,815739.00
1995,lrange5,1000000,1209441.38
1996,lpush5,1000000,811055.94
1996,lrange5,1000000,1213767.00
1997,lpush5,1000000,814995.94
1997,lrange5,1000000,1226993.88
1998,lpush5,1000000,814995.94
1998,lrange5,1000000,1233124.50
1999,lpush5,1000000,812373.69
1999,lrange5,1000000,1224186.12
2000,lpush5,1000000,812412.69
2000,lrange5,1000000,1215202.88
