operation,mean_rps,trials
lpush5,804992.681735,2000
lrange5,1230702.025730,2000
