trial,operation,requests,rps
1,lpush5,1000000,753675.94
1,lrange5,1000000,1278792.88
2,lpush5,1000000,823163.75
2,lrange5,1000000,1265843.00
3,lpush5,1000000,833466.62
3,lrange5,1000000,1193756.62
4,lpush5,1000000,834095.06
4,lrange5,1000000,1287021.88
5,lpush5,1000000,836833.44
5,lrange5,1000000,1227013.50
6,lpush5,1000000,841831.69
6,lrange5,1000000,1262767.62
7,lpush5,1000000,835421.88
7,lrange5,1000000,1291989.62
8,lpush5,1000000,836120.44
8,lrange5,1000000,1297182.88
9,lpush5,1000000,835421.88
9,lrange5,1000000,1245449.62
10,lpush5,1000000,840403.31
10,lrange5,1000000,1298805.25
11,lpush5,1000000,832772.69
11,lrange5,1000000,1293743.88
12,lpush5,1000000,839711.19
12,lrange5,1000000,1295378.25
13,lpush5,1000000,832639.50
13,lrange5,1000000,1196516.75
14,lpush5,1000000,831946.75
14,lrange5,1000000,1287104.25
15,lpush5,1000000,825188.12
15,lrange5,1000000,1195106.38
16,lpush5,1000000,832812.69
16,lrange5,1000000,1207903.38
17,lpush5,1000000,832013.31
17,lrange5,1000000,1293764.50
18,lpush5,1000000,836147.19
18,lrange5,1000000,1256462.25
19,lpush5,1000000,843949.44
19,lrange5,1000000,1292010.38
20,lpush5,1000000,835555.56
20,lrange5,1000000,1257861.62
21,lpush5,1000000,834081.75
21,lrange5,1000000,1287145.38
22,lpush5,1000000,828699.25
22,lrange5,1000000,1176508.25
23,lpush5,1000000,838939.56
23,lrange5,1000000,1292010.38
24,lpush5,1000000,830564.81
24,lrange5,1000000,1283717.62
25,lpush5,1000000,832692.75
25,lrange5,1000000,1178007.12
26,lpush5,1000000,825803.50
26,lrange5,1000000,1285388.12
27,lpush5,1000000,838236.44
27,lrange5,1000000,1250140.00
28,lpush5,1000000,834751.31
28,lrange5,1000000,1218065.75
29,lpush5,1000000,839670.88
29,lrange5,1000000,1265822.75
30,lpush5,1000000,829253.75
30,lrange5,1000000,802696.62
31,lpush5,1000000,521409.81
31,lrange5,1000000,829306.81
32,lpush5,1000000,608720.62
32,lrange5,1000000,1197758.12
33,lpush5,1000000,823736.44
33,lrange5,1000000,1192276.50
34,lpush5,1000000,837534.31
34,lrange5,1000000,1186657.12
35,lpush5,1000000,836334.44
35,lrange5,1000000,1302104.12
36,lpush5,1000000,834161.81
36,lrange5,1000000,1290343.25
37,lpush5,1000000,834764.62
37,lrange5,1000000,1285429.25
38,lpush5,1000000,834791.38
38,lrange5,1000000,1239197.00
39,lpush5,1000000,832133.12
39,lrange5,1000000,1261235.88
40,lpush5,1000000,840416.75
40,lrange5,1000000,1300577.38
41,lpush5,1000000,836227.44
41,lrange5,1000000,1283799.75
42,lpush5,1000000,841750.88
42,lrange5,1000000,1285347.00
43,lpush5,1000000,832159.69
43,lrange5,1000000,1200902.75
44,lpush5,1000000,828619.69
44,lrange5,1000000,1270871.62
45,lpush5,1000000,840376.44
45,lrange5,1000000,1190876.25
46,lpush5,1000000,825829.94
46,lrange5,1000000,1236232.38
47,lpush5,1000000,834081.75
47,lrange5,1000000,1203696.75
48,lpush5,1000000,831374.94
48,lrange5,1000000,1259506.25
49,lpush5,1000000,841231.25
49,lrange5,1000000,1295399.00
50,lpush5,1000000,832759.38
50,lrange5,1000000,1221001.25
51,lpush5,1000000,832652.81
51,lrange5,1000000,1273966.88
52,lpush5,1000000,831361.62
52,lrange5,1000000,1199079.12
53,lpush5,1000000,832732.75
53,lrange5,1000000,1186619.25
54,lpush5,1000000,830737.56
54,lrange5,1000000,1269055.88
55,lpush5,1000000,830631.25
55,lrange5,1000000,1305504.00
56,lpush5,1000000,836187.31
56,lrange5,1000000,1243801.00
57,lpush5,1000000,829915.31
57,lrange5,1000000,1257942.12
58,lpush5,1000000,822434.25
58,lrange5,1000000,1287001.25
59,lpush5,1000000,831268.50
59,lrange5,1000000,1264242.75
60,lpush5,1000000,831960.06
60,lrange5,1000000,1298846.75
61,lpush5,1000000,822421.06
61,lrange5,1000000,1297016.88
62,lpush5,1000000,833373.31
62,lrange5,1000000,1280532.62
63,lpush5,1000000,836873.62
63,lrange5,1000000,1304031.25
64,lpush5,1000000,834778.00
64,lrange5,1000000,1292031.00
65,lpush5,1000000,833506.62
65,lrange5,1000000,1245330.00
66,lpush5,1000000,834791.38
66,lrange5,1000000,1283738.12
67,lpush5,1000000,831321.75
67,lrange5,1000000,1190533.38
68,lpush5,1000000,826472.69
68,lrange5,1000000,1283717.62
69,lpush5,1000000,827222.50
69,lrange5,1000000,1256321.62
70,lpush5,1000000,829333.38
70,lrange5,1000000,1240813.88
71,lpush5,1000000,842459.94
71,lrange5,1000000,1202153.88
72,lpush5,1000000,823789.12
72,lrange5,1000000,1197719.75
73,lpush5,1000000,825763.88
73,lrange5,1000000,1292175.75
74,lpush5,1000000,827354.88
74,lrange5,1000000,1256381.88
75,lpush5,1000000,840336.12
75,lrange5,1000000,1297016.88
76,lpush5,1000000,831960.06
76,lrange5,1000000,847457.69
77,lpush5,1000000,520850.00
77,lrange5,1000000,819027.06
78,lpush5,1000000,601684.75
78,lrange5,1000000,1304052.12
79,lpush5,1000000,834791.38
79,lrange5,1000000,1205069.88
80,lpush5,1000000,832000.00
80,lrange5,1000000,1222493.88
81,lpush5,1000000,840349.56
81,lrange5,1000000,1298805.25
82,lpush5,1000000,839114.06
82,lrange5,1000000,1200825.88
83,lpush5,1000000,822579.00
83,lrange5,1000000,1302187.50
84,lpush5,1000000,827894.06
84,lrange5,1000000,1256502.50
85,lpush5,1000000,824613.31
85,lrange5,1000000,1273885.25
86,lpush5,1000000,832692.75
86,lrange5,1000000,1183545.50
87,lpush5,1000000,837561.12
87,lrange5,1000000,1200480.12
88,lpush5,1000000,774030.94
88,lrange5,1000000,1280491.62
89,lpush5,1000000,828659.50
89,lrange5,1000000,1283717.62
90,lpush5,1000000,840443.69
90,lrange5,1000000,1261034.12
91,lpush5,1000000,839060.38
91,lrange5,1000000,851063.88
92,lpush5,1000000,837561.12
92,lrange5,1000000,1194934.25
93,lpush5,1000000,830564.81
93,lrange5,1000000,1200691.50
94,lpush5,1000000,834951.62
94,lrange5,1000000,1175219.75
95,lpush5,1000000,823124.25
95,lrange5,1000000,1206291.88
96,lpush5,1000000,823775.94
96,lrange5,1000000,1228579.88
97,lpush5,1000000,836307.69
97,lrange5,1000000,1096701.75
98,lpush5,1000000,807154.19
98,lrange5,1000000,1288783.50
99,lpush5,1000000,831308.44
99,lrange5,1000000,1275591.88
100,lpush5,1000000,838223.00
100,lrange5,1000000,1251724.62
101,lpush5,1000000,838939.56
101,lrange5,1000000,1302250.00
102,lpush5,1000000,831401.50
102,lrange5,1000000,1270709.00
103,lpush5,1000000,832066.56
103,lrange5,1000000,1250020.00
104,lpush5,1000000,825254.12
104,lrange5,1000000,1288659.75
105,lpush5,1000000,832159.69
105,lrange5,1000000,1199424.50
106,lpush5,1000000,831973.38
106,lrange5,1000000,1265883.50
107,lpush5,1000000,839738.06
107,lrange5,1000000,1202134.62
108,lpush5,1000000,829915.31
108,lrange5,1000000,1302166.62
109,lpush5,1000000,836120.44
109,lrange5,1000000,1298846.75
110,lpush5,1000000,825935.62
110,lrange5,1000000,1298722.12
111,lpush5,1000000,837628.12
111,lrange5,1000000,1285347.00
112,lpush5,1000000,827196.06
112,lrange5,1000000,1298909.12
113,lpush5,1000000,829240.50
113,lrange5,1000000,1302187.50
114,lpush5,1000000,829187.44
114,lrange5,1000000,1298888.38
115,lpush5,1000000,835475.31
115,lrange5,1000000,1204819.25
116,lpush5,1000000,832879.31
116,lrange5,1000000,1277221.00
117,lpush5,1000000,832639.50
117,lrange5,1000000,1264283.12
118,lpush5,1000000,831388.25
118,lrange5,1000000,1183564.50
119,lpush5,1000000,841993.31
119,lrange5,1000000,1300410.88
120,lpush5,1000000,832759.38
120,lrange5,1000000,1292051.75
121,lpush5,1000000,830034.81
121,lrange5,1000000,1204877.12
122,lpush5,1000000,834751.31
122,lrange5,1000000,1300619.00
123,lpush5,1000000,834228.50
123,lrange5,1000000,1290467.12
124,lpush5,1000000,832706.12
124,lrange5,1000000,1300473.38
125,lpush5,1000000,839818.62
125,lrange5,1000000,1246922.75
126,lpush5,1000000,829928.62
126,lrange5,1000000,1219629.25
127,lpush5,1000000,836334.44
127,lrange5,1000000,1300452.50
128,lpush5,1000000,838979.81
128,lrange5,1000000,1300390.12
129,lpush5,1000000,831374.94
129,lrange5,1000000,1203793.12
130,lpush5,1000000,832746.06
130,lrange5,1000000,1272285.00
131,lpush5,1000000,834241.88
131,lrange5,1000000,1285552.75
132,lpush5,1000000,829875.50
132,lrange5,1000000,1275510.25
133,lpush5,1000000,836187.31
133,lrange5,1000000,1059644.00
134,lpush5,1000000,837520.94
134,lrange5,1000000,1197758.12
135,lpush5,1000000,839818.62
135,lrange5,1000000,1302083.38
136,lpush5,1000000,834844.75
136,lrange5,1000000,1282215.38
137,lpush5,1000000,834188.50
137,lrange5,1000000,1300619.00
138,lpush5,1000000,824481.44
138,lrange5,1000000,1262787.88
139,lpush5,1000000,832106.50
139,lrange5,1000000,1302166.62
140,lpush5,1000000,832799.38
140,lrange5,1000000,1300431.75
141,lpush5,1000000,828579.94
141,lrange5,1000000,1305671.12
142,lpush5,1000000,825240.94
142,lrange5,1000000,1275510.25
143,lpush5,1000000,832639.50
143,lrange5,1000000,1292217.12
144,lpush5,1000000,832053.25
144,lrange5,1000000,1300390.12
145,lpush5,1000000,836133.81
145,lrange5,1000000,1264222.50
146,lpush5,1000000,836860.19
146,lrange5,1000000,1298888.38
147,lpush5,1000000,827814.62
147,lrange5,1000000,1283717.62
148,lpush5,1000000,834095.06
148,lrange5,1000000,1305650.12
149,lpush5,1000000,836147.19
149,lrange5,1000000,1302250.00
150,lpush5,1000000,837007.50
150,lrange5,1000000,1303780.88
151,lpush5,1000000,829888.75
151,lrange5,1000000,1302083.38
152,lpush5,1000000,832692.75
152,lrange5,1000000,1305504.00
153,lpush5,1000000,837534.31
153,lrange5,1000000,1303968.62
154,lpush5,1000000,834778.00
154,lrange5,1000000,1288866.00
155,lpush5,1000000,839858.94
155,lrange5,1000000,1209557.38
156,lpush5,1000000,829359.88
156,lrange5,1000000,1302250.00
157,lpush5,1000000,833453.31
157,lrange5,1000000,1273987.25
158,lpush5,1000000,825254.12
158,lrange5,1000000,1303864.38
159,lpush5,1000000,831468.06
159,lrange5,1000000,1302125.00
160,lpush5,1000000,827841.12
160,lrange5,1000000,1302125.00
161,lpush5,1000000,843278.25
161,lrange5,1000000,1303843.50
162,lpush5,1000000,825962.06
162,lrange5,1000000,1200864.38
163,lpush5,1000000,835568.88
163,lrange5,1000000,1171053.88
164,lpush5,1000000,824468.25
164,lrange5,1000000,1283902.50
165,lpush5,1000000,829187.44
165,lrange5,1000000,1123937.12
166,lpush5,1000000,827841.12
166,lrange5,1000000,1209189.75
167,lpush5,1000000,833439.94
167,lrange5,1000000,1187781.50
168,lpush5,1000000,836873.62
168,lrange5,1000000,1303801.75
169,lpush5,1000000,836833.44
169,lrange5,1000000,1275612.25
170,lpush5,1000000,839127.50
170,lrange5,1000000,1193565.62
171,lpush5,1000000,841096.69
171,lrange5,1000000,1307336.00
172,lpush5,1000000,835582.25
172,lrange5,1000000,1307336.00
173,lpush5,1000000,832812.69
173,lrange5,1000000,1305545.75
174,lpush5,1000000,823960.50
174,lrange5,1000000,1189212.88
175,lpush5,1000000,835421.88
175,lrange5,1000000,1183848.50
176,lpush5,1000000,827182.81
176,lrange5,1000000,1196325.38
177,lpush5,1000000,830048.12
177,lrange5,1000000,1303780.88
178,lpush5,1000000,828619.69
178,lrange5,1000000,1309110.00
179,lpush5,1000000,838939.56
179,lrange5,1000000,1194934.25
180,lpush5,1000000,839670.88
180,lrange5,1000000,1262727.25
181,lpush5,1000000,832652.81
181,lrange5,1000000,1186277.62
182,lpush5,1000000,829399.69
182,lrange5,1000000,1192181.12
183,lpush5,1000000,835488.69
183,lrange5,1000000,1265863.25
184,lpush5,1000000,843908.88
184,lrange5,1000000,1283758.75
185,lpush5,1000000,831348.31
185,lrange5,1000000,1196574.12
186,lpush5,1000000,828500.38
186,lrange5,1000000,1205243.38
187,lpush5,1000000,836254.19
187,lrange5,1000000,1270648.00
188,lpush5,1000000,835515.44
188,lrange5,1000000,1189269.88
189,lpush5,1000000,838979.81
189,lrange5,1000000,1212140.62
190,lpush5,1000000,834831.44
190,lrange5,1000000,1200710.62
191,lpush5,1000000,837034.25
191,lrange5,1000000,1176809.38
192,lpush5,1000000,837748.75
192,lrange5,1000000,1298888.38
193,lpush5,1000000,832159.69
193,lrange5,1000000,1152073.75
194,lpush5,1000000,839630.56
194,lrange5,1000000,1287186.62
195,lpush5,1000000,838939.56
195,lrange5,1000000,1236113.75
196,lpush5,1000000,833413.31
196,lrange5,1000000,1272264.62
197,lpush5,1000000,851843.25
197,lrange5,1000000,1199424.50
198,lpush5,1000000,826459.50
198,lrange5,1000000,1197662.25
199,lpush5,1000000,834737.94
199,lrange5,1000000,1277302.75
200,lpush5,1000000,835421.88
200,lrange5,1000000,1230169.75
201,lpush5,1000000,834724.56
201,lrange5,1000000,1297016.88
202,lpush5,1000000,838303.44
202,lrange5,1000000,1206542.88
203,lpush5,1000000,828526.94
203,lrange5,1000000,1265964.50
204,lpush5,1000000,831388.25
204,lrange5,1000000,1259486.12
205,lpush5,1000000,827129.88
205,lrange5,1000000,1253253.12
206,lpush5,1000000,841750.88
206,lrange5,1000000,1203773.75
207,lpush5,1000000,838383.94
207,lrange5,1000000,1203446.50
208,lpush5,1000000,847471.25
208,lrange5,1000000,1233262.62
209,lpush5,1000000,843305.25
209,lrange5,1000000,1302125.00
210,lpush5,1000000,839778.38
210,lrange5,1000000,1199098.38
211,lpush5,1000000,827854.31
211,lrange5,1000000,1195049.00
212,lpush5,1000000,825306.94
212,lrange5,1000000,1196287.00
213,lpush5,1000000,835462.00
213,lrange5,1000000,1187762.50
214,lpush5,1000000,827920.56
214,lrange5,1000000,1193432.00
215,lpush5,1000000,837587.94
215,lrange5,1000000,1295336.75
216,lpush5,1000000,832159.69
216,lrange5,1000000,1010214.12
217,lpush5,1000000,831308.44
217,lrange5,1000000,1288866.00
218,lpush5,1000000,842527.38
218,lrange5,1000000,1199290.12
219,lpush5,1000000,827182.81
219,lrange5,1000000,1262949.50
220,lpush5,1000000,837762.12
220,lrange5,1000000,769280.00
221,lpush5,1000000,573120.94
221,lrange5,1000000,1272264.62
222,lpush5,1000000,826591.69
222,lrange5,1000000,1295357.50
223,lpush5,1000000,832639.50
223,lrange5,1000000,1202288.38
224,lpush5,1000000,831454.75
224,lrange5,1000000,1272305.38
225,lpush5,1000000,839630.56
225,lrange5,1000000,1288680.38
226,lpush5,1000000,827182.81
226,lrange5,1000000,1262707.12
227,lpush5,1000000,838290.06
227,lrange5,1000000,1250060.00
228,lpush5,1000000,837520.94
228,lrange5,1000000,1278792.88
229,lpush5,1000000,829928.62
229,lrange5,1000000,1293681.75
230,lpush5,1000000,827986.81
230,lrange5,1000000,1290529.12
231,lpush5,1000000,834804.69
231,lrange5,1000000,1298701.38
232,lpush5,1000000,834724.56
232,lrange5,1000000,1265822.75
233,lpush5,1000000,828540.19
233,lrange5,1000000,1189479.12
234,lpush5,1000000,841764.31
234,lrange5,1000000,837534.31
235,lpush5,1000000,704721.62
235,lrange5,1000000,1305587.50
236,lpush5,1000000,839751.50
236,lrange5,1000000,1215105.75
237,lpush5,1000000,838993.25
237,lrange5,1000000,1197949.75
238,lpush5,1000000,838966.44
238,lrange5,1000000,1290508.38
239,lpush5,1000000,841845.12
239,lrange5,1000000,1193432.00
240,lpush5,1000000,834215.19
240,lrange5,1000000,1272285.00
241,lpush5,1000000,837654.94
241,lrange5,1000000,1282215.38
242,lpush5,1000000,842554.31
242,lrange5,1000000,1297224.38
243,lpush5,1000000,829981.69
243,lrange5,1000000,1221157.50
244,lpush5,1000000,835435.25
244,lrange5,1000000,1283881.88
245,lpush5,1000000,832652.81
245,lrange5,1000000,1295440.38
246,lpush5,1000000,834751.31
246,lrange5,1000000,1265822.75
247,lpush5,1000000,836240.81
247,lrange5,1000000,1171147.62
248,lpush5,1000000,835542.19
248,lrange5,1000000,1202192.25
249,lpush5,1000000,846091.31
249,lrange5,1000000,1302354.12
250,lpush5,1000000,839697.75
250,lrange5,1000000,1285429.25
251,lpush5,1000000,845376.19
251,lrange5,1000000,1273987.25
252,lpush5,1000000,833333.31
252,lrange5,1000000,1302229.12
253,lpush5,1000000,834831.44
253,lrange5,1000000,1199194.25
254,lpush5,1000000,834818.06
254,lrange5,1000000,1264364.12
255,lpush5,1000000,834041.69
255,lrange5,1000000,1277139.25
256,lpush5,1000000,834858.12
256,lrange5,1000000,1254905.88
257,lpush5,1000000,841042.88
257,lrange5,1000000,1280409.75
258,lpush5,1000000,832759.38
258,lrange5,1000000,1246982.62
259,lpush5,1000000,836887.00
259,lrange5,1000000,1197719.75
260,lpush5,1000000,826525.62
260,lrange5,1000000,1299033.75
261,lpush5,1000000,834911.56
261,lrange5,1000000,1175294.88
262,lpush5,1000000,832639.50
262,lrange5,1000000,1251744.62
263,lpush5,1000000,834121.75
263,lrange5,1000000,1297141.38
264,lpush5,1000000,833493.31
264,lrange5,1000000,1187990.50
265,lpush5,1000000,840389.88
265,lrange5,1000000,1190895.25
266,lpush5,1000000,829359.88
266,lrange5,1000000,1196593.25
267,lpush5,1000000,836120.44
267,lrange5,1000000,1292217.12
268,lpush5,1000000,834095.06
268,lrange5,1000000,1278792.88
269,lpush5,1000000,821889.88
269,lrange5,1000000,1275510.25
270,lpush5,1000000,829240.50
270,lrange5,1000000,1256281.38
271,lpush5,1000000,836873.62
271,lrange5,1000000,1154826.75
272,lpush5,1000000,836980.69
272,lrange5,1000000,1302104.12
273,lpush5,1000000,836887.00
273,lrange5,1000000,1293681.75
274,lpush5,1000000,832679.44
274,lrange5,1000000,1287063.00
275,lpush5,1000000,837047.69
275,lrange5,1000000,1293681.75
276,lpush5,1000000,836254.19
276,lrange5,1000000,1303968.62
277,lpush5,1000000,848190.00
277,lrange5,1000000,1297016.88
278,lpush5,1000000,839644.00
278,lrange5,1000000,1300577.38
279,lpush5,1000000,834818.06
279,lrange5,1000000,1165874.12
280,lpush5,1000000,830710.94
280,lrange5,1000000,1256281.38
281,lpush5,1000000,837668.31
281,lrange5,1000000,1290384.50
282,lpush5,1000000,837007.50
282,lrange5,1000000,1280491.62
283,lpush5,1000000,832772.69
283,lrange5,1000000,1192143.00
284,lpush5,1000000,834911.56
284,lrange5,1000000,1272285.00
285,lpush5,1000000,835462.00
285,lrange5,1000000,1243820.88
286,lpush5,1000000,831428.12
286,lrange5,1000000,1187895.50
287,lpush5,1000000,836833.44
287,lrange5,1000000,1180637.50
288,lpush5,1000000,832799.38
288,lrange5,1000000,1248439.50
289,lpush5,1000000,827867.56
289,lrange5,1000000,1189498.12
290,lpush5,1000000,828026.50
290,lrange5,1000000,1273926.12
291,lpush5,1000000,838424.19
291,lrange5,1000000,1282277.00
292,lpush5,1000000,827143.12
292,lrange5,1000000,1189479.12
293,lpush5,1000000,834778.00
293,lrange5,1000000,1018655.81
294,lpush5,1000000,826671.06
294,lrange5,1000000,1185042.62
295,lpush5,1000000,827827.88
295,lrange5,1000000,1187648.50
296,lpush5,1000000,828632.94
296,lrange5,1000000,864414.94
297,lpush5,1000000,514551.44
297,lrange5,1000000,977626.56
298,lpush5,1000000,826472.69
298,lrange5,1000000,1180656.38
299,lpush5,1000000,837574.56
299,lrange5,1000000,1186695.12
300,lpush5,1000000,833519.94
300,lrange5,1000000,1193336.50
301,lpush5,1000000,831468.06
301,lrange5,1000000,1186486.38
302,lpush5,1000000,832093.19
302,lrange5,1000000,1264364.12
303,lpush5,1000000,833546.62
303,lrange5,1000000,1275510.25
304,lpush5,1000000,841164.00
304,lrange5,1000000,1295378.25
305,lpush5,1000000,835595.62
305,lrange5,1000000,1261054.25
306,lpush5,1000000,831255.25
306,lrange5,1000000,1298722.12
307,lpush5,1000000,831268.50
307,lrange5,1000000,1298742.88
308,lpush5,1000000,839791.81
308,lrange5,1000000,1187686.50
309,lpush5,1000000,843949.44
309,lrange5,1000000,1300556.62
310,lpush5,1000000,823881.38
310,lrange5,1000000,1282133.38
311,lpush5,1000000,837520.94
311,lrange5,1000000,1277323.12
312,lpush5,1000000,837520.94
312,lrange5,1000000,1295378.25
313,lpush5,1000000,837628.12
313,lrange5,1000000,1287186.62
314,lpush5,1000000,832000.00
314,lrange5,1000000,1200499.38
315,lpush5,1000000,829240.50
315,lrange5,1000000,1297141.38
316,lpush5,1000000,836913.75
316,lrange5,1000000,1282051.38
317,lpush5,1000000,834858.12
317,lrange5,1000000,1194800.50
318,lpush5,1000000,832133.12
318,lrange5,1000000,1190495.25
319,lpush5,1000000,839127.50
319,lrange5,1000000,1300431.75
320,lpush5,1000000,829240.50
320,lrange5,1000000,1273885.25
321,lpush5,1000000,830564.81
321,lrange5,1000000,1167085.25
322,lpush5,1000000,834095.06
322,lrange5,1000000,1283840.88
323,lpush5,1000000,833346.62
323,lrange5,1000000,1186334.50
324,lpush5,1000000,832093.19
324,lrange5,1000000,1194972.50
325,lpush5,1000000,837708.56
325,lrange5,1000000,1295399.00
326,lpush5,1000000,832013.31
326,lrange5,1000000,1155030.00
327,lpush5,1000000,838303.44
327,lrange5,1000000,1199482.00
328,lpush5,1000000,830578.06
328,lrange5,1000000,1189155.75
329,lpush5,1000000,842675.62
329,lrange5,1000000,1269055.88
330,lpush5,1000000,834028.38
330,lrange5,1000000,1194876.88
331,lpush5,1000000,830564.81
331,lrange5,1000000,1267488.00
332,lpush5,1000000,841164.00
332,lrange5,1000000,1290343.25
333,lpush5,1000000,836833.44
333,lrange5,1000000,1193317.38
334,lpush5,1000000,837587.94
334,lrange5,1000000,1189193.75
335,lpush5,1000000,834175.12
335,lrange5,1000000,1243820.88
336,lpush5,1000000,826446.25
336,lrange5,1000000,1203600.50
337,lpush5,1000000,832119.81
337,lrange5,1000000,1182241.12
338,lpush5,1000000,826578.50
338,lrange5,1000000,1274089.12
339,lpush5,1000000,834188.50
339,lrange5,1000000,1254765.38
340,lpush5,1000000,830008.25
340,lrange5,1000000,1195182.75
341,lpush5,1000000,829941.88
341,lrange5,1000000,1191895.12
342,lpush5,1000000,833359.94
342,lrange5,1000000,1264424.75
343,lpush5,1000000,827196.06
343,lrange5,1000000,1257942.12
344,lpush5,1000000,826591.69
344,lrange5,1000000,809742.50
345,lpush5,1000000,517689.44
345,lrange5,1000000,826446.25
346,lpush5,1000000,694006.94
346,lrange5,1000000,1199328.50
347,lpush5,1000000,821745.25
347,lrange5,1000000,1202326.88
348,lpush5,1000000,836994.12
348,lrange5,1000000,1283697.12
349,lpush5,1000000,829968.44
349,lrange5,1000000,1287001.25
350,lpush5,1000000,843332.19
350,lrange5,1000000,1165650.38
351,lpush5,1000000,834791.38
351,lrange5,1000000,1302125.00
352,lpush5,1000000,832732.75
352,lrange5,1000000,1196593.25
353,lpush5,1000000,835435.25
353,lrange5,1000000,1275591.88
354,lpush5,1000000,834081.75
354,lrange5,1000000,1297120.62
355,lpush5,1000000,834991.69
355,lrange5,1000000,1256281.38
356,lpush5,1000000,830631.25
356,lrange5,1000000,1197681.50
357,lpush5,1000000,827222.50
357,lrange5,1000000,1199405.25
358,lpush5,1000000,833573.31
358,lrange5,1000000,1196535.88
359,lpush5,1000000,837614.75
359,lrange5,1000000,1192200.25
360,lpush5,1000000,832666.12
360,lrange5,1000000,1282133.38
361,lpush5,1000000,830564.81
361,lrange5,1000000,1237623.75
362,lpush5,1000000,830564.81
362,lrange5,1000000,1192238.38
363,lpush5,1000000,832746.06
363,lrange5,1000000,1189327.00
364,lpush5,1000000,832719.44
364,lrange5,1000000,1297079.12
365,lpush5,1000000,827196.06
365,lrange5,1000000,1267548.88
366,lpush5,1000000,827288.69
366,lrange5,1000000,1187800.50
367,lpush5,1000000,838926.12
367,lrange5,1000000,1295378.25
368,lpush5,1000000,837047.69
368,lrange5,1000000,1278772.38
369,lpush5,1000000,828540.19
369,lrange5,1000000,1297037.62
370,lpush5,1000000,827933.81
370,lrange5,1000000,1193565.62
371,lpush5,1000000,841925.94
371,lrange5,1000000,1290529.12
372,lpush5,1000000,838290.06
372,lrange5,1000000,1297037.62
373,lpush5,1000000,832026.62
373,lrange5,1000000,1173953.00
374,lpush5,1000000,835542.19
374,lrange5,1000000,1277221.00
375,lpush5,1000000,831986.69
375,lrange5,1000000,1305650.12
376,lpush5,1000000,833346.62
376,lrange5,1000000,1293681.75
377,lpush5,1000000,828553.44
377,lrange5,1000000,1264263.00
378,lpush5,1000000,835475.31
378,lrange5,1000000,970195.94
379,lpush5,1000000,832106.50
379,lrange5,1000000,1248439.50
380,lpush5,1000000,834951.62
380,lrange5,1000000,1283820.25
381,lpush5,1000000,836994.12
381,lrange5,1000000,1297079.12
382,lpush5,1000000,830008.25
382,lrange5,1000000,1254725.25
383,lpush5,1000000,838451.00
383,lrange5,1000000,1204877.12
384,lpush5,1000000,828646.19
384,lrange5,1000000,1303885.25
385,lpush5,1000000,840336.12
385,lrange5,1000000,1302145.88
386,lpush5,1000000,828513.69
386,lrange5,1000000,1197930.62
387,lpush5,1000000,827920.56
387,lrange5,1000000,1265964.50
388,lpush5,1000000,834041.69
388,lrange5,1000000,1059542.38
389,lpush5,1000000,827196.06
389,lrange5,1000000,1297058.38
390,lpush5,1000000,827854.31
390,lrange5,1000000,1192181.12
391,lpush5,1000000,833333.31
391,lrange5,1000000,1303885.25
392,lpush5,1000000,834041.69
392,lrange5,1000000,1293806.00
393,lpush5,1000000,832666.12
393,lrange5,1000000,1283902.50
394,lpush5,1000000,825293.75
394,lrange5,1000000,1285470.50
395,lpush5,1000000,843237.81
395,lrange5,1000000,1122729.50
396,lpush5,1000000,825882.75
396,lrange5,1000000,1191952.38
397,lpush5,1000000,837614.75
397,lrange5,1000000,1192028.62
398,lpush5,1000000,829928.62
398,lrange5,1000000,1278874.62
399,lpush5,1000000,831361.62
399,lrange5,1000000,1189384.00
400,lpush5,1000000,830564.81
400,lrange5,1000000,1264384.25
401,lpush5,1000000,821136.25
401,lrange5,1000000,1197604.88
402,lpush5,1000000,819105.69
402,lrange5,1000000,1293661.00
403,lpush5,1000000,822513.19
403,lrange5,1000000,1131475.12
404,lpush5,1000000,830008.25
404,lrange5,1000000,1193565.62
405,lpush5,1000000,829928.62
405,lrange5,1000000,1293661.00
406,lpush5,1000000,833399.94
406,lrange5,1000000,1194896.00
407,lpush5,1000000,825135.31
407,lrange5,1000000,1227150.88
408,lpush5,1000000,836913.75
408,lrange5,1000000,1290384.50
409,lpush5,1000000,832706.12
409,lrange5,1000000,1246882.88
410,lpush5,1000000,837520.94
410,lrange5,1000000,1259445.75
411,lpush5,1000000,834041.69
411,lrange5,1000000,1288659.75
412,lpush5,1000000,826538.81
412,lrange5,1000000,1293806.00
413,lpush5,1000000,834081.75
413,lrange5,1000000,1190609.50
414,lpush5,1000000,834175.12
414,lrange5,1000000,1189327.00
415,lpush5,1000000,838290.06
415,lrange5,1000000,1200883.50
416,lpush5,1000000,831255.25
416,lrange5,1000000,1230012.25
417,lpush5,1000000,845430.31
417,lrange5,1000000,1293764.50
418,lpush5,1000000,837681.75
418,lrange5,1000000,1206446.38
419,lpush5,1000000,834201.81
419,lrange5,1000000,1253313.38
420,lpush5,1000000,839046.94
420,lrange5,1000000,1246922.75
421,lpush5,1000000,838290.06
421,lrange5,1000000,1277241.38
422,lpush5,1000000,846807.81
422,lrange5,1000000,1303885.25
423,lpush5,1000000,840443.69
423,lrange5,1000000,1277139.25
424,lpush5,1000000,829293.56
424,lrange5,1000000,1195049.00
425,lpush5,1000000,830617.94
425,lrange5,1000000,1248479.38
426,lpush5,1000000,839644.00
426,lrange5,1000000,1164274.75
427,lpush5,1000000,838276.62
427,lrange5,1000000,1261094.62
428,lpush5,1000000,825293.75
428,lrange5,1000000,1264242.75
429,lpush5,1000000,841056.31
429,lrange5,1000000,1202096.12
430,lpush5,1000000,841979.81
430,lrange5,1000000,1270648.00
431,lpush5,1000000,839684.31
431,lrange5,1000000,1297037.62
432,lpush5,1000000,834068.38
432,lrange5,1000000,1298846.75
433,lpush5,1000000,834724.56
433,lrange5,1000000,1121076.25
434,lpush5,1000000,829359.88
434,lrange5,1000000,1187667.50
435,lpush5,1000000,833546.62
435,lrange5,1000000,1298763.62
436,lpush5,1000000,832852.62
436,lrange5,1000000,1297037.62
437,lpush5,1000000,831268.50
437,lrange5,1000000,1121291.50
438,lpush5,1000000,840336.12
438,lrange5,1000000,1253293.25
439,lpush5,1000000,829200.69
439,lrange5,1000000,1297245.12
440,lpush5,1000000,831401.50
440,lrange5,1000000,1267528.50
441,lpush5,1000000,830617.94
441,lrange5,1000000,1267609.62
442,lpush5,1000000,838464.38
442,lrange5,1000000,1259607.00
443,lpush5,1000000,834778.00
443,lrange5,1000000,1298742.88
444,lpush5,1000000,829373.12
444,lrange5,1000000,1196306.12
445,lpush5,1000000,836160.56
445,lrange5,1000000,1295378.25
446,lpush5,1000000,835662.50
446,lrange5,1000000,1197873.12
447,lpush5,1000000,831295.12
447,lrange5,1000000,1178120.12
448,lpush5,1000000,826001.69
448,lrange5,1000000,1191952.38
449,lpush5,1000000,832879.31
449,lrange5,1000000,1189479.12
450,lpush5,1000000,841096.69
450,lrange5,1000000,1272285.00
451,lpush5,1000000,836927.19
451,lrange5,1000000,1230032.00
452,lpush5,1000000,834951.62
452,lrange5,1000000,1195144.50
453,lpush5,1000000,830604.62
453,lrange5,1000000,1259506.25
454,lpush5,1000000,838316.88
454,lrange5,1000000,1300410.88
455,lpush5,1000000,829981.69
455,lrange5,1000000,1282297.50
456,lpush5,1000000,842608.25
456,lrange5,1000000,1199155.88
457,lpush5,1000000,834055.06
457,lrange5,1000000,1300431.75
458,lpush5,1000000,840389.88
458,lrange5,1000000,1210653.75
459,lpush5,1000000,832066.56
459,lrange5,1000000,1287021.88
460,lpush5,1000000,838276.62
460,lrange5,1000000,1298742.88
461,lpush5,1000000,832053.25
461,lrange5,1000000,1197662.25
462,lpush5,1000000,826485.94
462,lrange5,1000000,1248599.25
463,lpush5,1000000,833519.94
463,lrange5,1000000,1169890.00
464,lpush5,1000000,846794.25
464,lrange5,1000000,1176640.00
465,lpush5,1000000,835662.50
465,lrange5,1000000,1196593.25
466,lpush5,1000000,831295.12
466,lrange5,1000000,1186372.50
467,lpush5,1000000,837534.31
467,lrange5,1000000,1250160.00
468,lpush5,1000000,829875.50
468,lrange5,1000000,1277302.75
469,lpush5,1000000,828619.69
469,lrange5,1000000,1221138.00
470,lpush5,1000000,832000.00
470,lrange5,1000000,1282051.38
471,lpush5,1000000,827986.81
471,lrange5,1000000,1197930.62
472,lpush5,1000000,823841.88
472,lrange5,1000000,1300452.50
473,lpush5,1000000,823815.50
473,lrange5,1000000,1302104.12
474,lpush5,1000000,838397.38
474,lrange5,1000000,1262626.25
475,lpush5,1000000,825763.88
475,lrange5,1000000,1188028.50
476,lpush5,1000000,837034.25
476,lrange5,1000000,1193470.12
477,lpush5,1000000,833386.62
477,lrange5,1000000,1193470.12
478,lpush5,1000000,829267.00
478,lrange5,1000000,1251784.75
479,lpush5,1000000,831468.06
479,lrange5,1000000,1193317.38
480,lpush5,1000000,836940.56
480,lrange5,1000000,1298888.38
481,lpush5,1000000,836820.06
481,lrange5,1000000,1199040.75
482,lpush5,1000000,832106.50
482,lrange5,1000000,1202326.88
483,lpush5,1000000,826565.25
483,lrange5,1000000,1248439.50
484,lpush5,1000000,834778.00
484,lrange5,1000000,1251744.62
485,lpush5,1000000,822460.56
485,lrange5,1000000,1261175.25
486,lpush5,1000000,832173.00
486,lrange5,1000000,1293743.88
487,lpush5,1000000,838236.44
487,lrange5,1000000,1305483.12
488,lpush5,1000000,829333.38
488,lrange5,1000000,1189422.12
489,lpush5,1000000,839020.12
489,lrange5,1000000,1194915.12
490,lpush5,1000000,832133.12
490,lrange5,1000000,1182411.38
491,lpush5,1000000,829941.88
491,lrange5,1000000,1224107.75
492,lpush5,1000000,823802.31
492,lrange5,1000000,1283984.62
493,lpush5,1000000,832039.94
493,lrange5,1000000,1303822.62
494,lpush5,1000000,843264.75
494,lrange5,1000000,1283758.75
495,lpush5,1000000,839644.00
495,lrange5,1000000,1204877.12
496,lpush5,1000000,836280.94
496,lrange5,1000000,1292175.75
497,lpush5,1000000,838979.81
497,lrange5,1000000,1190666.75
498,lpush5,1000000,819750.81
498,lrange5,1000000,1297141.38
499,lpush5,1000000,836321.06
499,lrange5,1000000,1180807.50
500,lpush5,1000000,834804.69
500,lrange5,1000000,1179547.12
501,lpush5,1000000,839006.69
501,lrange5,1000000,1175163.38
502,lpush5,1000000,829902.06
502,lrange5,1000000,1193336.50
503,lpush5,1000000,831960.06
503,lrange5,1000000,1194915.12
504,lpush5,1000000,823058.44
504,lrange5,1000000,1190723.88
505,lpush5,1000000,827947.06
505,lrange5,1000000,1278956.50
506,lpush5,1000000,822460.56
506,lrange5,1000000,1253293.25
507,lpush5,1000000,840349.56
507,lrange5,1000000,1287186.62
508,lpush5,1000000,829320.06
508,lrange5,1000000,1273987.25
509,lpush5,1000000,832639.50
509,lrange5,1000000,1272305.38
510,lpush5,1000000,829888.75
510,lrange5,1000000,1203793.12
511,lpush5,1000000,841831.69
511,lrange5,1000000,1190666.75
512,lpush5,1000000,821228.19
512,lrange5,1000000,1275693.88
513,lpush5,1000000,823255.94
513,lrange5,1000000,1184872.12
514,lpush5,1000000,827143.12
514,lrange5,1000000,1188009.50
515,lpush5,1000000,837708.56
515,lrange5,1000000,1283758.75
516,lpush5,1000000,822368.44
516,lrange5,1000000,1282092.38
517,lpush5,1000000,832892.62
517,lrange5,1000000,1171353.62
518,lpush5,1000000,834041.69
518,lrange5,1000000,1173840.38
519,lpush5,1000000,823828.69
519,lrange5,1000000,1190514.38
520,lpush5,1000000,828553.44
520,lrange5,1000000,1180902.00
521,lpush5,1000000,831986.69
521,lrange5,1000000,1194857.75
522,lpush5,1000000,827196.06
522,lrange5,1000000,1189193.75
523,lpush5,1000000,841096.69
523,lrange5,1000000,1283779.25
524,lpush5,1000000,835435.25
524,lrange5,1000000,1185232.25
525,lpush5,1000000,839140.94
525,lrange5,1000000,1184891.00
526,lpush5,1000000,834068.38
526,lrange5,1000000,1196191.38
527,lpush5,1000000,837708.56
527,lrange5,1000000,1287042.50
528,lpush5,1000000,843962.94
528,lrange5,1000000,1200595.38
529,lpush5,1000000,835421.88
529,lrange5,1000000,1269035.50
530,lpush5,1000000,829412.94
530,lrange5,1000000,1297037.62
531,lpush5,1000000,832639.50
531,lrange5,1000000,1251604.50
532,lpush5,1000000,833506.62
532,lrange5,1000000,1254845.62
533,lpush5,1000000,833373.31
533,lrange5,1000000,1197815.62
534,lpush5,1000000,829373.12
534,lrange5,1000000,1292155.00
535,lpush5,1000000,838397.38
535,lrange5,1000000,1287001.25
536,lpush5,1000000,835555.56
536,lrange5,1000000,1293723.12
537,lpush5,1000000,844702.69
537,lrange5,1000000,1196363.62
538,lpush5,1000000,834737.94
538,lrange5,1000000,1292010.38
539,lpush5,1000000,824586.94
539,lrange5,1000000,1199386.12
540,lpush5,1000000,829928.62
540,lrange5,1000000,1237782.12
541,lpush5,1000000,834041.69
541,lrange5,1000000,1290405.25
542,lpush5,1000000,834068.38
542,lrange5,1000000,1197700.62
543,lpush5,1000000,831374.94
543,lrange5,1000000,1192143.00
544,lpush5,1000000,831428.12
544,lrange5,1000000,1202250.00
545,lpush5,1000000,832692.75
545,lrange5,1000000,1195087.25
546,lpush5,1000000,833386.62
546,lrange5,1000000,1269035.50
547,lpush5,1000000,830074.69
547,lrange5,1000000,1191933.25
548,lpush5,1000000,836820.06
548,lrange5,1000000,1258062.88
549,lpush5,1000000,834871.50
549,lrange5,1000000,1189060.62
550,lpush5,1000000,830114.50
550,lrange5,1000000,1190876.25
551,lpush5,1000000,828540.19
551,lrange5,1000000,1283820.25
552,lpush5,1000000,833453.31
552,lrange5,1000000,1182089.88
553,lpush5,1000000,840389.88
553,lrange5,1000000,1221040.25
554,lpush5,1000000,836214.06
554,lrange5,1000000,1236113.75
555,lpush5,1000000,837034.25
555,lrange5,1000000,1197739.00
556,lpush5,1000000,841096.69
556,lrange5,1000000,1216564.38
557,lpush5,1000000,839630.56
557,lrange5,1000000,1196267.88
558,lpush5,1000000,834228.50
558,lrange5,1000000,1242375.12
559,lpush5,1000000,830034.81
559,lrange5,1000000,1285347.00
560,lpush5,1000000,834108.44
560,lrange5,1000000,1196267.88
561,lpush5,1000000,840389.88
561,lrange5,1000000,1254825.62
562,lpush5,1000000,836254.19
562,lrange5,1000000,1197662.25
563,lpush5,1000000,832692.75
563,lrange5,1000000,1261094.62
564,lpush5,1000000,832719.44
564,lrange5,1000000,1297016.88
565,lpush5,1000000,827169.56
565,lrange5,1000000,1275510.25
566,lpush5,1000000,842621.69
566,lrange5,1000000,1228658.50
567,lpush5,1000000,834724.56
567,lrange5,1000000,1293847.38
568,lpush5,1000000,834081.75
568,lrange5,1000000,1258022.62
569,lpush5,1000000,826591.69
569,lrange5,1000000,1202173.00
570,lpush5,1000000,833439.94
570,lrange5,1000000,1285367.62
571,lpush5,1000000,834791.38
571,lrange5,1000000,1199290.12
572,lpush5,1000000,830564.81
572,lrange5,1000000,1193355.62
573,lpush5,1000000,824415.44
573,lrange5,1000000,1170002.38
574,lpush5,1000000,827827.88
574,lrange5,1000000,1193470.12
575,lpush5,1000000,829200.69
575,lrange5,1000000,1183469.75
576,lpush5,1000000,832799.38
576,lrange5,1000000,1275673.50
577,lpush5,1000000,832159.69
577,lrange5,1000000,1207748.75
578,lpush5,1000000,834764.62
578,lrange5,1000000,1256442.25
579,lpush5,1000000,829253.75
579,lrange5,1000000,1302125.00
580,lpush5,1000000,820344.56
580,lrange5,1000000,1278833.75
581,lpush5,1000000,826552.06
581,lrange5,1000000,1290529.12
582,lpush5,1000000,840389.88
582,lrange5,1000000,1259445.75
583,lpush5,1000000,830604.62
583,lrange5,1000000,1300515.00
584,lpush5,1000000,832639.50
584,lrange5,1000000,1278997.38
585,lpush5,1000000,838926.12
585,lrange5,1000000,1300494.12
586,lpush5,1000000,834215.19
586,lrange5,1000000,1236252.12
587,lpush5,1000000,826565.25
587,lrange5,1000000,1302229.12
588,lpush5,1000000,831308.44
588,lrange5,1000000,1293743.88
589,lpush5,1000000,829875.50
589,lrange5,1000000,1259526.38
590,lpush5,1000000,827129.88
590,lrange5,1000000,1293806.00
591,lpush5,1000000,831281.81
591,lrange5,1000000,1186486.38
592,lpush5,1000000,823150.62
592,lrange5,1000000,1136381.88
593,lpush5,1000000,692520.75
593,lrange5,1000000,1190838.12
594,lpush5,1000000,835595.62
594,lrange5,1000000,1277282.25
595,lpush5,1000000,832093.19
595,lrange5,1000000,1273905.75
596,lpush5,1000000,839033.56
596,lrange5,1000000,1204877.12
597,lpush5,1000000,827814.62
597,lrange5,1000000,1298888.38
598,lpush5,1000000,830777.44
598,lrange5,1000000,1277343.62
599,lpush5,1000000,837587.94
599,lrange5,1000000,1228697.75
600,lpush5,1000000,835475.31
600,lrange5,1000000,1194953.38
601,lpush5,1000000,830564.81
601,lrange5,1000000,1298722.12
602,lpush5,1000000,829240.50
602,lrange5,1000000,1189117.75
603,lpush5,1000000,836833.44
603,lrange5,1000000,1287042.50
604,lpush5,1000000,837695.12
604,lrange5,1000000,1192104.88
605,lpush5,1000000,823084.75
605,lrange5,1000000,1193355.62
606,lpush5,1000000,825122.12
606,lrange5,1000000,1196421.00
607,lpush5,1000000,834791.38
607,lrange5,1000000,1190819.12
608,lpush5,1000000,827341.62
608,lrange5,1000000,1256442.25
609,lpush5,1000000,827354.88
609,lrange5,1000000,1190876.25
610,lpush5,1000000,832173.00
610,lrange5,1000000,1183583.38
611,lpush5,1000000,835475.31
611,lrange5,1000000,1209267.25
612,lpush5,1000000,837695.12
612,lrange5,1000000,1218221.75
613,lpush5,1000000,820344.56
613,lrange5,1000000,1297182.88
614,lpush5,1000000,830008.25
614,lrange5,1000000,1288742.25
615,lpush5,1000000,837574.56
615,lrange5,1000000,1192181.12
616,lpush5,1000000,824468.25
616,lrange5,1000000,1267447.50
617,lpush5,1000000,832639.50
617,lrange5,1000000,1239197.00
618,lpush5,1000000,829968.44
618,lrange5,1000000,1239157.38
619,lpush5,1000000,827880.81
619,lrange5,1000000,1190838.12
620,lpush5,1000000,830578.06
620,lrange5,1000000,1193451.12
621,lpush5,1000000,827973.56
621,lrange5,1000000,1240754.38
622,lpush5,1000000,825869.56
622,lrange5,1000000,1189136.75
623,lpush5,1000000,834241.88
623,lrange5,1000000,1295523.25
624,lpush5,1000000,831335.00
624,lrange5,1000000,1265822.75
625,lpush5,1000000,835462.00
625,lrange5,1000000,1177950.50
626,lpush5,1000000,829293.56
626,lrange5,1000000,1254825.62
627,lpush5,1000000,840336.12
627,lrange5,1000000,1190685.75
628,lpush5,1000000,831946.75
628,lrange5,1000000,1291989.62
629,lpush5,1000000,829373.12
629,lrange5,1000000,1267488.00
630,lpush5,1000000,829359.88
630,lrange5,1000000,1295336.75
631,lpush5,1000000,837520.94
631,lrange5,1000000,1233400.75
632,lpush5,1000000,835662.50
632,lrange5,1000000,1196191.38
633,lpush5,1000000,837574.56
633,lrange5,1000000,1272346.00
634,lpush5,1000000,829888.75
634,lrange5,1000000,1186600.25
635,lpush5,1000000,826472.69
635,lrange5,1000000,1236212.62
636,lpush5,1000000,837520.94
636,lrange5,1000000,1293785.25
637,lpush5,1000000,836173.94
637,lrange5,1000000,1272488.50
638,lpush5,1000000,832759.38
638,lrange5,1000000,1273946.50
639,lpush5,1000000,834188.50
639,lrange5,1000000,1290508.38
640,lpush5,1000000,838343.69
640,lrange5,1000000,1265964.50
641,lpush5,1000000,832159.69
641,lrange5,1000000,1195010.75
642,lpush5,1000000,831441.44
642,lrange5,1000000,1189136.75
643,lpush5,1000000,825856.31
643,lrange5,1000000,1248519.38
644,lpush5,1000000,839087.25
644,lrange5,1000000,1250100.00
645,lpush5,1000000,827907.31
645,lrange5,1000000,915044.81
646,lpush5,1000000,837628.12
646,lrange5,1000000,1256301.50
647,lpush5,1000000,838343.69
647,lrange5,1000000,1300577.38
648,lpush5,1000000,839724.62
648,lrange5,1000000,1300494.12
649,lpush5,1000000,841069.81
649,lrange5,1000000,1292134.38
650,lpush5,1000000,834911.56
650,lrange5,1000000,1245350.00
651,lpush5,1000000,832652.81
651,lrange5,1000000,1272325.62
652,lpush5,1000000,834135.12
652,lrange5,1000000,1288701.00
653,lpush5,1000000,829928.62
653,lrange5,1000000,1236173.00
654,lpush5,1000000,831361.62
654,lrange5,1000000,1298888.38
655,lpush5,1000000,836120.44
655,lrange5,1000000,1280594.12
656,lpush5,1000000,839805.19
656,lrange5,1000000,1290322.62
657,lpush5,1000000,834121.75
657,lrange5,1000000,1197739.00
658,lpush5,1000000,836873.62
658,lrange5,1000000,1269055.88
659,lpush5,1000000,834201.81
659,lrange5,1000000,1275591.88
660,lpush5,1000000,833333.31
660,lrange5,1000000,1275653.12
661,lpush5,1000000,829941.88
661,lrange5,1000000,1277302.75
662,lpush5,1000000,844070.94
662,lrange5,1000000,1297120.62
663,lpush5,1000000,828540.19
663,lrange5,1000000,1178063.62
664,lpush5,1000000,841056.31
664,lrange5,1000000,1292113.75
665,lpush5,1000000,831960.06
665,lrange5,1000000,1277159.62
666,lpush5,1000000,826591.69
666,lrange5,1000000,1189327.00
667,lpush5,1000000,828039.75
667,lrange5,1000000,1256502.50
668,lpush5,1000000,834751.31
668,lrange5,1000000,1196363.62
669,lpush5,1000000,834751.31
669,lrange5,1000000,1277221.00
670,lpush5,1000000,838979.81
670,lrange5,1000000,1202326.88
671,lpush5,1000000,839858.94
671,lrange5,1000000,1204992.75
672,lpush5,1000000,843935.88
672,lrange5,1000000,1202326.88
673,lpush5,1000000,831361.62
673,lrange5,1000000,1258042.75
674,lpush5,1000000,838236.44
674,lrange5,1000000,1158859.88
675,lpush5,1000000,828566.69
675,lrange5,1000000,1253152.88
676,lpush5,1000000,832652.81
676,lrange5,1000000,1287083.62
677,lpush5,1000000,833479.94
677,lrange5,1000000,1307315.00
678,lpush5,1000000,838330.31
678,lrange5,1000000,1298701.38
679,lpush5,1000000,832746.06
679,lrange5,1000000,1198045.50
680,lpush5,1000000,834871.50
680,lrange5,1000000,1303780.88
681,lpush5,1000000,828553.44
681,lrange5,1000000,1199366.88
682,lpush5,1000000,835488.69
682,lrange5,1000000,1292175.75
683,lpush5,1000000,825214.50
683,lrange5,1000000,1270648.00
684,lpush5,1000000,836994.12
684,lrange5,1000000,1248459.38
685,lpush5,1000000,821863.62
685,lrange5,1000000,1243820.88
686,lpush5,1000000,833333.31
686,lrange5,1000000,1199366.88
687,lpush5,1000000,834028.38
687,lrange5,1000000,1195029.88
688,lpush5,1000000,829306.81
688,lrange5,1000000,1182184.38
689,lpush5,1000000,836120.44
689,lrange5,1000000,1224068.62
690,lpush5,1000000,830034.81
690,lrange5,1000000,1259506.25
691,lpush5,1000000,825227.69
691,lrange5,1000000,1256321.62
692,lpush5,1000000,817857.69
692,lrange5,1000000,1285532.12
693,lpush5,1000000,825267.31
693,lrange5,1000000,1297037.62
694,lpush5,1000000,839630.56
694,lrange5,1000000,1298846.75
695,lpush5,1000000,830034.81
695,lrange5,1000000,1297182.88
696,lpush5,1000000,837574.56
696,lrange5,1000000,1254745.25
697,lpush5,1000000,835649.12
697,lrange5,1000000,1210750.62
698,lpush5,1000000,829915.31
698,lrange5,1000000,1242236.00
699,lpush5,1000000,824600.12
699,lrange5,1000000,1200883.50
700,lpush5,1000000,836133.81
700,lrange5,1000000,1212315.12
701,lpush5,1000000,824415.44
701,lrange5,1000000,1196631.50
702,lpush5,1000000,821175.69
702,lrange5,1000000,1192295.62
703,lpush5,1000000,831295.12
703,lrange5,1000000,1277364.00
704,lpush5,1000000,828619.69
704,lrange5,1000000,1292031.00
705,lpush5,1000000,830657.81
705,lrange5,1000000,1287145.38
706,lpush5,1000000,827841.12
706,lrange5,1000000,1297037.62
707,lpush5,1000000,819724.56
707,lrange5,1000000,1195125.38
708,lpush5,1000000,831441.44
708,lrange5,1000000,1237663.38
709,lpush5,1000000,823045.25
709,lrange5,1000000,1199060.00
710,lpush5,1000000,826657.81
710,lrange5,1000000,1197815.62
711,lpush5,1000000,832799.38
711,lrange5,1000000,1253213.12
712,lpush5,1000000,838276.62
712,lrange5,1000000,1272468.12
713,lpush5,1000000,834737.94
713,lrange5,1000000,1215261.25
714,lpush5,1000000,830777.44
714,lrange5,1000000,1245589.12
715,lpush5,1000000,834737.94
715,lrange5,1000000,1185080.62
716,lpush5,1000000,838939.56
716,lrange5,1000000,1297058.38
717,lpush5,1000000,830644.50
717,lrange5,1000000,1196459.25
718,lpush5,1000000,832039.94
718,lrange5,1000000,1282194.88
719,lpush5,1000000,836860.19
719,lrange5,1000000,1253233.12
720,lpush5,1000000,830657.81
720,lrange5,1000000,1187724.50
721,lpush5,1000000,841042.88
721,lrange5,1000000,1199366.88
722,lpush5,1000000,828000.06
722,lrange5,1000000,1189079.62
723,lpush5,1000000,830564.81
723,lrange5,1000000,1188047.50
724,lpush5,1000000,830617.94
724,lrange5,1000000,1190876.25
725,lpush5,1000000,826499.12
725,lrange5,1000000,1253293.25
726,lpush5,1000000,831255.25
726,lrange5,1000000,1150932.12
727,lpush5,1000000,827143.12
727,lrange5,1000000,1298805.25
728,lpush5,1000000,834068.38
728,lrange5,1000000,1194934.25
729,lpush5,1000000,832879.31
729,lrange5,1000000,873446.31
730,lpush5,1000000,763941.94
730,lrange5,1000000,1262646.50
731,lpush5,1000000,839006.69
731,lrange5,1000000,1202115.38
732,lpush5,1000000,830777.44
732,lrange5,1000000,1278915.62
733,lpush5,1000000,843895.38
733,lrange5,1000000,1202038.38
734,lpush5,1000000,836173.94
734,lrange5,1000000,1298867.62
735,lpush5,1000000,829875.50
735,lrange5,1000000,1295378.25
736,lpush5,1000000,841056.31
736,lrange5,1000000,1200749.12
737,lpush5,1000000,842594.75
737,lrange5,1000000,1194800.50
738,lpush5,1000000,833346.62
738,lrange5,1000000,1199232.62
739,lpush5,1000000,833333.31
739,lrange5,1000000,1197892.25
740,lpush5,1000000,825267.31
740,lrange5,1000000,1290487.75
741,lpush5,1000000,836860.19
741,lrange5,1000000,1282215.38
742,lpush5,1000000,842527.38
742,lrange5,1000000,1285388.12
743,lpush5,1000000,834028.38
743,lrange5,1000000,1175106.88
744,lpush5,1000000,836120.44
744,lrange5,1000000,1196306.12
745,lpush5,1000000,834791.38
745,lrange5,1000000,1199328.50
746,lpush5,1000000,842473.44
746,lrange5,1000000,1243801.00
747,lpush5,1000000,841069.81
747,lrange5,1000000,1186467.38
748,lpush5,1000000,839684.31
748,lrange5,1000000,1303843.50
749,lpush5,1000000,847674.62
749,lrange5,1000000,1160204.25
750,lpush5,1000000,841096.69
750,lrange5,1000000,1194781.38
751,lpush5,1000000,841858.62
751,lrange5,1000000,1292217.12
752,lpush5,1000000,839630.56
752,lrange5,1000000,1186600.25
753,lpush5,1000000,836160.56
753,lrange5,1000000,1186581.25
754,lpush5,1000000,835475.31
754,lrange5,1000000,1186296.62
755,lpush5,1000000,832839.31
755,lrange5,1000000,1237742.50
756,lpush5,1000000,834924.94
756,lrange5,1000000,1196172.25
757,lpush5,1000000,839140.94
757,lrange5,1000000,1186600.25
758,lpush5,1000000,829888.75
758,lrange5,1000000,1290508.38
759,lpush5,1000000,836173.94
759,lrange5,1000000,1173877.88
760,lpush5,1000000,832146.44
760,lrange5,1000000,1233045.62
761,lpush5,1000000,834724.56
761,lrange5,1000000,1295336.75
762,lpush5,1000000,831361.62
762,lrange5,1000000,1298763.62
763,lpush5,1000000,827880.81
763,lrange5,1000000,1189231.88
764,lpush5,1000000,827301.94
764,lrange5,1000000,1307273.25
765,lpush5,1000000,832692.75
765,lrange5,1000000,1178233.25
766,lpush5,1000000,829928.62
766,lrange5,1000000,1262666.62
767,lpush5,1000000,832732.75
767,lrange5,1000000,1300431.75
768,lpush5,1000000,837561.12
768,lrange5,1000000,1196306.12
769,lpush5,1000000,831308.44
769,lrange5,1000000,1256341.75
770,lpush5,1000000,839657.44
770,lrange5,1000000,1190514.38
771,lpush5,1000000,820397.06
771,lrange5,1000000,1275612.25
772,lpush5,1000000,830617.94
772,lrange5,1000000,1192143.00
773,lpush5,1000000,834135.12
773,lrange5,1000000,1224146.88
774,lpush5,1000000,829928.62
774,lrange5,1000000,1182354.62
775,lpush5,1000000,827894.06
775,lrange5,1000000,1259566.75
776,lpush5,1000000,823124.25
776,lrange5,1000000,1190876.25
777,lpush5,1000000,826499.12
777,lrange5,1000000,1196191.38
778,lpush5,1000000,834844.75
778,lrange5,1000000,1203388.75
779,lpush5,1000000,829373.12
779,lrange5,1000000,1248619.25
780,lpush5,1000000,833453.31
780,lrange5,1000000,888241.50
781,lpush5,1000000,843935.88
781,lrange5,1000000,1275673.50
782,lpush5,1000000,830631.25
782,lrange5,1000000,1202250.00
783,lpush5,1000000,827827.88
783,lrange5,1000000,1290508.38
784,lpush5,1000000,834028.38
784,lrange5,1000000,1204973.50
785,lpush5,1000000,827827.88
785,lrange5,1000000,1206349.88
786,lpush5,1000000,831308.44
786,lrange5,1000000,1240873.50
787,lpush5,1000000,827920.56
787,lrange5,1000000,1213611.62
788,lpush5,1000000,837587.94
788,lrange5,1000000,1297162.12
789,lpush5,1000000,836860.19
789,lrange5,1000000,1206272.62
790,lpush5,1000000,841750.88
790,lrange5,1000000,1278854.25
791,lpush5,1000000,832812.69
791,lrange5,1000000,1242355.25
792,lpush5,1000000,841750.88
792,lrange5,1000000,1282071.88
793,lpush5,1000000,834041.69
793,lrange5,1000000,1298742.88
794,lpush5,1000000,836227.44
794,lrange5,1000000,1192028.62
795,lpush5,1000000,835595.62
795,lrange5,1000000,1307189.62
796,lpush5,1000000,828513.69
796,lrange5,1000000,1176527.00
797,lpush5,1000000,827354.88
797,lrange5,1000000,1143277.75
798,lpush5,1000000,841872.06
798,lrange5,1000000,1250000.00
799,lpush5,1000000,828686.00
799,lrange5,1000000,1239375.50
800,lpush5,1000000,831946.75
800,lrange5,1000000,1179622.62
801,lpush5,1000000,833373.31
801,lrange5,1000000,1193680.25
802,lpush5,1000000,831388.25
802,lrange5,1000000,1261195.50
803,lpush5,1000000,834858.12
803,lrange5,1000000,1169777.75
804,lpush5,1000000,834041.69
804,lrange5,1000000,1199213.50
805,lpush5,1000000,840403.31
805,lrange5,1000000,1202307.62
806,lpush5,1000000,839644.00
806,lrange5,1000000,1184910.00
807,lpush5,1000000,842473.44
807,lrange5,1000000,1183545.50
808,lpush5,1000000,831946.75
808,lrange5,1000000,1206330.50
809,lpush5,1000000,834041.69
809,lrange5,1000000,1233144.25
810,lpush5,1000000,834188.50
810,lrange5,1000000,1293702.50
811,lpush5,1000000,826604.94
811,lrange5,1000000,1173727.75
812,lpush5,1000000,825188.12
812,lrange5,1000000,1191895.12
813,lpush5,1000000,825816.69
813,lrange5,1000000,1283799.75
814,lpush5,1000000,833519.94
814,lrange5,1000000,1262666.62
815,lpush5,1000000,841164.00
815,lrange5,1000000,1191990.50
816,lpush5,1000000,824626.50
816,lrange5,1000000,1234785.12
817,lpush5,1000000,825816.69
817,lrange5,1000000,1293661.00
818,lpush5,1000000,831335.00
818,lrange5,1000000,1186277.62
819,lpush5,1000000,832772.69
819,lrange5,1000000,1186619.25
820,lpush5,1000000,840551.25
820,lrange5,1000000,1287083.62
821,lpush5,1000000,841069.81
821,lrange5,1000000,1264424.75
822,lpush5,1000000,832706.12
822,lrange5,1000000,1300431.75
823,lpush5,1000000,831308.44
823,lrange5,1000000,1185118.50
824,lpush5,1000000,827182.81
824,lrange5,1000000,1295378.25
825,lpush5,1000000,839684.31
825,lrange5,1000000,1239236.75
826,lpush5,1000000,827960.31
826,lrange5,1000000,1293826.62
827,lpush5,1000000,832812.69
827,lrange5,1000000,1291989.62
828,lpush5,1000000,836820.06
828,lrange5,1000000,1293702.50
829,lpush5,1000000,834081.75
829,lrange5,1000000,1190495.25
830,lpush5,1000000,838926.12
830,lrange5,1000000,1188066.50
831,lpush5,1000000,829902.06
831,lrange5,1000000,1269096.50
832,lpush5,1000000,830564.81
832,lrange5,1000000,1186239.62
833,lpush5,1000000,839100.62
833,lrange5,1000000,1195144.50
834,lpush5,1000000,825293.75
834,lrange5,1000000,1277159.62
835,lpush5,1000000,834898.19
835,lrange5,1000000,1302250.00
836,lpush5,1000000,839670.88
836,lrange5,1000000,1259506.25
837,lpush5,1000000,833373.31
837,lrange5,1000000,1254725.25
838,lpush5,1000000,833413.31
838,lrange5,1000000,1228579.88
839,lpush5,1000000,829888.75
839,lrange5,1000000,1302145.88
840,lpush5,1000000,829280.31
840,lrange5,1000000,1292051.75
841,lpush5,1000000,835595.62
841,lrange5,1000000,1262868.75
842,lpush5,1000000,839711.19
842,lrange5,1000000,1194991.62
843,lpush5,1000000,838236.44
843,lrange5,1000000,1287021.88
844,lpush5,1000000,839127.50
844,lrange5,1000000,1189308.00
845,lpush5,1000000,833439.94
845,lrange5,1000000,1292175.75
846,lpush5,1000000,834831.44
846,lrange5,1000000,1287166.00
847,lpush5,1000000,844702.69
847,lrange5,1000000,1216564.38
848,lpush5,1000000,844729.75
848,lrange5,1000000,1197873.12
849,lpush5,1000000,833506.62
849,lrange5,1000000,1280450.62
850,lpush5,1000000,838383.94
850,lrange5,1000000,1209267.25
851,lpush5,1000000,837614.75
851,lrange5,1000000,1254745.25
852,lpush5,1000000,832079.88
852,lrange5,1000000,1292155.00
853,lpush5,1000000,834858.12
853,lrange5,1000000,1200576.25
854,lpush5,1000000,831268.50
854,lrange5,1000000,1204857.88
855,lpush5,1000000,836860.19
855,lrange5,1000000,1199040.75
856,lpush5,1000000,834281.88
856,lrange5,1000000,1192200.25
857,lpush5,1000000,832066.56
857,lrange5,1000000,1195125.38
858,lpush5,1000000,830631.25
858,lrange5,1000000,1171185.00
859,lpush5,1000000,829888.75
859,lrange5,1000000,1246902.75
860,lpush5,1000000,832679.44
860,lrange5,1000000,1199251.75
861,lpush5,1000000,838437.56
861,lrange5,1000000,1254805.50
862,lpush5,1000000,835488.69
862,lrange5,1000000,1259466.00
863,lpush5,1000000,823775.94
863,lrange5,1000000,1282194.88
864,lpush5,1000000,836980.69
864,lrange5,1000000,1300473.38
865,lpush5,1000000,840510.88
865,lrange5,1000000,1265924.00
866,lpush5,1000000,833346.62
866,lrange5,1000000,1248479.38
867,lpush5,1000000,823775.94
867,lrange5,1000000,1291989.62
868,lpush5,1000000,832786.00
868,lrange5,1000000,1297079.12
869,lpush5,1000000,825843.12
869,lrange5,1000000,1262666.62
870,lpush5,1000000,837641.56
870,lrange5,1000000,1233164.00
871,lpush5,1000000,831268.50
871,lrange5,1000000,1275510.25
872,lpush5,1000000,827933.81
872,lrange5,1000000,1297182.88
873,lpush5,1000000,827920.56
873,lrange5,1000000,1225509.88
874,lpush5,1000000,832133.12
874,lrange5,1000000,1295357.50
875,lpush5,1000000,833346.62
875,lrange5,1000000,1293661.00
876,lpush5,1000000,834148.44
876,lrange5,1000000,1282071.88
877,lpush5,1000000,829267.00
877,lrange5,1000000,1288762.88
878,lpush5,1000000,833466.62
878,lrange5,1000000,1186410.50
879,lpush5,1000000,834804.69
879,lrange5,1000000,1292031.00
880,lpush5,1000000,825306.94
880,lrange5,1000000,1244199.00
881,lpush5,1000000,839154.31
881,lrange5,1000000,1290529.12
882,lpush5,1000000,830578.06
882,lrange5,1000000,1196191.38
883,lpush5,1000000,826565.25
883,lrange5,1000000,1277282.25
884,lpush5,1000000,838276.62
884,lrange5,1000000,1278813.25
885,lpush5,1000000,828500.38
885,lrange5,1000000,1295336.75
886,lpush5,1000000,827156.31
886,lrange5,1000000,1297016.88
887,lpush5,1000000,831268.50
887,lrange5,1000000,1288680.38
888,lpush5,1000000,826618.12
888,lrange5,1000000,1196344.50
889,lpush5,1000000,839738.06
889,lrange5,1000000,1203754.50
890,lpush5,1000000,827182.81
890,lrange5,1000000,1186391.50
891,lpush5,1000000,837641.56
891,lrange5,1000000,1253273.25
892,lpush5,1000000,838926.12
892,lrange5,1000000,1297058.38
893,lpush5,1000000,829902.06
893,lrange5,1000000,1272468.12
894,lpush5,1000000,828672.75
894,lrange5,1000000,1264222.50
895,lpush5,1000000,838343.69
895,lrange5,1000000,1202019.25
896,lpush5,1000000,832639.50
896,lrange5,1000000,1295357.50
897,lpush5,1000000,832692.75
897,lrange5,1000000,1187705.50
898,lpush5,1000000,829227.19
898,lrange5,1000000,1257962.25
899,lpush5,1000000,828579.94
899,lrange5,1000000,1262808.12
900,lpush5,1000000,834858.12
900,lrange5,1000000,1290508.38
901,lpush5,1000000,829187.44
901,lrange5,1000000,1197700.62
902,lpush5,1000000,834028.38
902,lrange5,1000000,1300556.62
903,lpush5,1000000,825763.88
903,lrange5,1000000,1187705.50
904,lpush5,1000000,829213.94
904,lrange5,1000000,1207980.62
905,lpush5,1000000,829240.50
905,lrange5,1000000,1270770.00
906,lpush5,1000000,830790.69
906,lrange5,1000000,1295336.75
907,lpush5,1000000,821758.44
907,lrange5,1000000,1305483.12
908,lpush5,1000000,832706.12
908,lrange5,1000000,1303864.38
909,lpush5,1000000,831321.75
909,lrange5,1000000,1262666.62
910,lpush5,1000000,819092.56
910,lrange5,1000000,1297037.62
911,lpush5,1000000,826459.50
911,lrange5,1000000,1282236.00
912,lpush5,1000000,836820.06
912,lrange5,1000000,1189212.88
913,lpush5,1000000,834188.50
913,lrange5,1000000,1175106.88
914,lpush5,1000000,835421.88
914,lrange5,1000000,1212160.00
915,lpush5,1000000,835662.50
915,lrange5,1000000,1206677.88
916,lpush5,1000000,843359.19
916,lrange5,1000000,1206677.88
917,lpush5,1000000,841204.38
917,lrange5,1000000,1205012.12
918,lpush5,1000000,834804.69
918,lrange5,1000000,1203639.00
919,lpush5,1000000,836820.06
919,lrange5,1000000,1207787.38
920,lpush5,1000000,832652.81
920,lrange5,1000000,1247002.50
921,lpush5,1000000,822407.94
921,lrange5,1000000,1202211.50
922,lpush5,1000000,828553.44
922,lrange5,1000000,1275693.88
923,lpush5,1000000,834778.00
923,lrange5,1000000,1267589.38
924,lpush5,1000000,838357.12
924,lrange5,1000000,1303780.88
925,lpush5,1000000,839630.56
925,lrange5,1000000,1197949.75
926,lpush5,1000000,836913.75
926,lrange5,1000000,1288845.38
927,lpush5,1000000,834081.75
927,lrange5,1000000,1194915.12
928,lpush5,1000000,836873.62
928,lrange5,1000000,1172670.62
929,lpush5,1000000,828553.44
929,lrange5,1000000,1202057.62
930,lpush5,1000000,836173.94
930,lrange5,1000000,1185137.50
931,lpush5,1000000,829875.50
931,lrange5,1000000,1285429.25
932,lpush5,1000000,830631.25
932,lrange5,1000000,1282092.38
933,lpush5,1000000,823163.75
933,lrange5,1000000,1227229.50
934,lpush5,1000000,837534.31
934,lrange5,1000000,1192314.62
935,lpush5,1000000,832053.25
935,lrange5,1000000,1285367.62
936,lpush5,1000000,831308.44
936,lrange5,1000000,1290343.25
937,lpush5,1000000,832652.81
937,lrange5,1000000,1259466.00
938,lpush5,1000000,829213.94
938,lrange5,1000000,1199079.12
939,lpush5,1000000,822552.69
939,lrange5,1000000,1290549.75
940,lpush5,1000000,833519.94
940,lrange5,1000000,1293661.00
941,lpush5,1000000,829968.44
941,lrange5,1000000,1298701.38
942,lpush5,1000000,831308.44
942,lrange5,1000000,1272264.62
943,lpush5,1000000,833386.62
943,lrange5,1000000,1190552.38
944,lpush5,1000000,834228.50
944,lrange5,1000000,1189441.12
945,lpush5,1000000,832639.50
945,lrange5,1000000,1205127.75
946,lpush5,1000000,826631.38
946,lrange5,1000000,1189327.00
947,lpush5,1000000,839073.81
947,lrange5,1000000,1192009.50
948,lpush5,1000000,827880.81
948,lrange5,1000000,1288659.75
949,lpush5,1000000,829981.69
949,lrange5,1000000,1277159.62
950,lpush5,1000000,832706.12
950,lrange5,1000000,1194762.25
951,lpush5,1000000,832692.75
951,lrange5,1000000,1243900.50
952,lpush5,1000000,834871.50
952,lrange5,1000000,1290322.62
953,lpush5,1000000,839724.62
953,lrange5,1000000,1207806.75
954,lpush5,1000000,841777.81
954,lrange5,1000000,1251604.50
955,lpush5,1000000,831414.81
955,lrange5,1000000,1300577.38
956,lpush5,1000000,827275.44
956,lrange5,1000000,1280491.62
957,lpush5,1000000,841042.88
957,lrange5,1000000,1282153.88
958,lpush5,1000000,843332.19
958,lrange5,1000000,1302208.38
959,lpush5,1000000,843170.31
959,lrange5,1000000,1298971.50
960,lpush5,1000000,824613.31
960,lrange5,1000000,1258123.25
961,lpush5,1000000,837641.56
961,lrange5,1000000,1261215.62
962,lpush5,1000000,832759.38
962,lrange5,1000000,1275551.00
963,lpush5,1000000,832826.00
963,lrange5,1000000,1246922.75
964,lpush5,1000000,838966.44
964,lrange5,1000000,1248659.12
965,lpush5,1000000,822368.44
965,lrange5,1000000,1197815.62
966,lpush5,1000000,843318.75
966,lrange5,1000000,1287021.88
967,lpush5,1000000,837668.31
967,lrange5,1000000,1257881.75
968,lpush5,1000000,839644.00
968,lrange5,1000000,1298909.12
969,lpush5,1000000,838223.00
969,lrange5,1000000,1184853.12
970,lpush5,1000000,832759.38
970,lrange5,1000000,1264283.12
971,lpush5,1000000,829200.69
971,lrange5,1000000,1201961.50
972,lpush5,1000000,825843.12
972,lrange5,1000000,1182430.25
973,lpush5,1000000,830617.94
973,lrange5,1000000,1282236.00
974,lpush5,1000000,840551.25
974,lrange5,1000000,1190685.75
975,lpush5,1000000,843345.69
975,lrange5,1000000,1262787.88
976,lpush5,1000000,835462.00
976,lrange5,1000000,1199098.38
977,lpush5,1000000,841858.62
977,lrange5,1000000,1193451.12
978,lpush5,1000000,833399.94
978,lrange5,1000000,1261114.75
979,lpush5,1000000,842648.69
979,lrange5,1000000,1193642.00
980,lpush5,1000000,824494.62
980,lrange5,1000000,1248599.25
981,lpush5,1000000,841096.69
981,lrange5,1000000,1300494.12
982,lpush5,1000000,836187.31
982,lrange5,1000000,1245330.00
983,lpush5,1000000,842554.31
983,lrange5,1000000,1297079.12
984,lpush5,1000000,836927.19
984,lrange5,1000000,1274068.75
985,lpush5,1000000,830617.94
985,lrange5,1000000,1257881.75
986,lpush5,1000000,830048.12
986,lrange5,1000000,1270749.62
987,lpush5,1000000,835528.81
987,lrange5,1000000,1295502.62
988,lpush5,1000000,832679.44
988,lrange5,1000000,1182297.88
989,lpush5,1000000,831946.75
989,lrange5,1000000,1199443.62
990,lpush5,1000000,824494.62
990,lrange5,1000000,1234725.88
991,lpush5,1000000,842648.69
991,lrange5,1000000,1250000.00
992,lpush5,1000000,831308.44
992,lrange5,1000000,1197892.25
993,lpush5,1000000,834201.81
993,lrange5,1000000,1256482.38
994,lpush5,1000000,827867.56
994,lrange5,1000000,1295523.25
995,lpush5,1000000,833546.62
995,lrange5,1000000,1298722.12
996,lpush5,1000000,831295.12
996,lrange5,1000000,1195010.75
997,lpush5,1000000,829240.50
997,lrange5,1000000,1243940.25
998,lpush5,1000000,837654.94
998,lrange5,1000000,1273905.75
999,lpush5,1000000,842662.12
999,lrange5,1000000,1257942.12
1000,lpush5,1000000,833479.94
1000,lrange5,1000000,1300410.88
1001,lpush5,1000000,836334.44
1001,lrange5,1000000,1269035.50
1002,lpush5,1000000,835609.00
1002,lrange5,1000000,1264384.25
1003,lpush5,1000000,832812.69
1003,lrange5,1000000,1203619.75
1004,lpush5,1000000,832639.50
1004,lrange5,1000000,1282236.00
1005,lpush5,1000000,833333.31
1005,lrange5,1000000,1233065.38
1006,lpush5,1000000,846916.19
1006,lrange5,1000000,1283881.88
1007,lpush5,1000000,842662.12
1007,lrange5,1000000,1285388.12
1008,lpush5,1000000,829941.88
1008,lrange5,1000000,1009114.00
1009,lpush5,1000000,834764.62
1009,lrange5,1000000,1174047.00
1010,lpush5,1000000,840443.69
1010,lrange5,1000000,1186657.12
1011,lpush5,1000000,838330.31
1011,lrange5,1000000,1246882.88
1012,lpush5,1000000,837561.12
1012,lrange5,1000000,1300639.75
1013,lpush5,1000000,837587.94
1013,lrange5,1000000,1191914.25
1014,lpush5,1000000,836173.94
1014,lrange5,1000000,1265944.25
1015,lpush5,1000000,841110.19
1015,lrange5,1000000,1190495.25
1016,lpush5,1000000,838370.50
1016,lrange5,1000000,1189479.12
1017,lpush5,1000000,833373.31
1017,lrange5,1000000,1225529.38
1018,lpush5,1000000,827156.31
1018,lrange5,1000000,1297120.62
1019,lpush5,1000000,832706.12
1019,lrange5,1000000,1196497.62
1020,lpush5,1000000,838263.25
1020,lrange5,1000000,1205031.38
1021,lpush5,1000000,834161.81
1021,lrange5,1000000,1288783.50
1022,lpush5,1000000,830578.06
1022,lrange5,1000000,1189441.12
1023,lpush5,1000000,827814.62
1023,lrange5,1000000,1193680.25
1024,lpush5,1000000,834898.19
1024,lrange5,1000000,1204915.62
1025,lpush5,1000000,829267.00
1025,lrange5,1000000,1297120.62
1026,lpush5,1000000,835595.62
1026,lrange5,1000000,1256482.38
1027,lpush5,1000000,831348.31
1027,lrange5,1000000,1275612.25
1028,lpush5,1000000,836820.06
1028,lrange5,1000000,1202269.25
1029,lpush5,1000000,831388.25
1029,lrange5,1000000,1193680.25
1030,lpush5,1000000,825082.50
1030,lrange5,1000000,1302229.12
1031,lpush5,1000000,821228.19
1031,lrange5,1000000,1240873.50
1032,lpush5,1000000,838451.00
1032,lrange5,1000000,1303989.50
1033,lpush5,1000000,837641.56
1033,lrange5,1000000,1216545.00
1034,lpush5,1000000,834778.00
1034,lrange5,1000000,1200729.88
1035,lpush5,1000000,829320.06
1035,lrange5,1000000,1209267.25
1036,lpush5,1000000,834148.44
1036,lrange5,1000000,1285408.75
1037,lpush5,1000000,830710.94
1037,lrange5,1000000,1246962.62
1038,lpush5,1000000,839087.25
1038,lrange5,1000000,1204857.88
1039,lpush5,1000000,825935.62
1039,lrange5,1000000,1277343.62
1040,lpush5,1000000,832759.38
1040,lrange5,1000000,1243880.62
1041,lpush5,1000000,827854.31
1041,lrange5,1000000,1303885.25
1042,lpush5,1000000,832000.00
1042,lrange5,1000000,1283738.12
1043,lpush5,1000000,829888.75
1043,lrange5,1000000,1183431.88
1044,lpush5,1000000,836833.44
1044,lrange5,1000000,1280450.62
1045,lpush5,1000000,825896.00
1045,lrange5,1000000,1295461.12
1046,lpush5,1000000,826446.25
1046,lrange5,1000000,1264283.12
1047,lpush5,1000000,821692.69
1047,lrange5,1000000,1193451.12
1048,lpush5,1000000,828593.19
1048,lrange5,1000000,1186334.50
1049,lpush5,1000000,833386.62
1049,lrange5,1000000,1193737.50
1050,lpush5,1000000,829915.31
1050,lrange5,1000000,1199347.75
1051,lpush5,1000000,822407.94
1051,lrange5,1000000,1288659.75
1052,lpush5,1000000,836120.44
1052,lrange5,1000000,1213786.38
1053,lpush5,1000000,826525.62
1053,lrange5,1000000,1280430.25
1054,lpush5,1000000,836927.19
1054,lrange5,1000000,1180637.50
1055,lpush5,1000000,832759.38
1055,lrange5,1000000,1197892.25
1056,lpush5,1000000,837735.31
1056,lrange5,1000000,1197949.75
1057,lpush5,1000000,845470.88
1057,lrange5,1000000,1221079.38
1058,lpush5,1000000,834121.75
1058,lrange5,1000000,1290343.25
1059,lpush5,1000000,836120.44
1059,lrange5,1000000,1267609.62
1060,lpush5,1000000,826499.12
1060,lrange5,1000000,1293764.50
1061,lpush5,1000000,823137.44
1061,lrange5,1000000,1250020.00
1062,lpush5,1000000,841204.38
1062,lrange5,1000000,1283717.62
1063,lpush5,1000000,834081.75
1063,lrange5,1000000,1197681.50
1064,lpush5,1000000,839751.50
1064,lrange5,1000000,1180920.88
1065,lpush5,1000000,835609.00
1065,lrange5,1000000,1261215.62
1066,lpush5,1000000,837020.88
1066,lrange5,1000000,1239197.00
1067,lpush5,1000000,832639.50
1067,lrange5,1000000,1228737.12
1068,lpush5,1000000,824402.25
1068,lrange5,1000000,1177856.38
1069,lpush5,1000000,830048.12
1069,lrange5,1000000,1242275.75
1070,lpush5,1000000,829875.50
1070,lrange5,1000000,1210653.75
1071,lpush5,1000000,826459.50
1071,lrange5,1000000,1300639.75
1072,lpush5,1000000,823775.94
1072,lrange5,1000000,1234587.62
1073,lpush5,1000000,836227.44
1073,lrange5,1000000,1189346.00
1074,lpush5,1000000,827827.88
1074,lrange5,1000000,1291989.62
1075,lpush5,1000000,833426.62
1075,lrange5,1000000,1275571.50
1076,lpush5,1000000,832639.50
1076,lrange5,1000000,1293826.62
1077,lpush5,1000000,834751.31
1077,lrange5,1000000,1179471.75
1078,lpush5,1000000,834135.12
1078,lrange5,1000000,1195087.25
1079,lpush5,1000000,837561.12
1079,lrange5,1000000,1190628.62
1080,lpush5,1000000,829240.50
1080,lrange5,1000000,1199366.88
1081,lpush5,1000000,828553.44
1081,lrange5,1000000,1250140.00
1082,lpush5,1000000,835462.00
1082,lrange5,1000000,1258022.62
1083,lpush5,1000000,836307.69
1083,lrange5,1000000,1186296.62
1084,lpush5,1000000,832679.44
1084,lrange5,1000000,1305650.12
1085,lpush5,1000000,831335.00
1085,lrange5,1000000,1302229.12
1086,lpush5,1000000,837534.31
1086,lrange5,1000000,1203542.75
1087,lpush5,1000000,837047.69
1087,lrange5,1000000,1224068.62
1088,lpush5,1000000,836147.19
1088,lrange5,1000000,1272386.75
1089,lpush5,1000000,814462.50
1089,lrange5,1000000,1280635.00
1090,lpush5,1000000,826552.06
1090,lrange5,1000000,1248479.38
1091,lpush5,1000000,832039.94
1091,lrange5,1000000,1200672.25
1092,lpush5,1000000,831268.50
1092,lrange5,1000000,1293785.25
1093,lpush5,1000000,832652.81
1093,lrange5,1000000,1194896.00
1094,lpush5,1000000,835475.31
1094,lrange5,1000000,1280491.62
1095,lpush5,1000000,834041.69
1095,lrange5,1000000,1264343.88
1096,lpush5,1000000,835635.75
1096,lrange5,1000000,1189422.12
1097,lpush5,1000000,836953.94
1097,lrange5,1000000,1251564.38
1098,lpush5,1000000,826671.06
1098,lrange5,1000000,1233124.50
1099,lpush5,1000000,834911.56
1099,lrange5,1000000,1298867.62
1100,lpush5,1000000,836200.69
1100,lrange5,1000000,1192085.88
1101,lpush5,1000000,846172.56
1101,lrange5,1000000,1305504.00
1102,lpush5,1000000,832679.44
1102,lrange5,1000000,1196172.25
1103,lpush5,1000000,836160.56
1103,lrange5,1000000,1293681.75
1104,lpush5,1000000,830617.94
1104,lrange5,1000000,1234646.88
1105,lpush5,1000000,834188.50
1105,lrange5,1000000,1278792.88
1106,lpush5,1000000,831960.06
1106,lrange5,1000000,1194838.75
1107,lpush5,1000000,838223.00
1107,lrange5,1000000,1280450.62
1108,lpush5,1000000,823775.94
1108,lrange5,1000000,1197739.00
1109,lpush5,1000000,841123.62
1109,lrange5,1000000,1245330.00
1110,lpush5,1000000,832106.50
1110,lrange5,1000000,1199136.75
1111,lpush5,1000000,834041.69
1111,lrange5,1000000,1295461.12
1112,lpush5,1000000,834055.06
1112,lrange5,1000000,1275551.00
1113,lpush5,1000000,839764.94
1113,lrange5,1000000,1196497.62
1114,lpush5,1000000,831374.94
1114,lrange5,1000000,1302291.62
1115,lpush5,1000000,832013.31
1115,lrange5,1000000,1200595.38
1116,lpush5,1000000,835542.19
1116,lrange5,1000000,1262828.25
1117,lpush5,1000000,827867.56
1117,lrange5,1000000,1242236.00
1118,lpush5,1000000,827920.56
1118,lrange5,1000000,1274007.62
1119,lpush5,1000000,839033.56
1119,lrange5,1000000,1253173.00
1120,lpush5,1000000,826499.12
1120,lrange5,1000000,1200691.50
1121,lpush5,1000000,833386.62
1121,lrange5,1000000,1295336.75
1122,lpush5,1000000,837601.31
1122,lrange5,1000000,1168373.88
1123,lpush5,1000000,829888.75
1123,lrange5,1000000,1200499.38
1124,lpush5,1000000,842459.94
1124,lrange5,1000000,1302208.38
1125,lpush5,1000000,844783.75
1125,lrange5,1000000,1192257.50
1126,lpush5,1000000,836280.94
1126,lrange5,1000000,1280594.12
1127,lpush5,1000000,829888.75
1127,lrange5,1000000,1236232.38
1128,lpush5,1000000,829399.69
1128,lrange5,1000000,1204877.12
1129,lpush5,1000000,839140.94
1129,lrange5,1000000,1178007.12
1130,lpush5,1000000,831374.94
1130,lrange5,1000000,1196191.38
1131,lpush5,1000000,841764.31
1131,lrange5,1000000,1200691.50
1132,lpush5,1000000,840470.56
1132,lrange5,1000000,1290384.50
1133,lpush5,1000000,829915.31
1133,lrange5,1000000,1200480.12
1134,lpush5,1000000,828566.69
1134,lrange5,1000000,1277139.25
1135,lpush5,1000000,836953.94
1135,lrange5,1000000,1180713.12
1136,lpush5,1000000,838383.94
1136,lrange5,1000000,1224225.25
1137,lpush5,1000000,849086.62
1137,lrange5,1000000,1222767.75
1138,lpush5,1000000,836120.44
1138,lrange5,1000000,1290487.75
1139,lpush5,1000000,835542.19
1139,lrange5,1000000,1287166.00
1140,lpush5,1000000,836214.06
1140,lrange5,1000000,1270648.00
1141,lpush5,1000000,834898.19
1141,lrange5,1000000,1185004.75
1142,lpush5,1000000,836900.38
1142,lrange5,1000000,1184872.12
1143,lpush5,1000000,821863.62
1143,lrange5,1000000,1189060.62
1144,lpush5,1000000,834028.38
1144,lrange5,1000000,1258042.75
1145,lpush5,1000000,830817.25
1145,lrange5,1000000,1269035.50
1146,lpush5,1000000,836280.94
1146,lrange5,1000000,1192295.62
1147,lpush5,1000000,829902.06
1147,lrange5,1000000,1247082.38
1148,lpush5,1000000,834884.81
1148,lrange5,1000000,1216564.38
1149,lpush5,1000000,828579.94
1149,lrange5,1000000,1300390.12
1150,lpush5,1000000,837641.56
1150,lrange5,1000000,1305524.88
1151,lpush5,1000000,831374.94
1151,lrange5,1000000,1262626.25
1152,lpush5,1000000,837561.12
1152,lrange5,1000000,1231625.62
1153,lpush5,1000000,828500.38
1153,lrange5,1000000,1287166.00
1154,lpush5,1000000,828553.44
1154,lrange5,1000000,1287227.75
1155,lpush5,1000000,834215.19
1155,lrange5,1000000,1261034.12
1156,lpush5,1000000,829412.94
1156,lrange5,1000000,1298846.75
1157,lpush5,1000000,824534.19
1157,lrange5,1000000,1307419.62
1158,lpush5,1000000,834108.44
1158,lrange5,1000000,1274068.75
1159,lpush5,1000000,836240.81
1159,lrange5,1000000,1225568.62
1160,lpush5,1000000,834081.75
1160,lrange5,1000000,1265822.75
1161,lpush5,1000000,825856.31
1161,lrange5,1000000,1287063.00
1162,lpush5,1000000,842567.81
1162,lrange5,1000000,1307419.62
1163,lpush5,1000000,842500.38
1163,lrange5,1000000,1298701.38
1164,lpush5,1000000,844675.69
1164,lrange5,1000000,1288659.75
1165,lpush5,1000000,827301.94
1165,lrange5,1000000,1196555.00
1166,lpush5,1000000,840524.31
1166,lrange5,1000000,1212140.62
1167,lpush5,1000000,832852.62
1167,lrange5,1000000,1192276.50
1168,lpush5,1000000,838926.12
1168,lrange5,1000000,1239316.00
1169,lpush5,1000000,826459.50
1169,lrange5,1000000,1245369.88
1170,lpush5,1000000,834121.75
1170,lrange5,1000000,1199155.88
1171,lpush5,1000000,837587.94
1171,lrange5,1000000,1300494.12
1172,lpush5,1000000,831295.12
1172,lrange5,1000000,1261094.62
1173,lpush5,1000000,845308.56
1173,lrange5,1000000,1290322.62
1174,lpush5,1000000,842594.75
1174,lrange5,1000000,1293661.00
1175,lpush5,1000000,834175.12
1175,lrange5,1000000,1303906.12
1176,lpush5,1000000,839778.38
1176,lrange5,1000000,1208058.00
1177,lpush5,1000000,831428.12
1177,lrange5,1000000,1199194.25
1178,lpush5,1000000,828513.69
1178,lrange5,1000000,1292155.00
1179,lpush5,1000000,832826.00
1179,lrange5,1000000,1201980.75
1180,lpush5,1000000,834978.31
1180,lrange5,1000000,1197949.75
1181,lpush5,1000000,840457.12
1181,lrange5,1000000,1196210.50
1182,lpush5,1000000,829941.88
1182,lrange5,1000000,1193470.12
1183,lpush5,1000000,838424.19
1183,lrange5,1000000,1297162.12
1184,lpush5,1000000,830061.38
1184,lrange5,1000000,1192066.75
1185,lpush5,1000000,840403.31
1185,lrange5,1000000,1305629.25
1186,lpush5,1000000,832133.12
1186,lrange5,1000000,1288845.38
1187,lpush5,1000000,837695.12
1187,lrange5,1000000,1292155.00
1188,lpush5,1000000,828566.69
1188,lrange5,1000000,1307294.12
1189,lpush5,1000000,828553.44
1189,lrange5,1000000,1305483.12
1190,lpush5,1000000,830617.94
1190,lrange5,1000000,1297245.12
1191,lpush5,1000000,832026.62
1191,lrange5,1000000,1285347.00
1192,lpush5,1000000,839697.75
1192,lrange5,1000000,1270851.38
1193,lpush5,1000000,828513.69
1193,lrange5,1000000,1277343.62
1194,lpush5,1000000,834228.50
1194,lrange5,1000000,1258042.75
1195,lpush5,1000000,823868.19
1195,lrange5,1000000,1288742.25
1196,lpush5,1000000,833386.62
1196,lrange5,1000000,1277139.25
1197,lpush5,1000000,829240.50
1197,lrange5,1000000,1253152.88
1198,lpush5,1000000,830578.06
1198,lrange5,1000000,1298742.88
1199,lpush5,1000000,833506.62
1199,lrange5,1000000,1283799.75
1200,lpush5,1000000,834215.19
1200,lrange5,1000000,1201923.00
1201,lpush5,1000000,821903.06
1201,lrange5,1000000,1280532.62
1202,lpush5,1000000,838953.00
1202,lrange5,1000000,1192028.62
1203,lpush5,1000000,841818.19
1203,lrange5,1000000,1165557.12
1204,lpush5,1000000,838290.06
1204,lrange5,1000000,1282256.50
1205,lpush5,1000000,832106.50
1205,lrange5,1000000,1240813.88
1206,lpush5,1000000,832706.12
1206,lrange5,1000000,1283697.12
1207,lpush5,1000000,831335.00
1207,lrange5,1000000,1298701.38
1208,lpush5,1000000,831946.75
1208,lrange5,1000000,1300556.62
1209,lpush5,1000000,828553.44
1209,lrange5,1000000,1283738.12
1210,lpush5,1000000,832159.69
1210,lrange5,1000000,1194896.00
1211,lpush5,1000000,827129.88
1211,lrange5,1000000,1189403.12
1212,lpush5,1000000,836227.44
1212,lrange5,1000000,1189460.12
1213,lpush5,1000000,829267.00
1213,lrange5,1000000,1200518.62
1214,lpush5,1000000,839630.56
1214,lrange5,1000000,1277221.00
1215,lpush5,1000000,831960.06
1215,lrange5,1000000,1168542.00
1216,lpush5,1000000,836173.94
1216,lrange5,1000000,1302083.38
1217,lpush5,1000000,841137.06
1217,lrange5,1000000,1208019.25
1218,lpush5,1000000,833426.62
1218,lrange5,1000000,1199462.88
1219,lpush5,1000000,831973.38
1219,lrange5,1000000,1200672.25
1220,lpush5,1000000,835435.25
1220,lrange5,1000000,1186486.38
1221,lpush5,1000000,836860.19
1221,lrange5,1000000,1203619.75
1222,lpush5,1000000,833333.31
1222,lrange5,1000000,1278792.88
1223,lpush5,1000000,829333.38
1223,lrange5,1000000,1196612.38
1224,lpush5,1000000,827894.06
1224,lrange5,1000000,1196191.38
1225,lpush5,1000000,834175.12
1225,lrange5,1000000,1225490.25
1226,lpush5,1000000,834724.56
1226,lrange5,1000000,1206349.88
1227,lpush5,1000000,836820.06
1227,lrange5,1000000,1182354.62
1228,lpush5,1000000,832159.69
1228,lrange5,1000000,1203427.25
1229,lpush5,1000000,832079.88
1229,lrange5,1000000,1298722.12
1230,lpush5,1000000,840497.44
1230,lrange5,1000000,1251584.50
1231,lpush5,1000000,836267.56
1231,lrange5,1000000,1295357.50
1232,lpush5,1000000,821771.56
1232,lrange5,1000000,1278792.88
1233,lpush5,1000000,822447.38
1233,lrange5,1000000,1196382.75
1234,lpush5,1000000,819158.12
1234,lrange5,1000000,1196497.62
1235,lpush5,1000000,833373.31
1235,lrange5,1000000,1196267.88
1236,lpush5,1000000,830114.50
1236,lrange5,1000000,1207826.12
1237,lpush5,1000000,825975.25
1237,lrange5,1000000,1199136.75
1238,lpush5,1000000,833493.31
1238,lrange5,1000000,1295336.75
1239,lpush5,1000000,837520.94
1239,lrange5,1000000,1186467.38
1240,lpush5,1000000,824415.44
1240,lrange5,1000000,1193737.50
1241,lpush5,1000000,836160.56
1241,lrange5,1000000,1290570.38
1242,lpush5,1000000,825803.50
1242,lrange5,1000000,1233203.50
1243,lpush5,1000000,834911.56
1243,lrange5,1000000,1307231.38
1244,lpush5,1000000,831454.75
1244,lrange5,1000000,1192009.50
1245,lpush5,1000000,841164.00
1245,lrange5,1000000,1297120.62
1246,lpush5,1000000,834724.56
1246,lrange5,1000000,1297037.62
1247,lpush5,1000000,832812.69
1247,lrange5,1000000,1243820.88
1248,lpush5,1000000,836133.81
1248,lrange5,1000000,1206620.00
1249,lpush5,1000000,829928.62
1249,lrange5,1000000,1287021.88
1250,lpush5,1000000,823934.12
1250,lrange5,1000000,1034159.25
1251,lpush5,1000000,838397.38
1251,lrange5,1000000,1197777.25
1252,lpush5,1000000,827196.06
1252,lrange5,1000000,1273987.25
1253,lpush5,1000000,834055.06
1253,lrange5,1000000,1192314.62
1254,lpush5,1000000,835421.88
1254,lrange5,1000000,1223990.25
1255,lpush5,1000000,835582.25
1255,lrange5,1000000,1275591.88
1256,lpush5,1000000,828526.94
1256,lrange5,1000000,1194857.75
1257,lpush5,1000000,841899.00
1257,lrange5,1000000,1285593.88
1258,lpush5,1000000,837614.75
1258,lrange5,1000000,1293826.62
1259,lpush5,1000000,834068.38
1259,lrange5,1000000,1297224.38
1260,lpush5,1000000,829981.69
1260,lrange5,1000000,1297224.38
1261,lpush5,1000000,839832.06
1261,lrange5,1000000,1189308.00
1262,lpush5,1000000,838249.81
1262,lrange5,1000000,1278936.00
1263,lpush5,1000000,837641.56
1263,lrange5,1000000,1190723.88
1264,lpush5,1000000,830061.38
1264,lrange5,1000000,1246882.88
1265,lpush5,1000000,838437.56
1265,lrange5,1000000,1187648.50
1266,lpush5,1000000,838316.88
1266,lrange5,1000000,1197815.62
1267,lpush5,1000000,844756.75
1267,lrange5,1000000,1183791.62
1268,lpush5,1000000,831321.75
1268,lrange5,1000000,1273987.25
1269,lpush5,1000000,835635.75
1269,lrange5,1000000,1250060.00
1270,lpush5,1000000,824455.00
1270,lrange5,1000000,1197643.12
1271,lpush5,1000000,835542.19
1271,lrange5,1000000,1298950.62
1272,lpush5,1000000,842635.19
1272,lrange5,1000000,1183810.62
1273,lpush5,1000000,839630.56
1273,lrange5,1000000,1270892.00
1274,lpush5,1000000,841069.81
1274,lrange5,1000000,1285532.12
1275,lpush5,1000000,832026.62
1275,lrange5,1000000,1182411.38
1276,lpush5,1000000,834201.81
1276,lrange5,1000000,1282051.38
1277,lpush5,1000000,834791.38
1277,lrange5,1000000,1243880.62
1278,lpush5,1000000,838290.06
1278,lrange5,1000000,1283758.75
1279,lpush5,1000000,841042.88
1279,lrange5,1000000,1184872.12
1280,lpush5,1000000,831374.94
1280,lrange5,1000000,1270831.00
1281,lpush5,1000000,833519.94
1281,lrange5,1000000,1182392.38
1282,lpush5,1000000,842473.44
1282,lrange5,1000000,1273885.25
1283,lpush5,1000000,843318.75
1283,lrange5,1000000,1288680.38
1284,lpush5,1000000,844621.62
1284,lrange5,1000000,1197873.12
1285,lpush5,1000000,832719.44
1285,lrange5,1000000,1186372.50
1286,lpush5,1000000,827341.62
1286,lrange5,1000000,1210692.50
1287,lpush5,1000000,841190.94
1287,lrange5,1000000,1257962.25
1288,lpush5,1000000,834255.19
1288,lrange5,1000000,1243820.88
1289,lpush5,1000000,838223.00
1289,lrange5,1000000,1282133.38
1290,lpush5,1000000,838979.81
1290,lrange5,1000000,1285491.00
1291,lpush5,1000000,835475.31
1291,lrange5,1000000,1204857.88
1292,lpush5,1000000,835635.75
1292,lrange5,1000000,1293723.12
1293,lpush5,1000000,837061.06
1293,lrange5,1000000,1257881.75
1294,lpush5,1000000,830617.94
1294,lrange5,1000000,1269076.12
1295,lpush5,1000000,831960.06
1295,lrange5,1000000,1236153.25
1296,lpush5,1000000,844635.12
1296,lrange5,1000000,1302104.12
1297,lpush5,1000000,834041.69
1297,lrange5,1000000,1187857.50
1298,lpush5,1000000,845430.31
1298,lrange5,1000000,1298701.38
1299,lpush5,1000000,837520.94
1299,lrange5,1000000,1125237.38
1300,lpush5,1000000,832013.31
1300,lrange5,1000000,1192104.88
1301,lpush5,1000000,837561.12
1301,lrange5,1000000,1285388.12
1302,lpush5,1000000,830697.69
1302,lrange5,1000000,1189136.75
1303,lpush5,1000000,829187.44
1303,lrange5,1000000,1292051.75
1304,lpush5,1000000,834175.12
1304,lrange5,1000000,1254745.25
1305,lpush5,1000000,824455.00
1305,lrange5,1000000,1262626.25
1306,lpush5,1000000,831308.44
1306,lrange5,1000000,1293847.38
1307,lpush5,1000000,824468.25
1307,lrange5,1000000,1292031.00
1308,lpush5,1000000,836173.94
1308,lrange5,1000000,1295378.25
1309,lpush5,1000000,825790.25
1309,lrange5,1000000,1295440.38
1310,lpush5,1000000,838939.56
1310,lrange5,1000000,1298763.62
1311,lpush5,1000000,832186.31
1311,lrange5,1000000,1293806.00
1312,lpush5,1000000,836321.06
1312,lrange5,1000000,1176658.75
1313,lpush5,1000000,827827.88
1313,lrange5,1000000,1293826.62
1314,lpush5,1000000,833519.94
1314,lrange5,1000000,1253132.88
1315,lpush5,1000000,831441.44
1315,lrange5,1000000,1272285.00
1316,lpush5,1000000,829928.62
1316,lrange5,1000000,1189079.62
1317,lpush5,1000000,827143.12
1317,lrange5,1000000,1188085.50
1318,lpush5,1000000,825122.12
1318,lrange5,1000000,1200710.62
1319,lpush5,1000000,839711.19
1319,lrange5,1000000,1202019.25
1320,lpush5,1000000,829888.75
1320,lrange5,1000000,1298722.12
1321,lpush5,1000000,839670.88
1321,lrange5,1000000,1188066.50
1322,lpush5,1000000,836200.69
1322,lrange5,1000000,1303780.88
1323,lpush5,1000000,836347.81
1323,lrange5,1000000,1192181.12
1324,lpush5,1000000,831401.50
1324,lrange5,1000000,1298763.62
1325,lpush5,1000000,831268.50
1325,lrange5,1000000,1303780.88
1326,lpush5,1000000,832000.00
1326,lrange5,1000000,1273926.12
1327,lpush5,1000000,832000.00
1327,lrange5,1000000,1265863.25
1328,lpush5,1000000,826591.69
1328,lrange5,1000000,1295440.38
1329,lpush5,1000000,831281.81
1329,lrange5,1000000,1261175.25
1330,lpush5,1000000,831960.06
1330,lrange5,1000000,1259627.12
1331,lpush5,1000000,831295.12
1331,lrange5,1000000,1206272.62
1332,lpush5,1000000,833399.94
1332,lrange5,1000000,1303947.88
1333,lpush5,1000000,834175.12
1333,lrange5,1000000,1298742.88
1334,lpush5,1000000,831428.12
1334,lrange5,1000000,1192200.25
1335,lpush5,1000000,826472.69
1335,lrange5,1000000,1261195.50
1336,lpush5,1000000,827196.06
1336,lrange5,1000000,1189269.88
1337,lpush5,1000000,829359.88
1337,lrange5,1000000,1245549.25
1338,lpush5,1000000,825161.69
1338,lrange5,1000000,1265984.75
1339,lpush5,1000000,825856.31
1339,lrange5,1000000,1228501.25
1340,lpush5,1000000,826472.69
1340,lrange5,1000000,1293702.50
1341,lpush5,1000000,822473.69
1341,lrange5,1000000,1287207.25
1342,lpush5,1000000,833399.94
1342,lrange5,1000000,1222650.38
1343,lpush5,1000000,834081.75
1343,lrange5,1000000,1308984.25
1344,lpush5,1000000,829240.50
1344,lrange5,1000000,1195049.00
1345,lpush5,1000000,827288.69
1345,lrange5,1000000,1298701.38
1346,lpush5,1000000,829306.81
1346,lrange5,1000000,1293785.25
1347,lpush5,1000000,834778.00
1347,lrange5,1000000,1199079.12
1348,lpush5,1000000,823775.94
1348,lrange5,1000000,1190495.25
1349,lpush5,1000000,824402.25
1349,lrange5,1000000,1234646.88
1350,lpush5,1000000,834175.12
1350,lrange5,1000000,1197643.12
1351,lpush5,1000000,836994.12
1351,lrange5,1000000,1269198.00
1352,lpush5,1000000,827814.62
1352,lrange5,1000000,1277241.38
1353,lpush5,1000000,828686.00
1353,lrange5,1000000,1269157.38
1354,lpush5,1000000,836887.00
1354,lrange5,1000000,1250040.00
1355,lpush5,1000000,831335.00
1355,lrange5,1000000,1261034.12
1356,lpush5,1000000,831986.69
1356,lrange5,1000000,1293785.25
1357,lpush5,1000000,836294.31
1357,lrange5,1000000,1302083.38
1358,lpush5,1000000,839006.69
1358,lrange5,1000000,1189327.00
1359,lpush5,1000000,837061.06
1359,lrange5,1000000,1303780.88
1360,lpush5,1000000,825082.50
1360,lrange5,1000000,1199328.50
1361,lpush5,1000000,827894.06
1361,lrange5,1000000,1287166.00
1362,lpush5,1000000,837034.25
1362,lrange5,1000000,1262666.62
1363,lpush5,1000000,834201.81
1363,lrange5,1000000,1250000.00
1364,lpush5,1000000,835582.25
1364,lrange5,1000000,1287001.25
1365,lpush5,1000000,819829.50
1365,lrange5,1000000,1212198.75
1366,lpush5,1000000,829995.00
1366,lrange5,1000000,1275673.50
1367,lpush5,1000000,831428.12
1367,lrange5,1000000,1257982.38
1368,lpush5,1000000,829240.50
1368,lrange5,1000000,1193565.62
1369,lpush5,1000000,832039.94
1369,lrange5,1000000,1202134.62
1370,lpush5,1000000,833399.94
1370,lrange5,1000000,1295357.50
1371,lpush5,1000000,829941.88
1371,lrange5,1000000,1273966.88
1372,lpush5,1000000,839858.94
1372,lrange5,1000000,1297016.88
1373,lpush5,1000000,834068.38
1373,lrange5,1000000,1295481.88
1374,lpush5,1000000,832679.44
1374,lrange5,1000000,1298846.75
1375,lpush5,1000000,834791.38
1375,lrange5,1000000,1202096.12
1376,lpush5,1000000,837641.56
1376,lrange5,1000000,1278772.38
1377,lpush5,1000000,836120.44
1377,lrange5,1000000,1285429.25
1378,lpush5,1000000,835582.25
1378,lrange5,1000000,1262707.12
1379,lpush5,1000000,832093.19
1379,lrange5,1000000,1300598.25
1380,lpush5,1000000,840336.12
1380,lrange5,1000000,1194838.75
1381,lpush5,1000000,841804.75
1381,lrange5,1000000,1202115.38
1382,lpush5,1000000,827249.00
1382,lrange5,1000000,1234607.38
1383,lpush5,1000000,832159.69
1383,lrange5,1000000,1256422.12
1384,lpush5,1000000,836120.44
1384,lrange5,1000000,1285491.00
1385,lpush5,1000000,833359.94
1385,lrange5,1000000,1295564.75
1386,lpush5,1000000,828553.44
1386,lrange5,1000000,1267447.50
1387,lpush5,1000000,832066.56
1387,lrange5,1000000,1280614.62
1388,lpush5,1000000,830617.94
1388,lrange5,1000000,1254926.00
1389,lpush5,1000000,825816.69
1389,lrange5,1000000,1237643.50
1390,lpush5,1000000,828553.44
1390,lrange5,1000000,1297058.38
1391,lpush5,1000000,832692.75
1391,lrange5,1000000,1288701.00
1392,lpush5,1000000,836873.62
1392,lrange5,1000000,1251664.50
1393,lpush5,1000000,839657.44
1393,lrange5,1000000,1297058.38
1394,lpush5,1000000,833533.31
1394,lrange5,1000000,1204973.50
1395,lpush5,1000000,834055.06
1395,lrange5,1000000,1307210.50
1396,lpush5,1000000,838343.69
1396,lrange5,1000000,1207864.75
1397,lpush5,1000000,834095.06
1397,lrange5,1000000,1250020.00
1398,lpush5,1000000,825148.50
1398,lrange5,1000000,1246922.75
1399,lpush5,1000000,834924.94
1399,lrange5,1000000,1298722.12
1400,lpush5,1000000,826684.25
1400,lrange5,1000000,1193584.75
1401,lpush5,1000000,840376.44
1401,lrange5,1000000,1237742.50
1402,lpush5,1000000,835595.62
1402,lrange5,1000000,1303822.62
1403,lpush5,1000000,833373.31
1403,lrange5,1000000,1237663.38
1404,lpush5,1000000,829875.50
1404,lrange5,1000000,1242414.88
1405,lpush5,1000000,828013.31
1405,lrange5,1000000,1310741.75
1406,lpush5,1000000,832066.56
1406,lrange5,1000000,1288701.00
1407,lpush5,1000000,836187.31
1407,lrange5,1000000,1182165.50
1408,lpush5,1000000,838370.50
1408,lrange5,1000000,1205204.88
1409,lpush5,1000000,833386.62
1409,lrange5,1000000,1254765.38
1410,lpush5,1000000,825082.50
1410,lrange5,1000000,1193470.12
1411,lpush5,1000000,835421.88
1411,lrange5,1000000,1297016.88
1412,lpush5,1000000,825122.12
1412,lrange5,1000000,1194781.38
1413,lpush5,1000000,840389.88
1413,lrange5,1000000,1288804.12
1414,lpush5,1000000,830087.94
1414,lrange5,1000000,1199060.00
1415,lpush5,1000000,834081.75
1415,lrange5,1000000,1259586.88
1416,lpush5,1000000,841993.31
1416,lrange5,1000000,1305566.62
1417,lpush5,1000000,829346.62
1417,lrange5,1000000,1293888.75
1418,lpush5,1000000,828553.44
1418,lrange5,1000000,1250100.00
1419,lpush5,1000000,828513.69
1419,lrange5,1000000,1197968.88
1420,lpush5,1000000,834041.69
1420,lrange5,1000000,1295357.50
1421,lpush5,1000000,838263.25
1421,lrange5,1000000,1280450.62
1422,lpush5,1000000,825869.56
1422,lrange5,1000000,1290446.50
1423,lpush5,1000000,839114.06
1423,lrange5,1000000,1187781.50
1424,lpush5,1000000,831255.25
1424,lrange5,1000000,1298846.75
1425,lpush5,1000000,838939.56
1425,lrange5,1000000,1200480.12
1426,lpush5,1000000,837520.94
1426,lrange5,1000000,1242395.00
1427,lpush5,1000000,833413.31
1427,lrange5,1000000,1280532.62
1428,lpush5,1000000,838979.81
1428,lrange5,1000000,1292072.38
1429,lpush5,1000000,842459.94
1429,lrange5,1000000,1272325.62
1430,lpush5,1000000,827814.62
1430,lrange5,1000000,1302187.50
1431,lpush5,1000000,829928.62
1431,lrange5,1000000,1307231.38
1432,lpush5,1000000,840349.56
1432,lrange5,1000000,1287021.88
1433,lpush5,1000000,831321.75
1433,lrange5,1000000,1303885.25
1434,lpush5,1000000,838276.62
1434,lrange5,1000000,1285532.12
1435,lpush5,1000000,840363.00
1435,lrange5,1000000,1203446.50
1436,lpush5,1000000,840443.69
1436,lrange5,1000000,1278792.88
1437,lpush5,1000000,831481.31
1437,lrange5,1000000,1197604.88
1438,lpush5,1000000,834791.38
1438,lrange5,1000000,1292093.00
1439,lpush5,1000000,836227.44
1439,lrange5,1000000,1240833.75
1440,lpush5,1000000,834121.75
1440,lrange5,1000000,1266005.00
1441,lpush5,1000000,834041.69
1441,lrange5,1000000,1298929.88
1442,lpush5,1000000,829187.44
1442,lrange5,1000000,1199040.75
1443,lpush5,1000000,826538.81
1443,lrange5,1000000,1198045.50
1444,lpush5,1000000,838343.69
1444,lrange5,1000000,1196191.38
1445,lpush5,1000000,829227.19
1445,lrange5,1000000,1257881.75
1446,lpush5,1000000,836267.56
1446,lrange5,1000000,1182108.75
1447,lpush5,1000000,833373.31
1447,lrange5,1000000,1179622.62
1448,lpush5,1000000,838343.69
1448,lrange5,1000000,1196287.00
1449,lpush5,1000000,830737.56
1449,lrange5,1000000,1176583.50
1450,lpush5,1000000,830048.12
1450,lrange5,1000000,1248439.50
1451,lpush5,1000000,830048.12
1451,lrange5,1000000,1190495.25
1452,lpush5,1000000,832133.12
1452,lrange5,1000000,1192104.88
1453,lpush5,1000000,836927.19
1453,lrange5,1000000,1200480.12
1454,lpush5,1000000,842635.19
1454,lrange5,1000000,1300577.38
1455,lpush5,1000000,839114.06
1455,lrange5,1000000,1293806.00
1456,lpush5,1000000,832093.19
1456,lrange5,1000000,1302250.00
1457,lpush5,1000000,834938.25
1457,lrange5,1000000,1147174.38
1458,lpush5,1000000,834965.00
1458,lrange5,1000000,1199347.75
1459,lpush5,1000000,825201.31
1459,lrange5,1000000,1278813.25
1460,lpush5,1000000,835475.31
1460,lrange5,1000000,1164274.75
1461,lpush5,1000000,840389.88
1461,lrange5,1000000,1216564.38
1462,lpush5,1000000,829968.44
1462,lrange5,1000000,1305650.12
1463,lpush5,1000000,829280.31
1463,lrange5,1000000,1236113.75
1464,lpush5,1000000,831428.12
1464,lrange5,1000000,1200729.88
1465,lpush5,1000000,832093.19
1465,lrange5,1000000,1272325.62
1466,lpush5,1000000,839127.50
1466,lrange5,1000000,1275510.25
1467,lpush5,1000000,833399.94
1467,lrange5,1000000,1285532.12
1468,lpush5,1000000,841177.44
1468,lrange5,1000000,1305671.12
1469,lpush5,1000000,829293.56
1469,lrange5,1000000,1305587.50
1470,lpush5,1000000,831428.12
1470,lrange5,1000000,1300473.38
1471,lpush5,1000000,828619.69
1471,lrange5,1000000,1254765.38
1472,lpush5,1000000,835609.00
1472,lrange5,1000000,1196459.25
1473,lpush5,1000000,836267.56
1473,lrange5,1000000,1196306.12
1474,lpush5,1000000,828672.75
1474,lrange5,1000000,1282133.38
1475,lpush5,1000000,827288.69
1475,lrange5,1000000,1259466.00
1476,lpush5,1000000,831960.06
1476,lrange5,1000000,1210808.75
1477,lpush5,1000000,827249.00
1477,lrange5,1000000,1248459.38
1478,lpush5,1000000,830564.81
1478,lrange5,1000000,1295357.50
1479,lpush5,1000000,831986.69
1479,lrange5,1000000,1197604.88
1480,lpush5,1000000,835421.88
1480,lrange5,1000000,1192104.88
1481,lpush5,1000000,836173.94
1481,lrange5,1000000,1189060.62
1482,lpush5,1000000,834737.94
1482,lrange5,1000000,1265924.00
1483,lpush5,1000000,830617.94
1483,lrange5,1000000,1262626.25
1484,lpush5,1000000,837574.56
1484,lrange5,1000000,1197815.62
1485,lpush5,1000000,827867.56
1485,lrange5,1000000,1251584.50
1486,lpush5,1000000,840363.00
1486,lrange5,1000000,1187705.50
1487,lpush5,1000000,832053.25
1487,lrange5,1000000,1287001.25
1488,lpush5,1000000,832133.12
1488,lrange5,1000000,1234587.62
1489,lpush5,1000000,838276.62
1489,lrange5,1000000,1253333.38
1490,lpush5,1000000,835528.81
1490,lrange5,1000000,1298701.38
1491,lpush5,1000000,836267.56
1491,lrange5,1000000,1293847.38
1492,lpush5,1000000,836873.62
1492,lrange5,1000000,1292217.12
1493,lpush5,1000000,819803.25
1493,lrange5,1000000,1193451.12
1494,lpush5,1000000,834724.56
1494,lrange5,1000000,1194991.62
1495,lpush5,1000000,826446.25
1495,lrange5,1000000,1259627.12
1496,lpush5,1000000,834041.69
1496,lrange5,1000000,1239335.88
1497,lpush5,1000000,832000.00
1497,lrange5,1000000,1282071.88
1498,lpush5,1000000,837775.56
1498,lrange5,1000000,1193317.38
1499,lpush5,1000000,839684.31
1499,lrange5,1000000,1270790.38
1500,lpush5,1000000,827907.31
1500,lrange5,1000000,1275612.25
1501,lpush5,1000000,835488.69
1501,lrange5,1000000,1196344.50
1502,lpush5,1000000,841083.25
1502,lrange5,1000000,1285388.12
1503,lpush5,1000000,832799.38
1503,lrange5,1000000,1194743.12
1504,lpush5,1000000,841096.69
1504,lrange5,1000000,1265984.75
1505,lpush5,1000000,834764.62
1505,lrange5,1000000,1234627.12
1506,lpush5,1000000,833519.94
1506,lrange5,1000000,1251624.50
1507,lpush5,1000000,832133.12
1507,lrange5,1000000,1303843.50
1508,lpush5,1000000,839778.38
1508,lrange5,1000000,1290425.88
1509,lpush5,1000000,836833.44
1509,lrange5,1000000,1290467.12
1510,lpush5,1000000,838236.44
1510,lrange5,1000000,1195125.38
1511,lpush5,1000000,834898.19
1511,lrange5,1000000,1267467.75
1512,lpush5,1000000,833533.31
1512,lrange5,1000000,1278772.38
1513,lpush5,1000000,829373.12
1513,lrange5,1000000,1290508.38
1514,lpush5,1000000,832093.19
1514,lrange5,1000000,1275551.00
1515,lpush5,1000000,841925.94
1515,lrange5,1000000,1273946.50
1516,lpush5,1000000,832173.00
1516,lrange5,1000000,1179339.62
1517,lpush5,1000000,829187.44
1517,lrange5,1000000,1251584.50
1518,lpush5,1000000,839006.69
1518,lrange5,1000000,1224049.00
1519,lpush5,1000000,834161.81
1519,lrange5,1000000,1187971.50
1520,lpush5,1000000,829187.44
1520,lrange5,1000000,1253373.50
1521,lpush5,1000000,837561.12
1521,lrange5,1000000,1196306.12
1522,lpush5,1000000,824415.44
1522,lrange5,1000000,1188066.50
1523,lpush5,1000000,836860.19
1523,lrange5,1000000,1182127.62
1524,lpush5,1000000,836967.31
1524,lrange5,1000000,1179452.88
1525,lpush5,1000000,836820.06
1525,lrange5,1000000,1277302.75
1526,lpush5,1000000,839100.62
1526,lrange5,1000000,1193508.38
1527,lpush5,1000000,841764.31
1527,lrange5,1000000,1274048.38
1528,lpush5,1000000,828513.69
1528,lrange5,1000000,1190571.50
1529,lpush5,1000000,831973.38
1529,lrange5,1000000,1192009.50
1530,lpush5,1000000,841939.44
1530,lrange5,1000000,1221001.25
1531,lpush5,1000000,839832.06
1531,lrange5,1000000,1288701.00
1532,lpush5,1000000,830697.69
1532,lrange5,1000000,1282051.38
1533,lpush5,1000000,828513.69
1533,lrange5,1000000,1248499.38
1534,lpush5,1000000,833373.31
1534,lrange5,1000000,1190704.75
1535,lpush5,1000000,846226.69
1535,lrange5,1000000,1187933.50
1536,lpush5,1000000,827196.06
1536,lrange5,1000000,1293681.75
1537,lpush5,1000000,836820.06
1537,lrange5,1000000,1287001.25
1538,lpush5,1000000,827867.56
1538,lrange5,1000000,1290384.50
1539,lpush5,1000000,839114.06
1539,lrange5,1000000,1293888.75
1540,lpush5,1000000,838979.81
1540,lrange5,1000000,1293723.12
1541,lpush5,1000000,838926.12
1541,lrange5,1000000,1277221.00
1542,lpush5,1000000,838276.62
1542,lrange5,1000000,1293681.75
1543,lpush5,1000000,823894.56
1543,lrange5,1000000,1290405.25
1544,lpush5,1000000,829902.06
1544,lrange5,1000000,1189212.88
1545,lpush5,1000000,842567.81
1545,lrange5,1000000,1293785.25
1546,lpush5,1000000,828725.75
1546,lrange5,1000000,1285367.62
1547,lpush5,1000000,827827.88
1547,lrange5,1000000,1180732.00
1548,lpush5,1000000,833533.31
1548,lrange5,1000000,1250200.00
1549,lpush5,1000000,835568.88
1549,lrange5,1000000,1183583.38
1550,lpush5,1000000,821837.31
1550,lrange5,1000000,1190609.50
1551,lpush5,1000000,829280.31
1551,lrange5,1000000,1287207.25
1552,lpush5,1000000,826631.38
1552,lrange5,1000000,1189193.75
1553,lpush5,1000000,832159.69
1553,lrange5,1000000,1240853.62
1554,lpush5,1000000,819105.69
1554,lrange5,1000000,1297016.88
1555,lpush5,1000000,834751.31
1555,lrange5,1000000,1300452.50
1556,lpush5,1000000,834764.62
1556,lrange5,1000000,1202000.00
1557,lpush5,1000000,829915.31
1557,lrange5,1000000,1148197.50
1558,lpush5,1000000,827182.81
1558,lrange5,1000000,1242434.75
1559,lpush5,1000000,823960.50
1559,lrange5,1000000,1185213.25
1560,lpush5,1000000,829240.50
1560,lrange5,1000000,1200537.75
1561,lpush5,1000000,820397.06
1561,lrange5,1000000,1266025.25
1562,lpush5,1000000,823058.44
1562,lrange5,1000000,1295336.75
1563,lpush5,1000000,841042.88
1563,lrange5,1000000,1282051.38
1564,lpush5,1000000,828646.19
1564,lrange5,1000000,1277139.25
1565,lpush5,1000000,832759.38
1565,lrange5,1000000,1203600.50
1566,lpush5,1000000,832106.50
1566,lrange5,1000000,1290322.62
1567,lpush5,1000000,837561.12
1567,lrange5,1000000,1197911.38
1568,lpush5,1000000,830048.12
1568,lrange5,1000000,1298846.75
1569,lpush5,1000000,832746.06
1569,lrange5,1000000,1187724.50
1570,lpush5,1000000,832000.00
1570,lrange5,1000000,1277159.62
1571,lpush5,1000000,833373.31
1571,lrange5,1000000,1288804.12
1572,lpush5,1000000,831428.12
1572,lrange5,1000000,1254705.12
1573,lpush5,1000000,826499.12
1573,lrange5,1000000,1182354.62
1574,lpush5,1000000,834108.44
1574,lrange5,1000000,1247062.38
1575,lpush5,1000000,835609.00
1575,lrange5,1000000,1283758.75
1576,lpush5,1000000,834041.69
1576,lrange5,1000000,1266005.00
1577,lpush5,1000000,829240.50
1577,lrange5,1000000,1192047.75
1578,lpush5,1000000,834188.50
1578,lrange5,1000000,1282236.00
1579,lpush5,1000000,826459.50
1579,lrange5,1000000,1282194.88
1580,lpush5,1000000,832719.44
1580,lrange5,1000000,1302229.12
1581,lpush5,1000000,826552.06
1581,lrange5,1000000,1254725.25
1582,lpush5,1000000,839751.50
1582,lrange5,1000000,1188009.50
1583,lpush5,1000000,832679.44
1583,lrange5,1000000,1261175.25
1584,lpush5,1000000,828699.25
1584,lrange5,1000000,1193584.75
1585,lpush5,1000000,826552.06
1585,lrange5,1000000,1288680.38
1586,lpush5,1000000,832839.31
1586,lrange5,1000000,1204819.25
1587,lpush5,1000000,827182.81
1587,lrange5,1000000,1248539.38
1588,lpush5,1000000,831255.25
1588,lrange5,1000000,1251724.62
1589,lpush5,1000000,837735.31
1589,lrange5,1000000,1166898.50
1590,lpush5,1000000,827129.88
1590,lrange5,1000000,1248439.50
1591,lpush5,1000000,831946.75
1591,lrange5,1000000,1131493.25
1592,lpush5,1000000,830034.81
1592,lrange5,1000000,1195125.38
1593,lpush5,1000000,832039.94
1593,lrange5,1000000,1273905.75
1594,lpush5,1000000,825095.69
1594,lrange5,1000000,1295440.38
1595,lpush5,1000000,833333.31
1595,lrange5,1000000,1293681.75
1596,lpush5,1000000,829306.81
1596,lrange5,1000000,1297203.62
1597,lpush5,1000000,828553.44
1597,lrange5,1000000,1287021.88
1598,lpush5,1000000,836900.38
1598,lrange5,1000000,1182354.62
1599,lpush5,1000000,821057.44
1599,lrange5,1000000,1282071.88
1600,lpush5,1000000,839154.31
1600,lrange5,1000000,1187971.50
1601,lpush5,1000000,829320.06
1601,lrange5,1000000,1189231.88
1602,lpush5,1000000,824415.44
1602,lrange5,1000000,1199040.75
1603,lpush5,1000000,823775.94
1603,lrange5,1000000,1293723.12
1604,lpush5,1000000,829227.19
1604,lrange5,1000000,1297203.62
1605,lpush5,1000000,836860.19
1605,lrange5,1000000,1245489.50
1606,lpush5,1000000,827867.56
1606,lrange5,1000000,1275551.00
1607,lpush5,1000000,830617.94
1607,lrange5,1000000,1140269.12
1608,lpush5,1000000,825777.06
1608,lrange5,1000000,1297182.88
1609,lpush5,1000000,833586.62
1609,lrange5,1000000,1298909.12
1610,lpush5,1000000,837520.94
1610,lrange5,1000000,1282277.00
1611,lpush5,1000000,827129.88
1611,lrange5,1000000,1300515.00
1612,lpush5,1000000,833333.31
1612,lrange5,1000000,1295544.00
1613,lpush5,1000000,832133.12
1613,lrange5,1000000,1242236.00
1614,lpush5,1000000,835462.00
1614,lrange5,1000000,1280532.62
1615,lpush5,1000000,836860.19
1615,lrange5,1000000,1259586.88
1616,lpush5,1000000,838464.38
1616,lrange5,1000000,1245489.50
1617,lpush5,1000000,832772.69
1617,lrange5,1000000,1267589.38
1618,lpush5,1000000,838223.00
1618,lrange5,1000000,1300577.38
1619,lpush5,1000000,821123.12
1619,lrange5,1000000,1193412.88
1620,lpush5,1000000,827986.81
1620,lrange5,1000000,1290384.50
1621,lpush5,1000000,832053.25
1621,lrange5,1000000,1278854.25
1622,lpush5,1000000,828540.19
1622,lrange5,1000000,1298722.12
1623,lpush5,1000000,823203.25
1623,lrange5,1000000,1267467.75
1624,lpush5,1000000,830671.12
1624,lrange5,1000000,1197988.00
1625,lpush5,1000000,830604.62
1625,lrange5,1000000,1278936.00
1626,lpush5,1000000,835475.31
1626,lrange5,1000000,1187876.50
1627,lpush5,1000000,835675.81
1627,lrange5,1000000,1277282.25
1628,lpush5,1000000,837641.56
1628,lrange5,1000000,1219570.75
1629,lpush5,1000000,835435.25
1629,lrange5,1000000,1280553.12
1630,lpush5,1000000,833546.62
1630,lrange5,1000000,1293826.62
1631,lpush5,1000000,823058.44
1631,lrange5,1000000,1291989.62
1632,lpush5,1000000,834884.81
1632,lrange5,1000000,1199347.75
1633,lpush5,1000000,822539.50
1633,lrange5,1000000,1278936.00
1634,lpush5,1000000,836873.62
1634,lrange5,1000000,1283779.25
1635,lpush5,1000000,825909.19
1635,lrange5,1000000,1192028.62
1636,lpush5,1000000,829928.62
1636,lrange5,1000000,1293847.38
1637,lpush5,1000000,829888.75
1637,lrange5,1000000,1282215.38
1638,lpush5,1000000,836214.06
1638,lrange5,1000000,1189269.88
1639,lpush5,1000000,839832.06
1639,lrange5,1000000,1193412.88
1640,lpush5,1000000,838926.12
1640,lrange5,1000000,1248539.38
1641,lpush5,1000000,823736.44
1641,lrange5,1000000,1168336.50
1642,lpush5,1000000,837587.94
1642,lrange5,1000000,1288824.75
1643,lpush5,1000000,834844.75
1643,lrange5,1000000,1196382.75
1644,lpush5,1000000,834041.69
1644,lrange5,1000000,1290467.12
1645,lpush5,1000000,838979.81
1645,lrange5,1000000,1248439.50
1646,lpush5,1000000,833399.94
1646,lrange5,1000000,1272529.25
1647,lpush5,1000000,838397.38
1647,lrange5,1000000,1295357.50
1648,lpush5,1000000,832000.00
1648,lrange5,1000000,1285429.25
1649,lpush5,1000000,835515.44
1649,lrange5,1000000,1245389.88
1650,lpush5,1000000,832799.38
1650,lrange5,1000000,1293826.62
1651,lpush5,1000000,839644.00
1651,lrange5,1000000,1273926.12
1652,lpush5,1000000,837007.50
1652,lrange5,1000000,1293702.50
1653,lpush5,1000000,831308.44
1653,lrange5,1000000,1254805.50
1654,lpush5,1000000,830684.38
1654,lrange5,1000000,1264283.12
1655,lpush5,1000000,829267.00
1655,lrange5,1000000,1253152.88
1656,lpush5,1000000,835515.44
1656,lrange5,1000000,1175370.12
1657,lpush5,1000000,829386.44
1657,lrange5,1000000,1183469.75
1658,lpush5,1000000,835462.00
1658,lrange5,1000000,1275612.25
1659,lpush5,1000000,836160.56
1659,lrange5,1000000,1292031.00
1660,lpush5,1000000,836913.75
1660,lrange5,1000000,1292217.12
1661,lpush5,1000000,838410.75
1661,lrange5,1000000,1288845.38
1662,lpush5,1000000,833479.94
1662,lrange5,1000000,1169609.38
1663,lpush5,1000000,836873.62
1663,lrange5,1000000,1248439.50
1664,lpush5,1000000,839140.94
1664,lrange5,1000000,1186486.38
1665,lpush5,1000000,835515.44
1665,lrange5,1000000,1247042.38
1666,lpush5,1000000,834858.12
1666,lrange5,1000000,1180656.38
1667,lpush5,1000000,824600.12
1667,lrange5,1000000,1290467.12
1668,lpush5,1000000,826446.25
1668,lrange5,1000000,1245409.75
1669,lpush5,1000000,833333.31
1669,lrange5,1000000,1288989.62
1670,lpush5,1000000,822526.31
1670,lrange5,1000000,1283697.12
1671,lpush5,1000000,839033.56
1671,lrange5,1000000,1295336.75
1672,lpush5,1000000,832746.06
1672,lrange5,1000000,1290343.25
1673,lpush5,1000000,842621.69
1673,lrange5,1000000,1274089.12
1674,lpush5,1000000,834215.19
1674,lrange5,1000000,1181034.25
1675,lpush5,1000000,837654.94
1675,lrange5,1000000,1193775.62
1676,lpush5,1000000,834724.56
1676,lrange5,1000000,1194953.38
1677,lpush5,1000000,833493.31
1677,lrange5,1000000,1200806.75
1678,lpush5,1000000,838223.00
1678,lrange5,1000000,1167290.50
1679,lpush5,1000000,842635.19
1679,lrange5,1000000,1185099.50
1680,lpush5,1000000,837681.75
1680,lrange5,1000000,1192333.75
1681,lpush5,1000000,830074.69
1681,lrange5,1000000,1240714.62
1682,lpush5,1000000,834028.38
1682,lrange5,1000000,1193489.25
1683,lpush5,1000000,843345.69
1683,lrange5,1000000,1197796.50
1684,lpush5,1000000,836240.81
1684,lrange5,1000000,1254885.88
1685,lpush5,1000000,834135.12
1685,lrange5,1000000,1183810.62
1686,lpush5,1000000,838939.56
1686,lrange5,1000000,1185061.62
1687,lpush5,1000000,843197.31
1687,lrange5,1000000,1195125.38
1688,lpush5,1000000,837520.94
1688,lrange5,1000000,1187895.50
1689,lpush5,1000000,835528.81
1689,lrange5,1000000,1182184.38
1690,lpush5,1000000,823775.94
1690,lrange5,1000000,1200864.38
1691,lpush5,1000000,835435.25
1691,lrange5,1000000,1172670.62
1692,lpush5,1000000,829915.31
1692,lrange5,1000000,1195106.38
1693,lpush5,1000000,836846.81
1693,lrange5,1000000,1193432.00
1694,lpush5,1000000,823802.31
1694,lrange5,1000000,1237821.75
1695,lpush5,1000000,833333.31
1695,lrange5,1000000,1188047.50
1696,lpush5,1000000,833453.31
1696,lrange5,1000000,1215241.75
1697,lpush5,1000000,829240.50
1697,lrange5,1000000,1283758.75
1698,lpush5,1000000,833399.94
1698,lrange5,1000000,1300577.38
1699,lpush5,1000000,834924.94
1699,lrange5,1000000,1298763.62
1700,lpush5,1000000,837574.56
1700,lrange5,1000000,1194743.12
1701,lpush5,1000000,829333.38
1701,lrange5,1000000,1193374.75
1702,lpush5,1000000,835462.00
1702,lrange5,1000000,1246922.75
1703,lpush5,1000000,836873.62
1703,lrange5,1000000,1192162.12
1704,lpush5,1000000,840484.00
1704,lrange5,1000000,1188047.50
1705,lpush5,1000000,833346.62
1705,lrange5,1000000,1253132.88
1706,lpush5,1000000,832839.31
1706,lrange5,1000000,1186505.38
1707,lpush5,1000000,835462.00
1707,lrange5,1000000,1195010.75
1708,lpush5,1000000,823111.06
1708,lrange5,1000000,1302208.38
1709,lpush5,1000000,842500.38
1709,lrange5,1000000,1282236.00
1710,lpush5,1000000,831960.06
1710,lrange5,1000000,1269258.88
1711,lpush5,1000000,831361.62
1711,lrange5,1000000,1280512.12
1712,lpush5,1000000,834188.50
1712,lrange5,1000000,1228697.75
1713,lpush5,1000000,836334.44
1713,lrange5,1000000,1290322.62
1714,lpush5,1000000,827196.06
1714,lrange5,1000000,1248439.50
1715,lpush5,1000000,827827.88
1715,lrange5,1000000,1278772.38
1716,lpush5,1000000,830564.81
1716,lrange5,1000000,1298763.62
1717,lpush5,1000000,829240.50
1717,lrange5,1000000,1196401.88
1718,lpush5,1000000,838939.56
1718,lrange5,1000000,1245350.00
1719,lpush5,1000000,832159.69
1719,lrange5,1000000,1295357.50
1720,lpush5,1000000,827143.12
1720,lrange5,1000000,1293702.50
1721,lpush5,1000000,834778.00
1721,lrange5,1000000,1282215.38
1722,lpush5,1000000,832053.25
1722,lrange5,1000000,1031191.75
1723,lpush5,1000000,834201.81
1723,lrange5,1000000,1189212.88
1724,lpush5,1000000,841858.62
1724,lrange5,1000000,1298929.88
1725,lpush5,1000000,836820.06
1725,lrange5,1000000,1189269.88
1726,lpush5,1000000,836214.06
1726,lrange5,1000000,1199482.00
1727,lpush5,1000000,839657.44
1727,lrange5,1000000,1298846.75
1728,lpush5,1000000,827143.12
1728,lrange5,1000000,1245350.00
1729,lpush5,1000000,831960.06
1729,lrange5,1000000,1273905.75
1730,lpush5,1000000,837601.31
1730,lrange5,1000000,1261155.12
1731,lpush5,1000000,822368.44
1731,lrange5,1000000,1259466.00
1732,lpush5,1000000,828540.19
1732,lrange5,1000000,1197604.88
1733,lpush5,1000000,839657.44
1733,lrange5,1000000,1189365.00
1734,lpush5,1000000,831321.75
1734,lrange5,1000000,1201923.00
1735,lpush5,1000000,834804.69
1735,lrange5,1000000,1196210.50
1736,lpush5,1000000,834911.56
1736,lrange5,1000000,1254725.25
1737,lpush5,1000000,827182.81
1737,lrange5,1000000,1304010.38
1738,lpush5,1000000,830021.56
1738,lrange5,1000000,1194896.00
1739,lpush5,1000000,838966.44
1739,lrange5,1000000,1173708.88
1740,lpush5,1000000,832119.81
1740,lrange5,1000000,1265863.25
1741,lpush5,1000000,827827.88
1741,lrange5,1000000,1297016.88
1742,lpush5,1000000,833333.31
1742,lrange5,1000000,1262747.50
1743,lpush5,1000000,824573.75
1743,lrange5,1000000,1187648.50
1744,lpush5,1000000,826604.94
1744,lrange5,1000000,1273966.88
1745,lpush5,1000000,836820.06
1745,lrange5,1000000,1186524.38
1746,lpush5,1000000,831960.06
1746,lrange5,1000000,1190742.88
1747,lpush5,1000000,830671.12
1747,lrange5,1000000,1207748.75
1748,lpush5,1000000,834095.06
1748,lrange5,1000000,1300390.12
1749,lpush5,1000000,827182.81
1749,lrange5,1000000,1300535.75
1750,lpush5,1000000,839060.38
1750,lrange5,1000000,1197815.62
1751,lpush5,1000000,831986.69
1751,lrange5,1000000,1196229.62
1752,lpush5,1000000,834764.62
1752,lrange5,1000000,1262707.12
1753,lpush5,1000000,821018.00
1753,lrange5,1000000,1195049.00
1754,lpush5,1000000,829187.44
1754,lrange5,1000000,1259546.50
1755,lpush5,1000000,831973.38
1755,lrange5,1000000,1192314.62
1756,lpush5,1000000,834175.12
1756,lrange5,1000000,1197719.75
1757,lpush5,1000000,838263.25
1757,lrange5,1000000,1198007.25
1758,lpush5,1000000,834924.94
1758,lrange5,1000000,1253293.25
1759,lpush5,1000000,831321.75
1759,lrange5,1000000,1168261.62
1760,lpush5,1000000,835609.00
1760,lrange5,1000000,1196401.88
1761,lpush5,1000000,840497.44
1761,lrange5,1000000,1295606.25
1762,lpush5,1000000,828526.94
1762,lrange5,1000000,1287001.25
1763,lpush5,1000000,831946.75
1763,lrange5,1000000,1269055.88
1764,lpush5,1000000,835515.44
1764,lrange5,1000000,1287001.25
1765,lpush5,1000000,842635.19
1765,lrange5,1000000,1278813.25
1766,lpush5,1000000,834041.69
1766,lrange5,1000000,1262707.12
1767,lpush5,1000000,827169.56
1767,lrange5,1000000,1278813.25
1768,lpush5,1000000,825816.69
1768,lrange5,1000000,1288701.00
1769,lpush5,1000000,831295.12
1769,lrange5,1000000,1192181.12
1770,lpush5,1000000,826459.50
1770,lrange5,1000000,1187876.50
1771,lpush5,1000000,831268.50
1771,lrange5,1000000,1190476.25
1772,lpush5,1000000,833386.62
1772,lrange5,1000000,1272407.12
1773,lpush5,1000000,842554.31
1773,lrange5,1000000,1239236.75
1774,lpush5,1000000,831946.75
1774,lrange5,1000000,1288701.00
1775,lpush5,1000000,839764.94
1775,lrange5,1000000,1189441.12
1776,lpush5,1000000,827854.31
1776,lrange5,1000000,1189308.00
1777,lpush5,1000000,840336.12
1777,lrange5,1000000,1293847.38
1778,lpush5,1000000,832133.12
1778,lrange5,1000000,1190647.62
1779,lpush5,1000000,835488.69
1779,lrange5,1000000,1185232.25
1780,lpush5,1000000,833586.62
1780,lrange5,1000000,1256462.25
1781,lpush5,1000000,829359.88
1781,lrange5,1000000,1197911.38
1782,lpush5,1000000,835435.25
1782,lrange5,1000000,1192143.00
1783,lpush5,1000000,827169.56
1783,lrange5,1000000,1193451.12
1784,lpush5,1000000,826578.50
1784,lrange5,1000000,1173727.75
1785,lpush5,1000000,836133.81
1785,lrange5,1000000,1267447.50
1786,lpush5,1000000,831946.75
1786,lrange5,1000000,1269055.88
1787,lpush5,1000000,834135.12
1787,lrange5,1000000,1076839.62
1788,lpush5,1000000,838276.62
1788,lrange5,1000000,1283881.88
1789,lpush5,1000000,840443.69
1789,lrange5,1000000,1283902.50
1790,lpush5,1000000,828540.19
1790,lrange5,1000000,1197758.12
1791,lpush5,1000000,832119.81
1791,lrange5,1000000,1199347.75
1792,lpush5,1000000,827143.12
1792,lrange5,1000000,1187648.50
1793,lpush5,1000000,846794.25
1793,lrange5,1000000,1254725.25
1794,lpush5,1000000,827841.12
1794,lrange5,1000000,1298742.88
1795,lpush5,1000000,825267.31
1795,lrange5,1000000,1259586.88
1796,lpush5,1000000,829227.19
1796,lrange5,1000000,1237940.50
1797,lpush5,1000000,840403.31
1797,lrange5,1000000,1282071.88
1798,lpush5,1000000,825975.25
1798,lrange5,1000000,1261074.38
1799,lpush5,1000000,828699.25
1799,lrange5,1000000,1265822.75
1800,lpush5,1000000,834831.44
1800,lrange5,1000000,1259566.75
1801,lpush5,1000000,832852.62
1801,lrange5,1000000,1288762.88
1802,lpush5,1000000,834215.19
1802,lrange5,1000000,1297203.62
1803,lpush5,1000000,826459.50
1803,lrange5,1000000,1187990.50
1804,lpush5,1000000,827880.81
1804,lrange5,1000000,1246982.62
1805,lpush5,1000000,829875.50
1805,lrange5,1000000,1287207.25
1806,lpush5,1000000,835488.69
1806,lrange5,1000000,1193642.00
1807,lpush5,1000000,837695.12
1807,lrange5,1000000,1122567.88
1808,lpush5,1000000,829293.56
1808,lrange5,1000000,1196497.62
1809,lpush5,1000000,827143.12
1809,lrange5,1000000,1212257.00
1810,lpush5,1000000,834081.75
1810,lrange5,1000000,1227072.38
1811,lpush5,1000000,818369.88
1811,lrange5,1000000,1290467.12
1812,lpush5,1000000,837587.94
1812,lrange5,1000000,1185118.50
1813,lpush5,1000000,832746.06
1813,lrange5,1000000,1234666.62
1814,lpush5,1000000,821745.25
1814,lrange5,1000000,1256321.62
1815,lpush5,1000000,829187.44
1815,lrange5,1000000,1174028.12
1816,lpush5,1000000,835582.25
1816,lrange5,1000000,1298888.38
1817,lpush5,1000000,831468.06
1817,lrange5,1000000,1270790.38
1818,lpush5,1000000,837520.94
1818,lrange5,1000000,1288783.50
1819,lpush5,1000000,829968.44
1819,lrange5,1000000,1186391.50
1820,lpush5,1000000,834268.56
1820,lrange5,1000000,1201980.75
1821,lpush5,1000000,832692.75
1821,lrange5,1000000,1178214.38
1822,lpush5,1000000,837520.94
1822,lrange5,1000000,1187800.50
1823,lpush5,1000000,830564.81
1823,lrange5,1000000,1269055.88
1824,lpush5,1000000,836267.56
1824,lrange5,1000000,1290425.88
1825,lpush5,1000000,840484.00
1825,lrange5,1000000,1174122.12
1826,lpush5,1000000,833373.31
1826,lrange5,1000000,1193661.12
1827,lpush5,1000000,832879.31
1827,lrange5,1000000,1203388.75
1828,lpush5,1000000,834778.00
1828,lrange5,1000000,1253253.12
1829,lpush5,1000000,821916.19
1829,lrange5,1000000,1186372.50
1830,lpush5,1000000,836887.00
1830,lrange5,1000000,1300598.25
1831,lpush5,1000000,835528.81
1831,lrange5,1000000,1183526.62
1832,lpush5,1000000,833519.94
1832,lrange5,1000000,1298742.88
1833,lpush5,1000000,840416.75
1833,lrange5,1000000,1233124.50
1834,lpush5,1000000,825869.56
1834,lrange5,1000000,1278854.25
1835,lpush5,1000000,832759.38
1835,lrange5,1000000,1251684.62
1836,lpush5,1000000,831308.44
1836,lrange5,1000000,1200653.00
1837,lpush5,1000000,829968.44
1837,lrange5,1000000,1185213.25
1838,lpush5,1000000,837641.56
1838,lrange5,1000000,1193584.75
1839,lpush5,1000000,824402.25
1839,lrange5,1000000,1185099.50
1840,lpush5,1000000,827841.12
1840,lrange5,1000000,1193355.62
1841,lpush5,1000000,824600.12
1841,lrange5,1000000,1219629.25
1842,lpush5,1000000,842513.88
1842,lrange5,1000000,1245429.62
1843,lpush5,1000000,832119.81
1843,lrange5,1000000,1192238.38
1844,lpush5,1000000,832692.75
1844,lrange5,1000000,1242534.12
1845,lpush5,1000000,830737.56
1845,lrange5,1000000,1190742.88
1846,lpush5,1000000,834898.19
1846,lrange5,1000000,1200806.75
1847,lpush5,1000000,835488.69
1847,lrange5,1000000,1209209.12
1848,lpush5,1000000,834764.62
1848,lrange5,1000000,1277139.25
1849,lpush5,1000000,831308.44
1849,lrange5,1000000,1295419.62
1850,lpush5,1000000,839140.94
1850,lrange5,1000000,1283697.12
1851,lpush5,1000000,837007.50
1851,lrange5,1000000,1300410.88
1852,lpush5,1000000,836927.19
1852,lrange5,1000000,1287186.62
1853,lpush5,1000000,834737.94
1853,lrange5,1000000,1292155.00
1854,lpush5,1000000,827827.88
1854,lrange5,1000000,1278915.62
1855,lpush5,1000000,841217.81
1855,lrange5,1000000,1195144.50
1856,lpush5,1000000,841750.88
1856,lrange5,1000000,1200518.62
1857,lpush5,1000000,832852.62
1857,lrange5,1000000,821745.25
1858,lpush5,1000000,526996.81
1858,lrange5,1000000,983299.94
1859,lpush5,1000000,835488.69
1859,lrange5,1000000,1288742.25
1860,lpush5,1000000,825095.69
1860,lrange5,1000000,1273905.75
1861,lpush5,1000000,829915.31
1861,lrange5,1000000,1300410.88
1862,lpush5,1000000,827368.06
1862,lrange5,1000000,1290570.38
1863,lpush5,1000000,828566.69
1863,lrange5,1000000,1307398.75
1864,lpush5,1000000,838437.56
1864,lrange5,1000000,1246902.75
1865,lpush5,1000000,835435.25
1865,lrange5,1000000,1300577.38
1866,lpush5,1000000,840349.56
1866,lrange5,1000000,1202173.00
1867,lpush5,1000000,835582.25
1867,lrange5,1000000,1288783.50
1868,lpush5,1000000,830564.81
1868,lrange5,1000000,1202057.62
1869,lpush5,1000000,838290.06
1869,lrange5,1000000,1298950.62
1870,lpush5,1000000,827209.25
1870,lrange5,1000000,1185213.25
1871,lpush5,1000000,836173.94
1871,lrange5,1000000,1246902.75
1872,lpush5,1000000,832746.06
1872,lrange5,1000000,1202211.50
1873,lpush5,1000000,828579.94
1873,lrange5,1000000,1297079.12
1874,lpush5,1000000,833346.62
1874,lrange5,1000000,1297016.88
1875,lpush5,1000000,828739.00
1875,lrange5,1000000,782136.00
1876,lpush5,1000000,625090.00
1876,lrange5,1000000,1272447.88
1877,lpush5,1000000,830604.62
1877,lrange5,1000000,1254785.50
1878,lpush5,1000000,835488.69
1878,lrange5,1000000,1297099.88
1879,lpush5,1000000,543287.38
1879,lrange5,1000000,825790.25
1880,lpush5,1000000,525052.00
1880,lrange5,1000000,987293.19
1881,lpush5,1000000,830644.50
1881,lrange5,1000000,1202250.00
1882,lpush5,1000000,830737.56
1882,lrange5,1000000,1193527.50
1883,lpush5,1000000,829888.75
1883,lrange5,1000000,1187933.50
1884,lpush5,1000000,836873.62
1884,lrange5,1000000,1254745.25
1885,lpush5,1000000,828540.19
1885,lrange5,1000000,1280409.75
1886,lpush5,1000000,835515.44
1886,lrange5,1000000,1189174.75
1887,lpush5,1000000,843962.94
1887,lrange5,1000000,1183829.50
1888,lpush5,1000000,839764.94
1888,lrange5,1000000,1180977.62
1889,lpush5,1000000,838330.31
1889,lrange5,1000000,1183545.50
1890,lpush5,1000000,834778.00
1890,lrange5,1000000,1272285.00
1891,lpush5,1000000,834924.94
1891,lrange5,1000000,1193756.62
1892,lpush5,1000000,841042.88
1892,lrange5,1000000,1278936.00
1893,lpush5,1000000,832826.00
1893,lrange5,1000000,1170002.38
1894,lpush5,1000000,830617.94
1894,lrange5,1000000,1267447.50
1895,lpush5,1000000,833466.62
1895,lrange5,1000000,1292155.00
1896,lpush5,1000000,843895.38
1896,lrange5,1000000,1285593.88
1897,lpush5,1000000,832652.81
1897,lrange5,1000000,1293702.50
1898,lpush5,1000000,837561.12
1898,lrange5,1000000,1188028.50
1899,lpush5,1000000,830697.69
1899,lrange5,1000000,1283861.38
1900,lpush5,1000000,834188.50
1900,lrange5,1000000,1275673.50
1901,lpush5,1000000,834737.94
1901,lrange5,1000000,1200902.75
1902,lpush5,1000000,829955.19
1902,lrange5,1000000,1225490.25
1903,lpush5,1000000,841858.62
1903,lrange5,1000000,910965.38
1904,lpush5,1000000,671140.94
1904,lrange5,1000000,1297265.88
1905,lpush5,1000000,833399.94
1905,lrange5,1000000,1280594.12
1906,lpush5,1000000,833399.94
1906,lrange5,1000000,1283758.75
1907,lpush5,1000000,841750.88
1907,lrange5,1000000,1240694.75
1908,lpush5,1000000,824402.25
1908,lrange5,1000000,1307398.75
1909,lpush5,1000000,828579.94
1909,lrange5,1000000,1192009.50
1910,lpush5,1000000,829941.88
1910,lrange5,1000000,1302229.12
1911,lpush5,1000000,827973.56
1911,lrange5,1000000,1298929.88
1912,lpush5,1000000,829941.88
1912,lrange5,1000000,1297016.88
1913,lpush5,1000000,834135.12
1913,lrange5,1000000,1302145.88
1914,lpush5,1000000,832173.00
1914,lrange5,1000000,1283799.75
1915,lpush5,1000000,834924.94
1915,lrange5,1000000,1196459.25
1916,lpush5,1000000,837020.88
1916,lrange5,1000000,1290487.75
1917,lpush5,1000000,835475.31
1917,lrange5,1000000,1307356.88
1918,lpush5,1000000,835462.00
1918,lrange5,1000000,1193546.50
1919,lpush5,1000000,826446.25
1919,lrange5,1000000,1254725.25
1920,lpush5,1000000,827814.62
1920,lrange5,1000000,1192314.62
1921,lpush5,1000000,827301.94
1921,lrange5,1000000,1199328.50
1922,lpush5,1000000,831946.75
1922,lrange5,1000000,1224166.50
1923,lpush5,1000000,827129.88
1923,lrange5,1000000,1253173.00
1924,lpush5,1000000,826525.62
1924,lrange5,1000000,1193432.00
1925,lpush5,1000000,834201.81
1925,lrange5,1000000,1295336.75
1926,lpush5,1000000,838330.31
1926,lrange5,1000000,1243860.62
1927,lpush5,1000000,831321.75
1927,lrange5,1000000,1288742.25
1928,lpush5,1000000,838953.00
1928,lrange5,1000000,1189441.12
1929,lpush5,1000000,841217.81
1929,lrange5,1000000,871177.69
1930,lpush5,1000000,809820.25
1930,lrange5,1000000,1297120.62
1931,lpush5,1000000,830048.12
1931,lrange5,1000000,1277343.62
1932,lpush5,1000000,835421.88
1932,lrange5,1000000,1233203.50
1933,lpush5,1000000,831335.00
1933,lrange5,1000000,1275510.25
1934,lpush5,1000000,838249.81
1934,lrange5,1000000,1292051.75
1935,lpush5,1000000,842581.25
1935,lrange5,1000000,1283840.88
1936,lpush5,1000000,840416.75
1936,lrange5,1000000,1297182.88
1937,lpush5,1000000,836240.81
1937,lrange5,1000000,1293888.75
1938,lpush5,1000000,832173.00
1938,lrange5,1000000,1196344.50
1939,lpush5,1000000,831481.31
1939,lrange5,1000000,1199136.75
1940,lpush5,1000000,838303.44
1940,lrange5,1000000,1280594.12
1941,lpush5,1000000,825108.88
1941,lrange5,1000000,1200672.25
1942,lpush5,1000000,831986.69
1942,lrange5,1000000,828566.69
1943,lpush5,1000000,555256.00
1943,lrange5,1000000,1240714.62
1944,lpush5,1000000,840403.31
1944,lrange5,1000000,1193718.38
1945,lpush5,1000000,830671.12
1945,lrange5,1000000,1269218.25
1946,lpush5,1000000,829915.31
1946,lrange5,1000000,1300535.75
1947,lpush5,1000000,829399.69
1947,lrange5,1000000,1247062.38
1948,lpush5,1000000,841177.44
1948,lrange5,1000000,1193374.75
1949,lpush5,1000000,834041.69
1949,lrange5,1000000,1307189.62
1950,lpush5,1000000,842648.69
1950,lrange5,1000000,1203388.75
1951,lpush5,1000000,829253.75
1951,lrange5,1000000,1196229.62
1952,lpush5,1000000,831374.94
1952,lrange5,1000000,1250080.00
1953,lpush5,1000000,835435.25
1953,lrange5,1000000,1210731.25
1954,lpush5,1000000,827907.31
1954,lrange5,1000000,1298742.88
1955,lpush5,1000000,840497.44
1955,lrange5,1000000,1283881.88
1956,lpush5,1000000,832639.50
1956,lrange5,1000000,1280573.62
1957,lpush5,1000000,839791.81
1957,lrange5,1000000,1292010.38
1958,lpush5,1000000,834884.81
1958,lrange5,1000000,1293764.50
1959,lpush5,1000000,829200.69
1959,lrange5,1000000,1179396.25
1960,lpush5,1000000,833479.94
1960,lrange5,1000000,1075440.88
1961,lpush5,1000000,518453.09
1961,lrange5,1000000,1197681.50
1962,lpush5,1000000,830631.25
1962,lrange5,1000000,1297037.62
1963,lpush5,1000000,833373.31
1963,lrange5,1000000,1187648.50
1964,lpush5,1000000,832812.69
1964,lrange5,1000000,1300410.88
1965,lpush5,1000000,843962.94
1965,lrange5,1000000,1264404.50
1966,lpush5,1000000,828000.06
1966,lrange5,1000000,1298888.38
1967,lpush5,1000000,824415.44
1967,lrange5,1000000,1194972.50
1968,lpush5,1000000,832706.12
1968,lrange5,1000000,1285635.00
1969,lpush5,1000000,832852.62
1969,lrange5,1000000,1265944.25
1970,lpush5,1000000,834028.38
1970,lrange5,1000000,1194915.12
1971,lpush5,1000000,838397.38
1971,lrange5,1000000,1266005.00
1972,lpush5,1000000,831428.12
1972,lrange5,1000000,1275734.75
1973,lpush5,1000000,831441.44
1973,lrange5,1000000,1190800.00
1974,lpush5,1000000,829888.75
1974,lrange5,1000000,1283717.62
1975,lpush5,1000000,832000.00
1975,lrange5,1000000,1300556.62
1976,lpush5,1000000,829941.88
1976,lrange5,1000000,1257861.62
1977,lpush5,1000000,836927.19
1977,lrange5,1000000,1267630.00
1978,lpush5,1000000,837534.31
1978,lrange5,1000000,1194762.25
1979,lpush5,1000000,841123.62
1979,lrange5,1000000,1240774.25
1980,lpush5,1000000,834041.69
1980,lrange5,1000000,1192200.25
1981,lpush5,1000000,835421.88
1981,lrange5,1000000,1199040.75
1982,lpush5,1000000,833386.62
1982,lrange5,1000000,1187933.50
1983,lpush5,1000000,838397.38
1983,lrange5,1000000,1111182.25
1984,lpush5,1000000,834148.44
1984,lrange5,1000000,1228678.12
1985,lpush5,1000000,839697.75
1985,lrange5,1000000,1205089.12
1986,lpush5,1000000,825254.12
1986,lrange5,1000000,1236232.38
1987,lpush5,1000000,834737.94
1987,lrange5,1000000,1303822.62
1988,lpush5,1000000,832000.00
1988,lrange5,1000000,1297203.62
1989,lpush5,1000000,837574.56
1989,lrange5,1000000,1197949.75
1990,lpush5,1000000,834108.44
1990,lrange5,1000000,1297079.12
1991,lpush5,1000000,839872.38
1991,lrange5,1000000,1257942.12
1992,lpush5,1000000,832839.31
1992,lrange5,1000000,1283758.75
1993,lpush5,1000000,835515.44
1993,lrange5,1000000,1290653.00
1994,lpush5,1000000,830710.94
1994,lrange5,1000000,1302187.50
1995,lpush5,1000000,836900.38
1995,lrange5,1000000,1186410.50
1996,lpush5,1000000,841791.25
1996,lrange5,1000000,1303947.88
1997,lpush5,1000000,836900.38
1997,lrange5,1000000,1262787.88
1998,lpush5,1000000,831388.25
1998,lrange5,1000000,1272305.38
1999,lpush5,1000000,837641.56
1999,lrange5,1000000,1293806.00
2000,lpush5,1000000,840443.69
2000,lrange5,1000000,1300431.75
