trial,operation,requests,rps
1,lpush5,1000000,858437.81
1,lrange5,1000000,1225588.25
2,lpush5,1000000,814332.19
2,lrange5,1000000,1196229.62
3,lpush5,1000000,814332.19
3,lrange5,1000000,1250040.00
4,lpush5,1000000,819750.81
4,lrange5,1000000,1222513.38
5,lpush5,1000000,817661.44
5,lrange5,1000000,1221059.88
6,lpush5,1000000,809716.56
6,lrange5,1000000,1228599.50
7,lpush5,1000000,817045.75
7,lrange5,1000000,1234587.62
8,lpush5,1000000,813008.12
8,lrange5,1000000,1157592.62
9,lpush5,1000000,802632.38
9,lrange5,1000000,1193432.00
10,lpush5,1000000,810437.62
10,lrange5,1000000,1242236.00
11,lpush5,1000000,816352.62
11,lrange5,1000000,1152202.75
12,lpush5,1000000,768147.44
12,lrange5,1000000,1199155.88
13,lpush5,1000000,791829.00
13,lrange5,1000000,1162827.88
14,lpush5,1000000,759483.69
14,lrange5,1000000,1153494.88
15,lpush5,1000000,728355.44
15,lrange5,1000000,1118604.00
16,lpush5,1000000,778915.88
16,lrange5,1000000,1186277.62
17,lpush5,1000000,742977.75
17,lrange5,1000000,1133823.12
18,lpush5,1000000,775367.44
18,lrange5,1000000,1145622.00
19,lpush5,1000000,731528.88
19,lrange5,1000000,1158859.88
20,lpush5,1000000,786314.50
20,lrange5,1000000,1141643.88
21,lpush5,1000000,711743.81
21,lrange5,1000000,882782.00
22,lpush5,1000000,651465.81
22,lrange5,1000000,994194.81
23,lpush5,1000000,652315.75
23,lrange5,1000000,992190.44
24,lpush5,1000000,737037.56
24,lrange5,1000000,1086106.38
25,lpush5,1000000,755930.50
25,lrange5,1000000,1196344.50
26,lpush5,1000000,785571.06
26,lrange5,1000000,1172389.25
27,lpush5,1000000,774030.94
27,lrange5,1000000,1169702.88
28,lpush5,1000000,770428.38
28,lrange5,1000000,1154845.25
29,lpush5,1000000,773469.44
29,lrange5,1000000,1076632.88
30,lpush5,1000000,687362.19
30,lrange5,1000000,1085863.25
31,lpush5,1000000,747467.81
31,lrange5,1000000,1164200.25
32,lpush5,1000000,781873.31
32,lrange5,1000000,1132502.75
33,lpush5,1000000,783085.38
33,lrange5,1000000,1150968.88
34,lpush5,1000000,775218.62
34,lrange5,1000000,1165631.75
35,lpush5,1000000,776434.81
35,lrange5,1000000,1162976.75
36,lpush5,1000000,781287.50
36,lrange5,1000000,1162790.62
37,lpush5,1000000,789902.06
37,lrange5,1000000,1173727.75
38,lpush5,1000000,777667.19
38,lrange5,1000000,1173727.75
39,lpush5,1000000,777754.25
39,lrange5,1000000,1186239.62
40,lpush5,1000000,778309.75
40,lrange5,1000000,1114880.75
41,lpush5,1000000,807922.44
41,lrange5,1000000,1218046.38
42,lpush5,1000000,722067.88
42,lrange5,1000000,880281.69
43,lpush5,1000000,439581.53
43,lrange5,1000000,674871.81
44,lpush5,1000000,542014.06
44,lrange5,1000000,817045.75
45,lpush5,1000000,384202.84
45,lrange5,1000000,440966.50
46,lpush5,1000000,397317.44
46,lrange5,1000000,803238.56
47,lpush5,1000000,380228.12
47,lrange5,1000000,670798.12
48,lpush5,1000000,731076.00
48,lrange5,1000000,1144329.50
49,lpush5,1000000,702853.12
49,lrange5,1000000,344013.75
50,lpush5,1000000,392798.12
50,lrange5,1000000,1050453.75
51,lpush5,1000000,732671.06
51,lrange5,1000000,993302.94
52,lpush5,1000000,738587.88
52,lrange5,1000000,1097800.25
53,lpush5,1000000,725782.31
53,lrange5,1000000,1064962.75
54,lpush5,1000000,738019.19
54,lrange5,1000000,1073081.62
55,lpush5,1000000,757696.94
55,lrange5,1000000,1060666.00
56,lpush5,1000000,721535.31
56,lrange5,1000000,1119838.75
57,lpush5,1000000,731599.12
57,lrange5,1000000,1111111.12
58,lpush5,1000000,577098.69
58,lrange5,1000000,1157666.62
59,lpush5,1000000,762243.88
59,lrange5,1000000,1077638.00
60,lpush5,1000000,756478.06
60,lrange5,1000000,1029866.12
61,lpush5,1000000,701833.00
61,lrange5,1000000,903356.81
62,lpush5,1000000,712307.69
62,lrange5,1000000,1020522.44
63,lpush5,1000000,721569.94
63,lrange5,1000000,1026694.06
64,lpush5,1000000,666698.69
64,lrange5,1000000,858533.94
65,lpush5,1000000,724263.56
65,lrange5,1000000,1062971.38
66,lpush5,1000000,738587.88
66,lrange5,1000000,960753.12
67,lpush5,1000000,701776.88
67,lrange5,1000000,1062818.25
68,lpush5,1000000,746826.00
68,lrange5,1000000,1066336.88
69,lpush5,1000000,731017.50
69,lrange5,1000000,1034126.12
70,lpush5,1000000,680767.88
70,lrange5,1000000,1121219.75
71,lpush5,1000000,734320.12
71,lrange5,1000000,1056050.62
72,lpush5,1000000,712872.44
72,lrange5,1000000,1040882.38
73,lpush5,1000000,725701.00
73,lrange5,1000000,1166917.12
74,lpush5,1000000,716481.38
74,lrange5,1000000,1094091.88
75,lpush5,1000000,728886.31
75,lrange5,1000000,1141662.12
76,lpush5,1000000,759878.44
76,lrange5,1000000,1101462.62
77,lpush5,1000000,752445.44
77,lrange5,1000000,1033124.00
78,lpush5,1000000,740239.88
78,lrange5,1000000,1092913.62
79,lpush5,1000000,742942.06
79,lrange5,1000000,1041683.38
80,lpush5,1000000,758834.62
80,lrange5,1000000,1127522.00
81,lpush5,1000000,717406.00
81,lrange5,1000000,1079948.12
82,lpush5,1000000,746849.88
82,lrange5,1000000,1149590.75
83,lpush5,1000000,630567.50
83,lrange5,1000000,830008.25
84,lpush5,1000000,623471.31
84,lrange5,1000000,890528.94
85,lpush5,1000000,614824.81
85,lrange5,1000000,835502.06
86,lpush5,1000000,622407.00
86,lrange5,1000000,864345.75
87,lpush5,1000000,603203.88
87,lrange5,1000000,846834.88
88,lpush5,1000000,585555.06
88,lrange5,1000000,918317.75
89,lpush5,1000000,571773.62
89,lrange5,1000000,881113.69
90,lpush5,1000000,569837.06
90,lrange5,1000000,807192.94
91,lpush5,1000000,562800.25
91,lrange5,1000000,710891.31
92,lpush5,1000000,693973.62
92,lrange5,1000000,1028839.50
93,lpush5,1000000,740740.75
93,lrange5,1000000,1078817.75
94,lpush5,1000000,744142.88
94,lrange5,1000000,1067235.88
95,lpush5,1000000,761095.88
95,lrange5,1000000,1207961.38
96,lpush5,1000000,791854.31
96,lrange5,1000000,1202096.12
97,lpush5,1000000,773457.06
97,lrange5,1000000,1156291.38
98,lpush5,1000000,774605.75
98,lrange5,1000000,1186334.50
99,lpush5,1000000,776397.50
99,lrange5,1000000,1189136.75
100,lpush5,1000000,777617.44
100,lrange5,1000000,1190533.38
101,lpush5,1000000,797575.81
101,lrange5,1000000,1189098.62
102,lpush5,1000000,768086.00
102,lrange5,1000000,1176696.50
103,lpush5,1000000,615394.44
103,lrange5,1000000,870530.88
104,lpush5,1000000,621940.31
104,lrange5,1000000,541470.50
105,lpush5,1000000,546544.25
105,lrange5,1000000,918303.06
106,lpush5,1000000,683581.62
106,lrange5,1000000,1045065.81
107,lpush5,1000000,713289.62
107,lrange5,1000000,953502.38
108,lpush5,1000000,718918.75
108,lrange5,1000000,1013300.94
109,lpush5,1000000,712804.00
109,lrange5,1000000,1059644.00
110,lpush5,1000000,730588.75
110,lrange5,1000000,1030927.81
111,lpush5,1000000,739739.62
111,lrange5,1000000,1041800.00
112,lpush5,1000000,735329.38
112,lrange5,1000000,1043924.81
113,lpush5,1000000,706259.88
113,lrange5,1000000,1055966.12
114,lpush5,1000000,699334.31
114,lrange5,1000000,1083493.00
115,lpush5,1000000,696378.81
115,lrange5,1000000,1088226.25
116,lpush5,1000000,726262.88
116,lrange5,1000000,1097852.88
117,lpush5,1000000,729452.94
117,lrange5,1000000,780864.94
118,lpush5,1000000,689732.38
118,lrange5,1000000,993096.38
119,lpush5,1000000,716926.19
119,lrange5,1000000,1009146.31
120,lpush5,1000000,566021.50
120,lrange5,1000000,825201.31
121,lpush5,1000000,738682.44
121,lrange5,1000000,1139116.12
122,lpush5,1000000,760517.06
122,lrange5,1000000,1043974.94
123,lpush5,1000000,771604.94
123,lrange5,1000000,1128686.25
124,lpush5,1000000,775807.56
124,lrange5,1000000,1182222.25
125,lpush5,1000000,796940.25
125,lrange5,1000000,1175163.38
126,lpush5,1000000,755287.00
126,lrange5,1000000,932895.50
127,lpush5,1000000,685455.81
127,lrange5,1000000,976796.81
128,lpush5,1000000,684506.50
128,lrange5,1000000,1003025.12
129,lpush5,1000000,568837.31
129,lrange5,1000000,1101427.38
130,lpush5,1000000,779485.56
130,lrange5,1000000,1132611.50
131,lpush5,1000000,759435.06
131,lrange5,1000000,1189384.00
132,lpush5,1000000,774030.94
132,lrange5,1000000,1139043.25
133,lpush5,1000000,793739.69
133,lrange5,1000000,1197719.75
134,lpush5,1000000,765696.81
134,lrange5,1000000,1146789.00
135,lpush5,1000000,742461.75
135,lrange5,1000000,1053909.38
136,lpush5,1000000,750199.56
136,lrange5,1000000,1118621.88
137,lpush5,1000000,777604.94
137,lrange5,1000000,1175445.38
138,lpush5,1000000,770502.31
138,lrange5,1000000,1162846.50
139,lpush5,1000000,748003.00
139,lrange5,1000000,1140415.12
140,lpush5,1000000,759325.75
140,lrange5,1000000,1094214.50
141,lpush5,1000000,752505.62
141,lrange5,1000000,1108647.50
142,lpush5,1000000,786239.00
142,lrange5,1000000,1179264.12
143,lpush5,1000000,788769.69
143,lrange5,1000000,1212218.25
144,lpush5,1000000,726755.81
144,lrange5,1000000,861464.25
145,lpush5,1000000,732158.12
145,lrange5,1000000,1076426.25
146,lpush5,1000000,755882.12
146,lrange5,1000000,1138988.62
147,lpush5,1000000,750786.75
147,lrange5,1000000,1145530.38
148,lpush5,1000000,761699.94
148,lrange5,1000000,1128975.25
149,lpush5,1000000,742965.88
149,lrange5,1000000,1141643.88
150,lpush5,1000000,749063.62
150,lrange5,1000000,1145512.00
151,lpush5,1000000,759914.88
151,lrange5,1000000,1130015.88
152,lpush5,1000000,757684.81
152,lrange5,1000000,1132720.25
153,lpush5,1000000,747943.12
153,lrange5,1000000,1126162.12
154,lpush5,1000000,733196.50
154,lrange5,1000000,1100215.62
155,lpush5,1000000,754196.06
155,lrange5,1000000,1133968.25
156,lpush5,1000000,764526.00
156,lrange5,1000000,1140506.25
157,lpush5,1000000,754777.31
157,lrange5,1000000,1144201.38
158,lpush5,1000000,741851.62
158,lrange5,1000000,1112489.50
159,lpush5,1000000,617372.81
159,lrange5,1000000,1125183.38
160,lpush5,1000000,753024.12
160,lrange5,1000000,1123775.25
161,lpush5,1000000,747479.81
161,lrange5,1000000,1080000.00
162,lpush5,1000000,725221.19
162,lrange5,1000000,1081254.00
163,lpush5,1000000,739645.00
163,lrange5,1000000,1100338.88
164,lpush5,1000000,750271.62
164,lrange5,1000000,1118675.62
165,lpush5,1000000,751975.94
165,lrange5,1000000,1114934.25
166,lpush5,1000000,755942.56
166,lrange5,1000000,1102571.12
167,lpush5,1000000,729417.94
167,lrange5,1000000,1035229.81
168,lpush5,1000000,735894.06
168,lrange5,1000000,1148344.50
169,lpush5,1000000,755857.94
169,lrange5,1000000,1086973.88
170,lpush5,1000000,735846.94
170,lrange5,1000000,1082372.25
171,lpush5,1000000,738101.81
171,lrange5,1000000,975625.38
172,lpush5,1000000,690607.75
172,lrange5,1000000,1040599.38
173,lpush5,1000000,698324.00
173,lrange5,1000000,980392.19
174,lpush5,1000000,688308.38
174,lrange5,1000000,1012210.56
175,lpush5,1000000,664063.75
175,lrange5,1000000,981558.31
176,lpush5,1000000,688253.31
176,lrange5,1000000,969178.38
177,lpush5,1000000,739098.25
177,lrange5,1000000,961676.94
178,lpush5,1000000,665800.25
178,lrange5,1000000,1011122.31
179,lpush5,1000000,684495.56
179,lrange5,1000000,956160.62
180,lpush5,1000000,674774.62
180,lrange5,1000000,1029981.44
181,lpush5,1000000,764599.44
181,lrange5,1000000,1144439.38
182,lpush5,1000000,761724.31
182,lrange5,1000000,1140360.38
183,lpush5,1000000,719436.00
183,lrange5,1000000,1048251.56
184,lpush5,1000000,711812.12
184,lrange5,1000000,1051558.38
185,lpush5,1000000,730032.12
185,lrange5,1000000,1101427.38
186,lpush5,1000000,738137.25
186,lrange5,1000000,1092896.12
187,lpush5,1000000,758725.38
187,lrange5,1000000,1108718.38
188,lpush5,1000000,750750.75
188,lrange5,1000000,1113621.38
189,lpush5,1000000,753012.06
189,lrange5,1000000,1113621.38
190,lpush5,1000000,742989.62
190,lrange5,1000000,1005073.38
191,lpush5,1000000,741887.19
191,lrange5,1000000,1085915.25
192,lpush5,1000000,750774.75
192,lrange5,1000000,1087356.50
193,lpush5,1000000,723216.19
193,lrange5,1000000,972019.38
194,lpush5,1000000,745347.25
194,lrange5,1000000,1076495.12
195,lpush5,1000000,742989.62
195,lrange5,1000000,1123595.50
196,lpush5,1000000,744083.31
196,lrange5,1000000,1076495.12
197,lpush5,1000000,727354.19
197,lrange5,1000000,1090547.50
198,lpush5,1000000,764562.69
198,lrange5,1000000,1108665.12
199,lpush5,1000000,752445.44
199,lrange5,1000000,1141589.00
200,lpush5,1000000,749673.19
200,lrange5,1000000,1133786.75
201,lpush5,1000000,767570.25
201,lrange5,1000000,1128776.50
202,lpush5,1000000,766920.25
202,lrange5,1000000,1145640.25
203,lpush5,1000000,768713.31
203,lrange5,1000000,1132665.88
204,lpush5,1000000,768651.81
204,lrange5,1000000,1113621.38
205,lpush5,1000000,768701.00
205,lrange5,1000000,1091895.12
206,lpush5,1000000,745156.50
206,lrange5,1000000,1089342.12
207,lpush5,1000000,749123.56
207,lrange5,1000000,1137765.62
208,lpush5,1000000,757050.75
208,lrange5,1000000,1103841.00
209,lpush5,1000000,763395.44
209,lrange5,1000000,1121201.75
210,lpush5,1000000,753060.25
210,lrange5,1000000,1107614.62
211,lpush5,1000000,748503.00
211,lrange5,1000000,1122567.88
212,lpush5,1000000,764587.19
212,lrange5,1000000,1117533.00
213,lpush5,1000000,768049.12
213,lrange5,1000000,1095465.50
214,lpush5,1000000,765147.62
214,lrange5,1000000,1106247.75
215,lpush5,1000000,741863.50
215,lrange5,1000000,1095640.75
216,lpush5,1000000,758259.31
216,lrange5,1000000,1136472.75
217,lpush5,1000000,751374.94
217,lrange5,1000000,1132738.38
218,lpush5,1000000,770416.06
218,lrange5,1000000,1099059.25
219,lpush5,1000000,739133.75
219,lrange5,1000000,1078921.25
220,lpush5,1000000,760517.06
220,lrange5,1000000,1113746.12
221,lpush5,1000000,772287.31
221,lrange5,1000000,1083510.38
222,lpush5,1000000,745724.12
222,lrange5,1000000,1084720.12
223,lpush5,1000000,771034.69
223,lrange5,1000000,1123595.50
224,lpush5,1000000,743565.81
224,lrange5,1000000,1141662.12
225,lpush5,1000000,766969.31
225,lrange5,1000000,1106283.25
226,lpush5,1000000,770600.94
226,lrange5,1000000,1119982.12
227,lpush5,1000000,724695.62
227,lrange5,1000000,1128866.88
228,lpush5,1000000,734296.62
228,lrange5,1000000,1108682.88
229,lpush5,1000000,746897.69
229,lrange5,1000000,1069553.00
230,lpush5,1000000,747455.88
230,lrange5,1000000,1137783.88
231,lpush5,1000000,743506.31
231,lrange5,1000000,1111182.25
232,lpush5,1000000,735317.62
232,lrange5,1000000,1112418.25
233,lpush5,1000000,753591.56
233,lrange5,1000000,1101321.62
234,lpush5,1000000,739668.62
234,lrange5,1000000,1107561.50
235,lpush5,1000000,744095.25
235,lrange5,1000000,1074285.75
236,lpush5,1000000,755323.25
236,lrange5,1000000,1108753.88
237,lpush5,1000000,743072.81
237,lrange5,1000000,1015228.44
238,lpush5,1000000,679874.94
238,lrange5,1000000,1036302.62
239,lpush5,1000000,671613.19
239,lrange5,1000000,1063931.88
240,lpush5,1000000,709836.75
240,lrange5,1000000,1053774.50
241,lpush5,1000000,714365.75
241,lrange5,1000000,1095290.25
242,lpush5,1000000,714807.69
242,lrange5,1000000,1030047.38
243,lpush5,1000000,719528.06
243,lrange5,1000000,1003137.44
244,lpush5,1000000,723600.62
244,lrange5,1000000,1084668.12
245,lpush5,1000000,718953.25
245,lrange5,1000000,1048285.12
246,lpush5,1000000,723646.88
246,lrange5,1000000,1071023.50
247,lpush5,1000000,770490.00
247,lrange5,1000000,1105007.75
248,lpush5,1000000,745855.38
248,lrange5,1000000,925306.25
249,lpush5,1000000,704755.44
249,lrange5,1000000,1053808.25
250,lpush5,1000000,397937.12
250,lrange5,1000000,670316.38
251,lpush5,1000000,476440.22
251,lrange5,1000000,821162.50
252,lpush5,1000000,538801.75
252,lrange5,1000000,700815.69
253,lpush5,1000000,652804.19
253,lrange5,1000000,1052833.75
254,lpush5,1000000,728898.00
254,lrange5,1000000,1131565.62
255,lpush5,1000000,738125.44
255,lrange5,1000000,1109931.12
256,lpush5,1000000,760517.06
256,lrange5,1000000,1074217.00
257,lpush5,1000000,750295.62
257,lrange5,1000000,1106265.50
258,lpush5,1000000,744708.81
258,lrange5,1000000,1139207.25
259,lpush5,1000000,756465.94
259,lrange5,1000000,1081202.12
260,lpush5,1000000,723065.81
260,lrange5,1000000,1126162.12
261,lpush5,1000000,737533.94
261,lrange5,1000000,1113746.12
262,lpush5,1000000,725232.81
262,lrange5,1000000,1117336.38
263,lpush5,1000000,748086.75
263,lrange5,1000000,1165613.12
264,lpush5,1000000,744613.50
264,lrange5,1000000,1100180.50
265,lpush5,1000000,736435.94
265,lrange5,1000000,1082355.00
266,lpush5,1000000,740239.88
266,lrange5,1000000,1111271.12
267,lpush5,1000000,768098.31
267,lrange5,1000000,1131330.25
268,lpush5,1000000,749649.19
268,lrange5,1000000,1115023.38
269,lpush5,1000000,750283.62
269,lrange5,1000000,1117443.62
270,lpush5,1000000,742953.94
270,lrange5,1000000,1110002.25
271,lpush5,1000000,740239.88
271,lrange5,1000000,1119964.12
272,lpush5,1000000,753796.50
272,lrange5,1000000,1126216.25
273,lpush5,1000000,751891.69
273,lrange5,1000000,1121255.62
274,lpush5,1000000,760565.75
274,lrange5,1000000,1082268.38
275,lpush5,1000000,748586.88
275,lrange5,1000000,1101356.88
276,lpush5,1000000,744661.19
276,lrange5,1000000,1121183.88
277,lpush5,1000000,735929.38
277,lrange5,1000000,1092896.12
278,lpush5,1000000,754244.38
278,lrange5,1000000,1111111.12
279,lpush5,1000000,739110.12
279,lrange5,1000000,1160167.12
280,lpush5,1000000,733757.88
280,lrange5,1000000,1154808.38
281,lpush5,1000000,750259.62
281,lrange5,1000000,1137820.25
282,lpush5,1000000,757062.81
282,lrange5,1000000,1092983.62
283,lpush5,1000000,738587.88
283,lrange5,1000000,1080017.25
284,lpush5,1000000,754849.81
284,lrange5,1000000,1083597.00
285,lpush5,1000000,753120.50
285,lrange5,1000000,1144219.62
286,lpush5,1000000,751435.00
286,lrange5,1000000,1114880.75
287,lpush5,1000000,742390.50
287,lrange5,1000000,999128.81
288,lpush5,1000000,671140.94
288,lrange5,1000000,1069604.25
289,lpush5,1000000,744661.19
289,lrange5,1000000,1113728.25
290,lpush5,1000000,737533.94
290,lrange5,1000000,1052699.00
291,lpush5,1000000,752457.50
291,lrange5,1000000,1069672.75
292,lpush5,1000000,729429.56
292,lrange5,1000000,1123793.25
293,lpush5,1000000,742390.50
293,lrange5,1000000,1132520.88
294,lpush5,1000000,620071.88
294,lrange5,1000000,1103770.38
295,lpush5,1000000,719988.44
295,lrange5,1000000,972809.31
296,lpush5,1000000,740811.81
296,lrange5,1000000,915809.50
297,lpush5,1000000,717474.88
297,lrange5,1000000,899338.12
298,lpush5,1000000,717394.50
298,lrange5,1000000,1079948.12
299,lpush5,1000000,748646.75
299,lrange5,1000000,1111200.00
300,lpush5,1000000,758174.38
300,lrange5,1000000,1068495.75
301,lpush5,1000000,725209.62
301,lrange5,1000000,1123613.50
302,lpush5,1000000,752553.81
302,lrange5,1000000,1161477.38
303,lpush5,1000000,757672.69
303,lrange5,1000000,1097888.00
304,lpush5,1000000,724182.44
304,lrange5,1000000,1104990.12
305,lpush5,1000000,742390.50
305,lrange5,1000000,1063914.88
306,lpush5,1000000,706214.69
306,lrange5,1000000,1101356.88
307,lpush5,1000000,724205.62
307,lrange5,1000000,1058218.00
308,lpush5,1000000,734214.38
308,lrange5,1000000,1109913.38
309,lpush5,1000000,741922.81
309,lrange5,1000000,1059389.88
310,lpush5,1000000,761059.38
310,lrange5,1000000,1087008.62
311,lpush5,1000000,716389.69
311,lrange5,1000000,1103805.75
312,lpush5,1000000,741349.19
312,lrange5,1000000,1085880.50
313,lpush5,1000000,744119.06
313,lrange5,1000000,1059508.50
314,lpush5,1000000,711248.94
314,lrange5,1000000,1069604.25
315,lpush5,1000000,664925.56
315,lrange5,1000000,998163.69
316,lpush5,1000000,659662.25
316,lrange5,1000000,881085.50
317,lpush5,1000000,743108.50
317,lrange5,1000000,1100233.25
318,lpush5,1000000,683082.00
318,lrange5,1000000,901742.12
319,lpush5,1000000,630557.38
319,lrange5,1000000,916663.62
320,lpush5,1000000,660150.50
320,lrange5,1000000,1004096.38
321,lpush5,1000000,704732.88
321,lrange5,1000000,898558.81
322,lpush5,1000000,625410.88
322,lrange5,1000000,932085.75
323,lpush5,1000000,660523.06
323,lrange5,1000000,1004096.38
324,lpush5,1000000,665896.12
324,lrange5,1000000,951566.12
325,lpush5,1000000,673411.44
325,lrange5,1000000,1017326.56
326,lpush5,1000000,610137.88
326,lrange5,1000000,1011284.12
327,lpush5,1000000,726297.75
327,lrange5,1000000,935468.69
328,lpush5,1000000,689190.94
328,lrange5,1000000,999016.94
329,lpush5,1000000,694511.06
329,lrange5,1000000,860764.25
330,lpush5,1000000,694477.75
330,lrange5,1000000,1022511.25
331,lpush5,1000000,702325.81
331,lrange5,1000000,1018411.44
332,lpush5,1000000,741887.19
332,lrange5,1000000,999112.81
333,lpush5,1000000,708226.69
333,lrange5,1000000,1031043.25
334,lpush5,1000000,643097.12
334,lrange5,1000000,1021548.56
335,lpush5,1000000,669419.00
335,lrange5,1000000,1034159.25
336,lpush5,1000000,697836.75
336,lrange5,1000000,992063.50
337,lpush5,1000000,697993.06
337,lrange5,1000000,1000112.00
338,lpush5,1000000,644786.56
338,lrange5,1000000,1033223.12
339,lpush5,1000000,704811.81
339,lrange5,1000000,1082268.38
340,lpush5,1000000,688716.25
340,lrange5,1000000,994051.62
341,lpush5,1000000,713369.50
341,lrange5,1000000,1002052.06
342,lpush5,1000000,689224.00
342,lrange5,1000000,983504.44
343,lpush5,1000000,671591.69
343,lrange5,1000000,961600.06
344,lpush5,1000000,709825.38
344,lrange5,1000000,989262.06
345,lpush5,1000000,672527.25
345,lrange5,1000000,1009146.31
346,lpush5,1000000,717474.88
346,lrange5,1000000,1024639.31
347,lpush5,1000000,664063.75
347,lrange5,1000000,1082251.00
348,lpush5,1000000,728448.62
348,lrange5,1000000,1077620.75
349,lpush5,1000000,734226.12
349,lrange5,1000000,1100215.62
350,lpush5,1000000,698391.06
350,lrange5,1000000,1060513.25
351,lpush5,1000000,722612.75
351,lrange5,1000000,1087217.38
352,lpush5,1000000,719010.75
352,lrange5,1000000,1060513.25
353,lpush5,1000000,730994.12
353,lrange5,1000000,982412.56
354,lpush5,1000000,686385.69
354,lrange5,1000000,941649.69
355,lpush5,1000000,700313.75
355,lrange5,1000000,957900.38
356,lpush5,1000000,717463.38
356,lrange5,1000000,1038438.19
357,lpush5,1000000,712250.69
357,lrange5,1000000,1069518.75
358,lpush5,1000000,717463.38
358,lrange5,1000000,1025739.44
359,lpush5,1000000,685925.94
359,lrange5,1000000,1022658.50
360,lpush5,1000000,737581.12
360,lrange5,1000000,1077620.75
361,lpush5,1000000,711834.88
361,lrange5,1000000,1062716.25
362,lpush5,1000000,729962.06
362,lrange5,1000000,1065099.00
363,lpush5,1000000,674839.44
363,lrange5,1000000,1047153.94
364,lpush5,1000000,662722.38
364,lrange5,1000000,1037394.19
365,lpush5,1000000,696479.12
365,lrange5,1000000,1047204.19
366,lpush5,1000000,687296.19
366,lrange5,1000000,916663.62
367,lpush5,1000000,678063.69
367,lrange5,1000000,1043858.06
368,lpush5,1000000,688760.31
368,lrange5,1000000,970935.94
369,lpush5,1000000,699890.81
369,lrange5,1000000,1002084.12
370,lpush5,1000000,693056.12
370,lrange5,1000000,1007049.38
371,lpush5,1000000,674373.56
371,lrange5,1000000,965312.75
372,lpush5,1000000,654878.88
372,lrange5,1000000,988253.00
373,lpush5,1000000,662251.69
373,lrange5,1000000,968085.19
374,lpush5,1000000,676143.38
374,lrange5,1000000,937222.06
375,lpush5,1000000,678469.50
375,lrange5,1000000,1070732.38
376,lpush5,1000000,682593.81
376,lrange5,1000000,1025821.50
377,lpush5,1000000,683082.00
377,lrange5,1000000,1046075.38
378,lpush5,1000000,701776.88
378,lrange5,1000000,966260.88
379,lpush5,1000000,698324.00
379,lrange5,1000000,1050554.62
380,lpush5,1000000,736400.56
380,lrange5,1000000,1039517.69
381,lpush5,1000000,690153.19
381,lrange5,1000000,1021777.38
382,lpush5,1000000,723623.75
382,lrange5,1000000,1045015.62
383,lpush5,1000000,699345.50
383,lrange5,1000000,1066234.50
384,lpush5,1000000,698834.38
384,lrange5,1000000,1015309.62
385,lpush5,1000000,704834.38
385,lrange5,1000000,1028921.81
386,lpush5,1000000,719424.44
386,lrange5,1000000,1051642.50
387,lpush5,1000000,699834.81
387,lrange5,1000000,1066268.62
388,lpush5,1000000,727319.25
388,lrange5,1000000,1093001.12
389,lpush5,1000000,693056.12
389,lrange5,1000000,1039534.31
390,lpush5,1000000,722763.06
390,lrange5,1000000,1125093.38
391,lpush5,1000000,711442.38
391,lrange5,1000000,1065013.88
392,lpush5,1000000,747384.12
392,lrange5,1000000,1131257.88
393,lpush5,1000000,733349.00
393,lrange5,1000000,1116232.12
394,lpush5,1000000,730623.81
394,lrange5,1000000,1091825.38
395,lpush5,1000000,739133.75
395,lrange5,1000000,1118586.12
396,lpush5,1000000,730495.25
396,lrange5,1000000,1069621.38
397,lpush5,1000000,701765.62
397,lrange5,1000000,982365.44
398,lpush5,1000000,720992.06
398,lrange5,1000000,1049418.62
399,lpush5,1000000,718390.81
399,lrange5,1000000,963437.38
400,lpush5,1000000,724147.69
400,lrange5,1000000,1105096.12
401,lpush5,1000000,737463.12
401,lrange5,1000000,1101445.00
402,lpush5,1000000,727319.25
402,lrange5,1000000,1052648.38
403,lpush5,1000000,693995.81
403,lrange5,1000000,1028823.06
404,lpush5,1000000,724136.12
404,lrange5,1000000,1044965.50
405,lpush5,1000000,730460.19
405,lrange5,1000000,1047120.44
406,lpush5,1000000,701262.25
406,lrange5,1000000,994099.38
407,lpush5,1000000,676154.19
407,lrange5,1000000,1015602.00
408,lpush5,1000000,671259.06
408,lrange5,1000000,1001081.06
409,lpush5,1000000,653605.25
409,lrange5,1000000,1019563.69
410,lpush5,1000000,582411.19
410,lrange5,1000000,983425.81
411,lpush5,1000000,724124.50
411,lrange5,1000000,1105113.88
412,lpush5,1000000,694444.44
412,lrange5,1000000,958772.81
413,lpush5,1000000,707224.88
413,lrange5,1000000,1071931.38
414,lpush5,1000000,716366.75
414,lrange5,1000000,1075337.62
415,lpush5,1000000,699790.06
415,lrange5,1000000,1011203.19
416,lpush5,1000000,714308.56
416,lrange5,1000000,1015325.88
417,lpush5,1000000,716332.38
417,lrange5,1000000,1078886.75
418,lpush5,1000000,688705.25
418,lrange5,1000000,1000192.00
419,lpush5,1000000,712398.81
419,lrange5,1000000,1058353.50
420,lpush5,1000000,675262.69
420,lrange5,1000000,885069.00
421,lpush5,1000000,667652.88
421,lrange5,1000000,983331.38
422,lpush5,1000000,720080.62
422,lrange5,1000000,1086991.25
423,lpush5,1000000,744649.25
423,lrange5,1000000,973772.19
424,lpush5,1000000,649350.69
424,lrange5,1000000,1007081.62
425,lpush5,1000000,722566.50
425,lrange5,1000000,1067457.88
426,lpush5,1000000,694455.50
426,lrange5,1000000,996016.00
427,lpush5,1000000,730471.88
427,lrange5,1000000,1095430.50
428,lpush5,1000000,756635.38
428,lrange5,1000000,1087165.25
429,lpush5,1000000,732659.31
429,lrange5,1000000,1039534.31
430,lpush5,1000000,739656.81
430,lrange5,1000000,1038471.44
431,lpush5,1000000,731575.75
431,lrange5,1000000,1094109.50
432,lpush5,1000000,756465.94
432,lrange5,1000000,1071811.38
433,lpush5,1000000,744649.25
433,lrange5,1000000,1099006.50
434,lpush5,1000000,750762.75
434,lrange5,1000000,1130124.25
435,lpush5,1000000,723112.06
435,lrange5,1000000,1085776.38
436,lpush5,1000000,753675.94
436,lrange5,1000000,1081167.50
437,lpush5,1000000,745228.00
437,lrange5,1000000,1070663.75
438,lpush5,1000000,725163.19
438,lrange5,1000000,1102535.88
439,lpush5,1000000,725325.62
439,lrange5,1000000,1020440.81
440,lpush5,1000000,732134.69
440,lrange5,1000000,1139061.50
441,lpush5,1000000,730994.12
441,lrange5,1000000,1111182.25
442,lpush5,1000000,763358.81
442,lrange5,1000000,1122424.25
443,lpush5,1000000,718390.81
443,lrange5,1000000,1007242.75
444,lpush5,1000000,728343.75
444,lrange5,1000000,1083683.62
445,lpush5,1000000,729950.38
445,lrange5,1000000,1064962.75
446,lpush5,1000000,733699.19
446,lrange5,1000000,1118729.38
447,lpush5,1000000,729927.00
447,lrange5,1000000,1077724.12
448,lpush5,1000000,746861.88
448,lrange5,1000000,1066166.25
449,lpush5,1000000,747979.06
449,lrange5,1000000,1114916.38
450,lpush5,1000000,740263.56
450,lrange5,1000000,1090599.75
451,lpush5,1000000,727883.56
451,lrange5,1000000,1084616.12
452,lpush5,1000000,749111.56
452,lrange5,1000000,1060767.75
453,lpush5,1000000,751459.06
453,lrange5,1000000,1117479.38
454,lpush5,1000000,732659.31
454,lrange5,1000000,1111164.50
455,lpush5,1000000,745795.69
455,lrange5,1000000,1068564.12
456,lpush5,1000000,725174.81
456,lrange5,1000000,1086019.50
457,lpush5,1000000,738682.44
457,lrange5,1000000,1097940.75
458,lpush5,1000000,733710.94
458,lrange5,1000000,1066098.00
459,lpush5,1000000,717932.50
459,lrange5,1000000,1060462.38
460,lpush5,1000000,729985.38
460,lrange5,1000000,1090599.75
461,lpush5,1000000,714342.88
461,lrange5,1000000,1011154.69
462,lpush5,1000000,657989.50
462,lrange5,1000000,987245.81
463,lpush5,1000000,709870.81
463,lrange5,1000000,1121076.25
464,lpush5,1000000,743013.38
464,lrange5,1000000,1094144.50
465,lpush5,1000000,744047.62
465,lrange5,1000000,1101374.50
466,lpush5,1000000,733255.12
466,lrange5,1000000,1056000.00
467,lpush5,1000000,746873.81
467,lrange5,1000000,1069843.88
468,lpush5,1000000,749087.62
468,lrange5,1000000,1090582.38
469,lpush5,1000000,733161.31
469,lrange5,1000000,1061571.12
470,lpush5,1000000,738031.00
470,lrange5,1000000,1095500.62
471,lpush5,1000000,740740.75
471,lrange5,1000000,1080000.00
472,lpush5,1000000,744601.62
472,lrange5,1000000,1088243.75
473,lpush5,1000000,751386.94
473,lrange5,1000000,1092896.12
474,lpush5,1000000,740192.50
474,lrange5,1000000,1044008.38
475,lpush5,1000000,732122.94
475,lrange5,1000000,1047170.69
476,lpush5,1000000,646851.25
476,lrange5,1000000,1004176.69
477,lpush5,1000000,752445.44
477,lrange5,1000000,1068478.62
478,lpush5,1000000,742942.06
478,lrange5,1000000,1096491.25
479,lpush5,1000000,727330.94
479,lrange5,1000000,1071862.75
480,lpush5,1000000,747943.12
480,lrange5,1000000,1050504.12
481,lpush5,1000000,746826.00
481,lrange5,1000000,1069518.75
482,lpush5,1000000,740216.19
482,lrange5,1000000,1080086.38
483,lpush5,1000000,753639.75
483,lrange5,1000000,1102765.12
484,lpush5,1000000,736435.94
484,lrange5,1000000,1115112.62
485,lpush5,1000000,756562.75
485,lrange5,1000000,1112347.12
486,lpush5,1000000,727860.31
486,lrange5,1000000,1077948.25
487,lpush5,1000000,748515.00
487,lrange5,1000000,1059491.50
488,lpush5,1000000,731552.31
488,lrange5,1000000,1095570.62
489,lpush5,1000000,738611.56
489,lrange5,1000000,1152165.88
490,lpush5,1000000,762256.06
490,lrange5,1000000,1068376.12
491,lpush5,1000000,751939.81
491,lrange5,1000000,1071862.75
492,lpush5,1000000,722554.94
492,lrange5,1000000,1092931.12
493,lpush5,1000000,697959.56
493,lrange5,1000000,977673.50
494,lpush5,1000000,686418.69
494,lrange5,1000000,1053740.75
495,lpush5,1000000,729985.38
495,lrange5,1000000,1038421.62
496,lpush5,1000000,700826.88
496,lrange5,1000000,1047254.44
497,lpush5,1000000,726228.06
497,lrange5,1000000,1047237.69
498,lpush5,1000000,714842.00
498,lrange5,1000000,1021581.25
499,lpush5,1000000,706725.12
499,lrange5,1000000,978661.50
500,lpush5,1000000,591111.12
500,lrange5,1000000,925985.12
501,lpush5,1000000,468618.53
501,lrange5,1000000,788110.31
502,lpush5,1000000,559973.12
502,lrange5,1000000,880295.75
503,lpush5,1000000,710732.06
503,lrange5,1000000,1045015.62
504,lpush5,1000000,731029.25
504,lrange5,1000000,1027765.69
505,lpush5,1000000,708215.31
505,lrange5,1000000,1013349.56
506,lpush5,1000000,672075.25
506,lrange5,1000000,969255.88
507,lpush5,1000000,647301.00
507,lrange5,1000000,1005041.19
508,lpush5,1000000,634951.06
508,lrange5,1000000,915088.69
509,lpush5,1000000,660533.69
509,lrange5,1000000,920036.81
510,lpush5,1000000,660523.06
510,lrange5,1000000,959831.06
511,lpush5,1000000,713312.44
511,lrange5,1000000,948796.94
512,lpush5,1000000,675230.25
512,lrange5,1000000,1026841.94
513,lpush5,1000000,687362.19
513,lrange5,1000000,976593.69
514,lpush5,1000000,643128.00
514,lrange5,1000000,994051.62
515,lpush5,1000000,677134.75
515,lrange5,1000000,979431.88
516,lpush5,1000000,688716.25
516,lrange5,1000000,982428.31
517,lpush5,1000000,650413.50
517,lrange5,1000000,969162.81
518,lpush5,1000000,688749.31
518,lrange5,1000000,869565.25
519,lpush5,1000000,571111.38
519,lrange5,1000000,862137.94
520,lpush5,1000000,658391.00
520,lrange5,1000000,941649.69
521,lpush5,1000000,682193.75
521,lrange5,1000000,946969.69
522,lpush5,1000000,666233.19
522,lrange5,1000000,1035296.06
523,lpush5,1000000,693034.00
523,lrange5,1000000,980392.19
524,lpush5,1000000,630527.12
524,lrange5,1000000,1003025.12
525,lpush5,1000000,674319.62
525,lrange5,1000000,1034225.44
526,lpush5,1000000,665442.44
526,lrange5,1000000,1047153.94
527,lpush5,1000000,702774.44
527,lrange5,1000000,1019645.25
528,lpush5,1000000,692531.88
528,lrange5,1000000,960676.25
529,lpush5,1000000,691607.19
529,lrange5,1000000,1070698.00
530,lpush5,1000000,603184.56
530,lrange5,1000000,759914.88
531,lpush5,1000000,547054.75
531,lrange5,1000000,897709.19
532,lpush5,1000000,685969.88
532,lrange5,1000000,1076581.25
533,lpush5,1000000,673865.25
533,lrange5,1000000,990114.88
534,lpush5,1000000,630180.19
534,lrange5,1000000,1040616.00
535,lpush5,1000000,722554.94
535,lrange5,1000000,961615.44
536,lpush5,1000000,719942.38
536,lrange5,1000000,1060445.38
537,lpush5,1000000,717383.06
537,lrange5,1000000,1077586.25
538,lpush5,1000000,701799.31
538,lrange5,1000000,1077620.75
539,lpush5,1000000,732600.75
539,lrange5,1000000,1028823.06
540,lpush5,1000000,726251.31
540,lrange5,1000000,1062699.25
541,lpush5,1000000,736424.12
541,lrange5,1000000,1142875.38
542,lpush5,1000000,714899.19
542,lrange5,1000000,1107437.38
543,lpush5,1000000,723158.31
543,lrange5,1000000,1050504.12
544,lpush5,1000000,704247.94
544,lrange5,1000000,1068427.38
545,lpush5,1000000,716366.75
545,lrange5,1000000,1027897.25
546,lpush5,1000000,706781.62
546,lrange5,1000000,969947.62
547,lpush5,1000000,696886.44
547,lrange5,1000000,1082424.25
548,lpush5,1000000,686813.19
548,lrange5,1000000,1114916.38
549,lpush5,1000000,723100.50
549,lrange5,1000000,994051.62
550,lpush5,1000000,685925.94
550,lrange5,1000000,1094091.88
551,lpush5,1000000,706781.62
551,lrange5,1000000,1131294.12
552,lpush5,1000000,717406.00
552,lrange5,1000000,1051693.00
553,lpush5,1000000,728979.62
553,lrange5,1000000,1018476.56
554,lpush5,1000000,683082.00
554,lrange5,1000000,1084650.75
555,lpush5,1000000,691607.19
555,lrange5,1000000,1070698.00
556,lpush5,1000000,738090.00
556,lrange5,1000000,1041733.38
557,lpush5,1000000,707224.88
557,lrange5,1000000,1039517.69
558,lpush5,1000000,663214.88
558,lrange5,1000000,915059.44
559,lpush5,1000000,710800.31
559,lrange5,1000000,1011267.94
560,lpush5,1000000,721616.12
560,lrange5,1000000,1102888.62
561,lpush5,1000000,723751.12
561,lrange5,1000000,1073098.75
562,lpush5,1000000,753700.06
562,lrange5,1000000,1034142.69
563,lpush5,1000000,715911.25
563,lrange5,1000000,1059423.75
564,lpush5,1000000,713289.62
564,lrange5,1000000,1014231.25
565,lpush5,1000000,688793.38
565,lrange5,1000000,934893.44
566,lpush5,1000000,718907.25
566,lrange5,1000000,1068581.25
567,lpush5,1000000,736388.81
567,lrange5,1000000,998131.75
568,lpush5,1000000,597053.12
568,lrange5,1000000,877515.81
569,lpush5,1000000,661396.81
569,lrange5,1000000,960891.44
570,lpush5,1000000,711248.94
570,lrange5,1000000,1003009.06
571,lpush5,1000000,646495.12
571,lrange5,1000000,975703.44
572,lpush5,1000000,689787.56
572,lrange5,1000000,975719.06
573,lpush5,1000000,711317.19
573,lrange5,1000000,961753.88
574,lpush5,1000000,681242.50
574,lrange5,1000000,993159.94
575,lpush5,1000000,704225.38
575,lrange5,1000000,983284.19
576,lpush5,1000000,659259.06
576,lrange5,1000000,932835.81
577,lpush5,1000000,615793.12
577,lrange5,1000000,960691.62
578,lpush5,1000000,680283.00
578,lrange5,1000000,1054970.50
579,lpush5,1000000,682171.94
579,lrange5,1000000,942642.81
580,lpush5,1000000,695432.56
580,lrange5,1000000,1059525.38
581,lpush5,1000000,676589.94
581,lrange5,1000000,887311.44
582,lpush5,1000000,679896.69
582,lrange5,1000000,1036286.06
583,lpush5,1000000,681253.38
583,lrange5,1000000,953349.81
584,lpush5,1000000,674774.62
584,lrange5,1000000,987261.56
585,lpush5,1000000,700871.75
585,lrange5,1000000,1028905.38
586,lpush5,1000000,706804.25
586,lrange5,1000000,1053791.38
587,lpush5,1000000,685400.94
587,lrange5,1000000,990257.44
588,lpush5,1000000,698335.19
588,lrange5,1000000,1061639.12
589,lpush5,1000000,709814.06
589,lrange5,1000000,912408.81
590,lpush5,1000000,694927.00
590,lrange5,1000000,1082337.62
591,lpush5,1000000,719447.50
591,lrange5,1000000,1032074.31
592,lpush5,1000000,716412.56
592,lrange5,1000000,1117407.88
593,lpush5,1000000,699379.06
593,lrange5,1000000,892231.88
594,lpush5,1000000,680844.12
594,lrange5,1000000,1052749.50
595,lpush5,1000000,721581.50
595,lrange5,1000000,1069570.00
596,lpush5,1000000,697859.06
596,lrange5,1000000,894568.88
597,lpush5,1000000,728863.00
597,lrange5,1000000,1036501.56
598,lpush5,1000000,693481.25
598,lrange5,1000000,999000.94
599,lpush5,1000000,673876.00
599,lrange5,1000000,1052732.62
600,lpush5,1000000,693000.69
600,lrange5,1000000,1019400.62
601,lpush5,1000000,695421.44
601,lrange5,1000000,944423.00
602,lpush5,1000000,691195.56
602,lrange5,1000000,1039584.19
603,lpush5,1000000,721500.69
603,lrange5,1000000,1036435.25
604,lpush5,1000000,704270.44
604,lrange5,1000000,986224.81
605,lpush5,1000000,661449.75
605,lrange5,1000000,1054970.50
606,lpush5,1000000,699924.44
606,lrange5,1000000,903443.56
607,lpush5,1000000,714388.56
607,lrange5,1000000,1066200.38
608,lpush5,1000000,709757.25
608,lrange5,1000000,1067235.88
609,lpush5,1000000,705218.62
609,lrange5,1000000,1049519.38
610,lpush5,1000000,706293.75
610,lrange5,1000000,1003041.12
611,lpush5,1000000,708215.31
611,lrange5,1000000,1024704.94
612,lpush5,1000000,647668.38
612,lrange5,1000000,1060699.88
613,lpush5,1000000,658327.81
613,lrange5,1000000,989119.62
614,lpush5,1000000,706713.81
614,lrange5,1000000,1041683.38
615,lpush5,1000000,690629.88
615,lrange5,1000000,959907.81
616,lpush5,1000000,713775.88
616,lrange5,1000000,1080086.38
617,lpush5,1000000,726286.12
617,lrange5,1000000,1022593.06
618,lpush5,1000000,702258.44
618,lrange5,1000000,1017294.00
619,lpush5,1000000,678908.31
619,lrange5,1000000,1007129.94
620,lpush5,1000000,709734.56
620,lrange5,1000000,1076512.38
621,lpush5,1000000,662294.06
621,lrange5,1000000,1071811.38
622,lpush5,1000000,739121.94
622,lrange5,1000000,1010117.19
623,lpush5,1000000,731681.06
623,lrange5,1000000,979572.94
624,lpush5,1000000,669856.62
624,lrange5,1000000,940763.94
625,lpush5,1000000,632551.56
625,lrange5,1000000,988221.38
626,lpush5,1000000,648088.12
626,lrange5,1000000,925158.19
627,lpush5,1000000,671194.62
627,lrange5,1000000,966260.88
628,lpush5,1000000,679423.94
628,lrange5,1000000,1010165.62
629,lpush5,1000000,682604.75
629,lrange5,1000000,827129.88
630,lpush5,1000000,632131.50
630,lrange5,1000000,956937.81
631,lpush5,1000000,693492.38
631,lrange5,1000000,1050420.12
632,lpush5,1000000,695543.81
632,lrange5,1000000,1031109.25
633,lpush5,1000000,700313.75
633,lrange5,1000000,1027749.25
634,lpush5,1000000,711755.19
634,lrange5,1000000,972128.25
635,lpush5,1000000,664536.88
635,lrange5,1000000,1009291.62
636,lpush5,1000000,645274.88
636,lrange5,1000000,770007.69
637,lpush5,1000000,617293.81
637,lrange5,1000000,960614.81
638,lpush5,1000000,649772.56
638,lrange5,1000000,948170.69
639,lpush5,1000000,663580.62
639,lrange5,1000000,942582.50
640,lpush5,1000000,711755.19
640,lrange5,1000000,1038537.88
641,lpush5,1000000,632951.88
641,lrange5,1000000,936374.56
642,lpush5,1000000,722114.06
642,lrange5,1000000,974690.06
643,lpush5,1000000,700347.38
643,lrange5,1000000,995120.38
644,lpush5,1000000,677048.06
644,lrange5,1000000,932160.31
645,lpush5,1000000,624649.62
645,lrange5,1000000,1022609.44
646,lpush5,1000000,738101.81
646,lrange5,1000000,1004096.38
647,lpush5,1000000,629833.75
647,lrange5,1000000,979431.88
648,lpush5,1000000,676186.62
648,lrange5,1000000,964412.81
649,lpush5,1000000,668459.88
649,lrange5,1000000,915750.94
650,lpush5,1000000,690131.12
650,lrange5,1000000,986366.81
651,lpush5,1000000,686824.19
651,lrange5,1000000,930500.44
652,lpush5,1000000,599539.56
652,lrange5,1000000,984377.94
653,lpush5,1000000,673422.19
653,lrange5,1000000,809833.19
654,lpush5,1000000,555573.38
654,lrange5,1000000,1025821.50
655,lpush5,1000000,652399.25
655,lrange5,1000000,986335.25
656,lpush5,1000000,680272.12
656,lrange5,1000000,951520.44
657,lpush5,1000000,698867.94
657,lrange5,1000000,1032041.31
658,lpush5,1000000,710788.94
658,lrange5,1000000,843237.81
659,lpush5,1000000,609756.12
659,lrange5,1000000,1041800.00
660,lpush5,1000000,730994.12
660,lrange5,1000000,1016390.19
661,lpush5,1000000,672150.50
661,lrange5,1000000,1027897.25
662,lpush5,1000000,675370.75
662,lrange5,1000000,1037361.00
663,lpush5,1000000,675708.12
663,lrange5,1000000,1020424.50
664,lpush5,1000000,643097.12
664,lrange5,1000000,919161.69
665,lpush5,1000000,604681.94
665,lrange5,1000000,979651.31
666,lpush5,1000000,649043.50
666,lrange5,1000000,1010391.94
667,lpush5,1000000,709253.94
667,lrange5,1000000,1074251.38
668,lpush5,1000000,702269.62
668,lrange5,1000000,1014425.94
669,lpush5,1000000,742965.88
669,lrange5,1000000,1117336.38
670,lpush5,1000000,736412.38
670,lrange5,1000000,1088487.50
671,lpush5,1000000,741396.62
671,lrange5,1000000,1081150.25
672,lpush5,1000000,745736.06
672,lrange5,1000000,1079948.12
673,lpush5,1000000,736447.69
673,lrange5,1000000,1034208.88
674,lpush5,1000000,731622.56
674,lrange5,1000000,1038438.19
675,lpush5,1000000,739216.56
675,lrange5,1000000,1059355.88
676,lpush5,1000000,713369.50
676,lrange5,1000000,1037527.00
677,lpush5,1000000,710891.31
677,lrange5,1000000,1017407.94
678,lpush5,1000000,711812.12
678,lrange5,1000000,1059322.00
679,lpush5,1000000,721072.81
679,lrange5,1000000,1046025.12
680,lpush5,1000000,709287.94
680,lrange5,1000000,1033074.38
681,lpush5,1000000,698357.50
681,lrange5,1000000,1020522.44
682,lpush5,1000000,714308.56
682,lrange5,1000000,1023574.19
683,lpush5,1000000,714864.88
683,lrange5,1000000,1015260.88
684,lpush5,1000000,711823.50
684,lrange5,1000000,1015260.88
685,lpush5,1000000,721049.75
685,lrange5,1000000,1042836.31
686,lpush5,1000000,711823.50
686,lrange5,1000000,1064962.75
687,lpush5,1000000,733687.44
687,lrange5,1000000,1042903.06
688,lpush5,1000000,726790.69
688,lrange5,1000000,1059389.88
689,lpush5,1000000,744142.88
689,lrange5,1000000,1027765.69
690,lpush5,1000000,722554.94
690,lrange5,1000000,1023541.44
691,lpush5,1000000,713415.12
691,lrange5,1000000,1043941.56
692,lpush5,1000000,718390.81
692,lrange5,1000000,1016357.69
693,lpush5,1000000,717463.38
693,lrange5,1000000,1081133.00
694,lpush5,1000000,709768.62
694,lrange5,1000000,1027864.38
695,lpush5,1000000,697405.88
695,lrange5,1000000,1043941.56
696,lpush5,1000000,698935.00
696,lrange5,1000000,1009194.75
697,lpush5,1000000,703246.12
697,lrange5,1000000,1051642.50
698,lpush5,1000000,692531.88
698,lrange5,1000000,1028839.50
699,lpush5,1000000,683136.62
699,lrange5,1000000,1039700.62
700,lpush5,1000000,707736.75
700,lrange5,1000000,1052682.12
701,lpush5,1000000,714807.69
701,lrange5,1000000,1020424.50
702,lpush5,1000000,713798.69
702,lrange5,1000000,1029932.00
703,lpush5,1000000,703729.75
703,lrange5,1000000,1005218.06
704,lpush5,1000000,706770.31
704,lrange5,1000000,998020.00
705,lpush5,1000000,705263.75
705,lrange5,1000000,1023574.19
706,lpush5,1000000,731552.31
706,lrange5,1000000,1051541.62
707,lpush5,1000000,723135.19
707,lrange5,1000000,1067577.38
708,lpush5,1000000,724637.69
708,lrange5,1000000,1053740.75
709,lpush5,1000000,715911.25
709,lrange5,1000000,1073201.75
710,lpush5,1000000,740204.31
710,lrange5,1000000,1103752.75
711,lpush5,1000000,708215.31
711,lrange5,1000000,1024754.06
712,lpush5,1000000,726332.62
712,lrange5,1000000,1097817.75
713,lpush5,1000000,725759.06
713,lrange5,1000000,1022658.50
714,lpush5,1000000,730008.75
714,lrange5,1000000,1042986.44
715,lpush5,1000000,727272.75
715,lrange5,1000000,1020473.44
716,lpush5,1000000,719493.56
716,lrange5,1000000,1070835.12
717,lpush5,1000000,703752.31
717,lrange5,1000000,1070766.62
718,lpush5,1000000,731017.50
718,lrange5,1000000,1016260.12
719,lpush5,1000000,722067.88
719,lrange5,1000000,1021597.56
720,lpush5,1000000,729534.62
720,lrange5,1000000,1050722.62
721,lpush5,1000000,721535.31
721,lrange5,1000000,1077689.62
722,lpush5,1000000,711743.81
722,lrange5,1000000,1044008.38
723,lpush5,1000000,723100.50
723,lrange5,1000000,1060632.00
724,lpush5,1000000,710754.81
724,lrange5,1000000,1046125.56
725,lpush5,1000000,710800.31
725,lrange5,1000000,1054903.00
726,lpush5,1000000,700815.69
726,lrange5,1000000,1028888.88
727,lpush5,1000000,724672.44
727,lrange5,1000000,1036286.06
728,lpush5,1000000,708249.31
728,lrange5,1000000,1085897.88
729,lpush5,1000000,742390.50
729,lrange5,1000000,1076564.00
730,lpush5,1000000,728343.75
730,lrange5,1000000,1032024.81
731,lpush5,1000000,671226.81
731,lrange5,1000000,1027864.38
732,lpush5,1000000,691562.94
732,lrange5,1000000,1024622.94
733,lpush5,1000000,731599.12
733,lrange5,1000000,1065201.25
734,lpush5,1000000,710306.81
734,lrange5,1000000,1013203.69
735,lpush5,1000000,729973.75
735,lrange5,1000000,1090564.88
736,lpush5,1000000,725724.25
736,lrange5,1000000,1046108.81
737,lpush5,1000000,728448.62
737,lrange5,1000000,1063829.75
738,lpush5,1000000,724788.44
738,lrange5,1000000,1036319.19
739,lpush5,1000000,710788.94
739,lrange5,1000000,1054852.25
740,lpush5,1000000,733687.44
740,lrange5,1000000,1058268.75
741,lpush5,1000000,729499.62
741,lrange5,1000000,1072085.75
742,lpush5,1000000,727284.38
742,lrange5,1000000,1074199.75
743,lpush5,1000000,706259.88
743,lrange5,1000000,1051659.38
744,lpush5,1000000,716868.81
744,lrange5,1000000,1069553.00
745,lpush5,1000000,695421.44
745,lrange5,1000000,1034506.69
746,lpush5,1000000,719988.44
746,lrange5,1000000,1119838.75
747,lpush5,1000000,719942.38
747,lrange5,1000000,1039634.06
748,lpush5,1000000,724159.31
748,lrange5,1000000,1059406.75
749,lpush5,1000000,736447.69
749,lrange5,1000000,1057082.50
750,lpush5,1000000,705727.56
750,lrange5,1000000,1057268.50
751,lpush5,1000000,703808.56
751,lrange5,1000000,1037493.81
752,lpush5,1000000,703234.88
752,lrange5,1000000,1084650.75
753,lpush5,1000000,744095.25
753,lrange5,1000000,1088243.75
754,lpush5,1000000,736919.69
754,lrange5,1000000,1071879.88
755,lpush5,1000000,722137.19
755,lrange5,1000000,1045266.44
756,lpush5,1000000,713323.88
756,lrange5,1000000,1093106.00
757,lpush5,1000000,719505.06
757,lrange5,1000000,1032255.94
758,lpush5,1000000,722056.31
758,lrange5,1000000,1047170.69
759,lpush5,1000000,732600.75
759,lrange5,1000000,1001113.12
760,lpush5,1000000,699812.44
760,lrange5,1000000,1072978.50
761,lpush5,1000000,726344.25
761,lrange5,1000000,1006052.31
762,lpush5,1000000,722091.00
762,lrange5,1000000,1073012.88
763,lpush5,1000000,711823.50
763,lrange5,1000000,1046058.62
764,lpush5,1000000,725198.00
764,lrange5,1000000,1029866.12
765,lpush5,1000000,730471.88
765,lrange5,1000000,1034275.06
766,lpush5,1000000,730647.19
766,lrange5,1000000,1036402.12
767,lpush5,1000000,710743.44
767,lrange5,1000000,1083545.00
768,lpush5,1000000,715307.56
768,lrange5,1000000,1038471.44
769,lpush5,1000000,718390.81
769,lrange5,1000000,1070663.75
770,lpush5,1000000,714819.12
770,lrange5,1000000,1058234.88
771,lpush5,1000000,727918.50
771,lrange5,1000000,1070989.25
772,lpush5,1000000,718390.81
772,lrange5,1000000,1046041.88
773,lpush5,1000000,719942.38
773,lrange5,1000000,1070783.75
774,lpush5,1000000,729962.06
774,lrange5,1000000,1046159.00
775,lpush5,1000000,712815.38
775,lrange5,1000000,1046226.00
776,lpush5,1000000,682171.94
776,lrange5,1000000,1025690.25
777,lpush5,1000000,723065.81
777,lrange5,1000000,1094109.50
778,lpush5,1000000,727342.56
778,lrange5,1000000,1038687.44
779,lpush5,1000000,711880.44
779,lrange5,1000000,1072995.75
780,lpush5,1000000,717360.06
780,lrange5,1000000,985363.56
781,lpush5,1000000,688286.31
781,lrange5,1000000,1022544.00
782,lpush5,1000000,676175.81
782,lrange5,1000000,1015504.56
783,lpush5,1000000,670337.81
783,lrange5,1000000,997136.56
784,lpush5,1000000,728909.62
784,lrange5,1000000,1070663.75
785,lpush5,1000000,727848.62
785,lrange5,1000000,1020587.75
786,lpush5,1000000,703729.75
786,lrange5,1000000,1056067.50
787,lpush5,1000000,717509.31
787,lrange5,1000000,1033124.00
788,lpush5,1000000,727848.62
788,lrange5,1000000,1094109.50
789,lpush5,1000000,736412.38
789,lrange5,1000000,1045049.06
790,lpush5,1000000,710857.19
790,lrange5,1000000,1074423.25
791,lpush5,1000000,719976.94
791,lrange5,1000000,1024803.25
792,lpush5,1000000,737545.75
792,lrange5,1000000,1058285.75
793,lpush5,1000000,709791.31
793,lrange5,1000000,1005169.88
794,lpush5,1000000,723227.75
794,lrange5,1000000,1065286.50
795,lpush5,1000000,686890.12
795,lrange5,1000000,1057251.62
796,lpush5,1000000,727272.75
796,lrange5,1000000,1039733.88
797,lpush5,1000000,716401.12
797,lrange5,1000000,1078783.25
798,lpush5,1000000,723193.06
798,lrange5,1000000,1017294.00
799,lpush5,1000000,717875.06
799,lrange5,1000000,1050420.12
800,lpush5,1000000,724159.31
800,lrange5,1000000,1022511.25
801,lpush5,1000000,691629.31
801,lrange5,1000000,1063846.75
802,lpush5,1000000,721627.69
802,lrange5,1000000,1037344.44
803,lpush5,1000000,734320.12
803,lrange5,1000000,1059389.88
804,lpush5,1000000,729417.94
804,lrange5,1000000,1061588.12
805,lpush5,1000000,717932.50
805,lrange5,1000000,1039501.00
806,lpush5,1000000,722033.19
806,lrange5,1000000,1067270.00
807,lpush5,1000000,700871.75
807,lrange5,1000000,1059322.00
808,lpush5,1000000,731540.62
808,lrange5,1000000,1095377.88
809,lpush5,1000000,723077.38
809,lrange5,1000000,1059610.12
810,lpush5,1000000,716366.75
810,lrange5,1000000,1034142.69
811,lpush5,1000000,716389.69
811,lrange5,1000000,1052732.62
812,lpush5,1000000,712792.56
812,lrange5,1000000,1069535.88
813,lpush5,1000000,722566.50
813,lrange5,1000000,1067235.88
814,lpush5,1000000,728874.62
814,lrange5,1000000,1062733.25
815,lpush5,1000000,741922.81
815,lrange5,1000000,1025805.12
816,lpush5,1000000,723088.94
816,lrange5,1000000,1068393.12
817,lpush5,1000000,729927.00
817,lrange5,1000000,1013219.88
818,lpush5,1000000,710340.94
818,lrange5,1000000,1053774.50
819,lpush5,1000000,729441.25
819,lrange5,1000000,1016341.44
820,lpush5,1000000,693962.56
820,lrange5,1000000,1119820.88
821,lpush5,1000000,729441.25
821,lrange5,1000000,1096526.38
822,lpush5,1000000,725689.38
822,lrange5,1000000,1089481.50
823,lpush5,1000000,722554.94
823,lrange5,1000000,1042216.69
824,lpush5,1000000,734320.12
824,lrange5,1000000,1063846.75
825,lpush5,1000000,727871.94
825,lrange5,1000000,1108842.50
826,lpush5,1000000,713775.88
826,lrange5,1000000,1040815.81
827,lpush5,1000000,734800.94
827,lrange5,1000000,1056118.25
828,lpush5,1000000,709231.25
828,lrange5,1000000,1061707.00
829,lpush5,1000000,726779.06
829,lrange5,1000000,1050588.25
830,lpush5,1000000,736412.38
830,lrange5,1000000,1067577.38
831,lpush5,1000000,705308.88
831,lrange5,1000000,1042819.62
832,lpush5,1000000,719953.88
832,lrange5,1000000,1063863.88
833,lpush5,1000000,742953.94
833,lrange5,1000000,1036485.00
834,lpush5,1000000,736931.50
834,lrange5,1000000,1054903.00
835,lpush5,1000000,722033.19
835,lrange5,1000000,1046058.62
836,lpush5,1000000,702830.62
836,lrange5,1000000,1091703.00
837,lpush5,1000000,726860.44
837,lrange5,1000000,1076477.88
838,lpush5,1000000,727400.75
838,lrange5,1000000,1039650.69
839,lpush5,1000000,725735.81
839,lrange5,1000000,1107579.12
840,lpush5,1000000,717909.56
840,lrange5,1000000,1093036.00
841,lpush5,1000000,727825.38
841,lrange5,1000000,1067423.75
842,lpush5,1000000,726802.31
842,lrange5,1000000,1077689.62
843,lpush5,1000000,733173.06
843,lrange5,1000000,1075268.75
844,lpush5,1000000,698890.31
844,lrange5,1000000,1067406.62
845,lpush5,1000000,728343.75
845,lrange5,1000000,1100110.00
846,lpush5,1000000,728874.62
846,lrange5,1000000,1088296.00
847,lpush5,1000000,717875.06
847,lrange5,1000000,1067423.75
848,lpush5,1000000,691562.94
848,lrange5,1000000,1055088.62
849,lpush5,1000000,727802.06
849,lrange5,1000000,1051592.00
850,lpush5,1000000,708260.62
850,lrange5,1000000,1040815.81
851,lpush5,1000000,738658.81
851,lrange5,1000000,1056118.25
852,lpush5,1000000,708272.00
852,lrange5,1000000,1078921.25
853,lpush5,1000000,723589.00
853,lrange5,1000000,1060496.25
854,lpush5,1000000,739098.25
854,lrange5,1000000,1059355.88
855,lpush5,1000000,722612.75
855,lrange5,1000000,1048234.81
856,lpush5,1000000,707714.06
856,lrange5,1000000,1059339.00
857,lpush5,1000000,735329.38
857,lrange5,1000000,1053740.75
858,lpush5,1000000,742989.62
858,lrange5,1000000,1062852.25
859,lpush5,1000000,730067.12
859,lrange5,1000000,1103964.62
860,lpush5,1000000,749087.62
860,lrange5,1000000,1063983.00
861,lpush5,1000000,726228.06
861,lrange5,1000000,1050420.12
862,lpush5,1000000,731552.31
862,lrange5,1000000,1029964.94
863,lpush5,1000000,731052.62
863,lrange5,1000000,1085793.75
864,lpush5,1000000,732659.31
864,lrange5,1000000,1065269.38
865,lpush5,1000000,715865.44
865,lrange5,1000000,1013333.38
866,lpush5,1000000,749709.12
866,lrange5,1000000,1063914.88
867,lpush5,1000000,719436.00
867,lrange5,1000000,1112347.12
868,lpush5,1000000,723077.38
868,lrange5,1000000,1058336.50
869,lpush5,1000000,715854.00
869,lrange5,1000000,1076564.00
870,lpush5,1000000,741408.44
870,lrange5,1000000,1052699.00
871,lpush5,1000000,717371.56
871,lrange5,1000000,1042802.94
872,lpush5,1000000,720541.75
872,lrange5,1000000,1058285.75
873,lpush5,1000000,730542.00
873,lrange5,1000000,1016520.31
874,lpush5,1000000,754171.94
874,lrange5,1000000,1090704.50
875,lpush5,1000000,716332.38
875,lrange5,1000000,1070680.88
876,lpush5,1000000,734237.88
876,lrange5,1000000,1089464.12
877,lpush5,1000000,728898.00
877,lrange5,1000000,1018411.44
878,lpush5,1000000,734226.12
878,lrange5,1000000,1102694.62
879,lpush5,1000000,720495.69
879,lrange5,1000000,1051693.00
880,lpush5,1000000,716845.88
880,lrange5,1000000,1090547.50
881,lpush5,1000000,726825.56
881,lrange5,1000000,1065013.88
882,lpush5,1000000,711248.94
882,lrange5,1000000,1076426.25
883,lpush5,1000000,721015.19
883,lrange5,1000000,1026710.50
884,lpush5,1000000,730020.44
884,lrange5,1000000,1057082.50
885,lpush5,1000000,725712.62
885,lrange5,1000000,1051625.62
886,lpush5,1000000,724112.94
886,lrange5,1000000,1041716.69
887,lpush5,1000000,714922.06
887,lrange5,1000000,1052682.12
888,lpush5,1000000,699311.94
888,lrange5,1000000,1086956.50
889,lpush5,1000000,729927.00
889,lrange5,1000000,1058387.25
890,lpush5,1000000,733710.94
890,lrange5,1000000,1011154.69
891,lpush5,1000000,733278.62
891,lrange5,1000000,1069638.50
892,lpush5,1000000,719470.50
892,lrange5,1000000,1044948.75
893,lpush5,1000000,707224.88
893,lrange5,1000000,1027782.12
894,lpush5,1000000,736966.81
894,lrange5,1000000,1074199.75
895,lpush5,1000000,720495.69
895,lrange5,1000000,1076529.62
896,lpush5,1000000,733196.50
896,lrange5,1000000,1096807.00
897,lpush5,1000000,726274.50
897,lrange5,1000000,1049636.88
898,lpush5,1000000,718941.75
898,lrange5,1000000,1017587.00
899,lpush5,1000000,708362.62
899,lrange5,1000000,1095290.25
900,lpush5,1000000,723635.31
900,lrange5,1000000,1055966.12
901,lpush5,1000000,725163.19
901,lrange5,1000000,1036286.06
902,lpush5,1000000,739181.06
902,lrange5,1000000,1061639.12
903,lpush5,1000000,717944.00
903,lrange5,1000000,1052648.38
904,lpush5,1000000,722021.69
904,lrange5,1000000,806451.62
905,lpush5,1000000,737463.12
905,lrange5,1000000,1024868.81
906,lpush5,1000000,721015.19
906,lrange5,1000000,1038488.06
907,lpush5,1000000,706747.75
907,lrange5,1000000,1045032.38
908,lpush5,1000000,717921.00
908,lrange5,1000000,1075320.38
909,lpush5,1000000,749697.12
909,lrange5,1000000,1025673.81
910,lpush5,1000000,695410.31
910,lrange5,1000000,1028938.25
911,lpush5,1000000,717886.56
911,lrange5,1000000,1095465.50
912,lpush5,1000000,717406.00
912,lrange5,1000000,1056033.75
913,lpush5,1000000,723589.00
913,lrange5,1000000,1072085.75
914,lpush5,1000000,739692.31
914,lrange5,1000000,1037377.62
915,lpush5,1000000,723077.38
915,lrange5,1000000,1052800.00
916,lpush5,1000000,711237.56
916,lrange5,1000000,1058370.38
917,lpush5,1000000,709825.38
917,lrange5,1000000,1079982.75
918,lpush5,1000000,722102.56
918,lrange5,1000000,1049401.88
919,lpush5,1000000,718976.25
919,lrange5,1000000,1072017.12
920,lpush5,1000000,718459.81
920,lrange5,1000000,1016552.81
921,lpush5,1000000,729997.06
921,lrange5,1000000,1091755.50
922,lpush5,1000000,702370.75
922,lrange5,1000000,1043003.12
923,lpush5,1000000,721003.62
923,lrange5,1000000,1047254.44
924,lpush5,1000000,712353.25
924,lrange5,1000000,1047153.94
925,lpush5,1000000,719528.06
925,lrange5,1000000,1071811.38
926,lpush5,1000000,719424.44
926,lrange5,1000000,1040699.25
927,lpush5,1000000,731017.50
927,lrange5,1000000,1046041.88
928,lpush5,1000000,702314.62
928,lrange5,1000000,1060615.00
929,lpush5,1000000,717006.44
929,lrange5,1000000,1070663.75
930,lpush5,1000000,734237.88
930,lrange5,1000000,1046259.44
931,lpush5,1000000,708751.25
931,lrange5,1000000,1067492.00
932,lpush5,1000000,715957.06
932,lrange5,1000000,1079948.12
933,lpush5,1000000,723135.19
933,lrange5,1000000,1025837.94
934,lpush5,1000000,717886.56
934,lrange5,1000000,1042769.56
935,lpush5,1000000,701262.25
935,lrange5,1000000,1074268.50
936,lpush5,1000000,721500.69
936,lrange5,1000000,1058201.12
937,lpush5,1000000,715819.62
937,lrange5,1000000,1018395.12
938,lpush5,1000000,718907.25
938,lrange5,1000000,1070766.62
939,lpush5,1000000,739110.12
939,lrange5,1000000,1050504.12
940,lpush5,1000000,719942.38
940,lrange5,1000000,1027946.56
941,lpush5,1000000,717394.50
941,lrange5,1000000,1057116.25
942,lpush5,1000000,701262.25
942,lrange5,1000000,1088313.38
943,lpush5,1000000,716332.38
943,lrange5,1000000,1096579.00
944,lpush5,1000000,731552.31
944,lrange5,1000000,1087026.12
945,lpush5,1000000,712330.44
945,lrange5,1000000,1063880.88
946,lpush5,1000000,736023.56
946,lrange5,1000000,1016536.56
947,lpush5,1000000,716366.75
947,lrange5,1000000,1028855.94
948,lpush5,1000000,744661.19
948,lrange5,1000000,1078748.62
949,lpush5,1000000,725712.62
949,lrange5,1000000,1061571.12
950,lpush5,1000000,735329.38
950,lrange5,1000000,1065082.00
951,lpush5,1000000,734789.19
951,lrange5,1000000,1038521.31
952,lpush5,1000000,742438.00
952,lrange5,1000000,1042903.06
953,lpush5,1000000,706248.56
953,lrange5,1000000,1095360.38
954,lpush5,1000000,730020.44
954,lrange5,1000000,1013203.69
955,lpush5,1000000,735905.81
955,lrange5,1000000,1039534.31
956,lpush5,1000000,739098.25
956,lrange5,1000000,1043841.31
957,lpush5,1000000,725163.19
957,lrange5,1000000,1029948.50
958,lpush5,1000000,722160.31
958,lrange5,1000000,1064962.75
959,lpush5,1000000,703752.31
959,lrange5,1000000,1067355.38
960,lpush5,1000000,724124.50
960,lrange5,1000000,1039567.56
961,lpush5,1000000,715911.25
961,lrange5,1000000,1041750.00
962,lpush5,1000000,713810.12
962,lrange5,1000000,1087217.38
963,lpush5,1000000,705263.75
963,lrange5,1000000,1050420.12
964,lpush5,1000000,726274.50
964,lrange5,1000000,1052682.12
965,lpush5,1000000,702808.19
965,lrange5,1000000,1020424.50
966,lpush5,1000000,719424.44
966,lrange5,1000000,1046075.38
967,lpush5,1000000,707258.81
967,lrange5,1000000,1023623.31
968,lpush5,1000000,704721.62
968,lrange5,1000000,1100233.25
969,lpush5,1000000,741325.44
969,lrange5,1000000,1016341.44
970,lpush5,1000000,723646.88
970,lrange5,1000000,1099041.75
971,lpush5,1000000,717898.06
971,lrange5,1000000,1038438.19
972,lpush5,1000000,721500.69
972,lrange5,1000000,1052699.00
973,lpush5,1000000,715433.50
973,lrange5,1000000,1066115.12
974,lpush5,1000000,730577.06
974,lrange5,1000000,1034225.44
975,lpush5,1000000,727284.38
975,lrange5,1000000,1109877.88
976,lpush5,1000000,715831.06
976,lrange5,1000000,1078955.75
977,lpush5,1000000,743518.19
977,lrange5,1000000,1097940.75
978,lpush5,1000000,729927.00
978,lrange5,1000000,1068495.75
979,lpush5,1000000,704811.81
979,lrange5,1000000,1099147.25
980,lpush5,1000000,724263.56
980,lrange5,1000000,1047120.44
981,lpush5,1000000,724695.62
981,lrange5,1000000,1039650.69
982,lpush5,1000000,726767.44
982,lrange5,1000000,1028839.50
983,lpush5,1000000,732087.81
983,lrange5,1000000,1111146.75
984,lpush5,1000000,714796.25
984,lrange5,1000000,1075440.88
985,lpush5,1000000,726825.56
985,lrange5,1000000,1076460.62
986,lpush5,1000000,712826.81
986,lrange5,1000000,1037444.00
987,lpush5,1000000,722044.75
987,lrange5,1000000,1100462.12
988,lpush5,1000000,722601.19
988,lrange5,1000000,1055983.12
989,lpush5,1000000,729927.00
989,lrange5,1000000,1066319.75
990,lpush5,1000000,734812.69
990,lrange5,1000000,1061775.00
991,lpush5,1000000,720472.62
991,lrange5,1000000,1017391.69
992,lpush5,1000000,718390.81
992,lrange5,1000000,1081115.62
993,lpush5,1000000,730495.25
993,lrange5,1000000,1084650.75
994,lpush5,1000000,744685.00
994,lrange5,1000000,1065099.00
995,lpush5,1000000,725198.00
995,lrange5,1000000,1089394.38
996,lpush5,1000000,714297.12
996,lrange5,1000000,1052766.38
997,lpush5,1000000,701453.00
997,lrange5,1000000,1020424.50
998,lpush5,1000000,720011.50
998,lrange5,1000000,1018525.44
999,lpush5,1000000,737002.19
999,lrange5,1000000,1022593.06
1000,lpush5,1000000,704225.38
1000,lrange5,1000000,1093088.50
1001,lpush5,1000000,713775.88
1001,lrange5,1000000,1091703.00
1002,lpush5,1000000,731122.81
1002,lrange5,1000000,1060598.12
1003,lpush5,1000000,711755.19
1003,lrange5,1000000,1056000.00
1004,lpush5,1000000,718597.75
1004,lrange5,1000000,1018525.44
1005,lpush5,1000000,729499.62
1005,lrange5,1000000,1060564.12
1006,lpush5,1000000,710823.06
1006,lrange5,1000000,1046092.06
1007,lpush5,1000000,718964.75
1007,lrange5,1000000,1073047.25
1008,lpush5,1000000,693056.12
1008,lrange5,1000000,1062801.25
1009,lpush5,1000000,728460.31
1009,lrange5,1000000,1066132.12
1010,lpush5,1000000,705252.50
1010,lrange5,1000000,1068495.75
1011,lpush5,1000000,721072.81
1011,lrange5,1000000,1053740.75
1012,lpush5,1000000,720011.50
1012,lrange5,1000000,1034440.50
1013,lpush5,1000000,705772.75
1013,lrange5,1000000,1080138.25
1014,lpush5,1000000,724217.19
1014,lrange5,1000000,1039916.81
1015,lpush5,1000000,730483.56
1015,lrange5,1000000,1080121.00
1016,lpush5,1000000,697870.19
1016,lrange5,1000000,1017310.31
1017,lpush5,1000000,716995.00
1017,lrange5,1000000,1049435.50
1018,lpush5,1000000,734812.69
1018,lrange5,1000000,1083527.62
1019,lpush5,1000000,725221.19
1019,lrange5,1000000,1116196.38
1020,lpush5,1000000,715911.25
1020,lrange5,1000000,1057217.75
1021,lpush5,1000000,711248.94
1021,lrange5,1000000,1019368.00
1022,lpush5,1000000,725186.38
1022,lrange5,1000000,1067304.25
1023,lpush5,1000000,710227.25
1023,lrange5,1000000,1132502.75
1024,lpush5,1000000,702864.38
1024,lrange5,1000000,1106247.75
1025,lpush5,1000000,749697.12
1025,lrange5,1000000,1054852.25
1026,lpush5,1000000,718448.31
1026,lrange5,1000000,1059389.88
1027,lpush5,1000000,734273.12
1027,lrange5,1000000,1048436.06
1028,lpush5,1000000,718459.81
1028,lrange5,1000000,1064187.25
1029,lpush5,1000000,724194.06
1029,lrange5,1000000,1043991.62
1030,lpush5,1000000,716343.81
1030,lrange5,1000000,1059406.75
1031,lpush5,1000000,724742.06
1031,lrange5,1000000,1035213.25
1032,lpush5,1000000,724205.62
1032,lrange5,1000000,1100215.62
1033,lpush5,1000000,743049.06
1033,lrange5,1000000,1061622.12
1034,lpush5,1000000,734777.38
1034,lrange5,1000000,1091703.00
1035,lpush5,1000000,742473.62
1035,lrange5,1000000,1056118.25
1036,lpush5,1000000,727458.94
1036,lrange5,1000000,1069570.00
1037,lpush5,1000000,708238.00
1037,lrange5,1000000,1081115.62
1038,lpush5,1000000,696468.00
1038,lrange5,1000000,1075303.25
1039,lpush5,1000000,734777.38
1039,lrange5,1000000,1015358.38
1040,lpush5,1000000,725759.06
1040,lrange5,1000000,1021483.19
1041,lpush5,1000000,714864.88
1041,lrange5,1000000,1060462.38
1042,lpush5,1000000,706747.75
1042,lrange5,1000000,1068547.00
1043,lpush5,1000000,711283.06
1043,lrange5,1000000,1085811.12
1044,lpush5,1000000,721558.44
1044,lrange5,1000000,1041800.00
1045,lpush5,1000000,716401.12
1045,lrange5,1000000,1025755.88
1046,lpush5,1000000,715479.25
1046,lrange5,1000000,1079965.50
1047,lpush5,1000000,709814.06
1047,lrange5,1000000,1044948.75
1048,lpush5,1000000,728932.94
1048,lrange5,1000000,1067253.00
1049,lpush5,1000000,711237.56
1049,lrange5,1000000,1087026.12
1050,lpush5,1000000,726344.25
1050,lrange5,1000000,1088226.25
1051,lpush5,1000000,722033.19
1051,lrange5,1000000,1081184.88
1052,lpush5,1000000,716378.19
1052,lrange5,1000000,1076426.25
1053,lpush5,1000000,717406.00
1053,lrange5,1000000,1089551.25
1054,lpush5,1000000,733208.25
1054,lrange5,1000000,1016260.12
1055,lpush5,1000000,734847.94
1055,lrange5,1000000,1049502.62
1056,lpush5,1000000,720495.69
1056,lrange5,1000000,1060445.38
1057,lpush5,1000000,728367.06
1057,lrange5,1000000,1020440.81
1058,lpush5,1000000,714308.56
1058,lrange5,1000000,1034142.69
1059,lpush5,1000000,718459.81
1059,lrange5,1000000,1039634.06
1060,lpush5,1000000,726216.44
1060,lrange5,1000000,1060462.38
1061,lpush5,1000000,738007.38
1061,lrange5,1000000,1071948.50
1062,lpush5,1000000,731005.81
1062,lrange5,1000000,1074148.25
1063,lpush5,1000000,719505.06
1063,lrange5,1000000,1084702.88
1064,lpush5,1000000,711755.19
1064,lrange5,1000000,1015309.62
1065,lpush5,1000000,731029.25
1065,lrange5,1000000,1045032.38
1066,lpush5,1000000,703358.62
1066,lrange5,1000000,1070663.75
1067,lpush5,1000000,711755.19
1067,lrange5,1000000,1070835.12
1068,lpush5,1000000,727871.94
1068,lrange5,1000000,1043841.31
1069,lpush5,1000000,736377.00
1069,lrange5,1000000,1064979.75
1070,lpush5,1000000,726848.81
1070,lrange5,1000000,1084650.75
1071,lpush5,1000000,730460.19
1071,lrange5,1000000,1102871.00
1072,lpush5,1000000,704721.62
1072,lrange5,1000000,1040832.44
1073,lpush5,1000000,738552.44
1073,lrange5,1000000,1040782.50
1074,lpush5,1000000,719436.00
1074,lrange5,1000000,1023656.06
1075,lpush5,1000000,725689.38
1075,lrange5,1000000,1046309.62
1076,lpush5,1000000,719574.12
1076,lrange5,1000000,1077931.12
1077,lpush5,1000000,734789.19
1077,lrange5,1000000,1029020.56
1078,lpush5,1000000,723077.38
1078,lrange5,1000000,1078904.00
1079,lpush5,1000000,716389.69
1079,lrange5,1000000,1062818.25
1080,lpush5,1000000,711271.69
1080,lrange5,1000000,1106283.25
1081,lpush5,1000000,731587.44
1081,lrange5,1000000,1072961.38
1082,lpush5,1000000,711766.56
1082,lrange5,1000000,1087008.62
1083,lpush5,1000000,740204.31
1083,lrange5,1000000,1075268.75
1084,lpush5,1000000,733161.31
1084,lrange5,1000000,1052816.88
1085,lpush5,1000000,739204.69
1085,lrange5,1000000,1071845.62
1086,lpush5,1000000,713289.62
1086,lrange5,1000000,1050420.12
1087,lpush5,1000000,719482.00
1087,lrange5,1000000,1052732.62
1088,lpush5,1000000,714830.56
1088,lrange5,1000000,1088191.50
1089,lpush5,1000000,722102.56
1089,lrange5,1000000,1069775.38
1090,lpush5,1000000,726309.38
1090,lrange5,1000000,1038637.56
1091,lpush5,1000000,726779.06
1091,lrange5,1000000,1075492.50
1092,lpush5,1000000,726216.44
1092,lrange5,1000000,1070663.75
1093,lpush5,1000000,723658.50
1093,lrange5,1000000,1038587.75
1094,lpush5,1000000,735846.94
1094,lrange5,1000000,1074182.62
1095,lpush5,1000000,702247.19
1095,lrange5,1000000,1007162.19
1096,lpush5,1000000,705750.12
1096,lrange5,1000000,1077655.25
1097,lpush5,1000000,719470.50
1097,lrange5,1000000,1079913.62
1098,lpush5,1000000,721581.50
1098,lrange5,1000000,1053825.12
1099,lpush5,1000000,709265.25
1099,lrange5,1000000,1083441.00
1100,lpush5,1000000,710318.19
1100,lrange5,1000000,1034175.81
1101,lpush5,1000000,719436.00
1101,lrange5,1000000,1031991.75
1102,lpush5,1000000,732612.44
1102,lrange5,1000000,1059423.75
1103,lpush5,1000000,712758.38
1103,lrange5,1000000,1058218.00
1104,lpush5,1000000,719424.44
1104,lrange5,1000000,1042869.69
1105,lpush5,1000000,707736.75
1105,lrange5,1000000,1059474.62
1106,lpush5,1000000,733910.50
1106,lrange5,1000000,1088243.75
1107,lpush5,1000000,713810.12
1107,lrange5,1000000,1026694.06
1108,lpush5,1000000,726744.19
1108,lrange5,1000000,1042903.06
1109,lpush5,1000000,723100.50
1109,lrange5,1000000,1055004.25
1110,lpush5,1000000,705263.75
1110,lrange5,1000000,1050655.50
1111,lpush5,1000000,694600.00
1111,lrange5,1000000,1063949.00
1112,lpush5,1000000,710777.56
1112,lrange5,1000000,1106247.75
1113,lpush5,1000000,718528.75
1113,lrange5,1000000,1073012.88
1114,lpush5,1000000,742965.88
1114,lrange5,1000000,1051524.75
1115,lpush5,1000000,708226.69
1115,lrange5,1000000,1057167.00
1116,lpush5,1000000,699790.06
1116,lrange5,1000000,1050722.62
1117,lpush5,1000000,721569.94
1117,lrange5,1000000,1052682.12
1118,lpush5,1000000,705252.50
1118,lrange5,1000000,1062750.25
1119,lpush5,1000000,733757.88
1119,lrange5,1000000,1016487.75
1120,lpush5,1000000,714853.44
1120,lrange5,1000000,1035229.81
1121,lpush5,1000000,714342.88
1121,lrange5,1000000,1078800.50
1122,lpush5,1000000,717428.94
1122,lrange5,1000000,1078938.50
1123,lpush5,1000000,724695.62
1123,lrange5,1000000,1043924.81
1124,lpush5,1000000,716891.75
1124,lrange5,1000000,1063846.75
1125,lpush5,1000000,725759.06
1125,lrange5,1000000,1057099.38
1126,lpush5,1000000,716937.62
1126,lrange5,1000000,1039700.62
1127,lpush5,1000000,719953.88
1127,lrange5,1000000,1117354.25
1128,lpush5,1000000,726228.06
1128,lrange5,1000000,1021483.19
1129,lpush5,1000000,736424.12
1129,lrange5,1000000,1058472.00
1130,lpush5,1000000,734237.88
1130,lrange5,1000000,1041750.00
1131,lpush5,1000000,730588.75
1131,lrange5,1000000,1088208.88
1132,lpush5,1000000,731540.62
1132,lrange5,1000000,1051558.38
1133,lpush5,1000000,714388.56
1133,lrange5,1000000,1046159.00
1134,lpush5,1000000,726239.69
1134,lrange5,1000000,1048536.69
1135,lpush5,1000000,714853.44
1135,lrange5,1000000,1009178.62
1136,lpush5,1000000,720057.56
1136,lrange5,1000000,1066217.50
1137,lpush5,1000000,715854.00
1137,lrange5,1000000,1088139.25
1138,lpush5,1000000,726239.69
1138,lrange5,1000000,1079197.38
1139,lpush5,1000000,704778.00
1139,lrange5,1000000,1088261.12
1140,lpush5,1000000,717371.56
1140,lrange5,1000000,1067389.62
1141,lpush5,1000000,720011.50
1141,lrange5,1000000,1079913.62
1142,lpush5,1000000,739751.50
1142,lrange5,1000000,1112382.62
1143,lpush5,1000000,721003.62
1143,lrange5,1000000,1090512.50
1144,lpush5,1000000,737557.56
1144,lrange5,1000000,1070852.25
1145,lpush5,1000000,733769.62
1145,lrange5,1000000,1079913.62
1146,lpush5,1000000,739739.62
1146,lrange5,1000000,1027765.69
1147,lpush5,1000000,736377.00
1147,lrange5,1000000,1078783.25
1148,lpush5,1000000,732659.31
1148,lrange5,1000000,1045283.19
1149,lpush5,1000000,714320.00
1149,lrange5,1000000,1084945.75
1150,lpush5,1000000,714830.56
1150,lrange5,1000000,1096508.75
1151,lpush5,1000000,732134.69
1151,lrange5,1000000,1087130.38
1152,lpush5,1000000,729476.25
1152,lrange5,1000000,1034126.12
1153,lpush5,1000000,724159.31
1153,lrange5,1000000,1094214.50
1154,lpush5,1000000,716960.56
1154,lrange5,1000000,1090599.75
1155,lpush5,1000000,723077.38
1155,lrange5,1000000,1111111.12
1156,lpush5,1000000,713346.69
1156,lrange5,1000000,1041883.38
1157,lpush5,1000000,724753.62
1157,lrange5,1000000,799411.62
1158,lpush5,1000000,702258.44
1158,lrange5,1000000,1048385.75
1159,lpush5,1000000,728921.31
1159,lrange5,1000000,1082285.62
1160,lpush5,1000000,722566.50
1160,lrange5,1000000,1026776.19
1161,lpush5,1000000,722554.94
1161,lrange5,1000000,1075337.62
1162,lpush5,1000000,735835.19
1162,lrange5,1000000,995024.88
1163,lpush5,1000000,724776.81
1163,lrange5,1000000,1046209.25
1164,lpush5,1000000,707736.75
1164,lrange5,1000000,999016.94
1165,lpush5,1000000,723065.81
1165,lrange5,1000000,961769.25
1166,lpush5,1000000,696412.25
1166,lrange5,1000000,1049368.25
1167,lpush5,1000000,701855.44
1167,lrange5,1000000,1039584.19
1168,lpush5,1000000,718001.44
1168,lrange5,1000000,1049418.62
1169,lpush5,1000000,705761.44
1169,lrange5,1000000,1046159.00
1170,lpush5,1000000,718976.25
1170,lrange5,1000000,1060716.88
1171,lpush5,1000000,717875.06
1171,lrange5,1000000,1102659.25
1172,lpush5,1000000,739133.75
1172,lrange5,1000000,1062716.25
1173,lpush5,1000000,686846.19
1173,lrange5,1000000,1043858.06
1174,lpush5,1000000,726251.31
1174,lrange5,1000000,1063039.38
1175,lpush5,1000000,713323.88
1175,lrange5,1000000,1019449.56
1176,lpush5,1000000,732858.62
1176,lrange5,1000000,1090774.25
1177,lpush5,1000000,740847.38
1177,lrange5,1000000,1090652.12
1178,lpush5,1000000,732671.06
1178,lrange5,1000000,1060496.25
1179,lpush5,1000000,722554.94
1179,lrange5,1000000,1020424.50
1180,lpush5,1000000,712826.81
1180,lrange5,1000000,1032008.25
1181,lpush5,1000000,703234.88
1181,lrange5,1000000,1042853.00
1182,lpush5,1000000,732694.50
1182,lrange5,1000000,1093158.50
1183,lpush5,1000000,727365.81
1183,lrange5,1000000,1118604.00
1184,lpush5,1000000,734296.62
1184,lrange5,1000000,1043841.31
1185,lpush5,1000000,691596.12
1185,lrange5,1000000,1050470.62
1186,lpush5,1000000,720461.06
1186,lrange5,1000000,1057116.25
1187,lpush5,1000000,746849.88
1187,lrange5,1000000,1100110.00
1188,lpush5,1000000,723135.19
1188,lrange5,1000000,1085776.38
1189,lpush5,1000000,726779.06
1189,lrange5,1000000,1058319.62
1190,lpush5,1000000,722114.06
1190,lrange5,1000000,1108647.50
1191,lpush5,1000000,710754.81
1191,lrange5,1000000,1058285.75
1192,lpush5,1000000,730530.31
1192,lrange5,1000000,1036269.44
1193,lpush5,1000000,730553.69
1193,lrange5,1000000,1070749.50
1194,lpush5,1000000,730067.12
1194,lrange5,1000000,1044932.06
1195,lpush5,1000000,724182.44
1195,lrange5,1000000,1041800.00
1196,lpush5,1000000,720518.75
1196,lrange5,1000000,1073236.12
1197,lpush5,1000000,721546.88
1197,lrange5,1000000,1056337.88
1198,lpush5,1000000,731052.62
1198,lrange5,1000000,1059457.62
1199,lpush5,1000000,722578.06
1199,lrange5,1000000,1039517.69
1200,lpush5,1000000,731540.62
1200,lrange5,1000000,1036302.62
1201,lpush5,1000000,728332.12
1201,lrange5,1000000,1059372.88
1202,lpush5,1000000,722624.31
1202,lrange5,1000000,1060547.12
1203,lpush5,1000000,704225.38
1203,lrange5,1000000,1060445.38
1204,lpush5,1000000,721569.94
1204,lrange5,1000000,1065082.00
1205,lpush5,1000000,700770.81
1205,lrange5,1000000,1037427.38
1206,lpush5,1000000,717909.56
1206,lrange5,1000000,1066149.25
1207,lpush5,1000000,714887.75
1207,lrange5,1000000,1074371.62
1208,lpush5,1000000,709231.25
1208,lrange5,1000000,1082320.38
1209,lpush5,1000000,741372.88
1209,lrange5,1000000,1010117.19
1210,lpush5,1000000,724742.06
1210,lrange5,1000000,1042752.88
1211,lpush5,1000000,718448.31
1211,lrange5,1000000,1048301.88
1212,lpush5,1000000,698812.00
1212,lrange5,1000000,1072120.00
1213,lpush5,1000000,724228.81
1213,lrange5,1000000,1057082.50
1214,lpush5,1000000,700280.12
1214,lrange5,1000000,1099164.75
1215,lpush5,1000000,701855.44
1215,lrange5,1000000,1050638.62
1216,lpush5,1000000,719988.44
1216,lrange5,1000000,1083527.62
1217,lpush5,1000000,704778.00
1217,lrange5,1000000,1022658.50
1218,lpush5,1000000,737581.12
1218,lrange5,1000000,1054919.88
1219,lpush5,1000000,717875.06
1219,lrange5,1000000,1068393.12
1220,lpush5,1000000,718964.75
1220,lrange5,1000000,1058370.38
1221,lpush5,1000000,728898.00
1221,lrange5,1000000,1108736.12
1222,lpush5,1000000,720980.56
1222,lrange5,1000000,1030047.38
1223,lpush5,1000000,718505.75
1223,lrange5,1000000,1024622.94
1224,lpush5,1000000,730471.88
1224,lrange5,1000000,1074182.62
1225,lpush5,1000000,727848.62
1225,lrange5,1000000,1078817.75
1226,lpush5,1000000,715922.69
1226,lrange5,1000000,1084841.62
1227,lpush5,1000000,726251.31
1227,lrange5,1000000,1039584.19
1228,lpush5,1000000,726813.94
1228,lrange5,1000000,1076667.38
1229,lpush5,1000000,733149.56
1229,lrange5,1000000,1015260.88
1230,lpush5,1000000,746280.56
1230,lrange5,1000000,1118639.88
1231,lpush5,1000000,719988.44
1231,lrange5,1000000,1038571.12
1232,lpush5,1000000,726262.88
1232,lrange5,1000000,1095553.12
1233,lpush5,1000000,730518.62
1233,lrange5,1000000,1064017.00
1234,lpush5,1000000,703336.12
1234,lrange5,1000000,1009210.88
1235,lpush5,1000000,716891.75
1235,lrange5,1000000,1069655.62
1236,lpush5,1000000,742390.50
1236,lrange5,1000000,1048385.75
1237,lpush5,1000000,706271.19
1237,lrange5,1000000,1046058.62
1238,lpush5,1000000,749649.19
1238,lrange5,1000000,1035279.50
1239,lpush5,1000000,709734.56
1239,lrange5,1000000,1075268.75
1240,lpush5,1000000,732635.88
1240,lrange5,1000000,1107632.38
1241,lpush5,1000000,692141.12
1241,lrange5,1000000,1050453.75
1242,lpush5,1000000,729534.62
1242,lrange5,1000000,1055983.12
1243,lpush5,1000000,724182.44
1243,lrange5,1000000,1049334.75
1244,lpush5,1000000,712872.44
1244,lrange5,1000000,1075561.25
1245,lpush5,1000000,731005.81
1245,lrange5,1000000,1064034.00
1246,lpush5,1000000,720530.25
1246,lrange5,1000000,1070800.88
1247,lpush5,1000000,734765.62
1247,lrange5,1000000,1058201.12
1248,lpush5,1000000,706248.56
1248,lrange5,1000000,1091738.00
1249,lpush5,1000000,715899.81
1249,lrange5,1000000,1036319.19
1250,lpush5,1000000,711237.56
1250,lrange5,1000000,1045115.94
1251,lpush5,1000000,734859.69
1251,lrange5,1000000,1025641.00
1252,lpush5,1000000,730530.31
1252,lrange5,1000000,1052665.25
1253,lpush5,1000000,722044.75
1253,lrange5,1000000,1052682.12
1254,lpush5,1000000,730530.31
1254,lrange5,1000000,1033173.56
1255,lpush5,1000000,716343.81
1255,lrange5,1000000,1053740.75
1256,lpush5,1000000,722056.31
1256,lrange5,1000000,1050470.62
1257,lpush5,1000000,735411.75
1257,lrange5,1000000,1088139.25
1258,lpush5,1000000,731029.25
1258,lrange5,1000000,1064119.12
1259,lpush5,1000000,681198.88
1259,lrange5,1000000,1038537.88
1260,lpush5,1000000,728898.00
1260,lrange5,1000000,1019580.00
1261,lpush5,1000000,722044.75
1261,lrange5,1000000,1076650.12
1262,lpush5,1000000,715353.38
1262,lrange5,1000000,1078869.50
1263,lpush5,1000000,699890.81
1263,lrange5,1000000,1073047.25
1264,lpush5,1000000,740752.56
1264,lrange5,1000000,1006036.19
1265,lpush5,1000000,711305.81
1265,lrange5,1000000,1003057.19
1266,lpush5,1000000,718941.75
1266,lrange5,1000000,1075268.75
1267,lpush5,1000000,711248.94
1267,lrange5,1000000,1052682.12
1268,lpush5,1000000,730994.12
1268,lrange5,1000000,1048385.75
1269,lpush5,1000000,703246.12
1269,lrange5,1000000,1053993.62
1270,lpush5,1000000,720011.50
1270,lrange5,1000000,1081254.00
1271,lpush5,1000000,732134.69
1271,lrange5,1000000,1038421.62
1272,lpush5,1000000,702393.25
1272,lrange5,1000000,1078921.25
1273,lpush5,1000000,717394.50
1273,lrange5,1000000,1051608.88
1274,lpush5,1000000,704293.00
1274,lrange5,1000000,1101374.50
1275,lpush5,1000000,699311.94
1275,lrange5,1000000,1062971.38
1276,lpush5,1000000,715831.06
1276,lrange5,1000000,1064102.12
1277,lpush5,1000000,684931.50
1277,lrange5,1000000,1105060.75
1278,lpush5,1000000,695543.81
1278,lrange5,1000000,1054852.25
1279,lpush5,1000000,710306.81
1279,lrange5,1000000,1018378.81
1280,lpush5,1000000,726262.88
1280,lrange5,1000000,1069570.00
1281,lpush5,1000000,711777.94
1281,lrange5,1000000,1033239.69
1282,lpush5,1000000,716343.81
1282,lrange5,1000000,1042752.88
1283,lpush5,1000000,735905.81
1283,lrange5,1000000,1054044.25
1284,lpush5,1000000,696897.56
1284,lrange5,1000000,1042752.88
1285,lpush5,1000000,704247.94
1285,lrange5,1000000,1050420.12
1286,lpush5,1000000,720011.50
1286,lrange5,1000000,1090704.50
1287,lpush5,1000000,739692.31
1287,lrange5,1000000,1020424.50
1288,lpush5,1000000,725198.00
1288,lrange5,1000000,1064000.00
1289,lpush5,1000000,732146.38
1289,lrange5,1000000,1072995.75
1290,lpush5,1000000,727825.38
1290,lrange5,1000000,1039700.62
1291,lpush5,1000000,694960.38
1291,lrange5,1000000,1058201.12
1292,lpush5,1000000,722114.06
1292,lrange5,1000000,1067321.25
1293,lpush5,1000000,716891.75
1293,lrange5,1000000,1107561.50
1294,lpush5,1000000,699790.06
1294,lrange5,1000000,1098918.62
1295,lpush5,1000000,723635.31
1295,lrange5,1000000,1073064.38
1296,lpush5,1000000,719528.06
1296,lrange5,1000000,1067270.00
1297,lpush5,1000000,722647.44
1297,lrange5,1000000,1099094.50
1298,lpush5,1000000,712296.25
1298,lrange5,1000000,1073098.75
1299,lpush5,1000000,726802.31
1299,lrange5,1000000,1071828.50
1300,lpush5,1000000,716880.31
1300,lrange5,1000000,1051524.75
1301,lpush5,1000000,722033.19
1301,lrange5,1000000,1075544.12
1302,lpush5,1000000,735294.12
1302,lrange5,1000000,1090617.25
1303,lpush5,1000000,732600.75
1303,lrange5,1000000,1095290.25
1304,lpush5,1000000,712804.00
1304,lrange5,1000000,1067253.00
1305,lpush5,1000000,729394.56
1305,lrange5,1000000,1089568.62
1306,lpush5,1000000,722021.69
1306,lrange5,1000000,1046025.12
1307,lpush5,1000000,729938.69
1307,lrange5,1000000,1035378.88
1308,lpush5,1000000,724170.88
1308,lrange5,1000000,1054852.25
1309,lpush5,1000000,712284.88
1309,lrange5,1000000,1079930.88
1310,lpush5,1000000,732612.44
1310,lrange5,1000000,1077620.75
1311,lpush5,1000000,732064.38
1311,lrange5,1000000,1056236.50
1312,lpush5,1000000,718999.25
1312,lrange5,1000000,1043841.31
1313,lpush5,1000000,712444.44
1313,lrange5,1000000,1060445.38
1314,lpush5,1000000,736978.62
1314,lrange5,1000000,1076443.50
1315,lpush5,1000000,715819.62
1315,lrange5,1000000,1080051.88
1316,lpush5,1000000,704304.25
1316,lrange5,1000000,1033057.88
1317,lpush5,1000000,724170.88
1317,lrange5,1000000,1060530.25
1318,lpush5,1000000,732741.38
1318,lrange5,1000000,1085950.00
1319,lpush5,1000000,706713.81
1319,lrange5,1000000,1095307.75
1320,lpush5,1000000,717463.38
1320,lrange5,1000000,1057116.25
1321,lpush5,1000000,724649.25
1321,lrange5,1000000,1061571.12
1322,lpush5,1000000,738042.81
1322,lrange5,1000000,1058421.12
1323,lpush5,1000000,718517.25
1323,lrange5,1000000,1074148.25
1324,lpush5,1000000,711248.94
1324,lrange5,1000000,1052732.62
1325,lpush5,1000000,717909.56
1325,lrange5,1000000,1051524.75
1326,lpush5,1000000,719447.50
1326,lrange5,1000000,1032024.81
1327,lpush5,1000000,734789.19
1327,lrange5,1000000,1010133.31
1328,lpush5,1000000,703291.12
1328,lrange5,1000000,1073030.12
1329,lpush5,1000000,711271.69
1329,lrange5,1000000,1055983.12
1330,lpush5,1000000,704732.88
1330,lrange5,1000000,1074131.00
1331,lpush5,1000000,722554.94
1331,lrange5,1000000,1034175.81
1332,lpush5,1000000,698879.12
1332,lrange5,1000000,1094109.50
1333,lpush5,1000000,714308.56
1333,lrange5,1000000,1046192.50
1334,lpush5,1000000,733769.62
1334,lrange5,1000000,1084598.75
1335,lpush5,1000000,708773.94
1335,lrange5,1000000,1047170.69
1336,lpush5,1000000,718964.75
1336,lrange5,1000000,1088226.25
1337,lpush5,1000000,696534.81
1337,lrange5,1000000,1059406.75
1338,lpush5,1000000,717909.56
1338,lrange5,1000000,1060666.00
1339,lpush5,1000000,736931.50
1339,lrange5,1000000,1001161.12
1340,lpush5,1000000,716458.44
1340,lrange5,1000000,1057167.00
1341,lpush5,1000000,685466.75
1341,lrange5,1000000,1067287.12
1342,lpush5,1000000,711328.56
1342,lrange5,1000000,1064962.75
1343,lpush5,1000000,706736.44
1343,lrange5,1000000,1027847.88
1344,lpush5,1000000,702841.88
1344,lrange5,1000000,1015260.88
1345,lpush5,1000000,709242.56
1345,lrange5,1000000,1001129.12
1346,lpush5,1000000,716366.75
1346,lrange5,1000000,1018769.88
1347,lpush5,1000000,701295.94
1347,lrange5,1000000,1033057.88
1348,lpush5,1000000,714388.56
1348,lrange5,1000000,1045032.38
1349,lpush5,1000000,691118.19
1349,lrange5,1000000,1028921.81
1350,lpush5,1000000,698867.94
1350,lrange5,1000000,1009243.19
1351,lpush5,1000000,699846.06
1351,lrange5,1000000,1061859.88
1352,lpush5,1000000,699323.12
1352,lrange5,1000000,1020424.50
1353,lpush5,1000000,706237.31
1353,lrange5,1000000,1042786.25
1354,lpush5,1000000,702740.69
1354,lrange5,1000000,1071931.38
1355,lpush5,1000000,703336.12
1355,lrange5,1000000,1084650.75
1356,lpush5,1000000,713392.31
1356,lrange5,1000000,1007194.38
1357,lpush5,1000000,688264.31
1357,lrange5,1000000,1046108.81
1358,lpush5,1000000,718918.75
1358,lrange5,1000000,1063863.88
1359,lpush5,1000000,679456.50
1359,lrange5,1000000,994258.44
1360,lpush5,1000000,692085.81
1360,lrange5,1000000,1007049.38
1361,lpush5,1000000,706248.56
1361,lrange5,1000000,1000032.00
1362,lpush5,1000000,689279.12
1362,lrange5,1000000,1012453.44
1363,lpush5,1000000,681717.81
1363,lrange5,1000000,999080.88
1364,lpush5,1000000,719424.44
1364,lrange5,1000000,1050571.38
1365,lpush5,1000000,701284.69
1365,lrange5,1000000,1053808.25
1366,lpush5,1000000,685904.00
1366,lrange5,1000000,1035196.69
1367,lpush5,1000000,721569.94
1367,lrange5,1000000,1032041.31
1368,lpush5,1000000,712387.44
1368,lrange5,1000000,1033074.38
1369,lpush5,1000000,721049.75
1369,lrange5,1000000,1026825.50
1370,lpush5,1000000,722091.00
1370,lrange5,1000000,1005137.69
1371,lpush5,1000000,726228.06
1371,lrange5,1000000,1046175.75
1372,lpush5,1000000,719505.06
1372,lrange5,1000000,1032008.25
1373,lpush5,1000000,707736.75
1373,lrange5,1000000,1041766.69
1374,lpush5,1000000,697361.25
1374,lrange5,1000000,1025805.12
1375,lpush5,1000000,705263.75
1375,lrange5,1000000,1050571.38
1376,lpush5,1000000,701307.12
1376,lrange5,1000000,1087078.25
1377,lpush5,1000000,707725.44
1377,lrange5,1000000,1073064.38
1378,lpush5,1000000,715899.81
1378,lrange5,1000000,1102553.50
1379,lpush5,1000000,724684.06
1379,lrange5,1000000,1042786.25
1380,lpush5,1000000,733161.31
1380,lrange5,1000000,1040665.94
1381,lpush5,1000000,711743.81
1381,lrange5,1000000,1035412.00
1382,lpush5,1000000,597776.44
1382,lrange5,1000000,1008290.31
1383,lpush5,1000000,690153.19
1383,lrange5,1000000,1088278.50
1384,lpush5,1000000,733710.94
1384,lrange5,1000000,1012161.94
1385,lpush5,1000000,691562.94
1385,lrange5,1000000,1089376.88
1386,lpush5,1000000,702247.19
1386,lrange5,1000000,1052732.62
1387,lpush5,1000000,725701.00
1387,lrange5,1000000,1088139.25
1388,lpush5,1000000,717417.50
1388,lrange5,1000000,1003249.75
1389,lpush5,1000000,714445.75
1389,lrange5,1000000,1063966.00
1390,lpush5,1000000,712792.56
1390,lrange5,1000000,1057082.50
1391,lpush5,1000000,717898.06
1391,lrange5,1000000,1069689.88
1392,lpush5,1000000,735435.31
1392,lrange5,1000000,1021499.50
1393,lpush5,1000000,686879.12
1393,lrange5,1000000,1033256.19
1394,lpush5,1000000,678523.75
1394,lrange5,1000000,1036368.94
1395,lpush5,1000000,679060.38
1395,lrange5,1000000,989357.06
1396,lpush5,1000000,646484.81
1396,lrange5,1000000,922612.56
1397,lpush5,1000000,711743.81
1397,lrange5,1000000,1068427.38
1398,lpush5,1000000,721650.75
1398,lrange5,1000000,1062920.38
1399,lpush5,1000000,738078.19
1399,lrange5,1000000,1103823.38
1400,lpush5,1000000,731575.75
1400,lrange5,1000000,1060445.38
1401,lpush5,1000000,725712.62
1401,lrange5,1000000,1068393.12
1402,lpush5,1000000,754292.62
1402,lrange5,1000000,1086054.25
1403,lpush5,1000000,725770.69
1403,lrange5,1000000,1122729.50
1404,lpush5,1000000,730067.12
1404,lrange5,1000000,1112347.12
1405,lpush5,1000000,714796.25
1405,lrange5,1000000,1052800.00
1406,lpush5,1000000,724217.19
1406,lrange5,1000000,1036269.44
1407,lpush5,1000000,737510.38
1407,lrange5,1000000,1063846.75
1408,lpush5,1000000,687296.19
1408,lrange5,1000000,811740.25
1409,lpush5,1000000,657915.81
1409,lrange5,1000000,990273.25
1410,lpush5,1000000,711283.06
1410,lrange5,1000000,1044025.06
1411,lpush5,1000000,692620.50
1411,lrange5,1000000,1019563.69
1412,lpush5,1000000,740358.25
1412,lrange5,1000000,1089376.88
1413,lpush5,1000000,716949.12
1413,lrange5,1000000,1071811.38
1414,lpush5,1000000,733710.94
1414,lrange5,1000000,1058539.75
1415,lpush5,1000000,724718.81
1415,lrange5,1000000,1056000.00
1416,lpush5,1000000,710743.44
1416,lrange5,1000000,1053875.62
1417,lpush5,1000000,716857.38
1417,lrange5,1000000,1044932.06
1418,lpush5,1000000,724194.06
1418,lrange5,1000000,1081081.12
1419,lpush5,1000000,735376.44
1419,lrange5,1000000,1053875.62
1420,lpush5,1000000,725712.62
1420,lrange5,1000000,1089446.62
1421,lpush5,1000000,737486.75
1421,lrange5,1000000,1089638.38
1422,lpush5,1000000,709231.25
1422,lrange5,1000000,1018411.44
1423,lpush5,1000000,734753.88
1423,lrange5,1000000,1033140.50
1424,lpush5,1000000,590695.81
1424,lrange5,1000000,907499.12
1425,lpush5,1000000,707247.50
1425,lrange5,1000000,1051625.62
1426,lpush5,1000000,685958.88
1426,lrange5,1000000,1047204.19
1427,lpush5,1000000,712250.69
1427,lrange5,1000000,979557.25
1428,lpush5,1000000,704800.56
1428,lrange5,1000000,1010278.75
1429,lpush5,1000000,703729.75
1429,lrange5,1000000,1051524.75
1430,lpush5,1000000,702740.69
1430,lrange5,1000000,1053858.75
1431,lpush5,1000000,690629.88
1431,lrange5,1000000,1066149.25
1432,lpush5,1000000,678897.44
1432,lrange5,1000000,1013219.88
1433,lpush5,1000000,706316.38
1433,lrange5,1000000,1023639.69
1434,lpush5,1000000,691173.44
1434,lrange5,1000000,1038454.81
1435,lpush5,1000000,705252.50
1435,lrange5,1000000,1035229.81
1436,lpush5,1000000,705320.19
1436,lrange5,1000000,1019384.31
1437,lpush5,1000000,701340.81
1437,lrange5,1000000,1073098.75
1438,lpush5,1000000,712398.81
1438,lrange5,1000000,1058201.12
1439,lpush5,1000000,730577.06
1439,lrange5,1000000,1079913.62
1440,lpush5,1000000,709333.38
1440,lrange5,1000000,1061622.12
1441,lpush5,1000000,694006.94
1441,lrange5,1000000,1029866.12
1442,lpush5,1000000,698435.75
1442,lrange5,1000000,1040749.19
1443,lpush5,1000000,714365.75
1443,lrange5,1000000,1033190.06
1444,lpush5,1000000,697394.69
1444,lrange5,1000000,1011267.94
1445,lpush5,1000000,675327.50
1445,lrange5,1000000,990463.38
1446,lpush5,1000000,699323.12
1446,lrange5,1000000,1025837.94
1447,lpush5,1000000,707725.44
1447,lrange5,1000000,1000224.00
1448,lpush5,1000000,720980.56
1448,lrange5,1000000,1059322.00
1449,lpush5,1000000,668109.56
1449,lrange5,1000000,1007146.06
1450,lpush5,1000000,701799.31
1450,lrange5,1000000,966338.19
1451,lpush5,1000000,687757.94
1451,lrange5,1000000,1060547.12
1452,lpush5,1000000,716914.69
1452,lrange5,1000000,1050487.38
1453,lpush5,1000000,690629.88
1453,lrange5,1000000,1018476.56
1454,lpush5,1000000,675675.69
1454,lrange5,1000000,1074217.00
1455,lpush5,1000000,693011.81
1455,lrange5,1000000,985284.75
1456,lpush5,1000000,648508.44
1456,lrange5,1000000,1048385.75
1457,lpush5,1000000,710306.81
1457,lrange5,1000000,1072995.75
1458,lpush5,1000000,686923.06
1458,lrange5,1000000,1024770.50
1459,lpush5,1000000,713323.88
1459,lrange5,1000000,991080.31
1460,lpush5,1000000,692107.94
1460,lrange5,1000000,1048268.38
1461,lpush5,1000000,686341.81
1461,lrange5,1000000,989135.50
1462,lpush5,1000000,698324.00
1462,lrange5,1000000,1037410.81
1463,lpush5,1000000,709757.25
1463,lrange5,1000000,1008112.94
1464,lpush5,1000000,702247.19
1464,lrange5,1000000,1019368.00
1465,lpush5,1000000,719010.75
1465,lrange5,1000000,1022609.44
1466,lpush5,1000000,698324.00
1466,lrange5,1000000,1042769.56
1467,lpush5,1000000,696401.12
1467,lrange5,1000000,1022576.69
1468,lpush5,1000000,662294.06
1468,lrange5,1000000,984267.69
1469,lpush5,1000000,710352.25
1469,lrange5,1000000,1037410.81
1470,lpush5,1000000,708785.25
1470,lrange5,1000000,1053774.50
1471,lpush5,1000000,712273.50
1471,lrange5,1000000,1048385.75
1472,lpush5,1000000,725186.38
1472,lrange5,1000000,1036335.75
1473,lpush5,1000000,645181.94
1473,lrange5,1000000,935618.31
1474,lpush5,1000000,679369.56
1474,lrange5,1000000,1012340.12
1475,lpush5,1000000,727400.75
1475,lrange5,1000000,1103752.75
1476,lpush5,1000000,728886.31
1476,lrange5,1000000,1068376.12
1477,lpush5,1000000,730483.56
1477,lrange5,1000000,1049485.88
1478,lpush5,1000000,699311.94
1478,lrange5,1000000,1037344.44
1479,lpush5,1000000,723612.19
1479,lrange5,1000000,1105113.88
1480,lpush5,1000000,713312.44
1480,lrange5,1000000,1103788.00
1481,lpush5,1000000,699801.25
1481,lrange5,1000000,1060615.00
1482,lpush5,1000000,731528.88
1482,lrange5,1000000,1027913.69
1483,lpush5,1000000,713266.81
1483,lrange5,1000000,1067457.88
1484,lpush5,1000000,723589.00
1484,lrange5,1000000,1072085.75
1485,lpush5,1000000,715968.50
1485,lrange5,1000000,1048352.19
1486,lpush5,1000000,715353.38
1486,lrange5,1000000,1035196.69
1487,lpush5,1000000,686901.12
1487,lrange5,1000000,1045032.38
1488,lpush5,1000000,700782.06
1488,lrange5,1000000,1018444.00
1489,lpush5,1000000,691607.19
1489,lrange5,1000000,1040599.38
1490,lpush5,1000000,713301.00
1490,lrange5,1000000,1031991.75
1491,lpush5,1000000,716926.19
1491,lrange5,1000000,1078904.00
1492,lpush5,1000000,731564.00
1492,lrange5,1000000,1068376.12
1493,lpush5,1000000,713312.44
1493,lrange5,1000000,1048234.81
1494,lpush5,1000000,703797.31
1494,lrange5,1000000,1043858.06
1495,lpush5,1000000,728932.94
1495,lrange5,1000000,1051575.25
1496,lpush5,1000000,701788.06
1496,lrange5,1000000,1047170.69
1497,lpush5,1000000,694544.44
1497,lrange5,1000000,1103823.38
1498,lpush5,1000000,704744.19
1498,lrange5,1000000,1061622.12
1499,lpush5,1000000,697847.88
1499,lrange5,1000000,1020538.75
1500,lpush5,1000000,722056.31
1500,lrange5,1000000,1101427.38
1501,lpush5,1000000,714388.56
1501,lrange5,1000000,1081133.00
1502,lpush5,1000000,721500.69
1502,lrange5,1000000,1070732.38
1503,lpush5,1000000,731029.25
1503,lrange5,1000000,1073030.12
1504,lpush5,1000000,709734.56
1504,lrange5,1000000,1041666.69
1505,lpush5,1000000,728886.31
1505,lrange5,1000000,1036286.06
1506,lpush5,1000000,725805.50
1506,lrange5,1000000,1043841.31
1507,lpush5,1000000,707736.75
1507,lrange5,1000000,1074285.75
1508,lpush5,1000000,713335.25
1508,lrange5,1000000,1081202.12
1509,lpush5,1000000,720472.62
1509,lrange5,1000000,1073167.38
1510,lpush5,1000000,716355.31
1510,lrange5,1000000,1079948.12
1511,lpush5,1000000,732111.25
1511,lrange5,1000000,1068581.25
1512,lpush5,1000000,673454.56
1512,lrange5,1000000,903371.25
1513,lpush5,1000000,708773.94
1513,lrange5,1000000,983284.19
1514,lpush5,1000000,698379.88
1514,lrange5,1000000,1019694.19
1515,lpush5,1000000,688705.25
1515,lrange5,1000000,1019482.12
1516,lpush5,1000000,694073.56
1516,lrange5,1000000,985221.69
1517,lpush5,1000000,709779.94
1517,lrange5,1000000,1057099.38
1518,lpush5,1000000,707782.00
1518,lrange5,1000000,1042786.25
1519,lpush5,1000000,702785.69
1519,lrange5,1000000,1037444.00
1520,lpush5,1000000,707281.44
1520,lrange5,1000000,1029915.56
1521,lpush5,1000000,686418.69
1521,lrange5,1000000,1029882.56
1522,lpush5,1000000,713775.88
1522,lrange5,1000000,1040665.94
1523,lpush5,1000000,685411.94
1523,lrange5,1000000,1033057.88
1524,lpush5,1000000,685925.94
1524,lrange5,1000000,1039567.56
1525,lpush5,1000000,673486.88
1525,lrange5,1000000,1013365.75
1526,lpush5,1000000,673033.69
1526,lrange5,1000000,1044965.50
1527,lpush5,1000000,685422.88
1527,lrange5,1000000,1027798.56
1528,lpush5,1000000,694511.06
1528,lrange5,1000000,1014263.69
1529,lpush5,1000000,688374.44
1529,lrange5,1000000,1074354.50
1530,lpush5,1000000,674785.44
1530,lrange5,1000000,1037510.38
1531,lpush5,1000000,682161.00
1531,lrange5,1000000,973027.25
1532,lpush5,1000000,666741.31
1532,lrange5,1000000,884984.06
1533,lpush5,1000000,634951.06
1533,lrange5,1000000,1049418.62
1534,lpush5,1000000,715330.50
1534,lrange5,1000000,1091772.88
1535,lpush5,1000000,712284.88
1535,lrange5,1000000,1035262.94
1536,lpush5,1000000,473298.66
1536,lrange5,1000000,1010181.81
1537,lpush5,1000000,676175.81
1537,lrange5,1000000,1042886.38
1538,lpush5,1000000,710238.62
1538,lrange5,1000000,1037344.44
1539,lpush5,1000000,725770.69
1539,lrange5,1000000,999176.75
1540,lpush5,1000000,721604.62
1540,lrange5,1000000,1022658.50
1541,lpush5,1000000,685477.75
1541,lrange5,1000000,983347.12
1542,lpush5,1000000,719493.56
1542,lrange5,1000000,1075268.75
1543,lpush5,1000000,727941.81
1543,lrange5,1000000,1046226.00
1544,lpush5,1000000,720980.56
1544,lrange5,1000000,1085793.75
1545,lpush5,1000000,720980.56
1545,lrange5,1000000,1112400.50
1546,lpush5,1000000,738007.38
1546,lrange5,1000000,1121237.62
1547,lpush5,1000000,747384.12
1547,lrange5,1000000,1027864.38
1548,lpush5,1000000,630935.00
1548,lrange5,1000000,881141.88
1549,lpush5,1000000,678042.00
1549,lrange5,1000000,1012145.75
1550,lpush5,1000000,686813.19
1550,lrange5,1000000,1019449.56
1551,lpush5,1000000,715399.12
1551,lrange5,1000000,998147.75
1552,lpush5,1000000,693492.38
1552,lrange5,1000000,1043858.06
1553,lpush5,1000000,701329.56
1553,lrange5,1000000,990114.88
1554,lpush5,1000000,693984.75
1554,lrange5,1000000,1017326.56
1555,lpush5,1000000,702359.56
1555,lrange5,1000000,1052699.00
1556,lpush5,1000000,689235.00
1556,lrange5,1000000,927732.88
1557,lpush5,1000000,673012.12
1557,lrange5,1000000,983410.06
1558,lpush5,1000000,699379.06
1558,lrange5,1000000,1074251.38
1559,lpush5,1000000,699790.06
1559,lrange5,1000000,1022740.31
1560,lpush5,1000000,711271.69
1560,lrange5,1000000,1051558.38
1561,lpush5,1000000,684931.50
1561,lrange5,1000000,1055983.12
1562,lpush5,1000000,704744.19
1562,lrange5,1000000,1053791.38
1563,lpush5,1000000,716355.31
1563,lrange5,1000000,1083510.38
1564,lpush5,1000000,717978.44
1564,lrange5,1000000,1047170.69
1565,lpush5,1000000,706214.69
1565,lrange5,1000000,1044948.75
1566,lpush5,1000000,699412.62
1566,lrange5,1000000,1045350.06
1567,lpush5,1000000,687790.94
1567,lrange5,1000000,1011365.00
1568,lpush5,1000000,704721.62
1568,lrange5,1000000,980439.25
1569,lpush5,1000000,699890.81
1569,lrange5,1000000,1077620.75
1570,lpush5,1000000,692141.12
1570,lrange5,1000000,1053858.75
1571,lpush5,1000000,699323.12
1571,lrange5,1000000,1033157.00
1572,lpush5,1000000,699846.06
1572,lrange5,1000000,1034275.06
1573,lpush5,1000000,709276.62
1573,lrange5,1000000,1074217.00
1574,lpush5,1000000,698834.38
1574,lrange5,1000000,1035196.69
1575,lpush5,1000000,648088.12
1575,lrange5,1000000,925099.00
1576,lpush5,1000000,690607.75
1576,lrange5,1000000,1014361.06
1577,lpush5,1000000,691107.12
1577,lrange5,1000000,980721.56
1578,lpush5,1000000,708226.69
1578,lrange5,1000000,1052648.38
1579,lpush5,1000000,707315.38
1579,lrange5,1000000,920301.75
1580,lpush5,1000000,679467.38
1580,lrange5,1000000,1097923.12
1581,lpush5,1000000,736943.25
1581,lrange5,1000000,1067304.25
1582,lpush5,1000000,708785.25
1582,lrange5,1000000,1052665.25
1583,lpush5,1000000,721095.94
1583,lrange5,1000000,1049502.62
1584,lpush5,1000000,738066.44
1584,lrange5,1000000,1083493.00
1585,lpush5,1000000,673066.00
1585,lrange5,1000000,1036302.62
1586,lpush5,1000000,713878.62
1586,lrange5,1000000,991270.62
1587,lpush5,1000000,633332.50
1587,lrange5,1000000,909947.25
1588,lpush5,1000000,709219.88
1588,lrange5,1000000,1051608.88
1589,lpush5,1000000,717875.06
1589,lrange5,1000000,1073167.38
1590,lpush5,1000000,732635.88
1590,lrange5,1000000,1059372.88
1591,lpush5,1000000,684049.25
1591,lrange5,1000000,1085897.88
1592,lpush5,1000000,719482.00
1592,lrange5,1000000,1047405.25
1593,lpush5,1000000,683125.69
1593,lrange5,1000000,991175.50
1594,lpush5,1000000,703268.62
1594,lrange5,1000000,987293.19
1595,lpush5,1000000,688264.31
1595,lrange5,1000000,1068444.50
1596,lpush5,1000000,710732.06
1596,lrange5,1000000,1036352.38
1597,lpush5,1000000,689721.38
1597,lrange5,1000000,1001065.06
1598,lpush5,1000000,686418.69
1598,lrange5,1000000,1001273.25
1599,lpush5,1000000,694455.50
1599,lrange5,1000000,1004016.06
1600,lpush5,1000000,691118.19
1600,lrange5,1000000,1092966.12
1601,lpush5,1000000,689279.12
1601,lrange5,1000000,1013219.88
1602,lpush5,1000000,696886.44
1602,lrange5,1000000,995024.88
1603,lpush5,1000000,693022.88
1603,lrange5,1000000,981401.31
1604,lpush5,1000000,704304.25
1604,lrange5,1000000,1009097.88
1605,lpush5,1000000,689677.19
1605,lrange5,1000000,933766.56
1606,lpush5,1000000,692063.62
1606,lrange5,1000000,1069518.75
1607,lpush5,1000000,714342.88
1607,lrange5,1000000,1032041.31
1608,lpush5,1000000,727895.25
1608,lrange5,1000000,1078783.25
1609,lpush5,1000000,719965.44
1609,lrange5,1000000,1028855.94
1610,lpush5,1000000,624639.62
1610,lrange5,1000000,1017294.00
1611,lpush5,1000000,695961.00
1611,lrange5,1000000,982365.44
1612,lpush5,1000000,708785.25
1612,lrange5,1000000,1029866.12
1613,lpush5,1000000,697870.19
1613,lrange5,1000000,1067287.12
1614,lpush5,1000000,697903.69
1614,lrange5,1000000,1040582.69
1615,lpush5,1000000,693078.31
1615,lrange5,1000000,1074131.00
1616,lpush5,1000000,702740.69
1616,lrange5,1000000,1018346.25
1617,lpush5,1000000,696378.81
1617,lrange5,1000000,1026776.19
1618,lpush5,1000000,689688.25
1618,lrange5,1000000,1008112.94
1619,lpush5,1000000,694938.12
1619,lrange5,1000000,1008354.88
1620,lpush5,1000000,684975.31
1620,lrange5,1000000,1030960.81
1621,lpush5,1000000,711237.56
1621,lrange5,1000000,970889.38
1622,lpush5,1000000,705727.56
1622,lrange5,1000000,1042853.00
1623,lpush5,1000000,718930.25
1623,lrange5,1000000,1043958.25
1624,lpush5,1000000,691562.94
1624,lrange5,1000000,1008209.69
1625,lpush5,1000000,694938.12
1625,lrange5,1000000,1025755.88
1626,lpush5,1000000,695488.19
1626,lrange5,1000000,1021450.50
1627,lpush5,1000000,707725.44
1627,lrange5,1000000,1009162.44
1628,lpush5,1000000,684561.25
1628,lrange5,1000000,1011122.31
1629,lpush5,1000000,701810.56
1629,lrange5,1000000,1013252.31
1630,lpush5,1000000,691618.25
1630,lrange5,1000000,1059355.88
1631,lpush5,1000000,715865.44
1631,lrange5,1000000,1021761.00
1632,lpush5,1000000,677102.25
1632,lrange5,1000000,1006068.38
1633,lpush5,1000000,701776.88
1633,lrange5,1000000,1035378.88
1634,lpush5,1000000,708215.31
1634,lrange5,1000000,1122334.50
1635,lpush5,1000000,705772.75
1635,lrange5,1000000,1078748.62
1636,lpush5,1000000,705772.75
1636,lrange5,1000000,1017294.00
1637,lpush5,1000000,688716.25
1637,lrange5,1000000,1068376.12
1638,lpush5,1000000,691085.00
1638,lrange5,1000000,1024868.81
1639,lpush5,1000000,696875.31
1639,lrange5,1000000,1047254.44
1640,lpush5,1000000,700280.12
1640,lrange5,1000000,1032057.81
1641,lpush5,1000000,710845.81
1641,lrange5,1000000,988347.88
1642,lpush5,1000000,702303.38
1642,lrange5,1000000,1025788.69
1643,lpush5,1000000,705275.06
1643,lrange5,1000000,1042819.62
1644,lpush5,1000000,701262.25
1644,lrange5,1000000,987245.81
1645,lpush5,1000000,691239.81
1645,lrange5,1000000,1053926.25
1646,lpush5,1000000,703752.31
1646,lrange5,1000000,1010101.00
1647,lpush5,1000000,698867.94
1647,lrange5,1000000,1013203.69
1648,lpush5,1000000,734320.12
1648,lrange5,1000000,993080.44
1649,lpush5,1000000,675772.94
1649,lrange5,1000000,1050437.00
1650,lpush5,1000000,700358.56
1650,lrange5,1000000,1042869.69
1651,lpush5,1000000,674416.69
1651,lrange5,1000000,1047187.44
1652,lpush5,1000000,729464.62
1652,lrange5,1000000,1001017.00
1653,lpush5,1000000,714864.88
1653,lrange5,1000000,1039684.00
1654,lpush5,1000000,677080.56
1654,lrange5,1000000,783699.06
1655,lpush5,1000000,663151.19
1655,lrange5,1000000,1074234.12
1656,lpush5,1000000,725689.38
1656,lrange5,1000000,984377.94
1657,lpush5,1000000,690153.19
1657,lrange5,1000000,1060632.00
1658,lpush5,1000000,717909.56
1658,lrange5,1000000,1077603.50
1659,lpush5,1000000,701318.38
1659,lrange5,1000000,1086956.50
1660,lpush5,1000000,691140.25
1660,lrange5,1000000,1025673.81
1661,lpush5,1000000,722033.19
1661,lrange5,1000000,1030113.25
1662,lpush5,1000000,691118.19
1662,lrange5,1000000,978536.25
1663,lpush5,1000000,684136.81
1663,lrange5,1000000,975672.19
1664,lpush5,1000000,696875.31
1664,lrange5,1000000,1013171.25
1665,lpush5,1000000,705761.44
1665,lrange5,1000000,1033107.44
1666,lpush5,1000000,708294.62
1666,lrange5,1000000,991127.88
1667,lpush5,1000000,725793.88
1667,lrange5,1000000,1062903.25
1668,lpush5,1000000,699868.44
1668,lrange5,1000000,1007065.50
1669,lpush5,1000000,702269.62
1669,lrange5,1000000,1005041.19
1670,lpush5,1000000,713415.12
1670,lrange5,1000000,1057150.12
1671,lpush5,1000000,694993.75
1671,lrange5,1000000,1005089.44
1672,lpush5,1000000,695894.19
1672,lrange5,1000000,1043841.31
1673,lpush5,1000000,686385.69
1673,lrange5,1000000,1023672.44
1674,lpush5,1000000,678469.50
1674,lrange5,1000000,1057234.75
1675,lpush5,1000000,714308.56
1675,lrange5,1000000,1071897.12
1676,lpush5,1000000,722067.88
1676,lrange5,1000000,1007097.69
1677,lpush5,1000000,734753.88
1677,lrange5,1000000,1030977.31
1678,lpush5,1000000,691118.19
1678,lrange5,1000000,1031076.25
1679,lpush5,1000000,696423.38
1679,lrange5,1000000,1074113.88
1680,lpush5,1000000,714807.69
1680,lrange5,1000000,1068529.88
1681,lpush5,1000000,721026.69
1681,lrange5,1000000,1094302.00
1682,lpush5,1000000,727825.38
1682,lrange5,1000000,1049334.75
1683,lpush5,1000000,704789.25
1683,lrange5,1000000,1034424.00
1684,lpush5,1000000,704281.69
1684,lrange5,1000000,1078765.88
1685,lpush5,1000000,731552.31
1685,lrange5,1000000,1028839.50
1686,lpush5,1000000,684136.81
1686,lrange5,1000000,994210.69
1687,lpush5,1000000,701295.94
1687,lrange5,1000000,1009162.44
1688,lpush5,1000000,722543.38
1688,lrange5,1000000,992253.94
1689,lpush5,1000000,708283.31
1689,lrange5,1000000,1054852.25
1690,lpush5,1000000,720484.12
1690,lrange5,1000000,1052648.38
1691,lpush5,1000000,734226.12
1691,lrange5,1000000,1025805.12
1692,lpush5,1000000,694949.25
1692,lrange5,1000000,1050504.12
1693,lpush5,1000000,694029.12
1693,lrange5,1000000,1005121.62
1694,lpush5,1000000,694006.94
1694,lrange5,1000000,1002132.25
1695,lpush5,1000000,677550.19
1695,lrange5,1000000,990130.69
1696,lpush5,1000000,689677.19
1696,lrange5,1000000,1013284.69
1697,lpush5,1000000,699423.81
1697,lrange5,1000000,1012145.75
1698,lpush5,1000000,696908.75
1698,lrange5,1000000,1036286.06
1699,lpush5,1000000,724776.81
1699,lrange5,1000000,1061673.12
1700,lpush5,1000000,644776.25
1700,lrange5,1000000,1005153.75
1701,lpush5,1000000,656178.44
1701,lrange5,1000000,1021564.88
1702,lpush5,1000000,695916.50
1702,lrange5,1000000,1038504.69
1703,lpush5,1000000,705263.75
1703,lrange5,1000000,1061588.12
1704,lpush5,1000000,728343.75
1704,lrange5,1000000,1048385.75
1705,lpush5,1000000,718012.94
1705,lrange5,1000000,1045132.69
1706,lpush5,1000000,722589.62
1706,lrange5,1000000,1006148.88
1707,lpush5,1000000,744601.62
1707,lrange5,1000000,1070732.38
1708,lpush5,1000000,737581.12
1708,lrange5,1000000,1099147.25
1709,lpush5,1000000,749159.50
1709,lrange5,1000000,1067560.38
1710,lpush5,1000000,730994.12
1710,lrange5,1000000,1110073.25
1711,lpush5,1000000,722067.88
1711,lrange5,1000000,1094197.00
1712,lpush5,1000000,698834.38
1712,lrange5,1000000,1097782.62
1713,lpush5,1000000,706282.50
1713,lrange5,1000000,1095377.88
1714,lpush5,1000000,719424.44
1714,lrange5,1000000,1081133.00
1715,lpush5,1000000,731528.88
1715,lrange5,1000000,1137929.50
1716,lpush5,1000000,710295.44
1716,lrange5,1000000,1067526.12
1717,lpush5,1000000,741934.69
1717,lrange5,1000000,1073133.12
1718,lpush5,1000000,739145.56
1718,lrange5,1000000,1068444.50
1719,lpush5,1000000,727883.56
1719,lrange5,1000000,1060547.12
1720,lpush5,1000000,726802.31
1720,lrange5,1000000,1053757.62
1721,lpush5,1000000,715819.62
1721,lrange5,1000000,1105007.75
1722,lpush5,1000000,706747.75
1722,lrange5,1000000,1047170.69
1723,lpush5,1000000,729394.56
1723,lrange5,1000000,1045316.62
1724,lpush5,1000000,710340.94
1724,lrange5,1000000,1008371.00
1725,lpush5,1000000,714807.69
1725,lrange5,1000000,1085828.50
1726,lpush5,1000000,700358.56
1726,lrange5,1000000,1112382.62
1727,lpush5,1000000,729417.94
1727,lrange5,1000000,1018427.69
1728,lpush5,1000000,731564.00
1728,lrange5,1000000,1087130.38
1729,lpush5,1000000,700804.44
1729,lrange5,1000000,1040699.25
1730,lpush5,1000000,722566.50
1730,lrange5,1000000,1050470.62
1731,lpush5,1000000,727895.25
1731,lrange5,1000000,1063966.00
1732,lpush5,1000000,721581.50
1732,lrange5,1000000,1050453.75
1733,lpush5,1000000,703763.56
1733,lrange5,1000000,1079948.12
1734,lpush5,1000000,723589.00
1734,lrange5,1000000,1114934.25
1735,lpush5,1000000,710318.19
1735,lrange5,1000000,1069775.38
1736,lpush5,1000000,735317.62
1736,lrange5,1000000,1078835.00
1737,lpush5,1000000,742402.38
1737,lrange5,1000000,1062767.25
1738,lpush5,1000000,740287.25
1738,lrange5,1000000,1060513.25
1739,lpush5,1000000,733137.88
1739,lrange5,1000000,1085811.12
1740,lpush5,1000000,731134.50
1740,lrange5,1000000,1094267.00
1741,lpush5,1000000,735411.75
1741,lrange5,1000000,1081236.75
1742,lpush5,1000000,711789.31
1742,lrange5,1000000,1061842.88
1743,lpush5,1000000,720518.75
1743,lrange5,1000000,1067338.38
1744,lpush5,1000000,731087.69
1744,lrange5,1000000,1075389.25
1745,lpush5,1000000,704293.00
1745,lrange5,1000000,1060632.00
1746,lpush5,1000000,692565.12
1746,lrange5,1000000,1036485.00
1747,lpush5,1000000,737557.56
1747,lrange5,1000000,1059576.25
1748,lpush5,1000000,732635.88
1748,lrange5,1000000,1055966.12
1749,lpush5,1000000,716891.75
1749,lrange5,1000000,1024590.12
1750,lpush5,1000000,749123.56
1750,lrange5,1000000,1101427.38
1751,lpush5,1000000,723135.19
1751,lrange5,1000000,1081081.12
1752,lpush5,1000000,734812.69
1752,lrange5,1000000,1041750.00
1753,lpush5,1000000,718390.81
1753,lrange5,1000000,1077620.75
1754,lpush5,1000000,719965.44
1754,lrange5,1000000,1058353.50
1755,lpush5,1000000,725701.00
1755,lrange5,1000000,1091772.88
1756,lpush5,1000000,705761.44
1756,lrange5,1000000,1058336.50
1757,lpush5,1000000,713289.62
1757,lrange5,1000000,1035196.69
1758,lpush5,1000000,677987.81
1758,lrange5,1000000,963514.44
1759,lpush5,1000000,686385.69
1759,lrange5,1000000,1024754.06
1760,lpush5,1000000,700782.06
1760,lrange5,1000000,1026776.19
1761,lpush5,1000000,701788.06
1761,lrange5,1000000,1033223.12
1762,lpush5,1000000,670819.56
1762,lrange5,1000000,1029932.00
1763,lpush5,1000000,648549.94
1763,lrange5,1000000,1050487.38
1764,lpush5,1000000,693995.81
1764,lrange5,1000000,1025723.06
1765,lpush5,1000000,711812.12
1765,lrange5,1000000,1083701.00
1766,lpush5,1000000,670690.81
1766,lrange5,1000000,970904.88
1767,lpush5,1000000,679369.56
1767,lrange5,1000000,996079.75
1768,lpush5,1000000,678588.88
1768,lrange5,1000000,1004032.12
1769,lpush5,1000000,671634.69
1769,lrange5,1000000,965297.31
1770,lpush5,1000000,694927.00
1770,lrange5,1000000,1010246.44
1771,lpush5,1000000,714308.56
1771,lrange5,1000000,979541.62
1772,lpush5,1000000,716972.06
1772,lrange5,1000000,1046226.00
1773,lpush5,1000000,676132.56
1773,lrange5,1000000,998163.69
1774,lpush5,1000000,690230.50
1774,lrange5,1000000,1094319.50
1775,lpush5,1000000,734261.38
1775,lrange5,1000000,1064000.00
1776,lpush5,1000000,718964.75
1776,lrange5,1000000,1069809.62
1777,lpush5,1000000,720461.06
1777,lrange5,1000000,1049502.62
1778,lpush5,1000000,725747.44
1778,lrange5,1000000,1038454.81
1779,lpush5,1000000,700403.38
1779,lrange5,1000000,1008306.44
1780,lpush5,1000000,686868.12
1780,lrange5,1000000,1047187.44
1781,lpush5,1000000,732671.06
1781,lrange5,1000000,1028954.75
1782,lpush5,1000000,714819.12
1782,lrange5,1000000,1070680.88
1783,lpush5,1000000,719424.44
1783,lrange5,1000000,1066234.50
1784,lpush5,1000000,715831.06
1784,lrange5,1000000,1114845.00
1785,lpush5,1000000,734789.19
1785,lrange5,1000000,1100162.88
1786,lpush5,1000000,689666.19
1786,lrange5,1000000,1074457.62
1787,lpush5,1000000,707748.06
1787,lrange5,1000000,1012210.56
1788,lpush5,1000000,643925.31
1788,lrange5,1000000,1038521.31
1789,lpush5,1000000,710227.25
1789,lrange5,1000000,1082424.25
1790,lpush5,1000000,724182.44
1790,lrange5,1000000,1059457.62
1791,lpush5,1000000,731029.25
1791,lrange5,1000000,1058201.12
1792,lpush5,1000000,721569.94
1792,lrange5,1000000,1041683.38
1793,lpush5,1000000,701810.56
1793,lrange5,1000000,1034126.12
1794,lpush5,1000000,692041.50
1794,lrange5,1000000,1040616.00
1795,lpush5,1000000,705817.88
1795,lrange5,1000000,1053842.00
1796,lpush5,1000000,715330.50
1796,lrange5,1000000,1064996.75
1797,lpush5,1000000,697981.88
1797,lrange5,1000000,1082268.38
1798,lpush5,1000000,712250.69
1798,lrange5,1000000,1020522.44
1799,lpush5,1000000,700860.50
1799,lrange5,1000000,1003217.69
1800,lpush5,1000000,707258.81
1800,lrange5,1000000,991143.75
1801,lpush5,1000000,690707.19
1801,lrange5,1000000,1050588.25
1802,lpush5,1000000,723100.50
1802,lrange5,1000000,1045149.44
1803,lpush5,1000000,708785.25
1803,lrange5,1000000,1071931.38
1804,lpush5,1000000,726790.69
1804,lrange5,1000000,1062733.25
1805,lpush5,1000000,715854.00
1805,lrange5,1000000,1050437.00
1806,lpush5,1000000,703729.75
1806,lrange5,1000000,1078921.25
1807,lpush5,1000000,718448.31
1807,lrange5,1000000,1028823.06
1808,lpush5,1000000,732064.38
1808,lrange5,1000000,1096491.25
1809,lpush5,1000000,724228.81
1809,lrange5,1000000,1060615.00
1810,lpush5,1000000,708215.31
1810,lrange5,1000000,1066268.62
1811,lpush5,1000000,696390.00
1811,lrange5,1000000,1082285.62
1812,lpush5,1000000,716366.75
1812,lrange5,1000000,1036418.69
1813,lpush5,1000000,712861.00
1813,lrange5,1000000,1057251.62
1814,lpush5,1000000,699345.50
1814,lrange5,1000000,1071845.62
1815,lpush5,1000000,717932.50
1815,lrange5,1000000,1087165.25
1816,lpush5,1000000,718976.25
1816,lrange5,1000000,1013463.00
1817,lpush5,1000000,718941.75
1817,lrange5,1000000,1053791.38
1818,lpush5,1000000,706214.69
1818,lrange5,1000000,1056033.75
1819,lpush5,1000000,710732.06
1819,lrange5,1000000,1066183.38
1820,lpush5,1000000,705772.75
1820,lrange5,1000000,1058218.00
1821,lpush5,1000000,712792.56
1821,lrange5,1000000,1065047.88
1822,lpush5,1000000,696908.75
1822,lrange5,1000000,1091755.50
1823,lpush5,1000000,730471.88
1823,lrange5,1000000,1051524.75
1824,lpush5,1000000,701318.38
1824,lrange5,1000000,1035213.25
1825,lpush5,1000000,728944.62
1825,lrange5,1000000,1053791.38
1826,lpush5,1000000,722114.06
1826,lrange5,1000000,1049519.38
1827,lpush5,1000000,686846.19
1827,lrange5,1000000,1013252.31
1828,lpush5,1000000,708215.31
1828,lrange5,1000000,1002004.00
1829,lpush5,1000000,697847.88
1829,lrange5,1000000,1053774.50
1830,lpush5,1000000,717921.00
1830,lrange5,1000000,1071914.25
1831,lpush5,1000000,733769.62
1831,lrange5,1000000,1096666.62
1832,lpush5,1000000,730495.25
1832,lrange5,1000000,1092896.12
1833,lpush5,1000000,723112.06
1833,lrange5,1000000,1057437.62
1834,lpush5,1000000,704259.19
1834,lrange5,1000000,1081461.62
1835,lpush5,1000000,720507.19
1835,lrange5,1000000,1038637.56
1836,lpush5,1000000,702751.94
1836,lrange5,1000000,949009.50
1837,lpush5,1000000,677091.38
1837,lrange5,1000000,1053791.38
1838,lpush5,1000000,724112.94
1838,lrange5,1000000,1009210.88
1839,lpush5,1000000,644817.56
1839,lrange5,1000000,842567.81
1840,lpush5,1000000,676622.44
1840,lrange5,1000000,1009146.31
1841,lpush5,1000000,681198.88
1841,lrange5,1000000,988237.19
1842,lpush5,1000000,688826.44
1842,lrange5,1000000,1049385.12
1843,lpush5,1000000,635819.50
1843,lrange5,1000000,1042903.06
1844,lpush5,1000000,680778.75
1844,lrange5,1000000,965328.19
1845,lpush5,1000000,648539.56
1845,lrange5,1000000,1015228.44
1846,lpush5,1000000,711766.56
1846,lrange5,1000000,969023.31
1847,lpush5,1000000,686341.81
1847,lrange5,1000000,1001049.06
1848,lpush5,1000000,591073.25
1848,lrange5,1000000,997008.94
1849,lpush5,1000000,632121.38
1849,lrange5,1000000,995056.75
1850,lpush5,1000000,671623.94
1850,lrange5,1000000,1046343.12
1851,lpush5,1000000,659651.69
1851,lrange5,1000000,933811.44
1852,lpush5,1000000,655339.44
1852,lrange5,1000000,1015325.88
1853,lpush5,1000000,691085.00
1853,lrange5,1000000,947943.19
1854,lpush5,1000000,575705.25
1854,lrange5,1000000,989277.88
1855,lpush5,1000000,651538.75
1855,lrange5,1000000,1051777.12
1856,lpush5,1000000,702740.69
1856,lrange5,1000000,1009194.75
1857,lpush5,1000000,690263.62
1857,lrange5,1000000,982365.44
1858,lpush5,1000000,710227.25
1858,lrange5,1000000,1059406.75
1859,lpush5,1000000,715330.50
1859,lrange5,1000000,1035246.38
1860,lpush5,1000000,673055.19
1860,lrange5,1000000,1014312.38
1861,lpush5,1000000,672494.94
1861,lrange5,1000000,979447.56
1862,lpush5,1000000,702774.44
1862,lrange5,1000000,1034142.69
1863,lpush5,1000000,678426.06
1863,lrange5,1000000,983504.44
1864,lpush5,1000000,709757.25
1864,lrange5,1000000,1070663.75
1865,lpush5,1000000,723809.00
1865,lrange5,1000000,1016536.56
1866,lpush5,1000000,702830.62
1866,lrange5,1000000,1034440.50
1867,lpush5,1000000,672053.75
1867,lrange5,1000000,1057116.25
1868,lpush5,1000000,690607.75
1868,lrange5,1000000,1068410.25
1869,lpush5,1000000,709253.94
1869,lrange5,1000000,1052682.12
1870,lpush5,1000000,670701.50
1870,lrange5,1000000,1002052.06
1871,lpush5,1000000,697937.19
1871,lrange5,1000000,976593.69
1872,lpush5,1000000,675273.50
1872,lrange5,1000000,1030993.81
1873,lpush5,1000000,693034.00
1873,lrange5,1000000,1012145.75
1874,lpush5,1000000,721569.94
1874,lrange5,1000000,1054852.25
1875,lpush5,1000000,699356.69
1875,lrange5,1000000,1031010.25
1876,lpush5,1000000,699913.19
1876,lrange5,1000000,1042786.25
1877,lpush5,1000000,698324.00
1877,lrange5,1000000,1044008.38
1878,lpush5,1000000,714899.19
1878,lrange5,1000000,1039567.56
1879,lpush5,1000000,727365.81
1879,lrange5,1000000,1085811.12
1880,lpush5,1000000,692052.56
1880,lrange5,1000000,989246.25
1881,lpush5,1000000,698867.94
1881,lrange5,1000000,1042786.25
1882,lpush5,1000000,721616.12
1882,lrange5,1000000,998099.81
1883,lpush5,1000000,697847.88
1883,lrange5,1000000,1009130.19
1884,lpush5,1000000,690153.19
1884,lrange5,1000000,1019384.31
1885,lpush5,1000000,687823.94
1885,lrange5,1000000,1036319.19
1886,lpush5,1000000,694006.94
1886,lrange5,1000000,1060445.38
1887,lpush5,1000000,685030.12
1887,lrange5,1000000,1056202.75
1888,lpush5,1000000,689666.19
1888,lrange5,1000000,1057268.50
1889,lpush5,1000000,685488.69
1889,lrange5,1000000,1074113.88
1890,lpush5,1000000,689179.88
1890,lrange5,1000000,1055966.12
1891,lpush5,1000000,673001.38
1891,lrange5,1000000,1051676.12
1892,lpush5,1000000,703932.44
1892,lrange5,1000000,1012242.94
1893,lpush5,1000000,708260.62
1893,lrange5,1000000,1038488.06
1894,lpush5,1000000,722635.88
1894,lrange5,1000000,1029882.56
1895,lpush5,1000000,704304.25
1895,lrange5,1000000,1063056.38
1896,lpush5,1000000,704732.88
1896,lrange5,1000000,965498.06
1897,lpush5,1000000,710732.06
1897,lrange5,1000000,1062733.25
1898,lpush5,1000000,694555.50
1898,lrange5,1000000,1066234.50
1899,lpush5,1000000,699801.25
1899,lrange5,1000000,1046108.81
1900,lpush5,1000000,711857.69
1900,lrange5,1000000,1039550.94
1901,lpush5,1000000,713810.12
1901,lrange5,1000000,844621.62
1902,lpush5,1000000,655748.19
1902,lrange5,1000000,963391.12
1903,lpush5,1000000,712861.00
1903,lrange5,1000000,1038421.62
1904,lpush5,1000000,686352.75
1904,lrange5,1000000,1036385.50
1905,lpush5,1000000,717371.56
1905,lrange5,1000000,1007162.19
1906,lpush5,1000000,715456.38
1906,lrange5,1000000,1117407.88
1907,lpush5,1000000,702774.44
1907,lrange5,1000000,1043841.31
1908,lpush5,1000000,722578.06
1908,lrange5,1000000,1010181.81
1909,lpush5,1000000,695410.31
1909,lrange5,1000000,1025788.69
1910,lpush5,1000000,712895.25
1910,lrange5,1000000,1051541.62
1911,lpush5,1000000,710811.69
1911,lrange5,1000000,1062699.25
1912,lpush5,1000000,698469.25
1912,lrange5,1000000,1062818.25
1913,lpush5,1000000,691673.56
1913,lrange5,1000000,1052648.38
1914,lpush5,1000000,700793.25
1914,lrange5,1000000,1093001.12
1915,lpush5,1000000,710329.56
1915,lrange5,1000000,961553.88
1916,lpush5,1000000,688738.31
1916,lrange5,1000000,1036269.44
1917,lpush5,1000000,704744.19
1917,lrange5,1000000,1082303.00
1918,lpush5,1000000,703268.62
1918,lrange5,1000000,1046058.62
1919,lpush5,1000000,708362.62
1919,lrange5,1000000,1011332.62
1920,lpush5,1000000,711237.56
1920,lrange5,1000000,1049317.88
1921,lpush5,1000000,699846.06
1921,lrange5,1000000,1053960.00
1922,lpush5,1000000,706725.12
1922,lrange5,1000000,1050571.38
1923,lpush5,1000000,690629.88
1923,lrange5,1000000,1040665.94
1924,lpush5,1000000,684561.25
1924,lrange5,1000000,1064962.75
1925,lpush5,1000000,689224.00
1925,lrange5,1000000,1010408.06
1926,lpush5,1000000,704732.88
1926,lrange5,1000000,1052682.12
1927,lpush5,1000000,707827.31
1927,lrange5,1000000,1053858.75
1928,lpush5,1000000,695521.56
1928,lrange5,1000000,1040749.19
1929,lpush5,1000000,702337.06
1929,lrange5,1000000,1045132.69
1930,lpush5,1000000,701295.94
1930,lrange5,1000000,1039501.00
1931,lpush5,1000000,707258.81
1931,lrange5,1000000,1027815.00
1932,lpush5,1000000,691607.19
1932,lrange5,1000000,1047271.25
1933,lpush5,1000000,693111.56
1933,lrange5,1000000,1024622.94
1934,lpush5,1000000,702348.31
1934,lrange5,1000000,1025755.88
1935,lpush5,1000000,698823.19
1935,lrange5,1000000,1049418.62
1936,lpush5,1000000,735329.38
1936,lrange5,1000000,1058488.88
1937,lpush5,1000000,705716.25
1937,lrange5,1000000,1081081.12
1938,lpush5,1000000,725701.00
1938,lrange5,1000000,1066336.88
1939,lpush5,1000000,706781.62
1939,lrange5,1000000,1049368.25
1940,lpush5,1000000,704744.19
1940,lrange5,1000000,1032090.81
1941,lpush5,1000000,710238.62
1941,lrange5,1000000,1035246.38
1942,lpush5,1000000,711755.19
1942,lrange5,1000000,1028839.50
1943,lpush5,1000000,724672.44
1943,lrange5,1000000,1029866.12
1944,lpush5,1000000,715876.88
1944,lrange5,1000000,1052648.38
1945,lpush5,1000000,723589.00
1945,lrange5,1000000,1048218.06
1946,lpush5,1000000,719436.00
1946,lrange5,1000000,1053825.12
1947,lpush5,1000000,711743.81
1947,lrange5,1000000,1087060.88
1948,lpush5,1000000,715934.19
1948,lrange5,1000000,1068581.25
1949,lpush5,1000000,734800.94
1949,lrange5,1000000,1037344.44
1950,lpush5,1000000,696897.56
1950,lrange5,1000000,1070800.88
1951,lpush5,1000000,706248.56
1951,lrange5,1000000,1017294.00
1952,lpush5,1000000,705727.56
1952,lrange5,1000000,1054987.38
1953,lpush5,1000000,710743.44
1953,lrange5,1000000,1034175.81
1954,lpush5,1000000,717428.94
1954,lrange5,1000000,977548.38
1955,lpush5,1000000,670776.62
1955,lrange5,1000000,1055966.12
1956,lpush5,1000000,705772.75
1956,lrange5,1000000,1061893.88
1957,lpush5,1000000,724637.69
1957,lrange5,1000000,1070663.75
1958,lpush5,1000000,702763.19
1958,lrange5,1000000,1051676.12
1959,lpush5,1000000,720507.19
1959,lrange5,1000000,1033057.88
1960,lpush5,1000000,726813.94
1960,lrange5,1000000,1081098.38
1961,lpush5,1000000,718413.81
1961,lrange5,1000000,1042769.56
1962,lpush5,1000000,719493.56
1962,lrange5,1000000,1012421.06
1963,lpush5,1000000,701788.06
1963,lrange5,1000000,1027765.69
1964,lpush5,1000000,731017.50
1964,lrange5,1000000,1035229.81
1965,lpush5,1000000,715387.69
1965,lrange5,1000000,1053740.75
1966,lpush5,1000000,646422.75
1966,lrange5,1000000,991096.19
1967,lpush5,1000000,704315.50
1967,lrange5,1000000,967210.81
1968,lpush5,1000000,683527.00
1968,lrange5,1000000,1015358.38
1969,lpush5,1000000,699879.62
1969,lrange5,1000000,1063880.88
1970,lpush5,1000000,711857.69
1970,lrange5,1000000,1073115.88
1971,lpush5,1000000,721569.94
1971,lrange5,1000000,1059508.50
1972,lpush5,1000000,719010.75
1972,lrange5,1000000,1078817.75
1973,lpush5,1000000,706747.75
1973,lrange5,1000000,1022527.62
1974,lpush5,1000000,695454.81
1974,lrange5,1000000,1080138.25
1975,lpush5,1000000,715307.56
1975,lrange5,1000000,1027798.56
1976,lpush5,1000000,677539.31
1976,lrange5,1000000,975765.88
1977,lpush5,1000000,665789.62
1977,lrange5,1000000,1029866.12
1978,lpush5,1000000,673951.50
1978,lrange5,1000000,1038421.62
1979,lpush5,1000000,688727.25
1979,lrange5,1000000,1007049.38
1980,lpush5,1000000,666222.50
1980,lrange5,1000000,987214.19
1981,lpush5,1000000,673433.00
1981,lrange5,1000000,1002004.00
1982,lpush5,1000000,671591.69
1982,lrange5,1000000,1053875.62
1983,lpush5,1000000,685969.88
1983,lrange5,1000000,1032140.38
1984,lpush5,1000000,716891.75
1984,lrange5,1000000,1014393.50
1985,lpush5,1000000,678545.44
1985,lrange5,1000000,945255.25
1986,lpush5,1000000,672602.56
1986,lrange5,1000000,1058438.12
1987,lpush5,1000000,686429.62
1987,lrange5,1000000,943547.25
1988,lpush5,1000000,655318.50
1988,lrange5,1000000,984251.94
1989,lpush5,1000000,693011.81
1989,lrange5,1000000,1074148.25
1990,lpush5,1000000,699390.25
1990,lrange5,1000000,1050437.00
1991,lpush5,1000000,696875.31
1991,lrange5,1000000,1039517.69
1992,lpush5,1000000,661845.12
1992,lrange5,1000000,957152.19
1993,lpush5,1000000,679391.31
1993,lrange5,1000000,1030047.38
1994,lpush5,1000000,676143.38
1994,lrange5,1000000,963514.44
1995,lpush5,1000000,693592.19
1995,lrange5,1000000,1026743.38
1996,lpush5,1000000,701273.50
1996,lrange5,1000000,1010101.00
1997,lpush5,1000000,671613.19
1997,lrange5,1000000,1005137.69
1998,lpush5,1000000,724660.88
1998,lrange5,1000000,1010101.00
1999,lpush5,1000000,703819.81
1999,lrange5,1000000,1011187.06
2000,lpush5,1000000,684049.25
2000,lrange5,1000000,977548.38
