trial,operation,requests,rps
1,lpush5,1000000,674308.81
1,lrange5,1000000,1028872.44
2,lpush5,1000000,613130.56
2,lrange5,1000000,802696.62
3,lpush5,1000000,621623.38
3,lrange5,1000000,798135.69
4,lpush5,1000000,576784.31
4,lrange5,1000000,811094.88
5,lpush5,1000000,560906.31
5,lrange5,1000000,919963.19
6,lpush5,1000000,659248.56
6,lrange5,1000000,995040.81
7,lpush5,1000000,653167.88
7,lrange5,1000000,992095.25
8,lpush5,1000000,649793.38
8,lrange5,1000000,970056.25
9,lpush5,1000000,677199.75
9,lrange5,1000000,986287.94
10,lpush5,1000000,651570.06
10,lrange5,1000000,1005185.94
11,lpush5,1000000,664946.81
11,lrange5,1000000,1005041.19
12,lpush5,1000000,659683.38
12,lrange5,1000000,1015228.44
13,lpush5,1000000,585137.50
13,lrange5,1000000,829968.44
14,lpush5,1000000,664936.19
14,lrange5,1000000,866759.06
15,lpush5,1000000,556828.50
15,lrange5,1000000,774618.12
16,lpush5,1000000,646851.25
16,lrange5,1000000,877193.00
17,lpush5,1000000,592075.75
17,lrange5,1000000,963391.12
18,lpush5,1000000,678908.31
18,lrange5,1000000,1023557.81
19,lpush5,1000000,668195.06
19,lrange5,1000000,829875.50
20,lpush5,1000000,598491.94
20,lrange5,1000000,1017391.69
21,lpush5,1000000,655790.19
21,lrange5,1000000,997024.88
22,lpush5,1000000,571773.62
22,lrange5,1000000,968147.12
23,lpush5,1000000,658010.56
23,lrange5,1000000,1017538.19
24,lpush5,1000000,672624.06
24,lrange5,1000000,1024836.06
25,lpush5,1000000,664031.88
25,lrange5,1000000,888888.88
26,lpush5,1000000,660533.69
26,lrange5,1000000,1006342.06
27,lpush5,1000000,643521.25
27,lrange5,1000000,987166.81
28,lpush5,1000000,657124.88
28,lrange5,1000000,1006197.19
29,lpush5,1000000,665442.44
29,lrange5,1000000,1002068.12
30,lpush5,1000000,681220.69
30,lrange5,1000000,1028806.56
31,lpush5,1000000,660129.38
31,lrange5,1000000,994353.81
32,lpush5,1000000,669910.25
32,lrange5,1000000,654523.56
33,lpush5,1000000,630119.69
33,lrange5,1000000,770465.38
34,lpush5,1000000,676143.38
34,lrange5,1000000,913358.88
35,lpush5,1000000,672947.56
35,lrange5,1000000,948827.31
36,lpush5,1000000,589989.38
36,lrange5,1000000,886851.06
37,lpush5,1000000,672505.75
37,lrange5,1000000,1023623.31
38,lpush5,1000000,694488.88
38,lrange5,1000000,991159.62
39,lpush5,1000000,675327.50
39,lrange5,1000000,877487.75
40,lpush5,1000000,606476.62
40,lrange5,1000000,990130.69
41,lpush5,1000000,662722.38
41,lrange5,1000000,891451.00
42,lpush5,1000000,661386.25
42,lrange5,1000000,976624.94
43,lpush5,1000000,619598.50
43,lrange5,1000000,939012.12
44,lpush5,1000000,667556.75
44,lrange5,1000000,877347.38
45,lpush5,1000000,597381.12
45,lrange5,1000000,1000192.00
46,lpush5,1000000,666350.44
46,lrange5,1000000,1004208.81
47,lpush5,1000000,581733.56
47,lrange5,1000000,647249.19
48,lpush5,1000000,526878.81
48,lrange5,1000000,878005.25
49,lpush5,1000000,646830.50
49,lrange5,1000000,836820.06
50,lpush5,1000000,612754.94
50,lrange5,1000000,877193.00
51,lpush5,1000000,570496.31
51,lrange5,1000000,874904.62
52,lpush5,1000000,630170.12
52,lrange5,1000000,930351.56
53,lpush5,1000000,651104.19
53,lrange5,1000000,957854.38
54,lpush5,1000000,668502.62
54,lrange5,1000000,1028855.94
55,lpush5,1000000,701754.44
55,lrange5,1000000,1063846.75
56,lpush5,1000000,718976.25
56,lrange5,1000000,1059322.00
57,lpush5,1000000,710227.25
57,lrange5,1000000,1052766.38
58,lpush5,1000000,684038.31
58,lrange5,1000000,1084633.38
59,lpush5,1000000,702830.62
59,lrange5,1000000,1062852.25
60,lpush5,1000000,689787.56
60,lrange5,1000000,1059440.62
61,lpush5,1000000,687867.94
61,lrange5,1000000,980439.25
62,lpush5,1000000,663193.62
62,lrange5,1000000,838939.56
63,lpush5,1000000,669354.75
63,lrange5,1000000,947060.62
64,lpush5,1000000,699412.62
64,lrange5,1000000,1091877.75
65,lpush5,1000000,675762.12
65,lrange5,1000000,957915.69
66,lpush5,1000000,663570.00
66,lrange5,1000000,986382.56
67,lpush5,1000000,703358.62
67,lrange5,1000000,969994.19
68,lpush5,1000000,635022.19
68,lrange5,1000000,922656.81
69,lpush5,1000000,640215.12
69,lrange5,1000000,1035329.19
70,lpush5,1000000,681242.50
70,lrange5,1000000,996270.94
71,lpush5,1000000,686429.62
71,lrange5,1000000,1028855.94
72,lpush5,1000000,682139.19
72,lrange5,1000000,1005025.12
73,lpush5,1000000,630527.12
73,lrange5,1000000,968085.19
74,lpush5,1000000,671602.44
74,lrange5,1000000,1022625.81
75,lpush5,1000000,574767.81
75,lrange5,1000000,759337.88
76,lpush5,1000000,520578.88
76,lrange5,1000000,827182.81
77,lpush5,1000000,583165.00
77,lrange5,1000000,821745.25
78,lpush5,1000000,588638.00
78,lrange5,1000000,831960.06
79,lpush5,1000000,592796.69
79,lrange5,1000000,881862.50
80,lpush5,1000000,597786.00
80,lrange5,1000000,841831.69
81,lpush5,1000000,601684.75
81,lrange5,1000000,866689.75
82,lpush5,1000000,639815.75
82,lrange5,1000000,835568.88
83,lpush5,1000000,546149.62
83,lrange5,1000000,1006181.06
84,lpush5,1000000,656220.44
84,lrange5,1000000,1016341.44
85,lpush5,1000000,695972.12
85,lrange5,1000000,981401.31
86,lpush5,1000000,682626.62
86,lrange5,1000000,979494.56
87,lpush5,1000000,641930.69
87,lrange5,1000000,797614.06
88,lpush5,1000000,573120.94
88,lrange5,1000000,811133.81
89,lpush5,1000000,537643.00
89,lrange5,1000000,688242.31
90,lpush5,1000000,604999.38
90,lrange5,1000000,1073115.88
91,lpush5,1000000,596687.38
91,lrange5,1000000,829333.38
92,lpush5,1000000,647259.56
92,lrange5,1000000,916751.62
93,lpush5,1000000,628575.75
93,lrange5,1000000,811766.25
94,lpush5,1000000,639846.44
94,lrange5,1000000,972949.44
95,lpush5,1000000,565656.12
95,lrange5,1000000,905840.62
96,lpush5,1000000,685433.88
96,lrange5,1000000,901814.25
97,lpush5,1000000,612754.94
97,lrange5,1000000,884187.44
98,lpush5,1000000,616280.94
98,lrange5,1000000,926784.06
99,lpush5,1000000,600667.88
99,lrange5,1000000,979478.94
100,lpush5,1000000,669376.19
100,lrange5,1000000,984330.69
101,lpush5,1000000,661866.31
101,lrange5,1000000,934699.00
102,lpush5,1000000,652336.62
102,lrange5,1000000,948842.50
103,lpush5,1000000,606496.06
103,lrange5,1000000,926103.69
104,lpush5,1000000,597766.88
104,lrange5,1000000,909163.62
105,lpush5,1000000,617313.56
105,lrange5,1000000,993159.94
106,lpush5,1000000,671151.69
106,lrange5,1000000,800012.81
107,lpush5,1000000,674308.81
107,lrange5,1000000,1034357.81
108,lpush5,1000000,713775.88
108,lrange5,1000000,1049452.25
109,lpush5,1000000,712838.19
109,lrange5,1000000,1084720.12
110,lpush5,1000000,712769.75
110,lrange5,1000000,1005025.12
111,lpush5,1000000,556483.00
111,lrange5,1000000,809061.50
112,lpush5,1000000,560574.00
112,lrange5,1000000,654878.88
113,lpush5,1000000,437863.41
113,lrange5,1000000,746340.25
114,lpush5,1000000,581770.81
114,lrange5,1000000,687768.94
115,lpush5,1000000,605038.12
115,lrange5,1000000,882626.62
116,lpush5,1000000,606437.81
116,lrange5,1000000,1010101.00
117,lpush5,1000000,568209.12
117,lrange5,1000000,756429.62
118,lpush5,1000000,525268.88
118,lrange5,1000000,839764.94
119,lpush5,1000000,676175.81
119,lrange5,1000000,941800.38
120,lpush5,1000000,648518.81
120,lrange5,1000000,967272.69
121,lpush5,1000000,634527.94
121,lrange5,1000000,959692.88
122,lpush5,1000000,629031.44
122,lrange5,1000000,899338.12
123,lpush5,1000000,669888.81
123,lrange5,1000000,1015228.44
124,lpush5,1000000,664042.50
124,lrange5,1000000,1016260.12
125,lpush5,1000000,658772.06
125,lrange5,1000000,1059322.00
126,lpush5,1000000,700770.81
126,lrange5,1000000,1040699.25
127,lpush5,1000000,724182.44
127,lrange5,1000000,1026809.06
128,lpush5,1000000,703268.62
128,lrange5,1000000,1036501.56
129,lpush5,1000000,720057.56
129,lrange5,1000000,1055004.25
130,lpush5,1000000,717440.44
130,lrange5,1000000,1063931.88
131,lpush5,1000000,688782.38
131,lrange5,1000000,1050420.12
132,lpush5,1000000,712781.19
132,lrange5,1000000,1049401.88
133,lpush5,1000000,711305.81
133,lrange5,1000000,896114.62
134,lpush5,1000000,557751.25
134,lrange5,1000000,837534.31
135,lpush5,1000000,570849.31
135,lrange5,1000000,926917.50
136,lpush5,1000000,649361.06
136,lrange5,1000000,942733.25
137,lpush5,1000000,639795.25
137,lrange5,1000000,965250.94
138,lpush5,1000000,645629.44
138,lrange5,1000000,934579.38
139,lpush5,1000000,641889.62
139,lrange5,1000000,920257.56
140,lpush5,1000000,635334.19
140,lrange5,1000000,830048.12
141,lpush5,1000000,632511.06
141,lrange5,1000000,919117.62
142,lpush5,1000000,651465.81
142,lrange5,1000000,956068.81
143,lpush5,1000000,635324.00
143,lrange5,1000000,925128.62
144,lpush5,1000000,638600.25
144,lrange5,1000000,964381.94
145,lpush5,1000000,632571.81
145,lrange5,1000000,963529.88
146,lpush5,1000000,634951.06
146,lrange5,1000000,921747.44
147,lpush5,1000000,616932.75
147,lrange5,1000000,983284.19
148,lpush5,1000000,649022.69
148,lrange5,1000000,992269.81
149,lpush5,1000000,649033.06
149,lrange5,1000000,945225.00
150,lpush5,1000000,651507.50
150,lrange5,1000000,959769.62
151,lpush5,1000000,636557.62
151,lrange5,1000000,979510.25
152,lpush5,1000000,635344.38
152,lrange5,1000000,859845.25
153,lpush5,1000000,593585.75
153,lrange5,1000000,946969.69
154,lpush5,1000000,634940.94
154,lrange5,1000000,920228.12
155,lpush5,1000000,623052.94
155,lrange5,1000000,914237.69
156,lpush5,1000000,634517.75
156,lrange5,1000000,883420.50
157,lpush5,1000000,610912.69
157,lrange5,1000000,938221.38
158,lpush5,1000000,610255.00
158,lrange5,1000000,954229.00
159,lpush5,1000000,623451.38
159,lrange5,1000000,815817.31
160,lpush5,1000000,600696.69
160,lrange5,1000000,948994.31
161,lpush5,1000000,570189.31
161,lrange5,1000000,940748.88
162,lpush5,1000000,629803.50
162,lrange5,1000000,986256.38
163,lpush5,1000000,602792.00
163,lrange5,1000000,1004096.38
164,lpush5,1000000,675305.88
164,lrange5,1000000,1035428.56
165,lpush5,1000000,669899.50
165,lrange5,1000000,1042869.69
166,lpush5,1000000,666222.50
166,lrange5,1000000,1024590.12
167,lpush5,1000000,677561.00
167,lrange5,1000000,1032255.94
168,lpush5,1000000,644755.62
168,lrange5,1000000,1054953.62
169,lpush5,1000000,669920.94
169,lrange5,1000000,969038.81
170,lpush5,1000000,664483.75
170,lrange5,1000000,944483.44
171,lpush5,1000000,646861.56
171,lrange5,1000000,1050420.12
172,lpush5,1000000,673886.81
172,lrange5,1000000,1062920.38
173,lpush5,1000000,689224.00
173,lrange5,1000000,1028806.56
174,lpush5,1000000,664515.62
174,lrange5,1000000,1022527.62
175,lpush5,1000000,682128.25
175,lrange5,1000000,1027979.44
176,lpush5,1000000,674102.44
176,lrange5,1000000,1036534.75
177,lpush5,1000000,688749.31
177,lrange5,1000000,1008096.81
178,lpush5,1000000,660991.38
178,lrange5,1000000,1056000.00
179,lpush5,1000000,689688.25
179,lrange5,1000000,993350.56
180,lpush5,1000000,651052.06
180,lrange5,1000000,1010149.50
181,lpush5,1000000,673929.94
181,lrange5,1000000,1025723.06
182,lpush5,1000000,672548.75
182,lrange5,1000000,977657.88
183,lpush5,1000000,674341.19
183,lrange5,1000000,990099.00
184,lpush5,1000000,671666.94
184,lrange5,1000000,1032090.81
185,lpush5,1000000,688771.31
185,lrange5,1000000,989325.38
186,lpush5,1000000,662357.62
186,lrange5,1000000,1022838.44
187,lpush5,1000000,684539.38
187,lrange5,1000000,1022625.81
188,lpush5,1000000,671709.88
188,lrange5,1000000,1038571.12
189,lpush5,1000000,677517.62
189,lrange5,1000000,959692.88
190,lpush5,1000000,670262.75
190,lrange5,1000000,996095.69
191,lpush5,1000000,701754.44
191,lrange5,1000000,995184.06
192,lpush5,1000000,679380.44
192,lrange5,1000000,1028806.56
193,lpush5,1000000,680348.31
193,lrange5,1000000,956022.94
194,lpush5,1000000,677966.06
194,lrange5,1000000,1009081.75
195,lpush5,1000000,676240.69
195,lrange5,1000000,1002100.19
196,lpush5,1000000,665357.25
196,lrange5,1000000,1001065.06
197,lpush5,1000000,677987.81
197,lrange5,1000000,1027749.25
198,lpush5,1000000,607261.69
198,lrange5,1000000,851816.00
199,lpush5,1000000,617744.31
199,lrange5,1000000,839684.31
200,lpush5,1000000,575742.06
200,lrange5,1000000,982318.25
201,lpush5,1000000,567582.31
201,lrange5,1000000,992063.50
202,lpush5,1000000,686473.56
202,lrange5,1000000,1032189.88
203,lpush5,1000000,661407.44
203,lrange5,1000000,1040765.81
204,lpush5,1000000,648601.81
204,lrange5,1000000,966291.81
205,lpush5,1000000,636588.19
205,lrange5,1000000,976671.81
206,lpush5,1000000,618547.94
206,lrange5,1000000,990162.38
207,lpush5,1000000,611659.94
207,lrange5,1000000,953349.81
208,lpush5,1000000,640215.12
208,lrange5,1000000,983693.25
209,lpush5,1000000,666254.50
209,lrange5,1000000,1019596.31
210,lpush5,1000000,665367.94
210,lrange5,1000000,963560.69
211,lpush5,1000000,622684.94
211,lrange5,1000000,914413.19
212,lpush5,1000000,633794.69
212,lrange5,1000000,921747.44
213,lpush5,1000000,623441.44
213,lrange5,1000000,1024737.69
214,lpush5,1000000,657894.75
214,lrange5,1000000,1029948.50
215,lpush5,1000000,668077.50
215,lrange5,1000000,1005202.00
216,lpush5,1000000,604999.38
216,lrange5,1000000,987182.62
217,lpush5,1000000,583467.94
217,lrange5,1000000,812568.69
218,lpush5,1000000,572737.69
218,lrange5,1000000,791765.62
219,lpush5,1000000,593148.31
219,lrange5,1000000,941619.56
220,lpush5,1000000,640686.75
220,lrange5,1000000,931113.56
221,lpush5,1000000,612754.94
221,lrange5,1000000,953288.81
222,lpush5,1000000,594941.12
222,lrange5,1000000,849631.25
223,lpush5,1000000,595687.88
223,lrange5,1000000,917563.25
224,lpush5,1000000,613496.94
224,lrange5,1000000,656220.44
225,lpush5,1000000,610873.56
225,lrange5,1000000,938281.44
226,lpush5,1000000,630567.50
226,lrange5,1000000,957946.31
227,lpush5,1000000,618831.69
227,lrange5,1000000,975625.38
228,lpush5,1000000,600249.69
228,lrange5,1000000,859120.25
229,lpush5,1000000,601322.94
229,lrange5,1000000,969116.31
230,lpush5,1000000,650701.38
230,lrange5,1000000,991191.31
231,lpush5,1000000,677976.94
231,lrange5,1000000,1058472.00
232,lpush5,1000000,700860.50
232,lrange5,1000000,1047153.94
233,lpush5,1000000,692119.00
233,lrange5,1000000,1008064.56
234,lpush5,1000000,684517.50
234,lrange5,1000000,1032008.25
235,lpush5,1000000,702382.00
235,lrange5,1000000,1072978.50
236,lpush5,1000000,681772.31
236,lrange5,1000000,985253.19
237,lpush5,1000000,641971.75
237,lrange5,1000000,893898.19
238,lpush5,1000000,552809.31
238,lrange5,1000000,826538.81
239,lpush5,1000000,592445.50
239,lrange5,1000000,797524.75
240,lpush5,1000000,559293.06
240,lrange5,1000000,830684.38
241,lpush5,1000000,573394.50
241,lrange5,1000000,1053757.62
242,lpush5,1000000,683071.06
242,lrange5,1000000,1019368.00
243,lpush5,1000000,707236.19
243,lrange5,1000000,911649.94
244,lpush5,1000000,670712.25
244,lrange5,1000000,1077844.88
245,lpush5,1000000,669429.75
245,lrange5,1000000,1090652.12
246,lpush5,1000000,700358.56
246,lrange5,1000000,1125147.38
247,lpush5,1000000,704293.00
247,lrange5,1000000,1088139.25
248,lpush5,1000000,684975.31
248,lrange5,1000000,1122370.38
249,lpush5,1000000,663633.75
249,lrange5,1000000,1108771.62
250,lpush5,1000000,623052.94
250,lrange5,1000000,1073321.88
251,lpush5,1000000,674925.75
251,lrange5,1000000,1012194.38
252,lpush5,1000000,672494.94
252,lrange5,1000000,1048369.00
253,lpush5,1000000,627352.56
253,lrange5,1000000,800051.19
254,lpush5,1000000,637064.94
254,lrange5,1000000,862124.19
255,lpush5,1000000,645285.19
255,lrange5,1000000,881876.56
256,lpush5,1000000,577459.56
256,lrange5,1000000,842500.38
257,lpush5,1000000,537949.44
257,lrange5,1000000,506842.34
258,lpush5,1000000,533902.81
258,lrange5,1000000,771096.38
259,lpush5,1000000,453125.50
259,lrange5,1000000,703797.31
260,lpush5,1000000,578062.44
260,lrange5,1000000,785621.38
261,lpush5,1000000,599947.19
261,lrange5,1000000,956968.44
262,lpush5,1000000,624649.62
262,lrange5,1000000,974830.38
263,lpush5,1000000,596042.94
263,lrange5,1000000,801282.06
264,lpush5,1000000,539426.12
264,lrange5,1000000,985253.19
265,lpush5,1000000,630149.94
265,lrange5,1000000,970071.75
266,lpush5,1000000,512106.53
266,lrange5,1000000,910746.75
267,lpush5,1000000,630995.56
267,lrange5,1000000,1015342.12
268,lpush5,1000000,668960.56
268,lrange5,1000000,1032074.31
269,lpush5,1000000,673486.88
269,lrange5,1000000,1000128.00
270,lpush5,1000000,658338.38
270,lrange5,1000000,1039567.56
271,lpush5,1000000,651072.94
271,lrange5,1000000,1013171.25
272,lpush5,1000000,659259.06
272,lrange5,1000000,992523.81
273,lpush5,1000000,665031.94
273,lrange5,1000000,1022527.62
274,lpush5,1000000,657114.31
274,lrange5,1000000,1021515.88
275,lpush5,1000000,641508.62
275,lrange5,1000000,1052749.50
276,lpush5,1000000,670690.81
276,lrange5,1000000,1006084.50
277,lpush5,1000000,664116.88
277,lrange5,1000000,994322.00
278,lpush5,1000000,661823.94
278,lrange5,1000000,963591.56
279,lpush5,1000000,585156.25
279,lrange5,1000000,907629.75
280,lpush5,1000000,547980.25
280,lrange5,1000000,910834.19
281,lpush5,1000000,645181.94
281,lrange5,1000000,911752.06
282,lpush5,1000000,649866.12
282,lrange5,1000000,932220.00
283,lpush5,1000000,659683.38
283,lrange5,1000000,964366.50
284,lpush5,1000000,647269.94
284,lrange5,1000000,915132.62
285,lpush5,1000000,639437.31
285,lrange5,1000000,1082355.00
286,lpush5,1000000,709779.94
286,lrange5,1000000,1070680.88
287,lpush5,1000000,712792.56
287,lrange5,1000000,973896.81
288,lpush5,1000000,652783.31
288,lrange5,1000000,1007355.50
289,lpush5,1000000,678940.94
289,lrange5,1000000,1034142.69
290,lpush5,1000000,641858.81
290,lrange5,1000000,993128.12
291,lpush5,1000000,682182.81
291,lrange5,1000000,1007113.81
292,lpush5,1000000,659630.56
292,lrange5,1000000,1052884.25
293,lpush5,1000000,666361.06
293,lrange5,1000000,956191.19
294,lpush5,1000000,676654.94
294,lrange5,1000000,870489.06
295,lpush5,1000000,658782.62
295,lrange5,1000000,928668.50
296,lpush5,1000000,569485.19
296,lrange5,1000000,986335.25
297,lpush5,1000000,652420.12
297,lrange5,1000000,942582.50
298,lpush5,1000000,656178.44
298,lrange5,1000000,929487.00
299,lpush5,1000000,584472.25
299,lrange5,1000000,843197.31
300,lpush5,1000000,542905.56
300,lrange5,1000000,899438.88
301,lpush5,1000000,633815.00
301,lrange5,1000000,885739.62
302,lpush5,1000000,574712.62
302,lrange5,1000000,923582.69
303,lpush5,1000000,565291.12
303,lrange5,1000000,886638.31
304,lpush5,1000000,625110.00
304,lrange5,1000000,862151.75
305,lpush5,1000000,594215.12
305,lrange5,1000000,872076.75
306,lpush5,1000000,581404.62
306,lrange5,1000000,860612.75
307,lpush5,1000000,588581.50
307,lrange5,1000000,809807.25
308,lpush5,1000000,542368.75
308,lrange5,1000000,883420.50
309,lpush5,1000000,627756.44
309,lrange5,1000000,822368.44
310,lpush5,1000000,566572.25
310,lrange5,1000000,844729.75
311,lpush5,1000000,604999.38
311,lrange5,1000000,948796.94
312,lpush5,1000000,585851.19
312,lrange5,1000000,788034.62
313,lpush5,1000000,561491.31
313,lrange5,1000000,810372.81
314,lpush5,1000000,552322.50
314,lrange5,1000000,899280.56
315,lpush5,1000000,613496.94
315,lrange5,1000000,842621.69
316,lpush5,1000000,612014.69
316,lrange5,1000000,863571.69
317,lpush5,1000000,546448.06
317,lrange5,1000000,859134.00
318,lpush5,1000000,618468.75
318,lrange5,1000000,919176.44
319,lpush5,1000000,557431.44
319,lrange5,1000000,790243.25
320,lpush5,1000000,566938.75
320,lrange5,1000000,892203.38
321,lpush5,1000000,590667.44
321,lrange5,1000000,879591.94
322,lpush5,1000000,602772.75
322,lrange5,1000000,849032.25
323,lpush5,1000000,633012.62
323,lrange5,1000000,952441.94
324,lpush5,1000000,593519.31
324,lrange5,1000000,797499.25
325,lpush5,1000000,535635.81
325,lrange5,1000000,833399.94
326,lpush5,1000000,572792.62
326,lrange5,1000000,923508.81
327,lpush5,1000000,612044.06
327,lrange5,1000000,942582.50
328,lpush5,1000000,570161.94
328,lrange5,1000000,840430.19
329,lpush5,1000000,618920.75
329,lrange5,1000000,742989.62
330,lpush5,1000000,590347.12
330,lrange5,1000000,896172.00
331,lpush5,1000000,632921.50
331,lrange5,1000000,1028839.50
332,lpush5,1000000,633723.75
332,lrange5,1000000,969224.88
333,lpush5,1000000,669792.38
333,lrange5,1000000,1027798.56
334,lpush5,1000000,664063.75
334,lrange5,1000000,1014344.81
335,lpush5,1000000,660586.50
335,lrange5,1000000,986303.69
336,lpush5,1000000,679049.56
336,lrange5,1000000,1017359.12
337,lpush5,1000000,664989.38
337,lrange5,1000000,1029882.56
338,lpush5,1000000,664021.25
338,lrange5,1000000,1066251.62
339,lpush5,1000000,654513.06
339,lrange5,1000000,1053960.00
340,lpush5,1000000,678973.50
340,lrange5,1000000,1034374.38
341,lpush5,1000000,679380.44
341,lrange5,1000000,1035213.25
342,lpush5,1000000,668459.88
342,lrange5,1000000,1048335.44
343,lpush5,1000000,672969.06
343,lrange5,1000000,969286.88
344,lpush5,1000000,657462.19
344,lrange5,1000000,1048385.75
345,lpush5,1000000,684942.44
345,lrange5,1000000,1044932.06
346,lpush5,1000000,674449.06
346,lrange5,1000000,1028888.88
347,lpush5,1000000,677550.19
347,lrange5,1000000,1034126.12
348,lpush5,1000000,680272.12
348,lrange5,1000000,1024737.69
349,lpush5,1000000,678919.19
349,lrange5,1000000,1021630.25
350,lpush5,1000000,672096.75
350,lrange5,1000000,1031076.25
351,lpush5,1000000,676132.56
351,lrange5,1000000,1017391.69
352,lpush5,1000000,682593.81
352,lrange5,1000000,1016357.69
353,lpush5,1000000,684986.31
353,lrange5,1000000,1012340.12
354,lpush5,1000000,654043.12
354,lrange5,1000000,1041800.00
355,lpush5,1000000,667567.44
355,lrange5,1000000,1017375.38
356,lpush5,1000000,686868.12
356,lrange5,1000000,1013187.44
357,lpush5,1000000,688341.38
357,lrange5,1000000,1021842.75
358,lpush5,1000000,655800.69
358,lrange5,1000000,1029948.50
359,lpush5,1000000,684506.50
359,lrange5,1000000,999064.88
360,lpush5,1000000,677123.88
360,lrange5,1000000,1017326.56
361,lpush5,1000000,677987.81
361,lrange5,1000000,1012307.69
362,lpush5,1000000,660575.94
362,lrange5,1000000,983457.25
363,lpush5,1000000,676229.88
363,lrange5,1000000,1010294.94
364,lpush5,1000000,683114.75
364,lrange5,1000000,1014263.69
365,lpush5,1000000,675316.69
365,lrange5,1000000,1006068.38
366,lpush5,1000000,672538.00
366,lrange5,1000000,994147.06
367,lpush5,1000000,680855.00
367,lrange5,1000000,973725.44
368,lpush5,1000000,681794.12
368,lrange5,1000000,1039584.19
369,lpush5,1000000,671666.94
369,lrange5,1000000,1015325.88
370,lpush5,1000000,658761.50
370,lrange5,1000000,1000048.00
371,lpush5,1000000,687417.19
371,lrange5,1000000,1012210.56
372,lpush5,1000000,667122.12
372,lrange5,1000000,1012307.69
373,lpush5,1000000,662786.00
373,lrange5,1000000,1042969.75
374,lpush5,1000000,683647.25
374,lrange5,1000000,971848.38
375,lpush5,1000000,679820.56
375,lrange5,1000000,1015455.81
376,lpush5,1000000,674774.62
376,lrange5,1000000,1046259.44
377,lpush5,1000000,669344.06
377,lrange5,1000000,1022560.31
378,lpush5,1000000,675697.31
378,lrange5,1000000,995072.62
379,lpush5,1000000,671634.69
379,lrange5,1000000,919382.31
380,lpush5,1000000,631813.06
380,lrange5,1000000,1025690.25
381,lpush5,1000000,678512.88
381,lrange5,1000000,1022723.94
382,lpush5,1000000,678886.62
382,lrange5,1000000,1011235.56
383,lpush5,1000000,682139.19
383,lrange5,1000000,1008112.94
384,lpush5,1000000,638661.56
384,lrange5,1000000,1028905.38
385,lpush5,1000000,671140.94
385,lrange5,1000000,1042869.69
386,lpush5,1000000,675273.50
386,lrange5,1000000,988268.81
387,lpush5,1000000,674774.62
387,lrange5,1000000,1001209.19
388,lpush5,1000000,670252.00
388,lrange5,1000000,1029964.94
389,lpush5,1000000,682593.81
389,lrange5,1000000,1024737.69
390,lpush5,1000000,678491.19
390,lrange5,1000000,1026776.19
391,lpush5,1000000,660938.50
391,lrange5,1000000,1008064.56
392,lpush5,1000000,664494.38
392,lrange5,1000000,994147.06
393,lpush5,1000000,674308.81
393,lrange5,1000000,1025690.25
394,lpush5,1000000,660544.25
394,lrange5,1000000,1060767.75
395,lpush5,1000000,665779.00
395,lrange5,1000000,1050521.00
396,lpush5,1000000,668024.06
396,lrange5,1000000,1005169.88
397,lpush5,1000000,676262.38
397,lrange5,1000000,963468.25
398,lpush5,1000000,671173.12
398,lrange5,1000000,1030944.31
399,lpush5,1000000,663612.50
399,lrange5,1000000,1045166.12
400,lpush5,1000000,665410.50
400,lrange5,1000000,1024622.94
401,lpush5,1000000,676589.94
401,lrange5,1000000,1004080.31
402,lpush5,1000000,655339.44
402,lrange5,1000000,1029948.50
403,lpush5,1000000,664946.81
403,lrange5,1000000,976624.94
404,lpush5,1000000,672494.94
404,lrange5,1000000,1039600.81
405,lpush5,1000000,676143.38
405,lrange5,1000000,1029997.94
406,lpush5,1000000,658824.75
406,lrange5,1000000,1020457.12
407,lpush5,1000000,664904.25
407,lrange5,1000000,1034225.44
408,lpush5,1000000,673865.25
408,lrange5,1000000,1027782.12
409,lpush5,1000000,683647.25
409,lrange5,1000000,1022494.88
410,lpush5,1000000,654032.69
410,lrange5,1000000,1038438.19
411,lpush5,1000000,672043.00
411,lrange5,1000000,1034440.50
412,lpush5,1000000,682648.44
412,lrange5,1000000,1041683.38
413,lpush5,1000000,671162.44
413,lrange5,1000000,1015293.38
414,lpush5,1000000,657947.38
414,lrange5,1000000,1022642.12
415,lpush5,1000000,668034.75
415,lrange5,1000000,1061927.88
416,lpush5,1000000,677506.81
416,lrange5,1000000,1000032.00
417,lpush5,1000000,659662.25
417,lrange5,1000000,1020538.75
418,lpush5,1000000,674395.12
418,lrange5,1000000,1003057.19
419,lpush5,1000000,662786.00
419,lrange5,1000000,1036402.12
420,lpush5,1000000,677966.06
420,lrange5,1000000,1027815.00
421,lpush5,1000000,674308.81
421,lrange5,1000000,1036418.69
422,lpush5,1000000,688804.38
422,lrange5,1000000,984314.94
423,lpush5,1000000,656167.94
423,lrange5,1000000,1028888.88
424,lpush5,1000000,672086.00
424,lrange5,1000000,996063.81
425,lpush5,1000000,664526.25
425,lrange5,1000000,1026694.06
426,lpush5,1000000,679478.25
426,lrange5,1000000,1024606.56
427,lpush5,1000000,675697.31
427,lrange5,1000000,991175.50
428,lpush5,1000000,676197.44
428,lrange5,1000000,1012226.75
429,lpush5,1000000,618891.06
429,lrange5,1000000,986351.00
430,lpush5,1000000,686813.19
430,lrange5,1000000,1023623.31
431,lpush5,1000000,668939.12
431,lrange5,1000000,1010165.62
432,lpush5,1000000,668907.00
432,lrange5,1000000,1020489.75
433,lpush5,1000000,671151.69
433,lrange5,1000000,1030927.81
434,lpush5,1000000,669003.31
434,lrange5,1000000,1022494.88
435,lpush5,1000000,666741.31
435,lrange5,1000000,979478.94
436,lpush5,1000000,671162.44
436,lrange5,1000000,1021466.81
437,lpush5,1000000,665389.19
437,lrange5,1000000,1009081.75
438,lpush5,1000000,674807.00
438,lrange5,1000000,1033057.88
439,lpush5,1000000,663665.56
439,lrange5,1000000,1008112.94
440,lpush5,1000000,666265.12
440,lrange5,1000000,1027864.38
441,lpush5,1000000,665346.62
441,lrange5,1000000,1034175.81
442,lpush5,1000000,675686.50
442,lrange5,1000000,1039866.94
443,lpush5,1000000,628950.94
443,lrange5,1000000,834068.38
444,lpush5,1000000,571138.75
444,lrange5,1000000,889807.88
445,lpush5,1000000,586510.25
445,lrange5,1000000,864304.25
446,lpush5,1000000,592825.12
446,lrange5,1000000,844635.12
447,lpush5,1000000,557769.12
447,lrange5,1000000,854011.94
448,lpush5,1000000,582825.19
448,lrange5,1000000,944498.56
449,lpush5,1000000,582165.31
449,lrange5,1000000,981417.00
450,lpush5,1000000,591366.06
450,lrange5,1000000,970904.88
451,lpush5,1000000,667663.56
451,lrange5,1000000,1018492.88
452,lpush5,1000000,551276.75
452,lrange5,1000000,902642.56
453,lpush5,1000000,594234.12
453,lrange5,1000000,1013333.38
454,lpush5,1000000,580046.44
454,lrange5,1000000,956038.25
455,lpush5,1000000,630139.88
455,lrange5,1000000,926873.06
456,lpush5,1000000,609863.44
456,lrange5,1000000,947897.69
457,lpush5,1000000,651517.94
457,lrange5,1000000,1025690.25
458,lpush5,1000000,600249.69
458,lrange5,1000000,1012145.75
459,lpush5,1000000,658814.25
459,lrange5,1000000,1019580.00
460,lpush5,1000000,679006.06
460,lrange5,1000000,1042886.38
461,lpush5,1000000,622734.75
461,lrange5,1000000,1096614.00
462,lpush5,1000000,699857.25
462,lrange5,1000000,1095430.50
463,lpush5,1000000,665810.94
463,lrange5,1000000,987309.00
464,lpush5,1000000,636547.44
464,lrange5,1000000,960015.31
465,lpush5,1000000,657103.81
465,lrange5,1000000,915912.06
466,lpush5,1000000,596668.25
466,lrange5,1000000,927940.69
467,lpush5,1000000,626999.38
467,lrange5,1000000,879521.56
468,lpush5,1000000,642291.56
468,lrange5,1000000,1032041.31
469,lpush5,1000000,695488.19
469,lrange5,1000000,1059339.00
470,lpush5,1000000,683527.00
470,lrange5,1000000,1059339.00
471,lpush5,1000000,695894.19
471,lrange5,1000000,1002164.31
472,lpush5,1000000,694938.12
472,lrange5,1000000,1052749.50
473,lpush5,1000000,606428.12
473,lrange5,1000000,928505.06
474,lpush5,1000000,632151.69
474,lrange5,1000000,975625.38
475,lpush5,1000000,699435.00
475,lrange5,1000000,1059372.88
476,lpush5,1000000,698823.19
476,lrange5,1000000,1041716.69
477,lpush5,1000000,709299.31
477,lrange5,1000000,1050504.12
478,lpush5,1000000,686396.69
478,lrange5,1000000,1082251.00
479,lpush5,1000000,677966.06
479,lrange5,1000000,1030944.31
480,lpush5,1000000,689688.25
480,lrange5,1000000,1047338.25
481,lpush5,1000000,651900.88
481,lrange5,1000000,809139.19
482,lpush5,1000000,630537.19
482,lrange5,1000000,1015244.62
483,lpush5,1000000,649772.56
483,lrange5,1000000,1045283.19
484,lpush5,1000000,694455.50
484,lrange5,1000000,992095.25
485,lpush5,1000000,618106.31
485,lrange5,1000000,944332.38
486,lpush5,1000000,445328.56
486,lrange5,1000000,947121.19
487,lpush5,1000000,570125.44
487,lrange5,1000000,949834.81
488,lpush5,1000000,641869.06
488,lrange5,1000000,863557.88
489,lpush5,1000000,649454.56
489,lrange5,1000000,974705.62
490,lpush5,1000000,661898.06
490,lrange5,1000000,1001049.06
491,lpush5,1000000,642260.75
491,lrange5,1000000,991080.31
492,lpush5,1000000,573403.69
492,lrange5,1000000,885824.69
493,lpush5,1000000,525260.50
493,lrange5,1000000,827814.62
494,lpush5,1000000,456427.22
494,lrange5,1000000,807180.00
495,lpush5,1000000,553106.19
495,lrange5,1000000,761773.06
496,lpush5,1000000,555591.12
496,lrange5,1000000,820397.06
497,lpush5,1000000,599266.62
497,lrange5,1000000,865190.31
498,lpush5,1000000,599180.31
498,lrange5,1000000,889694.00
499,lpush5,1000000,547389.12
499,lrange5,1000000,825909.19
500,lpush5,1000000,561230.12
500,lrange5,1000000,834858.12
501,lpush5,1000000,599228.25
501,lrange5,1000000,840873.94
502,lpush5,1000000,585545.69
502,lrange5,1000000,866551.06
503,lpush5,1000000,566590.38
503,lrange5,1000000,968085.19
504,lpush5,1000000,623082.88
504,lrange5,1000000,857783.88
505,lpush5,1000000,571574.88
505,lrange5,1000000,920854.56
506,lpush5,1000000,599568.38
506,lrange5,1000000,838303.44
507,lpush5,1000000,587936.50
507,lrange5,1000000,842500.38
508,lpush5,1000000,584121.50
508,lrange5,1000000,906719.81
509,lpush5,1000000,616972.25
509,lrange5,1000000,887339.88
510,lpush5,1000000,639795.25
510,lrange5,1000000,888917.31
511,lpush5,1000000,640286.81
511,lrange5,1000000,972965.00
512,lpush5,1000000,569827.94
512,lrange5,1000000,835542.19
513,lpush5,1000000,563072.06
513,lrange5,1000000,851091.12
514,lpush5,1000000,539382.94
514,lrange5,1000000,926148.12
515,lpush5,1000000,609834.12
515,lrange5,1000000,839670.88
516,lpush5,1000000,560870.44
516,lrange5,1000000,775218.62
517,lpush5,1000000,617353.06
517,lrange5,1000000,911620.81
518,lpush5,1000000,578108.69
518,lrange5,1000000,875184.62
519,lpush5,1000000,583174.31
519,lrange5,1000000,891279.88
520,lpush5,1000000,592863.06
520,lrange5,1000000,851993.19
521,lpush5,1000000,575742.06
521,lrange5,1000000,1018346.25
522,lpush5,1000000,588956.44
522,lrange5,1000000,947030.31
523,lpush5,1000000,632531.31
523,lrange5,1000000,866620.44
524,lpush5,1000000,550660.81
524,lrange5,1000000,817896.94
525,lpush5,1000000,577700.75
525,lrange5,1000000,903458.00
526,lpush5,1000000,550704.88
526,lrange5,1000000,881226.44
527,lpush5,1000000,581085.44
527,lrange5,1000000,819803.25
528,lpush5,1000000,543773.81
528,lrange5,1000000,871881.44
529,lpush5,1000000,584462.88
529,lrange5,1000000,985316.25
530,lpush5,1000000,663686.81
530,lrange5,1000000,1004176.69
531,lpush5,1000000,673022.94
531,lrange5,1000000,933721.75
532,lpush5,1000000,642260.75
532,lrange5,1000000,878033.31
533,lpush5,1000000,566369.19
533,lrange5,1000000,853392.44
534,lpush5,1000000,585184.31
534,lrange5,1000000,907571.69
535,lpush5,1000000,586204.00
535,lrange5,1000000,857048.81
536,lpush5,1000000,613565.62
536,lrange5,1000000,870461.25
537,lpush5,1000000,586204.00
537,lrange5,1000000,872781.81
538,lpush5,1000000,585869.94
538,lrange5,1000000,831946.75
539,lpush5,1000000,561824.75
539,lrange5,1000000,807141.25
540,lpush5,1000000,612004.94
540,lrange5,1000000,878861.12
541,lpush5,1000000,556607.69
541,lrange5,1000000,819685.25
542,lpush5,1000000,600961.50
542,lrange5,1000000,815739.00
543,lpush5,1000000,586204.00
543,lrange5,1000000,893783.75
544,lpush5,1000000,599520.38
544,lrange5,1000000,894597.50
545,lpush5,1000000,620042.12
545,lrange5,1000000,871094.06
546,lpush5,1000000,569476.06
546,lrange5,1000000,940733.81
547,lpush5,1000000,590055.44
547,lrange5,1000000,860722.94
548,lpush5,1000000,593862.25
548,lrange5,1000000,895427.06
549,lpush5,1000000,606834.94
549,lrange5,1000000,846131.94
550,lpush5,1000000,605326.88
550,lrange5,1000000,924273.56
551,lpush5,1000000,622337.25
551,lrange5,1000000,912773.75
552,lpush5,1000000,617675.12
552,lrange5,1000000,915882.75
553,lpush5,1000000,610942.00
553,lrange5,1000000,905020.81
554,lpush5,1000000,618811.88
554,lrange5,1000000,938131.38
555,lpush5,1000000,612784.31
555,lrange5,1000000,896875.31
556,lpush5,1000000,625090.00
556,lrange5,1000000,908352.44
557,lpush5,1000000,615433.88
557,lrange5,1000000,954198.50
558,lpush5,1000000,627473.00
558,lrange5,1000000,892928.56
559,lpush5,1000000,619962.81
559,lrange5,1000000,919977.94
560,lpush5,1000000,620772.19
560,lrange5,1000000,873753.75
561,lpush5,1000000,617675.12
561,lrange5,1000000,924377.06
562,lpush5,1000000,618135.94
562,lrange5,1000000,899438.88
563,lpush5,1000000,622287.50
563,lrange5,1000000,918303.06
564,lpush5,1000000,614628.19
564,lrange5,1000000,884998.25
565,lpush5,1000000,623112.75
565,lrange5,1000000,903371.25
566,lpush5,1000000,610520.12
566,lrange5,1000000,927643.81
567,lpush5,1000000,608642.75
567,lrange5,1000000,924258.75
568,lpush5,1000000,606486.31
568,lrange5,1000000,885154.00
569,lpush5,1000000,618076.62
569,lrange5,1000000,885040.69
570,lpush5,1000000,622724.81
570,lrange5,1000000,925113.81
571,lpush5,1000000,612833.38
571,lrange5,1000000,909947.25
572,lpush5,1000000,616251.38
572,lrange5,1000000,948888.00
573,lpush5,1000000,628271.38
573,lrange5,1000000,907586.19
574,lpush5,1000000,637348.62
574,lrange5,1000000,907615.25
575,lpush5,1000000,605028.44
575,lrange5,1000000,901001.81
576,lpush5,1000000,623481.31
576,lrange5,1000000,950570.31
577,lpush5,1000000,612467.88
577,lrange5,1000000,926813.75
578,lpush5,1000000,632581.94
578,lrange5,1000000,943486.81
579,lpush5,1000000,599889.62
579,lrange5,1000000,947912.81
580,lpush5,1000000,627766.44
580,lrange5,1000000,938236.44
581,lpush5,1000000,630139.88
581,lrange5,1000000,955170.94
582,lpush5,1000000,639396.44
582,lrange5,1000000,920095.69
583,lpush5,1000000,618076.62
583,lrange5,1000000,957931.00
584,lpush5,1000000,628646.12
584,lrange5,1000000,939849.62
585,lpush5,1000000,605433.44
585,lrange5,1000000,903400.19
586,lpush5,1000000,615532.31
586,lrange5,1000000,784338.81
587,lpush5,1000000,586175.88
587,lrange5,1000000,928534.81
588,lpush5,1000000,535391.88
588,lrange5,1000000,855473.06
589,lpush5,1000000,573422.06
589,lrange5,1000000,798773.19
590,lpush5,1000000,545903.94
590,lrange5,1000000,892346.06
591,lpush5,1000000,603203.88
591,lrange5,1000000,938281.44
592,lpush5,1000000,610137.88
592,lrange5,1000000,892060.62
593,lpush5,1000000,637765.31
593,lrange5,1000000,900248.50
594,lpush5,1000000,577089.44
594,lrange5,1000000,921747.44
595,lpush5,1000000,612004.94
595,lrange5,1000000,871923.31
596,lpush5,1000000,598124.38
596,lrange5,1000000,895369.75
597,lpush5,1000000,591801.19
597,lrange5,1000000,889031.12
598,lpush5,1000000,597381.12
598,lrange5,1000000,884229.88
599,lpush5,1000000,588638.00
599,lrange5,1000000,934669.12
600,lpush5,1000000,619578.69
600,lrange5,1000000,930306.94
601,lpush5,1000000,607582.00
601,lrange5,1000000,860681.62
602,lpush5,1000000,619962.81
602,lrange5,1000000,901843.12
603,lpush5,1000000,656167.94
603,lrange5,1000000,890614.38
604,lpush5,1000000,655349.94
604,lrange5,1000000,970920.44
605,lpush5,1000000,662283.44
605,lrange5,1000000,1050437.00
606,lpush5,1000000,607611.19
606,lrange5,1000000,846780.69
607,lpush5,1000000,666233.19
607,lrange5,1000000,924362.25
608,lpush5,1000000,672548.75
608,lrange5,1000000,925985.12
609,lpush5,1000000,676208.25
609,lrange5,1000000,996016.00
610,lpush5,1000000,673411.44
610,lrange5,1000000,969038.81
611,lpush5,1000000,635788.94
611,lrange5,1000000,1012161.94
612,lpush5,1000000,618145.88
612,lrange5,1000000,919264.62
613,lpush5,1000000,635334.19
613,lrange5,1000000,956145.31
614,lpush5,1000000,621177.62
614,lrange5,1000000,1044932.06
615,lpush5,1000000,669824.50
615,lrange5,1000000,1013365.75
616,lpush5,1000000,660533.69
616,lrange5,1000000,1012161.94
617,lpush5,1000000,682161.00
617,lrange5,1000000,1038421.62
618,lpush5,1000000,613120.75
618,lrange5,1000000,963499.06
619,lpush5,1000000,653699.38
619,lrange5,1000000,1005298.50
620,lpush5,1000000,649782.94
620,lrange5,1000000,933871.19
621,lpush5,1000000,641982.06
621,lrange5,1000000,933781.50
622,lpush5,1000000,625020.00
622,lrange5,1000000,991270.62
623,lpush5,1000000,622744.75
623,lrange5,1000000,919992.62
624,lpush5,1000000,610902.88
624,lrange5,1000000,903371.25
625,lpush5,1000000,610167.12
625,lrange5,1000000,1019449.56
626,lpush5,1000000,610245.25
626,lrange5,1000000,885054.88
627,lpush5,1000000,671280.56
627,lrange5,1000000,930396.25
628,lpush5,1000000,597476.69
628,lrange5,1000000,833399.94
629,lpush5,1000000,575475.25
629,lrange5,1000000,801988.81
630,lpush5,1000000,605018.75
630,lrange5,1000000,773457.06
631,lpush5,1000000,600259.31
631,lrange5,1000000,759362.19
632,lpush5,1000000,594186.56
632,lrange5,1000000,868990.44
633,lpush5,1000000,632111.25
633,lrange5,1000000,965250.94
634,lpush5,1000000,635799.12
634,lrange5,1000000,819737.69
635,lpush5,1000000,531417.62
635,lrange5,1000000,901828.69
636,lpush5,1000000,629397.12
636,lrange5,1000000,916780.94
637,lpush5,1000000,607164.56
637,lrange5,1000000,936464.44
638,lpush5,1000000,610128.12
638,lrange5,1000000,854865.00
639,lpush5,1000000,627392.75
639,lrange5,1000000,949667.62
640,lpush5,1000000,612004.94
640,lrange5,1000000,1050420.12
641,lpush5,1000000,636952.88
641,lrange5,1000000,894497.31
642,lpush5,1000000,588590.94
642,lrange5,1000000,753144.62
643,lpush5,1000000,574062.00
643,lrange5,1000000,881876.56
644,lpush5,1000000,592768.19
644,lrange5,1000000,834041.69
645,lpush5,1000000,584112.12
645,lrange5,1000000,929382.94
646,lpush5,1000000,584112.12
646,lrange5,1000000,922524.00
647,lpush5,1000000,647332.06
647,lrange5,1000000,848190.00
648,lpush5,1000000,623062.94
648,lrange5,1000000,912496.38
649,lpush5,1000000,597390.69
649,lrange5,1000000,808498.00
650,lpush5,1000000,483348.47
650,lrange5,1000000,762280.44
651,lpush5,1000000,547971.50
651,lrange5,1000000,922553.50
652,lpush5,1000000,576046.12
652,lrange5,1000000,868823.62
653,lpush5,1000000,562438.69
653,lrange5,1000000,881848.38
654,lpush5,1000000,581432.56
654,lrange5,1000000,967272.69
655,lpush5,1000000,627756.44
655,lrange5,1000000,902599.25
656,lpush5,1000000,596668.25
656,lrange5,1000000,869634.81
657,lpush5,1000000,643117.69
657,lrange5,1000000,984472.44
658,lpush5,1000000,546781.88
658,lrange5,1000000,853283.25
659,lpush5,1000000,583155.69
659,lrange5,1000000,897680.44
660,lpush5,1000000,568227.25
660,lrange5,1000000,925158.19
661,lpush5,1000000,595602.12
661,lrange5,1000000,811935.06
662,lpush5,1000000,590356.56
662,lrange5,1000000,862234.50
663,lpush5,1000000,585926.19
663,lrange5,1000000,747491.75
664,lpush5,1000000,665000.00
664,lrange5,1000000,1025739.44
665,lpush5,1000000,686363.75
665,lrange5,1000000,744637.38
666,lpush5,1000000,565958.12
666,lrange5,1000000,951672.69
667,lpush5,1000000,599520.38
667,lrange5,1000000,916605.00
668,lpush5,1000000,634920.62
668,lrange5,1000000,1000016.00
669,lpush5,1000000,649392.25
669,lrange5,1000000,947897.69
670,lpush5,1000000,607679.19
670,lrange5,1000000,911737.44
671,lpush5,1000000,627382.69
671,lrange5,1000000,876466.25
672,lpush5,1000000,616152.81
672,lrange5,1000000,1020457.12
673,lpush5,1000000,551008.25
673,lrange5,1000000,964459.06
674,lpush5,1000000,623541.19
674,lrange5,1000000,999176.75
675,lpush5,1000000,578461.56
675,lrange5,1000000,816522.44
676,lpush5,1000000,579392.81
676,lrange5,1000000,848910.06
677,lpush5,1000000,603864.75
677,lrange5,1000000,925985.12
678,lpush5,1000000,574391.69
678,lrange5,1000000,941920.88
679,lpush5,1000000,639897.62
679,lrange5,1000000,838290.06
680,lpush5,1000000,563742.94
680,lrange5,1000000,811727.25
681,lpush5,1000000,589979.94
681,lrange5,1000000,842513.88
682,lpush5,1000000,616952.50
682,lrange5,1000000,912569.38
683,lpush5,1000000,613516.56
683,lrange5,1000000,920810.31
684,lpush5,1000000,651538.75
684,lrange5,1000000,975656.62
685,lpush5,1000000,641447.06
685,lrange5,1000000,891436.75
686,lpush5,1000000,679842.31
686,lrange5,1000000,1017359.12
687,lpush5,1000000,631742.31
687,lrange5,1000000,907513.62
688,lpush5,1000000,615035.62
688,lrange5,1000000,1029053.50
689,lpush5,1000000,661407.44
689,lrange5,1000000,913373.50
690,lpush5,1000000,657556.88
690,lrange5,1000000,1007210.50
691,lpush5,1000000,684495.56
691,lrange5,1000000,927643.81
692,lpush5,1000000,603922.69
692,lrange5,1000000,970009.69
693,lpush5,1000000,597409.81
693,lrange5,1000000,929427.50
694,lpush5,1000000,628626.06
694,lrange5,1000000,936524.38
695,lpush5,1000000,610578.75
695,lrange5,1000000,915794.88
696,lpush5,1000000,612034.31
696,lrange5,1000000,967257.19
697,lpush5,1000000,588581.50
697,lrange5,1000000,894468.69
698,lpush5,1000000,684517.50
698,lrange5,1000000,1100250.88
699,lpush5,1000000,685882.06
699,lrange5,1000000,678458.62
700,lpush5,1000000,656251.94
700,lrange5,1000000,915794.88
701,lpush5,1000000,631383.81
701,lrange5,1000000,1031340.19
702,lpush5,1000000,606834.94
702,lrange5,1000000,953426.12
703,lpush5,1000000,624239.69
703,lrange5,1000000,984299.19
704,lpush5,1000000,665864.19
704,lrange5,1000000,866036.38
705,lpush5,1000000,638998.06
705,lrange5,1000000,916605.00
706,lpush5,1000000,647699.50
706,lrange5,1000000,933781.50
707,lpush5,1000000,619992.56
707,lrange5,1000000,955323.75
708,lpush5,1000000,644807.25
708,lrange5,1000000,923523.56
709,lpush5,1000000,589284.62
709,lrange5,1000000,940854.19
710,lpush5,1000000,618175.50
710,lrange5,1000000,913300.44
711,lpush5,1000000,599889.62
711,lrange5,1000000,967164.38
712,lpush5,1000000,658772.06
712,lrange5,1000000,932865.62
713,lpush5,1000000,659227.44
713,lrange5,1000000,913358.88
714,lpush5,1000000,646464.12
714,lrange5,1000000,936389.56
715,lpush5,1000000,664968.12
715,lrange5,1000000,1035262.94
716,lpush5,1000000,630160.06
716,lrange5,1000000,942778.50
717,lpush5,1000000,655349.94
717,lrange5,1000000,1005121.62
718,lpush5,1000000,667567.44
718,lrange5,1000000,985284.75
719,lpush5,1000000,635324.00
719,lrange5,1000000,978630.19
720,lpush5,1000000,685925.94
720,lrange5,1000000,1095307.75
721,lpush5,1000000,701329.56
721,lrange5,1000000,1090599.75
722,lpush5,1000000,697472.81
722,lrange5,1000000,1068410.25
723,lpush5,1000000,714285.75
723,lrange5,1000000,1135255.38
724,lpush5,1000000,636244.25
724,lrange5,1000000,1061605.12
725,lpush5,1000000,669365.50
725,lrange5,1000000,944438.12
726,lpush5,1000000,688804.38
726,lrange5,1000000,932970.12
727,lpush5,1000000,645577.81
727,lrange5,1000000,1060496.25
728,lpush5,1000000,648098.50
728,lrange5,1000000,1021466.81
729,lpush5,1000000,658803.69
729,lrange5,1000000,1037444.00
730,lpush5,1000000,673962.25
730,lrange5,1000000,1036269.44
731,lpush5,1000000,656609.31
731,lrange5,1000000,1032272.44
732,lpush5,1000000,626184.12
732,lrange5,1000000,994035.75
733,lpush5,1000000,698823.19
733,lrange5,1000000,1093071.00
734,lpush5,1000000,665842.88
734,lrange5,1000000,1010117.19
735,lpush5,1000000,676197.44
735,lrange5,1000000,1097730.00
736,lpush5,1000000,707281.44
736,lrange5,1000000,937432.00
737,lpush5,1000000,685422.88
737,lrange5,1000000,1062733.25
738,lpush5,1000000,681663.25
738,lrange5,1000000,1050470.62
739,lpush5,1000000,557174.38
739,lrange5,1000000,761614.62
740,lpush5,1000000,571764.44
740,lrange5,1000000,828526.94
741,lpush5,1000000,633733.88
741,lrange5,1000000,932985.06
742,lpush5,1000000,657514.75
742,lrange5,1000000,1019531.06
743,lpush5,1000000,639427.12
743,lrange5,1000000,878776.81
744,lpush5,1000000,628211.06
744,lrange5,1000000,982428.31
745,lpush5,1000000,629021.38
745,lrange5,1000000,877263.19
746,lpush5,1000000,616142.94
746,lrange5,1000000,1027963.00
747,lpush5,1000000,680735.19
747,lrange5,1000000,963452.81
748,lpush5,1000000,635012.06
748,lrange5,1000000,1014231.25
749,lpush5,1000000,652315.75
749,lrange5,1000000,1004112.44
750,lpush5,1000000,609756.12
750,lrange5,1000000,983284.19
751,lpush5,1000000,628221.12
751,lrange5,1000000,936374.56
752,lpush5,1000000,643925.31
752,lrange5,1000000,1020538.75
753,lpush5,1000000,673476.06
753,lrange5,1000000,1038637.56
754,lpush5,1000000,661033.69
754,lrange5,1000000,996175.38
755,lpush5,1000000,652741.56
755,lrange5,1000000,990099.00
756,lpush5,1000000,644807.25
756,lrange5,1000000,1022593.06
757,lpush5,1000000,651062.50
757,lrange5,1000000,1003025.12
758,lpush5,1000000,644329.88
758,lrange5,1000000,987182.62
759,lpush5,1000000,646840.88
759,lrange5,1000000,974955.12
760,lpush5,1000000,670851.75
760,lrange5,1000000,1078852.25
761,lpush5,1000000,664010.62
761,lrange5,1000000,1029168.75
762,lpush5,1000000,676622.44
762,lrange5,1000000,1031991.75
763,lpush5,1000000,656682.88
763,lrange5,1000000,1014215.00
764,lpush5,1000000,661823.94
764,lrange5,1000000,1018444.00
765,lpush5,1000000,678436.94
765,lrange5,1000000,1076443.50
766,lpush5,1000000,671259.06
766,lrange5,1000000,1031991.75
767,lpush5,1000000,675718.94
767,lrange5,1000000,1017391.69
768,lpush5,1000000,672494.94
768,lrange5,1000000,1053774.50
769,lpush5,1000000,674319.62
769,lrange5,1000000,1049553.00
770,lpush5,1000000,676644.06
770,lrange5,1000000,1016308.94
771,lpush5,1000000,663591.25
771,lrange5,1000000,1045065.81
772,lpush5,1000000,665357.25
772,lrange5,1000000,1034357.81
773,lpush5,1000000,680778.75
773,lrange5,1000000,1052631.62
774,lpush5,1000000,667588.75
774,lrange5,1000000,1011284.12
775,lpush5,1000000,675273.50
775,lrange5,1000000,985458.12
776,lpush5,1000000,657894.75
776,lrange5,1000000,938131.38
777,lpush5,1000000,719424.44
777,lrange5,1000000,993318.81
778,lpush5,1000000,663151.19
778,lrange5,1000000,946225.12
779,lpush5,1000000,648098.50
779,lrange5,1000000,980423.56
780,lpush5,1000000,632911.38
780,lrange5,1000000,974783.62
781,lpush5,1000000,636628.94
781,lrange5,1000000,999032.94
782,lpush5,1000000,628585.81
782,lrange5,1000000,975734.69
783,lpush5,1000000,652752.00
783,lrange5,1000000,899323.75
784,lpush5,1000000,646036.19
784,lrange5,1000000,1059661.00
785,lpush5,1000000,681772.31
785,lrange5,1000000,1055966.12
786,lpush5,1000000,688771.31
786,lrange5,1000000,984299.19
787,lpush5,1000000,648518.81
787,lrange5,1000000,939267.56
788,lpush5,1000000,652835.56
788,lrange5,1000000,985221.69
789,lpush5,1000000,555953.31
789,lrange5,1000000,838290.06
790,lpush5,1000000,561230.12
790,lrange5,1000000,866703.62
791,lpush5,1000000,529134.38
791,lrange5,1000000,827262.19
792,lpush5,1000000,606099.38
792,lrange5,1000000,963391.12
793,lpush5,1000000,618891.06
793,lrange5,1000000,908279.81
794,lpush5,1000000,572082.38
794,lrange5,1000000,834028.38
795,lpush5,1000000,569152.00
795,lrange5,1000000,834081.75
796,lpush5,1000000,646005.19
796,lrange5,1000000,964381.94
797,lpush5,1000000,585508.19
797,lrange5,1000000,900133.25
798,lpush5,1000000,632521.19
798,lrange5,1000000,903530.25
799,lpush5,1000000,623451.38
799,lrange5,1000000,909178.19
800,lpush5,1000000,660129.38
800,lrange5,1000000,997104.69
801,lpush5,1000000,625410.88
801,lrange5,1000000,998004.00
802,lpush5,1000000,631772.62
802,lrange5,1000000,996143.50
803,lpush5,1000000,648591.44
803,lrange5,1000000,1024770.50
804,lpush5,1000000,655349.94
804,lrange5,1000000,916737.00
805,lpush5,1000000,639447.56
805,lrange5,1000000,964428.19
806,lpush5,1000000,628160.81
806,lrange5,1000000,1002068.12
807,lpush5,1000000,634527.94
807,lrange5,1000000,983598.88
808,lpush5,1000000,645223.25
808,lrange5,1000000,943396.25
809,lpush5,1000000,651135.44
809,lrange5,1000000,1015260.88
810,lpush5,1000000,631323.25
810,lrange5,1000000,951764.06
811,lpush5,1000000,632531.31
811,lrange5,1000000,939849.62
812,lpush5,1000000,611276.25
812,lrange5,1000000,965312.75
813,lpush5,1000000,606834.94
813,lrange5,1000000,899366.94
814,lpush5,1000000,573093.44
814,lrange5,1000000,943698.19
815,lpush5,1000000,576387.31
815,lrange5,1000000,1025788.69
816,lpush5,1000000,570840.19
816,lrange5,1000000,825882.75
817,lpush5,1000000,625410.88
817,lrange5,1000000,768725.62
818,lpush5,1000000,589303.44
818,lrange5,1000000,878005.25
819,lpush5,1000000,590384.88
819,lrange5,1000000,954381.69
820,lpush5,1000000,677506.81
820,lrange5,1000000,976718.69
821,lpush5,1000000,445838.59
821,lrange5,1000000,672043.00
822,lpush5,1000000,560224.12
822,lrange5,1000000,920810.31
823,lpush5,1000000,507872.03
823,lrange5,1000000,834751.31
824,lpush5,1000000,616142.94
824,lrange5,1000000,878776.81
825,lpush5,1000000,545011.44
825,lrange5,1000000,741946.56
826,lpush5,1000000,541531.12
826,lrange5,1000000,884272.31
827,lpush5,1000000,611305.62
827,lrange5,1000000,771207.38
828,lpush5,1000000,591016.56
828,lrange5,1000000,891465.25
829,lpush5,1000000,596302.88
829,lrange5,1000000,788681.38
830,lpush5,1000000,603145.94
830,lrange5,1000000,851091.12
831,lpush5,1000000,565372.50
831,lrange5,1000000,811094.88
832,lpush5,1000000,544723.31
832,lrange5,1000000,798199.50
833,lpush5,1000000,590686.38
833,lrange5,1000000,883505.31
834,lpush5,1000000,612063.69
834,lrange5,1000000,846753.62
835,lpush5,1000000,588254.12
835,lrange5,1000000,882612.50
836,lpush5,1000000,592853.56
836,lrange5,1000000,897666.12
837,lpush5,1000000,604960.69
837,lrange5,1000000,900900.88
838,lpush5,1000000,552548.06
838,lrange5,1000000,761651.19
839,lpush5,1000000,514452.69
839,lrange5,1000000,863557.88
840,lpush5,1000000,548873.75
840,lrange5,1000000,762280.44
841,lpush5,1000000,589660.38
841,lrange5,1000000,878131.62
842,lpush5,1000000,570541.94
842,lrange5,1000000,926843.38
843,lpush5,1000000,531358.12
843,lrange5,1000000,827354.88
844,lpush5,1000000,605009.06
844,lrange5,1000000,852555.88
845,lpush5,1000000,521104.72
845,lrange5,1000000,719539.56
846,lpush5,1000000,581752.19
846,lrange5,1000000,796178.31
847,lpush5,1000000,562755.25
847,lrange5,1000000,888917.31
848,lpush5,1000000,399891.25
848,lrange5,1000000,721119.00
849,lpush5,1000000,463184.81
849,lrange5,1000000,811224.62
850,lpush5,1000000,447627.59
850,lrange5,1000000,780765.00
851,lpush5,1000000,597024.50
851,lrange5,1000000,1011203.19
852,lpush5,1000000,618458.88
852,lrange5,1000000,969978.62
853,lpush5,1000000,593157.75
853,lrange5,1000000,941740.06
854,lpush5,1000000,557795.88
854,lrange5,1000000,936509.38
855,lpush5,1000000,564051.88
855,lrange5,1000000,836913.75
856,lpush5,1000000,562755.25
856,lrange5,1000000,858479.00
857,lpush5,1000000,585860.56
857,lrange5,1000000,871177.69
858,lpush5,1000000,576793.56
858,lrange5,1000000,814371.31
859,lpush5,1000000,555891.06
859,lrange5,1000000,796825.50
860,lpush5,1000000,543799.88
860,lrange5,1000000,832186.31
861,lpush5,1000000,539195.69
861,lrange5,1000000,836321.06
862,lpush5,1000000,586651.00
862,lrange5,1000000,813864.94
863,lpush5,1000000,599170.75
863,lrange5,1000000,876704.62
864,lpush5,1000000,614657.69
864,lrange5,1000000,896918.38
865,lpush5,1000000,582825.19
865,lrange5,1000000,848230.69
866,lpush5,1000000,571465.12
866,lrange5,1000000,837601.31
867,lpush5,1000000,562230.44
867,lrange5,1000000,875240.56
868,lpush5,1000000,563090.06
868,lrange5,1000000,917460.50
869,lpush5,1000000,625050.00
869,lrange5,1000000,1009130.19
870,lpush5,1000000,645243.88
870,lrange5,1000000,958849.50
871,lpush5,1000000,514668.06
871,lrange5,1000000,851131.94
872,lpush5,1000000,562131.50
872,lrange5,1000000,836887.00
873,lpush5,1000000,617283.94
873,lrange5,1000000,813669.69
874,lpush5,1000000,576184.38
874,lrange5,1000000,865204.12
875,lpush5,1000000,600259.31
875,lrange5,1000000,879662.31
876,lpush5,1000000,574795.38
876,lrange5,1000000,829875.50
877,lpush5,1000000,594596.88
877,lrange5,1000000,794281.19
878,lpush5,1000000,595238.12
878,lrange5,1000000,900118.88
879,lpush5,1000000,590733.62
879,lrange5,1000000,811818.19
880,lpush5,1000000,583789.81
880,lrange5,1000000,853242.31
881,lpush5,1000000,555935.50
881,lrange5,1000000,809716.56
882,lpush5,1000000,552225.31
882,lrange5,1000000,799386.06
883,lpush5,1000000,589284.62
883,lrange5,1000000,899309.38
884,lpush5,1000000,565638.00
884,lrange5,1000000,819737.69
885,lpush5,1000000,555264.88
885,lrange5,1000000,878047.38
886,lpush5,1000000,569855.25
886,lrange5,1000000,794319.31
887,lpush5,1000000,564697.88
887,lrange5,1000000,887354.06
888,lpush5,1000000,587208.50
888,lrange5,1000000,841804.75
889,lpush5,1000000,583771.12
889,lrange5,1000000,900118.88
890,lpush5,1000000,595266.69
890,lrange5,1000000,836120.44
891,lpush5,1000000,578378.25
891,lrange5,1000000,875086.62
892,lpush5,1000000,571773.62
892,lrange5,1000000,844608.12
893,lpush5,1000000,559615.00
893,lrange5,1000000,873530.12
894,lpush5,1000000,660087.12
894,lrange5,1000000,1006052.31
895,lpush5,1000000,654910.31
895,lrange5,1000000,1035213.25
896,lpush5,1000000,624639.62
896,lrange5,1000000,774068.06
897,lpush5,1000000,489739.47
897,lrange5,1000000,802001.62
898,lpush5,1000000,615414.12
898,lrange5,1000000,926902.69
899,lpush5,1000000,596735.06
899,lrange5,1000000,783173.06
900,lpush5,1000000,558365.19
900,lrange5,1000000,874988.62
901,lpush5,1000000,593824.25
901,lrange5,1000000,844030.44
902,lpush5,1000000,567215.00
902,lrange5,1000000,889002.69
903,lpush5,1000000,569837.06
903,lrange5,1000000,857879.94
904,lpush5,1000000,530316.00
904,lrange5,1000000,709231.25
905,lpush5,1000000,606099.38
905,lrange5,1000000,916956.94
906,lpush5,1000000,604277.94
906,lrange5,1000000,882626.62
907,lpush5,1000000,580139.25
907,lrange5,1000000,814995.94
908,lpush5,1000000,572082.38
908,lrange5,1000000,844783.75
909,lpush5,1000000,584121.50
909,lrange5,1000000,803302.81
910,lpush5,1000000,558748.62
910,lrange5,1000000,963514.44
911,lpush5,1000000,591403.94
911,lrange5,1000000,817124.19
912,lpush5,1000000,626979.31
912,lrange5,1000000,900929.69
913,lpush5,1000000,613506.75
913,lrange5,1000000,905797.12
914,lpush5,1000000,581104.00
914,lrange5,1000000,856164.38
915,lpush5,1000000,426816.91
915,lrange5,1000000,863654.56
916,lpush5,1000000,531383.62
916,lrange5,1000000,787515.00
917,lpush5,1000000,584879.50
917,lrange5,1000000,762813.12
918,lpush5,1000000,579429.94
918,lrange5,1000000,913256.62
919,lpush5,1000000,613209.06
919,lrange5,1000000,827143.12
920,lpush5,1000000,550204.62
920,lrange5,1000000,940045.12
921,lpush5,1000000,588956.44
921,lrange5,1000000,907528.12
922,lpush5,1000000,621920.38
922,lrange5,1000000,936389.56
923,lpush5,1000000,611718.69
923,lrange5,1000000,937402.06
924,lpush5,1000000,625882.31
924,lrange5,1000000,1003105.31
925,lpush5,1000000,609472.25
925,lrange5,1000000,970982.56
926,lpush5,1000000,599635.50
926,lrange5,1000000,828026.50
927,lpush5,1000000,618046.94
927,lrange5,1000000,895527.31
928,lpush5,1000000,626969.25
928,lrange5,1000000,895384.06
929,lpush5,1000000,540884.81
929,lrange5,1000000,780777.50
930,lpush5,1000000,607990.25
930,lrange5,1000000,839697.75
931,lpush5,1000000,585165.62
931,lrange5,1000000,965328.19
932,lpush5,1000000,602409.62
932,lrange5,1000000,805866.19
933,lpush5,1000000,611266.50
933,lrange5,1000000,869690.44
934,lpush5,1000000,584842.06
934,lrange5,1000000,893798.06
935,lpush5,1000000,585926.19
935,lrange5,1000000,860585.25
936,lpush5,1000000,513363.47
936,lrange5,1000000,802568.19
937,lpush5,1000000,570468.88
937,lrange5,1000000,773457.06
938,lpush5,1000000,591366.06
938,lrange5,1000000,940794.00
939,lpush5,1000000,584842.06
939,lrange5,1000000,784929.31
940,lpush5,1000000,572765.19
940,lrange5,1000000,837561.12
941,lpush5,1000000,586241.50
941,lrange5,1000000,871937.25
942,lpush5,1000000,603232.81
942,lrange5,1000000,871867.50
943,lpush5,1000000,556483.00
943,lrange5,1000000,893014.31
944,lpush5,1000000,589679.25
944,lrange5,1000000,921105.00
945,lpush5,1000000,612794.12
945,lrange5,1000000,917577.94
946,lpush5,1000000,620387.12
946,lrange5,1000000,888298.38
947,lpush5,1000000,602592.81
947,lrange5,1000000,900900.88
948,lpush5,1000000,574071.19
948,lrange5,1000000,868236.12
949,lpush5,1000000,566251.38
949,lrange5,1000000,830617.94
950,lpush5,1000000,587917.69
950,lrange5,1000000,879114.25
951,lpush5,1000000,569494.31
951,lrange5,1000000,819040.19
952,lpush5,1000000,561185.19
952,lrange5,1000000,859216.50
953,lpush5,1000000,591375.50
953,lrange5,1000000,919117.62
954,lpush5,1000000,586194.62
954,lrange5,1000000,874988.62
955,lpush5,1000000,580757.25
955,lrange5,1000000,904289.38
956,lpush5,1000000,587591.06
956,lrange5,1000000,914120.69
957,lpush5,1000000,596725.56
957,lrange5,1000000,880605.62
958,lpush5,1000000,540274.44
958,lrange5,1000000,848257.81
959,lpush5,1000000,618429.19
959,lrange5,1000000,935708.12
960,lpush5,1000000,571855.94
960,lrange5,1000000,1005185.94
961,lpush5,1000000,631323.25
961,lrange5,1000000,908425.12
962,lpush5,1000000,597728.62
962,lrange5,1000000,877207.00
963,lpush5,1000000,566260.44
963,lrange5,1000000,815895.62
964,lpush5,1000000,643997.44
964,lrange5,1000000,1041766.69
965,lpush5,1000000,673876.00
965,lrange5,1000000,914120.69
966,lpush5,1000000,571102.19
966,lrange5,1000000,866675.88
967,lpush5,1000000,634115.38
967,lrange5,1000000,925099.00
968,lpush5,1000000,599918.38
968,lrange5,1000000,756429.62
969,lpush5,1000000,607552.88
969,lrange5,1000000,905049.75
970,lpush5,1000000,550704.88
970,lrange5,1000000,856939.12
971,lpush5,1000000,547680.19
971,lrange5,1000000,777038.12
972,lpush5,1000000,588619.19
972,lrange5,1000000,878005.25
973,lpush5,1000000,630537.19
973,lrange5,1000000,961692.31
974,lpush5,1000000,648088.12
974,lrange5,1000000,996207.25
975,lpush5,1000000,694971.50
975,lrange5,1000000,986493.06
976,lpush5,1000000,666666.69
976,lrange5,1000000,904217.06
977,lpush5,1000000,655328.94
977,lrange5,1000000,933826.38
978,lpush5,1000000,637826.56
978,lrange5,1000000,986209.00
979,lpush5,1000000,635748.25
979,lrange5,1000000,1020457.12
980,lpush5,1000000,634558.38
980,lrange5,1000000,920257.56
981,lpush5,1000000,607543.12
981,lrange5,1000000,954229.00
982,lpush5,1000000,632131.50
982,lrange5,1000000,902555.94
983,lpush5,1000000,594549.31
983,lrange5,1000000,911693.69
984,lpush5,1000000,605394.69
984,lrange5,1000000,1023803.50
985,lpush5,1000000,634125.56
985,lrange5,1000000,931217.88
986,lpush5,1000000,580092.81
986,lrange5,1000000,905913.06
987,lpush5,1000000,600980.75
987,lrange5,1000000,885069.00
988,lpush5,1000000,589707.56
988,lrange5,1000000,940733.81
989,lpush5,1000000,609853.69
989,lrange5,1000000,892074.88
990,lpush5,1000000,679831.44
990,lrange5,1000000,905006.31
991,lpush5,1000000,601048.06
991,lrange5,1000000,838966.44
992,lpush5,1000000,600980.75
992,lrange5,1000000,884413.75
993,lpush5,1000000,605703.19
993,lrange5,1000000,796292.94
994,lpush5,1000000,577061.75
994,lrange5,1000000,904188.12
995,lpush5,1000000,563090.06
995,lrange5,1000000,862881.75
996,lpush5,1000000,579747.25
996,lrange5,1000000,889864.81
997,lpush5,1000000,565994.38
997,lrange5,1000000,858451.50
998,lpush5,1000000,582072.19
998,lrange5,1000000,811107.81
999,lpush5,1000000,557112.00
999,lrange5,1000000,863571.69
1000,lpush5,1000000,614667.50
1000,lrange5,1000000,888888.88
1001,lpush5,1000000,601000.00
1001,lrange5,1000000,859872.75
1002,lpush5,1000000,601322.94
1002,lrange5,1000000,888412.06
1003,lpush5,1000000,594884.00
1003,lrange5,1000000,926162.94
1004,lpush5,1000000,569476.06
1004,lrange5,1000000,917445.81
1005,lpush5,1000000,603577.56
1005,lrange5,1000000,966199.06
1006,lpush5,1000000,558035.69
1006,lrange5,1000000,761699.94
1007,lpush5,1000000,579420.62
1007,lrange5,1000000,821018.00
1008,lpush5,1000000,527451.50
1008,lrange5,1000000,982679.75
1009,lpush5,1000000,682670.31
1009,lrange5,1000000,1021483.19
1010,lpush5,1000000,673940.69
1010,lrange5,1000000,1033107.44
1011,lpush5,1000000,669354.75
1011,lrange5,1000000,986256.38
1012,lpush5,1000000,691562.94
1012,lrange5,1000000,986398.38
1013,lpush5,1000000,654931.25
1013,lrange5,1000000,900133.25
1014,lpush5,1000000,610569.00
1014,lrange5,1000000,963653.19
1015,lpush5,1000000,599908.81
1015,lrange5,1000000,907441.00
1016,lpush5,1000000,571801.06
1016,lrange5,1000000,836120.44
1017,lpush5,1000000,572109.81
1017,lrange5,1000000,1022593.06
1018,lpush5,1000000,654450.25
1018,lrange5,1000000,822473.69
1019,lpush5,1000000,581752.19
1019,lrange5,1000000,825188.12
1020,lpush5,1000000,592066.31
1020,lrange5,1000000,798174.00
1021,lpush5,1000000,583090.38
1021,lrange5,1000000,899280.56
1022,lpush5,1000000,612507.06
1022,lrange5,1000000,868166.69
1023,lpush5,1000000,585888.69
1023,lrange5,1000000,1020489.75
1024,lpush5,1000000,664925.56
1024,lrange5,1000000,1037377.62
1025,lpush5,1000000,664010.62
1025,lrange5,1000000,1070715.12
1026,lpush5,1000000,661845.12
1026,lrange5,1000000,1057150.12
1027,lpush5,1000000,679809.69
1027,lrange5,1000000,1062750.25
1028,lpush5,1000000,663623.12
1028,lrange5,1000000,944438.12
1029,lpush5,1000000,648643.31
1029,lrange5,1000000,1039650.69
1030,lpush5,1000000,658433.19
1030,lrange5,1000000,1032024.81
1031,lpush5,1000000,671237.56
1031,lrange5,1000000,1069775.38
1032,lpush5,1000000,679380.44
1032,lrange5,1000000,957885.00
1033,lpush5,1000000,657577.88
1033,lrange5,1000000,889002.69
1034,lpush5,1000000,640235.56
1034,lrange5,1000000,947973.50
1035,lpush5,1000000,663686.81
1035,lrange5,1000000,1030063.81
1036,lpush5,1000000,671613.19
1036,lrange5,1000000,1009178.62
1037,lpush5,1000000,664621.94
1037,lrange5,1000000,1053740.75
1038,lpush5,1000000,665410.50
1038,lrange5,1000000,977517.12
1039,lpush5,1000000,668002.69
1039,lrange5,1000000,1051743.50
1040,lpush5,1000000,674796.25
1040,lrange5,1000000,986224.81
1041,lpush5,1000000,655811.19
1041,lrange5,1000000,1040715.88
1042,lpush5,1000000,658761.50
1042,lrange5,1000000,981401.31
1043,lpush5,1000000,660533.69
1043,lrange5,1000000,1011300.25
1044,lpush5,1000000,616562.25
1044,lrange5,1000000,993159.94
1045,lpush5,1000000,642673.50
1045,lrange5,1000000,1009114.00
1046,lpush5,1000000,629001.25
1046,lrange5,1000000,1020473.44
1047,lpush5,1000000,653167.88
1047,lrange5,1000000,1007049.38
1048,lpush5,1000000,632121.38
1048,lrange5,1000000,882937.31
1049,lpush5,1000000,630577.56
1049,lrange5,1000000,911752.06
1050,lpush5,1000000,618811.88
1050,lrange5,1000000,1027815.00
1051,lpush5,1000000,623830.31
1051,lrange5,1000000,1006100.56
1052,lpush5,1000000,670765.88
1052,lrange5,1000000,1042769.56
1053,lpush5,1000000,659227.44
1053,lrange5,1000000,1036269.44
1054,lpush5,1000000,679885.81
1054,lrange5,1000000,1022625.81
1055,lpush5,1000000,701307.12
1055,lrange5,1000000,1088313.38
1056,lpush5,1000000,673929.94
1056,lrange5,1000000,1024770.50
1057,lpush5,1000000,572774.31
1057,lrange5,1000000,1008129.06
1058,lpush5,1000000,554105.25
1058,lrange5,1000000,968302.06
1059,lpush5,1000000,624619.62
1059,lrange5,1000000,809113.31
1060,lpush5,1000000,519227.41
1060,lrange5,1000000,587302.44
1061,lpush5,1000000,527519.00
1061,lrange5,1000000,760456.25
1062,lpush5,1000000,577710.00
1062,lrange5,1000000,856911.69
1063,lpush5,1000000,577719.25
1063,lrange5,1000000,843440.12
1064,lpush5,1000000,560861.50
1064,lrange5,1000000,842554.31
1065,lpush5,1000000,560627.81
1065,lrange5,1000000,881155.94
1066,lpush5,1000000,583789.81
1066,lrange5,1000000,854189.56
1067,lpush5,1000000,535627.19
1067,lrange5,1000000,794471.81
1068,lpush5,1000000,595630.75
1068,lrange5,1000000,990194.06
1069,lpush5,1000000,586901.44
1069,lrange5,1000000,909192.69
1070,lpush5,1000000,588272.94
1070,lrange5,1000000,856993.94
1071,lpush5,1000000,642745.50
1071,lrange5,1000000,1049435.50
1072,lpush5,1000000,679864.06
1072,lrange5,1000000,993128.12
1073,lpush5,1000000,580738.69
1073,lrange5,1000000,867344.31
1074,lpush5,1000000,599189.94
1074,lrange5,1000000,716366.75
1075,lpush5,1000000,596302.88
1075,lrange5,1000000,907455.56
1076,lpush5,1000000,565291.12
1076,lrange5,1000000,875796.88
1077,lpush5,1000000,573440.38
1077,lrange5,1000000,864304.25
1078,lpush5,1000000,530580.38
1078,lrange5,1000000,875072.62
1079,lpush5,1000000,625010.00
1079,lrange5,1000000,971832.81
1080,lpush5,1000000,596658.69
1080,lrange5,1000000,822421.06
1081,lpush5,1000000,590318.75
1081,lrange5,1000000,885810.50
1082,lpush5,1000000,586185.25
1082,lrange5,1000000,768811.69
1083,lpush5,1000000,606864.06
1083,lrange5,1000000,973725.44
1084,lpush5,1000000,592777.69
1084,lrange5,1000000,895326.75
1085,lpush5,1000000,545352.25
1085,lrange5,1000000,871080.12
1086,lpush5,1000000,586175.88
1086,lrange5,1000000,781550.00
1087,lpush5,1000000,596302.88
1087,lrange5,1000000,897033.19
1088,lpush5,1000000,581752.19
1088,lrange5,1000000,854755.56
1089,lpush5,1000000,585146.88
1089,lrange5,1000000,988142.31
1090,lpush5,1000000,630965.31
1090,lrange5,1000000,862124.19
1091,lpush5,1000000,605336.56
1091,lrange5,1000000,791905.00
1092,lpush5,1000000,583202.31
1092,lrange5,1000000,888184.69
1093,lpush5,1000000,612745.12
1093,lrange5,1000000,880366.19
1094,lpush5,1000000,572137.31
1094,lrange5,1000000,856191.81
1095,lpush5,1000000,606815.56
1095,lrange5,1000000,944423.00
1096,lpush5,1000000,630924.88
1096,lrange5,1000000,1016292.62
1097,lpush5,1000000,584453.56
1097,lrange5,1000000,821149.38
1098,lpush5,1000000,591744.38
1098,lrange5,1000000,827328.38
1099,lpush5,1000000,566599.44
1099,lrange5,1000000,883406.38
1100,lpush5,1000000,581441.88
1100,lrange5,1000000,910020.06
1101,lpush5,1000000,560609.88
1101,lrange5,1000000,902599.25
1102,lpush5,1000000,605404.38
1102,lrange5,1000000,974690.06
1103,lpush5,1000000,626616.56
1103,lrange5,1000000,914971.56
1104,lpush5,1000000,634951.06
1104,lrange5,1000000,986193.25
1105,lpush5,1000000,651994.75
1105,lrange5,1000000,939267.56
1106,lpush5,1000000,580055.69
1106,lrange5,1000000,892103.44
1107,lpush5,1000000,621514.00
1107,lrange5,1000000,933766.56
1108,lpush5,1000000,649824.56
1108,lrange5,1000000,1010230.31
1109,lpush5,1000000,622307.44
1109,lrange5,1000000,879662.31
1110,lpush5,1000000,615016.00
1110,lrange5,1000000,865814.75
1111,lpush5,1000000,641436.81
1111,lrange5,1000000,841845.12
1112,lpush5,1000000,626616.56
1112,lrange5,1000000,1056185.88
1113,lpush5,1000000,707838.62
1113,lrange5,1000000,1053825.12
1114,lpush5,1000000,696875.31
1114,lrange5,1000000,1121130.00
1115,lpush5,1000000,710250.00
1115,lrange5,1000000,1074113.88
1116,lpush5,1000000,717909.56
1116,lrange5,1000000,1108753.88
1117,lpush5,1000000,598086.12
1117,lrange5,1000000,1037493.81
1118,lpush5,1000000,681209.81
1118,lrange5,1000000,1050437.00
1119,lpush5,1000000,712319.06
1119,lrange5,1000000,1069553.00
1120,lpush5,1000000,684125.88
1120,lrange5,1000000,948918.38
1121,lpush5,1000000,676208.25
1121,lrange5,1000000,1033206.62
1122,lpush5,1000000,628950.94
1122,lrange5,1000000,912598.56
1123,lpush5,1000000,648518.81
1123,lrange5,1000000,1094337.00
1124,lpush5,1000000,616552.44
1124,lrange5,1000000,977517.12
1125,lpush5,1000000,643097.12
1125,lrange5,1000000,1038438.19
1126,lpush5,1000000,639887.44
1126,lrange5,1000000,1010198.00
1127,lpush5,1000000,679831.44
1127,lrange5,1000000,1039501.00
1128,lpush5,1000000,702258.44
1128,lrange5,1000000,1053909.38
1129,lpush5,1000000,694949.25
1129,lrange5,1000000,1041816.69
1130,lpush5,1000000,652399.25
1130,lrange5,1000000,707213.56
1131,lpush5,1000000,467093.88
1131,lrange5,1000000,1021581.25
1132,lpush5,1000000,673497.62
1132,lrange5,1000000,1015342.12
1133,lpush5,1000000,591063.81
1133,lrange5,1000000,733149.56
1134,lpush5,1000000,544365.81
1134,lrange5,1000000,1044965.50
1135,lpush5,1000000,665378.56
1135,lrange5,1000000,1007081.62
1136,lpush5,1000000,689655.12
1136,lrange5,1000000,1023590.56
1137,lpush5,1000000,621910.44
1137,lrange5,1000000,1040582.69
1138,lpush5,1000000,667567.44
1138,lrange5,1000000,1010311.12
1139,lpush5,1000000,671613.19
1139,lrange5,1000000,1052648.38
1140,lpush5,1000000,683071.06
1140,lrange5,1000000,1017456.81
1141,lpush5,1000000,621137.88
1141,lrange5,1000000,867358.19
1142,lpush5,1000000,518957.97
1142,lrange5,1000000,936329.62
1143,lpush5,1000000,647699.50
1143,lrange5,1000000,1013219.88
1144,lpush5,1000000,601322.94
1144,lrange5,1000000,983535.94
1145,lpush5,1000000,633332.50
1145,lrange5,1000000,884998.25
1146,lpush5,1000000,636557.62
1146,lrange5,1000000,946225.12
1147,lpush5,1000000,597400.25
1147,lrange5,1000000,912613.19
1148,lpush5,1000000,606844.69
1148,lrange5,1000000,988142.31
1149,lpush5,1000000,657040.75
1149,lrange5,1000000,1002052.06
1150,lpush5,1000000,667154.12
1150,lrange5,1000000,964443.62
1151,lpush5,1000000,600240.06
1151,lrange5,1000000,967117.94
1152,lpush5,1000000,652835.56
1152,lrange5,1000000,959785.00
1153,lpush5,1000000,632642.62
1153,lrange5,1000000,964412.81
1154,lpush5,1000000,650226.25
1154,lrange5,1000000,870377.69
1155,lpush5,1000000,646443.44
1155,lrange5,1000000,947867.38
1156,lpush5,1000000,645639.75
1156,lrange5,1000000,948201.00
1157,lpush5,1000000,629346.75
1157,lrange5,1000000,1004176.69
1158,lpush5,1000000,628940.88
1158,lrange5,1000000,994178.88
1159,lpush5,1000000,638569.62
1159,lrange5,1000000,999144.81
1160,lpush5,1000000,638977.62
1160,lrange5,1000000,1002004.00
1161,lpush5,1000000,636537.25
1161,lrange5,1000000,1009210.88
1162,lpush5,1000000,627826.75
1162,lrange5,1000000,981526.94
1163,lpush5,1000000,626716.81
1163,lrange5,1000000,989325.38
1164,lpush5,1000000,629722.88
1164,lrange5,1000000,1017294.00
1165,lpush5,1000000,642271.00
1165,lrange5,1000000,1003201.62
1166,lpush5,1000000,636942.62
1166,lrange5,1000000,1041666.69
1167,lpush5,1000000,692542.94
1167,lrange5,1000000,1032123.88
1168,lpush5,1000000,653615.69
1168,lrange5,1000000,1056270.25
1169,lpush5,1000000,662690.56
1169,lrange5,1000000,1026792.62
1170,lpush5,1000000,666794.69
1170,lrange5,1000000,1024622.94
1171,lpush5,1000000,684986.31
1171,lrange5,1000000,940824.12
1172,lpush5,1000000,674785.44
1172,lrange5,1000000,1036368.94
1173,lpush5,1000000,661481.50
1173,lrange5,1000000,1066115.12
1174,lpush5,1000000,666720.00
1174,lrange5,1000000,971926.12
1175,lpush5,1000000,659248.56
1175,lrange5,1000000,1019498.44
1176,lpush5,1000000,635385.00
1176,lrange5,1000000,1057082.50
1177,lpush5,1000000,602792.00
1177,lrange5,1000000,977720.44
1178,lpush5,1000000,594215.12
1178,lrange5,1000000,1027930.12
1179,lpush5,1000000,634599.00
1179,lrange5,1000000,932264.69
1180,lpush5,1000000,652741.56
1180,lrange5,1000000,934609.31
1181,lpush5,1000000,636567.81
1181,lrange5,1000000,1058438.12
1182,lpush5,1000000,668002.69
1182,lrange5,1000000,944332.38
1183,lpush5,1000000,612794.12
1183,lrange5,1000000,988158.12
1184,lpush5,1000000,628565.69
1184,lrange5,1000000,978520.56
1185,lpush5,1000000,641869.06
1185,lrange5,1000000,995104.50
1186,lpush5,1000000,592085.25
1186,lrange5,1000000,975765.88
1187,lpush5,1000000,642322.38
1187,lrange5,1000000,1000016.00
1188,lpush5,1000000,621157.75
1188,lrange5,1000000,958849.50
1189,lpush5,1000000,690696.12
1189,lrange5,1000000,969054.31
1190,lpush5,1000000,597457.56
1190,lrange5,1000000,1035262.94
1191,lpush5,1000000,664451.81
1191,lrange5,1000000,885097.38
1192,lpush5,1000000,517104.44
1192,lrange5,1000000,978786.75
1193,lpush5,1000000,506626.16
1193,lrange5,1000000,920066.25
1194,lpush5,1000000,625782.19
1194,lrange5,1000000,1102694.62
1195,lpush5,1000000,704732.88
1195,lrange5,1000000,1053774.50
1196,lpush5,1000000,641025.69
1196,lrange5,1000000,1084650.75
1197,lpush5,1000000,711283.06
1197,lrange5,1000000,1069553.00
1198,lpush5,1000000,702359.56
1198,lrange5,1000000,1112364.88
1199,lpush5,1000000,713867.25
1199,lrange5,1000000,1088139.25
1200,lpush5,1000000,693100.50
1200,lrange5,1000000,1128776.50
1201,lpush5,1000000,708751.25
1201,lrange5,1000000,1112364.88
1202,lpush5,1000000,694073.56
1202,lrange5,1000000,1065133.12
1203,lpush5,1000000,701295.94
1203,lrange5,1000000,1094214.50
1204,lpush5,1000000,683071.06
1204,lrange5,1000000,898573.19
1205,lpush5,1000000,657514.75
1205,lrange5,1000000,1060564.12
1206,lpush5,1000000,619204.94
1206,lrange5,1000000,855609.88
1207,lpush5,1000000,648981.19
1207,lrange5,1000000,946285.69
1208,lpush5,1000000,643158.88
1208,lrange5,1000000,1020473.44
1209,lpush5,1000000,641035.94
1209,lrange5,1000000,949728.44
1210,lpush5,1000000,510204.06
1210,lrange5,1000000,862950.81
1211,lpush5,1000000,619294.12
1211,lrange5,1000000,909236.38
1212,lpush5,1000000,588628.62
1212,lrange5,1000000,910848.75
1213,lpush5,1000000,573403.69
1213,lrange5,1000000,954198.50
1214,lpush5,1000000,587936.50
1214,lrange5,1000000,921865.38
1215,lpush5,1000000,595238.12
1215,lrange5,1000000,904159.19
1216,lpush5,1000000,607902.75
1216,lrange5,1000000,912729.94
1217,lpush5,1000000,593481.31
1217,lrange5,1000000,947867.38
1218,lpush5,1000000,562474.69
1218,lrange5,1000000,819868.81
1219,lpush5,1000000,588263.50
1219,lrange5,1000000,1022642.12
1220,lpush5,1000000,583477.25
1220,lrange5,1000000,802709.44
1221,lpush5,1000000,588263.50
1221,lrange5,1000000,956999.06
1222,lpush5,1000000,564370.19
1222,lrange5,1000000,880408.44
1223,lpush5,1000000,566581.31
1223,lrange5,1000000,789266.00
1224,lpush5,1000000,576812.00
1224,lrange5,1000000,861464.25
1225,lpush5,1000000,592426.56
1225,lrange5,1000000,905811.62
1226,lpush5,1000000,512032.78
1226,lrange5,1000000,906821.38
1227,lpush5,1000000,599180.31
1227,lrange5,1000000,959738.94
1228,lpush5,1000000,636254.44
1228,lrange5,1000000,932955.19
1229,lpush5,1000000,645181.94
1229,lrange5,1000000,910877.94
1230,lpush5,1000000,613883.38
1230,lrange5,1000000,899395.69
1231,lpush5,1000000,609120.62
1231,lrange5,1000000,1010246.44
1232,lpush5,1000000,677069.75
1232,lrange5,1000000,1045099.25
1233,lpush5,1000000,663612.50
1233,lrange5,1000000,1015244.62
1234,lpush5,1000000,644340.19
1234,lrange5,1000000,970935.94
1235,lpush5,1000000,665021.31
1235,lrange5,1000000,948857.69
1236,lpush5,1000000,592777.69
1236,lrange5,1000000,790180.06
1237,lpush5,1000000,600687.12
1237,lrange5,1000000,896243.69
1238,lpush5,1000000,631313.12
1238,lrange5,1000000,939042.19
1239,lpush5,1000000,647689.12
1239,lrange5,1000000,997008.94
1240,lpush5,1000000,656703.88
1240,lrange5,1000000,1001129.12
1241,lpush5,1000000,662294.06
1241,lrange5,1000000,970904.88
1242,lpush5,1000000,632111.25
1242,lrange5,1000000,964443.62
1243,lpush5,1000000,630129.81
1243,lrange5,1000000,915809.50
1244,lpush5,1000000,584814.00
1244,lrange5,1000000,854011.94
1245,lpush5,1000000,570459.75
1245,lrange5,1000000,922509.25
1246,lpush5,1000000,600259.31
1246,lrange5,1000000,767018.38
1247,lpush5,1000000,617283.94
1247,lrange5,1000000,786251.62
1248,lpush5,1000000,533652.12
1248,lrange5,1000000,859257.69
1249,lpush5,1000000,569548.94
1249,lrange5,1000000,794319.31
1250,lpush5,1000000,585564.44
1250,lrange5,1000000,777000.81
1251,lpush5,1000000,565318.25
1251,lrange5,1000000,926103.69
1252,lpush5,1000000,590422.69
1252,lrange5,1000000,926784.06
1253,lpush5,1000000,572146.44
1253,lrange5,1000000,850380.94
1254,lpush5,1000000,577080.19
1254,lrange5,1000000,891408.19
1255,lpush5,1000000,580092.81
1255,lrange5,1000000,743518.19
1256,lpush5,1000000,595602.12
1256,lrange5,1000000,969178.38
1257,lpush5,1000000,597747.75
1257,lrange5,1000000,892103.44
1258,lpush5,1000000,545081.19
1258,lrange5,1000000,854039.25
1259,lpush5,1000000,453309.12
1259,lrange5,1000000,906690.81
1260,lpush5,1000000,578053.19
1260,lrange5,1000000,953456.62
1261,lpush5,1000000,640276.56
1261,lrange5,1000000,930440.88
1262,lpush5,1000000,559597.12
1262,lrange5,1000000,949682.81
1263,lpush5,1000000,613565.62
1263,lrange5,1000000,927065.81
1264,lpush5,1000000,599266.62
1264,lrange5,1000000,841083.25
1265,lpush5,1000000,497273.03
1265,lrange5,1000000,624699.56
1266,lpush5,1000000,573403.69
1266,lrange5,1000000,926798.88
1267,lpush5,1000000,587293.00
1267,lrange5,1000000,878790.88
1268,lpush5,1000000,532000.00
1268,lrange5,1000000,937327.06
1269,lpush5,1000000,604258.62
1269,lrange5,1000000,971013.62
1270,lpush5,1000000,643531.50
1270,lrange5,1000000,890642.88
1271,lpush5,1000000,643086.81
1271,lrange5,1000000,956084.12
1272,lpush5,1000000,612379.69
1272,lrange5,1000000,838263.25
1273,lpush5,1000000,571810.19
1273,lrange5,1000000,1004144.56
1274,lpush5,1000000,654941.75
1274,lrange5,1000000,1026694.06
1275,lpush5,1000000,677113.06
1275,lrange5,1000000,989119.62
1276,lpush5,1000000,658359.44
1276,lrange5,1000000,993318.81
1277,lpush5,1000000,619982.62
1277,lrange5,1000000,892160.50
1278,lpush5,1000000,676186.62
1278,lrange5,1000000,1010101.00
1279,lpush5,1000000,659259.06
1279,lrange5,1000000,1044948.75
1280,lpush5,1000000,605067.12
1280,lrange5,1000000,978473.62
1281,lpush5,1000000,640286.81
1281,lrange5,1000000,1014231.25
1282,lpush5,1000000,667132.75
1282,lrange5,1000000,997088.69
1283,lpush5,1000000,678491.19
1283,lrange5,1000000,1062750.25
1284,lpush5,1000000,677539.31
1284,lrange5,1000000,963684.00
1285,lpush5,1000000,663591.25
1285,lrange5,1000000,1034159.25
1286,lpush5,1000000,687329.19
1286,lrange5,1000000,997136.56
1287,lpush5,1000000,663580.62
1287,lrange5,1000000,1045049.06
1288,lpush5,1000000,652762.44
1288,lrange5,1000000,889679.75
1289,lpush5,1000000,653688.88
1289,lrange5,1000000,1024639.31
1290,lpush5,1000000,663570.00
1290,lrange5,1000000,1010246.44
1291,lpush5,1000000,640215.12
1291,lrange5,1000000,1046125.56
1292,lpush5,1000000,663140.56
1292,lrange5,1000000,958099.56
1293,lpush5,1000000,647668.38
1293,lrange5,1000000,998147.75
1294,lpush5,1000000,676165.00
1294,lrange5,1000000,1010181.81
1295,lpush5,1000000,666698.69
1295,lrange5,1000000,1020408.12
1296,lpush5,1000000,678117.94
1296,lrange5,1000000,986193.25
1297,lpush5,1000000,655811.19
1297,lrange5,1000000,1035378.88
1298,lpush5,1000000,649361.06
1298,lrange5,1000000,990194.06
1299,lpush5,1000000,672548.75
1299,lrange5,1000000,1025657.44
1300,lpush5,1000000,668024.06
1300,lrange5,1000000,992222.19
1301,lpush5,1000000,648108.88
1301,lrange5,1000000,1019384.31
1302,lpush5,1000000,677636.88
1302,lrange5,1000000,1038421.62
1303,lpush5,1000000,676589.94
1303,lrange5,1000000,993144.00
1304,lpush5,1000000,677167.25
1304,lrange5,1000000,1006181.06
1305,lpush5,1000000,656220.44
1305,lrange5,1000000,823071.56
1306,lpush5,1000000,643603.62
1306,lrange5,1000000,1010214.12
1307,lpush5,1000000,681198.88
1307,lrange5,1000000,1037626.56
1308,lpush5,1000000,667620.81
1308,lrange5,1000000,999096.88
1309,lpush5,1000000,647699.50
1309,lrange5,1000000,990130.69
1310,lpush5,1000000,666730.69
1310,lrange5,1000000,1016341.44
1311,lpush5,1000000,678436.94
1311,lrange5,1000000,1037527.00
1312,lpush5,1000000,674362.75
1312,lrange5,1000000,982349.69
1313,lpush5,1000000,647772.00
1313,lrange5,1000000,991096.19
1314,lpush5,1000000,596350.62
1314,lrange5,1000000,1056084.50
1315,lpush5,1000000,684964.38
1315,lrange5,1000000,1000048.00
1316,lpush5,1000000,648529.19
1316,lrange5,1000000,992095.25
1317,lpush5,1000000,598124.38
1317,lrange5,1000000,835515.44
1318,lpush5,1000000,665789.62
1318,lrange5,1000000,1023574.19
1319,lpush5,1000000,683125.69
1319,lrange5,1000000,1032123.88
1320,lpush5,1000000,673400.69
1320,lrange5,1000000,962479.25
1321,lpush5,1000000,663193.62
1321,lrange5,1000000,1034275.06
1322,lpush5,1000000,679402.19
1322,lrange5,1000000,998099.81
1323,lpush5,1000000,595947.56
1323,lrange5,1000000,772884.06
1324,lpush5,1000000,609384.50
1324,lrange5,1000000,938161.38
1325,lpush5,1000000,606109.12
1325,lrange5,1000000,1011122.31
1326,lpush5,1000000,653188.75
1326,lrange5,1000000,1014344.81
1327,lpush5,1000000,666666.69
1327,lrange5,1000000,987387.94
1328,lpush5,1000000,653167.88
1328,lrange5,1000000,1007081.62
1329,lpush5,1000000,632941.75
1329,lrange5,1000000,1029932.00
1330,lpush5,1000000,666773.31
1330,lrange5,1000000,997072.75
1331,lpush5,1000000,601704.00
1331,lrange5,1000000,1002020.00
1332,lpush5,1000000,649361.06
1332,lrange5,1000000,988237.19
1333,lpush5,1000000,664904.25
1333,lrange5,1000000,1046058.62
1334,lpush5,1000000,616202.06
1334,lrange5,1000000,914913.06
1335,lpush5,1000000,650659.75
1335,lrange5,1000000,914266.94
1336,lpush5,1000000,642332.69
1336,lrange5,1000000,1017375.38
1337,lpush5,1000000,668034.75
1337,lrange5,1000000,1014344.81
1338,lpush5,1000000,667610.12
1338,lrange5,1000000,1009130.19
1339,lpush5,1000000,627746.38
1339,lrange5,1000000,1018427.69
1340,lpush5,1000000,638998.06
1340,lrange5,1000000,1018329.94
1341,lpush5,1000000,678128.81
1341,lrange5,1000000,1044998.94
1342,lpush5,1000000,679423.94
1342,lrange5,1000000,962725.69
1343,lpush5,1000000,657124.88
1343,lrange5,1000000,1027782.12
1344,lpush5,1000000,649402.62
1344,lrange5,1000000,1004224.94
1345,lpush5,1000000,671591.69
1345,lrange5,1000000,1042903.06
1346,lpush5,1000000,677123.88
1346,lrange5,1000000,1003025.12
1347,lpush5,1000000,654492.12
1347,lrange5,1000000,987293.19
1348,lpush5,1000000,604258.62
1348,lrange5,1000000,859927.81
1349,lpush5,1000000,680272.12
1349,lrange5,1000000,1038421.62
1350,lpush5,1000000,680767.88
1350,lrange5,1000000,1023721.62
1351,lpush5,1000000,676622.44
1351,lrange5,1000000,1013203.69
1352,lpush5,1000000,629427.31
1352,lrange5,1000000,1007081.62
1353,lpush5,1000000,669824.50
1353,lrange5,1000000,1047220.94
1354,lpush5,1000000,673066.00
1354,lrange5,1000000,1001177.19
1355,lpush5,1000000,661470.94
1355,lrange5,1000000,769267.75
1356,lpush5,1000000,565327.31
1356,lrange5,1000000,1018378.81
1357,lpush5,1000000,668545.44
1357,lrange5,1000000,1018395.12
1358,lpush5,1000000,635354.50
1358,lrange5,1000000,1006068.38
1359,lpush5,1000000,663676.19
1359,lrange5,1000000,1007049.38
1360,lpush5,1000000,638182.50
1360,lrange5,1000000,1052850.50
1361,lpush5,1000000,677506.81
1361,lrange5,1000000,1019416.94
1362,lpush5,1000000,657936.88
1362,lrange5,1000000,997152.50
1363,lpush5,1000000,681220.69
1363,lrange5,1000000,1061741.00
1364,lpush5,1000000,628555.62
1364,lrange5,1000000,1006116.69
1365,lpush5,1000000,676262.38
1365,lrange5,1000000,868277.81
1366,lpush5,1000000,668481.25
1366,lrange5,1000000,1017440.50
1367,lpush5,1000000,672527.25
1367,lrange5,1000000,1021630.25
1368,lpush5,1000000,641447.06
1368,lrange5,1000000,1025673.81
1369,lpush5,1000000,667588.75
1369,lrange5,1000000,1026858.31
1370,lpush5,1000000,631333.31
1370,lrange5,1000000,1032222.94
1371,lpush5,1000000,670690.81
1371,lrange5,1000000,1013187.44
1372,lpush5,1000000,536210.19
1372,lrange5,1000000,1028921.81
1373,lpush5,1000000,675729.75
1373,lrange5,1000000,1017456.81
1374,lpush5,1000000,681663.25
1374,lrange5,1000000,1033173.56
1375,lpush5,1000000,659725.56
1375,lrange5,1000000,979478.94
1376,lpush5,1000000,637369.00
1376,lrange5,1000000,1021564.88
1377,lpush5,1000000,666688.00
1377,lrange5,1000000,993128.12
1378,lpush5,1000000,675284.31
1378,lrange5,1000000,1037527.00
1379,lpush5,1000000,672613.31
1379,lrange5,1000000,1020408.12
1380,lpush5,1000000,635364.69
1380,lrange5,1000000,1059474.62
1381,lpush5,1000000,670241.31
1381,lrange5,1000000,1027963.00
1382,lpush5,1000000,667154.12
1382,lrange5,1000000,1013203.69
1383,lpush5,1000000,658835.31
1383,lrange5,1000000,1029882.56
1384,lpush5,1000000,634940.94
1384,lrange5,1000000,969038.81
1385,lpush5,1000000,673433.00
1385,lrange5,1000000,1006116.69
1386,lpush5,1000000,646892.62
1386,lrange5,1000000,1021499.50
1387,lpush5,1000000,661813.38
1387,lrange5,1000000,1007129.94
1388,lpush5,1000000,620426.81
1388,lrange5,1000000,910950.75
1389,lpush5,1000000,674319.62
1389,lrange5,1000000,987293.19
1390,lpush5,1000000,641539.44
1390,lrange5,1000000,1015309.62
1391,lpush5,1000000,678447.75
1391,lrange5,1000000,950707.19
1392,lpush5,1000000,617843.12
1392,lrange5,1000000,988268.81
1393,lpush5,1000000,678042.00
1393,lrange5,1000000,998051.94
1394,lpush5,1000000,670733.69
1394,lrange5,1000000,1021564.88
1395,lpush5,1000000,667132.75
1395,lrange5,1000000,999032.94
1396,lpush5,1000000,648160.75
1396,lrange5,1000000,1013203.69
1397,lpush5,1000000,670701.50
1397,lrange5,1000000,1019531.06
1398,lpush5,1000000,662389.44
1398,lrange5,1000000,1042802.94
1399,lpush5,1000000,664473.06
1399,lrange5,1000000,974814.81
1400,lpush5,1000000,649361.06
1400,lrange5,1000000,1055071.75
1401,lpush5,1000000,677571.81
1401,lrange5,1000000,1044091.88
1402,lpush5,1000000,624369.56
1402,lrange5,1000000,881904.81
1403,lpush5,1000000,649876.50
1403,lrange5,1000000,945345.94
1404,lpush5,1000000,638192.69
1404,lrange5,1000000,1021646.62
1405,lpush5,1000000,679831.44
1405,lrange5,1000000,1030993.81
1406,lpush5,1000000,687757.94
1406,lrange5,1000000,1018346.25
1407,lpush5,1000000,678436.94
1407,lrange5,1000000,968131.69
1408,lpush5,1000000,643148.56
1408,lrange5,1000000,1026874.75
1409,lpush5,1000000,667578.06
1409,lrange5,1000000,1027831.44
1410,lpush5,1000000,663591.25
1410,lrange5,1000000,1052833.75
1411,lpush5,1000000,654053.62
1411,lrange5,1000000,959846.38
1412,lpush5,1000000,650257.50
1412,lrange5,1000000,1016439.00
1413,lpush5,1000000,663161.81
1413,lrange5,1000000,1027749.25
1414,lpush5,1000000,668896.31
1414,lrange5,1000000,996063.81
1415,lpush5,1000000,658782.62
1415,lrange5,1000000,999032.94
1416,lpush5,1000000,641467.62
1416,lrange5,1000000,1037510.38
1417,lpush5,1000000,678897.44
1417,lrange5,1000000,1013252.31
1418,lpush5,1000000,659725.56
1418,lrange5,1000000,978818.06
1419,lpush5,1000000,638192.69
1419,lrange5,1000000,958849.50
1420,lpush5,1000000,600961.50
1420,lrange5,1000000,1031991.75
1421,lpush5,1000000,677102.25
1421,lrange5,1000000,1010230.31
1422,lpush5,1000000,668024.06
1422,lrange5,1000000,1039700.62
1423,lpush5,1000000,663686.81
1423,lrange5,1000000,1017310.31
1424,lpush5,1000000,611679.50
1424,lrange5,1000000,981354.19
1425,lpush5,1000000,672075.25
1425,lrange5,1000000,1004064.25
1426,lpush5,1000000,649793.38
1426,lrange5,1000000,990130.69
1427,lpush5,1000000,657894.75
1427,lrange5,1000000,1032057.81
1428,lpush5,1000000,656188.94
1428,lrange5,1000000,989230.44
1429,lpush5,1000000,666805.31
1429,lrange5,1000000,1016325.19
1430,lpush5,1000000,648171.12
1430,lrange5,1000000,1022576.69
1431,lpush5,1000000,670252.00
1431,lrange5,1000000,1012145.75
1432,lpush5,1000000,643935.62
1432,lrange5,1000000,1016406.50
1433,lpush5,1000000,679391.31
1433,lrange5,1000000,1019596.31
1434,lpush5,1000000,666297.12
1434,lrange5,1000000,1018411.44
1435,lpush5,1000000,664462.44
1435,lrange5,1000000,1011187.06
1436,lpush5,1000000,644371.12
1436,lrange5,1000000,1051608.88
1437,lpush5,1000000,675370.75
1437,lrange5,1000000,1039584.19
1438,lpush5,1000000,667111.44
1438,lrange5,1000000,1022642.12
1439,lpush5,1000000,655758.69
1439,lrange5,1000000,962463.88
1440,lpush5,1000000,643086.81
1440,lrange5,1000000,992126.94
1441,lpush5,1000000,664138.12
1441,lrange5,1000000,1020424.50
1442,lpush5,1000000,665885.50
1442,lrange5,1000000,997120.62
1443,lpush5,1000000,657926.31
1443,lrange5,1000000,857783.88
1444,lpush5,1000000,651507.50
1444,lrange5,1000000,1034258.50
1445,lpush5,1000000,681674.19
1445,lrange5,1000000,975687.81
1446,lpush5,1000000,651497.06
1446,lrange5,1000000,1039600.81
1447,lpush5,1000000,674352.00
1447,lrange5,1000000,1002116.19
1448,lpush5,1000000,626576.44
1448,lrange5,1000000,971029.12
1449,lpush5,1000000,641508.62
1449,lrange5,1000000,993223.44
1450,lpush5,1000000,652336.62
1450,lrange5,1000000,1008080.69
1451,lpush5,1000000,662743.56
1451,lrange5,1000000,999128.81
1452,lpush5,1000000,642271.00
1452,lrange5,1000000,1050521.00
1453,lpush5,1000000,673876.00
1453,lrange5,1000000,1014279.94
1454,lpush5,1000000,659216.88
1454,lrange5,1000000,1043991.62
1455,lpush5,1000000,657156.38
1455,lrange5,1000000,925173.00
1456,lpush5,1000000,634145.81
1456,lrange5,1000000,978661.50
1457,lpush5,1000000,672129.00
1457,lrange5,1000000,1016422.75
1458,lpush5,1000000,665389.19
1458,lrange5,1000000,870322.00
1459,lpush5,1000000,667652.88
1459,lrange5,1000000,901843.12
1460,lpush5,1000000,656188.94
1460,lrange5,1000000,1024590.12
1461,lpush5,1000000,672193.56
1461,lrange5,1000000,1041716.69
1462,lpush5,1000000,671602.44
1462,lrange5,1000000,1015244.62
1463,lpush5,1000000,646495.12
1463,lrange5,1000000,965312.75
1464,lpush5,1000000,639795.25
1464,lrange5,1000000,1029915.56
1465,lpush5,1000000,684060.19
1465,lrange5,1000000,974830.38
1466,lpush5,1000000,622744.75
1466,lrange5,1000000,1002148.25
1467,lpush5,1000000,669888.81
1467,lrange5,1000000,933721.75
1468,lpush5,1000000,648939.62
1468,lrange5,1000000,1041833.38
1469,lpush5,1000000,670723.00
1469,lrange5,1000000,1010133.31
1470,lpush5,1000000,667111.44
1470,lrange5,1000000,1007242.75
1471,lpush5,1000000,639826.00
1471,lrange5,1000000,956175.88
1472,lpush5,1000000,655025.56
1472,lrange5,1000000,1029981.44
1473,lpush5,1000000,673876.00
1473,lrange5,1000000,1008225.81
1474,lpush5,1000000,658359.44
1474,lrange5,1000000,938176.38
1475,lpush5,1000000,528642.69
1475,lrange5,1000000,769847.56
1476,lpush5,1000000,645212.94
1476,lrange5,1000000,928594.25
1477,lpush5,1000000,627029.44
1477,lrange5,1000000,938967.06
1478,lpush5,1000000,649361.06
1478,lrange5,1000000,994083.44
1479,lpush5,1000000,631711.94
1479,lrange5,1000000,992222.19
1480,lpush5,1000000,665800.25
1480,lrange5,1000000,940884.31
1481,lpush5,1000000,621940.31
1481,lrange5,1000000,1033190.06
1482,lpush5,1000000,664010.62
1482,lrange5,1000000,1023574.19
1483,lpush5,1000000,638620.69
1483,lrange5,1000000,859257.69
1484,lpush5,1000000,596341.06
1484,lrange5,1000000,958788.12
1485,lpush5,1000000,594922.06
1485,lrange5,1000000,977657.88
1486,lpush5,1000000,498520.44
1486,lrange5,1000000,688892.56
1487,lpush5,1000000,541755.19
1487,lrange5,1000000,892928.56
1488,lpush5,1000000,631383.81
1488,lrange5,1000000,980407.88
1489,lpush5,1000000,651114.56
1489,lrange5,1000000,1022723.94
1490,lpush5,1000000,636993.62
1490,lrange5,1000000,914325.44
1491,lpush5,1000000,646474.44
1491,lrange5,1000000,1005121.62
1492,lpush5,1000000,538844.81
1492,lrange5,1000000,851816.00
1493,lpush5,1000000,579728.69
1493,lrange5,1000000,872907.50
1494,lpush5,1000000,609785.38
1494,lrange5,1000000,998083.88
1495,lpush5,1000000,639836.25
1495,lrange5,1000000,980407.88
1496,lpush5,1000000,537634.38
1496,lrange5,1000000,960722.38
1497,lpush5,1000000,645701.75
1497,lrange5,1000000,966384.56
1498,lpush5,1000000,635778.81
1498,lrange5,1000000,1003025.12
1499,lpush5,1000000,663654.94
1499,lrange5,1000000,851829.62
1500,lpush5,1000000,599530.00
1500,lrange5,1000000,962494.69
1501,lpush5,1000000,632141.56
1501,lrange5,1000000,915794.88
1502,lpush5,1000000,668056.12
1502,lrange5,1000000,1048301.88
1503,lpush5,1000000,671259.06
1503,lrange5,1000000,1014247.44
1504,lpush5,1000000,653199.19
1504,lrange5,1000000,985426.62
1505,lpush5,1000000,658348.88
1505,lrange5,1000000,945285.50
1506,lpush5,1000000,665367.94
1506,lrange5,1000000,995072.62
1507,lpush5,1000000,660150.50
1507,lrange5,1000000,996063.81
1508,lpush5,1000000,655391.88
1508,lrange5,1000000,924391.88
1509,lpush5,1000000,626959.25
1509,lrange5,1000000,878875.19
1510,lpush5,1000000,675241.06
1510,lrange5,1000000,1019645.25
1511,lpush5,1000000,668896.31
1511,lrange5,1000000,1018492.88
1512,lpush5,1000000,674384.31
1512,lrange5,1000000,1033057.88
1513,lpush5,1000000,661002.00
1513,lrange5,1000000,939072.25
1514,lpush5,1000000,662711.75
1514,lrange5,1000000,1030927.81
1515,lpush5,1000000,649834.94
1515,lrange5,1000000,1003041.12
1516,lpush5,1000000,661866.31
1516,lrange5,1000000,993064.56
1517,lpush5,1000000,643510.94
1517,lrange5,1000000,981354.19
1518,lpush5,1000000,657030.25
1518,lrange5,1000000,1005105.50
1519,lpush5,1000000,654179.19
1519,lrange5,1000000,1025805.12
1520,lpush5,1000000,658845.88
1520,lrange5,1000000,987277.38
1521,lpush5,1000000,659248.56
1521,lrange5,1000000,921747.44
1522,lpush5,1000000,671591.69
1522,lrange5,1000000,1033074.38
1523,lpush5,1000000,653251.44
1523,lrange5,1000000,1024704.94
1524,lpush5,1000000,653699.38
1524,lrange5,1000000,998051.94
1525,lpush5,1000000,653324.62
1525,lrange5,1000000,938116.31
1526,lpush5,1000000,667154.12
1526,lrange5,1000000,1025673.81
1527,lpush5,1000000,672559.50
1527,lrange5,1000000,1036352.38
1528,lpush5,1000000,671269.81
1528,lrange5,1000000,1025641.00
1529,lpush5,1000000,666254.50
1529,lrange5,1000000,933706.81
1530,lpush5,1000000,675305.88
1530,lrange5,1000000,882654.88
1531,lpush5,1000000,614638.00
1531,lrange5,1000000,1029948.50
1532,lpush5,1000000,649392.25
1532,lrange5,1000000,997040.88
1533,lpush5,1000000,653605.25
1533,lrange5,1000000,957014.38
1534,lpush5,1000000,643552.12
1534,lrange5,1000000,1021548.56
1535,lpush5,1000000,653167.88
1535,lrange5,1000000,999016.94
1536,lpush5,1000000,666762.69
1536,lrange5,1000000,1008161.31
1537,lpush5,1000000,570840.19
1537,lrange5,1000000,1016308.94
1538,lpush5,1000000,658793.12
1538,lrange5,1000000,1043841.31
1539,lpush5,1000000,666233.19
1539,lrange5,1000000,971817.25
1540,lpush5,1000000,652814.62
1540,lrange5,1000000,874223.75
1541,lpush5,1000000,631373.75
1541,lrange5,1000000,1019368.00
1542,lpush5,1000000,633332.50
1542,lrange5,1000000,1021532.19
1543,lpush5,1000000,665832.25
1543,lrange5,1000000,1029948.50
1544,lpush5,1000000,675230.25
1544,lrange5,1000000,1023590.56
1545,lpush5,1000000,649381.81
1545,lrange5,1000000,1026694.06
1546,lpush5,1000000,648191.81
1546,lrange5,1000000,1029037.06
1547,lpush5,1000000,662711.75
1547,lrange5,1000000,1020489.75
1548,lpush5,1000000,663601.88
1548,lrange5,1000000,1013317.12
1549,lpush5,1000000,625390.88
1549,lrange5,1000000,1001049.06
1550,lpush5,1000000,677658.56
1550,lrange5,1000000,1002212.38
1551,lpush5,1000000,628666.25
1551,lrange5,1000000,906705.31
1552,lpush5,1000000,671602.44
1552,lrange5,1000000,1020424.50
1553,lpush5,1000000,626959.25
1553,lrange5,1000000,1020620.38
1554,lpush5,1000000,666286.44
1554,lrange5,1000000,1000208.00
1555,lpush5,1000000,664074.38
1555,lrange5,1000000,1023721.62
1556,lpush5,1000000,654460.75
1556,lrange5,1000000,981574.06
1557,lpush5,1000000,629722.88
1557,lrange5,1000000,1022625.81
1558,lpush5,1000000,663612.50
1558,lrange5,1000000,1005057.31
1559,lpush5,1000000,659630.56
1559,lrange5,1000000,981369.94
1560,lpush5,1000000,672096.75
1560,lrange5,1000000,998067.88
1561,lpush5,1000000,595976.19
1561,lrange5,1000000,881184.12
1562,lpush5,1000000,574767.81
1562,lrange5,1000000,967334.56
1563,lpush5,1000000,526870.38
1563,lrange5,1000000,732612.44
1564,lpush5,1000000,605732.25
1564,lrange5,1000000,846889.06
1565,lpush5,1000000,637034.38
1565,lrange5,1000000,990162.38
1566,lpush5,1000000,586166.50
1566,lrange5,1000000,952594.31
1567,lpush5,1000000,656188.94
1567,lrange5,1000000,1005153.75
1568,lpush5,1000000,568218.19
1568,lrange5,1000000,1013300.94
1569,lpush5,1000000,668534.75
1569,lrange5,1000000,990257.44
1570,lpush5,1000000,672193.56
1570,lrange5,1000000,983331.38
1571,lpush5,1000000,641066.69
1571,lrange5,1000000,995040.81
1572,lpush5,1000000,617382.69
1572,lrange5,1000000,1029069.94
1573,lpush5,1000000,667218.19
1573,lrange5,1000000,1037527.00
1574,lpush5,1000000,676240.69
1574,lrange5,1000000,980549.06
1575,lpush5,1000000,661396.81
1575,lrange5,1000000,1002036.06
1576,lpush5,1000000,609013.44
1576,lrange5,1000000,1012178.19
1577,lpush5,1000000,675762.12
1577,lrange5,1000000,1049485.88
1578,lpush5,1000000,583458.56
1578,lrange5,1000000,991302.31
1579,lpush5,1000000,659704.50
1579,lrange5,1000000,1009114.00
1580,lpush5,1000000,625782.19
1580,lrange5,1000000,1017342.88
1581,lpush5,1000000,663570.00
1581,lrange5,1000000,1026710.50
1582,lpush5,1000000,648929.25
1582,lrange5,1000000,1033107.44
1583,lpush5,1000000,652772.88
1583,lrange5,1000000,1013171.25
1584,lpush5,1000000,618096.38
1584,lrange5,1000000,1029866.12
1585,lpush5,1000000,677976.94
1585,lrange5,1000000,854906.00
1586,lpush5,1000000,639437.31
1586,lrange5,1000000,695038.19
1587,lpush5,1000000,659630.56
1587,lrange5,1000000,1001161.12
1588,lpush5,1000000,640615.00
1588,lrange5,1000000,1023836.25
1589,lpush5,1000000,657051.25
1589,lrange5,1000000,1033157.00
1590,lpush5,1000000,664989.38
1590,lrange5,1000000,1042836.31
1591,lpush5,1000000,654471.19
1591,lrange5,1000000,995088.56
1592,lpush5,1000000,622665.00
1592,lrange5,1000000,1024786.88
1593,lpush5,1000000,683092.88
1593,lrange5,1000000,1012291.50
1594,lpush5,1000000,633373.00
1594,lrange5,1000000,987245.81
1595,lpush5,1000000,660523.06
1595,lrange5,1000000,1050672.25
1596,lpush5,1000000,648632.94
1596,lrange5,1000000,1044948.75
1597,lpush5,1000000,626174.06
1597,lrange5,1000000,1021564.88
1598,lpush5,1000000,657968.44
1598,lrange5,1000000,1036319.19
1599,lpush5,1000000,659651.69
1599,lrange5,1000000,986256.38
1600,lpush5,1000000,626656.69
1600,lrange5,1000000,1012194.38
1601,lpush5,1000000,664515.62
1601,lrange5,1000000,990194.06
1602,lpush5,1000000,619962.81
1602,lrange5,1000000,1010246.44
1603,lpush5,1000000,637369.00
1603,lrange5,1000000,932850.75
1604,lpush5,1000000,667578.06
1604,lrange5,1000000,1018378.81
1605,lpush5,1000000,678523.75
1605,lrange5,1000000,1004064.25
1606,lpush5,1000000,668491.94
1606,lrange5,1000000,925999.94
1607,lpush5,1000000,666677.31
1607,lrange5,1000000,935468.69
1608,lpush5,1000000,662701.12
1608,lrange5,1000000,1027765.69
1609,lpush5,1000000,676622.44
1609,lrange5,1000000,1001097.06
1610,lpush5,1000000,667132.75
1610,lrange5,1000000,1032107.38
1611,lpush5,1000000,670690.81
1611,lrange5,1000000,970935.94
1612,lpush5,1000000,657103.81
1612,lrange5,1000000,870377.69
1613,lpush5,1000000,684038.31
1613,lrange5,1000000,1022658.50
1614,lpush5,1000000,668534.75
1614,lrange5,1000000,1009259.31
1615,lpush5,1000000,650701.38
1615,lrange5,1000000,973834.50
1616,lpush5,1000000,660980.81
1616,lrange5,1000000,1013219.88
1617,lpush5,1000000,673411.44
1617,lrange5,1000000,884984.06
1618,lpush5,1000000,550072.62
1618,lrange5,1000000,918332.44
1619,lpush5,1000000,587581.69
1619,lrange5,1000000,927658.69
1620,lpush5,1000000,654962.69
1620,lrange5,1000000,1014312.38
1621,lpush5,1000000,642281.31
1621,lrange5,1000000,1001113.12
1622,lpush5,1000000,630527.12
1622,lrange5,1000000,1006197.19
1623,lpush5,1000000,640666.25
1623,lrange5,1000000,1013317.12
1624,lpush5,1000000,625390.88
1624,lrange5,1000000,981401.31
1625,lpush5,1000000,556607.69
1625,lrange5,1000000,750271.62
1626,lpush5,1000000,653178.31
1626,lrange5,1000000,904991.81
1627,lpush5,1000000,563099.06
1627,lrange5,1000000,789442.81
1628,lpush5,1000000,642312.12
1628,lrange5,1000000,959723.56
1629,lpush5,1000000,628150.75
1629,lrange5,1000000,984456.69
1630,lpush5,1000000,662690.56
1630,lrange5,1000000,990114.88
1631,lpush5,1000000,647259.56
1631,lrange5,1000000,1060547.12
1632,lpush5,1000000,681286.06
1632,lrange5,1000000,986445.69
1633,lpush5,1000000,652336.62
1633,lrange5,1000000,1010133.31
1634,lpush5,1000000,654513.06
1634,lrange5,1000000,956160.62
1635,lpush5,1000000,658369.94
1635,lrange5,1000000,1017359.12
1636,lpush5,1000000,650226.25
1636,lrange5,1000000,985300.50
1637,lpush5,1000000,656661.88
1637,lrange5,1000000,1019563.69
1638,lpush5,1000000,669386.88
1638,lrange5,1000000,789266.00
1639,lpush5,1000000,657915.81
1639,lrange5,1000000,930411.12
1640,lpush5,1000000,605693.50
1640,lrange5,1000000,988158.12
1641,lpush5,1000000,652326.19
1641,lrange5,1000000,1012259.12
1642,lpush5,1000000,564670.81
1642,lrange5,1000000,939924.81
1643,lpush5,1000000,656630.31
1643,lrange5,1000000,1037477.19
1644,lpush5,1000000,667132.75
1644,lrange5,1000000,1008080.69
1645,lpush5,1000000,660118.81
1645,lrange5,1000000,1037377.62
1646,lpush5,1000000,669354.75
1646,lrange5,1000000,959064.25
1647,lpush5,1000000,603174.94
1647,lrange5,1000000,956968.44
1648,lpush5,1000000,644402.06
1648,lrange5,1000000,956968.44
1649,lpush5,1000000,630924.88
1649,lrange5,1000000,935528.50
1650,lpush5,1000000,625020.00
1650,lrange5,1000000,1025673.81
1651,lpush5,1000000,651911.31
1651,lrange5,1000000,1006100.56
1652,lpush5,1000000,648581.06
1652,lrange5,1000000,1005057.31
1653,lpush5,1000000,660554.81
1653,lrange5,1000000,1016260.12
1654,lpush5,1000000,657072.31
1654,lrange5,1000000,1013203.69
1655,lpush5,1000000,671151.69
1655,lrange5,1000000,1039517.69
1656,lpush5,1000000,665800.25
1656,lrange5,1000000,1010262.62
1657,lpush5,1000000,606834.94
1657,lrange5,1000000,1002036.06
1658,lpush5,1000000,648981.19
1658,lrange5,1000000,1018460.31
1659,lpush5,1000000,676132.56
1659,lrange5,1000000,962879.69
1660,lpush5,1000000,659630.56
1660,lrange5,1000000,996047.88
1661,lpush5,1000000,673433.00
1661,lrange5,1000000,1035196.69
1662,lpush5,1000000,643613.88
1662,lrange5,1000000,1044025.06
1663,lpush5,1000000,668013.38
1663,lrange5,1000000,1023574.19
1664,lpush5,1000000,640225.31
1664,lrange5,1000000,1029168.75
1665,lpush5,1000000,643097.12
1665,lrange5,1000000,1007049.38
1666,lpush5,1000000,630240.69
1666,lrange5,1000000,1044258.88
1667,lpush5,1000000,675686.50
1667,lrange5,1000000,1039617.44
1668,lpush5,1000000,654074.56
1668,lrange5,1000000,983347.12
1669,lpush5,1000000,651900.88
1669,lrange5,1000000,1004064.25
1670,lpush5,1000000,644412.38
1670,lrange5,1000000,1020587.75
1671,lpush5,1000000,671591.69
1671,lrange5,1000000,1017294.00
1672,lpush5,1000000,648939.62
1672,lrange5,1000000,1040649.31
1673,lpush5,1000000,647383.81
1673,lrange5,1000000,1004048.19
1674,lpush5,1000000,638162.06
1674,lrange5,1000000,1042836.31
1675,lpush5,1000000,612438.44
1675,lrange5,1000000,999176.75
1676,lpush5,1000000,637846.94
1676,lrange5,1000000,1013446.81
1677,lpush5,1000000,668960.56
1677,lrange5,1000000,991238.88
1678,lpush5,1000000,653605.25
1678,lrange5,1000000,1045099.25
1679,lpush5,1000000,677966.06
1679,lrange5,1000000,957854.38
1680,lpush5,1000000,627049.50
1680,lrange5,1000000,945270.38
1681,lpush5,1000000,623062.94
1681,lrange5,1000000,916634.31
1682,lpush5,1000000,542905.56
1682,lrange5,1000000,853378.81
1683,lpush5,1000000,628585.81
1683,lrange5,1000000,946104.06
1684,lpush5,1000000,614299.75
1684,lrange5,1000000,872809.75
1685,lpush5,1000000,585823.06
1685,lrange5,1000000,859189.00
1686,lpush5,1000000,593528.81
1686,lrange5,1000000,833346.62
1687,lpush5,1000000,624239.69
1687,lrange5,1000000,997088.69
1688,lpush5,1000000,634517.75
1688,lrange5,1000000,984330.69
1689,lpush5,1000000,612034.31
1689,lrange5,1000000,978504.94
1690,lpush5,1000000,625000.00
1690,lrange5,1000000,936389.56
1691,lpush5,1000000,558409.81
1691,lrange5,1000000,951809.69
1692,lpush5,1000000,626576.44
1692,lrange5,1000000,872781.81
1693,lpush5,1000000,578406.00
1693,lrange5,1000000,901872.00
1694,lpush5,1000000,576387.31
1694,lrange5,1000000,802658.06
1695,lpush5,1000000,588272.94
1695,lrange5,1000000,1029915.56
1696,lpush5,1000000,604623.94
1696,lrange5,1000000,883462.94
1697,lpush5,1000000,628981.12
1697,lrange5,1000000,868166.69
1698,lpush5,1000000,605693.50
1698,lrange5,1000000,915780.19
1699,lpush5,1000000,586863.88
1699,lrange5,1000000,854755.56
1700,lpush5,1000000,564433.44
1700,lrange5,1000000,906690.81
1701,lpush5,1000000,642714.62
1701,lrange5,1000000,981448.44
1702,lpush5,1000000,615502.75
1702,lrange5,1000000,892074.88
1703,lpush5,1000000,608671.94
1703,lrange5,1000000,935468.69
1704,lpush5,1000000,563742.94
1704,lrange5,1000000,925970.31
1705,lpush5,1000000,618116.19
1705,lrange5,1000000,899295.00
1706,lpush5,1000000,630517.06
1706,lrange5,1000000,977564.00
1707,lpush5,1000000,611383.88
1707,lrange5,1000000,853378.81
1708,lpush5,1000000,591394.44
1708,lrange5,1000000,937267.06
1709,lpush5,1000000,602409.62
1709,lrange5,1000000,868865.31
1710,lpush5,1000000,592161.06
1710,lrange5,1000000,893955.38
1711,lpush5,1000000,576747.44
1711,lrange5,1000000,867399.81
1712,lpush5,1000000,600307.31
1712,lrange5,1000000,1022609.44
1713,lpush5,1000000,608000.00
1713,lrange5,1000000,918391.19
1714,lpush5,1000000,542914.25
1714,lrange5,1000000,814332.19
1715,lpush5,1000000,610932.19
1715,lrange5,1000000,978771.06
1716,lpush5,1000000,632561.69
1716,lrange5,1000000,956053.56
1717,lpush5,1000000,650628.50
1717,lrange5,1000000,978489.25
1718,lpush5,1000000,602056.56
1718,lrange5,1000000,853556.25
1719,lpush5,1000000,619667.94
1719,lrange5,1000000,883561.88
1720,lpush5,1000000,587936.50
1720,lrange5,1000000,953334.56
1721,lpush5,1000000,638692.19
1721,lrange5,1000000,944302.19
1722,lpush5,1000000,587619.25
1722,lrange5,1000000,995040.81
1723,lpush5,1000000,635829.62
1723,lrange5,1000000,978473.62
1724,lpush5,1000000,632232.62
1724,lrange5,1000000,1019400.62
1725,lpush5,1000000,646515.81
1725,lrange5,1000000,1010198.00
1726,lpush5,1000000,626979.31
1726,lrange5,1000000,963391.12
1727,lpush5,1000000,652315.75
1727,lrange5,1000000,995152.25
1728,lpush5,1000000,643148.56
1728,lrange5,1000000,983598.88
1729,lpush5,1000000,638630.94
1729,lrange5,1000000,979494.56
1730,lpush5,1000000,613893.19
1730,lrange5,1000000,981369.94
1731,lpush5,1000000,651486.69
1731,lrange5,1000000,858424.06
1732,lpush5,1000000,583155.69
1732,lrange5,1000000,982491.12
1733,lpush5,1000000,639069.62
1733,lrange5,1000000,907441.00
1734,lpush5,1000000,629753.12
1734,lrange5,1000000,1027831.44
1735,lpush5,1000000,643956.25
1735,lrange5,1000000,947928.00
1736,lpush5,1000000,593119.81
1736,lrange5,1000000,841096.69
1737,lpush5,1000000,559919.38
1737,lrange5,1000000,848190.00
1738,lpush5,1000000,592806.12
1738,lrange5,1000000,946088.88
1739,lpush5,1000000,583486.56
1739,lrange5,1000000,891336.94
1740,lpush5,1000000,580046.44
1740,lrange5,1000000,887396.62
1741,lpush5,1000000,564361.19
1741,lrange5,1000000,908337.94
1742,lpush5,1000000,581441.88
1742,lrange5,1000000,913431.94
1743,lpush5,1000000,586519.62
1743,lrange5,1000000,1016390.19
1744,lpush5,1000000,658369.94
1744,lrange5,1000000,981511.25
1745,lpush5,1000000,631833.25
1745,lrange5,1000000,872753.88
1746,lpush5,1000000,564060.94
1746,lrange5,1000000,883519.44
1747,lpush5,1000000,602506.06
1747,lrange5,1000000,847484.81
1748,lpush5,1000000,537108.50
1748,lrange5,1000000,947121.19
1749,lpush5,1000000,611246.94
1749,lrange5,1000000,974721.25
1750,lpush5,1000000,615871.94
1750,lrange5,1000000,888156.25
1751,lpush5,1000000,636588.19
1751,lrange5,1000000,966415.50
1752,lpush5,1000000,603136.31
1752,lrange5,1000000,977736.06
1753,lpush5,1000000,627352.56
1753,lrange5,1000000,971044.69
1754,lpush5,1000000,627362.62
1754,lrange5,1000000,955109.81
1755,lpush5,1000000,647699.50
1755,lrange5,1000000,855001.75
1756,lpush5,1000000,638243.75
1756,lrange5,1000000,930232.50
1757,lpush5,1000000,592094.75
1757,lrange5,1000000,886709.19
1758,lpush5,1000000,618106.31
1758,lrange5,1000000,927940.69
1759,lpush5,1000000,573769.38
1759,lrange5,1000000,865897.88
1760,lpush5,1000000,619578.69
1760,lrange5,1000000,909163.62
1761,lpush5,1000000,567600.44
1761,lrange5,1000000,940733.81
1762,lpush5,1000000,625090.00
1762,lrange5,1000000,1031991.75
1763,lpush5,1000000,596398.31
1763,lrange5,1000000,964320.19
1764,lpush5,1000000,631782.69
1764,lrange5,1000000,908352.44
1765,lpush5,1000000,529703.38
1765,lrange5,1000000,844770.25
1766,lpush5,1000000,592094.75
1766,lrange5,1000000,769909.12
1767,lpush5,1000000,571810.19
1767,lrange5,1000000,824402.25
1768,lpush5,1000000,559606.06
1768,lrange5,1000000,891279.88
1769,lpush5,1000000,614638.00
1769,lrange5,1000000,924451.00
1770,lpush5,1000000,543183.06
1770,lrange5,1000000,862124.19
1771,lpush5,1000000,606893.19
1771,lrange5,1000000,857687.81
1772,lpush5,1000000,585517.56
1772,lrange5,1000000,938236.44
1773,lpush5,1000000,633332.50
1773,lrange5,1000000,964397.38
1774,lpush5,1000000,636162.81
1774,lrange5,1000000,959846.38
1775,lpush5,1000000,654638.75
1775,lrange5,1000000,973787.75
1776,lpush5,1000000,637126.06
1776,lrange5,1000000,956022.94
1777,lpush5,1000000,623451.38
1777,lrange5,1000000,860599.00
1778,lpush5,1000000,646871.94
1778,lrange5,1000000,995184.06
1779,lpush5,1000000,648274.81
1779,lrange5,1000000,941785.25
1780,lpush5,1000000,636223.94
1780,lrange5,1000000,948796.94
1781,lpush5,1000000,626626.56
1781,lrange5,1000000,931232.75
1782,lpush5,1000000,640666.25
1782,lrange5,1000000,987293.19
1783,lpush5,1000000,637440.38
1783,lrange5,1000000,951581.38
1784,lpush5,1000000,608019.44
1784,lrange5,1000000,968085.19
1785,lpush5,1000000,612369.88
1785,lrange5,1000000,981464.12
1786,lpush5,1000000,635738.12
1786,lrange5,1000000,989293.75
1787,lpush5,1000000,627382.69
1787,lrange5,1000000,992206.31
1788,lpush5,1000000,645994.81
1788,lrange5,1000000,1027847.88
1789,lpush5,1000000,636254.44
1789,lrange5,1000000,944423.00
1790,lpush5,1000000,636203.56
1790,lrange5,1000000,994099.38
1791,lpush5,1000000,638590.06
1791,lrange5,1000000,868097.25
1792,lpush5,1000000,591413.38
1792,lrange5,1000000,874125.81
1793,lpush5,1000000,522764.25
1793,lrange5,1000000,776496.88
1794,lpush5,1000000,578750.00
1794,lrange5,1000000,864373.44
1795,lpush5,1000000,583771.12
1795,lrange5,1000000,1012307.69
1796,lpush5,1000000,618488.56
1796,lrange5,1000000,898515.69
1797,lpush5,1000000,644350.50
1797,lrange5,1000000,981479.81
1798,lpush5,1000000,624259.69
1798,lrange5,1000000,917783.44
1799,lpush5,1000000,556483.00
1799,lrange5,1000000,890543.19
1800,lpush5,1000000,585193.69
1800,lrange5,1000000,1024786.88
1801,lpush5,1000000,663236.06
1801,lrange5,1000000,1020685.69
1802,lpush5,1000000,570812.81
1802,lrange5,1000000,941725.00
1803,lpush5,1000000,604623.94
1803,lrange5,1000000,932895.50
1804,lpush5,1000000,593186.25
1804,lrange5,1000000,933089.50
1805,lpush5,1000000,561833.69
1805,lrange5,1000000,809781.38
1806,lpush5,1000000,555555.56
1806,lrange5,1000000,865065.75
1807,lpush5,1000000,550713.69
1807,lrange5,1000000,810437.62
1808,lpush5,1000000,459384.47
1808,lrange5,1000000,732612.44
1809,lpush5,1000000,544418.06
1809,lrange5,1000000,877991.19
1810,lpush5,1000000,563706.88
1810,lrange5,1000000,694533.31
1811,lpush5,1000000,533376.00
1811,lrange5,1000000,848271.38
1812,lpush5,1000000,562113.56
1812,lrange5,1000000,792507.12
1813,lpush5,1000000,600990.38
1813,lrange5,1000000,822486.88
1814,lpush5,1000000,524942.81
1814,lrange5,1000000,925999.94
1815,lpush5,1000000,598501.50
1815,lrange5,1000000,818356.81
1816,lpush5,1000000,592777.69
1816,lrange5,1000000,890600.19
1817,lpush5,1000000,538213.12
1817,lrange5,1000000,772859.31
1818,lpush5,1000000,577061.75
1818,lrange5,1000000,839657.44
1819,lpush5,1000000,549148.81
1819,lrange5,1000000,892117.69
1820,lpush5,1000000,592436.06
1820,lrange5,1000000,869718.25
1821,lpush5,1000000,622704.88
1821,lrange5,1000000,958987.56
1822,lpush5,1000000,594969.69
1822,lrange5,1000000,841845.12
1823,lpush5,1000000,607174.25
1823,lrange5,1000000,1019514.75
1824,lpush5,1000000,630210.44
1824,lrange5,1000000,958772.81
1825,lpush5,1000000,662786.00
1825,lrange5,1000000,1005185.94
1826,lpush5,1000000,592834.62
1826,lrange5,1000000,960814.56
1827,lpush5,1000000,618821.75
1827,lrange5,1000000,1023574.19
1828,lpush5,1000000,603596.88
1828,lrange5,1000000,934594.38
1829,lpush5,1000000,621990.06
1829,lrange5,1000000,928623.94
1830,lpush5,1000000,610137.88
1830,lrange5,1000000,868809.69
1831,lpush5,1000000,660066.00
1831,lrange5,1000000,1008161.31
1832,lpush5,1000000,637399.62
1832,lrange5,1000000,938086.31
1833,lpush5,1000000,628535.50
1833,lrange5,1000000,1011154.69
1834,lpush5,1000000,635354.50
1834,lrange5,1000000,1033057.88
1835,lpush5,1000000,652866.88
1835,lrange5,1000000,960676.25
1836,lpush5,1000000,602114.38
1836,lrange5,1000000,944317.25
1837,lpush5,1000000,635374.81
1837,lrange5,1000000,876466.25
1838,lpush5,1000000,621514.00
1838,lrange5,1000000,889722.44
1839,lpush5,1000000,553097.38
1839,lrange5,1000000,848896.44
1840,lpush5,1000000,612764.69
1840,lrange5,1000000,903501.38
1841,lpush5,1000000,585823.06
1841,lrange5,1000000,882683.12
1842,lpush5,1000000,569900.88
1842,lrange5,1000000,852528.56
1843,lpush5,1000000,550990.62
1843,lrange5,1000000,876424.19
1844,lpush5,1000000,570812.81
1844,lrange5,1000000,806632.25
1845,lpush5,1000000,569539.88
1845,lrange5,1000000,905165.62
1846,lpush5,1000000,608691.44
1846,lrange5,1000000,1015488.31
1847,lpush5,1000000,670723.00
1847,lrange5,1000000,1048452.81
1848,lpush5,1000000,652741.56
1848,lrange5,1000000,820357.69
1849,lpush5,1000000,625390.88
1849,lrange5,1000000,973741.06
1850,lpush5,1000000,554034.38
1850,lrange5,1000000,879606.00
1851,lpush5,1000000,612132.19
1851,lrange5,1000000,946255.38
1852,lpush5,1000000,591026.00
1852,lrange5,1000000,935573.44
1853,lpush5,1000000,589783.00
1853,lrange5,1000000,751326.81
1854,lpush5,1000000,487582.62
1854,lrange5,1000000,939939.81
1855,lpush5,1000000,668949.81
1855,lrange5,1000000,1052699.00
1856,lpush5,1000000,666233.19
1856,lrange5,1000000,1037394.19
1857,lpush5,1000000,664536.88
1857,lrange5,1000000,815008.94
1858,lpush5,1000000,643148.56
1858,lrange5,1000000,939864.62
1859,lpush5,1000000,680767.88
1859,lrange5,1000000,1078886.75
1860,lpush5,1000000,674763.81
1860,lrange5,1000000,1060682.88
1861,lpush5,1000000,684005.44
1861,lrange5,1000000,1022544.00
1862,lpush5,1000000,670262.75
1862,lrange5,1000000,1054903.00
1863,lpush5,1000000,676676.56
1863,lrange5,1000000,1070680.88
1864,lpush5,1000000,616532.69
1864,lrange5,1000000,997168.50
1865,lpush5,1000000,681761.44
1865,lrange5,1000000,772871.69
1866,lpush5,1000000,663612.50
1866,lrange5,1000000,1047137.19
1867,lpush5,1000000,670776.62
1867,lrange5,1000000,1035213.25
1868,lpush5,1000000,591744.38
1868,lrange5,1000000,1006277.62
1869,lpush5,1000000,613140.38
1869,lrange5,1000000,1025673.81
1870,lpush5,1000000,577080.19
1870,lrange5,1000000,1010294.94
1871,lpush5,1000000,658327.81
1871,lrange5,1000000,792557.88
1872,lpush5,1000000,554350.31
1872,lrange5,1000000,872048.88
1873,lpush5,1000000,570487.19
1873,lrange5,1000000,688264.31
1874,lpush5,1000000,509741.06
1874,lrange5,1000000,842594.75
1875,lpush5,1000000,607572.31
1875,lrange5,1000000,978614.50
1876,lpush5,1000000,622277.56
1876,lrange5,1000000,848230.69
1877,lpush5,1000000,571120.50
1877,lrange5,1000000,900987.38
1878,lpush5,1000000,569485.19
1878,lrange5,1000000,827143.12
1879,lpush5,1000000,539699.94
1879,lrange5,1000000,898616.31
1880,lpush5,1000000,622000.00
1880,lrange5,1000000,898472.56
1881,lpush5,1000000,526357.88
1881,lrange5,1000000,695004.88
1882,lpush5,1000000,532799.12
1882,lrange5,1000000,885938.06
1883,lpush5,1000000,529669.50
1883,lrange5,1000000,760036.50
1884,lpush5,1000000,595621.19
1884,lrange5,1000000,969963.12
1885,lpush5,1000000,660949.12
1885,lrange5,1000000,1001081.06
1886,lpush5,1000000,624679.62
1886,lrange5,1000000,923612.25
1887,lpush5,1000000,570143.69
1887,lrange5,1000000,958084.25
1888,lpush5,1000000,630587.62
1888,lrange5,1000000,1031142.25
1889,lpush5,1000000,628595.88
1889,lrange5,1000000,981354.19
1890,lpush5,1000000,630129.81
1890,lrange5,1000000,984377.94
1891,lpush5,1000000,615793.12
1891,lrange5,1000000,896172.00
1892,lpush5,1000000,614628.19
1892,lrange5,1000000,811250.56
1893,lpush5,1000000,453359.91
1893,lrange5,1000000,776534.19
1894,lpush5,1000000,548581.50
1894,lrange5,1000000,802065.75
1895,lpush5,1000000,616152.81
1895,lrange5,1000000,812477.69
1896,lpush5,1000000,559650.81
1896,lrange5,1000000,844621.62
1897,lpush5,1000000,578369.00
1897,lrange5,1000000,859900.25
1898,lpush5,1000000,615463.38
1898,lrange5,1000000,995072.62
1899,lpush5,1000000,567859.19
1899,lrange5,1000000,865967.12
1900,lpush5,1000000,581094.75
1900,lrange5,1000000,886652.44
1901,lpush5,1000000,574135.50
1901,lrange5,1000000,895369.75
1902,lpush5,1000000,576387.31
1902,lrange5,1000000,896157.69
1903,lpush5,1000000,578712.94
1903,lrange5,1000000,800794.25
1904,lpush5,1000000,563144.12
1904,lrange5,1000000,932880.56
1905,lpush5,1000000,568227.25
1905,lrange5,1000000,916751.62
1906,lpush5,1000000,576405.75
1906,lrange5,1000000,817111.12
1907,lpush5,1000000,590695.81
1907,lrange5,1000000,875656.75
1908,lpush5,1000000,597014.94
1908,lrange5,1000000,929457.25
1909,lpush5,1000000,641035.94
1909,lrange5,1000000,984267.69
1910,lpush5,1000000,644360.81
1910,lrange5,1000000,826512.38
1911,lpush5,1000000,639141.19
1911,lrange5,1000000,871094.06
1912,lpush5,1000000,592104.19
1912,lrange5,1000000,922553.50
1913,lpush5,1000000,648529.19
1913,lrange5,1000000,993048.69
1914,lpush5,1000000,618046.94
1914,lrange5,1000000,927673.50
1915,lpush5,1000000,591413.38
1915,lrange5,1000000,768651.81
1916,lpush5,1000000,607941.62
1916,lrange5,1000000,925999.94
1917,lpush5,1000000,656220.44
1917,lrange5,1000000,1018362.56
1918,lpush5,1000000,548546.38
1918,lrange5,1000000,918523.44
1919,lpush5,1000000,560268.94
1919,lrange5,1000000,850340.12
1920,lpush5,1000000,587572.25
1920,lrange5,1000000,856939.12
1921,lpush5,1000000,593661.75
1921,lrange5,1000000,823789.12
1922,lpush5,1000000,581085.44
1922,lrange5,1000000,819027.06
1923,lpush5,1000000,544069.62
1923,lrange5,1000000,821719.00
1924,lpush5,1000000,573495.44
1924,lrange5,1000000,872698.06
1925,lpush5,1000000,607252.00
1925,lrange5,1000000,922012.88
1926,lpush5,1000000,550125.44
1926,lrange5,1000000,819829.50
1927,lpush5,1000000,559293.06
1927,lrange5,1000000,803379.94
1928,lpush5,1000000,572428.19
1928,lrange5,1000000,832066.56
1929,lpush5,1000000,502584.94
1929,lrange5,1000000,986461.50
1930,lpush5,1000000,646056.88
1930,lrange5,1000000,1003009.06
1931,lpush5,1000000,656630.31
1931,lrange5,1000000,988300.44
1932,lpush5,1000000,644360.81
1932,lrange5,1000000,793676.19
1933,lpush5,1000000,505658.22
1933,lrange5,1000000,856993.94
1934,lpush5,1000000,575429.19
1934,lrange5,1000000,829875.50
1935,lpush5,1000000,554956.69
1935,lrange5,1000000,832852.62
1936,lpush5,1000000,674871.81
1936,lrange5,1000000,940839.19
1937,lpush5,1000000,594215.12
1937,lrange5,1000000,961846.19
1938,lpush5,1000000,589275.19
1938,lrange5,1000000,959125.62
1939,lpush5,1000000,556209.12
1939,lrange5,1000000,834791.38
1940,lpush5,1000000,563742.94
1940,lrange5,1000000,805956.44
1941,lpush5,1000000,599908.81
1941,lrange5,1000000,905797.12
1942,lpush5,1000000,582090.81
1942,lrange5,1000000,855568.81
1943,lpush5,1000000,605394.69
1943,lrange5,1000000,865051.88
1944,lpush5,1000000,574410.06
1944,lrange5,1000000,875044.62
1945,lpush5,1000000,613546.00
1945,lrange5,1000000,866578.81
1946,lpush5,1000000,579710.12
1946,lrange5,1000000,873362.44
1947,lpush5,1000000,551034.69
1947,lrange5,1000000,785583.69
1948,lpush5,1000000,583929.94
1948,lrange5,1000000,893669.38
1949,lpush5,1000000,547953.94
1949,lrange5,1000000,894468.69
1950,lpush5,1000000,585193.69
1950,lrange5,1000000,841899.00
1951,lpush5,1000000,592113.69
1951,lrange5,1000000,991207.19
1952,lpush5,1000000,531683.12
1952,lrange5,1000000,932220.00
1953,lpush5,1000000,610520.12
1953,lrange5,1000000,867344.31
1954,lpush5,1000000,596407.88
1954,lrange5,1000000,856178.12
1955,lpush5,1000000,560556.06
1955,lrange5,1000000,939027.19
1956,lpush5,1000000,579112.94
1956,lrange5,1000000,909221.81
1957,lpush5,1000000,578090.19
1957,lrange5,1000000,881848.38
1958,lpush5,1000000,618871.25
1958,lrange5,1000000,905913.06
1959,lpush5,1000000,602477.12
1959,lrange5,1000000,822526.31
1960,lpush5,1000000,570514.56
1960,lrange5,1000000,905194.56
1961,lpush5,1000000,627806.62
1961,lrange5,1000000,910194.75
1962,lpush5,1000000,644371.12
1962,lrange5,1000000,1021548.56
1963,lpush5,1000000,677550.19
1963,lrange5,1000000,919117.62
1964,lpush5,1000000,574382.50
1964,lrange5,1000000,867413.69
1965,lpush5,1000000,550392.94
1965,lrange5,1000000,961707.75
1966,lpush5,1000000,528600.44
1966,lrange5,1000000,908367.00
1967,lpush5,1000000,618488.56
1967,lrange5,1000000,980392.19
1968,lpush5,1000000,565026.00
1968,lrange5,1000000,935453.69
1969,lpush5,1000000,628636.06
1969,lrange5,1000000,994131.19
1970,lpush5,1000000,644329.88
1970,lrange5,1000000,1025772.31
1971,lpush5,1000000,614260.44
1971,lrange5,1000000,784439.25
1972,lpush5,1000000,632511.06
1972,lrange5,1000000,970009.69
1973,lpush5,1000000,628190.94
1973,lrange5,1000000,981432.75
1974,lpush5,1000000,651900.88
1974,lrange5,1000000,992126.94
1975,lpush5,1000000,593871.75
1975,lrange5,1000000,936434.50
1976,lpush5,1000000,637399.62
1976,lrange5,1000000,1012178.19
1977,lpush5,1000000,665832.25
1977,lrange5,1000000,1021646.62
1978,lpush5,1000000,684517.50
1978,lrange5,1000000,1017440.50
1979,lpush5,1000000,599549.19
1979,lrange5,1000000,903501.38
1980,lpush5,1000000,586519.62
1980,lrange5,1000000,903356.81
1981,lpush5,1000000,632911.38
1981,lrange5,1000000,952381.00
1982,lpush5,1000000,615394.44
1982,lrange5,1000000,848325.69
1983,lpush5,1000000,617283.94
1983,lrange5,1000000,868055.56
1984,lpush5,1000000,617665.25
1984,lrange5,1000000,969131.81
1985,lpush5,1000000,606060.62
1985,lrange5,1000000,937222.06
1986,lpush5,1000000,612774.50
1986,lrange5,1000000,930351.56
1987,lpush5,1000000,637348.62
1987,lrange5,1000000,936419.50
1988,lpush5,1000000,625802.25
1988,lrange5,1000000,971957.19
1989,lpush5,1000000,693056.12
1989,lrange5,1000000,973725.44
1990,lpush5,1000000,617724.56
1990,lrange5,1000000,965359.06
1991,lpush5,1000000,604643.25
1991,lrange5,1000000,935453.69
1992,lpush5,1000000,560251.00
1992,lrange5,1000000,871881.44
1993,lpush5,1000000,594587.38
1993,lrange5,1000000,860709.19
1994,lpush5,1000000,610215.94
1994,lrange5,1000000,890585.94
1995,lpush5,1000000,557103.06
1995,lrange5,1000000,801975.94
1996,lpush5,1000000,593157.75
1996,lrange5,1000000,973756.62
1997,lpush5,1000000,627806.62
1997,lrange5,1000000,784929.31
1998,lpush5,1000000,582504.38
1998,lrange5,1000000,836120.44
1999,lpush5,1000000,610883.31
1999,lrange5,1000000,876424.19
2000,lpush5,1000000,584898.25
2000,lrange5,1000000,981558.31
