trial,operation,requests,rps
1,lpush5,1000000,518854.78
1,lrange5,1000000,901771.00
2,lpush5,1000000,823084.75
2,lrange5,1000000,1231625.62
3,lpush5,1000000,819040.19
3,lrange5,1000000,1237623.75
4,lpush5,1000000,823242.75
4,lrange5,1000000,1192295.62
5,lpush5,1000000,817779.19
5,lrange5,1000000,1267427.12
6,lpush5,1000000,821083.69
6,lrange5,1000000,1285367.62
7,lpush5,1000000,834055.06
7,lrange5,1000000,1228579.88
8,lpush5,1000000,839845.50
8,lrange5,1000000,1278915.62
9,lpush5,1000000,831441.44
9,lrange5,1000000,1199060.00
10,lpush5,1000000,822513.19
10,lrange5,1000000,1253313.38
11,lpush5,1000000,819105.69
11,lrange5,1000000,1233183.75
12,lpush5,1000000,837628.12
12,lrange5,1000000,1200922.00
13,lpush5,1000000,825869.56
13,lrange5,1000000,1190685.75
14,lpush5,1000000,828513.69
14,lrange5,1000000,1048234.81
15,lpush5,1000000,823802.31
15,lrange5,1000000,1267548.88
16,lpush5,1000000,828712.50
16,lrange5,1000000,1199462.88
17,lpush5,1000000,830604.62
17,lrange5,1000000,1262686.88
18,lpush5,1000000,824415.44
18,lrange5,1000000,1183810.62
19,lpush5,1000000,833413.31
19,lrange5,1000000,1197758.12
20,lpush5,1000000,827288.69
20,lrange5,1000000,1239216.88
21,lpush5,1000000,829253.75
21,lrange5,1000000,1127576.12
22,lpush5,1000000,835515.44
22,lrange5,1000000,1290467.12
23,lpush5,1000000,826446.25
23,lrange5,1000000,1270668.38
24,lpush5,1000000,823229.62
24,lrange5,1000000,1245369.88
25,lpush5,1000000,821784.69
25,lrange5,1000000,1278813.25
26,lpush5,1000000,826591.69
26,lrange5,1000000,1192047.75
27,lpush5,1000000,826552.06
27,lrange5,1000000,1272427.50
28,lpush5,1000000,830008.25
28,lrange5,1000000,1246902.75
29,lpush5,1000000,828566.69
29,lrange5,1000000,1215086.25
30,lpush5,1000000,825267.31
30,lrange5,1000000,1254725.25
31,lpush5,1000000,828553.44
31,lrange5,1000000,1253132.88
32,lpush5,1000000,826499.12
32,lrange5,1000000,1290384.50
33,lpush5,1000000,823058.44
33,lrange5,1000000,1194915.12
34,lpush5,1000000,824402.25
34,lrange5,1000000,1187895.50
35,lpush5,1000000,821719.00
35,lrange5,1000000,1200653.00
36,lpush5,1000000,825763.88
36,lrange5,1000000,1293785.25
37,lpush5,1000000,832706.12
37,lrange5,1000000,1275530.62
38,lpush5,1000000,829333.38
38,lrange5,1000000,1283840.88
39,lpush5,1000000,829928.62
39,lrange5,1000000,1240694.75
40,lpush5,1000000,823176.94
40,lrange5,1000000,1295357.50
41,lpush5,1000000,825803.50
41,lrange5,1000000,1295440.38
42,lpush5,1000000,825135.31
42,lrange5,1000000,1194953.38
43,lpush5,1000000,825148.50
43,lrange5,1000000,1257962.25
44,lpush5,1000000,830591.38
44,lrange5,1000000,1202230.75
45,lpush5,1000000,831281.81
45,lrange5,1000000,1189403.12
46,lpush5,1000000,824455.00
46,lrange5,1000000,1206369.12
47,lpush5,1000000,821083.69
47,lrange5,1000000,1261135.00
48,lpush5,1000000,826618.12
48,lrange5,1000000,1247002.50
49,lpush5,1000000,821863.62
49,lrange5,1000000,1209383.25
50,lpush5,1000000,824521.00
50,lrange5,1000000,1202000.00
51,lpush5,1000000,819672.12
51,lrange5,1000000,1197911.38
52,lpush5,1000000,826525.62
52,lrange5,1000000,1064085.12
53,lpush5,1000000,838979.81
53,lrange5,1000000,1223990.25
54,lpush5,1000000,825988.44
54,lrange5,1000000,1278833.75
55,lpush5,1000000,824468.25
55,lrange5,1000000,1285367.62
56,lpush5,1000000,823216.44
56,lrange5,1000000,1185251.25
57,lpush5,1000000,825803.50
57,lrange5,1000000,1254905.88
58,lpush5,1000000,821758.44
58,lrange5,1000000,1275693.88
59,lpush5,1000000,829941.88
59,lrange5,1000000,1202269.25
60,lpush5,1000000,820410.19
60,lrange5,1000000,1236093.88
61,lpush5,1000000,821175.69
61,lrange5,1000000,1196248.75
62,lpush5,1000000,826499.12
62,lrange5,1000000,1185194.38
63,lpush5,1000000,826512.38
63,lrange5,1000000,1203369.50
64,lpush5,1000000,826512.38
64,lrange5,1000000,1264364.12
65,lpush5,1000000,820370.81
65,lrange5,1000000,1236173.00
66,lpush5,1000000,825135.31
66,lrange5,1000000,1200518.62
67,lpush5,1000000,826697.50
67,lrange5,1000000,1264263.00
68,lpush5,1000000,828513.69
68,lrange5,1000000,1290363.88
69,lpush5,1000000,828553.44
69,lrange5,1000000,1259647.25
70,lpush5,1000000,829399.69
70,lrange5,1000000,1189193.75
71,lpush5,1000000,829888.75
71,lrange5,1000000,1199328.50
72,lpush5,1000000,823894.56
72,lrange5,1000000,1293847.38
73,lpush5,1000000,825922.38
73,lrange5,1000000,1202365.38
74,lpush5,1000000,823190.12
74,lrange5,1000000,1192276.50
75,lpush5,1000000,832000.00
75,lrange5,1000000,1197911.38
76,lpush5,1000000,832146.44
76,lrange5,1000000,1257942.12
77,lpush5,1000000,832133.12
77,lrange5,1000000,1273885.25
78,lpush5,1000000,832159.69
78,lrange5,1000000,1290529.12
79,lpush5,1000000,825816.69
79,lrange5,1000000,1202153.88
80,lpush5,1000000,821083.69
80,lrange5,1000000,1239296.12
81,lpush5,1000000,838330.31
81,lrange5,1000000,1288721.62
82,lpush5,1000000,832652.81
82,lrange5,1000000,1270810.62
83,lpush5,1000000,829915.31
83,lrange5,1000000,1269096.50
84,lpush5,1000000,832066.56
84,lrange5,1000000,1253173.00
85,lpush5,1000000,830034.81
85,lrange5,1000000,1196478.38
86,lpush5,1000000,830617.94
86,lrange5,1000000,1197892.25
87,lpush5,1000000,832000.00
87,lrange5,1000000,1262626.25
88,lpush5,1000000,821070.56
88,lrange5,1000000,1200653.00
89,lpush5,1000000,829875.50
89,lrange5,1000000,1254705.12
90,lpush5,1000000,823269.12
90,lrange5,1000000,1202211.50
91,lpush5,1000000,833453.31
91,lrange5,1000000,1203485.00
92,lpush5,1000000,829200.69
92,lrange5,1000000,1261114.75
93,lpush5,1000000,824494.62
93,lrange5,1000000,1290405.25
94,lpush5,1000000,822486.88
94,lrange5,1000000,1205050.62
95,lpush5,1000000,825108.88
95,lrange5,1000000,1204838.62
96,lpush5,1000000,826446.25
96,lrange5,1000000,1262747.50
97,lpush5,1000000,822447.38
97,lrange5,1000000,1262626.25
98,lpush5,1000000,830790.69
98,lrange5,1000000,1206542.88
99,lpush5,1000000,828039.75
99,lrange5,1000000,1287021.88
100,lpush5,1000000,831348.31
100,lrange5,1000000,1274028.00
101,lpush5,1000000,832719.44
101,lrange5,1000000,1288701.00
102,lpush5,1000000,823242.75
102,lrange5,1000000,1262727.25
103,lpush5,1000000,824455.00
103,lrange5,1000000,1270851.38
104,lpush5,1000000,828619.69
104,lrange5,1000000,1243781.12
105,lpush5,1000000,832759.38
105,lrange5,1000000,1206349.88
106,lpush5,1000000,830777.44
106,lrange5,1000000,1204992.75
107,lpush5,1000000,832093.19
107,lrange5,1000000,1277302.75
108,lpush5,1000000,826512.38
108,lrange5,1000000,1295336.75
109,lpush5,1000000,831255.25
109,lrange5,1000000,1272447.88
110,lpush5,1000000,830617.94
110,lrange5,1000000,1273987.25
111,lpush5,1000000,830644.50
111,lrange5,1000000,1285470.50
112,lpush5,1000000,842581.25
112,lrange5,1000000,1298867.62
113,lpush5,1000000,828672.75
113,lrange5,1000000,1197815.62
114,lpush5,1000000,824402.25
114,lrange5,1000000,1188047.50
115,lpush5,1000000,823045.25
115,lrange5,1000000,1288721.62
116,lpush5,1000000,823269.12
116,lrange5,1000000,1193642.00
117,lpush5,1000000,833359.94
117,lrange5,1000000,1192143.00
118,lpush5,1000000,828619.69
118,lrange5,1000000,1189174.75
119,lpush5,1000000,831255.25
119,lrange5,1000000,1267508.25
120,lpush5,1000000,837628.12
120,lrange5,1000000,1269055.88
121,lpush5,1000000,826446.25
121,lrange5,1000000,1250080.00
122,lpush5,1000000,823216.44
122,lrange5,1000000,1298701.38
123,lpush5,1000000,822421.06
123,lrange5,1000000,1248519.38
124,lpush5,1000000,823815.50
124,lrange5,1000000,1293868.00
125,lpush5,1000000,823775.94
125,lrange5,1000000,1203619.75
126,lpush5,1000000,825293.75
126,lrange5,1000000,1236192.75
127,lpush5,1000000,821083.69
127,lrange5,1000000,1285449.88
128,lpush5,1000000,830564.81
128,lrange5,1000000,1287063.00
129,lpush5,1000000,825935.62
129,lrange5,1000000,1196191.38
130,lpush5,1000000,834081.75
130,lrange5,1000000,1282092.38
131,lpush5,1000000,827301.94
131,lrange5,1000000,1258062.88
132,lpush5,1000000,829200.69
132,lrange5,1000000,1290384.50
133,lpush5,1000000,827814.62
133,lrange5,1000000,1200729.88
134,lpush5,1000000,829200.69
134,lrange5,1000000,1253193.00
135,lpush5,1000000,826644.62
135,lrange5,1000000,1272427.50
136,lpush5,1000000,825816.69
136,lrange5,1000000,1221040.25
137,lpush5,1000000,829968.44
137,lrange5,1000000,1237722.75
138,lpush5,1000000,835475.31
138,lrange5,1000000,1250100.00
139,lpush5,1000000,827169.56
139,lrange5,1000000,1257881.75
140,lpush5,1000000,832719.44
140,lrange5,1000000,1221079.38
141,lpush5,1000000,819685.25
141,lrange5,1000000,1277282.25
142,lpush5,1000000,827354.88
142,lrange5,1000000,1288845.38
143,lpush5,1000000,832066.56
143,lrange5,1000000,1283881.88
144,lpush5,1000000,824560.56
144,lrange5,1000000,1253233.12
145,lpush5,1000000,821031.19
145,lrange5,1000000,1245369.88
146,lpush5,1000000,825803.50
146,lrange5,1000000,1256402.00
147,lpush5,1000000,829928.62
147,lrange5,1000000,1261074.38
148,lpush5,1000000,815699.88
148,lrange5,1000000,1279017.88
149,lpush5,1000000,818343.69
149,lrange5,1000000,1292010.38
150,lpush5,1000000,821057.44
150,lrange5,1000000,1192314.62
151,lpush5,1000000,823736.44
151,lrange5,1000000,1259445.75
152,lpush5,1000000,827275.44
152,lrange5,1000000,1196229.62
153,lpush5,1000000,825948.81
153,lrange5,1000000,1202211.50
154,lpush5,1000000,827854.31
154,lrange5,1000000,1206658.62
155,lpush5,1000000,828566.69
155,lrange5,1000000,1226993.88
156,lpush5,1000000,822421.06
156,lrange5,1000000,1295523.25
157,lpush5,1000000,829981.69
157,lrange5,1000000,1259445.75
158,lpush5,1000000,825896.00
158,lrange5,1000000,1248539.38
159,lpush5,1000000,827288.69
159,lrange5,1000000,1182260.00
160,lpush5,1000000,828686.00
160,lrange5,1000000,1264343.88
161,lpush5,1000000,827814.62
161,lrange5,1000000,1245429.62
162,lpush5,1000000,820383.94
162,lrange5,1000000,1283799.75
163,lpush5,1000000,831374.94
163,lrange5,1000000,1264222.50
164,lpush5,1000000,830578.06
164,lrange5,1000000,1269137.12
165,lpush5,1000000,827894.06
165,lrange5,1000000,1196401.88
166,lpush5,1000000,829240.50
166,lrange5,1000000,1194896.00
167,lpush5,1000000,825988.44
167,lrange5,1000000,1288742.25
168,lpush5,1000000,826499.12
168,lrange5,1000000,1197815.62
169,lpush5,1000000,833399.94
169,lrange5,1000000,1261135.00
170,lpush5,1000000,825948.81
170,lrange5,1000000,1243840.75
171,lpush5,1000000,828725.75
171,lrange5,1000000,1187762.50
172,lpush5,1000000,821070.56
172,lrange5,1000000,1179320.75
173,lpush5,1000000,829359.88
173,lrange5,1000000,1187895.50
174,lpush5,1000000,830617.94
174,lrange5,1000000,1250200.00
175,lpush5,1000000,823203.25
175,lrange5,1000000,1269055.88
176,lpush5,1000000,825108.88
176,lrange5,1000000,1193432.00
177,lpush5,1000000,838397.38
177,lrange5,1000000,821083.69
178,lpush5,1000000,755456.19
178,lrange5,1000000,1275510.25
179,lpush5,1000000,831960.06
179,lrange5,1000000,1182316.75
180,lpush5,1000000,836240.81
180,lrange5,1000000,1282133.38
181,lpush5,1000000,823097.94
181,lrange5,1000000,1180807.50
182,lpush5,1000000,820383.94
182,lrange5,1000000,1189155.75
183,lpush5,1000000,830061.38
183,lrange5,1000000,1264445.00
184,lpush5,1000000,819750.81
184,lrange5,1000000,1283758.75
185,lpush5,1000000,833386.62
185,lrange5,1000000,1253132.88
186,lpush5,1000000,830684.38
186,lrange5,1000000,1170997.75
187,lpush5,1000000,823868.19
187,lrange5,1000000,1274068.75
188,lpush5,1000000,819881.94
188,lrange5,1000000,1250160.00
189,lpush5,1000000,819066.38
189,lrange5,1000000,1193603.88
190,lpush5,1000000,818369.88
190,lrange5,1000000,1265863.25
191,lpush5,1000000,827169.56
191,lrange5,1000000,861340.19
192,lpush5,1000000,763480.94
192,lrange5,1000000,1200691.50
193,lpush5,1000000,827301.94
193,lrange5,1000000,1203773.75
194,lpush5,1000000,831441.44
194,lrange5,1000000,1225627.50
195,lpush5,1000000,835568.88
195,lrange5,1000000,1253233.12
196,lpush5,1000000,825082.50
196,lrange5,1000000,1250000.00
197,lpush5,1000000,828053.00
197,lrange5,1000000,1277282.25
198,lpush5,1000000,841258.19
198,lrange5,1000000,1282277.00
199,lpush5,1000000,829915.31
199,lrange5,1000000,1234745.62
200,lpush5,1000000,830710.94
200,lrange5,1000000,825214.50
201,lpush5,1000000,668502.62
201,lrange5,1000000,1190876.25
202,lpush5,1000000,826618.12
202,lrange5,1000000,1272264.62
203,lpush5,1000000,818409.19
203,lrange5,1000000,1192295.62
204,lpush5,1000000,831361.62
204,lrange5,1000000,1199366.88
205,lpush5,1000000,817792.25
205,lrange5,1000000,1292031.00
206,lpush5,1000000,825135.31
206,lrange5,1000000,1196535.88
207,lpush5,1000000,821044.31
207,lrange5,1000000,1273885.25
208,lpush5,1000000,820515.19
208,lrange5,1000000,1199405.25
209,lpush5,1000000,819066.38
209,lrange5,1000000,1264445.00
210,lpush5,1000000,828026.50
210,lrange5,1000000,1256663.25
211,lpush5,1000000,825763.88
211,lrange5,1000000,1269198.00
212,lpush5,1000000,829187.44
212,lrange5,1000000,1193508.38
213,lpush5,1000000,830564.81
213,lrange5,1000000,1193603.88
214,lpush5,1000000,830617.94
214,lrange5,1000000,1262626.25
215,lpush5,1000000,823775.94
215,lrange5,1000000,1290467.12
216,lpush5,1000000,825935.62
216,lrange5,1000000,1269116.75
217,lpush5,1000000,829981.69
217,lrange5,1000000,1282236.00
218,lpush5,1000000,825896.00
218,lrange5,1000000,1285367.62
219,lpush5,1000000,830604.62
219,lrange5,1000000,1251564.38
220,lpush5,1000000,822500.00
220,lrange5,1000000,1196593.25
221,lpush5,1000000,826512.38
221,lrange5,1000000,1264222.50
222,lpush5,1000000,825135.31
222,lrange5,1000000,1283779.25
223,lpush5,1000000,821188.81
223,lrange5,1000000,1292237.75
224,lpush5,1000000,829359.88
224,lrange5,1000000,1275591.88
225,lpush5,1000000,820567.69
225,lrange5,1000000,1156198.88
226,lpush5,1000000,833386.62
226,lrange5,1000000,1189269.88
227,lpush5,1000000,825135.31
227,lrange5,1000000,1190742.88
228,lpush5,1000000,828553.44
228,lrange5,1000000,1231665.00
229,lpush5,1000000,823137.44
229,lrange5,1000000,1274028.00
230,lpush5,1000000,818343.69
230,lrange5,1000000,1243781.12
231,lpush5,1000000,819763.94
231,lrange5,1000000,1290363.88
232,lpush5,1000000,823242.75
232,lrange5,1000000,1275510.25
233,lpush5,1000000,822434.25
233,lrange5,1000000,1189479.12
234,lpush5,1000000,817045.75
234,lrange5,1000000,1197815.62
235,lpush5,1000000,823947.31
235,lrange5,1000000,1199232.62
236,lpush5,1000000,823176.94
236,lrange5,1000000,1265924.00
237,lpush5,1000000,826459.50
237,lrange5,1000000,1191990.50
238,lpush5,1000000,818343.69
238,lrange5,1000000,1183734.88
239,lpush5,1000000,827907.31
239,lrange5,1000000,1275510.25
240,lpush5,1000000,824507.81
240,lrange5,1000000,1275551.00
241,lpush5,1000000,835475.31
241,lrange5,1000000,1200845.12
242,lpush5,1000000,827827.88
242,lrange5,1000000,1189365.00
243,lpush5,1000000,830657.81
243,lrange5,1000000,1277200.50
244,lpush5,1000000,825254.12
244,lrange5,1000000,1288701.00
245,lpush5,1000000,825306.94
245,lrange5,1000000,1261034.12
246,lpush5,1000000,825816.69
246,lrange5,1000000,1242395.00
247,lpush5,1000000,827867.56
247,lrange5,1000000,1240754.38
248,lpush5,1000000,823137.44
248,lrange5,1000000,1293764.50
249,lpush5,1000000,827341.62
249,lrange5,1000000,1273966.88
250,lpush5,1000000,817071.94
250,lrange5,1000000,1157462.88
251,lpush5,1000000,830737.56
251,lrange5,1000000,1245369.88
252,lpush5,1000000,821018.00
252,lrange5,1000000,1283697.12
253,lpush5,1000000,821705.81
253,lrange5,1000000,1192047.75
254,lpush5,1000000,819724.56
254,lrange5,1000000,1219531.75
255,lpush5,1000000,824600.12
255,lrange5,1000000,1195125.38
256,lpush5,1000000,824481.44
256,lrange5,1000000,1227229.50
257,lpush5,1000000,826618.12
257,lrange5,1000000,1261034.12
258,lpush5,1000000,826644.62
258,lrange5,1000000,1287001.25
259,lpush5,1000000,827169.56
259,lrange5,1000000,1269218.25
260,lpush5,1000000,822592.12
260,lrange5,1000000,1194762.25
261,lpush5,1000000,827854.31
261,lrange5,1000000,1248519.38
262,lpush5,1000000,831468.06
262,lrange5,1000000,1269116.75
263,lpush5,1000000,834175.12
263,lrange5,1000000,1259506.25
264,lpush5,1000000,826618.12
264,lrange5,1000000,1234725.88
265,lpush5,1000000,820344.56
265,lrange5,1000000,1256381.88
266,lpush5,1000000,826578.50
266,lrange5,1000000,1175144.50
267,lpush5,1000000,828500.38
267,lrange5,1000000,1191990.50
268,lpush5,1000000,826446.25
268,lrange5,1000000,1054919.88
269,lpush5,1000000,823137.44
269,lrange5,1000000,1256341.75
270,lpush5,1000000,821175.69
270,lrange5,1000000,1254725.25
271,lpush5,1000000,829253.75
271,lrange5,1000000,1277180.12
272,lpush5,1000000,823163.75
272,lrange5,1000000,1254825.62
273,lpush5,1000000,819053.25
273,lrange5,1000000,1187952.50
274,lpush5,1000000,827129.88
274,lrange5,1000000,1202307.62
275,lpush5,1000000,821188.81
275,lrange5,1000000,1247022.50
276,lpush5,1000000,825763.88
276,lrange5,1000000,1193527.50
277,lpush5,1000000,824613.31
277,lrange5,1000000,1108895.75
278,lpush5,1000000,827867.56
278,lrange5,1000000,1230110.62
279,lpush5,1000000,828500.38
279,lrange5,1000000,1251684.62
280,lpush5,1000000,820344.56
280,lrange5,1000000,1221196.62
281,lpush5,1000000,825790.25
281,lrange5,1000000,1210789.38
282,lpush5,1000000,827907.31
282,lrange5,1000000,1248539.38
283,lpush5,1000000,821057.44
283,lrange5,1000000,1273987.25
284,lpush5,1000000,826485.94
284,lrange5,1000000,1269055.88
285,lpush5,1000000,813047.12
285,lrange5,1000000,1190876.25
286,lpush5,1000000,819171.19
286,lrange5,1000000,1262808.12
287,lpush5,1000000,820515.19
287,lrange5,1000000,1250160.00
288,lpush5,1000000,812503.69
288,lrange5,1000000,1197643.12
289,lpush5,1000000,824521.00
289,lrange5,1000000,1234567.88
290,lpush5,1000000,819711.44
290,lrange5,1000000,1200729.88
291,lpush5,1000000,829915.31
291,lrange5,1000000,1287207.25
292,lpush5,1000000,828540.19
292,lrange5,1000000,1287001.25
293,lpush5,1000000,825082.50
293,lrange5,1000000,1193584.75
294,lpush5,1000000,819737.69
294,lrange5,1000000,1285347.00
295,lpush5,1000000,821719.00
295,lrange5,1000000,968992.31
296,lpush5,1000000,828500.38
296,lrange5,1000000,1254785.50
297,lpush5,1000000,832812.69
297,lrange5,1000000,1275510.25
298,lpush5,1000000,823111.06
298,lrange5,1000000,1283697.12
299,lpush5,1000000,829928.62
299,lrange5,1000000,1202269.25
300,lpush5,1000000,822381.62
300,lrange5,1000000,1257922.00
301,lpush5,1000000,825214.50
301,lrange5,1000000,1246982.62
302,lpush5,1000000,819724.56
302,lrange5,1000000,1200710.62
303,lpush5,1000000,823881.38
303,lrange5,1000000,1282092.38
304,lpush5,1000000,843183.81
304,lrange5,1000000,1242335.38
305,lpush5,1000000,830061.38
305,lrange5,1000000,1202038.38
306,lpush5,1000000,825095.69
306,lrange5,1000000,1173727.75
307,lpush5,1000000,833439.94
307,lrange5,1000000,1185061.62
308,lpush5,1000000,832732.75
308,lrange5,1000000,1273885.25
309,lpush5,1000000,825869.56
309,lrange5,1000000,1278874.62
310,lpush5,1000000,826472.69
310,lrange5,1000000,1190685.75
311,lpush5,1000000,823723.25
311,lrange5,1000000,1265924.00
312,lpush5,1000000,829346.62
312,lrange5,1000000,1265944.25
313,lpush5,1000000,836307.69
313,lrange5,1000000,1261094.62
314,lpush5,1000000,825188.12
314,lrange5,1000000,1270709.00
315,lpush5,1000000,820370.81
315,lrange5,1000000,1230110.62
316,lpush5,1000000,827156.31
316,lrange5,1000000,1264242.75
317,lpush5,1000000,833439.94
317,lrange5,1000000,1269198.00
318,lpush5,1000000,830564.81
318,lrange5,1000000,1283861.38
319,lpush5,1000000,827814.62
319,lrange5,1000000,1275571.50
320,lpush5,1000000,822421.06
320,lrange5,1000000,1265822.75
321,lpush5,1000000,829412.94
321,lrange5,1000000,1285367.62
322,lpush5,1000000,823084.75
322,lrange5,1000000,1288824.75
323,lpush5,1000000,824534.19
323,lrange5,1000000,1278772.38
324,lpush5,1000000,829875.50
324,lrange5,1000000,1175370.12
325,lpush5,1000000,831321.75
325,lrange5,1000000,1197815.62
326,lpush5,1000000,825227.69
326,lrange5,1000000,1236232.38
327,lpush5,1000000,820423.31
327,lrange5,1000000,1195068.12
328,lpush5,1000000,822381.62
328,lrange5,1000000,1193374.75
329,lpush5,1000000,828606.44
329,lrange5,1000000,1258042.75
330,lpush5,1000000,816993.50
330,lrange5,1000000,1203523.50
331,lpush5,1000000,825843.12
331,lrange5,1000000,1230032.00
332,lpush5,1000000,829200.69
332,lrange5,1000000,1190762.00
333,lpush5,1000000,823045.25
333,lrange5,1000000,1275612.25
334,lpush5,1000000,827854.31
334,lrange5,1000000,1256402.00
335,lpush5,1000000,821745.25
335,lrange5,1000000,1246882.88
336,lpush5,1000000,821083.69
336,lrange5,1000000,1189079.62
337,lpush5,1000000,823815.50
337,lrange5,1000000,1273946.50
338,lpush5,1000000,822394.75
338,lrange5,1000000,1222650.38
339,lpush5,1000000,827907.31
339,lrange5,1000000,1199175.12
340,lpush5,1000000,826525.62
340,lrange5,1000000,1277323.12
341,lpush5,1000000,830631.25
341,lrange5,1000000,1250000.00
342,lpush5,1000000,826525.62
342,lrange5,1000000,1265863.25
343,lpush5,1000000,828672.75
343,lrange5,1000000,1262626.25
344,lpush5,1000000,828513.69
344,lrange5,1000000,1206581.38
345,lpush5,1000000,825896.00
345,lrange5,1000000,1236192.75
346,lpush5,1000000,826565.25
346,lrange5,1000000,1272305.38
347,lpush5,1000000,835448.62
347,lrange5,1000000,1292175.75
348,lpush5,1000000,828540.19
348,lrange5,1000000,1228697.75
349,lpush5,1000000,823815.50
349,lrange5,1000000,1275510.25
350,lpush5,1000000,823097.94
350,lrange5,1000000,1278915.62
351,lpush5,1000000,829200.69
351,lrange5,1000000,1264283.12
352,lpush5,1000000,825254.12
352,lrange5,1000000,1295564.75
353,lpush5,1000000,826446.25
353,lrange5,1000000,1275530.62
354,lpush5,1000000,830101.19
354,lrange5,1000000,1194857.75
355,lpush5,1000000,824586.94
355,lrange5,1000000,1270729.38
356,lpush5,1000000,830564.81
356,lrange5,1000000,1246942.62
357,lpush5,1000000,821745.25
357,lrange5,1000000,1277159.62
358,lpush5,1000000,834201.81
358,lrange5,1000000,1165501.25
359,lpush5,1000000,825188.12
359,lrange5,1000000,1256422.12
360,lpush5,1000000,819000.88
360,lrange5,1000000,1203639.00
361,lpush5,1000000,830671.12
361,lrange5,1000000,1242295.62
362,lpush5,1000000,823045.25
362,lrange5,1000000,1192238.38
363,lpush5,1000000,823150.62
363,lrange5,1000000,1239177.25
364,lpush5,1000000,825293.75
364,lrange5,1000000,1257881.75
365,lpush5,1000000,822381.62
365,lrange5,1000000,1184985.75
366,lpush5,1000000,823150.62
366,lrange5,1000000,1248459.38
367,lpush5,1000000,819711.44
367,lrange5,1000000,1272386.75
368,lpush5,1000000,824428.62
368,lrange5,1000000,1087373.88
369,lpush5,1000000,825227.69
369,lrange5,1000000,1270668.38
370,lpush5,1000000,832746.06
370,lrange5,1000000,1287042.50
371,lpush5,1000000,829213.94
371,lrange5,1000000,1191895.12
372,lpush5,1000000,819790.12
372,lrange5,1000000,1278772.38
373,lpush5,1000000,819053.25
373,lrange5,1000000,1194915.12
374,lpush5,1000000,823137.44
374,lrange5,1000000,1189079.62
375,lpush5,1000000,818448.44
375,lrange5,1000000,1272285.00
376,lpush5,1000000,834201.81
376,lrange5,1000000,1267609.62
377,lpush5,1000000,832639.50
377,lrange5,1000000,1288742.25
378,lpush5,1000000,833426.62
378,lrange5,1000000,1283738.12
379,lpush5,1000000,826604.94
379,lrange5,1000000,1199117.50
380,lpush5,1000000,830750.81
380,lrange5,1000000,1193680.25
381,lpush5,1000000,825935.62
381,lrange5,1000000,1169684.12
382,lpush5,1000000,828513.69
382,lrange5,1000000,1256301.50
383,lpush5,1000000,823775.94
383,lrange5,1000000,1182316.75
384,lpush5,1000000,822368.44
384,lrange5,1000000,1189136.75
385,lpush5,1000000,814527.69
385,lrange5,1000000,1256341.75
386,lpush5,1000000,842689.12
386,lrange5,1000000,1266106.25
387,lpush5,1000000,837520.94
387,lrange5,1000000,1193412.88
388,lpush5,1000000,828000.06
388,lrange5,1000000,1278895.12
389,lpush5,1000000,828672.75
389,lrange5,1000000,1270688.75
390,lpush5,1000000,830087.94
390,lrange5,1000000,1272305.38
391,lpush5,1000000,825095.69
391,lrange5,1000000,1280430.25
392,lpush5,1000000,832652.81
392,lrange5,1000000,1251564.38
393,lpush5,1000000,823789.12
393,lrange5,1000000,1287166.00
394,lpush5,1000000,828500.38
394,lrange5,1000000,1280573.62
395,lpush5,1000000,832000.00
395,lrange5,1000000,1176621.12
396,lpush5,1000000,820475.81
396,lrange5,1000000,1228501.25
397,lpush5,1000000,824455.00
397,lrange5,1000000,1290322.62
398,lpush5,1000000,833519.94
398,lrange5,1000000,1274068.75
399,lpush5,1000000,828053.00
399,lrange5,1000000,1178289.75
400,lpush5,1000000,832079.88
400,lrange5,1000000,1264242.75
401,lpush5,1000000,831295.12
401,lrange5,1000000,1239177.25
402,lpush5,1000000,828566.69
402,lrange5,1000000,1275734.75
403,lpush5,1000000,826552.06
403,lrange5,1000000,1245350.00
404,lpush5,1000000,829888.75
404,lrange5,1000000,1270709.00
405,lpush5,1000000,823137.44
405,lrange5,1000000,1269157.38
406,lpush5,1000000,831374.94
406,lrange5,1000000,1261034.12
407,lpush5,1000000,823190.12
407,lrange5,1000000,1267447.50
408,lpush5,1000000,834858.12
408,lrange5,1000000,1275673.50
409,lpush5,1000000,826499.12
409,lrange5,1000000,1283881.88
410,lpush5,1000000,827960.31
410,lrange5,1000000,1196574.12
411,lpush5,1000000,832159.69
411,lrange5,1000000,1256442.25
412,lpush5,1000000,831255.25
412,lrange5,1000000,1275632.62
413,lpush5,1000000,825829.94
413,lrange5,1000000,1187990.50
414,lpush5,1000000,829915.31
414,lrange5,1000000,1137929.50
415,lpush5,1000000,829240.50
415,lrange5,1000000,1257881.75
416,lpush5,1000000,827854.31
416,lrange5,1000000,1270709.00
417,lpush5,1000000,825803.50
417,lrange5,1000000,1183640.25
418,lpush5,1000000,824455.00
418,lrange5,1000000,1262747.50
419,lpush5,1000000,829373.12
419,lrange5,1000000,1262666.62
420,lpush5,1000000,815191.50
420,lrange5,1000000,1187762.50
421,lpush5,1000000,831281.81
421,lrange5,1000000,1236153.25
422,lpush5,1000000,827867.56
422,lrange5,1000000,1194762.25
423,lpush5,1000000,827196.06
423,lrange5,1000000,1293764.50
424,lpush5,1000000,828553.44
424,lrange5,1000000,1192314.62
425,lpush5,1000000,821876.75
425,lrange5,1000000,1218104.75
426,lpush5,1000000,825763.88
426,lrange5,1000000,1209267.25
427,lpush5,1000000,830101.19
427,lrange5,1000000,1200883.50
428,lpush5,1000000,818553.19
428,lrange5,1000000,1239216.88
429,lpush5,1000000,826472.69
429,lrange5,1000000,1261054.25
430,lpush5,1000000,829253.75
430,lrange5,1000000,1215261.25
431,lpush5,1000000,830008.25
431,lrange5,1000000,1248479.38
432,lpush5,1000000,824402.25
432,lrange5,1000000,1283799.75
433,lpush5,1000000,826446.25
433,lrange5,1000000,1188028.50
434,lpush5,1000000,836160.56
434,lrange5,1000000,1295357.50
435,lpush5,1000000,827249.00
435,lrange5,1000000,1280676.00
436,lpush5,1000000,825777.06
436,lrange5,1000000,1199405.25
437,lpush5,1000000,830578.06
437,lrange5,1000000,1228560.12
438,lpush5,1000000,834737.94
438,lrange5,1000000,1206272.62
439,lpush5,1000000,828579.94
439,lrange5,1000000,1254865.75
440,lpush5,1000000,829293.56
440,lrange5,1000000,1264263.00
441,lpush5,1000000,829386.44
441,lrange5,1000000,1288701.00
442,lpush5,1000000,828513.69
442,lrange5,1000000,1205069.88
443,lpush5,1000000,824415.44
443,lrange5,1000000,1160482.62
444,lpush5,1000000,827814.62
444,lrange5,1000000,1196172.25
445,lpush5,1000000,821745.25
445,lrange5,1000000,1205069.88
446,lpush5,1000000,829240.50
446,lrange5,1000000,1203485.00
447,lpush5,1000000,830564.81
447,lrange5,1000000,1180769.75
448,lpush5,1000000,827986.81
448,lrange5,1000000,1195068.12
449,lpush5,1000000,829240.50
449,lrange5,1000000,1187743.50
450,lpush5,1000000,829412.94
450,lrange5,1000000,1265822.75
451,lpush5,1000000,819013.94
451,lrange5,1000000,1187895.50
452,lpush5,1000000,818330.62
452,lrange5,1000000,1192047.75
453,lpush5,1000000,822421.06
453,lrange5,1000000,1194972.50
454,lpush5,1000000,828500.38
454,lrange5,1000000,1193661.12
455,lpush5,1000000,821031.19
455,lrange5,1000000,1190876.25
456,lpush5,1000000,824507.81
456,lrange5,1000000,1206465.62
457,lpush5,1000000,827827.88
457,lrange5,1000000,1264404.50
458,lpush5,1000000,831428.12
458,lrange5,1000000,1193432.00
459,lpush5,1000000,833333.31
459,lrange5,1000000,1186353.50
460,lpush5,1000000,823868.19
460,lrange5,1000000,1183810.62
461,lpush5,1000000,825135.31
461,lrange5,1000000,1199309.38
462,lpush5,1000000,821018.00
462,lrange5,1000000,1234646.88
463,lpush5,1000000,822407.94
463,lrange5,1000000,1194781.38
464,lpush5,1000000,823907.75
464,lrange5,1000000,1269198.00
465,lpush5,1000000,821719.00
465,lrange5,1000000,1264263.00
466,lpush5,1000000,825856.31
466,lrange5,1000000,1283717.62
467,lpush5,1000000,828566.69
467,lrange5,1000000,1257861.62
468,lpush5,1000000,824573.75
468,lrange5,1000000,1200883.50
469,lpush5,1000000,819895.06
469,lrange5,1000000,1282194.88
470,lpush5,1000000,828553.44
470,lrange5,1000000,1283697.12
471,lpush5,1000000,829227.19
471,lrange5,1000000,1189212.88
472,lpush5,1000000,830578.06
472,lrange5,1000000,1187952.50
473,lpush5,1000000,829359.88
473,lrange5,1000000,1185194.38
474,lpush5,1000000,825935.62
474,lrange5,1000000,1272285.00
475,lpush5,1000000,815830.38
475,lrange5,1000000,1245330.00
476,lpush5,1000000,825777.06
476,lrange5,1000000,1182165.50
477,lpush5,1000000,822381.62
477,lrange5,1000000,1257901.88
478,lpush5,1000000,819053.25
478,lrange5,1000000,1193508.38
479,lpush5,1000000,829187.44
479,lrange5,1000000,1239316.00
480,lpush5,1000000,829200.69
480,lrange5,1000000,1180996.50
481,lpush5,1000000,829200.69
481,lrange5,1000000,1205069.88
482,lpush5,1000000,835542.19
482,lrange5,1000000,1196210.50
483,lpush5,1000000,832093.19
483,lrange5,1000000,1261155.12
484,lpush5,1000000,825763.88
484,lrange5,1000000,1212218.25
485,lpush5,1000000,828513.69
485,lrange5,1000000,1189193.75
486,lpush5,1000000,822434.25
486,lrange5,1000000,1212198.75
487,lpush5,1000000,831255.25
487,lrange5,1000000,1199194.25
488,lpush5,1000000,823907.75
488,lrange5,1000000,1176508.25
489,lpush5,1000000,821745.25
489,lrange5,1000000,1256281.38
490,lpush5,1000000,821876.75
490,lrange5,1000000,1179245.25
491,lpush5,1000000,823269.12
491,lrange5,1000000,1275551.00
492,lpush5,1000000,820357.69
492,lrange5,1000000,1258022.62
493,lpush5,1000000,829293.56
493,lrange5,1000000,1197604.88
494,lpush5,1000000,823058.44
494,lrange5,1000000,1290529.12
495,lpush5,1000000,821705.81
495,lrange5,1000000,1186562.25
496,lpush5,1000000,820410.19
496,lrange5,1000000,1175106.88
497,lpush5,1000000,821705.81
497,lrange5,1000000,1251584.50
498,lpush5,1000000,822513.19
498,lrange5,1000000,1237722.75
499,lpush5,1000000,816431.00
499,lrange5,1000000,1192143.00
500,lpush5,1000000,815830.38
500,lrange5,1000000,1283738.12
501,lpush5,1000000,821797.88
501,lrange5,1000000,1245529.25
502,lpush5,1000000,831308.44
502,lrange5,1000000,1267488.00
503,lpush5,1000000,827867.56
503,lrange5,1000000,1277159.62
504,lpush5,1000000,825095.69
504,lrange5,1000000,1267528.50
505,lpush5,1000000,828039.75
505,lrange5,1000000,1237762.38
506,lpush5,1000000,824402.25
506,lrange5,1000000,1257922.00
507,lpush5,1000000,832079.88
507,lrange5,1000000,1197853.88
508,lpush5,1000000,830671.12
508,lrange5,1000000,1278977.00
509,lpush5,1000000,827986.81
509,lrange5,1000000,1200691.50
510,lpush5,1000000,830617.94
510,lrange5,1000000,1207980.62
511,lpush5,1000000,829373.12
511,lrange5,1000000,1201923.00
512,lpush5,1000000,820357.69
512,lrange5,1000000,1196497.62
513,lpush5,1000000,825777.06
513,lrange5,1000000,1215377.88
514,lpush5,1000000,823097.94
514,lrange5,1000000,1278772.38
515,lpush5,1000000,823775.94
515,lrange5,1000000,1210789.38
516,lpush5,1000000,826499.12
516,lrange5,1000000,1215066.75
517,lpush5,1000000,827814.62
517,lrange5,1000000,1277159.62
518,lpush5,1000000,820410.19
518,lrange5,1000000,1261135.00
519,lpush5,1000000,828540.19
519,lrange5,1000000,1194781.38
520,lpush5,1000000,829200.69
520,lrange5,1000000,1183507.62
521,lpush5,1000000,832826.00
521,lrange5,1000000,1194800.50
522,lpush5,1000000,825869.56
522,lrange5,1000000,1233183.75
523,lpush5,1000000,828579.94
523,lrange5,1000000,1197643.12
524,lpush5,1000000,830737.56
524,lrange5,1000000,1288742.25
525,lpush5,1000000,828540.19
525,lrange5,1000000,1242275.75
526,lpush5,1000000,831973.38
526,lrange5,1000000,1242236.00
527,lpush5,1000000,827973.56
527,lrange5,1000000,1282215.38
528,lpush5,1000000,823789.12
528,lrange5,1000000,1265863.25
529,lpush5,1000000,829320.06
529,lrange5,1000000,1190857.12
530,lpush5,1000000,829240.50
530,lrange5,1000000,1194896.00
531,lpush5,1000000,825135.31
531,lrange5,1000000,1242275.75
532,lpush5,1000000,826499.12
532,lrange5,1000000,1209325.25
533,lpush5,1000000,823045.25
533,lrange5,1000000,1193699.25
534,lpush5,1000000,829280.31
534,lrange5,1000000,1280614.62
535,lpush5,1000000,829227.19
535,lrange5,1000000,1197681.50
536,lpush5,1000000,834148.44
536,lrange5,1000000,1172520.50
537,lpush5,1000000,825869.56
537,lrange5,1000000,1240714.62
538,lpush5,1000000,834135.12
538,lrange5,1000000,1270668.38
539,lpush5,1000000,823269.12
539,lrange5,1000000,1274007.62
540,lpush5,1000000,827182.81
540,lrange5,1000000,1285347.00
541,lpush5,1000000,821031.19
541,lrange5,1000000,1267467.75
542,lpush5,1000000,822539.50
542,lrange5,1000000,1193508.38
543,lpush5,1000000,825816.69
543,lrange5,1000000,1203465.75
544,lpush5,1000000,825201.31
544,lrange5,1000000,1283820.25
545,lpush5,1000000,823789.12
545,lrange5,1000000,1186334.50
546,lpush5,1000000,827262.19
546,lrange5,1000000,1274048.38
547,lpush5,1000000,823137.44
547,lrange5,1000000,1197968.88
548,lpush5,1000000,823071.56
548,lrange5,1000000,1186277.62
549,lpush5,1000000,823934.12
549,lrange5,1000000,1265822.75
550,lpush5,1000000,821123.12
550,lrange5,1000000,1189060.62
551,lpush5,1000000,825148.50
551,lrange5,1000000,1189460.12
552,lpush5,1000000,826552.06
552,lrange5,1000000,1250020.00
553,lpush5,1000000,821863.62
553,lrange5,1000000,1285573.25
554,lpush5,1000000,827143.12
554,lrange5,1000000,1269076.12
555,lpush5,1000000,825135.31
555,lrange5,1000000,1272325.62
556,lpush5,1000000,829240.50
556,lrange5,1000000,1291989.62
557,lpush5,1000000,820502.06
557,lrange5,1000000,1248499.38
558,lpush5,1000000,827907.31
558,lrange5,1000000,1278833.75
559,lpush5,1000000,823111.06
559,lrange5,1000000,1292175.75
560,lpush5,1000000,825922.38
560,lrange5,1000000,1250060.00
561,lpush5,1000000,824415.44
561,lrange5,1000000,1201923.00
562,lpush5,1000000,830008.25
562,lrange5,1000000,1269055.88
563,lpush5,1000000,832839.31
563,lrange5,1000000,1206677.88
564,lpush5,1000000,826499.12
564,lrange5,1000000,1184928.88
565,lpush5,1000000,825240.94
565,lrange5,1000000,1275530.62
566,lpush5,1000000,828566.69
566,lrange5,1000000,1194896.00
567,lpush5,1000000,822565.81
567,lrange5,1000000,1269116.75
568,lpush5,1000000,836900.38
568,lrange5,1000000,1262626.25
569,lpush5,1000000,823176.94
569,lrange5,1000000,1215280.62
570,lpush5,1000000,820344.56
570,lrange5,1000000,1230071.25
571,lpush5,1000000,824613.31
571,lrange5,1000000,1267690.75
572,lpush5,1000000,827814.62
572,lrange5,1000000,1278956.50
573,lpush5,1000000,827182.81
573,lrange5,1000000,1270851.38
574,lpush5,1000000,833386.62
574,lrange5,1000000,1212121.25
575,lpush5,1000000,834041.69
575,lrange5,1000000,1202211.50
576,lpush5,1000000,823736.44
576,lrange5,1000000,1246922.75
577,lpush5,1000000,823736.44
577,lrange5,1000000,1207729.50
578,lpush5,1000000,834028.38
578,lrange5,1000000,1254745.25
579,lpush5,1000000,825975.25
579,lrange5,1000000,1285552.75
580,lpush5,1000000,826512.38
580,lrange5,1000000,1251604.50
581,lpush5,1000000,827867.56
581,lrange5,1000000,1265843.00
582,lpush5,1000000,838223.00
582,lrange5,1000000,1270688.75
583,lpush5,1000000,827275.44
583,lrange5,1000000,1270770.00
584,lpush5,1000000,820488.94
584,lrange5,1000000,1288680.38
585,lpush5,1000000,821876.75
585,lrange5,1000000,1190762.00
586,lpush5,1000000,830724.25
586,lrange5,1000000,1196229.62
587,lpush5,1000000,830657.81
587,lrange5,1000000,1197777.25
588,lpush5,1000000,824573.75
588,lrange5,1000000,1194743.12
589,lpush5,1000000,825108.88
589,lrange5,1000000,1196516.75
590,lpush5,1000000,823775.94
590,lrange5,1000000,1250020.00
591,lpush5,1000000,829875.50
591,lrange5,1000000,1257861.62
592,lpush5,1000000,836120.44
592,lrange5,1000000,1196593.25
593,lpush5,1000000,825935.62
593,lrange5,1000000,1193718.38
594,lpush5,1000000,832639.50
594,lrange5,1000000,1195068.12
595,lpush5,1000000,832759.38
595,lrange5,1000000,1243820.88
596,lpush5,1000000,825254.12
596,lrange5,1000000,1280532.62
597,lpush5,1000000,833386.62
597,lrange5,1000000,1193737.50
598,lpush5,1000000,826472.69
598,lrange5,1000000,1192124.00
599,lpush5,1000000,825267.31
599,lrange5,1000000,1240754.38
600,lpush5,1000000,829200.69
600,lrange5,1000000,1282133.38
601,lpush5,1000000,828500.38
601,lrange5,1000000,1219629.25
602,lpush5,1000000,822381.62
602,lrange5,1000000,1266005.00
603,lpush5,1000000,823789.12
603,lrange5,1000000,1152460.88
604,lpush5,1000000,821031.19
604,lrange5,1000000,1262646.50
605,lpush5,1000000,827894.06
605,lrange5,1000000,1236113.75
606,lpush5,1000000,760675.25
606,lrange5,1000000,1277180.12
607,lpush5,1000000,823163.75
607,lrange5,1000000,1270709.00
608,lpush5,1000000,826459.50
608,lrange5,1000000,1225607.88
609,lpush5,1000000,833506.62
609,lrange5,1000000,1179490.62
610,lpush5,1000000,830684.38
610,lrange5,1000000,1285532.12
611,lpush5,1000000,828500.38
611,lrange5,1000000,1262666.62
612,lpush5,1000000,826578.50
612,lrange5,1000000,1178214.38
613,lpush5,1000000,818461.56
613,lrange5,1000000,1272264.62
614,lpush5,1000000,821837.31
614,lrange5,1000000,1259466.00
615,lpush5,1000000,826485.94
615,lrange5,1000000,1197604.88
616,lpush5,1000000,828712.50
616,lrange5,1000000,1259607.00
617,lpush5,1000000,826512.38
617,lrange5,1000000,1257861.62
618,lpush5,1000000,827880.81
618,lrange5,1000000,1212160.00
619,lpush5,1000000,823881.38
619,lrange5,1000000,1247122.25
620,lpush5,1000000,827288.69
620,lrange5,1000000,1199232.62
621,lpush5,1000000,834241.88
621,lrange5,1000000,1186391.50
622,lpush5,1000000,830631.25
622,lrange5,1000000,1199098.38
623,lpush5,1000000,825777.06
623,lrange5,1000000,1206349.88
624,lpush5,1000000,827920.56
624,lrange5,1000000,1246902.75
625,lpush5,1000000,817700.69
625,lrange5,1000000,1200749.12
626,lpush5,1000000,833333.31
626,lrange5,1000000,1265984.75
627,lpush5,1000000,826591.69
627,lrange5,1000000,1290425.88
628,lpush5,1000000,823815.50
628,lrange5,1000000,1203639.00
629,lpush5,1000000,828000.06
629,lrange5,1000000,1237683.12
630,lpush5,1000000,825948.81
630,lrange5,1000000,1193412.88
631,lpush5,1000000,840497.44
631,lrange5,1000000,1212257.00
632,lpush5,1000000,839684.31
632,lrange5,1000000,1280409.75
633,lpush5,1000000,839724.62
633,lrange5,1000000,1258022.62
634,lpush5,1000000,824415.44
634,lrange5,1000000,1285614.38
635,lpush5,1000000,820344.56
635,lrange5,1000000,1187857.50
636,lpush5,1000000,827894.06
636,lrange5,1000000,1193508.38
637,lpush5,1000000,824521.00
637,lrange5,1000000,1199251.75
638,lpush5,1000000,832119.81
638,lrange5,1000000,1290384.50
639,lpush5,1000000,828619.69
639,lrange5,1000000,1277302.75
640,lpush5,1000000,830021.56
640,lrange5,1000000,1261094.62
641,lpush5,1000000,825095.69
641,lrange5,1000000,1293661.00
642,lpush5,1000000,829928.62
642,lrange5,1000000,1209576.75
643,lpush5,1000000,825777.06
643,lrange5,1000000,1285532.12
644,lpush5,1000000,826499.12
644,lrange5,1000000,1270851.38
645,lpush5,1000000,832692.75
645,lrange5,1000000,1206311.25
646,lpush5,1000000,834188.50
646,lrange5,1000000,1269177.62
647,lpush5,1000000,825095.69
647,lrange5,1000000,1292051.75
648,lpush5,1000000,829227.19
648,lrange5,1000000,1297016.88
649,lpush5,1000000,823775.94
649,lrange5,1000000,1203581.25
650,lpush5,1000000,838303.44
650,lrange5,1000000,1237643.50
651,lpush5,1000000,831295.12
651,lrange5,1000000,1273987.25
652,lpush5,1000000,823229.62
652,lrange5,1000000,1243960.12
653,lpush5,1000000,827973.56
653,lrange5,1000000,1253353.38
654,lpush5,1000000,821732.12
654,lrange5,1000000,1209480.00
655,lpush5,1000000,832053.25
655,lrange5,1000000,1292113.75
656,lpush5,1000000,823111.06
656,lrange5,1000000,1291989.62
657,lpush5,1000000,821228.19
657,lrange5,1000000,1236153.25
658,lpush5,1000000,834831.44
658,lrange5,1000000,1242315.50
659,lpush5,1000000,825816.69
659,lrange5,1000000,1206542.88
660,lpush5,1000000,827129.88
660,lrange5,1000000,1262666.62
661,lpush5,1000000,831374.94
661,lrange5,1000000,1207806.75
662,lpush5,1000000,827301.94
662,lrange5,1000000,1026776.19
663,lpush5,1000000,827867.56
663,lrange5,1000000,1292010.38
664,lpush5,1000000,835421.88
664,lrange5,1000000,1264445.00
665,lpush5,1000000,839114.06
665,lrange5,1000000,1246982.62
666,lpush5,1000000,843359.19
666,lrange5,1000000,1265863.25
667,lpush5,1000000,828500.38
667,lrange5,1000000,1192181.12
668,lpush5,1000000,837628.12
668,lrange5,1000000,1186619.25
669,lpush5,1000000,828013.31
669,lrange5,1000000,1237722.75
670,lpush5,1000000,827814.62
670,lrange5,1000000,1231704.50
671,lpush5,1000000,827156.31
671,lrange5,1000000,1200499.38
672,lpush5,1000000,827182.81
672,lrange5,1000000,1272366.38
673,lpush5,1000000,826472.69
673,lrange5,1000000,1253373.50
674,lpush5,1000000,824547.38
674,lrange5,1000000,1275612.25
675,lpush5,1000000,827315.12
675,lrange5,1000000,1199424.50
676,lpush5,1000000,823907.75
676,lrange5,1000000,1202076.88
677,lpush5,1000000,835475.31
677,lrange5,1000000,1231645.38
678,lpush5,1000000,827209.25
678,lrange5,1000000,1198026.38
679,lpush5,1000000,824455.00
679,lrange5,1000000,1240833.75
680,lpush5,1000000,824573.75
680,lrange5,1000000,1272407.12
681,lpush5,1000000,828725.75
681,lrange5,1000000,1283861.38
682,lpush5,1000000,827129.88
682,lrange5,1000000,878762.75
683,lpush5,1000000,793186.31
683,lrange5,1000000,1269137.12
684,lpush5,1000000,821018.00
684,lrange5,1000000,1208000.00
685,lpush5,1000000,831960.06
685,lrange5,1000000,1278956.50
686,lpush5,1000000,829928.62
686,lrange5,1000000,1266005.00
687,lpush5,1000000,830777.44
687,lrange5,1000000,1293723.12
688,lpush5,1000000,821057.44
688,lrange5,1000000,1293785.25
689,lpush5,1000000,825816.69
689,lrange5,1000000,1290425.88
690,lpush5,1000000,829995.00
690,lrange5,1000000,1298784.50
691,lpush5,1000000,829227.19
691,lrange5,1000000,1295357.50
692,lpush5,1000000,829359.88
692,lrange5,1000000,1200614.62
693,lpush5,1000000,829902.06
693,lrange5,1000000,1191971.38
694,lpush5,1000000,819829.50
694,lrange5,1000000,1236093.88
695,lpush5,1000000,830564.81
695,lrange5,1000000,1288721.62
696,lpush5,1000000,832173.00
696,lrange5,1000000,1269035.50
697,lpush5,1000000,819724.56
697,lrange5,1000000,1200729.88
698,lpush5,1000000,828026.50
698,lrange5,1000000,1234666.62
699,lpush5,1000000,820567.69
699,lrange5,1000000,1269076.12
700,lpush5,1000000,815022.00
700,lrange5,1000000,1267427.12
701,lpush5,1000000,828739.00
701,lrange5,1000000,1195087.25
702,lpush5,1000000,833346.62
702,lrange5,1000000,1272447.88
703,lpush5,1000000,819685.25
703,lrange5,1000000,1194953.38
704,lpush5,1000000,829915.31
704,lrange5,1000000,1203639.00
705,lpush5,1000000,825803.50
705,lrange5,1000000,1200576.25
706,lpush5,1000000,834041.69
706,lrange5,1000000,1245489.50
707,lpush5,1000000,829227.19
707,lrange5,1000000,1269035.50
708,lpush5,1000000,830710.94
708,lrange5,1000000,1272264.62
709,lpush5,1000000,824560.56
709,lrange5,1000000,1290446.50
710,lpush5,1000000,823868.19
710,lrange5,1000000,1269198.00
711,lpush5,1000000,823736.44
711,lrange5,1000000,1265863.25
712,lpush5,1000000,829386.44
712,lrange5,1000000,1248679.12
713,lpush5,1000000,817032.69
713,lrange5,1000000,1233282.38
714,lpush5,1000000,824428.62
714,lrange5,1000000,1196306.12
715,lpush5,1000000,823841.88
715,lrange5,1000000,1265964.50
716,lpush5,1000000,825240.94
716,lrange5,1000000,1285388.12
717,lpush5,1000000,835595.62
717,lrange5,1000000,1189346.00
718,lpush5,1000000,821719.00
718,lrange5,1000000,1172595.62
719,lpush5,1000000,817674.56
719,lrange5,1000000,1193508.38
720,lpush5,1000000,824415.44
720,lrange5,1000000,1203465.75
721,lpush5,1000000,827814.62
721,lrange5,1000000,1202096.12
722,lpush5,1000000,828579.94
722,lrange5,1000000,1234745.62
723,lpush5,1000000,822381.62
723,lrange5,1000000,1199060.00
724,lpush5,1000000,820436.44
724,lrange5,1000000,1259546.50
725,lpush5,1000000,822434.25
725,lrange5,1000000,1290343.25
726,lpush5,1000000,830710.94
726,lrange5,1000000,1265984.75
727,lpush5,1000000,821797.88
727,lrange5,1000000,1193432.00
728,lpush5,1000000,821876.75
728,lrange5,1000000,1267447.50
729,lpush5,1000000,827328.38
729,lrange5,1000000,1273966.88
730,lpush5,1000000,825122.12
730,lrange5,1000000,1184834.12
731,lpush5,1000000,827129.88
731,lrange5,1000000,1179471.75
732,lpush5,1000000,827894.06
732,lrange5,1000000,1239395.38
733,lpush5,1000000,827854.31
733,lrange5,1000000,1225686.25
734,lpush5,1000000,824521.00
734,lrange5,1000000,1248519.38
735,lpush5,1000000,835555.56
735,lrange5,1000000,1190552.38
736,lpush5,1000000,825082.50
736,lrange5,1000000,1177969.38
737,lpush5,1000000,829240.50
737,lrange5,1000000,1269055.88
738,lpush5,1000000,837547.75
738,lrange5,1000000,1272427.50
739,lpush5,1000000,830657.81
739,lrange5,1000000,1231586.25
740,lpush5,1000000,831986.69
740,lrange5,1000000,1269055.88
741,lpush5,1000000,839046.94
741,lrange5,1000000,1199290.12
742,lpush5,1000000,825816.69
742,lrange5,1000000,1199405.25
743,lpush5,1000000,819724.56
743,lrange5,1000000,1222552.50
744,lpush5,1000000,827973.56
744,lrange5,1000000,1239177.25
745,lpush5,1000000,821837.31
745,lrange5,1000000,1283697.12
746,lpush5,1000000,825293.75
746,lrange5,1000000,1239335.88
747,lpush5,1000000,830804.00
747,lrange5,1000000,1259466.00
748,lpush5,1000000,833399.94
748,lrange5,1000000,1179547.12
749,lpush5,1000000,824468.25
749,lrange5,1000000,1179566.00
750,lpush5,1000000,834081.75
750,lrange5,1000000,1269177.62
751,lpush5,1000000,836927.19
751,lrange5,1000000,1285532.12
752,lpush5,1000000,828593.19
752,lrange5,1000000,1175163.38
753,lpush5,1000000,827169.56
753,lrange5,1000000,1189174.75
754,lpush5,1000000,836294.31
754,lrange5,1000000,1192162.12
755,lpush5,1000000,829187.44
755,lrange5,1000000,1251624.50
756,lpush5,1000000,825135.31
756,lrange5,1000000,1254705.12
757,lpush5,1000000,830671.12
757,lrange5,1000000,1272264.62
758,lpush5,1000000,829227.19
758,lrange5,1000000,1277200.50
759,lpush5,1000000,838926.12
759,lrange5,1000000,1265984.75
760,lpush5,1000000,826604.94
760,lrange5,1000000,1250160.00
761,lpush5,1000000,828566.69
761,lrange5,1000000,1245469.50
762,lpush5,1000000,834055.06
762,lrange5,1000000,1246922.75
763,lpush5,1000000,824494.62
763,lrange5,1000000,1278874.62
764,lpush5,1000000,827196.06
764,lrange5,1000000,1257901.88
765,lpush5,1000000,827249.00
765,lrange5,1000000,1269076.12
766,lpush5,1000000,824441.81
766,lrange5,1000000,1233065.38
767,lpush5,1000000,817739.94
767,lrange5,1000000,1283697.12
768,lpush5,1000000,828566.69
768,lrange5,1000000,1175257.38
769,lpush5,1000000,827960.31
769,lrange5,1000000,1278936.00
770,lpush5,1000000,827867.56
770,lrange5,1000000,1199232.62
771,lpush5,1000000,822394.75
771,lrange5,1000000,1287001.25
772,lpush5,1000000,823736.44
772,lrange5,1000000,1270749.62
773,lpush5,1000000,834737.94
773,lrange5,1000000,1292237.75
774,lpush5,1000000,817870.75
774,lrange5,1000000,1222572.12
775,lpush5,1000000,825922.38
775,lrange5,1000000,1270668.38
776,lpush5,1000000,813164.19
776,lrange5,1000000,1272366.38
777,lpush5,1000000,830021.56
777,lrange5,1000000,1196325.38
778,lpush5,1000000,828513.69
778,lrange5,1000000,1273987.25
779,lpush5,1000000,829928.62
779,lrange5,1000000,1267589.38
780,lpush5,1000000,819737.69
780,lrange5,1000000,1197662.25
781,lpush5,1000000,824573.75
781,lrange5,1000000,1197968.88
782,lpush5,1000000,825856.31
782,lrange5,1000000,1259707.75
783,lpush5,1000000,827814.62
783,lrange5,1000000,1193374.75
784,lpush5,1000000,815087.19
784,lrange5,1000000,1278854.25
785,lpush5,1000000,825790.25
785,lrange5,1000000,1206407.75
786,lpush5,1000000,821732.12
786,lrange5,1000000,1254905.88
787,lpush5,1000000,821745.25
787,lrange5,1000000,1288701.00
788,lpush5,1000000,823789.12
788,lrange5,1000000,1290425.88
789,lpush5,1000000,831308.44
789,lrange5,1000000,1237623.75
790,lpush5,1000000,836133.81
790,lrange5,1000000,1183640.25
791,lpush5,1000000,824573.75
791,lrange5,1000000,1261074.38
792,lpush5,1000000,829320.06
792,lrange5,1000000,1267427.12
793,lpush5,1000000,827986.81
793,lrange5,1000000,1295399.00
794,lpush5,1000000,817661.44
794,lrange5,1000000,1202230.75
795,lpush5,1000000,824521.00
795,lrange5,1000000,1200537.75
796,lpush5,1000000,822434.25
796,lrange5,1000000,1292010.38
797,lpush5,1000000,833346.62
797,lrange5,1000000,1272386.75
798,lpush5,1000000,825869.56
798,lrange5,1000000,1190895.25
799,lpush5,1000000,827143.12
799,lrange5,1000000,1290384.50
800,lpush5,1000000,820370.81
800,lrange5,1000000,1292031.00
801,lpush5,1000000,821797.88
801,lrange5,1000000,1293681.75
802,lpush5,1000000,824402.25
802,lrange5,1000000,1295502.62
803,lpush5,1000000,830617.94
803,lrange5,1000000,1259627.12
804,lpush5,1000000,824455.00
804,lrange5,1000000,1298805.25
805,lpush5,1000000,832719.44
805,lrange5,1000000,1265863.25
806,lpush5,1000000,832013.31
806,lrange5,1000000,1298846.75
807,lpush5,1000000,832039.94
807,lrange5,1000000,1259445.75
808,lpush5,1000000,830008.25
808,lrange5,1000000,1182165.50
809,lpush5,1000000,825108.88
809,lrange5,1000000,1202173.00
810,lpush5,1000000,829373.12
810,lrange5,1000000,1206291.88
811,lpush5,1000000,822421.06
811,lrange5,1000000,1200787.50
812,lpush5,1000000,825896.00
812,lrange5,1000000,1189308.00
813,lpush5,1000000,825843.12
813,lrange5,1000000,1280573.62
814,lpush5,1000000,821215.06
814,lrange5,1000000,1199079.12
815,lpush5,1000000,825896.00
815,lrange5,1000000,1175182.12
816,lpush5,1000000,825135.31
816,lrange5,1000000,1269137.12
817,lpush5,1000000,826618.12
817,lrange5,1000000,1212257.00
818,lpush5,1000000,840443.69
818,lrange5,1000000,1189384.00
819,lpush5,1000000,826525.62
819,lrange5,1000000,1275551.00
820,lpush5,1000000,841872.06
820,lrange5,1000000,1187876.50
821,lpush5,1000000,825135.31
821,lrange5,1000000,1193508.38
822,lpush5,1000000,828553.44
822,lrange5,1000000,1194838.75
823,lpush5,1000000,820436.44
823,lrange5,1000000,1190609.50
824,lpush5,1000000,829915.31
824,lrange5,1000000,1175407.75
825,lpush5,1000000,823815.50
825,lrange5,1000000,1196287.00
826,lpush5,1000000,827867.56
826,lrange5,1000000,1173765.25
827,lpush5,1000000,826631.38
827,lrange5,1000000,1175163.38
828,lpush5,1000000,822539.50
828,lrange5,1000000,1242434.75
829,lpush5,1000000,821863.62
829,lrange5,1000000,1187724.50
830,lpush5,1000000,829253.75
830,lrange5,1000000,1136381.88
831,lpush5,1000000,821031.19
831,lrange5,1000000,1254705.12
832,lpush5,1000000,827182.81
832,lrange5,1000000,1196229.62
833,lpush5,1000000,818383.00
833,lrange5,1000000,1288701.00
834,lpush5,1000000,819079.50
834,lrange5,1000000,1197892.25
835,lpush5,1000000,821123.12
835,lrange5,1000000,1277302.75
836,lpush5,1000000,836860.19
836,lrange5,1000000,1280532.62
837,lpush5,1000000,826485.94
837,lrange5,1000000,1264465.25
838,lpush5,1000000,821692.69
838,lrange5,1000000,1186353.50
839,lpush5,1000000,826446.25
839,lrange5,1000000,1193451.12
840,lpush5,1000000,824613.31
840,lrange5,1000000,1193451.12
841,lpush5,1000000,822526.31
841,lrange5,1000000,1197892.25
842,lpush5,1000000,829293.56
842,lrange5,1000000,1197873.12
843,lpush5,1000000,827182.81
843,lrange5,1000000,1200806.75
844,lpush5,1000000,826512.38
844,lrange5,1000000,1187743.50
845,lpush5,1000000,822447.38
845,lrange5,1000000,1266005.00
846,lpush5,1000000,824586.94
846,lrange5,1000000,1187857.50
847,lpush5,1000000,821850.44
847,lrange5,1000000,1287083.62
848,lpush5,1000000,822539.50
848,lrange5,1000000,1248479.38
849,lpush5,1000000,824613.31
849,lrange5,1000000,1191990.50
850,lpush5,1000000,832692.75
850,lrange5,1000000,1230189.38
851,lpush5,1000000,819171.19
851,lrange5,1000000,1190838.12
852,lpush5,1000000,817739.94
852,lrange5,1000000,1287021.88
853,lpush5,1000000,829240.50
853,lrange5,1000000,1295378.25
854,lpush5,1000000,820397.06
854,lrange5,1000000,1288824.75
855,lpush5,1000000,827262.19
855,lrange5,1000000,1205089.12
856,lpush5,1000000,821057.44
856,lrange5,1000000,1193336.50
857,lpush5,1000000,825948.81
857,lrange5,1000000,1194743.12
858,lpush5,1000000,829888.75
858,lrange5,1000000,1283738.12
859,lpush5,1000000,832679.44
859,lrange5,1000000,1293847.38
860,lpush5,1000000,826671.06
860,lrange5,1000000,1290384.50
861,lpush5,1000000,827301.94
861,lrange5,1000000,1202192.25
862,lpush5,1000000,833399.94
862,lrange5,1000000,1209596.12
863,lpush5,1000000,836307.69
863,lrange5,1000000,1261034.12
864,lpush5,1000000,825896.00
864,lrange5,1000000,1293826.62
865,lpush5,1000000,827986.81
865,lrange5,1000000,1290508.38
866,lpush5,1000000,819066.38
866,lrange5,1000000,1236173.00
867,lpush5,1000000,823071.56
867,lrange5,1000000,1230169.75
868,lpush5,1000000,830048.12
868,lrange5,1000000,1269035.50
869,lpush5,1000000,830578.06
869,lrange5,1000000,1205031.38
870,lpush5,1000000,823868.19
870,lrange5,1000000,1242236.00
871,lpush5,1000000,830591.38
871,lrange5,1000000,1269238.62
872,lpush5,1000000,821692.69
872,lrange5,1000000,1219590.25
873,lpush5,1000000,827894.06
873,lrange5,1000000,1291989.62
874,lpush5,1000000,829928.62
874,lrange5,1000000,1197834.75
875,lpush5,1000000,825135.31
875,lrange5,1000000,1295481.88
876,lpush5,1000000,832746.06
876,lrange5,1000000,1246882.88
877,lpush5,1000000,820567.69
877,lrange5,1000000,1283881.88
878,lpush5,1000000,823150.62
878,lrange5,1000000,1297120.62
879,lpush5,1000000,822368.44
879,lrange5,1000000,972762.62
880,lpush5,1000000,826459.50
880,lrange5,1000000,1245429.62
881,lpush5,1000000,825869.56
881,lrange5,1000000,1257881.75
882,lpush5,1000000,838316.88
882,lrange5,1000000,1290425.88
883,lpush5,1000000,828606.44
883,lrange5,1000000,1282051.38
884,lpush5,1000000,833333.31
884,lrange5,1000000,1256301.50
885,lpush5,1000000,830631.25
885,lrange5,1000000,1282318.00
886,lpush5,1000000,819145.00
886,lrange5,1000000,1243960.12
887,lpush5,1000000,841204.38
887,lrange5,1000000,1259486.12
888,lpush5,1000000,825095.69
888,lrange5,1000000,1196612.38
889,lpush5,1000000,828513.69
889,lrange5,1000000,1280655.50
890,lpush5,1000000,831454.75
890,lrange5,1000000,1197930.62
891,lpush5,1000000,831308.44
891,lrange5,1000000,1197796.50
892,lpush5,1000000,825948.81
892,lrange5,1000000,1265822.75
893,lpush5,1000000,829253.75
893,lrange5,1000000,1187686.50
894,lpush5,1000000,831335.00
894,lrange5,1000000,1282071.88
895,lpush5,1000000,821070.56
895,lrange5,1000000,1275510.25
896,lpush5,1000000,829333.38
896,lrange5,1000000,1250180.00
897,lpush5,1000000,829187.44
897,lrange5,1000000,1285491.00
898,lpush5,1000000,830724.25
898,lrange5,1000000,1285552.75
899,lpush5,1000000,779460.62
899,lrange5,1000000,1265924.00
900,lpush5,1000000,825135.31
900,lrange5,1000000,1267427.12
901,lpush5,1000000,828513.69
901,lrange5,1000000,1259486.12
902,lpush5,1000000,833359.94
902,lrange5,1000000,1278915.62
903,lpush5,1000000,832759.38
903,lrange5,1000000,1196191.38
904,lpush5,1000000,829981.69
904,lrange5,1000000,1195029.88
905,lpush5,1000000,817045.75
905,lrange5,1000000,1202346.12
906,lpush5,1000000,827986.81
906,lrange5,1000000,1253333.38
907,lpush5,1000000,822592.12
907,lrange5,1000000,1195049.00
908,lpush5,1000000,833439.94
908,lrange5,1000000,1231645.38
909,lpush5,1000000,828500.38
909,lrange5,1000000,1285408.75
910,lpush5,1000000,831335.00
910,lrange5,1000000,1273946.50
911,lpush5,1000000,827196.06
911,lrange5,1000000,1257942.12
912,lpush5,1000000,828039.75
912,lrange5,1000000,1242315.50
913,lpush5,1000000,827129.88
913,lrange5,1000000,1273926.12
914,lpush5,1000000,830021.56
914,lrange5,1000000,1256281.38
915,lpush5,1000000,829346.62
915,lrange5,1000000,1264404.50
916,lpush5,1000000,823190.12
916,lrange5,1000000,1272264.62
917,lpush5,1000000,829306.81
917,lrange5,1000000,1215086.25
918,lpush5,1000000,821188.81
918,lrange5,1000000,1247281.88
919,lpush5,1000000,823775.94
919,lrange5,1000000,1287083.62
920,lpush5,1000000,834804.69
920,lrange5,1000000,1292175.75
921,lpush5,1000000,827209.25
921,lrange5,1000000,1207729.50
922,lpush5,1000000,821732.12
922,lrange5,1000000,1253193.00
923,lpush5,1000000,817700.69
923,lrange5,1000000,1236133.50
924,lpush5,1000000,825803.50
924,lrange5,1000000,1200499.38
925,lpush5,1000000,821784.69
925,lrange5,1000000,1228697.75
926,lpush5,1000000,821083.69
926,lrange5,1000000,1142912.00
927,lpush5,1000000,821057.44
927,lrange5,1000000,1283697.12
928,lpush5,1000000,832706.12
928,lrange5,1000000,1282153.88
929,lpush5,1000000,821745.25
929,lrange5,1000000,1274150.25
930,lpush5,1000000,834737.94
930,lrange5,1000000,1287042.50
931,lpush5,1000000,823203.25
931,lrange5,1000000,1196555.00
932,lpush5,1000000,822486.88
932,lrange5,1000000,1194857.75
933,lpush5,1000000,824507.81
933,lrange5,1000000,1243940.25
934,lpush5,1000000,829306.81
934,lrange5,1000000,1240853.62
935,lpush5,1000000,831295.12
935,lrange5,1000000,1195068.12
936,lpush5,1000000,824455.00
936,lrange5,1000000,1194857.75
937,lpush5,1000000,825122.12
937,lrange5,1000000,1242414.88
938,lpush5,1000000,839140.94
938,lrange5,1000000,1216564.38
939,lpush5,1000000,832679.44
939,lrange5,1000000,1242355.25
940,lpush5,1000000,829888.75
940,lrange5,1000000,1274028.00
941,lpush5,1000000,820357.69
941,lrange5,1000000,1291989.62
942,lpush5,1000000,823736.44
942,lrange5,1000000,1251584.50
943,lpush5,1000000,821758.44
943,lrange5,1000000,1267589.38
944,lpush5,1000000,819724.56
944,lrange5,1000000,1248679.12
945,lpush5,1000000,825135.31
945,lrange5,1000000,1199117.50
946,lpush5,1000000,825267.31
946,lrange5,1000000,1270648.00
947,lpush5,1000000,825082.50
947,lrange5,1000000,1195201.88
948,lpush5,1000000,820580.81
948,lrange5,1000000,1179603.75
949,lpush5,1000000,825869.56
949,lrange5,1000000,1283697.12
950,lpush5,1000000,832772.69
950,lrange5,1000000,1283717.62
951,lpush5,1000000,834041.69
951,lrange5,1000000,1290508.38
952,lpush5,1000000,829875.50
952,lrange5,1000000,1179641.50
953,lpush5,1000000,827209.25
953,lrange5,1000000,1206427.00
954,lpush5,1000000,828699.25
954,lrange5,1000000,1190723.88
955,lpush5,1000000,827143.12
955,lrange5,1000000,1278792.88
956,lpush5,1000000,834228.50
956,lrange5,1000000,1162883.75
957,lpush5,1000000,824494.62
957,lrange5,1000000,1190762.00
958,lpush5,1000000,828500.38
958,lrange5,1000000,1193737.50
959,lpush5,1000000,831960.06
959,lrange5,1000000,1264242.75
960,lpush5,1000000,822526.31
960,lrange5,1000000,1187724.50
961,lpush5,1000000,827827.88
961,lrange5,1000000,1193432.00
962,lpush5,1000000,817032.69
962,lrange5,1000000,1230012.25
963,lpush5,1000000,836133.81
963,lrange5,1000000,1206272.62
964,lpush5,1000000,825777.06
964,lrange5,1000000,1277180.12
965,lpush5,1000000,834081.75
965,lrange5,1000000,1256522.62
966,lpush5,1000000,825763.88
966,lrange5,1000000,1187952.50
967,lpush5,1000000,823907.75
967,lrange5,1000000,1221040.25
968,lpush5,1000000,827854.31
968,lrange5,1000000,1236113.75
969,lpush5,1000000,826525.62
969,lrange5,1000000,1188009.50
970,lpush5,1000000,823723.25
970,lrange5,1000000,1237821.75
971,lpush5,1000000,846970.38
971,lrange5,1000000,1195106.38
972,lpush5,1000000,831268.50
972,lrange5,1000000,1248559.25
973,lpush5,1000000,832666.12
973,lrange5,1000000,1236153.25
974,lpush5,1000000,831960.06
974,lrange5,1000000,1278997.38
975,lpush5,1000000,831321.75
975,lrange5,1000000,1282092.38
976,lpush5,1000000,827301.94
976,lrange5,1000000,1254705.12
977,lpush5,1000000,839818.62
977,lrange5,1000000,1293661.00
978,lpush5,1000000,827222.50
978,lrange5,1000000,1275551.00
979,lpush5,1000000,832639.50
979,lrange5,1000000,1278813.25
980,lpush5,1000000,822394.75
980,lrange5,1000000,1261155.12
981,lpush5,1000000,830591.38
981,lrange5,1000000,1254865.75
982,lpush5,1000000,829995.00
982,lrange5,1000000,1190609.50
983,lpush5,1000000,830657.81
983,lrange5,1000000,1189060.62
984,lpush5,1000000,826591.69
984,lrange5,1000000,1192314.62
985,lpush5,1000000,841858.62
985,lrange5,1000000,1283881.88
986,lpush5,1000000,827960.31
986,lrange5,1000000,1197604.88
987,lpush5,1000000,825763.88
987,lrange5,1000000,1277159.62
988,lpush5,1000000,828659.50
988,lrange5,1000000,1221098.88
989,lpush5,1000000,832133.12
989,lrange5,1000000,1187971.50
990,lpush5,1000000,844057.44
990,lrange5,1000000,1277139.25
991,lpush5,1000000,826446.25
991,lrange5,1000000,1259506.25
992,lpush5,1000000,828632.94
992,lrange5,1000000,1269055.88
993,lpush5,1000000,832093.19
993,lrange5,1000000,1188028.50
994,lpush5,1000000,824613.31
994,lrange5,1000000,1285388.12
995,lpush5,1000000,824468.25
995,lrange5,1000000,1257901.88
996,lpush5,1000000,827262.19
996,lrange5,1000000,1275510.25
997,lpush5,1000000,825935.62
997,lrange5,1000000,1282112.88
998,lpush5,1000000,824507.81
998,lrange5,1000000,1237683.12
999,lpush5,1000000,842635.19
999,lrange5,1000000,1285470.50
1000,lpush5,1000000,829875.50
1000,lrange5,1000000,1272407.12
1001,lpush5,1000000,834778.00
1001,lrange5,1000000,1199366.88
1002,lpush5,1000000,827288.69
1002,lrange5,1000000,1259627.12
1003,lpush5,1000000,825922.38
1003,lrange5,1000000,1264242.75
1004,lpush5,1000000,826485.94
1004,lrange5,1000000,1167197.25
1005,lpush5,1000000,820423.31
1005,lrange5,1000000,1228540.50
1006,lpush5,1000000,826485.94
1006,lrange5,1000000,1277302.75
1007,lpush5,1000000,821732.12
1007,lrange5,1000000,1209363.88
1008,lpush5,1000000,828513.69
1008,lrange5,1000000,1253313.38
1009,lpush5,1000000,824573.75
1009,lrange5,1000000,1196574.12
1010,lpush5,1000000,822421.06
1010,lrange5,1000000,1236153.25
1011,lpush5,1000000,823203.25
1011,lrange5,1000000,1206504.25
1012,lpush5,1000000,831401.50
1012,lrange5,1000000,1205243.38
1013,lpush5,1000000,826671.06
1013,lrange5,1000000,1283861.38
1014,lpush5,1000000,840484.00
1014,lrange5,1000000,1259445.75
1015,lpush5,1000000,822368.44
1015,lrange5,1000000,1183431.88
1016,lpush5,1000000,825095.69
1016,lrange5,1000000,1245569.12
1017,lpush5,1000000,828553.44
1017,lrange5,1000000,1243820.88
1018,lpush5,1000000,819803.25
1018,lrange5,1000000,1240714.62
1019,lpush5,1000000,826499.12
1019,lrange5,1000000,1196306.12
1020,lpush5,1000000,825816.69
1020,lrange5,1000000,1178007.12
1021,lpush5,1000000,825803.50
1021,lrange5,1000000,1278792.88
1022,lpush5,1000000,824507.81
1022,lrange5,1000000,1282071.88
1023,lpush5,1000000,822368.44
1023,lrange5,1000000,1190762.00
1024,lpush5,1000000,821136.25
1024,lrange5,1000000,1272488.50
1025,lpush5,1000000,817713.81
1025,lrange5,1000000,1275734.75
1026,lpush5,1000000,815712.94
1026,lrange5,1000000,1277139.25
1027,lpush5,1000000,820383.94
1027,lrange5,1000000,1199079.12
1028,lpush5,1000000,829875.50
1028,lrange5,1000000,1292010.38
1029,lpush5,1000000,819013.94
1029,lrange5,1000000,1287001.25
1030,lpush5,1000000,825948.81
1030,lrange5,1000000,1250160.00
1031,lpush5,1000000,827301.94
1031,lrange5,1000000,1245389.88
1032,lpush5,1000000,825135.31
1032,lrange5,1000000,1275693.88
1033,lpush5,1000000,829227.19
1033,lrange5,1000000,1257962.25
1034,lpush5,1000000,832639.50
1034,lrange5,1000000,1288824.75
1035,lpush5,1000000,833399.94
1035,lrange5,1000000,1293868.00
1036,lpush5,1000000,830777.44
1036,lrange5,1000000,1267467.75
1037,lpush5,1000000,827907.31
1037,lrange5,1000000,1207980.62
1038,lpush5,1000000,829902.06
1038,lrange5,1000000,1242315.50
1039,lpush5,1000000,818474.62
1039,lrange5,1000000,1290384.50
1040,lpush5,1000000,824455.00
1040,lrange5,1000000,1194876.88
1041,lpush5,1000000,822368.44
1041,lrange5,1000000,1275530.62
1042,lpush5,1000000,822579.00
1042,lrange5,1000000,1272264.62
1043,lpush5,1000000,831441.44
1043,lrange5,1000000,1295523.25
1044,lpush5,1000000,836307.69
1044,lrange5,1000000,1248619.25
1045,lpush5,1000000,832639.50
1045,lrange5,1000000,1287042.50
1046,lpush5,1000000,827814.62
1046,lrange5,1000000,1287001.25
1047,lpush5,1000000,830034.81
1047,lrange5,1000000,1202057.62
1048,lpush5,1000000,837748.75
1048,lrange5,1000000,1272386.75
1049,lpush5,1000000,830724.25
1049,lrange5,1000000,1256381.88
1050,lpush5,1000000,839805.19
1050,lrange5,1000000,1275653.12
1051,lpush5,1000000,832799.38
1051,lrange5,1000000,1202250.00
1052,lpush5,1000000,831268.50
1052,lrange5,1000000,1269137.12
1053,lpush5,1000000,827867.56
1053,lrange5,1000000,1288742.25
1054,lpush5,1000000,827222.50
1054,lrange5,1000000,1193622.88
1055,lpush5,1000000,831268.50
1055,lrange5,1000000,1275653.12
1056,lpush5,1000000,828699.25
1056,lrange5,1000000,1287042.50
1057,lpush5,1000000,827275.44
1057,lrange5,1000000,1269198.00
1058,lpush5,1000000,828593.19
1058,lrange5,1000000,1202365.38
1059,lpush5,1000000,825922.38
1059,lrange5,1000000,1275510.25
1060,lpush5,1000000,838316.88
1060,lrange5,1000000,1275510.25
1061,lpush5,1000000,830578.06
1061,lrange5,1000000,1265924.00
1062,lpush5,1000000,838397.38
1062,lrange5,1000000,1240893.25
1063,lpush5,1000000,827262.19
1063,lrange5,1000000,1293806.00
1064,lpush5,1000000,825254.12
1064,lrange5,1000000,1197930.62
1065,lpush5,1000000,829981.69
1065,lrange5,1000000,1285449.88
1066,lpush5,1000000,821096.81
1066,lrange5,1000000,1200787.50
1067,lpush5,1000000,825254.12
1067,lrange5,1000000,1176640.00
1068,lpush5,1000000,823855.06
1068,lrange5,1000000,1293847.38
1069,lpush5,1000000,825896.00
1069,lrange5,1000000,1183469.75
1070,lpush5,1000000,841912.50
1070,lrange5,1000000,1291989.62
1071,lpush5,1000000,824534.19
1071,lrange5,1000000,1222572.12
1072,lpush5,1000000,816404.88
1072,lrange5,1000000,1184966.88
1073,lpush5,1000000,830671.12
1073,lrange5,1000000,1130124.25
1074,lpush5,1000000,831374.94
1074,lrange5,1000000,1202230.75
1075,lpush5,1000000,834871.50
1075,lrange5,1000000,1200576.25
1076,lpush5,1000000,825095.69
1076,lrange5,1000000,1254845.62
1077,lpush5,1000000,825095.69
1077,lrange5,1000000,1195087.25
1078,lpush5,1000000,830564.81
1078,lrange5,1000000,1193718.38
1079,lpush5,1000000,831268.50
1079,lrange5,1000000,1234607.38
1080,lpush5,1000000,822394.75
1080,lrange5,1000000,1280450.62
1081,lpush5,1000000,826446.25
1081,lrange5,1000000,1239197.00
1082,lpush5,1000000,825161.69
1082,lrange5,1000000,1192219.38
1083,lpush5,1000000,824402.25
1083,lrange5,1000000,1285367.62
1084,lpush5,1000000,829253.75
1084,lrange5,1000000,1182260.00
1085,lpush5,1000000,840363.00
1085,lrange5,1000000,1275571.50
1086,lpush5,1000000,835609.00
1086,lrange5,1000000,1201961.50
1087,lpush5,1000000,827249.00
1087,lrange5,1000000,1288762.88
1088,lpush5,1000000,829187.44
1088,lrange5,1000000,1277180.12
1089,lpush5,1000000,830564.81
1089,lrange5,1000000,1193489.25
1090,lpush5,1000000,838343.69
1090,lrange5,1000000,1265863.25
1091,lpush5,1000000,827288.69
1091,lrange5,1000000,1196248.75
1092,lpush5,1000000,831268.50
1092,lrange5,1000000,1200633.88
1093,lpush5,1000000,829267.00
1093,lrange5,1000000,1248479.38
1094,lpush5,1000000,829213.94
1094,lrange5,1000000,1192028.62
1095,lpush5,1000000,841271.62
1095,lrange5,1000000,1269177.62
1096,lpush5,1000000,832679.44
1096,lrange5,1000000,1280655.50
1097,lpush5,1000000,823190.12
1097,lrange5,1000000,1186258.62
1098,lpush5,1000000,827143.12
1098,lrange5,1000000,1192295.62
1099,lpush5,1000000,828500.38
1099,lrange5,1000000,1285511.62
1100,lpush5,1000000,829187.44
1100,lrange5,1000000,1190647.62
1101,lpush5,1000000,827867.56
1101,lrange5,1000000,1267508.25
1102,lpush5,1000000,829187.44
1102,lrange5,1000000,1287269.00
1103,lpush5,1000000,823097.94
1103,lrange5,1000000,1187857.50
1104,lpush5,1000000,829240.50
1104,lrange5,1000000,1285552.75
1105,lpush5,1000000,823150.62
1105,lrange5,1000000,1283964.12
1106,lpush5,1000000,821745.25
1106,lrange5,1000000,1202057.62
1107,lpush5,1000000,825174.94
1107,lrange5,1000000,1222611.25
1108,lpush5,1000000,824455.00
1108,lrange5,1000000,1239177.25
1109,lpush5,1000000,813917.00
1109,lrange5,1000000,1285347.00
1110,lpush5,1000000,815217.62
1110,lrange5,1000000,1264263.00
1111,lpush5,1000000,817674.56
1111,lrange5,1000000,1285449.88
1112,lpush5,1000000,826631.38
1112,lrange5,1000000,1202000.00
1113,lpush5,1000000,821705.81
1113,lrange5,1000000,1267569.12
1114,lpush5,1000000,826459.50
1114,lrange5,1000000,1270668.38
1115,lpush5,1000000,827169.56
1115,lrange5,1000000,1290384.50
1116,lpush5,1000000,825856.31
1116,lrange5,1000000,1280430.25
1117,lpush5,1000000,829187.44
1117,lrange5,1000000,1261135.00
1118,lpush5,1000000,829412.94
1118,lrange5,1000000,1288742.25
1119,lpush5,1000000,825227.69
1119,lrange5,1000000,1265984.75
1120,lpush5,1000000,821876.75
1120,lrange5,1000000,1226993.88
1121,lpush5,1000000,823736.44
1121,lrange5,1000000,1272264.62
1122,lpush5,1000000,823084.75
1122,lrange5,1000000,1243801.00
1123,lpush5,1000000,822513.19
1123,lrange5,1000000,1203696.75
1124,lpush5,1000000,827129.88
1124,lrange5,1000000,1282277.00
1125,lpush5,1000000,819040.19
1125,lrange5,1000000,1250240.00
1126,lpush5,1000000,828566.69
1126,lrange5,1000000,1267569.12
1127,lpush5,1000000,826459.50
1127,lrange5,1000000,1275653.12
1128,lpush5,1000000,827986.81
1128,lrange5,1000000,1272285.00
1129,lpush5,1000000,823058.44
1129,lrange5,1000000,1293702.50
1130,lpush5,1000000,831414.81
1130,lrange5,1000000,1202230.75
1131,lpush5,1000000,832759.38
1131,lrange5,1000000,1264242.75
1132,lpush5,1000000,832732.75
1132,lrange5,1000000,1287042.50
1133,lpush5,1000000,824455.00
1133,lrange5,1000000,1202211.50
1134,lpush5,1000000,825869.56
1134,lrange5,1000000,1187990.50
1135,lpush5,1000000,830087.94
1135,lrange5,1000000,1251604.50
1136,lpush5,1000000,827315.12
1136,lrange5,1000000,1203427.25
1137,lpush5,1000000,824547.38
1137,lrange5,1000000,1297016.88
1138,lpush5,1000000,832839.31
1138,lrange5,1000000,1197624.00
1139,lpush5,1000000,826631.38
1139,lrange5,1000000,1256422.12
1140,lpush5,1000000,829928.62
1140,lrange5,1000000,1212295.75
1141,lpush5,1000000,824441.81
1141,lrange5,1000000,1205012.12
1142,lpush5,1000000,827960.31
1142,lrange5,1000000,1193432.00
1143,lpush5,1000000,825174.94
1143,lrange5,1000000,1253152.88
1144,lpush5,1000000,825909.19
1144,lrange5,1000000,1203542.75
1145,lpush5,1000000,829981.69
1145,lrange5,1000000,1183507.62
1146,lpush5,1000000,827143.12
1146,lrange5,1000000,1198026.38
1147,lpush5,1000000,825948.81
1147,lrange5,1000000,1228540.50
1148,lpush5,1000000,823789.12
1148,lrange5,1000000,1245369.88
1149,lpush5,1000000,825082.50
1149,lrange5,1000000,1200614.62
1150,lpush5,1000000,825227.69
1150,lrange5,1000000,1200653.00
1151,lpush5,1000000,825948.81
1151,lrange5,1000000,1197700.62
1152,lpush5,1000000,834898.19
1152,lrange5,1000000,1206291.88
1153,lpush5,1000000,829293.56
1153,lrange5,1000000,1250080.00
1154,lpush5,1000000,829915.31
1154,lrange5,1000000,1278833.75
1155,lpush5,1000000,826459.50
1155,lrange5,1000000,1269218.25
1156,lpush5,1000000,826459.50
1156,lrange5,1000000,1243940.25
1157,lpush5,1000000,825240.94
1157,lrange5,1000000,1259486.12
1158,lpush5,1000000,834041.69
1158,lrange5,1000000,1278874.62
1159,lpush5,1000000,824626.50
1159,lrange5,1000000,1240893.25
1160,lpush5,1000000,825240.94
1160,lrange5,1000000,1265822.75
1161,lpush5,1000000,826552.06
1161,lrange5,1000000,1283758.75
1162,lpush5,1000000,823789.12
1162,lrange5,1000000,1164256.12
1163,lpush5,1000000,832053.25
1163,lrange5,1000000,1285347.00
1164,lpush5,1000000,825896.00
1164,lrange5,1000000,1199040.75
1165,lpush5,1000000,831268.50
1165,lrange5,1000000,1199290.12
1166,lpush5,1000000,824402.25
1166,lrange5,1000000,1076495.12
1167,lpush5,1000000,829888.75
1167,lrange5,1000000,1197604.88
1168,lpush5,1000000,825777.06
1168,lrange5,1000000,1199328.50
1169,lpush5,1000000,832799.38
1169,lrange5,1000000,1212121.25
1170,lpush5,1000000,823084.75
1170,lrange5,1000000,1262626.25
1171,lpush5,1000000,829227.19
1171,lrange5,1000000,1285614.38
1172,lpush5,1000000,830617.94
1172,lrange5,1000000,1195106.38
1173,lpush5,1000000,828513.69
1173,lrange5,1000000,1185080.62
1174,lpush5,1000000,825763.88
1174,lrange5,1000000,1250000.00
1175,lpush5,1000000,829253.75
1175,lrange5,1000000,1264404.50
1176,lpush5,1000000,817713.81
1176,lrange5,1000000,1231586.25
1177,lpush5,1000000,823097.94
1177,lrange5,1000000,1242454.62
1178,lpush5,1000000,824402.25
1178,lrange5,1000000,1231684.75
1179,lpush5,1000000,825174.94
1179,lrange5,1000000,1288701.00
1180,lpush5,1000000,825777.06
1180,lrange5,1000000,1273946.50
1181,lpush5,1000000,828619.69
1181,lrange5,1000000,1193336.50
1182,lpush5,1000000,821692.69
1182,lrange5,1000000,1231546.88
1183,lpush5,1000000,833493.31
1183,lrange5,1000000,1245350.00
1184,lpush5,1000000,823163.75
1184,lrange5,1000000,1243820.88
1185,lpush5,1000000,819040.19
1185,lrange5,1000000,1199443.62
1186,lpush5,1000000,823947.31
1186,lrange5,1000000,1199136.75
1187,lpush5,1000000,827143.12
1187,lrange5,1000000,1189422.12
1188,lpush5,1000000,825896.00
1188,lrange5,1000000,1243940.25
1189,lpush5,1000000,831946.75
1189,lrange5,1000000,1231665.00
1190,lpush5,1000000,825882.75
1190,lrange5,1000000,1275693.88
1191,lpush5,1000000,825777.06
1191,lrange5,1000000,1233065.38
1192,lpush5,1000000,833333.31
1192,lrange5,1000000,1273885.25
1193,lpush5,1000000,825214.50
1193,lrange5,1000000,1200480.12
1194,lpush5,1000000,831295.12
1194,lrange5,1000000,1290363.88
1195,lpush5,1000000,827235.75
1195,lrange5,1000000,1280553.12
1196,lpush5,1000000,837654.94
1196,lrange5,1000000,1288804.12
1197,lpush5,1000000,827986.81
1197,lrange5,1000000,1233144.25
1198,lpush5,1000000,828553.44
1198,lrange5,1000000,1264303.38
1199,lpush5,1000000,828553.44
1199,lrange5,1000000,1212373.38
1200,lpush5,1000000,826459.50
1200,lrange5,1000000,1288721.62
1201,lpush5,1000000,822539.50
1201,lrange5,1000000,1193642.00
1202,lpush5,1000000,825293.75
1202,lrange5,1000000,1174009.38
1203,lpush5,1000000,827156.31
1203,lrange5,1000000,1227013.50
1204,lpush5,1000000,827354.88
1204,lrange5,1000000,1253373.50
1205,lpush5,1000000,823045.25
1205,lrange5,1000000,1273905.75
1206,lpush5,1000000,823045.25
1206,lrange5,1000000,1245529.25
1207,lpush5,1000000,823802.31
1207,lrange5,1000000,1199232.62
1208,lpush5,1000000,829359.88
1208,lrange5,1000000,1254986.25
1209,lpush5,1000000,819053.25
1209,lrange5,1000000,1193699.25
1210,lpush5,1000000,825161.69
1210,lrange5,1000000,1287145.38
1211,lpush5,1000000,832000.00
1211,lrange5,1000000,1250000.00
1212,lpush5,1000000,830034.81
1212,lrange5,1000000,1273885.25
1213,lpush5,1000000,821188.81
1213,lrange5,1000000,1250040.00
1214,lpush5,1000000,823150.62
1214,lrange5,1000000,1254785.50
1215,lpush5,1000000,823097.94
1215,lrange5,1000000,1196363.62
1216,lpush5,1000000,820423.31
1216,lrange5,1000000,1201942.25
1217,lpush5,1000000,815843.44
1217,lrange5,1000000,1262707.12
1218,lpush5,1000000,834871.50
1218,lrange5,1000000,1261054.25
1219,lpush5,1000000,829200.69
1219,lrange5,1000000,1248579.25
1220,lpush5,1000000,824415.44
1220,lrange5,1000000,1292175.75
1221,lpush5,1000000,829955.19
1221,lrange5,1000000,1197643.12
1222,lpush5,1000000,827209.25
1222,lrange5,1000000,1242434.75
1223,lpush5,1000000,837007.50
1223,lrange5,1000000,1247062.38
1224,lpush5,1000000,825306.94
1224,lrange5,1000000,1266045.50
1225,lpush5,1000000,823828.69
1225,lrange5,1000000,1242315.50
1226,lpush5,1000000,817870.75
1226,lrange5,1000000,1239276.38
1227,lpush5,1000000,832692.75
1227,lrange5,1000000,1171072.62
1228,lpush5,1000000,828553.44
1228,lrange5,1000000,1197719.75
1229,lpush5,1000000,825856.31
1229,lrange5,1000000,1187667.50
1230,lpush5,1000000,824639.69
1230,lrange5,1000000,1240774.25
1231,lpush5,1000000,824613.31
1231,lrange5,1000000,1259506.25
1232,lpush5,1000000,821903.06
1232,lrange5,1000000,1190495.25
1233,lpush5,1000000,828500.38
1233,lrange5,1000000,1251604.50
1234,lpush5,1000000,758810.31
1234,lrange5,1000000,1278833.75
1235,lpush5,1000000,826472.69
1235,lrange5,1000000,1269177.62
1236,lpush5,1000000,829187.44
1236,lrange5,1000000,1272447.88
1237,lpush5,1000000,827262.19
1237,lrange5,1000000,1254745.25
1238,lpush5,1000000,829200.69
1238,lrange5,1000000,1256422.12
1239,lpush5,1000000,829346.62
1239,lrange5,1000000,1290384.50
1240,lpush5,1000000,826591.69
1240,lrange5,1000000,1265822.75
1241,lpush5,1000000,832053.25
1241,lrange5,1000000,1128848.75
1242,lpush5,1000000,825240.94
1242,lrange5,1000000,1179396.25
1243,lpush5,1000000,825843.12
1243,lrange5,1000000,1200576.25
1244,lpush5,1000000,827867.56
1244,lrange5,1000000,1227052.75
1245,lpush5,1000000,829253.75
1245,lrange5,1000000,1259627.12
1246,lpush5,1000000,825948.81
1246,lrange5,1000000,1280532.62
1247,lpush5,1000000,831321.75
1247,lrange5,1000000,1218026.88
1248,lpush5,1000000,833359.94
1248,lrange5,1000000,1171147.62
1249,lpush5,1000000,825174.94
1249,lrange5,1000000,1293702.50
1250,lpush5,1000000,823855.06
1250,lrange5,1000000,1199232.62
1251,lpush5,1000000,822579.00
1251,lrange5,1000000,1180864.25
1252,lpush5,1000000,821018.00
1252,lrange5,1000000,1197968.88
1253,lpush5,1000000,825174.94
1253,lrange5,1000000,1202096.12
1254,lpush5,1000000,825869.56
1254,lrange5,1000000,1200653.00
1255,lpush5,1000000,827235.75
1255,lrange5,1000000,1202019.25
1256,lpush5,1000000,819210.50
1256,lrange5,1000000,1186638.25
1257,lpush5,1000000,817753.06
1257,lrange5,1000000,1243820.88
1258,lpush5,1000000,821201.94
1258,lrange5,1000000,1197930.62
1259,lpush5,1000000,833506.62
1259,lrange5,1000000,1205204.88
1260,lpush5,1000000,821123.12
1260,lrange5,1000000,1283861.38
1261,lpush5,1000000,820462.69
1261,lrange5,1000000,1200768.25
1262,lpush5,1000000,824428.62
1262,lrange5,1000000,1293681.75
1263,lpush5,1000000,829928.62
1263,lrange5,1000000,1272325.62
1264,lpush5,1000000,823881.38
1264,lrange5,1000000,1290322.62
1265,lpush5,1000000,823775.94
1265,lrange5,1000000,1195087.25
1266,lpush5,1000000,821876.75
1266,lrange5,1000000,1278915.62
1267,lpush5,1000000,821771.56
1267,lrange5,1000000,1267488.00
1268,lpush5,1000000,823934.12
1268,lrange5,1000000,1197739.00
1269,lpush5,1000000,823045.25
1269,lrange5,1000000,1250040.00
1270,lpush5,1000000,815165.44
1270,lrange5,1000000,1270648.00
1271,lpush5,1000000,827907.31
1271,lrange5,1000000,1288762.88
1272,lpush5,1000000,821692.69
1272,lrange5,1000000,1239216.88
1273,lpush5,1000000,823203.25
1273,lrange5,1000000,1194934.25
1274,lpush5,1000000,828672.75
1274,lrange5,1000000,1191895.12
1275,lpush5,1000000,823084.75
1275,lrange5,1000000,1261054.25
1276,lpush5,1000000,817032.69
1276,lrange5,1000000,1240754.38
1277,lpush5,1000000,831414.81
1277,lrange5,1000000,1162976.75
1278,lpush5,1000000,829875.50
1278,lrange5,1000000,1285429.25
1279,lpush5,1000000,827169.56
1279,lrange5,1000000,1196229.62
1280,lpush5,1000000,824415.44
1280,lrange5,1000000,1287063.00
1281,lpush5,1000000,817766.12
1281,lrange5,1000000,1267488.00
1282,lpush5,1000000,827814.62
1282,lrange5,1000000,1199060.00
1283,lpush5,1000000,823775.94
1283,lrange5,1000000,1193584.75
1284,lpush5,1000000,824455.00
1284,lrange5,1000000,1193603.88
1285,lpush5,1000000,826446.25
1285,lrange5,1000000,1210653.75
1286,lpush5,1000000,832812.69
1286,lrange5,1000000,1251584.50
1287,lpush5,1000000,837681.75
1287,lrange5,1000000,1265883.50
1288,lpush5,1000000,822407.94
1288,lrange5,1000000,1285573.25
1289,lpush5,1000000,829306.81
1289,lrange5,1000000,1290384.50
1290,lpush5,1000000,828500.38
1290,lrange5,1000000,1092000.00
1291,lpush5,1000000,827841.12
1291,lrange5,1000000,1275693.88
1292,lpush5,1000000,825935.62
1292,lrange5,1000000,1280471.12
1293,lpush5,1000000,819066.38
1293,lrange5,1000000,1240694.75
1294,lpush5,1000000,829200.69
1294,lrange5,1000000,1194857.75
1295,lpush5,1000000,820410.19
1295,lrange5,1000000,1272386.75
1296,lpush5,1000000,826657.81
1296,lrange5,1000000,1207884.00
1297,lpush5,1000000,826499.12
1297,lrange5,1000000,1272264.62
1298,lpush5,1000000,836953.94
1298,lrange5,1000000,1288680.38
1299,lpush5,1000000,826512.38
1299,lrange5,1000000,1259445.75
1300,lpush5,1000000,829253.75
1300,lrange5,1000000,1282236.00
1301,lpush5,1000000,823045.25
1301,lrange5,1000000,1197662.25
1302,lpush5,1000000,825254.12
1302,lrange5,1000000,1257901.88
1303,lpush5,1000000,831335.00
1303,lrange5,1000000,1250140.00
1304,lpush5,1000000,833466.62
1304,lrange5,1000000,1218026.88
1305,lpush5,1000000,832093.19
1305,lrange5,1000000,1234567.88
1306,lpush5,1000000,832706.12
1306,lrange5,1000000,1272488.50
1307,lpush5,1000000,823163.75
1307,lrange5,1000000,1267528.50
1308,lpush5,1000000,827814.62
1308,lrange5,1000000,1280471.12
1309,lpush5,1000000,816326.50
1309,lrange5,1000000,1189517.25
1310,lpush5,1000000,825882.75
1310,lrange5,1000000,1274048.38
1311,lpush5,1000000,826499.12
1311,lrange5,1000000,1197777.25
1312,lpush5,1000000,825777.06
1312,lrange5,1000000,1196497.62
1313,lpush5,1000000,827854.31
1313,lrange5,1000000,1194857.75
1314,lpush5,1000000,819711.44
1314,lrange5,1000000,1285511.62
1315,lpush5,1000000,818513.94
1315,lrange5,1000000,1265822.75
1316,lpush5,1000000,823255.94
1316,lrange5,1000000,1250040.00
1317,lpush5,1000000,836940.56
1317,lrange5,1000000,1191933.25
1318,lpush5,1000000,825082.50
1318,lrange5,1000000,1234745.62
1319,lpush5,1000000,823071.56
1319,lrange5,1000000,1245469.50
1320,lpush5,1000000,830631.25
1320,lrange5,1000000,818448.44
1321,lpush5,1000000,743060.94
1321,lrange5,1000000,1256341.75
1322,lpush5,1000000,824415.44
1322,lrange5,1000000,1282071.88
1323,lpush5,1000000,824494.62
1323,lrange5,1000000,1290363.88
1324,lpush5,1000000,825174.94
1324,lrange5,1000000,1264303.38
1325,lpush5,1000000,821070.56
1325,lrange5,1000000,1253233.12
1326,lpush5,1000000,824441.81
1326,lrange5,1000000,1274007.62
1327,lpush5,1000000,829227.19
1327,lrange5,1000000,1192124.00
1328,lpush5,1000000,818461.56
1328,lrange5,1000000,1283697.12
1329,lpush5,1000000,827867.56
1329,lrange5,1000000,1262808.12
1330,lpush5,1000000,823723.25
1330,lrange5,1000000,1293764.50
1331,lpush5,1000000,832119.81
1331,lrange5,1000000,1186410.50
1332,lpush5,1000000,825293.75
1332,lrange5,1000000,1275510.25
1333,lpush5,1000000,826499.12
1333,lrange5,1000000,1259546.50
1334,lpush5,1000000,825975.25
1334,lrange5,1000000,1288948.38
1335,lpush5,1000000,827827.88
1335,lrange5,1000000,1288721.62
1336,lpush5,1000000,821903.06
1336,lrange5,1000000,1288701.00
1337,lpush5,1000000,823176.94
1337,lrange5,1000000,1275510.25
1338,lpush5,1000000,819685.25
1338,lrange5,1000000,1230051.62
1339,lpush5,1000000,829306.81
1339,lrange5,1000000,1290363.88
1340,lpush5,1000000,826512.38
1340,lrange5,1000000,1190514.38
1341,lpush5,1000000,823775.94
1341,lrange5,1000000,1270688.75
1342,lpush5,1000000,822486.88
1342,lrange5,1000000,1248559.25
1343,lpush5,1000000,825254.12
1343,lrange5,1000000,1197700.62
1344,lpush5,1000000,817792.25
1344,lrange5,1000000,1277282.25
1345,lpush5,1000000,824455.00
1345,lrange5,1000000,1285470.50
1346,lpush5,1000000,831481.31
1346,lrange5,1000000,1280471.12
1347,lpush5,1000000,826565.25
1347,lrange5,1000000,1190762.00
1348,lpush5,1000000,825082.50
1348,lrange5,1000000,1251604.50
1349,lpush5,1000000,825763.88
1349,lrange5,1000000,1272264.62
1350,lpush5,1000000,821175.69
1350,lrange5,1000000,1274068.75
1351,lpush5,1000000,824415.44
1351,lrange5,1000000,1290384.50
1352,lpush5,1000000,828659.50
1352,lrange5,1000000,1267589.38
1353,lpush5,1000000,819223.62
1353,lrange5,1000000,1173877.88
1354,lpush5,1000000,831268.50
1354,lrange5,1000000,1196401.88
1355,lpush5,1000000,825869.56
1355,lrange5,1000000,1282256.50
1356,lpush5,1000000,831255.25
1356,lrange5,1000000,1173727.75
1357,lpush5,1000000,826631.38
1357,lrange5,1000000,1179528.38
1358,lpush5,1000000,816431.00
1358,lrange5,1000000,1277343.62
1359,lpush5,1000000,825935.62
1359,lrange5,1000000,1278956.50
1360,lpush5,1000000,817831.50
1360,lrange5,1000000,1224068.62
1361,lpush5,1000000,828540.19
1361,lrange5,1000000,1280450.62
1362,lpush5,1000000,829227.19
1362,lrange5,1000000,1262787.88
1363,lpush5,1000000,834081.75
1363,lrange5,1000000,1233065.38
1364,lpush5,1000000,830617.94
1364,lrange5,1000000,1191952.38
1365,lpush5,1000000,821228.19
1365,lrange5,1000000,1246982.62
1366,lpush5,1000000,819223.62
1366,lrange5,1000000,1168448.62
1367,lpush5,1000000,825843.12
1367,lrange5,1000000,1177988.25
1368,lpush5,1000000,823111.06
1368,lrange5,1000000,1190762.00
1369,lpush5,1000000,832852.62
1369,lrange5,1000000,1257962.25
1370,lpush5,1000000,827867.56
1370,lrange5,1000000,1186543.25
1371,lpush5,1000000,823775.94
1371,lrange5,1000000,1282092.38
1372,lpush5,1000000,832053.25
1372,lrange5,1000000,1193317.38
1373,lpush5,1000000,825843.12
1373,lrange5,1000000,1145475.38
1374,lpush5,1000000,831960.06
1374,lrange5,1000000,1275673.50
1375,lpush5,1000000,829941.88
1375,lrange5,1000000,1273966.88
1376,lpush5,1000000,827209.25
1376,lrange5,1000000,1254725.25
1377,lpush5,1000000,825777.06
1377,lrange5,1000000,1267548.88
1378,lpush5,1000000,830034.81
1378,lrange5,1000000,1264242.75
1379,lpush5,1000000,823045.25
1379,lrange5,1000000,1264303.38
1380,lpush5,1000000,823841.88
1380,lrange5,1000000,1251744.62
1381,lpush5,1000000,823203.25
1381,lrange5,1000000,1278772.38
1382,lpush5,1000000,823216.44
1382,lrange5,1000000,1259466.00
1383,lpush5,1000000,821771.56
1383,lrange5,1000000,1206388.38
1384,lpush5,1000000,825122.12
1384,lrange5,1000000,1283758.75
1385,lpush5,1000000,816993.50
1385,lrange5,1000000,1265984.75
1386,lpush5,1000000,833453.31
1386,lrange5,1000000,1172539.25
1387,lpush5,1000000,817713.81
1387,lrange5,1000000,1164498.25
1388,lpush5,1000000,827235.75
1388,lrange5,1000000,1247022.50
1389,lpush5,1000000,817674.56
1389,lrange5,1000000,1259466.00
1390,lpush5,1000000,825763.88
1390,lrange5,1000000,1201923.00
1391,lpush5,1000000,822552.69
1391,lrange5,1000000,1234607.38
1392,lpush5,1000000,821771.56
1392,lrange5,1000000,1270831.00
1393,lpush5,1000000,827235.75
1393,lrange5,1000000,1195087.25
1394,lpush5,1000000,823058.44
1394,lrange5,1000000,1189384.00
1395,lpush5,1000000,828553.44
1395,lrange5,1000000,1277241.38
1396,lpush5,1000000,825254.12
1396,lrange5,1000000,1290384.50
1397,lpush5,1000000,830710.94
1397,lrange5,1000000,1189269.88
1398,lpush5,1000000,823855.06
1398,lrange5,1000000,1200806.75
1399,lpush5,1000000,824494.62
1399,lrange5,1000000,1285552.75
1400,lpush5,1000000,831308.44
1400,lrange5,1000000,1200653.00
1401,lpush5,1000000,825095.69
1401,lrange5,1000000,1222552.50
1402,lpush5,1000000,823124.25
1402,lrange5,1000000,1219551.25
1403,lpush5,1000000,823894.56
1403,lrange5,1000000,1266045.50
1404,lpush5,1000000,826538.81
1404,lrange5,1000000,1264263.00
1405,lpush5,1000000,816993.50
1405,lrange5,1000000,1190800.00
1406,lpush5,1000000,821044.31
1406,lrange5,1000000,1185194.38
1407,lpush5,1000000,827854.31
1407,lrange5,1000000,1258042.75
1408,lpush5,1000000,823723.25
1408,lrange5,1000000,1187743.50
1409,lpush5,1000000,822579.00
1409,lrange5,1000000,1237762.38
1410,lpush5,1000000,828646.19
1410,lrange5,1000000,1191933.25
1411,lpush5,1000000,836160.56
1411,lrange5,1000000,1196440.12
1412,lpush5,1000000,827143.12
1412,lrange5,1000000,1219629.25
1413,lpush5,1000000,827880.81
1413,lrange5,1000000,1197662.25
1414,lpush5,1000000,833386.62
1414,lrange5,1000000,1230130.38
1415,lpush5,1000000,830564.81
1415,lrange5,1000000,1237702.88
1416,lpush5,1000000,830617.94
1416,lrange5,1000000,1251604.50
1417,lpush5,1000000,827986.81
1417,lrange5,1000000,1280532.62
1418,lpush5,1000000,823855.06
1418,lrange5,1000000,1196382.75
1419,lpush5,1000000,830564.81
1419,lrange5,1000000,1280717.00
1420,lpush5,1000000,829253.75
1420,lrange5,1000000,1174009.38
1421,lpush5,1000000,827867.56
1421,lrange5,1000000,1280409.75
1422,lpush5,1000000,829941.88
1422,lrange5,1000000,1213650.50
1423,lpush5,1000000,827947.06
1423,lrange5,1000000,1269137.12
1424,lpush5,1000000,825975.25
1424,lrange5,1000000,1285367.62
1425,lpush5,1000000,828699.25
1425,lrange5,1000000,1283758.75
1426,lpush5,1000000,822368.44
1426,lrange5,1000000,1256422.12
1427,lpush5,1000000,833399.94
1427,lrange5,1000000,1275510.25
1428,lpush5,1000000,833386.62
1428,lrange5,1000000,1196535.88
1429,lpush5,1000000,826618.12
1429,lrange5,1000000,1202096.12
1430,lpush5,1000000,821863.62
1430,lrange5,1000000,1206272.62
1431,lpush5,1000000,831428.12
1431,lrange5,1000000,1169927.50
1432,lpush5,1000000,831973.38
1432,lrange5,1000000,1264303.38
1433,lpush5,1000000,826657.81
1433,lrange5,1000000,1193489.25
1434,lpush5,1000000,821705.81
1434,lrange5,1000000,1199251.75
1435,lpush5,1000000,824455.00
1435,lrange5,1000000,1199155.88
1436,lpush5,1000000,831374.94
1436,lrange5,1000000,1213611.62
1437,lpush5,1000000,827182.81
1437,lrange5,1000000,1262626.25
1438,lpush5,1000000,823749.62
1438,lrange5,1000000,1278874.62
1439,lpush5,1000000,827827.88
1439,lrange5,1000000,1233203.50
1440,lpush5,1000000,827854.31
1440,lrange5,1000000,1277139.25
1441,lpush5,1000000,822447.38
1441,lrange5,1000000,1264343.88
1442,lpush5,1000000,831348.31
1442,lrange5,1000000,1206311.25
1443,lpush5,1000000,829915.31
1443,lrange5,1000000,1278813.25
1444,lpush5,1000000,823190.12
1444,lrange5,1000000,1193527.50
1445,lpush5,1000000,829200.69
1445,lrange5,1000000,1280450.62
1446,lpush5,1000000,819724.56
1446,lrange5,1000000,1212470.38
1447,lpush5,1000000,819816.38
1447,lrange5,1000000,1269116.75
1448,lpush5,1000000,819685.25
1448,lrange5,1000000,1272305.38
1449,lpush5,1000000,825122.12
1449,lrange5,1000000,1283697.12
1450,lpush5,1000000,823137.44
1450,lrange5,1000000,1288783.50
1451,lpush5,1000000,823736.44
1451,lrange5,1000000,1282277.00
1452,lpush5,1000000,822513.19
1452,lrange5,1000000,1254845.62
1453,lpush5,1000000,825790.25
1453,lrange5,1000000,1273885.25
1454,lpush5,1000000,827182.81
1454,lrange5,1000000,1288845.38
1455,lpush5,1000000,829915.31
1455,lrange5,1000000,1280573.62
1456,lpush5,1000000,828566.69
1456,lrange5,1000000,1261215.62
1457,lpush5,1000000,826604.94
1457,lrange5,1000000,1193642.00
1458,lpush5,1000000,824415.44
1458,lrange5,1000000,1223990.25
1459,lpush5,1000000,820423.31
1459,lrange5,1000000,1189060.62
1460,lpush5,1000000,832719.44
1460,lrange5,1000000,1251564.38
1461,lpush5,1000000,832133.12
1461,lrange5,1000000,1287124.88
1462,lpush5,1000000,820423.31
1462,lrange5,1000000,1197719.75
1463,lpush5,1000000,823920.94
1463,lrange5,1000000,1185023.75
1464,lpush5,1000000,825095.69
1464,lrange5,1000000,1270790.38
1465,lpush5,1000000,834898.19
1465,lrange5,1000000,1256281.38
1466,lpush5,1000000,824415.44
1466,lrange5,1000000,1290446.50
1467,lpush5,1000000,825254.12
1467,lrange5,1000000,1275632.62
1468,lpush5,1000000,825935.62
1468,lrange5,1000000,1283779.25
1469,lpush5,1000000,822407.94
1469,lrange5,1000000,1287021.88
1470,lpush5,1000000,833333.31
1470,lrange5,1000000,1290384.50
1471,lpush5,1000000,831308.44
1471,lrange5,1000000,1253132.88
1472,lpush5,1000000,832119.81
1472,lrange5,1000000,1199155.88
1473,lpush5,1000000,819118.81
1473,lrange5,1000000,1288804.12
1474,lpush5,1000000,825909.19
1474,lrange5,1000000,1293702.50
1475,lpush5,1000000,823828.69
1475,lrange5,1000000,1295523.25
1476,lpush5,1000000,828513.69
1476,lrange5,1000000,1288824.75
1477,lpush5,1000000,823229.62
1477,lrange5,1000000,1288721.62
1478,lpush5,1000000,826538.81
1478,lrange5,1000000,1210789.38
1479,lpush5,1000000,827973.56
1479,lrange5,1000000,1287186.62
1480,lpush5,1000000,836994.12
1480,lrange5,1000000,1196172.25
1481,lpush5,1000000,824415.44
1481,lrange5,1000000,1200557.00
1482,lpush5,1000000,830034.81
1482,lrange5,1000000,1269035.50
1483,lpush5,1000000,823749.62
1483,lrange5,1000000,1180732.00
1484,lpush5,1000000,825896.00
1484,lrange5,1000000,1256281.38
1485,lpush5,1000000,821771.56
1485,lrange5,1000000,1250140.00
1486,lpush5,1000000,825829.94
1486,lrange5,1000000,1287001.25
1487,lpush5,1000000,821797.88
1487,lrange5,1000000,1262707.12
1488,lpush5,1000000,823894.56
1488,lrange5,1000000,1278956.50
1489,lpush5,1000000,815712.94
1489,lrange5,1000000,1247002.50
1490,lpush5,1000000,834844.75
1490,lrange5,1000000,1202173.00
1491,lpush5,1000000,819079.50
1491,lrange5,1000000,1274068.75
1492,lpush5,1000000,821876.75
1492,lrange5,1000000,1199060.00
1493,lpush5,1000000,823723.25
1493,lrange5,1000000,1245429.62
1494,lpush5,1000000,818527.00
1494,lrange5,1000000,1234646.88
1495,lpush5,1000000,818500.81
1495,lrange5,1000000,1239197.00
1496,lpush5,1000000,815856.50
1496,lrange5,1000000,1193432.00
1497,lpush5,1000000,818500.81
1497,lrange5,1000000,1261094.62
1498,lpush5,1000000,829941.88
1498,lrange5,1000000,1199443.62
1499,lpush5,1000000,819698.31
1499,lrange5,1000000,1288680.38
1500,lpush5,1000000,815204.56
1500,lrange5,1000000,1194857.75
1501,lpush5,1000000,821201.94
1501,lrange5,1000000,1199271.00
1502,lpush5,1000000,830697.69
1502,lrange5,1000000,1195049.00
1503,lpush5,1000000,838410.75
1503,lrange5,1000000,1197604.88
1504,lpush5,1000000,831374.94
1504,lrange5,1000000,1259466.00
1505,lpush5,1000000,829359.88
1505,lrange5,1000000,1195087.25
1506,lpush5,1000000,831986.69
1506,lrange5,1000000,1194819.62
1507,lpush5,1000000,826499.12
1507,lrange5,1000000,1262767.62
1508,lpush5,1000000,827854.31
1508,lrange5,1000000,1277241.38
1509,lpush5,1000000,824639.69
1509,lrange5,1000000,1285573.25
1510,lpush5,1000000,831308.44
1510,lrange5,1000000,1182260.00
1511,lpush5,1000000,832159.69
1511,lrange5,1000000,1262646.50
1512,lpush5,1000000,831946.75
1512,lrange5,1000000,1251664.50
1513,lpush5,1000000,826446.25
1513,lrange5,1000000,1272264.62
1514,lpush5,1000000,828725.75
1514,lrange5,1000000,1164461.00
1515,lpush5,1000000,835462.00
1515,lrange5,1000000,1246882.88
1516,lpush5,1000000,829333.38
1516,lrange5,1000000,1256442.25
1517,lpush5,1000000,832839.31
1517,lrange5,1000000,1193508.38
1518,lpush5,1000000,827854.31
1518,lrange5,1000000,1253273.25
1519,lpush5,1000000,827920.56
1519,lrange5,1000000,1187990.50
1520,lpush5,1000000,829981.69
1520,lrange5,1000000,1178026.00
1521,lpush5,1000000,837735.31
1521,lrange5,1000000,1257962.25
1522,lpush5,1000000,833386.62
1522,lrange5,1000000,1254845.62
1523,lpush5,1000000,837695.12
1523,lrange5,1000000,1283758.75
1524,lpush5,1000000,824455.00
1524,lrange5,1000000,1278792.88
1525,lpush5,1000000,827249.00
1525,lrange5,1000000,1187914.50
1526,lpush5,1000000,822421.06
1526,lrange5,1000000,1273946.50
1527,lpush5,1000000,824428.62
1527,lrange5,1000000,1200480.12
1528,lpush5,1000000,822447.38
1528,lrange5,1000000,1280553.12
1529,lpush5,1000000,827262.19
1529,lrange5,1000000,1190476.25
1530,lpush5,1000000,830710.94
1530,lrange5,1000000,1278772.38
1531,lpush5,1000000,825935.62
1531,lrange5,1000000,1187876.50
1532,lpush5,1000000,818553.19
1532,lrange5,1000000,1250140.00
1533,lpush5,1000000,839657.44
1533,lrange5,1000000,1250060.00
1534,lpush5,1000000,817085.00
1534,lrange5,1000000,1253353.38
1535,lpush5,1000000,828500.38
1535,lrange5,1000000,1253273.25
1536,lpush5,1000000,825829.94
1536,lrange5,1000000,1280450.62
1537,lpush5,1000000,823045.25
1537,lrange5,1000000,1259627.12
1538,lpush5,1000000,819079.50
1538,lrange5,1000000,1189365.00
1539,lpush5,1000000,828566.69
1539,lrange5,1000000,1258022.62
1540,lpush5,1000000,829915.31
1540,lrange5,1000000,1224186.12
1541,lpush5,1000000,838451.00
1541,lrange5,1000000,1193699.25
1542,lpush5,1000000,825816.69
1542,lrange5,1000000,1285614.38
1543,lpush5,1000000,821044.31
1543,lrange5,1000000,1280512.12
1544,lpush5,1000000,819816.38
1544,lrange5,1000000,1288701.00
1545,lpush5,1000000,830710.94
1545,lrange5,1000000,1262828.25
1546,lpush5,1000000,816404.88
1546,lrange5,1000000,1287042.50
1547,lpush5,1000000,821188.81
1547,lrange5,1000000,1189174.75
1548,lpush5,1000000,821692.69
1548,lrange5,1000000,1269096.50
1549,lpush5,1000000,828646.19
1549,lrange5,1000000,1182392.38
1550,lpush5,1000000,829902.06
1550,lrange5,1000000,1195125.38
1551,lpush5,1000000,827920.56
1551,lrange5,1000000,1177988.25
1552,lpush5,1000000,836280.94
1552,lrange5,1000000,1285429.25
1553,lpush5,1000000,824441.81
1553,lrange5,1000000,1246882.88
1554,lpush5,1000000,822421.06
1554,lrange5,1000000,1292031.00
1555,lpush5,1000000,826499.12
1555,lrange5,1000000,879634.12
1556,lpush5,1000000,523319.72
1556,lrange5,1000000,1027847.88
1557,lpush5,1000000,824455.00
1557,lrange5,1000000,1275734.75
1558,lpush5,1000000,840389.88
1558,lrange5,1000000,1267630.00
1559,lpush5,1000000,841750.88
1559,lrange5,1000000,1193355.62
1560,lpush5,1000000,836994.12
1560,lrange5,1000000,1199040.75
1561,lpush5,1000000,825922.38
1561,lrange5,1000000,1190647.62
1562,lpush5,1000000,825306.94
1562,lrange5,1000000,1219512.25
1563,lpush5,1000000,835555.56
1563,lrange5,1000000,1193737.50
1564,lpush5,1000000,831388.25
1564,lrange5,1000000,1199366.88
1565,lpush5,1000000,821018.00
1565,lrange5,1000000,1182354.62
1566,lpush5,1000000,822526.31
1566,lrange5,1000000,1199194.25
1567,lpush5,1000000,820423.31
1567,lrange5,1000000,1283697.12
1568,lpush5,1000000,832639.50
1568,lrange5,1000000,1246922.75
1569,lpush5,1000000,830657.81
1569,lrange5,1000000,1292155.00
1570,lpush5,1000000,825201.31
1570,lrange5,1000000,1193584.75
1571,lpush5,1000000,824560.56
1571,lrange5,1000000,1187895.50
1572,lpush5,1000000,822500.00
1572,lrange5,1000000,1236093.88
1573,lpush5,1000000,825095.69
1573,lrange5,1000000,1219531.75
1574,lpush5,1000000,823934.12
1574,lrange5,1000000,1184872.12
1575,lpush5,1000000,823111.06
1575,lrange5,1000000,1270749.62
1576,lpush5,1000000,830710.94
1576,lrange5,1000000,1254885.88
1577,lpush5,1000000,825829.94
1577,lrange5,1000000,1219687.88
1578,lpush5,1000000,828593.19
1578,lrange5,1000000,1189136.75
1579,lpush5,1000000,830034.81
1579,lrange5,1000000,1282215.38
1580,lpush5,1000000,821719.00
1580,lrange5,1000000,1199347.75
1581,lpush5,1000000,826485.94
1581,lrange5,1000000,1264384.25
1582,lpush5,1000000,819013.94
1582,lrange5,1000000,1262787.88
1583,lpush5,1000000,821044.31
1583,lrange5,1000000,1250000.00
1584,lpush5,1000000,820410.19
1584,lrange5,1000000,1283738.12
1585,lpush5,1000000,821149.38
1585,lrange5,1000000,1287083.62
1586,lpush5,1000000,823045.25
1586,lrange5,1000000,1290322.62
1587,lpush5,1000000,818343.69
1587,lrange5,1000000,1288659.75
1588,lpush5,1000000,823216.44
1588,lrange5,1000000,1197815.62
1589,lpush5,1000000,823242.75
1589,lrange5,1000000,1189403.12
1590,lpush5,1000000,820357.69
1590,lrange5,1000000,1218104.75
1591,lpush5,1000000,826472.69
1591,lrange5,1000000,1254705.12
1592,lpush5,1000000,826525.62
1592,lrange5,1000000,1266025.25
1593,lpush5,1000000,830617.94
1593,lrange5,1000000,1273905.75
1594,lpush5,1000000,825829.94
1594,lrange5,1000000,1290343.25
1595,lpush5,1000000,818553.19
1595,lrange5,1000000,1193412.88
1596,lpush5,1000000,817726.88
1596,lrange5,1000000,1179490.62
1597,lpush5,1000000,825856.31
1597,lrange5,1000000,1270749.62
1598,lpush5,1000000,824402.25
1598,lrange5,1000000,1250020.00
1599,lpush5,1000000,829227.19
1599,lrange5,1000000,1264303.38
1600,lpush5,1000000,826657.81
1600,lrange5,1000000,1233124.50
1601,lpush5,1000000,825896.00
1601,lrange5,1000000,1237663.38
1602,lpush5,1000000,816535.50
1602,lrange5,1000000,1251584.50
1603,lpush5,1000000,828500.38
1603,lrange5,1000000,1283902.50
1604,lpush5,1000000,824573.75
1604,lrange5,1000000,1204954.25
1605,lpush5,1000000,830617.94
1605,lrange5,1000000,1240774.25
1606,lpush5,1000000,819737.69
1606,lrange5,1000000,1264263.00
1607,lpush5,1000000,820397.06
1607,lrange5,1000000,1282112.88
1608,lpush5,1000000,820423.31
1608,lrange5,1000000,1243820.88
1609,lpush5,1000000,826472.69
1609,lrange5,1000000,1200845.12
1610,lpush5,1000000,825790.25
1610,lrange5,1000000,1202057.62
1611,lpush5,1000000,827129.88
1611,lrange5,1000000,1202326.88
1612,lpush5,1000000,825082.50
1612,lrange5,1000000,1213592.25
1613,lpush5,1000000,825320.12
1613,lrange5,1000000,1278915.62
1614,lpush5,1000000,830764.12
1614,lrange5,1000000,1247022.50
1615,lpush5,1000000,828659.50
1615,lrange5,1000000,1189346.00
1616,lpush5,1000000,830657.81
1616,lrange5,1000000,1193718.38
1617,lpush5,1000000,825082.50
1617,lrange5,1000000,1227033.12
1618,lpush5,1000000,819855.69
1618,lrange5,1000000,1262848.50
1619,lpush5,1000000,825267.31
1619,lrange5,1000000,1245330.00
1620,lpush5,1000000,831946.75
1620,lrange5,1000000,1287063.00
1621,lpush5,1000000,827854.31
1621,lrange5,1000000,1247022.50
1622,lpush5,1000000,829333.38
1622,lrange5,1000000,1236252.12
1623,lpush5,1000000,829928.62
1623,lrange5,1000000,1282236.00
1624,lpush5,1000000,833533.31
1624,lrange5,1000000,1197853.88
1625,lpush5,1000000,826604.94
1625,lrange5,1000000,1219570.75
1626,lpush5,1000000,831441.44
1626,lrange5,1000000,1239177.25
1627,lpush5,1000000,825108.88
1627,lrange5,1000000,1240694.75
1628,lpush5,1000000,824521.00
1628,lrange5,1000000,1192257.50
1629,lpush5,1000000,829955.19
1629,lrange5,1000000,1180920.88
1630,lpush5,1000000,826459.50
1630,lrange5,1000000,1225568.62
1631,lpush5,1000000,828026.50
1631,lrange5,1000000,1283697.12
1632,lpush5,1000000,830034.81
1632,lrange5,1000000,1192028.62
1633,lpush5,1000000,830750.81
1633,lrange5,1000000,1182146.50
1634,lpush5,1000000,832159.69
1634,lrange5,1000000,1285367.62
1635,lpush5,1000000,826604.94
1635,lrange5,1000000,1264283.12
1636,lpush5,1000000,828699.25
1636,lrange5,1000000,1269035.50
1637,lpush5,1000000,832732.75
1637,lrange5,1000000,1261195.50
1638,lpush5,1000000,825935.62
1638,lrange5,1000000,1233203.50
1639,lpush5,1000000,828566.69
1639,lrange5,1000000,1246962.62
1640,lpush5,1000000,830604.62
1640,lrange5,1000000,1267447.50
1641,lpush5,1000000,825869.56
1641,lrange5,1000000,1282133.38
1642,lpush5,1000000,836820.06
1642,lrange5,1000000,1248619.25
1643,lpush5,1000000,821719.00
1643,lrange5,1000000,1287021.88
1644,lpush5,1000000,822447.38
1644,lrange5,1000000,1293764.50
1645,lpush5,1000000,700916.56
1645,lrange5,1000000,970998.06
1646,lpush5,1000000,836214.06
1646,lrange5,1000000,1199309.38
1647,lpush5,1000000,833533.31
1647,lrange5,1000000,1269076.12
1648,lpush5,1000000,825095.69
1648,lrange5,1000000,1222669.88
1649,lpush5,1000000,820397.06
1649,lrange5,1000000,1292237.75
1650,lpush5,1000000,821758.44
1650,lrange5,1000000,1283697.12
1651,lpush5,1000000,826591.69
1651,lrange5,1000000,1282051.38
1652,lpush5,1000000,836887.00
1652,lrange5,1000000,1193565.62
1653,lpush5,1000000,830591.38
1653,lrange5,1000000,1251584.50
1654,lpush5,1000000,832133.12
1654,lrange5,1000000,1275734.75
1655,lpush5,1000000,836820.06
1655,lrange5,1000000,1288804.12
1656,lpush5,1000000,823229.62
1656,lrange5,1000000,1283738.12
1657,lpush5,1000000,823855.06
1657,lrange5,1000000,1264343.88
1658,lpush5,1000000,820436.44
1658,lrange5,1000000,1288762.88
1659,lpush5,1000000,827841.12
1659,lrange5,1000000,1197662.25
1660,lpush5,1000000,829875.50
1660,lrange5,1000000,1174140.88
1661,lpush5,1000000,831441.44
1661,lrange5,1000000,1278936.00
1662,lpush5,1000000,826499.12
1662,lrange5,1000000,1265822.75
1663,lpush5,1000000,827129.88
1663,lrange5,1000000,1275530.62
1664,lpush5,1000000,834081.75
1664,lrange5,1000000,1287166.00
1665,lpush5,1000000,827275.44
1665,lrange5,1000000,1236173.00
1666,lpush5,1000000,827920.56
1666,lrange5,1000000,1287001.25
1667,lpush5,1000000,827288.69
1667,lrange5,1000000,1200806.75
1668,lpush5,1000000,828646.19
1668,lrange5,1000000,1240813.88
1669,lpush5,1000000,821876.75
1669,lrange5,1000000,1275591.88
1670,lpush5,1000000,820410.19
1670,lrange5,1000000,1288762.88
1671,lpush5,1000000,822526.31
1671,lrange5,1000000,1288680.38
1672,lpush5,1000000,820383.94
1672,lrange5,1000000,1256341.75
1673,lpush5,1000000,823947.31
1673,lrange5,1000000,1282215.38
1674,lpush5,1000000,822486.88
1674,lrange5,1000000,1264303.38
1675,lpush5,1000000,825227.69
1675,lrange5,1000000,1195010.75
1676,lpush5,1000000,836173.94
1676,lrange5,1000000,1207729.50
1677,lpush5,1000000,828066.25
1677,lrange5,1000000,1200595.38
1678,lpush5,1000000,821031.19
1678,lrange5,1000000,1237643.50
1679,lpush5,1000000,826618.12
1679,lrange5,1000000,1191971.38
1680,lpush5,1000000,832905.94
1680,lrange5,1000000,1199136.75
1681,lpush5,1000000,824521.00
1681,lrange5,1000000,1250020.00
1682,lpush5,1000000,829267.00
1682,lrange5,1000000,1251724.62
1683,lpush5,1000000,819131.88
1683,lrange5,1000000,1293909.50
1684,lpush5,1000000,821850.44
1684,lrange5,1000000,1199328.50
1685,lpush5,1000000,828553.44
1685,lrange5,1000000,1187857.50
1686,lpush5,1000000,823097.94
1686,lrange5,1000000,1189136.75
1687,lpush5,1000000,829995.00
1687,lrange5,1000000,1273987.25
1688,lpush5,1000000,829187.44
1688,lrange5,1000000,1199328.50
1689,lpush5,1000000,829227.19
1689,lrange5,1000000,1253273.25
1690,lpush5,1000000,825763.88
1690,lrange5,1000000,1202173.00
1691,lpush5,1000000,828686.00
1691,lrange5,1000000,1259466.00
1692,lpush5,1000000,819685.25
1692,lrange5,1000000,1288804.12
1693,lpush5,1000000,825254.12
1693,lrange5,1000000,1197930.62
1694,lpush5,1000000,832799.38
1694,lrange5,1000000,1192219.38
1695,lpush5,1000000,830604.62
1695,lrange5,1000000,1283779.25
1696,lpush5,1000000,827867.56
1696,lrange5,1000000,1275693.88
1697,lpush5,1000000,824613.31
1697,lrange5,1000000,1186448.38
1698,lpush5,1000000,831295.12
1698,lrange5,1000000,1277180.12
1699,lpush5,1000000,827867.56
1699,lrange5,1000000,1239197.00
1700,lpush5,1000000,832759.38
1700,lrange5,1000000,1189231.88
1701,lpush5,1000000,834898.19
1701,lrange5,1000000,1242295.62
1702,lpush5,1000000,822421.06
1702,lrange5,1000000,1207768.12
1703,lpush5,1000000,820383.94
1703,lrange5,1000000,1182070.88
1704,lpush5,1000000,815791.25
1704,lrange5,1000000,1186619.25
1705,lpush5,1000000,840403.31
1705,lrange5,1000000,1210789.38
1706,lpush5,1000000,834028.38
1706,lrange5,1000000,1231546.88
1707,lpush5,1000000,820344.56
1707,lrange5,1000000,1250040.00
1708,lpush5,1000000,829359.88
1708,lrange5,1000000,1287145.38
1709,lpush5,1000000,823762.75
1709,lrange5,1000000,1245350.00
1710,lpush5,1000000,839087.25
1710,lrange5,1000000,1207903.38
1711,lpush5,1000000,832639.50
1711,lrange5,1000000,1153494.88
1712,lpush5,1000000,830724.25
1712,lrange5,1000000,1275530.62
1713,lpush5,1000000,825095.69
1713,lrange5,1000000,1242375.12
1714,lpush5,1000000,824441.81
1714,lrange5,1000000,1245330.00
1715,lpush5,1000000,829373.12
1715,lrange5,1000000,1230012.25
1716,lpush5,1000000,818343.69
1716,lrange5,1000000,1236113.75
1717,lpush5,1000000,823815.50
1717,lrange5,1000000,1261114.75
1718,lpush5,1000000,828686.00
1718,lrange5,1000000,1270831.00
1719,lpush5,1000000,823775.94
1719,lrange5,1000000,1193470.12
1720,lpush5,1000000,822407.94
1720,lrange5,1000000,1257942.12
1721,lpush5,1000000,823216.44
1721,lrange5,1000000,1259466.00
1722,lpush5,1000000,823058.44
1722,lrange5,1000000,1200902.75
1723,lpush5,1000000,821228.19
1723,lrange5,1000000,1264242.75
1724,lpush5,1000000,830671.12
1724,lrange5,1000000,1197949.75
1725,lpush5,1000000,836173.94
1725,lrange5,1000000,1162939.50
1726,lpush5,1000000,836187.31
1726,lrange5,1000000,1267589.38
1727,lpush5,1000000,825227.69
1727,lrange5,1000000,1282092.38
1728,lpush5,1000000,827973.56
1728,lrange5,1000000,1200787.50
1729,lpush5,1000000,824402.25
1729,lrange5,1000000,1275653.12
1730,lpush5,1000000,827907.31
1730,lrange5,1000000,1203562.00
1731,lpush5,1000000,823190.12
1731,lrange5,1000000,1219512.25
1732,lpush5,1000000,818343.69
1732,lrange5,1000000,1196287.00
1733,lpush5,1000000,819092.56
1733,lrange5,1000000,1227052.75
1734,lpush5,1000000,821705.81
1734,lrange5,1000000,1248619.25
1735,lpush5,1000000,825869.56
1735,lrange5,1000000,1269055.88
1736,lpush5,1000000,822368.44
1736,lrange5,1000000,1269096.50
1737,lpush5,1000000,823216.44
1737,lrange5,1000000,1203523.50
1738,lpush5,1000000,827894.06
1738,lrange5,1000000,1196516.75
1739,lpush5,1000000,821031.19
1739,lrange5,1000000,1202365.38
1740,lpush5,1000000,840349.56
1740,lrange5,1000000,1285347.00
1741,lpush5,1000000,819724.56
1741,lrange5,1000000,1221020.75
1742,lpush5,1000000,823749.62
1742,lrange5,1000000,1269116.75
1743,lpush5,1000000,826631.38
1743,lrange5,1000000,1240714.62
1744,lpush5,1000000,826485.94
1744,lrange5,1000000,1293702.50
1745,lpush5,1000000,819881.94
1745,lrange5,1000000,1183507.62
1746,lpush5,1000000,830578.06
1746,lrange5,1000000,1202173.00
1747,lpush5,1000000,821044.31
1747,lrange5,1000000,1280614.62
1748,lpush5,1000000,830578.06
1748,lrange5,1000000,1190590.50
1749,lpush5,1000000,827275.44
1749,lrange5,1000000,1200633.88
1750,lpush5,1000000,821837.31
1750,lrange5,1000000,1203485.00
1751,lpush5,1000000,823084.75
1751,lrange5,1000000,1200518.62
1752,lpush5,1000000,834791.38
1752,lrange5,1000000,1190514.38
1753,lpush5,1000000,823736.44
1753,lrange5,1000000,1193642.00
1754,lpush5,1000000,827143.12
1754,lrange5,1000000,1273905.75
1755,lpush5,1000000,821784.69
1755,lrange5,1000000,1256402.00
1756,lpush5,1000000,827129.88
1756,lrange5,1000000,1242255.88
1757,lpush5,1000000,827814.62
1757,lrange5,1000000,1188028.50
1758,lpush5,1000000,823920.94
1758,lrange5,1000000,1192047.75
1759,lpush5,1000000,829253.75
1759,lrange5,1000000,1236113.75
1760,lpush5,1000000,831348.31
1760,lrange5,1000000,1251624.50
1761,lpush5,1000000,831348.31
1761,lrange5,1000000,1275591.88
1762,lpush5,1000000,831428.12
1762,lrange5,1000000,1186619.25
1763,lpush5,1000000,828526.94
1763,lrange5,1000000,1194819.62
1764,lpush5,1000000,827169.56
1764,lrange5,1000000,1270790.38
1765,lpush5,1000000,827143.12
1765,lrange5,1000000,1183507.62
1766,lpush5,1000000,836173.94
1766,lrange5,1000000,1288680.38
1767,lpush5,1000000,826499.12
1767,lrange5,1000000,1275714.38
1768,lpush5,1000000,821784.69
1768,lrange5,1000000,1285408.75
1769,lpush5,1000000,829227.19
1769,lrange5,1000000,1207826.12
1770,lpush5,1000000,826538.81
1770,lrange5,1000000,1193336.50
1771,lpush5,1000000,817883.88
1771,lrange5,1000000,1272366.38
1772,lpush5,1000000,824507.81
1772,lrange5,1000000,1253233.12
1773,lpush5,1000000,827880.81
1773,lrange5,1000000,1270648.00
1774,lpush5,1000000,823071.56
1774,lrange5,1000000,1236153.25
1775,lpush5,1000000,828513.69
1775,lrange5,1000000,1162883.75
1776,lpush5,1000000,825174.94
1776,lrange5,1000000,1283902.50
1777,lpush5,1000000,834268.56
1777,lrange5,1000000,1259445.75
1778,lpush5,1000000,824573.75
1778,lrange5,1000000,1269177.62
1779,lpush5,1000000,823815.50
1779,lrange5,1000000,1272285.00
1780,lpush5,1000000,823762.75
1780,lrange5,1000000,1262626.25
1781,lpush5,1000000,829333.38
1781,lrange5,1000000,1283758.75
1782,lpush5,1000000,825174.94
1782,lrange5,1000000,1285347.00
1783,lpush5,1000000,820502.06
1783,lrange5,1000000,1175125.75
1784,lpush5,1000000,822526.31
1784,lrange5,1000000,1200518.62
1785,lpush5,1000000,819829.50
1785,lrange5,1000000,1287063.00
1786,lpush5,1000000,819816.38
1786,lrange5,1000000,1250060.00
1787,lpush5,1000000,828039.75
1787,lrange5,1000000,1197662.25
1788,lpush5,1000000,823058.44
1788,lrange5,1000000,1246882.88
1789,lpush5,1000000,753615.69
1789,lrange5,1000000,1175125.75
1790,lpush5,1000000,825227.69
1790,lrange5,1000000,1269137.12
1791,lpush5,1000000,823137.44
1791,lrange5,1000000,1254725.25
1792,lpush5,1000000,830671.12
1792,lrange5,1000000,1288783.50
1793,lpush5,1000000,823815.50
1793,lrange5,1000000,1273885.25
1794,lpush5,1000000,828699.25
1794,lrange5,1000000,1278772.38
1795,lpush5,1000000,825227.69
1795,lrange5,1000000,1243781.12
1796,lpush5,1000000,822407.94
1796,lrange5,1000000,1264283.12
1797,lpush5,1000000,823058.44
1797,lrange5,1000000,1283758.75
1798,lpush5,1000000,830578.06
1798,lrange5,1000000,1196382.75
1799,lpush5,1000000,825148.50
1799,lrange5,1000000,1200787.50
1800,lpush5,1000000,834095.06
1800,lrange5,1000000,1243920.38
1801,lpush5,1000000,822381.62
1801,lrange5,1000000,1256281.38
1802,lpush5,1000000,829359.88
1802,lrange5,1000000,1265822.75
1803,lpush5,1000000,821824.12
1803,lrange5,1000000,1272264.62
1804,lpush5,1000000,819000.88
1804,lrange5,1000000,1278956.50
1805,lpush5,1000000,822513.19
1805,lrange5,1000000,1193718.38
1806,lpush5,1000000,830671.12
1806,lrange5,1000000,1267589.38
1807,lpush5,1000000,815752.06
1807,lrange5,1000000,1278915.62
1808,lpush5,1000000,823881.38
1808,lrange5,1000000,1189060.62
1809,lpush5,1000000,827235.75
1809,lrange5,1000000,1196306.12
1810,lpush5,1000000,823723.25
1810,lrange5,1000000,1264242.75
1811,lpush5,1000000,823058.44
1811,lrange5,1000000,1269137.12
1812,lpush5,1000000,817870.75
1812,lrange5,1000000,1196516.75
1813,lpush5,1000000,818369.88
1813,lrange5,1000000,1270851.38
1814,lpush5,1000000,821070.56
1814,lrange5,1000000,1239177.25
1815,lpush5,1000000,817726.88
1815,lrange5,1000000,1196459.25
1816,lpush5,1000000,827209.25
1816,lrange5,1000000,1282051.38
1817,lpush5,1000000,815660.69
1817,lrange5,1000000,1250040.00
1818,lpush5,1000000,823828.69
1818,lrange5,1000000,1246902.75
1819,lpush5,1000000,813877.94
1819,lrange5,1000000,1240853.62
1820,lpush5,1000000,707258.81
1820,lrange5,1000000,798837.06
1821,lpush5,1000000,514933.06
1821,lrange5,1000000,802683.75
1822,lpush5,1000000,786782.06
1822,lrange5,1000000,1293743.88
1823,lpush5,1000000,830631.25
1823,lrange5,1000000,1292155.00
1824,lpush5,1000000,829333.38
1824,lrange5,1000000,1264384.25
1825,lpush5,1000000,827275.44
1825,lrange5,1000000,1292093.00
1826,lpush5,1000000,823775.94
1826,lrange5,1000000,1269116.75
1827,lpush5,1000000,821254.50
1827,lrange5,1000000,1209209.12
1828,lpush5,1000000,822434.25
1828,lrange5,1000000,1292072.38
1829,lpush5,1000000,827235.75
1829,lrange5,1000000,1287042.50
1830,lpush5,1000000,823762.75
1830,lrange5,1000000,1196401.88
1831,lpush5,1000000,834148.44
1831,lrange5,1000000,1254705.12
1832,lpush5,1000000,821692.69
1832,lrange5,1000000,1192104.88
1833,lpush5,1000000,828672.75
1833,lrange5,1000000,1290363.88
1834,lpush5,1000000,825948.81
1834,lrange5,1000000,1290343.25
1835,lpush5,1000000,829200.69
1835,lrange5,1000000,1277200.50
1836,lpush5,1000000,823163.75
1836,lrange5,1000000,1282092.38
1837,lpush5,1000000,822513.19
1837,lrange5,1000000,1251624.50
1838,lpush5,1000000,820541.44
1838,lrange5,1000000,1292175.75
1839,lpush5,1000000,828500.38
1839,lrange5,1000000,1265964.50
1840,lpush5,1000000,828672.75
1840,lrange5,1000000,1180920.88
1841,lpush5,1000000,836820.06
1841,lrange5,1000000,1256542.75
1842,lpush5,1000000,819118.81
1842,lrange5,1000000,1275530.62
1843,lpush5,1000000,828712.50
1843,lrange5,1000000,1285511.62
1844,lpush5,1000000,827182.81
1844,lrange5,1000000,1287186.62
1845,lpush5,1000000,829280.31
1845,lrange5,1000000,1253273.25
1846,lpush5,1000000,830750.81
1846,lrange5,1000000,1292093.00
1847,lpush5,1000000,827854.31
1847,lrange5,1000000,1262666.62
1848,lpush5,1000000,823841.88
1848,lrange5,1000000,1272488.50
1849,lpush5,1000000,823150.62
1849,lrange5,1000000,1256341.75
1850,lpush5,1000000,827143.12
1850,lrange5,1000000,1257942.12
1851,lpush5,1000000,831401.50
1851,lrange5,1000000,1285347.00
1852,lpush5,1000000,824586.94
1852,lrange5,1000000,1272264.62
1853,lpush5,1000000,827947.06
1853,lrange5,1000000,1287166.00
1854,lpush5,1000000,823815.50
1854,lrange5,1000000,1275653.12
1855,lpush5,1000000,829981.69
1855,lrange5,1000000,1236153.25
1856,lpush5,1000000,827209.25
1856,lrange5,1000000,1254705.12
1857,lpush5,1000000,829902.06
1857,lrange5,1000000,1283902.50
1858,lpush5,1000000,827143.12
1858,lrange5,1000000,1256502.50
1859,lpush5,1000000,828593.19
1859,lrange5,1000000,1278956.50
1860,lpush5,1000000,840484.00
1860,lrange5,1000000,1240794.00
1861,lpush5,1000000,826644.62
1861,lrange5,1000000,1227072.38
1862,lpush5,1000000,824415.44
1862,lrange5,1000000,1181053.12
1863,lpush5,1000000,819724.56
1863,lrange5,1000000,1103858.75
1864,lpush5,1000000,841804.75
1864,lrange5,1000000,1197624.00
1865,lpush5,1000000,831441.44
1865,lrange5,1000000,1191971.38
1866,lpush5,1000000,821031.19
1866,lrange5,1000000,1193317.38
1867,lpush5,1000000,830631.25
1867,lrange5,1000000,1261114.75
1868,lpush5,1000000,831468.06
1868,lrange5,1000000,1258002.50
1869,lpush5,1000000,826499.12
1869,lrange5,1000000,1245330.00
1870,lpush5,1000000,827209.25
1870,lrange5,1000000,1195144.50
1871,lpush5,1000000,821876.75
1871,lrange5,1000000,1231704.50
1872,lpush5,1000000,827341.62
1872,lrange5,1000000,1272325.62
1873,lpush5,1000000,821175.69
1873,lrange5,1000000,1193756.62
1874,lpush5,1000000,831388.25
1874,lrange5,1000000,1190819.12
1875,lpush5,1000000,823868.19
1875,lrange5,1000000,1283697.12
1876,lpush5,1000000,829253.75
1876,lrange5,1000000,1182089.88
1877,lpush5,1000000,820410.19
1877,lrange5,1000000,1243900.50
1878,lpush5,1000000,825254.12
1878,lrange5,1000000,1234745.62
1879,lpush5,1000000,828500.38
1879,lrange5,1000000,1285388.12
1880,lpush5,1000000,817726.88
1880,lrange5,1000000,1267609.62
1881,lpush5,1000000,813086.19
1881,lrange5,1000000,1269137.12
1882,lpush5,1000000,823841.88
1882,lrange5,1000000,1176903.50
1883,lpush5,1000000,819223.62
1883,lrange5,1000000,1282051.38
1884,lpush5,1000000,823789.12
1884,lrange5,1000000,1196555.00
1885,lpush5,1000000,821797.88
1885,lrange5,1000000,1242375.12
1886,lpush5,1000000,824402.25
1886,lrange5,1000000,1234567.88
1887,lpush5,1000000,820449.56
1887,lrange5,1000000,1282215.38
1888,lpush5,1000000,823255.94
1888,lrange5,1000000,1243880.62
1889,lpush5,1000000,815113.31
1889,lrange5,1000000,1203523.50
1890,lpush5,1000000,820475.81
1890,lrange5,1000000,1196191.38
1891,lpush5,1000000,819171.19
1891,lrange5,1000000,1275551.00
1892,lpush5,1000000,832666.12
1892,lrange5,1000000,1269238.62
1893,lpush5,1000000,816496.31
1893,lrange5,1000000,1272366.38
1894,lpush5,1000000,820357.69
1894,lrange5,1000000,1265924.00
1895,lpush5,1000000,822473.69
1895,lrange5,1000000,1280573.62
1896,lpush5,1000000,823163.75
1896,lrange5,1000000,1250060.00
1897,lpush5,1000000,817700.69
1897,lrange5,1000000,1197815.62
1898,lpush5,1000000,822421.06
1898,lrange5,1000000,1190495.25
1899,lpush5,1000000,818422.25
1899,lrange5,1000000,1203465.75
1900,lpush5,1000000,819027.06
1900,lrange5,1000000,1239236.75
1901,lpush5,1000000,827920.56
1901,lrange5,1000000,1240873.50
1902,lpush5,1000000,825095.69
1902,lrange5,1000000,1227249.12
1903,lpush5,1000000,820397.06
1903,lrange5,1000000,807909.50
1904,lpush5,1000000,511263.81
1904,lrange5,1000000,819685.25
1905,lpush5,1000000,809087.44
1905,lrange5,1000000,1230012.25
1906,lpush5,1000000,831308.44
1906,lrange5,1000000,1295523.25
1907,lpush5,1000000,840389.88
1907,lrange5,1000000,1230012.25
1908,lpush5,1000000,831268.50
1908,lrange5,1000000,1295544.00
1909,lpush5,1000000,825777.06
1909,lrange5,1000000,1287001.25
1910,lpush5,1000000,829902.06
1910,lrange5,1000000,1184985.75
1911,lpush5,1000000,827973.56
1911,lrange5,1000000,1290529.12
1912,lpush5,1000000,830710.94
1912,lrange5,1000000,1204915.62
1913,lpush5,1000000,826446.25
1913,lrange5,1000000,1197700.62
1914,lpush5,1000000,823190.12
1914,lrange5,1000000,1262727.25
1915,lpush5,1000000,835462.00
1915,lrange5,1000000,1242255.88
1916,lpush5,1000000,824415.44
1916,lrange5,1000000,1267447.50
1917,lpush5,1000000,830631.25
1917,lrange5,1000000,1267609.62
1918,lpush5,1000000,838236.44
1918,lrange5,1000000,1202019.25
1919,lpush5,1000000,823828.69
1919,lrange5,1000000,1287083.62
1920,lpush5,1000000,823084.75
1920,lrange5,1000000,1295461.12
1921,lpush5,1000000,821797.88
1921,lrange5,1000000,1285491.00
1922,lpush5,1000000,823762.75
1922,lrange5,1000000,1199251.75
1923,lpush5,1000000,822605.31
1923,lrange5,1000000,1287248.38
1924,lpush5,1000000,832652.81
1924,lrange5,1000000,854107.62
1925,lpush5,1000000,824613.31
1925,lrange5,1000000,1262747.50
1926,lpush5,1000000,822381.62
1926,lrange5,1000000,866578.81
1927,lpush5,1000000,823150.62
1927,lrange5,1000000,1257982.38
1928,lpush5,1000000,825201.31
1928,lrange5,1000000,1278813.25
1929,lpush5,1000000,822434.25
1929,lrange5,1000000,1272264.62
1930,lpush5,1000000,827143.12
1930,lrange5,1000000,1180864.25
1931,lpush5,1000000,829200.69
1931,lrange5,1000000,1269035.50
1932,lpush5,1000000,836173.94
1932,lrange5,1000000,1199098.38
1933,lpush5,1000000,830564.81
1933,lrange5,1000000,1200768.25
1934,lpush5,1000000,834028.38
1934,lrange5,1000000,1197930.62
1935,lpush5,1000000,823163.75
1935,lrange5,1000000,1239335.88
1936,lpush5,1000000,844689.19
1936,lrange5,1000000,1157481.50
1937,lpush5,1000000,821732.12
1937,lrange5,1000000,1187781.50
1938,lpush5,1000000,820528.31
1938,lrange5,1000000,1194857.75
1939,lpush5,1000000,821162.50
1939,lrange5,1000000,1264424.75
1940,lpush5,1000000,823815.50
1940,lrange5,1000000,1264343.88
1941,lpush5,1000000,827129.88
1941,lrange5,1000000,1197624.00
1942,lpush5,1000000,823868.19
1942,lrange5,1000000,1190742.88
1943,lpush5,1000000,822421.06
1943,lrange5,1000000,1197815.62
1944,lpush5,1000000,830591.38
1944,lrange5,1000000,1227033.12
1945,lpush5,1000000,822394.75
1945,lrange5,1000000,1192314.62
1946,lpush5,1000000,825122.12
1946,lrange5,1000000,1185061.62
1947,lpush5,1000000,828619.69
1947,lrange5,1000000,1218143.75
1948,lpush5,1000000,830564.81
1948,lrange5,1000000,1200480.12
1949,lpush5,1000000,831946.75
1949,lrange5,1000000,1254705.12
1950,lpush5,1000000,836927.19
1950,lrange5,1000000,1280430.25
1951,lpush5,1000000,830684.38
1951,lrange5,1000000,1288659.75
1952,lpush5,1000000,830631.25
1952,lrange5,1000000,1264384.25
1953,lpush5,1000000,831388.25
1953,lrange5,1000000,1201942.25
1954,lpush5,1000000,833333.31
1954,lrange5,1000000,1192276.50
1955,lpush5,1000000,826525.62
1955,lrange5,1000000,1239157.38
1956,lpush5,1000000,825135.31
1956,lrange5,1000000,1242454.62
1957,lpush5,1000000,837574.56
1957,lrange5,1000000,1267427.12
1958,lpush5,1000000,829267.00
1958,lrange5,1000000,1120197.12
1959,lpush5,1000000,823881.38
1959,lrange5,1000000,1202134.62
1960,lpush5,1000000,824455.00
1960,lrange5,1000000,1250020.00
1961,lpush5,1000000,821732.12
1961,lrange5,1000000,1261074.38
1962,lpush5,1000000,819013.94
1962,lrange5,1000000,1285511.62
1963,lpush5,1000000,828513.69
1963,lrange5,1000000,1101427.38
1964,lpush5,1000000,827182.81
1964,lrange5,1000000,1253313.38
1965,lpush5,1000000,830804.00
1965,lrange5,1000000,1272346.00
1966,lpush5,1000000,823176.94
1966,lrange5,1000000,1201942.25
1967,lpush5,1000000,828553.44
1967,lrange5,1000000,1270790.38
1968,lpush5,1000000,828672.75
1968,lrange5,1000000,1199117.50
1969,lpush5,1000000,827143.12
1969,lrange5,1000000,1264384.25
1970,lpush5,1000000,827814.62
1970,lrange5,1000000,1275571.50
1971,lpush5,1000000,826472.69
1971,lrange5,1000000,1245429.62
1972,lpush5,1000000,819868.81
1972,lrange5,1000000,1280491.62
1973,lpush5,1000000,816391.81
1973,lrange5,1000000,1196555.00
1974,lpush5,1000000,837721.94
1974,lrange5,1000000,1264303.38
1975,lpush5,1000000,830564.81
1975,lrange5,1000000,1288804.12
1976,lpush5,1000000,825777.06
1976,lrange5,1000000,1261034.12
1977,lpush5,1000000,828513.69
1977,lrange5,1000000,1204877.12
1978,lpush5,1000000,825829.94
1978,lrange5,1000000,1282092.38
1979,lpush5,1000000,821784.69
1979,lrange5,1000000,1201980.75
1980,lpush5,1000000,826671.06
1980,lrange5,1000000,1285388.12
1981,lpush5,1000000,823084.75
1981,lrange5,1000000,1231665.00
1982,lpush5,1000000,821083.69
1982,lrange5,1000000,1297141.38
1983,lpush5,1000000,829902.06
1983,lrange5,1000000,1216545.00
1984,lpush5,1000000,825148.50
1984,lrange5,1000000,1248619.25
1985,lpush5,1000000,824507.81
1985,lrange5,1000000,1274048.38
1986,lpush5,1000000,828540.19
1986,lrange5,1000000,1196401.88
1987,lpush5,1000000,834201.81
1987,lrange5,1000000,1199366.88
1988,lpush5,1000000,830604.62
1988,lrange5,1000000,1240774.25
1989,lpush5,1000000,829373.12
1989,lrange5,1000000,1251744.62
1990,lpush5,1000000,833546.62
1990,lrange5,1000000,1222513.38
1991,lpush5,1000000,831973.38
1991,lrange5,1000000,1278792.88
1992,lpush5,1000000,830737.56
1992,lrange5,1000000,1265964.50
1993,lpush5,1000000,831308.44
1993,lrange5,1000000,1288845.38
1994,lpush5,1000000,821705.81
1994,lrange5,1000000,1293702.50
1995,lpush5,1000000,822381.62
1995,lrange5,1000000,1243840.75
1996,lpush5,1000000,826459.50
1996,lrange5,1000000,1287207.25
1997,lpush5,1000000,828553.44
1997,lrange5,1000000,1233203.50
1998,lpush5,1000000,838236.44
1998,lrange5,1000000,1293681.75
1999,lpush5,1000000,830564.81
1999,lrange5,1000000,1288701.00
2000,lpush5,1000000,834924.94
2000,lrange5,1000000,1293764.50
