trial,operation,requests,rps
1,lpush5,1000000,792405.75
1,lrange5,1000000,1169646.75
2,lpush5,1000000,789902.06
2,lrange5,1000000,1191895.12
3,lpush5,1000000,803961.44
3,lrange5,1000000,1183488.75
4,lpush5,1000000,794963.44
4,lrange5,1000000,1216583.88
5,lpush5,1000000,790513.81
5,lrange5,1000000,1184853.12
6,lpush5,1000000,794281.19
6,lrange5,1000000,1199386.12
7,lpush5,1000000,801924.62
7,lrange5,1000000,1207768.12
8,lpush5,1000000,794281.19
8,lrange5,1000000,1212121.25
9,lpush5,1000000,799450.00
9,lrange5,1000000,1215183.50
10,lpush5,1000000,779423.25
10,lrange5,1000000,1123631.50
11,lpush5,1000000,795544.94
11,lrange5,1000000,1184853.12
12,lpush5,1000000,798798.75
12,lrange5,1000000,1196363.62
13,lpush5,1000000,795646.81
13,lrange5,1000000,1204819.25
14,lpush5,1000000,796889.25
14,lrange5,1000000,1161644.62
15,lpush5,1000000,789316.50
15,lrange5,1000000,1224166.50
16,lpush5,1000000,789977.88
16,lrange5,1000000,1191914.25
17,lpush5,1000000,800781.44
17,lrange5,1000000,1224127.38
18,lpush5,1000000,790577.06
18,lrange5,1000000,1200537.75
19,lpush5,1000000,797499.25
19,lrange5,1000000,1213786.38
20,lpush5,1000000,796812.75
20,lrange5,1000000,1193489.25
21,lpush5,1000000,800012.81
21,lrange5,1000000,1228776.38
22,lpush5,1000000,806451.62
22,lrange5,1000000,1219785.38
23,lpush5,1000000,761035.00
23,lrange5,1000000,1204896.38
24,lpush5,1000000,799488.38
24,lrange5,1000000,1209228.50
25,lpush5,1000000,798747.62
25,lrange5,1000000,1197662.25
26,lpush5,1000000,798747.62
26,lrange5,1000000,1202000.00
27,lpush5,1000000,797537.50
27,lrange5,1000000,1206291.88
28,lpush5,1000000,804595.31
28,lrange5,1000000,1199060.00
29,lpush5,1000000,791829.00
29,lrange5,1000000,1215261.25
30,lpush5,1000000,803212.88
30,lrange5,1000000,1224049.00
31,lpush5,1000000,800679.00
31,lrange5,1000000,1216798.00
32,lpush5,1000000,807767.31
32,lrange5,1000000,1215125.12
33,lpush5,1000000,807115.44
33,lrange5,1000000,1224244.88
34,lpush5,1000000,803871.44
34,lrange5,1000000,1179339.62
35,lpush5,1000000,803238.56
35,lrange5,1000000,1203388.75
36,lpush5,1000000,798811.50
36,lrange5,1000000,1212237.62
37,lpush5,1000000,802670.94
37,lrange5,1000000,1204877.12
38,lpush5,1000000,805956.44
38,lrange5,1000000,1218104.75
39,lpush5,1000000,799437.25
39,lrange5,1000000,1218085.25
40,lpush5,1000000,796280.25
40,lrange5,1000000,1196172.25
41,lpush5,1000000,792545.19
41,lrange5,1000000,1192257.50
42,lpush5,1000000,795634.06
42,lrange5,1000000,1221138.00
43,lpush5,1000000,798084.56
43,lrange5,1000000,1212606.12
44,lpush5,1000000,784941.88
44,lrange5,1000000,1221255.12
45,lpush5,1000000,796178.31
45,lrange5,1000000,1228520.88
46,lpush5,1000000,790589.75
46,lrange5,1000000,1228501.25
47,lpush5,1000000,802619.56
47,lrange5,1000000,1219531.75
48,lpush5,1000000,797537.50
48,lrange5,1000000,1209228.50
49,lpush5,1000000,790615.00
49,lrange5,1000000,1222630.75
50,lpush5,1000000,798110.12
50,lrange5,1000000,1212121.25
51,lpush5,1000000,807115.44
51,lrange5,1000000,1196344.50
52,lpush5,1000000,793739.69
52,lrange5,1000000,1228599.50
53,lpush5,1000000,798785.94
53,lrange5,1000000,1206272.62
54,lpush5,1000000,794357.44
54,lrange5,1000000,1201923.00
55,lpush5,1000000,794357.44
55,lrange5,1000000,1219531.75
56,lpush5,1000000,800012.81
56,lrange5,1000000,1205031.38
57,lpush5,1000000,809061.50
57,lrange5,1000000,1236311.50
58,lpush5,1000000,800012.81
58,lrange5,1000000,1191895.12
59,lpush5,1000000,802593.88
59,lrange5,1000000,1215280.62
60,lpush5,1000000,791151.88
60,lrange5,1000000,1194838.75
61,lpush5,1000000,800140.81
61,lrange5,1000000,1219726.88
62,lpush5,1000000,796812.75
62,lrange5,1000000,1207748.75
63,lpush5,1000000,799424.44
63,lrange5,1000000,1197739.00
64,lpush5,1000000,800000.00
64,lrange5,1000000,1231645.38
65,lpush5,1000000,803328.50
65,lrange5,1000000,1219512.25
66,lpush5,1000000,797448.19
66,lrange5,1000000,1219512.25
67,lpush5,1000000,779435.69
67,lrange5,1000000,1210692.50
68,lpush5,1000000,785545.94
68,lrange5,1000000,1233183.75
69,lpush5,1000000,798097.38
69,lrange5,1000000,1230150.00
70,lpush5,1000000,805243.19
70,lrange5,1000000,1193336.50
71,lpush5,1000000,798174.00
71,lrange5,1000000,1221020.75
72,lpush5,1000000,794938.00
72,lrange5,1000000,1219570.75
73,lpush5,1000000,783887.12
73,lrange5,1000000,1210808.75
74,lpush5,1000000,803935.69
74,lrange5,1000000,1207729.50
75,lpush5,1000000,801963.12
75,lrange5,1000000,1222572.12
76,lpush5,1000000,807141.25
76,lrange5,1000000,1204896.38
77,lpush5,1000000,802014.44
77,lrange5,1000000,1196191.38
78,lpush5,1000000,796914.75
78,lrange5,1000000,1222689.50
79,lpush5,1000000,800640.56
79,lrange5,1000000,1210828.12
80,lpush5,1000000,800666.19
80,lrange5,1000000,1194876.88
81,lpush5,1000000,802001.62
81,lrange5,1000000,1212237.62
82,lpush5,1000000,793072.12
82,lrange5,1000000,1163051.12
83,lpush5,1000000,791202.50
83,lrange5,1000000,1183621.25
84,lpush5,1000000,807115.44
84,lrange5,1000000,1216603.38
85,lpush5,1000000,765147.62
85,lrange5,1000000,1216681.25
86,lpush5,1000000,803948.56
86,lrange5,1000000,1207729.50
87,lpush5,1000000,794306.62
87,lrange5,1000000,1187667.50
88,lpush5,1000000,794293.94
88,lrange5,1000000,1216545.00
89,lpush5,1000000,805840.44
89,lrange5,1000000,1203408.00
90,lpush5,1000000,797473.69
90,lrange5,1000000,1215280.62
91,lpush5,1000000,803328.50
91,lrange5,1000000,1197758.12
92,lpush5,1000000,796292.94
92,lrange5,1000000,1193317.38
93,lpush5,1000000,795065.19
93,lrange5,1000000,1227033.12
94,lpush5,1000000,796191.06
94,lrange5,1000000,1193412.88
95,lpush5,1000000,796889.25
95,lrange5,1000000,1200595.38
96,lpush5,1000000,795570.44
96,lrange5,1000000,1200691.50
97,lpush5,1000000,794988.88
97,lrange5,1000000,1200614.62
98,lpush5,1000000,782485.12
98,lrange5,1000000,1213728.12
99,lpush5,1000000,793752.38
99,lrange5,1000000,1227072.38
100,lpush5,1000000,806503.25
100,lrange5,1000000,1218124.25
101,lpush5,1000000,788706.62
101,lrange5,1000000,1190476.25
102,lpush5,1000000,793727.00
102,lrange5,1000000,1215300.12
103,lpush5,1000000,791177.19
103,lrange5,1000000,1201942.25
104,lpush5,1000000,793727.00
104,lrange5,1000000,1219687.88
105,lpush5,1000000,796863.75
105,lrange5,1000000,1213592.25
106,lpush5,1000000,784313.75
106,lrange5,1000000,1163013.88
107,lpush5,1000000,801950.31
107,lrange5,1000000,1224127.38
108,lpush5,1000000,799398.88
108,lrange5,1000000,1207748.75
109,lpush5,1000000,800012.81
109,lrange5,1000000,1199194.25
110,lpush5,1000000,784326.31
110,lrange5,1000000,1207748.75
111,lpush5,1000000,796292.94
111,lrange5,1000000,1190685.75
112,lpush5,1000000,794281.19
112,lrange5,1000000,1222493.88
113,lpush5,1000000,797499.25
113,lrange5,1000000,1200537.75
114,lpush5,1000000,802696.62
114,lrange5,1000000,1176527.00
115,lpush5,1000000,801924.62
115,lrange5,1000000,1162790.62
116,lpush5,1000000,784426.69
116,lrange5,1000000,1200787.50
117,lpush5,1000000,798734.81
117,lrange5,1000000,1200653.00
118,lpush5,1000000,782522.69
118,lrange5,1000000,1190723.88
119,lpush5,1000000,791930.31
119,lrange5,1000000,1190609.50
120,lpush5,1000000,787502.38
120,lrange5,1000000,1202096.12
121,lpush5,1000000,781350.00
121,lrange5,1000000,1224205.62
122,lpush5,1000000,800666.19
122,lrange5,1000000,1194800.50
123,lpush5,1000000,780093.62
123,lrange5,1000000,1219570.75
124,lpush5,1000000,800038.38
124,lrange5,1000000,1180713.12
125,lpush5,1000000,791803.62
125,lrange5,1000000,1200576.25
126,lpush5,1000000,796825.50
126,lrange5,1000000,1190609.50
127,lpush5,1000000,792507.12
127,lrange5,1000000,1194819.62
128,lpush5,1000000,790615.00
128,lrange5,1000000,1215319.50
129,lpush5,1000000,801950.31
129,lrange5,1000000,1213631.12
130,lpush5,1000000,803212.88
130,lrange5,1000000,1192047.75
131,lpush5,1000000,809768.44
131,lrange5,1000000,1239157.38
132,lpush5,1000000,798097.38
132,lrange5,1000000,1209383.25
133,lpush5,1000000,794306.62
133,lrange5,1000000,1207826.12
134,lpush5,1000000,798722.06
134,lrange5,1000000,1210673.12
135,lpush5,1000000,793097.50
135,lrange5,1000000,1192104.88
136,lpush5,1000000,788694.00
136,lrange5,1000000,1222709.00
137,lpush5,1000000,799398.88
137,lrange5,1000000,1206291.88
138,lpush5,1000000,798135.69
138,lrange5,1000000,1219551.25
139,lpush5,1000000,805230.31
139,lrange5,1000000,1177875.12
140,lpush5,1000000,778297.31
140,lrange5,1000000,1196363.62
141,lpush5,1000000,795544.94
141,lrange5,1000000,1236212.62
142,lpush5,1000000,795557.69
142,lrange5,1000000,1218124.25
143,lpush5,1000000,788643.50
143,lrange5,1000000,1201923.00
144,lpush5,1000000,797486.50
144,lrange5,1000000,1194857.75
145,lpush5,1000000,798824.31
145,lrange5,1000000,1206388.38
146,lpush5,1000000,805153.00
146,lrange5,1000000,1206407.75
147,lpush5,1000000,794332.06
147,lrange5,1000000,1187648.50
148,lpush5,1000000,798148.44
148,lrange5,1000000,1186239.62
149,lpush5,1000000,788694.00
149,lrange5,1000000,1160519.75
150,lpush5,1000000,798773.19
150,lrange5,1000000,1183431.88
151,lpush5,1000000,810437.62
151,lrange5,1000000,1132665.88
152,lpush5,1000000,797499.25
152,lrange5,1000000,1221118.38
153,lpush5,1000000,798097.38
153,lrange5,1000000,1209325.25
154,lpush5,1000000,798888.19
154,lrange5,1000000,1122603.88
155,lpush5,1000000,778284.88
155,lrange5,1000000,1209363.88
156,lpush5,1000000,800640.56
156,lrange5,1000000,1212160.00
157,lpush5,1000000,802632.38
157,lrange5,1000000,1209209.12
158,lpush5,1000000,798722.06
158,lrange5,1000000,1200518.62
159,lpush5,1000000,796267.50
159,lrange5,1000000,1212257.00
160,lpush5,1000000,796838.25
160,lrange5,1000000,1216720.12
161,lpush5,1000000,797524.75
161,lrange5,1000000,1213767.00
162,lpush5,1000000,798097.38
162,lrange5,1000000,1207787.38
163,lpush5,1000000,795595.88
163,lrange5,1000000,1190476.25
164,lpush5,1000000,791879.62
164,lrange5,1000000,1199060.00
165,lpush5,1000000,803910.00
165,lrange5,1000000,1203369.50
166,lpush5,1000000,800000.00
166,lrange5,1000000,1219609.75
167,lpush5,1000000,799462.81
167,lrange5,1000000,1210653.75
168,lpush5,1000000,797563.00
168,lrange5,1000000,1197643.12
169,lpush5,1000000,792405.75
169,lrange5,1000000,1210673.12
170,lpush5,1000000,799411.62
170,lrange5,1000000,1199040.75
171,lpush5,1000000,802014.44
171,lrange5,1000000,1187762.50
172,lpush5,1000000,797550.25
172,lrange5,1000000,1204838.62
173,lpush5,1000000,798161.19
173,lrange5,1000000,1175332.50
174,lpush5,1000000,800140.81
174,lrange5,1000000,1233144.25
175,lpush5,1000000,789367.06
175,lrange5,1000000,1215105.75
176,lpush5,1000000,792507.12
176,lrange5,1000000,1199136.75
177,lpush5,1000000,799450.00
177,lrange5,1000000,1196248.75
178,lpush5,1000000,807154.19
178,lrange5,1000000,1184872.12
179,lpush5,1000000,799462.81
179,lrange5,1000000,1224166.50
180,lpush5,1000000,796991.25
180,lrange5,1000000,1225529.38
181,lpush5,1000000,798135.69
181,lrange5,1000000,1205031.38
182,lpush5,1000000,807244.56
182,lrange5,1000000,1201942.25
183,lpush5,1000000,794912.56
183,lrange5,1000000,1203388.75
184,lpush5,1000000,800691.81
184,lrange5,1000000,1237702.88
185,lpush5,1000000,803367.06
185,lrange5,1000000,1215066.75
186,lpush5,1000000,796876.50
186,lrange5,1000000,1215183.50
187,lpush5,1000000,805930.69
187,lrange5,1000000,1179245.25
188,lpush5,1000000,798148.44
188,lrange5,1000000,1218026.88
189,lpush5,1000000,811081.88
189,lrange5,1000000,1225725.50
190,lpush5,1000000,805892.00
190,lrange5,1000000,1210692.50
191,lpush5,1000000,803212.88
191,lrange5,1000000,1203369.50
192,lpush5,1000000,805879.06
192,lrange5,1000000,1227033.12
193,lpush5,1000000,798161.19
193,lrange5,1000000,1201961.50
194,lpush5,1000000,802014.44
194,lrange5,1000000,1222533.00
195,lpush5,1000000,804518.06
195,lrange5,1000000,1215280.62
196,lpush5,1000000,797486.50
196,lrange5,1000000,1201961.50
197,lpush5,1000000,807167.12
197,lrange5,1000000,1210866.88
198,lpush5,1000000,782472.62
198,lrange5,1000000,1206272.62
199,lpush5,1000000,795685.00
199,lrange5,1000000,1212218.25
200,lpush5,1000000,799475.56
200,lrange5,1000000,1215164.00
201,lpush5,1000000,805165.88
201,lrange5,1000000,1225490.25
202,lpush5,1000000,791265.81
202,lrange5,1000000,1207768.12
203,lpush5,1000000,799360.50
203,lrange5,1000000,1215086.25
204,lpush5,1000000,805801.75
204,lrange5,1000000,1199040.75
205,lpush5,1000000,804505.19
205,lrange5,1000000,1231665.00
206,lpush5,1000000,806451.62
206,lrange5,1000000,1207806.75
207,lpush5,1000000,810502.44
207,lrange5,1000000,1218104.75
208,lpush5,1000000,797460.94
208,lrange5,1000000,1224244.88
209,lpush5,1000000,794963.44
209,lrange5,1000000,1212450.88
210,lpush5,1000000,795659.50
210,lrange5,1000000,1219531.75
211,lpush5,1000000,805814.62
211,lrange5,1000000,1224127.38
212,lpush5,1000000,801937.44
212,lrange5,1000000,1199060.00
213,lpush5,1000000,784401.56
213,lrange5,1000000,1117497.25
214,lpush5,1000000,783711.56
214,lrange5,1000000,1204877.12
215,lpush5,1000000,794912.56
215,lrange5,1000000,1206446.38
216,lpush5,1000000,796863.75
216,lrange5,1000000,1218085.25
217,lpush5,1000000,791189.81
217,lrange5,1000000,1202019.25
218,lpush5,1000000,801307.69
218,lrange5,1000000,1203369.50
219,lpush5,1000000,801333.31
219,lrange5,1000000,1218143.75
220,lpush5,1000000,793650.81
220,lrange5,1000000,1222493.88
221,lpush5,1000000,802014.44
221,lrange5,1000000,1221020.75
222,lpush5,1000000,796838.25
222,lrange5,1000000,1228638.75
223,lpush5,1000000,802645.25
223,lrange5,1000000,1209422.00
224,lpush5,1000000,789329.12
224,lrange5,1000000,1218104.75
225,lpush5,1000000,798174.00
225,lrange5,1000000,1209228.50
226,lpush5,1000000,793072.12
226,lrange5,1000000,1202153.88
227,lpush5,1000000,799360.50
227,lrange5,1000000,1202019.25
228,lpush5,1000000,789939.94
228,lrange5,1000000,1135219.12
229,lpush5,1000000,760012.19
229,lrange5,1000000,1166935.88
230,lpush5,1000000,796254.75
230,lrange5,1000000,1173708.88
231,lpush5,1000000,796369.38
231,lrange5,1000000,1148124.00
232,lpush5,1000000,784941.88
232,lrange5,1000000,1199155.88
233,lpush5,1000000,793148.25
233,lrange5,1000000,1169646.75
234,lpush5,1000000,785571.06
234,lrange5,1000000,1184853.12
235,lpush5,1000000,766895.69
235,lrange5,1000000,1190723.88
236,lpush5,1000000,772921.19
236,lrange5,1000000,1196382.75
237,lpush5,1000000,790602.38
237,lrange5,1000000,1206272.62
238,lpush5,1000000,781262.50
238,lrange5,1000000,1138988.62
239,lpush5,1000000,782023.44
239,lrange5,1000000,1164163.00
240,lpush5,1000000,786895.31
240,lrange5,1000000,1193412.88
241,lpush5,1000000,783097.94
241,lrange5,1000000,1193451.12
242,lpush5,1000000,786794.62
242,lrange5,1000000,1212276.38
243,lpush5,1000000,771604.94
243,lrange5,1000000,1173765.25
244,lpush5,1000000,797448.19
244,lrange5,1000000,1171016.38
245,lpush5,1000000,781312.50
245,lrange5,1000000,1141552.50
246,lpush5,1000000,764599.44
246,lrange5,1000000,1200653.00
247,lpush5,1000000,765110.94
247,lrange5,1000000,1203542.75
248,lpush5,1000000,794446.44
248,lrange5,1000000,1203369.50
249,lpush5,1000000,793160.94
249,lrange5,1000000,1180864.25
250,lpush5,1000000,786895.31
250,lrange5,1000000,1222630.75
251,lpush5,1000000,695432.56
251,lrange5,1000000,1213650.50
252,lpush5,1000000,798186.75
252,lrange5,1000000,1192124.00
253,lpush5,1000000,799424.44
253,lrange5,1000000,1222689.50
254,lpush5,1000000,789977.88
254,lrange5,1000000,1226993.88
255,lpush5,1000000,797588.56
255,lrange5,1000000,1209383.25
256,lpush5,1000000,785092.56
256,lrange5,1000000,1203408.00
257,lpush5,1000000,773419.94
257,lrange5,1000000,1190628.62
258,lpush5,1000000,777174.88
258,lrange5,1000000,1230169.75
259,lpush5,1000000,788668.75
259,lrange5,1000000,1197643.12
260,lpush5,1000000,782547.75
260,lrange5,1000000,1204838.62
261,lpush5,1000000,794382.88
261,lrange5,1000000,1209305.88
262,lpush5,1000000,796216.56
262,lrange5,1000000,1213825.25
263,lpush5,1000000,803858.56
263,lrange5,1000000,1218319.12
264,lpush5,1000000,796953.00
264,lrange5,1000000,1202019.25
265,lpush5,1000000,793790.50
265,lrange5,1000000,1213592.25
266,lpush5,1000000,802709.44
266,lrange5,1000000,1184834.12
267,lpush5,1000000,795544.94
267,lrange5,1000000,1215144.62
268,lpush5,1000000,798722.06
268,lrange5,1000000,1209209.12
269,lpush5,1000000,795014.31
269,lrange5,1000000,1193336.50
270,lpush5,1000000,785571.06
270,lrange5,1000000,1206291.88
271,lpush5,1000000,797448.19
271,lrange5,1000000,1187914.50
272,lpush5,1000000,795608.62
272,lrange5,1000000,1213669.88
273,lpush5,1000000,793752.38
273,lrange5,1000000,1197796.50
274,lpush5,1000000,793072.12
274,lrange5,1000000,1199194.25
275,lpush5,1000000,787502.38
275,lrange5,1000000,1197604.88
276,lpush5,1000000,796178.31
276,lrange5,1000000,1207748.75
277,lpush5,1000000,796812.75
277,lrange5,1000000,1225627.50
278,lpush5,1000000,790041.06
278,lrange5,1000000,1215066.75
279,lpush5,1000000,789442.81
279,lrange5,1000000,1212315.12
280,lpush5,1000000,789266.00
280,lrange5,1000000,1211099.25
281,lpush5,1000000,789329.12
281,lrange5,1000000,1196440.12
282,lpush5,1000000,796178.31
282,lrange5,1000000,1183431.88
283,lpush5,1000000,777604.94
283,lrange5,1000000,1197815.62
284,lpush5,1000000,783160.56
284,lrange5,1000000,1225529.38
285,lpush5,1000000,791139.19
285,lrange5,1000000,1200749.12
286,lpush5,1000000,796851.00
286,lrange5,1000000,1202192.25
287,lpush5,1000000,769859.88
287,lrange5,1000000,1204857.88
288,lpush5,1000000,796812.75
288,lrange5,1000000,1161495.88
289,lpush5,1000000,804595.31
289,lrange5,1000000,1216603.38
290,lpush5,1000000,799360.50
290,lrange5,1000000,1193412.88
291,lpush5,1000000,779435.69
291,lrange5,1000000,1221118.38
292,lpush5,1000000,796812.75
292,lrange5,1000000,1218143.75
293,lpush5,1000000,804582.44
293,lrange5,1000000,1200576.25
294,lpush5,1000000,801963.12
294,lrange5,1000000,1199136.75
295,lpush5,1000000,796863.75
295,lrange5,1000000,1231645.38
296,lpush5,1000000,791765.62
296,lrange5,1000000,1228619.12
297,lpush5,1000000,797563.00
297,lrange5,1000000,1222533.00
298,lpush5,1000000,784426.69
298,lrange5,1000000,1197624.00
299,lpush5,1000000,800128.00
299,lrange5,1000000,1213611.62
300,lpush5,1000000,802645.25
300,lrange5,1000000,1219668.25
301,lpush5,1000000,801282.06
301,lrange5,1000000,1224029.38
302,lpush5,1000000,786289.31
302,lrange5,1000000,1152073.75
303,lpush5,1000000,788022.06
303,lrange5,1000000,1199155.88
304,lpush5,1000000,801963.12
304,lrange5,1000000,1203562.00
305,lpush5,1000000,801282.06
305,lrange5,1000000,1202134.62
306,lpush5,1000000,807141.25
306,lrange5,1000000,1225509.88
307,lpush5,1000000,792481.81
307,lrange5,1000000,1210866.88
308,lpush5,1000000,784376.50
308,lrange5,1000000,1196421.00
309,lpush5,1000000,797460.94
309,lrange5,1000000,1216661.75
310,lpush5,1000000,798084.56
310,lrange5,1000000,1206349.88
311,lpush5,1000000,798760.38
311,lrange5,1000000,1187819.50
312,lpush5,1000000,794357.44
312,lrange5,1000000,1209344.62
313,lpush5,1000000,790690.94
313,lrange5,1000000,1215144.62
314,lpush5,1000000,786201.31
314,lrange5,1000000,1183659.12
315,lpush5,1000000,799411.62
315,lrange5,1000000,1207787.38
316,lpush5,1000000,801924.62
316,lrange5,1000000,1187838.50
317,lpush5,1000000,801294.88
317,lrange5,1000000,1197777.25
318,lpush5,1000000,754184.00
318,lrange5,1000000,1193451.12
319,lpush5,1000000,783110.44
319,lrange5,1000000,1185023.75
320,lpush5,1000000,786857.56
320,lrange5,1000000,1215358.38
321,lpush5,1000000,781262.50
321,lrange5,1000000,1202057.62
322,lpush5,1000000,795659.50
322,lrange5,1000000,1194743.12
323,lpush5,1000000,795583.12
323,lrange5,1000000,1222591.62
324,lpush5,1000000,796902.00
324,lrange5,1000000,1225647.12
325,lpush5,1000000,799475.56
325,lrange5,1000000,1209441.38
326,lpush5,1000000,796178.31
326,lrange5,1000000,1216583.88
327,lpush5,1000000,789889.38
327,lrange5,1000000,1215125.12
328,lpush5,1000000,795595.88
328,lrange5,1000000,1186410.50
329,lpush5,1000000,801924.62
329,lrange5,1000000,1200595.38
330,lpush5,1000000,801924.62
330,lrange5,1000000,1218221.75
331,lpush5,1000000,798084.56
331,lrange5,1000000,1201961.50
332,lpush5,1000000,793701.56
332,lrange5,1000000,1206272.62
333,lpush5,1000000,795001.56
333,lrange5,1000000,1162809.25
334,lpush5,1000000,782510.19
334,lrange5,1000000,1231743.88
335,lpush5,1000000,799437.25
335,lrange5,1000000,1202153.88
336,lpush5,1000000,783736.69
336,lrange5,1000000,1209402.62
337,lpush5,1000000,793688.88
337,lrange5,1000000,1213825.25
338,lpush5,1000000,796292.94
338,lrange5,1000000,1216681.25
339,lpush5,1000000,800038.38
339,lrange5,1000000,1213728.12
340,lpush5,1000000,802670.94
340,lrange5,1000000,1231527.12
341,lpush5,1000000,800730.19
341,lrange5,1000000,1190495.25
342,lpush5,1000000,781935.88
342,lrange5,1000000,1230051.62
343,lpush5,1000000,803264.25
343,lrange5,1000000,1222513.38
344,lpush5,1000000,798722.06
344,lrange5,1000000,1221020.75
345,lpush5,1000000,805814.62
345,lrange5,1000000,1206291.88
346,lpush5,1000000,791854.31
346,lrange5,1000000,1221196.62
347,lpush5,1000000,794925.25
347,lrange5,1000000,1213728.12
348,lpush5,1000000,802632.38
348,lrange5,1000000,1131402.75
349,lpush5,1000000,780143.56
349,lrange5,1000000,1210808.75
350,lpush5,1000000,795595.88
350,lrange5,1000000,1213592.25
351,lpush5,1000000,784967.00
351,lrange5,1000000,1204915.62
352,lpush5,1000000,798212.25
352,lrange5,1000000,1193451.12
353,lpush5,1000000,796876.50
353,lrange5,1000000,1224127.38
354,lpush5,1000000,791189.81
354,lrange5,1000000,1207768.12
355,lpush5,1000000,793097.50
355,lrange5,1000000,1227092.00
356,lpush5,1000000,785571.06
356,lrange5,1000000,1224186.12
357,lpush5,1000000,798773.19
357,lrange5,1000000,1218143.75
358,lpush5,1000000,800038.38
358,lrange5,1000000,1210673.12
359,lpush5,1000000,795659.50
359,lrange5,1000000,1210711.88
360,lpush5,1000000,755870.00
360,lrange5,1000000,1204973.50
361,lpush5,1000000,793097.50
361,lrange5,1000000,1230012.25
362,lpush5,1000000,796812.75
362,lrange5,1000000,1209189.75
363,lpush5,1000000,802632.38
363,lrange5,1000000,1184891.00
364,lpush5,1000000,798161.19
364,lrange5,1000000,1197930.62
365,lpush5,1000000,786314.50
365,lrange5,1000000,1207806.75
366,lpush5,1000000,790564.44
366,lrange5,1000000,1204819.25
367,lpush5,1000000,796216.56
367,lrange5,1000000,1193470.12
368,lpush5,1000000,790577.06
368,lrange5,1000000,1201961.50
369,lpush5,1000000,789902.06
369,lrange5,1000000,1204992.75
370,lpush5,1000000,784376.50
370,lrange5,1000000,1207864.75
371,lpush5,1000000,802632.38
371,lrange5,1000000,1233085.12
372,lpush5,1000000,797448.19
372,lrange5,1000000,1215086.25
373,lpush5,1000000,794382.88
373,lrange5,1000000,1200614.62
374,lpush5,1000000,789889.38
374,lrange5,1000000,1221020.75
375,lpush5,1000000,785684.19
375,lrange5,1000000,1162790.62
376,lpush5,1000000,775317.88
376,lrange5,1000000,1212257.00
377,lpush5,1000000,795583.12
377,lrange5,1000000,1222591.62
378,lpush5,1000000,798084.56
378,lrange5,1000000,1203485.00
379,lpush5,1000000,793650.81
379,lrange5,1000000,1210653.75
380,lpush5,1000000,788744.50
380,lrange5,1000000,1216583.88
381,lpush5,1000000,801397.44
381,lrange5,1000000,1191971.38
382,lpush5,1000000,792481.81
382,lrange5,1000000,1219512.25
383,lpush5,1000000,800679.00
383,lrange5,1000000,1213669.88
384,lpush5,1000000,796953.00
384,lrange5,1000000,1158767.12
385,lpush5,1000000,802606.69
385,lrange5,1000000,1187667.50
386,lpush5,1000000,802670.94
386,lrange5,1000000,1219804.88
387,lpush5,1000000,807115.44
387,lrange5,1000000,1177912.88
388,lpush5,1000000,802632.38
388,lrange5,1000000,1200518.62
389,lpush5,1000000,805879.06
389,lrange5,1000000,1199079.12
390,lpush5,1000000,800000.00
390,lrange5,1000000,1219531.75
391,lpush5,1000000,798122.88
391,lrange5,1000000,1208019.25
392,lpush5,1000000,796876.50
392,lrange5,1000000,1230051.62
393,lpush5,1000000,789278.62
393,lrange5,1000000,1188047.50
394,lpush5,1000000,791189.81
394,lrange5,1000000,1219531.75
395,lpush5,1000000,801282.06
395,lrange5,1000000,1225509.88
396,lpush5,1000000,812425.69
396,lrange5,1000000,1227111.62
397,lpush5,1000000,800128.00
397,lrange5,1000000,1227072.38
398,lpush5,1000000,789266.00
398,lrange5,1000000,1234607.38
399,lpush5,1000000,798084.56
399,lrange5,1000000,1225490.25
400,lpush5,1000000,811753.25
400,lrange5,1000000,1225549.00
401,lpush5,1000000,807819.06
401,lrange5,1000000,1199136.75
402,lpush5,1000000,786819.81
402,lrange5,1000000,1202115.38
403,lpush5,1000000,801282.06
403,lrange5,1000000,1230268.12
404,lpush5,1000000,786857.56
404,lrange5,1000000,1203369.50
405,lpush5,1000000,777679.62
405,lrange5,1000000,1146899.12
406,lpush5,1000000,785545.94
406,lrange5,1000000,1224107.75
407,lpush5,1000000,791139.19
407,lrange5,1000000,1219648.75
408,lpush5,1000000,794925.25
408,lrange5,1000000,1239316.00
409,lpush5,1000000,800064.00
409,lrange5,1000000,1230150.00
410,lpush5,1000000,795583.12
410,lrange5,1000000,1219531.75
411,lpush5,1000000,805814.62
411,lrange5,1000000,1224146.88
412,lpush5,1000000,805969.31
412,lrange5,1000000,1248439.50
413,lpush5,1000000,808433.31
413,lrange5,1000000,1207806.75
414,lpush5,1000000,808407.44
414,lrange5,1000000,1218260.62
415,lpush5,1000000,791841.62
415,lrange5,1000000,1213631.12
416,lpush5,1000000,793021.38
416,lrange5,1000000,1193393.75
417,lpush5,1000000,793046.75
417,lrange5,1000000,1213611.62
418,lpush5,1000000,783699.06
418,lrange5,1000000,1228619.12
419,lpush5,1000000,796825.50
419,lrange5,1000000,1189060.62
420,lpush5,1000000,804595.31
420,lrange5,1000000,1203388.75
421,lpush5,1000000,780106.12
421,lrange5,1000000,1193393.75
422,lpush5,1000000,801307.69
422,lrange5,1000000,1196191.38
423,lpush5,1000000,782035.94
423,lrange5,1000000,1210692.50
424,lpush5,1000000,787426.81
424,lrange5,1000000,1205204.88
425,lpush5,1000000,797448.19
425,lrange5,1000000,1199232.62
426,lpush5,1000000,788731.88
426,lrange5,1000000,1190533.38
427,lpush5,1000000,800640.56
427,lrange5,1000000,1186448.38
428,lpush5,1000000,794306.62
428,lrange5,1000000,1194743.12
429,lpush5,1000000,794950.69
429,lrange5,1000000,1202019.25
430,lpush5,1000000,792532.50
430,lrange5,1000000,1212315.12
431,lpush5,1000000,806451.62
431,lrange5,1000000,1191895.12
432,lpush5,1000000,790053.69
432,lrange5,1000000,1204838.62
433,lpush5,1000000,786794.62
433,lrange5,1000000,1201980.75
434,lpush5,1000000,792456.44
434,lrange5,1000000,1203388.75
435,lpush5,1000000,789889.38
435,lrange5,1000000,1210789.38
436,lpush5,1000000,800012.81
436,lrange5,1000000,1176602.38
437,lpush5,1000000,802568.19
437,lrange5,1000000,1212140.62
438,lpush5,1000000,793650.81
438,lrange5,1000000,1196191.38
439,lpush5,1000000,800000.00
439,lrange5,1000000,1209189.75
440,lpush5,1000000,759927.06
440,lrange5,1000000,1200633.88
441,lpush5,1000000,775795.19
441,lrange5,1000000,1179339.62
442,lpush5,1000000,796242.00
442,lrange5,1000000,1193451.12
443,lpush5,1000000,803858.56
443,lrange5,1000000,1225509.88
444,lpush5,1000000,799360.50
444,lrange5,1000000,1221274.75
445,lpush5,1000000,800730.19
445,lrange5,1000000,1207729.50
446,lpush5,1000000,788085.06
446,lrange5,1000000,1216700.75
447,lpush5,1000000,772896.44
447,lrange5,1000000,1206446.38
448,lpush5,1000000,788022.06
448,lrange5,1000000,1200653.00
449,lpush5,1000000,809113.31
449,lrange5,1000000,1197700.62
450,lpush5,1000000,803858.56
450,lrange5,1000000,1215105.75
451,lpush5,1000000,803858.56
451,lrange5,1000000,1207748.75
452,lpush5,1000000,793084.81
452,lrange5,1000000,1221020.75
453,lpush5,1000000,798760.38
453,lrange5,1000000,1215086.25
454,lpush5,1000000,805153.00
454,lrange5,1000000,1193355.62
455,lpush5,1000000,796178.31
455,lrange5,1000000,1213786.38
456,lpush5,1000000,794988.88
456,lrange5,1000000,1231724.12
457,lpush5,1000000,793021.38
457,lrange5,1000000,1190552.38
458,lpush5,1000000,791151.88
458,lrange5,1000000,1224068.62
459,lpush5,1000000,793148.25
459,lrange5,1000000,1222572.12
460,lpush5,1000000,794938.00
460,lrange5,1000000,1184928.88
461,lpush5,1000000,808472.12
461,lrange5,1000000,1176640.00
462,lpush5,1000000,795544.94
462,lrange5,1000000,1237762.38
463,lpush5,1000000,792405.75
463,lrange5,1000000,1218163.25
464,lpush5,1000000,782010.94
464,lrange5,1000000,1196267.88
465,lpush5,1000000,794382.88
465,lrange5,1000000,1209441.38
466,lpush5,1000000,796178.31
466,lrange5,1000000,1218065.75
467,lpush5,1000000,813099.19
467,lrange5,1000000,1216681.25
468,lpush5,1000000,793084.81
468,lrange5,1000000,1209189.75
469,lpush5,1000000,789278.62
469,lrange5,1000000,1172408.00
470,lpush5,1000000,786882.75
470,lrange5,1000000,1203504.25
471,lpush5,1000000,797448.19
471,lrange5,1000000,1200480.12
472,lpush5,1000000,803922.88
472,lrange5,1000000,1209189.75
473,lpush5,1000000,791829.00
473,lrange5,1000000,1195049.00
474,lpush5,1000000,798148.44
474,lrange5,1000000,1207768.12
475,lpush5,1000000,802683.75
475,lrange5,1000000,1207768.12
476,lpush5,1000000,798084.56
476,lrange5,1000000,1222787.25
477,lpush5,1000000,782522.69
477,lrange5,1000000,1191933.25
478,lpush5,1000000,791164.50
478,lrange5,1000000,1201980.75
479,lpush5,1000000,797499.25
479,lrange5,1000000,1209344.62
480,lpush5,1000000,795595.88
480,lrange5,1000000,1222572.12
481,lpush5,1000000,786176.12
481,lrange5,1000000,1219629.25
482,lpush5,1000000,805917.75
482,lrange5,1000000,1213767.00
483,lpush5,1000000,780677.56
483,lrange5,1000000,1194800.50
484,lpush5,1000000,799450.00
484,lrange5,1000000,1216564.38
485,lpush5,1000000,795027.00
485,lrange5,1000000,1182127.62
486,lpush5,1000000,797460.94
486,lrange5,1000000,1216642.25
487,lpush5,1000000,792481.81
487,lrange5,1000000,1197796.50
488,lpush5,1000000,793701.56
488,lrange5,1000000,1204896.38
489,lpush5,1000000,798811.50
489,lrange5,1000000,1202153.88
490,lpush5,1000000,777704.50
490,lrange5,1000000,1193412.88
491,lpush5,1000000,798747.62
491,lrange5,1000000,1203562.00
492,lpush5,1000000,775218.62
492,lrange5,1000000,1179339.62
493,lpush5,1000000,784992.12
493,lrange5,1000000,1207961.38
494,lpush5,1000000,799475.56
494,lrange5,1000000,1206620.00
495,lpush5,1000000,781873.31
495,lrange5,1000000,1193317.38
496,lpush5,1000000,805230.31
496,lrange5,1000000,1234666.62
497,lpush5,1000000,794344.75
497,lrange5,1000000,1207729.50
498,lpush5,1000000,784929.31
498,lrange5,1000000,1206523.50
499,lpush5,1000000,807115.44
499,lrange5,1000000,1206349.88
500,lpush5,1000000,788643.50
500,lrange5,1000000,1215086.25
501,lpush5,1000000,804518.06
501,lrange5,1000000,1212276.38
502,lpush5,1000000,787464.56
502,lrange5,1000000,1218182.75
503,lpush5,1000000,794357.44
503,lrange5,1000000,1212198.75
504,lpush5,1000000,783724.12
504,lrange5,1000000,1203388.75
505,lpush5,1000000,793059.44
505,lrange5,1000000,1192219.38
506,lpush5,1000000,805165.88
506,lrange5,1000000,1219629.25
507,lpush5,1000000,797524.75
507,lrange5,1000000,1145622.00
508,lpush5,1000000,789266.00
508,lrange5,1000000,1221020.75
509,lpush5,1000000,791765.62
509,lrange5,1000000,1209363.88
510,lpush5,1000000,804518.06
510,lrange5,1000000,1215164.00
511,lpush5,1000000,794281.19
511,lrange5,1000000,1225509.88
512,lpush5,1000000,787452.00
512,lrange5,1000000,1216545.00
513,lpush5,1000000,796305.69
513,lrange5,1000000,1218143.75
514,lpush5,1000000,789902.06
514,lrange5,1000000,1183431.88
515,lpush5,1000000,797460.94
515,lrange5,1000000,1212237.62
516,lpush5,1000000,801950.31
516,lrange5,1000000,1200537.75
517,lpush5,1000000,804530.94
517,lrange5,1000000,1204896.38
518,lpush5,1000000,796863.75
518,lrange5,1000000,1210750.62
519,lpush5,1000000,799360.50
519,lrange5,1000000,1200691.50
520,lpush5,1000000,805801.75
520,lrange5,1000000,1218260.62
521,lpush5,1000000,803264.25
521,lrange5,1000000,1219746.38
522,lpush5,1000000,804530.94
522,lrange5,1000000,1209325.25
523,lpush5,1000000,800640.56
523,lrange5,1000000,1215261.25
524,lpush5,1000000,801975.94
524,lrange5,1000000,1228737.12
525,lpush5,1000000,796940.25
525,lrange5,1000000,1212334.62
526,lpush5,1000000,802645.25
526,lrange5,1000000,1197739.00
527,lpush5,1000000,802065.75
527,lrange5,1000000,1236093.88
528,lpush5,1000000,797499.25
528,lrange5,1000000,1197643.12
529,lpush5,1000000,807128.38
529,lrange5,1000000,1215202.88
530,lpush5,1000000,807793.19
530,lrange5,1000000,1204819.25
531,lpush5,1000000,788744.50
531,lrange5,1000000,1206291.88
532,lpush5,1000000,790577.06
532,lrange5,1000000,1221118.38
533,lpush5,1000000,785621.38
533,lrange5,1000000,1111271.12
534,lpush5,1000000,705772.75
534,lrange5,1000000,1212198.75
535,lpush5,1000000,791164.50
535,lrange5,1000000,1196421.00
536,lpush5,1000000,796851.00
536,lrange5,1000000,1219512.25
537,lpush5,1000000,800653.38
537,lrange5,1000000,1192066.75
538,lpush5,1000000,784979.56
538,lrange5,1000000,1194819.62
539,lpush5,1000000,805178.75
539,lrange5,1000000,1213669.88
540,lpush5,1000000,793021.38
540,lrange5,1000000,1190514.38
541,lpush5,1000000,791177.19
541,lrange5,1000000,1202115.38
542,lpush5,1000000,795659.50
542,lrange5,1000000,1216720.12
543,lpush5,1000000,795039.75
543,lrange5,1000000,1175163.38
544,lpush5,1000000,807806.12
544,lrange5,1000000,1209189.75
545,lpush5,1000000,792418.38
545,lrange5,1000000,1213611.62
546,lpush5,1000000,786782.06
546,lrange5,1000000,1216642.25
547,lpush5,1000000,797460.94
547,lrange5,1000000,1219512.25
548,lpush5,1000000,789939.94
548,lrange5,1000000,1209189.75
549,lpush5,1000000,789316.50
549,lrange5,1000000,1190495.25
550,lpush5,1000000,807857.81
550,lrange5,1000000,1193355.62
551,lpush5,1000000,789341.75
551,lrange5,1000000,1196459.25
552,lpush5,1000000,787515.00
552,lrange5,1000000,1189060.62
553,lpush5,1000000,798122.88
553,lrange5,1000000,1200537.75
554,lpush5,1000000,793072.12
554,lrange5,1000000,1213767.00
555,lpush5,1000000,793650.81
555,lrange5,1000000,1213611.62
556,lpush5,1000000,789927.31
556,lrange5,1000000,1216622.88
557,lpush5,1000000,803858.56
557,lrange5,1000000,1212140.62
558,lpush5,1000000,809781.38
558,lrange5,1000000,1212276.38
559,lpush5,1000000,790640.31
559,lrange5,1000000,1221138.00
560,lpush5,1000000,769872.19
560,lrange5,1000000,1204819.25
561,lpush5,1000000,792481.81
561,lrange5,1000000,1216622.88
562,lpush5,1000000,797512.00
562,lrange5,1000000,1224088.12
563,lpush5,1000000,786163.56
563,lrange5,1000000,1190590.50
564,lpush5,1000000,763966.38
564,lrange5,1000000,1204935.00
565,lpush5,1000000,783736.69
565,lrange5,1000000,1201923.00
566,lpush5,1000000,790665.62
566,lrange5,1000000,1179320.75
567,lpush5,1000000,779423.25
567,lrange5,1000000,1141680.38
568,lpush5,1000000,783774.25
568,lrange5,1000000,1162846.50
569,lpush5,1000000,796838.25
569,lrange5,1000000,1199194.25
570,lpush5,1000000,787414.19
570,lrange5,1000000,1203369.50
571,lpush5,1000000,794319.31
571,lrange5,1000000,1176640.00
572,lpush5,1000000,797499.25
572,lrange5,1000000,1206446.38
573,lpush5,1000000,795595.88
573,lrange5,1000000,1221020.75
574,lpush5,1000000,794950.69
574,lrange5,1000000,1193317.38
575,lpush5,1000000,795621.31
575,lrange5,1000000,1197739.00
576,lpush5,1000000,794976.12
576,lrange5,1000000,1176583.50
577,lpush5,1000000,793650.81
577,lrange5,1000000,1192009.50
578,lpush5,1000000,784389.06
578,lrange5,1000000,1218358.12
579,lpush5,1000000,772250.19
579,lrange5,1000000,1183431.88
580,lpush5,1000000,789278.62
580,lrange5,1000000,1190514.38
581,lpush5,1000000,792393.06
581,lrange5,1000000,1213611.62
582,lpush5,1000000,795583.12
582,lrange5,1000000,1213689.38
583,lpush5,1000000,785571.06
583,lrange5,1000000,1256402.00
584,lpush5,1000000,798824.31
584,lrange5,1000000,1218163.25
585,lpush5,1000000,786794.62
585,lrange5,1000000,1219512.25
586,lpush5,1000000,799411.62
586,lrange5,1000000,1213592.25
587,lpush5,1000000,800089.62
587,lrange5,1000000,1210731.25
588,lpush5,1000000,793072.12
588,lrange5,1000000,1227209.88
589,lpush5,1000000,802593.88
589,lrange5,1000000,1154734.38
590,lpush5,1000000,803858.56
590,lrange5,1000000,1211099.25
591,lpush5,1000000,788072.44
591,lrange5,1000000,1189079.62
592,lpush5,1000000,795583.12
592,lrange5,1000000,1193451.12
593,lpush5,1000000,796267.50
593,lrange5,1000000,1215377.88
594,lpush5,1000000,761712.12
594,lrange5,1000000,1189231.88
595,lpush5,1000000,790589.75
595,lrange5,1000000,1180826.50
596,lpush5,1000000,796242.00
596,lrange5,1000000,1186239.62
597,lpush5,1000000,784992.12
597,lrange5,1000000,1197834.75
598,lpush5,1000000,792418.38
598,lrange5,1000000,1203562.00
599,lpush5,1000000,793727.00
599,lrange5,1000000,1190476.25
600,lpush5,1000000,786807.25
600,lrange5,1000000,1197624.00
601,lpush5,1000000,785017.25
601,lrange5,1000000,1164218.88
602,lpush5,1000000,797499.25
602,lrange5,1000000,1204838.62
603,lpush5,1000000,805153.00
603,lrange5,1000000,1194781.38
604,lpush5,1000000,793034.06
604,lrange5,1000000,1200480.12
605,lpush5,1000000,793224.38
605,lrange5,1000000,1204819.25
606,lpush5,1000000,793650.81
606,lrange5,1000000,1179396.25
607,lpush5,1000000,806451.62
607,lrange5,1000000,1213689.38
608,lpush5,1000000,805879.06
608,lrange5,1000000,1212160.00
609,lpush5,1000000,772213.12
609,lrange5,1000000,1196191.38
610,lpush5,1000000,788643.50
610,lrange5,1000000,1212121.25
611,lpush5,1000000,786213.88
611,lrange5,1000000,1197700.62
612,lpush5,1000000,793727.00
612,lrange5,1000000,1145695.25
613,lpush5,1000000,775832.44
613,lrange5,1000000,1196172.25
614,lpush5,1000000,798122.88
614,lrange5,1000000,1179396.25
615,lpush5,1000000,783198.12
615,lrange5,1000000,1203542.75
616,lpush5,1000000,804505.19
616,lrange5,1000000,1225588.25
617,lpush5,1000000,804569.56
617,lrange5,1000000,1204935.00
618,lpush5,1000000,803212.88
618,lrange5,1000000,1216622.88
619,lpush5,1000000,802606.69
619,lrange5,1000000,1196210.50
620,lpush5,1000000,801963.12
620,lrange5,1000000,1215455.62
621,lpush5,1000000,807767.31
621,lrange5,1000000,1196344.50
622,lpush5,1000000,787565.38
622,lrange5,1000000,1172539.25
623,lpush5,1000000,788656.12
623,lrange5,1000000,1212140.62
624,lpush5,1000000,777692.06
624,lrange5,1000000,1187762.50
625,lpush5,1000000,783110.44
625,lrange5,1000000,1196344.50
626,lpush5,1000000,801294.88
626,lrange5,1000000,1231566.50
627,lpush5,1000000,795544.94
627,lrange5,1000000,1215241.75
628,lpush5,1000000,794344.75
628,lrange5,1000000,1170997.75
629,lpush5,1000000,796863.75
629,lrange5,1000000,1197643.12
630,lpush5,1000000,790513.81
630,lrange5,1000000,1222493.88
631,lpush5,1000000,793663.50
631,lrange5,1000000,1219629.25
632,lpush5,1000000,789316.50
632,lrange5,1000000,1204838.62
633,lpush5,1000000,803961.44
633,lrange5,1000000,1180694.25
634,lpush5,1000000,780043.69
634,lrange5,1000000,1218085.25
635,lpush5,1000000,788148.12
635,lrange5,1000000,1213883.50
636,lpush5,1000000,793186.31
636,lrange5,1000000,1225686.25
637,lpush5,1000000,800679.00
637,lrange5,1000000,1215125.12
638,lpush5,1000000,797448.19
638,lrange5,1000000,1227209.88
639,lpush5,1000000,775795.19
639,lrange5,1000000,1193317.38
640,lpush5,1000000,786782.06
640,lrange5,1000000,1234627.12
641,lpush5,1000000,791177.19
641,lrange5,1000000,1221098.88
642,lpush5,1000000,798084.56
642,lrange5,1000000,1176734.12
643,lpush5,1000000,803302.81
643,lrange5,1000000,1206330.50
644,lpush5,1000000,794344.75
644,lrange5,1000000,1187724.50
645,lpush5,1000000,802632.38
645,lrange5,1000000,1212218.25
646,lpush5,1000000,809113.31
646,lrange5,1000000,1175313.75
647,lpush5,1000000,804518.06
647,lrange5,1000000,1212450.88
648,lpush5,1000000,798161.19
648,lrange5,1000000,1206369.12
649,lpush5,1000000,803212.88
649,lrange5,1000000,1207942.00
650,lpush5,1000000,795001.56
650,lrange5,1000000,1218026.88
651,lpush5,1000000,800640.56
651,lrange5,1000000,1196229.62
652,lpush5,1000000,787477.19
652,lrange5,1000000,1206542.88
653,lpush5,1000000,782597.81
653,lrange5,1000000,1212315.12
654,lpush5,1000000,777025.69
654,lrange5,1000000,1202038.38
655,lpush5,1000000,788719.25
655,lrange5,1000000,1227268.75
656,lpush5,1000000,795608.62
656,lrange5,1000000,1222552.50
657,lpush5,1000000,800000.00
657,lrange5,1000000,1216583.88
658,lpush5,1000000,787477.19
658,lrange5,1000000,1194838.75
659,lpush5,1000000,794281.19
659,lrange5,1000000,1210828.12
660,lpush5,1000000,799513.94
660,lrange5,1000000,1231724.12
661,lpush5,1000000,804530.94
661,lrange5,1000000,1223990.25
662,lpush5,1000000,798888.19
662,lrange5,1000000,1222611.25
663,lpush5,1000000,788668.75
663,lrange5,1000000,1227190.25
664,lpush5,1000000,805320.44
664,lrange5,1000000,1215086.25
665,lpush5,1000000,805827.50
665,lrange5,1000000,1161458.75
666,lpush5,1000000,780652.62
666,lrange5,1000000,1224166.50
667,lpush5,1000000,801333.31
667,lrange5,1000000,1180637.50
668,lpush5,1000000,800089.62
668,lrange5,1000000,1227150.88
669,lpush5,1000000,789291.25
669,lrange5,1000000,1205069.88
670,lpush5,1000000,798161.19
670,lrange5,1000000,1212140.62
671,lpush5,1000000,803289.94
671,lrange5,1000000,1196382.75
672,lpush5,1000000,794446.44
672,lrange5,1000000,1183545.50
673,lpush5,1000000,803212.88
673,lrange5,1000000,1212237.62
674,lpush5,1000000,801963.12
674,lrange5,1000000,1212140.62
675,lpush5,1000000,791164.50
675,lrange5,1000000,1192009.50
676,lpush5,1000000,793727.00
676,lrange5,1000000,1224009.88
677,lpush5,1000000,790526.50
677,lrange5,1000000,1210673.12
678,lpush5,1000000,793676.19
678,lrange5,1000000,1209363.88
679,lpush5,1000000,797473.69
679,lrange5,1000000,1206369.12
680,lpush5,1000000,802593.88
680,lrange5,1000000,1143058.25
681,lpush5,1000000,776472.06
681,lrange5,1000000,1207961.38
682,lpush5,1000000,793034.06
682,lrange5,1000000,1197815.62
683,lpush5,1000000,789316.50
683,lrange5,1000000,1199060.00
684,lpush5,1000000,802581.00
684,lrange5,1000000,1213650.50
685,lpush5,1000000,792418.38
685,lrange5,1000000,1213650.50
686,lpush5,1000000,788059.88
686,lrange5,1000000,1221001.25
687,lpush5,1000000,791879.62
687,lrange5,1000000,1202096.12
688,lpush5,1000000,800051.19
688,lrange5,1000000,1227013.50
689,lpush5,1000000,805230.31
689,lrange5,1000000,1215066.75
690,lpush5,1000000,799424.44
690,lrange5,1000000,1213592.25
691,lpush5,1000000,794912.56
691,lrange5,1000000,1194800.50
692,lpush5,1000000,799450.00
692,lrange5,1000000,1207942.00
693,lpush5,1000000,796838.25
693,lrange5,1000000,1206272.62
694,lpush5,1000000,799539.56
694,lrange5,1000000,1230012.25
695,lpush5,1000000,798722.06
695,lrange5,1000000,1136363.62
696,lpush5,1000000,774018.56
696,lrange5,1000000,1210789.38
697,lpush5,1000000,804569.56
697,lrange5,1000000,1221235.62
698,lpush5,1000000,796305.69
698,lrange5,1000000,1215144.62
699,lpush5,1000000,803302.81
699,lrange5,1000000,1193393.75
700,lpush5,1000000,793021.38
700,lrange5,1000000,1212160.00
701,lpush5,1000000,786933.12
701,lrange5,1000000,1233124.50
702,lpush5,1000000,796876.50
702,lrange5,1000000,1221235.62
703,lpush5,1000000,795570.44
703,lrange5,1000000,1209189.75
704,lpush5,1000000,801924.62
704,lrange5,1000000,1209596.12
705,lpush5,1000000,798097.38
705,lrange5,1000000,1203504.25
706,lpush5,1000000,800064.00
706,lrange5,1000000,1216583.88
707,lpush5,1000000,809742.50
707,lrange5,1000000,1218124.25
708,lpush5,1000000,796178.31
708,lrange5,1000000,1225549.00
709,lpush5,1000000,796178.31
709,lrange5,1000000,1200480.12
710,lpush5,1000000,779510.50
710,lrange5,1000000,1179434.00
711,lpush5,1000000,757062.81
711,lrange5,1000000,1219570.75
712,lpush5,1000000,782547.75
712,lrange5,1000000,1218026.88
713,lpush5,1000000,798837.06
713,lrange5,1000000,1204857.88
714,lpush5,1000000,799513.94
714,lrange5,1000000,1213592.25
715,lpush5,1000000,794370.19
715,lrange5,1000000,1221059.88
716,lpush5,1000000,802696.62
716,lrange5,1000000,1213650.50
717,lpush5,1000000,803341.38
717,lrange5,1000000,1221138.00
718,lpush5,1000000,789341.75
718,lrange5,1000000,1193317.38
719,lpush5,1000000,795001.56
719,lrange5,1000000,1179283.00
720,lpush5,1000000,799450.00
720,lrange5,1000000,1207787.38
721,lpush5,1000000,800051.19
721,lrange5,1000000,1201923.00
722,lpush5,1000000,800653.38
722,lrange5,1000000,1222650.38
723,lpush5,1000000,789952.56
723,lrange5,1000000,1230091.00
724,lpush5,1000000,796229.25
724,lrange5,1000000,1219648.75
725,lpush5,1000000,803922.88
725,lrange5,1000000,1201961.50
726,lpush5,1000000,774667.69
726,lrange5,1000000,1221059.88
727,lpush5,1000000,799450.00
727,lrange5,1000000,1197777.25
728,lpush5,1000000,796812.75
728,lrange5,1000000,1228501.25
729,lpush5,1000000,789990.50
729,lrange5,1000000,1213786.38
730,lpush5,1000000,790028.44
730,lrange5,1000000,1206349.88
731,lpush5,1000000,802001.62
731,lrange5,1000000,1229071.25
732,lpush5,1000000,800076.81
732,lrange5,1000000,1230110.62
733,lpush5,1000000,783185.62
733,lrange5,1000000,1221138.00
734,lpush5,1000000,796812.75
734,lrange5,1000000,1213650.50
735,lpush5,1000000,794950.69
735,lrange5,1000000,1222630.75
736,lpush5,1000000,796178.31
736,lrange5,1000000,1228520.88
737,lpush5,1000000,795646.81
737,lrange5,1000000,1197643.12
738,lpush5,1000000,801333.31
738,lrange5,1000000,1230169.75
739,lpush5,1000000,805917.75
739,lrange5,1000000,1209383.25
740,lpush5,1000000,803302.81
740,lrange5,1000000,1212121.25
741,lpush5,1000000,775894.50
741,lrange5,1000000,1212121.25
742,lpush5,1000000,800025.62
742,lrange5,1000000,1209189.75
743,lpush5,1000000,790015.75
743,lrange5,1000000,1210731.25
744,lpush5,1000000,806554.81
744,lrange5,1000000,1179301.88
745,lpush5,1000000,796267.50
745,lrange5,1000000,1194876.88
746,lpush5,1000000,800038.38
746,lrange5,1000000,1218124.25
747,lpush5,1000000,801384.62
747,lrange5,1000000,1210673.12
748,lpush5,1000000,796254.75
748,lrange5,1000000,1215086.25
749,lpush5,1000000,793866.69
749,lrange5,1000000,1203427.25
750,lpush5,1000000,800140.81
750,lrange5,1000000,1189098.62
751,lpush5,1000000,803212.88
751,lrange5,1000000,1222591.62
752,lpush5,1000000,795583.12
752,lrange5,1000000,1199117.50
753,lpush5,1000000,794281.19
753,lrange5,1000000,1207884.00
754,lpush5,1000000,787401.56
754,lrange5,1000000,1210925.00
755,lpush5,1000000,789303.88
755,lrange5,1000000,1213708.75
756,lpush5,1000000,778928.31
756,lrange5,1000000,1185061.62
757,lpush5,1000000,791778.31
757,lrange5,1000000,1207768.12
758,lpush5,1000000,798122.88
758,lrange5,1000000,1212160.00
759,lpush5,1000000,790551.81
759,lrange5,1000000,1206291.88
760,lpush5,1000000,800115.19
760,lrange5,1000000,1216583.88
761,lpush5,1000000,794357.44
761,lrange5,1000000,1210963.75
762,lpush5,1000000,801384.62
762,lrange5,1000000,1209422.00
763,lpush5,1000000,799437.25
763,lrange5,1000000,1193737.50
764,lpush5,1000000,794293.94
764,lrange5,1000000,1227249.12
765,lpush5,1000000,801346.12
765,lrange5,1000000,1209267.25
766,lpush5,1000000,792507.12
766,lrange5,1000000,1201961.50
767,lpush5,1000000,800089.62
767,lrange5,1000000,1200614.62
768,lpush5,1000000,801333.31
768,lrange5,1000000,1201980.75
769,lpush5,1000000,800679.00
769,lrange5,1000000,1206407.75
770,lpush5,1000000,793676.19
770,lrange5,1000000,1203542.75
771,lpush5,1000000,785042.38
771,lrange5,1000000,1210808.75
772,lpush5,1000000,798161.19
772,lrange5,1000000,1227150.88
773,lpush5,1000000,787477.19
773,lrange5,1000000,1209460.62
774,lpush5,1000000,797563.00
774,lrange5,1000000,1197739.00
775,lpush5,1000000,794925.25
775,lrange5,1000000,1213611.62
776,lpush5,1000000,799398.88
776,lrange5,1000000,1230012.25
777,lpush5,1000000,798849.88
777,lrange5,1000000,1215144.62
778,lpush5,1000000,796203.81
778,lrange5,1000000,1224088.12
779,lpush5,1000000,780827.44
779,lrange5,1000000,1160111.38
780,lpush5,1000000,801975.94
780,lrange5,1000000,1210653.75
781,lpush5,1000000,798785.94
781,lrange5,1000000,1222748.12
782,lpush5,1000000,805178.75
782,lrange5,1000000,1135092.00
783,lpush5,1000000,780702.56
783,lrange5,1000000,1207942.00
784,lpush5,1000000,794332.06
784,lrange5,1000000,1186486.38
785,lpush5,1000000,801950.31
785,lrange5,1000000,1175294.88
786,lpush5,1000000,800679.00
786,lrange5,1000000,1219648.75
787,lpush5,1000000,796825.50
787,lrange5,1000000,1183545.50
788,lpush5,1000000,809087.44
788,lrange5,1000000,1212257.00
789,lpush5,1000000,803277.12
789,lrange5,1000000,1176752.88
790,lpush5,1000000,804038.62
790,lrange5,1000000,1237801.88
791,lpush5,1000000,796254.75
791,lrange5,1000000,1216545.00
792,lpush5,1000000,808420.38
792,lrange5,1000000,1183469.75
793,lpush5,1000000,812386.69
793,lrange5,1000000,1210692.50
794,lpush5,1000000,794281.19
794,lrange5,1000000,1197604.88
795,lpush5,1000000,793688.88
795,lrange5,1000000,1199079.12
796,lpush5,1000000,798849.88
796,lrange5,1000000,1206272.62
797,lpush5,1000000,798097.38
797,lrange5,1000000,1190514.38
798,lpush5,1000000,789927.31
798,lrange5,1000000,1239177.25
799,lpush5,1000000,798773.19
799,lrange5,1000000,1216545.00
800,lpush5,1000000,802568.19
800,lrange5,1000000,1227033.12
801,lpush5,1000000,803897.12
801,lrange5,1000000,1225588.25
802,lpush5,1000000,789316.50
802,lrange5,1000000,1207903.38
803,lpush5,1000000,798760.38
803,lrange5,1000000,1203523.50
804,lpush5,1000000,794950.69
804,lrange5,1000000,1197662.25
805,lpush5,1000000,787477.19
805,lrange5,1000000,1224146.88
806,lpush5,1000000,790513.81
806,lrange5,1000000,1218026.88
807,lpush5,1000000,792507.12
807,lrange5,1000000,1230189.38
808,lpush5,1000000,794357.44
808,lrange5,1000000,1213631.12
809,lpush5,1000000,794281.19
809,lrange5,1000000,1197604.88
810,lpush5,1000000,801371.75
810,lrange5,1000000,1203754.50
811,lpush5,1000000,791841.62
811,lrange5,1000000,1221177.00
812,lpush5,1000000,766944.75
812,lrange5,1000000,1221431.00
813,lpush5,1000000,791177.19
813,lrange5,1000000,1202000.00
814,lpush5,1000000,793059.44
814,lrange5,1000000,1194838.75
815,lpush5,1000000,793663.50
815,lrange5,1000000,1216545.00
816,lpush5,1000000,794925.25
816,lrange5,1000000,900306.06
817,lpush5,1000000,801333.31
817,lrange5,1000000,1207942.00
818,lpush5,1000000,800666.19
818,lrange5,1000000,1228560.12
819,lpush5,1000000,793777.81
819,lrange5,1000000,1207729.50
820,lpush5,1000000,794925.25
820,lrange5,1000000,1209286.50
821,lpush5,1000000,794344.75
821,lrange5,1000000,1203369.50
822,lpush5,1000000,801975.94
822,lrange5,1000000,1226993.88
823,lpush5,1000000,805904.88
823,lrange5,1000000,1218065.75
824,lpush5,1000000,798734.81
824,lrange5,1000000,1183545.50
825,lpush5,1000000,796902.00
825,lrange5,1000000,1224068.62
826,lpush5,1000000,791139.19
826,lrange5,1000000,1179245.25
827,lpush5,1000000,783123.00
827,lrange5,1000000,1185080.62
828,lpush5,1000000,791892.31
828,lrange5,1000000,1200576.25
829,lpush5,1000000,802593.88
829,lrange5,1000000,1173708.88
830,lpush5,1000000,809820.25
830,lrange5,1000000,1199175.12
831,lpush5,1000000,796812.75
831,lrange5,1000000,1210905.62
832,lpush5,1000000,793072.12
832,lrange5,1000000,1215319.50
833,lpush5,1000000,795570.44
833,lrange5,1000000,1193489.25
834,lpush5,1000000,793688.88
834,lrange5,1000000,1206349.88
835,lpush5,1000000,789889.38
835,lrange5,1000000,1215222.38
836,lpush5,1000000,805866.19
836,lrange5,1000000,1199136.75
837,lpush5,1000000,798148.44
837,lrange5,1000000,1222689.50
838,lpush5,1000000,803871.44
838,lrange5,1000000,1204915.62
839,lpush5,1000000,795608.62
839,lrange5,1000000,1203465.75
840,lpush5,1000000,787401.56
840,lrange5,1000000,1204973.50
841,lpush5,1000000,795621.31
841,lrange5,1000000,1213805.88
842,lpush5,1000000,791215.12
842,lrange5,1000000,1152202.75
843,lpush5,1000000,802581.00
843,lrange5,1000000,1206523.50
844,lpush5,1000000,795570.44
844,lrange5,1000000,1193355.62
845,lpush5,1000000,794988.88
845,lrange5,1000000,1203427.25
846,lpush5,1000000,792469.12
846,lrange5,1000000,1176508.25
847,lpush5,1000000,803948.56
847,lrange5,1000000,1219609.75
848,lpush5,1000000,794950.69
848,lrange5,1000000,1179301.88
849,lpush5,1000000,805243.19
849,lrange5,1000000,1206581.38
850,lpush5,1000000,799411.62
850,lrange5,1000000,1212160.00
851,lpush5,1000000,795001.56
851,lrange5,1000000,1203542.75
852,lpush5,1000000,793135.56
852,lrange5,1000000,1203388.75
853,lpush5,1000000,797575.81
853,lrange5,1000000,1228540.50
854,lpush5,1000000,795595.88
854,lrange5,1000000,1203523.50
855,lpush5,1000000,788757.06
855,lrange5,1000000,1180675.38
856,lpush5,1000000,801333.31
856,lrange5,1000000,1218182.75
857,lpush5,1000000,796242.00
857,lrange5,1000000,1215183.50
858,lpush5,1000000,800640.56
858,lrange5,1000000,1190476.25
859,lpush5,1000000,796812.75
859,lrange5,1000000,1177856.38
860,lpush5,1000000,793688.88
860,lrange5,1000000,1213650.50
861,lpush5,1000000,787439.38
861,lrange5,1000000,1218182.75
862,lpush5,1000000,793663.50
862,lrange5,1000000,1190723.88
863,lpush5,1000000,786782.06
863,lrange5,1000000,1184985.75
864,lpush5,1000000,782547.75
864,lrange5,1000000,1194857.75
865,lpush5,1000000,792393.06
865,lrange5,1000000,1183450.88
866,lpush5,1000000,785558.50
866,lrange5,1000000,1202096.12
867,lpush5,1000000,792443.75
867,lrange5,1000000,1199482.00
868,lpush5,1000000,789278.62
868,lrange5,1000000,1179264.12
869,lpush5,1000000,793059.44
869,lrange5,1000000,1210808.75
870,lpush5,1000000,804672.56
870,lrange5,1000000,1222650.38
871,lpush5,1000000,801320.50
871,lrange5,1000000,1221196.62
872,lpush5,1000000,793059.44
872,lrange5,1000000,1202288.38
873,lpush5,1000000,792443.75
873,lrange5,1000000,1224244.88
874,lpush5,1000000,793688.88
874,lrange5,1000000,1207729.50
875,lpush5,1000000,796267.50
875,lrange5,1000000,1200749.12
876,lpush5,1000000,789392.31
876,lrange5,1000000,1218124.25
877,lpush5,1000000,790589.75
877,lrange5,1000000,1207729.50
878,lpush5,1000000,791778.31
878,lrange5,1000000,1197700.62
879,lpush5,1000000,794976.12
879,lrange5,1000000,1221079.38
880,lpush5,1000000,805917.75
880,lrange5,1000000,1203485.00
881,lpush5,1000000,796812.75
881,lrange5,1000000,1215300.12
882,lpush5,1000000,795570.44
882,lrange5,1000000,1206311.25
883,lpush5,1000000,794370.19
883,lrange5,1000000,1191971.38
884,lpush5,1000000,794357.44
884,lrange5,1000000,1200749.12
885,lpush5,1000000,801294.88
885,lrange5,1000000,1206272.62
886,lpush5,1000000,800153.62
886,lrange5,1000000,1228560.12
887,lpush5,1000000,809139.19
887,lrange5,1000000,1225627.50
888,lpush5,1000000,795595.88
888,lrange5,1000000,1191990.50
889,lpush5,1000000,801963.12
889,lrange5,1000000,1231684.75
890,lpush5,1000000,792405.75
890,lrange5,1000000,1207729.50
891,lpush5,1000000,789266.00
891,lrange5,1000000,1216642.25
892,lpush5,1000000,795544.94
892,lrange5,1000000,1227170.50
893,lpush5,1000000,791765.62
893,lrange5,1000000,1215066.75
894,lpush5,1000000,796812.75
894,lrange5,1000000,1236291.75
895,lpush5,1000000,801937.44
895,lrange5,1000000,1225705.88
896,lpush5,1000000,802568.19
896,lrange5,1000000,1196382.75
897,lpush5,1000000,796851.00
897,lrange5,1000000,1225705.88
898,lpush5,1000000,784326.31
898,lrange5,1000000,1210731.25
899,lpush5,1000000,793676.19
899,lrange5,1000000,1151079.38
900,lpush5,1000000,797588.56
900,lrange5,1000000,1222591.62
901,lpush5,1000000,801320.50
901,lrange5,1000000,1189250.88
902,lpush5,1000000,805153.00
902,lrange5,1000000,1227249.12
903,lpush5,1000000,803212.88
903,lrange5,1000000,1213747.62
904,lpush5,1000000,802747.94
904,lrange5,1000000,1227150.88
905,lpush5,1000000,796280.25
905,lrange5,1000000,1203716.00
906,lpush5,1000000,794408.31
906,lrange5,1000000,1203504.25
907,lpush5,1000000,793777.81
907,lrange5,1000000,1216778.50
908,lpush5,1000000,788643.50
908,lrange5,1000000,1207748.75
909,lpush5,1000000,785558.50
909,lrange5,1000000,1196229.62
910,lpush5,1000000,793021.38
910,lrange5,1000000,1215125.12
911,lpush5,1000000,807754.44
911,lrange5,1000000,1221177.00
912,lpush5,1000000,786239.00
912,lrange5,1000000,1190876.25
913,lpush5,1000000,794988.88
913,lrange5,1000000,1180732.00
914,lpush5,1000000,796940.25
914,lrange5,1000000,1203562.00
915,lpush5,1000000,791139.19
915,lrange5,1000000,1216545.00
916,lpush5,1000000,783724.12
916,lrange5,1000000,1221255.12
917,lpush5,1000000,800012.81
917,lrange5,1000000,1183545.50
918,lpush5,1000000,792469.12
918,lrange5,1000000,1197624.00
919,lpush5,1000000,801294.88
919,lrange5,1000000,1210828.12
920,lpush5,1000000,794938.00
920,lrange5,1000000,1207729.50
921,lpush5,1000000,797473.69
921,lrange5,1000000,1213689.38
922,lpush5,1000000,783160.56
922,lrange5,1000000,1196172.25
923,lpush5,1000000,809729.56
923,lrange5,1000000,1215164.00
924,lpush5,1000000,800000.00
924,lrange5,1000000,1203562.00
925,lpush5,1000000,796305.69
925,lrange5,1000000,1200653.00
926,lpush5,1000000,800051.19
926,lrange5,1000000,1215202.88
927,lpush5,1000000,776484.50
927,lrange5,1000000,1216661.75
928,lpush5,1000000,794925.25
928,lrange5,1000000,1231625.62
929,lpush5,1000000,794370.19
929,lrange5,1000000,1224107.75
930,lpush5,1000000,796825.50
930,lrange5,1000000,1206349.88
931,lpush5,1000000,797588.56
931,lrange5,1000000,1194762.25
932,lpush5,1000000,796318.44
932,lrange5,1000000,1215241.75
933,lpush5,1000000,802709.44
933,lrange5,1000000,1205012.12
934,lpush5,1000000,800704.56
934,lrange5,1000000,1186277.62
935,lpush5,1000000,802632.38
935,lrange5,1000000,1209247.88
936,lpush5,1000000,797563.00
936,lrange5,1000000,1171147.62
937,lpush5,1000000,788731.88
937,lrange5,1000000,1228540.50
938,lpush5,1000000,788731.88
938,lrange5,1000000,1227072.38
939,lpush5,1000000,798849.88
939,lrange5,1000000,1224225.25
940,lpush5,1000000,805268.94
940,lrange5,1000000,1225705.88
941,lpush5,1000000,801397.44
941,lrange5,1000000,1221098.88
942,lpush5,1000000,793663.50
942,lrange5,1000000,1223990.25
943,lpush5,1000000,791879.62
943,lrange5,1000000,1221079.38
944,lpush5,1000000,796254.75
944,lrange5,1000000,1203523.50
945,lpush5,1000000,807115.44
945,lrange5,1000000,1206272.62
946,lpush5,1000000,788643.50
946,lrange5,1000000,1221040.25
947,lpush5,1000000,803251.38
947,lrange5,1000000,1201980.75
948,lpush5,1000000,793072.12
948,lrange5,1000000,1202307.62
949,lpush5,1000000,800000.00
949,lrange5,1000000,1203427.25
950,lpush5,1000000,786832.38
950,lrange5,1000000,1224225.25
951,lpush5,1000000,787414.19
951,lrange5,1000000,1222552.50
952,lpush5,1000000,799373.25
952,lrange5,1000000,1192143.00
953,lpush5,1000000,793727.00
953,lrange5,1000000,1203658.25
954,lpush5,1000000,800653.38
954,lrange5,1000000,1213728.12
955,lpush5,1000000,801307.69
955,lrange5,1000000,1222533.00
956,lpush5,1000000,799475.56
956,lrange5,1000000,1227092.00
957,lpush5,1000000,798110.12
957,lrange5,1000000,1196229.62
958,lpush5,1000000,788706.62
958,lrange5,1000000,1233262.62
959,lpush5,1000000,801333.31
959,lrange5,1000000,1206311.25
960,lpush5,1000000,790589.75
960,lrange5,1000000,1167029.12
961,lpush5,1000000,790551.81
961,lrange5,1000000,1204838.62
962,lpush5,1000000,795570.44
962,lrange5,1000000,1203581.25
963,lpush5,1000000,796267.50
963,lrange5,1000000,1209228.50
964,lpush5,1000000,801950.31
964,lrange5,1000000,1215066.75
965,lpush5,1000000,801294.88
965,lrange5,1000000,1210828.12
966,lpush5,1000000,788034.62
966,lrange5,1000000,1207768.12
967,lpush5,1000000,793663.50
967,lrange5,1000000,1210673.12
968,lpush5,1000000,787414.19
968,lrange5,1000000,1199136.75
969,lpush5,1000000,789889.38
969,lrange5,1000000,1165631.75
970,lpush5,1000000,790653.00
970,lrange5,1000000,1207864.75
971,lpush5,1000000,797448.19
971,lrange5,1000000,1202038.38
972,lpush5,1000000,802001.62
972,lrange5,1000000,1205185.62
973,lpush5,1000000,790564.44
973,lrange5,1000000,1215086.25
974,lpush5,1000000,784363.94
974,lrange5,1000000,1215222.38
975,lpush5,1000000,794963.44
975,lrange5,1000000,1132575.25
976,lpush5,1000000,803277.12
976,lrange5,1000000,1193374.75
977,lpush5,1000000,782547.75
977,lrange5,1000000,1218046.38
978,lpush5,1000000,795544.94
978,lrange5,1000000,1222709.00
979,lpush5,1000000,789379.69
979,lrange5,1000000,1210828.12
980,lpush5,1000000,802593.88
980,lrange5,1000000,1209209.12
981,lpush5,1000000,794370.19
981,lrange5,1000000,1218124.25
982,lpush5,1000000,801358.94
982,lrange5,1000000,1205301.25
983,lpush5,1000000,798888.19
983,lrange5,1000000,1203408.00
984,lpush5,1000000,795570.44
984,lrange5,1000000,1206311.25
985,lpush5,1000000,792431.06
985,lrange5,1000000,1219512.25
986,lpush5,1000000,791778.31
986,lrange5,1000000,1209189.75
987,lpush5,1000000,785017.25
987,lrange5,1000000,1203523.50
988,lpush5,1000000,800717.38
988,lrange5,1000000,1186258.62
989,lpush5,1000000,803251.38
989,lrange5,1000000,1207729.50
990,lpush5,1000000,796927.50
990,lrange5,1000000,1196172.25
991,lpush5,1000000,780652.62
991,lrange5,1000000,1218182.75
992,lpush5,1000000,798734.81
992,lrange5,1000000,1203388.75
993,lpush5,1000000,799475.56
993,lrange5,1000000,1224205.62
994,lpush5,1000000,800755.81
994,lrange5,1000000,1204973.50
995,lpush5,1000000,804569.56
995,lrange5,1000000,1187705.50
996,lpush5,1000000,799501.19
996,lrange5,1000000,1197796.50
997,lpush5,1000000,795039.75
997,lrange5,1000000,1208135.25
998,lpush5,1000000,798148.44
998,lrange5,1000000,1216642.25
999,lpush5,1000000,797460.94
999,lrange5,1000000,1215319.50
1000,lpush5,1000000,796863.75
1000,lrange5,1000000,1234646.88
1001,lpush5,1000000,796812.75
1001,lrange5,1000000,1213631.12
1002,lpush5,1000000,771642.00
1002,lrange5,1000000,1202057.62
1003,lpush5,1000000,798148.44
1003,lrange5,1000000,1190476.25
1004,lpush5,1000000,793650.81
1004,lrange5,1000000,1206311.25
1005,lpush5,1000000,789316.50
1005,lrange5,1000000,1194857.75
1006,lpush5,1000000,784376.50
1006,lrange5,1000000,1236390.62
1007,lpush5,1000000,800153.62
1007,lrange5,1000000,1187800.50
1008,lpush5,1000000,786188.69
1008,lrange5,1000000,1239216.88
1009,lpush5,1000000,778309.75
1009,lrange5,1000000,1212121.25
1010,lpush5,1000000,800128.00
1010,lrange5,1000000,1219512.25
1011,lpush5,1000000,800038.38
1011,lrange5,1000000,1224107.75
1012,lpush5,1000000,797537.50
1012,lrange5,1000000,1219648.75
1013,lpush5,1000000,810385.75
1013,lrange5,1000000,1191895.12
1014,lpush5,1000000,795570.44
1014,lrange5,1000000,1209286.50
1015,lpush5,1000000,809833.19
1015,lrange5,1000000,1207826.12
1016,lpush5,1000000,797448.19
1016,lrange5,1000000,1215183.50
1017,lpush5,1000000,784313.75
1017,lrange5,1000000,1193584.75
1018,lpush5,1000000,791316.44
1018,lrange5,1000000,1199155.88
1019,lpush5,1000000,780802.50
1019,lrange5,1000000,1203369.50
1020,lpush5,1000000,794963.44
1020,lrange5,1000000,1191933.25
1021,lpush5,1000000,796889.25
1021,lrange5,1000000,1212121.25
1022,lpush5,1000000,788135.50
1022,lrange5,1000000,1207787.38
1023,lpush5,1000000,798110.12
1023,lrange5,1000000,1216564.38
1024,lpush5,1000000,800768.62
1024,lrange5,1000000,1194876.88
1025,lpush5,1000000,796318.44
1025,lrange5,1000000,1196325.38
1026,lpush5,1000000,783135.50
1026,lrange5,1000000,1208038.62
1027,lpush5,1000000,791202.50
1027,lrange5,1000000,1221196.62
1028,lpush5,1000000,787401.56
1028,lrange5,1000000,1210866.88
1029,lpush5,1000000,798199.50
1029,lrange5,1000000,1215086.25
1030,lpush5,1000000,795595.88
1030,lrange5,1000000,1219551.25
1031,lpush5,1000000,796191.06
1031,lrange5,1000000,1206369.12
1032,lpush5,1000000,771604.94
1032,lrange5,1000000,1207884.00
1033,lpush5,1000000,782572.75
1033,lrange5,1000000,1199060.00
1034,lpush5,1000000,794281.19
1034,lrange5,1000000,1193317.38
1035,lpush5,1000000,803922.88
1035,lrange5,1000000,1148271.00
1036,lpush5,1000000,795621.31
1036,lrange5,1000000,1216583.88
1037,lpush5,1000000,811792.19
1037,lrange5,1000000,1222493.88
1038,lpush5,1000000,796812.75
1038,lrange5,1000000,1213650.50
1039,lpush5,1000000,798097.38
1039,lrange5,1000000,1184872.12
1040,lpush5,1000000,797537.50
1040,lrange5,1000000,1207903.38
1041,lpush5,1000000,805917.75
1041,lrange5,1000000,1207864.75
1042,lpush5,1000000,795646.81
1042,lrange5,1000000,1185061.62
1043,lpush5,1000000,795014.31
1043,lrange5,1000000,1184928.88
1044,lpush5,1000000,791765.62
1044,lrange5,1000000,1193508.38
1045,lpush5,1000000,784389.06
1045,lrange5,1000000,1207980.62
1046,lpush5,1000000,786807.25
1046,lrange5,1000000,1209441.38
1047,lpush5,1000000,781325.00
1047,lrange5,1000000,1203427.25
1048,lpush5,1000000,778853.56
1048,lrange5,1000000,1204819.25
1049,lpush5,1000000,788694.00
1049,lrange5,1000000,1221059.88
1050,lpush5,1000000,801937.44
1050,lrange5,1000000,1222630.75
1051,lpush5,1000000,805281.81
1051,lrange5,1000000,1210653.75
1052,lpush5,1000000,801397.44
1052,lrange5,1000000,1207864.75
1053,lpush5,1000000,797486.50
1053,lrange5,1000000,1216700.75
1054,lpush5,1000000,796825.50
1054,lrange5,1000000,1210866.88
1055,lpush5,1000000,796191.06
1055,lrange5,1000000,1207845.38
1056,lpush5,1000000,792557.88
1056,lrange5,1000000,1216681.25
1057,lpush5,1000000,793701.56
1057,lrange5,1000000,1196229.62
1058,lpush5,1000000,789977.88
1058,lrange5,1000000,1206407.75
1059,lpush5,1000000,786857.56
1059,lrange5,1000000,1206407.75
1060,lpush5,1000000,796914.75
1060,lrange5,1000000,1227033.12
1061,lpush5,1000000,800640.56
1061,lrange5,1000000,1213611.62
1062,lpush5,1000000,788085.06
1062,lrange5,1000000,1222493.88
1063,lpush5,1000000,795595.88
1063,lrange5,1000000,1222728.62
1064,lpush5,1000000,796178.31
1064,lrange5,1000000,1194819.62
1065,lpush5,1000000,801333.31
1065,lrange5,1000000,1215144.62
1066,lpush5,1000000,802670.94
1066,lrange5,1000000,1207768.12
1067,lpush5,1000000,803212.88
1067,lrange5,1000000,1213786.38
1068,lpush5,1000000,803858.56
1068,lrange5,1000000,1196267.88
1069,lpush5,1000000,791765.62
1069,lrange5,1000000,1199309.38
1070,lpush5,1000000,791816.31
1070,lrange5,1000000,1177912.88
1071,lpush5,1000000,797588.56
1071,lrange5,1000000,1231724.12
1072,lpush5,1000000,788643.50
1072,lrange5,1000000,1218280.12
1073,lpush5,1000000,794281.19
1073,lrange5,1000000,1221040.25
1074,lpush5,1000000,794938.00
1074,lrange5,1000000,1200710.62
1075,lpush5,1000000,794281.19
1075,lrange5,1000000,1239256.50
1076,lpush5,1000000,786276.75
1076,lrange5,1000000,1224186.12
1077,lpush5,1000000,802645.25
1077,lrange5,1000000,1228520.88
1078,lpush5,1000000,795570.44
1078,lrange5,1000000,1185175.38
1079,lpush5,1000000,804685.44
1079,lrange5,1000000,1215261.25
1080,lpush5,1000000,776397.50
1080,lrange5,1000000,1191933.25
1081,lpush5,1000000,784363.94
1081,lrange5,1000000,1199079.12
1082,lpush5,1000000,794382.88
1082,lrange5,1000000,1200518.62
1083,lpush5,1000000,800000.00
1083,lrange5,1000000,1182127.62
1084,lpush5,1000000,800000.00
1084,lrange5,1000000,1204838.62
1085,lpush5,1000000,802040.12
1085,lrange5,1000000,1161495.88
1086,lpush5,1000000,801371.75
1086,lrange5,1000000,1216622.88
1087,lpush5,1000000,807767.31
1087,lrange5,1000000,1168392.50
1088,lpush5,1000000,789354.38
1088,lrange5,1000000,1213592.25
1089,lpush5,1000000,793650.81
1089,lrange5,1000000,1221001.25
1090,lpush5,1000000,790653.00
1090,lrange5,1000000,1197700.62
1091,lpush5,1000000,769933.75
1091,lrange5,1000000,1219531.75
1092,lpush5,1000000,785067.50
1092,lrange5,1000000,1190571.50
1093,lpush5,1000000,797537.50
1093,lrange5,1000000,1206369.12
1094,lpush5,1000000,800755.81
1094,lrange5,1000000,1222513.38
1095,lpush5,1000000,792418.38
1095,lrange5,1000000,1210789.38
1096,lpush5,1000000,796242.00
1096,lrange5,1000000,1218280.12
1097,lpush5,1000000,794925.25
1097,lrange5,1000000,1194857.75
1098,lpush5,1000000,793034.06
1098,lrange5,1000000,1225529.38
1099,lpush5,1000000,782510.19
1099,lrange5,1000000,1002196.38
1100,lpush5,1000000,809126.25
1100,lrange5,1000000,1228599.50
1101,lpush5,1000000,806554.81
1101,lrange5,1000000,1210905.62
1102,lpush5,1000000,790539.12
1102,lrange5,1000000,1187648.50
1103,lpush5,1000000,798722.06
1103,lrange5,1000000,1221138.00
1104,lpush5,1000000,803238.56
1104,lrange5,1000000,1193412.88
1105,lpush5,1000000,797512.00
1105,lrange5,1000000,1216564.38
1106,lpush5,1000000,802014.44
1106,lrange5,1000000,1193393.75
1107,lpush5,1000000,806503.25
1107,lrange5,1000000,1216603.38
1108,lpush5,1000000,802632.38
1108,lrange5,1000000,1224166.50
1109,lpush5,1000000,794281.19
1109,lrange5,1000000,1202057.62
1110,lpush5,1000000,802568.19
1110,lrange5,1000000,1222493.88
1111,lpush5,1000000,811805.19
1111,lrange5,1000000,1203523.50
1112,lpush5,1000000,794925.25
1112,lrange5,1000000,1179434.00
1113,lpush5,1000000,788072.44
1113,lrange5,1000000,1184834.12
1114,lpush5,1000000,795608.62
1114,lrange5,1000000,1190628.62
1115,lpush5,1000000,804556.69
1115,lrange5,1000000,1206349.88
1116,lpush5,1000000,781250.00
1116,lrange5,1000000,1201942.25
1117,lpush5,1000000,794344.75
1117,lrange5,1000000,1212160.00
1118,lpush5,1000000,798722.06
1118,lrange5,1000000,1190533.38
1119,lpush5,1000000,786832.38
1119,lrange5,1000000,1197815.62
1120,lpush5,1000000,795595.88
1120,lrange5,1000000,1165650.38
1121,lpush5,1000000,798135.69
1121,lrange5,1000000,1206311.25
1122,lpush5,1000000,805840.44
1122,lrange5,1000000,1222806.88
1123,lpush5,1000000,794912.56
1123,lrange5,1000000,1204857.88
1124,lpush5,1000000,805165.88
1124,lrange5,1000000,1222611.25
1125,lpush5,1000000,798174.00
1125,lrange5,1000000,1209267.25
1126,lpush5,1000000,797512.00
1126,lrange5,1000000,1207884.00
1127,lpush5,1000000,803212.88
1127,lrange5,1000000,1213844.62
1128,lpush5,1000000,800025.62
1128,lrange5,1000000,1182165.50
1129,lpush5,1000000,784351.38
1129,lrange5,1000000,1210711.88
1130,lpush5,1000000,796812.75
1130,lrange5,1000000,1221001.25
1131,lpush5,1000000,790513.81
1131,lrange5,1000000,1228697.75
1132,lpush5,1000000,788656.12
1132,lrange5,1000000,1210711.88
1133,lpush5,1000000,797448.19
1133,lrange5,1000000,1212450.88
1134,lpush5,1000000,799424.44
1134,lrange5,1000000,1212179.38
1135,lpush5,1000000,795027.00
1135,lrange5,1000000,1175389.00
1136,lpush5,1000000,803277.12
1136,lrange5,1000000,1197604.88
1137,lpush5,1000000,794976.12
1137,lrange5,1000000,1196210.50
1138,lpush5,1000000,784401.56
1138,lrange5,1000000,1189269.88
1139,lpush5,1000000,806516.12
1139,lrange5,1000000,1216545.00
1140,lpush5,1000000,791867.00
1140,lrange5,1000000,1201942.25
1141,lpush5,1000000,796876.50
1141,lrange5,1000000,1202192.25
1142,lpush5,1000000,800000.00
1142,lrange5,1000000,1218046.38
1143,lpush5,1000000,793803.19
1143,lrange5,1000000,1207729.50
1144,lpush5,1000000,786188.69
1144,lrange5,1000000,1200614.62
1145,lpush5,1000000,785583.69
1145,lrange5,1000000,1197662.25
1146,lpush5,1000000,795583.12
1146,lrange5,1000000,1212121.25
1147,lpush5,1000000,805840.44
1147,lrange5,1000000,1193374.75
1148,lpush5,1000000,798237.81
1148,lrange5,1000000,1224049.00
1149,lpush5,1000000,794344.75
1149,lrange5,1000000,1215164.00
1150,lpush5,1000000,796254.75
1150,lrange5,1000000,1212295.75
1151,lpush5,1000000,800089.62
1151,lrange5,1000000,1216622.88
1152,lpush5,1000000,795039.75
1152,lrange5,1000000,1202019.25
1153,lpush5,1000000,799501.19
1153,lrange5,1000000,1230071.25
1154,lpush5,1000000,796914.75
1154,lrange5,1000000,1219590.25
1155,lpush5,1000000,799437.25
1155,lrange5,1000000,1228579.88
1156,lpush5,1000000,811714.31
1156,lrange5,1000000,1230051.62
1157,lpush5,1000000,797767.19
1157,lrange5,1000000,1202230.75
1158,lpush5,1000000,793021.38
1158,lrange5,1000000,1207806.75
1159,lpush5,1000000,803884.25
1159,lrange5,1000000,1207748.75
1160,lpush5,1000000,798773.19
1160,lrange5,1000000,1233183.75
1161,lpush5,1000000,784941.88
1161,lrange5,1000000,1206407.75
1162,lpush5,1000000,800666.19
1162,lrange5,1000000,1197815.62
1163,lpush5,1000000,788643.50
1163,lrange5,1000000,1230130.38
1164,lpush5,1000000,797448.19
1164,lrange5,1000000,1210673.12
1165,lpush5,1000000,805853.31
1165,lrange5,1000000,1194857.75
1166,lpush5,1000000,786845.00
1166,lrange5,1000000,1187762.50
1167,lpush5,1000000,803328.50
1167,lrange5,1000000,1222513.38
1168,lpush5,1000000,795634.06
1168,lrange5,1000000,1233203.50
1169,lpush5,1000000,789278.62
1169,lrange5,1000000,1228697.75
1170,lpush5,1000000,790003.12
1170,lrange5,1000000,1201923.00
1171,lpush5,1000000,810424.69
1171,lrange5,1000000,1219551.25
1172,lpush5,1000000,794281.19
1172,lrange5,1000000,1230189.38
1173,lpush5,1000000,794950.69
1173,lrange5,1000000,1230110.62
1174,lpush5,1000000,796280.25
1174,lrange5,1000000,1227111.62
1175,lpush5,1000000,798135.69
1175,lrange5,1000000,1207729.50
1176,lpush5,1000000,789354.38
1176,lrange5,1000000,1204935.00
1177,lpush5,1000000,772324.38
1177,lrange5,1000000,1172351.75
1178,lpush5,1000000,788047.25
1178,lrange5,1000000,1205069.88
1179,lpush5,1000000,789952.56
1179,lrange5,1000000,1222591.62
1180,lpush5,1000000,790003.12
1180,lrange5,1000000,1203388.75
1181,lpush5,1000000,798135.69
1181,lrange5,1000000,1202038.38
1182,lpush5,1000000,788681.38
1182,lrange5,1000000,1189155.75
1183,lpush5,1000000,796838.25
1183,lrange5,1000000,1199136.75
1184,lpush5,1000000,804505.19
1184,lrange5,1000000,1194896.00
1185,lpush5,1000000,800653.38
1185,lrange5,1000000,1209383.25
1186,lpush5,1000000,787527.56
1186,lrange5,1000000,1183526.62
1187,lpush5,1000000,789889.38
1187,lrange5,1000000,1225686.25
1188,lpush5,1000000,804582.44
1188,lrange5,1000000,1203523.50
1189,lpush5,1000000,808640.25
1189,lrange5,1000000,1213747.62
1190,lpush5,1000000,802052.94
1190,lrange5,1000000,1206484.88
1191,lpush5,1000000,804505.19
1191,lrange5,1000000,1149462.12
1192,lpush5,1000000,791765.62
1192,lrange5,1000000,1225568.62
1193,lpush5,1000000,795544.94
1193,lrange5,1000000,1228501.25
1194,lpush5,1000000,798837.06
1194,lrange5,1000000,1230091.00
1195,lpush5,1000000,802581.00
1195,lrange5,1000000,1225921.62
1196,lpush5,1000000,791177.19
1196,lrange5,1000000,1222533.00
1197,lpush5,1000000,795697.69
1197,lrange5,1000000,1230287.75
1198,lpush5,1000000,798084.56
1198,lrange5,1000000,1183583.38
1199,lpush5,1000000,803289.94
1199,lrange5,1000000,1215066.75
1200,lpush5,1000000,798212.25
1200,lrange5,1000000,1224127.38
1201,lpush5,1000000,791854.31
1201,lrange5,1000000,1225627.50
1202,lpush5,1000000,797524.75
1202,lrange5,1000000,1197662.25
1203,lpush5,1000000,807270.38
1203,lrange5,1000000,1200537.75
1204,lpush5,1000000,800051.19
1204,lrange5,1000000,1197604.88
1205,lpush5,1000000,803277.12
1205,lrange5,1000000,1224088.12
1206,lpush5,1000000,794319.31
1206,lrange5,1000000,1209441.38
1207,lpush5,1000000,791278.44
1207,lrange5,1000000,1186505.38
1208,lpush5,1000000,799539.56
1208,lrange5,1000000,1185004.75
1209,lpush5,1000000,782535.19
1209,lrange5,1000000,1202057.62
1210,lpush5,1000000,796863.75
1210,lrange5,1000000,1210905.62
1211,lpush5,1000000,788022.06
1211,lrange5,1000000,1212179.38
1212,lpush5,1000000,792431.06
1212,lrange5,1000000,1221001.25
1213,lpush5,1000000,801975.94
1213,lrange5,1000000,1206330.50
1214,lpush5,1000000,788072.44
1214,lrange5,1000000,1236093.88
1215,lpush5,1000000,798097.38
1215,lrange5,1000000,1210731.25
1216,lpush5,1000000,807754.44
1216,lrange5,1000000,1186296.62
1217,lpush5,1000000,801371.75
1217,lrange5,1000000,1199194.25
1218,lpush5,1000000,789278.62
1218,lrange5,1000000,1215066.75
1219,lpush5,1000000,796914.75
1219,lrange5,1000000,1233203.50
1220,lpush5,1000000,798084.56
1220,lrange5,1000000,1223990.25
1221,lpush5,1000000,782485.12
1221,lrange5,1000000,1179301.88
1222,lpush5,1000000,796914.75
1222,lrange5,1000000,1193336.50
1223,lpush5,1000000,798785.94
1223,lrange5,1000000,1203369.50
1224,lpush5,1000000,795014.31
1224,lrange5,1000000,1216642.25
1225,lpush5,1000000,788110.31
1225,lrange5,1000000,1203562.00
1226,lpush5,1000000,796178.31
1226,lrange5,1000000,1174009.38
1227,lpush5,1000000,793084.81
1227,lrange5,1000000,1200537.75
1228,lpush5,1000000,794306.62
1228,lrange5,1000000,1195010.75
1229,lpush5,1000000,794281.19
1229,lrange5,1000000,1209344.62
1230,lpush5,1000000,795659.50
1230,lrange5,1000000,1221138.00
1231,lpush5,1000000,801988.81
1231,lrange5,1000000,1228619.12
1232,lpush5,1000000,805840.44
1232,lrange5,1000000,1224029.38
1233,lpush5,1000000,797448.19
1233,lrange5,1000000,1237980.12
1234,lpush5,1000000,796280.25
1234,lrange5,1000000,1210847.50
1235,lpush5,1000000,809716.56
1235,lrange5,1000000,1222650.38
1236,lpush5,1000000,806632.25
1236,lrange5,1000000,1212121.25
1237,lpush5,1000000,798734.81
1237,lrange5,1000000,1224068.62
1238,lpush5,1000000,795544.94
1238,lrange5,1000000,1227209.88
1239,lpush5,1000000,796216.56
1239,lrange5,1000000,1193470.12
1240,lpush5,1000000,801988.81
1240,lrange5,1000000,1225627.50
1241,lpush5,1000000,803238.56
1241,lrange5,1000000,1222513.38
1242,lpush5,1000000,800679.00
1242,lrange5,1000000,1187686.50
1243,lpush5,1000000,790589.75
1243,lrange5,1000000,1215125.12
1244,lpush5,1000000,798734.81
1244,lrange5,1000000,1216798.00
1245,lpush5,1000000,801307.69
1245,lrange5,1000000,1206369.12
1246,lpush5,1000000,801937.44
1246,lrange5,1000000,1233321.88
1247,lpush5,1000000,797588.56
1247,lrange5,1000000,1203427.25
1248,lpush5,1000000,790551.81
1248,lrange5,1000000,1233124.50
1249,lpush5,1000000,795544.94
1249,lrange5,1000000,1190495.25
1250,lpush5,1000000,798747.62
1250,lrange5,1000000,1218085.25
1251,lpush5,1000000,782510.19
1251,lrange5,1000000,1200576.25
1252,lpush5,1000000,789889.38
1252,lrange5,1000000,1216778.50
1253,lpush5,1000000,786907.94
1253,lrange5,1000000,1237702.88
1254,lpush5,1000000,791816.31
1254,lrange5,1000000,1210828.12
1255,lpush5,1000000,788122.88
1255,lrange5,1000000,1196172.25
1256,lpush5,1000000,781948.38
1256,lrange5,1000000,1219590.25
1257,lpush5,1000000,789977.88
1257,lrange5,1000000,1206427.00
1258,lpush5,1000000,802606.69
1258,lrange5,1000000,1227170.50
1259,lpush5,1000000,789379.69
1259,lrange5,1000000,1206272.62
1260,lpush5,1000000,808498.00
1260,lrange5,1000000,1231527.12
1261,lpush5,1000000,794281.19
1261,lrange5,1000000,1215105.75
1262,lpush5,1000000,795583.12
1262,lrange5,1000000,1197853.88
1263,lpush5,1000000,801937.44
1263,lrange5,1000000,1212354.00
1264,lpush5,1000000,804505.19
1264,lrange5,1000000,1231566.50
1265,lpush5,1000000,789266.00
1265,lrange5,1000000,1207826.12
1266,lpush5,1000000,811185.69
1266,lrange5,1000000,1231527.12
1267,lpush5,1000000,809113.31
1267,lrange5,1000000,1213611.62
1268,lpush5,1000000,795570.44
1268,lrange5,1000000,1202019.25
1269,lpush5,1000000,794925.25
1269,lrange5,1000000,1215164.00
1270,lpush5,1000000,803987.19
1270,lrange5,1000000,1218163.25
1271,lpush5,1000000,796812.75
1271,lrange5,1000000,1224009.88
1272,lpush5,1000000,801988.81
1272,lrange5,1000000,1215144.62
1273,lpush5,1000000,806451.62
1273,lrange5,1000000,1240754.38
1274,lpush5,1000000,809074.50
1274,lrange5,1000000,1201980.75
1275,lpush5,1000000,801358.94
1275,lrange5,1000000,1212237.62
1276,lpush5,1000000,798174.00
1276,lrange5,1000000,1231606.00
1277,lpush5,1000000,801294.88
1277,lrange5,1000000,1209325.25
1278,lpush5,1000000,793790.50
1278,lrange5,1000000,1227190.25
1279,lpush5,1000000,801397.44
1279,lrange5,1000000,1194800.50
1280,lpush5,1000000,759951.38
1280,lrange5,1000000,1204819.25
1281,lpush5,1000000,787414.19
1281,lrange5,1000000,1189079.62
1282,lpush5,1000000,802683.75
1282,lrange5,1000000,1196306.12
1283,lpush5,1000000,781375.00
1283,lrange5,1000000,1200557.00
1284,lpush5,1000000,795557.69
1284,lrange5,1000000,1215066.75
1285,lpush5,1000000,796216.56
1285,lrange5,1000000,1200499.38
1286,lpush5,1000000,788643.50
1286,lrange5,1000000,1205031.38
1287,lpush5,1000000,795557.69
1287,lrange5,1000000,1200499.38
1288,lpush5,1000000,783786.81
1288,lrange5,1000000,1216545.00
1289,lpush5,1000000,800640.56
1289,lrange5,1000000,1196172.25
1290,lpush5,1000000,801346.12
1290,lrange5,1000000,1189060.62
1291,lpush5,1000000,793021.38
1291,lrange5,1000000,1212179.38
1292,lpush5,1000000,803277.12
1292,lrange5,1000000,1190495.25
1293,lpush5,1000000,799398.88
1293,lrange5,1000000,1227033.12
1294,lpush5,1000000,796863.75
1294,lrange5,1000000,1172389.25
1295,lpush5,1000000,790615.00
1295,lrange5,1000000,1206311.25
1296,lpush5,1000000,797524.75
1296,lrange5,1000000,1219570.75
1297,lpush5,1000000,796914.75
1297,lrange5,1000000,1227209.88
1298,lpush5,1000000,792456.44
1298,lrange5,1000000,1225666.75
1299,lpush5,1000000,791177.19
1299,lrange5,1000000,1200499.38
1300,lpush5,1000000,798722.06
1300,lrange5,1000000,1192257.50
1301,lpush5,1000000,800012.81
1301,lrange5,1000000,1202134.62
1302,lpush5,1000000,785004.69
1302,lrange5,1000000,1209286.50
1303,lpush5,1000000,799386.06
1303,lrange5,1000000,1216545.00
1304,lpush5,1000000,794281.19
1304,lrange5,1000000,1197796.50
1305,lpush5,1000000,788694.00
1305,lrange5,1000000,1204819.25
1306,lpush5,1000000,804569.56
1306,lrange5,1000000,1225764.75
1307,lpush5,1000000,793714.31
1307,lrange5,1000000,1186258.62
1308,lpush5,1000000,796216.56
1308,lrange5,1000000,1225647.12
1309,lpush5,1000000,799411.62
1309,lrange5,1000000,1202038.38
1310,lpush5,1000000,792532.50
1310,lrange5,1000000,1212121.25
1311,lpush5,1000000,788744.50
1311,lrange5,1000000,1215202.88
1312,lpush5,1000000,799386.06
1312,lrange5,1000000,1199098.38
1313,lpush5,1000000,799373.25
1313,lrange5,1000000,1197624.00
1314,lpush5,1000000,808420.38
1314,lrange5,1000000,1209363.88
1315,lpush5,1000000,794281.19
1315,lrange5,1000000,1216661.75
1316,lpush5,1000000,790615.00
1316,lrange5,1000000,1209247.88
1317,lpush5,1000000,798722.06
1317,lrange5,1000000,1215105.75
1318,lpush5,1000000,792405.75
1318,lrange5,1000000,1206272.62
1319,lpush5,1000000,797575.81
1319,lrange5,1000000,1213728.12
1320,lpush5,1000000,800640.56
1320,lrange5,1000000,1227111.62
1321,lpush5,1000000,794963.44
1321,lrange5,1000000,1202173.00
1322,lpush5,1000000,803871.44
1322,lrange5,1000000,1209538.00
1323,lpush5,1000000,802581.00
1323,lrange5,1000000,1239256.50
1324,lpush5,1000000,810372.81
1324,lrange5,1000000,1179264.12
1325,lpush5,1000000,793084.81
1325,lrange5,1000000,1206484.88
1326,lpush5,1000000,800000.00
1326,lrange5,1000000,1199040.75
1327,lpush5,1000000,789952.56
1327,lrange5,1000000,1206349.88
1328,lpush5,1000000,797448.19
1328,lrange5,1000000,1189155.75
1329,lpush5,1000000,791816.31
1329,lrange5,1000000,1204877.12
1330,lpush5,1000000,799475.56
1330,lrange5,1000000,1206291.88
1331,lpush5,1000000,781873.31
1331,lrange5,1000000,1187648.50
1332,lpush5,1000000,797448.19
1332,lrange5,1000000,1141735.12
1333,lpush5,1000000,792519.81
1333,lrange5,1000000,1216583.88
1334,lpush5,1000000,801346.12
1334,lrange5,1000000,1228501.25
1335,lpush5,1000000,808407.44
1335,lrange5,1000000,1218065.75
1336,lpush5,1000000,791841.62
1336,lrange5,1000000,1228717.38
1337,lpush5,1000000,797499.25
1337,lrange5,1000000,1212198.75
1338,lpush5,1000000,797588.56
1338,lrange5,1000000,1233262.62
1339,lpush5,1000000,801397.44
1339,lrange5,1000000,1218104.75
1340,lpush5,1000000,799539.56
1340,lrange5,1000000,1180807.50
1341,lpush5,1000000,800025.62
1341,lrange5,1000000,1179283.00
1342,lpush5,1000000,801282.06
1342,lrange5,1000000,1215222.38
1343,lpush5,1000000,792393.06
1343,lrange5,1000000,1199328.50
1344,lpush5,1000000,803379.94
1344,lrange5,1000000,1221157.50
1345,lpush5,1000000,793663.50
1345,lrange5,1000000,1216564.38
1346,lpush5,1000000,799360.50
1346,lrange5,1000000,1215066.75
1347,lpush5,1000000,783724.12
1347,lrange5,1000000,1222572.12
1348,lpush5,1000000,800704.56
1348,lrange5,1000000,1213650.50
1349,lpush5,1000000,806451.62
1349,lrange5,1000000,1209325.25
1350,lpush5,1000000,789379.69
1350,lrange5,1000000,1207942.00
1351,lpush5,1000000,800679.00
1351,lrange5,1000000,1218104.75
1352,lpush5,1000000,789889.38
1352,lrange5,1000000,1192104.88
1353,lpush5,1000000,768049.12
1353,lrange5,1000000,1215066.75
1354,lpush5,1000000,801294.88
1354,lrange5,1000000,1199175.12
1355,lpush5,1000000,795557.69
1355,lrange5,1000000,1233203.50
1356,lpush5,1000000,795544.94
1356,lrange5,1000000,1194953.38
1357,lpush5,1000000,793688.88
1357,lrange5,1000000,1215125.12
1358,lpush5,1000000,783185.62
1358,lrange5,1000000,1215066.75
1359,lpush5,1000000,798747.62
1359,lrange5,1000000,1215280.62
1360,lpush5,1000000,783160.56
1360,lrange5,1000000,1216739.62
1361,lpush5,1000000,803212.88
1361,lrange5,1000000,1221274.75
1362,lpush5,1000000,798110.12
1362,lrange5,1000000,1210808.75
1363,lpush5,1000000,796812.75
1363,lrange5,1000000,1209344.62
1364,lpush5,1000000,789914.69
1364,lrange5,1000000,1204819.25
1365,lpush5,1000000,788072.44
1365,lrange5,1000000,1202134.62
1366,lpush5,1000000,793110.19
1366,lrange5,1000000,1189193.75
1367,lpush5,1000000,793034.06
1367,lrange5,1000000,1202134.62
1368,lpush5,1000000,792481.81
1368,lrange5,1000000,1218143.75
1369,lpush5,1000000,798773.19
1369,lrange5,1000000,1197815.62
1370,lpush5,1000000,796216.56
1370,lrange5,1000000,1210847.50
1371,lpush5,1000000,797473.69
1371,lrange5,1000000,1210653.75
1372,lpush5,1000000,793676.19
1372,lrange5,1000000,1213611.62
1373,lpush5,1000000,793072.12
1373,lrange5,1000000,1219687.88
1374,lpush5,1000000,778247.50
1374,lrange5,1000000,1216603.38
1375,lpush5,1000000,769280.00
1375,lrange5,1000000,1209402.62
1376,lpush5,1000000,805204.50
1376,lrange5,1000000,1223990.25
1377,lpush5,1000000,800640.56
1377,lrange5,1000000,1200480.12
1378,lpush5,1000000,796851.00
1378,lrange5,1000000,1227131.25
1379,lpush5,1000000,806541.94
1379,lrange5,1000000,1223990.25
1380,lpush5,1000000,784929.31
1380,lrange5,1000000,1215280.62
1381,lpush5,1000000,800038.38
1381,lrange5,1000000,1216681.25
1382,lpush5,1000000,792393.06
1382,lrange5,1000000,1158785.62
1383,lpush5,1000000,704304.25
1383,lrange5,1000000,1212218.25
1384,lpush5,1000000,786807.25
1384,lrange5,1000000,1202326.88
1385,lpush5,1000000,796825.50
1385,lrange5,1000000,1161663.12
1386,lpush5,1000000,780640.12
1386,lrange5,1000000,1221020.75
1387,lpush5,1000000,796267.50
1387,lrange5,1000000,1209228.50
1388,lpush5,1000000,802593.88
1388,lrange5,1000000,1199175.12
1389,lpush5,1000000,799398.88
1389,lrange5,1000000,1197604.88
1390,lpush5,1000000,794293.94
1390,lrange5,1000000,1162809.25
1391,lpush5,1000000,802606.69
1391,lrange5,1000000,1221235.62
1392,lpush5,1000000,802606.69
1392,lrange5,1000000,1190533.38
1393,lpush5,1000000,788731.88
1393,lrange5,1000000,1193317.38
1394,lpush5,1000000,791867.00
1394,lrange5,1000000,1199040.75
1395,lpush5,1000000,797460.94
1395,lrange5,1000000,1223990.25
1396,lpush5,1000000,804621.06
1396,lrange5,1000000,1227013.50
1397,lpush5,1000000,766308.06
1397,lrange5,1000000,1207864.75
1398,lpush5,1000000,789354.38
1398,lrange5,1000000,1215241.75
1399,lpush5,1000000,783724.12
1399,lrange5,1000000,1227013.50
1400,lpush5,1000000,786845.00
1400,lrange5,1000000,1219570.75
1401,lpush5,1000000,802568.19
1401,lrange5,1000000,1200614.62
1402,lpush5,1000000,803264.25
1402,lrange5,1000000,1173765.25
1403,lpush5,1000000,790539.12
1403,lrange5,1000000,1216603.38
1404,lpush5,1000000,788757.06
1404,lrange5,1000000,1216759.12
1405,lpush5,1000000,806451.62
1405,lrange5,1000000,1184834.12
1406,lpush5,1000000,799398.88
1406,lrange5,1000000,1216700.75
1407,lpush5,1000000,805814.62
1407,lrange5,1000000,1213592.25
1408,lpush5,1000000,798110.12
1408,lrange5,1000000,1216622.88
1409,lpush5,1000000,798225.06
1409,lrange5,1000000,1225549.00
1410,lpush5,1000000,790513.81
1410,lrange5,1000000,1203504.25
1411,lpush5,1000000,799360.50
1411,lrange5,1000000,1210711.88
1412,lpush5,1000000,764003.06
1412,lrange5,1000000,1143058.25
1413,lpush5,1000000,796216.56
1413,lrange5,1000000,1186296.62
1414,lpush5,1000000,806529.00
1414,lrange5,1000000,1218124.25
1415,lpush5,1000000,810463.56
1415,lrange5,1000000,1224088.12
1416,lpush5,1000000,806516.12
1416,lrange5,1000000,1216681.25
1417,lpush5,1000000,808433.31
1417,lrange5,1000000,1215164.00
1418,lpush5,1000000,802593.88
1418,lrange5,1000000,1231625.62
1419,lpush5,1000000,807831.94
1419,lrange5,1000000,1196210.50
1420,lpush5,1000000,805217.38
1420,lrange5,1000000,1203504.25
1421,lpush5,1000000,793688.88
1421,lrange5,1000000,1192009.50
1422,lpush5,1000000,789303.88
1422,lrange5,1000000,1203581.25
1423,lpush5,1000000,794306.62
1423,lrange5,1000000,1154771.38
1424,lpush5,1000000,796927.50
1424,lrange5,1000000,1207787.38
1425,lpush5,1000000,793701.56
1425,lrange5,1000000,1187724.50
1426,lpush5,1000000,789341.75
1426,lrange5,1000000,1189212.88
1427,lpush5,1000000,768184.31
1427,lrange5,1000000,1206311.25
1428,lpush5,1000000,792494.50
1428,lrange5,1000000,1197834.75
1429,lpush5,1000000,790539.12
1429,lrange5,1000000,1215183.50
1430,lpush5,1000000,798824.31
1430,lrange5,1000000,1200576.25
1431,lpush5,1000000,798084.56
1431,lrange5,1000000,1216583.88
1432,lpush5,1000000,798722.06
1432,lrange5,1000000,1200537.75
1433,lpush5,1000000,802568.19
1433,lrange5,1000000,1212237.62
1434,lpush5,1000000,792393.06
1434,lrange5,1000000,1204935.00
1435,lpush5,1000000,784376.50
1435,lrange5,1000000,1204954.25
1436,lpush5,1000000,802735.12
1436,lrange5,1000000,1210828.12
1437,lpush5,1000000,794912.56
1437,lrange5,1000000,1206446.38
1438,lpush5,1000000,800653.38
1438,lrange5,1000000,1215086.25
1439,lpush5,1000000,807780.25
1439,lrange5,1000000,1192047.75
1440,lpush5,1000000,801448.69
1440,lrange5,1000000,1215066.75
1441,lpush5,1000000,791227.81
1441,lrange5,1000000,1193622.88
1442,lpush5,1000000,791803.62
1442,lrange5,1000000,1171016.38
1443,lpush5,1000000,794344.75
1443,lrange5,1000000,1206407.75
1444,lpush5,1000000,797512.00
1444,lrange5,1000000,1224127.38
1445,lpush5,1000000,797575.81
1445,lrange5,1000000,1215183.50
1446,lpush5,1000000,790526.50
1446,lrange5,1000000,1199213.50
1447,lpush5,1000000,800640.56
1447,lrange5,1000000,1218163.25
1448,lpush5,1000000,793173.62
1448,lrange5,1000000,1221216.12
1449,lpush5,1000000,801937.44
1449,lrange5,1000000,1176696.50
1450,lpush5,1000000,795001.56
1450,lrange5,1000000,1141625.62
1451,lpush5,1000000,751975.94
1451,lrange5,1000000,1139061.50
1452,lpush5,1000000,740788.12
1452,lrange5,1000000,1168448.62
1453,lpush5,1000000,768676.38
1453,lrange5,1000000,1190628.62
1454,lpush5,1000000,800064.00
1454,lrange5,1000000,1204877.12
1455,lpush5,1000000,788022.06
1455,lrange5,1000000,1194762.25
1456,lpush5,1000000,764562.69
1456,lrange5,1000000,1183602.38
1457,lpush5,1000000,800679.00
1457,lrange5,1000000,1213631.12
1458,lpush5,1000000,794344.75
1458,lrange5,1000000,1213631.12
1459,lpush5,1000000,790539.12
1459,lrange5,1000000,1212237.62
1460,lpush5,1000000,804595.31
1460,lrange5,1000000,1196248.75
1461,lpush5,1000000,794408.31
1461,lrange5,1000000,1201980.75
1462,lpush5,1000000,798097.38
1462,lrange5,1000000,1190533.38
1463,lpush5,1000000,768688.69
1463,lrange5,1000000,1153605.50
1464,lpush5,1000000,774618.12
1464,lrange5,1000000,1187781.50
1465,lpush5,1000000,788694.00
1465,lrange5,1000000,1210673.12
1466,lpush5,1000000,803251.38
1466,lrange5,1000000,1194915.12
1467,lpush5,1000000,802606.69
1467,lrange5,1000000,1210808.75
1468,lpush5,1000000,800025.62
1468,lrange5,1000000,1231704.50
1469,lpush5,1000000,800153.62
1469,lrange5,1000000,1216642.25
1470,lpush5,1000000,781300.00
1470,lrange5,1000000,1204819.25
1471,lpush5,1000000,801963.12
1471,lrange5,1000000,1203504.25
1472,lpush5,1000000,781898.31
1472,lrange5,1000000,1219609.75
1473,lpush5,1000000,796178.31
1473,lrange5,1000000,1231566.50
1474,lpush5,1000000,796825.50
1474,lrange5,1000000,1210866.88
1475,lpush5,1000000,777087.81
1475,lrange5,1000000,1227052.75
1476,lpush5,1000000,797563.00
1476,lrange5,1000000,1207729.50
1477,lpush5,1000000,797575.81
1477,lrange5,1000000,1215125.12
1478,lpush5,1000000,797448.19
1478,lrange5,1000000,1215241.75
1479,lpush5,1000000,791829.00
1479,lrange5,1000000,1204857.88
1480,lpush5,1000000,796812.75
1480,lrange5,1000000,1218085.25
1481,lpush5,1000000,801307.69
1481,lrange5,1000000,1227209.88
1482,lpush5,1000000,789354.38
1482,lrange5,1000000,1202019.25
1483,lpush5,1000000,791189.81
1483,lrange5,1000000,1187819.50
1484,lpush5,1000000,793727.00
1484,lrange5,1000000,1186467.38
1485,lpush5,1000000,801307.69
1485,lrange5,1000000,1219551.25
1486,lpush5,1000000,796812.75
1486,lrange5,1000000,1225568.62
1487,lpush5,1000000,778272.38
1487,lrange5,1000000,1191933.25
1488,lpush5,1000000,789889.38
1488,lrange5,1000000,1189136.75
1489,lpush5,1000000,780193.50
1489,lrange5,1000000,1200480.12
1490,lpush5,1000000,794421.00
1490,lrange5,1000000,1199079.12
1491,lpush5,1000000,807180.00
1491,lrange5,1000000,1210963.75
1492,lpush5,1000000,802632.38
1492,lrange5,1000000,1215066.75
1493,lpush5,1000000,793650.81
1493,lrange5,1000000,1183526.62
1494,lpush5,1000000,777629.88
1494,lrange5,1000000,1215066.75
1495,lpush5,1000000,798110.12
1495,lrange5,1000000,1197643.12
1496,lpush5,1000000,794370.19
1496,lrange5,1000000,1193355.62
1497,lpush5,1000000,787401.56
1497,lrange5,1000000,1203562.00
1498,lpush5,1000000,787464.56
1498,lrange5,1000000,1179264.12
1499,lpush5,1000000,744601.62
1499,lrange5,1000000,1173708.88
1500,lpush5,1000000,788731.88
1500,lrange5,1000000,1203427.25
1501,lpush5,1000000,790602.38
1501,lrange5,1000000,1207961.38
1502,lpush5,1000000,791816.31
1502,lrange5,1000000,1199155.88
1503,lpush5,1000000,790539.12
1503,lrange5,1000000,1193317.38
1504,lpush5,1000000,797448.19
1504,lrange5,1000000,1193489.25
1505,lpush5,1000000,793021.38
1505,lrange5,1000000,1194876.88
1506,lpush5,1000000,801937.44
1506,lrange5,1000000,1210808.75
1507,lpush5,1000000,807154.19
1507,lrange5,1000000,1212179.38
1508,lpush5,1000000,800653.38
1508,lrange5,1000000,1193489.25
1509,lpush5,1000000,798225.06
1509,lrange5,1000000,1189288.88
1510,lpush5,1000000,800000.00
1510,lrange5,1000000,1210692.50
1511,lpush5,1000000,787477.19
1511,lrange5,1000000,1190685.75
1512,lpush5,1000000,801320.50
1512,lrange5,1000000,1225529.38
1513,lpush5,1000000,785646.50
1513,lrange5,1000000,1212198.75
1514,lpush5,1000000,796825.50
1514,lrange5,1000000,1136545.50
1515,lpush5,1000000,797512.00
1515,lrange5,1000000,1225666.75
1516,lpush5,1000000,801333.31
1516,lrange5,1000000,1227013.50
1517,lpush5,1000000,798722.06
1517,lrange5,1000000,1212489.75
1518,lpush5,1000000,795659.50
1518,lrange5,1000000,1222533.00
1519,lpush5,1000000,802568.19
1519,lrange5,1000000,1190476.25
1520,lpush5,1000000,794938.00
1520,lrange5,1000000,1228678.12
1521,lpush5,1000000,801320.50
1521,lrange5,1000000,1216603.38
1522,lpush5,1000000,796965.75
1522,lrange5,1000000,1190666.75
1523,lpush5,1000000,787414.19
1523,lrange5,1000000,1200672.25
1524,lpush5,1000000,800025.62
1524,lrange5,1000000,1207884.00
1525,lpush5,1000000,798148.44
1525,lrange5,1000000,1197662.25
1526,lpush5,1000000,786327.06
1526,lrange5,1000000,1221157.50
1527,lpush5,1000000,785029.81
1527,lrange5,1000000,1196382.75
1528,lpush5,1000000,794293.94
1528,lrange5,1000000,1204819.25
1529,lpush5,1000000,793663.50
1529,lrange5,1000000,1192200.25
1530,lpush5,1000000,771084.00
1530,lrange5,1000000,1209189.75
1531,lpush5,1000000,794281.19
1531,lrange5,1000000,1204935.00
1532,lpush5,1000000,793663.50
1532,lrange5,1000000,1183450.88
1533,lpush5,1000000,803858.56
1533,lrange5,1000000,1224205.62
1534,lpush5,1000000,796902.00
1534,lrange5,1000000,1199194.25
1535,lpush5,1000000,793714.31
1535,lrange5,1000000,1207787.38
1536,lpush5,1000000,793097.50
1536,lrange5,1000000,1215280.62
1537,lpush5,1000000,802760.81
1537,lrange5,1000000,1212218.25
1538,lpush5,1000000,795608.62
1538,lrange5,1000000,1216545.00
1539,lpush5,1000000,801282.06
1539,lrange5,1000000,1219590.25
1540,lpush5,1000000,797486.50
1540,lrange5,1000000,1207922.75
1541,lpush5,1000000,796178.31
1541,lrange5,1000000,1197662.25
1542,lpush5,1000000,790589.75
1542,lrange5,1000000,1165575.75
1543,lpush5,1000000,796851.00
1543,lrange5,1000000,1231586.25
1544,lpush5,1000000,791803.62
1544,lrange5,1000000,1190476.25
1545,lpush5,1000000,791151.88
1545,lrange5,1000000,1180656.38
1546,lpush5,1000000,783749.19
1546,lrange5,1000000,1225529.38
1547,lpush5,1000000,796292.94
1547,lrange5,1000000,1225490.25
1548,lpush5,1000000,790028.44
1548,lrange5,1000000,1193527.50
1549,lpush5,1000000,806451.62
1549,lrange5,1000000,1206697.25
1550,lpush5,1000000,782647.88
1550,lrange5,1000000,1216739.62
1551,lpush5,1000000,801294.88
1551,lrange5,1000000,1203427.25
1552,lpush5,1000000,805307.56
1552,lrange5,1000000,1227131.25
1553,lpush5,1000000,795608.62
1553,lrange5,1000000,1224127.38
1554,lpush5,1000000,798773.19
1554,lrange5,1000000,1232000.00
1555,lpush5,1000000,795001.56
1555,lrange5,1000000,1215416.75
1556,lpush5,1000000,802568.19
1556,lrange5,1000000,1212334.62
1557,lpush5,1000000,794988.88
1557,lrange5,1000000,1219551.25
1558,lpush5,1000000,799386.06
1558,lrange5,1000000,1223990.25
1559,lpush5,1000000,781948.38
1559,lrange5,1000000,1223990.25
1560,lpush5,1000000,804505.19
1560,lrange5,1000000,1221098.88
1561,lpush5,1000000,785054.94
1561,lrange5,1000000,1183431.88
1562,lpush5,1000000,786794.62
1562,lrange5,1000000,1210808.75
1563,lpush5,1000000,787439.38
1563,lrange5,1000000,1228638.75
1564,lpush5,1000000,794306.62
1564,lrange5,1000000,1225705.88
1565,lpush5,1000000,793021.38
1565,lrange5,1000000,1216700.75
1566,lpush5,1000000,788757.06
1566,lrange5,1000000,1221157.50
1567,lpush5,1000000,794938.00
1567,lrange5,1000000,1204915.62
1568,lpush5,1000000,805801.75
1568,lrange5,1000000,1224049.00
1569,lpush5,1000000,798747.62
1569,lrange5,1000000,1185061.62
1570,lpush5,1000000,796216.56
1570,lrange5,1000000,1200691.50
1571,lpush5,1000000,791930.31
1571,lrange5,1000000,1209325.25
1572,lpush5,1000000,802014.44
1572,lrange5,1000000,1218299.62
1573,lpush5,1000000,769835.25
1573,lrange5,1000000,1222513.38
1574,lpush5,1000000,797614.06
1574,lrange5,1000000,1207826.12
1575,lpush5,1000000,799373.25
1575,lrange5,1000000,1213805.88
1576,lpush5,1000000,802632.38
1576,lrange5,1000000,1203581.25
1577,lpush5,1000000,798110.12
1577,lrange5,1000000,1213786.38
1578,lpush5,1000000,809846.12
1578,lrange5,1000000,1228540.50
1579,lpush5,1000000,789278.62
1579,lrange5,1000000,1219551.25
1580,lpush5,1000000,794332.06
1580,lrange5,1000000,1196172.25
1581,lpush5,1000000,793777.81
1581,lrange5,1000000,1201923.00
1582,lpush5,1000000,797537.50
1582,lrange5,1000000,1216545.00
1583,lpush5,1000000,803251.38
1583,lrange5,1000000,1216622.88
1584,lpush5,1000000,804505.19
1584,lrange5,1000000,1221020.75
1585,lpush5,1000000,783824.44
1585,lrange5,1000000,1236232.38
1586,lpush5,1000000,796825.50
1586,lrange5,1000000,1231724.12
1587,lpush5,1000000,807780.25
1587,lrange5,1000000,1215086.25
1588,lpush5,1000000,794293.94
1588,lrange5,1000000,1139116.12
1589,lpush5,1000000,792494.50
1589,lrange5,1000000,1221118.38
1590,lpush5,1000000,793110.19
1590,lrange5,1000000,1202096.12
1591,lpush5,1000000,805165.88
1591,lrange5,1000000,1207729.50
1592,lpush5,1000000,798734.81
1592,lrange5,1000000,1221001.25
1593,lpush5,1000000,798785.94
1593,lrange5,1000000,1206291.88
1594,lpush5,1000000,794912.56
1594,lrange5,1000000,1177950.50
1595,lpush5,1000000,797486.50
1595,lrange5,1000000,1222513.38
1596,lpush5,1000000,795557.69
1596,lrange5,1000000,1201961.50
1597,lpush5,1000000,796825.50
1597,lrange5,1000000,1224186.12
1598,lpush5,1000000,789889.38
1598,lrange5,1000000,1203619.75
1599,lpush5,1000000,805827.50
1599,lrange5,1000000,1193470.12
1600,lpush5,1000000,788656.12
1600,lrange5,1000000,1207806.75
1601,lpush5,1000000,797550.25
1601,lrange5,1000000,1209247.88
1602,lpush5,1000000,791278.44
1602,lrange5,1000000,1213592.25
1603,lpush5,1000000,789291.25
1603,lrange5,1000000,1227190.25
1604,lpush5,1000000,771716.06
1604,lrange5,1000000,1153402.50
1605,lpush5,1000000,793790.50
1605,lrange5,1000000,1212412.12
1606,lpush5,1000000,796216.56
1606,lrange5,1000000,1219512.25
1607,lpush5,1000000,791803.62
1607,lrange5,1000000,1213708.75
1608,lpush5,1000000,798722.06
1608,lrange5,1000000,1210673.12
1609,lpush5,1000000,798722.06
1609,lrange5,1000000,1231606.00
1610,lpush5,1000000,803289.94
1610,lrange5,1000000,1206427.00
1611,lpush5,1000000,796178.31
1611,lrange5,1000000,1218221.75
1612,lpush5,1000000,791227.81
1612,lrange5,1000000,1210886.25
1613,lpush5,1000000,796889.25
1613,lrange5,1000000,1200614.62
1614,lpush5,1000000,803884.25
1614,lrange5,1000000,1218026.88
1615,lpush5,1000000,793777.81
1615,lrange5,1000000,1208019.25
1616,lpush5,1000000,798773.19
1616,lrange5,1000000,1191933.25
1617,lpush5,1000000,796191.06
1617,lrange5,1000000,1204857.88
1618,lpush5,1000000,796242.00
1618,lrange5,1000000,1204954.25
1619,lpush5,1000000,790513.81
1619,lrange5,1000000,1156143.38
1620,lpush5,1000000,783699.06
1620,lrange5,1000000,1218104.75
1621,lpush5,1000000,803897.12
1621,lrange5,1000000,1203581.25
1622,lpush5,1000000,806490.31
1622,lrange5,1000000,1207903.38
1623,lpush5,1000000,801371.75
1623,lrange5,1000000,1190609.50
1624,lpush5,1000000,798747.62
1624,lrange5,1000000,1209344.62
1625,lpush5,1000000,798734.81
1625,lrange5,1000000,1202134.62
1626,lpush5,1000000,799513.94
1626,lrange5,1000000,1216603.38
1627,lpush5,1000000,797473.69
1627,lrange5,1000000,1218221.75
1628,lpush5,1000000,800076.81
1628,lrange5,1000000,1191895.12
1629,lpush5,1000000,791829.00
1629,lrange5,1000000,1210711.88
1630,lpush5,1000000,809087.44
1630,lrange5,1000000,1212334.62
1631,lpush5,1000000,794976.12
1631,lrange5,1000000,1121130.00
1632,lpush5,1000000,796267.50
1632,lrange5,1000000,1227131.25
1633,lpush5,1000000,784338.81
1633,lrange5,1000000,1190533.38
1634,lpush5,1000000,785633.94
1634,lrange5,1000000,1197796.50
1635,lpush5,1000000,795014.31
1635,lrange5,1000000,1182033.12
1636,lpush5,1000000,796267.50
1636,lrange5,1000000,1212392.75
1637,lpush5,1000000,804556.69
1637,lrange5,1000000,1204877.12
1638,lpush5,1000000,783724.12
1638,lrange5,1000000,1200518.62
1639,lpush5,1000000,796863.75
1639,lrange5,1000000,1203388.75
1640,lpush5,1000000,798734.81
1640,lrange5,1000000,1206523.50
1641,lpush5,1000000,794306.62
1641,lrange5,1000000,1206349.88
1642,lpush5,1000000,788681.38
1642,lrange5,1000000,1209189.75
1643,lpush5,1000000,783110.44
1643,lrange5,1000000,1206407.75
1644,lpush5,1000000,796292.94
1644,lrange5,1000000,1200614.62
1645,lpush5,1000000,796292.94
1645,lrange5,1000000,1216583.88
1646,lpush5,1000000,794950.69
1646,lrange5,1000000,1218202.25
1647,lpush5,1000000,767521.12
1647,lrange5,1000000,1194915.12
1648,lpush5,1000000,785042.38
1648,lrange5,1000000,1215144.62
1649,lpush5,1000000,793701.56
1649,lrange5,1000000,1202038.38
1650,lpush5,1000000,791765.62
1650,lrange5,1000000,1184872.12
1651,lpush5,1000000,805307.56
1651,lrange5,1000000,1215164.00
1652,lpush5,1000000,796267.50
1652,lrange5,1000000,1186391.50
1653,lpush5,1000000,806529.00
1653,lrange5,1000000,1221020.75
1654,lpush5,1000000,791829.00
1654,lrange5,1000000,1194896.00
1655,lpush5,1000000,796178.31
1655,lrange5,1000000,1219512.25
1656,lpush5,1000000,794395.56
1656,lrange5,1000000,1221040.25
1657,lpush5,1000000,793186.31
1657,lrange5,1000000,1231665.00
1658,lpush5,1000000,814332.19
1658,lrange5,1000000,1224068.62
1659,lpush5,1000000,796203.81
1659,lrange5,1000000,1205031.38
1660,lpush5,1000000,794988.88
1660,lrange5,1000000,1224127.38
1661,lpush5,1000000,795595.88
1661,lrange5,1000000,1176734.12
1662,lpush5,1000000,794988.88
1662,lrange5,1000000,1225588.25
1663,lpush5,1000000,801397.44
1663,lrange5,1000000,1225509.88
1664,lpush5,1000000,791816.31
1664,lrange5,1000000,1227033.12
1665,lpush5,1000000,732099.50
1665,lrange5,1000000,1032074.31
1666,lpush5,1000000,782597.81
1666,lrange5,1000000,1193412.88
1667,lpush5,1000000,786176.12
1667,lrange5,1000000,1219843.88
1668,lpush5,1000000,784941.88
1668,lrange5,1000000,1201980.75
1669,lpush5,1000000,799373.25
1669,lrange5,1000000,1216603.38
1670,lpush5,1000000,792494.50
1670,lrange5,1000000,1190704.75
1671,lpush5,1000000,798084.56
1671,lrange5,1000000,1200691.50
1672,lpush5,1000000,793160.94
1672,lrange5,1000000,1210673.12
1673,lpush5,1000000,794344.75
1673,lrange5,1000000,1191895.12
1674,lpush5,1000000,799450.00
1674,lrange5,1000000,1216681.25
1675,lpush5,1000000,802052.94
1675,lrange5,1000000,1197719.75
1676,lpush5,1000000,806529.00
1676,lrange5,1000000,1161514.50
1677,lpush5,1000000,802117.12
1677,lrange5,1000000,1218026.88
1678,lpush5,1000000,786163.56
1678,lrange5,1000000,1197662.25
1679,lpush5,1000000,796203.81
1679,lrange5,1000000,1204838.62
1680,lpush5,1000000,795685.00
1680,lrange5,1000000,1209267.25
1681,lpush5,1000000,801346.12
1681,lrange5,1000000,1196478.38
1682,lpush5,1000000,806451.62
1682,lrange5,1000000,1218026.88
1683,lpush5,1000000,797486.50
1683,lrange5,1000000,1203369.50
1684,lpush5,1000000,793714.31
1684,lrange5,1000000,1199175.12
1685,lpush5,1000000,799373.25
1685,lrange5,1000000,1193317.38
1686,lpush5,1000000,787439.38
1686,lrange5,1000000,1196478.38
1687,lpush5,1000000,788643.50
1687,lrange5,1000000,1213650.50
1688,lpush5,1000000,797486.50
1688,lrange5,1000000,1199290.12
1689,lpush5,1000000,798135.69
1689,lrange5,1000000,1183640.25
1690,lpush5,1000000,802696.62
1690,lrange5,1000000,1215164.00
1691,lpush5,1000000,787527.56
1691,lrange5,1000000,1197700.62
1692,lpush5,1000000,789291.25
1692,lrange5,1000000,1207748.75
1693,lpush5,1000000,790551.81
1693,lrange5,1000000,1210847.50
1694,lpush5,1000000,798862.62
1694,lrange5,1000000,1196401.88
1695,lpush5,1000000,795659.50
1695,lrange5,1000000,1179301.88
1696,lpush5,1000000,799450.00
1696,lrange5,1000000,1216603.38
1697,lpush5,1000000,791291.12
1697,lrange5,1000000,1197604.88
1698,lpush5,1000000,798849.88
1698,lrange5,1000000,1209209.12
1699,lpush5,1000000,789341.75
1699,lrange5,1000000,1209209.12
1700,lpush5,1000000,792443.75
1700,lrange5,1000000,1222552.50
1701,lpush5,1000000,790615.00
1701,lrange5,1000000,1216817.50
1702,lpush5,1000000,802581.00
1702,lrange5,1000000,1213728.12
1703,lpush5,1000000,797563.00
1703,lrange5,1000000,1200480.12
1704,lpush5,1000000,797537.50
1704,lrange5,1000000,1215280.62
1705,lpush5,1000000,785092.56
1705,lrange5,1000000,1194762.25
1706,lpush5,1000000,797448.19
1706,lrange5,1000000,1204935.00
1707,lpush5,1000000,777063.00
1707,lrange5,1000000,1204915.62
1708,lpush5,1000000,793663.50
1708,lrange5,1000000,1203408.00
1709,lpush5,1000000,785545.94
1709,lrange5,1000000,1213650.50
1710,lpush5,1000000,783699.06
1710,lrange5,1000000,1222533.00
1711,lpush5,1000000,800000.00
1711,lrange5,1000000,1183715.88
1712,lpush5,1000000,804608.19
1712,lrange5,1000000,1193565.62
1713,lpush5,1000000,797460.94
1713,lrange5,1000000,1210673.12
1714,lpush5,1000000,775280.62
1714,lrange5,1000000,1212295.75
1715,lpush5,1000000,786327.06
1715,lrange5,1000000,1200499.38
1716,lpush5,1000000,796216.56
1716,lrange5,1000000,1216583.88
1717,lpush5,1000000,795544.94
1717,lrange5,1000000,1199098.38
1718,lpush5,1000000,805853.31
1718,lrange5,1000000,1221177.00
1719,lpush5,1000000,789278.62
1719,lrange5,1000000,1194819.62
1720,lpush5,1000000,809885.00
1720,lrange5,1000000,1183621.25
1721,lpush5,1000000,789341.75
1721,lrange5,1000000,1233164.00
1722,lpush5,1000000,800089.62
1722,lrange5,1000000,1205127.75
1723,lpush5,1000000,795634.06
1723,lrange5,1000000,1207768.12
1724,lpush5,1000000,769341.56
1724,lrange5,1000000,1186391.50
1725,lpush5,1000000,789952.56
1725,lrange5,1000000,1221177.00
1726,lpush5,1000000,798734.81
1726,lrange5,1000000,1190495.25
1727,lpush5,1000000,788148.12
1727,lrange5,1000000,1206388.38
1728,lpush5,1000000,797512.00
1728,lrange5,1000000,1206291.88
1729,lpush5,1000000,791917.62
1729,lrange5,1000000,1218241.25
1730,lpush5,1000000,806554.81
1730,lrange5,1000000,1222709.00
1731,lpush5,1000000,796825.50
1731,lrange5,1000000,1227268.75
1732,lpush5,1000000,796191.06
1732,lrange5,1000000,1201923.00
1733,lpush5,1000000,796902.00
1733,lrange5,1000000,1234844.50
1734,lpush5,1000000,790526.50
1734,lrange5,1000000,1202057.62
1735,lpush5,1000000,798110.12
1735,lrange5,1000000,1207864.75
1736,lpush5,1000000,795544.94
1736,lrange5,1000000,1193451.12
1737,lpush5,1000000,789278.62
1737,lrange5,1000000,1215280.62
1738,lpush5,1000000,796838.25
1738,lrange5,1000000,1205108.50
1739,lpush5,1000000,792431.06
1739,lrange5,1000000,1201942.25
1740,lpush5,1000000,803871.44
1740,lrange5,1000000,1216583.88
1741,lpush5,1000000,788719.25
1741,lrange5,1000000,1222669.88
1742,lpush5,1000000,794950.69
1742,lrange5,1000000,1209189.75
1743,lpush5,1000000,803225.69
1743,lrange5,1000000,1204954.25
1744,lpush5,1000000,800679.00
1744,lrange5,1000000,1180977.62
1745,lpush5,1000000,799398.88
1745,lrange5,1000000,1193470.12
1746,lpush5,1000000,798734.81
1746,lrange5,1000000,1173840.38
1747,lpush5,1000000,794319.31
1747,lrange5,1000000,1164163.00
1748,lpush5,1000000,783862.06
1748,lrange5,1000000,1176696.50
1749,lpush5,1000000,788022.06
1749,lrange5,1000000,1212295.75
1750,lpush5,1000000,799424.44
1750,lrange5,1000000,1218085.25
1751,lpush5,1000000,796305.69
1751,lrange5,1000000,1199309.38
1752,lpush5,1000000,798225.06
1752,lrange5,1000000,1213708.75
1753,lpush5,1000000,784363.94
1753,lrange5,1000000,1228520.88
1754,lpush5,1000000,802593.88
1754,lrange5,1000000,1197604.88
1755,lpush5,1000000,793021.38
1755,lrange5,1000000,1210673.12
1756,lpush5,1000000,797524.75
1756,lrange5,1000000,1224029.38
1757,lpush5,1000000,801294.88
1757,lrange5,1000000,1233183.75
1758,lpush5,1000000,783749.19
1758,lrange5,1000000,1219648.75
1759,lpush5,1000000,803858.56
1759,lrange5,1000000,1206562.12
1760,lpush5,1000000,799360.50
1760,lrange5,1000000,1185061.62
1761,lpush5,1000000,797473.69
1761,lrange5,1000000,1219609.75
1762,lpush5,1000000,809100.38
1762,lrange5,1000000,1194838.75
1763,lpush5,1000000,794950.69
1763,lrange5,1000000,1216583.88
1764,lpush5,1000000,791227.81
1764,lrange5,1000000,1193374.75
1765,lpush5,1000000,798734.81
1765,lrange5,1000000,1200518.62
1766,lpush5,1000000,785558.50
1766,lrange5,1000000,1210711.88
1767,lpush5,1000000,793046.75
1767,lrange5,1000000,1177875.12
1768,lpush5,1000000,799513.94
1768,lrange5,1000000,1227052.75
1769,lpush5,1000000,801333.31
1769,lrange5,1000000,1199079.12
1770,lpush5,1000000,800794.25
1770,lrange5,1000000,1212140.62
1771,lpush5,1000000,793072.12
1771,lrange5,1000000,1221431.00
1772,lpush5,1000000,795570.44
1772,lrange5,1000000,1173859.12
1773,lpush5,1000000,798811.50
1773,lrange5,1000000,1187724.50
1774,lpush5,1000000,794332.06
1774,lrange5,1000000,1212295.75
1775,lpush5,1000000,801448.69
1775,lrange5,1000000,1204973.50
1776,lpush5,1000000,792469.12
1776,lrange5,1000000,1182203.25
1777,lpush5,1000000,799411.62
1777,lrange5,1000000,1202000.00
1778,lpush5,1000000,793701.56
1778,lrange5,1000000,1190685.75
1779,lpush5,1000000,799667.44
1779,lrange5,1000000,1180637.50
1780,lpush5,1000000,803315.69
1780,lrange5,1000000,1206484.88
1781,lpush5,1000000,790589.75
1781,lrange5,1000000,1187648.50
1782,lpush5,1000000,790003.12
1782,lrange5,1000000,1183640.25
1783,lpush5,1000000,788022.06
1783,lrange5,1000000,1213592.25
1784,lpush5,1000000,803238.56
1784,lrange5,1000000,1200672.25
1785,lpush5,1000000,804543.81
1785,lrange5,1000000,1202000.00
1786,lpush5,1000000,794281.19
1786,lrange5,1000000,1193412.88
1787,lpush5,1000000,790526.50
1787,lrange5,1000000,1212237.62
1788,lpush5,1000000,798785.94
1788,lrange5,1000000,1212218.25
1789,lpush5,1000000,802568.19
1789,lrange5,1000000,1210750.62
1790,lpush5,1000000,806490.31
1790,lrange5,1000000,1196172.25
1791,lpush5,1000000,803289.94
1791,lrange5,1000000,1193393.75
1792,lpush5,1000000,802052.94
1792,lrange5,1000000,1210828.12
1793,lpush5,1000000,794281.19
1793,lrange5,1000000,1203619.75
1794,lpush5,1000000,790615.00
1794,lrange5,1000000,1189136.75
1795,lpush5,1000000,791202.50
1795,lrange5,1000000,1206542.88
1796,lpush5,1000000,790678.25
1796,lrange5,1000000,1200787.50
1797,lpush5,1000000,801975.94
1797,lrange5,1000000,1189060.62
1798,lpush5,1000000,803238.56
1798,lrange5,1000000,1206465.62
1799,lpush5,1000000,799398.88
1799,lrange5,1000000,1221489.62
1800,lpush5,1000000,794281.19
1800,lrange5,1000000,1209286.50
1801,lpush5,1000000,796254.75
1801,lrange5,1000000,1213708.75
1802,lpush5,1000000,791879.62
1802,lrange5,1000000,1192066.75
1803,lpush5,1000000,796191.06
1803,lrange5,1000000,1207748.75
1804,lpush5,1000000,805165.88
1804,lrange5,1000000,1199060.00
1805,lpush5,1000000,789354.38
1805,lrange5,1000000,1169721.62
1806,lpush5,1000000,765807.06
1806,lrange5,1000000,1207748.75
1807,lpush5,1000000,788085.06
1807,lrange5,1000000,1206562.12
1808,lpush5,1000000,800640.56
1808,lrange5,1000000,1196344.50
1809,lpush5,1000000,798722.06
1809,lrange5,1000000,1207845.38
1810,lpush5,1000000,793046.75
1810,lrange5,1000000,1177894.00
1811,lpush5,1000000,789902.06
1811,lrange5,1000000,1191914.25
1812,lpush5,1000000,792393.06
1812,lrange5,1000000,1207980.62
1813,lpush5,1000000,789889.38
1813,lrange5,1000000,1199232.62
1814,lpush5,1000000,790551.81
1814,lrange5,1000000,1207806.75
1815,lpush5,1000000,804051.50
1815,lrange5,1000000,1187743.50
1816,lpush5,1000000,803302.81
1816,lrange5,1000000,1187686.50
1817,lpush5,1000000,796838.25
1817,lrange5,1000000,1218182.75
1818,lpush5,1000000,794293.94
1818,lrange5,1000000,1230032.00
1819,lpush5,1000000,793084.81
1819,lrange5,1000000,1204877.12
1820,lpush5,1000000,781910.81
1820,lrange5,1000000,1219590.25
1821,lpush5,1000000,796889.25
1821,lrange5,1000000,1216642.25
1822,lpush5,1000000,798811.50
1822,lrange5,1000000,1219531.75
1823,lpush5,1000000,797537.50
1823,lrange5,1000000,1197624.00
1824,lpush5,1000000,798161.19
1824,lrange5,1000000,1193412.88
1825,lpush5,1000000,783223.19
1825,lrange5,1000000,1205166.25
1826,lpush5,1000000,799360.50
1826,lrange5,1000000,1218338.62
1827,lpush5,1000000,794408.31
1827,lrange5,1000000,1228501.25
1828,lpush5,1000000,789278.62
1828,lrange5,1000000,1221196.62
1829,lpush5,1000000,794925.25
1829,lrange5,1000000,1216564.38
1830,lpush5,1000000,791829.00
1830,lrange5,1000000,1209267.25
1831,lpush5,1000000,798798.75
1831,lrange5,1000000,1212121.25
1832,lpush5,1000000,794938.00
1832,lrange5,1000000,1207748.75
1833,lpush5,1000000,793727.00
1833,lrange5,1000000,1209247.88
1834,lpush5,1000000,793059.44
1834,lrange5,1000000,1180675.38
1835,lpush5,1000000,806490.31
1835,lrange5,1000000,1225588.25
1836,lpush5,1000000,795621.31
1836,lrange5,1000000,1222552.50
1837,lpush5,1000000,800012.81
1837,lrange5,1000000,1204992.75
1838,lpush5,1000000,795570.44
1838,lrange5,1000000,1210808.75
1839,lpush5,1000000,794281.19
1839,lrange5,1000000,1176583.50
1840,lpush5,1000000,792443.75
1840,lrange5,1000000,1218124.25
1841,lpush5,1000000,804569.56
1841,lrange5,1000000,1186334.50
1842,lpush5,1000000,798097.38
1842,lrange5,1000000,1209189.75
1843,lpush5,1000000,793021.38
1843,lrange5,1000000,1194781.38
1844,lpush5,1000000,786794.62
1844,lrange5,1000000,1189098.62
1845,lpush5,1000000,786201.31
1845,lrange5,1000000,1218026.88
1846,lpush5,1000000,805853.31
1846,lrange5,1000000,1216545.00
1847,lpush5,1000000,799450.00
1847,lrange5,1000000,1215241.75
1848,lpush5,1000000,796178.31
1848,lrange5,1000000,1218104.75
1849,lpush5,1000000,794293.94
1849,lrange5,1000000,1212160.00
1850,lpush5,1000000,791917.62
1850,lrange5,1000000,1204915.62
1851,lpush5,1000000,798199.50
1851,lrange5,1000000,1218085.25
1852,lpush5,1000000,796216.56
1852,lrange5,1000000,1193412.88
1853,lpush5,1000000,791816.31
1853,lrange5,1000000,1221079.38
1854,lpush5,1000000,789266.00
1854,lrange5,1000000,1175257.38
1855,lpush5,1000000,802052.94
1855,lrange5,1000000,1213650.50
1856,lpush5,1000000,797524.75
1856,lrange5,1000000,1200480.12
1857,lpush5,1000000,801358.94
1857,lrange5,1000000,1221040.25
1858,lpush5,1000000,793650.81
1858,lrange5,1000000,1183602.38
1859,lpush5,1000000,790665.62
1859,lrange5,1000000,1210673.12
1860,lpush5,1000000,795014.31
1860,lrange5,1000000,1221001.25
1861,lpush5,1000000,795646.81
1861,lrange5,1000000,1212218.25
1862,lpush5,1000000,798747.62
1862,lrange5,1000000,1219531.75
1863,lpush5,1000000,810411.69
1863,lrange5,1000000,1186372.50
1864,lpush5,1000000,801397.44
1864,lrange5,1000000,1222630.75
1865,lpush5,1000000,801282.06
1865,lrange5,1000000,1234607.38
1866,lpush5,1000000,793650.81
1866,lrange5,1000000,1213592.25
1867,lpush5,1000000,794357.44
1867,lrange5,1000000,1225529.38
1868,lpush5,1000000,788097.69
1868,lrange5,1000000,1209402.62
1869,lpush5,1000000,801294.88
1869,lrange5,1000000,1219531.75
1870,lpush5,1000000,792507.12
1870,lrange5,1000000,1212276.38
1871,lpush5,1000000,793059.44
1871,lrange5,1000000,1191914.25
1872,lpush5,1000000,781860.81
1872,lrange5,1000000,1196306.12
1873,lpush5,1000000,783085.38
1873,lrange5,1000000,1199040.75
1874,lpush5,1000000,793727.00
1874,lrange5,1000000,1210847.50
1875,lpush5,1000000,798135.69
1875,lrange5,1000000,1216545.00
1876,lpush5,1000000,796851.00
1876,lrange5,1000000,1204857.88
1877,lpush5,1000000,789902.06
1877,lrange5,1000000,1186258.62
1878,lpush5,1000000,788643.50
1878,lrange5,1000000,1212140.62
1879,lpush5,1000000,778210.12
1879,lrange5,1000000,1145475.38
1880,lpush5,1000000,787464.56
1880,lrange5,1000000,1212121.25
1881,lpush5,1000000,798811.50
1881,lrange5,1000000,1224029.38
1882,lpush5,1000000,795659.50
1882,lrange5,1000000,1170960.25
1883,lpush5,1000000,790615.00
1883,lrange5,1000000,1205069.88
1884,lpush5,1000000,786163.56
1884,lrange5,1000000,1222611.25
1885,lpush5,1000000,801346.12
1885,lrange5,1000000,1219512.25
1886,lpush5,1000000,807780.25
1886,lrange5,1000000,1200614.62
1887,lpush5,1000000,800012.81
1887,lrange5,1000000,1168280.38
1888,lpush5,1000000,799360.50
1888,lrange5,1000000,1218202.25
1889,lpush5,1000000,802027.25
1889,lrange5,1000000,1206427.00
1890,lpush5,1000000,807192.94
1890,lrange5,1000000,1218182.75
1891,lpush5,1000000,801963.12
1891,lrange5,1000000,1204973.50
1892,lpush5,1000000,792456.44
1892,lrange5,1000000,1193393.75
1893,lpush5,1000000,789291.25
1893,lrange5,1000000,1204896.38
1894,lpush5,1000000,805866.19
1894,lrange5,1000000,1209247.88
1895,lpush5,1000000,803264.25
1895,lrange5,1000000,1206542.88
1896,lpush5,1000000,792456.44
1896,lrange5,1000000,1212412.12
1897,lpush5,1000000,775944.12
1897,lrange5,1000000,1201942.25
1898,lpush5,1000000,800679.00
1898,lrange5,1000000,1196229.62
1899,lpush5,1000000,808485.06
1899,lrange5,1000000,1213669.88
1900,lpush5,1000000,796851.00
1900,lrange5,1000000,1219668.25
1901,lpush5,1000000,800038.38
1901,lrange5,1000000,1186239.62
1902,lpush5,1000000,778828.62
1902,lrange5,1000000,1216739.62
1903,lpush5,1000000,805256.06
1903,lrange5,1000000,1216622.88
1904,lpush5,1000000,807883.69
1904,lrange5,1000000,1213747.62
1905,lpush5,1000000,804518.06
1905,lrange5,1000000,1221118.38
1906,lpush5,1000000,791854.31
1906,lrange5,1000000,1200633.88
1907,lpush5,1000000,799411.62
1907,lrange5,1000000,1196191.38
1908,lpush5,1000000,793688.88
1908,lrange5,1000000,1222513.38
1909,lpush5,1000000,787527.56
1909,lrange5,1000000,1196210.50
1910,lpush5,1000000,794293.94
1910,lrange5,1000000,1200595.38
1911,lpush5,1000000,798862.62
1911,lrange5,1000000,1183678.12
1912,lpush5,1000000,795634.06
1912,lrange5,1000000,1218026.88
1913,lpush5,1000000,805153.00
1913,lrange5,1000000,1212179.38
1914,lpush5,1000000,796825.50
1914,lrange5,1000000,1213728.12
1915,lpush5,1000000,798722.06
1915,lrange5,1000000,1207768.12
1916,lpush5,1000000,799437.25
1916,lrange5,1000000,1178044.75
1917,lpush5,1000000,796940.25
1917,lrange5,1000000,1197662.25
1918,lpush5,1000000,807922.44
1918,lrange5,1000000,1222493.88
1919,lpush5,1000000,803212.88
1919,lrange5,1000000,1197700.62
1920,lpush5,1000000,791240.50
1920,lrange5,1000000,1212237.62
1921,lpush5,1000000,789990.50
1921,lrange5,1000000,1209228.50
1922,lpush5,1000000,785596.25
1922,lrange5,1000000,1210731.25
1923,lpush5,1000000,775807.56
1923,lrange5,1000000,1170979.00
1924,lpush5,1000000,793034.06
1924,lrange5,1000000,1224127.38
1925,lpush5,1000000,775206.25
1925,lrange5,1000000,1131294.12
1926,lpush5,1000000,784313.75
1926,lrange5,1000000,1225588.25
1927,lpush5,1000000,800743.00
1927,lrange5,1000000,1210673.12
1928,lpush5,1000000,791905.00
1928,lrange5,1000000,1199232.62
1929,lpush5,1000000,783097.94
1929,lrange5,1000000,1186505.38
1930,lpush5,1000000,791177.19
1930,lrange5,1000000,1194743.12
1931,lpush5,1000000,786226.44
1931,lrange5,1000000,1218124.25
1932,lpush5,1000000,790526.50
1932,lrange5,1000000,1189231.88
1933,lpush5,1000000,783799.38
1933,lrange5,1000000,1189269.88
1934,lpush5,1000000,807154.19
1934,lrange5,1000000,1213747.62
1935,lpush5,1000000,804505.19
1935,lrange5,1000000,1204857.88
1936,lpush5,1000000,798212.25
1936,lrange5,1000000,1215164.00
1937,lpush5,1000000,800051.19
1937,lrange5,1000000,1199098.38
1938,lpush5,1000000,796978.50
1938,lrange5,1000000,1215183.50
1939,lpush5,1000000,807102.50
1939,lrange5,1000000,1199117.50
1940,lpush5,1000000,792405.75
1940,lrange5,1000000,1179358.50
1941,lpush5,1000000,805917.75
1941,lrange5,1000000,1194819.62
1942,lpush5,1000000,786782.06
1942,lrange5,1000000,1183564.50
1943,lpush5,1000000,800038.38
1943,lrange5,1000000,1183545.50
1944,lpush5,1000000,803871.44
1944,lrange5,1000000,1179245.25
1945,lpush5,1000000,800064.00
1945,lrange5,1000000,1179434.00
1946,lpush5,1000000,791291.12
1946,lrange5,1000000,1218104.75
1947,lpush5,1000000,802747.94
1947,lrange5,1000000,1213747.62
1948,lpush5,1000000,700369.75
1948,lrange5,1000000,1218085.25
1949,lpush5,1000000,786807.25
1949,lrange5,1000000,1191895.12
1950,lpush5,1000000,794988.88
1950,lrange5,1000000,1176489.38
1951,lpush5,1000000,787552.75
1951,lrange5,1000000,1200653.00
1952,lpush5,1000000,770465.38
1952,lrange5,1000000,1172351.75
1953,lpush5,1000000,791253.12
1953,lrange5,1000000,1218046.38
1954,lpush5,1000000,785545.94
1954,lrange5,1000000,1183431.88
1955,lpush5,1000000,791151.88
1955,lrange5,1000000,1196344.50
1956,lpush5,1000000,795710.44
1956,lrange5,1000000,1201980.75
1957,lpush5,1000000,803212.88
1957,lrange5,1000000,1210905.62
1958,lpush5,1000000,800000.00
1958,lrange5,1000000,1221216.12
1959,lpush5,1000000,793021.38
1959,lrange5,1000000,1199155.88
1960,lpush5,1000000,807205.81
1960,lrange5,1000000,1236093.88
1961,lpush5,1000000,801320.50
1961,lrange5,1000000,1203446.50
1962,lpush5,1000000,794925.25
1962,lrange5,1000000,1222611.25
1963,lpush5,1000000,810502.44
1963,lrange5,1000000,1206388.38
1964,lpush5,1000000,802593.88
1964,lrange5,1000000,1203523.50
1965,lpush5,1000000,800679.00
1965,lrange5,1000000,1194800.50
1966,lpush5,1000000,802065.75
1966,lrange5,1000000,1216564.38
1967,lpush5,1000000,796191.06
1967,lrange5,1000000,1194743.12
1968,lpush5,1000000,802052.94
1968,lrange5,1000000,1221274.75
1969,lpush5,1000000,790513.81
1969,lrange5,1000000,1233104.88
1970,lpush5,1000000,796876.50
1970,lrange5,1000000,1219824.38
1971,lpush5,1000000,808407.44
1971,lrange5,1000000,1230228.75
1972,lpush5,1000000,802658.06
1972,lrange5,1000000,1209189.75
1973,lpush5,1000000,805153.00
1973,lrange5,1000000,1209228.50
1974,lpush5,1000000,796902.00
1974,lrange5,1000000,1225745.12
1975,lpush5,1000000,805801.75
1975,lrange5,1000000,1221255.12
1976,lpush5,1000000,803212.88
1976,lrange5,1000000,1190514.38
1977,lpush5,1000000,799424.44
1977,lrange5,1000000,1219512.25
1978,lpush5,1000000,793021.38
1978,lrange5,1000000,1184853.12
1979,lpush5,1000000,788694.00
1979,lrange5,1000000,1210808.75
1980,lpush5,1000000,786920.50
1980,lrange5,1000000,1184834.12
1981,lpush5,1000000,811688.31
1981,lrange5,1000000,1190514.38
1982,lpush5,1000000,807257.50
1982,lrange5,1000000,1216642.25
1983,lpush5,1000000,797512.00
1983,lrange5,1000000,1128812.62
1984,lpush5,1000000,792418.38
1984,lrange5,1000000,1206272.62
1985,lpush5,1000000,797460.94
1985,lrange5,1000000,1199251.75
1986,lpush5,1000000,801358.94
1986,lrange5,1000000,1169609.38
1987,lpush5,1000000,791240.50
1987,lrange5,1000000,1199290.12
1988,lpush5,1000000,798760.38
1988,lrange5,1000000,1186410.50
1989,lpush5,1000000,798174.00
1989,lrange5,1000000,1200480.12
1990,lpush5,1000000,795001.56
1990,lrange5,1000000,1227131.25
1991,lpush5,1000000,791816.31
1991,lrange5,1000000,1184872.12
1992,lpush5,1000000,791151.88
1992,lrange5,1000000,1183469.75
1993,lpush5,1000000,781960.88
1993,lrange5,1000000,1219648.75
1994,lpush5,1000000,792393.06
1994,lrange5,1000000,1182222.25
1995,lpush5,1000000,790589.75
1995,lrange5,1000000,1228638.75
1996,lpush5,1000000,789965.25
1996,lrange5,1000000,1228658.50
1997,lpush5,1000000,800025.62
1997,lrange5,1000000,1216681.25
1998,lpush5,1000000,794332.06
1998,lrange5,1000000,1219512.25
1999,lpush5,1000000,796216.56
1999,lrange5,1000000,1203600.50
2000,lpush5,1000000,801950.31
2000,lrange5,1000000,1219629.25
