trial,operation,requests,rps
1,lpush5,1000000,727424.00
1,lrange5,1000000,938491.56
2,lpush5,1000000,727342.56
2,lrange5,1000000,1073081.62
3,lpush5,1000000,653699.38
3,lrange5,1000000,941875.69
4,lpush5,1000000,722635.88
4,lrange5,1000000,1082337.62
5,lpush5,1000000,751362.88
5,lrange5,1000000,1166917.12
6,lpush5,1000000,764149.75
6,lrange5,1000000,1047137.19
7,lpush5,1000000,731528.88
7,lrange5,1000000,1081081.12
8,lpush5,1000000,750822.81
8,lrange5,1000000,1132937.75
9,lpush5,1000000,777604.94
9,lrange5,1000000,1146825.75
10,lpush5,1000000,766871.12
10,lrange5,1000000,1092931.12
11,lpush5,1000000,729441.25
11,lrange5,1000000,923597.44
12,lpush5,1000000,721569.94
12,lrange5,1000000,1146825.75
13,lpush5,1000000,753700.06
13,lrange5,1000000,1139025.00
14,lpush5,1000000,775206.25
14,lrange5,1000000,1096631.62
15,lpush5,1000000,751891.69
15,lrange5,1000000,1113728.25
16,lpush5,1000000,757636.31
16,lrange5,1000000,1052833.75
17,lpush5,1000000,746316.38
17,lrange5,1000000,1037394.19
18,lpush5,1000000,786188.69
18,lrange5,1000000,1145512.00
19,lpush5,1000000,743049.06
19,lrange5,1000000,1132557.12
20,lpush5,1000000,664893.62
20,lrange5,1000000,857007.69
21,lpush5,1000000,730460.19
21,lrange5,1000000,1102659.25
22,lpush5,1000000,745748.00
22,lrange5,1000000,1123829.25
23,lpush5,1000000,772809.88
23,lrange5,1000000,1140469.88
24,lpush5,1000000,772299.62
24,lrange5,1000000,1048385.75
25,lpush5,1000000,758222.88
25,lrange5,1000000,1116321.38
26,lpush5,1000000,762243.88
26,lrange5,1000000,1149646.00
27,lpush5,1000000,765196.62
27,lrange5,1000000,1017342.88
28,lpush5,1000000,749135.56
28,lrange5,1000000,1160185.62
29,lpush5,1000000,734777.38
29,lrange5,1000000,1100110.00
30,lpush5,1000000,766895.69
30,lrange5,1000000,1028823.06
31,lpush5,1000000,745216.06
31,lrange5,1000000,1095413.00
32,lpush5,1000000,733137.88
32,lrange5,1000000,1096596.50
33,lpush5,1000000,762886.38
33,lrange5,1000000,1149590.75
34,lpush5,1000000,750223.56
34,lrange5,1000000,1060666.00
35,lpush5,1000000,670723.00
35,lrange5,1000000,1039550.94
36,lpush5,1000000,718953.25
36,lrange5,1000000,1066183.38
37,lpush5,1000000,638630.94
37,lrange5,1000000,1118693.50
38,lpush5,1000000,786807.25
38,lrange5,1000000,1145475.38
39,lpush5,1000000,774092.88
39,lrange5,1000000,1139025.00
40,lpush5,1000000,775869.62
40,lrange5,1000000,1100127.62
41,lpush5,1000000,770416.06
41,lrange5,1000000,1175106.88
42,lpush5,1000000,729429.56
42,lrange5,1000000,1084650.75
43,lpush5,1000000,769822.94
43,lrange5,1000000,1136490.88
44,lpush5,1000000,796889.25
44,lrange5,1000000,1168392.50
45,lpush5,1000000,787426.81
45,lrange5,1000000,1206311.25
46,lpush5,1000000,788706.62
46,lrange5,1000000,1197739.00
47,lpush5,1000000,791765.62
47,lrange5,1000000,1182108.75
48,lpush5,1000000,790577.06
48,lrange5,1000000,1196172.25
49,lpush5,1000000,812412.69
49,lrange5,1000000,1222572.12
50,lpush5,1000000,793021.38
50,lrange5,1000000,1212276.38
51,lpush5,1000000,791329.06
51,lrange5,1000000,1202211.50
52,lpush5,1000000,793173.62
52,lrange5,1000000,1148160.75
53,lpush5,1000000,782472.62
53,lrange5,1000000,1176771.75
54,lpush5,1000000,759386.44
54,lrange5,1000000,1172445.50
55,lpush5,1000000,783749.19
55,lrange5,1000000,1133786.75
56,lpush5,1000000,773481.81
56,lrange5,1000000,1128668.25
57,lpush5,1000000,798135.69
57,lrange5,1000000,1186391.50
58,lpush5,1000000,790653.00
58,lrange5,1000000,1203408.00
59,lpush5,1000000,793021.38
59,lrange5,1000000,1222709.00
60,lpush5,1000000,798097.38
60,lrange5,1000000,1218260.62
61,lpush5,1000000,778284.88
61,lrange5,1000000,1218026.88
62,lpush5,1000000,778222.56
62,lrange5,1000000,1207768.12
63,lpush5,1000000,797448.19
63,lrange5,1000000,1208058.00
64,lpush5,1000000,798122.88
64,lrange5,1000000,1218026.88
65,lpush5,1000000,803961.44
65,lrange5,1000000,1199117.50
66,lpush5,1000000,780193.50
66,lrange5,1000000,1175088.12
67,lpush5,1000000,794344.75
67,lrange5,1000000,1200633.88
68,lpush5,1000000,791879.62
68,lrange5,1000000,1173727.75
69,lpush5,1000000,800691.81
69,lrange5,1000000,1177950.50
70,lpush5,1000000,775268.25
70,lrange5,1000000,1175257.38
71,lpush5,1000000,764599.44
71,lrange5,1000000,1201923.00
72,lpush5,1000000,802645.25
72,lrange5,1000000,1186239.62
73,lpush5,1000000,794963.44
73,lrange5,1000000,1121112.12
74,lpush5,1000000,776447.19
74,lrange5,1000000,1154752.88
75,lpush5,1000000,764550.50
75,lrange5,1000000,1149572.38
76,lpush5,1000000,779523.00
76,lrange5,1000000,1090547.50
77,lpush5,1000000,771022.31
77,lrange5,1000000,1138952.12
78,lpush5,1000000,786251.62
78,lrange5,1000000,1173708.88
79,lpush5,1000000,759878.44
79,lrange5,1000000,1149498.88
80,lpush5,1000000,778247.50
80,lrange5,1000000,1207729.50
81,lpush5,1000000,788110.31
81,lrange5,1000000,1213767.00
82,lpush5,1000000,791790.94
82,lrange5,1000000,1197758.12
83,lpush5,1000000,800012.81
83,lrange5,1000000,1177912.88
84,lpush5,1000000,784326.31
84,lrange5,1000000,1179264.12
85,lpush5,1000000,803302.81
85,lrange5,1000000,1228540.50
86,lpush5,1000000,798722.06
86,lrange5,1000000,1218182.75
87,lpush5,1000000,796229.25
87,lrange5,1000000,1216545.00
88,lpush5,1000000,721523.81
88,lrange5,1000000,1184891.00
89,lpush5,1000000,798148.44
89,lrange5,1000000,1193432.00
90,lpush5,1000000,788706.62
90,lrange5,1000000,1209363.88
91,lpush5,1000000,796216.56
91,lrange5,1000000,1196401.88
92,lpush5,1000000,793072.12
92,lrange5,1000000,1189250.88
93,lpush5,1000000,795557.69
93,lrange5,1000000,1187667.50
94,lpush5,1000000,669803.06
94,lrange5,1000000,1072995.75
95,lpush5,1000000,793650.81
95,lrange5,1000000,1189117.75
96,lpush5,1000000,781898.31
96,lrange5,1000000,1116214.25
97,lpush5,1000000,796851.00
97,lrange5,1000000,1186334.50
98,lpush5,1000000,773419.94
98,lrange5,1000000,1136636.38
99,lpush5,1000000,766871.12
99,lrange5,1000000,1191933.25
100,lpush5,1000000,798135.69
100,lrange5,1000000,1203504.25
101,lpush5,1000000,792545.19
101,lrange5,1000000,1212257.00
102,lpush5,1000000,793727.00
102,lrange5,1000000,1216720.12
103,lpush5,1000000,783711.56
103,lrange5,1000000,1177894.00
104,lpush5,1000000,793034.06
104,lrange5,1000000,1173746.50
105,lpush5,1000000,783699.06
105,lrange5,1000000,1191895.12
106,lpush5,1000000,801371.75
106,lrange5,1000000,1169590.62
107,lpush5,1000000,794319.31
107,lrange5,1000000,1148179.12
108,lpush5,1000000,780702.56
108,lrange5,1000000,1149590.75
109,lpush5,1000000,752589.94
109,lrange5,1000000,1136381.88
110,lpush5,1000000,738125.44
110,lrange5,1000000,1118747.25
111,lpush5,1000000,735846.94
111,lrange5,1000000,1111146.75
112,lpush5,1000000,781350.00
112,lrange5,1000000,1180656.38
113,lpush5,1000000,791202.50
113,lrange5,1000000,1200518.62
114,lpush5,1000000,805165.88
114,lrange5,1000000,1216564.38
115,lpush5,1000000,809191.00
115,lrange5,1000000,1202134.62
116,lpush5,1000000,794950.69
116,lrange5,1000000,1202038.38
117,lpush5,1000000,793688.88
117,lrange5,1000000,1184891.00
118,lpush5,1000000,795544.94
118,lrange5,1000000,1189060.62
119,lpush5,1000000,801924.62
119,lrange5,1000000,1216564.38
120,lpush5,1000000,798760.38
120,lrange5,1000000,1199060.00
121,lpush5,1000000,793688.88
121,lrange5,1000000,1200518.62
122,lpush5,1000000,784363.94
122,lrange5,1000000,1190590.50
123,lpush5,1000000,786239.00
123,lrange5,1000000,1179358.50
124,lpush5,1000000,766957.06
124,lrange5,1000000,1196421.00
125,lpush5,1000000,765782.56
125,lrange5,1000000,1141607.38
126,lpush5,1000000,778210.12
126,lrange5,1000000,1172370.50
127,lpush5,1000000,769255.44
127,lrange5,1000000,1189060.62
128,lpush5,1000000,807141.25
128,lrange5,1000000,1206349.88
129,lpush5,1000000,774593.31
129,lrange5,1000000,1162790.62
130,lpush5,1000000,777125.12
130,lrange5,1000000,1221020.75
131,lpush5,1000000,793046.75
131,lrange5,1000000,1152073.75
132,lpush5,1000000,780665.12
132,lrange5,1000000,1161700.38
133,lpush5,1000000,770465.38
133,lrange5,1000000,1156217.38
134,lpush5,1000000,778210.12
134,lrange5,1000000,1160092.88
135,lpush5,1000000,793739.69
135,lrange5,1000000,1203542.75
136,lpush5,1000000,781312.50
136,lrange5,1000000,1146954.12
137,lpush5,1000000,779485.56
137,lrange5,1000000,1178026.00
138,lpush5,1000000,775280.62
138,lrange5,1000000,1128866.88
139,lpush5,1000000,669835.19
139,lrange5,1000000,1153402.50
140,lpush5,1000000,788072.44
140,lrange5,1000000,1164591.38
141,lpush5,1000000,780081.19
141,lrange5,1000000,1183602.38
142,lpush5,1000000,784979.56
142,lrange5,1000000,1196172.25
143,lpush5,1000000,783711.56
143,lrange5,1000000,1183583.38
144,lpush5,1000000,788643.50
144,lrange5,1000000,1194762.25
145,lpush5,1000000,788022.06
145,lrange5,1000000,1199290.12
146,lpush5,1000000,794332.06
146,lrange5,1000000,1187743.50
147,lpush5,1000000,784992.12
147,lrange5,1000000,1180637.50
148,lpush5,1000000,780156.06
148,lrange5,1000000,1216583.88
149,lpush5,1000000,800000.00
149,lrange5,1000000,1206446.38
150,lpush5,1000000,793034.06
150,lrange5,1000000,1209325.25
151,lpush5,1000000,782510.19
151,lrange5,1000000,1124877.38
152,lpush5,1000000,789379.69
152,lrange5,1000000,1180656.38
153,lpush5,1000000,776521.75
153,lrange5,1000000,1111164.50
154,lpush5,1000000,773993.75
154,lrange5,1000000,1123613.50
155,lpush5,1000000,772871.69
155,lrange5,1000000,1173708.88
156,lpush5,1000000,791790.94
156,lrange5,1000000,1175144.50
157,lpush5,1000000,782535.19
157,lrange5,1000000,1183488.75
158,lpush5,1000000,786870.19
158,lrange5,1000000,1184966.88
159,lpush5,1000000,767472.00
159,lrange5,1000000,1203369.50
160,lpush5,1000000,784464.31
160,lrange5,1000000,1212315.12
161,lpush5,1000000,644340.19
161,lrange5,1000000,1156087.88
162,lpush5,1000000,778210.12
162,lrange5,1000000,1175125.75
163,lpush5,1000000,750906.88
163,lrange5,1000000,1116071.38
164,lpush5,1000000,775820.00
164,lrange5,1000000,962602.50
165,lpush5,1000000,657040.75
165,lrange5,1000000,1182279.00
166,lpush5,1000000,765733.56
166,lrange5,1000000,1161514.50
167,lpush5,1000000,752529.75
167,lrange5,1000000,1158989.62
168,lpush5,1000000,776447.19
168,lrange5,1000000,1141662.12
169,lpush5,1000000,706226.00
169,lrange5,1000000,1106371.75
170,lpush5,1000000,731564.00
170,lrange5,1000000,1105078.50
171,lpush5,1000000,765807.06
171,lrange5,1000000,1126144.12
172,lpush5,1000000,733734.38
172,lrange5,1000000,1103947.00
173,lpush5,1000000,753603.62
173,lrange5,1000000,1021450.50
174,lpush5,1000000,729026.25
174,lrange5,1000000,1112560.62
175,lpush5,1000000,713278.19
175,lrange5,1000000,974830.38
176,lpush5,1000000,671140.94
176,lrange5,1000000,1096701.75
177,lpush5,1000000,768737.88
177,lrange5,1000000,1172351.75
178,lpush5,1000000,735329.38
178,lrange5,1000000,1057302.38
179,lpush5,1000000,760480.56
179,lrange5,1000000,1098989.00
180,lpush5,1000000,711800.75
180,lrange5,1000000,1088174.12
181,lpush5,1000000,758786.06
181,lrange5,1000000,1157555.50
182,lpush5,1000000,755857.94
182,lrange5,1000000,1122352.50
183,lpush5,1000000,741372.88
183,lrange5,1000000,1097782.62
184,lpush5,1000000,750810.81
184,lrange5,1000000,1128704.38
185,lpush5,1000000,740764.44
185,lrange5,1000000,1120000.00
186,lpush5,1000000,759386.44
186,lrange5,1000000,1178063.62
187,lpush5,1000000,775206.25
187,lrange5,1000000,1152129.12
188,lpush5,1000000,783749.19
188,lrange5,1000000,1143003.38
189,lpush5,1000000,769909.12
189,lrange5,1000000,1074217.00
190,lpush5,1000000,769243.12
190,lrange5,1000000,1132575.25
191,lpush5,1000000,768762.50
191,lrange5,1000000,1113817.38
192,lpush5,1000000,769822.94
192,lrange5,1000000,1111111.12
193,lpush5,1000000,736943.25
193,lrange5,1000000,1009243.19
194,lpush5,1000000,731528.88
194,lrange5,1000000,1007065.50
195,lpush5,1000000,736000.00
195,lrange5,1000000,1107650.00
196,lpush5,1000000,774055.69
196,lrange5,1000000,1169759.00
197,lpush5,1000000,786188.69
197,lrange5,1000000,1027749.25
198,lpush5,1000000,771679.00
198,lrange5,1000000,1196306.12
199,lpush5,1000000,794332.06
199,lrange5,1000000,1126180.12
200,lpush5,1000000,728355.44
200,lrange5,1000000,1157444.38
201,lpush5,1000000,771059.31
201,lrange5,1000000,1149609.25
202,lpush5,1000000,754789.44
202,lrange5,1000000,1116267.88
203,lpush5,1000000,720461.06
203,lrange5,1000000,1032008.25
204,lpush5,1000000,664021.25
204,lrange5,1000000,997088.69
205,lpush5,1000000,764076.38
205,lrange5,1000000,1186258.62
206,lpush5,1000000,765184.38
206,lrange5,1000000,1156124.88
207,lpush5,1000000,756429.62
207,lrange5,1000000,1203504.25
208,lpush5,1000000,802078.62
208,lrange5,1000000,1216545.00
209,lpush5,1000000,803974.31
209,lrange5,1000000,1216545.00
210,lpush5,1000000,806503.25
210,lrange5,1000000,1224127.38
211,lpush5,1000000,798837.06
211,lrange5,1000000,1227131.25
212,lpush5,1000000,785029.81
212,lrange5,1000000,1186334.50
213,lpush5,1000000,785558.50
213,lrange5,1000000,1215086.25
214,lpush5,1000000,797614.06
214,lrange5,1000000,1192028.62
215,lpush5,1000000,789902.06
215,lrange5,1000000,1219512.25
216,lpush5,1000000,795621.31
216,lrange5,1000000,1200557.00
217,lpush5,1000000,796254.75
217,lrange5,1000000,1204915.62
218,lpush5,1000000,779423.25
218,lrange5,1000000,1162827.88
219,lpush5,1000000,758210.75
219,lrange5,1000000,1185023.75
220,lpush5,1000000,780156.06
220,lrange5,1000000,1185004.75
221,lpush5,1000000,785067.50
221,lrange5,1000000,1204973.50
222,lpush5,1000000,798110.12
222,lrange5,1000000,1197700.62
223,lpush5,1000000,794382.88
223,lrange5,1000000,1219531.75
224,lpush5,1000000,775255.81
224,lrange5,1000000,1218085.25
225,lpush5,1000000,793110.19
225,lrange5,1000000,1218182.75
226,lpush5,1000000,787540.19
226,lrange5,1000000,1193661.12
227,lpush5,1000000,788072.44
227,lrange5,1000000,1207903.38
228,lpush5,1000000,797448.19
228,lrange5,1000000,1193412.88
229,lpush5,1000000,790564.44
229,lrange5,1000000,1230209.12
230,lpush5,1000000,804659.69
230,lrange5,1000000,1206523.50
231,lpush5,1000000,770502.31
231,lrange5,1000000,1184910.00
232,lpush5,1000000,789952.56
232,lrange5,1000000,1158896.88
233,lpush5,1000000,794293.94
233,lrange5,1000000,1196172.25
234,lpush5,1000000,801320.50
234,lrange5,1000000,1192085.88
235,lpush5,1000000,792405.75
235,lrange5,1000000,1197739.00
236,lpush5,1000000,805801.75
236,lrange5,1000000,1204877.12
237,lpush5,1000000,794938.00
237,lrange5,1000000,1213961.12
238,lpush5,1000000,795544.94
238,lrange5,1000000,1222669.88
239,lpush5,1000000,794395.56
239,lrange5,1000000,1231743.88
240,lpush5,1000000,795014.31
240,lrange5,1000000,1153402.50
241,lpush5,1000000,802696.62
241,lrange5,1000000,1183621.25
242,lpush5,1000000,805230.31
242,lrange5,1000000,1213728.12
243,lpush5,1000000,803858.56
243,lrange5,1000000,1213631.12
244,lpush5,1000000,781910.81
244,lrange5,1000000,1176677.62
245,lpush5,1000000,790513.81
245,lrange5,1000000,1213650.50
246,lpush5,1000000,799386.06
246,lrange5,1000000,1187724.50
247,lpush5,1000000,788731.88
247,lrange5,1000000,1209305.88
248,lpush5,1000000,802027.25
248,lrange5,1000000,1209209.12
249,lpush5,1000000,789977.88
249,lrange5,1000000,1247022.50
250,lpush5,1000000,796292.94
250,lrange5,1000000,1205127.75
251,lpush5,1000000,796812.75
251,lrange5,1000000,1233321.88
252,lpush5,1000000,800640.56
252,lrange5,1000000,1209228.50
253,lpush5,1000000,781337.50
253,lrange5,1000000,1201923.00
254,lpush5,1000000,793650.81
254,lrange5,1000000,1177856.38
255,lpush5,1000000,798148.44
255,lrange5,1000000,1199040.75
256,lpush5,1000000,794281.19
256,lrange5,1000000,1200653.00
257,lpush5,1000000,800679.00
257,lrange5,1000000,1228737.12
258,lpush5,1000000,803251.38
258,lrange5,1000000,1204915.62
259,lpush5,1000000,800064.00
259,lrange5,1000000,1206291.88
260,lpush5,1000000,802658.06
260,lrange5,1000000,1187724.50
261,lpush5,1000000,729487.94
261,lrange5,1000000,1196363.62
262,lpush5,1000000,792393.06
262,lrange5,1000000,1180883.12
263,lpush5,1000000,779473.12
263,lrange5,1000000,1222533.00
264,lpush5,1000000,796812.75
264,lrange5,1000000,1213786.38
265,lpush5,1000000,796254.75
265,lrange5,1000000,1212160.00
266,lpush5,1000000,791854.31
266,lrange5,1000000,1228678.12
267,lpush5,1000000,800640.56
267,lrange5,1000000,1225490.25
268,lpush5,1000000,769921.44
268,lrange5,1000000,1207729.50
269,lpush5,1000000,801937.44
269,lrange5,1000000,1207729.50
270,lpush5,1000000,793650.81
270,lrange5,1000000,1212198.75
271,lpush5,1000000,788122.88
271,lrange5,1000000,1227406.12
272,lpush5,1000000,804518.06
272,lrange5,1000000,1227131.25
273,lpush5,1000000,802658.06
273,lrange5,1000000,1221177.00
274,lpush5,1000000,798135.69
274,lrange5,1000000,1215222.38
275,lpush5,1000000,773993.75
275,lrange5,1000000,1175088.12
276,lpush5,1000000,789291.25
276,lrange5,1000000,1189174.75
277,lpush5,1000000,796318.44
277,lrange5,1000000,1209422.00
278,lpush5,1000000,798734.81
278,lrange5,1000000,1200537.75
279,lpush5,1000000,794281.19
279,lrange5,1000000,1194762.25
280,lpush5,1000000,785054.94
280,lrange5,1000000,1186372.50
281,lpush5,1000000,707281.44
281,lrange5,1000000,1202115.38
282,lpush5,1000000,800717.38
282,lrange5,1000000,1187724.50
283,lpush5,1000000,793021.38
283,lrange5,1000000,1194896.00
284,lpush5,1000000,793072.12
284,lrange5,1000000,1176508.25
285,lpush5,1000000,710306.81
285,lrange5,1000000,1193489.25
286,lpush5,1000000,796863.75
286,lrange5,1000000,1197604.88
287,lpush5,1000000,791841.62
287,lrange5,1000000,1190590.50
288,lpush5,1000000,796178.31
288,lrange5,1000000,1185080.62
289,lpush5,1000000,703268.62
289,lrange5,1000000,1137656.38
290,lpush5,1000000,780031.25
290,lrange5,1000000,1169721.62
291,lpush5,1000000,781362.50
291,lrange5,1000000,1182070.88
292,lpush5,1000000,789291.25
292,lrange5,1000000,1197796.50
293,lpush5,1000000,791278.44
293,lrange5,1000000,1199079.12
294,lpush5,1000000,789392.31
294,lrange5,1000000,1207806.75
295,lpush5,1000000,794988.88
295,lrange5,1000000,1190723.88
296,lpush5,1000000,801294.88
296,lrange5,1000000,1186505.38
297,lpush5,1000000,793714.31
297,lrange5,1000000,1203639.00
298,lpush5,1000000,790003.12
298,lrange5,1000000,1196267.88
299,lpush5,1000000,801963.12
299,lrange5,1000000,1204819.25
300,lpush5,1000000,753579.50
300,lrange5,1000000,1158748.62
301,lpush5,1000000,762195.12
301,lrange5,1000000,1186391.50
302,lpush5,1000000,783198.12
302,lrange5,1000000,1168224.25
303,lpush5,1000000,744637.38
303,lrange5,1000000,1168336.50
304,lpush5,1000000,761108.06
304,lrange5,1000000,1146990.88
305,lpush5,1000000,792481.81
305,lrange5,1000000,1189250.88
306,lpush5,1000000,791202.50
306,lrange5,1000000,1192009.50
307,lpush5,1000000,794950.69
307,lrange5,1000000,1126216.25
308,lpush5,1000000,771617.31
308,lrange5,1000000,1165501.25
309,lpush5,1000000,784451.75
309,lrange5,1000000,1172333.00
310,lpush5,1000000,759422.94
310,lrange5,1000000,1184947.88
311,lpush5,1000000,758834.62
311,lrange5,1000000,1133841.25
312,lpush5,1000000,798760.38
312,lrange5,1000000,1189060.62
313,lpush5,1000000,785709.38
313,lrange5,1000000,1169646.75
314,lpush5,1000000,781287.50
314,lrange5,1000000,1190571.50
315,lpush5,1000000,793777.81
315,lrange5,1000000,1228501.25
316,lpush5,1000000,796940.25
316,lrange5,1000000,1157592.62
317,lpush5,1000000,766871.12
317,lrange5,1000000,1186296.62
318,lpush5,1000000,781860.81
318,lrange5,1000000,1126216.25
319,lpush5,1000000,788135.50
319,lrange5,1000000,1212218.25
320,lpush5,1000000,772349.06
320,lrange5,1000000,1207787.38
321,lpush5,1000000,795583.12
321,lrange5,1000000,867441.44
322,lpush5,1000000,753639.75
322,lrange5,1000000,1197604.88
323,lpush5,1000000,764697.25
323,lrange5,1000000,1182260.00
324,lpush5,1000000,766993.88
324,lrange5,1000000,1194915.12
325,lpush5,1000000,766308.06
325,lrange5,1000000,1173727.75
326,lpush5,1000000,794344.75
326,lrange5,1000000,1005153.75
327,lpush5,1000000,772213.12
327,lrange5,1000000,1102588.75
328,lpush5,1000000,741863.50
328,lrange5,1000000,1126234.25
329,lpush5,1000000,696919.88
329,lrange5,1000000,1169740.38
330,lpush5,1000000,766883.44
330,lrange5,1000000,1133805.00
331,lpush5,1000000,781948.38
331,lrange5,1000000,1183469.75
332,lpush5,1000000,777617.44
332,lrange5,1000000,1175200.88
333,lpush5,1000000,771642.00
333,lrange5,1000000,1203465.75
334,lpush5,1000000,787489.75
334,lrange5,1000000,1199194.25
335,lpush5,1000000,800666.19
335,lrange5,1000000,1180637.50
336,lpush5,1000000,800000.00
336,lrange5,1000000,1190571.50
337,lpush5,1000000,793072.12
337,lrange5,1000000,1190590.50
338,lpush5,1000000,796216.56
338,lrange5,1000000,1206272.62
339,lpush5,1000000,789329.12
339,lrange5,1000000,1197624.00
340,lpush5,1000000,775342.69
340,lrange5,1000000,1199040.75
341,lpush5,1000000,788656.12
341,lrange5,1000000,1200518.62
342,lpush5,1000000,797448.19
342,lrange5,1000000,1197700.62
343,lpush5,1000000,786301.94
343,lrange5,1000000,1212218.25
344,lpush5,1000000,780118.62
344,lrange5,1000000,1150840.00
345,lpush5,1000000,783761.75
345,lrange5,1000000,1165874.12
346,lpush5,1000000,777617.44
346,lrange5,1000000,1191990.50
347,lpush5,1000000,769933.75
347,lrange5,1000000,1113621.38
348,lpush5,1000000,798722.06
348,lrange5,1000000,1230071.25
349,lpush5,1000000,777617.44
349,lrange5,1000000,1193451.12
350,lpush5,1000000,784313.75
350,lrange5,1000000,1169702.88
351,lpush5,1000000,788022.06
351,lrange5,1000000,1203523.50
352,lpush5,1000000,772908.81
352,lrange5,1000000,1189117.75
353,lpush5,1000000,792393.06
353,lrange5,1000000,1169628.00
354,lpush5,1000000,793160.94
354,lrange5,1000000,1200499.38
355,lpush5,1000000,789914.69
355,lrange5,1000000,1212315.12
356,lpush5,1000000,798785.94
356,lrange5,1000000,997024.88
357,lpush5,1000000,794357.44
357,lrange5,1000000,1197700.62
358,lpush5,1000000,791164.50
358,lrange5,1000000,1187667.50
359,lpush5,1000000,775231.00
359,lrange5,1000000,1199136.75
360,lpush5,1000000,774018.56
360,lrange5,1000000,1200576.25
361,lpush5,1000000,765721.31
361,lrange5,1000000,1146862.38
362,lpush5,1000000,787452.00
362,lrange5,1000000,1141625.62
363,lpush5,1000000,777629.88
363,lrange5,1000000,1172408.00
364,lpush5,1000000,791139.19
364,lrange5,1000000,1139189.00
365,lpush5,1000000,795672.25
365,lrange5,1000000,1165631.75
366,lpush5,1000000,763941.94
366,lrange5,1000000,1176602.38
367,lpush5,1000000,785558.50
367,lrange5,1000000,1190514.38
368,lpush5,1000000,751927.81
368,lrange5,1000000,1169628.00
369,lpush5,1000000,774018.56
369,lrange5,1000000,1022544.00
370,lpush5,1000000,726755.81
370,lrange5,1000000,1200672.25
371,lpush5,1000000,786807.25
371,lrange5,1000000,1200518.62
372,lpush5,1000000,788719.25
372,lrange5,1000000,1169609.38
373,lpush5,1000000,783160.56
373,lrange5,1000000,1190723.88
374,lpush5,1000000,794357.44
374,lrange5,1000000,1183450.88
375,lpush5,1000000,789316.50
375,lrange5,1000000,1213689.38
376,lpush5,1000000,772822.25
376,lrange5,1000000,1193317.38
377,lpush5,1000000,796812.75
377,lrange5,1000000,1187686.50
378,lpush5,1000000,791841.62
378,lrange5,1000000,1206272.62
379,lpush5,1000000,792431.06
379,lrange5,1000000,1190590.50
380,lpush5,1000000,774605.75
380,lrange5,1000000,1166917.12
381,lpush5,1000000,797563.00
381,lrange5,1000000,1202057.62
382,lpush5,1000000,777629.88
382,lrange5,1000000,1187724.50
383,lpush5,1000000,789266.00
383,lrange5,1000000,1182165.50
384,lpush5,1000000,771133.38
384,lrange5,1000000,1206388.38
385,lpush5,1000000,801371.75
385,lrange5,1000000,1183602.38
386,lpush5,1000000,792494.50
386,lrange5,1000000,1169609.38
387,lpush5,1000000,774030.94
387,lrange5,1000000,1185080.62
388,lpush5,1000000,782010.94
388,lrange5,1000000,1192009.50
389,lpush5,1000000,784967.00
389,lrange5,1000000,1190571.50
390,lpush5,1000000,785608.81
390,lrange5,1000000,1199155.88
391,lpush5,1000000,800679.00
391,lrange5,1000000,1207748.75
392,lpush5,1000000,798722.06
392,lrange5,1000000,1139061.50
393,lpush5,1000000,784929.31
393,lrange5,1000000,1180656.38
394,lpush5,1000000,789266.00
394,lrange5,1000000,1189098.62
395,lpush5,1000000,786226.44
395,lrange5,1000000,1175182.12
396,lpush5,1000000,784401.56
396,lrange5,1000000,1175276.12
397,lpush5,1000000,788110.31
397,lrange5,1000000,1190590.50
398,lpush5,1000000,781300.00
398,lrange5,1000000,1179245.25
399,lpush5,1000000,787401.56
399,lrange5,1000000,1206484.88
400,lpush5,1000000,770007.69
400,lrange5,1000000,1203600.50
401,lpush5,1000000,767508.81
401,lrange5,1000000,1172351.75
402,lpush5,1000000,788694.00
402,lrange5,1000000,1140342.12
403,lpush5,1000000,795621.31
403,lrange5,1000000,1179245.25
404,lpush5,1000000,793021.38
404,lrange5,1000000,1199040.75
405,lpush5,1000000,782597.81
405,lrange5,1000000,1189250.88
406,lpush5,1000000,798084.56
406,lrange5,1000000,1206330.50
407,lpush5,1000000,743494.44
407,lrange5,1000000,1161514.50
408,lpush5,1000000,773395.19
408,lrange5,1000000,1199040.75
409,lpush5,1000000,801320.50
409,lrange5,1000000,1164330.62
410,lpush5,1000000,777617.44
410,lrange5,1000000,1199060.00
411,lpush5,1000000,789341.75
411,lrange5,1000000,1183678.12
412,lpush5,1000000,655790.19
412,lrange5,1000000,1139043.25
413,lpush5,1000000,789965.25
413,lrange5,1000000,1137711.00
414,lpush5,1000000,767508.81
414,lrange5,1000000,1165855.50
415,lpush5,1000000,750858.88
415,lrange5,1000000,1150895.25
416,lpush5,1000000,789316.50
416,lrange5,1000000,1124985.38
417,lpush5,1000000,782522.69
417,lrange5,1000000,1194819.62
418,lpush5,1000000,792456.44
418,lrange5,1000000,1193317.38
419,lpush5,1000000,798122.88
419,lrange5,1000000,1162958.12
420,lpush5,1000000,785545.94
420,lrange5,1000000,1111111.12
421,lpush5,1000000,777075.38
421,lrange5,1000000,1175294.88
422,lpush5,1000000,798110.12
422,lrange5,1000000,1207729.50
423,lpush5,1000000,795039.75
423,lrange5,1000000,1183431.88
424,lpush5,1000000,791189.81
424,lrange5,1000000,1186448.38
425,lpush5,1000000,801371.75
425,lrange5,1000000,1218124.25
426,lpush5,1000000,804608.19
426,lrange5,1000000,1184834.12
427,lpush5,1000000,803212.88
427,lrange5,1000000,1215183.50
428,lpush5,1000000,800000.00
428,lrange5,1000000,1184947.88
429,lpush5,1000000,788022.06
429,lrange5,1000000,1173821.62
430,lpush5,1000000,793701.56
430,lrange5,1000000,1207942.00
431,lpush5,1000000,795570.44
431,lrange5,1000000,1187762.50
432,lpush5,1000000,797448.19
432,lrange5,1000000,1205069.88
433,lpush5,1000000,794357.44
433,lrange5,1000000,1216817.50
434,lpush5,1000000,789965.25
434,lrange5,1000000,1180732.00
435,lpush5,1000000,802014.44
435,lrange5,1000000,1222787.25
436,lpush5,1000000,780081.19
436,lrange5,1000000,1199232.62
437,lpush5,1000000,793650.81
437,lrange5,1000000,1206388.38
438,lpush5,1000000,794938.00
438,lrange5,1000000,1187933.50
439,lpush5,1000000,778816.19
439,lrange5,1000000,1206427.00
440,lpush5,1000000,795065.19
440,lrange5,1000000,1190552.38
441,lpush5,1000000,780106.12
441,lrange5,1000000,1179301.88
442,lpush5,1000000,789291.25
442,lrange5,1000000,1207787.38
443,lpush5,1000000,787464.56
443,lrange5,1000000,1018558.06
444,lpush5,1000000,757600.00
444,lrange5,1000000,1102553.50
445,lpush5,1000000,749087.62
445,lrange5,1000000,1104990.12
446,lpush5,1000000,782535.19
446,lrange5,1000000,1224127.38
447,lpush5,1000000,786226.44
447,lrange5,1000000,1210925.00
448,lpush5,1000000,794446.44
448,lrange5,1000000,1202153.88
449,lpush5,1000000,784313.75
449,lrange5,1000000,1168224.25
450,lpush5,1000000,806567.75
450,lrange5,1000000,1225627.50
451,lpush5,1000000,807128.38
451,lrange5,1000000,1216545.00
452,lpush5,1000000,794357.44
452,lrange5,1000000,1173821.62
453,lpush5,1000000,708751.25
453,lrange5,1000000,1189231.88
454,lpush5,1000000,780081.19
454,lrange5,1000000,1180675.38
455,lpush5,1000000,790602.38
455,lrange5,1000000,1123811.25
456,lpush5,1000000,789291.25
456,lrange5,1000000,1128758.50
457,lpush5,1000000,755990.94
457,lrange5,1000000,1160185.62
458,lpush5,1000000,798722.06
458,lrange5,1000000,1227033.12
459,lpush5,1000000,794370.19
459,lrange5,1000000,1156143.38
460,lpush5,1000000,771145.69
460,lrange5,1000000,1126432.38
461,lpush5,1000000,781935.88
461,lrange5,1000000,1197834.75
462,lpush5,1000000,798097.38
462,lrange5,1000000,1207768.12
463,lpush5,1000000,789889.38
463,lrange5,1000000,1204973.50
464,lpush5,1000000,786276.75
464,lrange5,1000000,1156143.38
465,lpush5,1000000,797512.00
465,lrange5,1000000,1212121.25
466,lpush5,1000000,794357.44
466,lrange5,1000000,1215241.75
467,lpush5,1000000,800000.00
467,lrange5,1000000,1187667.50
468,lpush5,1000000,805230.31
468,lrange5,1000000,1204954.25
469,lpush5,1000000,795557.69
469,lrange5,1000000,1218221.75
470,lpush5,1000000,777617.44
470,lrange5,1000000,1192066.75
471,lpush5,1000000,785080.06
471,lrange5,1000000,1183621.25
472,lpush5,1000000,776459.62
472,lrange5,1000000,1189098.62
473,lpush5,1000000,793135.56
473,lrange5,1000000,1204857.88
474,lpush5,1000000,793122.88
474,lrange5,1000000,1212528.50
475,lpush5,1000000,797473.69
475,lrange5,1000000,1172576.75
476,lpush5,1000000,780815.00
476,lrange5,1000000,1168299.00
477,lpush5,1000000,790589.75
477,lrange5,1000000,1201980.75
478,lpush5,1000000,781312.50
478,lrange5,1000000,1169646.75
479,lpush5,1000000,794319.31
479,lrange5,1000000,1204992.75
480,lpush5,1000000,798785.94
480,lrange5,1000000,1218065.75
481,lpush5,1000000,783135.50
481,lrange5,1000000,1184947.88
482,lpush5,1000000,798734.81
482,lrange5,1000000,1202096.12
483,lpush5,1000000,791177.19
483,lrange5,1000000,1171016.38
484,lpush5,1000000,775832.44
484,lrange5,1000000,1156069.38
485,lpush5,1000000,772200.81
485,lrange5,1000000,1193317.38
486,lpush5,1000000,778940.81
486,lrange5,1000000,1194781.38
487,lpush5,1000000,801333.31
487,lrange5,1000000,1221235.62
488,lpush5,1000000,789927.31
488,lrange5,1000000,1203600.50
489,lpush5,1000000,796178.31
489,lrange5,1000000,1209209.12
490,lpush5,1000000,799360.50
490,lrange5,1000000,1194896.00
491,lpush5,1000000,783085.38
491,lrange5,1000000,1191990.50
492,lpush5,1000000,801924.62
492,lrange5,1000000,1213592.25
493,lpush5,1000000,793688.88
493,lrange5,1000000,1185080.62
494,lpush5,1000000,805917.75
494,lrange5,1000000,1194762.25
495,lpush5,1000000,796914.75
495,lrange5,1000000,1177856.38
496,lpush5,1000000,796229.25
496,lrange5,1000000,1200518.62
497,lpush5,1000000,798722.06
497,lrange5,1000000,1176508.25
498,lpush5,1000000,774018.56
498,lrange5,1000000,1200633.88
499,lpush5,1000000,794281.19
499,lrange5,1000000,1202000.00
500,lpush5,1000000,785621.38
500,lrange5,1000000,1152129.12
501,lpush5,1000000,778866.00
501,lrange5,1000000,1213611.62
502,lpush5,1000000,777150.00
502,lrange5,1000000,1190647.62
503,lpush5,1000000,796812.75
503,lrange5,1000000,1186277.62
504,lpush5,1000000,799411.62
504,lrange5,1000000,1228540.50
505,lpush5,1000000,786188.69
505,lrange5,1000000,1201942.25
506,lpush5,1000000,805204.50
506,lrange5,1000000,1228560.12
507,lpush5,1000000,798773.19
507,lrange5,1000000,1207806.75
508,lpush5,1000000,801282.06
508,lrange5,1000000,1206427.00
509,lpush5,1000000,804569.56
509,lrange5,1000000,1193432.00
510,lpush5,1000000,771716.06
510,lrange5,1000000,1219609.75
511,lpush5,1000000,792443.75
511,lrange5,1000000,1225666.75
512,lpush5,1000000,800640.56
512,lrange5,1000000,1203446.50
513,lpush5,1000000,790602.38
513,lrange5,1000000,1180656.38
514,lpush5,1000000,800743.00
514,lrange5,1000000,1172539.25
515,lpush5,1000000,804595.31
515,lrange5,1000000,1216603.38
516,lpush5,1000000,807270.38
516,lrange5,1000000,1164163.00
517,lpush5,1000000,794976.12
517,lrange5,1000000,1183450.88
518,lpush5,1000000,793021.38
518,lrange5,1000000,1237742.50
519,lpush5,1000000,791164.50
519,lrange5,1000000,1177912.88
520,lpush5,1000000,790526.50
520,lrange5,1000000,1203485.00
521,lpush5,1000000,800679.00
521,lrange5,1000000,1204935.00
522,lpush5,1000000,764599.44
522,lrange5,1000000,1204857.88
523,lpush5,1000000,789379.69
523,lrange5,1000000,1199098.38
524,lpush5,1000000,788681.38
524,lrange5,1000000,1218221.75
525,lpush5,1000000,803922.88
525,lrange5,1000000,1204857.88
526,lpush5,1000000,803961.44
526,lrange5,1000000,1193622.88
527,lpush5,1000000,788034.62
527,lrange5,1000000,1180694.25
528,lpush5,1000000,780118.62
528,lrange5,1000000,1169628.00
529,lpush5,1000000,783799.38
529,lrange5,1000000,1197624.00
530,lpush5,1000000,789902.06
530,lrange5,1000000,1210711.88
531,lpush5,1000000,789291.25
531,lrange5,1000000,1200499.38
532,lpush5,1000000,795570.44
532,lrange5,1000000,1190704.75
533,lpush5,1000000,778928.31
533,lrange5,1000000,1150748.00
534,lpush5,1000000,798174.00
534,lrange5,1000000,1218026.88
535,lpush5,1000000,800640.56
535,lrange5,1000000,1216720.12
536,lpush5,1000000,788706.62
536,lrange5,1000000,1190609.50
537,lpush5,1000000,797524.75
537,lrange5,1000000,1193508.38
538,lpush5,1000000,790028.44
538,lrange5,1000000,1182165.50
539,lpush5,1000000,790003.12
539,lrange5,1000000,1230130.38
540,lpush5,1000000,794446.44
540,lrange5,1000000,1183526.62
541,lpush5,1000000,777604.94
541,lrange5,1000000,1207845.38
542,lpush5,1000000,795001.56
542,lrange5,1000000,1162846.50
543,lpush5,1000000,786819.81
543,lrange5,1000000,1213669.88
544,lpush5,1000000,805204.50
544,lrange5,1000000,1203388.75
545,lpush5,1000000,805879.06
545,lrange5,1000000,1210847.50
546,lpush5,1000000,797601.31
546,lrange5,1000000,1206272.62
547,lpush5,1000000,803935.69
547,lrange5,1000000,1189060.62
548,lpush5,1000000,778210.12
548,lrange5,1000000,1201923.00
549,lpush5,1000000,803238.56
549,lrange5,1000000,1207748.75
550,lpush5,1000000,796876.50
550,lrange5,1000000,1216681.25
551,lpush5,1000000,801282.06
551,lrange5,1000000,1213669.88
552,lpush5,1000000,796203.81
552,lrange5,1000000,1206272.62
553,lpush5,1000000,790602.38
553,lrange5,1000000,1222669.88
554,lpush5,1000000,792481.81
554,lrange5,1000000,1189117.75
555,lpush5,1000000,795557.69
555,lrange5,1000000,1179452.88
556,lpush5,1000000,796876.50
556,lrange5,1000000,1204896.38
557,lpush5,1000000,790526.50
557,lrange5,1000000,1186315.50
558,lpush5,1000000,793663.50
558,lrange5,1000000,1187819.50
559,lpush5,1000000,791816.31
559,lrange5,1000000,1212237.62
560,lpush5,1000000,790551.81
560,lrange5,1000000,1175238.50
561,lpush5,1000000,789392.31
561,lrange5,1000000,1189136.75
562,lpush5,1000000,780031.25
562,lrange5,1000000,1154752.88
563,lpush5,1000000,778222.56
563,lrange5,1000000,1186467.38
564,lpush5,1000000,772213.12
564,lrange5,1000000,1149793.12
565,lpush5,1000000,787401.56
565,lrange5,1000000,1205166.25
566,lpush5,1000000,789266.00
566,lrange5,1000000,1206311.25
567,lpush5,1000000,796292.94
567,lrange5,1000000,1203465.75
568,lpush5,1000000,782522.69
568,lrange5,1000000,1204819.25
569,lpush5,1000000,771654.31
569,lrange5,1000000,1196172.25
570,lpush5,1000000,796953.00
570,lrange5,1000000,1176734.12
571,lpush5,1000000,795608.62
571,lrange5,1000000,1216545.00
572,lpush5,1000000,774667.69
572,lrange5,1000000,1219531.75
573,lpush5,1000000,771679.00
573,lrange5,1000000,1216545.00
574,lpush5,1000000,801358.94
574,lrange5,1000000,1209402.62
575,lpush5,1000000,781262.50
575,lrange5,1000000,1196344.50
576,lpush5,1000000,802632.38
576,lrange5,1000000,1194743.12
577,lpush5,1000000,796203.81
577,lrange5,1000000,1230307.50
578,lpush5,1000000,798811.50
578,lrange5,1000000,1206504.25
579,lpush5,1000000,775193.81
579,lrange5,1000000,1233242.88
580,lpush5,1000000,803858.56
580,lrange5,1000000,1209325.25
581,lpush5,1000000,783724.12
581,lrange5,1000000,1203542.75
582,lpush5,1000000,801975.94
582,lrange5,1000000,1187819.50
583,lpush5,1000000,796216.56
583,lrange5,1000000,1200633.88
584,lpush5,1000000,789902.06
584,lrange5,1000000,1226993.88
585,lpush5,1000000,788694.00
585,lrange5,1000000,1225666.75
586,lpush5,1000000,788694.00
586,lrange5,1000000,1193451.12
587,lpush5,1000000,799373.25
587,lrange5,1000000,1225686.25
588,lpush5,1000000,800666.19
588,lrange5,1000000,1192066.75
589,lpush5,1000000,804569.56
589,lrange5,1000000,1196344.50
590,lpush5,1000000,801333.31
590,lrange5,1000000,1209286.50
591,lpush5,1000000,784941.88
591,lrange5,1000000,1172408.00
592,lpush5,1000000,797512.00
592,lrange5,1000000,1200480.12
593,lpush5,1000000,796851.00
593,lrange5,1000000,1215202.88
594,lpush5,1000000,792431.06
594,lrange5,1000000,1222611.25
595,lpush5,1000000,789889.38
595,lrange5,1000000,1157462.88
596,lpush5,1000000,792519.81
596,lrange5,1000000,1193317.38
597,lpush5,1000000,752614.00
597,lrange5,1000000,1122370.38
598,lpush5,1000000,765782.56
598,lrange5,1000000,1184872.12
599,lpush5,1000000,784414.12
599,lrange5,1000000,1165557.12
600,lpush5,1000000,758247.12
600,lrange5,1000000,1176470.50
601,lpush5,1000000,775820.00
601,lrange5,1000000,1157592.62
602,lpush5,1000000,774680.06
602,lrange5,1000000,1090721.88
603,lpush5,1000000,807128.38
603,lrange5,1000000,1165501.25
604,lpush5,1000000,796216.56
604,lrange5,1000000,1231665.00
605,lpush5,1000000,757014.38
605,lrange5,1000000,1094267.00
606,lpush5,1000000,769822.94
606,lrange5,1000000,1143058.25
607,lpush5,1000000,781985.88
607,lrange5,1000000,1197643.12
608,lpush5,1000000,786201.31
608,lrange5,1000000,1184834.12
609,lpush5,1000000,757135.50
609,lrange5,1000000,1014231.25
610,lpush5,1000000,761035.00
610,lrange5,1000000,1145475.38
611,lpush5,1000000,753024.12
611,lrange5,1000000,1100409.25
612,lpush5,1000000,776409.94
612,lrange5,1000000,1099024.12
613,lpush5,1000000,767496.56
613,lrange5,1000000,1150766.38
614,lpush5,1000000,789266.00
614,lrange5,1000000,1230012.25
615,lpush5,1000000,800768.62
615,lrange5,1000000,1212470.38
616,lpush5,1000000,801988.81
616,lrange5,1000000,1157629.62
617,lpush5,1000000,766907.94
617,lrange5,1000000,1204935.00
618,lpush5,1000000,789902.06
618,lrange5,1000000,1206311.25
619,lpush5,1000000,775906.88
619,lrange5,1000000,1204877.12
620,lpush5,1000000,800064.00
620,lrange5,1000000,1216700.75
621,lpush5,1000000,794988.88
621,lrange5,1000000,1209209.12
622,lpush5,1000000,798084.56
622,lrange5,1000000,1226993.88
623,lpush5,1000000,789914.69
623,lrange5,1000000,1153439.50
624,lpush5,1000000,800730.19
624,lrange5,1000000,1207942.00
625,lpush5,1000000,788643.50
625,lrange5,1000000,1197624.00
626,lpush5,1000000,797537.50
626,lrange5,1000000,1218143.75
627,lpush5,1000000,785659.06
627,lrange5,1000000,1190495.25
628,lpush5,1000000,806619.38
628,lrange5,1000000,1209189.75
629,lpush5,1000000,799398.88
629,lrange5,1000000,1222533.00
630,lpush5,1000000,786907.94
630,lrange5,1000000,1178026.00
631,lpush5,1000000,796851.00
631,lrange5,1000000,1222748.12
632,lpush5,1000000,794281.19
632,lrange5,1000000,1222689.50
633,lpush5,1000000,795621.31
633,lrange5,1000000,1192085.88
634,lpush5,1000000,797448.19
634,lrange5,1000000,1207748.75
635,lpush5,1000000,763395.44
635,lrange5,1000000,1143058.25
636,lpush5,1000000,789354.38
636,lrange5,1000000,1172351.75
637,lpush5,1000000,788160.75
637,lrange5,1000000,1209402.62
638,lpush5,1000000,793650.81
638,lrange5,1000000,1190495.25
639,lpush5,1000000,790513.81
639,lrange5,1000000,1189079.62
640,lpush5,1000000,802606.69
640,lrange5,1000000,1201942.25
641,lpush5,1000000,809100.38
641,lrange5,1000000,1222533.00
642,lpush5,1000000,795685.00
642,lrange5,1000000,1193374.75
643,lpush5,1000000,796863.75
643,lrange5,1000000,1200614.62
644,lpush5,1000000,800704.56
644,lrange5,1000000,1218124.25
645,lpush5,1000000,802658.06
645,lrange5,1000000,1197739.00
646,lpush5,1000000,786857.56
646,lrange5,1000000,1228599.50
647,lpush5,1000000,798122.88
647,lrange5,1000000,1206291.88
648,lpush5,1000000,777112.69
648,lrange5,1000000,1227033.12
649,lpush5,1000000,805840.44
649,lrange5,1000000,955170.94
650,lpush5,1000000,775243.44
650,lrange5,1000000,1191952.38
651,lpush5,1000000,779448.19
651,lrange5,1000000,1172370.50
652,lpush5,1000000,757575.75
652,lrange5,1000000,1144256.25
653,lpush5,1000000,757600.00
653,lrange5,1000000,1098936.25
654,lpush5,1000000,750762.75
654,lrange5,1000000,1149462.12
655,lpush5,1000000,789404.94
655,lrange5,1000000,1176696.50
656,lpush5,1000000,790577.06
656,lrange5,1000000,1179396.25
657,lpush5,1000000,787414.19
657,lrange5,1000000,1189174.75
658,lpush5,1000000,785596.25
658,lrange5,1000000,1183488.75
659,lpush5,1000000,774006.19
659,lrange5,1000000,1126144.12
660,lpush5,1000000,785004.69
660,lrange5,1000000,1197681.50
661,lpush5,1000000,789291.25
661,lrange5,1000000,1190476.25
662,lpush5,1000000,788731.88
662,lrange5,1000000,1173727.75
663,lpush5,1000000,781873.31
663,lrange5,1000000,1194781.38
664,lpush5,1000000,773395.19
664,lrange5,1000000,1177950.50
665,lpush5,1000000,788656.12
665,lrange5,1000000,1158804.25
666,lpush5,1000000,757648.44
666,lrange5,1000000,1153402.50
667,lpush5,1000000,753603.62
667,lrange5,1000000,1158915.50
668,lpush5,1000000,679809.69
668,lrange5,1000000,1111271.12
669,lpush5,1000000,758283.56
669,lrange5,1000000,1121130.00
670,lpush5,1000000,775857.25
670,lrange5,1000000,1145677.00
671,lpush5,1000000,759447.19
671,lrange5,1000000,1164163.00
672,lpush5,1000000,775342.69
672,lrange5,1000000,1132520.88
673,lpush5,1000000,783749.19
673,lrange5,1000000,1208077.25
674,lpush5,1000000,796825.50
674,lrange5,1000000,1194743.12
675,lpush5,1000000,787426.81
675,lrange5,1000000,1179283.00
676,lpush5,1000000,802568.19
676,lrange5,1000000,1210905.62
677,lpush5,1000000,798084.56
677,lrange5,1000000,1187686.50
678,lpush5,1000000,789952.56
678,lrange5,1000000,1132684.00
679,lpush5,1000000,784992.12
679,lrange5,1000000,1215105.75
680,lpush5,1000000,777679.62
680,lrange5,1000000,1136472.75
681,lpush5,1000000,778816.19
681,lrange5,1000000,1197777.25
682,lpush5,1000000,786907.94
682,lrange5,1000000,1194743.12
683,lpush5,1000000,800115.19
683,lrange5,1000000,1200499.38
684,lpush5,1000000,803302.81
684,lrange5,1000000,1196229.62
685,lpush5,1000000,790539.12
685,lrange5,1000000,1203639.00
686,lpush5,1000000,805256.06
686,lrange5,1000000,1203465.75
687,lpush5,1000000,786213.88
687,lrange5,1000000,1202134.62
688,lpush5,1000000,800064.00
688,lrange5,1000000,1218046.38
689,lpush5,1000000,795659.50
689,lrange5,1000000,1160092.88
690,lpush5,1000000,790526.50
690,lrange5,1000000,1212237.62
691,lpush5,1000000,795761.38
691,lrange5,1000000,1201961.50
692,lpush5,1000000,795583.12
692,lrange5,1000000,1230032.00
693,lpush5,1000000,800640.56
693,lrange5,1000000,1209402.62
694,lpush5,1000000,789367.06
694,lrange5,1000000,1178157.88
695,lpush5,1000000,786239.00
695,lrange5,1000000,1203523.50
696,lpush5,1000000,796203.81
696,lrange5,1000000,1162827.88
697,lpush5,1000000,800025.62
697,lrange5,1000000,1210847.50
698,lpush5,1000000,784338.81
698,lrange5,1000000,1216739.62
699,lpush5,1000000,798097.38
699,lrange5,1000000,1196325.38
700,lpush5,1000000,793701.56
700,lrange5,1000000,1212257.00
701,lpush5,1000000,801282.06
701,lrange5,1000000,1187857.50
702,lpush5,1000000,798122.88
702,lrange5,1000000,1190628.62
703,lpush5,1000000,797550.25
703,lrange5,1000000,1186353.50
704,lpush5,1000000,797448.19
704,lrange5,1000000,1203485.00
705,lpush5,1000000,798084.56
705,lrange5,1000000,1200633.88
706,lpush5,1000000,800640.56
706,lrange5,1000000,1189174.75
707,lpush5,1000000,800051.19
707,lrange5,1000000,1206291.88
708,lpush5,1000000,794963.44
708,lrange5,1000000,1176545.88
709,lpush5,1000000,795027.00
709,lrange5,1000000,1221001.25
710,lpush5,1000000,803935.69
710,lrange5,1000000,1196401.88
711,lpush5,1000000,805801.75
711,lrange5,1000000,1212257.00
712,lpush5,1000000,803922.88
712,lrange5,1000000,1193336.50
713,lpush5,1000000,800768.62
713,lrange5,1000000,1224009.88
714,lpush5,1000000,793701.56
714,lrange5,1000000,1184872.12
715,lpush5,1000000,795672.25
715,lrange5,1000000,1236093.88
716,lpush5,1000000,806567.75
716,lrange5,1000000,1216564.38
717,lpush5,1000000,803922.88
717,lrange5,1000000,1224107.75
718,lpush5,1000000,803277.12
718,lrange5,1000000,1212160.00
719,lpush5,1000000,805801.75
719,lrange5,1000000,1219629.25
720,lpush5,1000000,788719.25
720,lrange5,1000000,1218065.75
721,lpush5,1000000,795570.44
721,lrange5,1000000,1225529.38
722,lpush5,1000000,793034.06
722,lrange5,1000000,1187667.50
723,lpush5,1000000,783123.00
723,lrange5,1000000,1191914.25
724,lpush5,1000000,796902.00
724,lrange5,1000000,1216545.00
725,lpush5,1000000,785545.94
725,lrange5,1000000,1230012.25
726,lpush5,1000000,798097.38
726,lrange5,1000000,1209267.25
727,lpush5,1000000,780118.62
727,lrange5,1000000,1150913.62
728,lpush5,1000000,790526.50
728,lrange5,1000000,1193432.00
729,lpush5,1000000,784414.12
729,lrange5,1000000,1210711.88
730,lpush5,1000000,803935.69
730,lrange5,1000000,1204819.25
731,lpush5,1000000,799437.25
731,lrange5,1000000,1196172.25
732,lpush5,1000000,788097.69
732,lrange5,1000000,1209383.25
733,lpush5,1000000,800051.19
733,lrange5,1000000,1225529.38
734,lpush5,1000000,790028.44
734,lrange5,1000000,1193489.25
735,lpush5,1000000,799360.50
735,lrange5,1000000,1213844.62
736,lpush5,1000000,787452.00
736,lrange5,1000000,1193565.62
737,lpush5,1000000,759878.44
737,lrange5,1000000,1156161.88
738,lpush5,1000000,777692.06
738,lrange5,1000000,1187838.50
739,lpush5,1000000,778816.19
739,lrange5,1000000,1183469.75
740,lpush5,1000000,789341.75
740,lrange5,1000000,1197643.12
741,lpush5,1000000,798734.81
741,lrange5,1000000,1177988.25
742,lpush5,1000000,800128.00
742,lrange5,1000000,1190666.75
743,lpush5,1000000,796812.75
743,lrange5,1000000,1191952.38
744,lpush5,1000000,789927.31
744,lrange5,1000000,1210711.88
745,lpush5,1000000,783198.12
745,lrange5,1000000,1197604.88
746,lpush5,1000000,793765.06
746,lrange5,1000000,1186391.50
747,lpush5,1000000,795710.44
747,lrange5,1000000,1175182.12
748,lpush5,1000000,798722.06
748,lrange5,1000000,1182222.25
749,lpush5,1000000,793650.81
749,lrange5,1000000,1176621.12
750,lpush5,1000000,796876.50
750,lrange5,1000000,1189079.62
751,lpush5,1000000,774717.25
751,lrange5,1000000,1179320.75
752,lpush5,1000000,798097.38
752,lrange5,1000000,1180637.50
753,lpush5,1000000,803277.12
753,lrange5,1000000,1207787.38
754,lpush5,1000000,803987.19
754,lrange5,1000000,1176658.75
755,lpush5,1000000,802581.00
755,lrange5,1000000,1207806.75
756,lpush5,1000000,793650.81
756,lrange5,1000000,1204935.00
757,lpush5,1000000,778235.06
757,lrange5,1000000,1177875.12
758,lpush5,1000000,787464.56
758,lrange5,1000000,1190514.38
759,lpush5,1000000,791778.31
759,lrange5,1000000,1194762.25
760,lpush5,1000000,784426.69
760,lrange5,1000000,1199271.00
761,lpush5,1000000,778940.81
761,lrange5,1000000,1194762.25
762,lpush5,1000000,788059.88
762,lrange5,1000000,1206349.88
763,lpush5,1000000,794319.31
763,lrange5,1000000,1213669.88
764,lpush5,1000000,783799.38
764,lrange5,1000000,1203465.75
765,lpush5,1000000,792431.06
765,lrange5,1000000,1175276.12
766,lpush5,1000000,800025.62
766,lrange5,1000000,1199155.88
767,lpush5,1000000,797448.19
767,lrange5,1000000,1172426.75
768,lpush5,1000000,798722.06
768,lrange5,1000000,1208000.00
769,lpush5,1000000,803251.38
769,lrange5,1000000,1183697.00
770,lpush5,1000000,803302.81
770,lrange5,1000000,1192066.75
771,lpush5,1000000,767472.00
771,lrange5,1000000,1176677.62
772,lpush5,1000000,797448.19
772,lrange5,1000000,1194781.38
773,lpush5,1000000,792431.06
773,lrange5,1000000,1196191.38
774,lpush5,1000000,786845.00
774,lrange5,1000000,1202000.00
775,lpush5,1000000,777679.62
775,lrange5,1000000,1207787.38
776,lpush5,1000000,796876.50
776,lrange5,1000000,1200749.12
777,lpush5,1000000,792570.56
777,lrange5,1000000,1196555.00
778,lpush5,1000000,794976.12
778,lrange5,1000000,1203542.75
779,lpush5,1000000,789939.94
779,lrange5,1000000,1194819.62
780,lpush5,1000000,793688.88
780,lrange5,1000000,1183431.88
781,lpush5,1000000,787540.19
781,lrange5,1000000,1204973.50
782,lpush5,1000000,791303.75
782,lrange5,1000000,1213611.62
783,lpush5,1000000,797588.56
783,lrange5,1000000,1194743.12
784,lpush5,1000000,798785.94
784,lrange5,1000000,1201980.75
785,lpush5,1000000,793650.81
785,lrange5,1000000,1180826.50
786,lpush5,1000000,795672.25
786,lrange5,1000000,1208000.00
787,lpush5,1000000,799450.00
787,lrange5,1000000,1213883.50
788,lpush5,1000000,775231.00
788,lrange5,1000000,1216603.38
789,lpush5,1000000,802683.75
789,lrange5,1000000,1192047.75
790,lpush5,1000000,798122.88
790,lrange5,1000000,1199213.50
791,lpush5,1000000,786782.06
791,lrange5,1000000,1203388.75
792,lpush5,1000000,784363.94
792,lrange5,1000000,1200557.00
793,lpush5,1000000,795723.19
793,lrange5,1000000,1189060.62
794,lpush5,1000000,796267.50
794,lrange5,1000000,1216545.00
795,lpush5,1000000,782522.69
795,lrange5,1000000,1206523.50
796,lpush5,1000000,800115.19
796,lrange5,1000000,1225529.38
797,lpush5,1000000,795608.62
797,lrange5,1000000,1183469.75
798,lpush5,1000000,795646.81
798,lrange5,1000000,1197604.88
799,lpush5,1000000,781250.00
799,lrange5,1000000,1160185.62
800,lpush5,1000000,760529.25
800,lrange5,1000000,1157425.88
801,lpush5,1000000,800653.38
801,lrange5,1000000,1193393.75
802,lpush5,1000000,803884.25
802,lrange5,1000000,1206349.88
803,lpush5,1000000,788681.38
803,lrange5,1000000,1204992.75
804,lpush5,1000000,788782.31
804,lrange5,1000000,1192085.88
805,lpush5,1000000,790003.12
805,lrange5,1000000,1219590.25
806,lpush5,1000000,787464.56
806,lrange5,1000000,1201923.00
807,lpush5,1000000,789354.38
807,lrange5,1000000,1201961.50
808,lpush5,1000000,784351.38
808,lrange5,1000000,1216583.88
809,lpush5,1000000,781337.50
809,lrange5,1000000,1200480.12
810,lpush5,1000000,798186.75
810,lrange5,1000000,1215066.75
811,lpush5,1000000,781860.81
811,lrange5,1000000,1228619.12
812,lpush5,1000000,795583.12
812,lrange5,1000000,1216778.50
813,lpush5,1000000,791765.62
813,lrange5,1000000,1209209.12
814,lpush5,1000000,786264.19
814,lrange5,1000000,1216720.12
815,lpush5,1000000,807167.12
815,lrange5,1000000,1213611.62
816,lpush5,1000000,807948.25
816,lrange5,1000000,1204915.62
817,lpush5,1000000,805814.62
817,lrange5,1000000,1231645.38
818,lpush5,1000000,787502.38
818,lrange5,1000000,1134058.88
819,lpush5,1000000,793021.38
819,lrange5,1000000,1190476.25
820,lpush5,1000000,785017.25
820,lrange5,1000000,1200633.88
821,lpush5,1000000,779473.12
821,lrange5,1000000,1197892.25
822,lpush5,1000000,792431.06
822,lrange5,1000000,1194991.62
823,lpush5,1000000,798084.56
823,lrange5,1000000,1176715.25
824,lpush5,1000000,794319.31
824,lrange5,1000000,1243880.62
825,lpush5,1000000,798811.50
825,lrange5,1000000,1213669.88
826,lpush5,1000000,802722.25
826,lrange5,1000000,1215086.25
827,lpush5,1000000,794950.69
827,lrange5,1000000,1184891.00
828,lpush5,1000000,783135.50
828,lrange5,1000000,1203388.75
829,lpush5,1000000,764611.62
829,lrange5,1000000,1230228.75
830,lpush5,1000000,789952.56
830,lrange5,1000000,1161570.25
831,lpush5,1000000,781275.00
831,lrange5,1000000,1173727.75
832,lpush5,1000000,796191.06
832,lrange5,1000000,1187819.50
833,lpush5,1000000,801937.44
833,lrange5,1000000,1206272.62
834,lpush5,1000000,794319.31
834,lrange5,1000000,1141771.75
835,lpush5,1000000,746897.69
835,lrange5,1000000,1207806.75
836,lpush5,1000000,768688.69
836,lrange5,1000000,1225549.00
837,lpush5,1000000,799424.44
837,lrange5,1000000,1210673.12
838,lpush5,1000000,791803.62
838,lrange5,1000000,1175144.50
839,lpush5,1000000,786782.06
839,lrange5,1000000,1203562.00
840,lpush5,1000000,799373.25
840,lrange5,1000000,1194838.75
841,lpush5,1000000,800768.62
841,lrange5,1000000,1164218.88
842,lpush5,1000000,784941.88
842,lrange5,1000000,1212140.62
843,lpush5,1000000,801358.94
843,lrange5,1000000,1215105.75
844,lpush5,1000000,789914.69
844,lrange5,1000000,1199155.88
845,lpush5,1000000,784313.75
845,lrange5,1000000,1215164.00
846,lpush5,1000000,802619.56
846,lrange5,1000000,1179415.12
847,lpush5,1000000,796863.75
847,lrange5,1000000,1206484.88
848,lpush5,1000000,791955.62
848,lrange5,1000000,1221235.62
849,lpush5,1000000,800064.00
849,lrange5,1000000,1144274.62
850,lpush5,1000000,777038.12
850,lrange5,1000000,1215280.62
851,lpush5,1000000,762813.12
851,lrange5,1000000,1203369.50
852,lpush5,1000000,783110.44
852,lrange5,1000000,1169684.12
853,lpush5,1000000,799424.44
853,lrange5,1000000,1230051.62
854,lpush5,1000000,799373.25
854,lrange5,1000000,1227033.12
855,lpush5,1000000,801282.06
855,lrange5,1000000,1216700.75
856,lpush5,1000000,796191.06
856,lrange5,1000000,1200749.12
857,lpush5,1000000,789927.31
857,lrange5,1000000,1206272.62
858,lpush5,1000000,796343.94
858,lrange5,1000000,1221040.25
859,lpush5,1000000,800755.81
859,lrange5,1000000,1250200.00
860,lpush5,1000000,803251.38
860,lrange5,1000000,1204857.88
861,lpush5,1000000,797512.00
861,lrange5,1000000,1203446.50
862,lpush5,1000000,784326.31
862,lrange5,1000000,1225549.00
863,lpush5,1000000,806451.62
863,lrange5,1000000,1199136.75
864,lpush5,1000000,791790.94
864,lrange5,1000000,1224107.75
865,lpush5,1000000,799411.62
865,lrange5,1000000,1200518.62
866,lpush5,1000000,794332.06
866,lrange5,1000000,1209247.88
867,lpush5,1000000,795659.50
867,lrange5,1000000,1239474.62
868,lpush5,1000000,800000.00
868,lrange5,1000000,1216700.75
869,lpush5,1000000,799360.50
869,lrange5,1000000,1227150.88
870,lpush5,1000000,805230.31
870,lrange5,1000000,1172745.62
871,lpush5,1000000,801346.12
871,lrange5,1000000,1199040.75
872,lpush5,1000000,800076.81
872,lrange5,1000000,1210673.12
873,lpush5,1000000,800012.81
873,lrange5,1000000,1224264.38
874,lpush5,1000000,800038.38
874,lrange5,1000000,1212160.00
875,lpush5,1000000,787502.38
875,lrange5,1000000,1218202.25
876,lpush5,1000000,798734.81
876,lrange5,1000000,1175144.50
877,lpush5,1000000,789316.50
877,lrange5,1000000,1109913.38
878,lpush5,1000000,747955.12
878,lrange5,1000000,1209286.50
879,lpush5,1000000,800051.19
879,lrange5,1000000,1165687.62
880,lpush5,1000000,766871.12
880,lrange5,1000000,1193355.62
881,lpush5,1000000,781860.81
881,lrange5,1000000,1157407.38
882,lpush5,1000000,788782.31
882,lrange5,1000000,1219570.75
883,lpush5,1000000,804672.56
883,lrange5,1000000,1200518.62
884,lpush5,1000000,751386.94
884,lrange5,1000000,1202057.62
885,lpush5,1000000,792532.50
885,lrange5,1000000,1169646.75
886,lpush5,1000000,793059.44
886,lrange5,1000000,1215125.12
887,lpush5,1000000,794306.62
887,lrange5,1000000,1191952.38
888,lpush5,1000000,786239.00
888,lrange5,1000000,1164200.25
889,lpush5,1000000,781885.81
889,lrange5,1000000,1182127.62
890,lpush5,1000000,765123.19
890,lrange5,1000000,1168224.25
891,lpush5,1000000,786264.19
891,lrange5,1000000,1184891.00
892,lpush5,1000000,781973.38
892,lrange5,1000000,1192028.62
893,lpush5,1000000,790577.06
893,lrange5,1000000,1179396.25
894,lpush5,1000000,791816.31
894,lrange5,1000000,1199098.38
895,lpush5,1000000,798722.06
895,lrange5,1000000,1221196.62
896,lpush5,1000000,796825.50
896,lrange5,1000000,1209344.62
897,lpush5,1000000,796851.00
897,lrange5,1000000,1146935.75
898,lpush5,1000000,786163.56
898,lrange5,1000000,1193546.50
899,lpush5,1000000,799373.25
899,lrange5,1000000,1212198.75
900,lpush5,1000000,796863.75
900,lrange5,1000000,1210731.25
901,lpush5,1000000,793084.81
901,lrange5,1000000,1203562.00
902,lpush5,1000000,801320.50
902,lrange5,1000000,1194896.00
903,lpush5,1000000,802581.00
903,lrange5,1000000,1173840.38
904,lpush5,1000000,797499.25
904,lrange5,1000000,1204819.25
905,lpush5,1000000,793777.81
905,lrange5,1000000,1191914.25
906,lpush5,1000000,792418.38
906,lrange5,1000000,1187648.50
907,lpush5,1000000,798122.88
907,lrange5,1000000,1202269.25
908,lpush5,1000000,800691.81
908,lrange5,1000000,1212179.38
909,lpush5,1000000,805153.00
909,lrange5,1000000,1202038.38
910,lpush5,1000000,781860.81
910,lrange5,1000000,1199194.25
911,lpush5,1000000,804672.56
911,lrange5,1000000,1204915.62
912,lpush5,1000000,776447.19
912,lrange5,1000000,1210692.50
913,lpush5,1000000,797537.50
913,lrange5,1000000,1216603.38
914,lpush5,1000000,797473.69
914,lrange5,1000000,1182165.50
915,lpush5,1000000,800012.81
915,lrange5,1000000,1218241.25
916,lpush5,1000000,800076.81
916,lrange5,1000000,1218085.25
917,lpush5,1000000,789354.38
917,lrange5,1000000,1224186.12
918,lpush5,1000000,794950.69
918,lrange5,1000000,1213825.25
919,lpush5,1000000,792405.75
919,lrange5,1000000,1210866.88
920,lpush5,1000000,795570.44
920,lrange5,1000000,1215066.75
921,lpush5,1000000,786782.06
921,lrange5,1000000,1203408.00
922,lpush5,1000000,786213.88
922,lrange5,1000000,1193374.75
923,lpush5,1000000,783774.25
923,lrange5,1000000,1216642.25
924,lpush5,1000000,796267.50
924,lrange5,1000000,1203465.75
925,lpush5,1000000,800691.81
925,lrange5,1000000,1222513.38
926,lpush5,1000000,798811.50
926,lrange5,1000000,1193470.12
927,lpush5,1000000,803302.81
927,lrange5,1000000,1202096.12
928,lpush5,1000000,800038.38
928,lrange5,1000000,1224088.12
929,lpush5,1000000,778928.31
929,lrange5,1000000,1202019.25
930,lpush5,1000000,704349.31
930,lrange5,1000000,1044948.75
931,lpush5,1000000,792393.06
931,lrange5,1000000,1227111.62
932,lpush5,1000000,800653.38
932,lrange5,1000000,1223990.25
933,lpush5,1000000,788794.94
933,lrange5,1000000,1207845.38
934,lpush5,1000000,783699.06
934,lrange5,1000000,1222689.50
935,lpush5,1000000,807754.44
935,lrange5,1000000,1242355.25
936,lpush5,1000000,783711.56
936,lrange5,1000000,1212160.00
937,lpush5,1000000,771034.69
937,lrange5,1000000,1206291.88
938,lpush5,1000000,781362.50
938,lrange5,1000000,1210847.50
939,lpush5,1000000,797486.50
939,lrange5,1000000,1199213.50
940,lpush5,1000000,801384.62
940,lrange5,1000000,1210711.88
941,lpush5,1000000,793021.38
941,lrange5,1000000,1189079.62
942,lpush5,1000000,801988.81
942,lrange5,1000000,1199175.12
943,lpush5,1000000,783173.06
943,lrange5,1000000,1204935.00
944,lpush5,1000000,785621.38
944,lrange5,1000000,1227131.25
945,lpush5,1000000,791151.88
945,lrange5,1000000,1206427.00
946,lpush5,1000000,798161.19
946,lrange5,1000000,1212218.25
947,lpush5,1000000,802040.12
947,lrange5,1000000,1200595.38
948,lpush5,1000000,783749.19
948,lrange5,1000000,1210886.25
949,lpush5,1000000,786213.88
949,lrange5,1000000,1213689.38
950,lpush5,1000000,793084.81
950,lrange5,1000000,1209209.12
951,lpush5,1000000,793072.12
951,lrange5,1000000,1227150.88
952,lpush5,1000000,799373.25
952,lrange5,1000000,1213883.50
953,lpush5,1000000,802027.25
953,lrange5,1000000,1182203.25
954,lpush5,1000000,803315.69
954,lrange5,1000000,1201980.75
955,lpush5,1000000,791841.62
955,lrange5,1000000,1221001.25
956,lpush5,1000000,793034.06
956,lrange5,1000000,1228501.25
957,lpush5,1000000,787414.19
957,lrange5,1000000,1203369.50
958,lpush5,1000000,781350.00
958,lrange5,1000000,1219531.75
959,lpush5,1000000,792469.12
959,lrange5,1000000,1210711.88
960,lpush5,1000000,794370.19
960,lrange5,1000000,1183431.88
961,lpush5,1000000,795052.44
961,lrange5,1000000,1187667.50
962,lpush5,1000000,791164.50
962,lrange5,1000000,1165538.50
963,lpush5,1000000,788719.25
963,lrange5,1000000,1210770.00
964,lpush5,1000000,796812.75
964,lrange5,1000000,1200537.75
965,lpush5,1000000,793739.69
965,lrange5,1000000,1193374.75
966,lpush5,1000000,799386.06
966,lrange5,1000000,1203504.25
967,lpush5,1000000,795154.19
967,lrange5,1000000,1197643.12
968,lpush5,1000000,801333.31
968,lrange5,1000000,1207748.75
969,lpush5,1000000,800076.81
969,lrange5,1000000,1199079.12
970,lpush5,1000000,790564.44
970,lrange5,1000000,1216622.88
971,lpush5,1000000,803897.12
971,lrange5,1000000,1179320.75
972,lpush5,1000000,786782.06
972,lrange5,1000000,1173765.25
973,lpush5,1000000,798237.81
973,lrange5,1000000,1179377.38
974,lpush5,1000000,783148.06
974,lrange5,1000000,1207768.12
975,lpush5,1000000,788643.50
975,lrange5,1000000,1200729.88
976,lpush5,1000000,778841.12
976,lrange5,1000000,1183507.62
977,lpush5,1000000,775206.25
977,lrange5,1000000,1224107.75
978,lpush5,1000000,794293.94
978,lrange5,1000000,1218163.25
979,lpush5,1000000,800730.19
979,lrange5,1000000,1230150.00
980,lpush5,1000000,789927.31
980,lrange5,1000000,1219512.25
981,lpush5,1000000,805814.62
981,lrange5,1000000,1210770.00
982,lpush5,1000000,789291.25
982,lrange5,1000000,1200595.38
983,lpush5,1000000,803341.38
983,lrange5,1000000,1218026.88
984,lpush5,1000000,797499.25
984,lrange5,1000000,1216545.00
985,lpush5,1000000,804582.44
985,lrange5,1000000,1155011.50
986,lpush5,1000000,792393.06
986,lrange5,1000000,1222493.88
987,lpush5,1000000,800653.38
987,lrange5,1000000,1173877.88
988,lpush5,1000000,802696.62
988,lrange5,1000000,1225627.50
989,lpush5,1000000,795544.94
989,lrange5,1000000,1199040.75
990,lpush5,1000000,805153.00
990,lrange5,1000000,1106194.75
991,lpush5,1000000,791151.88
991,lrange5,1000000,1215222.38
992,lpush5,1000000,802568.19
992,lrange5,1000000,1221020.75
993,lpush5,1000000,801294.88
993,lrange5,1000000,1187800.50
994,lpush5,1000000,809191.00
994,lrange5,1000000,1230150.00
995,lpush5,1000000,805178.75
995,lrange5,1000000,1234706.12
996,lpush5,1000000,793727.00
996,lrange5,1000000,1222493.88
997,lpush5,1000000,780081.19
997,lrange5,1000000,1222572.12
998,lpush5,1000000,804569.56
998,lrange5,1000000,1234785.12
999,lpush5,1000000,804569.56
999,lrange5,1000000,1228619.12
1000,lpush5,1000000,798122.88
1000,lrange5,1000000,1209402.62
1001,lpush5,1000000,803238.56
1001,lrange5,1000000,1219512.25
1002,lpush5,1000000,794293.94
1002,lrange5,1000000,1227131.25
1003,lpush5,1000000,769353.88
1003,lrange5,1000000,1026924.06
1004,lpush5,1000000,759362.19
1004,lrange5,1000000,1170960.25
1005,lpush5,1000000,777075.38
1005,lrange5,1000000,1202153.88
1006,lpush5,1000000,794357.44
1006,lrange5,1000000,1224186.12
1007,lpush5,1000000,798837.06
1007,lrange5,1000000,1228560.12
1008,lpush5,1000000,799386.06
1008,lrange5,1000000,1202057.62
1009,lpush5,1000000,809178.06
1009,lrange5,1000000,1219726.88
1010,lpush5,1000000,800000.00
1010,lrange5,1000000,1213728.12
1011,lpush5,1000000,795621.31
1011,lrange5,1000000,1202115.38
1012,lpush5,1000000,800640.56
1012,lrange5,1000000,1185042.62
1013,lpush5,1000000,791151.88
1013,lrange5,1000000,1222533.00
1014,lpush5,1000000,807154.19
1014,lrange5,1000000,1184966.88
1015,lpush5,1000000,800038.38
1015,lrange5,1000000,1213708.75
1016,lpush5,1000000,793650.81
1016,lrange5,1000000,1206272.62
1017,lpush5,1000000,800089.62
1017,lrange5,1000000,1206311.25
1018,lpush5,1000000,800115.19
1018,lrange5,1000000,1203388.75
1019,lpush5,1000000,792494.50
1019,lrange5,1000000,1221255.12
1020,lpush5,1000000,793688.88
1020,lrange5,1000000,1199040.75
1021,lpush5,1000000,800640.56
1021,lrange5,1000000,1224068.62
1022,lpush5,1000000,798110.12
1022,lrange5,1000000,1218085.25
1023,lpush5,1000000,792418.38
1023,lrange5,1000000,1210692.50
1024,lpush5,1000000,800064.00
1024,lrange5,1000000,1210692.50
1025,lpush5,1000000,805904.88
1025,lrange5,1000000,1191895.12
1026,lpush5,1000000,795544.94
1026,lrange5,1000000,1225490.25
1027,lpush5,1000000,799373.25
1027,lrange5,1000000,1221138.00
1028,lpush5,1000000,800640.56
1028,lrange5,1000000,1219512.25
1029,lpush5,1000000,802581.00
1029,lrange5,1000000,1177969.38
1030,lpush5,1000000,791202.50
1030,lrange5,1000000,1224088.12
1031,lpush5,1000000,807754.44
1031,lrange5,1000000,1222591.62
1032,lpush5,1000000,806490.31
1032,lrange5,1000000,1221040.25
1033,lpush5,1000000,783110.44
1033,lrange5,1000000,1208019.25
1034,lpush5,1000000,803910.00
1034,lrange5,1000000,1212121.25
1035,lpush5,1000000,798174.00
1035,lrange5,1000000,1219609.75
1036,lpush5,1000000,807806.12
1036,lrange5,1000000,1218260.62
1037,lpush5,1000000,799373.25
1037,lrange5,1000000,1189079.62
1038,lpush5,1000000,784476.88
1038,lrange5,1000000,1191952.38
1039,lpush5,1000000,801950.31
1039,lrange5,1000000,1205050.62
1040,lpush5,1000000,803289.94
1040,lrange5,1000000,1224107.75
1041,lpush5,1000000,798199.50
1041,lrange5,1000000,1222533.00
1042,lpush5,1000000,798084.56
1042,lrange5,1000000,1212276.38
1043,lpush5,1000000,797524.75
1043,lrange5,1000000,1234567.88
1044,lpush5,1000000,799411.62
1044,lrange5,1000000,1202096.12
1045,lpush5,1000000,801474.31
1045,lrange5,1000000,1221196.62
1046,lpush5,1000000,789977.88
1046,lrange5,1000000,1216583.88
1047,lpush5,1000000,766283.56
1047,lrange5,1000000,1160111.38
1048,lpush5,1000000,785621.38
1048,lrange5,1000000,1206330.50
1049,lpush5,1000000,777679.62
1049,lrange5,1000000,1191971.38
1050,lpush5,1000000,803238.56
1050,lrange5,1000000,1175200.88
1051,lpush5,1000000,785004.69
1051,lrange5,1000000,1183469.75
1052,lpush5,1000000,787439.38
1052,lrange5,1000000,1204857.88
1053,lpush5,1000000,788668.75
1053,lrange5,1000000,1100162.88
1054,lpush5,1000000,779523.00
1054,lrange5,1000000,1150821.62
1055,lpush5,1000000,793110.19
1055,lrange5,1000000,1186467.38
1056,lpush5,1000000,786226.44
1056,lrange5,1000000,1218143.75
1057,lpush5,1000000,773993.75
1057,lrange5,1000000,1164293.38
1058,lpush5,1000000,769292.31
1058,lrange5,1000000,1145530.38
1059,lpush5,1000000,778259.94
1059,lrange5,1000000,1219531.75
1060,lpush5,1000000,798161.19
1060,lrange5,1000000,1194838.75
1061,lpush5,1000000,788656.12
1061,lrange5,1000000,1189117.75
1062,lpush5,1000000,771059.31
1062,lrange5,1000000,1203408.00
1063,lpush5,1000000,795621.31
1063,lrange5,1000000,1196363.62
1064,lpush5,1000000,787489.75
1064,lrange5,1000000,1152221.25
1065,lpush5,1000000,750187.56
1065,lrange5,1000000,1164181.62
1066,lpush5,1000000,791816.31
1066,lrange5,1000000,1196306.12
1067,lpush5,1000000,777050.56
1067,lrange5,1000000,1164256.12
1068,lpush5,1000000,777679.62
1068,lrange5,1000000,1176602.38
1069,lpush5,1000000,763371.00
1069,lrange5,1000000,1173877.88
1070,lpush5,1000000,754789.44
1070,lrange5,1000000,1169628.00
1071,lpush5,1000000,728898.00
1071,lrange5,1000000,1186296.62
1072,lpush5,1000000,767472.00
1072,lrange5,1000000,1209209.12
1073,lpush5,1000000,801397.44
1073,lrange5,1000000,1233164.00
1074,lpush5,1000000,793727.00
1074,lrange5,1000000,1197700.62
1075,lpush5,1000000,755347.44
1075,lrange5,1000000,1213631.12
1076,lpush5,1000000,800089.62
1076,lrange5,1000000,1221001.25
1077,lpush5,1000000,782572.75
1077,lrange5,1000000,1230012.25
1078,lpush5,1000000,778866.00
1078,lrange5,1000000,1206407.75
1079,lpush5,1000000,793034.06
1079,lrange5,1000000,1161495.88
1080,lpush5,1000000,777679.62
1080,lrange5,1000000,1202019.25
1081,lpush5,1000000,795595.88
1081,lrange5,1000000,1175200.88
1082,lpush5,1000000,778816.19
1082,lrange5,1000000,1197624.00
1083,lpush5,1000000,793059.44
1083,lrange5,1000000,1218065.75
1084,lpush5,1000000,793148.25
1084,lrange5,1000000,1177912.88
1085,lpush5,1000000,789927.31
1085,lrange5,1000000,1202019.25
1086,lpush5,1000000,787401.56
1086,lrange5,1000000,1203446.50
1087,lpush5,1000000,791867.00
1087,lrange5,1000000,1223990.25
1088,lpush5,1000000,789303.88
1088,lrange5,1000000,1209383.25
1089,lpush5,1000000,758786.06
1089,lrange5,1000000,1153402.50
1090,lpush5,1000000,800012.81
1090,lrange5,1000000,1196440.12
1091,lpush5,1000000,786163.56
1091,lrange5,1000000,1177931.75
1092,lpush5,1000000,796863.75
1092,lrange5,1000000,1227072.38
1093,lpush5,1000000,791291.12
1093,lrange5,1000000,1197624.00
1094,lpush5,1000000,794306.62
1094,lrange5,1000000,1215086.25
1095,lpush5,1000000,789303.88
1095,lrange5,1000000,1199194.25
1096,lpush5,1000000,793727.00
1096,lrange5,1000000,1158767.12
1097,lpush5,1000000,790551.81
1097,lrange5,1000000,1199175.12
1098,lpush5,1000000,780665.12
1098,lrange5,1000000,1200672.25
1099,lpush5,1000000,791778.31
1099,lrange5,1000000,1209363.88
1100,lpush5,1000000,778866.00
1100,lrange5,1000000,1194876.88
1101,lpush5,1000000,787477.19
1101,lrange5,1000000,1212160.00
1102,lpush5,1000000,788047.25
1102,lrange5,1000000,1212121.25
1103,lpush5,1000000,777667.19
1103,lrange5,1000000,1156420.75
1104,lpush5,1000000,783699.06
1104,lrange5,1000000,1196172.25
1105,lpush5,1000000,779448.19
1105,lrange5,1000000,1190514.38
1106,lpush5,1000000,788681.38
1106,lrange5,1000000,1219570.75
1107,lpush5,1000000,780068.69
1107,lrange5,1000000,1212121.25
1108,lpush5,1000000,778853.56
1108,lrange5,1000000,1207826.12
1109,lpush5,1000000,786782.06
1109,lrange5,1000000,1176583.50
1110,lpush5,1000000,780715.06
1110,lrange5,1000000,1160259.88
1111,lpush5,1000000,785092.56
1111,lrange5,1000000,1187857.50
1112,lpush5,1000000,789952.56
1112,lrange5,1000000,1186296.62
1113,lpush5,1000000,791139.19
1113,lrange5,1000000,1211176.75
1114,lpush5,1000000,781287.50
1114,lrange5,1000000,1193412.88
1115,lpush5,1000000,784979.56
1115,lrange5,1000000,1202076.88
1116,lpush5,1000000,788022.06
1116,lrange5,1000000,1202019.25
1117,lpush5,1000000,764587.19
1117,lrange5,1000000,1137656.38
1118,lpush5,1000000,783085.38
1118,lrange5,1000000,1178139.00
1119,lpush5,1000000,774642.94
1119,lrange5,1000000,1179452.88
1120,lpush5,1000000,796203.81
1120,lrange5,1000000,1191952.38
1121,lpush5,1000000,787414.19
1121,lrange5,1000000,1203523.50
1122,lpush5,1000000,786857.56
1122,lrange5,1000000,1207729.50
1123,lpush5,1000000,787565.38
1123,lrange5,1000000,1173877.88
1124,lpush5,1000000,797473.69
1124,lrange5,1000000,1197624.00
1125,lpush5,1000000,786857.56
1125,lrange5,1000000,1203388.75
1126,lpush5,1000000,788706.62
1126,lrange5,1000000,1202038.38
1127,lpush5,1000000,783699.06
1127,lrange5,1000000,1204838.62
1128,lpush5,1000000,780715.06
1128,lrange5,1000000,1191895.12
1129,lpush5,1000000,777038.12
1129,lrange5,1000000,1210808.75
1130,lpush5,1000000,798875.44
1130,lrange5,1000000,1180637.50
1131,lpush5,1000000,768664.12
1131,lrange5,1000000,1158748.62
1132,lpush5,1000000,780702.56
1132,lrange5,1000000,1189231.88
1133,lpush5,1000000,773469.44
1133,lrange5,1000000,1200499.38
1134,lpush5,1000000,781860.81
1134,lrange5,1000000,1184966.88
1135,lpush5,1000000,794912.56
1135,lrange5,1000000,1192009.50
1136,lpush5,1000000,788668.75
1136,lrange5,1000000,1166898.50
1137,lpush5,1000000,755347.44
1137,lrange5,1000000,1122388.38
1138,lpush5,1000000,761724.31
1138,lrange5,1000000,1137729.25
1139,lpush5,1000000,774618.12
1139,lrange5,1000000,1204819.25
1140,lpush5,1000000,793097.50
1140,lrange5,1000000,1218124.25
1141,lpush5,1000000,786782.06
1141,lrange5,1000000,1194819.62
1142,lpush5,1000000,796876.50
1142,lrange5,1000000,1213728.12
1143,lpush5,1000000,774018.56
1143,lrange5,1000000,1207826.12
1144,lpush5,1000000,796267.50
1144,lrange5,1000000,1209344.62
1145,lpush5,1000000,765208.88
1145,lrange5,1000000,1169815.12
1146,lpush5,1000000,800025.62
1146,lrange5,1000000,1204819.25
1147,lpush5,1000000,799526.75
1147,lrange5,1000000,1231606.00
1148,lpush5,1000000,792418.38
1148,lrange5,1000000,1225627.50
1149,lpush5,1000000,807780.25
1149,lrange5,1000000,1221001.25
1150,lpush5,1000000,801423.06
1150,lrange5,1000000,1206465.62
1151,lpush5,1000000,788769.69
1151,lrange5,1000000,1209228.50
1152,lpush5,1000000,705772.75
1152,lrange5,1000000,1142857.12
1153,lpush5,1000000,758822.50
1153,lrange5,1000000,1098901.12
1154,lpush5,1000000,786201.31
1154,lrange5,1000000,1216564.38
1155,lpush5,1000000,761095.88
1155,lrange5,1000000,1219726.88
1156,lpush5,1000000,757050.75
1156,lrange5,1000000,1184834.12
1157,lpush5,1000000,772846.94
1157,lrange5,1000000,1203504.25
1158,lpush5,1000000,763395.44
1158,lrange5,1000000,1046192.50
1159,lpush5,1000000,769366.19
1159,lrange5,1000000,1190723.88
1160,lpush5,1000000,775820.00
1160,lrange5,1000000,1186239.62
1161,lpush5,1000000,778816.19
1161,lrange5,1000000,1207806.75
1162,lpush5,1000000,787515.00
1162,lrange5,1000000,1184947.88
1163,lpush5,1000000,763941.94
1163,lrange5,1000000,1191971.38
1164,lpush5,1000000,791227.81
1164,lrange5,1000000,1207826.12
1165,lpush5,1000000,785042.38
1165,lrange5,1000000,1187705.50
1166,lpush5,1000000,764526.00
1166,lrange5,1000000,1209247.88
1167,lpush5,1000000,805801.75
1167,lrange5,1000000,1206427.00
1168,lpush5,1000000,788034.62
1168,lrange5,1000000,1231527.12
1169,lpush5,1000000,795557.69
1169,lrange5,1000000,1201942.25
1170,lpush5,1000000,774605.75
1170,lrange5,1000000,1168243.00
1171,lpush5,1000000,791765.62
1171,lrange5,1000000,1183488.75
1172,lpush5,1000000,770514.62
1172,lrange5,1000000,1171072.62
1173,lpush5,1000000,775268.25
1173,lrange5,1000000,1206484.88
1174,lpush5,1000000,761035.00
1174,lrange5,1000000,1199136.75
1175,lpush5,1000000,747443.94
1175,lrange5,1000000,1199117.50
1176,lpush5,1000000,790577.06
1176,lrange5,1000000,1191952.38
1177,lpush5,1000000,793752.38
1177,lrange5,1000000,1221059.88
1178,lpush5,1000000,792431.06
1178,lrange5,1000000,1194934.25
1179,lpush5,1000000,789329.12
1179,lrange5,1000000,1191971.38
1180,lpush5,1000000,785017.25
1180,lrange5,1000000,1175125.75
1181,lpush5,1000000,789977.88
1181,lrange5,1000000,1196382.75
1182,lpush5,1000000,800012.81
1182,lrange5,1000000,1096561.38
1183,lpush5,1000000,783811.88
1183,lrange5,1000000,1197700.62
1184,lpush5,1000000,763358.81
1184,lrange5,1000000,1202000.00
1185,lpush5,1000000,803922.88
1185,lrange5,1000000,1218026.88
1186,lpush5,1000000,800743.00
1186,lrange5,1000000,1164181.62
1187,lpush5,1000000,782547.75
1187,lrange5,1000000,1207748.75
1188,lpush5,1000000,803212.88
1188,lrange5,1000000,1201961.50
1189,lpush5,1000000,800000.00
1189,lrange5,1000000,1216545.00
1190,lpush5,1000000,803289.94
1190,lrange5,1000000,1219531.75
1191,lpush5,1000000,789367.06
1191,lrange5,1000000,1176527.00
1192,lpush5,1000000,798199.50
1192,lrange5,1000000,1224146.88
1193,lpush5,1000000,786213.88
1193,lrange5,1000000,1192085.88
1194,lpush5,1000000,794370.19
1194,lrange5,1000000,1212121.25
1195,lpush5,1000000,800743.00
1195,lrange5,1000000,1215086.25
1196,lpush5,1000000,802683.75
1196,lrange5,1000000,1204838.62
1197,lpush5,1000000,795544.94
1197,lrange5,1000000,1197796.50
1198,lpush5,1000000,748515.00
1198,lrange5,1000000,1156180.38
1199,lpush5,1000000,785545.94
1199,lrange5,1000000,1173727.75
1200,lpush5,1000000,781250.00
1200,lrange5,1000000,1161440.12
1201,lpush5,1000000,777692.06
1201,lrange5,1000000,1194743.12
1202,lpush5,1000000,786832.38
1202,lrange5,1000000,1158841.25
1203,lpush5,1000000,764015.25
1203,lrange5,1000000,1204896.38
1204,lpush5,1000000,786276.75
1204,lrange5,1000000,1200633.88
1205,lpush5,1000000,787439.38
1205,lrange5,1000000,1135092.00
1206,lpush5,1000000,783097.94
1206,lrange5,1000000,1161458.75
1207,lpush5,1000000,755347.44
1207,lrange5,1000000,1166917.12
1208,lpush5,1000000,762195.12
1208,lrange5,1000000,1203408.00
1209,lpush5,1000000,777038.12
1209,lrange5,1000000,1194781.38
1210,lpush5,1000000,783160.56
1210,lrange5,1000000,921747.44
1211,lpush5,1000000,734777.38
1211,lrange5,1000000,1141643.88
1212,lpush5,1000000,762292.69
1212,lrange5,1000000,1161495.88
1213,lpush5,1000000,783097.94
1213,lrange5,1000000,1194743.12
1214,lpush5,1000000,780093.62
1214,lrange5,1000000,1164218.88
1215,lpush5,1000000,751326.81
1215,lrange5,1000000,1231862.12
1216,lpush5,1000000,767508.81
1216,lrange5,1000000,1212237.62
1217,lpush5,1000000,793714.31
1217,lrange5,1000000,1189117.75
1218,lpush5,1000000,791151.88
1218,lrange5,1000000,1200614.62
1219,lpush5,1000000,776397.50
1219,lrange5,1000000,1154826.75
1220,lpush5,1000000,716037.25
1220,lrange5,1000000,1175257.38
1221,lpush5,1000000,763978.62
1221,lrange5,1000000,1183450.88
1222,lpush5,1000000,783185.62
1222,lrange5,1000000,1199079.12
1223,lpush5,1000000,797524.75
1223,lrange5,1000000,1106300.88
1224,lpush5,1000000,786264.19
1224,lrange5,1000000,1203369.50
1225,lpush5,1000000,790041.06
1225,lrange5,1000000,1152092.25
1226,lpush5,1000000,778890.94
1226,lrange5,1000000,1168336.50
1227,lpush5,1000000,778853.56
1227,lrange5,1000000,1206272.62
1228,lpush5,1000000,777174.88
1228,lrange5,1000000,1194743.12
1229,lpush5,1000000,796305.69
1229,lrange5,1000000,1203388.75
1230,lpush5,1000000,788034.62
1230,lrange5,1000000,1199232.62
1231,lpush5,1000000,785004.69
1231,lrange5,1000000,1193393.75
1232,lpush5,1000000,798824.31
1232,lrange5,1000000,1184966.88
1233,lpush5,1000000,782472.62
1233,lrange5,1000000,1216583.88
1234,lpush5,1000000,777642.31
1234,lrange5,1000000,1180694.25
1235,lpush5,1000000,768073.69
1235,lrange5,1000000,1225862.75
1236,lpush5,1000000,805153.00
1236,lrange5,1000000,1173971.88
1237,lpush5,1000000,792507.12
1237,lrange5,1000000,1218241.25
1238,lpush5,1000000,794293.94
1238,lrange5,1000000,1206523.50
1239,lpush5,1000000,789404.94
1239,lrange5,1000000,1203562.00
1240,lpush5,1000000,780068.69
1240,lrange5,1000000,1216720.12
1241,lpush5,1000000,787577.94
1241,lrange5,1000000,1227052.75
1242,lpush5,1000000,795621.31
1242,lrange5,1000000,1197624.00
1243,lpush5,1000000,800038.38
1243,lrange5,1000000,1231527.12
1244,lpush5,1000000,791879.62
1244,lrange5,1000000,1201961.50
1245,lpush5,1000000,787401.56
1245,lrange5,1000000,1168261.62
1246,lpush5,1000000,758198.62
1246,lrange5,1000000,1196248.75
1247,lpush5,1000000,799450.00
1247,lrange5,1000000,1206465.62
1248,lpush5,1000000,761687.75
1248,lrange5,1000000,1173727.75
1249,lpush5,1000000,795557.69
1249,lrange5,1000000,1204819.25
1250,lpush5,1000000,791139.19
1250,lrange5,1000000,1141680.38
1251,lpush5,1000000,777654.75
1251,lrange5,1000000,1210944.38
1252,lpush5,1000000,784363.94
1252,lrange5,1000000,1176564.62
1253,lpush5,1000000,777025.69
1253,lrange5,1000000,1173859.12
1254,lpush5,1000000,753012.06
1254,lrange5,1000000,1166935.88
1255,lpush5,1000000,794925.25
1255,lrange5,1000000,1193527.50
1256,lpush5,1000000,754789.44
1256,lrange5,1000000,1158896.88
1257,lpush5,1000000,802760.81
1257,lrange5,1000000,1215125.12
1258,lpush5,1000000,785004.69
1258,lrange5,1000000,1189117.75
1259,lpush5,1000000,792405.75
1259,lrange5,1000000,1219570.75
1260,lpush5,1000000,801397.44
1260,lrange5,1000000,1213689.38
1261,lpush5,1000000,780118.62
1261,lrange5,1000000,1207884.00
1262,lpush5,1000000,780043.69
1262,lrange5,1000000,1191895.12
1263,lpush5,1000000,798084.56
1263,lrange5,1000000,1212160.00
1264,lpush5,1000000,792393.06
1264,lrange5,1000000,1182127.62
1265,lpush5,1000000,691162.38
1265,lrange5,1000000,1189060.62
1266,lpush5,1000000,774117.62
1266,lrange5,1000000,1158748.62
1267,lpush5,1000000,764088.62
1267,lrange5,1000000,1152110.62
1268,lpush5,1000000,783711.56
1268,lrange5,1000000,1215164.00
1269,lpush5,1000000,783123.00
1269,lrange5,1000000,1207787.38
1270,lpush5,1000000,754147.81
1270,lrange5,1000000,1162920.88
1271,lpush5,1000000,790577.06
1271,lrange5,1000000,1190476.25
1272,lpush5,1000000,771034.69
1272,lrange5,1000000,1212237.62
1273,lpush5,1000000,775218.62
1273,lrange5,1000000,1169759.00
1274,lpush5,1000000,785545.94
1274,lrange5,1000000,1201923.00
1275,lpush5,1000000,785193.06
1275,lrange5,1000000,1203485.00
1276,lpush5,1000000,764587.19
1276,lrange5,1000000,1201923.00
1277,lpush5,1000000,766418.44
1277,lrange5,1000000,1169777.75
1278,lpush5,1000000,790053.69
1278,lrange5,1000000,1196210.50
1279,lpush5,1000000,795557.69
1279,lrange5,1000000,1199040.75
1280,lpush5,1000000,783148.06
1280,lrange5,1000000,1227052.75
1281,lpush5,1000000,792469.12
1281,lrange5,1000000,1197796.50
1282,lpush5,1000000,750858.88
1282,lrange5,1000000,1183431.88
1283,lpush5,1000000,774605.75
1283,lrange5,1000000,1213728.12
1284,lpush5,1000000,787401.56
1284,lrange5,1000000,1209518.75
1285,lpush5,1000000,791841.62
1285,lrange5,1000000,1200480.12
1286,lpush5,1000000,771059.31
1286,lrange5,1000000,1152368.75
1287,lpush5,1000000,769292.31
1287,lrange5,1000000,1194991.62
1288,lpush5,1000000,796812.75
1288,lrange5,1000000,1213650.50
1289,lpush5,1000000,788782.31
1289,lrange5,1000000,1203600.50
1290,lpush5,1000000,772797.50
1290,lrange5,1000000,1186258.62
1291,lpush5,1000000,764003.06
1291,lrange5,1000000,1189136.75
1292,lpush5,1000000,761687.75
1292,lrange5,1000000,1193432.00
1293,lpush5,1000000,771010.00
1293,lrange5,1000000,1197681.50
1294,lpush5,1000000,771629.62
1294,lrange5,1000000,1170960.25
1295,lpush5,1000000,792456.44
1295,lrange5,1000000,1175257.38
1296,lpush5,1000000,770416.06
1296,lrange5,1000000,1202153.88
1297,lpush5,1000000,784351.38
1297,lrange5,1000000,1199040.75
1298,lpush5,1000000,767508.81
1298,lrange5,1000000,1186334.50
1299,lpush5,1000000,786882.75
1299,lrange5,1000000,1177950.50
1300,lpush5,1000000,793034.06
1300,lrange5,1000000,1206291.88
1301,lpush5,1000000,785583.69
1301,lrange5,1000000,1194743.12
1302,lpush5,1000000,779473.12
1302,lrange5,1000000,1172483.00
1303,lpush5,1000000,796825.50
1303,lrange5,1000000,1213631.12
1304,lpush5,1000000,789266.00
1304,lrange5,1000000,1189269.88
1305,lpush5,1000000,795608.62
1305,lrange5,1000000,1214310.62
1306,lpush5,1000000,792393.06
1306,lrange5,1000000,1222650.38
1307,lpush5,1000000,771716.06
1307,lrange5,1000000,1157407.38
1308,lpush5,1000000,804012.88
1308,lrange5,1000000,1210944.38
1309,lpush5,1000000,793676.19
1309,lrange5,1000000,1199271.00
1310,lpush5,1000000,742965.88
1310,lrange5,1000000,1108789.38
1311,lpush5,1000000,770428.38
1311,lrange5,1000000,1068427.38
1312,lpush5,1000000,775206.25
1312,lrange5,1000000,1212121.25
1313,lpush5,1000000,794293.94
1313,lrange5,1000000,1126126.12
1314,lpush5,1000000,798199.50
1314,lrange5,1000000,1215086.25
1315,lpush5,1000000,789329.12
1315,lrange5,1000000,1187819.50
1316,lpush5,1000000,795608.62
1316,lrange5,1000000,1190514.38
1317,lpush5,1000000,785571.06
1317,lrange5,1000000,1183431.88
1318,lpush5,1000000,801333.31
1318,lrange5,1000000,1215144.62
1319,lpush5,1000000,765208.88
1319,lrange5,1000000,1228579.88
1320,lpush5,1000000,783699.06
1320,lrange5,1000000,1210653.75
1321,lpush5,1000000,789889.38
1321,lrange5,1000000,1216583.88
1322,lpush5,1000000,806464.50
1322,lrange5,1000000,1194838.75
1323,lpush5,1000000,772200.81
1323,lrange5,1000000,1202038.38
1324,lpush5,1000000,800115.19
1324,lrange5,1000000,1199079.12
1325,lpush5,1000000,796812.75
1325,lrange5,1000000,1179415.12
1326,lpush5,1000000,787527.56
1326,lrange5,1000000,1210653.75
1327,lpush5,1000000,802593.88
1327,lrange5,1000000,1186239.62
1328,lpush5,1000000,802581.00
1328,lrange5,1000000,1212140.62
1329,lpush5,1000000,801988.81
1329,lrange5,1000000,1193451.12
1330,lpush5,1000000,798161.19
1330,lrange5,1000000,1215066.75
1331,lpush5,1000000,798734.81
1331,lrange5,1000000,1219570.75
1332,lpush5,1000000,803974.31
1332,lrange5,1000000,1204877.12
1333,lpush5,1000000,801282.06
1333,lrange5,1000000,1213631.12
1334,lpush5,1000000,786213.88
1334,lrange5,1000000,1183469.75
1335,lpush5,1000000,798722.06
1335,lrange5,1000000,1219726.88
1336,lpush5,1000000,734273.12
1336,lrange5,1000000,1156106.38
1337,lpush5,1000000,786895.31
1337,lrange5,1000000,1225686.25
1338,lpush5,1000000,768122.88
1338,lrange5,1000000,1176583.50
1339,lpush5,1000000,796178.31
1339,lrange5,1000000,1193508.38
1340,lpush5,1000000,758222.88
1340,lrange5,1000000,1149480.50
1341,lpush5,1000000,803910.00
1341,lrange5,1000000,1213747.62
1342,lpush5,1000000,795583.12
1342,lrange5,1000000,1201923.00
1343,lpush5,1000000,794976.12
1343,lrange5,1000000,1222493.88
1344,lpush5,1000000,796191.06
1344,lrange5,1000000,1216603.38
1345,lpush5,1000000,801410.25
1345,lrange5,1000000,1219629.25
1346,lpush5,1000000,794382.88
1346,lrange5,1000000,1153642.50
1347,lpush5,1000000,761663.38
1347,lrange5,1000000,1092896.12
1348,lpush5,1000000,766357.12
1348,lrange5,1000000,1175219.75
1349,lpush5,1000000,795595.88
1349,lrange5,1000000,1202192.25
1350,lpush5,1000000,784451.75
1350,lrange5,1000000,1201980.75
1351,lpush5,1000000,777642.31
1351,lrange5,1000000,1215261.25
1352,lpush5,1000000,769958.44
1352,lrange5,1000000,1168542.00
1353,lpush5,1000000,798148.44
1353,lrange5,1000000,1194762.25
1354,lpush5,1000000,784313.75
1354,lrange5,1000000,1218299.62
1355,lpush5,1000000,805204.50
1355,lrange5,1000000,1203446.50
1356,lpush5,1000000,777075.38
1356,lrange5,1000000,1209209.12
1357,lpush5,1000000,802735.12
1357,lrange5,1000000,1216603.38
1358,lpush5,1000000,795583.12
1358,lrange5,1000000,1203427.25
1359,lpush5,1000000,791790.94
1359,lrange5,1000000,1194743.12
1360,lpush5,1000000,803225.69
1360,lrange5,1000000,1206620.00
1361,lpush5,1000000,799424.44
1361,lrange5,1000000,1216720.12
1362,lpush5,1000000,807780.25
1362,lrange5,1000000,1218202.25
1363,lpush5,1000000,771158.00
1363,lrange5,1000000,1184891.00
1364,lpush5,1000000,790513.81
1364,lrange5,1000000,1221040.25
1365,lpush5,1000000,803935.69
1365,lrange5,1000000,1212121.25
1366,lpush5,1000000,806490.31
1366,lrange5,1000000,1227013.50
1367,lpush5,1000000,794281.19
1367,lrange5,1000000,1233065.38
1368,lpush5,1000000,786920.50
1368,lrange5,1000000,1216642.25
1369,lpush5,1000000,805165.88
1369,lrange5,1000000,1222533.00
1370,lpush5,1000000,797473.69
1370,lrange5,1000000,1230209.12
1371,lpush5,1000000,800755.81
1371,lrange5,1000000,1212140.62
1372,lpush5,1000000,800000.00
1372,lrange5,1000000,1193489.25
1373,lpush5,1000000,763456.50
1373,lrange5,1000000,1190628.62
1374,lpush5,1000000,786163.56
1374,lrange5,1000000,1204838.62
1375,lpush5,1000000,802593.88
1375,lrange5,1000000,1222591.62
1376,lpush5,1000000,807896.56
1376,lrange5,1000000,1212198.75
1377,lpush5,1000000,802619.56
1377,lrange5,1000000,1199040.75
1378,lpush5,1000000,778978.19
1378,lrange5,1000000,1186467.38
1379,lpush5,1000000,768750.19
1379,lrange5,1000000,1185061.62
1380,lpush5,1000000,779423.25
1380,lrange5,1000000,1158878.38
1381,lpush5,1000000,792431.06
1381,lrange5,1000000,1225549.00
1382,lpush5,1000000,786239.00
1382,lrange5,1000000,1200595.38
1383,lpush5,1000000,795583.12
1383,lrange5,1000000,1078990.25
1384,lpush5,1000000,774068.06
1384,lrange5,1000000,1194819.62
1385,lpush5,1000000,788744.50
1385,lrange5,1000000,1201961.50
1386,lpush5,1000000,794925.25
1386,lrange5,1000000,1209189.75
1387,lpush5,1000000,784313.75
1387,lrange5,1000000,1200672.25
1388,lpush5,1000000,793727.00
1388,lrange5,1000000,1164349.25
1389,lpush5,1000000,786807.25
1389,lrange5,1000000,1182297.88
1390,lpush5,1000000,784967.00
1390,lrange5,1000000,1201942.25
1391,lpush5,1000000,782560.25
1391,lrange5,1000000,1213592.25
1392,lpush5,1000000,790602.38
1392,lrange5,1000000,1210653.75
1393,lpush5,1000000,783198.12
1393,lrange5,1000000,1210731.25
1394,lpush5,1000000,782572.75
1394,lrange5,1000000,1202211.50
1395,lpush5,1000000,774018.56
1395,lrange5,1000000,1183621.25
1396,lpush5,1000000,782510.19
1396,lrange5,1000000,1169721.62
1397,lpush5,1000000,774018.56
1397,lrange5,1000000,1194762.25
1398,lpush5,1000000,769896.81
1398,lrange5,1000000,1196267.88
1399,lpush5,1000000,750846.81
1399,lrange5,1000000,1189231.88
1400,lpush5,1000000,784338.81
1400,lrange5,1000000,1166917.12
1401,lpush5,1000000,758725.38
1401,lrange5,1000000,1186372.50
1402,lpush5,1000000,789952.56
1402,lrange5,1000000,1146807.38
1403,lpush5,1000000,779473.12
1403,lrange5,1000000,1162976.75
1404,lpush5,1000000,775820.00
1404,lrange5,1000000,1204877.12
1405,lpush5,1000000,766957.06
1405,lrange5,1000000,1190476.25
1406,lpush5,1000000,786807.25
1406,lrange5,1000000,1215066.75
1407,lpush5,1000000,791151.88
1407,lrange5,1000000,1193336.50
1408,lpush5,1000000,783085.38
1408,lrange5,1000000,1207787.38
1409,lpush5,1000000,768061.44
1409,lrange5,1000000,1137674.62
1410,lpush5,1000000,776434.81
1410,lrange5,1000000,1194743.12
1411,lpush5,1000000,791227.81
1411,lrange5,1000000,1176470.50
1412,lpush5,1000000,781250.00
1412,lrange5,1000000,1200480.12
1413,lpush5,1000000,783724.12
1413,lrange5,1000000,1204935.00
1414,lpush5,1000000,763941.94
1414,lrange5,1000000,1204857.88
1415,lpush5,1000000,788681.38
1415,lrange5,1000000,1163051.12
1416,lpush5,1000000,792418.38
1416,lrange5,1000000,1194991.62
1417,lpush5,1000000,795646.81
1417,lrange5,1000000,1179396.25
1418,lpush5,1000000,749111.56
1418,lrange5,1000000,1201980.75
1419,lpush5,1000000,755347.44
1419,lrange5,1000000,1183583.38
1420,lpush5,1000000,757660.56
1420,lrange5,1000000,1204819.25
1421,lpush5,1000000,772834.62
1421,lrange5,1000000,1164405.12
1422,lpush5,1000000,758259.31
1422,lrange5,1000000,1191990.50
1423,lpush5,1000000,785545.94
1423,lrange5,1000000,1193374.75
1424,lpush5,1000000,765721.31
1424,lrange5,1000000,1179283.00
1425,lpush5,1000000,765696.81
1425,lrange5,1000000,1091912.62
1426,lpush5,1000000,771617.31
1426,lrange5,1000000,1161458.75
1427,lpush5,1000000,757672.69
1427,lrange5,1000000,1176583.50
1428,lpush5,1000000,774043.31
1428,lrange5,1000000,1157592.62
1429,lpush5,1000000,779473.12
1429,lrange5,1000000,1183697.00
1430,lpush5,1000000,781300.00
1430,lrange5,1000000,1162939.50
1431,lpush5,1000000,763941.94
1431,lrange5,1000000,1161570.25
1432,lpush5,1000000,770477.69
1432,lrange5,1000000,1185118.50
1433,lpush5,1000000,787401.56
1433,lrange5,1000000,1200518.62
1434,lpush5,1000000,790627.69
1434,lrange5,1000000,1201923.00
1435,lpush5,1000000,776397.50
1435,lrange5,1000000,1157611.12
1436,lpush5,1000000,772846.94
1436,lrange5,1000000,1184928.88
1437,lpush5,1000000,761724.31
1437,lrange5,1000000,1082355.00
1438,lpush5,1000000,772945.88
1438,lrange5,1000000,1168411.25
1439,lpush5,1000000,765696.81
1439,lrange5,1000000,1135073.75
1440,lpush5,1000000,783711.56
1440,lrange5,1000000,1190571.50
1441,lpush5,1000000,793739.69
1441,lrange5,1000000,1185004.75
1442,lpush5,1000000,780665.12
1442,lrange5,1000000,1126342.38
1443,lpush5,1000000,724753.62
1443,lrange5,1000000,1158785.62
1444,lpush5,1000000,783699.06
1444,lrange5,1000000,1197873.12
1445,lpush5,1000000,774043.31
1445,lrange5,1000000,1202192.25
1446,lpush5,1000000,788757.06
1446,lrange5,1000000,1204838.62
1447,lpush5,1000000,789952.56
1447,lrange5,1000000,1200691.50
1448,lpush5,1000000,771047.00
1448,lrange5,1000000,1203427.25
1449,lpush5,1000000,797512.00
1449,lrange5,1000000,1200518.62
1450,lpush5,1000000,783749.19
1450,lrange5,1000000,1197604.88
1451,lpush5,1000000,797460.94
1451,lrange5,1000000,1180977.62
1452,lpush5,1000000,798722.06
1452,lrange5,1000000,1210673.12
1453,lpush5,1000000,776509.31
1453,lrange5,1000000,1199136.75
1454,lpush5,1000000,783849.50
1454,lrange5,1000000,1204857.88
1455,lpush5,1000000,799360.50
1455,lrange5,1000000,1212198.75
1456,lpush5,1000000,801320.50
1456,lrange5,1000000,1209363.88
1457,lpush5,1000000,775820.00
1457,lrange5,1000000,1215105.75
1458,lpush5,1000000,780093.62
1458,lrange5,1000000,1203427.25
1459,lpush5,1000000,796940.25
1459,lrange5,1000000,1228579.88
1460,lpush5,1000000,793701.56
1460,lrange5,1000000,1215144.62
1461,lpush5,1000000,800691.81
1461,lrange5,1000000,1212334.62
1462,lpush5,1000000,800025.62
1462,lrange5,1000000,1193546.50
1463,lpush5,1000000,783761.75
1463,lrange5,1000000,1213767.00
1464,lpush5,1000000,795001.56
1464,lrange5,1000000,1177856.38
1465,lpush5,1000000,788807.56
1465,lrange5,1000000,1189060.62
1466,lpush5,1000000,776521.75
1466,lrange5,1000000,1219707.38
1467,lpush5,1000000,800076.81
1467,lrange5,1000000,1215144.62
1468,lpush5,1000000,782472.62
1468,lrange5,1000000,1233045.62
1469,lpush5,1000000,802052.94
1469,lrange5,1000000,1210847.50
1470,lpush5,1000000,783786.81
1470,lrange5,1000000,1193565.62
1471,lpush5,1000000,786251.62
1471,lrange5,1000000,1194876.88
1472,lpush5,1000000,766944.75
1472,lrange5,1000000,1191952.38
1473,lpush5,1000000,762788.69
1473,lrange5,1000000,1162846.50
1474,lpush5,1000000,793650.81
1474,lrange5,1000000,1197643.12
1475,lpush5,1000000,786213.88
1475,lrange5,1000000,1191914.25
1476,lpush5,1000000,796292.94
1476,lrange5,1000000,1179283.00
1477,lpush5,1000000,786857.56
1477,lrange5,1000000,1233085.12
1478,lpush5,1000000,800781.44
1478,lrange5,1000000,1206330.50
1479,lpush5,1000000,784326.31
1479,lrange5,1000000,1199213.50
1480,lpush5,1000000,797460.94
1480,lrange5,1000000,1216778.50
1481,lpush5,1000000,787414.19
1481,lrange5,1000000,1194762.25
1482,lpush5,1000000,774704.88
1482,lrange5,1000000,1219648.75
1483,lpush5,1000000,769884.50
1483,lrange5,1000000,1169609.38
1484,lpush5,1000000,789379.69
1484,lrange5,1000000,1225627.50
1485,lpush5,1000000,784489.44
1485,lrange5,1000000,1199366.88
1486,lpush5,1000000,796242.00
1486,lrange5,1000000,1218299.62
1487,lpush5,1000000,760480.56
1487,lrange5,1000000,1203542.75
1488,lpush5,1000000,795634.06
1488,lrange5,1000000,1199040.75
1489,lpush5,1000000,787071.56
1489,lrange5,1000000,929368.06
1490,lpush5,1000000,800064.00
1490,lrange5,1000000,1173915.50
1491,lpush5,1000000,801371.75
1491,lrange5,1000000,1194972.50
1492,lpush5,1000000,788719.25
1492,lrange5,1000000,1204819.25
1493,lpush5,1000000,775255.81
1493,lrange5,1000000,1184834.12
1494,lpush5,1000000,767459.75
1494,lrange5,1000000,1158804.25
1495,lpush5,1000000,756465.94
1495,lrange5,1000000,1191952.38
1496,lpush5,1000000,791816.31
1496,lrange5,1000000,1182184.38
1497,lpush5,1000000,780727.56
1497,lrange5,1000000,1196172.25
1498,lpush5,1000000,799424.44
1498,lrange5,1000000,1184891.00
1499,lpush5,1000000,749841.06
1499,lrange5,1000000,1161570.25
1500,lpush5,1000000,772274.94
1500,lrange5,1000000,1186258.62
1501,lpush5,1000000,789303.88
1501,lrange5,1000000,1199175.12
1502,lpush5,1000000,758725.38
1502,lrange5,1000000,1127485.88
1503,lpush5,1000000,774754.44
1503,lrange5,1000000,1191990.50
1504,lpush5,1000000,756478.06
1504,lrange5,1000000,1199040.75
1505,lpush5,1000000,793262.44
1505,lrange5,1000000,1202019.25
1506,lpush5,1000000,789303.88
1506,lrange5,1000000,1193508.38
1507,lpush5,1000000,768110.56
1507,lrange5,1000000,1164312.00
1508,lpush5,1000000,780677.56
1508,lrange5,1000000,1230032.00
1509,lpush5,1000000,797512.00
1509,lrange5,1000000,1176564.62
1510,lpush5,1000000,763407.69
1510,lrange5,1000000,1182316.75
1511,lpush5,1000000,793021.38
1511,lrange5,1000000,1200480.12
1512,lpush5,1000000,775206.25
1512,lrange5,1000000,1207748.75
1513,lpush5,1000000,782485.12
1513,lrange5,1000000,1146789.00
1514,lpush5,1000000,764526.00
1514,lrange5,1000000,1206427.00
1515,lpush5,1000000,784967.00
1515,lrange5,1000000,1157555.50
1516,lpush5,1000000,759927.06
1516,lrange5,1000000,1165631.75
1517,lpush5,1000000,775807.56
1517,lrange5,1000000,1187743.50
1518,lpush5,1000000,790577.06
1518,lrange5,1000000,1168355.12
1519,lpush5,1000000,778222.56
1519,lrange5,1000000,1199040.75
1520,lpush5,1000000,759313.56
1520,lrange5,1000000,1206427.00
1521,lpush5,1000000,759337.88
1521,lrange5,1000000,1154863.75
1522,lpush5,1000000,764538.25
1522,lrange5,1000000,1190609.50
1523,lpush5,1000000,749649.19
1523,lrange5,1000000,1184928.88
1524,lpush5,1000000,775231.00
1524,lrange5,1000000,1122532.00
1525,lpush5,1000000,769513.88
1525,lrange5,1000000,1158804.25
1526,lpush5,1000000,790589.75
1526,lrange5,1000000,1156291.38
1527,lpush5,1000000,758150.12
1527,lrange5,1000000,1160167.12
1528,lpush5,1000000,791765.62
1528,lrange5,1000000,1178007.12
1529,lpush5,1000000,796178.31
1529,lrange5,1000000,1189193.75
1530,lpush5,1000000,771034.69
1530,lrange5,1000000,1157629.62
1531,lpush5,1000000,792393.06
1531,lrange5,1000000,1172408.00
1532,lpush5,1000000,794293.94
1532,lrange5,1000000,1169609.38
1533,lpush5,1000000,795634.06
1533,lrange5,1000000,1152092.25
1534,lpush5,1000000,806451.62
1534,lrange5,1000000,1191895.12
1535,lpush5,1000000,781873.31
1535,lrange5,1000000,1216583.88
1536,lpush5,1000000,799526.75
1536,lrange5,1000000,1225823.50
1537,lpush5,1000000,789278.62
1537,lrange5,1000000,1194743.12
1538,lpush5,1000000,788110.31
1538,lrange5,1000000,1207748.75
1539,lpush5,1000000,800051.19
1539,lrange5,1000000,1227209.88
1540,lpush5,1000000,802581.00
1540,lrange5,1000000,1222493.88
1541,lpush5,1000000,807115.44
1541,lrange5,1000000,1207748.75
1542,lpush5,1000000,804672.56
1542,lrange5,1000000,1218241.25
1543,lpush5,1000000,797524.75
1543,lrange5,1000000,1187648.50
1544,lpush5,1000000,802670.94
1544,lrange5,1000000,1209189.75
1545,lpush5,1000000,796229.25
1545,lrange5,1000000,1207748.75
1546,lpush5,1000000,796191.06
1546,lrange5,1000000,1164367.88
1547,lpush5,1000000,790577.06
1547,lrange5,1000000,1189060.62
1548,lpush5,1000000,796825.50
1548,lrange5,1000000,1210905.62
1549,lpush5,1000000,793021.38
1549,lrange5,1000000,1201980.75
1550,lpush5,1000000,802606.69
1550,lrange5,1000000,1204877.12
1551,lpush5,1000000,791240.50
1551,lrange5,1000000,1190514.38
1552,lpush5,1000000,800000.00
1552,lrange5,1000000,1218241.25
1553,lpush5,1000000,796863.75
1553,lrange5,1000000,1212276.38
1554,lpush5,1000000,800000.00
1554,lrange5,1000000,1193355.62
1555,lpush5,1000000,795634.06
1555,lrange5,1000000,1177988.25
1556,lpush5,1000000,804569.56
1556,lrange5,1000000,1218046.38
1557,lpush5,1000000,791778.31
1557,lrange5,1000000,1203542.75
1558,lpush5,1000000,776472.06
1558,lrange5,1000000,1137729.25
1559,lpush5,1000000,794912.56
1559,lrange5,1000000,1212276.38
1560,lpush5,1000000,799437.25
1560,lrange5,1000000,1206272.62
1561,lpush5,1000000,768688.69
1561,lrange5,1000000,1213689.38
1562,lpush5,1000000,783198.12
1562,lrange5,1000000,1224068.62
1563,lpush5,1000000,792405.75
1563,lrange5,1000000,1189136.75
1564,lpush5,1000000,793110.19
1564,lrange5,1000000,1221001.25
1565,lpush5,1000000,794395.56
1565,lrange5,1000000,1205050.62
1566,lpush5,1000000,791303.75
1566,lrange5,1000000,1213728.12
1567,lpush5,1000000,786857.56
1567,lrange5,1000000,1113585.75
1568,lpush5,1000000,797499.25
1568,lrange5,1000000,1199060.00
1569,lpush5,1000000,786819.81
1569,lrange5,1000000,1149554.00
1570,lpush5,1000000,749159.50
1570,lrange5,1000000,1148344.50
1571,lpush5,1000000,784338.81
1571,lrange5,1000000,1148160.75
1572,lpush5,1000000,792532.50
1572,lrange5,1000000,1213786.38
1573,lpush5,1000000,788034.62
1573,lrange5,1000000,1215164.00
1574,lpush5,1000000,771034.69
1574,lrange5,1000000,1164479.62
1575,lpush5,1000000,796902.00
1575,lrange5,1000000,1165501.25
1576,lpush5,1000000,791202.50
1576,lrange5,1000000,1175351.38
1577,lpush5,1000000,766920.25
1577,lrange5,1000000,1168261.62
1578,lpush5,1000000,797486.50
1578,lrange5,1000000,1189155.75
1579,lpush5,1000000,777741.81
1579,lrange5,1000000,1209189.75
1580,lpush5,1000000,770477.69
1580,lrange5,1000000,1179358.50
1581,lpush5,1000000,790564.44
1581,lrange5,1000000,1200499.38
1582,lpush5,1000000,791765.62
1582,lrange5,1000000,1216545.00
1583,lpush5,1000000,803871.44
1583,lrange5,1000000,1209286.50
1584,lpush5,1000000,795634.06
1584,lrange5,1000000,1193317.38
1585,lpush5,1000000,777013.25
1585,lrange5,1000000,1216564.38
1586,lpush5,1000000,786226.44
1586,lrange5,1000000,1182052.00
1587,lpush5,1000000,789354.38
1587,lrange5,1000000,1215105.75
1588,lpush5,1000000,788681.38
1588,lrange5,1000000,1163088.38
1589,lpush5,1000000,779485.56
1589,lrange5,1000000,1221020.75
1590,lpush5,1000000,784967.00
1590,lrange5,1000000,1187667.50
1591,lpush5,1000000,782497.62
1591,lrange5,1000000,1158841.25
1592,lpush5,1000000,797448.19
1592,lrange5,1000000,1196172.25
1593,lpush5,1000000,772846.94
1593,lrange5,1000000,1213786.38
1594,lpush5,1000000,788820.19
1594,lrange5,1000000,1202000.00
1595,lpush5,1000000,788706.62
1595,lrange5,1000000,1204838.62
1596,lpush5,1000000,789278.62
1596,lrange5,1000000,1199271.00
1597,lpush5,1000000,772287.31
1597,lrange5,1000000,1166973.12
1598,lpush5,1000000,785558.50
1598,lrange5,1000000,1224146.88
1599,lpush5,1000000,788794.94
1599,lrange5,1000000,1196344.50
1600,lpush5,1000000,796178.31
1600,lrange5,1000000,1215241.75
1601,lpush5,1000000,788694.00
1601,lrange5,1000000,1187876.50
1602,lpush5,1000000,775330.25
1602,lrange5,1000000,1182070.88
1603,lpush5,1000000,778866.00
1603,lrange5,1000000,1203523.50
1604,lpush5,1000000,786794.62
1604,lrange5,1000000,1180656.38
1605,lpush5,1000000,758761.81
1605,lrange5,1000000,1154882.25
1606,lpush5,1000000,788022.06
1606,lrange5,1000000,1150840.00
1607,lpush5,1000000,774680.06
1607,lrange5,1000000,1190533.38
1608,lpush5,1000000,786163.56
1608,lrange5,1000000,1193336.50
1609,lpush5,1000000,783123.00
1609,lrange5,1000000,1189308.00
1610,lpush5,1000000,738042.81
1610,lrange5,1000000,1088139.25
1611,lpush5,1000000,759890.56
1611,lrange5,1000000,1102659.25
1612,lpush5,1000000,764003.06
1612,lrange5,1000000,1053757.62
1613,lpush5,1000000,755335.38
1613,lrange5,1000000,1134204.00
1614,lpush5,1000000,778284.88
1614,lrange5,1000000,1180788.62
1615,lpush5,1000000,762292.69
1615,lrange5,1000000,1058201.12
1616,lpush5,1000000,770563.94
1616,lrange5,1000000,1189288.88
1617,lpush5,1000000,787489.75
1617,lrange5,1000000,1112525.00
1618,lpush5,1000000,771654.31
1618,lrange5,1000000,1067321.25
1619,lpush5,1000000,754716.94
1619,lrange5,1000000,1151042.50
1620,lpush5,1000000,742390.50
1620,lrange5,1000000,1123595.50
1621,lpush5,1000000,760000.00
1621,lrange5,1000000,1190495.25
1622,lpush5,1000000,786882.75
1622,lrange5,1000000,1191933.25
1623,lpush5,1000000,779448.19
1623,lrange5,1000000,1118621.88
1624,lpush5,1000000,783774.25
1624,lrange5,1000000,1193336.50
1625,lpush5,1000000,779473.12
1625,lrange5,1000000,1194762.25
1626,lpush5,1000000,794281.19
1626,lrange5,1000000,1204838.62
1627,lpush5,1000000,785558.50
1627,lrange5,1000000,1095377.88
1628,lpush5,1000000,791240.50
1628,lrange5,1000000,1222650.38
1629,lpush5,1000000,793739.69
1629,lrange5,1000000,1205224.12
1630,lpush5,1000000,745771.81
1630,lrange5,1000000,1175182.12
1631,lpush5,1000000,776509.31
1631,lrange5,1000000,1209247.88
1632,lpush5,1000000,783761.75
1632,lrange5,1000000,1141589.00
1633,lpush5,1000000,787426.81
1633,lrange5,1000000,1225647.12
1634,lpush5,1000000,793650.81
1634,lrange5,1000000,1193508.38
1635,lpush5,1000000,795039.75
1635,lrange5,1000000,1219648.75
1636,lpush5,1000000,749625.19
1636,lrange5,1000000,1197681.50
1637,lpush5,1000000,785583.69
1637,lrange5,1000000,1206465.62
1638,lpush5,1000000,796927.50
1638,lrange5,1000000,1196325.38
1639,lpush5,1000000,750786.75
1639,lrange5,1000000,1100110.00
1640,lpush5,1000000,769243.12
1640,lrange5,1000000,1154863.75
1641,lpush5,1000000,762231.69
1641,lrange5,1000000,1187781.50
1642,lpush5,1000000,788757.06
1642,lrange5,1000000,1184834.12
1643,lpush5,1000000,773419.94
1643,lrange5,1000000,1106283.25
1644,lpush5,1000000,773444.69
1644,lrange5,1000000,1193393.75
1645,lpush5,1000000,792532.50
1645,lrange5,1000000,1203504.25
1646,lpush5,1000000,734800.94
1646,lrange5,1000000,1154734.38
1647,lpush5,1000000,802670.94
1647,lrange5,1000000,1184834.12
1648,lpush5,1000000,785054.94
1648,lrange5,1000000,1218338.62
1649,lpush5,1000000,795014.31
1649,lrange5,1000000,1225705.88
1650,lpush5,1000000,801307.69
1650,lrange5,1000000,1210886.25
1651,lpush5,1000000,768787.06
1651,lrange5,1000000,1210653.75
1652,lpush5,1000000,803212.88
1652,lrange5,1000000,1216564.38
1653,lpush5,1000000,764611.62
1653,lrange5,1000000,1194743.12
1654,lpush5,1000000,796902.00
1654,lrange5,1000000,1222552.50
1655,lpush5,1000000,798862.62
1655,lrange5,1000000,1225804.00
1656,lpush5,1000000,798174.00
1656,lrange5,1000000,1216700.75
1657,lpush5,1000000,805866.19
1657,lrange5,1000000,1190685.75
1658,lpush5,1000000,798734.81
1658,lrange5,1000000,1204857.88
1659,lpush5,1000000,784414.12
1659,lrange5,1000000,1221020.75
1660,lpush5,1000000,800704.56
1660,lrange5,1000000,1168261.62
1661,lpush5,1000000,798875.44
1661,lrange5,1000000,1194991.62
1662,lpush5,1000000,794912.56
1662,lrange5,1000000,1213669.88
1663,lpush5,1000000,787565.38
1663,lrange5,1000000,1224009.88
1664,lpush5,1000000,793135.56
1664,lrange5,1000000,1230032.00
1665,lpush5,1000000,795014.31
1665,lrange5,1000000,1197662.25
1666,lpush5,1000000,791202.50
1666,lrange5,1000000,1225686.25
1667,lpush5,1000000,780106.12
1667,lrange5,1000000,1215164.00
1668,lpush5,1000000,790602.38
1668,lrange5,1000000,1228678.12
1669,lpush5,1000000,795544.94
1669,lrange5,1000000,1239157.38
1670,lpush5,1000000,801282.06
1670,lrange5,1000000,1176508.25
1671,lpush5,1000000,762195.12
1671,lrange5,1000000,1106212.38
1672,lpush5,1000000,739110.12
1672,lrange5,1000000,1103752.75
1673,lpush5,1000000,787477.19
1673,lrange5,1000000,1239415.12
1674,lpush5,1000000,784326.31
1674,lrange5,1000000,1166991.88
1675,lpush5,1000000,798135.69
1675,lrange5,1000000,1197700.62
1676,lpush5,1000000,786264.19
1676,lrange5,1000000,1209286.50
1677,lpush5,1000000,781885.81
1677,lrange5,1000000,1209209.12
1678,lpush5,1000000,785558.50
1678,lrange5,1000000,1172370.50
1679,lpush5,1000000,771728.38
1679,lrange5,1000000,1156235.88
1680,lpush5,1000000,769255.44
1680,lrange5,1000000,1165501.25
1681,lpush5,1000000,769847.56
1681,lrange5,1000000,1164144.38
1682,lpush5,1000000,783148.06
1682,lrange5,1000000,1182108.75
1683,lpush5,1000000,757660.56
1683,lrange5,1000000,1149590.75
1684,lpush5,1000000,776434.81
1684,lrange5,1000000,1158804.25
1685,lpush5,1000000,775832.44
1685,lrange5,1000000,1173708.88
1686,lpush5,1000000,781935.88
1686,lrange5,1000000,1161626.00
1687,lpush5,1000000,745783.75
1687,lrange5,1000000,1204838.62
1688,lpush5,1000000,775193.81
1688,lrange5,1000000,1179528.38
1689,lpush5,1000000,795557.69
1689,lrange5,1000000,1166935.88
1690,lpush5,1000000,777692.06
1690,lrange5,1000000,1204973.50
1691,lpush5,1000000,784426.69
1691,lrange5,1000000,1184910.00
1692,lpush5,1000000,765794.81
1692,lrange5,1000000,1183469.75
1693,lpush5,1000000,778297.31
1693,lrange5,1000000,1187838.50
1694,lpush5,1000000,763978.62
1694,lrange5,1000000,1121076.25
1695,lpush5,1000000,781860.81
1695,lrange5,1000000,1111111.12
1696,lpush5,1000000,780690.06
1696,lrange5,1000000,1210653.75
1697,lpush5,1000000,786920.50
1697,lrange5,1000000,1193546.50
1698,lpush5,1000000,778828.62
1698,lrange5,1000000,1207787.38
1699,lpush5,1000000,793097.50
1699,lrange5,1000000,1160297.00
1700,lpush5,1000000,796254.75
1700,lrange5,1000000,1182033.12
1701,lpush5,1000000,783097.94
1701,lrange5,1000000,1196191.38
1702,lpush5,1000000,766883.44
1702,lrange5,1000000,1168243.00
1703,lpush5,1000000,791778.31
1703,lrange5,1000000,1201923.00
1704,lpush5,1000000,791879.62
1704,lrange5,1000000,1207845.38
1705,lpush5,1000000,786226.44
1705,lrange5,1000000,1215086.25
1706,lpush5,1000000,795608.62
1706,lrange5,1000000,1209228.50
1707,lpush5,1000000,798773.19
1707,lrange5,1000000,1222630.75
1708,lpush5,1000000,778828.62
1708,lrange5,1000000,1137674.62
1709,lpush5,1000000,778940.81
1709,lrange5,1000000,1202211.50
1710,lpush5,1000000,786857.56
1710,lrange5,1000000,1193317.38
1711,lpush5,1000000,794344.75
1711,lrange5,1000000,1215339.00
1712,lpush5,1000000,799360.50
1712,lrange5,1000000,1187667.50
1713,lpush5,1000000,764027.50
1713,lrange5,1000000,1240952.88
1714,lpush5,1000000,764611.62
1714,lrange5,1000000,1204896.38
1715,lpush5,1000000,791227.81
1715,lrange5,1000000,1190552.38
1716,lpush5,1000000,781898.31
1716,lrange5,1000000,1197739.00
1717,lpush5,1000000,772237.88
1717,lrange5,1000000,1196287.00
1718,lpush5,1000000,790602.38
1718,lrange5,1000000,1228560.12
1719,lpush5,1000000,794421.00
1719,lrange5,1000000,1192104.88
1720,lpush5,1000000,796889.25
1720,lrange5,1000000,1237742.50
1721,lpush5,1000000,771666.69
1721,lrange5,1000000,1207884.00
1722,lpush5,1000000,800640.56
1722,lrange5,1000000,1206272.62
1723,lpush5,1000000,800012.81
1723,lrange5,1000000,1213844.62
1724,lpush5,1000000,798811.50
1724,lrange5,1000000,1192047.75
1725,lpush5,1000000,779485.56
1725,lrange5,1000000,1169628.00
1726,lpush5,1000000,769292.31
1726,lrange5,1000000,1108700.62
1727,lpush5,1000000,776422.38
1727,lrange5,1000000,1193317.38
1728,lpush5,1000000,786201.31
1728,lrange5,1000000,1165631.75
1729,lpush5,1000000,780131.06
1729,lrange5,1000000,1193546.50
1730,lpush5,1000000,768172.00
1730,lrange5,1000000,1203369.50
1731,lpush5,1000000,776521.75
1731,lrange5,1000000,1176677.62
1732,lpush5,1000000,775243.44
1732,lrange5,1000000,1202076.88
1733,lpush5,1000000,766907.94
1733,lrange5,1000000,1194991.62
1734,lpush5,1000000,772871.69
1734,lrange5,1000000,1194896.00
1735,lpush5,1000000,808420.38
1735,lrange5,1000000,1222533.00
1736,lpush5,1000000,770539.31
1736,lrange5,1000000,1194819.62
1737,lpush5,1000000,791189.81
1737,lrange5,1000000,1224029.38
1738,lpush5,1000000,791253.12
1738,lrange5,1000000,1210789.38
1739,lpush5,1000000,795570.44
1739,lrange5,1000000,1221177.00
1740,lpush5,1000000,774593.31
1740,lrange5,1000000,1210925.00
1741,lpush5,1000000,754232.31
1741,lrange5,1000000,1190628.62
1742,lpush5,1000000,780168.50
1742,lrange5,1000000,1221294.25
1743,lpush5,1000000,758737.50
1743,lrange5,1000000,1162865.12
1744,lpush5,1000000,779498.06
1744,lrange5,1000000,1212160.00
1745,lpush5,1000000,798097.38
1745,lrange5,1000000,1210770.00
1746,lpush5,1000000,771629.62
1746,lrange5,1000000,1197815.62
1747,lpush5,1000000,789266.00
1747,lrange5,1000000,1096807.00
1748,lpush5,1000000,719528.06
1748,lrange5,1000000,1176583.50
1749,lpush5,1000000,778866.00
1749,lrange5,1000000,1150766.38
1750,lpush5,1000000,760456.25
1750,lrange5,1000000,1179264.12
1751,lpush5,1000000,789990.50
1751,lrange5,1000000,1162790.62
1752,lpush5,1000000,796902.00
1752,lrange5,1000000,1200557.00
1753,lpush5,1000000,799398.88
1753,lrange5,1000000,1209325.25
1754,lpush5,1000000,775857.25
1754,lrange5,1000000,1209363.88
1755,lpush5,1000000,779435.69
1755,lrange5,1000000,1197700.62
1756,lpush5,1000000,783235.75
1756,lrange5,1000000,1213611.62
1757,lpush5,1000000,796191.06
1757,lrange5,1000000,1177912.88
1758,lpush5,1000000,746826.00
1758,lrange5,1000000,1219609.75
1759,lpush5,1000000,801924.62
1759,lrange5,1000000,1187705.50
1760,lpush5,1000000,797448.19
1760,lrange5,1000000,1212295.75
1761,lpush5,1000000,794912.56
1761,lrange5,1000000,1201961.50
1762,lpush5,1000000,777654.75
1762,lrange5,1000000,1206427.00
1763,lpush5,1000000,790513.81
1763,lrange5,1000000,1219609.75
1764,lpush5,1000000,766283.56
1764,lrange5,1000000,1199251.75
1765,lpush5,1000000,781923.38
1765,lrange5,1000000,1202038.38
1766,lpush5,1000000,798722.06
1766,lrange5,1000000,1190495.25
1767,lpush5,1000000,789889.38
1767,lrange5,1000000,905898.56
1768,lpush5,1000000,783699.06
1768,lrange5,1000000,1204973.50
1769,lpush5,1000000,785017.25
1769,lrange5,1000000,1173821.62
1770,lpush5,1000000,796851.00
1770,lrange5,1000000,1207826.12
1771,lpush5,1000000,802593.88
1771,lrange5,1000000,1132520.88
1772,lpush5,1000000,759313.56
1772,lrange5,1000000,1221059.88
1773,lpush5,1000000,796825.50
1773,lrange5,1000000,1182033.12
1774,lpush5,1000000,792418.38
1774,lrange5,1000000,1215261.25
1775,lpush5,1000000,779547.94
1775,lrange5,1000000,1207826.12
1776,lpush5,1000000,785545.94
1776,lrange5,1000000,1210828.12
1777,lpush5,1000000,785596.25
1777,lrange5,1000000,1222493.88
1778,lpush5,1000000,780702.56
1778,lrange5,1000000,1201923.00
1779,lpush5,1000000,762256.06
1779,lrange5,1000000,1206349.88
1780,lpush5,1000000,793034.06
1780,lrange5,1000000,1183697.00
1781,lpush5,1000000,768713.31
1781,lrange5,1000000,1212334.62
1782,lpush5,1000000,774593.31
1782,lrange5,1000000,1199040.75
1783,lpush5,1000000,793097.50
1783,lrange5,1000000,1168280.38
1784,lpush5,1000000,786819.81
1784,lrange5,1000000,1202057.62
1785,lpush5,1000000,793701.56
1785,lrange5,1000000,1169964.88
1786,lpush5,1000000,786782.06
1786,lrange5,1000000,1193546.50
1787,lpush5,1000000,784941.88
1787,lrange5,1000000,1204954.25
1788,lpush5,1000000,770490.00
1788,lrange5,1000000,1189117.75
1789,lpush5,1000000,772200.81
1789,lrange5,1000000,1204838.62
1790,lpush5,1000000,786857.56
1790,lrange5,1000000,1177856.38
1791,lpush5,1000000,795557.69
1791,lrange5,1000000,1212198.75
1792,lpush5,1000000,789977.88
1792,lrange5,1000000,1213611.62
1793,lpush5,1000000,789404.94
1793,lrange5,1000000,1171035.12
1794,lpush5,1000000,783736.69
1794,lrange5,1000000,1215144.62
1795,lpush5,1000000,784941.88
1795,lrange5,1000000,1216545.00
1796,lpush5,1000000,781898.31
1796,lrange5,1000000,1193393.75
1797,lpush5,1000000,776496.88
1797,lrange5,1000000,1203369.50
1798,lpush5,1000000,792532.50
1798,lrange5,1000000,1190666.75
1799,lpush5,1000000,752445.44
1799,lrange5,1000000,1123649.50
1800,lpush5,1000000,776509.31
1800,lrange5,1000000,1209267.25
1801,lpush5,1000000,798760.38
1801,lrange5,1000000,1189155.75
1802,lpush5,1000000,778853.56
1802,lrange5,1000000,1165669.00
1803,lpush5,1000000,751483.12
1803,lrange5,1000000,1091877.75
1804,lpush5,1000000,766320.31
1804,lrange5,1000000,1140378.62
1805,lpush5,1000000,761614.62
1805,lrange5,1000000,1146899.12
1806,lpush5,1000000,769329.25
1806,lrange5,1000000,1168411.25
1807,lpush5,1000000,775882.06
1807,lrange5,1000000,1203388.75
1808,lpush5,1000000,786201.31
1808,lrange5,1000000,1204838.62
1809,lpush5,1000000,742942.06
1809,lrange5,1000000,1189288.88
1810,lpush5,1000000,787426.81
1810,lrange5,1000000,1162790.62
1811,lpush5,1000000,765733.56
1811,lrange5,1000000,1183507.62
1812,lpush5,1000000,783862.06
1812,lrange5,1000000,1189060.62
1813,lpush5,1000000,768073.69
1813,lrange5,1000000,1040582.69
1814,lpush5,1000000,762280.44
1814,lrange5,1000000,1136363.62
1815,lpush5,1000000,767619.38
1815,lrange5,1000000,1140269.12
1816,lpush5,1000000,769896.81
1816,lrange5,1000000,1177950.50
1817,lpush5,1000000,792469.12
1817,lrange5,1000000,1118693.50
1818,lpush5,1000000,778222.56
1818,lrange5,1000000,1187838.50
1819,lpush5,1000000,800115.19
1819,lrange5,1000000,1202000.00
1820,lpush5,1000000,794319.31
1820,lrange5,1000000,1205012.12
1821,lpush5,1000000,803974.31
1821,lrange5,1000000,1206427.00
1822,lpush5,1000000,772797.50
1822,lrange5,1000000,1209247.88
1823,lpush5,1000000,783774.25
1823,lrange5,1000000,1194781.38
1824,lpush5,1000000,791803.62
1824,lrange5,1000000,1194896.00
1825,lpush5,1000000,794319.31
1825,lrange5,1000000,1184985.75
1826,lpush5,1000000,772797.50
1826,lrange5,1000000,1194762.25
1827,lpush5,1000000,758749.62
1827,lrange5,1000000,1171185.00
1828,lpush5,1000000,782485.12
1828,lrange5,1000000,1189060.62
1829,lpush5,1000000,790577.06
1829,lrange5,1000000,1213611.62
1830,lpush5,1000000,788122.88
1830,lrange5,1000000,1210770.00
1831,lpush5,1000000,794370.19
1831,lrange5,1000000,1184985.75
1832,lpush5,1000000,794950.69
1832,lrange5,1000000,1180750.88
1833,lpush5,1000000,790526.50
1833,lrange5,1000000,1186429.38
1834,lpush5,1000000,783160.56
1834,lrange5,1000000,1199194.25
1835,lpush5,1000000,747479.81
1835,lrange5,1000000,1189155.75
1836,lpush5,1000000,758773.94
1836,lrange5,1000000,1180675.38
1837,lpush5,1000000,777050.56
1837,lrange5,1000000,1206523.50
1838,lpush5,1000000,788668.75
1838,lrange5,1000000,1176527.00
1839,lpush5,1000000,789965.25
1839,lrange5,1000000,1197624.00
1840,lpush5,1000000,792431.06
1840,lrange5,1000000,1203600.50
1841,lpush5,1000000,753603.62
1841,lrange5,1000000,1182033.12
1842,lpush5,1000000,786301.94
1842,lrange5,1000000,1190514.38
1843,lpush5,1000000,767496.56
1843,lrange5,1000000,1207845.38
1844,lpush5,1000000,767508.81
1844,lrange5,1000000,1183469.75
1845,lpush5,1000000,774018.56
1845,lrange5,1000000,1182165.50
1846,lpush5,1000000,788744.50
1846,lrange5,1000000,1197604.88
1847,lpush5,1000000,803315.69
1847,lrange5,1000000,1207884.00
1848,lpush5,1000000,801282.06
1848,lrange5,1000000,1209267.25
1849,lpush5,1000000,793110.19
1849,lrange5,1000000,1216564.38
1850,lpush5,1000000,773407.56
1850,lrange5,1000000,1212179.38
1851,lpush5,1000000,772822.25
1851,lrange5,1000000,1225607.88
1852,lpush5,1000000,798785.94
1852,lrange5,1000000,1190495.25
1853,lpush5,1000000,786882.75
1853,lrange5,1000000,1203639.00
1854,lpush5,1000000,789341.75
1854,lrange5,1000000,1221059.88
1855,lpush5,1000000,765110.94
1855,lrange5,1000000,1178063.62
1856,lpush5,1000000,789977.88
1856,lrange5,1000000,1225686.25
1857,lpush5,1000000,788122.88
1857,lrange5,1000000,1218124.25
1858,lpush5,1000000,778828.62
1858,lrange5,1000000,1212354.00
1859,lpush5,1000000,793688.88
1859,lrange5,1000000,1215222.38
1860,lpush5,1000000,790539.12
1860,lrange5,1000000,1202134.62
1861,lpush5,1000000,788059.88
1861,lrange5,1000000,1206446.38
1862,lpush5,1000000,798097.38
1862,lrange5,1000000,1234706.12
1863,lpush5,1000000,800794.25
1863,lrange5,1000000,1226993.88
1864,lpush5,1000000,805840.44
1864,lrange5,1000000,1196344.50
1865,lpush5,1000000,779510.50
1865,lrange5,1000000,1186258.62
1866,lpush5,1000000,802078.62
1866,lrange5,1000000,1200557.00
1867,lpush5,1000000,801371.75
1867,lrange5,1000000,1215144.62
1868,lpush5,1000000,786239.00
1868,lrange5,1000000,1233045.62
1869,lpush5,1000000,777038.12
1869,lrange5,1000000,1219629.25
1870,lpush5,1000000,807754.44
1870,lrange5,1000000,1212140.62
1871,lpush5,1000000,798084.56
1871,lrange5,1000000,1189098.62
1872,lpush5,1000000,780056.19
1872,lrange5,1000000,1199079.12
1873,lpush5,1000000,790539.12
1873,lrange5,1000000,1175144.50
1874,lpush5,1000000,802645.25
1874,lrange5,1000000,1212179.38
1875,lpush5,1000000,793727.00
1875,lrange5,1000000,1236370.75
1876,lpush5,1000000,796902.00
1876,lrange5,1000000,1215066.75
1877,lpush5,1000000,795557.69
1877,lrange5,1000000,1164144.38
1878,lpush5,1000000,794293.94
1878,lrange5,1000000,1218065.75
1879,lpush5,1000000,792469.12
1879,lrange5,1000000,1234587.62
1880,lpush5,1000000,780093.62
1880,lrange5,1000000,1183526.62
1881,lpush5,1000000,791177.19
1881,lrange5,1000000,1191895.12
1882,lpush5,1000000,790066.31
1882,lrange5,1000000,1199079.12
1883,lpush5,1000000,780068.69
1883,lrange5,1000000,1207748.75
1884,lpush5,1000000,789341.75
1884,lrange5,1000000,1205050.62
1885,lpush5,1000000,785596.25
1885,lrange5,1000000,1219590.25
1886,lpush5,1000000,793160.94
1886,lrange5,1000000,1218085.25
1887,lpush5,1000000,807270.38
1887,lrange5,1000000,1206523.50
1888,lpush5,1000000,802001.62
1888,lrange5,1000000,1227052.75
1889,lpush5,1000000,801384.62
1889,lrange5,1000000,1219824.38
1890,lpush5,1000000,794950.69
1890,lrange5,1000000,1209267.25
1891,lpush5,1000000,796203.81
1891,lrange5,1000000,1212315.12
1892,lpush5,1000000,804595.31
1892,lrange5,1000000,1215280.62
1893,lpush5,1000000,803897.12
1893,lrange5,1000000,1223990.25
1894,lpush5,1000000,803277.12
1894,lrange5,1000000,1150913.62
1895,lpush5,1000000,798084.56
1895,lrange5,1000000,1228560.12
1896,lpush5,1000000,788085.06
1896,lrange5,1000000,1196325.38
1897,lpush5,1000000,772287.31
1897,lrange5,1000000,1176658.75
1898,lpush5,1000000,803858.56
1898,lrange5,1000000,1224166.50
1899,lpush5,1000000,788072.44
1899,lrange5,1000000,1189193.75
1900,lpush5,1000000,785696.75
1900,lrange5,1000000,1207806.75
1901,lpush5,1000000,789952.56
1901,lrange5,1000000,1204973.50
1902,lpush5,1000000,798084.56
1902,lrange5,1000000,1221001.25
1903,lpush5,1000000,794912.56
1903,lrange5,1000000,1204838.62
1904,lpush5,1000000,795557.69
1904,lrange5,1000000,1209189.75
1905,lpush5,1000000,791765.62
1905,lrange5,1000000,1200595.38
1906,lpush5,1000000,802568.19
1906,lrange5,1000000,1194819.62
1907,lpush5,1000000,791905.00
1907,lrange5,1000000,1221196.62
1908,lpush5,1000000,799437.25
1908,lrange5,1000000,1193642.00
1909,lpush5,1000000,790577.06
1909,lrange5,1000000,1231625.62
1910,lpush5,1000000,797460.94
1910,lrange5,1000000,1197662.25
1911,lpush5,1000000,782522.69
1911,lrange5,1000000,1187876.50
1912,lpush5,1000000,784426.69
1912,lrange5,1000000,1215144.62
1913,lpush5,1000000,800666.19
1913,lrange5,1000000,1165613.12
1914,lpush5,1000000,801975.94
1914,lrange5,1000000,1199079.12
1915,lpush5,1000000,784451.75
1915,lrange5,1000000,1201923.00
1916,lpush5,1000000,796838.25
1916,lrange5,1000000,1180864.25
1917,lpush5,1000000,772324.38
1917,lrange5,1000000,1172501.75
1918,lpush5,1000000,789329.12
1918,lrange5,1000000,1187800.50
1919,lpush5,1000000,722125.62
1919,lrange5,1000000,1180656.38
1920,lpush5,1000000,762861.94
1920,lrange5,1000000,1186258.62
1921,lpush5,1000000,801358.94
1921,lrange5,1000000,1212121.25
1922,lpush5,1000000,795583.12
1922,lrange5,1000000,1194838.75
1923,lpush5,1000000,766418.44
1923,lrange5,1000000,1203619.75
1924,lpush5,1000000,793701.56
1924,lrange5,1000000,1212315.12
1925,lpush5,1000000,778965.69
1925,lrange5,1000000,1165706.38
1926,lpush5,1000000,768701.00
1926,lrange5,1000000,1172333.00
1927,lpush5,1000000,573778.56
1927,lrange5,1000000,838263.25
1928,lpush5,1000000,652752.00
1928,lrange5,1000000,1197624.00
1929,lpush5,1000000,757050.75
1929,lrange5,1000000,1113710.50
1930,lpush5,1000000,765733.56
1930,lrange5,1000000,1091703.00
1931,lpush5,1000000,768762.50
1931,lrange5,1000000,1180713.12
1932,lpush5,1000000,672043.00
1932,lrange5,1000000,931143.38
1933,lpush5,1000000,705840.50
1933,lrange5,1000000,1096526.38
1934,lpush5,1000000,709779.94
1934,lrange5,1000000,1164405.12
1935,lpush5,1000000,774630.50
1935,lrange5,1000000,1206272.62
1936,lpush5,1000000,762231.69
1936,lrange5,1000000,1176734.12
1937,lpush5,1000000,791202.50
1937,lrange5,1000000,1182089.88
1938,lpush5,1000000,756514.38
1938,lrange5,1000000,1168280.38
1939,lpush5,1000000,793650.81
1939,lrange5,1000000,1182222.25
1940,lpush5,1000000,799398.88
1940,lrange5,1000000,1165725.00
1941,lpush5,1000000,798097.38
1941,lrange5,1000000,1173990.62
1942,lpush5,1000000,775869.62
1942,lrange5,1000000,1197777.25
1943,lpush5,1000000,793021.38
1943,lrange5,1000000,1209460.62
1944,lpush5,1000000,785583.69
1944,lrange5,1000000,1201923.00
1945,lpush5,1000000,789977.88
1945,lrange5,1000000,1204973.50
1946,lpush5,1000000,789278.62
1946,lrange5,1000000,1205069.88
1947,lpush5,1000000,787452.00
1947,lrange5,1000000,1221040.25
1948,lpush5,1000000,787401.56
1948,lrange5,1000000,1213611.62
1949,lpush5,1000000,782547.75
1949,lrange5,1000000,1183526.62
1950,lpush5,1000000,764660.56
1950,lrange5,1000000,1233045.62
1951,lpush5,1000000,793650.81
1951,lrange5,1000000,1206427.00
1952,lpush5,1000000,767521.12
1952,lrange5,1000000,1113621.38
1953,lpush5,1000000,791867.00
1953,lrange5,1000000,1216583.88
1954,lpush5,1000000,784313.75
1954,lrange5,1000000,1137656.38
1955,lpush5,1000000,788022.06
1955,lrange5,1000000,1213592.25
1956,lpush5,1000000,803212.88
1956,lrange5,1000000,1190685.75
1957,lpush5,1000000,798811.50
1957,lrange5,1000000,1199194.25
1958,lpush5,1000000,798174.00
1958,lrange5,1000000,1200729.88
1959,lpush5,1000000,794293.94
1959,lrange5,1000000,1189117.75
1960,lpush5,1000000,787439.38
1960,lrange5,1000000,1225549.00
1961,lpush5,1000000,786213.88
1961,lrange5,1000000,1213689.38
1962,lpush5,1000000,795544.94
1962,lrange5,1000000,1213747.62
1963,lpush5,1000000,800704.56
1963,lrange5,1000000,1209267.25
1964,lpush5,1000000,801371.75
1964,lrange5,1000000,1207729.50
1965,lpush5,1000000,797512.00
1965,lrange5,1000000,1207768.12
1966,lpush5,1000000,795621.31
1966,lrange5,1000000,1168261.62
1967,lpush5,1000000,775218.62
1967,lrange5,1000000,1139043.25
1968,lpush5,1000000,786782.06
1968,lrange5,1000000,1180656.38
1969,lpush5,1000000,769822.94
1969,lrange5,1000000,1209286.50
1970,lpush5,1000000,797448.19
1970,lrange5,1000000,1203388.75
1971,lpush5,1000000,783173.06
1971,lrange5,1000000,1225529.38
1972,lpush5,1000000,800076.81
1972,lrange5,1000000,1221079.38
1973,lpush5,1000000,800000.00
1973,lrange5,1000000,1215125.12
1974,lpush5,1000000,793199.00
1974,lrange5,1000000,1183526.62
1975,lpush5,1000000,793021.38
1975,lrange5,1000000,1196191.38
1976,lpush5,1000000,798148.44
1976,lrange5,1000000,1200499.38
1977,lpush5,1000000,798148.44
1977,lrange5,1000000,1199117.50
1978,lpush5,1000000,796203.81
1978,lrange5,1000000,1176470.50
1979,lpush5,1000000,791354.38
1979,lrange5,1000000,1215280.62
1980,lpush5,1000000,779448.19
1980,lrange5,1000000,1121130.00
1981,lpush5,1000000,795583.12
1981,lrange5,1000000,1184985.75
1982,lpush5,1000000,788085.06
1982,lrange5,1000000,1206446.38
1983,lpush5,1000000,789889.38
1983,lrange5,1000000,1172445.50
1984,lpush5,1000000,785218.19
1984,lrange5,1000000,1199040.75
1985,lpush5,1000000,783185.62
1985,lrange5,1000000,1200576.25
1986,lpush5,1000000,803277.12
1986,lrange5,1000000,1209286.50
1987,lpush5,1000000,800730.19
1987,lrange5,1000000,1215164.00
1988,lpush5,1000000,796812.75
1988,lrange5,1000000,1218065.75
1989,lpush5,1000000,805153.00
1989,lrange5,1000000,1218026.88
1990,lpush5,1000000,807831.94
1990,lrange5,1000000,1213611.62
1991,lpush5,1000000,791803.62
1991,lrange5,1000000,1222611.25
1992,lpush5,1000000,775268.25
1992,lrange5,1000000,1194857.75
1993,lpush5,1000000,803315.69
1993,lrange5,1000000,1216739.62
1994,lpush5,1000000,797512.00
1994,lrange5,1000000,1168429.88
1995,lpush5,1000000,789278.62
1995,lrange5,1000000,1146844.12
1996,lpush5,1000000,794950.69
1996,lrange5,1000000,1200653.00
1997,lpush5,1000000,796216.56
1997,lrange5,1000000,1212179.38
1998,lpush5,1000000,792418.38
1998,lrange5,1000000,1190609.50
1999,lpush5,1000000,799437.25
1999,lrange5,1000000,1219570.75
2000,lpush5,1000000,793021.38
2000,lrange5,1000000,1034208.88
