trial,operation,requests,rps
1,lpush5,1000000,610510.38
1,lrange5,1000000,1262767.62
2,lpush5,1000000,823802.31
2,lrange5,1000000,1182033.12
3,lpush5,1000000,817844.62
3,lrange5,1000000,1199271.00
4,lpush5,1000000,827973.56
4,lrange5,1000000,1270648.00
5,lpush5,1000000,824534.19
5,lrange5,1000000,1275591.88
6,lpush5,1000000,827341.62
6,lrange5,1000000,1190666.75
7,lpush5,1000000,815869.50
7,lrange5,1000000,1179245.25
8,lpush5,1000000,757026.50
8,lrange5,1000000,1190685.75
9,lpush5,1000000,813786.81
9,lrange5,1000000,1264343.88
10,lpush5,1000000,819013.94
10,lrange5,1000000,1261155.12
11,lpush5,1000000,815660.69
11,lrange5,1000000,1185175.38
12,lpush5,1000000,819895.06
12,lrange5,1000000,1190800.00
13,lpush5,1000000,829200.69
13,lrange5,1000000,1247122.25
14,lpush5,1000000,821136.25
14,lrange5,1000000,1272366.38
15,lpush5,1000000,823775.94
15,lrange5,1000000,1239375.50
16,lpush5,1000000,821241.31
16,lrange5,1000000,1209596.12
17,lpush5,1000000,818369.88
17,lrange5,1000000,1227150.88
18,lpush5,1000000,816391.81
18,lrange5,1000000,1231625.62
19,lpush5,1000000,830564.81
19,lrange5,1000000,1288701.00
20,lpush5,1000000,817661.44
20,lrange5,1000000,1175144.50
21,lpush5,1000000,823789.12
21,lrange5,1000000,1285347.00
22,lpush5,1000000,821018.00
22,lrange5,1000000,1272346.00
23,lpush5,1000000,823775.94
23,lrange5,1000000,1288680.38
24,lpush5,1000000,820462.69
24,lrange5,1000000,1248679.12
25,lpush5,1000000,821732.12
25,lrange5,1000000,1245389.88
26,lpush5,1000000,822381.62
26,lrange5,1000000,1265822.75
27,lpush5,1000000,824402.25
27,lrange5,1000000,1202269.25
28,lpush5,1000000,815739.00
28,lrange5,1000000,1288701.00
29,lpush5,1000000,820357.69
29,lrange5,1000000,1270709.00
30,lpush5,1000000,818396.06
30,lrange5,1000000,1275693.88
31,lpush5,1000000,826618.12
31,lrange5,1000000,1202076.88
32,lpush5,1000000,819013.94
32,lrange5,1000000,1285408.75
33,lpush5,1000000,816339.56
33,lrange5,1000000,1197853.88
34,lpush5,1000000,818330.62
34,lrange5,1000000,1269137.12
35,lpush5,1000000,832652.81
35,lrange5,1000000,1199040.75
36,lpush5,1000000,815035.06
36,lrange5,1000000,1293764.50
37,lpush5,1000000,825763.88
37,lrange5,1000000,1273946.50
38,lpush5,1000000,823881.38
38,lrange5,1000000,1293661.00
39,lpush5,1000000,821705.81
39,lrange5,1000000,1270953.00
40,lpush5,1000000,816535.50
40,lrange5,1000000,1251624.50
41,lpush5,1000000,817176.50
41,lrange5,1000000,1197834.75
42,lpush5,1000000,814449.50
42,lrange5,1000000,1290467.12
43,lpush5,1000000,821916.19
43,lrange5,1000000,1242275.75
44,lpush5,1000000,816509.38
44,lrange5,1000000,1264303.38
45,lpush5,1000000,819197.44
45,lrange5,1000000,1197739.00
46,lpush5,1000000,817241.88
46,lrange5,1000000,1272285.00
47,lpush5,1000000,836173.94
47,lrange5,1000000,1280594.12
48,lpush5,1000000,832146.44
48,lrange5,1000000,1202076.88
49,lpush5,1000000,816326.50
49,lrange5,1000000,1245489.50
50,lpush5,1000000,813669.69
50,lrange5,1000000,1149646.00
51,lpush5,1000000,815726.00
51,lrange5,1000000,1290384.50
52,lpush5,1000000,815712.94
52,lrange5,1000000,1202346.12
53,lpush5,1000000,821771.56
53,lrange5,1000000,1273946.50
54,lpush5,1000000,817189.56
54,lrange5,1000000,1194876.88
55,lpush5,1000000,813008.12
55,lrange5,1000000,1195029.88
56,lpush5,1000000,821784.69
56,lrange5,1000000,1194934.25
57,lpush5,1000000,814527.69
57,lrange5,1000000,1198026.38
58,lpush5,1000000,819737.69
58,lrange5,1000000,1189250.88
59,lpush5,1000000,830578.06
59,lrange5,1000000,1094162.00
60,lpush5,1000000,820541.44
60,lrange5,1000000,1207806.75
61,lpush5,1000000,818422.25
61,lrange5,1000000,1195010.75
62,lpush5,1000000,823111.06
62,lrange5,1000000,1248539.38
63,lpush5,1000000,821732.12
63,lrange5,1000000,1277159.62
64,lpush5,1000000,819184.31
64,lrange5,1000000,1240853.62
65,lpush5,1000000,813708.75
65,lrange5,1000000,1205069.88
66,lpush5,1000000,821929.31
66,lrange5,1000000,1212315.12
67,lpush5,1000000,821797.88
67,lrange5,1000000,1270810.62
68,lpush5,1000000,814371.31
68,lrange5,1000000,1290487.75
69,lpush5,1000000,819079.50
69,lrange5,1000000,1199271.00
70,lpush5,1000000,821863.62
70,lrange5,1000000,976890.56
71,lpush5,1000000,822513.19
71,lrange5,1000000,1283697.12
72,lpush5,1000000,824455.00
72,lrange5,1000000,1262646.50
73,lpush5,1000000,810385.75
73,lrange5,1000000,1269116.75
74,lpush5,1000000,829928.62
74,lrange5,1000000,1240694.75
75,lpush5,1000000,823762.75
75,lrange5,1000000,1193737.50
76,lpush5,1000000,828672.75
76,lrange5,1000000,1282194.88
77,lpush5,1000000,823203.25
77,lrange5,1000000,1206291.88
78,lpush5,1000000,817700.69
78,lrange5,1000000,1185251.25
79,lpush5,1000000,819672.12
79,lrange5,1000000,1256422.12
80,lpush5,1000000,829280.31
80,lrange5,1000000,1239335.88
81,lpush5,1000000,827315.12
81,lrange5,1000000,1187705.50
82,lpush5,1000000,827867.56
82,lrange5,1000000,1167215.88
83,lpush5,1000000,815804.25
83,lrange5,1000000,1196191.38
84,lpush5,1000000,823124.25
84,lrange5,1000000,1269055.88
85,lpush5,1000000,827973.56
85,lrange5,1000000,1205224.12
86,lpush5,1000000,822579.00
86,lrange5,1000000,1242236.00
87,lpush5,1000000,821018.00
87,lrange5,1000000,1270810.62
88,lpush5,1000000,825816.69
88,lrange5,1000000,1186676.12
89,lpush5,1000000,819685.25
89,lrange5,1000000,1199309.38
90,lpush5,1000000,813812.88
90,lrange5,1000000,1292051.75
91,lpush5,1000000,817687.62
91,lrange5,1000000,1285491.00
92,lpush5,1000000,815087.19
92,lrange5,1000000,1204838.62
93,lpush5,1000000,819672.12
93,lrange5,1000000,1196497.62
94,lpush5,1000000,823815.50
94,lrange5,1000000,1265822.75
95,lpush5,1000000,820357.69
95,lrange5,1000000,1206311.25
96,lpush5,1000000,825280.50
96,lrange5,1000000,1283779.25
97,lpush5,1000000,818487.75
97,lrange5,1000000,1195029.88
98,lpush5,1000000,817019.62
98,lrange5,1000000,1199443.62
99,lpush5,1000000,821692.69
99,lrange5,1000000,1230071.25
100,lpush5,1000000,813786.81
100,lrange5,1000000,1275551.00
101,lpush5,1000000,821228.19
101,lrange5,1000000,1208000.00
102,lpush5,1000000,815113.31
102,lrange5,1000000,1209267.25
103,lpush5,1000000,818422.25
103,lrange5,1000000,1259466.00
104,lpush5,1000000,815830.38
104,lrange5,1000000,1273946.50
105,lpush5,1000000,827827.88
105,lrange5,1000000,1192219.38
106,lpush5,1000000,815712.94
106,lrange5,1000000,1288845.38
107,lpush5,1000000,813073.19
107,lrange5,1000000,1283902.50
108,lpush5,1000000,818343.69
108,lrange5,1000000,1282153.88
109,lpush5,1000000,823775.94
109,lrange5,1000000,1288845.38
110,lpush5,1000000,821732.12
110,lrange5,1000000,1277180.12
111,lpush5,1000000,815660.69
111,lrange5,1000000,1269319.88
112,lpush5,1000000,813669.69
112,lrange5,1000000,1243820.88
113,lpush5,1000000,814397.38
113,lrange5,1000000,1290487.75
114,lpush5,1000000,817019.62
114,lrange5,1000000,1285347.00
115,lpush5,1000000,824441.81
115,lrange5,1000000,1293723.12
116,lpush5,1000000,822447.38
116,lrange5,1000000,1176470.50
117,lpush5,1000000,823934.12
117,lrange5,1000000,1285470.50
118,lpush5,1000000,813891.00
118,lrange5,1000000,1295378.25
119,lpush5,1000000,823071.56
119,lrange5,1000000,1262626.25
120,lpush5,1000000,829888.75
120,lrange5,1000000,1253152.88
121,lpush5,1000000,820423.31
121,lrange5,1000000,1285388.12
122,lpush5,1000000,825254.12
122,lrange5,1000000,1267528.50
123,lpush5,1000000,822368.44
123,lrange5,1000000,1195087.25
124,lpush5,1000000,829187.44
124,lrange5,1000000,1287145.38
125,lpush5,1000000,821241.31
125,lrange5,1000000,1272285.00
126,lpush5,1000000,818330.62
126,lrange5,1000000,1290529.12
127,lpush5,1000000,823242.75
127,lrange5,1000000,1194972.50
128,lpush5,1000000,821083.69
128,lrange5,1000000,1253173.00
129,lpush5,1000000,816365.69
129,lrange5,1000000,1209441.38
130,lpush5,1000000,821903.06
130,lrange5,1000000,1256361.75
131,lpush5,1000000,816404.88
131,lrange5,1000000,1189288.88
132,lpush5,1000000,813021.12
132,lrange5,1000000,1212140.62
133,lpush5,1000000,819868.81
133,lrange5,1000000,1243900.50
134,lpush5,1000000,839738.06
134,lrange5,1000000,1222493.88
135,lpush5,1000000,825267.31
135,lrange5,1000000,1190590.50
136,lpush5,1000000,824455.00
136,lrange5,1000000,1215241.75
137,lpush5,1000000,822434.25
137,lrange5,1000000,1292155.00
138,lpush5,1000000,827854.31
138,lrange5,1000000,1251684.62
139,lpush5,1000000,815699.88
139,lrange5,1000000,1283697.12
140,lpush5,1000000,823097.94
140,lrange5,1000000,1267467.75
141,lpush5,1000000,821149.38
141,lrange5,1000000,1254745.25
142,lpush5,1000000,823894.56
142,lrange5,1000000,707748.06
143,lpush5,1000000,729487.94
143,lrange5,1000000,1190552.38
144,lpush5,1000000,827947.06
144,lrange5,1000000,1242255.88
145,lpush5,1000000,821745.25
145,lrange5,1000000,1209189.75
146,lpush5,1000000,822500.00
146,lrange5,1000000,1206581.38
147,lpush5,1000000,821149.38
147,lrange5,1000000,1275530.62
148,lpush5,1000000,817753.06
148,lrange5,1000000,1237663.38
149,lpush5,1000000,823137.44
149,lrange5,1000000,1248439.50
150,lpush5,1000000,753651.81
150,lrange5,1000000,1272427.50
151,lpush5,1000000,825122.12
151,lrange5,1000000,1196478.38
152,lpush5,1000000,824560.56
152,lrange5,1000000,1224146.88
153,lpush5,1000000,822539.50
153,lrange5,1000000,1251664.50
154,lpush5,1000000,813164.19
154,lrange5,1000000,1251564.38
155,lpush5,1000000,817883.88
155,lrange5,1000000,1206330.50
156,lpush5,1000000,818330.62
156,lrange5,1000000,1197662.25
157,lpush5,1000000,823058.44
157,lrange5,1000000,1270688.75
158,lpush5,1000000,823137.44
158,lrange5,1000000,1195029.88
159,lpush5,1000000,815673.75
159,lrange5,1000000,1290467.12
160,lpush5,1000000,813164.19
160,lrange5,1000000,1288680.38
161,lpush5,1000000,823255.94
161,lrange5,1000000,1275693.88
162,lpush5,1000000,812542.69
162,lrange5,1000000,1239177.25
163,lpush5,1000000,820462.69
163,lrange5,1000000,1186676.12
164,lpush5,1000000,814345.25
164,lrange5,1000000,1288742.25
165,lpush5,1000000,827827.88
165,lrange5,1000000,1261215.62
166,lpush5,1000000,821057.44
166,lrange5,1000000,1175332.50
167,lpush5,1000000,828500.38
167,lrange5,1000000,1248439.50
168,lpush5,1000000,823163.75
168,lrange5,1000000,1291989.62
169,lpush5,1000000,821876.75
169,lrange5,1000000,1292010.38
170,lpush5,1000000,820357.69
170,lrange5,1000000,1290467.12
171,lpush5,1000000,817176.50
171,lrange5,1000000,1270688.75
172,lpush5,1000000,825082.50
172,lrange5,1000000,1192238.38
173,lpush5,1000000,824573.75
173,lrange5,1000000,1244218.88
174,lpush5,1000000,822421.06
174,lrange5,1000000,1277323.12
175,lpush5,1000000,828659.50
175,lrange5,1000000,1182411.38
176,lpush5,1000000,821254.50
176,lrange5,1000000,1292051.75
177,lpush5,1000000,819027.06
177,lrange5,1000000,1282112.88
178,lpush5,1000000,821123.12
178,lrange5,1000000,1292196.38
179,lpush5,1000000,823124.25
179,lrange5,1000000,1267488.00
180,lpush5,1000000,820357.69
180,lrange5,1000000,1277139.25
181,lpush5,1000000,825095.69
181,lrange5,1000000,1026924.06
182,lpush5,1000000,824600.12
182,lrange5,1000000,1189441.12
183,lpush5,1000000,814488.56
183,lrange5,1000000,1277139.25
184,lpush5,1000000,825935.62
184,lrange5,1000000,1233183.75
185,lpush5,1000000,829981.69
185,lrange5,1000000,1193584.75
186,lpush5,1000000,817661.44
186,lrange5,1000000,1243960.12
187,lpush5,1000000,825869.56
187,lrange5,1000000,1207845.38
188,lpush5,1000000,819184.31
188,lrange5,1000000,1283779.25
189,lpush5,1000000,817844.62
189,lrange5,1000000,1193737.50
190,lpush5,1000000,821692.69
190,lrange5,1000000,1196593.25
191,lpush5,1000000,813786.81
191,lrange5,1000000,1245330.00
192,lpush5,1000000,824441.81
192,lrange5,1000000,1199194.25
193,lpush5,1000000,816470.19
193,lrange5,1000000,1200537.75
194,lpush5,1000000,828540.19
194,lrange5,1000000,1200653.00
195,lpush5,1000000,830578.06
195,lrange5,1000000,1197758.12
196,lpush5,1000000,820423.31
196,lrange5,1000000,1275551.00
197,lpush5,1000000,819000.88
197,lrange5,1000000,1144311.25
198,lpush5,1000000,818369.88
198,lrange5,1000000,1285491.00
199,lpush5,1000000,821044.31
199,lrange5,1000000,1179339.62
200,lpush5,1000000,816470.19
200,lrange5,1000000,1231684.75
201,lpush5,1000000,818383.00
201,lrange5,1000000,1285388.12
202,lpush5,1000000,819184.31
202,lrange5,1000000,1275530.62
203,lpush5,1000000,826499.12
203,lrange5,1000000,1266025.25
204,lpush5,1000000,819000.88
204,lrange5,1000000,1250000.00
205,lpush5,1000000,817896.94
205,lrange5,1000000,1275530.62
206,lpush5,1000000,820344.56
206,lrange5,1000000,1277384.38
207,lpush5,1000000,817753.06
207,lrange5,1000000,1275591.88
208,lpush5,1000000,818422.25
208,lrange5,1000000,1215241.75
209,lpush5,1000000,819672.12
209,lrange5,1000000,1278915.62
210,lpush5,1000000,824521.00
210,lrange5,1000000,1215241.75
211,lpush5,1000000,815126.31
211,lrange5,1000000,1161514.50
212,lpush5,1000000,822368.44
212,lrange5,1000000,1203735.25
213,lpush5,1000000,820344.56
213,lrange5,1000000,1219551.25
214,lpush5,1000000,819881.94
214,lrange5,1000000,1293661.00
215,lpush5,1000000,811055.94
215,lrange5,1000000,1200825.88
216,lpush5,1000000,817137.25
216,lrange5,1000000,1199328.50
217,lpush5,1000000,828566.69
217,lrange5,1000000,1185004.75
218,lpush5,1000000,824586.94
218,lrange5,1000000,1285408.75
219,lpush5,1000000,822500.00
219,lrange5,1000000,1273926.12
220,lpush5,1000000,814488.56
220,lrange5,1000000,1293806.00
221,lpush5,1000000,819724.56
221,lrange5,1000000,1288824.75
222,lpush5,1000000,822381.62
222,lrange5,1000000,1283881.88
223,lpush5,1000000,819790.12
223,lrange5,1000000,1216583.88
224,lpush5,1000000,819066.38
224,lrange5,1000000,1196574.12
225,lpush5,1000000,815074.19
225,lrange5,1000000,1282071.88
226,lpush5,1000000,821692.69
226,lrange5,1000000,1282236.00
227,lpush5,1000000,815061.12
227,lrange5,1000000,1292010.38
228,lpush5,1000000,823097.94
228,lrange5,1000000,1199290.12
229,lpush5,1000000,822486.88
229,lrange5,1000000,1202115.38
230,lpush5,1000000,823736.44
230,lrange5,1000000,1251624.50
231,lpush5,1000000,826644.62
231,lrange5,1000000,1216661.75
232,lpush5,1000000,822447.38
232,lrange5,1000000,1199232.62
233,lpush5,1000000,823894.56
233,lrange5,1000000,1243801.00
234,lpush5,1000000,817071.94
234,lrange5,1000000,1224127.38
235,lpush5,1000000,818435.38
235,lrange5,1000000,1283697.12
236,lpush5,1000000,817006.56
236,lrange5,1000000,1165613.12
237,lpush5,1000000,829399.69
237,lrange5,1000000,1262828.25
238,lpush5,1000000,821110.00
238,lrange5,1000000,1282051.38
239,lpush5,1000000,819145.00
239,lrange5,1000000,1248619.25
240,lpush5,1000000,818448.44
240,lrange5,1000000,1273885.25
241,lpush5,1000000,818435.38
241,lrange5,1000000,1283881.88
242,lpush5,1000000,817831.50
242,lrange5,1000000,1189365.00
243,lpush5,1000000,817870.75
243,lrange5,1000000,1189403.12
244,lpush5,1000000,823045.25
244,lrange5,1000000,780690.06
245,lpush5,1000000,585526.94
245,lrange5,1000000,1231546.88
246,lpush5,1000000,820344.56
246,lrange5,1000000,1262808.12
247,lpush5,1000000,823176.94
247,lrange5,1000000,1196306.12
248,lpush5,1000000,818343.69
248,lrange5,1000000,1196325.38
249,lpush5,1000000,817137.25
249,lrange5,1000000,1275551.00
250,lpush5,1000000,812386.69
250,lrange5,1000000,1190571.50
251,lpush5,1000000,822526.31
251,lrange5,1000000,1199366.88
252,lpush5,1000000,818369.88
252,lrange5,1000000,1257901.88
253,lpush5,1000000,819131.88
253,lrange5,1000000,1196248.75
254,lpush5,1000000,816470.19
254,lrange5,1000000,765880.56
255,lpush5,1000000,744804.12
255,lrange5,1000000,1254705.12
256,lpush5,1000000,819000.88
256,lrange5,1000000,1200691.50
257,lpush5,1000000,821070.56
257,lrange5,1000000,1283861.38
258,lpush5,1000000,823723.25
258,lrange5,1000000,1195010.75
259,lpush5,1000000,819711.44
259,lrange5,1000000,1285532.12
260,lpush5,1000000,827814.62
260,lrange5,1000000,1224009.88
261,lpush5,1000000,817805.38
261,lrange5,1000000,1193508.38
262,lpush5,1000000,821916.19
262,lrange5,1000000,1253313.38
263,lpush5,1000000,815726.00
263,lrange5,1000000,829293.56
264,lpush5,1000000,752445.44
264,lrange5,1000000,1228619.12
265,lpush5,1000000,819145.00
265,lrange5,1000000,1283840.88
266,lpush5,1000000,817713.81
266,lrange5,1000000,1236113.75
267,lpush5,1000000,820475.81
267,lrange5,1000000,819711.44
268,lpush5,1000000,698379.88
268,lrange5,1000000,1199155.88
269,lpush5,1000000,815752.06
269,lrange5,1000000,1256281.38
270,lpush5,1000000,812438.69
270,lrange5,1000000,1272305.38
271,lpush5,1000000,823203.25
271,lrange5,1000000,1188066.50
272,lpush5,1000000,826446.25
272,lrange5,1000000,1283881.88
273,lpush5,1000000,817176.50
273,lrange5,1000000,1251564.38
274,lpush5,1000000,813669.69
274,lrange5,1000000,1272285.00
275,lpush5,1000000,823894.56
275,lrange5,1000000,1193718.38
276,lpush5,1000000,816339.56
276,lrange5,1000000,1190723.88
277,lpush5,1000000,821916.19
277,lrange5,1000000,816326.50
278,lpush5,1000000,703786.06
278,lrange5,1000000,1197777.25
279,lpush5,1000000,815752.06
279,lrange5,1000000,1192257.50
280,lpush5,1000000,817687.62
280,lrange5,1000000,1248459.38
281,lpush5,1000000,817818.44
281,lrange5,1000000,1221020.75
282,lpush5,1000000,823789.12
282,lrange5,1000000,1287063.00
283,lpush5,1000000,818396.06
283,lrange5,1000000,1197624.00
284,lpush5,1000000,813151.19
284,lrange5,1000000,1272264.62
285,lpush5,1000000,813682.69
285,lrange5,1000000,1180920.88
286,lpush5,1000000,815660.69
286,lrange5,1000000,1290322.62
287,lpush5,1000000,817098.06
287,lrange5,1000000,1285614.38
288,lpush5,1000000,817687.62
288,lrange5,1000000,1251564.38
289,lpush5,1000000,817032.69
289,lrange5,1000000,1280594.12
290,lpush5,1000000,819711.44
290,lrange5,1000000,1280655.50
291,lpush5,1000000,812516.69
291,lrange5,1000000,1193718.38
292,lpush5,1000000,816431.00
292,lrange5,1000000,1287001.25
293,lpush5,1000000,822394.75
293,lrange5,1000000,1244000.00
294,lpush5,1000000,819092.56
294,lrange5,1000000,1258002.50
295,lpush5,1000000,811094.88
295,lrange5,1000000,1200768.25
296,lpush5,1000000,821070.56
296,lrange5,1000000,1288659.75
297,lpush5,1000000,811094.88
297,lrange5,1000000,1283799.75
298,lpush5,1000000,811714.31
298,lrange5,1000000,1290487.75
299,lpush5,1000000,813669.69
299,lrange5,1000000,1242255.88
300,lpush5,1000000,820462.69
300,lrange5,1000000,1253173.00
301,lpush5,1000000,820383.94
301,lrange5,1000000,1210828.12
302,lpush5,1000000,821070.56
302,lrange5,1000000,1245449.62
303,lpush5,1000000,817163.44
303,lrange5,1000000,1250000.00
304,lpush5,1000000,815100.25
304,lrange5,1000000,1251644.50
305,lpush5,1000000,818422.25
305,lrange5,1000000,1196191.38
306,lpush5,1000000,816339.56
306,lrange5,1000000,1287207.25
307,lpush5,1000000,817661.44
307,lrange5,1000000,1184872.12
308,lpush5,1000000,816496.31
308,lrange5,1000000,1250180.00
309,lpush5,1000000,814436.44
309,lrange5,1000000,1202211.50
310,lpush5,1000000,826618.12
310,lrange5,1000000,1180958.62
311,lpush5,1000000,819685.25
311,lrange5,1000000,1189422.12
312,lpush5,1000000,824441.81
312,lrange5,1000000,1192028.62
313,lpush5,1000000,810424.69
313,lrange5,1000000,1194743.12
314,lpush5,1000000,823749.62
314,lrange5,1000000,1191990.50
315,lpush5,1000000,820515.19
315,lrange5,1000000,1193622.88
316,lpush5,1000000,827867.56
316,lrange5,1000000,1183640.25
317,lpush5,1000000,815035.06
317,lrange5,1000000,1245389.88
318,lpush5,1000000,811753.25
318,lrange5,1000000,950570.31
319,lpush5,1000000,819171.19
319,lrange5,1000000,1251624.50
320,lpush5,1000000,819092.56
320,lrange5,1000000,1190476.25
321,lpush5,1000000,820410.19
321,lrange5,1000000,1269035.50
322,lpush5,1000000,830021.56
322,lrange5,1000000,1270688.75
323,lpush5,1000000,823255.94
323,lrange5,1000000,1195068.12
324,lpush5,1000000,817713.81
324,lrange5,1000000,1203562.00
325,lpush5,1000000,821123.12
325,lrange5,1000000,1283902.50
326,lpush5,1000000,811701.31
326,lrange5,1000000,1248459.38
327,lpush5,1000000,821863.62
327,lrange5,1000000,1193355.62
328,lpush5,1000000,837721.94
328,lrange5,1000000,1200845.12
329,lpush5,1000000,826499.12
329,lrange5,1000000,1265843.00
330,lpush5,1000000,810372.81
330,lrange5,1000000,1240734.50
331,lpush5,1000000,820462.69
331,lrange5,1000000,1196172.25
332,lpush5,1000000,823203.25
332,lrange5,1000000,1190819.12
333,lpush5,1000000,821123.12
333,lrange5,1000000,1269035.50
334,lpush5,1000000,812360.69
334,lrange5,1000000,1199424.50
335,lpush5,1000000,821850.44
335,lrange5,1000000,1136400.00
336,lpush5,1000000,807754.44
336,lrange5,1000000,1189155.75
337,lpush5,1000000,816378.75
337,lrange5,1000000,1196574.12
338,lpush5,1000000,816352.62
338,lrange5,1000000,1293764.50
339,lpush5,1000000,825148.50
339,lrange5,1000000,770502.31
340,lpush5,1000000,628231.12
340,lrange5,1000000,1273946.50
341,lpush5,1000000,819842.62
341,lrange5,1000000,1245609.00
342,lpush5,1000000,823802.31
342,lrange5,1000000,1250120.00
343,lpush5,1000000,816431.00
343,lrange5,1000000,1256462.25
344,lpush5,1000000,821692.69
344,lrange5,1000000,1251624.50
345,lpush5,1000000,816339.56
345,lrange5,1000000,1293826.62
346,lpush5,1000000,817058.81
346,lrange5,1000000,880338.00
347,lpush5,1000000,509708.47
347,lrange5,1000000,771654.31
348,lpush5,1000000,597186.88
348,lrange5,1000000,1149719.50
349,lpush5,1000000,823736.44
349,lrange5,1000000,1250180.00
350,lpush5,1000000,819685.25
350,lrange5,1000000,1251664.50
351,lpush5,1000000,819724.56
351,lrange5,1000000,1274333.75
352,lpush5,1000000,813682.69
352,lrange5,1000000,1237702.88
353,lpush5,1000000,819131.88
353,lrange5,1000000,1221040.25
354,lpush5,1000000,819698.31
354,lrange5,1000000,1288659.75
355,lpush5,1000000,817753.06
355,lrange5,1000000,1265843.00
356,lpush5,1000000,819040.19
356,lrange5,1000000,1218085.25
357,lpush5,1000000,817674.56
357,lrange5,1000000,1288701.00
358,lpush5,1000000,814488.56
358,lrange5,1000000,1288824.75
359,lpush5,1000000,818500.81
359,lrange5,1000000,1274068.75
360,lpush5,1000000,813682.69
360,lrange5,1000000,1278833.75
361,lpush5,1000000,815074.19
361,lrange5,1000000,1205012.12
362,lpush5,1000000,819829.50
362,lrange5,1000000,1287063.00
363,lpush5,1000000,827907.31
363,lrange5,1000000,1248599.25
364,lpush5,1000000,821732.12
364,lrange5,1000000,1285367.62
365,lpush5,1000000,827381.31
365,lrange5,1000000,1277159.62
366,lpush5,1000000,818343.69
366,lrange5,1000000,1245369.88
367,lpush5,1000000,824455.00
367,lrange5,1000000,1189155.75
368,lpush5,1000000,821057.44
368,lrange5,1000000,1240694.75
369,lpush5,1000000,819711.44
369,lrange5,1000000,1273987.25
370,lpush5,1000000,819724.56
370,lrange5,1000000,1290363.88
371,lpush5,1000000,821797.88
371,lrange5,1000000,1287207.25
372,lpush5,1000000,828566.69
372,lrange5,1000000,1185137.50
373,lpush5,1000000,821149.38
373,lrange5,1000000,1282153.88
374,lpush5,1000000,817085.00
374,lrange5,1000000,1202096.12
375,lpush5,1000000,821771.56
375,lrange5,1000000,1258042.75
376,lpush5,1000000,825975.25
376,lrange5,1000000,1283902.50
377,lpush5,1000000,829426.25
377,lrange5,1000000,1199386.12
378,lpush5,1000000,832719.44
378,lrange5,1000000,1210711.88
379,lpush5,1000000,815048.06
379,lrange5,1000000,1171072.62
380,lpush5,1000000,830021.56
380,lrange5,1000000,1196210.50
381,lpush5,1000000,827249.00
381,lrange5,1000000,1190495.25
382,lpush5,1000000,827169.56
382,lrange5,1000000,1239474.62
383,lpush5,1000000,816483.25
383,lrange5,1000000,1267548.88
384,lpush5,1000000,810424.69
384,lrange5,1000000,1204935.00
385,lpush5,1000000,823216.44
385,lrange5,1000000,1251604.50
386,lpush5,1000000,808472.12
386,lrange5,1000000,1251564.38
387,lpush5,1000000,827907.31
387,lrange5,1000000,1193718.38
388,lpush5,1000000,818513.94
388,lrange5,1000000,1160241.38
389,lpush5,1000000,744613.50
389,lrange5,1000000,1195106.38
390,lpush5,1000000,820357.69
390,lrange5,1000000,1225490.25
391,lpush5,1000000,814384.31
391,lrange5,1000000,1282153.88
392,lpush5,1000000,817779.19
392,lrange5,1000000,1254865.75
393,lpush5,1000000,813851.94
393,lrange5,1000000,1278956.50
394,lpush5,1000000,821705.81
394,lrange5,1000000,1187667.50
395,lpush5,1000000,811922.06
395,lrange5,1000000,1222709.00
396,lpush5,1000000,823736.44
396,lrange5,1000000,1197624.00
397,lpush5,1000000,816326.50
397,lrange5,1000000,1182430.25
398,lpush5,1000000,824600.12
398,lrange5,1000000,1261215.62
399,lpush5,1000000,823736.44
399,lrange5,1000000,1280573.62
400,lpush5,1000000,824639.69
400,lrange5,1000000,1192124.00
401,lpush5,1000000,817058.81
401,lrange5,1000000,1236153.25
402,lpush5,1000000,819000.88
402,lrange5,1000000,1193432.00
403,lpush5,1000000,813669.69
403,lrange5,1000000,1236271.88
404,lpush5,1000000,818343.69
404,lrange5,1000000,1293888.75
405,lpush5,1000000,817085.00
405,lrange5,1000000,1287186.62
406,lpush5,1000000,827986.81
406,lrange5,1000000,1197643.12
407,lpush5,1000000,819066.38
407,lrange5,1000000,1290570.38
408,lpush5,1000000,819105.69
408,lrange5,1000000,1184947.88
409,lpush5,1000000,811753.25
409,lrange5,1000000,1224146.88
410,lpush5,1000000,818553.19
410,lrange5,1000000,1278813.25
411,lpush5,1000000,832079.88
411,lrange5,1000000,1218124.25
412,lpush5,1000000,822381.62
412,lrange5,1000000,1179584.88
413,lpush5,1000000,824468.25
413,lrange5,1000000,1257881.75
414,lpush5,1000000,819092.56
414,lrange5,1000000,1250160.00
415,lpush5,1000000,821241.31
415,lrange5,1000000,1287186.62
416,lpush5,1000000,823881.38
416,lrange5,1000000,1275693.88
417,lpush5,1000000,819763.94
417,lrange5,1000000,1288783.50
418,lpush5,1000000,816993.50
418,lrange5,1000000,1183640.25
419,lpush5,1000000,822605.31
419,lrange5,1000000,1183810.62
420,lpush5,1000000,818396.06
420,lrange5,1000000,1247022.50
421,lpush5,1000000,818435.38
421,lrange5,1000000,1283758.75
422,lpush5,1000000,827854.31
422,lrange5,1000000,1194876.88
423,lpush5,1000000,810385.75
423,lrange5,1000000,1237722.75
424,lpush5,1000000,812373.69
424,lrange5,1000000,1274028.00
425,lpush5,1000000,821745.25
425,lrange5,1000000,1236133.50
426,lpush5,1000000,823216.44
426,lrange5,1000000,1251584.50
427,lpush5,1000000,821784.69
427,lrange5,1000000,1199232.62
428,lpush5,1000000,810554.31
428,lrange5,1000000,1189060.62
429,lpush5,1000000,826552.06
429,lrange5,1000000,1193527.50
430,lpush5,1000000,817818.44
430,lrange5,1000000,1193546.50
431,lpush5,1000000,813773.81
431,lrange5,1000000,1240714.62
432,lpush5,1000000,815726.00
432,lrange5,1000000,1193412.88
433,lpush5,1000000,819131.88
433,lrange5,1000000,1071040.62
434,lpush5,1000000,820383.94
434,lrange5,1000000,1184910.00
435,lpush5,1000000,820449.56
435,lrange5,1000000,1206291.88
436,lpush5,1000000,815726.00
436,lrange5,1000000,1259687.62
437,lpush5,1000000,819013.94
437,lrange5,1000000,1176809.38
438,lpush5,1000000,815178.50
438,lrange5,1000000,1277200.50
439,lpush5,1000000,824441.81
439,lrange5,1000000,1280409.75
440,lpush5,1000000,819145.00
440,lrange5,1000000,1269116.75
441,lpush5,1000000,819000.88
441,lrange5,1000000,1275714.38
442,lpush5,1000000,814332.19
442,lrange5,1000000,1257962.25
443,lpush5,1000000,823736.44
443,lrange5,1000000,1282071.88
444,lpush5,1000000,816483.25
444,lrange5,1000000,1264343.88
445,lpush5,1000000,821850.44
445,lrange5,1000000,1272285.00
446,lpush5,1000000,819711.44
446,lrange5,1000000,1280594.12
447,lpush5,1000000,812360.69
447,lrange5,1000000,1226993.88
448,lpush5,1000000,816470.19
448,lrange5,1000000,1280614.62
449,lpush5,1000000,819066.38
449,lrange5,1000000,1282112.88
450,lpush5,1000000,817674.56
450,lrange5,1000000,1283799.75
451,lpush5,1000000,824455.00
451,lrange5,1000000,1278854.25
452,lpush5,1000000,819737.69
452,lrange5,1000000,1283758.75
453,lpush5,1000000,812360.69
453,lrange5,1000000,1264384.25
454,lpush5,1000000,815817.31
454,lrange5,1000000,1193489.25
455,lpush5,1000000,825254.12
455,lrange5,1000000,1190781.00
456,lpush5,1000000,822473.69
456,lrange5,1000000,1261074.38
457,lpush5,1000000,823762.75
457,lrange5,1000000,1267488.00
458,lpush5,1000000,834751.31
458,lrange5,1000000,1282153.88
459,lpush5,1000000,824560.56
459,lrange5,1000000,1264364.12
460,lpush5,1000000,820475.81
460,lrange5,1000000,1197700.62
461,lpush5,1000000,825816.69
461,lrange5,1000000,1206446.38
462,lpush5,1000000,822434.25
462,lrange5,1000000,1250080.00
463,lpush5,1000000,813229.25
463,lrange5,1000000,1278936.00
464,lpush5,1000000,821096.81
464,lrange5,1000000,1275571.50
465,lpush5,1000000,824415.44
465,lrange5,1000000,1251664.50
466,lpush5,1000000,821692.69
466,lrange5,1000000,1212179.38
467,lpush5,1000000,821811.00
467,lrange5,1000000,1267569.12
468,lpush5,1000000,814462.50
468,lrange5,1000000,1236351.00
469,lpush5,1000000,825227.69
469,lrange5,1000000,1290549.75
470,lpush5,1000000,823828.69
470,lrange5,1000000,1189117.75
471,lpush5,1000000,811198.69
471,lrange5,1000000,1283799.75
472,lpush5,1000000,819040.19
472,lrange5,1000000,1250040.00
473,lpush5,1000000,818448.44
473,lrange5,1000000,1224127.38
474,lpush5,1000000,829187.44
474,lrange5,1000000,1272468.12
475,lpush5,1000000,823045.25
475,lrange5,1000000,1265984.75
476,lpush5,1000000,819053.25
476,lrange5,1000000,1202288.38
477,lpush5,1000000,827143.12
477,lrange5,1000000,1285347.00
478,lpush5,1000000,825896.00
478,lrange5,1000000,1259506.25
479,lpush5,1000000,819053.25
479,lrange5,1000000,1287227.75
480,lpush5,1000000,820344.56
480,lrange5,1000000,1280594.12
481,lpush5,1000000,819881.94
481,lrange5,1000000,1206311.25
482,lpush5,1000000,814410.38
482,lrange5,1000000,1287001.25
483,lpush5,1000000,813669.69
483,lrange5,1000000,1288783.50
484,lpush5,1000000,824455.00
484,lrange5,1000000,1287063.00
485,lpush5,1000000,820410.19
485,lrange5,1000000,1245350.00
486,lpush5,1000000,815843.44
486,lrange5,1000000,1285408.75
487,lpush5,1000000,813008.12
487,lrange5,1000000,1285573.25
488,lpush5,1000000,816483.25
488,lrange5,1000000,1287021.88
489,lpush5,1000000,817753.06
489,lrange5,1000000,1267488.00
490,lpush5,1000000,820357.69
490,lrange5,1000000,1270709.00
491,lpush5,1000000,811792.19
491,lrange5,1000000,1187743.50
492,lpush5,1000000,821188.81
492,lrange5,1000000,1240694.75
493,lpush5,1000000,819803.25
493,lrange5,1000000,1196459.25
494,lpush5,1000000,816431.00
494,lrange5,1000000,1197853.88
495,lpush5,1000000,808472.12
495,lrange5,1000000,995343.31
496,lpush5,1000000,817831.50
496,lrange5,1000000,1243940.25
497,lpush5,1000000,821215.06
497,lrange5,1000000,1287227.75
498,lpush5,1000000,810593.19
498,lrange5,1000000,1250200.00
499,lpush5,1000000,823947.31
499,lrange5,1000000,1265863.25
500,lpush5,1000000,818330.62
500,lrange5,1000000,1250060.00
501,lpush5,1000000,814410.38
501,lrange5,1000000,1295502.62
502,lpush5,1000000,815726.00
502,lrange5,1000000,1211002.50
503,lpush5,1000000,814384.31
503,lrange5,1000000,1274028.00
504,lpush5,1000000,818435.38
504,lrange5,1000000,1272508.88
505,lpush5,1000000,824402.25
505,lrange5,1000000,1277282.25
506,lpush5,1000000,826525.62
506,lrange5,1000000,1219531.75
507,lpush5,1000000,821096.81
507,lrange5,1000000,1182241.12
508,lpush5,1000000,817818.44
508,lrange5,1000000,1192009.50
509,lpush5,1000000,820344.56
509,lrange5,1000000,1193470.12
510,lpush5,1000000,825869.56
510,lrange5,1000000,1203388.75
511,lpush5,1000000,822579.00
511,lrange5,1000000,1270871.62
512,lpush5,1000000,811094.88
512,lrange5,1000000,1212121.25
513,lpush5,1000000,824507.81
513,lrange5,1000000,1297058.38
514,lpush5,1000000,834068.38
514,lrange5,1000000,1253193.00
515,lpush5,1000000,822552.69
515,lrange5,1000000,1254725.25
516,lpush5,1000000,827827.88
516,lrange5,1000000,1195125.38
517,lpush5,1000000,828513.69
517,lrange5,1000000,802709.44
518,lpush5,1000000,689666.19
518,lrange5,1000000,1209267.25
519,lpush5,1000000,823111.06
519,lrange5,1000000,1191933.25
520,lpush5,1000000,822407.94
520,lrange5,1000000,1266005.00
521,lpush5,1000000,815752.06
521,lrange5,1000000,1282092.38
522,lpush5,1000000,823775.94
522,lrange5,1000000,1257881.75
523,lpush5,1000000,817137.25
523,lrange5,1000000,1192314.62
524,lpush5,1000000,827182.81
524,lrange5,1000000,1267427.12
525,lpush5,1000000,822434.25
525,lrange5,1000000,1196555.00
526,lpush5,1000000,821057.44
526,lrange5,1000000,1236232.38
527,lpush5,1000000,821876.75
527,lrange5,1000000,1295440.38
528,lpush5,1000000,819672.12
528,lrange5,1000000,1199079.12
529,lpush5,1000000,815008.94
529,lrange5,1000000,1275775.50
530,lpush5,1000000,822434.25
530,lrange5,1000000,1300431.75
531,lpush5,1000000,818422.25
531,lrange5,1000000,1256361.75
532,lpush5,1000000,823111.06
532,lrange5,1000000,1205089.12
533,lpush5,1000000,821044.31
533,lrange5,1000000,1256422.12
534,lpush5,1000000,825948.81
534,lrange5,1000000,1300410.88
535,lpush5,1000000,819685.25
535,lrange5,1000000,1274048.38
536,lpush5,1000000,823723.25
536,lrange5,1000000,1298701.38
537,lpush5,1000000,815061.12
537,lrange5,1000000,1265903.75
538,lpush5,1000000,816457.12
538,lrange5,1000000,1194743.12
539,lpush5,1000000,820554.56
539,lrange5,1000000,1275714.38
540,lpush5,1000000,819040.19
540,lrange5,1000000,1205012.12
541,lpush5,1000000,821057.44
541,lrange5,1000000,1280553.12
542,lpush5,1000000,831374.94
542,lrange5,1000000,1203408.00
543,lpush5,1000000,815791.25
543,lrange5,1000000,1213669.88
544,lpush5,1000000,820528.31
544,lrange5,1000000,1206484.88
545,lpush5,1000000,822407.94
545,lrange5,1000000,1293681.75
546,lpush5,1000000,817713.81
546,lrange5,1000000,1197643.12
547,lpush5,1000000,817045.75
547,lrange5,1000000,1264242.75
548,lpush5,1000000,815712.94
548,lrange5,1000000,1200672.25
549,lpush5,1000000,820397.06
549,lrange5,1000000,1298805.25
550,lpush5,1000000,833439.94
550,lrange5,1000000,1236173.00
551,lpush5,1000000,819013.94
551,lrange5,1000000,1290363.88
552,lpush5,1000000,820383.94
552,lrange5,1000000,1292031.00
553,lpush5,1000000,819685.25
553,lrange5,1000000,786226.44
554,lpush5,1000000,763529.81
554,lrange5,1000000,1175106.88
555,lpush5,1000000,825816.69
555,lrange5,1000000,1253213.12
556,lpush5,1000000,821123.12
556,lrange5,1000000,1193317.38
557,lpush5,1000000,821031.19
557,lrange5,1000000,1196325.38
558,lpush5,1000000,817045.75
558,lrange5,1000000,1248559.25
559,lpush5,1000000,827920.56
559,lrange5,1000000,1292175.75
560,lpush5,1000000,828579.94
560,lrange5,1000000,1261074.38
561,lpush5,1000000,823789.12
561,lrange5,1000000,1192219.38
562,lpush5,1000000,824534.19
562,lrange5,1000000,1231606.00
563,lpush5,1000000,828593.19
563,lrange5,1000000,1251744.62
564,lpush5,1000000,825935.62
564,lrange5,1000000,1261094.62
565,lpush5,1000000,829267.00
565,lrange5,1000000,1240774.25
566,lpush5,1000000,821162.50
566,lrange5,1000000,1283902.50
567,lpush5,1000000,827827.88
567,lrange5,1000000,1204819.25
568,lpush5,1000000,810450.56
568,lrange5,1000000,1293661.00
569,lpush5,1000000,821215.06
569,lrange5,1000000,1287145.38
570,lpush5,1000000,817713.81
570,lrange5,1000000,1258002.50
571,lpush5,1000000,829928.62
571,lrange5,1000000,1272325.62
572,lpush5,1000000,817058.81
572,lrange5,1000000,1228678.12
573,lpush5,1000000,815673.75
573,lrange5,1000000,1224225.25
574,lpush5,1000000,821241.31
574,lrange5,1000000,1196287.00
575,lpush5,1000000,820344.56
575,lrange5,1000000,1300431.75
576,lpush5,1000000,819000.88
576,lrange5,1000000,1297099.88
577,lpush5,1000000,822526.31
577,lrange5,1000000,1208115.88
578,lpush5,1000000,824402.25
578,lrange5,1000000,1262686.88
579,lpush5,1000000,820397.06
579,lrange5,1000000,1282051.38
580,lpush5,1000000,823775.94
580,lrange5,1000000,1298701.38
581,lpush5,1000000,821070.56
581,lrange5,1000000,1300535.75
582,lpush5,1000000,819013.94
582,lrange5,1000000,1199366.88
583,lpush5,1000000,821228.19
583,lrange5,1000000,1200595.38
584,lpush5,1000000,811094.88
584,lrange5,1000000,1176790.50
585,lpush5,1000000,822434.25
585,lrange5,1000000,1186505.38
586,lpush5,1000000,815712.94
586,lrange5,1000000,1275530.62
587,lpush5,1000000,825095.69
587,lrange5,1000000,1198007.25
588,lpush5,1000000,816417.94
588,lrange5,1000000,1256402.00
589,lpush5,1000000,821123.12
589,lrange5,1000000,1231527.12
590,lpush5,1000000,817713.81
590,lrange5,1000000,1200825.88
591,lpush5,1000000,822526.31
591,lrange5,1000000,1237623.75
592,lpush5,1000000,816993.50
592,lrange5,1000000,1267427.12
593,lpush5,1000000,821070.56
593,lrange5,1000000,1292175.75
594,lpush5,1000000,823084.75
594,lrange5,1000000,1197834.75
595,lpush5,1000000,819131.88
595,lrange5,1000000,1274089.12
596,lpush5,1000000,824415.44
596,lrange5,1000000,1269035.50
597,lpush5,1000000,821083.69
597,lrange5,1000000,1189060.62
598,lpush5,1000000,822579.00
598,lrange5,1000000,1199290.12
599,lpush5,1000000,814436.44
599,lrange5,1000000,1277241.38
600,lpush5,1000000,823150.62
600,lrange5,1000000,1265863.25
601,lpush5,1000000,816326.50
601,lrange5,1000000,1277180.12
602,lpush5,1000000,824455.00
602,lrange5,1000000,1196421.00
603,lpush5,1000000,817006.56
603,lrange5,1000000,1193680.25
604,lpush5,1000000,828540.19
604,lrange5,1000000,1295523.25
605,lpush5,1000000,820436.44
605,lrange5,1000000,1245389.88
606,lpush5,1000000,824573.75
606,lrange5,1000000,1194972.50
607,lpush5,1000000,822579.00
607,lrange5,1000000,1245350.00
608,lpush5,1000000,827814.62
608,lrange5,1000000,1283697.12
609,lpush5,1000000,819685.25
609,lrange5,1000000,1242395.00
610,lpush5,1000000,825161.69
610,lrange5,1000000,1288680.38
611,lpush5,1000000,826459.50
611,lrange5,1000000,1287104.25
612,lpush5,1000000,823723.25
612,lrange5,1000000,1267609.62
613,lpush5,1000000,823097.94
613,lrange5,1000000,1282092.38
614,lpush5,1000000,827907.31
614,lrange5,1000000,1196191.38
615,lpush5,1000000,819079.50
615,lrange5,1000000,1285511.62
616,lpush5,1000000,823045.25
616,lrange5,1000000,1239197.00
617,lpush5,1000000,821705.81
617,lrange5,1000000,1193680.25
618,lpush5,1000000,821018.00
618,lrange5,1000000,1292175.75
619,lpush5,1000000,825777.06
619,lrange5,1000000,1247142.12
620,lpush5,1000000,823934.12
620,lrange5,1000000,1259627.12
621,lpush5,1000000,823775.94
621,lrange5,1000000,1280430.25
622,lpush5,1000000,828659.50
622,lrange5,1000000,1287166.00
623,lpush5,1000000,815856.50
623,lrange5,1000000,1234567.88
624,lpush5,1000000,822421.06
624,lrange5,1000000,1287042.50
625,lpush5,1000000,821031.19
625,lrange5,1000000,1210789.38
626,lpush5,1000000,824402.25
626,lrange5,1000000,1254905.88
627,lpush5,1000000,821031.19
627,lrange5,1000000,1193317.38
628,lpush5,1000000,823216.44
628,lrange5,1000000,1227150.88
629,lpush5,1000000,816352.62
629,lrange5,1000000,1285511.62
630,lpush5,1000000,819053.25
630,lrange5,1000000,1283697.12
631,lpush5,1000000,824507.81
631,lrange5,1000000,1292031.00
632,lpush5,1000000,823762.75
632,lrange5,1000000,1195106.38
633,lpush5,1000000,820488.94
633,lrange5,1000000,1215222.38
634,lpush5,1000000,824402.25
634,lrange5,1000000,1292051.75
635,lpush5,1000000,819040.19
635,lrange5,1000000,1282194.88
636,lpush5,1000000,820475.81
636,lrange5,1000000,1199328.50
637,lpush5,1000000,823934.12
637,lrange5,1000000,1248439.50
638,lpush5,1000000,822368.44
638,lrange5,1000000,1261094.62
639,lpush5,1000000,820383.94
639,lrange5,1000000,1287083.62
640,lpush5,1000000,823176.94
640,lrange5,1000000,1178007.12
641,lpush5,1000000,816548.56
641,lrange5,1000000,1239236.75
642,lpush5,1000000,816378.75
642,lrange5,1000000,1275510.25
643,lpush5,1000000,817726.88
643,lrange5,1000000,1290384.50
644,lpush5,1000000,821784.69
644,lrange5,1000000,1242434.75
645,lpush5,1000000,813008.12
645,lrange5,1000000,1275714.38
646,lpush5,1000000,816326.50
646,lrange5,1000000,1236133.50
647,lpush5,1000000,820462.69
647,lrange5,1000000,1242236.00
648,lpush5,1000000,813682.69
648,lrange5,1000000,1195106.38
649,lpush5,1000000,819105.69
649,lrange5,1000000,1288762.88
650,lpush5,1000000,825108.88
650,lrange5,1000000,1258062.88
651,lpush5,1000000,826446.25
651,lrange5,1000000,1266005.00
652,lpush5,1000000,823775.94
652,lrange5,1000000,1259466.00
653,lpush5,1000000,818383.00
653,lrange5,1000000,1199271.00
654,lpush5,1000000,824547.38
654,lrange5,1000000,1288845.38
655,lpush5,1000000,815869.50
655,lrange5,1000000,1194857.75
656,lpush5,1000000,818396.06
656,lrange5,1000000,1248579.25
657,lpush5,1000000,827814.62
657,lrange5,1000000,1231527.12
658,lpush5,1000000,817006.56
658,lrange5,1000000,1190685.75
659,lpush5,1000000,815061.12
659,lrange5,1000000,1285347.00
660,lpush5,1000000,824560.56
660,lrange5,1000000,1259546.50
661,lpush5,1000000,830021.56
661,lrange5,1000000,1202115.38
662,lpush5,1000000,821863.62
662,lrange5,1000000,1272488.50
663,lpush5,1000000,816404.88
663,lrange5,1000000,1293661.00
664,lpush5,1000000,809268.62
664,lrange5,1000000,1195087.25
665,lpush5,1000000,827341.62
665,lrange5,1000000,1236153.25
666,lpush5,1000000,812399.69
666,lrange5,1000000,1248599.25
667,lpush5,1000000,821745.25
667,lrange5,1000000,1283861.38
668,lpush5,1000000,818369.88
668,lrange5,1000000,1269218.25
669,lpush5,1000000,828632.94
669,lrange5,1000000,1291989.62
670,lpush5,1000000,828619.69
670,lrange5,1000000,1187819.50
671,lpush5,1000000,836307.69
671,lrange5,1000000,1171297.50
672,lpush5,1000000,813099.19
672,lrange5,1000000,1197796.50
673,lpush5,1000000,814423.44
673,lrange5,1000000,1283697.12
674,lpush5,1000000,821149.38
674,lrange5,1000000,1209363.88
675,lpush5,1000000,819737.69
675,lrange5,1000000,1261094.62
676,lpush5,1000000,821175.69
676,lrange5,1000000,1297162.12
677,lpush5,1000000,819027.06
677,lrange5,1000000,1267609.62
678,lpush5,1000000,819223.62
678,lrange5,1000000,1233183.75
679,lpush5,1000000,823789.12
679,lrange5,1000000,1292031.00
680,lpush5,1000000,824402.25
680,lrange5,1000000,1261094.62
681,lpush5,1000000,819672.12
681,lrange5,1000000,1261094.62
682,lpush5,1000000,817713.81
682,lrange5,1000000,1230012.25
683,lpush5,1000000,811030.00
683,lrange5,1000000,1277139.25
684,lpush5,1000000,660076.56
684,lrange5,1000000,1280491.62
685,lpush5,1000000,821758.44
685,lrange5,1000000,1228737.12
686,lpush5,1000000,827196.06
686,lrange5,1000000,1258002.50
687,lpush5,1000000,815830.38
687,lrange5,1000000,1194819.62
688,lpush5,1000000,813669.69
688,lrange5,1000000,1190876.25
689,lpush5,1000000,823176.94
689,lrange5,1000000,1187800.50
690,lpush5,1000000,817045.75
690,lrange5,1000000,1200576.25
691,lpush5,1000000,824573.75
691,lrange5,1000000,1186353.50
692,lpush5,1000000,820397.06
692,lrange5,1000000,1186581.25
693,lpush5,1000000,821705.81
693,lrange5,1000000,1132647.75
694,lpush5,1000000,821070.56
694,lrange5,1000000,1187952.50
695,lpush5,1000000,827262.19
695,lrange5,1000000,1275510.25
696,lpush5,1000000,825763.88
696,lrange5,1000000,1278874.62
697,lpush5,1000000,815673.75
697,lrange5,1000000,1277159.62
698,lpush5,1000000,813047.12
698,lrange5,1000000,891265.62
699,lpush5,1000000,809268.62
699,lrange5,1000000,1267569.12
700,lpush5,1000000,823071.56
700,lrange5,1000000,1253132.88
701,lpush5,1000000,819053.25
701,lrange5,1000000,1207729.50
702,lpush5,1000000,817687.62
702,lrange5,1000000,1282071.88
703,lpush5,1000000,813021.12
703,lrange5,1000000,1287001.25
704,lpush5,1000000,821136.25
704,lrange5,1000000,1194953.38
705,lpush5,1000000,823045.25
705,lrange5,1000000,1246882.88
706,lpush5,1000000,818383.00
706,lrange5,1000000,1190742.88
707,lpush5,1000000,816431.00
707,lrange5,1000000,1258002.50
708,lpush5,1000000,824481.44
708,lrange5,1000000,1272407.12
709,lpush5,1000000,827275.44
709,lrange5,1000000,1288680.38
710,lpush5,1000000,823045.25
710,lrange5,1000000,1290487.75
711,lpush5,1000000,821863.62
711,lrange5,1000000,1264222.50
712,lpush5,1000000,819685.25
712,lrange5,1000000,1278874.62
713,lpush5,1000000,811766.25
713,lrange5,1000000,1216642.25
714,lpush5,1000000,818330.62
714,lrange5,1000000,1292031.00
715,lpush5,1000000,826538.81
715,lrange5,1000000,1022609.44
716,lpush5,1000000,818369.88
716,lrange5,1000000,1278977.00
717,lpush5,1000000,820383.94
717,lrange5,1000000,1280594.12
718,lpush5,1000000,822407.94
718,lrange5,1000000,1228579.88
719,lpush5,1000000,815035.06
719,lrange5,1000000,1285408.75
720,lpush5,1000000,821863.62
720,lrange5,1000000,1278792.88
721,lpush5,1000000,817163.44
721,lrange5,1000000,1288866.00
722,lpush5,1000000,816535.50
722,lrange5,1000000,1254946.00
723,lpush5,1000000,817058.81
723,lrange5,1000000,1193412.88
724,lpush5,1000000,821837.31
724,lrange5,1000000,1193451.12
725,lpush5,1000000,817883.88
725,lrange5,1000000,1272407.12
726,lpush5,1000000,815048.06
726,lrange5,1000000,1187781.50
727,lpush5,1000000,829187.44
727,lrange5,1000000,1254885.88
728,lpush5,1000000,819908.19
728,lrange5,1000000,1248599.25
729,lpush5,1000000,823269.12
729,lrange5,1000000,1231684.75
730,lpush5,1000000,817058.81
730,lrange5,1000000,1180675.38
731,lpush5,1000000,824534.19
731,lrange5,1000000,1275632.62
732,lpush5,1000000,812386.69
732,lrange5,1000000,1258022.62
733,lpush5,1000000,816404.88
733,lrange5,1000000,1236291.75
734,lpush5,1000000,822592.12
734,lrange5,1000000,1287001.25
735,lpush5,1000000,816404.88
735,lrange5,1000000,1172558.00
736,lpush5,1000000,818383.00
736,lrange5,1000000,1192333.75
737,lpush5,1000000,827867.56
737,lrange5,1000000,1230032.00
738,lpush5,1000000,817137.25
738,lrange5,1000000,1261054.25
739,lpush5,1000000,819737.69
739,lrange5,1000000,1282194.88
740,lpush5,1000000,818422.25
740,lrange5,1000000,1282236.00
741,lpush5,1000000,818487.75
741,lrange5,1000000,1251744.62
742,lpush5,1000000,818369.88
742,lrange5,1000000,1278915.62
743,lpush5,1000000,828712.50
743,lrange5,1000000,1000080.00
744,lpush5,1000000,793803.19
744,lrange5,1000000,1288721.62
745,lpush5,1000000,818356.81
745,lrange5,1000000,1251584.50
746,lpush5,1000000,813099.19
746,lrange5,1000000,1246902.75
747,lpush5,1000000,816509.38
747,lrange5,1000000,1262747.50
748,lpush5,1000000,823084.75
748,lrange5,1000000,1187686.50
749,lpush5,1000000,813760.81
749,lrange5,1000000,1293806.00
750,lpush5,1000000,812399.69
750,lrange5,1000000,1283717.62
751,lpush5,1000000,825777.06
751,lrange5,1000000,1193451.12
752,lpush5,1000000,821692.69
752,lrange5,1000000,1221040.25
753,lpush5,1000000,825763.88
753,lrange5,1000000,1202019.25
754,lpush5,1000000,817124.19
754,lrange5,1000000,845403.25
755,lpush5,1000000,664547.50
755,lrange5,1000000,1259486.12
756,lpush5,1000000,813721.75
756,lrange5,1000000,1253253.12
757,lpush5,1000000,811896.12
757,lrange5,1000000,1192238.38
758,lpush5,1000000,813877.94
758,lrange5,1000000,1193451.12
759,lpush5,1000000,815087.19
759,lrange5,1000000,1219531.75
760,lpush5,1000000,819040.19
760,lrange5,1000000,1254745.25
761,lpush5,1000000,818409.19
761,lrange5,1000000,1190838.12
762,lpush5,1000000,825829.94
762,lrange5,1000000,1280450.62
763,lpush5,1000000,809729.56
763,lrange5,1000000,1197815.62
764,lpush5,1000000,822539.50
764,lrange5,1000000,1200825.88
765,lpush5,1000000,818409.19
765,lrange5,1000000,1269035.50
766,lpush5,1000000,823150.62
766,lrange5,1000000,1272264.62
767,lpush5,1000000,810463.56
767,lrange5,1000000,1190876.25
768,lpush5,1000000,815817.31
768,lrange5,1000000,1285347.00
769,lpush5,1000000,811870.12
769,lrange5,1000000,1264283.12
770,lpush5,1000000,829187.44
770,lrange5,1000000,1259586.88
771,lpush5,1000000,819092.56
771,lrange5,1000000,1287145.38
772,lpush5,1000000,823736.44
772,lrange5,1000000,1190666.75
773,lpush5,1000000,833359.94
773,lrange5,1000000,1189060.62
774,lpush5,1000000,819210.50
774,lrange5,1000000,1275591.88
775,lpush5,1000000,817098.06
775,lrange5,1000000,1236133.50
776,lpush5,1000000,823255.94
776,lrange5,1000000,1191952.38
777,lpush5,1000000,821745.25
777,lrange5,1000000,1256321.62
778,lpush5,1000000,821758.44
778,lrange5,1000000,1213728.12
779,lpush5,1000000,817058.81
779,lrange5,1000000,1186600.25
780,lpush5,1000000,821824.12
780,lrange5,1000000,1194781.38
781,lpush5,1000000,819737.69
781,lrange5,1000000,1287021.88
782,lpush5,1000000,813021.12
782,lrange5,1000000,1194934.25
783,lpush5,1000000,819816.38
783,lrange5,1000000,1292051.75
784,lpush5,1000000,819685.25
784,lrange5,1000000,1218046.38
785,lpush5,1000000,823762.75
785,lrange5,1000000,1240913.12
786,lpush5,1000000,818343.69
786,lrange5,1000000,1282092.38
787,lpush5,1000000,817674.56
787,lrange5,1000000,1278833.75
788,lpush5,1000000,820436.44
788,lrange5,1000000,1288659.75
789,lpush5,1000000,830114.50
789,lrange5,1000000,1253132.88
790,lpush5,1000000,825240.94
790,lrange5,1000000,1273946.50
791,lpush5,1000000,823749.62
791,lrange5,1000000,1290322.62
792,lpush5,1000000,825975.25
792,lrange5,1000000,1209422.00
793,lpush5,1000000,818461.56
793,lrange5,1000000,1196172.25
794,lpush5,1000000,817045.75
794,lrange5,1000000,1272407.12
795,lpush5,1000000,821096.81
795,lrange5,1000000,1185042.62
796,lpush5,1000000,817019.62
796,lrange5,1000000,1243781.12
797,lpush5,1000000,818474.62
797,lrange5,1000000,1261114.75
798,lpush5,1000000,820410.19
798,lrange5,1000000,1197624.00
799,lpush5,1000000,815765.12
799,lrange5,1000000,1206388.38
800,lpush5,1000000,821057.44
800,lrange5,1000000,807218.75
801,lpush5,1000000,823071.56
801,lrange5,1000000,1259526.38
802,lpush5,1000000,821136.25
802,lrange5,1000000,1165743.62
803,lpush5,1000000,816352.62
803,lrange5,1000000,1261114.75
804,lpush5,1000000,814345.25
804,lrange5,1000000,895369.75
805,lpush5,1000000,822421.06
805,lrange5,1000000,1278915.62
806,lpush5,1000000,821175.69
806,lrange5,1000000,1290405.25
807,lpush5,1000000,823762.75
807,lrange5,1000000,1194896.00
808,lpush5,1000000,819118.81
808,lrange5,1000000,1282112.88
809,lpush5,1000000,823229.62
809,lrange5,1000000,1275734.75
810,lpush5,1000000,826499.12
810,lrange5,1000000,1290446.50
811,lpush5,1000000,822381.62
811,lrange5,1000000,1162902.25
812,lpush5,1000000,824560.56
812,lrange5,1000000,1192085.88
813,lpush5,1000000,823723.25
813,lrange5,1000000,1186581.25
814,lpush5,1000000,823137.44
814,lrange5,1000000,1258022.62
815,lpush5,1000000,821070.56
815,lrange5,1000000,1190781.00
816,lpush5,1000000,820397.06
816,lrange5,1000000,1180883.12
817,lpush5,1000000,821771.56
817,lrange5,1000000,1278813.25
818,lpush5,1000000,821876.75
818,lrange5,1000000,1250020.00
819,lpush5,1000000,818396.06
819,lrange5,1000000,1186429.38
820,lpush5,1000000,825896.00
820,lrange5,1000000,1202365.38
821,lpush5,1000000,815712.94
821,lrange5,1000000,1253293.25
822,lpush5,1000000,823071.56
822,lrange5,1000000,1212121.25
823,lpush5,1000000,817163.44
823,lrange5,1000000,1240992.62
824,lpush5,1000000,817713.81
824,lrange5,1000000,1261195.50
825,lpush5,1000000,813721.75
825,lrange5,1000000,1273926.12
826,lpush5,1000000,818487.75
826,lrange5,1000000,1261155.12
827,lpush5,1000000,809755.44
827,lrange5,1000000,1269218.25
828,lpush5,1000000,823736.44
828,lrange5,1000000,1275530.62
829,lpush5,1000000,815100.25
829,lrange5,1000000,1196306.12
830,lpush5,1000000,823163.75
830,lrange5,1000000,1292051.75
831,lpush5,1000000,811740.25
831,lrange5,1000000,1187914.50
832,lpush5,1000000,814384.31
832,lrange5,1000000,1225529.38
833,lpush5,1000000,820397.06
833,lrange5,1000000,1250060.00
834,lpush5,1000000,815008.94
834,lrange5,1000000,1202057.62
835,lpush5,1000000,809281.56
835,lrange5,1000000,1272264.62
836,lpush5,1000000,815673.75
836,lrange5,1000000,1283697.12
837,lpush5,1000000,822381.62
837,lrange5,1000000,1269076.12
838,lpush5,1000000,823855.06
838,lrange5,1000000,1200633.88
839,lpush5,1000000,809087.44
839,lrange5,1000000,1261054.25
840,lpush5,1000000,817006.56
840,lrange5,1000000,1005169.88
841,lpush5,1000000,811107.81
841,lrange5,1000000,1204819.25
842,lpush5,1000000,815699.88
842,lrange5,1000000,1283717.62
843,lpush5,1000000,827854.31
843,lrange5,1000000,1259486.12
844,lpush5,1000000,818383.00
844,lrange5,1000000,1282277.00
845,lpush5,1000000,822407.94
845,lrange5,1000000,1234587.62
846,lpush5,1000000,819698.31
846,lrange5,1000000,1275796.00
847,lpush5,1000000,813877.94
847,lrange5,1000000,1253353.38
848,lpush5,1000000,833359.94
848,lrange5,1000000,1277200.50
849,lpush5,1000000,821797.88
849,lrange5,1000000,1200614.62
850,lpush5,1000000,827867.56
850,lrange5,1000000,1278813.25
851,lpush5,1000000,825869.56
851,lrange5,1000000,1285491.00
852,lpush5,1000000,825082.50
852,lrange5,1000000,1231783.25
853,lpush5,1000000,819040.19
853,lrange5,1000000,1250100.00
854,lpush5,1000000,822539.50
854,lrange5,1000000,1264283.12
855,lpush5,1000000,821031.19
855,lrange5,1000000,1194991.62
856,lpush5,1000000,821110.00
856,lrange5,1000000,1230150.00
857,lpush5,1000000,821916.19
857,lrange5,1000000,1194819.62
858,lpush5,1000000,762922.94
858,lrange5,1000000,1184872.12
859,lpush5,1000000,812425.69
859,lrange5,1000000,1251564.38
860,lpush5,1000000,828513.69
860,lrange5,1000000,1257861.62
861,lpush5,1000000,821719.00
861,lrange5,1000000,1187933.50
862,lpush5,1000000,811120.81
862,lrange5,1000000,1213669.88
863,lpush5,1000000,821745.25
863,lrange5,1000000,1240833.75
864,lpush5,1000000,823071.56
864,lrange5,1000000,1256422.12
865,lpush5,1000000,827143.12
865,lrange5,1000000,1290487.75
866,lpush5,1000000,818396.06
866,lrange5,1000000,1253152.88
867,lpush5,1000000,821797.88
867,lrange5,1000000,1190876.25
868,lpush5,1000000,817058.81
868,lrange5,1000000,1188047.50
869,lpush5,1000000,822539.50
869,lrange5,1000000,1190800.00
870,lpush5,1000000,819803.25
870,lrange5,1000000,1190895.25
871,lpush5,1000000,823736.44
871,lrange5,1000000,1194896.00
872,lpush5,1000000,817713.81
872,lrange5,1000000,1202076.88
873,lpush5,1000000,819724.56
873,lrange5,1000000,1285511.62
874,lpush5,1000000,817674.56
874,lrange5,1000000,1278772.38
875,lpush5,1000000,817870.75
875,lrange5,1000000,1274068.75
876,lpush5,1000000,820449.56
876,lrange5,1000000,1228560.12
877,lpush5,1000000,827867.56
877,lrange5,1000000,1197700.62
878,lpush5,1000000,817753.06
878,lrange5,1000000,1200499.38
879,lpush5,1000000,819868.81
879,lrange5,1000000,1202173.00
880,lpush5,1000000,821876.75
880,lrange5,1000000,1243880.62
881,lpush5,1000000,828526.94
881,lrange5,1000000,1101445.00
882,lpush5,1000000,824468.25
882,lrange5,1000000,1204857.88
883,lpush5,1000000,823124.25
883,lrange5,1000000,1199117.50
884,lpush5,1000000,821811.00
884,lrange5,1000000,1275591.88
885,lpush5,1000000,821044.31
885,lrange5,1000000,1278813.25
886,lpush5,1000000,817674.56
886,lrange5,1000000,1282051.38
887,lpush5,1000000,821057.44
887,lrange5,1000000,1270648.00
888,lpush5,1000000,819066.38
888,lrange5,1000000,1267447.50
889,lpush5,1000000,827156.31
889,lrange5,1000000,1204838.62
890,lpush5,1000000,826512.38
890,lrange5,1000000,1251564.38
891,lpush5,1000000,815817.31
891,lrange5,1000000,1203485.00
892,lpush5,1000000,811094.88
892,lrange5,1000000,1288783.50
893,lpush5,1000000,817137.25
893,lrange5,1000000,1240853.62
894,lpush5,1000000,819040.19
894,lrange5,1000000,1278772.38
895,lpush5,1000000,812347.75
895,lrange5,1000000,1048218.06
896,lpush5,1000000,832000.00
896,lrange5,1000000,1237801.88
897,lpush5,1000000,815778.19
897,lrange5,1000000,1288659.75
898,lpush5,1000000,818553.19
898,lrange5,1000000,1280512.12
899,lpush5,1000000,820436.44
899,lrange5,1000000,1287083.62
900,lpush5,1000000,821057.44
900,lrange5,1000000,1203716.00
901,lpush5,1000000,836173.94
901,lrange5,1000000,1208038.62
902,lpush5,1000000,824481.44
902,lrange5,1000000,1197604.88
903,lpush5,1000000,812347.75
903,lrange5,1000000,1194743.12
904,lpush5,1000000,815660.69
904,lrange5,1000000,1278792.88
905,lpush5,1000000,821057.44
905,lrange5,1000000,1261256.00
906,lpush5,1000000,827182.81
906,lrange5,1000000,1285388.12
907,lpush5,1000000,825803.50
907,lrange5,1000000,1160334.12
908,lpush5,1000000,821863.62
908,lrange5,1000000,1288701.00
909,lpush5,1000000,822565.81
909,lrange5,1000000,1194972.50
910,lpush5,1000000,826512.38
910,lrange5,1000000,1196459.25
911,lpush5,1000000,811701.31
911,lrange5,1000000,1259607.00
912,lpush5,1000000,820462.69
912,lrange5,1000000,1196267.88
913,lpush5,1000000,816326.50
913,lrange5,1000000,1236311.50
914,lpush5,1000000,818553.19
914,lrange5,1000000,1248519.38
915,lpush5,1000000,823789.12
915,lrange5,1000000,1150803.25
916,lpush5,1000000,820397.06
916,lrange5,1000000,1272366.38
917,lpush5,1000000,814501.62
917,lrange5,1000000,1256402.00
918,lpush5,1000000,817098.06
918,lrange5,1000000,1250040.00
919,lpush5,1000000,815660.69
919,lrange5,1000000,1285532.12
920,lpush5,1000000,819000.88
920,lrange5,1000000,1267447.50
921,lpush5,1000000,821745.25
921,lrange5,1000000,1277159.62
922,lpush5,1000000,824402.25
922,lrange5,1000000,1250100.00
923,lpush5,1000000,820423.31
923,lrange5,1000000,1176470.50
924,lpush5,1000000,821811.00
924,lrange5,1000000,1243860.62
925,lpush5,1000000,826472.69
925,lrange5,1000000,1287063.00
926,lpush5,1000000,819027.06
926,lrange5,1000000,1188028.50
927,lpush5,1000000,823775.94
927,lrange5,1000000,1254865.75
928,lpush5,1000000,824494.62
928,lrange5,1000000,1282092.38
929,lpush5,1000000,816339.56
929,lrange5,1000000,1198007.25
930,lpush5,1000000,827867.56
930,lrange5,1000000,1200672.25
931,lpush5,1000000,815699.88
931,lrange5,1000000,812451.69
932,lpush5,1000000,809781.38
932,lrange5,1000000,1196191.38
933,lpush5,1000000,820397.06
933,lrange5,1000000,1293785.25
934,lpush5,1000000,813799.88
934,lrange5,1000000,1290322.62
935,lpush5,1000000,813060.12
935,lrange5,1000000,1204954.25
936,lpush5,1000000,820475.81
936,lrange5,1000000,1197968.88
937,lpush5,1000000,819053.25
937,lrange5,1000000,1253313.38
938,lpush5,1000000,820515.19
938,lrange5,1000000,1245350.00
939,lpush5,1000000,810385.75
939,lrange5,1000000,1292031.00
940,lpush5,1000000,818513.94
940,lrange5,1000000,1202269.25
941,lpush5,1000000,814436.44
941,lrange5,1000000,1297016.88
942,lpush5,1000000,821070.56
942,lrange5,1000000,1261195.50
943,lpush5,1000000,831441.44
943,lrange5,1000000,1261155.12
944,lpush5,1000000,809768.44
944,lrange5,1000000,970951.50
945,lpush5,1000000,505163.62
945,lrange5,1000000,788643.50
946,lpush5,1000000,605751.69
946,lrange5,1000000,1199060.00
947,lpush5,1000000,813229.25
947,lrange5,1000000,1194819.62
948,lpush5,1000000,815752.06
948,lrange5,1000000,1196535.88
949,lpush5,1000000,820397.06
949,lrange5,1000000,1176734.12
950,lpush5,1000000,817098.06
950,lrange5,1000000,1236291.75
951,lpush5,1000000,827196.06
951,lrange5,1000000,1230150.00
952,lpush5,1000000,815869.50
952,lrange5,1000000,1259466.00
953,lpush5,1000000,816993.50
953,lrange5,1000000,1272366.38
954,lpush5,1000000,824455.00
954,lrange5,1000000,1239355.62
955,lpush5,1000000,814384.31
955,lrange5,1000000,1186638.25
956,lpush5,1000000,829875.50
956,lrange5,1000000,1280471.12
957,lpush5,1000000,817766.12
957,lrange5,1000000,1283717.62
958,lpush5,1000000,817202.62
958,lrange5,1000000,1189060.62
959,lpush5,1000000,830021.56
959,lrange5,1000000,1240734.50
960,lpush5,1000000,819040.19
960,lrange5,1000000,1280430.25
961,lpush5,1000000,821797.88
961,lrange5,1000000,1230012.25
962,lpush5,1000000,821824.12
962,lrange5,1000000,1283758.75
963,lpush5,1000000,824573.75
963,lrange5,1000000,1288783.50
964,lpush5,1000000,817726.88
964,lrange5,1000000,1239157.38
965,lpush5,1000000,815008.94
965,lrange5,1000000,1288845.38
966,lpush5,1000000,825161.69
966,lrange5,1000000,1288659.75
967,lpush5,1000000,820423.31
967,lrange5,1000000,1259526.38
968,lpush5,1000000,818330.62
968,lrange5,1000000,1265863.25
969,lpush5,1000000,815726.00
969,lrange5,1000000,1203542.75
970,lpush5,1000000,814462.50
970,lrange5,1000000,1282236.00
971,lpush5,1000000,823736.44
971,lrange5,1000000,1192219.38
972,lpush5,1000000,815778.19
972,lrange5,1000000,1174047.00
973,lpush5,1000000,817700.69
973,lrange5,1000000,1187743.50
974,lpush5,1000000,809885.00
974,lrange5,1000000,1251784.75
975,lpush5,1000000,815752.06
975,lrange5,1000000,1198026.38
976,lpush5,1000000,811094.88
976,lrange5,1000000,1283738.12
977,lpush5,1000000,823229.62
977,lrange5,1000000,1278833.75
978,lpush5,1000000,818330.62
978,lrange5,1000000,1283697.12
979,lpush5,1000000,821771.56
979,lrange5,1000000,1205069.88
980,lpush5,1000000,810398.75
980,lrange5,1000000,1202346.12
981,lpush5,1000000,815830.38
981,lrange5,1000000,1274028.00
982,lpush5,1000000,820344.56
982,lrange5,1000000,1185232.25
983,lpush5,1000000,816326.50
983,lrange5,1000000,1219570.75
984,lpush5,1000000,813060.12
984,lrange5,1000000,1292010.38
985,lpush5,1000000,823058.44
985,lrange5,1000000,1287042.50
986,lpush5,1000000,815204.56
986,lrange5,1000000,1261074.38
987,lpush5,1000000,821031.19
987,lrange5,1000000,1196344.50
988,lpush5,1000000,817071.94
988,lrange5,1000000,1274007.62
989,lpush5,1000000,813021.12
989,lrange5,1000000,1239197.00
990,lpush5,1000000,816993.50
990,lrange5,1000000,1172670.62
991,lpush5,1000000,825148.50
991,lrange5,1000000,1196325.38
992,lpush5,1000000,818461.56
992,lrange5,1000000,1253293.25
993,lpush5,1000000,817032.69
993,lrange5,1000000,1210770.00
994,lpush5,1000000,821018.00
994,lrange5,1000000,1209189.75
995,lpush5,1000000,817792.25
995,lrange5,1000000,1280532.62
996,lpush5,1000000,820397.06
996,lrange5,1000000,1204857.88
997,lpush5,1000000,825816.69
997,lrange5,1000000,1285347.00
998,lpush5,1000000,828500.38
998,lrange5,1000000,1262747.50
999,lpush5,1000000,827182.81
999,lrange5,1000000,1196497.62
1000,lpush5,1000000,809781.38
1000,lrange5,1000000,1230012.25
1001,lpush5,1000000,814384.31
1001,lrange5,1000000,1200922.00
1002,lpush5,1000000,822434.25
1002,lrange5,1000000,1275530.62
1003,lpush5,1000000,807831.94
1003,lrange5,1000000,1293702.50
1004,lpush5,1000000,829373.12
1004,lrange5,1000000,1188066.50
1005,lpush5,1000000,814436.44
1005,lrange5,1000000,1185118.50
1006,lpush5,1000000,820436.44
1006,lrange5,1000000,1269177.62
1007,lpush5,1000000,817766.12
1007,lrange5,1000000,1290467.12
1008,lpush5,1000000,811779.25
1008,lrange5,1000000,1270668.38
1009,lpush5,1000000,825082.50
1009,lrange5,1000000,1277180.12
1010,lpush5,1000000,809178.06
1010,lrange5,1000000,1193584.75
1011,lpush5,1000000,814332.19
1011,lrange5,1000000,1240794.00
1012,lpush5,1000000,825816.69
1012,lrange5,1000000,1192295.62
1013,lpush5,1000000,819737.69
1013,lrange5,1000000,1288680.38
1014,lpush5,1000000,827814.62
1014,lrange5,1000000,1186638.25
1015,lpush5,1000000,815152.38
1015,lrange5,1000000,1275632.62
1016,lpush5,1000000,817713.81
1016,lrange5,1000000,1225509.88
1017,lpush5,1000000,813825.88
1017,lrange5,1000000,1178120.12
1018,lpush5,1000000,813708.75
1018,lrange5,1000000,1282092.38
1019,lpush5,1000000,822473.69
1019,lrange5,1000000,1221001.25
1020,lpush5,1000000,825082.50
1020,lrange5,1000000,1202096.12
1021,lpush5,1000000,817896.94
1021,lrange5,1000000,1267488.00
1022,lpush5,1000000,829915.31
1022,lrange5,1000000,1288824.75
1023,lpush5,1000000,811237.62
1023,lrange5,1000000,1189098.62
1024,lpush5,1000000,819040.19
1024,lrange5,1000000,796838.25
1025,lpush5,1000000,504653.88
1025,lrange5,1000000,787426.81
1026,lpush5,1000000,619638.19
1026,lrange5,1000000,1182316.75
1027,lpush5,1000000,819842.62
1027,lrange5,1000000,1182033.12
1028,lpush5,1000000,825095.69
1028,lrange5,1000000,1111537.75
1029,lpush5,1000000,826552.06
1029,lrange5,1000000,1277241.38
1030,lpush5,1000000,825843.12
1030,lrange5,1000000,1282051.38
1031,lpush5,1000000,826446.25
1031,lrange5,1000000,1285511.62
1032,lpush5,1000000,817674.56
1032,lrange5,1000000,1270668.38
1033,lpush5,1000000,820528.31
1033,lrange5,1000000,1180637.50
1034,lpush5,1000000,819210.50
1034,lrange5,1000000,1197604.88
1035,lpush5,1000000,826459.50
1035,lrange5,1000000,1231724.12
1036,lpush5,1000000,813838.94
1036,lrange5,1000000,1256301.50
1037,lpush5,1000000,810502.44
1037,lrange5,1000000,1194876.88
1038,lpush5,1000000,818422.25
1038,lrange5,1000000,1194953.38
1039,lpush5,1000000,821745.25
1039,lrange5,1000000,1187838.50
1040,lpush5,1000000,825095.69
1040,lrange5,1000000,1285532.12
1041,lpush5,1000000,821784.69
1041,lrange5,1000000,1250160.00
1042,lpush5,1000000,813669.69
1042,lrange5,1000000,1248439.50
1043,lpush5,1000000,823789.12
1043,lrange5,1000000,1269218.25
1044,lpush5,1000000,819842.62
1044,lrange5,1000000,1250000.00
1045,lpush5,1000000,813825.88
1045,lrange5,1000000,1205050.62
1046,lpush5,1000000,813734.75
1046,lrange5,1000000,1267569.12
1047,lpush5,1000000,817176.50
1047,lrange5,1000000,1197681.50
1048,lpush5,1000000,824534.19
1048,lrange5,1000000,1228599.50
1049,lpush5,1000000,811055.94
1049,lrange5,1000000,1267488.00
1050,lpush5,1000000,818422.25
1050,lrange5,1000000,1274068.75
1051,lpush5,1000000,812347.75
1051,lrange5,1000000,1208000.00
1052,lpush5,1000000,831401.50
1052,lrange5,1000000,1245369.88
1053,lpush5,1000000,818435.38
1053,lrange5,1000000,1285347.00
1054,lpush5,1000000,827235.75
1054,lrange5,1000000,1267427.12
1055,lpush5,1000000,814397.38
1055,lrange5,1000000,1239335.88
1056,lpush5,1000000,823045.25
1056,lrange5,1000000,1275612.25
1057,lpush5,1000000,813721.75
1057,lrange5,1000000,1242335.38
1058,lpush5,1000000,817779.19
1058,lrange5,1000000,1251624.50
1059,lpush5,1000000,814995.94
1059,lrange5,1000000,1259445.75
1060,lpush5,1000000,822407.94
1060,lrange5,1000000,1259586.88
1061,lpush5,1000000,810580.25
1061,lrange5,1000000,1199232.62
1062,lpush5,1000000,811185.69
1062,lrange5,1000000,1189079.62
1063,lpush5,1000000,832119.81
1063,lrange5,1000000,1222591.62
1064,lpush5,1000000,816444.06
1064,lrange5,1000000,1269055.88
1065,lpush5,1000000,819842.62
1065,lrange5,1000000,1230091.00
1066,lpush5,1000000,815204.56
1066,lrange5,1000000,1240694.75
1067,lpush5,1000000,825777.06
1067,lrange5,1000000,1282215.38
1068,lpush5,1000000,819066.38
1068,lrange5,1000000,1243960.12
1069,lpush5,1000000,813695.69
1069,lrange5,1000000,1191990.50
1070,lpush5,1000000,825174.94
1070,lrange5,1000000,1282133.38
1071,lpush5,1000000,821136.25
1071,lrange5,1000000,1196440.12
1072,lpush5,1000000,818330.62
1072,lrange5,1000000,1254725.25
1073,lpush5,1000000,818435.38
1073,lrange5,1000000,1200537.75
1074,lpush5,1000000,819184.31
1074,lrange5,1000000,1199424.50
1075,lpush5,1000000,828026.50
1075,lrange5,1000000,1254705.12
1076,lpush5,1000000,832013.31
1076,lrange5,1000000,1278813.25
1077,lpush5,1000000,818343.69
1077,lrange5,1000000,1222533.00
1078,lpush5,1000000,823828.69
1078,lrange5,1000000,1194876.88
1079,lpush5,1000000,819724.56
1079,lrange5,1000000,1240734.50
1080,lpush5,1000000,827315.12
1080,lrange5,1000000,1270648.00
1081,lpush5,1000000,829399.69
1081,lrange5,1000000,1233065.38
1082,lpush5,1000000,813164.19
1082,lrange5,1000000,1258022.62
1083,lpush5,1000000,812464.69
1083,lrange5,1000000,1206465.62
1084,lpush5,1000000,818383.00
1084,lrange5,1000000,1282051.38
1085,lpush5,1000000,820515.19
1085,lrange5,1000000,1230012.25
1086,lpush5,1000000,824455.00
1086,lrange5,1000000,1282051.38
1087,lpush5,1000000,823269.12
1087,lrange5,1000000,1261034.12
1088,lpush5,1000000,819724.56
1088,lrange5,1000000,1257861.62
1089,lpush5,1000000,813825.88
1089,lrange5,1000000,1275673.50
1090,lpush5,1000000,815113.31
1090,lrange5,1000000,1293661.00
1091,lpush5,1000000,811753.25
1091,lrange5,1000000,1285347.00
1092,lpush5,1000000,821031.19
1092,lrange5,1000000,1178195.50
1093,lpush5,1000000,821784.69
1093,lrange5,1000000,1204954.25
1094,lpush5,1000000,827196.06
1094,lrange5,1000000,1199347.75
1095,lpush5,1000000,820397.06
1095,lrange5,1000000,1273905.75
1096,lpush5,1000000,821797.88
1096,lrange5,1000000,1285470.50
1097,lpush5,1000000,821123.12
1097,lrange5,1000000,1258062.88
1098,lpush5,1000000,817045.75
1098,lrange5,1000000,1202038.38
1099,lpush5,1000000,820580.81
1099,lrange5,1000000,1230110.62
1100,lpush5,1000000,813812.88
1100,lrange5,1000000,1277323.12
1101,lpush5,1000000,813760.81
1101,lrange5,1000000,1269076.12
1102,lpush5,1000000,816378.75
1102,lrange5,1000000,1270688.75
1103,lpush5,1000000,823881.38
1103,lrange5,1000000,1171185.00
1104,lpush5,1000000,810372.81
1104,lrange5,1000000,1254926.00
1105,lpush5,1000000,817163.44
1105,lrange5,1000000,1282236.00
1106,lpush5,1000000,820423.31
1106,lrange5,1000000,1167066.50
1107,lpush5,1000000,823775.94
1107,lrange5,1000000,1265843.00
1108,lpush5,1000000,816339.56
1108,lrange5,1000000,1257942.12
1109,lpush5,1000000,825790.25
1109,lrange5,1000000,1219648.75
1110,lpush5,1000000,820383.94
1110,lrange5,1000000,1280450.62
1111,lpush5,1000000,822473.69
1111,lrange5,1000000,1272447.88
1112,lpush5,1000000,815048.06
1112,lrange5,1000000,1194800.50
1113,lpush5,1000000,813708.75
1113,lrange5,1000000,1261155.12
1114,lpush5,1000000,827182.81
1114,lrange5,1000000,1288701.00
1115,lpush5,1000000,815230.62
1115,lrange5,1000000,1285511.62
1116,lpush5,1000000,812425.69
1116,lrange5,1000000,1189155.75
1117,lpush5,1000000,821824.12
1117,lrange5,1000000,1242414.88
1118,lpush5,1000000,813904.00
1118,lrange5,1000000,1196401.88
1119,lpush5,1000000,825763.88
1119,lrange5,1000000,1245350.00
1120,lpush5,1000000,827262.19
1120,lrange5,1000000,1233045.62
1121,lpush5,1000000,819027.06
1121,lrange5,1000000,1196459.25
1122,lpush5,1000000,818448.44
1122,lrange5,1000000,1264242.75
1123,lpush5,1000000,819053.25
1123,lrange5,1000000,1178120.12
1124,lpush5,1000000,822381.62
1124,lrange5,1000000,1264242.75
1125,lpush5,1000000,819803.25
1125,lrange5,1000000,1293909.50
1126,lpush5,1000000,820357.69
1126,lrange5,1000000,1269157.38
1127,lpush5,1000000,817818.44
1127,lrange5,1000000,1240734.50
1128,lpush5,1000000,828526.94
1128,lrange5,1000000,1248579.25
1129,lpush5,1000000,807115.44
1129,lrange5,1000000,1239197.00
1130,lpush5,1000000,825293.75
1130,lrange5,1000000,1248599.25
1131,lpush5,1000000,825122.12
1131,lrange5,1000000,1272427.50
1132,lpush5,1000000,825856.31
1132,lrange5,1000000,1288701.00
1133,lpush5,1000000,822513.19
1133,lrange5,1000000,1287042.50
1134,lpush5,1000000,817661.44
1134,lrange5,1000000,1247042.38
1135,lpush5,1000000,812399.69
1135,lrange5,1000000,1240774.25
1136,lpush5,1000000,832639.50
1136,lrange5,1000000,1201961.50
1137,lpush5,1000000,815048.06
1137,lrange5,1000000,1251724.62
1138,lpush5,1000000,821070.56
1138,lrange5,1000000,1282092.38
1139,lpush5,1000000,820344.56
1139,lrange5,1000000,1269055.88
1140,lpush5,1000000,825161.69
1140,lrange5,1000000,1246982.62
1141,lpush5,1000000,813682.69
1141,lrange5,1000000,1189136.75
1142,lpush5,1000000,824455.00
1142,lrange5,1000000,1196287.00
1143,lpush5,1000000,812412.69
1143,lrange5,1000000,1194743.12
1144,lpush5,1000000,827143.12
1144,lrange5,1000000,1194819.62
1145,lpush5,1000000,818448.44
1145,lrange5,1000000,1186619.25
1146,lpush5,1000000,824586.94
1146,lrange5,1000000,1193737.50
1147,lpush5,1000000,826552.06
1147,lrange5,1000000,1248439.50
1148,lpush5,1000000,823163.75
1148,lrange5,1000000,1187857.50
1149,lpush5,1000000,819750.81
1149,lrange5,1000000,1270729.38
1150,lpush5,1000000,817058.81
1150,lrange5,1000000,1140415.12
1151,lpush5,1000000,820370.81
1151,lrange5,1000000,1282194.88
1152,lpush5,1000000,819803.25
1152,lrange5,1000000,1277302.75
1153,lpush5,1000000,820344.56
1153,lrange5,1000000,1274028.00
1154,lpush5,1000000,823058.44
1154,lrange5,1000000,1243960.12
1155,lpush5,1000000,813682.69
1155,lrange5,1000000,1188047.50
1156,lpush5,1000000,826684.25
1156,lrange5,1000000,1193680.25
1157,lpush5,1000000,816365.69
1157,lrange5,1000000,1200633.88
1158,lpush5,1000000,819921.31
1158,lrange5,1000000,1275510.25
1159,lpush5,1000000,819777.00
1159,lrange5,1000000,1251624.50
1160,lpush5,1000000,814436.44
1160,lrange5,1000000,1253152.88
1161,lpush5,1000000,828513.69
1161,lrange5,1000000,1292134.38
1162,lpush5,1000000,817215.69
1162,lrange5,1000000,1257982.38
1163,lpush5,1000000,821758.44
1163,lrange5,1000000,1267427.12
1164,lpush5,1000000,818513.94
1164,lrange5,1000000,1199194.25
1165,lpush5,1000000,819737.69
1165,lrange5,1000000,1292093.00
1166,lpush5,1000000,811159.75
1166,lrange5,1000000,964443.62
1167,lpush5,1000000,820449.56
1167,lrange5,1000000,1192104.88
1168,lpush5,1000000,816444.06
1168,lrange5,1000000,1180996.50
1169,lpush5,1000000,813891.00
1169,lrange5,1000000,1195163.62
1170,lpush5,1000000,819158.12
1170,lrange5,1000000,1288701.00
1171,lpush5,1000000,816483.25
1171,lrange5,1000000,1187952.50
1172,lpush5,1000000,818383.00
1172,lrange5,1000000,1199175.12
1173,lpush5,1000000,832053.25
1173,lrange5,1000000,1218221.75
1174,lpush5,1000000,826446.25
1174,lrange5,1000000,1218085.25
1175,lpush5,1000000,824507.81
1175,lrange5,1000000,1186448.38
1176,lpush5,1000000,819118.81
1176,lrange5,1000000,1250080.00
1177,lpush5,1000000,816993.50
1177,lrange5,1000000,1262626.25
1178,lpush5,1000000,819685.25
1178,lrange5,1000000,1264222.50
1179,lpush5,1000000,825148.50
1179,lrange5,1000000,1224146.88
1180,lpush5,1000000,817766.12
1180,lrange5,1000000,1267609.62
1181,lpush5,1000000,825082.50
1181,lrange5,1000000,1191914.25
1182,lpush5,1000000,823163.75
1182,lrange5,1000000,1265903.75
1183,lpush5,1000000,829333.38
1183,lrange5,1000000,1277139.25
1184,lpush5,1000000,821916.19
1184,lrange5,1000000,1189346.00
1185,lpush5,1000000,819737.69
1185,lrange5,1000000,1221118.38
1186,lpush5,1000000,817045.75
1186,lrange5,1000000,1259466.00
1187,lpush5,1000000,813708.75
1187,lrange5,1000000,1259546.50
1188,lpush5,1000000,823097.94
1188,lrange5,1000000,1290322.62
1189,lpush5,1000000,827209.25
1189,lrange5,1000000,1187933.50
1190,lpush5,1000000,821863.62
1190,lrange5,1000000,1283717.62
1191,lpush5,1000000,816522.44
1191,lrange5,1000000,1191952.38
1192,lpush5,1000000,825148.50
1192,lrange5,1000000,1288762.88
1193,lpush5,1000000,827867.56
1193,lrange5,1000000,1266025.25
1194,lpush5,1000000,823934.12
1194,lrange5,1000000,1270668.38
1195,lpush5,1000000,817058.81
1195,lrange5,1000000,1267467.75
1196,lpush5,1000000,828553.44
1196,lrange5,1000000,1194743.12
1197,lpush5,1000000,827249.00
1197,lrange5,1000000,1189422.12
1198,lpush5,1000000,818369.88
1198,lrange5,1000000,1288659.75
1199,lpush5,1000000,809113.31
1199,lrange5,1000000,1251704.62
1200,lpush5,1000000,815804.25
1200,lrange5,1000000,1277323.12
1201,lpush5,1000000,823058.44
1201,lrange5,1000000,1269076.12
1202,lpush5,1000000,829187.44
1202,lrange5,1000000,1277241.38
1203,lpush5,1000000,819040.19
1203,lrange5,1000000,1194972.50
1204,lpush5,1000000,829875.50
1204,lrange5,1000000,1259445.75
1205,lpush5,1000000,815660.69
1205,lrange5,1000000,1189288.88
1206,lpush5,1000000,820383.94
1206,lrange5,1000000,1272285.00
1207,lpush5,1000000,821057.44
1207,lrange5,1000000,1200710.62
1208,lpush5,1000000,821175.69
1208,lrange5,1000000,1253313.38
1209,lpush5,1000000,811857.12
1209,lrange5,1000000,1280532.62
1210,lpush5,1000000,821241.31
1210,lrange5,1000000,1285347.00
1211,lpush5,1000000,824613.31
1211,lrange5,1000000,1194896.00
1212,lpush5,1000000,818356.81
1212,lrange5,1000000,1288783.50
1213,lpush5,1000000,819027.06
1213,lrange5,1000000,1187990.50
1214,lpush5,1000000,813721.75
1214,lrange5,1000000,1264364.12
1215,lpush5,1000000,817032.69
1215,lrange5,1000000,1267609.62
1216,lpush5,1000000,825188.12
1216,lrange5,1000000,1261094.62
1217,lpush5,1000000,819842.62
1217,lrange5,1000000,1287021.88
1218,lpush5,1000000,824494.62
1218,lrange5,1000000,1278792.88
1219,lpush5,1000000,809100.38
1219,lrange5,1000000,1292031.00
1220,lpush5,1000000,827262.19
1220,lrange5,1000000,1254725.25
1221,lpush5,1000000,815804.25
1221,lrange5,1000000,1275551.00
1222,lpush5,1000000,821719.00
1222,lrange5,1000000,1265883.50
1223,lpush5,1000000,815087.19
1223,lrange5,1000000,1272285.00
1224,lpush5,1000000,818500.81
1224,lrange5,1000000,1191914.25
1225,lpush5,1000000,819171.19
1225,lrange5,1000000,1200480.12
1226,lpush5,1000000,825267.31
1226,lrange5,1000000,1287207.25
1227,lpush5,1000000,819079.50
1227,lrange5,1000000,1246962.62
1228,lpush5,1000000,817228.75
1228,lrange5,1000000,1267467.75
1229,lpush5,1000000,825122.12
1229,lrange5,1000000,1186600.25
1230,lpush5,1000000,831348.31
1230,lrange5,1000000,1227131.25
1231,lpush5,1000000,813877.94
1231,lrange5,1000000,1274007.62
1232,lpush5,1000000,824507.81
1232,lrange5,1000000,1285429.25
1233,lpush5,1000000,816326.50
1233,lrange5,1000000,1280450.62
1234,lpush5,1000000,819868.81
1234,lrange5,1000000,1265822.75
1235,lpush5,1000000,816326.50
1235,lrange5,1000000,1209363.88
1236,lpush5,1000000,815673.75
1236,lrange5,1000000,1282051.38
1237,lpush5,1000000,823828.69
1237,lrange5,1000000,1195125.38
1238,lpush5,1000000,816483.25
1238,lrange5,1000000,1261094.62
1239,lpush5,1000000,821797.88
1239,lrange5,1000000,1202019.25
1240,lpush5,1000000,808472.12
1240,lrange5,1000000,1198026.38
1241,lpush5,1000000,813721.75
1241,lrange5,1000000,1202115.38
1242,lpush5,1000000,818474.62
1242,lrange5,1000000,1202076.88
1243,lpush5,1000000,813047.12
1243,lrange5,1000000,1204819.25
1244,lpush5,1000000,819698.31
1244,lrange5,1000000,1278997.38
1245,lpush5,1000000,829187.44
1245,lrange5,1000000,1222552.50
1246,lpush5,1000000,815752.06
1246,lrange5,1000000,1256301.50
1247,lpush5,1000000,828553.44
1247,lrange5,1000000,1278792.88
1248,lpush5,1000000,816548.56
1248,lrange5,1000000,1269035.50
1249,lpush5,1000000,819881.94
1249,lrange5,1000000,1204838.62
1250,lpush5,1000000,813904.00
1250,lrange5,1000000,1269137.12
1251,lpush5,1000000,818356.81
1251,lrange5,1000000,1196401.88
1252,lpush5,1000000,811792.19
1252,lrange5,1000000,1269258.88
1253,lpush5,1000000,819855.69
1253,lrange5,1000000,1186619.25
1254,lpush5,1000000,813125.19
1254,lrange5,1000000,1192143.00
1255,lpush5,1000000,814384.31
1255,lrange5,1000000,1265883.50
1256,lpush5,1000000,813060.12
1256,lrange5,1000000,1282256.50
1257,lpush5,1000000,829293.56
1257,lrange5,1000000,1245330.00
1258,lpush5,1000000,828540.19
1258,lrange5,1000000,1261235.88
1259,lpush5,1000000,819040.19
1259,lrange5,1000000,1176734.12
1260,lpush5,1000000,821797.88
1260,lrange5,1000000,1285408.75
1261,lpush5,1000000,825108.88
1261,lrange5,1000000,1259607.00
1262,lpush5,1000000,817831.50
1262,lrange5,1000000,1259586.88
1263,lpush5,1000000,831361.62
1263,lrange5,1000000,1254765.38
1264,lpush5,1000000,818422.25
1264,lrange5,1000000,1197853.88
1265,lpush5,1000000,819737.69
1265,lrange5,1000000,1243781.12
1266,lpush5,1000000,815100.25
1266,lrange5,1000000,1278895.12
1267,lpush5,1000000,817163.44
1267,lrange5,1000000,1261094.62
1268,lpush5,1000000,814371.31
1268,lrange5,1000000,1290425.88
1269,lpush5,1000000,818383.00
1269,lrange5,1000000,1282112.88
1270,lpush5,1000000,817674.56
1270,lrange5,1000000,1194800.50
1271,lpush5,1000000,822381.62
1271,lrange5,1000000,1269258.88
1272,lpush5,1000000,811701.31
1272,lrange5,1000000,1237762.38
1273,lpush5,1000000,813773.81
1273,lrange5,1000000,1273885.25
1274,lpush5,1000000,825174.94
1274,lrange5,1000000,1197853.88
1275,lpush5,1000000,830578.06
1275,lrange5,1000000,1195068.12
1276,lpush5,1000000,818343.69
1276,lrange5,1000000,1264384.25
1277,lpush5,1000000,813216.25
1277,lrange5,1000000,1283881.88
1278,lpush5,1000000,827182.81
1278,lrange5,1000000,1194838.75
1279,lpush5,1000000,819868.81
1279,lrange5,1000000,1246902.75
1280,lpush5,1000000,827880.81
1280,lrange5,1000000,1269035.50
1281,lpush5,1000000,817006.56
1281,lrange5,1000000,1216583.88
1282,lpush5,1000000,820383.94
1282,lrange5,1000000,1194876.88
1283,lpush5,1000000,811818.19
1283,lrange5,1000000,1278772.38
1284,lpush5,1000000,819711.44
1284,lrange5,1000000,1199347.75
1285,lpush5,1000000,816522.44
1285,lrange5,1000000,1277323.12
1286,lpush5,1000000,810385.75
1286,lrange5,1000000,1251604.50
1287,lpush5,1000000,820515.19
1287,lrange5,1000000,1254885.88
1288,lpush5,1000000,816496.31
1288,lrange5,1000000,1190819.12
1289,lpush5,1000000,815660.69
1289,lrange5,1000000,1192124.00
1290,lpush5,1000000,830617.94
1290,lrange5,1000000,1200825.88
1291,lpush5,1000000,813838.94
1291,lrange5,1000000,1266005.00
1292,lpush5,1000000,819685.25
1292,lrange5,1000000,1290425.88
1293,lpush5,1000000,817019.62
1293,lrange5,1000000,1282112.88
1294,lpush5,1000000,822368.44
1294,lrange5,1000000,1209189.75
1295,lpush5,1000000,820370.81
1295,lrange5,1000000,1213767.00
1296,lpush5,1000000,811844.19
1296,lrange5,1000000,1261054.25
1297,lpush5,1000000,821811.00
1297,lrange5,1000000,1265944.25
1298,lpush5,1000000,819079.50
1298,lrange5,1000000,1248439.50
1299,lpush5,1000000,811753.25
1299,lrange5,1000000,1280491.62
1300,lpush5,1000000,819855.69
1300,lrange5,1000000,1287042.50
1301,lpush5,1000000,811727.25
1301,lrange5,1000000,1234785.12
1302,lpush5,1000000,819737.69
1302,lrange5,1000000,1253132.88
1303,lpush5,1000000,811818.19
1303,lrange5,1000000,1259546.50
1304,lpush5,1000000,817098.06
1304,lrange5,1000000,1292072.38
1305,lpush5,1000000,821110.00
1305,lrange5,1000000,1202365.38
1306,lpush5,1000000,810463.56
1306,lrange5,1000000,1256522.62
1307,lpush5,1000000,813021.12
1307,lrange5,1000000,1285491.00
1308,lpush5,1000000,817844.62
1308,lrange5,1000000,1245350.00
1309,lpush5,1000000,817713.81
1309,lrange5,1000000,1280409.75
1310,lpush5,1000000,825790.25
1310,lrange5,1000000,1186410.50
1311,lpush5,1000000,823097.94
1311,lrange5,1000000,1239216.88
1312,lpush5,1000000,815712.94
1312,lrange5,1000000,1185042.62
1313,lpush5,1000000,819724.56
1313,lrange5,1000000,1274007.62
1314,lpush5,1000000,827354.88
1314,lrange5,1000000,1259506.25
1315,lpush5,1000000,827143.12
1315,lrange5,1000000,1282051.38
1316,lpush5,1000000,821031.19
1316,lrange5,1000000,1215105.75
1317,lpush5,1000000,819842.62
1317,lrange5,1000000,1269198.00
1318,lpush5,1000000,824455.00
1318,lrange5,1000000,1157833.25
1319,lpush5,1000000,813708.75
1319,lrange5,1000000,1275530.62
1320,lpush5,1000000,817058.81
1320,lrange5,1000000,1185004.75
1321,lpush5,1000000,819685.25
1321,lrange5,1000000,1245330.00
1322,lpush5,1000000,820449.56
1322,lrange5,1000000,1200653.00
1323,lpush5,1000000,822552.69
1323,lrange5,1000000,1245350.00
1324,lpush5,1000000,825082.50
1324,lrange5,1000000,1265903.75
1325,lpush5,1000000,823775.94
1325,lrange5,1000000,1290549.75
1326,lpush5,1000000,814462.50
1326,lrange5,1000000,1285449.88
1327,lpush5,1000000,827129.88
1327,lrange5,1000000,1283779.25
1328,lpush5,1000000,812503.69
1328,lrange5,1000000,1250080.00
1329,lpush5,1000000,825240.94
1329,lrange5,1000000,1270851.38
1330,lpush5,1000000,825293.75
1330,lrange5,1000000,1193546.50
1331,lpush5,1000000,817674.56
1331,lrange5,1000000,899352.50
1332,lpush5,1000000,810372.81
1332,lrange5,1000000,1287063.00
1333,lpush5,1000000,816535.50
1333,lrange5,1000000,1274068.75
1334,lpush5,1000000,812464.69
1334,lrange5,1000000,1186562.25
1335,lpush5,1000000,817739.94
1335,lrange5,1000000,1256462.25
1336,lpush5,1000000,819118.81
1336,lrange5,1000000,1272447.88
1337,lpush5,1000000,825935.62
1337,lrange5,1000000,1257881.75
1338,lpush5,1000000,815660.69
1338,lrange5,1000000,1193393.75
1339,lpush5,1000000,821175.69
1339,lrange5,1000000,1225666.75
1340,lpush5,1000000,806477.44
1340,lrange5,1000000,1199347.75
1341,lpush5,1000000,816470.19
1341,lrange5,1000000,1192066.75
1342,lpush5,1000000,818553.19
1342,lrange5,1000000,1283779.25
1343,lpush5,1000000,809061.50
1343,lrange5,1000000,1186505.38
1344,lpush5,1000000,817831.50
1344,lrange5,1000000,1203754.50
1345,lpush5,1000000,819672.12
1345,lrange5,1000000,1187648.50
1346,lpush5,1000000,823947.31
1346,lrange5,1000000,1261215.62
1347,lpush5,1000000,825948.81
1347,lrange5,1000000,1193527.50
1348,lpush5,1000000,823111.06
1348,lrange5,1000000,1262707.12
1349,lpush5,1000000,823841.88
1349,lrange5,1000000,1192047.75
1350,lpush5,1000000,823045.25
1350,lrange5,1000000,1189327.00
1351,lpush5,1000000,819672.12
1351,lrange5,1000000,906734.31
1352,lpush5,1000000,818369.88
1352,lrange5,1000000,1251704.62
1353,lpush5,1000000,811792.19
1353,lrange5,1000000,1254745.25
1354,lpush5,1000000,822434.25
1354,lrange5,1000000,1269218.25
1355,lpush5,1000000,817032.69
1355,lrange5,1000000,1239177.25
1356,lpush5,1000000,819881.94
1356,lrange5,1000000,1272305.38
1357,lpush5,1000000,819750.81
1357,lrange5,1000000,1259627.12
1358,lpush5,1000000,831255.25
1358,lrange5,1000000,1190666.75
1359,lpush5,1000000,811740.25
1359,lrange5,1000000,1265964.50
1360,lpush5,1000000,818487.75
1360,lrange5,1000000,1183431.88
1361,lpush5,1000000,821031.19
1361,lrange5,1000000,1196172.25
1362,lpush5,1000000,825975.25
1362,lrange5,1000000,1285388.12
1363,lpush5,1000000,816535.50
1363,lrange5,1000000,1197873.12
1364,lpush5,1000000,822473.69
1364,lrange5,1000000,1227033.12
1365,lpush5,1000000,814332.19
1365,lrange5,1000000,1287001.25
1366,lpush5,1000000,823868.19
1366,lrange5,1000000,1278915.62
1367,lpush5,1000000,811081.88
1367,lrange5,1000000,1282174.38
1368,lpush5,1000000,822473.69
1368,lrange5,1000000,1278956.50
1369,lpush5,1000000,819145.00
1369,lrange5,1000000,1194953.38
1370,lpush5,1000000,823058.44
1370,lrange5,1000000,1199443.62
1371,lpush5,1000000,814462.50
1371,lrange5,1000000,1189079.62
1372,lpush5,1000000,819000.88
1372,lrange5,1000000,1185232.25
1373,lpush5,1000000,823084.75
1373,lrange5,1000000,1282071.88
1374,lpush5,1000000,826485.94
1374,lrange5,1000000,1203716.00
1375,lpush5,1000000,817098.06
1375,lrange5,1000000,1195010.75
1376,lpush5,1000000,816496.31
1376,lrange5,1000000,1233104.88
1377,lpush5,1000000,817045.75
1377,lrange5,1000000,1240714.62
1378,lpush5,1000000,828540.19
1378,lrange5,1000000,1270851.38
1379,lpush5,1000000,821070.56
1379,lrange5,1000000,1224146.88
1380,lpush5,1000000,816457.12
1380,lrange5,1000000,1199290.12
1381,lpush5,1000000,814423.44
1381,lrange5,1000000,1278792.88
1382,lpush5,1000000,813021.12
1382,lrange5,1000000,1278833.75
1383,lpush5,1000000,813669.69
1383,lrange5,1000000,1212121.25
1384,lpush5,1000000,817006.56
1384,lrange5,1000000,1277180.12
1385,lpush5,1000000,819868.81
1385,lrange5,1000000,1275612.25
1386,lpush5,1000000,822434.25
1386,lrange5,1000000,1275551.00
1387,lpush5,1000000,822407.94
1387,lrange5,1000000,1274048.38
1388,lpush5,1000000,817831.50
1388,lrange5,1000000,1239236.75
1389,lpush5,1000000,819118.81
1389,lrange5,1000000,1247062.38
1390,lpush5,1000000,816993.50
1390,lrange5,1000000,1193470.12
1391,lpush5,1000000,820488.94
1391,lrange5,1000000,1197968.88
1392,lpush5,1000000,808588.50
1392,lrange5,1000000,1287289.50
1393,lpush5,1000000,815191.50
1393,lrange5,1000000,1280409.75
1394,lpush5,1000000,815765.12
1394,lrange5,1000000,1196229.62
1395,lpush5,1000000,825829.94
1395,lrange5,1000000,1189327.00
1396,lpush5,1000000,823058.44
1396,lrange5,1000000,1242414.88
1397,lpush5,1000000,817766.12
1397,lrange5,1000000,1278792.88
1398,lpush5,1000000,818369.88
1398,lrange5,1000000,1189212.88
1399,lpush5,1000000,812347.75
1399,lrange5,1000000,1282092.38
1400,lpush5,1000000,828632.94
1400,lrange5,1000000,1292072.38
1401,lpush5,1000000,819777.00
1401,lrange5,1000000,1193451.12
1402,lpush5,1000000,824455.00
1402,lrange5,1000000,1199443.62
1403,lpush5,1000000,825988.44
1403,lrange5,1000000,1288824.75
1404,lpush5,1000000,819210.50
1404,lrange5,1000000,1199117.50
1405,lpush5,1000000,819750.81
1405,lrange5,1000000,1270831.00
1406,lpush5,1000000,819855.69
1406,lrange5,1000000,1190857.12
1407,lpush5,1000000,819672.12
1407,lrange5,1000000,1273946.50
1408,lpush5,1000000,813073.19
1408,lrange5,1000000,1175351.38
1409,lpush5,1000000,821824.12
1409,lrange5,1000000,1287104.25
1410,lpush5,1000000,823762.75
1410,lrange5,1000000,1283697.12
1411,lpush5,1000000,817661.44
1411,lrange5,1000000,1200614.62
1412,lpush5,1000000,815660.69
1412,lrange5,1000000,1275551.00
1413,lpush5,1000000,820449.56
1413,lrange5,1000000,1259466.00
1414,lpush5,1000000,819777.00
1414,lrange5,1000000,1227170.50
1415,lpush5,1000000,818513.94
1415,lrange5,1000000,1193737.50
1416,lpush5,1000000,819816.38
1416,lrange5,1000000,1194743.12
1417,lpush5,1000000,821083.69
1417,lrange5,1000000,1280450.62
1418,lpush5,1000000,825777.06
1418,lrange5,1000000,1262808.12
1419,lpush5,1000000,819829.50
1419,lrange5,1000000,1196401.88
1420,lpush5,1000000,823828.69
1420,lrange5,1000000,1270770.00
1421,lpush5,1000000,819842.62
1421,lrange5,1000000,1236252.12
1422,lpush5,1000000,822368.44
1422,lrange5,1000000,1248479.38
1423,lpush5,1000000,818409.19
1423,lrange5,1000000,1246962.62
1424,lpush5,1000000,823907.75
1424,lrange5,1000000,1063846.75
1425,lpush5,1000000,819040.19
1425,lrange5,1000000,1187914.50
1426,lpush5,1000000,817058.81
1426,lrange5,1000000,1190628.62
1427,lpush5,1000000,819092.56
1427,lrange5,1000000,1196401.88
1428,lpush5,1000000,819737.69
1428,lrange5,1000000,1259445.75
1429,lpush5,1000000,830684.38
1429,lrange5,1000000,1295481.88
1430,lpush5,1000000,818527.00
1430,lrange5,1000000,1233144.25
1431,lpush5,1000000,815061.12
1431,lrange5,1000000,1259506.25
1432,lpush5,1000000,813682.69
1432,lrange5,1000000,1292175.75
1433,lpush5,1000000,814488.56
1433,lrange5,1000000,1237801.88
1434,lpush5,1000000,823097.94
1434,lrange5,1000000,1270749.62
1435,lpush5,1000000,814345.25
1435,lrange5,1000000,1210963.75
1436,lpush5,1000000,811107.81
1436,lrange5,1000000,1261074.38
1437,lpush5,1000000,817071.94
1437,lrange5,1000000,1269116.75
1438,lpush5,1000000,827209.25
1438,lrange5,1000000,1233085.12
1439,lpush5,1000000,816993.50
1439,lrange5,1000000,1280409.75
1440,lpush5,1000000,821070.56
1440,lrange5,1000000,1218046.38
1441,lpush5,1000000,815139.38
1441,lrange5,1000000,1256462.25
1442,lpush5,1000000,815673.75
1442,lrange5,1000000,1180675.38
1443,lpush5,1000000,815126.31
1443,lrange5,1000000,1242236.00
1444,lpush5,1000000,821797.88
1444,lrange5,1000000,1193432.00
1445,lpush5,1000000,821031.19
1445,lrange5,1000000,1227386.50
1446,lpush5,1000000,813073.19
1446,lrange5,1000000,1266126.50
1447,lpush5,1000000,810528.38
1447,lrange5,1000000,1196555.00
1448,lpush5,1000000,819079.50
1448,lrange5,1000000,1253152.88
1449,lpush5,1000000,821110.00
1449,lrange5,1000000,1042869.69
1450,lpush5,1000000,696390.00
1450,lrange5,1000000,1194743.12
1451,lpush5,1000000,815008.94
1451,lrange5,1000000,1202211.50
1452,lpush5,1000000,820357.69
1452,lrange5,1000000,1250100.00
1453,lpush5,1000000,821201.94
1453,lrange5,1000000,1200537.75
1454,lpush5,1000000,817124.19
1454,lrange5,1000000,1248439.50
1455,lpush5,1000000,817792.25
1455,lrange5,1000000,1269198.00
1456,lpush5,1000000,822552.69
1456,lrange5,1000000,1283881.88
1457,lpush5,1000000,819685.25
1457,lrange5,1000000,1288659.75
1458,lpush5,1000000,827156.31
1458,lrange5,1000000,1190857.12
1459,lpush5,1000000,835462.00
1459,lrange5,1000000,1251664.50
1460,lpush5,1000000,825108.88
1460,lrange5,1000000,1182241.12
1461,lpush5,1000000,816496.31
1461,lrange5,1000000,1243781.12
1462,lpush5,1000000,819000.88
1462,lrange5,1000000,1288680.38
1463,lpush5,1000000,823124.25
1463,lrange5,1000000,1287042.50
1464,lpush5,1000000,823894.56
1464,lrange5,1000000,1234587.62
1465,lpush5,1000000,822526.31
1465,lrange5,1000000,1272285.00
1466,lpush5,1000000,819855.69
1466,lrange5,1000000,1285470.50
1467,lpush5,1000000,819724.56
1467,lrange5,1000000,1183450.88
1468,lpush5,1000000,821175.69
1468,lrange5,1000000,1194857.75
1469,lpush5,1000000,827814.62
1469,lrange5,1000000,1196440.12
1470,lpush5,1000000,825777.06
1470,lrange5,1000000,1206272.62
1471,lpush5,1000000,818448.44
1471,lrange5,1000000,1200633.88
1472,lpush5,1000000,822460.56
1472,lrange5,1000000,1192257.50
1473,lpush5,1000000,823084.75
1473,lrange5,1000000,1228560.12
1474,lpush5,1000000,827209.25
1474,lrange5,1000000,1283697.12
1475,lpush5,1000000,820383.94
1475,lrange5,1000000,1267589.38
1476,lpush5,1000000,816548.56
1476,lrange5,1000000,1287021.88
1477,lpush5,1000000,824455.00
1477,lrange5,1000000,1280512.12
1478,lpush5,1000000,819118.81
1478,lrange5,1000000,1288845.38
1479,lpush5,1000000,813838.94
1479,lrange5,1000000,1194896.00
1480,lpush5,1000000,809781.38
1480,lrange5,1000000,1192124.00
1481,lpush5,1000000,819000.88
1481,lrange5,1000000,1272346.00
1482,lpush5,1000000,809859.12
1482,lrange5,1000000,1270688.75
1483,lpush5,1000000,819763.94
1483,lrange5,1000000,1173971.88
1484,lpush5,1000000,815726.00
1484,lrange5,1000000,1192104.88
1485,lpush5,1000000,823775.94
1485,lrange5,1000000,1272386.75
1486,lpush5,1000000,814995.94
1486,lrange5,1000000,1191971.38
1487,lpush5,1000000,817753.06
1487,lrange5,1000000,1188085.50
1488,lpush5,1000000,818500.81
1488,lrange5,1000000,1251764.62
1489,lpush5,1000000,831268.50
1489,lrange5,1000000,1227092.00
1490,lpush5,1000000,819724.56
1490,lrange5,1000000,1174009.38
1491,lpush5,1000000,821771.56
1491,lrange5,1000000,1234567.88
1492,lpush5,1000000,816431.00
1492,lrange5,1000000,1190781.00
1493,lpush5,1000000,821745.25
1493,lrange5,1000000,1240853.62
1494,lpush5,1000000,823216.44
1494,lrange5,1000000,1283697.12
1495,lpush5,1000000,812399.69
1495,lrange5,1000000,1206407.75
1496,lpush5,1000000,817045.75
1496,lrange5,1000000,1285367.62
1497,lpush5,1000000,813060.12
1497,lrange5,1000000,1261054.25
1498,lpush5,1000000,821070.56
1498,lrange5,1000000,1228501.25
1499,lpush5,1000000,819803.25
1499,lrange5,1000000,1225588.25
1500,lpush5,1000000,820423.31
1500,lrange5,1000000,1280450.62
1501,lpush5,1000000,811714.31
1501,lrange5,1000000,1262808.12
1502,lpush5,1000000,815087.19
1502,lrange5,1000000,1267447.50
1503,lpush5,1000000,807767.31
1503,lrange5,1000000,1264485.50
1504,lpush5,1000000,813034.12
1504,lrange5,1000000,1272386.75
1505,lpush5,1000000,815765.12
1505,lrange5,1000000,1182089.88
1506,lpush5,1000000,819777.00
1506,lrange5,1000000,1262666.62
1507,lpush5,1000000,817844.62
1507,lrange5,1000000,1290384.50
1508,lpush5,1000000,813799.88
1508,lrange5,1000000,1246942.62
1509,lpush5,1000000,814345.25
1509,lrange5,1000000,1277200.50
1510,lpush5,1000000,824560.56
1510,lrange5,1000000,1233065.38
1511,lpush5,1000000,816509.38
1511,lrange5,1000000,1189155.75
1512,lpush5,1000000,821916.19
1512,lrange5,1000000,1264263.00
1513,lpush5,1000000,825082.50
1513,lrange5,1000000,1274048.38
1514,lpush5,1000000,822368.44
1514,lrange5,1000000,1222669.88
1515,lpush5,1000000,815673.75
1515,lrange5,1000000,1203504.25
1516,lpush5,1000000,829373.12
1516,lrange5,1000000,1196172.25
1517,lpush5,1000000,818383.00
1517,lrange5,1000000,1203465.75
1518,lpush5,1000000,816326.50
1518,lrange5,1000000,1269218.25
1519,lpush5,1000000,819685.25
1519,lrange5,1000000,1273885.25
1520,lpush5,1000000,819145.00
1520,lrange5,1000000,1251624.50
1521,lpush5,1000000,817674.56
1521,lrange5,1000000,1245330.00
1522,lpush5,1000000,827156.31
1522,lrange5,1000000,1239197.00
1523,lpush5,1000000,823947.31
1523,lrange5,1000000,1189422.12
1524,lpush5,1000000,822368.44
1524,lrange5,1000000,1186467.38
1525,lpush5,1000000,821175.69
1525,lrange5,1000000,1269035.50
1526,lpush5,1000000,825816.69
1526,lrange5,1000000,1196593.25
1527,lpush5,1000000,818369.88
1527,lrange5,1000000,1231527.12
1528,lpush5,1000000,820423.31
1528,lrange5,1000000,1274007.62
1529,lpush5,1000000,815686.81
1529,lrange5,1000000,1209209.12
1530,lpush5,1000000,829875.50
1530,lrange5,1000000,1273946.50
1531,lpush5,1000000,819013.94
1531,lrange5,1000000,1247042.38
1532,lpush5,1000000,821876.75
1532,lrange5,1000000,1273885.25
1533,lpush5,1000000,819105.69
1533,lrange5,1000000,1280717.00
1534,lpush5,1000000,825816.69
1534,lrange5,1000000,1209247.88
1535,lpush5,1000000,823841.88
1535,lrange5,1000000,1280471.12
1536,lpush5,1000000,825135.31
1536,lrange5,1000000,1200749.12
1537,lpush5,1000000,817779.19
1537,lrange5,1000000,1202134.62
1538,lpush5,1000000,817857.69
1538,lrange5,1000000,1290487.75
1539,lpush5,1000000,825777.06
1539,lrange5,1000000,1195106.38
1540,lpush5,1000000,821136.25
1540,lrange5,1000000,1204992.75
1541,lpush5,1000000,819066.38
1541,lrange5,1000000,1272366.38
1542,lpush5,1000000,817726.88
1542,lrange5,1000000,1274109.50
1543,lpush5,1000000,817713.81
1543,lrange5,1000000,1197930.62
1544,lpush5,1000000,817006.56
1544,lrange5,1000000,1190514.38
1545,lpush5,1000000,819737.69
1545,lrange5,1000000,1259546.50
1546,lpush5,1000000,817006.56
1546,lrange5,1000000,1202038.38
1547,lpush5,1000000,832679.44
1547,lrange5,1000000,1237841.50
1548,lpush5,1000000,817058.81
1548,lrange5,1000000,1189060.62
1549,lpush5,1000000,816417.94
1549,lrange5,1000000,1206620.00
1550,lpush5,1000000,826485.94
1550,lrange5,1000000,1197796.50
1551,lpush5,1000000,821188.81
1551,lrange5,1000000,1199271.00
1552,lpush5,1000000,811133.81
1552,lrange5,1000000,1195068.12
1553,lpush5,1000000,825148.50
1553,lrange5,1000000,1242236.00
1554,lpush5,1000000,819750.81
1554,lrange5,1000000,1246922.75
1555,lpush5,1000000,825267.31
1555,lrange5,1000000,1190876.25
1556,lpush5,1000000,818343.69
1556,lrange5,1000000,1254885.88
1557,lpush5,1000000,819040.19
1557,lrange5,1000000,1282071.88
1558,lpush5,1000000,821044.31
1558,lrange5,1000000,1193680.25
1559,lpush5,1000000,825935.62
1559,lrange5,1000000,1290363.88
1560,lpush5,1000000,822434.25
1560,lrange5,1000000,1094284.50
1561,lpush5,1000000,813708.75
1561,lrange5,1000000,1185175.38
1562,lpush5,1000000,827196.06
1562,lrange5,1000000,1180807.50
1563,lpush5,1000000,821031.19
1563,lrange5,1000000,1269035.50
1564,lpush5,1000000,820580.81
1564,lrange5,1000000,1189346.00
1565,lpush5,1000000,823045.25
1565,lrange5,1000000,1176583.50
1566,lpush5,1000000,820397.06
1566,lrange5,1000000,1248459.38
1567,lpush5,1000000,822368.44
1567,lrange5,1000000,1189422.12
1568,lpush5,1000000,827933.81
1568,lrange5,1000000,1183431.88
1569,lpush5,1000000,821096.81
1569,lrange5,1000000,1250100.00
1570,lpush5,1000000,822434.25
1570,lrange5,1000000,1293723.12
1571,lpush5,1000000,818343.69
1571,lrange5,1000000,1239157.38
1572,lpush5,1000000,828659.50
1572,lrange5,1000000,1256341.75
1573,lpush5,1000000,823045.25
1573,lrange5,1000000,1174065.75
1574,lpush5,1000000,817713.81
1574,lrange5,1000000,1272346.00
1575,lpush5,1000000,821745.25
1575,lrange5,1000000,1203542.75
1576,lpush5,1000000,823084.75
1576,lrange5,1000000,1267508.25
1577,lpush5,1000000,821044.31
1577,lrange5,1000000,1293785.25
1578,lpush5,1000000,821811.00
1578,lrange5,1000000,1187743.50
1579,lpush5,1000000,822539.50
1579,lrange5,1000000,1285532.12
1580,lpush5,1000000,825254.12
1580,lrange5,1000000,1074234.12
1581,lpush5,1000000,807154.19
1581,lrange5,1000000,1245369.88
1582,lpush5,1000000,818527.00
1582,lrange5,1000000,1196440.12
1583,lpush5,1000000,813021.12
1583,lrange5,1000000,1292093.00
1584,lpush5,1000000,815139.38
1584,lrange5,1000000,1259466.00
1585,lpush5,1000000,816404.88
1585,lrange5,1000000,1290487.75
1586,lpush5,1000000,822539.50
1586,lrange5,1000000,1291989.62
1587,lpush5,1000000,818383.00
1587,lrange5,1000000,1189308.00
1588,lpush5,1000000,806516.12
1588,lrange5,1000000,1297037.62
1589,lpush5,1000000,811779.25
1589,lrange5,1000000,1193527.50
1590,lpush5,1000000,812477.69
1590,lrange5,1000000,1275530.62
1591,lpush5,1000000,815022.00
1591,lrange5,1000000,1280594.12
1592,lpush5,1000000,824455.00
1592,lrange5,1000000,1285388.12
1593,lpush5,1000000,814475.56
1593,lrange5,1000000,1270831.00
1594,lpush5,1000000,816378.75
1594,lrange5,1000000,1282071.88
1595,lpush5,1000000,817661.44
1595,lrange5,1000000,1230032.00
1596,lpush5,1000000,823137.44
1596,lrange5,1000000,1178120.12
1597,lpush5,1000000,819105.69
1597,lrange5,1000000,1270648.00
1598,lpush5,1000000,814332.19
1598,lrange5,1000000,1256462.25
1599,lpush5,1000000,819171.19
1599,lrange5,1000000,1297203.62
1600,lpush5,1000000,826472.69
1600,lrange5,1000000,1200653.00
1601,lpush5,1000000,821705.81
1601,lrange5,1000000,1293785.25
1602,lpush5,1000000,818369.88
1602,lrange5,1000000,1183829.50
1603,lpush5,1000000,821797.88
1603,lrange5,1000000,1202038.38
1604,lpush5,1000000,822579.00
1604,lrange5,1000000,1179264.12
1605,lpush5,1000000,816444.06
1605,lrange5,1000000,1254765.38
1606,lpush5,1000000,814488.56
1606,lrange5,1000000,1196210.50
1607,lpush5,1000000,821863.62
1607,lrange5,1000000,1242335.38
1608,lpush5,1000000,815830.38
1608,lrange5,1000000,1243801.00
1609,lpush5,1000000,813669.69
1609,lrange5,1000000,1203446.50
1610,lpush5,1000000,826538.81
1610,lrange5,1000000,1196478.38
1611,lpush5,1000000,815804.25
1611,lrange5,1000000,1259607.00
1612,lpush5,1000000,812373.69
1612,lrange5,1000000,1272305.38
1613,lpush5,1000000,828000.06
1613,lrange5,1000000,1251704.62
1614,lpush5,1000000,815217.62
1614,lrange5,1000000,1193603.88
1615,lpush5,1000000,818343.69
1615,lrange5,1000000,1265984.75
1616,lpush5,1000000,827841.12
1616,lrange5,1000000,1262848.50
1617,lpush5,1000000,823736.44
1617,lrange5,1000000,1196478.38
1618,lpush5,1000000,811688.31
1618,lrange5,1000000,1190476.25
1619,lpush5,1000000,824402.25
1619,lrange5,1000000,1193374.75
1620,lpush5,1000000,816444.06
1620,lrange5,1000000,1251764.62
1621,lpush5,1000000,811030.00
1621,lrange5,1000000,1193451.12
1622,lpush5,1000000,813773.81
1622,lrange5,1000000,1201942.25
1623,lpush5,1000000,821175.69
1623,lrange5,1000000,1250020.00
1624,lpush5,1000000,815660.69
1624,lrange5,1000000,1261296.38
1625,lpush5,1000000,823084.75
1625,lrange5,1000000,1186562.25
1626,lpush5,1000000,818474.62
1626,lrange5,1000000,1199443.62
1627,lpush5,1000000,833466.62
1627,lrange5,1000000,1186353.50
1628,lpush5,1000000,824468.25
1628,lrange5,1000000,1242355.25
1629,lpush5,1000000,822434.25
1629,lrange5,1000000,1272264.62
1630,lpush5,1000000,819724.56
1630,lrange5,1000000,1221040.25
1631,lpush5,1000000,822539.50
1631,lrange5,1000000,1280491.62
1632,lpush5,1000000,827196.06
1632,lrange5,1000000,1275673.50
1633,lpush5,1000000,825816.69
1633,lrange5,1000000,1278977.00
1634,lpush5,1000000,823150.62
1634,lrange5,1000000,1267630.00
1635,lpush5,1000000,830578.06
1635,lrange5,1000000,1285449.88
1636,lpush5,1000000,823736.44
1636,lrange5,1000000,1203427.25
1637,lpush5,1000000,820344.56
1637,lrange5,1000000,1250040.00
1638,lpush5,1000000,816993.50
1638,lrange5,1000000,1253132.88
1639,lpush5,1000000,821745.25
1639,lrange5,1000000,1279058.88
1640,lpush5,1000000,811688.31
1640,lrange5,1000000,1190800.00
1641,lpush5,1000000,650670.19
1641,lrange5,1000000,1280450.62
1642,lpush5,1000000,815843.44
1642,lrange5,1000000,1266045.50
1643,lpush5,1000000,822552.69
1643,lrange5,1000000,1231704.50
1644,lpush5,1000000,834041.69
1644,lrange5,1000000,1256301.50
1645,lpush5,1000000,821201.94
1645,lrange5,1000000,1251684.62
1646,lpush5,1000000,821692.69
1646,lrange5,1000000,1206291.88
1647,lpush5,1000000,820410.19
1647,lrange5,1000000,1282051.38
1648,lpush5,1000000,821771.56
1648,lrange5,1000000,1195087.25
1649,lpush5,1000000,823828.69
1649,lrange5,1000000,1245369.88
1650,lpush5,1000000,821916.19
1650,lrange5,1000000,1199347.75
1651,lpush5,1000000,812438.69
1651,lrange5,1000000,1272305.38
1652,lpush5,1000000,825763.88
1652,lrange5,1000000,1242295.62
1653,lpush5,1000000,814436.44
1653,lrange5,1000000,1205108.50
1654,lpush5,1000000,823841.88
1654,lrange5,1000000,1197834.75
1655,lpush5,1000000,820397.06
1655,lrange5,1000000,1262646.50
1656,lpush5,1000000,817766.12
1656,lrange5,1000000,1196421.00
1657,lpush5,1000000,809729.56
1657,lrange5,1000000,1193622.88
1658,lpush5,1000000,817844.62
1658,lrange5,1000000,1201942.25
1659,lpush5,1000000,816391.81
1659,lrange5,1000000,1288721.62
1660,lpush5,1000000,819105.69
1660,lrange5,1000000,1203408.00
1661,lpush5,1000000,824441.81
1661,lrange5,1000000,1199136.75
1662,lpush5,1000000,825135.31
1662,lrange5,1000000,1199328.50
1663,lpush5,1000000,821916.19
1663,lrange5,1000000,1257962.25
1664,lpush5,1000000,828500.38
1664,lrange5,1000000,1245449.62
1665,lpush5,1000000,821705.81
1665,lrange5,1000000,1277241.38
1666,lpush5,1000000,823058.44
1666,lrange5,1000000,1256321.62
1667,lpush5,1000000,822407.94
1667,lrange5,1000000,1283717.62
1668,lpush5,1000000,825293.75
1668,lrange5,1000000,1275734.75
1669,lpush5,1000000,815178.50
1669,lrange5,1000000,1278977.00
1670,lpush5,1000000,821837.31
1670,lrange5,1000000,1277200.50
1671,lpush5,1000000,825148.50
1671,lrange5,1000000,1254825.62
1672,lpush5,1000000,817700.69
1672,lrange5,1000000,1272386.75
1673,lpush5,1000000,823295.44
1673,lrange5,1000000,1280409.75
1674,lpush5,1000000,819672.12
1674,lrange5,1000000,1282071.88
1675,lpush5,1000000,825763.88
1675,lrange5,1000000,1259466.00
1676,lpush5,1000000,836187.31
1676,lrange5,1000000,1267447.50
1677,lpush5,1000000,825816.69
1677,lrange5,1000000,1278874.62
1678,lpush5,1000000,830061.38
1678,lrange5,1000000,1253173.00
1679,lpush5,1000000,820357.69
1679,lrange5,1000000,1202269.25
1680,lpush5,1000000,818330.62
1680,lrange5,1000000,1253213.12
1681,lpush5,1000000,829253.75
1681,lrange5,1000000,1280409.75
1682,lpush5,1000000,819672.12
1682,lrange5,1000000,1191895.12
1683,lpush5,1000000,819724.56
1683,lrange5,1000000,1283923.00
1684,lpush5,1000000,823084.75
1684,lrange5,1000000,1243801.00
1685,lpush5,1000000,821784.69
1685,lrange5,1000000,1261276.25
1686,lpush5,1000000,819171.19
1686,lrange5,1000000,813255.25
1687,lpush5,1000000,819197.44
1687,lrange5,1000000,1225509.88
1688,lpush5,1000000,821692.69
1688,lrange5,1000000,1264424.75
1689,lpush5,1000000,821201.94
1689,lrange5,1000000,1248639.25
1690,lpush5,1000000,820344.56
1690,lrange5,1000000,1251624.50
1691,lpush5,1000000,823111.06
1691,lrange5,1000000,1288721.62
1692,lpush5,1000000,822434.25
1692,lrange5,1000000,1185232.25
1693,lpush5,1000000,832799.38
1693,lrange5,1000000,1203658.25
1694,lpush5,1000000,825254.12
1694,lrange5,1000000,1218065.75
1695,lpush5,1000000,828606.44
1695,lrange5,1000000,1259647.25
1696,lpush5,1000000,816339.56
1696,lrange5,1000000,1297224.38
1697,lpush5,1000000,820397.06
1697,lrange5,1000000,1193355.62
1698,lpush5,1000000,812373.69
1698,lrange5,1000000,1262686.88
1699,lpush5,1000000,821719.00
1699,lrange5,1000000,1246982.62
1700,lpush5,1000000,817661.44
1700,lrange5,1000000,1199366.88
1701,lpush5,1000000,820475.81
1701,lrange5,1000000,1272366.38
1702,lpush5,1000000,825816.69
1702,lrange5,1000000,1277200.50
1703,lpush5,1000000,823841.88
1703,lrange5,1000000,1290487.75
1704,lpush5,1000000,816365.69
1704,lrange5,1000000,1222709.00
1705,lpush5,1000000,818343.69
1705,lrange5,1000000,1239276.38
1706,lpush5,1000000,815048.06
1706,lrange5,1000000,1280430.25
1707,lpush5,1000000,828566.69
1707,lrange5,1000000,1253313.38
1708,lpush5,1000000,821188.81
1708,lrange5,1000000,1199213.50
1709,lpush5,1000000,815035.06
1709,lrange5,1000000,1196344.50
1710,lpush5,1000000,826512.38
1710,lrange5,1000000,1292093.00
1711,lpush5,1000000,817163.44
1711,lrange5,1000000,1246942.62
1712,lpush5,1000000,816378.75
1712,lrange5,1000000,1187990.50
1713,lpush5,1000000,821201.94
1713,lrange5,1000000,1282153.88
1714,lpush5,1000000,817098.06
1714,lrange5,1000000,1277200.50
1715,lpush5,1000000,816993.50
1715,lrange5,1000000,1274048.38
1716,lpush5,1000000,822526.31
1716,lrange5,1000000,1288721.62
1717,lpush5,1000000,819685.25
1717,lrange5,1000000,1253152.88
1718,lpush5,1000000,833413.31
1718,lrange5,1000000,1251584.50
1719,lpush5,1000000,821018.00
1719,lrange5,1000000,1288927.75
1720,lpush5,1000000,820410.19
1720,lrange5,1000000,1282133.38
1721,lpush5,1000000,823775.94
1721,lrange5,1000000,1282071.88
1722,lpush5,1000000,824468.25
1722,lrange5,1000000,1285511.62
1723,lpush5,1000000,821241.31
1723,lrange5,1000000,1196516.75
1724,lpush5,1000000,821745.25
1724,lrange5,1000000,1290343.25
1725,lpush5,1000000,825095.69
1725,lrange5,1000000,1197624.00
1726,lpush5,1000000,828712.50
1726,lrange5,1000000,1280471.12
1727,lpush5,1000000,823137.44
1727,lrange5,1000000,1200537.75
1728,lpush5,1000000,817779.19
1728,lrange5,1000000,1200595.38
1729,lpush5,1000000,817792.25
1729,lrange5,1000000,1255006.25
1730,lpush5,1000000,823802.31
1730,lrange5,1000000,1205185.62
1731,lpush5,1000000,824560.56
1731,lrange5,1000000,1207980.62
1732,lpush5,1000000,819711.44
1732,lrange5,1000000,1239256.50
1733,lpush5,1000000,817844.62
1733,lrange5,1000000,1270892.00
1734,lpush5,1000000,829306.81
1734,lrange5,1000000,1282133.38
1735,lpush5,1000000,827880.81
1735,lrange5,1000000,1285491.00
1736,lpush5,1000000,820357.69
1736,lrange5,1000000,1250020.00
1737,lpush5,1000000,816378.75
1737,lrange5,1000000,1225627.50
1738,lpush5,1000000,823137.44
1738,lrange5,1000000,1197892.25
1739,lpush5,1000000,827827.88
1739,lrange5,1000000,1206272.62
1740,lpush5,1000000,820357.69
1740,lrange5,1000000,1202076.88
1741,lpush5,1000000,821241.31
1741,lrange5,1000000,1176564.62
1742,lpush5,1000000,827354.88
1742,lrange5,1000000,1193451.12
1743,lpush5,1000000,823907.75
1743,lrange5,1000000,1197834.75
1744,lpush5,1000000,821254.50
1744,lrange5,1000000,1225568.62
1745,lpush5,1000000,822592.12
1745,lrange5,1000000,1262646.50
1746,lpush5,1000000,821758.44
1746,lrange5,1000000,1287063.00
1747,lpush5,1000000,816339.56
1747,lrange5,1000000,1201923.00
1748,lpush5,1000000,824415.44
1748,lrange5,1000000,1199232.62
1749,lpush5,1000000,815817.31
1749,lrange5,1000000,1196459.25
1750,lpush5,1000000,821784.69
1750,lrange5,1000000,1216545.00
1751,lpush5,1000000,813904.00
1751,lrange5,1000000,1243801.00
1752,lpush5,1000000,830087.94
1752,lrange5,1000000,1277139.25
1753,lpush5,1000000,814475.56
1753,lrange5,1000000,1257982.38
1754,lpush5,1000000,821705.81
1754,lrange5,1000000,1206504.25
1755,lpush5,1000000,815882.56
1755,lrange5,1000000,1290405.25
1756,lpush5,1000000,811779.25
1756,lrange5,1000000,1248639.25
1757,lpush5,1000000,819066.38
1757,lrange5,1000000,1193603.88
1758,lpush5,1000000,823762.75
1758,lrange5,1000000,1282236.00
1759,lpush5,1000000,825082.50
1759,lrange5,1000000,1190476.25
1760,lpush5,1000000,823229.62
1760,lrange5,1000000,1283779.25
1761,lpush5,1000000,821692.69
1761,lrange5,1000000,1290508.38
1762,lpush5,1000000,815726.00
1762,lrange5,1000000,1278813.25
1763,lpush5,1000000,818343.69
1763,lrange5,1000000,1189422.12
1764,lpush5,1000000,822368.44
1764,lrange5,1000000,1283840.88
1765,lpush5,1000000,823736.44
1765,lrange5,1000000,1250100.00
1766,lpush5,1000000,819079.50
1766,lrange5,1000000,1189079.62
1767,lpush5,1000000,817870.75
1767,lrange5,1000000,1243820.88
1768,lpush5,1000000,822565.81
1768,lrange5,1000000,1288721.62
1769,lpush5,1000000,827235.75
1769,lrange5,1000000,1199290.12
1770,lpush5,1000000,819210.50
1770,lrange5,1000000,1202038.38
1771,lpush5,1000000,823084.75
1771,lrange5,1000000,1213631.12
1772,lpush5,1000000,826552.06
1772,lrange5,1000000,1259526.38
1773,lpush5,1000000,819711.44
1773,lrange5,1000000,1264263.00
1774,lpush5,1000000,820410.19
1774,lrange5,1000000,1287042.50
1775,lpush5,1000000,821745.25
1775,lrange5,1000000,1285491.00
1776,lpush5,1000000,813760.81
1776,lrange5,1000000,1267569.12
1777,lpush5,1000000,831468.06
1777,lrange5,1000000,1194972.50
1778,lpush5,1000000,819711.44
1778,lrange5,1000000,1274028.00
1779,lpush5,1000000,817844.62
1779,lrange5,1000000,1290384.50
1780,lpush5,1000000,810372.81
1780,lrange5,1000000,1247002.50
1781,lpush5,1000000,824560.56
1781,lrange5,1000000,1275673.50
1782,lpush5,1000000,819777.00
1782,lrange5,1000000,1283738.12
1783,lpush5,1000000,819184.31
1783,lrange5,1000000,1262686.88
1784,lpush5,1000000,818566.31
1784,lrange5,1000000,1251664.50
1785,lpush5,1000000,821745.25
1785,lrange5,1000000,1295461.12
1786,lpush5,1000000,809768.44
1786,lrange5,1000000,1197911.38
1787,lpush5,1000000,817805.38
1787,lrange5,1000000,1280409.75
1788,lpush5,1000000,817202.62
1788,lrange5,1000000,1194800.50
1789,lpush5,1000000,821745.25
1789,lrange5,1000000,1280614.62
1790,lpush5,1000000,823097.94
1790,lrange5,1000000,1293868.00
1791,lpush5,1000000,816483.25
1791,lrange5,1000000,1251564.38
1792,lpush5,1000000,810450.56
1792,lrange5,1000000,1287063.00
1793,lpush5,1000000,820410.19
1793,lrange5,1000000,1290343.25
1794,lpush5,1000000,816326.50
1794,lrange5,1000000,1270790.38
1795,lpush5,1000000,816535.50
1795,lrange5,1000000,1280471.12
1796,lpush5,1000000,819053.25
1796,lrange5,1000000,1205127.75
1797,lpush5,1000000,822513.19
1797,lrange5,1000000,1269055.88
1798,lpush5,1000000,823802.31
1798,lrange5,1000000,1270810.62
1799,lpush5,1000000,831960.06
1799,lrange5,1000000,1288659.75
1800,lpush5,1000000,821110.00
1800,lrange5,1000000,1288824.75
1801,lpush5,1000000,809729.56
1801,lrange5,1000000,1199347.75
1802,lpush5,1000000,818513.94
1802,lrange5,1000000,1205224.12
1803,lpush5,1000000,825174.94
1803,lrange5,1000000,1189250.88
1804,lpush5,1000000,831428.12
1804,lrange5,1000000,1287186.62
1805,lpush5,1000000,826472.69
1805,lrange5,1000000,1283758.75
1806,lpush5,1000000,821044.31
1806,lrange5,1000000,1292051.75
1807,lpush5,1000000,820383.94
1807,lrange5,1000000,1200691.50
1808,lpush5,1000000,825082.50
1808,lrange5,1000000,1290363.88
1809,lpush5,1000000,824560.56
1809,lrange5,1000000,1183564.50
1810,lpush5,1000000,828672.75
1810,lrange5,1000000,1291989.62
1811,lpush5,1000000,827288.69
1811,lrange5,1000000,1247082.38
1812,lpush5,1000000,817713.81
1812,lrange5,1000000,1218241.25
1813,lpush5,1000000,817766.12
1813,lrange5,1000000,1259607.00
1814,lpush5,1000000,821705.81
1814,lrange5,1000000,1231625.62
1815,lpush5,1000000,819013.94
1815,lrange5,1000000,1282071.88
1816,lpush5,1000000,821784.69
1816,lrange5,1000000,1254705.12
1817,lpush5,1000000,816378.75
1817,lrange5,1000000,1261135.00
1818,lpush5,1000000,817779.19
1818,lrange5,1000000,1292051.75
1819,lpush5,1000000,823881.38
1819,lrange5,1000000,1223990.25
1820,lpush5,1000000,818500.81
1820,lrange5,1000000,1243801.00
1821,lpush5,1000000,820515.19
1821,lrange5,1000000,1227150.88
1822,lpush5,1000000,816993.50
1822,lrange5,1000000,1251564.38
1823,lpush5,1000000,830021.56
1823,lrange5,1000000,1205262.62
1824,lpush5,1000000,821083.69
1824,lrange5,1000000,1288762.88
1825,lpush5,1000000,816378.75
1825,lrange5,1000000,1269055.88
1826,lpush5,1000000,823229.62
1826,lrange5,1000000,1240972.75
1827,lpush5,1000000,827262.19
1827,lrange5,1000000,1282051.38
1828,lpush5,1000000,836160.56
1828,lrange5,1000000,1287227.75
1829,lpush5,1000000,815726.00
1829,lrange5,1000000,1272305.38
1830,lpush5,1000000,819000.88
1830,lrange5,1000000,1190647.62
1831,lpush5,1000000,821705.81
1831,lrange5,1000000,1277180.12
1832,lpush5,1000000,818566.31
1832,lrange5,1000000,1264222.50
1833,lpush5,1000000,820423.31
1833,lrange5,1000000,1130250.88
1834,lpush5,1000000,824455.00
1834,lrange5,1000000,1259486.12
1835,lpush5,1000000,816378.75
1835,lrange5,1000000,1202269.25
1836,lpush5,1000000,827947.06
1836,lrange5,1000000,1278854.25
1837,lpush5,1000000,815817.31
1837,lrange5,1000000,1274109.50
1838,lpush5,1000000,821070.56
1838,lrange5,1000000,1290384.50
1839,lpush5,1000000,814540.69
1839,lrange5,1000000,1190628.62
1840,lpush5,1000000,819066.38
1840,lrange5,1000000,1287001.25
1841,lpush5,1000000,818474.62
1841,lrange5,1000000,1262707.12
1842,lpush5,1000000,825148.50
1842,lrange5,1000000,1231527.12
1843,lpush5,1000000,818383.00
1843,lrange5,1000000,1288659.75
1844,lpush5,1000000,823828.69
1844,lrange5,1000000,1196612.38
1845,lpush5,1000000,809768.44
1845,lrange5,1000000,1270668.38
1846,lpush5,1000000,821018.00
1846,lrange5,1000000,1283738.12
1847,lpush5,1000000,821254.50
1847,lrange5,1000000,1267447.50
1848,lpush5,1000000,831348.31
1848,lrange5,1000000,1285511.62
1849,lpush5,1000000,829346.62
1849,lrange5,1000000,1290322.62
1850,lpush5,1000000,822486.88
1850,lrange5,1000000,1261256.00
1851,lpush5,1000000,817805.38
1851,lrange5,1000000,1240694.75
1852,lpush5,1000000,817085.00
1852,lrange5,1000000,1267528.50
1853,lpush5,1000000,825856.31
1853,lrange5,1000000,1270729.38
1854,lpush5,1000000,817176.50
1854,lrange5,1000000,1190704.75
1855,lpush5,1000000,822473.69
1855,lrange5,1000000,1290467.12
1856,lpush5,1000000,824534.19
1856,lrange5,1000000,1200845.12
1857,lpush5,1000000,814501.62
1857,lrange5,1000000,1200653.00
1858,lpush5,1000000,815165.44
1858,lrange5,1000000,1282277.00
1859,lpush5,1000000,819685.25
1859,lrange5,1000000,1200825.88
1860,lpush5,1000000,821057.44
1860,lrange5,1000000,1259667.50
1861,lpush5,1000000,815126.31
1861,lrange5,1000000,1261155.12
1862,lpush5,1000000,823150.62
1862,lrange5,1000000,1287083.62
1863,lpush5,1000000,819013.94
1863,lrange5,1000000,1256281.38
1864,lpush5,1000000,823934.12
1864,lrange5,1000000,1280450.62
1865,lpush5,1000000,821824.12
1865,lrange5,1000000,1200595.38
1866,lpush5,1000000,815660.69
1866,lrange5,1000000,1278792.88
1867,lpush5,1000000,824507.81
1867,lrange5,1000000,1221157.50
1868,lpush5,1000000,811081.88
1868,lrange5,1000000,1251604.50
1869,lpush5,1000000,815765.12
1869,lrange5,1000000,1234725.88
1870,lpush5,1000000,823841.88
1870,lrange5,1000000,1267467.75
1871,lpush5,1000000,823150.62
1871,lrange5,1000000,1283758.75
1872,lpush5,1000000,815699.88
1872,lrange5,1000000,1269035.50
1873,lpush5,1000000,823216.44
1873,lrange5,1000000,1258062.88
1874,lpush5,1000000,817739.94
1874,lrange5,1000000,1198026.38
1875,lpush5,1000000,819724.56
1875,lrange5,1000000,1250080.00
1876,lpush5,1000000,822513.19
1876,lrange5,1000000,1283697.12
1877,lpush5,1000000,823097.94
1877,lrange5,1000000,1290446.50
1878,lpush5,1000000,821241.31
1878,lrange5,1000000,1203408.00
1879,lpush5,1000000,817045.75
1879,lrange5,1000000,1287042.50
1880,lpush5,1000000,813008.12
1880,lrange5,1000000,1197853.88
1881,lpush5,1000000,815843.44
1881,lrange5,1000000,1242693.12
1882,lpush5,1000000,813060.12
1882,lrange5,1000000,1247022.50
1883,lpush5,1000000,821903.06
1883,lrange5,1000000,1265964.50
1884,lpush5,1000000,820397.06
1884,lrange5,1000000,1295378.25
1885,lpush5,1000000,825135.31
1885,lrange5,1000000,1288680.38
1886,lpush5,1000000,819763.94
1886,lrange5,1000000,1258062.88
1887,lpush5,1000000,822368.44
1887,lrange5,1000000,1139371.25
1888,lpush5,1000000,820475.81
1888,lrange5,1000000,1172576.75
1889,lpush5,1000000,828566.69
1889,lrange5,1000000,1194781.38
1890,lpush5,1000000,823868.19
1890,lrange5,1000000,1267447.50
1891,lpush5,1000000,832159.69
1891,lrange5,1000000,1272285.00
1892,lpush5,1000000,812451.69
1892,lrange5,1000000,1254705.12
1893,lpush5,1000000,820502.06
1893,lrange5,1000000,1283758.75
1894,lpush5,1000000,816431.00
1894,lrange5,1000000,1206542.88
1895,lpush5,1000000,825962.06
1895,lrange5,1000000,1183772.75
1896,lpush5,1000000,827196.06
1896,lrange5,1000000,1272264.62
1897,lpush5,1000000,821083.69
1897,lrange5,1000000,1197988.00
1898,lpush5,1000000,824481.44
1898,lrange5,1000000,1130250.88
1899,lpush5,1000000,830564.81
1899,lrange5,1000000,1269198.00
1900,lpush5,1000000,825174.94
1900,lrange5,1000000,1193355.62
1901,lpush5,1000000,818435.38
1901,lrange5,1000000,1190590.50
1902,lpush5,1000000,825240.94
1902,lrange5,1000000,1283738.12
1903,lpush5,1000000,819040.19
1903,lrange5,1000000,1243781.12
1904,lpush5,1000000,817202.62
1904,lrange5,1000000,1258042.75
1905,lpush5,1000000,819145.00
1905,lrange5,1000000,1265883.50
1906,lpush5,1000000,826552.06
1906,lrange5,1000000,1290343.25
1907,lpush5,1000000,825095.69
1907,lrange5,1000000,1282194.88
1908,lpush5,1000000,823762.75
1908,lrange5,1000000,1196574.12
1909,lpush5,1000000,830048.12
1909,lrange5,1000000,1254845.62
1910,lpush5,1000000,824428.62
1910,lrange5,1000000,1290363.88
1911,lpush5,1000000,827143.12
1911,lrange5,1000000,1095290.25
1912,lpush5,1000000,812503.69
1912,lrange5,1000000,1273905.75
1913,lpush5,1000000,819118.81
1913,lrange5,1000000,1290363.88
1914,lpush5,1000000,836120.44
1914,lrange5,1000000,1203388.75
1915,lpush5,1000000,815699.88
1915,lrange5,1000000,1195144.50
1916,lpush5,1000000,821057.44
1916,lrange5,1000000,1293661.00
1917,lpush5,1000000,823084.75
1917,lrange5,1000000,1298742.88
1918,lpush5,1000000,823137.44
1918,lrange5,1000000,1280430.25
1919,lpush5,1000000,825935.62
1919,lrange5,1000000,1273987.25
1920,lpush5,1000000,823097.94
1920,lrange5,1000000,1292031.00
1921,lpush5,1000000,817831.50
1921,lrange5,1000000,1206272.62
1922,lpush5,1000000,823150.62
1922,lrange5,1000000,1206311.25
1923,lpush5,1000000,813021.12
1923,lrange5,1000000,1259627.12
1924,lpush5,1000000,829412.94
1924,lrange5,1000000,1295461.12
1925,lpush5,1000000,817661.44
1925,lrange5,1000000,1234567.88
1926,lpush5,1000000,818383.00
1926,lrange5,1000000,1202000.00
1927,lpush5,1000000,821057.44
1927,lrange5,1000000,1231527.12
1928,lpush5,1000000,821824.12
1928,lrange5,1000000,1292175.75
1929,lpush5,1000000,815048.06
1929,lrange5,1000000,1292196.38
1930,lpush5,1000000,815726.00
1930,lrange5,1000000,1188028.50
1931,lpush5,1000000,815230.62
1931,lrange5,1000000,1290508.38
1932,lpush5,1000000,820397.06
1932,lrange5,1000000,1282153.88
1933,lpush5,1000000,811094.88
1933,lrange5,1000000,1256321.62
1934,lpush5,1000000,817700.69
1934,lrange5,1000000,1283861.38
1935,lpush5,1000000,815048.06
1935,lrange5,1000000,1196267.88
1936,lpush5,1000000,818474.62
1936,lrange5,1000000,1257881.75
1937,lpush5,1000000,809191.00
1937,lrange5,1000000,1278854.25
1938,lpush5,1000000,819711.44
1938,lrange5,1000000,1239157.38
1939,lpush5,1000000,814995.94
1939,lrange5,1000000,1269055.88
1940,lpush5,1000000,820502.06
1940,lrange5,1000000,1250200.00
1941,lpush5,1000000,824560.56
1941,lrange5,1000000,1236271.88
1942,lpush5,1000000,814332.19
1942,lrange5,1000000,1195010.75
1943,lpush5,1000000,804621.06
1943,lrange5,1000000,1269177.62
1944,lpush5,1000000,830604.62
1944,lrange5,1000000,1290343.25
1945,lpush5,1000000,823176.94
1945,lrange5,1000000,1261034.12
1946,lpush5,1000000,820528.31
1946,lrange5,1000000,1261195.50
1947,lpush5,1000000,816431.00
1947,lrange5,1000000,1278874.62
1948,lpush5,1000000,811753.25
1948,lrange5,1000000,1199232.62
1949,lpush5,1000000,810437.62
1949,lrange5,1000000,1200537.75
1950,lpush5,1000000,824573.75
1950,lrange5,1000000,1285367.62
1951,lpush5,1000000,819868.81
1951,lrange5,1000000,1200845.12
1952,lpush5,1000000,824560.56
1952,lrange5,1000000,1222493.88
1953,lpush5,1000000,821745.25
1953,lrange5,1000000,1267427.12
1954,lpush5,1000000,821784.69
1954,lrange5,1000000,1261054.25
1955,lpush5,1000000,825161.69
1955,lrange5,1000000,1265843.00
1956,lpush5,1000000,817870.75
1956,lrange5,1000000,1190781.00
1957,lpush5,1000000,821876.75
1957,lrange5,1000000,1292134.38
1958,lpush5,1000000,828513.69
1958,lrange5,1000000,1272447.88
1959,lpush5,1000000,819223.62
1959,lrange5,1000000,1200864.38
1960,lpush5,1000000,821758.44
1960,lrange5,1000000,1287166.00
1961,lpush5,1000000,818330.62
1961,lrange5,1000000,1202192.25
1962,lpush5,1000000,817085.00
1962,lrange5,1000000,1269055.88
1963,lpush5,1000000,823058.44
1963,lrange5,1000000,1189269.88
1964,lpush5,1000000,825829.94
1964,lrange5,1000000,1272264.62
1965,lpush5,1000000,822460.56
1965,lrange5,1000000,1200480.12
1966,lpush5,1000000,818330.62
1966,lrange5,1000000,1270648.00
1967,lpush5,1000000,819040.19
1967,lrange5,1000000,1231586.25
1968,lpush5,1000000,820449.56
1968,lrange5,1000000,1245389.88
1969,lpush5,1000000,829955.19
1969,lrange5,1000000,1267609.62
1970,lpush5,1000000,812347.75
1970,lrange5,1000000,1262666.62
1971,lpush5,1000000,819000.88
1971,lrange5,1000000,1248619.25
1972,lpush5,1000000,827920.56
1972,lrange5,1000000,1196306.12
1973,lpush5,1000000,828712.50
1973,lrange5,1000000,1205127.75
1974,lpush5,1000000,825148.50
1974,lrange5,1000000,1213592.25
1975,lpush5,1000000,822434.25
1975,lrange5,1000000,1277323.12
1976,lpush5,1000000,822460.56
1976,lrange5,1000000,1259466.00
1977,lpush5,1000000,827920.56
1977,lrange5,1000000,1193622.88
1978,lpush5,1000000,827867.56
1978,lrange5,1000000,1202250.00
1979,lpush5,1000000,829888.75
1979,lrange5,1000000,1259667.50
1980,lpush5,1000000,822421.06
1980,lrange5,1000000,1193699.25
1981,lpush5,1000000,827827.88
1981,lrange5,1000000,1248479.38
1982,lpush5,1000000,820449.56
1982,lrange5,1000000,1295336.75
1983,lpush5,1000000,825988.44
1983,lrange5,1000000,1242414.88
1984,lpush5,1000000,820462.69
1984,lrange5,1000000,1282153.88
1985,lpush5,1000000,827129.88
1985,lrange5,1000000,1200480.12
1986,lpush5,1000000,817085.00
1986,lrange5,1000000,1292258.38
1987,lpush5,1000000,817883.88
1987,lrange5,1000000,1256321.62
1988,lpush5,1000000,823723.25
1988,lrange5,1000000,1279120.25
1989,lpush5,1000000,821057.44
1989,lrange5,1000000,1265944.25
1990,lpush5,1000000,814540.69
1990,lrange5,1000000,1291989.62
1991,lpush5,1000000,821732.12
1991,lrange5,1000000,1248539.38
1992,lpush5,1000000,821110.00
1992,lrange5,1000000,1199424.50
1993,lpush5,1000000,827262.19
1993,lrange5,1000000,1240734.50
1994,lpush5,1000000,820397.06
1994,lrange5,1000000,1272346.00
1995,lpush5,1000000,829200.69
1995,lrange5,1000000,1250180.00
1996,lpush5,1000000,825829.94
1996,lrange5,1000000,1285347.00
1997,lpush5,1000000,825174.94
1997,lrange5,1000000,1184853.12
1998,lpush5,1000000,824441.81
1998,lrange5,1000000,1202076.88
1999,lpush5,1000000,824441.81
1999,lrange5,1000000,1240694.75
2000,lpush5,1000000,817202.62
2000,lrange5,1000000,1262646.50
