operation,mean_rps,trials
lpush5,809124.566665,2000
lrange5,1228522.633500,2000
