trial,operation,requests,rps
1,lpush5,1000000,541833.19
1,lrange5,1000000,1224029.38
2,lpush5,1000000,835528.81
2,lrange5,1000000,1272264.62
3,lpush5,1000000,830657.81
3,lrange5,1000000,1277323.12
4,lpush5,1000000,733149.56
4,lrange5,1000000,1280553.12
5,lpush5,1000000,836967.31
5,lrange5,1000000,1209189.75
6,lpush5,1000000,826552.06
6,lrange5,1000000,1253233.12
7,lpush5,1000000,840443.69
7,lrange5,1000000,1242236.00
8,lpush5,1000000,828606.44
8,lrange5,1000000,1237683.12
9,lpush5,1000000,838276.62
9,lrange5,1000000,1275612.25
10,lpush5,1000000,840510.88
10,lrange5,1000000,1196325.38
11,lpush5,1000000,835448.62
11,lrange5,1000000,1236212.62
12,lpush5,1000000,844702.69
12,lrange5,1000000,1096649.12
13,lpush5,1000000,845308.56
13,lrange5,1000000,1295336.75
14,lpush5,1000000,847471.25
14,lrange5,1000000,1280409.75
15,lpush5,1000000,836307.69
15,lrange5,1000000,1278956.50
16,lpush5,1000000,836187.31
16,lrange5,1000000,1199482.00
17,lpush5,1000000,841764.31
17,lrange5,1000000,1273946.50
18,lpush5,1000000,845416.75
18,lrange5,1000000,1285367.62
19,lpush5,1000000,837520.94
19,lrange5,1000000,1278956.50
20,lpush5,1000000,827249.00
20,lrange5,1000000,1257861.62
21,lpush5,1000000,842513.88
21,lrange5,1000000,1216642.25
22,lpush5,1000000,837695.12
22,lrange5,1000000,1285367.62
23,lpush5,1000000,832706.12
23,lrange5,1000000,1280491.62
24,lpush5,1000000,834871.50
24,lrange5,1000000,846159.00
25,lpush5,1000000,525052.00
25,lrange5,1000000,1014231.25
26,lpush5,1000000,838383.94
26,lrange5,1000000,1228579.88
27,lpush5,1000000,828500.38
27,lrange5,1000000,1293661.00
28,lpush5,1000000,831494.62
28,lrange5,1000000,1288659.75
29,lpush5,1000000,829373.12
29,lrange5,1000000,1293868.00
30,lpush5,1000000,832639.50
30,lrange5,1000000,1283717.62
31,lpush5,1000000,830034.81
31,lrange5,1000000,1283881.88
32,lpush5,1000000,830617.94
32,lrange5,1000000,1148454.62
33,lpush5,1000000,832692.75
33,lrange5,1000000,1194972.50
34,lpush5,1000000,837520.94
34,lrange5,1000000,1300660.62
35,lpush5,1000000,843210.81
35,lrange5,1000000,1270831.00
36,lpush5,1000000,834791.38
36,lrange5,1000000,1297203.62
37,lpush5,1000000,833346.62
37,lrange5,1000000,1196535.88
38,lpush5,1000000,835488.69
38,lrange5,1000000,1293702.50
39,lpush5,1000000,834858.12
39,lrange5,1000000,1280450.62
40,lpush5,1000000,834778.00
40,lrange5,1000000,1258022.62
41,lpush5,1000000,842500.38
41,lrange5,1000000,1283738.12
42,lpush5,1000000,841164.00
42,lrange5,1000000,1180939.75
43,lpush5,1000000,832652.81
43,lrange5,1000000,1196555.00
44,lpush5,1000000,846929.75
44,lrange5,1000000,1258083.00
45,lpush5,1000000,830671.12
45,lrange5,1000000,1292072.38
46,lpush5,1000000,837561.12
46,lrange5,1000000,942672.94
47,lpush5,1000000,745724.12
47,lrange5,1000000,1199175.12
48,lpush5,1000000,831281.81
48,lrange5,1000000,1269076.12
49,lpush5,1000000,834108.44
49,lrange5,1000000,1197758.12
50,lpush5,1000000,834938.25
50,lrange5,1000000,1287063.00
51,lpush5,1000000,824613.31
51,lrange5,1000000,1298784.50
52,lpush5,1000000,839100.62
52,lrange5,1000000,1297099.88
53,lpush5,1000000,842581.25
53,lrange5,1000000,1297141.38
54,lpush5,1000000,839046.94
54,lrange5,1000000,1285367.62
55,lpush5,1000000,834751.31
55,lrange5,1000000,825843.12
56,lpush5,1000000,519530.41
56,lrange5,1000000,857021.38
57,lpush5,1000000,833493.31
57,lrange5,1000000,1256341.75
58,lpush5,1000000,839805.19
58,lrange5,1000000,1182279.00
59,lpush5,1000000,834055.06
59,lrange5,1000000,1291989.62
60,lpush5,1000000,840349.56
60,lrange5,1000000,1193393.75
61,lpush5,1000000,836280.94
61,lrange5,1000000,1131221.75
62,lpush5,1000000,840564.69
62,lrange5,1000000,1269076.12
63,lpush5,1000000,843386.19
63,lrange5,1000000,1292093.00
64,lpush5,1000000,835462.00
64,lrange5,1000000,1185004.75
65,lpush5,1000000,838290.06
65,lrange5,1000000,1234666.62
66,lpush5,1000000,843935.88
66,lrange5,1000000,1288804.12
67,lpush5,1000000,833439.94
67,lrange5,1000000,1194800.50
68,lpush5,1000000,836860.19
68,lrange5,1000000,1283738.12
69,lpush5,1000000,846104.88
69,lrange5,1000000,1275551.00
70,lpush5,1000000,838926.12
70,lrange5,1000000,1196574.12
71,lpush5,1000000,840336.12
71,lrange5,1000000,1239216.88
72,lpush5,1000000,838276.62
72,lrange5,1000000,973725.44
73,lpush5,1000000,731017.50
73,lrange5,1000000,1295440.38
74,lpush5,1000000,830657.81
74,lrange5,1000000,1280430.25
75,lpush5,1000000,835502.06
75,lrange5,1000000,1278792.88
76,lpush5,1000000,832000.00
76,lrange5,1000000,1285347.00
77,lpush5,1000000,838926.12
77,lrange5,1000000,1293743.88
78,lpush5,1000000,836927.19
78,lrange5,1000000,1283738.12
79,lpush5,1000000,837681.75
79,lrange5,1000000,1251564.38
80,lpush5,1000000,828672.75
80,lrange5,1000000,1297016.88
81,lpush5,1000000,834081.75
81,lrange5,1000000,1290425.88
82,lpush5,1000000,846118.44
82,lrange5,1000000,1240694.75
83,lpush5,1000000,832746.06
83,lrange5,1000000,1287207.25
84,lpush5,1000000,837601.31
84,lrange5,1000000,1304031.25
85,lpush5,1000000,841083.25
85,lrange5,1000000,1298784.50
86,lpush5,1000000,839805.19
86,lrange5,1000000,1253152.88
87,lpush5,1000000,833359.94
87,lrange5,1000000,1203388.75
88,lpush5,1000000,834081.75
88,lrange5,1000000,1180788.62
89,lpush5,1000000,844124.94
89,lrange5,1000000,1285470.50
90,lpush5,1000000,839657.44
90,lrange5,1000000,1300390.12
91,lpush5,1000000,837534.31
91,lrange5,1000000,1283779.25
92,lpush5,1000000,836160.56
92,lrange5,1000000,1203639.00
93,lpush5,1000000,829267.00
93,lrange5,1000000,1302083.38
94,lpush5,1000000,835435.25
94,lrange5,1000000,1290322.62
95,lpush5,1000000,841912.50
95,lrange5,1000000,1262666.62
96,lpush5,1000000,840484.00
96,lrange5,1000000,1196440.12
97,lpush5,1000000,837534.31
97,lrange5,1000000,1302104.12
98,lpush5,1000000,832812.69
98,lrange5,1000000,1196210.50
99,lpush5,1000000,834081.75
99,lrange5,1000000,1200691.50
100,lpush5,1000000,836887.00
100,lrange5,1000000,1295378.25
101,lpush5,1000000,836280.94
101,lrange5,1000000,1300452.50
102,lpush5,1000000,837628.12
102,lrange5,1000000,1300473.38
103,lpush5,1000000,834201.81
103,lrange5,1000000,1269096.50
104,lpush5,1000000,833559.94
104,lrange5,1000000,819013.94
105,lpush5,1000000,596302.88
105,lrange5,1000000,1246942.62
106,lpush5,1000000,836913.75
106,lrange5,1000000,1265843.00
107,lpush5,1000000,832879.31
107,lrange5,1000000,1290425.88
108,lpush5,1000000,831946.75
108,lrange5,1000000,1179566.00
109,lpush5,1000000,825108.88
109,lrange5,1000000,1073030.12
110,lpush5,1000000,841845.12
110,lrange5,1000000,1186562.25
111,lpush5,1000000,830644.50
111,lrange5,1000000,1300577.38
112,lpush5,1000000,841177.44
112,lrange5,1000000,1248559.25
113,lpush5,1000000,841042.88
113,lrange5,1000000,1259586.88
114,lpush5,1000000,835475.31
114,lrange5,1000000,1259808.50
115,lpush5,1000000,839778.38
115,lrange5,1000000,1192257.50
116,lpush5,1000000,830061.38
116,lrange5,1000000,1199271.00
117,lpush5,1000000,834121.75
117,lrange5,1000000,1283758.75
118,lpush5,1000000,838926.12
118,lrange5,1000000,1247082.38
119,lpush5,1000000,830737.56
119,lrange5,1000000,1236252.12
120,lpush5,1000000,839100.62
120,lrange5,1000000,1201942.25
121,lpush5,1000000,827301.94
121,lrange5,1000000,1283861.38
122,lpush5,1000000,834148.44
122,lrange5,1000000,1219629.25
123,lpush5,1000000,833466.62
123,lrange5,1000000,1259647.25
124,lpush5,1000000,836833.44
124,lrange5,1000000,1295399.00
125,lpush5,1000000,834831.44
125,lrange5,1000000,1288824.75
126,lpush5,1000000,831960.06
126,lrange5,1000000,1298826.00
127,lpush5,1000000,827894.06
127,lrange5,1000000,1291989.62
128,lpush5,1000000,830710.94
128,lrange5,1000000,1261114.75
129,lpush5,1000000,836846.81
129,lrange5,1000000,1307398.75
130,lpush5,1000000,843949.44
130,lrange5,1000000,1203388.75
131,lpush5,1000000,839738.06
131,lrange5,1000000,1190533.38
132,lpush5,1000000,833479.94
132,lrange5,1000000,1298909.12
133,lpush5,1000000,833399.94
133,lrange5,1000000,1200787.50
134,lpush5,1000000,830564.81
134,lrange5,1000000,1248439.50
135,lpush5,1000000,829253.75
135,lrange5,1000000,1189193.75
136,lpush5,1000000,836873.62
136,lrange5,1000000,1192162.12
137,lpush5,1000000,838966.44
137,lrange5,1000000,1195010.75
138,lpush5,1000000,834737.94
138,lrange5,1000000,1257881.75
139,lpush5,1000000,832679.44
139,lrange5,1000000,1196306.12
140,lpush5,1000000,841831.69
140,lrange5,1000000,1282174.38
141,lpush5,1000000,843224.31
141,lrange5,1000000,1297203.62
142,lpush5,1000000,829227.19
142,lrange5,1000000,1285491.00
143,lpush5,1000000,834095.06
143,lrange5,1000000,1297245.12
144,lpush5,1000000,836873.62
144,lrange5,1000000,1302270.88
145,lpush5,1000000,836927.19
145,lrange5,1000000,1191971.38
146,lpush5,1000000,840376.44
146,lrange5,1000000,1189346.00
147,lpush5,1000000,839087.25
147,lrange5,1000000,1282112.88
148,lpush5,1000000,831361.62
148,lrange5,1000000,1292093.00
149,lpush5,1000000,837520.94
149,lrange5,1000000,1270688.75
150,lpush5,1000000,841069.81
150,lrange5,1000000,1246902.75
151,lpush5,1000000,845308.56
151,lrange5,1000000,1275591.88
152,lpush5,1000000,841190.94
152,lrange5,1000000,1197624.00
153,lpush5,1000000,835421.88
153,lrange5,1000000,1302229.12
154,lpush5,1000000,838993.25
154,lrange5,1000000,1196382.75
155,lpush5,1000000,834161.81
155,lrange5,1000000,1277180.12
156,lpush5,1000000,835435.25
156,lrange5,1000000,1293764.50
157,lpush5,1000000,846848.44
157,lrange5,1000000,1298742.88
158,lpush5,1000000,838343.69
158,lrange5,1000000,1259627.12
159,lpush5,1000000,837534.31
159,lrange5,1000000,1067270.00
160,lpush5,1000000,842459.94
160,lrange5,1000000,1295399.00
161,lpush5,1000000,844743.25
161,lrange5,1000000,1303780.88
162,lpush5,1000000,841750.88
162,lrange5,1000000,1265843.00
163,lpush5,1000000,844648.62
163,lrange5,1000000,1305545.75
164,lpush5,1000000,838303.44
164,lrange5,1000000,1302104.12
165,lpush5,1000000,837534.31
165,lrange5,1000000,1307273.25
166,lpush5,1000000,842513.88
166,lrange5,1000000,1302208.38
167,lpush5,1000000,843224.31
167,lrange5,1000000,1307377.75
168,lpush5,1000000,847620.38
168,lrange5,1000000,1307210.50
169,lpush5,1000000,834778.00
169,lrange5,1000000,1274028.00
170,lpush5,1000000,838464.38
170,lrange5,1000000,1293702.50
171,lpush5,1000000,836120.44
171,lrange5,1000000,1288659.75
172,lpush5,1000000,840551.25
172,lrange5,1000000,1307315.00
173,lpush5,1000000,838410.75
173,lrange5,1000000,1302083.38
174,lpush5,1000000,835435.25
174,lrange5,1000000,1305671.12
175,lpush5,1000000,845430.31
175,lrange5,1000000,1283697.12
176,lpush5,1000000,838993.25
176,lrange5,1000000,1242315.50
177,lpush5,1000000,834228.50
177,lrange5,1000000,1293702.50
178,lpush5,1000000,832812.69
178,lrange5,1000000,1278915.62
179,lpush5,1000000,836254.19
179,lrange5,1000000,1287207.25
180,lpush5,1000000,834724.56
180,lrange5,1000000,1288742.25
181,lpush5,1000000,844689.19
181,lrange5,1000000,1257861.62
182,lpush5,1000000,837574.56
182,lrange5,1000000,1305608.38
183,lpush5,1000000,839644.00
183,lrange5,1000000,1274028.00
184,lpush5,1000000,838303.44
184,lrange5,1000000,1248479.38
185,lpush5,1000000,836994.12
185,lrange5,1000000,1307273.25
186,lpush5,1000000,835488.69
186,lrange5,1000000,1305712.88
187,lpush5,1000000,835528.81
187,lrange5,1000000,1285347.00
188,lpush5,1000000,831321.75
188,lrange5,1000000,1221040.25
189,lpush5,1000000,839033.56
189,lrange5,1000000,1303968.62
190,lpush5,1000000,834724.56
190,lrange5,1000000,1300431.75
191,lpush5,1000000,836820.06
191,lrange5,1000000,1292175.75
192,lpush5,1000000,836953.94
192,lrange5,1000000,1303843.50
193,lpush5,1000000,837520.94
193,lrange5,1000000,1247002.50
194,lpush5,1000000,831268.50
194,lrange5,1000000,1305504.00
195,lpush5,1000000,844743.25
195,lrange5,1000000,1288659.75
196,lpush5,1000000,833386.62
196,lrange5,1000000,1280430.25
197,lpush5,1000000,839020.12
197,lrange5,1000000,864387.25
198,lpush5,1000000,741839.75
198,lrange5,1000000,1297162.12
199,lpush5,1000000,843989.94
199,lrange5,1000000,1302083.38
200,lpush5,1000000,830578.06
200,lrange5,1000000,1227052.75
201,lpush5,1000000,835595.62
201,lrange5,1000000,1298701.38
202,lpush5,1000000,833546.62
202,lrange5,1000000,1264242.75
203,lpush5,1000000,842513.88
203,lrange5,1000000,1285367.62
204,lpush5,1000000,829875.50
204,lrange5,1000000,1300431.75
205,lpush5,1000000,846023.69
205,lrange5,1000000,1295357.50
206,lpush5,1000000,838437.56
206,lrange5,1000000,1189250.88
207,lpush5,1000000,835595.62
207,lrange5,1000000,1205262.62
208,lpush5,1000000,837534.31
208,lrange5,1000000,1256281.38
209,lpush5,1000000,847593.25
209,lrange5,1000000,1251664.50
210,lpush5,1000000,828593.19
210,lrange5,1000000,1203696.75
211,lpush5,1000000,834095.06
211,lrange5,1000000,1285655.50
212,lpush5,1000000,830578.06
212,lrange5,1000000,1305504.00
213,lpush5,1000000,833359.94
213,lrange5,1000000,1237841.50
214,lpush5,1000000,843935.88
214,lrange5,1000000,1186619.25
215,lpush5,1000000,841804.75
215,lrange5,1000000,1245549.25
216,lpush5,1000000,843935.88
216,lrange5,1000000,1307252.25
217,lpush5,1000000,838464.38
217,lrange5,1000000,1303822.62
218,lpush5,1000000,834791.38
218,lrange5,1000000,1280409.75
219,lpush5,1000000,841244.75
219,lrange5,1000000,1207826.12
220,lpush5,1000000,838383.94
220,lrange5,1000000,1272386.75
221,lpush5,1000000,838993.25
221,lrange5,1000000,1308921.50
222,lpush5,1000000,827129.88
222,lrange5,1000000,1302208.38
223,lpush5,1000000,845349.12
223,lrange5,1000000,1209615.50
224,lpush5,1000000,843976.44
224,lrange5,1000000,1203542.75
225,lpush5,1000000,839020.12
225,lrange5,1000000,1254805.50
226,lpush5,1000000,833373.31
226,lrange5,1000000,1307189.62
227,lpush5,1000000,846956.81
227,lrange5,1000000,1302166.62
228,lpush5,1000000,836887.00
228,lrange5,1000000,1259506.25
229,lpush5,1000000,839670.88
229,lrange5,1000000,1302125.00
230,lpush5,1000000,834724.56
230,lrange5,1000000,1297120.62
231,lpush5,1000000,774655.31
231,lrange5,1000000,1305483.12
232,lpush5,1000000,842581.25
232,lrange5,1000000,1303947.88
233,lpush5,1000000,837775.56
233,lrange5,1000000,1182279.00
234,lpush5,1000000,840376.44
234,lrange5,1000000,1221001.25
235,lpush5,1000000,841750.88
235,lrange5,1000000,1305483.12
236,lpush5,1000000,847511.88
236,lrange5,1000000,1202173.00
237,lpush5,1000000,840443.69
237,lrange5,1000000,1303843.50
238,lpush5,1000000,838303.44
238,lrange5,1000000,1305608.38
239,lpush5,1000000,839724.62
239,lrange5,1000000,1203793.12
240,lpush5,1000000,832639.50
240,lrange5,1000000,1303885.25
241,lpush5,1000000,839845.50
241,lrange5,1000000,1295440.38
242,lpush5,1000000,837614.75
242,lrange5,1000000,1298701.38
243,lpush5,1000000,834858.12
243,lrange5,1000000,1210905.62
244,lpush5,1000000,830617.94
244,lrange5,1000000,1261135.00
245,lpush5,1000000,833493.31
245,lrange5,1000000,1283820.25
246,lpush5,1000000,838223.00
246,lrange5,1000000,1305608.38
247,lpush5,1000000,833373.31
247,lrange5,1000000,1187667.50
248,lpush5,1000000,832772.69
248,lrange5,1000000,1199194.25
249,lpush5,1000000,841217.81
249,lrange5,1000000,1287042.50
250,lpush5,1000000,833559.94
250,lrange5,1000000,1256301.50
251,lpush5,1000000,838223.00
251,lrange5,1000000,1298784.50
252,lpush5,1000000,831441.44
252,lrange5,1000000,1303885.25
253,lpush5,1000000,840336.12
253,lrange5,1000000,1303780.88
254,lpush5,1000000,828672.75
254,lrange5,1000000,1282277.00
255,lpush5,1000000,832066.56
255,lrange5,1000000,1199098.38
256,lpush5,1000000,842662.12
256,lrange5,1000000,1187724.50
257,lpush5,1000000,837034.25
257,lrange5,1000000,1199060.00
258,lpush5,1000000,841764.31
258,lrange5,1000000,1182354.62
259,lpush5,1000000,845511.44
259,lrange5,1000000,1176640.00
260,lpush5,1000000,836187.31
260,lrange5,1000000,1251784.75
261,lpush5,1000000,839738.06
261,lrange5,1000000,1236410.38
262,lpush5,1000000,836873.62
262,lrange5,1000000,1261074.38
263,lpush5,1000000,848230.69
263,lrange5,1000000,1283902.50
264,lpush5,1000000,843345.69
264,lrange5,1000000,1288886.50
265,lpush5,1000000,838939.56
265,lrange5,1000000,1202076.88
266,lpush5,1000000,831321.75
266,lrange5,1000000,1265843.00
267,lpush5,1000000,832719.44
267,lrange5,1000000,1196459.25
268,lpush5,1000000,836967.31
268,lrange5,1000000,1267731.38
269,lpush5,1000000,837561.12
269,lrange5,1000000,1234607.38
270,lpush5,1000000,835515.44
270,lrange5,1000000,1257861.62
271,lpush5,1000000,835662.50
271,lrange5,1000000,1275530.62
272,lpush5,1000000,834081.75
272,lrange5,1000000,1265843.00
273,lpush5,1000000,837628.12
273,lrange5,1000000,1297182.88
274,lpush5,1000000,832692.75
274,lrange5,1000000,1200864.38
275,lpush5,1000000,841110.19
275,lrange5,1000000,1200614.62
276,lpush5,1000000,846929.75
276,lrange5,1000000,1200710.62
277,lpush5,1000000,845349.12
277,lrange5,1000000,1297058.38
278,lpush5,1000000,834188.50
278,lrange5,1000000,1305566.62
279,lpush5,1000000,833386.62
279,lrange5,1000000,1267609.62
280,lpush5,1000000,832159.69
280,lrange5,1000000,1233183.75
281,lpush5,1000000,837047.69
281,lrange5,1000000,1300535.75
282,lpush5,1000000,842459.94
282,lrange5,1000000,1303822.62
283,lpush5,1000000,834028.38
283,lrange5,1000000,1273987.25
284,lpush5,1000000,838223.00
284,lrange5,1000000,1283738.12
285,lpush5,1000000,841979.81
285,lrange5,1000000,1246882.88
286,lpush5,1000000,831946.75
286,lrange5,1000000,1283717.62
287,lpush5,1000000,842513.88
287,lrange5,1000000,1283861.38
288,lpush5,1000000,834858.12
288,lrange5,1000000,1305650.12
289,lpush5,1000000,826591.69
289,lrange5,1000000,1300390.12
290,lpush5,1000000,841764.31
290,lrange5,1000000,1307377.75
291,lpush5,1000000,832173.00
291,lrange5,1000000,1248459.38
292,lpush5,1000000,830631.25
292,lrange5,1000000,1304052.12
293,lpush5,1000000,844824.31
293,lrange5,1000000,1302125.00
294,lpush5,1000000,834041.69
294,lrange5,1000000,1206504.25
295,lpush5,1000000,831414.81
295,lrange5,1000000,1257922.00
296,lpush5,1000000,839114.06
296,lrange5,1000000,1293826.62
297,lpush5,1000000,834095.06
297,lrange5,1000000,1285511.62
298,lpush5,1000000,836980.69
298,lrange5,1000000,1293661.00
299,lpush5,1000000,834938.25
299,lrange5,1000000,1280594.12
300,lpush5,1000000,840443.69
300,lrange5,1000000,1213592.25
301,lpush5,1000000,834081.75
301,lrange5,1000000,1190857.12
302,lpush5,1000000,843305.25
302,lrange5,1000000,1202211.50
303,lpush5,1000000,836120.44
303,lrange5,1000000,1193470.12
304,lpush5,1000000,842675.62
304,lrange5,1000000,1186676.12
305,lpush5,1000000,843976.44
305,lrange5,1000000,1190895.25
306,lpush5,1000000,838330.31
306,lrange5,1000000,1262666.62
307,lpush5,1000000,831335.00
307,lrange5,1000000,1194915.12
308,lpush5,1000000,845335.62
308,lrange5,1000000,1248539.38
309,lpush5,1000000,839630.56
309,lrange5,1000000,1280409.75
310,lpush5,1000000,833506.62
310,lrange5,1000000,1297016.88
311,lpush5,1000000,835475.31
311,lrange5,1000000,1300410.88
312,lpush5,1000000,838236.44
312,lrange5,1000000,1295461.12
313,lpush5,1000000,836133.81
313,lrange5,1000000,1275551.00
314,lpush5,1000000,848176.44
314,lrange5,1000000,1282051.38
315,lpush5,1000000,837047.69
315,lrange5,1000000,1297182.88
316,lpush5,1000000,836900.38
316,lrange5,1000000,1288866.00
317,lpush5,1000000,849644.81
317,lrange5,1000000,1298888.38
318,lpush5,1000000,841056.31
318,lrange5,1000000,1307210.50
319,lpush5,1000000,845322.06
319,lrange5,1000000,1282051.38
320,lpush5,1000000,836953.94
320,lrange5,1000000,1280450.62
321,lpush5,1000000,840336.12
321,lrange5,1000000,1196172.25
322,lpush5,1000000,837708.56
322,lrange5,1000000,1297079.12
323,lpush5,1000000,843949.44
323,lrange5,1000000,1158767.12
324,lpush5,1000000,838370.50
324,lrange5,1000000,1307294.12
325,lpush5,1000000,837520.94
325,lrange5,1000000,1193508.38
326,lpush5,1000000,845524.94
326,lrange5,1000000,1282215.38
327,lpush5,1000000,835662.50
327,lrange5,1000000,1190876.25
328,lpush5,1000000,837654.94
328,lrange5,1000000,1293723.12
329,lpush5,1000000,841150.56
329,lrange5,1000000,1297120.62
330,lpush5,1000000,843949.44
330,lrange5,1000000,1259506.25
331,lpush5,1000000,840551.25
331,lrange5,1000000,1282051.38
332,lpush5,1000000,831321.75
332,lrange5,1000000,1308963.38
333,lpush5,1000000,835528.81
333,lrange5,1000000,1295502.62
334,lpush5,1000000,839100.62
334,lrange5,1000000,1200557.00
335,lpush5,1000000,843922.38
335,lrange5,1000000,1265863.25
336,lpush5,1000000,845349.12
336,lrange5,1000000,1293702.50
337,lpush5,1000000,833453.31
337,lrange5,1000000,1292051.75
338,lpush5,1000000,843291.75
338,lrange5,1000000,1295336.75
339,lpush5,1000000,842648.69
339,lrange5,1000000,1295440.38
340,lpush5,1000000,835595.62
340,lrange5,1000000,1230032.00
341,lpush5,1000000,844675.69
341,lrange5,1000000,1287063.00
342,lpush5,1000000,838316.88
342,lrange5,1000000,1300577.38
343,lpush5,1000000,844824.31
343,lrange5,1000000,1275551.00
344,lpush5,1000000,841083.25
344,lrange5,1000000,1297016.88
345,lpush5,1000000,831308.44
345,lrange5,1000000,1183564.50
346,lpush5,1000000,832799.38
346,lrange5,1000000,1192314.62
347,lpush5,1000000,836200.69
347,lrange5,1000000,1291989.62
348,lpush5,1000000,841096.69
348,lrange5,1000000,1192295.62
349,lpush5,1000000,843345.69
349,lrange5,1000000,1290446.50
350,lpush5,1000000,844003.44
350,lrange5,1000000,1298784.50
351,lpush5,1000000,829267.00
351,lrange5,1000000,1272325.62
352,lpush5,1000000,847606.81
352,lrange5,1000000,1300515.00
353,lpush5,1000000,834215.19
353,lrange5,1000000,1293681.75
354,lpush5,1000000,841110.19
354,lrange5,1000000,1302291.62
355,lpush5,1000000,834938.25
355,lrange5,1000000,1292010.38
356,lpush5,1000000,839657.44
356,lrange5,1000000,1262626.25
357,lpush5,1000000,840389.88
357,lrange5,1000000,1291989.62
358,lpush5,1000000,841083.25
358,lrange5,1000000,1293661.00
359,lpush5,1000000,836347.81
359,lrange5,1000000,1224205.62
360,lpush5,1000000,841777.81
360,lrange5,1000000,1192028.62
361,lpush5,1000000,846780.69
361,lrange5,1000000,1270831.00
362,lpush5,1000000,842527.38
362,lrange5,1000000,1245429.62
363,lpush5,1000000,840336.12
363,lrange5,1000000,1287021.88
364,lpush5,1000000,826671.06
364,lrange5,1000000,1258022.62
365,lpush5,1000000,836133.81
365,lrange5,1000000,1290343.25
366,lpush5,1000000,841764.31
366,lrange5,1000000,1248599.25
367,lpush5,1000000,835475.31
367,lrange5,1000000,1197604.88
368,lpush5,1000000,842527.38
368,lrange5,1000000,1285347.00
369,lpush5,1000000,840443.69
369,lrange5,1000000,1171185.00
370,lpush5,1000000,835475.31
370,lrange5,1000000,1269198.00
371,lpush5,1000000,842567.81
371,lrange5,1000000,1202326.88
372,lpush5,1000000,839791.81
372,lrange5,1000000,1199309.38
373,lpush5,1000000,842513.88
373,lrange5,1000000,1259445.75
374,lpush5,1000000,840484.00
374,lrange5,1000000,1287042.50
375,lpush5,1000000,835488.69
375,lrange5,1000000,1300410.88
376,lpush5,1000000,838939.56
376,lrange5,1000000,1253373.50
377,lpush5,1000000,838383.94
377,lrange5,1000000,1297079.12
378,lpush5,1000000,835582.25
378,lrange5,1000000,1230071.25
379,lpush5,1000000,834764.62
379,lrange5,1000000,1196210.50
380,lpush5,1000000,841083.25
380,lrange5,1000000,1298846.75
381,lpush5,1000000,834831.44
381,lrange5,1000000,1282092.38
382,lpush5,1000000,834108.44
382,lrange5,1000000,1298846.75
383,lpush5,1000000,831361.62
383,lrange5,1000000,1204838.62
384,lpush5,1000000,835568.88
384,lrange5,1000000,1295419.62
385,lpush5,1000000,838464.38
385,lrange5,1000000,1282051.38
386,lpush5,1000000,839657.44
386,lrange5,1000000,1285347.00
387,lpush5,1000000,841150.56
387,lrange5,1000000,1297162.12
388,lpush5,1000000,832013.31
388,lrange5,1000000,1196555.00
389,lpush5,1000000,842567.81
389,lrange5,1000000,1288680.38
390,lpush5,1000000,844770.25
390,lrange5,1000000,1283717.62
391,lpush5,1000000,837520.94
391,lrange5,1000000,1304031.25
392,lpush5,1000000,836873.62
392,lrange5,1000000,1192257.50
393,lpush5,1000000,834041.69
393,lrange5,1000000,1183450.88
394,lpush5,1000000,831494.62
394,lrange5,1000000,1295399.00
395,lpush5,1000000,838939.56
395,lrange5,1000000,1298722.12
396,lpush5,1000000,843386.19
396,lrange5,1000000,1302145.88
397,lpush5,1000000,833546.62
397,lrange5,1000000,1264343.88
398,lpush5,1000000,842527.38
398,lrange5,1000000,1282051.38
399,lpush5,1000000,839657.44
399,lrange5,1000000,1185099.50
400,lpush5,1000000,842621.69
400,lrange5,1000000,1282153.88
401,lpush5,1000000,838993.25
401,lrange5,1000000,1300390.12
402,lpush5,1000000,840336.12
402,lrange5,1000000,1272346.00
403,lpush5,1000000,829941.88
403,lrange5,1000000,1283799.75
404,lpush5,1000000,840551.25
404,lrange5,1000000,1245409.75
405,lpush5,1000000,836267.56
405,lrange5,1000000,1146862.38
406,lpush5,1000000,845524.94
406,lrange5,1000000,1200864.38
407,lpush5,1000000,837520.94
407,lrange5,1000000,1261175.25
408,lpush5,1000000,839872.38
408,lrange5,1000000,1185118.50
409,lpush5,1000000,839060.38
409,lrange5,1000000,1277323.12
410,lpush5,1000000,834831.44
410,lrange5,1000000,1202250.00
411,lpush5,1000000,838357.12
411,lrange5,1000000,1261135.00
412,lpush5,1000000,838993.25
412,lrange5,1000000,1189117.75
413,lpush5,1000000,830101.19
413,lrange5,1000000,1282133.38
414,lpush5,1000000,839060.38
414,lrange5,1000000,1295378.25
415,lpush5,1000000,842527.38
415,lrange5,1000000,1300410.88
416,lpush5,1000000,841750.88
416,lrange5,1000000,1284046.25
417,lpush5,1000000,830578.06
417,lrange5,1000000,1197815.62
418,lpush5,1000000,832639.50
418,lrange5,1000000,1264465.25
419,lpush5,1000000,846023.69
419,lrange5,1000000,1191971.38
420,lpush5,1000000,844084.44
420,lrange5,1000000,1283758.75
421,lpush5,1000000,830604.62
421,lrange5,1000000,1251664.50
422,lpush5,1000000,839697.75
422,lrange5,1000000,1261215.62
423,lpush5,1000000,836294.31
423,lrange5,1000000,1277139.25
424,lpush5,1000000,842675.62
424,lrange5,1000000,1207942.00
425,lpush5,1000000,829227.19
425,lrange5,1000000,1196210.50
426,lpush5,1000000,833519.94
426,lrange5,1000000,1280450.62
427,lpush5,1000000,835622.38
427,lrange5,1000000,1262808.12
428,lpush5,1000000,838993.25
428,lrange5,1000000,1297016.88
429,lpush5,1000000,840416.75
429,lrange5,1000000,1290384.50
430,lpush5,1000000,831401.50
430,lrange5,1000000,1283717.62
431,lpush5,1000000,834778.00
431,lrange5,1000000,1280450.62
432,lpush5,1000000,841042.88
432,lrange5,1000000,1228560.12
433,lpush5,1000000,841096.69
433,lrange5,1000000,1206465.62
434,lpush5,1000000,836133.81
434,lrange5,1000000,1176489.38
435,lpush5,1000000,830710.94
435,lrange5,1000000,1256341.75
436,lpush5,1000000,841899.00
436,lrange5,1000000,1282051.38
437,lpush5,1000000,836120.44
437,lrange5,1000000,1283738.12
438,lpush5,1000000,836900.38
438,lrange5,1000000,1258002.50
439,lpush5,1000000,840430.19
439,lrange5,1000000,1292196.38
440,lpush5,1000000,837614.75
440,lrange5,1000000,1298805.25
441,lpush5,1000000,834028.38
441,lrange5,1000000,1243940.25
442,lpush5,1000000,832679.44
442,lrange5,1000000,1270688.75
443,lpush5,1000000,844770.25
443,lrange5,1000000,1257901.88
444,lpush5,1000000,831268.50
444,lrange5,1000000,1278956.50
445,lpush5,1000000,831281.81
445,lrange5,1000000,1293702.50
446,lpush5,1000000,831268.50
446,lrange5,1000000,1278772.38
447,lpush5,1000000,832746.06
447,lrange5,1000000,1240714.62
448,lpush5,1000000,835475.31
448,lrange5,1000000,1283779.25
449,lpush5,1000000,834751.31
449,lrange5,1000000,1280491.62
450,lpush5,1000000,828526.94
450,lrange5,1000000,1203446.50
451,lpush5,1000000,829386.44
451,lrange5,1000000,1187857.50
452,lpush5,1000000,847579.69
452,lrange5,1000000,1275530.62
453,lpush5,1000000,843210.81
453,lrange5,1000000,1288824.75
454,lpush5,1000000,845443.81
454,lrange5,1000000,1231546.88
455,lpush5,1000000,837574.56
455,lrange5,1000000,1213592.25
456,lpush5,1000000,839087.25
456,lrange5,1000000,1201961.50
457,lpush5,1000000,841083.25
457,lrange5,1000000,1240734.50
458,lpush5,1000000,836227.44
458,lrange5,1000000,1186562.25
459,lpush5,1000000,832679.44
459,lrange5,1000000,1201923.00
460,lpush5,1000000,840349.56
460,lrange5,1000000,1278772.38
461,lpush5,1000000,832133.12
461,lrange5,1000000,1278874.62
462,lpush5,1000000,842567.81
462,lrange5,1000000,1261135.00
463,lpush5,1000000,843962.94
463,lrange5,1000000,1278772.38
464,lpush5,1000000,837748.75
464,lrange5,1000000,1291989.62
465,lpush5,1000000,827301.94
465,lrange5,1000000,1186543.25
466,lpush5,1000000,837034.25
466,lrange5,1000000,1290322.62
467,lpush5,1000000,840363.00
467,lrange5,1000000,1200902.75
468,lpush5,1000000,845376.19
468,lrange5,1000000,1189384.00
469,lpush5,1000000,843224.31
469,lrange5,1000000,1300431.75
470,lpush5,1000000,837628.12
470,lrange5,1000000,1186353.50
471,lpush5,1000000,843345.69
471,lrange5,1000000,1215261.25
472,lpush5,1000000,838249.81
472,lrange5,1000000,1174009.38
473,lpush5,1000000,839006.69
473,lrange5,1000000,1292072.38
474,lpush5,1000000,840363.00
474,lrange5,1000000,1273885.25
475,lpush5,1000000,843935.88
475,lrange5,1000000,1261094.62
476,lpush5,1000000,834041.69
476,lrange5,1000000,1274068.75
477,lpush5,1000000,843908.88
477,lrange5,1000000,1295378.25
478,lpush5,1000000,841150.56
478,lrange5,1000000,1242236.00
479,lpush5,1000000,847511.88
479,lrange5,1000000,1282174.38
480,lpush5,1000000,843278.25
480,lrange5,1000000,1137893.00
481,lpush5,1000000,836133.81
481,lrange5,1000000,1199443.62
482,lpush5,1000000,840537.75
482,lrange5,1000000,1290343.25
483,lpush5,1000000,834724.56
483,lrange5,1000000,1236113.75
484,lpush5,1000000,834858.12
484,lrange5,1000000,1234607.38
485,lpush5,1000000,849753.56
485,lrange5,1000000,1250000.00
486,lpush5,1000000,839100.62
486,lrange5,1000000,1287042.50
487,lpush5,1000000,839791.81
487,lrange5,1000000,1302104.12
488,lpush5,1000000,834831.44
488,lrange5,1000000,1293909.50
489,lpush5,1000000,844770.25
489,lrange5,1000000,1282133.38
490,lpush5,1000000,834818.06
490,lrange5,1000000,1288742.25
491,lpush5,1000000,844016.94
491,lrange5,1000000,1190514.38
492,lpush5,1000000,836160.56
492,lrange5,1000000,1247162.12
493,lpush5,1000000,839657.44
493,lrange5,1000000,1253152.88
494,lpush5,1000000,840551.25
494,lrange5,1000000,1196574.12
495,lpush5,1000000,843895.38
495,lrange5,1000000,1180845.38
496,lpush5,1000000,838276.62
496,lrange5,1000000,1196478.38
497,lpush5,1000000,838263.25
497,lrange5,1000000,1290508.38
498,lpush5,1000000,835568.88
498,lrange5,1000000,1233065.38
499,lpush5,1000000,844716.19
499,lrange5,1000000,1222552.50
500,lpush5,1000000,834724.56
500,lrange5,1000000,1239197.00
501,lpush5,1000000,843251.25
501,lrange5,1000000,1297037.62
502,lpush5,1000000,833439.94
502,lrange5,1000000,1186467.38
503,lpush5,1000000,841056.31
503,lrange5,1000000,1196287.00
504,lpush5,1000000,829412.94
504,lrange5,1000000,1193603.88
505,lpush5,1000000,837574.56
505,lrange5,1000000,1184985.75
506,lpush5,1000000,823775.94
506,lrange5,1000000,1288783.50
507,lpush5,1000000,832666.12
507,lrange5,1000000,1254805.50
508,lpush5,1000000,838316.88
508,lrange5,1000000,1292155.00
509,lpush5,1000000,831960.06
509,lrange5,1000000,1300473.38
510,lpush5,1000000,840564.69
510,lrange5,1000000,1298742.88
511,lpush5,1000000,838939.56
511,lrange5,1000000,1300535.75
512,lpush5,1000000,834791.38
512,lrange5,1000000,1194934.25
513,lpush5,1000000,834751.31
513,lrange5,1000000,1270749.62
514,lpush5,1000000,830750.81
514,lrange5,1000000,1182052.00
515,lpush5,1000000,843210.81
515,lrange5,1000000,1273905.75
516,lpush5,1000000,842500.38
516,lrange5,1000000,1298701.38
517,lpush5,1000000,837641.56
517,lrange5,1000000,1285552.75
518,lpush5,1000000,838236.44
518,lrange5,1000000,1297058.38
519,lpush5,1000000,835555.56
519,lrange5,1000000,1197739.00
520,lpush5,1000000,836160.56
520,lrange5,1000000,1290322.62
521,lpush5,1000000,834871.50
521,lrange5,1000000,1254705.12
522,lpush5,1000000,846916.19
522,lrange5,1000000,1273905.75
523,lpush5,1000000,835475.31
523,lrange5,1000000,1285449.88
524,lpush5,1000000,841177.44
524,lrange5,1000000,1293661.00
525,lpush5,1000000,833413.31
525,lrange5,1000000,1176489.38
526,lpush5,1000000,835435.25
526,lrange5,1000000,1285449.88
527,lpush5,1000000,840349.56
527,lrange5,1000000,1199213.50
528,lpush5,1000000,839764.94
528,lrange5,1000000,1199424.50
529,lpush5,1000000,834884.81
529,lrange5,1000000,1184910.00
530,lpush5,1000000,838410.75
530,lrange5,1000000,1195163.62
531,lpush5,1000000,846064.25
531,lrange5,1000000,1189346.00
532,lpush5,1000000,834804.69
532,lrange5,1000000,1200653.00
533,lpush5,1000000,844594.56
533,lrange5,1000000,1234607.38
534,lpush5,1000000,840403.31
534,lrange5,1000000,1261195.50
535,lpush5,1000000,845362.69
535,lrange5,1000000,1303780.88
536,lpush5,1000000,837034.25
536,lrange5,1000000,1199060.00
537,lpush5,1000000,850340.12
537,lrange5,1000000,1196593.25
538,lpush5,1000000,846875.56
538,lrange5,1000000,1251664.50
539,lpush5,1000000,848910.06
539,lrange5,1000000,1223990.25
540,lpush5,1000000,831401.50
540,lrange5,1000000,1273926.12
541,lpush5,1000000,844594.56
541,lrange5,1000000,1293702.50
542,lpush5,1000000,836873.62
542,lrange5,1000000,1300556.62
543,lpush5,1000000,837601.31
543,lrange5,1000000,1297099.88
544,lpush5,1000000,834724.56
544,lrange5,1000000,1245330.00
545,lpush5,1000000,832719.44
545,lrange5,1000000,1267609.62
546,lpush5,1000000,830750.81
546,lrange5,1000000,1186619.25
547,lpush5,1000000,836334.44
547,lrange5,1000000,1178026.00
548,lpush5,1000000,831308.44
548,lrange5,1000000,1247042.38
549,lpush5,1000000,849631.25
549,lrange5,1000000,1278915.62
550,lpush5,1000000,841083.25
550,lrange5,1000000,1253193.00
551,lpush5,1000000,836120.44
551,lrange5,1000000,1198007.25
552,lpush5,1000000,841872.06
552,lrange5,1000000,1187819.50
553,lpush5,1000000,843170.31
553,lrange5,1000000,1192276.50
554,lpush5,1000000,836187.31
554,lrange5,1000000,1251624.50
555,lpush5,1000000,843183.81
555,lrange5,1000000,1290363.88
556,lpush5,1000000,828000.06
556,lrange5,1000000,1190647.62
557,lpush5,1000000,833386.62
557,lrange5,1000000,1272325.62
558,lpush5,1000000,832746.06
558,lrange5,1000000,1200749.12
559,lpush5,1000000,834175.12
559,lrange5,1000000,1288701.00
560,lpush5,1000000,835448.62
560,lrange5,1000000,1274068.75
561,lpush5,1000000,840524.31
561,lrange5,1000000,1195106.38
562,lpush5,1000000,842648.69
562,lrange5,1000000,1237762.38
563,lpush5,1000000,842500.38
563,lrange5,1000000,1272427.50
564,lpush5,1000000,831481.31
564,lrange5,1000000,1298701.38
565,lpush5,1000000,839100.62
565,lrange5,1000000,1272285.00
566,lpush5,1000000,840349.56
566,lrange5,1000000,1239256.50
567,lpush5,1000000,834844.75
567,lrange5,1000000,1270749.62
568,lpush5,1000000,840443.69
568,lrange5,1000000,1293702.50
569,lpush5,1000000,840443.69
569,lrange5,1000000,1290529.12
570,lpush5,1000000,843278.25
570,lrange5,1000000,1273885.25
571,lpush5,1000000,834724.56
571,lrange5,1000000,1186410.50
572,lpush5,1000000,843251.25
572,lrange5,1000000,1179358.50
573,lpush5,1000000,837748.75
573,lrange5,1000000,1285347.00
574,lpush5,1000000,842513.88
574,lrange5,1000000,1300390.12
575,lpush5,1000000,837654.94
575,lrange5,1000000,1287083.62
576,lpush5,1000000,836860.19
576,lrange5,1000000,1300619.00
577,lpush5,1000000,838451.00
577,lrange5,1000000,1295336.75
578,lpush5,1000000,834951.62
578,lrange5,1000000,1303947.88
579,lpush5,1000000,840430.19
579,lrange5,1000000,1200806.75
580,lpush5,1000000,841912.50
580,lrange5,1000000,1298805.25
581,lpush5,1000000,836120.44
581,lrange5,1000000,1297016.88
582,lpush5,1000000,839657.44
582,lrange5,1000000,1206523.50
583,lpush5,1000000,833506.62
583,lrange5,1000000,1297037.62
584,lpush5,1000000,853392.44
584,lrange5,1000000,1251664.50
585,lpush5,1000000,842608.25
585,lrange5,1000000,1278854.25
586,lpush5,1000000,848923.62
586,lrange5,1000000,1244019.88
587,lpush5,1000000,839644.00
587,lrange5,1000000,1261256.00
588,lpush5,1000000,841056.31
588,lrange5,1000000,1303801.75
589,lpush5,1000000,837520.94
589,lrange5,1000000,1202134.62
590,lpush5,1000000,846834.88
590,lrange5,1000000,1197873.12
591,lpush5,1000000,841164.00
591,lrange5,1000000,1213767.00
592,lpush5,1000000,836214.06
592,lrange5,1000000,1240813.88
593,lpush5,1000000,851118.31
593,lrange5,1000000,1279017.88
594,lpush5,1000000,840416.75
594,lrange5,1000000,1197739.00
595,lpush5,1000000,836873.62
595,lrange5,1000000,1272366.38
596,lpush5,1000000,839630.56
596,lrange5,1000000,1121417.00
597,lpush5,1000000,835488.69
597,lrange5,1000000,1282051.38
598,lpush5,1000000,838926.12
598,lrange5,1000000,1305629.25
599,lpush5,1000000,843345.69
599,lrange5,1000000,1199040.75
600,lpush5,1000000,836873.62
600,lrange5,1000000,1293909.50
601,lpush5,1000000,839684.31
601,lrange5,1000000,1154900.75
602,lpush5,1000000,831295.12
602,lrange5,1000000,1300494.12
603,lpush5,1000000,850394.56
603,lrange5,1000000,1293847.38
604,lpush5,1000000,841110.19
604,lrange5,1000000,1293826.62
605,lpush5,1000000,840376.44
605,lrange5,1000000,1250000.00
606,lpush5,1000000,834924.94
606,lrange5,1000000,1245469.50
607,lpush5,1000000,846199.62
607,lrange5,1000000,1283717.62
608,lpush5,1000000,839154.31
608,lrange5,1000000,1204915.62
609,lpush5,1000000,838276.62
609,lrange5,1000000,1240833.75
610,lpush5,1000000,846240.25
610,lrange5,1000000,1248459.38
611,lpush5,1000000,838926.12
611,lrange5,1000000,1290384.50
612,lpush5,1000000,832066.56
612,lrange5,1000000,1285388.12
613,lpush5,1000000,833519.94
613,lrange5,1000000,1189155.75
614,lpush5,1000000,847566.12
614,lrange5,1000000,1282133.38
615,lpush5,1000000,841137.06
615,lrange5,1000000,1192333.75
616,lpush5,1000000,838939.56
616,lrange5,1000000,1277302.75
617,lpush5,1000000,839697.75
617,lrange5,1000000,1251584.50
618,lpush5,1000000,832000.00
618,lrange5,1000000,1182430.25
619,lpush5,1000000,843399.69
619,lrange5,1000000,1292155.00
620,lpush5,1000000,836833.44
620,lrange5,1000000,1197930.62
621,lpush5,1000000,845484.38
621,lrange5,1000000,1190685.75
622,lpush5,1000000,848910.06
622,lrange5,1000000,1196459.25
623,lpush5,1000000,839020.12
623,lrange5,1000000,1298888.38
624,lpush5,1000000,839805.19
624,lrange5,1000000,1277139.25
625,lpush5,1000000,832146.44
625,lrange5,1000000,1264263.00
626,lpush5,1000000,834764.62
626,lrange5,1000000,1236153.25
627,lpush5,1000000,839020.12
627,lrange5,1000000,1237643.50
628,lpush5,1000000,836900.38
628,lrange5,1000000,1298888.38
629,lpush5,1000000,834068.38
629,lrange5,1000000,1293764.50
630,lpush5,1000000,839154.31
630,lrange5,1000000,1264384.25
631,lpush5,1000000,845389.69
631,lrange5,1000000,1283697.12
632,lpush5,1000000,839046.94
632,lrange5,1000000,1300473.38
633,lpush5,1000000,838330.31
633,lrange5,1000000,1184910.00
634,lpush5,1000000,843399.69
634,lrange5,1000000,1186372.50
635,lpush5,1000000,835502.06
635,lrange5,1000000,1291989.62
636,lpush5,1000000,845403.25
636,lrange5,1000000,1246942.62
637,lpush5,1000000,849767.19
637,lrange5,1000000,1287042.50
638,lpush5,1000000,837601.31
638,lrange5,1000000,1302208.38
639,lpush5,1000000,836873.62
639,lrange5,1000000,1259566.75
640,lpush5,1000000,841204.38
640,lrange5,1000000,1182411.38
641,lpush5,1000000,839644.00
641,lrange5,1000000,1287124.88
642,lpush5,1000000,845484.38
642,lrange5,1000000,1196497.62
643,lpush5,1000000,836133.81
643,lrange5,1000000,1300577.38
644,lpush5,1000000,839114.06
644,lrange5,1000000,1278792.88
645,lpush5,1000000,839073.81
645,lrange5,1000000,1197815.62
646,lpush5,1000000,834884.81
646,lrange5,1000000,1269035.50
647,lpush5,1000000,836334.44
647,lrange5,1000000,1305524.88
648,lpush5,1000000,836833.44
648,lrange5,1000000,1199309.38
649,lpush5,1000000,831414.81
649,lrange5,1000000,1262888.88
650,lpush5,1000000,840524.31
650,lrange5,1000000,1270831.00
651,lpush5,1000000,835475.31
651,lrange5,1000000,1237643.50
652,lpush5,1000000,835595.62
652,lrange5,1000000,1256341.75
653,lpush5,1000000,842675.62
653,lrange5,1000000,1292051.75
654,lpush5,1000000,844030.44
654,lrange5,1000000,1245350.00
655,lpush5,1000000,836913.75
655,lrange5,1000000,1230012.25
656,lpush5,1000000,833439.94
656,lrange5,1000000,1188047.50
657,lpush5,1000000,827986.81
657,lrange5,1000000,1298742.88
658,lpush5,1000000,834095.06
658,lrange5,1000000,1240813.88
659,lpush5,1000000,833493.31
659,lrange5,1000000,1290322.62
660,lpush5,1000000,834831.44
660,lrange5,1000000,1283758.75
661,lpush5,1000000,833533.31
661,lrange5,1000000,1297182.88
662,lpush5,1000000,838236.44
662,lrange5,1000000,1191914.25
663,lpush5,1000000,829888.75
663,lrange5,1000000,1295585.50
664,lpush5,1000000,834028.38
664,lrange5,1000000,1186334.50
665,lpush5,1000000,834764.62
665,lrange5,1000000,1293868.00
666,lpush5,1000000,839684.31
666,lrange5,1000000,1303822.62
667,lpush5,1000000,842608.25
667,lrange5,1000000,1307189.62
668,lpush5,1000000,832679.44
668,lrange5,1000000,1202192.25
669,lpush5,1000000,838410.75
669,lrange5,1000000,1202115.38
670,lpush5,1000000,841804.75
670,lrange5,1000000,1203735.25
671,lpush5,1000000,838383.94
671,lrange5,1000000,1194762.25
672,lpush5,1000000,841791.25
672,lrange5,1000000,1210828.12
673,lpush5,1000000,835421.88
673,lrange5,1000000,1197604.88
674,lpush5,1000000,835528.81
674,lrange5,1000000,1207942.00
675,lpush5,1000000,832639.50
675,lrange5,1000000,1275530.62
676,lpush5,1000000,829333.38
676,lrange5,1000000,1300410.88
677,lpush5,1000000,830750.81
677,lrange5,1000000,1278813.25
678,lpush5,1000000,843989.94
678,lrange5,1000000,1292196.38
679,lpush5,1000000,833506.62
679,lrange5,1000000,1287166.00
680,lpush5,1000000,840497.44
680,lrange5,1000000,1278792.88
681,lpush5,1000000,830061.38
681,lrange5,1000000,1183583.38
682,lpush5,1000000,836860.19
682,lrange5,1000000,1203485.00
683,lpush5,1000000,835435.25
683,lrange5,1000000,1298826.00
684,lpush5,1000000,837520.94
684,lrange5,1000000,1293764.50
685,lpush5,1000000,834268.56
685,lrange5,1000000,1278956.50
686,lpush5,1000000,839818.62
686,lrange5,1000000,1253132.88
687,lpush5,1000000,833346.62
687,lrange5,1000000,1277139.25
688,lpush5,1000000,843170.31
688,lrange5,1000000,1280553.12
689,lpush5,1000000,836820.06
689,lrange5,1000000,1240734.50
690,lpush5,1000000,836913.75
690,lrange5,1000000,1292155.00
691,lpush5,1000000,832639.50
691,lrange5,1000000,1202096.12
692,lpush5,1000000,843962.94
692,lrange5,1000000,1184928.88
693,lpush5,1000000,828659.50
693,lrange5,1000000,1194972.50
694,lpush5,1000000,835435.25
694,lrange5,1000000,1189422.12
695,lpush5,1000000,839100.62
695,lrange5,1000000,1192257.50
696,lpush5,1000000,836294.31
696,lrange5,1000000,1222630.75
697,lpush5,1000000,829187.44
697,lrange5,1000000,1274109.50
698,lpush5,1000000,839100.62
698,lrange5,1000000,1290446.50
699,lpush5,1000000,830604.62
699,lrange5,1000000,1128704.38
700,lpush5,1000000,834135.12
700,lrange5,1000000,1270729.38
701,lpush5,1000000,840551.25
701,lrange5,1000000,1297016.88
702,lpush5,1000000,850408.19
702,lrange5,1000000,1280430.25
703,lpush5,1000000,841150.56
703,lrange5,1000000,1123919.12
704,lpush5,1000000,843224.31
704,lrange5,1000000,1285532.12
705,lpush5,1000000,842473.44
705,lrange5,1000000,1287186.62
706,lpush5,1000000,844111.44
706,lrange5,1000000,1242255.88
707,lpush5,1000000,832692.75
707,lrange5,1000000,1295399.00
708,lpush5,1000000,837520.94
708,lrange5,1000000,1282194.88
709,lpush5,1000000,834041.69
709,lrange5,1000000,1298701.38
710,lpush5,1000000,845308.56
710,lrange5,1000000,1293702.50
711,lpush5,1000000,836200.69
711,lrange5,1000000,1199060.00
712,lpush5,1000000,841872.06
712,lrange5,1000000,1291989.62
713,lpush5,1000000,836940.56
713,lrange5,1000000,1231606.00
714,lpush5,1000000,827894.06
714,lrange5,1000000,1186581.25
715,lpush5,1000000,834108.44
715,lrange5,1000000,1241111.62
716,lpush5,1000000,839060.38
716,lrange5,1000000,1192200.25
717,lpush5,1000000,838939.56
717,lrange5,1000000,1188009.50
718,lpush5,1000000,835421.88
718,lrange5,1000000,1275591.88
719,lpush5,1000000,839644.00
719,lrange5,1000000,1295440.38
720,lpush5,1000000,839805.19
720,lrange5,1000000,1283902.50
721,lpush5,1000000,838464.38
721,lrange5,1000000,1151116.25
722,lpush5,1000000,841750.88
722,lrange5,1000000,1194953.38
723,lpush5,1000000,843251.25
723,lrange5,1000000,1261094.62
724,lpush5,1000000,851172.81
724,lrange5,1000000,1278956.50
725,lpush5,1000000,833533.31
725,lrange5,1000000,1179339.62
726,lpush5,1000000,837561.12
726,lrange5,1000000,1212121.25
727,lpush5,1000000,833453.31
727,lrange5,1000000,1292155.00
728,lpush5,1000000,837534.31
728,lrange5,1000000,1272468.12
729,lpush5,1000000,838424.19
729,lrange5,1000000,1295357.50
730,lpush5,1000000,844003.44
730,lrange5,1000000,1282092.38
731,lpush5,1000000,841804.75
731,lrange5,1000000,1188066.50
732,lpush5,1000000,843224.31
732,lrange5,1000000,1293681.75
733,lpush5,1000000,833506.62
733,lrange5,1000000,1303822.62
734,lpush5,1000000,851240.88
734,lrange5,1000000,1077638.00
735,lpush5,1000000,835595.62
735,lrange5,1000000,1297182.88
736,lpush5,1000000,836913.75
736,lrange5,1000000,1285367.62
737,lpush5,1000000,843210.81
737,lrange5,1000000,1192162.12
738,lpush5,1000000,841764.31
738,lrange5,1000000,1193699.25
739,lpush5,1000000,845376.19
739,lrange5,1000000,1269035.50
740,lpush5,1000000,841899.00
740,lrange5,1000000,1295336.75
741,lpush5,1000000,839832.06
741,lrange5,1000000,1275551.00
742,lpush5,1000000,834121.75
742,lrange5,1000000,1298722.12
743,lpush5,1000000,837534.31
743,lrange5,1000000,1298805.25
744,lpush5,1000000,842594.75
744,lrange5,1000000,1292175.75
745,lpush5,1000000,840564.69
745,lrange5,1000000,1127431.75
746,lpush5,1000000,834161.81
746,lrange5,1000000,1236232.38
747,lpush5,1000000,841750.88
747,lrange5,1000000,1277302.75
748,lpush5,1000000,831973.38
748,lrange5,1000000,1295378.25
749,lpush5,1000000,851281.75
749,lrange5,1000000,1300556.62
750,lpush5,1000000,832826.00
750,lrange5,1000000,1275632.62
751,lpush5,1000000,838939.56
751,lrange5,1000000,1203773.75
752,lpush5,1000000,836833.44
752,lrange5,1000000,1302187.50
753,lpush5,1000000,840510.88
753,lrange5,1000000,1300431.75
754,lpush5,1000000,840551.25
754,lrange5,1000000,1274089.12
755,lpush5,1000000,844003.44
755,lrange5,1000000,1283738.12
756,lpush5,1000000,836133.81
756,lrange5,1000000,1200768.25
757,lpush5,1000000,838263.25
757,lrange5,1000000,1127395.62
758,lpush5,1000000,842473.44
758,lrange5,1000000,1293661.00
759,lpush5,1000000,839872.38
759,lrange5,1000000,1297016.88
760,lpush5,1000000,836927.19
760,lrange5,1000000,1257901.88
761,lpush5,1000000,839684.31
761,lrange5,1000000,1297245.12
762,lpush5,1000000,839778.38
762,lrange5,1000000,1295357.50
763,lpush5,1000000,838979.81
763,lrange5,1000000,1293661.00
764,lpush5,1000000,845322.06
764,lrange5,1000000,1287021.88
765,lpush5,1000000,825829.94
765,lrange5,1000000,1280409.75
766,lpush5,1000000,828712.50
766,lrange5,1000000,1295399.00
767,lpush5,1000000,834951.62
767,lrange5,1000000,1182354.62
768,lpush5,1000000,833346.62
768,lrange5,1000000,1278956.50
769,lpush5,1000000,838993.25
769,lrange5,1000000,1292155.00
770,lpush5,1000000,835515.44
770,lrange5,1000000,1290529.12
771,lpush5,1000000,832679.44
771,lrange5,1000000,1297307.38
772,lpush5,1000000,839087.25
772,lrange5,1000000,1184910.00
773,lpush5,1000000,843895.38
773,lrange5,1000000,1194915.12
774,lpush5,1000000,838236.44
774,lrange5,1000000,1228638.75
775,lpush5,1000000,840497.44
775,lrange5,1000000,1295544.00
776,lpush5,1000000,834911.56
776,lrange5,1000000,1293826.62
777,lpush5,1000000,831268.50
777,lrange5,1000000,1251784.75
778,lpush5,1000000,829875.50
778,lrange5,1000000,1237702.88
779,lpush5,1000000,838330.31
779,lrange5,1000000,1192276.50
780,lpush5,1000000,833506.62
780,lrange5,1000000,1242414.88
781,lpush5,1000000,838451.00
781,lrange5,1000000,1278772.38
782,lpush5,1000000,840497.44
782,lrange5,1000000,1203485.00
783,lpush5,1000000,839087.25
783,lrange5,1000000,1302270.88
784,lpush5,1000000,836860.19
784,lrange5,1000000,1251784.75
785,lpush5,1000000,834764.62
785,lrange5,1000000,1298846.75
786,lpush5,1000000,836994.12
786,lrange5,1000000,1264404.50
787,lpush5,1000000,844662.12
787,lrange5,1000000,1231743.88
788,lpush5,1000000,830008.25
788,lrange5,1000000,1188028.50
789,lpush5,1000000,766295.81
789,lrange5,1000000,1267488.00
790,lpush5,1000000,832732.75
790,lrange5,1000000,1297037.62
791,lpush5,1000000,836147.19
791,lrange5,1000000,1200825.88
792,lpush5,1000000,834778.00
792,lrange5,1000000,1292051.75
793,lpush5,1000000,839845.50
793,lrange5,1000000,1230209.12
794,lpush5,1000000,832639.50
794,lrange5,1000000,1298867.62
795,lpush5,1000000,847552.56
795,lrange5,1000000,1196363.62
796,lpush5,1000000,838926.12
796,lrange5,1000000,1288659.75
797,lpush5,1000000,830777.44
797,lrange5,1000000,1280450.62
798,lpush5,1000000,832799.38
798,lrange5,1000000,1253233.12
799,lpush5,1000000,841939.44
799,lrange5,1000000,1246882.88
800,lpush5,1000000,838939.56
800,lrange5,1000000,1295399.00
801,lpush5,1000000,834737.94
801,lrange5,1000000,1160185.62
802,lpush5,1000000,829995.00
802,lrange5,1000000,1297016.88
803,lpush5,1000000,840376.44
803,lrange5,1000000,1193508.38
804,lpush5,1000000,831946.75
804,lrange5,1000000,1282174.38
805,lpush5,1000000,838397.38
805,lrange5,1000000,1240794.00
806,lpush5,1000000,836820.06
806,lrange5,1000000,1295481.88
807,lpush5,1000000,844716.19
807,lrange5,1000000,1278813.25
808,lpush5,1000000,847593.25
808,lrange5,1000000,1199462.88
809,lpush5,1000000,838979.81
809,lrange5,1000000,1195087.25
810,lpush5,1000000,837587.94
810,lrange5,1000000,1190552.38
811,lpush5,1000000,834201.81
811,lrange5,1000000,1290322.62
812,lpush5,1000000,831986.69
812,lrange5,1000000,1280614.62
813,lpush5,1000000,842513.88
813,lrange5,1000000,1282215.38
814,lpush5,1000000,845322.06
814,lrange5,1000000,1297079.12
815,lpush5,1000000,837641.56
815,lrange5,1000000,1199098.38
816,lpush5,1000000,836280.94
816,lrange5,1000000,1297016.88
817,lpush5,1000000,841966.38
817,lrange5,1000000,1196325.38
818,lpush5,1000000,838276.62
818,lrange5,1000000,1197624.00
819,lpush5,1000000,837668.31
819,lrange5,1000000,1282236.00
820,lpush5,1000000,828646.19
820,lrange5,1000000,1233223.25
821,lpush5,1000000,838397.38
821,lrange5,1000000,1193508.38
822,lpush5,1000000,836160.56
822,lrange5,1000000,1184853.12
823,lpush5,1000000,837735.31
823,lrange5,1000000,1234765.38
824,lpush5,1000000,839630.56
824,lrange5,1000000,1288680.38
825,lpush5,1000000,837561.12
825,lrange5,1000000,1288742.25
826,lpush5,1000000,833479.94
826,lrange5,1000000,1298826.00
827,lpush5,1000000,843170.31
827,lrange5,1000000,1259627.12
828,lpush5,1000000,838263.25
828,lrange5,1000000,1297058.38
829,lpush5,1000000,836953.94
829,lrange5,1000000,1288701.00
830,lpush5,1000000,841791.25
830,lrange5,1000000,1192143.00
831,lpush5,1000000,838939.56
831,lrange5,1000000,1248639.25
832,lpush5,1000000,841271.62
832,lrange5,1000000,1199175.12
833,lpush5,1000000,840389.88
833,lrange5,1000000,1287021.88
834,lpush5,1000000,839644.00
834,lrange5,1000000,1197777.25
835,lpush5,1000000,836227.44
835,lrange5,1000000,1293702.50
836,lpush5,1000000,840389.88
836,lrange5,1000000,1273885.25
837,lpush5,1000000,839818.62
837,lrange5,1000000,1190495.25
838,lpush5,1000000,841764.31
838,lrange5,1000000,1259445.75
839,lpush5,1000000,844729.75
839,lrange5,1000000,1267447.50
840,lpush5,1000000,837708.56
840,lrange5,1000000,1293785.25
841,lpush5,1000000,832639.50
841,lrange5,1000000,1290508.38
842,lpush5,1000000,841979.81
842,lrange5,1000000,1274068.75
843,lpush5,1000000,846740.06
843,lrange5,1000000,1182335.62
844,lpush5,1000000,849005.12
844,lrange5,1000000,1295440.38
845,lpush5,1000000,830750.81
845,lrange5,1000000,1288824.75
846,lpush5,1000000,836120.44
846,lrange5,1000000,1298722.12
847,lpush5,1000000,837601.31
847,lrange5,1000000,1190781.00
848,lpush5,1000000,841258.19
848,lrange5,1000000,1302125.00
849,lpush5,1000000,844783.75
849,lrange5,1000000,1297099.88
850,lpush5,1000000,834951.62
850,lrange5,1000000,1233045.62
851,lpush5,1000000,844635.12
851,lrange5,1000000,1190666.75
852,lpush5,1000000,849821.56
852,lrange5,1000000,1264283.12
853,lpush5,1000000,840349.56
853,lrange5,1000000,1175426.50
854,lpush5,1000000,845416.75
854,lrange5,1000000,1193412.88
855,lpush5,1000000,843237.81
855,lrange5,1000000,1292134.38
856,lpush5,1000000,832159.69
856,lrange5,1000000,1272264.62
857,lpush5,1000000,837788.94
857,lrange5,1000000,1246902.75
858,lpush5,1000000,834201.81
858,lrange5,1000000,1274068.75
859,lpush5,1000000,839087.25
859,lrange5,1000000,1200518.62
860,lpush5,1000000,831321.75
860,lrange5,1000000,1247062.38
861,lpush5,1000000,841083.25
861,lrange5,1000000,1190723.88
862,lpush5,1000000,834898.19
862,lrange5,1000000,1209344.62
863,lpush5,1000000,840484.00
863,lrange5,1000000,1292031.00
864,lpush5,1000000,838223.00
864,lrange5,1000000,1154734.38
865,lpush5,1000000,842621.69
865,lrange5,1000000,1278833.75
866,lpush5,1000000,845322.06
866,lrange5,1000000,1293661.00
867,lpush5,1000000,844756.75
867,lrange5,1000000,1293826.62
868,lpush5,1000000,847511.88
868,lrange5,1000000,1204819.25
869,lpush5,1000000,831374.94
869,lrange5,1000000,1199232.62
870,lpush5,1000000,846929.75
870,lrange5,1000000,1247062.38
871,lpush5,1000000,844743.25
871,lrange5,1000000,1186600.25
872,lpush5,1000000,834884.81
872,lrange5,1000000,1295585.50
873,lpush5,1000000,836940.56
873,lrange5,1000000,1290425.88
874,lpush5,1000000,833346.62
874,lrange5,1000000,1287001.25
875,lpush5,1000000,836820.06
875,lrange5,1000000,1182411.38
876,lpush5,1000000,840349.56
876,lrange5,1000000,1287145.38
877,lpush5,1000000,840443.69
877,lrange5,1000000,1199060.00
878,lpush5,1000000,835649.12
878,lrange5,1000000,1194762.25
879,lpush5,1000000,841042.88
879,lrange5,1000000,1287186.62
880,lpush5,1000000,832652.81
880,lrange5,1000000,1300410.88
881,lpush5,1000000,843305.25
881,lrange5,1000000,1285388.12
882,lpush5,1000000,838223.00
882,lrange5,1000000,1185270.12
883,lpush5,1000000,841966.38
883,lrange5,1000000,1290549.75
884,lpush5,1000000,834081.75
884,lrange5,1000000,1302083.38
885,lpush5,1000000,827301.94
885,lrange5,1000000,1202326.88
886,lpush5,1000000,836833.44
886,lrange5,1000000,1248659.12
887,lpush5,1000000,836994.12
887,lrange5,1000000,1300410.88
888,lpush5,1000000,830644.50
888,lrange5,1000000,1303801.75
889,lpush5,1000000,839697.75
889,lrange5,1000000,1205127.75
890,lpush5,1000000,834818.06
890,lrange5,1000000,1285408.75
891,lpush5,1000000,844702.69
891,lrange5,1000000,1261175.25
892,lpush5,1000000,841069.81
892,lrange5,1000000,1293888.75
893,lpush5,1000000,834951.62
893,lrange5,1000000,1298826.00
894,lpush5,1000000,841818.19
894,lrange5,1000000,1304031.25
895,lpush5,1000000,839020.12
895,lrange5,1000000,1288680.38
896,lpush5,1000000,839724.62
896,lrange5,1000000,1207787.38
897,lpush5,1000000,841204.38
897,lrange5,1000000,1256301.50
898,lpush5,1000000,840403.31
898,lrange5,1000000,1293661.00
899,lpush5,1000000,830617.94
899,lrange5,1000000,1285429.25
900,lpush5,1000000,841899.00
900,lrange5,1000000,1295336.75
901,lpush5,1000000,842635.19
901,lrange5,1000000,1197873.12
902,lpush5,1000000,835595.62
902,lrange5,1000000,1285429.25
903,lpush5,1000000,835475.31
903,lrange5,1000000,1302166.62
904,lpush5,1000000,836980.69
904,lrange5,1000000,1300515.00
905,lpush5,1000000,829253.75
905,lrange5,1000000,1298701.38
906,lpush5,1000000,829346.62
906,lrange5,1000000,1300535.75
907,lpush5,1000000,829902.06
907,lrange5,1000000,1282092.38
908,lpush5,1000000,841750.88
908,lrange5,1000000,1300410.88
909,lpush5,1000000,825829.94
909,lrange5,1000000,1256381.88
910,lpush5,1000000,837695.12
910,lrange5,1000000,1210808.75
911,lpush5,1000000,832692.75
911,lrange5,1000000,1302125.00
912,lpush5,1000000,841123.62
912,lrange5,1000000,1186277.62
913,lpush5,1000000,843895.38
913,lrange5,1000000,1184853.12
914,lpush5,1000000,841885.56
914,lrange5,1000000,1221098.88
915,lpush5,1000000,828725.75
915,lrange5,1000000,1189155.75
916,lpush5,1000000,839006.69
916,lrange5,1000000,1231704.50
917,lpush5,1000000,828540.19
917,lrange5,1000000,1287166.00
918,lpush5,1000000,835649.12
918,lrange5,1000000,1310616.00
919,lpush5,1000000,837061.06
919,lrange5,1000000,1310616.00
920,lpush5,1000000,838263.25
920,lrange5,1000000,1197643.12
921,lpush5,1000000,846023.69
921,lrange5,1000000,1292010.38
922,lpush5,1000000,847539.00
922,lrange5,1000000,1262707.12
923,lpush5,1000000,842594.75
923,lrange5,1000000,1196440.12
924,lpush5,1000000,768774.81
924,lrange5,1000000,1203369.50
925,lpush5,1000000,834737.94
925,lrange5,1000000,1193374.75
926,lpush5,1000000,839751.50
926,lrange5,1000000,1295357.50
927,lpush5,1000000,836133.81
927,lrange5,1000000,1187895.50
928,lpush5,1000000,841804.75
928,lrange5,1000000,1259506.25
929,lpush5,1000000,839818.62
929,lrange5,1000000,1194915.12
930,lpush5,1000000,837668.31
930,lrange5,1000000,1278833.75
931,lpush5,1000000,831321.75
931,lrange5,1000000,1297245.12
932,lpush5,1000000,836227.44
932,lrange5,1000000,1196440.12
933,lpush5,1000000,836860.19
933,lrange5,1000000,1290322.62
934,lpush5,1000000,837561.12
934,lrange5,1000000,1295357.50
935,lpush5,1000000,844702.69
935,lrange5,1000000,1302104.12
936,lpush5,1000000,843359.19
936,lrange5,1000000,1200480.12
937,lpush5,1000000,838424.19
937,lrange5,1000000,1125147.38
938,lpush5,1000000,545571.19
938,lrange5,1000000,1273885.25
939,lpush5,1000000,842486.94
939,lrange5,1000000,1245489.50
940,lpush5,1000000,846226.69
940,lrange5,1000000,1240873.50
941,lpush5,1000000,834095.06
941,lrange5,1000000,1282297.50
942,lpush5,1000000,834095.06
942,lrange5,1000000,1185175.38
943,lpush5,1000000,837681.75
943,lrange5,1000000,1275571.50
944,lpush5,1000000,840551.25
944,lrange5,1000000,1278895.12
945,lpush5,1000000,843278.25
945,lrange5,1000000,1293681.75
946,lpush5,1000000,837668.31
946,lrange5,1000000,1285552.75
947,lpush5,1000000,838357.12
947,lrange5,1000000,1283697.12
948,lpush5,1000000,841110.19
948,lrange5,1000000,1257962.25
949,lpush5,1000000,840336.12
949,lrange5,1000000,1293702.50
950,lpush5,1000000,830777.44
950,lrange5,1000000,928549.62
951,lpush5,1000000,757014.38
951,lrange5,1000000,1297016.88
952,lpush5,1000000,831428.12
952,lrange5,1000000,1270648.00
953,lpush5,1000000,830750.81
953,lrange5,1000000,1280573.62
954,lpush5,1000000,834041.69
954,lrange5,1000000,1302250.00
955,lpush5,1000000,829200.69
955,lrange5,1000000,1278772.38
956,lpush5,1000000,832746.06
956,lrange5,1000000,1269198.00
957,lpush5,1000000,839657.44
957,lrange5,1000000,797473.69
958,lpush5,1000000,520570.53
958,lrange5,1000000,1141552.50
959,lpush5,1000000,841231.25
959,lrange5,1000000,1288804.12
960,lpush5,1000000,839724.62
960,lrange5,1000000,1240794.00
961,lpush5,1000000,841096.69
961,lrange5,1000000,1194743.12
962,lpush5,1000000,835502.06
962,lrange5,1000000,1298867.62
963,lpush5,1000000,836967.31
963,lrange5,1000000,1288701.00
964,lpush5,1000000,835568.88
964,lrange5,1000000,1278813.25
965,lpush5,1000000,842567.81
965,lrange5,1000000,1277282.25
966,lpush5,1000000,834081.75
966,lrange5,1000000,1282153.88
967,lpush5,1000000,843345.69
967,lrange5,1000000,1287042.50
968,lpush5,1000000,839006.69
968,lrange5,1000000,866772.94
969,lpush5,1000000,841110.19
969,lrange5,1000000,1180939.75
970,lpush5,1000000,841912.50
970,lrange5,1000000,1297079.12
971,lpush5,1000000,847511.88
971,lrange5,1000000,1207729.50
972,lpush5,1000000,843183.81
972,lrange5,1000000,1298722.12
973,lpush5,1000000,828553.44
973,lrange5,1000000,1277323.12
974,lpush5,1000000,833386.62
974,lrange5,1000000,1283902.50
975,lpush5,1000000,834095.06
975,lrange5,1000000,1293806.00
976,lpush5,1000000,837534.31
976,lrange5,1000000,1233045.62
977,lpush5,1000000,836887.00
977,lrange5,1000000,1243960.12
978,lpush5,1000000,836280.94
978,lrange5,1000000,1184891.00
979,lpush5,1000000,831281.81
979,lrange5,1000000,1193584.75
980,lpush5,1000000,836254.19
980,lrange5,1000000,1190495.25
981,lpush5,1000000,829293.56
981,lrange5,1000000,1280409.75
982,lpush5,1000000,834055.06
982,lrange5,1000000,1290405.25
983,lpush5,1000000,828672.75
983,lrange5,1000000,1292155.00
984,lpush5,1000000,836173.94
984,lrange5,1000000,1193584.75
985,lpush5,1000000,832066.56
985,lrange5,1000000,1169609.38
986,lpush5,1000000,834095.06
986,lrange5,1000000,1261034.12
987,lpush5,1000000,836873.62
987,lrange5,1000000,1182146.50
988,lpush5,1000000,846037.19
988,lrange5,1000000,1216739.62
989,lpush5,1000000,838249.81
989,lrange5,1000000,1176489.38
990,lpush5,1000000,520883.34
990,lrange5,1000000,841137.06
991,lpush5,1000000,829253.75
991,lrange5,1000000,1183791.62
992,lpush5,1000000,838979.81
992,lrange5,1000000,1265903.75
993,lpush5,1000000,831401.50
993,lrange5,1000000,1272325.62
994,lpush5,1000000,829213.94
994,lrange5,1000000,1242414.88
995,lpush5,1000000,830697.69
995,lrange5,1000000,1298742.88
996,lpush5,1000000,846077.81
996,lrange5,1000000,1277343.62
997,lpush5,1000000,830578.06
997,lrange5,1000000,1218104.75
998,lpush5,1000000,833346.62
998,lrange5,1000000,1186258.62
999,lpush5,1000000,838263.25
999,lrange5,1000000,1237782.12
1000,lpush5,1000000,836820.06
1000,lrange5,1000000,1189193.75
1001,lpush5,1000000,840349.56
1001,lrange5,1000000,1256301.50
1002,lpush5,1000000,840336.12
1002,lrange5,1000000,1287001.25
1003,lpush5,1000000,842500.38
1003,lrange5,1000000,1295544.00
1004,lpush5,1000000,836173.94
1004,lrange5,1000000,1248639.25
1005,lpush5,1000000,836334.44
1005,lrange5,1000000,1179283.00
1006,lpush5,1000000,838276.62
1006,lrange5,1000000,1236192.75
1007,lpush5,1000000,839630.56
1007,lrange5,1000000,1303780.88
1008,lpush5,1000000,829240.50
1008,lrange5,1000000,1218163.25
1009,lpush5,1000000,835462.00
1009,lrange5,1000000,1303968.62
1010,lpush5,1000000,832639.50
1010,lrange5,1000000,1234607.38
1011,lpush5,1000000,827827.88
1011,lrange5,1000000,1259566.75
1012,lpush5,1000000,831946.75
1012,lrange5,1000000,1248639.25
1013,lpush5,1000000,836887.00
1013,lrange5,1000000,1275510.25
1014,lpush5,1000000,841231.25
1014,lrange5,1000000,1300535.75
1015,lpush5,1000000,841042.88
1015,lrange5,1000000,1302145.88
1016,lpush5,1000000,831321.75
1016,lrange5,1000000,1266005.00
1017,lpush5,1000000,838276.62
1017,lrange5,1000000,1288783.50
1018,lpush5,1000000,828606.44
1018,lrange5,1000000,1292010.38
1019,lpush5,1000000,831441.44
1019,lrange5,1000000,1250200.00
1020,lpush5,1000000,832106.50
1020,lrange5,1000000,1288742.25
1021,lpush5,1000000,834135.12
1021,lrange5,1000000,1300494.12
1022,lpush5,1000000,837735.31
1022,lrange5,1000000,1239296.12
1023,lpush5,1000000,833493.31
1023,lrange5,1000000,1288762.88
1024,lpush5,1000000,842567.81
1024,lrange5,1000000,1193489.25
1025,lpush5,1000000,834844.75
1025,lrange5,1000000,1283697.12
1026,lpush5,1000000,832652.81
1026,lrange5,1000000,1174103.25
1027,lpush5,1000000,839630.56
1027,lrange5,1000000,1273987.25
1028,lpush5,1000000,833493.31
1028,lrange5,1000000,1290363.88
1029,lpush5,1000000,832066.56
1029,lrange5,1000000,1298826.00
1030,lpush5,1000000,836173.94
1030,lrange5,1000000,1248439.50
1031,lpush5,1000000,831414.81
1031,lrange5,1000000,1193374.75
1032,lpush5,1000000,837587.94
1032,lrange5,1000000,1300619.00
1033,lpush5,1000000,841056.31
1033,lrange5,1000000,1231625.62
1034,lpush5,1000000,828579.94
1034,lrange5,1000000,1189269.88
1035,lpush5,1000000,839738.06
1035,lrange5,1000000,1190781.00
1036,lpush5,1000000,830617.94
1036,lrange5,1000000,1253132.88
1037,lpush5,1000000,833333.31
1037,lrange5,1000000,1261195.50
1038,lpush5,1000000,832852.62
1038,lrange5,1000000,1199405.25
1039,lpush5,1000000,834188.50
1039,lrange5,1000000,1288721.62
1040,lpush5,1000000,841858.62
1040,lrange5,1000000,1236113.75
1041,lpush5,1000000,833533.31
1041,lrange5,1000000,1256321.62
1042,lpush5,1000000,837587.94
1042,lrange5,1000000,1216583.88
1043,lpush5,1000000,834751.31
1043,lrange5,1000000,1285429.25
1044,lpush5,1000000,828566.69
1044,lrange5,1000000,1256321.62
1045,lpush5,1000000,841258.19
1045,lrange5,1000000,1280532.62
1046,lpush5,1000000,835488.69
1046,lrange5,1000000,1261094.62
1047,lpush5,1000000,841858.62
1047,lrange5,1000000,1192219.38
1048,lpush5,1000000,834108.44
1048,lrange5,1000000,1200633.88
1049,lpush5,1000000,833359.94
1049,lrange5,1000000,1233045.62
1050,lpush5,1000000,838397.38
1050,lrange5,1000000,1196382.75
1051,lpush5,1000000,843183.81
1051,lrange5,1000000,1273905.75
1052,lpush5,1000000,839046.94
1052,lrange5,1000000,1303947.88
1053,lpush5,1000000,839711.19
1053,lrange5,1000000,790539.12
1054,lpush5,1000000,520841.69
1054,lrange5,1000000,1066234.50
1055,lpush5,1000000,826446.25
1055,lrange5,1000000,1265903.75
1056,lpush5,1000000,824415.44
1056,lrange5,1000000,1256341.75
1057,lpush5,1000000,834108.44
1057,lrange5,1000000,1288659.75
1058,lpush5,1000000,836887.00
1058,lrange5,1000000,1202230.75
1059,lpush5,1000000,832679.44
1059,lrange5,1000000,1262808.12
1060,lpush5,1000000,839684.31
1060,lrange5,1000000,1224186.12
1061,lpush5,1000000,838926.12
1061,lrange5,1000000,1194838.75
1062,lpush5,1000000,829200.69
1062,lrange5,1000000,1222630.75
1063,lpush5,1000000,832639.50
1063,lrange5,1000000,1287063.00
1064,lpush5,1000000,838939.56
1064,lrange5,1000000,1205108.50
1065,lpush5,1000000,831281.81
1065,lrange5,1000000,1202134.62
1066,lpush5,1000000,835462.00
1066,lrange5,1000000,1240813.88
1067,lpush5,1000000,823071.56
1067,lrange5,1000000,1280450.62
1068,lpush5,1000000,837587.94
1068,lrange5,1000000,1193642.00
1069,lpush5,1000000,823828.69
1069,lrange5,1000000,1193584.75
1070,lpush5,1000000,840389.88
1070,lrange5,1000000,1179660.38
1071,lpush5,1000000,836147.19
1071,lrange5,1000000,1216739.62
1072,lpush5,1000000,832026.62
1072,lrange5,1000000,1256381.88
1073,lpush5,1000000,833333.31
1073,lrange5,1000000,1297120.62
1074,lpush5,1000000,830564.81
1074,lrange5,1000000,1300619.00
1075,lpush5,1000000,830578.06
1075,lrange5,1000000,1194857.75
1076,lpush5,1000000,843895.38
1076,lrange5,1000000,1189479.12
1077,lpush5,1000000,831321.75
1077,lrange5,1000000,1187743.50
1078,lpush5,1000000,840349.56
1078,lrange5,1000000,1191990.50
1079,lpush5,1000000,836980.69
1079,lrange5,1000000,1275551.00
1080,lpush5,1000000,842459.94
1080,lrange5,1000000,1300431.75
1081,lpush5,1000000,834108.44
1081,lrange5,1000000,1196516.75
1082,lpush5,1000000,836227.44
1082,lrange5,1000000,1300431.75
1083,lpush5,1000000,839805.19
1083,lrange5,1000000,1273885.25
1084,lpush5,1000000,835435.25
1084,lrange5,1000000,1300390.12
1085,lpush5,1000000,827986.81
1085,lrange5,1000000,1242275.75
1086,lpush5,1000000,837534.31
1086,lrange5,1000000,1186353.50
1087,lpush5,1000000,832106.50
1087,lrange5,1000000,1298826.00
1088,lpush5,1000000,834724.56
1088,lrange5,1000000,1270831.00
1089,lpush5,1000000,836833.44
1089,lrange5,1000000,1194838.75
1090,lpush5,1000000,829915.31
1090,lrange5,1000000,1236133.50
1091,lpush5,1000000,830710.94
1091,lrange5,1000000,1273966.88
1092,lpush5,1000000,830657.81
1092,lrange5,1000000,1298701.38
1093,lpush5,1000000,832079.88
1093,lrange5,1000000,1298722.12
1094,lpush5,1000000,832852.62
1094,lrange5,1000000,1285449.88
1095,lpush5,1000000,829399.69
1095,lrange5,1000000,1295440.38
1096,lpush5,1000000,840349.56
1096,lrange5,1000000,1248519.38
1097,lpush5,1000000,844770.25
1097,lrange5,1000000,1248499.38
1098,lpush5,1000000,600725.56
1098,lrange5,1000000,775832.44
1099,lpush5,1000000,772200.81
1099,lrange5,1000000,1277343.62
1100,lpush5,1000000,831388.25
1100,lrange5,1000000,1196363.62
1101,lpush5,1000000,833373.31
1101,lrange5,1000000,1183772.75
1102,lpush5,1000000,831946.75
1102,lrange5,1000000,1225588.25
1103,lpush5,1000000,843332.19
1103,lrange5,1000000,1248479.38
1104,lpush5,1000000,839818.62
1104,lrange5,1000000,1278915.62
1105,lpush5,1000000,836873.62
1105,lrange5,1000000,1288783.50
1106,lpush5,1000000,834041.69
1106,lrange5,1000000,1256281.38
1107,lpush5,1000000,838464.38
1107,lrange5,1000000,803251.38
1108,lpush5,1000000,524934.38
1108,lrange5,1000000,827156.31
1109,lpush5,1000000,805853.31
1109,lrange5,1000000,1245529.25
1110,lpush5,1000000,834778.00
1110,lrange5,1000000,1254825.62
1111,lpush5,1000000,835435.25
1111,lrange5,1000000,1282112.88
1112,lpush5,1000000,841925.94
1112,lrange5,1000000,1295419.62
1113,lpush5,1000000,836187.31
1113,lrange5,1000000,1253313.38
1114,lpush5,1000000,828579.94
1114,lrange5,1000000,1251564.38
1115,lpush5,1000000,831295.12
1115,lrange5,1000000,1293847.38
1116,lpush5,1000000,835555.56
1116,lrange5,1000000,1293847.38
1117,lpush5,1000000,836927.19
1117,lrange5,1000000,1197988.00
1118,lpush5,1000000,827867.56
1118,lrange5,1000000,1190762.00
1119,lpush5,1000000,835421.88
1119,lrange5,1000000,1237623.75
1120,lpush5,1000000,834041.69
1120,lrange5,1000000,1257901.88
1121,lpush5,1000000,837587.94
1121,lrange5,1000000,1236093.88
1122,lpush5,1000000,835462.00
1122,lrange5,1000000,1297120.62
1123,lpush5,1000000,838926.12
1123,lrange5,1000000,1197777.25
1124,lpush5,1000000,834228.50
1124,lrange5,1000000,1196421.00
1125,lpush5,1000000,838303.44
1125,lrange5,1000000,1248659.12
1126,lpush5,1000000,838451.00
1126,lrange5,1000000,1228638.75
1127,lpush5,1000000,837587.94
1127,lrange5,1000000,1285347.00
1128,lpush5,1000000,830671.12
1128,lrange5,1000000,1196401.88
1129,lpush5,1000000,833346.62
1129,lrange5,1000000,1298742.88
1130,lpush5,1000000,844635.12
1130,lrange5,1000000,1199060.00
1131,lpush5,1000000,842554.31
1131,lrange5,1000000,1290322.62
1132,lpush5,1000000,839073.81
1132,lrange5,1000000,1293661.00
1133,lpush5,1000000,832666.12
1133,lrange5,1000000,1300494.12
1134,lpush5,1000000,836820.06
1134,lrange5,1000000,1195106.38
1135,lpush5,1000000,836994.12
1135,lrange5,1000000,1295336.75
1136,lpush5,1000000,834764.62
1136,lrange5,1000000,1282092.38
1137,lpush5,1000000,826499.12
1137,lrange5,1000000,1197777.25
1138,lpush5,1000000,834778.00
1138,lrange5,1000000,1275530.62
1139,lpush5,1000000,842527.38
1139,lrange5,1000000,1192085.88
1140,lpush5,1000000,837520.94
1140,lrange5,1000000,1298701.38
1141,lpush5,1000000,831308.44
1141,lrange5,1000000,1277159.62
1142,lpush5,1000000,832679.44
1142,lrange5,1000000,1179679.25
1143,lpush5,1000000,842500.38
1143,lrange5,1000000,1297182.88
1144,lpush5,1000000,847471.25
1144,lrange5,1000000,1267548.88
1145,lpush5,1000000,840510.88
1145,lrange5,1000000,1207729.50
1146,lpush5,1000000,832786.00
1146,lrange5,1000000,1191895.12
1147,lpush5,1000000,833399.94
1147,lrange5,1000000,1273885.25
1148,lpush5,1000000,836133.81
1148,lrange5,1000000,1180694.25
1149,lpush5,1000000,830578.06
1149,lrange5,1000000,1288680.38
1150,lpush5,1000000,842648.69
1150,lrange5,1000000,1189498.12
1151,lpush5,1000000,833386.62
1151,lrange5,1000000,1209228.50
1152,lpush5,1000000,838290.06
1152,lrange5,1000000,1192085.88
1153,lpush5,1000000,838383.94
1153,lrange5,1000000,1292072.38
1154,lpush5,1000000,845416.75
1154,lrange5,1000000,1243820.88
1155,lpush5,1000000,834175.12
1155,lrange5,1000000,1280430.25
1156,lpush5,1000000,831268.50
1156,lrange5,1000000,1195163.62
1157,lpush5,1000000,832639.50
1157,lrange5,1000000,1280532.62
1158,lpush5,1000000,839100.62
1158,lrange5,1000000,1261054.25
1159,lpush5,1000000,830048.12
1159,lrange5,1000000,1254705.12
1160,lpush5,1000000,832786.00
1160,lrange5,1000000,1184891.00
1161,lpush5,1000000,825161.69
1161,lrange5,1000000,1194800.50
1162,lpush5,1000000,841804.75
1162,lrange5,1000000,1200499.38
1163,lpush5,1000000,834831.44
1163,lrange5,1000000,1256341.75
1164,lpush5,1000000,841750.88
1164,lrange5,1000000,1216622.88
1165,lpush5,1000000,839805.19
1165,lrange5,1000000,1298701.38
1166,lpush5,1000000,838979.81
1166,lrange5,1000000,1275693.88
1167,lpush5,1000000,834791.38
1167,lrange5,1000000,1292051.75
1168,lpush5,1000000,841110.19
1168,lrange5,1000000,1182127.62
1169,lpush5,1000000,830631.25
1169,lrange5,1000000,1240933.00
1170,lpush5,1000000,844621.62
1170,lrange5,1000000,1193432.00
1171,lpush5,1000000,841096.69
1171,lrange5,1000000,1298742.88
1172,lpush5,1000000,834844.75
1172,lrange5,1000000,1222611.25
1173,lpush5,1000000,838357.12
1173,lrange5,1000000,1292134.38
1174,lpush5,1000000,841804.75
1174,lrange5,1000000,1290446.50
1175,lpush5,1000000,833346.62
1175,lrange5,1000000,1280409.75
1176,lpush5,1000000,833386.62
1176,lrange5,1000000,1273987.25
1177,lpush5,1000000,848190.00
1177,lrange5,1000000,1240774.25
1178,lpush5,1000000,841925.94
1178,lrange5,1000000,1180788.62
1179,lpush5,1000000,843210.81
1179,lrange5,1000000,1221020.75
1180,lpush5,1000000,831321.75
1180,lrange5,1000000,1277241.38
1181,lpush5,1000000,839697.75
1181,lrange5,1000000,1166917.12
1182,lpush5,1000000,833466.62
1182,lrange5,1000000,1175539.38
1183,lpush5,1000000,843183.81
1183,lrange5,1000000,1234567.88
1184,lpush5,1000000,851104.69
1184,lrange5,1000000,1274028.00
1185,lpush5,1000000,829293.56
1185,lrange5,1000000,1186467.38
1186,lpush5,1000000,829941.88
1186,lrange5,1000000,1168411.25
1187,lpush5,1000000,832013.31
1187,lrange5,1000000,1193680.25
1188,lpush5,1000000,835542.19
1188,lrange5,1000000,1184966.88
1189,lpush5,1000000,832826.00
1189,lrange5,1000000,1190781.00
1190,lpush5,1000000,840349.56
1190,lrange5,1000000,1288866.00
1191,lpush5,1000000,838357.12
1191,lrange5,1000000,1272264.62
1192,lpush5,1000000,836940.56
1192,lrange5,1000000,1283697.12
1193,lpush5,1000000,828712.50
1193,lrange5,1000000,1192314.62
1194,lpush5,1000000,835595.62
1194,lrange5,1000000,1282071.88
1195,lpush5,1000000,839738.06
1195,lrange5,1000000,1190533.38
1196,lpush5,1000000,836994.12
1196,lrange5,1000000,1197604.88
1197,lpush5,1000000,836120.44
1197,lrange5,1000000,1218046.38
1198,lpush5,1000000,830644.50
1198,lrange5,1000000,1282153.88
1199,lpush5,1000000,836820.06
1199,lrange5,1000000,1194876.88
1200,lpush5,1000000,828566.69
1200,lrange5,1000000,970935.94
1201,lpush5,1000000,836334.44
1201,lrange5,1000000,1256361.75
1202,lpush5,1000000,839805.19
1202,lrange5,1000000,1254705.12
1203,lpush5,1000000,832159.69
1203,lrange5,1000000,1197892.25
1204,lpush5,1000000,829187.44
1204,lrange5,1000000,1254725.25
1205,lpush5,1000000,832759.38
1205,lrange5,1000000,1206407.75
1206,lpush5,1000000,838236.44
1206,lrange5,1000000,1257922.00
1207,lpush5,1000000,836120.44
1207,lrange5,1000000,1297224.38
1208,lpush5,1000000,832679.44
1208,lrange5,1000000,1302083.38
1209,lpush5,1000000,850353.75
1209,lrange5,1000000,1293723.12
1210,lpush5,1000000,833346.62
1210,lrange5,1000000,1302291.62
1211,lpush5,1000000,834764.62
1211,lrange5,1000000,1295357.50
1212,lpush5,1000000,836120.44
1212,lrange5,1000000,1302250.00
1213,lpush5,1000000,837574.56
1213,lrange5,1000000,997343.94
1214,lpush5,1000000,517866.41
1214,lrange5,1000000,868962.62
1215,lpush5,1000000,840376.44
1215,lrange5,1000000,1182089.88
1216,lpush5,1000000,833559.94
1216,lrange5,1000000,1251764.62
1217,lpush5,1000000,846794.25
1217,lrange5,1000000,1285449.88
1218,lpush5,1000000,832639.50
1218,lrange5,1000000,1277221.00
1219,lpush5,1000000,838263.25
1219,lrange5,1000000,1180694.25
1220,lpush5,1000000,836927.19
1220,lrange5,1000000,1178157.88
1221,lpush5,1000000,828013.31
1221,lrange5,1000000,1191914.25
1222,lpush5,1000000,838979.81
1222,lrange5,1000000,1275591.88
1223,lpush5,1000000,836133.81
1223,lrange5,1000000,1196210.50
1224,lpush5,1000000,853324.19
1224,lrange5,1000000,1187933.50
1225,lpush5,1000000,836294.31
1225,lrange5,1000000,1213767.00
1226,lpush5,1000000,835622.38
1226,lrange5,1000000,1193546.50
1227,lpush5,1000000,828672.75
1227,lrange5,1000000,1190781.00
1228,lpush5,1000000,835515.44
1228,lrange5,1000000,1189060.62
1229,lpush5,1000000,839100.62
1229,lrange5,1000000,1196497.62
1230,lpush5,1000000,840336.12
1230,lrange5,1000000,1295461.12
1231,lpush5,1000000,835502.06
1231,lrange5,1000000,1196593.25
1232,lpush5,1000000,829359.88
1232,lrange5,1000000,1223990.25
1233,lpush5,1000000,825777.06
1233,lrange5,1000000,1182297.88
1234,lpush5,1000000,834938.25
1234,lrange5,1000000,1302208.38
1235,lpush5,1000000,842500.38
1235,lrange5,1000000,1253132.88
1236,lpush5,1000000,831295.12
1236,lrange5,1000000,1283861.38
1237,lpush5,1000000,832159.69
1237,lrange5,1000000,1253193.00
1238,lpush5,1000000,845308.56
1238,lrange5,1000000,1183848.50
1239,lpush5,1000000,834791.38
1239,lrange5,1000000,1190476.25
1240,lpush5,1000000,831441.44
1240,lrange5,1000000,1239157.38
1241,lpush5,1000000,841083.25
1241,lrange5,1000000,871839.62
1242,lpush5,1000000,512319.66
1242,lrange5,1000000,819079.50
1243,lpush5,1000000,543782.50
1243,lrange5,1000000,1293661.00
1244,lpush5,1000000,834241.88
1244,lrange5,1000000,1290508.38
1245,lpush5,1000000,834041.69
1245,lrange5,1000000,1186391.50
1246,lpush5,1000000,834778.00
1246,lrange5,1000000,1297141.38
1247,lpush5,1000000,836953.94
1247,lrange5,1000000,1298826.00
1248,lpush5,1000000,838451.00
1248,lrange5,1000000,1302187.50
1249,lpush5,1000000,832146.44
1249,lrange5,1000000,1302291.62
1250,lpush5,1000000,839630.56
1250,lrange5,1000000,1305692.00
1251,lpush5,1000000,839060.38
1251,lrange5,1000000,1303822.62
1252,lpush5,1000000,837520.94
1252,lrange5,1000000,1189384.00
1253,lpush5,1000000,841258.19
1253,lrange5,1000000,1278772.38
1254,lpush5,1000000,844043.94
1254,lrange5,1000000,1280430.25
1255,lpush5,1000000,834028.38
1255,lrange5,1000000,1190476.25
1256,lpush5,1000000,828712.50
1256,lrange5,1000000,1193470.12
1257,lpush5,1000000,833559.94
1257,lrange5,1000000,1171203.75
1258,lpush5,1000000,842635.19
1258,lrange5,1000000,1267609.62
1259,lpush5,1000000,831321.75
1259,lrange5,1000000,972112.69
1260,lpush5,1000000,836294.31
1260,lrange5,1000000,1187705.50
1261,lpush5,1000000,839738.06
1261,lrange5,1000000,1298742.88
1262,lpush5,1000000,835462.00
1262,lrange5,1000000,1203773.75
1263,lpush5,1000000,838424.19
1263,lrange5,1000000,1236173.00
1264,lpush5,1000000,832826.00
1264,lrange5,1000000,1250100.00
1265,lpush5,1000000,846929.75
1265,lrange5,1000000,1261175.25
1266,lpush5,1000000,834778.00
1266,lrange5,1000000,1199366.88
1267,lpush5,1000000,845457.31
1267,lrange5,1000000,1186657.12
1268,lpush5,1000000,836267.56
1268,lrange5,1000000,1189231.88
1269,lpush5,1000000,829293.56
1269,lrange5,1000000,1171110.12
1270,lpush5,1000000,843278.25
1270,lrange5,1000000,1189250.88
1271,lpush5,1000000,827854.31
1271,lrange5,1000000,1269177.62
1272,lpush5,1000000,838979.81
1272,lrange5,1000000,1283943.50
1273,lpush5,1000000,834135.12
1273,lrange5,1000000,1265964.50
1274,lpush5,1000000,830617.94
1274,lrange5,1000000,1297182.88
1275,lpush5,1000000,836120.44
1275,lrange5,1000000,1267488.00
1276,lpush5,1000000,832692.75
1276,lrange5,1000000,1076443.50
1277,lpush5,1000000,835435.25
1277,lrange5,1000000,1199424.50
1278,lpush5,1000000,838276.62
1278,lrange5,1000000,1200595.38
1279,lpush5,1000000,835609.00
1279,lrange5,1000000,1192333.75
1280,lpush5,1000000,833493.31
1280,lrange5,1000000,1272346.00
1281,lpush5,1000000,842567.81
1281,lrange5,1000000,1254745.25
1282,lpush5,1000000,836280.94
1282,lrange5,1000000,1308921.50
1283,lpush5,1000000,828513.69
1283,lrange5,1000000,1259466.00
1284,lpush5,1000000,845349.12
1284,lrange5,1000000,1240774.25
1285,lpush5,1000000,831960.06
1285,lrange5,1000000,1231566.50
1286,lpush5,1000000,836873.62
1286,lrange5,1000000,1300556.62
1287,lpush5,1000000,839644.00
1287,lrange5,1000000,1227033.12
1288,lpush5,1000000,830564.81
1288,lrange5,1000000,1196401.88
1289,lpush5,1000000,830777.44
1289,lrange5,1000000,1256301.50
1290,lpush5,1000000,825975.25
1290,lrange5,1000000,1303780.88
1291,lpush5,1000000,833506.62
1291,lrange5,1000000,1278874.62
1292,lpush5,1000000,833346.62
1292,lrange5,1000000,1288762.88
1293,lpush5,1000000,827867.56
1293,lrange5,1000000,1300452.50
1294,lpush5,1000000,834737.94
1294,lrange5,1000000,1258022.62
1295,lpush5,1000000,832692.75
1295,lrange5,1000000,1262808.12
1296,lpush5,1000000,836820.06
1296,lrange5,1000000,1300577.38
1297,lpush5,1000000,836820.06
1297,lrange5,1000000,1292113.75
1298,lpush5,1000000,830061.38
1298,lrange5,1000000,1303968.62
1299,lpush5,1000000,830750.81
1299,lrange5,1000000,1298846.75
1300,lpush5,1000000,835582.25
1300,lrange5,1000000,1194876.88
1301,lpush5,1000000,830631.25
1301,lrange5,1000000,1251764.62
1302,lpush5,1000000,837574.56
1302,lrange5,1000000,1288845.38
1303,lpush5,1000000,836120.44
1303,lrange5,1000000,1302083.38
1304,lpush5,1000000,835435.25
1304,lrange5,1000000,1288824.75
1305,lpush5,1000000,828672.75
1305,lrange5,1000000,1199366.88
1306,lpush5,1000000,832692.75
1306,lrange5,1000000,1162809.25
1307,lpush5,1000000,824481.44
1307,lrange5,1000000,1242236.00
1308,lpush5,1000000,836214.06
1308,lrange5,1000000,1287021.88
1309,lpush5,1000000,834804.69
1309,lrange5,1000000,1298701.38
1310,lpush5,1000000,832852.62
1310,lrange5,1000000,1195125.38
1311,lpush5,1000000,838236.44
1311,lrange5,1000000,1248499.38
1312,lpush5,1000000,839644.00
1312,lrange5,1000000,1180883.12
1313,lpush5,1000000,832692.75
1313,lrange5,1000000,1222572.12
1314,lpush5,1000000,834737.94
1314,lrange5,1000000,1262666.62
1315,lpush5,1000000,835582.25
1315,lrange5,1000000,1298742.88
1316,lpush5,1000000,830644.50
1316,lrange5,1000000,1222611.25
1317,lpush5,1000000,838330.31
1317,lrange5,1000000,1285532.12
1318,lpush5,1000000,846023.69
1318,lrange5,1000000,1292031.00
1319,lpush5,1000000,835515.44
1319,lrange5,1000000,1288659.75
1320,lpush5,1000000,834095.06
1320,lrange5,1000000,1298846.75
1321,lpush5,1000000,830710.94
1321,lrange5,1000000,1303801.75
1322,lpush5,1000000,832852.62
1322,lrange5,1000000,1302166.62
1323,lpush5,1000000,831281.81
1323,lrange5,1000000,1202211.50
1324,lpush5,1000000,849086.62
1324,lrange5,1000000,1261034.12
1325,lpush5,1000000,834108.44
1325,lrange5,1000000,1283758.75
1326,lpush5,1000000,841083.25
1326,lrange5,1000000,1302291.62
1327,lpush5,1000000,839684.31
1327,lrange5,1000000,1203446.50
1328,lpush5,1000000,832706.12
1328,lrange5,1000000,1243880.62
1329,lpush5,1000000,838953.00
1329,lrange5,1000000,1280450.62
1330,lpush5,1000000,841750.88
1330,lrange5,1000000,1193470.12
1331,lpush5,1000000,831255.25
1331,lrange5,1000000,1242295.62
1332,lpush5,1000000,839684.31
1332,lrange5,1000000,1300473.38
1333,lpush5,1000000,829915.31
1333,lrange5,1000000,1237920.75
1334,lpush5,1000000,836120.44
1334,lrange5,1000000,1258042.75
1335,lpush5,1000000,823802.31
1335,lrange5,1000000,1295336.75
1336,lpush5,1000000,828566.69
1336,lrange5,1000000,1290508.38
1337,lpush5,1000000,824441.81
1337,lrange5,1000000,1248499.38
1338,lpush5,1000000,829995.00
1338,lrange5,1000000,1307294.12
1339,lpush5,1000000,829227.19
1339,lrange5,1000000,1261195.50
1340,lpush5,1000000,835475.31
1340,lrange5,1000000,1191895.12
1341,lpush5,1000000,825174.94
1341,lrange5,1000000,1203388.75
1342,lpush5,1000000,828659.50
1342,lrange5,1000000,1265822.75
1343,lpush5,1000000,843170.31
1343,lrange5,1000000,1288742.25
1344,lpush5,1000000,835528.81
1344,lrange5,1000000,1251644.50
1345,lpush5,1000000,834884.81
1345,lrange5,1000000,1303843.50
1346,lpush5,1000000,836200.69
1346,lrange5,1000000,1303801.75
1347,lpush5,1000000,827275.44
1347,lrange5,1000000,1300452.50
1348,lpush5,1000000,844608.12
1348,lrange5,1000000,1187686.50
1349,lpush5,1000000,837007.50
1349,lrange5,1000000,1297182.88
1350,lpush5,1000000,845376.19
1350,lrange5,1000000,1302375.00
1351,lpush5,1000000,837708.56
1351,lrange5,1000000,1302270.88
1352,lpush5,1000000,834201.81
1352,lrange5,1000000,1283717.62
1353,lpush5,1000000,834778.00
1353,lrange5,1000000,1200691.50
1354,lpush5,1000000,840551.25
1354,lrange5,1000000,1277282.25
1355,lpush5,1000000,832865.94
1355,lrange5,1000000,1297058.38
1356,lpush5,1000000,836214.06
1356,lrange5,1000000,1278874.62
1357,lpush5,1000000,833359.94
1357,lrange5,1000000,1197604.88
1358,lpush5,1000000,836833.44
1358,lrange5,1000000,1291989.62
1359,lpush5,1000000,839697.75
1359,lrange5,1000000,1248519.38
1360,lpush5,1000000,831960.06
1360,lrange5,1000000,1245330.00
1361,lpush5,1000000,829981.69
1361,lrange5,1000000,1288804.12
1362,lpush5,1000000,841056.31
1362,lrange5,1000000,1231645.38
1363,lpush5,1000000,829888.75
1363,lrange5,1000000,1270749.62
1364,lpush5,1000000,827827.88
1364,lrange5,1000000,1180939.75
1365,lpush5,1000000,834268.56
1365,lrange5,1000000,1190704.75
1366,lpush5,1000000,832772.69
1366,lrange5,1000000,1272264.62
1367,lpush5,1000000,833506.62
1367,lrange5,1000000,1195029.88
1368,lpush5,1000000,839630.56
1368,lrange5,1000000,1193642.00
1369,lpush5,1000000,836187.31
1369,lrange5,1000000,1297265.88
1370,lpush5,1000000,840336.12
1370,lrange5,1000000,1275551.00
1371,lpush5,1000000,835421.88
1371,lrange5,1000000,1197796.50
1372,lpush5,1000000,832812.69
1372,lrange5,1000000,1178063.62
1373,lpush5,1000000,832106.50
1373,lrange5,1000000,1221059.88
1374,lpush5,1000000,835555.56
1374,lrange5,1000000,1288701.00
1375,lpush5,1000000,829240.50
1375,lrange5,1000000,1305483.12
1376,lpush5,1000000,834911.56
1376,lrange5,1000000,1283758.75
1377,lpush5,1000000,825816.69
1377,lrange5,1000000,1274028.00
1378,lpush5,1000000,834188.50
1378,lrange5,1000000,1277323.12
1379,lpush5,1000000,838979.81
1379,lrange5,1000000,1190685.75
1380,lpush5,1000000,827249.00
1380,lrange5,1000000,1190742.88
1381,lpush5,1000000,836820.06
1381,lrange5,1000000,1300410.88
1382,lpush5,1000000,838979.81
1382,lrange5,1000000,1265822.75
1383,lpush5,1000000,833426.62
1383,lrange5,1000000,1203754.50
1384,lpush5,1000000,834028.38
1384,lrange5,1000000,1272285.00
1385,lpush5,1000000,836294.31
1385,lrange5,1000000,1287310.12
1386,lpush5,1000000,836833.44
1386,lrange5,1000000,1300390.12
1387,lpush5,1000000,840551.25
1387,lrange5,1000000,1303822.62
1388,lpush5,1000000,844016.94
1388,lrange5,1000000,1272285.00
1389,lpush5,1000000,839087.25
1389,lrange5,1000000,1285408.75
1390,lpush5,1000000,846172.56
1390,lrange5,1000000,1278997.38
1391,lpush5,1000000,841791.25
1391,lrange5,1000000,1285449.88
1392,lpush5,1000000,837534.31
1392,lrange5,1000000,1200729.88
1393,lpush5,1000000,840430.19
1393,lrange5,1000000,1203427.25
1394,lpush5,1000000,832692.75
1394,lrange5,1000000,1197815.62
1395,lpush5,1000000,837520.94
1395,lrange5,1000000,1261034.12
1396,lpush5,1000000,837681.75
1396,lrange5,1000000,1282112.88
1397,lpush5,1000000,841096.69
1397,lrange5,1000000,1192219.38
1398,lpush5,1000000,841042.88
1398,lrange5,1000000,1250000.00
1399,lpush5,1000000,834188.50
1399,lrange5,1000000,1305545.75
1400,lpush5,1000000,837628.12
1400,lrange5,1000000,1291989.62
1401,lpush5,1000000,832799.38
1401,lrange5,1000000,1298763.62
1402,lpush5,1000000,840336.12
1402,lrange5,1000000,1270688.75
1403,lpush5,1000000,832039.94
1403,lrange5,1000000,1300473.38
1404,lpush5,1000000,843210.81
1404,lrange5,1000000,1219726.88
1405,lpush5,1000000,836133.81
1405,lrange5,1000000,1237702.88
1406,lpush5,1000000,829955.19
1406,lrange5,1000000,1290529.12
1407,lpush5,1000000,833479.94
1407,lrange5,1000000,1200902.75
1408,lpush5,1000000,830591.38
1408,lrange5,1000000,1179660.38
1409,lpush5,1000000,843224.31
1409,lrange5,1000000,1292031.00
1410,lpush5,1000000,834844.75
1410,lrange5,1000000,1295336.75
1411,lpush5,1000000,836833.44
1411,lrange5,1000000,1282051.38
1412,lpush5,1000000,838939.56
1412,lrange5,1000000,1287124.88
1413,lpush5,1000000,843922.38
1413,lrange5,1000000,1183734.88
1414,lpush5,1000000,831295.12
1414,lrange5,1000000,1298722.12
1415,lpush5,1000000,834737.94
1415,lrange5,1000000,1195049.00
1416,lpush5,1000000,838263.25
1416,lrange5,1000000,1288742.25
1417,lpush5,1000000,838276.62
1417,lrange5,1000000,1213689.38
1418,lpush5,1000000,842513.88
1418,lrange5,1000000,1295502.62
1419,lpush5,1000000,832173.00
1419,lrange5,1000000,1071811.38
1420,lpush5,1000000,757147.62
1420,lrange5,1000000,1275693.88
1421,lpush5,1000000,836200.69
1421,lrange5,1000000,1298701.38
1422,lpush5,1000000,829928.62
1422,lrange5,1000000,1200595.38
1423,lpush5,1000000,839033.56
1423,lrange5,1000000,1196555.00
1424,lpush5,1000000,841939.44
1424,lrange5,1000000,1275591.88
1425,lpush5,1000000,837641.56
1425,lrange5,1000000,1196478.38
1426,lpush5,1000000,841818.19
1426,lrange5,1000000,1302270.88
1427,lpush5,1000000,844608.12
1427,lrange5,1000000,1287042.50
1428,lpush5,1000000,844702.69
1428,lrange5,1000000,1305629.25
1429,lpush5,1000000,839670.88
1429,lrange5,1000000,1305671.12
1430,lpush5,1000000,832812.69
1430,lrange5,1000000,1297120.62
1431,lpush5,1000000,838383.94
1431,lrange5,1000000,982334.00
1432,lpush5,1000000,836147.19
1432,lrange5,1000000,1300598.25
1433,lpush5,1000000,834831.44
1433,lrange5,1000000,1292093.00
1434,lpush5,1000000,825240.94
1434,lrange5,1000000,1194857.75
1435,lpush5,1000000,824441.81
1435,lrange5,1000000,1298805.25
1436,lpush5,1000000,833399.94
1436,lrange5,1000000,1250000.00
1437,lpush5,1000000,841858.62
1437,lrange5,1000000,1302125.00
1438,lpush5,1000000,834884.81
1438,lrange5,1000000,1280553.12
1439,lpush5,1000000,842473.44
1439,lrange5,1000000,1202076.88
1440,lpush5,1000000,835555.56
1440,lrange5,1000000,1196210.50
1441,lpush5,1000000,836187.31
1441,lrange5,1000000,1197719.75
1442,lpush5,1000000,832679.44
1442,lrange5,1000000,1264323.62
1443,lpush5,1000000,836860.19
1443,lrange5,1000000,1183810.62
1444,lpush5,1000000,838236.44
1444,lrange5,1000000,1199405.25
1445,lpush5,1000000,837561.12
1445,lrange5,1000000,1202153.88
1446,lpush5,1000000,835635.75
1446,lrange5,1000000,1251564.38
1447,lpush5,1000000,843237.81
1447,lrange5,1000000,1144274.62
1448,lpush5,1000000,843908.88
1448,lrange5,1000000,1199462.88
1449,lpush5,1000000,849100.19
1449,lrange5,1000000,1292175.75
1450,lpush5,1000000,836187.31
1450,lrange5,1000000,1189460.12
1451,lpush5,1000000,838979.81
1451,lrange5,1000000,1267650.25
1452,lpush5,1000000,837534.31
1452,lrange5,1000000,1257901.88
1453,lpush5,1000000,833479.94
1453,lrange5,1000000,1293681.75
1454,lpush5,1000000,844016.94
1454,lrange5,1000000,1290425.88
1455,lpush5,1000000,834081.75
1455,lrange5,1000000,1277261.88
1456,lpush5,1000000,841042.88
1456,lrange5,1000000,1250020.00
1457,lpush5,1000000,834228.50
1457,lrange5,1000000,1290467.12
1458,lpush5,1000000,834938.25
1458,lrange5,1000000,1302291.62
1459,lpush5,1000000,839087.25
1459,lrange5,1000000,1297286.62
1460,lpush5,1000000,849100.19
1460,lrange5,1000000,1307315.00
1461,lpush5,1000000,841750.88
1461,lrange5,1000000,1042836.31
1462,lpush5,1000000,839644.00
1462,lrange5,1000000,1196574.12
1463,lpush5,1000000,829306.81
1463,lrange5,1000000,1270648.00
1464,lpush5,1000000,834201.81
1464,lrange5,1000000,1156180.38
1465,lpush5,1000000,834884.81
1465,lrange5,1000000,1242295.62
1466,lpush5,1000000,834804.69
1466,lrange5,1000000,1248479.38
1467,lpush5,1000000,837601.31
1467,lrange5,1000000,1288783.50
1468,lpush5,1000000,833333.31
1468,lrange5,1000000,1240754.38
1469,lpush5,1000000,845335.62
1469,lrange5,1000000,1282051.38
1470,lpush5,1000000,834831.44
1470,lrange5,1000000,1293806.00
1471,lpush5,1000000,836846.81
1471,lrange5,1000000,1194915.12
1472,lpush5,1000000,843399.69
1472,lrange5,1000000,1197796.50
1473,lpush5,1000000,844756.75
1473,lrange5,1000000,1285367.62
1474,lpush5,1000000,835635.75
1474,lrange5,1000000,1278772.38
1475,lpush5,1000000,838236.44
1475,lrange5,1000000,1273905.75
1476,lpush5,1000000,831414.81
1476,lrange5,1000000,1231566.50
1477,lpush5,1000000,844648.62
1477,lrange5,1000000,1178214.38
1478,lpush5,1000000,836873.62
1478,lrange5,1000000,1295357.50
1479,lpush5,1000000,838263.25
1479,lrange5,1000000,1272264.62
1480,lpush5,1000000,838993.25
1480,lrange5,1000000,1194953.38
1481,lpush5,1000000,842635.19
1481,lrange5,1000000,1291989.62
1482,lpush5,1000000,834081.75
1482,lrange5,1000000,1265822.75
1483,lpush5,1000000,841885.56
1483,lrange5,1000000,1287001.25
1484,lpush5,1000000,841791.25
1484,lrange5,1000000,1174065.75
1485,lpush5,1000000,835462.00
1485,lrange5,1000000,1193508.38
1486,lpush5,1000000,831321.75
1486,lrange5,1000000,1194762.25
1487,lpush5,1000000,837534.31
1487,lrange5,1000000,1282133.38
1488,lpush5,1000000,839724.62
1488,lrange5,1000000,1283799.75
1489,lpush5,1000000,846186.12
1489,lrange5,1000000,1197815.62
1490,lpush5,1000000,836227.44
1490,lrange5,1000000,1193336.50
1491,lpush5,1000000,844689.19
1491,lrange5,1000000,1259445.75
1492,lpush5,1000000,838939.56
1492,lrange5,1000000,1262808.12
1493,lpush5,1000000,844003.44
1493,lrange5,1000000,1277302.75
1494,lpush5,1000000,838424.19
1494,lrange5,1000000,1295399.00
1495,lpush5,1000000,846794.25
1495,lrange5,1000000,1251584.50
1496,lpush5,1000000,833399.94
1496,lrange5,1000000,1258062.88
1497,lpush5,1000000,830617.94
1497,lrange5,1000000,1292155.00
1498,lpush5,1000000,842689.12
1498,lrange5,1000000,1298846.75
1499,lpush5,1000000,839684.31
1499,lrange5,1000000,1242395.00
1500,lpush5,1000000,839791.81
1500,lrange5,1000000,1282092.38
1501,lpush5,1000000,838357.12
1501,lrange5,1000000,1297016.88
1502,lpush5,1000000,852542.19
1502,lrange5,1000000,1283861.38
1503,lpush5,1000000,832119.81
1503,lrange5,1000000,1298722.12
1504,lpush5,1000000,836120.44
1504,lrange5,1000000,1278772.38
1505,lpush5,1000000,838939.56
1505,lrange5,1000000,1292010.38
1506,lpush5,1000000,835515.44
1506,lrange5,1000000,1246922.75
1507,lpush5,1000000,829187.44
1507,lrange5,1000000,1300515.00
1508,lpush5,1000000,839087.25
1508,lrange5,1000000,1280450.62
1509,lpush5,1000000,840349.56
1509,lrange5,1000000,1196478.38
1510,lpush5,1000000,849807.94
1510,lrange5,1000000,1251744.62
1511,lpush5,1000000,842459.94
1511,lrange5,1000000,1298846.75
1512,lpush5,1000000,839020.12
1512,lrange5,1000000,1283738.12
1513,lpush5,1000000,835555.56
1513,lrange5,1000000,1302083.38
1514,lpush5,1000000,846916.19
1514,lrange5,1000000,1303780.88
1515,lpush5,1000000,836294.31
1515,lrange5,1000000,1302145.88
1516,lpush5,1000000,841042.88
1516,lrange5,1000000,1259727.88
1517,lpush5,1000000,835622.38
1517,lrange5,1000000,1282051.38
1518,lpush5,1000000,840336.12
1518,lrange5,1000000,1295399.00
1519,lpush5,1000000,831986.69
1519,lrange5,1000000,1305566.62
1520,lpush5,1000000,848298.56
1520,lrange5,1000000,1298701.38
1521,lpush5,1000000,832692.75
1521,lrange5,1000000,1231704.50
1522,lpush5,1000000,837628.12
1522,lrange5,1000000,1179358.50
1523,lpush5,1000000,836873.62
1523,lrange5,1000000,1302250.00
1524,lpush5,1000000,838939.56
1524,lrange5,1000000,1302250.00
1525,lpush5,1000000,831973.38
1525,lrange5,1000000,1275510.25
1526,lpush5,1000000,838979.81
1526,lrange5,1000000,1261034.12
1527,lpush5,1000000,834764.62
1527,lrange5,1000000,1300577.38
1528,lpush5,1000000,836214.06
1528,lrange5,1000000,1295502.62
1529,lpush5,1000000,835502.06
1529,lrange5,1000000,1288742.25
1530,lpush5,1000000,840349.56
1530,lrange5,1000000,1261054.25
1531,lpush5,1000000,834135.12
1531,lrange5,1000000,1200691.50
1532,lpush5,1000000,835435.25
1532,lrange5,1000000,1305524.88
1533,lpush5,1000000,834028.38
1533,lrange5,1000000,1280512.12
1534,lpush5,1000000,830684.38
1534,lrange5,1000000,1248459.38
1535,lpush5,1000000,827222.50
1535,lrange5,1000000,1202346.12
1536,lpush5,1000000,846077.81
1536,lrange5,1000000,1278895.12
1537,lpush5,1000000,834135.12
1537,lrange5,1000000,1287145.38
1538,lpush5,1000000,828553.44
1538,lrange5,1000000,1196210.50
1539,lpush5,1000000,834924.94
1539,lrange5,1000000,1195049.00
1540,lpush5,1000000,835488.69
1540,lrange5,1000000,1192181.12
1541,lpush5,1000000,838370.50
1541,lrange5,1000000,1233104.88
1542,lpush5,1000000,827867.56
1542,lrange5,1000000,1295419.62
1543,lpush5,1000000,835542.19
1543,lrange5,1000000,1203465.75
1544,lpush5,1000000,841042.88
1544,lrange5,1000000,1278792.88
1545,lpush5,1000000,829346.62
1545,lrange5,1000000,1215105.75
1546,lpush5,1000000,836227.44
1546,lrange5,1000000,1275510.25
1547,lpush5,1000000,822486.88
1547,lrange5,1000000,1290343.25
1548,lpush5,1000000,838357.12
1548,lrange5,1000000,1226993.88
1549,lpush5,1000000,827341.62
1549,lrange5,1000000,1248439.50
1550,lpush5,1000000,834028.38
1550,lrange5,1000000,1285470.50
1551,lpush5,1000000,838263.25
1551,lrange5,1000000,1195068.12
1552,lpush5,1000000,846037.19
1552,lrange5,1000000,1300619.00
1553,lpush5,1000000,833386.62
1553,lrange5,1000000,1273905.75
1554,lpush5,1000000,833519.94
1554,lrange5,1000000,1075509.62
1555,lpush5,1000000,841110.19
1555,lrange5,1000000,1293888.75
1556,lpush5,1000000,841966.38
1556,lrange5,1000000,1270851.38
1557,lpush5,1000000,821824.12
1557,lrange5,1000000,1290508.38
1558,lpush5,1000000,829187.44
1558,lrange5,1000000,1293868.00
1559,lpush5,1000000,836913.75
1559,lrange5,1000000,1197911.38
1560,lpush5,1000000,840510.88
1560,lrange5,1000000,1285367.62
1561,lpush5,1000000,836294.31
1561,lrange5,1000000,1269055.88
1562,lpush5,1000000,823736.44
1562,lrange5,1000000,1204877.12
1563,lpush5,1000000,842500.38
1563,lrange5,1000000,1248619.25
1564,lpush5,1000000,836120.44
1564,lrange5,1000000,1285388.12
1565,lpush5,1000000,825201.31
1565,lrange5,1000000,1208096.62
1566,lpush5,1000000,832772.69
1566,lrange5,1000000,1201961.50
1567,lpush5,1000000,833546.62
1567,lrange5,1000000,1208135.25
1568,lpush5,1000000,836120.44
1568,lrange5,1000000,1253293.25
1569,lpush5,1000000,840336.12
1569,lrange5,1000000,1243920.38
1570,lpush5,1000000,831295.12
1570,lrange5,1000000,1278977.00
1571,lpush5,1000000,835515.44
1571,lrange5,1000000,1302312.50
1572,lpush5,1000000,837614.75
1572,lrange5,1000000,1278792.88
1573,lpush5,1000000,831986.69
1573,lrange5,1000000,1190857.12
1574,lpush5,1000000,832746.06
1574,lrange5,1000000,1302125.00
1575,lpush5,1000000,835475.31
1575,lrange5,1000000,1305608.38
1576,lpush5,1000000,836173.94
1576,lrange5,1000000,1305587.50
1577,lpush5,1000000,842675.62
1577,lrange5,1000000,1196363.62
1578,lpush5,1000000,836873.62
1578,lrange5,1000000,1295481.88
1579,lpush5,1000000,832692.75
1579,lrange5,1000000,1300494.12
1580,lpush5,1000000,841056.31
1580,lrange5,1000000,1282092.38
1581,lpush5,1000000,827143.12
1581,lrange5,1000000,1297162.12
1582,lpush5,1000000,837574.56
1582,lrange5,1000000,1302083.38
1583,lpush5,1000000,838316.88
1583,lrange5,1000000,1302145.88
1584,lpush5,1000000,842608.25
1584,lrange5,1000000,1167253.25
1585,lpush5,1000000,837061.06
1585,lrange5,1000000,1242335.38
1586,lpush5,1000000,838979.81
1586,lrange5,1000000,1302083.38
1587,lpush5,1000000,838249.81
1587,lrange5,1000000,1283820.25
1588,lpush5,1000000,834095.06
1588,lrange5,1000000,1221020.75
1589,lpush5,1000000,837534.31
1589,lrange5,1000000,1201942.25
1590,lpush5,1000000,834724.56
1590,lrange5,1000000,1285532.12
1591,lpush5,1000000,835488.69
1591,lrange5,1000000,1239335.88
1592,lpush5,1000000,838437.56
1592,lrange5,1000000,1298742.88
1593,lpush5,1000000,839100.62
1593,lrange5,1000000,1196401.88
1594,lpush5,1000000,839060.38
1594,lrange5,1000000,1278895.12
1595,lpush5,1000000,840376.44
1595,lrange5,1000000,1199328.50
1596,lpush5,1000000,844608.12
1596,lrange5,1000000,1282153.88
1597,lpush5,1000000,840389.88
1597,lrange5,1000000,1272285.00
1598,lpush5,1000000,842486.94
1598,lrange5,1000000,1186505.38
1599,lpush5,1000000,843989.94
1599,lrange5,1000000,1240794.00
1600,lpush5,1000000,822421.06
1600,lrange5,1000000,1265944.25
1601,lpush5,1000000,837721.94
1601,lrange5,1000000,1185194.38
1602,lpush5,1000000,841925.94
1602,lrange5,1000000,1293681.75
1603,lpush5,1000000,834751.31
1603,lrange5,1000000,1288659.75
1604,lpush5,1000000,836120.44
1604,lrange5,1000000,1298826.00
1605,lpush5,1000000,831255.25
1605,lrange5,1000000,1248519.38
1606,lpush5,1000000,841258.19
1606,lrange5,1000000,1288701.00
1607,lpush5,1000000,838966.44
1607,lrange5,1000000,1233065.38
1608,lpush5,1000000,831481.31
1608,lrange5,1000000,1202096.12
1609,lpush5,1000000,836307.69
1609,lrange5,1000000,1131239.88
1610,lpush5,1000000,833546.62
1610,lrange5,1000000,1283779.25
1611,lpush5,1000000,831295.12
1611,lrange5,1000000,1257942.12
1612,lpush5,1000000,830724.25
1612,lrange5,1000000,1295523.25
1613,lpush5,1000000,835435.25
1613,lrange5,1000000,1210808.75
1614,lpush5,1000000,829280.31
1614,lrange5,1000000,1234587.62
1615,lpush5,1000000,838276.62
1615,lrange5,1000000,1196325.38
1616,lpush5,1000000,836200.69
1616,lrange5,1000000,1272285.00
1617,lpush5,1000000,831361.62
1617,lrange5,1000000,1293764.50
1618,lpush5,1000000,841899.00
1618,lrange5,1000000,1300410.88
1619,lpush5,1000000,833399.94
1619,lrange5,1000000,1275591.88
1620,lpush5,1000000,829902.06
1620,lrange5,1000000,1282071.88
1621,lpush5,1000000,841056.31
1621,lrange5,1000000,1196440.12
1622,lpush5,1000000,834764.62
1622,lrange5,1000000,1282236.00
1623,lpush5,1000000,842486.94
1623,lrange5,1000000,1274129.88
1624,lpush5,1000000,838223.00
1624,lrange5,1000000,1272468.12
1625,lpush5,1000000,829888.75
1625,lrange5,1000000,1202192.25
1626,lpush5,1000000,835528.81
1626,lrange5,1000000,1200883.50
1627,lpush5,1000000,846077.81
1627,lrange5,1000000,1188009.50
1628,lpush5,1000000,840376.44
1628,lrange5,1000000,1254785.50
1629,lpush5,1000000,832732.75
1629,lrange5,1000000,1300494.12
1630,lpush5,1000000,830737.56
1630,lrange5,1000000,1292134.38
1631,lpush5,1000000,842635.19
1631,lrange5,1000000,1202230.75
1632,lpush5,1000000,835595.62
1632,lrange5,1000000,1287124.88
1633,lpush5,1000000,831960.06
1633,lrange5,1000000,1288907.12
1634,lpush5,1000000,839684.31
1634,lrange5,1000000,1269258.88
1635,lpush5,1000000,832852.62
1635,lrange5,1000000,1257922.00
1636,lpush5,1000000,832746.06
1636,lrange5,1000000,1196401.88
1637,lpush5,1000000,836307.69
1637,lrange5,1000000,1278936.00
1638,lpush5,1000000,835622.38
1638,lrange5,1000000,1302166.62
1639,lpush5,1000000,831308.44
1639,lrange5,1000000,1200729.88
1640,lpush5,1000000,829306.81
1640,lrange5,1000000,1285388.12
1641,lpush5,1000000,837074.44
1641,lrange5,1000000,1303947.88
1642,lpush5,1000000,837574.56
1642,lrange5,1000000,1307189.62
1643,lpush5,1000000,835421.88
1643,lrange5,1000000,1273966.88
1644,lpush5,1000000,836133.81
1644,lrange5,1000000,1303801.75
1645,lpush5,1000000,834068.38
1645,lrange5,1000000,1201980.75
1646,lpush5,1000000,834095.06
1646,lrange5,1000000,1202307.62
1647,lpush5,1000000,837681.75
1647,lrange5,1000000,1183678.12
1648,lpush5,1000000,831308.44
1648,lrange5,1000000,1283840.88
1649,lpush5,1000000,839778.38
1649,lrange5,1000000,1278772.38
1650,lpush5,1000000,843170.31
1650,lrange5,1000000,1288659.75
1651,lpush5,1000000,834241.88
1651,lrange5,1000000,1230032.00
1652,lpush5,1000000,825948.81
1652,lrange5,1000000,1282215.38
1653,lpush5,1000000,831946.75
1653,lrange5,1000000,1253193.00
1654,lpush5,1000000,839644.00
1654,lrange5,1000000,1302437.50
1655,lpush5,1000000,839805.19
1655,lrange5,1000000,1182468.12
1656,lpush5,1000000,831946.75
1656,lrange5,1000000,1196229.62
1657,lpush5,1000000,843976.44
1657,lrange5,1000000,1194876.88
1658,lpush5,1000000,834884.81
1658,lrange5,1000000,1190742.88
1659,lpush5,1000000,838223.00
1659,lrange5,1000000,1207729.50
1660,lpush5,1000000,832732.75
1660,lrange5,1000000,1303801.75
1661,lpush5,1000000,832826.00
1661,lrange5,1000000,1199328.50
1662,lpush5,1000000,836173.94
1662,lrange5,1000000,1172576.75
1663,lpush5,1000000,834135.12
1663,lrange5,1000000,1293723.12
1664,lpush5,1000000,834188.50
1664,lrange5,1000000,1257901.88
1665,lpush5,1000000,831321.75
1665,lrange5,1000000,1287001.25
1666,lpush5,1000000,825948.81
1666,lrange5,1000000,1305650.12
1667,lpush5,1000000,829928.62
1667,lrange5,1000000,1303968.62
1668,lpush5,1000000,837668.31
1668,lrange5,1000000,1293723.12
1669,lpush5,1000000,839644.00
1669,lrange5,1000000,1200883.50
1670,lpush5,1000000,834764.62
1670,lrange5,1000000,1303780.88
1671,lpush5,1000000,839154.31
1671,lrange5,1000000,1278792.88
1672,lpush5,1000000,837587.94
1672,lrange5,1000000,1303801.75
1673,lpush5,1000000,839006.69
1673,lrange5,1000000,1298722.12
1674,lpush5,1000000,834724.56
1674,lrange5,1000000,1236331.25
1675,lpush5,1000000,844111.44
1675,lrange5,1000000,1269076.12
1676,lpush5,1000000,837520.94
1676,lrange5,1000000,1278792.88
1677,lpush5,1000000,840389.88
1677,lrange5,1000000,1166861.12
1678,lpush5,1000000,829399.69
1678,lrange5,1000000,1251824.75
1679,lpush5,1000000,834081.75
1679,lrange5,1000000,1267569.12
1680,lpush5,1000000,832692.75
1680,lrange5,1000000,1194915.12
1681,lpush5,1000000,833373.31
1681,lrange5,1000000,1185213.25
1682,lpush5,1000000,826657.81
1682,lrange5,1000000,1283779.25
1683,lpush5,1000000,834818.06
1683,lrange5,1000000,1191895.12
1684,lpush5,1000000,829399.69
1684,lrange5,1000000,1197758.12
1685,lpush5,1000000,835555.56
1685,lrange5,1000000,1282092.38
1686,lpush5,1000000,838953.00
1686,lrange5,1000000,1178195.50
1687,lpush5,1000000,835435.25
1687,lrange5,1000000,1254825.62
1688,lpush5,1000000,839644.00
1688,lrange5,1000000,1197700.62
1689,lpush5,1000000,838979.81
1689,lrange5,1000000,1228619.12
1690,lpush5,1000000,840497.44
1690,lrange5,1000000,1293847.38
1691,lpush5,1000000,834121.75
1691,lrange5,1000000,1187800.50
1692,lpush5,1000000,831295.12
1692,lrange5,1000000,1251584.50
1693,lpush5,1000000,843881.88
1693,lrange5,1000000,1283840.88
1694,lpush5,1000000,835421.88
1694,lrange5,1000000,1302187.50
1695,lpush5,1000000,834804.69
1695,lrange5,1000000,1186372.50
1696,lpush5,1000000,841096.69
1696,lrange5,1000000,1295378.25
1697,lpush5,1000000,836294.31
1697,lrange5,1000000,1274048.38
1698,lpush5,1000000,838939.56
1698,lrange5,1000000,1295399.00
1699,lpush5,1000000,835488.69
1699,lrange5,1000000,1259667.50
1700,lpush5,1000000,834804.69
1700,lrange5,1000000,1197968.88
1701,lpush5,1000000,834201.81
1701,lrange5,1000000,1280430.25
1702,lpush5,1000000,844648.62
1702,lrange5,1000000,1182127.62
1703,lpush5,1000000,834818.06
1703,lrange5,1000000,1290322.62
1704,lpush5,1000000,841204.38
1704,lrange5,1000000,1237663.38
1705,lpush5,1000000,836200.69
1705,lrange5,1000000,1290343.25
1706,lpush5,1000000,835635.75
1706,lrange5,1000000,1278813.25
1707,lpush5,1000000,841096.69
1707,lrange5,1000000,1186391.50
1708,lpush5,1000000,837681.75
1708,lrange5,1000000,1203504.25
1709,lpush5,1000000,840349.56
1709,lrange5,1000000,1231684.75
1710,lpush5,1000000,836227.44
1710,lrange5,1000000,1298722.12
1711,lpush5,1000000,829187.44
1711,lrange5,1000000,1187838.50
1712,lpush5,1000000,832652.81
1712,lrange5,1000000,1293826.62
1713,lpush5,1000000,840403.31
1713,lrange5,1000000,1190533.38
1714,lpush5,1000000,830631.25
1714,lrange5,1000000,1225490.25
1715,lpush5,1000000,837735.31
1715,lrange5,1000000,1236093.88
1716,lpush5,1000000,840457.12
1716,lrange5,1000000,1192200.25
1717,lpush5,1000000,833439.94
1717,lrange5,1000000,1245449.62
1718,lpush5,1000000,839791.81
1718,lrange5,1000000,1267488.00
1719,lpush5,1000000,837520.94
1719,lrange5,1000000,1190495.25
1720,lpush5,1000000,836820.06
1720,lrange5,1000000,1248619.25
1721,lpush5,1000000,840349.56
1721,lrange5,1000000,1191914.25
1722,lpush5,1000000,839818.62
1722,lrange5,1000000,1193489.25
1723,lpush5,1000000,838451.00
1723,lrange5,1000000,1282153.88
1724,lpush5,1000000,839114.06
1724,lrange5,1000000,1197681.50
1725,lpush5,1000000,834898.19
1725,lrange5,1000000,1259506.25
1726,lpush5,1000000,843251.25
1726,lrange5,1000000,1278772.38
1727,lpush5,1000000,845362.69
1727,lrange5,1000000,1195125.38
1728,lpush5,1000000,836294.31
1728,lrange5,1000000,1275673.50
1729,lpush5,1000000,836267.56
1729,lrange5,1000000,1297162.12
1730,lpush5,1000000,836347.81
1730,lrange5,1000000,1182146.50
1731,lpush5,1000000,843935.88
1731,lrange5,1000000,1272285.00
1732,lpush5,1000000,841925.94
1732,lrange5,1000000,1293743.88
1733,lpush5,1000000,842473.44
1733,lrange5,1000000,1278833.75
1734,lpush5,1000000,838939.56
1734,lrange5,1000000,1197968.88
1735,lpush5,1000000,841872.06
1735,lrange5,1000000,1193451.12
1736,lpush5,1000000,836967.31
1736,lrange5,1000000,1259627.12
1737,lpush5,1000000,832799.38
1737,lrange5,1000000,1295523.25
1738,lpush5,1000000,834737.94
1738,lrange5,1000000,1293702.50
1739,lpush5,1000000,836967.31
1739,lrange5,1000000,1288701.00
1740,lpush5,1000000,838437.56
1740,lrange5,1000000,1288845.38
1741,lpush5,1000000,831335.00
1741,lrange5,1000000,1231546.88
1742,lpush5,1000000,830750.81
1742,lrange5,1000000,1190571.50
1743,lpush5,1000000,839697.75
1743,lrange5,1000000,1192181.12
1744,lpush5,1000000,837654.94
1744,lrange5,1000000,1297037.62
1745,lpush5,1000000,834778.00
1745,lrange5,1000000,1171185.00
1746,lpush5,1000000,841096.69
1746,lrange5,1000000,1264263.00
1747,lpush5,1000000,835421.88
1747,lrange5,1000000,1253193.00
1748,lpush5,1000000,832066.56
1748,lrange5,1000000,1267528.50
1749,lpush5,1000000,834081.75
1749,lrange5,1000000,1240734.50
1750,lpush5,1000000,834778.00
1750,lrange5,1000000,1305524.88
1751,lpush5,1000000,835595.62
1751,lrange5,1000000,1261094.62
1752,lpush5,1000000,833359.94
1752,lrange5,1000000,1275571.50
1753,lpush5,1000000,834818.06
1753,lrange5,1000000,1187876.50
1754,lpush5,1000000,843881.88
1754,lrange5,1000000,1228638.75
1755,lpush5,1000000,829227.19
1755,lrange5,1000000,1297265.88
1756,lpush5,1000000,846213.19
1756,lrange5,1000000,1172651.88
1757,lpush5,1000000,832000.00
1757,lrange5,1000000,1196306.12
1758,lpush5,1000000,828725.75
1758,lrange5,1000000,1194819.62
1759,lpush5,1000000,836187.31
1759,lrange5,1000000,1298722.12
1760,lpush5,1000000,836994.12
1760,lrange5,1000000,1193546.50
1761,lpush5,1000000,836227.44
1761,lrange5,1000000,1269218.25
1762,lpush5,1000000,839724.62
1762,lrange5,1000000,1272488.50
1763,lpush5,1000000,829293.56
1763,lrange5,1000000,1297058.38
1764,lpush5,1000000,843318.75
1764,lrange5,1000000,1293743.88
1765,lpush5,1000000,839684.31
1765,lrange5,1000000,1275510.25
1766,lpush5,1000000,840443.69
1766,lrange5,1000000,1272264.62
1767,lpush5,1000000,828593.19
1767,lrange5,1000000,1283738.12
1768,lpush5,1000000,835435.25
1768,lrange5,1000000,1187876.50
1769,lpush5,1000000,833386.62
1769,lrange5,1000000,1192066.75
1770,lpush5,1000000,841764.31
1770,lrange5,1000000,1196574.12
1771,lpush5,1000000,837762.12
1771,lrange5,1000000,1193680.25
1772,lpush5,1000000,834898.19
1772,lrange5,1000000,1264283.12
1773,lpush5,1000000,830644.50
1773,lrange5,1000000,1277364.00
1774,lpush5,1000000,836833.44
1774,lrange5,1000000,1295440.38
1775,lpush5,1000000,834884.81
1775,lrange5,1000000,1272264.62
1776,lpush5,1000000,841818.19
1776,lrange5,1000000,1250140.00
1777,lpush5,1000000,837668.31
1777,lrange5,1000000,1293785.25
1778,lpush5,1000000,848176.44
1778,lrange5,1000000,1290405.25
1779,lpush5,1000000,832826.00
1779,lrange5,1000000,1293764.50
1780,lpush5,1000000,841164.00
1780,lrange5,1000000,1278895.12
1781,lpush5,1000000,836820.06
1781,lrange5,1000000,1297016.88
1782,lpush5,1000000,843881.88
1782,lrange5,1000000,1300431.75
1783,lpush5,1000000,846916.19
1783,lrange5,1000000,1298867.62
1784,lpush5,1000000,837695.12
1784,lrange5,1000000,1194781.38
1785,lpush5,1000000,842648.69
1785,lrange5,1000000,1283861.38
1786,lpush5,1000000,838290.06
1786,lrange5,1000000,1242295.62
1787,lpush5,1000000,844608.12
1787,lrange5,1000000,1190704.75
1788,lpush5,1000000,839114.06
1788,lrange5,1000000,1192257.50
1789,lpush5,1000000,842473.44
1789,lrange5,1000000,1287186.62
1790,lpush5,1000000,835421.88
1790,lrange5,1000000,1298763.62
1791,lpush5,1000000,840376.44
1791,lrange5,1000000,1288742.25
1792,lpush5,1000000,848190.00
1792,lrange5,1000000,1259586.88
1793,lpush5,1000000,836347.81
1793,lrange5,1000000,1184891.00
1794,lpush5,1000000,836833.44
1794,lrange5,1000000,1189422.12
1795,lpush5,1000000,837561.12
1795,lrange5,1000000,1283881.88
1796,lpush5,1000000,838383.94
1796,lrange5,1000000,1295378.25
1797,lpush5,1000000,835435.25
1797,lrange5,1000000,1257922.00
1798,lpush5,1000000,837628.12
1798,lrange5,1000000,1295419.62
1799,lpush5,1000000,841764.31
1799,lrange5,1000000,1266005.00
1800,lpush5,1000000,833386.62
1800,lrange5,1000000,1190742.88
1801,lpush5,1000000,841912.50
1801,lrange5,1000000,1292237.75
1802,lpush5,1000000,837587.94
1802,lrange5,1000000,1290467.12
1803,lpush5,1000000,825135.31
1803,lrange5,1000000,1292134.38
1804,lpush5,1000000,836160.56
1804,lrange5,1000000,1197911.38
1805,lpush5,1000000,836361.19
1805,lrange5,1000000,1251604.50
1806,lpush5,1000000,838939.56
1806,lrange5,1000000,1300452.50
1807,lpush5,1000000,836887.00
1807,lrange5,1000000,1300431.75
1808,lpush5,1000000,843305.25
1808,lrange5,1000000,1201961.50
1809,lpush5,1000000,839167.75
1809,lrange5,1000000,1203716.00
1810,lpush5,1000000,843962.94
1810,lrange5,1000000,1292072.38
1811,lpush5,1000000,841042.88
1811,lrange5,1000000,1277343.62
1812,lpush5,1000000,834778.00
1812,lrange5,1000000,1155011.50
1813,lpush5,1000000,837628.12
1813,lrange5,1000000,1269198.00
1814,lpush5,1000000,843989.94
1814,lrange5,1000000,1176583.50
1815,lpush5,1000000,836120.44
1815,lrange5,1000000,1242474.50
1816,lpush5,1000000,842513.88
1816,lrange5,1000000,1274068.75
1817,lpush5,1000000,838383.94
1817,lrange5,1000000,1190571.50
1818,lpush5,1000000,837574.56
1818,lrange5,1000000,1194819.62
1819,lpush5,1000000,841939.44
1819,lrange5,1000000,1256381.88
1820,lpush5,1000000,843922.38
1820,lrange5,1000000,1234627.12
1821,lpush5,1000000,844594.56
1821,lrange5,1000000,1278772.38
1822,lpush5,1000000,833453.31
1822,lrange5,1000000,1194915.12
1823,lpush5,1000000,841217.81
1823,lrange5,1000000,1297016.88
1824,lpush5,1000000,840376.44
1824,lrange5,1000000,1244000.00
1825,lpush5,1000000,829240.50
1825,lrange5,1000000,1302270.88
1826,lpush5,1000000,845349.12
1826,lrange5,1000000,1280655.50
1827,lpush5,1000000,838979.81
1827,lrange5,1000000,1302229.12
1828,lpush5,1000000,847511.88
1828,lrange5,1000000,1295378.25
1829,lpush5,1000000,840430.19
1829,lrange5,1000000,1278874.62
1830,lpush5,1000000,843170.31
1830,lrange5,1000000,1242315.50
1831,lpush5,1000000,834724.56
1831,lrange5,1000000,1293785.25
1832,lpush5,1000000,843318.75
1832,lrange5,1000000,1287186.62
1833,lpush5,1000000,847525.44
1833,lrange5,1000000,1193432.00
1834,lpush5,1000000,841791.25
1834,lrange5,1000000,1243860.62
1835,lpush5,1000000,835515.44
1835,lrange5,1000000,1248459.38
1836,lpush5,1000000,852705.88
1836,lrange5,1000000,1227150.88
1837,lpush5,1000000,841872.06
1837,lrange5,1000000,1262666.62
1838,lpush5,1000000,839724.62
1838,lrange5,1000000,1295481.88
1839,lpush5,1000000,841244.75
1839,lrange5,1000000,1291989.62
1840,lpush5,1000000,839778.38
1840,lrange5,1000000,1204877.12
1841,lpush5,1000000,839020.12
1841,lrange5,1000000,1298742.88
1842,lpush5,1000000,830684.38
1842,lrange5,1000000,1185194.38
1843,lpush5,1000000,841885.56
1843,lrange5,1000000,1270729.38
1844,lpush5,1000000,835635.75
1844,lrange5,1000000,1184891.00
1845,lpush5,1000000,841083.25
1845,lrange5,1000000,1193317.38
1846,lpush5,1000000,838979.81
1846,lrange5,1000000,1197758.12
1847,lpush5,1000000,842513.88
1847,lrange5,1000000,1184966.88
1848,lpush5,1000000,840564.69
1848,lrange5,1000000,1190571.50
1849,lpush5,1000000,848407.12
1849,lrange5,1000000,1195106.38
1850,lpush5,1000000,829941.88
1850,lrange5,1000000,1253152.88
1851,lpush5,1000000,841096.69
1851,lrange5,1000000,1259445.75
1852,lpush5,1000000,830631.25
1852,lrange5,1000000,1197815.62
1853,lpush5,1000000,831255.25
1853,lrange5,1000000,1180958.62
1854,lpush5,1000000,844594.56
1854,lrange5,1000000,1186657.12
1855,lpush5,1000000,837034.25
1855,lrange5,1000000,1151134.62
1856,lpush5,1000000,834791.38
1856,lrange5,1000000,1270871.62
1857,lpush5,1000000,844716.19
1857,lrange5,1000000,1293681.75
1858,lpush5,1000000,843895.38
1858,lrange5,1000000,1277282.25
1859,lpush5,1000000,840376.44
1859,lrange5,1000000,1193546.50
1860,lpush5,1000000,840443.69
1860,lrange5,1000000,1280655.50
1861,lpush5,1000000,848271.38
1861,lrange5,1000000,1300431.75
1862,lpush5,1000000,846131.94
1862,lrange5,1000000,1283758.75
1863,lpush5,1000000,836980.69
1863,lrange5,1000000,1300556.62
1864,lpush5,1000000,834028.38
1864,lrange5,1000000,1197719.75
1865,lpush5,1000000,843881.88
1865,lrange5,1000000,1278874.62
1866,lpush5,1000000,837708.56
1866,lrange5,1000000,1280614.62
1867,lpush5,1000000,838236.44
1867,lrange5,1000000,1283758.75
1868,lpush5,1000000,834148.44
1868,lrange5,1000000,1201923.00
1869,lpush5,1000000,842500.38
1869,lrange5,1000000,1298722.12
1870,lpush5,1000000,825829.94
1870,lrange5,1000000,1243820.88
1871,lpush5,1000000,833519.94
1871,lrange5,1000000,1302083.38
1872,lpush5,1000000,836307.69
1872,lrange5,1000000,1300431.75
1873,lpush5,1000000,834028.38
1873,lrange5,1000000,1180939.75
1874,lpush5,1000000,834858.12
1874,lrange5,1000000,1298826.00
1875,lpush5,1000000,843386.19
1875,lrange5,1000000,1192047.75
1876,lpush5,1000000,838330.31
1876,lrange5,1000000,1300390.12
1877,lpush5,1000000,839751.50
1877,lrange5,1000000,1300390.12
1878,lpush5,1000000,828606.44
1878,lrange5,1000000,1298722.12
1879,lpush5,1000000,832759.38
1879,lrange5,1000000,1200749.12
1880,lpush5,1000000,834055.06
1880,lrange5,1000000,1272427.50
1881,lpush5,1000000,846091.31
1881,lrange5,1000000,1151097.75
1882,lpush5,1000000,830657.81
1882,lrange5,1000000,1189193.75
1883,lpush5,1000000,831281.81
1883,lrange5,1000000,1273946.50
1884,lpush5,1000000,827827.88
1884,lrange5,1000000,1259546.50
1885,lpush5,1000000,841764.31
1885,lrange5,1000000,1257861.62
1886,lpush5,1000000,838223.00
1886,lrange5,1000000,1245369.88
1887,lpush5,1000000,833466.62
1887,lrange5,1000000,1293723.12
1888,lpush5,1000000,835421.88
1888,lrange5,1000000,1297079.12
1889,lpush5,1000000,836833.44
1889,lrange5,1000000,1194896.00
1890,lpush5,1000000,836240.81
1890,lrange5,1000000,1250180.00
1891,lpush5,1000000,836240.81
1891,lrange5,1000000,1300410.88
1892,lpush5,1000000,835421.88
1892,lrange5,1000000,1193317.38
1893,lpush5,1000000,837020.88
1893,lrange5,1000000,1277282.25
1894,lpush5,1000000,834201.81
1894,lrange5,1000000,1210847.50
1895,lpush5,1000000,844783.75
1895,lrange5,1000000,1293743.88
1896,lpush5,1000000,835582.25
1896,lrange5,1000000,1267447.50
1897,lpush5,1000000,836173.94
1897,lrange5,1000000,1193355.62
1898,lpush5,1000000,839738.06
1898,lrange5,1000000,1282071.88
1899,lpush5,1000000,843332.19
1899,lrange5,1000000,1270709.00
1900,lpush5,1000000,825935.62
1900,lrange5,1000000,1287021.88
1901,lpush5,1000000,839670.88
1901,lrange5,1000000,1236232.38
1902,lpush5,1000000,836860.19
1902,lrange5,1000000,1278772.38
1903,lpush5,1000000,836240.81
1903,lrange5,1000000,1295481.88
1904,lpush5,1000000,836334.44
1904,lrange5,1000000,1297162.12
1905,lpush5,1000000,841150.56
1905,lrange5,1000000,1288742.25
1906,lpush5,1000000,835435.25
1906,lrange5,1000000,1193699.25
1907,lpush5,1000000,840484.00
1907,lrange5,1000000,1275673.50
1908,lpush5,1000000,835421.88
1908,lrange5,1000000,1277282.25
1909,lpush5,1000000,840416.75
1909,lrange5,1000000,1233065.38
1910,lpush5,1000000,835475.31
1910,lrange5,1000000,1290673.62
1911,lpush5,1000000,844003.44
1911,lrange5,1000000,1234627.12
1912,lpush5,1000000,840470.56
1912,lrange5,1000000,1283758.75
1913,lpush5,1000000,848217.12
1913,lrange5,1000000,1298805.25
1914,lpush5,1000000,830644.50
1914,lrange5,1000000,1236192.75
1915,lpush5,1000000,834228.50
1915,lrange5,1000000,1277159.62
1916,lpush5,1000000,836887.00
1916,lrange5,1000000,1246922.75
1917,lpush5,1000000,834041.69
1917,lrange5,1000000,1228540.50
1918,lpush5,1000000,841872.06
1918,lrange5,1000000,1297099.88
1919,lpush5,1000000,837614.75
1919,lrange5,1000000,1288783.50
1920,lpush5,1000000,832093.19
1920,lrange5,1000000,1298701.38
1921,lpush5,1000000,836147.19
1921,lrange5,1000000,1297037.62
1922,lpush5,1000000,837547.75
1922,lrange5,1000000,1264242.75
1923,lpush5,1000000,838926.12
1923,lrange5,1000000,1264222.50
1924,lpush5,1000000,832026.62
1924,lrange5,1000000,1280471.12
1925,lpush5,1000000,834737.94
1925,lrange5,1000000,1197758.12
1926,lpush5,1000000,832719.44
1926,lrange5,1000000,1248439.50
1927,lpush5,1000000,831454.75
1927,lrange5,1000000,1243860.62
1928,lpush5,1000000,835609.00
1928,lrange5,1000000,1239335.88
1929,lpush5,1000000,837534.31
1929,lrange5,1000000,1303864.38
1930,lpush5,1000000,834068.38
1930,lrange5,1000000,1290425.88
1931,lpush5,1000000,838223.00
1931,lrange5,1000000,1285470.50
1932,lpush5,1000000,833426.62
1932,lrange5,1000000,1183469.75
1933,lpush5,1000000,833333.31
1933,lrange5,1000000,1278772.38
1934,lpush5,1000000,834215.19
1934,lrange5,1000000,1259506.25
1935,lpush5,1000000,837520.94
1935,lrange5,1000000,1283840.88
1936,lpush5,1000000,831255.25
1936,lrange5,1000000,1283840.88
1937,lpush5,1000000,838223.00
1937,lrange5,1000000,1208154.62
1938,lpush5,1000000,829928.62
1938,lrange5,1000000,1275714.38
1939,lpush5,1000000,837628.12
1939,lrange5,1000000,1150987.38
1940,lpush5,1000000,839738.06
1940,lrange5,1000000,1166861.12
1941,lpush5,1000000,840389.88
1941,lrange5,1000000,1293930.12
1942,lpush5,1000000,833493.31
1942,lrange5,1000000,1265903.75
1943,lpush5,1000000,843881.88
1943,lrange5,1000000,1243860.62
1944,lpush5,1000000,838290.06
1944,lrange5,1000000,1298888.38
1945,lpush5,1000000,832826.00
1945,lrange5,1000000,1292010.38
1946,lpush5,1000000,834148.44
1946,lrange5,1000000,1290343.25
1947,lpush5,1000000,842513.88
1947,lrange5,1000000,1196172.25
1948,lpush5,1000000,836334.44
1948,lrange5,1000000,1243900.50
1949,lpush5,1000000,840389.88
1949,lrange5,1000000,1192200.25
1950,lpush5,1000000,841217.81
1950,lrange5,1000000,1297162.12
1951,lpush5,1000000,839630.56
1951,lrange5,1000000,1183867.38
1952,lpush5,1000000,832119.81
1952,lrange5,1000000,1261094.62
1953,lpush5,1000000,849685.62
1953,lrange5,1000000,1193317.38
1954,lpush5,1000000,839670.88
1954,lrange5,1000000,1303968.62
1955,lpush5,1000000,839818.62
1955,lrange5,1000000,1183659.12
1956,lpush5,1000000,835582.25
1956,lrange5,1000000,1225686.25
1957,lpush5,1000000,840403.31
1957,lrange5,1000000,1251564.38
1958,lpush5,1000000,843291.75
1958,lrange5,1000000,1303780.88
1959,lpush5,1000000,837574.56
1959,lrange5,1000000,1196325.38
1960,lpush5,1000000,834724.56
1960,lrange5,1000000,1267528.50
1961,lpush5,1000000,839073.81
1961,lrange5,1000000,1250260.00
1962,lpush5,1000000,839684.31
1962,lrange5,1000000,1297016.88
1963,lpush5,1000000,832666.12
1963,lrange5,1000000,1259607.00
1964,lpush5,1000000,841096.69
1964,lrange5,1000000,1295378.25
1965,lpush5,1000000,837748.75
1965,lrange5,1000000,1280512.12
1966,lpush5,1000000,839738.06
1966,lrange5,1000000,1219531.75
1967,lpush5,1000000,834737.94
1967,lrange5,1000000,1287124.88
1968,lpush5,1000000,851091.12
1968,lrange5,1000000,1297016.88
1969,lpush5,1000000,841231.25
1969,lrange5,1000000,1291989.62
1970,lpush5,1000000,841804.75
1970,lrange5,1000000,1199060.00
1971,lpush5,1000000,842648.69
1971,lrange5,1000000,1264323.62
1972,lpush5,1000000,840497.44
1972,lrange5,1000000,1291989.62
1973,lpush5,1000000,832679.44
1973,lrange5,1000000,1180656.38
1974,lpush5,1000000,830617.94
1974,lrange5,1000000,1254905.88
1975,lpush5,1000000,841244.75
1975,lrange5,1000000,1275551.00
1976,lpush5,1000000,827854.31
1976,lrange5,1000000,1233085.12
1977,lpush5,1000000,838953.00
1977,lrange5,1000000,1187705.50
1978,lpush5,1000000,838263.25
1978,lrange5,1000000,1177875.12
1979,lpush5,1000000,840389.88
1979,lrange5,1000000,1287021.88
1980,lpush5,1000000,846064.25
1980,lrange5,1000000,1190533.38
1981,lpush5,1000000,839020.12
1981,lrange5,1000000,1196535.88
1982,lpush5,1000000,839697.75
1982,lrange5,1000000,1270648.00
1983,lpush5,1000000,836187.31
1983,lrange5,1000000,1203465.75
1984,lpush5,1000000,833493.31
1984,lrange5,1000000,1277241.38
1985,lpush5,1000000,836240.81
1985,lrange5,1000000,1302291.62
1986,lpush5,1000000,843197.31
1986,lrange5,1000000,1248459.38
1987,lpush5,1000000,829359.88
1987,lrange5,1000000,1197604.88
1988,lpush5,1000000,842635.19
1988,lrange5,1000000,1257922.00
1989,lpush5,1000000,833466.62
1989,lrange5,1000000,1195087.25
1990,lpush5,1000000,836980.69
1990,lrange5,1000000,1199136.75
1991,lpush5,1000000,830034.81
1991,lrange5,1000000,1273885.25
1992,lpush5,1000000,838410.75
1992,lrange5,1000000,1283697.12
1993,lpush5,1000000,830061.38
1993,lrange5,1000000,1259607.00
1994,lpush5,1000000,835635.75
1994,lrange5,1000000,1298742.88
1995,lpush5,1000000,835435.25
1995,lrange5,1000000,1259466.00
1996,lpush5,1000000,841925.94
1996,lrange5,1000000,1280532.62
1997,lpush5,1000000,841190.94
1997,lrange5,1000000,1199232.62
1998,lpush5,1000000,842635.19
1998,lrange5,1000000,1290322.62
1999,lpush5,1000000,837601.31
1999,lrange5,1000000,1182222.25
2000,lpush5,1000000,843345.69
2000,lrange5,1000000,1283697.12
