trial,operation,requests,rps
1,lpush5,1000000,570776.25
1,lrange5,1000000,1184928.88
2,lpush5,1000000,818435.38
2,lrange5,1000000,1269055.88
3,lpush5,1000000,809126.25
3,lrange5,1000000,1290384.50
4,lpush5,1000000,815869.50
4,lrange5,1000000,1233203.50
5,lpush5,1000000,821057.44
5,lrange5,1000000,1256301.50
6,lpush5,1000000,805307.56
6,lrange5,1000000,1197777.25
7,lpush5,1000000,819763.94
7,lrange5,1000000,1288762.88
8,lpush5,1000000,809833.19
8,lrange5,1000000,1251564.38
9,lpush5,1000000,818383.00
9,lrange5,1000000,1265964.50
10,lpush5,1000000,823111.06
10,lrange5,1000000,1256381.88
11,lpush5,1000000,825975.25
11,lrange5,1000000,1292010.38
12,lpush5,1000000,812503.69
12,lrange5,1000000,1275693.88
13,lpush5,1000000,817006.56
13,lrange5,1000000,1292113.75
14,lpush5,1000000,809126.25
14,lrange5,1000000,1274048.38
15,lpush5,1000000,821188.81
15,lrange5,1000000,1290508.38
16,lpush5,1000000,814410.38
16,lrange5,1000000,1295378.25
17,lpush5,1000000,813773.81
17,lrange5,1000000,1183564.50
18,lpush5,1000000,811792.19
18,lrange5,1000000,1288845.38
19,lpush5,1000000,812386.69
19,lrange5,1000000,1262787.88
20,lpush5,1000000,817176.50
20,lrange5,1000000,1272488.50
21,lpush5,1000000,814332.19
21,lrange5,1000000,1285347.00
22,lpush5,1000000,808614.38
22,lrange5,1000000,1270810.62
23,lpush5,1000000,811688.31
23,lrange5,1000000,1275632.62
24,lpush5,1000000,815178.50
24,lrange5,1000000,1199117.50
25,lpush5,1000000,818343.69
25,lrange5,1000000,1236271.88
26,lpush5,1000000,817058.81
26,lrange5,1000000,1287021.88
27,lpush5,1000000,815660.69
27,lrange5,1000000,1192124.00
28,lpush5,1000000,817831.50
28,lrange5,1000000,1262626.25
29,lpush5,1000000,809165.06
29,lrange5,1000000,1277323.12
30,lpush5,1000000,823736.44
30,lrange5,1000000,1285347.00
31,lpush5,1000000,808420.38
31,lrange5,1000000,1198007.25
32,lpush5,1000000,822368.44
32,lrange5,1000000,1193661.12
33,lpush5,1000000,822486.88
33,lrange5,1000000,1200710.62
34,lpush5,1000000,820357.69
34,lrange5,1000000,819013.94
35,lpush5,1000000,505561.16
35,lrange5,1000000,949834.81
36,lpush5,1000000,815204.56
36,lrange5,1000000,1273987.25
37,lpush5,1000000,819790.12
37,lrange5,1000000,850449.00
38,lpush5,1000000,504064.53
38,lrange5,1000000,793059.44
39,lpush5,1000000,633332.50
39,lrange5,1000000,1187667.50
40,lpush5,1000000,825214.50
40,lrange5,1000000,1282051.38
41,lpush5,1000000,831481.31
41,lrange5,1000000,1285347.00
42,lpush5,1000000,813099.19
42,lrange5,1000000,1287021.88
43,lpush5,1000000,815699.88
43,lrange5,1000000,1233085.12
44,lpush5,1000000,812425.69
44,lrange5,1000000,1258022.62
45,lpush5,1000000,826446.25
45,lrange5,1000000,1274007.62
46,lpush5,1000000,823097.94
46,lrange5,1000000,798122.88
47,lpush5,1000000,556173.56
47,lrange5,1000000,1250040.00
48,lpush5,1000000,804051.50
48,lrange5,1000000,1285532.12
49,lpush5,1000000,809807.25
49,lrange5,1000000,1288762.88
50,lpush5,1000000,825777.06
50,lrange5,1000000,1258002.50
51,lpush5,1000000,815074.19
51,lrange5,1000000,1203639.00
52,lpush5,1000000,827933.81
52,lrange5,1000000,904463.00
53,lpush5,1000000,809716.56
53,lrange5,1000000,1280512.12
54,lpush5,1000000,820462.69
54,lrange5,1000000,1272325.62
55,lpush5,1000000,810580.25
55,lrange5,1000000,1253173.00
56,lpush5,1000000,822368.44
56,lrange5,1000000,1225490.25
57,lpush5,1000000,816417.94
57,lrange5,1000000,1292010.38
58,lpush5,1000000,809820.25
58,lrange5,1000000,1280450.62
59,lpush5,1000000,824521.00
59,lrange5,1000000,1290363.88
60,lpush5,1000000,817137.25
60,lrange5,1000000,1270871.62
61,lpush5,1000000,813073.19
61,lrange5,1000000,1292072.38
62,lpush5,1000000,817058.81
62,lrange5,1000000,1278792.88
63,lpush5,1000000,819672.12
63,lrange5,1000000,1283840.88
64,lpush5,1000000,825948.81
64,lrange5,1000000,1199079.12
65,lpush5,1000000,809885.00
65,lrange5,1000000,1267589.38
66,lpush5,1000000,819711.44
66,lrange5,1000000,1292093.00
67,lpush5,1000000,827129.88
67,lrange5,1000000,1251624.50
68,lpush5,1000000,811779.25
68,lrange5,1000000,1288866.00
69,lpush5,1000000,816326.50
69,lrange5,1000000,1287063.00
70,lpush5,1000000,663633.75
70,lrange5,1000000,1222513.38
71,lpush5,1000000,816431.00
71,lrange5,1000000,1222611.25
72,lpush5,1000000,817805.38
72,lrange5,1000000,1194838.75
73,lpush5,1000000,811030.00
73,lrange5,1000000,1185023.75
74,lpush5,1000000,809833.19
74,lrange5,1000000,834737.94
75,lpush5,1000000,510505.38
75,lrange5,1000000,1228501.25
76,lpush5,1000000,817019.62
76,lrange5,1000000,1283902.50
77,lpush5,1000000,817726.88
77,lrange5,1000000,1231586.25
78,lpush5,1000000,819040.19
78,lrange5,1000000,1290591.00
79,lpush5,1000000,805243.19
79,lrange5,1000000,1202134.62
80,lpush5,1000000,811094.88
80,lrange5,1000000,1254885.88
81,lpush5,1000000,807819.06
81,lrange5,1000000,1292010.38
82,lpush5,1000000,811146.75
82,lrange5,1000000,1295419.62
83,lpush5,1000000,806516.12
83,lrange5,1000000,1293681.75
84,lpush5,1000000,817098.06
84,lrange5,1000000,1267508.25
85,lpush5,1000000,811753.25
85,lrange5,1000000,1200518.62
86,lpush5,1000000,811042.94
86,lrange5,1000000,1280450.62
87,lpush5,1000000,821070.56
87,lrange5,1000000,1243801.00
88,lpush5,1000000,811909.12
88,lrange5,1000000,1259667.50
89,lpush5,1000000,807192.94
89,lrange5,1000000,1265883.50
90,lpush5,1000000,832812.69
90,lrange5,1000000,1196306.12
91,lpush5,1000000,820488.94
91,lrange5,1000000,1288701.00
92,lpush5,1000000,817045.75
92,lrange5,1000000,1288721.62
93,lpush5,1000000,817779.19
93,lrange5,1000000,1195201.88
94,lpush5,1000000,814423.44
94,lrange5,1000000,1267630.00
95,lpush5,1000000,829293.56
95,lrange5,1000000,1267528.50
96,lpush5,1000000,826446.25
96,lrange5,1000000,1234607.38
97,lpush5,1000000,825843.12
97,lrange5,1000000,1193451.12
98,lpush5,1000000,813164.19
98,lrange5,1000000,1173784.00
99,lpush5,1000000,813086.19
99,lrange5,1000000,1269096.50
100,lpush5,1000000,817753.06
100,lrange5,1000000,1259627.12
101,lpush5,1000000,821692.69
101,lrange5,1000000,1240734.50
102,lpush5,1000000,823084.75
102,lrange5,1000000,1278792.88
103,lpush5,1000000,815008.94
103,lrange5,1000000,1221040.25
104,lpush5,1000000,819842.62
104,lrange5,1000000,1197719.75
105,lpush5,1000000,821732.12
105,lrange5,1000000,1183526.62
106,lpush5,1000000,817700.69
106,lrange5,1000000,1257922.00
107,lpush5,1000000,817726.88
107,lrange5,1000000,1285449.88
108,lpush5,1000000,809255.69
108,lrange5,1000000,1261175.25
109,lpush5,1000000,815882.56
109,lrange5,1000000,780727.56
110,lpush5,1000000,502260.16
110,lrange5,1000000,1046192.50
111,lpush5,1000000,824481.44
111,lrange5,1000000,1287042.50
112,lpush5,1000000,820502.06
112,lrange5,1000000,1242454.62
113,lpush5,1000000,824428.62
113,lrange5,1000000,1192276.50
114,lpush5,1000000,822368.44
114,lrange5,1000000,1194838.75
115,lpush5,1000000,816326.50
115,lrange5,1000000,1186391.50
116,lpush5,1000000,821123.12
116,lrange5,1000000,1270709.00
117,lpush5,1000000,823749.62
117,lrange5,1000000,1264263.00
118,lpush5,1000000,819053.25
118,lrange5,1000000,1247042.38
119,lpush5,1000000,827222.50
119,lrange5,1000000,1277302.75
120,lpush5,1000000,819210.50
120,lrange5,1000000,1287001.25
121,lpush5,1000000,816378.75
121,lrange5,1000000,1278813.25
122,lpush5,1000000,813164.19
122,lrange5,1000000,1288701.00
123,lpush5,1000000,811714.31
123,lrange5,1000000,1287001.25
124,lpush5,1000000,815673.75
124,lrange5,1000000,1194876.88
125,lpush5,1000000,819000.88
125,lrange5,1000000,1227013.50
126,lpush5,1000000,820515.19
126,lrange5,1000000,1186619.25
127,lpush5,1000000,823150.62
127,lrange5,1000000,1240714.62
128,lpush5,1000000,825254.12
128,lrange5,1000000,1277159.62
129,lpush5,1000000,810411.69
129,lrange5,1000000,1287330.75
130,lpush5,1000000,818540.12
130,lrange5,1000000,1204935.00
131,lpush5,1000000,808472.12
131,lrange5,1000000,1199060.00
132,lpush5,1000000,823163.75
132,lrange5,1000000,1288721.62
133,lpush5,1000000,809859.12
133,lrange5,1000000,1288845.38
134,lpush5,1000000,813682.69
134,lrange5,1000000,1253173.00
135,lpush5,1000000,823762.75
135,lrange5,1000000,1297037.62
136,lpush5,1000000,828500.38
136,lrange5,1000000,1259546.50
137,lpush5,1000000,817674.56
137,lrange5,1000000,1184834.12
138,lpush5,1000000,808523.88
138,lrange5,1000000,1288824.75
139,lpush5,1000000,822368.44
139,lrange5,1000000,1089551.25
140,lpush5,1000000,821175.69
140,lrange5,1000000,1270668.38
141,lpush5,1000000,815686.81
141,lrange5,1000000,1254725.25
142,lpush5,1000000,829240.50
142,lrange5,1000000,1287166.00
143,lpush5,1000000,817150.31
143,lrange5,1000000,1272427.50
144,lpush5,1000000,820410.19
144,lrange5,1000000,1206427.00
145,lpush5,1000000,816496.31
145,lrange5,1000000,1208096.62
146,lpush5,1000000,819724.56
146,lrange5,1000000,1269116.75
147,lpush5,1000000,817019.62
147,lrange5,1000000,1203446.50
148,lpush5,1000000,817058.81
148,lrange5,1000000,1264263.00
149,lpush5,1000000,813099.19
149,lrange5,1000000,1270770.00
150,lpush5,1000000,819040.19
150,lrange5,1000000,1290322.62
151,lpush5,1000000,813773.81
151,lrange5,1000000,1292051.75
152,lpush5,1000000,813682.69
152,lrange5,1000000,1293723.12
153,lpush5,1000000,818513.94
153,lrange5,1000000,1293764.50
154,lpush5,1000000,826604.94
154,lrange5,1000000,1221020.75
155,lpush5,1000000,825240.94
155,lrange5,1000000,1273966.88
156,lpush5,1000000,830764.12
156,lrange5,1000000,1288721.62
157,lpush5,1000000,816326.50
157,lrange5,1000000,1270648.00
158,lpush5,1000000,816522.44
158,lrange5,1000000,1196210.50
159,lpush5,1000000,820541.44
159,lrange5,1000000,1245330.00
160,lpush5,1000000,817045.75
160,lrange5,1000000,1287083.62
161,lpush5,1000000,826472.69
161,lrange5,1000000,1292010.38
162,lpush5,1000000,816431.00
162,lrange5,1000000,1246902.75
163,lpush5,1000000,820383.94
163,lrange5,1000000,1297141.38
164,lpush5,1000000,813112.19
164,lrange5,1000000,1292093.00
165,lpush5,1000000,819158.12
165,lrange5,1000000,879634.12
166,lpush5,1000000,819210.50
166,lrange5,1000000,1285388.12
167,lpush5,1000000,820344.56
167,lrange5,1000000,1295481.88
168,lpush5,1000000,822407.94
168,lrange5,1000000,1290343.25
169,lpush5,1000000,823084.75
169,lrange5,1000000,1272285.00
170,lpush5,1000000,819053.25
170,lrange5,1000000,1295419.62
171,lpush5,1000000,828646.19
171,lrange5,1000000,1277200.50
172,lpush5,1000000,828013.31
172,lrange5,1000000,1224009.88
173,lpush5,1000000,822381.62
173,lrange5,1000000,1250020.00
174,lpush5,1000000,817674.56
174,lrange5,1000000,1290343.25
175,lpush5,1000000,823775.94
175,lrange5,1000000,1288701.00
176,lpush5,1000000,815712.94
176,lrange5,1000000,1199040.75
177,lpush5,1000000,829267.00
177,lrange5,1000000,1262626.25
178,lpush5,1000000,819881.94
178,lrange5,1000000,1250020.00
179,lpush5,1000000,823789.12
179,lrange5,1000000,1196267.88
180,lpush5,1000000,817779.19
180,lrange5,1000000,1193451.12
181,lpush5,1000000,821188.81
181,lrange5,1000000,1197796.50
182,lpush5,1000000,823762.75
182,lrange5,1000000,1290322.62
183,lpush5,1000000,819040.19
183,lrange5,1000000,1239316.00
184,lpush5,1000000,817176.50
184,lrange5,1000000,1200576.25
185,lpush5,1000000,823269.12
185,lrange5,1000000,1184966.88
186,lpush5,1000000,823058.44
186,lrange5,1000000,1207884.00
187,lpush5,1000000,819118.81
187,lrange5,1000000,1247062.38
188,lpush5,1000000,827222.50
188,lrange5,1000000,1194972.50
189,lpush5,1000000,819013.94
189,lrange5,1000000,1272305.38
190,lpush5,1000000,811185.69
190,lrange5,1000000,1290384.50
191,lpush5,1000000,819053.25
191,lrange5,1000000,1254865.75
192,lpush5,1000000,821136.25
192,lrange5,1000000,1267609.62
193,lpush5,1000000,820344.56
193,lrange5,1000000,1197777.25
194,lpush5,1000000,816326.50
194,lrange5,1000000,1283820.25
195,lpush5,1000000,821850.44
195,lrange5,1000000,1272386.75
196,lpush5,1000000,826631.38
196,lrange5,1000000,1287042.50
197,lpush5,1000000,817124.19
197,lrange5,1000000,1187819.50
198,lpush5,1000000,616903.12
198,lrange5,1000000,1202365.38
199,lpush5,1000000,816352.62
199,lrange5,1000000,1200614.62
200,lpush5,1000000,814397.38
200,lrange5,1000000,1261195.50
201,lpush5,1000000,821031.19
201,lrange5,1000000,1125057.38
202,lpush5,1000000,824547.38
202,lrange5,1000000,1298805.25
203,lpush5,1000000,821745.25
203,lrange5,1000000,1278977.00
204,lpush5,1000000,746268.62
204,lrange5,1000000,1215280.62
205,lpush5,1000000,815804.25
205,lrange5,1000000,1285347.00
206,lpush5,1000000,811779.25
206,lrange5,1000000,1270749.62
207,lpush5,1000000,812503.69
207,lrange5,1000000,1202307.62
208,lpush5,1000000,819737.69
208,lrange5,1000000,1278772.38
209,lpush5,1000000,813216.25
209,lrange5,1000000,1285429.25
210,lpush5,1000000,825922.38
210,lrange5,1000000,1295357.50
211,lpush5,1000000,817844.62
211,lrange5,1000000,1280594.12
212,lpush5,1000000,816548.56
212,lrange5,1000000,1186543.25
213,lpush5,1000000,813047.12
213,lrange5,1000000,1283881.88
214,lpush5,1000000,821254.50
214,lrange5,1000000,1280532.62
215,lpush5,1000000,817779.19
215,lrange5,1000000,1290549.75
216,lpush5,1000000,826565.25
216,lrange5,1000000,1288824.75
217,lpush5,1000000,815869.50
217,lrange5,1000000,1275591.88
218,lpush5,1000000,819698.31
218,lrange5,1000000,1285388.12
219,lpush5,1000000,821096.81
219,lrange5,1000000,1247082.38
220,lpush5,1000000,815204.56
220,lrange5,1000000,1272325.62
221,lpush5,1000000,818553.19
221,lrange5,1000000,1295481.88
222,lpush5,1000000,819724.56
222,lrange5,1000000,1292031.00
223,lpush5,1000000,821745.25
223,lrange5,1000000,1300410.88
224,lpush5,1000000,820357.69
224,lrange5,1000000,1280450.62
225,lpush5,1000000,815673.75
225,lrange5,1000000,1300494.12
226,lpush5,1000000,829888.75
226,lrange5,1000000,1254926.00
227,lpush5,1000000,832000.00
227,lrange5,1000000,1302270.88
228,lpush5,1000000,826631.38
228,lrange5,1000000,1297265.88
229,lpush5,1000000,815008.94
229,lrange5,1000000,1242236.00
230,lpush5,1000000,818369.88
230,lrange5,1000000,1292010.38
231,lpush5,1000000,823097.94
231,lrange5,1000000,1297203.62
232,lpush5,1000000,823723.25
232,lrange5,1000000,1261135.00
233,lpush5,1000000,832652.81
233,lrange5,1000000,1259506.25
234,lpush5,1000000,817189.56
234,lrange5,1000000,1297120.62
235,lpush5,1000000,819855.69
235,lrange5,1000000,1295378.25
236,lpush5,1000000,823894.56
236,lrange5,1000000,1287186.62
237,lpush5,1000000,823881.38
237,lrange5,1000000,1288824.75
238,lpush5,1000000,814436.44
238,lrange5,1000000,1295461.12
239,lpush5,1000000,821903.06
239,lrange5,1000000,1293847.38
240,lpush5,1000000,817726.88
240,lrange5,1000000,1210866.88
241,lpush5,1000000,827143.12
241,lrange5,1000000,1266005.00
242,lpush5,1000000,818383.00
242,lrange5,1000000,1247042.38
243,lpush5,1000000,833373.31
243,lrange5,1000000,1200883.50
244,lpush5,1000000,819829.50
244,lrange5,1000000,1197777.25
245,lpush5,1000000,814995.94
245,lrange5,1000000,1275653.12
246,lpush5,1000000,824507.81
246,lrange5,1000000,1278813.25
247,lpush5,1000000,819013.94
247,lrange5,1000000,1253293.25
248,lpush5,1000000,821797.88
248,lrange5,1000000,1186391.50
249,lpush5,1000000,828553.44
249,lrange5,1000000,1280491.62
250,lpush5,1000000,817831.50
250,lrange5,1000000,1251744.62
251,lpush5,1000000,815152.38
251,lrange5,1000000,1231546.88
252,lpush5,1000000,823736.44
252,lrange5,1000000,1285470.50
253,lpush5,1000000,826631.38
253,lrange5,1000000,1191895.12
254,lpush5,1000000,823947.31
254,lrange5,1000000,1139006.75
255,lpush5,1000000,713821.56
255,lrange5,1000000,1264323.62
256,lpush5,1000000,819698.31
256,lrange5,1000000,1292051.75
257,lpush5,1000000,817713.81
257,lrange5,1000000,1290508.38
258,lpush5,1000000,819000.88
258,lrange5,1000000,1292175.75
259,lpush5,1000000,822539.50
259,lrange5,1000000,1288721.62
260,lpush5,1000000,825214.50
260,lrange5,1000000,1288762.88
261,lpush5,1000000,821692.69
261,lrange5,1000000,1265843.00
262,lpush5,1000000,821070.56
262,lrange5,1000000,1190476.25
263,lpush5,1000000,814397.38
263,lrange5,1000000,1292155.00
264,lpush5,1000000,825803.50
264,lrange5,1000000,1292031.00
265,lpush5,1000000,819672.12
265,lrange5,1000000,1230071.25
266,lpush5,1000000,818513.94
266,lrange5,1000000,1290343.25
267,lpush5,1000000,828540.19
267,lrange5,1000000,1277302.75
268,lpush5,1000000,811159.75
268,lrange5,1000000,1277364.00
269,lpush5,1000000,819079.50
269,lrange5,1000000,1293764.50
270,lpush5,1000000,821175.69
270,lrange5,1000000,1265883.50
271,lpush5,1000000,825293.75
271,lrange5,1000000,1272386.75
272,lpush5,1000000,814423.44
272,lrange5,1000000,1288762.88
273,lpush5,1000000,812555.69
273,lrange5,1000000,1202134.62
274,lpush5,1000000,813125.19
274,lrange5,1000000,1245350.00
275,lpush5,1000000,815048.06
275,lrange5,1000000,1194857.75
276,lpush5,1000000,817831.50
276,lrange5,1000000,1292031.00
277,lpush5,1000000,819184.31
277,lrange5,1000000,1270648.00
278,lpush5,1000000,816378.75
278,lrange5,1000000,1200576.25
279,lpush5,1000000,823150.62
279,lrange5,1000000,1285552.75
280,lpush5,1000000,817674.56
280,lrange5,1000000,1291989.62
281,lpush5,1000000,813708.75
281,lrange5,1000000,1272468.12
282,lpush5,1000000,825856.31
282,lrange5,1000000,1199309.38
283,lpush5,1000000,822381.62
283,lrange5,1000000,1288845.38
284,lpush5,1000000,817661.44
284,lrange5,1000000,1293868.00
285,lpush5,1000000,823058.44
285,lrange5,1000000,1295523.25
286,lpush5,1000000,815699.88
286,lrange5,1000000,1262646.50
287,lpush5,1000000,833439.94
287,lrange5,1000000,1236232.38
288,lpush5,1000000,825777.06
288,lrange5,1000000,1206330.50
289,lpush5,1000000,813786.81
289,lrange5,1000000,1288845.38
290,lpush5,1000000,819737.69
290,lrange5,1000000,1210770.00
291,lpush5,1000000,822447.38
291,lrange5,1000000,1267630.00
292,lpush5,1000000,829240.50
292,lrange5,1000000,1193374.75
293,lpush5,1000000,823775.94
293,lrange5,1000000,1253273.25
294,lpush5,1000000,824586.94
294,lrange5,1000000,1258022.62
295,lpush5,1000000,809729.56
295,lrange5,1000000,1290322.62
296,lpush5,1000000,819000.88
296,lrange5,1000000,1287001.25
297,lpush5,1000000,825909.19
297,lrange5,1000000,1283902.50
298,lpush5,1000000,820462.69
298,lrange5,1000000,1189422.12
299,lpush5,1000000,824455.00
299,lrange5,1000000,1200499.38
300,lpush5,1000000,821863.62
300,lrange5,1000000,1285347.00
301,lpush5,1000000,819829.50
301,lrange5,1000000,1288680.38
302,lpush5,1000000,816993.50
302,lrange5,1000000,1270851.38
303,lpush5,1000000,819040.19
303,lrange5,1000000,1282071.88
304,lpush5,1000000,814410.38
304,lrange5,1000000,1295440.38
305,lpush5,1000000,813073.19
305,lrange5,1000000,1269218.25
306,lpush5,1000000,820383.94
306,lrange5,1000000,1195125.38
307,lpush5,1000000,817058.81
307,lrange5,1000000,1224264.38
308,lpush5,1000000,811727.25
308,lrange5,1000000,1184928.88
309,lpush5,1000000,820344.56
309,lrange5,1000000,1295378.25
310,lpush5,1000000,815856.50
310,lrange5,1000000,1197604.88
311,lpush5,1000000,816561.62
311,lrange5,1000000,1193699.25
312,lpush5,1000000,819053.25
312,lrange5,1000000,1242255.88
313,lpush5,1000000,819803.25
313,lrange5,1000000,1290425.88
314,lpush5,1000000,826538.81
314,lrange5,1000000,1236331.25
315,lpush5,1000000,827827.88
315,lrange5,1000000,1288680.38
316,lpush5,1000000,817019.62
316,lrange5,1000000,1292093.00
317,lpush5,1000000,817674.56
317,lrange5,1000000,1261034.12
318,lpush5,1000000,815048.06
318,lrange5,1000000,1288824.75
319,lpush5,1000000,818330.62
319,lrange5,1000000,1253152.88
320,lpush5,1000000,825922.38
320,lrange5,1000000,1292010.38
321,lpush5,1000000,819053.25
321,lrange5,1000000,1267609.62
322,lpush5,1000000,825135.31
322,lrange5,1000000,1180637.50
323,lpush5,1000000,817792.25
323,lrange5,1000000,1275551.00
324,lpush5,1000000,815048.06
324,lrange5,1000000,1292031.00
325,lpush5,1000000,820423.31
325,lrange5,1000000,1254705.12
326,lpush5,1000000,824415.44
326,lrange5,1000000,1231606.00
327,lpush5,1000000,823855.06
327,lrange5,1000000,1285532.12
328,lpush5,1000000,825869.56
328,lrange5,1000000,1269096.50
329,lpush5,1000000,819685.25
329,lrange5,1000000,1285429.25
330,lpush5,1000000,819053.25
330,lrange5,1000000,1239375.50
331,lpush5,1000000,826472.69
331,lrange5,1000000,1288845.38
332,lpush5,1000000,817215.69
332,lrange5,1000000,1246902.75
333,lpush5,1000000,816391.81
333,lrange5,1000000,1287021.88
334,lpush5,1000000,815712.94
334,lrange5,1000000,1280409.75
335,lpush5,1000000,814345.25
335,lrange5,1000000,1267488.00
336,lpush5,1000000,817766.12
336,lrange5,1000000,1197604.88
337,lpush5,1000000,815712.94
337,lrange5,1000000,1190857.12
338,lpush5,1000000,824441.81
338,lrange5,1000000,1207729.50
339,lpush5,1000000,831308.44
339,lrange5,1000000,1288701.00
340,lpush5,1000000,824613.31
340,lrange5,1000000,1267467.75
341,lpush5,1000000,811030.00
341,lrange5,1000000,1283738.12
342,lpush5,1000000,813669.69
342,lrange5,1000000,1272285.00
343,lpush5,1000000,823058.44
343,lrange5,1000000,1282092.38
344,lpush5,1000000,827814.62
344,lrange5,1000000,1183715.88
345,lpush5,1000000,814332.19
345,lrange5,1000000,1240774.25
346,lpush5,1000000,818330.62
346,lrange5,1000000,1277159.62
347,lpush5,1000000,816522.44
347,lrange5,1000000,1278833.75
348,lpush5,1000000,817713.81
348,lrange5,1000000,1285511.62
349,lpush5,1000000,811688.31
349,lrange5,1000000,1213592.25
350,lpush5,1000000,823084.75
350,lrange5,1000000,1282071.88
351,lpush5,1000000,816404.88
351,lrange5,1000000,1253132.88
352,lpush5,1000000,819777.00
352,lrange5,1000000,1193603.88
353,lpush5,1000000,812360.69
353,lrange5,1000000,1253173.00
354,lpush5,1000000,815217.62
354,lrange5,1000000,1270668.38
355,lpush5,1000000,816522.44
355,lrange5,1000000,1290322.62
356,lpush5,1000000,808446.25
356,lrange5,1000000,1269055.88
357,lpush5,1000000,821215.06
357,lrange5,1000000,1257861.62
358,lpush5,1000000,818487.75
358,lrange5,1000000,1203465.75
359,lpush5,1000000,823111.06
359,lrange5,1000000,1269279.25
360,lpush5,1000000,820462.69
360,lrange5,1000000,1295523.25
361,lpush5,1000000,812386.69
361,lrange5,1000000,1190819.12
362,lpush5,1000000,823124.25
362,lrange5,1000000,1181034.25
363,lpush5,1000000,817006.56
363,lrange5,1000000,1250020.00
364,lpush5,1000000,816391.81
364,lrange5,1000000,1206349.88
365,lpush5,1000000,831428.12
365,lrange5,1000000,1202307.62
366,lpush5,1000000,817739.94
366,lrange5,1000000,1298701.38
367,lpush5,1000000,818383.00
367,lrange5,1000000,1298763.62
368,lpush5,1000000,819803.25
368,lrange5,1000000,1206504.25
369,lpush5,1000000,818527.00
369,lrange5,1000000,1256301.50
370,lpush5,1000000,824402.25
370,lrange5,1000000,1237623.75
371,lpush5,1000000,819053.25
371,lrange5,1000000,1195125.38
372,lpush5,1000000,823097.94
372,lrange5,1000000,1270810.62
373,lpush5,1000000,822368.44
373,lrange5,1000000,1288742.25
374,lpush5,1000000,815061.12
374,lrange5,1000000,1283697.12
375,lpush5,1000000,821083.69
375,lrange5,1000000,1292051.75
376,lpush5,1000000,816483.25
376,lrange5,1000000,1186391.50
377,lpush5,1000000,822381.62
377,lrange5,1000000,1292072.38
378,lpush5,1000000,815204.56
378,lrange5,1000000,1287021.88
379,lpush5,1000000,817883.88
379,lrange5,1000000,1291989.62
380,lpush5,1000000,811094.88
380,lrange5,1000000,1248459.38
381,lpush5,1000000,813021.12
381,lrange5,1000000,1285635.00
382,lpush5,1000000,817713.81
382,lrange5,1000000,1204896.38
383,lpush5,1000000,819711.44
383,lrange5,1000000,1185004.75
384,lpush5,1000000,821705.81
384,lrange5,1000000,1202192.25
385,lpush5,1000000,817739.94
385,lrange5,1000000,1257861.62
386,lpush5,1000000,817163.44
386,lrange5,1000000,1196229.62
387,lpush5,1000000,818396.06
387,lrange5,1000000,1277323.12
388,lpush5,1000000,814566.75
388,lrange5,1000000,1287104.25
389,lpush5,1000000,814995.94
389,lrange5,1000000,1190685.75
390,lpush5,1000000,829875.50
390,lrange5,1000000,1288701.00
391,lpush5,1000000,827867.56
391,lrange5,1000000,1283779.25
392,lpush5,1000000,829200.69
392,lrange5,1000000,1272427.50
393,lpush5,1000000,812399.69
393,lrange5,1000000,1278936.00
394,lpush5,1000000,828513.69
394,lrange5,1000000,1290343.25
395,lpush5,1000000,817045.75
395,lrange5,1000000,1168280.38
396,lpush5,1000000,816417.94
396,lrange5,1000000,1290384.50
397,lpush5,1000000,830737.56
397,lrange5,1000000,1287001.25
398,lpush5,1000000,826657.81
398,lrange5,1000000,1280614.62
399,lpush5,1000000,817818.44
399,lrange5,1000000,1293806.00
400,lpush5,1000000,825988.44
400,lrange5,1000000,1262787.88
401,lpush5,1000000,824441.81
401,lrange5,1000000,1197988.00
402,lpush5,1000000,821811.00
402,lrange5,1000000,1278915.62
403,lpush5,1000000,821863.62
403,lrange5,1000000,1242335.38
404,lpush5,1000000,819895.06
404,lrange5,1000000,1288804.12
405,lpush5,1000000,829412.94
405,lrange5,1000000,1287145.38
406,lpush5,1000000,815673.75
406,lrange5,1000000,1295378.25
407,lpush5,1000000,816326.50
407,lrange5,1000000,1270648.00
408,lpush5,1000000,825816.69
408,lrange5,1000000,1206272.62
409,lpush5,1000000,827288.69
409,lrange5,1000000,1275530.62
410,lpush5,1000000,814371.31
410,lrange5,1000000,1297016.88
411,lpush5,1000000,819223.62
411,lrange5,1000000,1295357.50
412,lpush5,1000000,815830.38
412,lrange5,1000000,1273905.75
413,lpush5,1000000,819685.25
413,lrange5,1000000,1200557.00
414,lpush5,1000000,823775.94
414,lrange5,1000000,1291989.62
415,lpush5,1000000,817111.12
415,lrange5,1000000,1183583.38
416,lpush5,1000000,815778.19
416,lrange5,1000000,1189327.00
417,lpush5,1000000,824507.81
417,lrange5,1000000,1200614.62
418,lpush5,1000000,829888.75
418,lrange5,1000000,1200557.00
419,lpush5,1000000,813904.00
419,lrange5,1000000,1277180.12
420,lpush5,1000000,828712.50
420,lrange5,1000000,1269096.50
421,lpush5,1000000,815152.38
421,lrange5,1000000,1186410.50
422,lpush5,1000000,821083.69
422,lrange5,1000000,1261054.25
423,lpush5,1000000,811055.94
423,lrange5,1000000,1293764.50
424,lpush5,1000000,819079.50
424,lrange5,1000000,1285347.00
425,lpush5,1000000,815087.19
425,lrange5,1000000,1197853.88
426,lpush5,1000000,815074.19
426,lrange5,1000000,1231763.62
427,lpush5,1000000,807154.19
427,lrange5,1000000,1264283.12
428,lpush5,1000000,823736.44
428,lrange5,1000000,1272264.62
429,lpush5,1000000,820357.69
429,lrange5,1000000,1287083.62
430,lpush5,1000000,822460.56
430,lrange5,1000000,1199462.88
431,lpush5,1000000,811030.00
431,lrange5,1000000,1285449.88
432,lpush5,1000000,815660.69
432,lrange5,1000000,1285347.00
433,lpush5,1000000,810489.50
433,lrange5,1000000,1292196.38
434,lpush5,1000000,814332.19
434,lrange5,1000000,1285470.50
435,lpush5,1000000,811805.19
435,lrange5,1000000,1192200.25
436,lpush5,1000000,812412.69
436,lrange5,1000000,1285388.12
437,lpush5,1000000,814995.94
437,lrange5,1000000,1200845.12
438,lpush5,1000000,819013.94
438,lrange5,1000000,1251724.62
439,lpush5,1000000,829200.69
439,lrange5,1000000,1272305.38
440,lpush5,1000000,821083.69
440,lrange5,1000000,1275510.25
441,lpush5,1000000,821863.62
441,lrange5,1000000,1293826.62
442,lpush5,1000000,815712.94
442,lrange5,1000000,1282297.50
443,lpush5,1000000,820397.06
443,lrange5,1000000,1285532.12
444,lpush5,1000000,815830.38
444,lrange5,1000000,1287021.88
445,lpush5,1000000,819842.62
445,lrange5,1000000,1269035.50
446,lpush5,1000000,817844.62
446,lrange5,1000000,1180732.00
447,lpush5,1000000,823190.12
447,lrange5,1000000,1262707.12
448,lpush5,1000000,832066.56
448,lrange5,1000000,1200787.50
449,lpush5,1000000,822407.94
449,lrange5,1000000,1290487.75
450,lpush5,1000000,821705.81
450,lrange5,1000000,1251644.50
451,lpush5,1000000,812568.69
451,lrange5,1000000,1285388.12
452,lpush5,1000000,811844.19
452,lrange5,1000000,1277200.50
453,lpush5,1000000,816509.38
453,lrange5,1000000,1270749.62
454,lpush5,1000000,815660.69
454,lrange5,1000000,1277302.75
455,lpush5,1000000,821070.56
455,lrange5,1000000,1295336.75
456,lpush5,1000000,817006.56
456,lrange5,1000000,1293723.12
457,lpush5,1000000,821215.06
457,lrange5,1000000,1191971.38
458,lpush5,1000000,814436.44
458,lrange5,1000000,1275714.38
459,lpush5,1000000,824402.25
459,lrange5,1000000,1288783.50
460,lpush5,1000000,814527.69
460,lrange5,1000000,1184910.00
461,lpush5,1000000,811081.88
461,lrange5,1000000,1237663.38
462,lpush5,1000000,825882.75
462,lrange5,1000000,1288824.75
463,lpush5,1000000,829888.75
463,lrange5,1000000,1199213.50
464,lpush5,1000000,811740.25
464,lrange5,1000000,1269035.50
465,lpush5,1000000,815699.88
465,lrange5,1000000,1256301.50
466,lpush5,1000000,821070.56
466,lrange5,1000000,1282133.38
467,lpush5,1000000,817726.88
467,lrange5,1000000,1165855.50
468,lpush5,1000000,819000.88
468,lrange5,1000000,1285491.00
469,lpush5,1000000,819777.00
469,lrange5,1000000,1267528.50
470,lpush5,1000000,818553.19
470,lrange5,1000000,1297016.88
471,lpush5,1000000,827262.19
471,lrange5,1000000,1194781.38
472,lpush5,1000000,825816.69
472,lrange5,1000000,1176640.00
473,lpush5,1000000,822368.44
473,lrange5,1000000,1257861.62
474,lpush5,1000000,823137.44
474,lrange5,1000000,1285408.75
475,lpush5,1000000,819711.44
475,lrange5,1000000,1288742.25
476,lpush5,1000000,823058.44
476,lrange5,1000000,1203408.00
477,lpush5,1000000,831255.25
477,lrange5,1000000,1288845.38
478,lpush5,1000000,822447.38
478,lrange5,1000000,1202192.25
479,lpush5,1000000,821745.25
479,lrange5,1000000,1208038.62
480,lpush5,1000000,821070.56
480,lrange5,1000000,1288824.75
481,lpush5,1000000,821215.06
481,lrange5,1000000,1262646.50
482,lpush5,1000000,817045.75
482,lrange5,1000000,1290487.75
483,lpush5,1000000,818330.62
483,lrange5,1000000,1288762.88
484,lpush5,1000000,834831.44
484,lrange5,1000000,1246882.88
485,lpush5,1000000,824415.44
485,lrange5,1000000,1193680.25
486,lpush5,1000000,819737.69
486,lrange5,1000000,1176658.75
487,lpush5,1000000,820344.56
487,lrange5,1000000,1259486.12
488,lpush5,1000000,809716.56
488,lrange5,1000000,1250040.00
489,lpush5,1000000,813825.88
489,lrange5,1000000,1200499.38
490,lpush5,1000000,812451.69
490,lrange5,1000000,1270709.00
491,lpush5,1000000,821018.00
491,lrange5,1000000,1256422.12
492,lpush5,1000000,819908.19
492,lrange5,1000000,1290343.25
493,lpush5,1000000,820528.31
493,lrange5,1000000,1283738.12
494,lpush5,1000000,823058.44
494,lrange5,1000000,1273946.50
495,lpush5,1000000,820357.69
495,lrange5,1000000,1270709.00
496,lpush5,1000000,824586.94
496,lrange5,1000000,1194762.25
497,lpush5,1000000,814332.19
497,lrange5,1000000,1194819.62
498,lpush5,1000000,825174.94
498,lrange5,1000000,1272346.00
499,lpush5,1000000,812425.69
499,lrange5,1000000,1209325.25
500,lpush5,1000000,821797.88
500,lrange5,1000000,1225549.00
501,lpush5,1000000,815048.06
501,lrange5,1000000,1277343.62
502,lpush5,1000000,813721.75
502,lrange5,1000000,1277159.62
503,lpush5,1000000,809768.44
503,lrange5,1000000,1285347.00
504,lpush5,1000000,811068.94
504,lrange5,1000000,1152331.88
505,lpush5,1000000,822368.44
505,lrange5,1000000,1292051.75
506,lpush5,1000000,818330.62
506,lrange5,1000000,1290508.38
507,lpush5,1000000,824573.75
507,lrange5,1000000,1231625.62
508,lpush5,1000000,819737.69
508,lrange5,1000000,1290446.50
509,lpush5,1000000,817844.62
509,lrange5,1000000,1297203.62
510,lpush5,1000000,827814.62
510,lrange5,1000000,1293743.88
511,lpush5,1000000,817045.75
511,lrange5,1000000,1251564.38
512,lpush5,1000000,827156.31
512,lrange5,1000000,1290363.88
513,lpush5,1000000,822539.50
513,lrange5,1000000,1245330.00
514,lpush5,1000000,818513.94
514,lrange5,1000000,1290529.12
515,lpush5,1000000,823855.06
515,lrange5,1000000,1293702.50
516,lpush5,1000000,823045.25
516,lrange5,1000000,1190723.88
517,lpush5,1000000,816378.75
517,lrange5,1000000,1287186.62
518,lpush5,1000000,829333.38
518,lrange5,1000000,1207748.75
519,lpush5,1000000,817071.94
519,lrange5,1000000,817006.56
520,lpush5,1000000,509440.62
520,lrange5,1000000,760492.75
521,lpush5,1000000,755978.88
521,lrange5,1000000,1236212.62
522,lpush5,1000000,825896.00
522,lrange5,1000000,1277159.62
523,lpush5,1000000,823775.94
523,lrange5,1000000,1243781.12
524,lpush5,1000000,811896.12
524,lrange5,1000000,1194800.50
525,lpush5,1000000,818448.44
525,lrange5,1000000,1200749.12
526,lpush5,1000000,823176.94
526,lrange5,1000000,1200537.75
527,lpush5,1000000,812347.75
527,lrange5,1000000,1234567.88
528,lpush5,1000000,813060.12
528,lrange5,1000000,1248619.25
529,lpush5,1000000,819131.88
529,lrange5,1000000,1186676.12
530,lpush5,1000000,815752.06
530,lrange5,1000000,1259526.38
531,lpush5,1000000,827315.12
531,lrange5,1000000,1262666.62
532,lpush5,1000000,817071.94
532,lrange5,1000000,1193546.50
533,lpush5,1000000,827814.62
533,lrange5,1000000,1231546.88
534,lpush5,1000000,813229.25
534,lrange5,1000000,1285408.75
535,lpush5,1000000,819829.50
535,lrange5,1000000,1259566.75
536,lpush5,1000000,821070.56
536,lrange5,1000000,1292010.38
537,lpush5,1000000,814514.62
537,lrange5,1000000,1197681.50
538,lpush5,1000000,823097.94
538,lrange5,1000000,1204877.12
539,lpush5,1000000,815048.06
539,lrange5,1000000,1270688.75
540,lpush5,1000000,827143.12
540,lrange5,1000000,1275571.50
541,lpush5,1000000,821771.56
541,lrange5,1000000,1283717.62
542,lpush5,1000000,823775.94
542,lrange5,1000000,1283881.88
543,lpush5,1000000,821745.25
543,lrange5,1000000,1283738.12
544,lpush5,1000000,823736.44
544,lrange5,1000000,1293661.00
545,lpush5,1000000,829293.56
545,lrange5,1000000,1282071.88
546,lpush5,1000000,821083.69
546,lrange5,1000000,1273987.25
547,lpush5,1000000,821916.19
547,lrange5,1000000,1201961.50
548,lpush5,1000000,815660.69
548,lrange5,1000000,1257922.00
549,lpush5,1000000,825082.50
549,lrange5,1000000,1288969.00
550,lpush5,1000000,828593.19
550,lrange5,1000000,1283697.12
551,lpush5,1000000,829941.88
551,lrange5,1000000,1298742.88
552,lpush5,1000000,827315.12
552,lrange5,1000000,1277139.25
553,lpush5,1000000,817661.44
553,lrange5,1000000,1277302.75
554,lpush5,1000000,831454.75
554,lrange5,1000000,1293723.12
555,lpush5,1000000,829240.50
555,lrange5,1000000,1203485.00
556,lpush5,1000000,825816.69
556,lrange5,1000000,1256402.00
557,lpush5,1000000,817661.44
557,lrange5,1000000,1257881.75
558,lpush5,1000000,816326.50
558,lrange5,1000000,1293702.50
559,lpush5,1000000,819145.00
559,lrange5,1000000,1199232.62
560,lpush5,1000000,825214.50
560,lrange5,1000000,1280450.62
561,lpush5,1000000,818330.62
561,lrange5,1000000,1272285.00
562,lpush5,1000000,821876.75
562,lrange5,1000000,1205012.12
563,lpush5,1000000,822473.69
563,lrange5,1000000,1210692.50
564,lpush5,1000000,835435.25
564,lrange5,1000000,1288721.62
565,lpush5,1000000,817085.00
565,lrange5,1000000,1287042.50
566,lpush5,1000000,817883.88
566,lrange5,1000000,1203542.75
567,lpush5,1000000,816391.81
567,lrange5,1000000,1200537.75
568,lpush5,1000000,823137.44
568,lrange5,1000000,1282112.88
569,lpush5,1000000,810489.50
569,lrange5,1000000,1292175.75
570,lpush5,1000000,817700.69
570,lrange5,1000000,1275510.25
571,lpush5,1000000,819118.81
571,lrange5,1000000,1246882.88
572,lpush5,1000000,821850.44
572,lrange5,1000000,1290446.50
573,lpush5,1000000,821044.31
573,lrange5,1000000,1261114.75
574,lpush5,1000000,820383.94
574,lrange5,1000000,1278936.00
575,lpush5,1000000,811688.31
575,lrange5,1000000,1196497.62
576,lpush5,1000000,823190.12
576,lrange5,1000000,1297120.62
577,lpush5,1000000,817713.81
577,lrange5,1000000,1199117.50
578,lpush5,1000000,821228.19
578,lrange5,1000000,1264445.00
579,lpush5,1000000,821797.88
579,lrange5,1000000,1287145.38
580,lpush5,1000000,823137.44
580,lrange5,1000000,1254745.25
581,lpush5,1000000,821797.88
581,lrange5,1000000,1287063.00
582,lpush5,1000000,823045.25
582,lrange5,1000000,1259546.50
583,lpush5,1000000,827222.50
583,lrange5,1000000,1283984.62
584,lpush5,1000000,820567.69
584,lrange5,1000000,1288742.25
585,lpush5,1000000,816431.00
585,lrange5,1000000,1189384.00
586,lpush5,1000000,821228.19
586,lrange5,1000000,1290343.25
587,lpush5,1000000,819197.44
587,lrange5,1000000,1297058.38
588,lpush5,1000000,823841.88
588,lrange5,1000000,1197949.75
589,lpush5,1000000,823176.94
589,lrange5,1000000,1298701.38
590,lpush5,1000000,823815.50
590,lrange5,1000000,1288701.00
591,lpush5,1000000,826538.81
591,lrange5,1000000,1225568.62
592,lpush5,1000000,825816.69
592,lrange5,1000000,1275775.50
593,lpush5,1000000,819145.00
593,lrange5,1000000,1253213.12
594,lpush5,1000000,816496.31
594,lrange5,1000000,1273926.12
595,lpush5,1000000,817753.06
595,lrange5,1000000,1205069.88
596,lpush5,1000000,825843.12
596,lrange5,1000000,1278792.88
597,lpush5,1000000,820397.06
597,lrange5,1000000,1287104.25
598,lpush5,1000000,812360.69
598,lrange5,1000000,1285429.25
599,lpush5,1000000,821031.19
599,lrange5,1000000,1273905.75
600,lpush5,1000000,825988.44
600,lrange5,1000000,1262626.25
601,lpush5,1000000,821162.50
601,lrange5,1000000,1290343.25
602,lpush5,1000000,821837.31
602,lrange5,1000000,1290363.88
603,lpush5,1000000,812347.75
603,lrange5,1000000,1297141.38
604,lpush5,1000000,816378.75
604,lrange5,1000000,1285347.00
605,lpush5,1000000,829346.62
605,lrange5,1000000,1158785.62
606,lpush5,1000000,822421.06
606,lrange5,1000000,1270688.75
607,lpush5,1000000,816993.50
607,lrange5,1000000,1295357.50
608,lpush5,1000000,815712.94
608,lrange5,1000000,1295399.00
609,lpush5,1000000,820383.94
609,lrange5,1000000,1285388.12
610,lpush5,1000000,821863.62
610,lrange5,1000000,1182354.62
611,lpush5,1000000,811740.25
611,lrange5,1000000,1298742.88
612,lpush5,1000000,819053.25
612,lrange5,1000000,1199040.75
613,lpush5,1000000,821705.81
613,lrange5,1000000,1275673.50
614,lpush5,1000000,817674.56
614,lrange5,1000000,1278956.50
615,lpush5,1000000,818396.06
615,lrange5,1000000,1250140.00
616,lpush5,1000000,809268.62
616,lrange5,1000000,1256281.38
617,lpush5,1000000,820344.56
617,lrange5,1000000,1292113.75
618,lpush5,1000000,813864.94
618,lrange5,1000000,1293888.75
619,lpush5,1000000,823045.25
619,lrange5,1000000,1292010.38
620,lpush5,1000000,823762.75
620,lrange5,1000000,1251584.50
621,lpush5,1000000,813190.25
621,lrange5,1000000,1292031.00
622,lpush5,1000000,814384.31
622,lrange5,1000000,1282051.38
623,lpush5,1000000,825148.50
623,lrange5,1000000,1275530.62
624,lpush5,1000000,816339.56
624,lrange5,1000000,1269218.25
625,lpush5,1000000,815673.75
625,lrange5,1000000,1283758.75
626,lpush5,1000000,809126.25
626,lrange5,1000000,1196172.25
627,lpush5,1000000,821903.06
627,lrange5,1000000,1253213.12
628,lpush5,1000000,828039.75
628,lrange5,1000000,1233164.00
629,lpush5,1000000,816339.56
629,lrange5,1000000,1234607.38
630,lpush5,1000000,811870.12
630,lrange5,1000000,1270648.00
631,lpush5,1000000,822434.25
631,lrange5,1000000,1272305.38
632,lpush5,1000000,813060.12
632,lrange5,1000000,1195068.12
633,lpush5,1000000,818474.62
633,lrange5,1000000,1290446.50
634,lpush5,1000000,825188.12
634,lrange5,1000000,1270831.00
635,lpush5,1000000,821745.25
635,lrange5,1000000,1193355.62
636,lpush5,1000000,816993.50
636,lrange5,1000000,1292010.38
637,lpush5,1000000,815712.94
637,lrange5,1000000,1199251.75
638,lpush5,1000000,817006.56
638,lrange5,1000000,1283840.88
639,lpush5,1000000,821863.62
639,lrange5,1000000,1254865.75
640,lpush5,1000000,821070.56
640,lrange5,1000000,1222533.00
641,lpush5,1000000,812347.75
641,lrange5,1000000,1189441.12
642,lpush5,1000000,817870.75
642,lrange5,1000000,1205224.12
643,lpush5,1000000,825777.06
643,lrange5,1000000,1269035.50
644,lpush5,1000000,823789.12
644,lrange5,1000000,1215202.88
645,lpush5,1000000,818330.62
645,lrange5,1000000,1222572.12
646,lpush5,1000000,813021.12
646,lrange5,1000000,1191895.12
647,lpush5,1000000,820528.31
647,lrange5,1000000,1261074.38
648,lpush5,1000000,823775.94
648,lrange5,1000000,1269137.12
649,lpush5,1000000,811740.25
649,lrange5,1000000,1282236.00
650,lpush5,1000000,819000.88
650,lrange5,1000000,1272366.38
651,lpush5,1000000,809087.44
651,lrange5,1000000,1202000.00
652,lpush5,1000000,813216.25
652,lrange5,1000000,1193412.88
653,lpush5,1000000,817661.44
653,lrange5,1000000,1272325.62
654,lpush5,1000000,821889.88
654,lrange5,1000000,1267528.50
655,lpush5,1000000,817779.19
655,lrange5,1000000,1287021.88
656,lpush5,1000000,818448.44
656,lrange5,1000000,1277139.25
657,lpush5,1000000,820397.06
657,lrange5,1000000,1172351.75
658,lpush5,1000000,820370.81
658,lrange5,1000000,1285429.25
659,lpush5,1000000,819171.19
659,lrange5,1000000,1277302.75
660,lpush5,1000000,821083.69
660,lrange5,1000000,1277221.00
661,lpush5,1000000,809074.50
661,lrange5,1000000,1287207.25
662,lpush5,1000000,821241.31
662,lrange5,1000000,1287145.38
663,lpush5,1000000,813008.12
663,lrange5,1000000,1192162.12
664,lpush5,1000000,821031.19
664,lrange5,1000000,1287042.50
665,lpush5,1000000,815048.06
665,lrange5,1000000,1186581.25
666,lpush5,1000000,822407.94
666,lrange5,1000000,1247062.38
667,lpush5,1000000,811107.81
667,lrange5,1000000,1254745.25
668,lpush5,1000000,834081.75
668,lrange5,1000000,1288927.75
669,lpush5,1000000,818343.69
669,lrange5,1000000,1194762.25
670,lpush5,1000000,820410.19
670,lrange5,1000000,1285532.12
671,lpush5,1000000,823190.12
671,lrange5,1000000,1273905.75
672,lpush5,1000000,830790.69
672,lrange5,1000000,1199155.88
673,lpush5,1000000,812555.69
673,lrange5,1000000,1293785.25
674,lpush5,1000000,821797.88
674,lrange5,1000000,1288866.00
675,lpush5,1000000,835528.81
675,lrange5,1000000,1209267.25
676,lpush5,1000000,811766.25
676,lrange5,1000000,1196516.75
677,lpush5,1000000,813786.81
677,lrange5,1000000,1295564.75
678,lpush5,1000000,819066.38
678,lrange5,1000000,1288886.50
679,lpush5,1000000,821758.44
679,lrange5,1000000,1274068.75
680,lpush5,1000000,827880.81
680,lrange5,1000000,1285532.12
681,lpush5,1000000,812542.69
681,lrange5,1000000,1203754.50
682,lpush5,1000000,829888.75
682,lrange5,1000000,1240734.50
683,lpush5,1000000,812451.69
683,lrange5,1000000,1272427.50
684,lpush5,1000000,819855.69
684,lrange5,1000000,1283738.12
685,lpush5,1000000,815152.38
685,lrange5,1000000,1277139.25
686,lpush5,1000000,816352.62
686,lrange5,1000000,1287104.25
687,lpush5,1000000,826618.12
687,lrange5,1000000,1182089.88
688,lpush5,1000000,811172.75
688,lrange5,1000000,1187762.50
689,lpush5,1000000,814384.31
689,lrange5,1000000,1293661.00
690,lpush5,1000000,810476.50
690,lrange5,1000000,1282112.88
691,lpush5,1000000,813008.12
691,lrange5,1000000,1237623.75
692,lpush5,1000000,811870.12
692,lrange5,1000000,1280594.12
693,lpush5,1000000,827814.62
693,lrange5,1000000,1293681.75
694,lpush5,1000000,815673.75
694,lrange5,1000000,1272427.50
695,lpush5,1000000,814475.56
695,lrange5,1000000,1288680.38
696,lpush5,1000000,813682.69
696,lrange5,1000000,1287124.88
697,lpush5,1000000,817700.69
697,lrange5,1000000,1272264.62
698,lpush5,1000000,811198.69
698,lrange5,1000000,1262626.25
699,lpush5,1000000,822500.00
699,lrange5,1000000,1261135.00
700,lpush5,1000000,819790.12
700,lrange5,1000000,1218182.75
701,lpush5,1000000,813773.81
701,lrange5,1000000,1207729.50
702,lpush5,1000000,815022.00
702,lrange5,1000000,1272264.62
703,lpush5,1000000,814384.31
703,lrange5,1000000,1292072.38
704,lpush5,1000000,815660.69
704,lrange5,1000000,1283861.38
705,lpush5,1000000,816339.56
705,lrange5,1000000,1278854.25
706,lpush5,1000000,810385.75
706,lrange5,1000000,1292031.00
707,lpush5,1000000,821110.00
707,lrange5,1000000,1272285.00
708,lpush5,1000000,821057.44
708,lrange5,1000000,1287145.38
709,lpush5,1000000,813851.94
709,lrange5,1000000,1200537.75
710,lpush5,1000000,816378.75
710,lrange5,1000000,1210808.75
711,lpush5,1000000,819737.69
711,lrange5,1000000,1278833.75
712,lpush5,1000000,821863.62
712,lrange5,1000000,1283738.12
713,lpush5,1000000,817661.44
713,lrange5,1000000,1234686.38
714,lpush5,1000000,830591.38
714,lrange5,1000000,1234745.62
715,lpush5,1000000,822381.62
715,lrange5,1000000,1291989.62
716,lpush5,1000000,829915.31
716,lrange5,1000000,1280409.75
717,lpush5,1000000,815204.56
717,lrange5,1000000,1231586.25
718,lpush5,1000000,816339.56
718,lrange5,1000000,1290529.12
719,lpush5,1000000,821018.00
719,lrange5,1000000,1251724.62
720,lpush5,1000000,818343.69
720,lrange5,1000000,1102906.25
721,lpush5,1000000,815673.75
721,lrange5,1000000,1293743.88
722,lpush5,1000000,818435.38
722,lrange5,1000000,1243781.12
723,lpush5,1000000,820397.06
723,lrange5,1000000,1228579.88
724,lpush5,1000000,820462.69
724,lrange5,1000000,1239316.00
725,lpush5,1000000,820397.06
725,lrange5,1000000,1283717.62
726,lpush5,1000000,828540.19
726,lrange5,1000000,1207729.50
727,lpush5,1000000,829915.31
727,lrange5,1000000,1199462.88
728,lpush5,1000000,817713.81
728,lrange5,1000000,1253413.62
729,lpush5,1000000,819724.56
729,lrange5,1000000,1196421.00
730,lpush5,1000000,817202.62
730,lrange5,1000000,1287124.88
731,lpush5,1000000,812373.69
731,lrange5,1000000,1237683.12
732,lpush5,1000000,821732.12
732,lrange5,1000000,1273946.50
733,lpush5,1000000,830657.81
733,lrange5,1000000,1287104.25
734,lpush5,1000000,821784.69
734,lrange5,1000000,1287186.62
735,lpush5,1000000,816431.00
735,lrange5,1000000,1191895.12
736,lpush5,1000000,818553.19
736,lrange5,1000000,1200614.62
737,lpush5,1000000,823762.75
737,lrange5,1000000,1227033.12
738,lpush5,1000000,823150.62
738,lrange5,1000000,1287021.88
739,lpush5,1000000,817228.75
739,lrange5,1000000,1251724.62
740,lpush5,1000000,825254.12
740,lrange5,1000000,1288680.38
741,lpush5,1000000,821201.94
741,lrange5,1000000,1277282.25
742,lpush5,1000000,823097.94
742,lrange5,1000000,1193355.62
743,lpush5,1000000,831946.75
743,lrange5,1000000,1190742.88
744,lpush5,1000000,818396.06
744,lrange5,1000000,1264263.00
745,lpush5,1000000,816470.19
745,lrange5,1000000,1261034.12
746,lpush5,1000000,818540.12
746,lrange5,1000000,1272447.88
747,lpush5,1000000,816339.56
747,lrange5,1000000,1193508.38
748,lpush5,1000000,830777.44
748,lrange5,1000000,1280409.75
749,lpush5,1000000,821096.81
749,lrange5,1000000,1292113.75
750,lpush5,1000000,827894.06
750,lrange5,1000000,1264384.25
751,lpush5,1000000,817006.56
751,lrange5,1000000,1246942.62
752,lpush5,1000000,822381.62
752,lrange5,1000000,1282112.88
753,lpush5,1000000,817045.75
753,lrange5,1000000,1285614.38
754,lpush5,1000000,819013.94
754,lrange5,1000000,1264424.75
755,lpush5,1000000,817019.62
755,lrange5,1000000,1233479.62
756,lpush5,1000000,812555.69
756,lrange5,1000000,1256462.25
757,lpush5,1000000,819040.19
757,lrange5,1000000,1205108.50
758,lpush5,1000000,816378.75
758,lrange5,1000000,1212509.12
759,lpush5,1000000,815113.31
759,lrange5,1000000,1200672.25
760,lpush5,1000000,823789.12
760,lrange5,1000000,1278997.38
761,lpush5,1000000,823723.25
761,lrange5,1000000,1203388.75
762,lpush5,1000000,819672.12
762,lrange5,1000000,1285388.12
763,lpush5,1000000,818409.19
763,lrange5,1000000,1293702.50
764,lpush5,1000000,813721.75
764,lrange5,1000000,1269096.50
765,lpush5,1000000,819908.19
765,lrange5,1000000,1290322.62
766,lpush5,1000000,822513.19
766,lrange5,1000000,1251584.50
767,lpush5,1000000,818330.62
767,lrange5,1000000,1287063.00
768,lpush5,1000000,805814.62
768,lrange5,1000000,1295523.25
769,lpush5,1000000,811030.00
769,lrange5,1000000,1293661.00
770,lpush5,1000000,822421.06
770,lrange5,1000000,1288659.75
771,lpush5,1000000,812516.69
771,lrange5,1000000,1180637.50
772,lpush5,1000000,829200.69
772,lrange5,1000000,1273946.50
773,lpush5,1000000,832679.44
773,lrange5,1000000,1288742.25
774,lpush5,1000000,829995.00
774,lrange5,1000000,1248619.25
775,lpush5,1000000,814462.50
775,lrange5,1000000,1258002.50
776,lpush5,1000000,815008.94
776,lrange5,1000000,1270831.00
777,lpush5,1000000,818474.62
777,lrange5,1000000,1213825.25
778,lpush5,1000000,823203.25
778,lrange5,1000000,1288845.38
779,lpush5,1000000,824402.25
779,lrange5,1000000,1290322.62
780,lpush5,1000000,816326.50
780,lrange5,1000000,1278792.88
781,lpush5,1000000,822434.25
781,lrange5,1000000,1290322.62
782,lpush5,1000000,821758.44
782,lrange5,1000000,1278772.38
783,lpush5,1000000,829875.50
783,lrange5,1000000,1265964.50
784,lpush5,1000000,819079.50
784,lrange5,1000000,1290343.25
785,lpush5,1000000,813112.19
785,lrange5,1000000,1277302.75
786,lpush5,1000000,825320.12
786,lrange5,1000000,1256442.25
787,lpush5,1000000,828513.69
787,lrange5,1000000,1279017.88
788,lpush5,1000000,817844.62
788,lrange5,1000000,1278792.88
789,lpush5,1000000,821070.56
789,lrange5,1000000,1191914.25
790,lpush5,1000000,825254.12
790,lrange5,1000000,1292217.12
791,lpush5,1000000,819027.06
791,lrange5,1000000,1287166.00
792,lpush5,1000000,829240.50
792,lrange5,1000000,1200864.38
793,lpush5,1000000,829306.81
793,lrange5,1000000,1250120.00
794,lpush5,1000000,829928.62
794,lrange5,1000000,1270668.38
795,lpush5,1000000,818356.81
795,lrange5,1000000,1285388.12
796,lpush5,1000000,819000.88
796,lrange5,1000000,1175163.38
797,lpush5,1000000,815699.88
797,lrange5,1000000,1293723.12
798,lpush5,1000000,813682.69
798,lrange5,1000000,1282071.88
799,lpush5,1000000,813073.19
799,lrange5,1000000,1245469.50
800,lpush5,1000000,814527.69
800,lrange5,1000000,1206388.38
801,lpush5,1000000,825882.75
801,lrange5,1000000,1287124.88
802,lpush5,1000000,827867.56
802,lrange5,1000000,1205127.75
803,lpush5,1000000,823163.75
803,lrange5,1000000,1285449.88
804,lpush5,1000000,821745.25
804,lrange5,1000000,1207942.00
805,lpush5,1000000,814995.94
805,lrange5,1000000,1193584.75
806,lpush5,1000000,818369.88
806,lrange5,1000000,1221001.25
807,lpush5,1000000,829928.62
807,lrange5,1000000,1203485.00
808,lpush5,1000000,819672.12
808,lrange5,1000000,1208077.25
809,lpush5,1000000,813190.25
809,lrange5,1000000,1265822.75
810,lpush5,1000000,824402.25
810,lrange5,1000000,1234587.62
811,lpush5,1000000,817071.94
811,lrange5,1000000,1194743.12
812,lpush5,1000000,826459.50
812,lrange5,1000000,1185137.50
813,lpush5,1000000,819118.81
813,lrange5,1000000,1287021.88
814,lpush5,1000000,829240.50
814,lrange5,1000000,1201980.75
815,lpush5,1000000,826499.12
815,lrange5,1000000,1243940.25
816,lpush5,1000000,814410.38
816,lrange5,1000000,1264323.62
817,lpush5,1000000,812347.75
817,lrange5,1000000,1262686.88
818,lpush5,1000000,818383.00
818,lrange5,1000000,1282051.38
819,lpush5,1000000,821031.19
819,lrange5,1000000,1177988.25
820,lpush5,1000000,822421.06
820,lrange5,1000000,1197624.00
821,lpush5,1000000,821149.38
821,lrange5,1000000,1227072.38
822,lpush5,1000000,821824.12
822,lrange5,1000000,1222572.12
823,lpush5,1000000,817713.81
823,lrange5,1000000,1190800.00
824,lpush5,1000000,815726.00
824,lrange5,1000000,1200787.50
825,lpush5,1000000,827854.31
825,lrange5,1000000,1199309.38
826,lpush5,1000000,818369.88
826,lrange5,1000000,1257881.75
827,lpush5,1000000,821745.25
827,lrange5,1000000,1287001.25
828,lpush5,1000000,828500.38
828,lrange5,1000000,1288680.38
829,lpush5,1000000,816417.94
829,lrange5,1000000,1287227.75
830,lpush5,1000000,811753.25
830,lrange5,1000000,1275571.50
831,lpush5,1000000,817700.69
831,lrange5,1000000,1283923.00
832,lpush5,1000000,819118.81
832,lrange5,1000000,1199271.00
833,lpush5,1000000,817700.69
833,lrange5,1000000,1200883.50
834,lpush5,1000000,819685.25
834,lrange5,1000000,1206735.88
835,lpush5,1000000,823071.56
835,lrange5,1000000,1293806.00
836,lpush5,1000000,815765.12
836,lrange5,1000000,1250200.00
837,lpush5,1000000,823789.12
837,lrange5,1000000,1290467.12
838,lpush5,1000000,820475.81
838,lrange5,1000000,1285511.62
839,lpush5,1000000,815178.50
839,lrange5,1000000,1293806.00
840,lpush5,1000000,823097.94
840,lrange5,1000000,1280409.75
841,lpush5,1000000,826512.38
841,lrange5,1000000,1262666.62
842,lpush5,1000000,819118.81
842,lrange5,1000000,1292113.75
843,lpush5,1000000,814384.31
843,lrange5,1000000,1270729.38
844,lpush5,1000000,817766.12
844,lrange5,1000000,1288824.75
845,lpush5,1000000,819921.31
845,lrange5,1000000,1295336.75
846,lpush5,1000000,827841.12
846,lrange5,1000000,1225490.25
847,lpush5,1000000,821758.44
847,lrange5,1000000,1245489.50
848,lpush5,1000000,827933.81
848,lrange5,1000000,1199386.12
849,lpush5,1000000,814384.31
849,lrange5,1000000,1278895.12
850,lpush5,1000000,817006.56
850,lrange5,1000000,1295481.88
851,lpush5,1000000,808420.38
851,lrange5,1000000,1290363.88
852,lpush5,1000000,824586.94
852,lrange5,1000000,1192200.25
853,lpush5,1000000,824455.00
853,lrange5,1000000,1285388.12
854,lpush5,1000000,819777.00
854,lrange5,1000000,1282236.00
855,lpush5,1000000,812503.69
855,lrange5,1000000,1250060.00
856,lpush5,1000000,821771.56
856,lrange5,1000000,1197662.25
857,lpush5,1000000,812360.69
857,lrange5,1000000,1269137.12
858,lpush5,1000000,807961.19
858,lrange5,1000000,1197815.62
859,lpush5,1000000,809820.25
859,lrange5,1000000,1278772.38
860,lpush5,1000000,820370.81
860,lrange5,1000000,1275591.88
861,lpush5,1000000,815686.81
861,lrange5,1000000,1262727.25
862,lpush5,1000000,819013.94
862,lrange5,1000000,1285470.50
863,lpush5,1000000,815660.69
863,lrange5,1000000,1287145.38
864,lpush5,1000000,815791.25
864,lrange5,1000000,1239276.38
865,lpush5,1000000,817085.00
865,lrange5,1000000,1190838.12
866,lpush5,1000000,825188.12
866,lrange5,1000000,1240952.88
867,lpush5,1000000,815217.62
867,lrange5,1000000,1202019.25
868,lpush5,1000000,813682.69
868,lrange5,1000000,1200537.75
869,lpush5,1000000,824415.44
869,lrange5,1000000,1197700.62
870,lpush5,1000000,818461.56
870,lrange5,1000000,1272346.00
871,lpush5,1000000,829267.00
871,lrange5,1000000,1201980.75
872,lpush5,1000000,832639.50
872,lrange5,1000000,1191971.38
873,lpush5,1000000,821215.06
873,lrange5,1000000,1264424.75
874,lpush5,1000000,825135.31
874,lrange5,1000000,1256361.75
875,lpush5,1000000,820397.06
875,lrange5,1000000,1275714.38
876,lpush5,1000000,824428.62
876,lrange5,1000000,1242236.00
877,lpush5,1000000,829253.75
877,lrange5,1000000,1267589.38
878,lpush5,1000000,830048.12
878,lrange5,1000000,1274028.00
879,lpush5,1000000,819750.81
879,lrange5,1000000,1288742.25
880,lpush5,1000000,816365.69
880,lrange5,1000000,1277139.25
881,lpush5,1000000,819053.25
881,lrange5,1000000,1228540.50
882,lpush5,1000000,824455.00
882,lrange5,1000000,1254745.25
883,lpush5,1000000,817753.06
883,lrange5,1000000,1270688.75
884,lpush5,1000000,824455.00
884,lrange5,1000000,1277364.00
885,lpush5,1000000,820410.19
885,lrange5,1000000,1236093.88
886,lpush5,1000000,817124.19
886,lrange5,1000000,1270790.38
887,lpush5,1000000,819118.81
887,lrange5,1000000,1262666.62
888,lpush5,1000000,819685.25
888,lrange5,1000000,1292051.75
889,lpush5,1000000,816391.81
889,lrange5,1000000,1272305.38
890,lpush5,1000000,819868.81
890,lrange5,1000000,1248499.38
891,lpush5,1000000,814345.25
891,lrange5,1000000,1283964.12
892,lpush5,1000000,825948.81
892,lrange5,1000000,1288680.38
893,lpush5,1000000,828672.75
893,lrange5,1000000,1193718.38
894,lpush5,1000000,819711.44
894,lrange5,1000000,1253193.00
895,lpush5,1000000,827129.88
895,lrange5,1000000,1193699.25
896,lpush5,1000000,816417.94
896,lrange5,1000000,1264303.38
897,lpush5,1000000,821215.06
897,lrange5,1000000,1272325.62
898,lpush5,1000000,820357.69
898,lrange5,1000000,1288742.25
899,lpush5,1000000,817058.81
899,lrange5,1000000,1287042.50
900,lpush5,1000000,825816.69
900,lrange5,1000000,1116267.88
901,lpush5,1000000,819000.88
901,lrange5,1000000,1272447.88
902,lpush5,1000000,821215.06
902,lrange5,1000000,1254705.12
903,lpush5,1000000,813734.75
903,lrange5,1000000,1280430.25
904,lpush5,1000000,825777.06
904,lrange5,1000000,1278833.75
905,lpush5,1000000,827867.56
905,lrange5,1000000,1273966.88
906,lpush5,1000000,829995.00
906,lrange5,1000000,1200729.88
907,lpush5,1000000,824494.62
907,lrange5,1000000,1275551.00
908,lpush5,1000000,823723.25
908,lrange5,1000000,1203639.00
909,lpush5,1000000,824428.62
909,lrange5,1000000,1216681.25
910,lpush5,1000000,817006.56
910,lrange5,1000000,1269177.62
911,lpush5,1000000,821057.44
911,lrange5,1000000,1267589.38
912,lpush5,1000000,820357.69
912,lrange5,1000000,1193565.62
913,lpush5,1000000,830578.06
913,lrange5,1000000,1205127.75
914,lpush5,1000000,812373.69
914,lrange5,1000000,1209422.00
915,lpush5,1000000,823723.25
915,lrange5,1000000,1262666.62
916,lpush5,1000000,828513.69
916,lrange5,1000000,1275693.88
917,lpush5,1000000,816993.50
917,lrange5,1000000,1202076.88
918,lpush5,1000000,823736.44
918,lrange5,1000000,1196555.00
919,lpush5,1000000,818396.06
919,lrange5,1000000,1277323.12
920,lpush5,1000000,817674.56
920,lrange5,1000000,1293764.50
921,lpush5,1000000,823163.75
921,lrange5,1000000,1230012.25
922,lpush5,1000000,814514.62
922,lrange5,1000000,1295523.25
923,lpush5,1000000,816378.75
923,lrange5,1000000,1267447.50
924,lpush5,1000000,820475.81
924,lrange5,1000000,1076460.62
925,lpush5,1000000,813190.25
925,lrange5,1000000,1251744.62
926,lpush5,1000000,818330.62
926,lrange5,1000000,1277180.12
927,lpush5,1000000,825803.50
927,lrange5,1000000,1266005.00
928,lpush5,1000000,821070.56
928,lrange5,1000000,1262646.50
929,lpush5,1000000,813125.19
929,lrange5,1000000,1262646.50
930,lpush5,1000000,816457.12
930,lrange5,1000000,1277139.25
931,lpush5,1000000,827275.44
931,lrange5,1000000,1287186.62
932,lpush5,1000000,827354.88
932,lrange5,1000000,1293764.50
933,lpush5,1000000,813825.88
933,lrange5,1000000,1063863.88
934,lpush5,1000000,814501.62
934,lrange5,1000000,1200614.62
935,lpush5,1000000,812399.69
935,lrange5,1000000,1204877.12
936,lpush5,1000000,833439.94
936,lrange5,1000000,1280512.12
937,lpush5,1000000,823097.94
937,lrange5,1000000,1274089.12
938,lpush5,1000000,812399.69
938,lrange5,1000000,1287186.62
939,lpush5,1000000,813747.75
939,lrange5,1000000,1298722.12
940,lpush5,1000000,819685.25
940,lrange5,1000000,1187800.50
941,lpush5,1000000,821136.25
941,lrange5,1000000,1226993.88
942,lpush5,1000000,831986.69
942,lrange5,1000000,1278792.88
943,lpush5,1000000,825135.31
943,lrange5,1000000,1282071.88
944,lpush5,1000000,757002.31
944,lrange5,1000000,1280409.75
945,lpush5,1000000,817150.31
945,lrange5,1000000,1288701.00
946,lpush5,1000000,821044.31
946,lrange5,1000000,1261175.25
947,lpush5,1000000,822394.75
947,lrange5,1000000,1051793.88
948,lpush5,1000000,820462.69
948,lrange5,1000000,1185023.75
949,lpush5,1000000,830671.12
949,lrange5,1000000,1290425.88
950,lpush5,1000000,824494.62
950,lrange5,1000000,1197719.75
951,lpush5,1000000,818396.06
951,lrange5,1000000,1251804.75
952,lpush5,1000000,829902.06
952,lrange5,1000000,1186258.62
953,lpush5,1000000,818396.06
953,lrange5,1000000,1257962.25
954,lpush5,1000000,814371.31
954,lrange5,1000000,1245330.00
955,lpush5,1000000,819118.81
955,lrange5,1000000,1285367.62
956,lpush5,1000000,814462.50
956,lrange5,1000000,1277221.00
957,lpush5,1000000,822421.06
957,lrange5,1000000,1200672.25
958,lpush5,1000000,819685.25
958,lrange5,1000000,1239316.00
959,lpush5,1000000,827249.00
959,lrange5,1000000,1202057.62
960,lpush5,1000000,817071.94
960,lrange5,1000000,1236252.12
961,lpush5,1000000,821876.75
961,lrange5,1000000,1243840.75
962,lpush5,1000000,821110.00
962,lrange5,1000000,1287083.62
963,lpush5,1000000,814436.44
963,lrange5,1000000,1199040.75
964,lpush5,1000000,819079.50
964,lrange5,1000000,1285408.75
965,lpush5,1000000,833426.62
965,lrange5,1000000,1193393.75
966,lpush5,1000000,827301.94
966,lrange5,1000000,1280409.75
967,lpush5,1000000,815712.94
967,lrange5,1000000,1291989.62
968,lpush5,1000000,814345.25
968,lrange5,1000000,1192181.12
969,lpush5,1000000,823736.44
969,lrange5,1000000,1242295.62
970,lpush5,1000000,818383.00
970,lrange5,1000000,1199194.25
971,lpush5,1000000,820357.69
971,lrange5,1000000,1189327.00
972,lpush5,1000000,812490.69
972,lrange5,1000000,1285408.75
973,lpush5,1000000,820397.06
973,lrange5,1000000,1242236.00
974,lpush5,1000000,814397.38
974,lrange5,1000000,1243880.62
975,lpush5,1000000,826459.50
975,lrange5,1000000,1288701.00
976,lpush5,1000000,812347.75
976,lrange5,1000000,1288659.75
977,lpush5,1000000,814345.25
977,lrange5,1000000,1278977.00
978,lpush5,1000000,821692.69
978,lrange5,1000000,1224049.00
979,lpush5,1000000,811159.75
979,lrange5,1000000,1197700.62
980,lpush5,1000000,809203.94
980,lrange5,1000000,1253293.25
981,lpush5,1000000,819842.62
981,lrange5,1000000,1197949.75
982,lpush5,1000000,813229.25
982,lrange5,1000000,1236133.50
983,lpush5,1000000,821241.31
983,lrange5,1000000,1257861.62
984,lpush5,1000000,815726.00
984,lrange5,1000000,1297120.62
985,lpush5,1000000,819066.38
985,lrange5,1000000,1256361.75
986,lpush5,1000000,818448.44
986,lrange5,1000000,1288659.75
987,lpush5,1000000,819763.94
987,lrange5,1000000,1283758.75
988,lpush5,1000000,817805.38
988,lrange5,1000000,1287104.25
989,lpush5,1000000,820475.81
989,lrange5,1000000,1288680.38
990,lpush5,1000000,813851.94
990,lrange5,1000000,1267528.50
991,lpush5,1000000,819066.38
991,lrange5,1000000,1285532.12
992,lpush5,1000000,823084.75
992,lrange5,1000000,1162883.75
993,lpush5,1000000,825293.75
993,lrange5,1000000,1203716.00
994,lpush5,1000000,818435.38
994,lrange5,1000000,1264343.88
995,lpush5,1000000,820370.81
995,lrange5,1000000,1267609.62
996,lpush5,1000000,828606.44
996,lrange5,1000000,1256422.12
997,lpush5,1000000,822460.56
997,lrange5,1000000,1275673.50
998,lpush5,1000000,818343.69
998,lrange5,1000000,1277159.62
999,lpush5,1000000,816993.50
999,lrange5,1000000,1231566.50
1000,lpush5,1000000,829359.88
1000,lrange5,1000000,1280594.12
1001,lpush5,1000000,821018.00
1001,lrange5,1000000,1275693.88
1002,lpush5,1000000,827235.75
1002,lrange5,1000000,1194896.00
1003,lpush5,1000000,817687.62
1003,lrange5,1000000,1257942.12
1004,lpush5,1000000,829253.75
1004,lrange5,1000000,1295399.00
1005,lpush5,1000000,818513.94
1005,lrange5,1000000,1257861.62
1006,lpush5,1000000,816470.19
1006,lrange5,1000000,1288701.00
1007,lpush5,1000000,807270.38
1007,lrange5,1000000,1265984.75
1008,lpush5,1000000,813138.19
1008,lrange5,1000000,1287001.25
1009,lpush5,1000000,826657.81
1009,lrange5,1000000,1254765.38
1010,lpush5,1000000,832652.81
1010,lrange5,1000000,1285552.75
1011,lpush5,1000000,821745.25
1011,lrange5,1000000,1275510.25
1012,lpush5,1000000,815152.38
1012,lrange5,1000000,1282051.38
1013,lpush5,1000000,829928.62
1013,lrange5,1000000,1270770.00
1014,lpush5,1000000,816993.50
1014,lrange5,1000000,1172576.75
1015,lpush5,1000000,816993.50
1015,lrange5,1000000,1278895.12
1016,lpush5,1000000,820397.06
1016,lrange5,1000000,1264303.38
1017,lpush5,1000000,819698.31
1017,lrange5,1000000,1195068.12
1018,lpush5,1000000,824573.75
1018,lrange5,1000000,1267609.62
1019,lpush5,1000000,815673.75
1019,lrange5,1000000,1285388.12
1020,lpush5,1000000,825816.69
1020,lrange5,1000000,1270871.62
1021,lpush5,1000000,822473.69
1021,lrange5,1000000,1283779.25
1022,lpush5,1000000,823045.25
1022,lrange5,1000000,1199405.25
1023,lpush5,1000000,819685.25
1023,lrange5,1000000,1269279.25
1024,lpush5,1000000,822368.44
1024,lrange5,1000000,1287001.25
1025,lpush5,1000000,812425.69
1025,lrange5,1000000,1285347.00
1026,lpush5,1000000,824573.75
1026,lrange5,1000000,1197892.25
1027,lpush5,1000000,820462.69
1027,lrange5,1000000,1288804.12
1028,lpush5,1000000,825763.88
1028,lrange5,1000000,1287083.62
1029,lpush5,1000000,815048.06
1029,lrange5,1000000,1253152.88
1030,lpush5,1000000,832000.00
1030,lrange5,1000000,1277221.00
1031,lpush5,1000000,827973.56
1031,lrange5,1000000,1240714.62
1032,lpush5,1000000,825108.88
1032,lrange5,1000000,1206542.88
1033,lpush5,1000000,817753.06
1033,lrange5,1000000,1194934.25
1034,lpush5,1000000,816326.50
1034,lrange5,1000000,1295419.62
1035,lpush5,1000000,814410.38
1035,lrange5,1000000,1200480.12
1036,lpush5,1000000,833439.94
1036,lrange5,1000000,1275673.50
1037,lpush5,1000000,822605.31
1037,lrange5,1000000,1264263.00
1038,lpush5,1000000,818435.38
1038,lrange5,1000000,1280491.62
1039,lpush5,1000000,817202.62
1039,lrange5,1000000,1250040.00
1040,lpush5,1000000,818330.62
1040,lrange5,1000000,1202000.00
1041,lpush5,1000000,823723.25
1041,lrange5,1000000,1278792.88
1042,lpush5,1000000,825135.31
1042,lrange5,1000000,1297120.62
1043,lpush5,1000000,815048.06
1043,lrange5,1000000,1285388.12
1044,lpush5,1000000,820357.69
1044,lrange5,1000000,1297058.38
1045,lpush5,1000000,815048.06
1045,lrange5,1000000,1239157.38
1046,lpush5,1000000,815817.31
1046,lrange5,1000000,1168560.75
1047,lpush5,1000000,825135.31
1047,lrange5,1000000,1250140.00
1048,lpush5,1000000,815660.69
1048,lrange5,1000000,1193393.75
1049,lpush5,1000000,823815.50
1049,lrange5,1000000,1269137.12
1050,lpush5,1000000,820357.69
1050,lrange5,1000000,1283697.12
1051,lpush5,1000000,819685.25
1051,lrange5,1000000,1193527.50
1052,lpush5,1000000,813760.81
1052,lrange5,1000000,1234567.88
1053,lpush5,1000000,813034.12
1053,lrange5,1000000,1272407.12
1054,lpush5,1000000,817111.12
1054,lrange5,1000000,1283799.75
1055,lpush5,1000000,814345.25
1055,lrange5,1000000,1295461.12
1056,lpush5,1000000,821745.25
1056,lrange5,1000000,1213650.50
1057,lpush5,1000000,826565.25
1057,lrange5,1000000,1265984.75
1058,lpush5,1000000,821863.62
1058,lrange5,1000000,1265883.50
1059,lpush5,1000000,818553.19
1059,lrange5,1000000,1288804.12
1060,lpush5,1000000,819040.19
1060,lrange5,1000000,1285655.50
1061,lpush5,1000000,828593.19
1061,lrange5,1000000,1292134.38
1062,lpush5,1000000,812386.69
1062,lrange5,1000000,1288721.62
1063,lpush5,1000000,818356.81
1063,lrange5,1000000,1253193.00
1064,lpush5,1000000,825254.12
1064,lrange5,1000000,1237742.50
1065,lpush5,1000000,819145.00
1065,lrange5,1000000,1287001.25
1066,lpush5,1000000,815712.94
1066,lrange5,1000000,1280512.12
1067,lpush5,1000000,829187.44
1067,lrange5,1000000,1253253.12
1068,lpush5,1000000,815778.19
1068,lrange5,1000000,1293661.00
1069,lpush5,1000000,830737.56
1069,lrange5,1000000,1259486.12
1070,lpush5,1000000,813177.25
1070,lrange5,1000000,1250020.00
1071,lpush5,1000000,821732.12
1071,lrange5,1000000,1280450.62
1072,lpush5,1000000,819855.69
1072,lrange5,1000000,1202000.00
1073,lpush5,1000000,812425.69
1073,lrange5,1000000,1277159.62
1074,lpush5,1000000,815830.38
1074,lrange5,1000000,1288742.25
1075,lpush5,1000000,821241.31
1075,lrange5,1000000,1285347.00
1076,lpush5,1000000,824441.81
1076,lrange5,1000000,1275510.25
1077,lpush5,1000000,817163.44
1077,lrange5,1000000,1290343.25
1078,lpush5,1000000,815739.00
1078,lrange5,1000000,1293681.75
1079,lpush5,1000000,817661.44
1079,lrange5,1000000,1280409.75
1080,lpush5,1000000,820397.06
1080,lrange5,1000000,1265843.00
1081,lpush5,1000000,818383.00
1081,lrange5,1000000,1201942.25
1082,lpush5,1000000,817137.25
1082,lrange5,1000000,1280430.25
1083,lpush5,1000000,816993.50
1083,lrange5,1000000,1285593.88
1084,lpush5,1000000,821057.44
1084,lrange5,1000000,1283799.75
1085,lpush5,1000000,819105.69
1085,lrange5,1000000,1237821.75
1086,lpush5,1000000,811740.25
1086,lrange5,1000000,1290529.12
1087,lpush5,1000000,818369.88
1087,lrange5,1000000,1287063.00
1088,lpush5,1000000,821057.44
1088,lrange5,1000000,1293681.75
1089,lpush5,1000000,816993.50
1089,lrange5,1000000,1283758.75
1090,lpush5,1000000,823762.75
1090,lrange5,1000000,1262666.62
1091,lpush5,1000000,817202.62
1091,lrange5,1000000,1290322.62
1092,lpush5,1000000,810437.62
1092,lrange5,1000000,1239316.00
1093,lpush5,1000000,820397.06
1093,lrange5,1000000,1269035.50
1094,lpush5,1000000,817726.88
1094,lrange5,1000000,1285532.12
1095,lpush5,1000000,820410.19
1095,lrange5,1000000,1288721.62
1096,lpush5,1000000,815712.94
1096,lrange5,1000000,1259627.12
1097,lpush5,1000000,817661.44
1097,lrange5,1000000,1272285.00
1098,lpush5,1000000,827288.69
1098,lrange5,1000000,1236133.50
1099,lpush5,1000000,822539.50
1099,lrange5,1000000,1282112.88
1100,lpush5,1000000,816365.69
1100,lrange5,1000000,1195029.88
1101,lpush5,1000000,817726.88
1101,lrange5,1000000,1288742.25
1102,lpush5,1000000,825188.12
1102,lrange5,1000000,1227111.62
1103,lpush5,1000000,818396.06
1103,lrange5,1000000,1215105.75
1104,lpush5,1000000,821083.69
1104,lrange5,1000000,1288866.00
1105,lpush5,1000000,820462.69
1105,lrange5,1000000,1266065.75
1106,lpush5,1000000,819040.19
1106,lrange5,1000000,1290322.62
1107,lpush5,1000000,814449.50
1107,lrange5,1000000,1250040.00
1108,lpush5,1000000,818396.06
1108,lrange5,1000000,1283861.38
1109,lpush5,1000000,823137.44
1109,lrange5,1000000,1248519.38
1110,lpush5,1000000,826499.12
1110,lrange5,1000000,1277221.00
1111,lpush5,1000000,815673.75
1111,lrange5,1000000,1257901.88
1112,lpush5,1000000,824402.25
1112,lrange5,1000000,1285511.62
1113,lpush5,1000000,819763.94
1113,lrange5,1000000,1269116.75
1114,lpush5,1000000,827814.62
1114,lrange5,1000000,1272366.38
1115,lpush5,1000000,825135.31
1115,lrange5,1000000,1186543.25
1116,lpush5,1000000,821771.56
1116,lrange5,1000000,1180637.50
1117,lpush5,1000000,819750.81
1117,lrange5,1000000,1186448.38
1118,lpush5,1000000,819197.44
1118,lrange5,1000000,1233065.38
1119,lpush5,1000000,825869.56
1119,lrange5,1000000,1272305.38
1120,lpush5,1000000,820410.19
1120,lrange5,1000000,1267569.12
1121,lpush5,1000000,813682.69
1121,lrange5,1000000,1269238.62
1122,lpush5,1000000,830617.94
1122,lrange5,1000000,1245509.38
1123,lpush5,1000000,825214.50
1123,lrange5,1000000,1264222.50
1124,lpush5,1000000,824468.25
1124,lrange5,1000000,1194953.38
1125,lpush5,1000000,817006.56
1125,lrange5,1000000,1287001.25
1126,lpush5,1000000,828579.94
1126,lrange5,1000000,1179452.88
1127,lpush5,1000000,823894.56
1127,lrange5,1000000,1182373.50
1128,lpush5,1000000,817045.75
1128,lrange5,1000000,1277343.62
1129,lpush5,1000000,816378.75
1129,lrange5,1000000,1267427.12
1130,lpush5,1000000,820554.56
1130,lrange5,1000000,1292051.75
1131,lpush5,1000000,823907.75
1131,lrange5,1000000,1246902.75
1132,lpush5,1000000,819013.94
1132,lrange5,1000000,1171334.88
1133,lpush5,1000000,813138.19
1133,lrange5,1000000,1237643.50
1134,lpush5,1000000,817189.56
1134,lrange5,1000000,1280430.25
1135,lpush5,1000000,813669.69
1135,lrange5,1000000,1272325.62
1136,lpush5,1000000,818527.00
1136,lrange5,1000000,1197834.75
1137,lpush5,1000000,814384.31
1137,lrange5,1000000,1267589.38
1138,lpush5,1000000,820344.56
1138,lrange5,1000000,1193393.75
1139,lpush5,1000000,813229.25
1139,lrange5,1000000,1292093.00
1140,lpush5,1000000,823907.75
1140,lrange5,1000000,1257861.62
1141,lpush5,1000000,825254.12
1141,lrange5,1000000,1234725.88
1142,lpush5,1000000,816339.56
1142,lrange5,1000000,1197624.00
1143,lpush5,1000000,827854.31
1143,lrange5,1000000,1267467.75
1144,lpush5,1000000,819145.00
1144,lrange5,1000000,1258002.50
1145,lpush5,1000000,813203.25
1145,lrange5,1000000,1277302.75
1146,lpush5,1000000,765782.56
1146,lrange5,1000000,1297120.62
1147,lpush5,1000000,818540.12
1147,lrange5,1000000,1288680.38
1148,lpush5,1000000,822368.44
1148,lrange5,1000000,1280450.62
1149,lpush5,1000000,819750.81
1149,lrange5,1000000,1298929.88
1150,lpush5,1000000,821797.88
1150,lrange5,1000000,1266005.00
1151,lpush5,1000000,825922.38
1151,lrange5,1000000,1297079.12
1152,lpush5,1000000,819105.69
1152,lrange5,1000000,1282194.88
1153,lpush5,1000000,818500.81
1153,lrange5,1000000,1197873.12
1154,lpush5,1000000,821719.00
1154,lrange5,1000000,1264303.38
1155,lpush5,1000000,825095.69
1155,lrange5,1000000,1288701.00
1156,lpush5,1000000,825975.25
1156,lrange5,1000000,1295668.38
1157,lpush5,1000000,822434.25
1157,lrange5,1000000,1270668.38
1158,lpush5,1000000,815074.19
1158,lrange5,1000000,1161495.88
1159,lpush5,1000000,824415.44
1159,lrange5,1000000,1213805.88
1160,lpush5,1000000,823176.94
1160,lrange5,1000000,1202115.38
1161,lpush5,1000000,825763.88
1161,lrange5,1000000,1293661.00
1162,lpush5,1000000,824600.12
1162,lrange5,1000000,1182146.50
1163,lpush5,1000000,814449.50
1163,lrange5,1000000,1285347.00
1164,lpush5,1000000,829995.00
1164,lrange5,1000000,1278977.00
1165,lpush5,1000000,817857.69
1165,lrange5,1000000,1295336.75
1166,lpush5,1000000,821149.38
1166,lrange5,1000000,1280471.12
1167,lpush5,1000000,819000.88
1167,lrange5,1000000,1288659.75
1168,lpush5,1000000,821745.25
1168,lrange5,1000000,1208058.00
1169,lpush5,1000000,822421.06
1169,lrange5,1000000,1208077.25
1170,lpush5,1000000,830048.12
1170,lrange5,1000000,1293681.75
1171,lpush5,1000000,823295.44
1171,lrange5,1000000,1264222.50
1172,lpush5,1000000,823097.94
1172,lrange5,1000000,1196248.75
1173,lpush5,1000000,822407.94
1173,lrange5,1000000,1288824.75
1174,lpush5,1000000,815204.56
1174,lrange5,1000000,1218085.25
1175,lpush5,1000000,821837.31
1175,lrange5,1000000,1266025.25
1176,lpush5,1000000,817202.62
1176,lrange5,1000000,1250020.00
1177,lpush5,1000000,824481.44
1177,lrange5,1000000,1165799.50
1178,lpush5,1000000,813112.19
1178,lrange5,1000000,1272264.62
1179,lpush5,1000000,825174.94
1179,lrange5,1000000,1287145.38
1180,lpush5,1000000,825254.12
1180,lrange5,1000000,1196267.88
1181,lpush5,1000000,817071.94
1181,lrange5,1000000,1283738.12
1182,lpush5,1000000,817687.62
1182,lrange5,1000000,1231763.62
1183,lpush5,1000000,821719.00
1183,lrange5,1000000,1267548.88
1184,lpush5,1000000,813177.25
1184,lrange5,1000000,1278772.38
1185,lpush5,1000000,820410.19
1185,lrange5,1000000,1234567.88
1186,lpush5,1000000,821031.19
1186,lrange5,1000000,1264222.50
1187,lpush5,1000000,829200.69
1187,lrange5,1000000,1259445.75
1188,lpush5,1000000,813877.94
1188,lrange5,1000000,1275591.88
1189,lpush5,1000000,822552.69
1189,lrange5,1000000,1237702.88
1190,lpush5,1000000,818396.06
1190,lrange5,1000000,1265883.50
1191,lpush5,1000000,828500.38
1191,lrange5,1000000,1278854.25
1192,lpush5,1000000,820357.69
1192,lrange5,1000000,1287310.12
1193,lpush5,1000000,821705.81
1193,lrange5,1000000,1257881.75
1194,lpush5,1000000,819842.62
1194,lrange5,1000000,1202192.25
1195,lpush5,1000000,816431.00
1195,lrange5,1000000,1275673.50
1196,lpush5,1000000,819816.38
1196,lrange5,1000000,1293743.88
1197,lpush5,1000000,819685.25
1197,lrange5,1000000,1200710.62
1198,lpush5,1000000,821705.81
1198,lrange5,1000000,1239197.00
1199,lpush5,1000000,828500.38
1199,lrange5,1000000,1287227.75
1200,lpush5,1000000,825148.50
1200,lrange5,1000000,1239157.38
1201,lpush5,1000000,833346.62
1201,lrange5,1000000,1200787.50
1202,lpush5,1000000,822500.00
1202,lrange5,1000000,1287145.38
1203,lpush5,1000000,822368.44
1203,lrange5,1000000,1288804.12
1204,lpush5,1000000,826459.50
1204,lrange5,1000000,1295357.50
1205,lpush5,1000000,827854.31
1205,lrange5,1000000,1243880.62
1206,lpush5,1000000,831281.81
1206,lrange5,1000000,1202173.00
1207,lpush5,1000000,825095.69
1207,lrange5,1000000,1288659.75
1208,lpush5,1000000,819092.56
1208,lrange5,1000000,1293785.25
1209,lpush5,1000000,825122.12
1209,lrange5,1000000,1197988.00
1210,lpush5,1000000,836133.81
1210,lrange5,1000000,1264222.50
1211,lpush5,1000000,823775.94
1211,lrange5,1000000,1269116.75
1212,lpush5,1000000,829875.50
1212,lrange5,1000000,1287042.50
1213,lpush5,1000000,819737.69
1213,lrange5,1000000,1240694.75
1214,lpush5,1000000,825122.12
1214,lrange5,1000000,1197604.88
1215,lpush5,1000000,819803.25
1215,lrange5,1000000,1196344.50
1216,lpush5,1000000,826446.25
1216,lrange5,1000000,1205012.12
1217,lpush5,1000000,823828.69
1217,lrange5,1000000,1262727.25
1218,lpush5,1000000,824402.25
1218,lrange5,1000000,1273885.25
1219,lpush5,1000000,820462.69
1219,lrange5,1000000,1194934.25
1220,lpush5,1000000,825122.12
1220,lrange5,1000000,1203446.50
1221,lpush5,1000000,817726.88
1221,lrange5,1000000,1204896.38
1222,lpush5,1000000,817896.94
1222,lrange5,1000000,1272447.88
1223,lpush5,1000000,821018.00
1223,lrange5,1000000,1290508.38
1224,lpush5,1000000,823775.94
1224,lrange5,1000000,1275714.38
1225,lpush5,1000000,831986.69
1225,lrange5,1000000,1205185.62
1226,lpush5,1000000,819855.69
1226,lrange5,1000000,1297120.62
1227,lpush5,1000000,819829.50
1227,lrange5,1000000,1297079.12
1228,lpush5,1000000,825777.06
1228,lrange5,1000000,1257942.12
1229,lpush5,1000000,827960.31
1229,lrange5,1000000,1239177.25
1230,lpush5,1000000,830564.81
1230,lrange5,1000000,1243860.62
1231,lpush5,1000000,817058.81
1231,lrange5,1000000,1280450.62
1232,lpush5,1000000,824494.62
1232,lrange5,1000000,1288762.88
1233,lpush5,1000000,814995.94
1233,lrange5,1000000,1208038.62
1234,lpush5,1000000,817792.25
1234,lrange5,1000000,1250220.00
1235,lpush5,1000000,813216.25
1235,lrange5,1000000,1209576.75
1236,lpush5,1000000,811133.81
1236,lrange5,1000000,1256281.38
1237,lpush5,1000000,820515.19
1237,lrange5,1000000,1293868.00
1238,lpush5,1000000,817163.44
1238,lrange5,1000000,1300410.88
1239,lpush5,1000000,813721.75
1239,lrange5,1000000,1298701.38
1240,lpush5,1000000,816483.25
1240,lrange5,1000000,1200480.12
1241,lpush5,1000000,815673.75
1241,lrange5,1000000,1288680.38
1242,lpush5,1000000,817058.81
1242,lrange5,1000000,1298867.62
1243,lpush5,1000000,822407.94
1243,lrange5,1000000,1262646.50
1244,lpush5,1000000,827827.88
1244,lrange5,1000000,1280614.62
1245,lpush5,1000000,822434.25
1245,lrange5,1000000,1250160.00
1246,lpush5,1000000,820357.69
1246,lrange5,1000000,1203446.50
1247,lpush5,1000000,819105.69
1247,lrange5,1000000,1292010.38
1248,lpush5,1000000,809755.44
1248,lrange5,1000000,1251624.50
1249,lpush5,1000000,815856.50
1249,lrange5,1000000,1272305.38
1250,lpush5,1000000,827867.56
1250,lrange5,1000000,1290549.75
1251,lpush5,1000000,823868.19
1251,lrange5,1000000,1287104.25
1252,lpush5,1000000,818383.00
1252,lrange5,1000000,1207884.00
1253,lpush5,1000000,816417.94
1253,lrange5,1000000,1204857.88
1254,lpush5,1000000,820475.81
1254,lrange5,1000000,1256462.25
1255,lpush5,1000000,816352.62
1255,lrange5,1000000,1246882.88
1256,lpush5,1000000,820383.94
1256,lrange5,1000000,1292031.00
1257,lpush5,1000000,814358.25
1257,lrange5,1000000,1292093.00
1258,lpush5,1000000,821745.25
1258,lrange5,1000000,1234646.88
1259,lpush5,1000000,821705.81
1259,lrange5,1000000,1300431.75
1260,lpush5,1000000,815765.12
1260,lrange5,1000000,1282092.38
1261,lpush5,1000000,820436.44
1261,lrange5,1000000,1297141.38
1262,lpush5,1000000,822434.25
1262,lrange5,1000000,1197643.12
1263,lpush5,1000000,815035.06
1263,lrange5,1000000,1298784.50
1264,lpush5,1000000,822579.00
1264,lrange5,1000000,1292072.38
1265,lpush5,1000000,823058.44
1265,lrange5,1000000,1282071.88
1266,lpush5,1000000,823789.12
1266,lrange5,1000000,1199290.12
1267,lpush5,1000000,817726.88
1267,lrange5,1000000,1283779.25
1268,lpush5,1000000,825935.62
1268,lrange5,1000000,1288762.88
1269,lpush5,1000000,823881.38
1269,lrange5,1000000,1297016.88
1270,lpush5,1000000,813734.75
1270,lrange5,1000000,1278772.38
1271,lpush5,1000000,821083.69
1271,lrange5,1000000,1245429.62
1272,lpush5,1000000,814410.38
1272,lrange5,1000000,1292196.38
1273,lpush5,1000000,816470.19
1273,lrange5,1000000,1297058.38
1274,lpush5,1000000,832759.38
1274,lrange5,1000000,1265984.75
1275,lpush5,1000000,817058.81
1275,lrange5,1000000,1298888.38
1276,lpush5,1000000,821083.69
1276,lrange5,1000000,1199424.50
1277,lpush5,1000000,817713.81
1277,lrange5,1000000,1292010.38
1278,lpush5,1000000,816378.75
1278,lrange5,1000000,1293826.62
1279,lpush5,1000000,817006.56
1279,lrange5,1000000,1278772.38
1280,lpush5,1000000,814423.44
1280,lrange5,1000000,1292175.75
1281,lpush5,1000000,818383.00
1281,lrange5,1000000,1287001.25
1282,lpush5,1000000,819711.44
1282,lrange5,1000000,1274048.38
1283,lpush5,1000000,813851.94
1283,lrange5,1000000,1290508.38
1284,lpush5,1000000,815673.75
1284,lrange5,1000000,1290425.88
1285,lpush5,1000000,819685.25
1285,lrange5,1000000,1269116.75
1286,lpush5,1000000,817766.12
1286,lrange5,1000000,1280553.12
1287,lpush5,1000000,819000.88
1287,lrange5,1000000,1262666.62
1288,lpush5,1000000,819672.12
1288,lrange5,1000000,1285408.75
1289,lpush5,1000000,825108.88
1289,lrange5,1000000,1227033.12
1290,lpush5,1000000,823229.62
1290,lrange5,1000000,1290384.50
1291,lpush5,1000000,829280.31
1291,lrange5,1000000,1290343.25
1292,lpush5,1000000,820370.81
1292,lrange5,1000000,1197662.25
1293,lpush5,1000000,817831.50
1293,lrange5,1000000,1189460.12
1294,lpush5,1000000,818500.81
1294,lrange5,1000000,1273946.50
1295,lpush5,1000000,823190.12
1295,lrange5,1000000,1179641.50
1296,lpush5,1000000,834778.00
1296,lrange5,1000000,1292134.38
1297,lpush5,1000000,817045.75
1297,lrange5,1000000,1200595.38
1298,lpush5,1000000,816339.56
1298,lrange5,1000000,1200864.38
1299,lpush5,1000000,813838.94
1299,lrange5,1000000,1203735.25
1300,lpush5,1000000,827196.06
1300,lrange5,1000000,1240714.62
1301,lpush5,1000000,823071.56
1301,lrange5,1000000,1199347.75
1302,lpush5,1000000,829227.19
1302,lrange5,1000000,1186296.62
1303,lpush5,1000000,817661.44
1303,lrange5,1000000,1187667.50
1304,lpush5,1000000,816993.50
1304,lrange5,1000000,1254785.50
1305,lpush5,1000000,823216.44
1305,lrange5,1000000,1184891.00
1306,lpush5,1000000,813060.12
1306,lrange5,1000000,1262626.25
1307,lpush5,1000000,820357.69
1307,lrange5,1000000,1193451.12
1308,lpush5,1000000,819105.69
1308,lrange5,1000000,1180750.88
1309,lpush5,1000000,818435.38
1309,lrange5,1000000,1270648.00
1310,lpush5,1000000,821096.81
1310,lrange5,1000000,1192066.75
1311,lpush5,1000000,819672.12
1311,lrange5,1000000,1242315.50
1312,lpush5,1000000,829888.75
1312,lrange5,1000000,1264404.50
1313,lpush5,1000000,817674.56
1313,lrange5,1000000,1200557.00
1314,lpush5,1000000,821692.69
1314,lrange5,1000000,1275693.88
1315,lpush5,1000000,814397.38
1315,lrange5,1000000,1240833.75
1316,lpush5,1000000,811701.31
1316,lrange5,1000000,1259627.12
1317,lpush5,1000000,815048.06
1317,lrange5,1000000,1199060.00
1318,lpush5,1000000,808601.44
1318,lrange5,1000000,1267467.75
1319,lpush5,1000000,816496.31
1319,lrange5,1000000,1206465.62
1320,lpush5,1000000,819803.25
1320,lrange5,1000000,1287166.00
1321,lpush5,1000000,821850.44
1321,lrange5,1000000,1292113.75
1322,lpush5,1000000,823762.75
1322,lrange5,1000000,1253233.12
1323,lpush5,1000000,809781.38
1323,lrange5,1000000,1245350.00
1324,lpush5,1000000,822394.75
1324,lrange5,1000000,1245330.00
1325,lpush5,1000000,817792.25
1325,lrange5,1000000,1256442.25
1326,lpush5,1000000,807309.12
1326,lrange5,1000000,1213747.62
1327,lpush5,1000000,805165.88
1327,lrange5,1000000,1205243.38
1328,lpush5,1000000,816339.56
1328,lrange5,1000000,1275693.88
1329,lpush5,1000000,817202.62
1329,lrange5,1000000,1204877.12
1330,lpush5,1000000,811185.69
1330,lrange5,1000000,1258183.62
1331,lpush5,1000000,815817.31
1331,lrange5,1000000,1293661.00
1332,lpush5,1000000,819000.88
1332,lrange5,1000000,1272305.38
1333,lpush5,1000000,815074.19
1333,lrange5,1000000,1290322.62
1334,lpush5,1000000,818435.38
1334,lrange5,1000000,1277200.50
1335,lpush5,1000000,813008.12
1335,lrange5,1000000,1196191.38
1336,lpush5,1000000,820502.06
1336,lrange5,1000000,1243820.88
1337,lpush5,1000000,821850.44
1337,lrange5,1000000,1264364.12
1338,lpush5,1000000,820423.31
1338,lrange5,1000000,1275530.62
1339,lpush5,1000000,813073.19
1339,lrange5,1000000,1292010.38
1340,lpush5,1000000,830114.50
1340,lrange5,1000000,1236252.12
1341,lpush5,1000000,819092.56
1341,lrange5,1000000,1246942.62
1342,lpush5,1000000,814462.50
1342,lrange5,1000000,1177950.50
1343,lpush5,1000000,814345.25
1343,lrange5,1000000,1242255.88
1344,lpush5,1000000,832106.50
1344,lrange5,1000000,1196440.12
1345,lpush5,1000000,825975.25
1345,lrange5,1000000,1190476.25
1346,lpush5,1000000,819829.50
1346,lrange5,1000000,1245350.00
1347,lpush5,1000000,830671.12
1347,lrange5,1000000,1153550.25
1348,lpush5,1000000,813047.12
1348,lrange5,1000000,1193355.62
1349,lpush5,1000000,823802.31
1349,lrange5,1000000,1203716.00
1350,lpush5,1000000,825306.94
1350,lrange5,1000000,1193737.50
1351,lpush5,1000000,830657.81
1351,lrange5,1000000,1183621.25
1352,lpush5,1000000,824468.25
1352,lrange5,1000000,1250400.00
1353,lpush5,1000000,825975.25
1353,lrange5,1000000,1248479.38
1354,lpush5,1000000,817006.56
1354,lrange5,1000000,1272427.50
1355,lpush5,1000000,815882.56
1355,lrange5,1000000,1231586.25
1356,lpush5,1000000,821070.56
1356,lrange5,1000000,1287021.88
1357,lpush5,1000000,822579.00
1357,lrange5,1000000,1257901.88
1358,lpush5,1000000,816444.06
1358,lrange5,1000000,1184928.88
1359,lpush5,1000000,824573.75
1359,lrange5,1000000,1261054.25
1360,lpush5,1000000,815087.19
1360,lrange5,1000000,1287186.62
1361,lpush5,1000000,819685.25
1361,lrange5,1000000,1282092.38
1362,lpush5,1000000,825777.06
1362,lrange5,1000000,1253132.88
1363,lpush5,1000000,816444.06
1363,lrange5,1000000,1269258.88
1364,lpush5,1000000,816444.06
1364,lrange5,1000000,1269096.50
1365,lpush5,1000000,824455.00
1365,lrange5,1000000,1270709.00
1366,lpush5,1000000,812373.69
1366,lrange5,1000000,1280450.62
1367,lpush5,1000000,825790.25
1367,lrange5,1000000,1283820.25
1368,lpush5,1000000,807205.81
1368,lrange5,1000000,1269157.38
1369,lpush5,1000000,831960.06
1369,lrange5,1000000,1274028.00
1370,lpush5,1000000,823137.44
1370,lrange5,1000000,1202019.25
1371,lpush5,1000000,815035.06
1371,lrange5,1000000,1278956.50
1372,lpush5,1000000,817805.38
1372,lrange5,1000000,1248459.38
1373,lpush5,1000000,816339.56
1373,lrange5,1000000,1236113.75
1374,lpush5,1000000,822421.06
1374,lrange5,1000000,1245350.00
1375,lpush5,1000000,817163.44
1375,lrange5,1000000,1274068.75
1376,lpush5,1000000,809716.56
1376,lrange5,1000000,1272366.38
1377,lpush5,1000000,822486.88
1377,lrange5,1000000,1288742.25
1378,lpush5,1000000,817032.69
1378,lrange5,1000000,1283902.50
1379,lpush5,1000000,822434.25
1379,lrange5,1000000,1189098.62
1380,lpush5,1000000,829928.62
1380,lrange5,1000000,1248639.25
1381,lpush5,1000000,821797.88
1381,lrange5,1000000,1231684.75
1382,lpush5,1000000,814345.25
1382,lrange5,1000000,1288824.75
1383,lpush5,1000000,814566.75
1383,lrange5,1000000,1275551.00
1384,lpush5,1000000,819053.25
1384,lrange5,1000000,1290467.12
1385,lpush5,1000000,823828.69
1385,lrange5,1000000,1283738.12
1386,lpush5,1000000,811146.75
1386,lrange5,1000000,1275632.62
1387,lpush5,1000000,825082.50
1387,lrange5,1000000,1267447.50
1388,lpush5,1000000,808523.88
1388,lrange5,1000000,1283820.25
1389,lpush5,1000000,821732.12
1389,lrange5,1000000,1269096.50
1390,lpush5,1000000,823736.44
1390,lrange5,1000000,1200499.38
1391,lpush5,1000000,817661.44
1391,lrange5,1000000,1283697.12
1392,lpush5,1000000,815817.31
1392,lrange5,1000000,1267467.75
1393,lpush5,1000000,819105.69
1393,lrange5,1000000,1222493.88
1394,lpush5,1000000,813021.12
1394,lrange5,1000000,1292051.75
1395,lpush5,1000000,810554.31
1395,lrange5,1000000,1270831.00
1396,lpush5,1000000,812347.75
1396,lrange5,1000000,1275673.50
1397,lpush5,1000000,815869.50
1397,lrange5,1000000,1280450.62
1398,lpush5,1000000,816993.50
1398,lrange5,1000000,1293785.25
1399,lpush5,1000000,817831.50
1399,lrange5,1000000,1194876.88
1400,lpush5,1000000,825161.69
1400,lrange5,1000000,1277180.12
1401,lpush5,1000000,827960.31
1401,lrange5,1000000,1285408.75
1402,lpush5,1000000,813864.94
1402,lrange5,1000000,1197949.75
1403,lpush5,1000000,810372.81
1403,lrange5,1000000,1251744.62
1404,lpush5,1000000,811792.19
1404,lrange5,1000000,1277241.38
1405,lpush5,1000000,811792.19
1405,lrange5,1000000,1283861.38
1406,lpush5,1000000,827867.56
1406,lrange5,1000000,1247082.38
1407,lpush5,1000000,818553.19
1407,lrange5,1000000,1280430.25
1408,lpush5,1000000,815008.94
1408,lrange5,1000000,1272264.62
1409,lpush5,1000000,821201.94
1409,lrange5,1000000,1196172.25
1410,lpush5,1000000,818448.44
1410,lrange5,1000000,1278874.62
1411,lpush5,1000000,815712.94
1411,lrange5,1000000,1253132.88
1412,lpush5,1000000,817032.69
1412,lrange5,1000000,1267427.12
1413,lpush5,1000000,812399.69
1413,lrange5,1000000,1209247.88
1414,lpush5,1000000,821903.06
1414,lrange5,1000000,1230012.25
1415,lpush5,1000000,821083.69
1415,lrange5,1000000,1283861.38
1416,lpush5,1000000,823789.12
1416,lrange5,1000000,1251564.38
1417,lpush5,1000000,814501.62
1417,lrange5,1000000,1290549.75
1418,lpush5,1000000,817753.06
1418,lrange5,1000000,1278874.62
1419,lpush5,1000000,819698.31
1419,lrange5,1000000,1283820.25
1420,lpush5,1000000,813021.12
1420,lrange5,1000000,1261054.25
1421,lpush5,1000000,827960.31
1421,lrange5,1000000,1227052.75
1422,lpush5,1000000,819079.50
1422,lrange5,1000000,1285367.62
1423,lpush5,1000000,820344.56
1423,lrange5,1000000,1285408.75
1424,lpush5,1000000,814449.50
1424,lrange5,1000000,1262666.62
1425,lpush5,1000000,830604.62
1425,lrange5,1000000,1168560.75
1426,lpush5,1000000,821850.44
1426,lrange5,1000000,1218026.88
1427,lpush5,1000000,813695.69
1427,lrange5,1000000,1285367.62
1428,lpush5,1000000,812386.69
1428,lrange5,1000000,1175106.88
1429,lpush5,1000000,810372.81
1429,lrange5,1000000,1188047.50
1430,lpush5,1000000,815673.75
1430,lrange5,1000000,1189441.12
1431,lpush5,1000000,823789.12
1431,lrange5,1000000,1250160.00
1432,lpush5,1000000,822552.69
1432,lrange5,1000000,1272447.88
1433,lpush5,1000000,820449.56
1433,lrange5,1000000,1193336.50
1434,lpush5,1000000,815673.75
1434,lrange5,1000000,1194991.62
1435,lpush5,1000000,819829.50
1435,lrange5,1000000,1267609.62
1436,lpush5,1000000,817713.81
1436,lrange5,1000000,1264242.75
1437,lpush5,1000000,830564.81
1437,lrange5,1000000,1272346.00
1438,lpush5,1000000,810502.44
1438,lrange5,1000000,1199328.50
1439,lpush5,1000000,827827.88
1439,lrange5,1000000,1287145.38
1440,lpush5,1000000,827235.75
1440,lrange5,1000000,1280573.62
1441,lpush5,1000000,824521.00
1441,lrange5,1000000,1270688.75
1442,lpush5,1000000,821123.12
1442,lrange5,1000000,1278956.50
1443,lpush5,1000000,818369.88
1443,lrange5,1000000,1288721.62
1444,lpush5,1000000,830034.81
1444,lrange5,1000000,1183488.75
1445,lpush5,1000000,811701.31
1445,lrange5,1000000,1272305.38
1446,lpush5,1000000,823084.75
1446,lrange5,1000000,1288783.50
1447,lpush5,1000000,822460.56
1447,lrange5,1000000,1288804.12
1448,lpush5,1000000,816391.81
1448,lrange5,1000000,1233223.25
1449,lpush5,1000000,812360.69
1449,lrange5,1000000,1253293.25
1450,lpush5,1000000,827196.06
1450,lrange5,1000000,1282051.38
1451,lpush5,1000000,811146.75
1451,lrange5,1000000,1196516.75
1452,lpush5,1000000,811224.62
1452,lrange5,1000000,1206620.00
1453,lpush5,1000000,818330.62
1453,lrange5,1000000,1190704.75
1454,lpush5,1000000,819803.25
1454,lrange5,1000000,1199386.12
1455,lpush5,1000000,821771.56
1455,lrange5,1000000,1288783.50
1456,lpush5,1000000,817045.75
1456,lrange5,1000000,1203427.25
1457,lpush5,1000000,823762.75
1457,lrange5,1000000,1277221.00
1458,lpush5,1000000,810398.75
1458,lrange5,1000000,1242335.38
1459,lpush5,1000000,827827.88
1459,lrange5,1000000,1253152.88
1460,lpush5,1000000,827880.81
1460,lrange5,1000000,1277159.62
1461,lpush5,1000000,813008.12
1461,lrange5,1000000,1291989.62
1462,lpush5,1000000,816483.25
1462,lrange5,1000000,1272285.00
1463,lpush5,1000000,821705.81
1463,lrange5,1000000,1272488.50
1464,lpush5,1000000,816365.69
1464,lrange5,1000000,1293723.12
1465,lpush5,1000000,773432.31
1465,lrange5,1000000,1206272.62
1466,lpush5,1000000,821162.50
1466,lrange5,1000000,1224205.62
1467,lpush5,1000000,818343.69
1467,lrange5,1000000,1282153.88
1468,lpush5,1000000,819816.38
1468,lrange5,1000000,1275714.38
1469,lpush5,1000000,821201.94
1469,lrange5,1000000,1185251.25
1470,lpush5,1000000,815061.12
1470,lrange5,1000000,1243880.62
1471,lpush5,1000000,824481.44
1471,lrange5,1000000,1288701.00
1472,lpush5,1000000,817818.44
1472,lrange5,1000000,1269035.50
1473,lpush5,1000000,811081.88
1473,lrange5,1000000,1273966.88
1474,lpush5,1000000,819079.50
1474,lrange5,1000000,1283697.12
1475,lpush5,1000000,815843.44
1475,lrange5,1000000,1278977.00
1476,lpush5,1000000,817098.06
1476,lrange5,1000000,1285347.00
1477,lpush5,1000000,819842.62
1477,lrange5,1000000,1288804.12
1478,lpush5,1000000,813047.12
1478,lrange5,1000000,1280409.75
1479,lpush5,1000000,826446.25
1479,lrange5,1000000,1282174.38
1480,lpush5,1000000,821705.81
1480,lrange5,1000000,1231645.38
1481,lpush5,1000000,811068.94
1481,lrange5,1000000,1203754.50
1482,lpush5,1000000,829240.50
1482,lrange5,1000000,1288701.00
1483,lpush5,1000000,818409.19
1483,lrange5,1000000,1200902.75
1484,lpush5,1000000,828672.75
1484,lrange5,1000000,1203446.50
1485,lpush5,1000000,817726.88
1485,lrange5,1000000,1254725.25
1486,lpush5,1000000,815804.25
1486,lrange5,1000000,1194876.88
1487,lpush5,1000000,819145.00
1487,lrange5,1000000,1222493.88
1488,lpush5,1000000,821031.19
1488,lrange5,1000000,1248499.38
1489,lpush5,1000000,822421.06
1489,lrange5,1000000,1186258.62
1490,lpush5,1000000,816391.81
1490,lrange5,1000000,1200710.62
1491,lpush5,1000000,820397.06
1491,lrange5,1000000,1233085.12
1492,lpush5,1000000,828540.19
1492,lrange5,1000000,1270648.00
1493,lpush5,1000000,818330.62
1493,lrange5,1000000,1258103.12
1494,lpush5,1000000,836120.44
1494,lrange5,1000000,1275653.12
1495,lpush5,1000000,815882.56
1495,lrange5,1000000,1273946.50
1496,lpush5,1000000,821771.56
1496,lrange5,1000000,1197604.88
1497,lpush5,1000000,825240.94
1497,lrange5,1000000,1287021.88
1498,lpush5,1000000,814345.25
1498,lrange5,1000000,1257942.12
1499,lpush5,1000000,819013.94
1499,lrange5,1000000,1288701.00
1500,lpush5,1000000,820436.44
1500,lrange5,1000000,1292155.00
1501,lpush5,1000000,820397.06
1501,lrange5,1000000,1250160.00
1502,lpush5,1000000,825829.94
1502,lrange5,1000000,1256341.75
1503,lpush5,1000000,825975.25
1503,lrange5,1000000,1285470.50
1504,lpush5,1000000,825214.50
1504,lrange5,1000000,1272346.00
1505,lpush5,1000000,816444.06
1505,lrange5,1000000,1230032.00
1506,lpush5,1000000,833519.94
1506,lrange5,1000000,1199098.38
1507,lpush5,1000000,815660.69
1507,lrange5,1000000,1213747.62
1508,lpush5,1000000,833506.62
1508,lrange5,1000000,1277139.25
1509,lpush5,1000000,823907.75
1509,lrange5,1000000,1277139.25
1510,lpush5,1000000,823084.75
1510,lrange5,1000000,1288659.75
1511,lpush5,1000000,825082.50
1511,lrange5,1000000,1187971.50
1512,lpush5,1000000,827143.12
1512,lrange5,1000000,1196612.38
1513,lpush5,1000000,823045.25
1513,lrange5,1000000,1259445.75
1514,lpush5,1000000,825763.88
1514,lrange5,1000000,1288659.75
1515,lpush5,1000000,823828.69
1515,lrange5,1000000,1290405.25
1516,lpush5,1000000,820449.56
1516,lrange5,1000000,1290363.88
1517,lpush5,1000000,811727.25
1517,lrange5,1000000,1272407.12
1518,lpush5,1000000,821031.19
1518,lrange5,1000000,1277200.50
1519,lpush5,1000000,820515.19
1519,lrange5,1000000,1192352.88
1520,lpush5,1000000,819105.69
1520,lrange5,1000000,1290363.88
1521,lpush5,1000000,815699.88
1521,lrange5,1000000,1292051.75
1522,lpush5,1000000,815022.00
1522,lrange5,1000000,1275510.25
1523,lpush5,1000000,817805.38
1523,lrange5,1000000,1272325.62
1524,lpush5,1000000,820344.56
1524,lrange5,1000000,1295336.75
1525,lpush5,1000000,816339.56
1525,lrange5,1000000,1264222.50
1526,lpush5,1000000,825816.69
1526,lrange5,1000000,1293661.00
1527,lpush5,1000000,824428.62
1527,lrange5,1000000,1250200.00
1528,lpush5,1000000,825909.19
1528,lrange5,1000000,1283717.62
1529,lpush5,1000000,815726.00
1529,lrange5,1000000,1292010.38
1530,lpush5,1000000,817058.81
1530,lrange5,1000000,1290529.12
1531,lpush5,1000000,823815.50
1531,lrange5,1000000,1292093.00
1532,lpush5,1000000,815673.75
1532,lrange5,1000000,1265984.75
1533,lpush5,1000000,819000.88
1533,lrange5,1000000,1292155.00
1534,lpush5,1000000,817058.81
1534,lrange5,1000000,1288804.12
1535,lpush5,1000000,821136.25
1535,lrange5,1000000,1295523.25
1536,lpush5,1000000,815048.06
1536,lrange5,1000000,1285347.00
1537,lpush5,1000000,827249.00
1537,lrange5,1000000,1295336.75
1538,lpush5,1000000,817045.75
1538,lrange5,1000000,1155048.50
1539,lpush5,1000000,822513.19
1539,lrange5,1000000,1251584.50
1540,lpush5,1000000,810463.56
1540,lrange5,1000000,1186657.12
1541,lpush5,1000000,821018.00
1541,lrange5,1000000,1285511.62
1542,lpush5,1000000,816496.31
1542,lrange5,1000000,1277364.00
1543,lpush5,1000000,828026.50
1543,lrange5,1000000,1193642.00
1544,lpush5,1000000,818500.81
1544,lrange5,1000000,1193603.88
1545,lpush5,1000000,815726.00
1545,lrange5,1000000,1248479.38
1546,lpush5,1000000,815817.31
1546,lrange5,1000000,1267447.50
1547,lpush5,1000000,820528.31
1547,lrange5,1000000,1282153.88
1548,lpush5,1000000,821031.19
1548,lrange5,1000000,1262929.25
1549,lpush5,1000000,816993.50
1549,lrange5,1000000,1290446.50
1550,lpush5,1000000,815074.19
1550,lrange5,1000000,1083493.00
1551,lpush5,1000000,817661.44
1551,lrange5,1000000,1285532.12
1552,lpush5,1000000,815673.75
1552,lrange5,1000000,1245489.50
1553,lpush5,1000000,823736.44
1553,lrange5,1000000,1280409.75
1554,lpush5,1000000,819777.00
1554,lrange5,1000000,1267630.00
1555,lpush5,1000000,819105.69
1555,lrange5,1000000,1295336.75
1556,lpush5,1000000,811792.19
1556,lrange5,1000000,1259486.12
1557,lpush5,1000000,818396.06
1557,lrange5,1000000,1292051.75
1558,lpush5,1000000,814397.38
1558,lrange5,1000000,1287063.00
1559,lpush5,1000000,814371.31
1559,lrange5,1000000,1295481.88
1560,lpush5,1000000,818540.12
1560,lrange5,1000000,1199290.12
1561,lpush5,1000000,817870.75
1561,lrange5,1000000,1205108.50
1562,lpush5,1000000,814995.94
1562,lrange5,1000000,1288721.62
1563,lpush5,1000000,820528.31
1563,lrange5,1000000,1215280.62
1564,lpush5,1000000,816496.31
1564,lrange5,1000000,1275673.50
1565,lpush5,1000000,822579.00
1565,lrange5,1000000,1196229.62
1566,lpush5,1000000,816339.56
1566,lrange5,1000000,1267630.00
1567,lpush5,1000000,826538.81
1567,lrange5,1000000,1258042.75
1568,lpush5,1000000,819672.12
1568,lrange5,1000000,1250040.00
1569,lpush5,1000000,822447.38
1569,lrange5,1000000,1191895.12
1570,lpush5,1000000,820410.19
1570,lrange5,1000000,1259546.50
1571,lpush5,1000000,817150.31
1571,lrange5,1000000,1203677.50
1572,lpush5,1000000,820344.56
1572,lrange5,1000000,1182430.25
1573,lpush5,1000000,813708.75
1573,lrange5,1000000,1267569.12
1574,lpush5,1000000,818330.62
1574,lrange5,1000000,1270688.75
1575,lpush5,1000000,821044.31
1575,lrange5,1000000,1283758.75
1576,lpush5,1000000,822407.94
1576,lrange5,1000000,1290322.62
1577,lpush5,1000000,818356.81
1577,lrange5,1000000,1285347.00
1578,lpush5,1000000,817766.12
1578,lrange5,1000000,1239296.12
1579,lpush5,1000000,817111.12
1579,lrange5,1000000,1253193.00
1580,lpush5,1000000,820567.69
1580,lrange5,1000000,1264404.50
1581,lpush5,1000000,819105.69
1581,lrange5,1000000,1186486.38
1582,lpush5,1000000,819171.19
1582,lrange5,1000000,1195144.50
1583,lpush5,1000000,830617.94
1583,lrange5,1000000,1275591.88
1584,lpush5,1000000,834028.38
1584,lrange5,1000000,1292113.75
1585,lpush5,1000000,824428.62
1585,lrange5,1000000,1269055.88
1586,lpush5,1000000,816535.50
1586,lrange5,1000000,1290343.25
1587,lpush5,1000000,819881.94
1587,lrange5,1000000,1285347.00
1588,lpush5,1000000,816496.31
1588,lrange5,1000000,1288762.88
1589,lpush5,1000000,822513.19
1589,lrange5,1000000,1193374.75
1590,lpush5,1000000,817032.69
1590,lrange5,1000000,1144366.12
1591,lpush5,1000000,823255.94
1591,lrange5,1000000,1283758.75
1592,lpush5,1000000,823934.12
1592,lrange5,1000000,1291989.62
1593,lpush5,1000000,825135.31
1593,lrange5,1000000,1234646.88
1594,lpush5,1000000,827169.56
1594,lrange5,1000000,1256341.75
1595,lpush5,1000000,821929.31
1595,lrange5,1000000,1290487.75
1596,lpush5,1000000,824455.00
1596,lrange5,1000000,1292237.75
1597,lpush5,1000000,817805.38
1597,lrange5,1000000,1200787.50
1598,lpush5,1000000,828540.19
1598,lrange5,1000000,1264343.88
1599,lpush5,1000000,816352.62
1599,lrange5,1000000,1198026.38
1600,lpush5,1000000,821175.69
1600,lrange5,1000000,1230189.38
1601,lpush5,1000000,832159.69
1601,lrange5,1000000,1248499.38
1602,lpush5,1000000,816378.75
1602,lrange5,1000000,1202250.00
1603,lpush5,1000000,814345.25
1603,lrange5,1000000,1196478.38
1604,lpush5,1000000,822381.62
1604,lrange5,1000000,1189098.62
1605,lpush5,1000000,817176.50
1605,lrange5,1000000,1261074.38
1606,lpush5,1000000,827368.06
1606,lrange5,1000000,1210653.75
1607,lpush5,1000000,815686.81
1607,lrange5,1000000,1222513.38
1608,lpush5,1000000,818461.56
1608,lrange5,1000000,1277159.62
1609,lpush5,1000000,819013.94
1609,lrange5,1000000,1202211.50
1610,lpush5,1000000,818343.69
1610,lrange5,1000000,1189269.88
1611,lpush5,1000000,815022.00
1611,lrange5,1000000,1290446.50
1612,lpush5,1000000,820410.19
1612,lrange5,1000000,1287001.25
1613,lpush5,1000000,821745.25
1613,lrange5,1000000,1251664.50
1614,lpush5,1000000,818383.00
1614,lrange5,1000000,1278833.75
1615,lpush5,1000000,811133.81
1615,lrange5,1000000,1295357.50
1616,lpush5,1000000,815869.50
1616,lrange5,1000000,1293764.50
1617,lpush5,1000000,820357.69
1617,lrange5,1000000,1287227.75
1618,lpush5,1000000,821889.88
1618,lrange5,1000000,1236153.25
1619,lpush5,1000000,808601.44
1619,lrange5,1000000,1193584.75
1620,lpush5,1000000,812490.69
1620,lrange5,1000000,1287021.88
1621,lpush5,1000000,817661.44
1621,lrange5,1000000,1270688.75
1622,lpush5,1000000,817831.50
1622,lrange5,1000000,1253253.12
1623,lpush5,1000000,815126.31
1623,lrange5,1000000,1189365.00
1624,lpush5,1000000,824441.81
1624,lrange5,1000000,1267650.25
1625,lpush5,1000000,822407.94
1625,lrange5,1000000,1267508.25
1626,lpush5,1000000,823723.25
1626,lrange5,1000000,1237623.75
1627,lpush5,1000000,821254.50
1627,lrange5,1000000,1256482.38
1628,lpush5,1000000,823137.44
1628,lrange5,1000000,1202115.38
1629,lpush5,1000000,830034.81
1629,lrange5,1000000,1245469.50
1630,lpush5,1000000,826552.06
1630,lrange5,1000000,1290363.88
1631,lpush5,1000000,822368.44
1631,lrange5,1000000,1243820.88
1632,lpush5,1000000,816326.50
1632,lrange5,1000000,1273905.75
1633,lpush5,1000000,817019.62
1633,lrange5,1000000,1280409.75
1634,lpush5,1000000,813060.12
1634,lrange5,1000000,1254966.12
1635,lpush5,1000000,825293.75
1635,lrange5,1000000,1295419.62
1636,lpush5,1000000,807154.19
1636,lrange5,1000000,1239316.00
1637,lpush5,1000000,811250.56
1637,lrange5,1000000,1297141.38
1638,lpush5,1000000,825777.06
1638,lrange5,1000000,1228540.50
1639,lpush5,1000000,821018.00
1639,lrange5,1000000,1290487.75
1640,lpush5,1000000,813721.75
1640,lrange5,1000000,1278915.62
1641,lpush5,1000000,815165.44
1641,lrange5,1000000,1290425.88
1642,lpush5,1000000,819079.50
1642,lrange5,1000000,1295336.75
1643,lpush5,1000000,817019.62
1643,lrange5,1000000,1248439.50
1644,lpush5,1000000,817805.38
1644,lrange5,1000000,1161626.00
1645,lpush5,1000000,833333.31
1645,lrange5,1000000,1259506.25
1646,lpush5,1000000,828672.75
1646,lrange5,1000000,1203658.25
1647,lpush5,1000000,823789.12
1647,lrange5,1000000,1183791.62
1648,lpush5,1000000,823097.94
1648,lrange5,1000000,1200537.75
1649,lpush5,1000000,822381.62
1649,lrange5,1000000,1265984.75
1650,lpush5,1000000,780193.50
1650,lrange5,1000000,809833.19
1651,lpush5,1000000,758186.50
1651,lrange5,1000000,1179283.00
1652,lpush5,1000000,815100.25
1652,lrange5,1000000,1231665.00
1653,lpush5,1000000,832852.62
1653,lrange5,1000000,1272305.38
1654,lpush5,1000000,826446.25
1654,lrange5,1000000,1199060.00
1655,lpush5,1000000,818369.88
1655,lrange5,1000000,1285491.00
1656,lpush5,1000000,822421.06
1656,lrange5,1000000,1274048.38
1657,lpush5,1000000,811081.88
1657,lrange5,1000000,1251604.50
1658,lpush5,1000000,819672.12
1658,lrange5,1000000,1272264.62
1659,lpush5,1000000,821123.12
1659,lrange5,1000000,1283840.88
1660,lpush5,1000000,816496.31
1660,lrange5,1000000,1201980.75
1661,lpush5,1000000,814449.50
1661,lrange5,1000000,1285429.25
1662,lpush5,1000000,815008.94
1662,lrange5,1000000,1267528.50
1663,lpush5,1000000,824441.81
1663,lrange5,1000000,1190895.25
1664,lpush5,1000000,823216.44
1664,lrange5,1000000,1200864.38
1665,lpush5,1000000,822539.50
1665,lrange5,1000000,1265843.00
1666,lpush5,1000000,822381.62
1666,lrange5,1000000,1287063.00
1667,lpush5,1000000,828540.19
1667,lrange5,1000000,1275551.00
1668,lpush5,1000000,821850.44
1668,lrange5,1000000,1245409.75
1669,lpush5,1000000,821889.88
1669,lrange5,1000000,1197777.25
1670,lpush5,1000000,823920.94
1670,lrange5,1000000,1187914.50
1671,lpush5,1000000,815699.88
1671,lrange5,1000000,1253193.00
1672,lpush5,1000000,815791.25
1672,lrange5,1000000,1196478.38
1673,lpush5,1000000,815035.06
1673,lrange5,1000000,1275530.62
1674,lpush5,1000000,819803.25
1674,lrange5,1000000,1267427.12
1675,lpush5,1000000,822539.50
1675,lrange5,1000000,1250140.00
1676,lpush5,1000000,823789.12
1676,lrange5,1000000,1253132.88
1677,lpush5,1000000,813682.69
1677,lrange5,1000000,1272325.62
1678,lpush5,1000000,821758.44
1678,lrange5,1000000,1262828.25
1679,lpush5,1000000,819223.62
1679,lrange5,1000000,1269360.38
1680,lpush5,1000000,815686.81
1680,lrange5,1000000,1202173.00
1681,lpush5,1000000,819711.44
1681,lrange5,1000000,1186315.50
1682,lpush5,1000000,811701.31
1682,lrange5,1000000,1251784.75
1683,lpush5,1000000,816378.75
1683,lrange5,1000000,1282071.88
1684,lpush5,1000000,811701.31
1684,lrange5,1000000,1265863.25
1685,lpush5,1000000,821705.81
1685,lrange5,1000000,1290529.12
1686,lpush5,1000000,819210.50
1686,lrange5,1000000,1202115.38
1687,lpush5,1000000,811727.25
1687,lrange5,1000000,1197624.00
1688,lpush5,1000000,821083.69
1688,lrange5,1000000,1272386.75
1689,lpush5,1000000,817163.44
1689,lrange5,1000000,1287124.88
1690,lpush5,1000000,827196.06
1690,lrange5,1000000,1226993.88
1691,lpush5,1000000,810398.75
1691,lrange5,1000000,1234627.12
1692,lpush5,1000000,820515.19
1692,lrange5,1000000,1202269.25
1693,lpush5,1000000,810463.56
1693,lrange5,1000000,1197968.88
1694,lpush5,1000000,825135.31
1694,lrange5,1000000,1280512.12
1695,lpush5,1000000,828606.44
1695,lrange5,1000000,1239276.38
1696,lpush5,1000000,816431.00
1696,lrange5,1000000,1234785.12
1697,lpush5,1000000,823084.75
1697,lrange5,1000000,1280450.62
1698,lpush5,1000000,816535.50
1698,lrange5,1000000,1272285.00
1699,lpush5,1000000,814501.62
1699,lrange5,1000000,1196248.75
1700,lpush5,1000000,830604.62
1700,lrange5,1000000,1239177.25
1701,lpush5,1000000,817857.69
1701,lrange5,1000000,1273946.50
1702,lpush5,1000000,825763.88
1702,lrange5,1000000,1187648.50
1703,lpush5,1000000,824573.75
1703,lrange5,1000000,1261155.12
1704,lpush5,1000000,824415.44
1704,lrange5,1000000,1192181.12
1705,lpush5,1000000,828632.94
1705,lrange5,1000000,1262767.62
1706,lpush5,1000000,826538.81
1706,lrange5,1000000,1245529.25
1707,lpush5,1000000,819672.12
1707,lrange5,1000000,1199060.00
1708,lpush5,1000000,819053.25
1708,lrange5,1000000,1186315.50
1709,lpush5,1000000,824441.81
1709,lrange5,1000000,1185194.38
1710,lpush5,1000000,815178.50
1710,lrange5,1000000,1261054.25
1711,lpush5,1000000,821070.56
1711,lrange5,1000000,1285408.75
1712,lpush5,1000000,815830.38
1712,lrange5,1000000,1193489.25
1713,lpush5,1000000,807831.94
1713,lrange5,1000000,1194896.00
1714,lpush5,1000000,815843.44
1714,lrange5,1000000,1204838.62
1715,lpush5,1000000,817189.56
1715,lrange5,1000000,1182354.62
1716,lpush5,1000000,820397.06
1716,lrange5,1000000,1230248.38
1717,lpush5,1000000,825095.69
1717,lrange5,1000000,1247022.50
1718,lpush5,1000000,814332.19
1718,lrange5,1000000,1270688.75
1719,lpush5,1000000,826657.81
1719,lrange5,1000000,1253333.38
1720,lpush5,1000000,825135.31
1720,lrange5,1000000,1195163.62
1721,lpush5,1000000,826472.69
1721,lrange5,1000000,1293702.50
1722,lpush5,1000000,817006.56
1722,lrange5,1000000,1264222.50
1723,lpush5,1000000,817753.06
1723,lrange5,1000000,1270668.38
1724,lpush5,1000000,812373.69
1724,lrange5,1000000,1197662.25
1725,lpush5,1000000,818343.69
1725,lrange5,1000000,1293743.88
1726,lpush5,1000000,815660.69
1726,lrange5,1000000,1290405.25
1727,lpush5,1000000,817124.19
1727,lrange5,1000000,1233282.38
1728,lpush5,1000000,819737.69
1728,lrange5,1000000,1269055.88
1729,lpush5,1000000,821083.69
1729,lrange5,1000000,1290549.75
1730,lpush5,1000000,817085.00
1730,lrange5,1000000,1196516.75
1731,lpush5,1000000,826591.69
1731,lrange5,1000000,1196344.50
1732,lpush5,1000000,819711.44
1732,lrange5,1000000,1248439.50
1733,lpush5,1000000,819053.25
1733,lrange5,1000000,1182316.75
1734,lpush5,1000000,817032.69
1734,lrange5,1000000,1288804.12
1735,lpush5,1000000,817818.44
1735,lrange5,1000000,1256341.75
1736,lpush5,1000000,817202.62
1736,lrange5,1000000,1195029.88
1737,lpush5,1000000,814358.25
1737,lrange5,1000000,1269218.25
1738,lpush5,1000000,821070.56
1738,lrange5,1000000,1272285.00
1739,lpush5,1000000,807857.81
1739,lrange5,1000000,1278792.88
1740,lpush5,1000000,812347.75
1740,lrange5,1000000,1295419.62
1741,lpush5,1000000,823229.62
1741,lrange5,1000000,1278792.88
1742,lpush5,1000000,810580.25
1742,lrange5,1000000,1290384.50
1743,lpush5,1000000,810372.81
1743,lrange5,1000000,1258022.62
1744,lpush5,1000000,815048.06
1744,lrange5,1000000,1196363.62
1745,lpush5,1000000,819842.62
1745,lrange5,1000000,1287207.25
1746,lpush5,1000000,818461.56
1746,lrange5,1000000,1131257.88
1747,lpush5,1000000,815100.25
1747,lrange5,1000000,1283758.75
1748,lpush5,1000000,828513.69
1748,lrange5,1000000,1248499.38
1749,lpush5,1000000,812568.69
1749,lrange5,1000000,1287104.25
1750,lpush5,1000000,826565.25
1750,lrange5,1000000,1194896.00
1751,lpush5,1000000,818553.19
1751,lrange5,1000000,1185042.62
1752,lpush5,1000000,828553.44
1752,lrange5,1000000,1246882.88
1753,lpush5,1000000,823762.75
1753,lrange5,1000000,1267467.75
1754,lpush5,1000000,821745.25
1754,lrange5,1000000,1290322.62
1755,lpush5,1000000,822447.38
1755,lrange5,1000000,1230150.00
1756,lpush5,1000000,820449.56
1756,lrange5,1000000,1277159.62
1757,lpush5,1000000,822407.94
1757,lrange5,1000000,1184853.12
1758,lpush5,1000000,817661.44
1758,lrange5,1000000,1264343.88
1759,lpush5,1000000,816365.69
1759,lrange5,1000000,1278936.00
1760,lpush5,1000000,823216.44
1760,lrange5,1000000,1290363.88
1761,lpush5,1000000,812438.69
1761,lrange5,1000000,1261276.25
1762,lpush5,1000000,819131.88
1762,lrange5,1000000,1287186.62
1763,lpush5,1000000,825922.38
1763,lrange5,1000000,1176828.25
1764,lpush5,1000000,825148.50
1764,lrange5,1000000,1295336.75
1765,lpush5,1000000,821797.88
1765,lrange5,1000000,1287063.00
1766,lpush5,1000000,822579.00
1766,lrange5,1000000,1168504.62
1767,lpush5,1000000,825201.31
1767,lrange5,1000000,1259586.88
1768,lpush5,1000000,823749.62
1768,lrange5,1000000,1257861.62
1769,lpush5,1000000,813073.19
1769,lrange5,1000000,1283697.12
1770,lpush5,1000000,821070.56
1770,lrange5,1000000,1285429.25
1771,lpush5,1000000,824586.94
1771,lrange5,1000000,1195029.88
1772,lpush5,1000000,832666.12
1772,lrange5,1000000,1283799.75
1773,lpush5,1000000,818343.69
1773,lrange5,1000000,1196172.25
1774,lpush5,1000000,826604.94
1774,lrange5,1000000,1251604.50
1775,lpush5,1000000,798734.81
1775,lrange5,1000000,1196267.88
1776,lpush5,1000000,806567.75
1776,lrange5,1000000,826618.12
1777,lpush5,1000000,751326.81
1777,lrange5,1000000,1197624.00
1778,lpush5,1000000,818422.25
1778,lrange5,1000000,1280409.75
1779,lpush5,1000000,825777.06
1779,lrange5,1000000,1285429.25
1780,lpush5,1000000,807115.44
1780,lrange5,1000000,1251744.62
1781,lpush5,1000000,813177.25
1781,lrange5,1000000,1297224.38
1782,lpush5,1000000,825829.94
1782,lrange5,1000000,1253173.00
1783,lpush5,1000000,818330.62
1783,lrange5,1000000,1199366.88
1784,lpush5,1000000,828513.69
1784,lrange5,1000000,1269076.12
1785,lpush5,1000000,827354.88
1785,lrange5,1000000,1285491.00
1786,lpush5,1000000,812477.69
1786,lrange5,1000000,1205224.12
1787,lpush5,1000000,817870.75
1787,lrange5,1000000,1288659.75
1788,lpush5,1000000,817687.62
1788,lrange5,1000000,1256281.38
1789,lpush5,1000000,819750.81
1789,lrange5,1000000,1297016.88
1790,lpush5,1000000,816352.62
1790,lrange5,1000000,1210653.75
1791,lpush5,1000000,826657.81
1791,lrange5,1000000,1202307.62
1792,lpush5,1000000,813721.75
1792,lrange5,1000000,1250080.00
1793,lpush5,1000000,818330.62
1793,lrange5,1000000,1297141.38
1794,lpush5,1000000,815048.06
1794,lrange5,1000000,1261094.62
1795,lpush5,1000000,813008.12
1795,lrange5,1000000,1200653.00
1796,lpush5,1000000,813825.88
1796,lrange5,1000000,1287042.50
1797,lpush5,1000000,832692.75
1797,lrange5,1000000,1283697.12
1798,lpush5,1000000,809281.56
1798,lrange5,1000000,1272305.38
1799,lpush5,1000000,817779.19
1799,lrange5,1000000,1278874.62
1800,lpush5,1000000,817844.62
1800,lrange5,1000000,1272366.38
1801,lpush5,1000000,819816.38
1801,lrange5,1000000,1293764.50
1802,lpush5,1000000,822579.00
1802,lrange5,1000000,1285491.00
1803,lpush5,1000000,817831.50
1803,lrange5,1000000,1273905.75
1804,lpush5,1000000,819013.94
1804,lrange5,1000000,1165538.50
1805,lpush5,1000000,815660.69
1805,lrange5,1000000,1186505.38
1806,lpush5,1000000,815830.38
1806,lrange5,1000000,1290405.25
1807,lpush5,1000000,812360.69
1807,lrange5,1000000,1290405.25
1808,lpush5,1000000,808510.94
1808,lrange5,1000000,1283820.25
1809,lpush5,1000000,815699.88
1809,lrange5,1000000,1287124.88
1810,lpush5,1000000,827907.31
1810,lrange5,1000000,1267528.50
1811,lpush5,1000000,823789.12
1811,lrange5,1000000,1259627.12
1812,lpush5,1000000,813773.81
1812,lrange5,1000000,1251804.75
1813,lpush5,1000000,823947.31
1813,lrange5,1000000,1272264.62
1814,lpush5,1000000,827867.56
1814,lrange5,1000000,1247022.50
1815,lpush5,1000000,823881.38
1815,lrange5,1000000,1250120.00
1816,lpush5,1000000,813851.94
1816,lrange5,1000000,1190742.88
1817,lpush5,1000000,821110.00
1817,lrange5,1000000,1274089.12
1818,lpush5,1000000,818369.88
1818,lrange5,1000000,1278854.25
1819,lpush5,1000000,822539.50
1819,lrange5,1000000,1278874.62
1820,lpush5,1000000,815178.50
1820,lrange5,1000000,1285408.75
1821,lpush5,1000000,817674.56
1821,lrange5,1000000,1237920.75
1822,lpush5,1000000,819236.75
1822,lrange5,1000000,1259466.00
1823,lpush5,1000000,816365.69
1823,lrange5,1000000,1189079.62
1824,lpush5,1000000,815008.94
1824,lrange5,1000000,1269218.25
1825,lpush5,1000000,811081.88
1825,lrange5,1000000,1278772.38
1826,lpush5,1000000,815673.75
1826,lrange5,1000000,1231586.25
1827,lpush5,1000000,827129.88
1827,lrange5,1000000,1261034.12
1828,lpush5,1000000,823789.12
1828,lrange5,1000000,1282133.38
1829,lpush5,1000000,815139.38
1829,lrange5,1000000,1288659.75
1830,lpush5,1000000,827143.12
1830,lrange5,1000000,1258062.88
1831,lpush5,1000000,816431.00
1831,lrange5,1000000,1199443.62
1832,lpush5,1000000,815699.88
1832,lrange5,1000000,1269157.38
1833,lpush5,1000000,821018.00
1833,lrange5,1000000,1273946.50
1834,lpush5,1000000,814358.25
1834,lrange5,1000000,1278813.25
1835,lpush5,1000000,815048.06
1835,lrange5,1000000,1285388.12
1836,lpush5,1000000,823789.12
1836,lrange5,1000000,1202346.12
1837,lpush5,1000000,813047.12
1837,lrange5,1000000,1254725.25
1838,lpush5,1000000,810489.50
1838,lrange5,1000000,1196344.50
1839,lpush5,1000000,811185.69
1839,lrange5,1000000,1278977.00
1840,lpush5,1000000,814332.19
1840,lrange5,1000000,1277221.00
1841,lpush5,1000000,817687.62
1841,lrange5,1000000,1290425.88
1842,lpush5,1000000,815008.94
1842,lrange5,1000000,1297182.88
1843,lpush5,1000000,816535.50
1843,lrange5,1000000,1280430.25
1844,lpush5,1000000,827841.12
1844,lrange5,1000000,1191914.25
1845,lpush5,1000000,817661.44
1845,lrange5,1000000,1267569.12
1846,lpush5,1000000,817661.44
1846,lrange5,1000000,1292072.38
1847,lpush5,1000000,827880.81
1847,lrange5,1000000,1290322.62
1848,lpush5,1000000,816365.69
1848,lrange5,1000000,1155103.88
1849,lpush5,1000000,817202.62
1849,lrange5,1000000,1250240.00
1850,lpush5,1000000,823736.44
1850,lrange5,1000000,1254705.12
1851,lpush5,1000000,812373.69
1851,lrange5,1000000,1202057.62
1852,lpush5,1000000,813669.69
1852,lrange5,1000000,1254705.12
1853,lpush5,1000000,824468.25
1853,lrange5,1000000,1189060.62
1854,lpush5,1000000,817058.81
1854,lrange5,1000000,1193546.50
1855,lpush5,1000000,814995.94
1855,lrange5,1000000,1277180.12
1856,lpush5,1000000,824468.25
1856,lrange5,1000000,1200710.62
1857,lpush5,1000000,819737.69
1857,lrange5,1000000,1273926.12
1858,lpush5,1000000,816378.75
1858,lrange5,1000000,1225568.62
1859,lpush5,1000000,814384.31
1859,lrange5,1000000,1287186.62
1860,lpush5,1000000,817150.31
1860,lrange5,1000000,1239316.00
1861,lpush5,1000000,817805.38
1861,lrange5,1000000,1290467.12
1862,lpush5,1000000,817045.75
1862,lrange5,1000000,1275530.62
1863,lpush5,1000000,830578.06
1863,lrange5,1000000,1280553.12
1864,lpush5,1000000,816352.62
1864,lrange5,1000000,1270851.38
1865,lpush5,1000000,822500.00
1865,lrange5,1000000,1290322.62
1866,lpush5,1000000,819092.56
1866,lrange5,1000000,1257881.75
1867,lpush5,1000000,819013.94
1867,lrange5,1000000,1292051.75
1868,lpush5,1000000,819118.81
1868,lrange5,1000000,1278833.75
1869,lpush5,1000000,808536.81
1869,lrange5,1000000,1287145.38
1870,lpush5,1000000,821070.56
1870,lrange5,1000000,1285511.62
1871,lpush5,1000000,817726.88
1871,lrange5,1000000,1158748.62
1872,lpush5,1000000,827920.56
1872,lrange5,1000000,1287227.75
1873,lpush5,1000000,819158.12
1873,lrange5,1000000,1261034.12
1874,lpush5,1000000,821123.12
1874,lrange5,1000000,1265944.25
1875,lpush5,1000000,816378.75
1875,lrange5,1000000,1270688.75
1876,lpush5,1000000,817189.56
1876,lrange5,1000000,1290363.88
1877,lpush5,1000000,817202.62
1877,lrange5,1000000,1269055.88
1878,lpush5,1000000,817818.44
1878,lrange5,1000000,1283779.25
1879,lpush5,1000000,819790.12
1879,lrange5,1000000,1272366.38
1880,lpush5,1000000,822407.94
1880,lrange5,1000000,1287145.38
1881,lpush5,1000000,820515.19
1881,lrange5,1000000,1285388.12
1882,lpush5,1000000,820554.56
1882,lrange5,1000000,1287042.50
1883,lpush5,1000000,821784.69
1883,lrange5,1000000,1275571.50
1884,lpush5,1000000,814384.31
1884,lrange5,1000000,1283758.75
1885,lpush5,1000000,818343.69
1885,lrange5,1000000,1265883.50
1886,lpush5,1000000,819171.19
1886,lrange5,1000000,1285491.00
1887,lpush5,1000000,815048.06
1887,lrange5,1000000,1287001.25
1888,lpush5,1000000,827301.94
1888,lrange5,1000000,1193527.50
1889,lpush5,1000000,824560.56
1889,lrange5,1000000,1259546.50
1890,lpush5,1000000,820554.56
1890,lrange5,1000000,1275734.75
1891,lpush5,1000000,824441.81
1891,lrange5,1000000,1292134.38
1892,lpush5,1000000,821123.12
1892,lrange5,1000000,1240754.38
1893,lpush5,1000000,830061.38
1893,lrange5,1000000,1210673.12
1894,lpush5,1000000,820410.19
1894,lrange5,1000000,1269096.50
1895,lpush5,1000000,825108.88
1895,lrange5,1000000,1285408.75
1896,lpush5,1000000,825214.50
1896,lrange5,1000000,1194876.88
1897,lpush5,1000000,823723.25
1897,lrange5,1000000,1287186.62
1898,lpush5,1000000,817844.62
1898,lrange5,1000000,1283881.88
1899,lpush5,1000000,823723.25
1899,lrange5,1000000,1270668.38
1900,lpush5,1000000,817766.12
1900,lrange5,1000000,1288701.00
1901,lpush5,1000000,820528.31
1901,lrange5,1000000,1182165.50
1902,lpush5,1000000,824507.81
1902,lrange5,1000000,1251644.50
1903,lpush5,1000000,822500.00
1903,lrange5,1000000,1287104.25
1904,lpush5,1000000,818343.69
1904,lrange5,1000000,1172445.50
1905,lpush5,1000000,819171.19
1905,lrange5,1000000,1250080.00
1906,lpush5,1000000,819013.94
1906,lrange5,1000000,1261215.62
1907,lpush5,1000000,827827.88
1907,lrange5,1000000,1193584.75
1908,lpush5,1000000,828566.69
1908,lrange5,1000000,1262808.12
1909,lpush5,1000000,830617.94
1909,lrange5,1000000,1273885.25
1910,lpush5,1000000,819092.56
1910,lrange5,1000000,1186334.50
1911,lpush5,1000000,830657.81
1911,lrange5,1000000,1190590.50
1912,lpush5,1000000,815765.12
1912,lrange5,1000000,1191971.38
1913,lpush5,1000000,814371.31
1913,lrange5,1000000,1280573.62
1914,lpush5,1000000,815048.06
1914,lrange5,1000000,1248459.38
1915,lpush5,1000000,821903.06
1915,lrange5,1000000,1253193.00
1916,lpush5,1000000,813073.19
1916,lrange5,1000000,1269198.00
1917,lpush5,1000000,824415.44
1917,lrange5,1000000,1262808.12
1918,lpush5,1000000,817202.62
1918,lrange5,1000000,1278792.88
1919,lpush5,1000000,821083.69
1919,lrange5,1000000,1190571.50
1920,lpush5,1000000,814371.31
1920,lrange5,1000000,1202134.62
1921,lpush5,1000000,819685.25
1921,lrange5,1000000,1233223.25
1922,lpush5,1000000,826499.12
1922,lrange5,1000000,1254705.12
1923,lpush5,1000000,815048.06
1923,lrange5,1000000,1283861.38
1924,lpush5,1000000,819079.50
1924,lrange5,1000000,1290384.50
1925,lpush5,1000000,817753.06
1925,lrange5,1000000,1277159.62
1926,lpush5,1000000,831986.69
1926,lrange5,1000000,1194991.62
1927,lpush5,1000000,811766.25
1927,lrange5,1000000,1292051.75
1928,lpush5,1000000,829941.88
1928,lrange5,1000000,1199405.25
1929,lpush5,1000000,811740.25
1929,lrange5,1000000,1257922.00
1930,lpush5,1000000,821031.19
1930,lrange5,1000000,1288680.38
1931,lpush5,1000000,822421.06
1931,lrange5,1000000,1267609.62
1932,lpush5,1000000,811172.75
1932,lrange5,1000000,1199366.88
1933,lpush5,1000000,813008.12
1933,lrange5,1000000,1163144.12
1934,lpush5,1000000,808549.75
1934,lrange5,1000000,1273905.75
1935,lpush5,1000000,815817.31
1935,lrange5,1000000,1215086.25
1936,lpush5,1000000,827143.12
1936,lrange5,1000000,1290384.50
1937,lpush5,1000000,814475.56
1937,lrange5,1000000,1290425.88
1938,lpush5,1000000,821123.12
1938,lrange5,1000000,1283738.12
1939,lpush5,1000000,814527.69
1939,lrange5,1000000,1240853.62
1940,lpush5,1000000,823124.25
1940,lrange5,1000000,1288762.88
1941,lpush5,1000000,805320.44
1941,lrange5,1000000,1278936.00
1942,lpush5,1000000,817739.94
1942,lrange5,1000000,1277159.62
1943,lpush5,1000000,820554.56
1943,lrange5,1000000,1297162.12
1944,lpush5,1000000,829253.75
1944,lrange5,1000000,1295378.25
1945,lpush5,1000000,815074.19
1945,lrange5,1000000,1285532.12
1946,lpush5,1000000,820449.56
1946,lrange5,1000000,1293702.50
1947,lpush5,1000000,813904.00
1947,lrange5,1000000,1292113.75
1948,lpush5,1000000,821837.31
1948,lrange5,1000000,1225647.12
1949,lpush5,1000000,826538.81
1949,lrange5,1000000,1292175.75
1950,lpush5,1000000,814345.25
1950,lrange5,1000000,1283779.25
1951,lpush5,1000000,822421.06
1951,lrange5,1000000,1203446.50
1952,lpush5,1000000,818409.19
1952,lrange5,1000000,1275510.25
1953,lpush5,1000000,816993.50
1953,lrange5,1000000,1231665.00
1954,lpush5,1000000,817202.62
1954,lrange5,1000000,1205127.75
1955,lpush5,1000000,825948.81
1955,lrange5,1000000,1292196.38
1956,lpush5,1000000,821188.81
1956,lrange5,1000000,1292113.75
1957,lpush5,1000000,814995.94
1957,lrange5,1000000,1206311.25
1958,lpush5,1000000,821031.19
1958,lrange5,1000000,1199060.00
1959,lpush5,1000000,825148.50
1959,lrange5,1000000,1254805.50
1960,lpush5,1000000,811107.81
1960,lrange5,1000000,1285449.88
1961,lpush5,1000000,818422.25
1961,lrange5,1000000,1295419.62
1962,lpush5,1000000,825254.12
1962,lrange5,1000000,1267447.50
1963,lpush5,1000000,825777.06
1963,lrange5,1000000,1293930.12
1964,lpush5,1000000,815048.06
1964,lrange5,1000000,1287145.38
1965,lpush5,1000000,818383.00
1965,lrange5,1000000,1277364.00
1966,lpush5,1000000,819013.94
1966,lrange5,1000000,1285470.50
1967,lpush5,1000000,821745.25
1967,lrange5,1000000,1197624.00
1968,lpush5,1000000,827262.19
1968,lrange5,1000000,1239335.88
1969,lpush5,1000000,823097.94
1969,lrange5,1000000,1290529.12
1970,lpush5,1000000,816993.50
1970,lrange5,1000000,1224029.38
1971,lpush5,1000000,818330.62
1971,lrange5,1000000,1194876.88
1972,lpush5,1000000,825306.94
1972,lrange5,1000000,1261235.88
1973,lpush5,1000000,815008.94
1973,lrange5,1000000,1280512.12
1974,lpush5,1000000,817058.81
1974,lrange5,1000000,1189308.00
1975,lpush5,1000000,819763.94
1975,lrange5,1000000,1275571.50
1976,lpush5,1000000,819013.94
1976,lrange5,1000000,1280594.12
1977,lpush5,1000000,827129.88
1977,lrange5,1000000,1288701.00
1978,lpush5,1000000,819881.94
1978,lrange5,1000000,1193603.88
1979,lpush5,1000000,819685.25
1979,lrange5,1000000,1285491.00
1980,lpush5,1000000,821031.19
1980,lrange5,1000000,1287269.00
1981,lpush5,1000000,816339.56
1981,lrange5,1000000,1193622.88
1982,lpush5,1000000,823124.25
1982,lrange5,1000000,1270831.00
1983,lpush5,1000000,821705.81
1983,lrange5,1000000,1262626.25
1984,lpush5,1000000,823269.12
1984,lrange5,1000000,1290363.88
1985,lpush5,1000000,821070.56
1985,lrange5,1000000,1239276.38
1986,lpush5,1000000,819829.50
1986,lrange5,1000000,1285408.75
1987,lpush5,1000000,823934.12
1987,lrange5,1000000,1283881.88
1988,lpush5,1000000,816496.31
1988,lrange5,1000000,1251564.38
1989,lpush5,1000000,819763.94
1989,lrange5,1000000,1287001.25
1990,lpush5,1000000,816352.62
1990,lrange5,1000000,1199098.38
1991,lpush5,1000000,816535.50
1991,lrange5,1000000,1168523.38
1992,lpush5,1000000,817674.56
1992,lrange5,1000000,1201923.00
1993,lpush5,1000000,819171.19
1993,lrange5,1000000,1203735.25
1994,lpush5,1000000,823749.62
1994,lrange5,1000000,1203369.50
1995,lpush5,1000000,829875.50
1995,lrange5,1000000,1192352.88
1996,lpush5,1000000,822421.06
1996,lrange5,1000000,1264323.62
1997,lpush5,1000000,819777.00
1997,lrange5,1000000,1269157.38
1998,lpush5,1000000,818369.88
1998,lrange5,1000000,1233104.88
1999,lpush5,1000000,815686.81
1999,lrange5,1000000,1257942.12
2000,lpush5,1000000,818356.81
2000,lrange5,1000000,1270668.38
