trial,operation,requests,rps
1,lpush5,1000000,788643.50
1,lrange5,1000000,1168579.38
2,lpush5,1000000,796889.25
2,lrange5,1000000,1179377.38
3,lpush5,1000000,798212.25
3,lrange5,1000000,1196382.75
4,lpush5,1000000,789303.88
4,lrange5,1000000,1203542.75
5,lpush5,1000000,807244.56
5,lrange5,1000000,1197624.00
6,lpush5,1000000,795595.88
6,lrange5,1000000,1202115.38
7,lpush5,1000000,795027.00
7,lrange5,1000000,1185042.62
8,lpush5,1000000,796812.75
8,lrange5,1000000,1160167.12
9,lpush5,1000000,795608.62
9,lrange5,1000000,1187686.50
10,lpush5,1000000,800076.81
10,lrange5,1000000,1192085.88
11,lpush5,1000000,802645.25
11,lrange5,1000000,1191895.12
12,lpush5,1000000,797563.00
12,lrange5,1000000,1201923.00
13,lpush5,1000000,790577.06
13,lrange5,1000000,1165687.62
14,lpush5,1000000,792431.06
14,lrange5,1000000,1180675.38
15,lpush5,1000000,802619.56
15,lrange5,1000000,1206272.62
16,lpush5,1000000,801333.31
16,lrange5,1000000,1209305.88
17,lpush5,1000000,795634.06
17,lrange5,1000000,1154882.25
18,lpush5,1000000,791215.12
18,lrange5,1000000,1180637.50
19,lpush5,1000000,796178.31
19,lrange5,1000000,1189193.75
20,lpush5,1000000,797524.75
20,lrange5,1000000,1189098.62
21,lpush5,1000000,798186.75
21,lrange5,1000000,1194838.75
22,lpush5,1000000,812360.69
22,lrange5,1000000,1167029.12
23,lpush5,1000000,793072.12
23,lrange5,1000000,1186448.38
24,lpush5,1000000,800653.38
24,lrange5,1000000,1171072.62
25,lpush5,1000000,802709.44
25,lrange5,1000000,1199060.00
26,lpush5,1000000,798097.38
26,lrange5,1000000,1183583.38
27,lpush5,1000000,794395.56
27,lrange5,1000000,1168429.88
28,lpush5,1000000,800704.56
28,lrange5,1000000,1167010.50
29,lpush5,1000000,783085.38
29,lrange5,1000000,1189060.62
30,lpush5,1000000,798875.44
30,lrange5,1000000,1183450.88
31,lpush5,1000000,807115.44
31,lrange5,1000000,1196229.62
32,lpush5,1000000,799360.50
32,lrange5,1000000,1189060.62
33,lpush5,1000000,798084.56
33,lrange5,1000000,1194800.50
34,lpush5,1000000,799501.19
34,lrange5,1000000,1186505.38
35,lpush5,1000000,799475.56
35,lrange5,1000000,1187705.50
36,lpush5,1000000,796331.19
36,lrange5,1000000,1173859.12
37,lpush5,1000000,797448.19
37,lrange5,1000000,1187648.50
38,lpush5,1000000,797486.50
38,lrange5,1000000,1175238.50
39,lpush5,1000000,802065.75
39,lrange5,1000000,1202038.38
40,lpush5,1000000,788148.12
40,lrange5,1000000,1199194.25
41,lpush5,1000000,795557.69
41,lrange5,1000000,1154974.62
42,lpush5,1000000,794912.56
42,lrange5,1000000,1189060.62
43,lpush5,1000000,789990.50
43,lrange5,1000000,1197853.88
44,lpush5,1000000,794281.19
44,lrange5,1000000,1190552.38
45,lpush5,1000000,804659.69
45,lrange5,1000000,1196248.75
46,lpush5,1000000,798110.12
46,lrange5,1000000,1189098.62
47,lpush5,1000000,794281.19
47,lrange5,1000000,1189079.62
48,lpush5,1000000,795608.62
48,lrange5,1000000,1196344.50
49,lpush5,1000000,792469.12
49,lrange5,1000000,1168224.25
50,lpush5,1000000,794912.56
50,lrange5,1000000,1189193.75
51,lpush5,1000000,795001.56
51,lrange5,1000000,1187743.50
52,lpush5,1000000,788757.06
52,lrange5,1000000,1167141.25
53,lpush5,1000000,799488.38
53,lrange5,1000000,1202038.38
54,lpush5,1000000,802568.19
54,lrange5,1000000,1177856.38
55,lpush5,1000000,803858.56
55,lrange5,1000000,1194857.75
56,lpush5,1000000,793034.06
56,lrange5,1000000,1185023.75
57,lpush5,1000000,799462.81
57,lrange5,1000000,1189174.75
58,lpush5,1000000,788643.50
58,lrange5,1000000,1141607.38
59,lpush5,1000000,790539.12
59,lrange5,1000000,1189136.75
60,lpush5,1000000,800000.00
60,lrange5,1000000,1172408.00
61,lpush5,1000000,793701.56
61,lrange5,1000000,1202000.00
62,lpush5,1000000,798161.19
62,lrange5,1000000,1180713.12
63,lpush5,1000000,789278.62
63,lrange5,1000000,1183640.25
64,lpush5,1000000,794281.19
64,lrange5,1000000,1124877.38
65,lpush5,1000000,751338.88
65,lrange5,1000000,1085845.88
66,lpush5,1000000,765221.06
66,lrange5,1000000,1186258.62
67,lpush5,1000000,784941.88
67,lrange5,1000000,1122478.12
68,lpush5,1000000,766369.38
68,lrange5,1000000,1200480.12
69,lpush5,1000000,798365.50
69,lrange5,1000000,1193355.62
70,lpush5,1000000,795570.44
70,lrange5,1000000,1187800.50
71,lpush5,1000000,789902.06
71,lrange5,1000000,1172539.25
72,lpush5,1000000,791253.12
72,lrange5,1000000,1197643.12
73,lpush5,1000000,806529.00
73,lrange5,1000000,1180977.62
74,lpush5,1000000,795621.31
74,lrange5,1000000,1199309.38
75,lpush5,1000000,790028.44
75,lrange5,1000000,1208019.25
76,lpush5,1000000,785017.25
76,lrange5,1000000,1182127.62
77,lpush5,1000000,768639.50
77,lrange5,1000000,1132647.75
78,lpush5,1000000,777063.00
78,lrange5,1000000,1165519.88
79,lpush5,1000000,803367.06
79,lrange5,1000000,1176583.50
80,lpush5,1000000,794925.25
80,lrange5,1000000,1183450.88
81,lpush5,1000000,803858.56
81,lrange5,1000000,1189060.62
82,lpush5,1000000,793084.81
82,lrange5,1000000,1202038.38
83,lpush5,1000000,803910.00
83,lrange5,1000000,1169628.00
84,lpush5,1000000,783148.06
84,lrange5,1000000,1152129.12
85,lpush5,1000000,806490.31
85,lrange5,1000000,1213689.38
86,lpush5,1000000,795544.94
86,lrange5,1000000,1172520.50
87,lpush5,1000000,795570.44
87,lrange5,1000000,1184985.75
88,lpush5,1000000,794370.19
88,lrange5,1000000,1196287.00
89,lpush5,1000000,794293.94
89,lrange5,1000000,1185156.38
90,lpush5,1000000,801307.69
90,lrange5,1000000,1193317.38
91,lpush5,1000000,800653.38
91,lrange5,1000000,1160130.00
92,lpush5,1000000,800653.38
92,lrange5,1000000,1169590.62
93,lpush5,1000000,801333.31
93,lrange5,1000000,1209305.88
94,lpush5,1000000,794950.69
94,lrange5,1000000,1189155.75
95,lpush5,1000000,797588.56
95,lrange5,1000000,1203581.25
96,lpush5,1000000,789354.38
96,lrange5,1000000,1186239.62
97,lpush5,1000000,803328.50
97,lrange5,1000000,1187743.50
98,lpush5,1000000,799501.19
98,lrange5,1000000,1176470.50
99,lpush5,1000000,806529.00
99,lrange5,1000000,1203581.25
100,lpush5,1000000,798849.88
100,lrange5,1000000,1196191.38
101,lpush5,1000000,799411.62
101,lrange5,1000000,1194896.00
102,lpush5,1000000,803212.88
102,lrange5,1000000,1177931.75
103,lpush5,1000000,805827.50
103,lrange5,1000000,1186239.62
104,lpush5,1000000,800679.00
104,lrange5,1000000,1201961.50
105,lpush5,1000000,796863.75
105,lrange5,1000000,1194915.12
106,lpush5,1000000,796876.50
106,lrange5,1000000,1159063.75
107,lpush5,1000000,799386.06
107,lrange5,1000000,1182052.00
108,lpush5,1000000,797550.25
108,lrange5,1000000,1194781.38
109,lpush5,1000000,793676.19
109,lrange5,1000000,1182297.88
110,lpush5,1000000,792405.75
110,lrange5,1000000,1204819.25
111,lpush5,1000000,803922.88
111,lrange5,1000000,1206311.25
112,lpush5,1000000,798084.56
112,lrange5,1000000,1193565.62
113,lpush5,1000000,794357.44
113,lrange5,1000000,1172333.00
114,lpush5,1000000,788668.75
114,lrange5,1000000,1082355.00
115,lpush5,1000000,788656.12
115,lrange5,1000000,1169702.88
116,lpush5,1000000,807218.75
116,lrange5,1000000,1179301.88
117,lpush5,1000000,803328.50
117,lrange5,1000000,1137656.38
118,lpush5,1000000,795014.31
118,lrange5,1000000,1192009.50
119,lpush5,1000000,798734.81
119,lrange5,1000000,1194876.88
120,lpush5,1000000,798837.06
120,lrange5,1000000,1191895.12
121,lpush5,1000000,798722.06
121,lrange5,1000000,1148271.00
122,lpush5,1000000,795014.31
122,lrange5,1000000,1165669.00
123,lpush5,1000000,802581.00
123,lrange5,1000000,1201942.25
124,lpush5,1000000,805153.00
124,lrange5,1000000,1180769.75
125,lpush5,1000000,800704.56
125,lrange5,1000000,1207787.38
126,lpush5,1000000,801307.69
126,lrange5,1000000,1189193.75
127,lpush5,1000000,789939.94
127,lrange5,1000000,1162958.12
128,lpush5,1000000,794332.06
128,lrange5,1000000,1204838.62
129,lpush5,1000000,804582.44
129,lrange5,1000000,1213592.25
130,lpush5,1000000,800000.00
130,lrange5,1000000,1207864.75
131,lpush5,1000000,798110.12
131,lrange5,1000000,1187743.50
132,lpush5,1000000,794357.44
132,lrange5,1000000,1189060.62
133,lpush5,1000000,802014.44
133,lrange5,1000000,1209267.25
134,lpush5,1000000,796812.75
134,lrange5,1000000,1190742.88
135,lpush5,1000000,803871.44
135,lrange5,1000000,1204838.62
136,lpush5,1000000,807192.94
136,lrange5,1000000,1212198.75
137,lpush5,1000000,784313.75
137,lrange5,1000000,1184834.12
138,lpush5,1000000,803884.25
138,lrange5,1000000,1203369.50
139,lpush5,1000000,794332.06
139,lrange5,1000000,1199098.38
140,lpush5,1000000,793097.50
140,lrange5,1000000,1200480.12
141,lpush5,1000000,799450.00
141,lrange5,1000000,1179452.88
142,lpush5,1000000,797575.81
142,lrange5,1000000,1192085.88
143,lpush5,1000000,786251.62
143,lrange5,1000000,1186467.38
144,lpush5,1000000,800000.00
144,lrange5,1000000,1182297.88
145,lpush5,1000000,807102.50
145,lrange5,1000000,1204819.25
146,lpush5,1000000,797448.19
146,lrange5,1000000,1177875.12
147,lpush5,1000000,797448.19
147,lrange5,1000000,1193355.62
148,lpush5,1000000,793790.50
148,lrange5,1000000,1197700.62
149,lpush5,1000000,802619.56
149,lrange5,1000000,1207884.00
150,lpush5,1000000,793084.81
150,lrange5,1000000,1187705.50
151,lpush5,1000000,793727.00
151,lrange5,1000000,1186524.38
152,lpush5,1000000,801975.94
152,lrange5,1000000,1186429.38
153,lpush5,1000000,804582.44
153,lrange5,1000000,1192009.50
154,lpush5,1000000,798174.00
154,lrange5,1000000,1199040.75
155,lpush5,1000000,799360.50
155,lrange5,1000000,1173859.12
156,lpush5,1000000,795570.44
156,lrange5,1000000,1184891.00
157,lpush5,1000000,800140.81
157,lrange5,1000000,1186296.62
158,lpush5,1000000,797448.19
158,lrange5,1000000,1193317.38
159,lpush5,1000000,801282.06
159,lrange5,1000000,1189136.75
160,lpush5,1000000,800653.38
160,lrange5,1000000,1212121.25
161,lpush5,1000000,791778.31
161,lrange5,1000000,1189079.62
162,lpush5,1000000,794912.56
162,lrange5,1000000,1186543.25
163,lpush5,1000000,797537.50
163,lrange5,1000000,1190895.25
164,lpush5,1000000,796825.50
164,lrange5,1000000,1190666.75
165,lpush5,1000000,789266.00
165,lrange5,1000000,1191971.38
166,lpush5,1000000,788097.69
166,lrange5,1000000,1206484.88
167,lpush5,1000000,800653.38
167,lrange5,1000000,1196172.25
168,lpush5,1000000,799450.00
168,lrange5,1000000,1193355.62
169,lpush5,1000000,793688.88
169,lrange5,1000000,1204857.88
170,lpush5,1000000,804621.06
170,lrange5,1000000,1177894.00
171,lpush5,1000000,798824.31
171,lrange5,1000000,1182033.12
172,lpush5,1000000,800000.00
172,lrange5,1000000,1187648.50
173,lpush5,1000000,802683.75
173,lrange5,1000000,1166861.12
174,lpush5,1000000,795052.44
174,lrange5,1000000,1189079.62
175,lpush5,1000000,789291.25
175,lrange5,1000000,1192009.50
176,lpush5,1000000,791215.12
176,lrange5,1000000,1175276.12
177,lpush5,1000000,808510.94
177,lrange5,1000000,1206272.62
178,lpush5,1000000,788719.25
178,lrange5,1000000,1153402.50
179,lpush5,1000000,799437.25
179,lrange5,1000000,1175294.88
180,lpush5,1000000,780740.06
180,lrange5,1000000,1204857.88
181,lpush5,1000000,798837.06
181,lrange5,1000000,1209267.25
182,lpush5,1000000,803961.44
182,lrange5,1000000,1191990.50
183,lpush5,1000000,802568.19
183,lrange5,1000000,1183431.88
184,lpush5,1000000,801371.75
184,lrange5,1000000,1187724.50
185,lpush5,1000000,786907.94
185,lrange5,1000000,1197739.00
186,lpush5,1000000,791227.81
186,lrange5,1000000,1210963.75
187,lpush5,1000000,797460.94
187,lrange5,1000000,1164256.12
188,lpush5,1000000,791189.81
188,lrange5,1000000,1173859.12
189,lpush5,1000000,800140.81
189,lrange5,1000000,1189269.88
190,lpush5,1000000,794319.31
190,lrange5,1000000,1194781.38
191,lpush5,1000000,794344.75
191,lrange5,1000000,1180675.38
192,lpush5,1000000,800717.38
192,lrange5,1000000,1210653.75
193,lpush5,1000000,795544.94
193,lrange5,1000000,1200499.38
194,lpush5,1000000,802568.19
194,lrange5,1000000,1197834.75
195,lpush5,1000000,805165.88
195,lrange5,1000000,1207768.12
196,lpush5,1000000,801282.06
196,lrange5,1000000,1213592.25
197,lpush5,1000000,801924.62
197,lrange5,1000000,1176489.38
198,lpush5,1000000,797601.31
198,lrange5,1000000,1186524.38
199,lpush5,1000000,792443.75
199,lrange5,1000000,1189079.62
200,lpush5,1000000,798722.06
200,lrange5,1000000,1207729.50
201,lpush5,1000000,798084.56
201,lrange5,1000000,1186467.38
202,lpush5,1000000,811805.19
202,lrange5,1000000,1210653.75
203,lpush5,1000000,803251.38
203,lrange5,1000000,1173727.75
204,lpush5,1000000,784992.12
204,lrange5,1000000,1202000.00
205,lpush5,1000000,808407.44
205,lrange5,1000000,1194838.75
206,lpush5,1000000,796889.25
206,lrange5,1000000,1210750.62
207,lpush5,1000000,803871.44
207,lrange5,1000000,1203369.50
208,lpush5,1000000,800064.00
208,lrange5,1000000,1175125.75
209,lpush5,1000000,798722.06
209,lrange5,1000000,1206446.38
210,lpush5,1000000,792469.12
210,lrange5,1000000,1189288.88
211,lpush5,1000000,800743.00
211,lrange5,1000000,1200614.62
212,lpush5,1000000,807102.50
212,lrange5,1000000,1197624.00
213,lpush5,1000000,803871.44
213,lrange5,1000000,1172333.00
214,lpush5,1000000,789266.00
214,lrange5,1000000,1206330.50
215,lpush5,1000000,800153.62
215,lrange5,1000000,1180788.62
216,lpush5,1000000,796914.75
216,lrange5,1000000,1193451.12
217,lpush5,1000000,797499.25
217,lrange5,1000000,1194991.62
218,lpush5,1000000,791867.00
218,lrange5,1000000,1172351.75
219,lpush5,1000000,806593.56
219,lrange5,1000000,1197604.88
220,lpush5,1000000,790513.81
220,lrange5,1000000,1200710.62
221,lpush5,1000000,799386.06
221,lrange5,1000000,1197604.88
222,lpush5,1000000,794421.00
222,lrange5,1000000,1209383.25
223,lpush5,1000000,796216.56
223,lrange5,1000000,1183507.62
224,lpush5,1000000,798263.38
224,lrange5,1000000,1203465.75
225,lpush5,1000000,800000.00
225,lrange5,1000000,1183450.88
226,lpush5,1000000,798199.50
226,lrange5,1000000,1182108.75
227,lpush5,1000000,791139.19
227,lrange5,1000000,1206272.62
228,lpush5,1000000,797550.25
228,lrange5,1000000,1186277.62
229,lpush5,1000000,798174.00
229,lrange5,1000000,1196191.38
230,lpush5,1000000,796825.50
230,lrange5,1000000,1202134.62
231,lpush5,1000000,804505.19
231,lrange5,1000000,1199136.75
232,lpush5,1000000,790551.81
232,lrange5,1000000,1168336.50
233,lpush5,1000000,790577.06
233,lrange5,1000000,1193355.62
234,lpush5,1000000,793046.75
234,lrange5,1000000,1191933.25
235,lpush5,1000000,788681.38
235,lrange5,1000000,1176470.50
236,lpush5,1000000,803238.56
236,lrange5,1000000,1173821.62
237,lpush5,1000000,786807.25
237,lrange5,1000000,1169740.38
238,lpush5,1000000,792456.44
238,lrange5,1000000,1203504.25
239,lpush5,1000000,801282.06
239,lrange5,1000000,1166954.50
240,lpush5,1000000,803922.88
240,lrange5,1000000,1204819.25
241,lpush5,1000000,789417.56
241,lrange5,1000000,1190647.62
242,lpush5,1000000,796318.44
242,lrange5,1000000,1182165.50
243,lpush5,1000000,803264.25
243,lrange5,1000000,1194876.88
244,lpush5,1000000,794938.00
244,lrange5,1000000,1190704.75
245,lpush5,1000000,806477.44
245,lrange5,1000000,1140269.12
246,lpush5,1000000,791278.44
246,lrange5,1000000,1179283.00
247,lpush5,1000000,787401.56
247,lrange5,1000000,1199232.62
248,lpush5,1000000,787414.19
248,lrange5,1000000,1177875.12
249,lpush5,1000000,794988.88
249,lrange5,1000000,1186410.50
250,lpush5,1000000,798773.19
250,lrange5,1000000,1190685.75
251,lpush5,1000000,798760.38
251,lrange5,1000000,1209228.50
252,lpush5,1000000,799475.56
252,lrange5,1000000,1182241.12
253,lpush5,1000000,802014.44
253,lrange5,1000000,1192219.38
254,lpush5,1000000,793790.50
254,lrange5,1000000,1193336.50
255,lpush5,1000000,807102.50
255,lrange5,1000000,1180694.25
256,lpush5,1000000,800051.19
256,lrange5,1000000,1201980.75
257,lpush5,1000000,792481.81
257,lrange5,1000000,1197719.75
258,lpush5,1000000,794319.31
258,lrange5,1000000,1191952.38
259,lpush5,1000000,796229.25
259,lrange5,1000000,1191971.38
260,lpush5,1000000,800038.38
260,lrange5,1000000,1194743.12
261,lpush5,1000000,791151.88
261,lrange5,1000000,1187762.50
262,lpush5,1000000,803910.00
262,lrange5,1000000,1194972.50
263,lpush5,1000000,794332.06
263,lrange5,1000000,1199194.25
264,lpush5,1000000,793034.06
264,lrange5,1000000,1203408.00
265,lpush5,1000000,800640.56
265,lrange5,1000000,1207903.38
266,lpush5,1000000,797486.50
266,lrange5,1000000,1224186.12
267,lpush5,1000000,802568.19
267,lrange5,1000000,1194953.38
268,lpush5,1000000,805204.50
268,lrange5,1000000,1203369.50
269,lpush5,1000000,804556.69
269,lrange5,1000000,1212121.25
270,lpush5,1000000,801924.62
270,lrange5,1000000,1212198.75
271,lpush5,1000000,798097.38
271,lrange5,1000000,1180675.38
272,lpush5,1000000,796914.75
272,lrange5,1000000,1180732.00
273,lpush5,1000000,797499.25
273,lrange5,1000000,1179283.00
274,lpush5,1000000,801333.31
274,lrange5,1000000,1189193.75
275,lpush5,1000000,800679.00
275,lrange5,1000000,1156106.38
276,lpush5,1000000,796178.31
276,lrange5,1000000,1192143.00
277,lpush5,1000000,801924.62
277,lrange5,1000000,1197624.00
278,lpush5,1000000,802001.62
278,lrange5,1000000,1199251.75
279,lpush5,1000000,796914.75
279,lrange5,1000000,903472.44
280,lpush5,1000000,794925.25
280,lrange5,1000000,1144164.75
281,lpush5,1000000,799437.25
281,lrange5,1000000,1202038.38
282,lpush5,1000000,798773.19
282,lrange5,1000000,1193546.50
283,lpush5,1000000,794332.06
283,lrange5,1000000,1186239.62
284,lpush5,1000000,794408.31
284,lrange5,1000000,1199040.75
285,lpush5,1000000,795544.94
285,lrange5,1000000,1175182.12
286,lpush5,1000000,791303.75
286,lrange5,1000000,1178007.12
287,lpush5,1000000,799373.25
287,lrange5,1000000,1191914.25
288,lpush5,1000000,796203.81
288,lrange5,1000000,1207903.38
289,lpush5,1000000,795608.62
289,lrange5,1000000,1203408.00
290,lpush5,1000000,785545.94
290,lrange5,1000000,1209209.12
291,lpush5,1000000,796229.25
291,lrange5,1000000,1182146.50
292,lpush5,1000000,795039.75
292,lrange5,1000000,1193489.25
293,lpush5,1000000,809100.38
293,lrange5,1000000,1196344.50
294,lpush5,1000000,805853.31
294,lrange5,1000000,1177856.38
295,lpush5,1000000,801282.06
295,lrange5,1000000,1194762.25
296,lpush5,1000000,800653.38
296,lrange5,1000000,1199060.00
297,lpush5,1000000,801282.06
297,lrange5,1000000,1180713.12
298,lpush5,1000000,802645.25
298,lrange5,1000000,1215222.38
299,lpush5,1000000,796927.50
299,lrange5,1000000,1169628.00
300,lpush5,1000000,790602.38
300,lrange5,1000000,1199079.12
301,lpush5,1000000,799398.88
301,lrange5,1000000,1218143.75
302,lpush5,1000000,798212.25
302,lrange5,1000000,1196229.62
303,lpush5,1000000,789902.06
303,lrange5,1000000,1202230.75
304,lpush5,1000000,796825.50
304,lrange5,1000000,1173727.75
305,lpush5,1000000,806503.25
305,lrange5,1000000,1194857.75
306,lpush5,1000000,802760.81
306,lrange5,1000000,1215066.75
307,lpush5,1000000,801937.44
307,lrange5,1000000,1197643.12
308,lpush5,1000000,784929.31
308,lrange5,1000000,1205069.88
309,lpush5,1000000,796902.00
309,lrange5,1000000,1172370.50
310,lpush5,1000000,796825.50
310,lrange5,1000000,1212179.38
311,lpush5,1000000,797512.00
311,lrange5,1000000,1180675.38
312,lpush5,1000000,805879.06
312,lrange5,1000000,1212140.62
313,lpush5,1000000,788769.69
313,lrange5,1000000,1203369.50
314,lpush5,1000000,788173.31
314,lrange5,1000000,1204877.12
315,lpush5,1000000,801282.06
315,lrange5,1000000,1202173.00
316,lpush5,1000000,800653.38
316,lrange5,1000000,1196363.62
317,lpush5,1000000,805204.50
317,lrange5,1000000,1197758.12
318,lpush5,1000000,809794.31
318,lrange5,1000000,1206504.25
319,lpush5,1000000,784929.31
319,lrange5,1000000,1196382.75
320,lpush5,1000000,797486.50
320,lrange5,1000000,1200557.00
321,lpush5,1000000,780652.62
321,lrange5,1000000,1176564.62
322,lpush5,1000000,792418.38
322,lrange5,1000000,1182127.62
323,lpush5,1000000,804595.31
323,lrange5,1000000,1166954.50
324,lpush5,1000000,775293.06
324,lrange5,1000000,1193775.62
325,lpush5,1000000,797448.19
325,lrange5,1000000,1189098.62
326,lpush5,1000000,793059.44
326,lrange5,1000000,1199213.50
327,lpush5,1000000,788794.94
327,lrange5,1000000,1215261.25
328,lpush5,1000000,803884.25
328,lrange5,1000000,1173708.88
329,lpush5,1000000,784338.81
329,lrange5,1000000,1187648.50
330,lpush5,1000000,805165.88
330,lrange5,1000000,1223990.25
331,lpush5,1000000,801963.12
331,lrange5,1000000,1193451.12
332,lpush5,1000000,798824.31
332,lrange5,1000000,1186277.62
333,lpush5,1000000,791790.94
333,lrange5,1000000,1191914.25
334,lpush5,1000000,802606.69
334,lrange5,1000000,1194762.25
335,lpush5,1000000,798097.38
335,lrange5,1000000,1183431.88
336,lpush5,1000000,798760.38
336,lrange5,1000000,1204973.50
337,lpush5,1000000,800000.00
337,lrange5,1000000,1218104.75
338,lpush5,1000000,794988.88
338,lrange5,1000000,1191914.25
339,lpush5,1000000,805840.44
339,lrange5,1000000,1190476.25
340,lpush5,1000000,793034.06
340,lrange5,1000000,1194876.88
341,lpush5,1000000,801358.94
341,lrange5,1000000,1212257.00
342,lpush5,1000000,804556.69
342,lrange5,1000000,1206427.00
343,lpush5,1000000,790513.81
343,lrange5,1000000,1210828.12
344,lpush5,1000000,810040.50
344,lrange5,1000000,1202038.38
345,lpush5,1000000,800012.81
345,lrange5,1000000,1190609.50
346,lpush5,1000000,802593.88
346,lrange5,1000000,1202269.25
347,lpush5,1000000,804569.56
347,lrange5,1000000,1182165.50
348,lpush5,1000000,801924.62
348,lrange5,1000000,1215144.62
349,lpush5,1000000,796331.19
349,lrange5,1000000,1190685.75
350,lpush5,1000000,783135.50
350,lrange5,1000000,1210673.12
351,lpush5,1000000,800000.00
351,lrange5,1000000,1204857.88
352,lpush5,1000000,803225.69
352,lrange5,1000000,1175163.38
353,lpush5,1000000,807102.50
353,lrange5,1000000,1200480.12
354,lpush5,1000000,800000.00
354,lrange5,1000000,1199136.75
355,lpush5,1000000,790577.06
355,lrange5,1000000,1184872.12
356,lpush5,1000000,799386.06
356,lrange5,1000000,1199060.00
357,lpush5,1000000,783711.56
357,lrange5,1000000,1190476.25
358,lpush5,1000000,804569.56
358,lrange5,1000000,1193336.50
359,lpush5,1000000,798722.06
359,lrange5,1000000,1186258.62
360,lpush5,1000000,796863.75
360,lrange5,1000000,1175088.12
361,lpush5,1000000,776496.88
361,lrange5,1000000,1199098.38
362,lpush5,1000000,790513.81
362,lrange5,1000000,1204915.62
363,lpush5,1000000,794963.44
363,lrange5,1000000,1192066.75
364,lpush5,1000000,792418.38
364,lrange5,1000000,1178007.12
365,lpush5,1000000,791164.50
365,lrange5,1000000,1190495.25
366,lpush5,1000000,805204.50
366,lrange5,1000000,1186239.62
367,lpush5,1000000,795001.56
367,lrange5,1000000,1197604.88
368,lpush5,1000000,799360.50
368,lrange5,1000000,1187724.50
369,lpush5,1000000,790564.44
369,lrange5,1000000,1206446.38
370,lpush5,1000000,789341.75
370,lrange5,1000000,1183507.62
371,lpush5,1000000,798084.56
371,lrange5,1000000,1187648.50
372,lpush5,1000000,801371.75
372,lrange5,1000000,1203369.50
373,lpush5,1000000,801320.50
373,lrange5,1000000,1179377.38
374,lpush5,1000000,800653.38
374,lrange5,1000000,1207845.38
375,lpush5,1000000,811094.88
375,lrange5,1000000,1190590.50
376,lpush5,1000000,800115.19
376,lrange5,1000000,1199175.12
377,lpush5,1000000,794332.06
377,lrange5,1000000,1194876.88
378,lpush5,1000000,804569.56
378,lrange5,1000000,1192295.62
379,lpush5,1000000,800691.81
379,lrange5,1000000,1190495.25
380,lpush5,1000000,811030.00
380,lrange5,1000000,1192104.88
381,lpush5,1000000,786794.62
381,lrange5,1000000,1197643.12
382,lpush5,1000000,798186.75
382,lrange5,1000000,1196440.12
383,lpush5,1000000,788034.62
383,lrange5,1000000,1193393.75
384,lpush5,1000000,794370.19
384,lrange5,1000000,1176470.50
385,lpush5,1000000,801963.12
385,lrange5,1000000,1190628.62
386,lpush5,1000000,792469.12
386,lrange5,1000000,1204954.25
387,lpush5,1000000,798722.06
387,lrange5,1000000,1182108.75
388,lpush5,1000000,801307.69
388,lrange5,1000000,1206272.62
389,lpush5,1000000,799360.50
389,lrange5,1000000,1184928.88
390,lpush5,1000000,784941.88
390,lrange5,1000000,1190533.38
391,lpush5,1000000,808420.38
391,lrange5,1000000,1199232.62
392,lpush5,1000000,799386.06
392,lrange5,1000000,1199040.75
393,lpush5,1000000,798722.06
393,lrange5,1000000,1196191.38
394,lpush5,1000000,798798.75
394,lrange5,1000000,1196344.50
395,lpush5,1000000,809716.56
395,lrange5,1000000,1157425.88
396,lpush5,1000000,780043.69
396,lrange5,1000000,1142912.00
397,lpush5,1000000,806490.31
397,lrange5,1000000,1172576.75
398,lpush5,1000000,798212.25
398,lrange5,1000000,1184834.12
399,lpush5,1000000,794293.94
399,lrange5,1000000,1165669.00
400,lpush5,1000000,794395.56
400,lrange5,1000000,1196382.75
401,lpush5,1000000,808433.31
401,lrange5,1000000,1201923.00
402,lpush5,1000000,793148.25
402,lrange5,1000000,1191914.25
403,lpush5,1000000,810437.62
403,lrange5,1000000,1183602.38
404,lpush5,1000000,795595.88
404,lrange5,1000000,1176602.38
405,lpush5,1000000,796254.75
405,lrange5,1000000,1193489.25
406,lpush5,1000000,794319.31
406,lrange5,1000000,1196287.00
407,lpush5,1000000,803289.94
407,lrange5,1000000,1187800.50
408,lpush5,1000000,795557.69
408,lrange5,1000000,1184910.00
409,lpush5,1000000,793739.69
409,lrange5,1000000,1175182.12
410,lpush5,1000000,796203.81
410,lrange5,1000000,1186315.50
411,lpush5,1000000,807831.94
411,lrange5,1000000,1206504.25
412,lpush5,1000000,803858.56
412,lrange5,1000000,1203369.50
413,lpush5,1000000,797601.31
413,lrange5,1000000,1197643.12
414,lpush5,1000000,800089.62
414,lrange5,1000000,1176470.50
415,lpush5,1000000,786782.06
415,lrange5,1000000,1189231.88
416,lpush5,1000000,797550.25
416,lrange5,1000000,1193393.75
417,lpush5,1000000,801435.88
417,lrange5,1000000,1193508.38
418,lpush5,1000000,784967.00
418,lrange5,1000000,1180694.25
419,lpush5,1000000,797499.25
419,lrange5,1000000,1190704.75
420,lpush5,1000000,793777.81
420,lrange5,1000000,1212218.25
421,lpush5,1000000,798135.69
421,lrange5,1000000,1191895.12
422,lpush5,1000000,795570.44
422,lrange5,1000000,1197643.12
423,lpush5,1000000,791854.31
423,lrange5,1000000,1199098.38
424,lpush5,1000000,792393.06
424,lrange5,1000000,1193355.62
425,lpush5,1000000,792519.81
425,lrange5,1000000,1166898.50
426,lpush5,1000000,798097.38
426,lrange5,1000000,1206349.88
427,lpush5,1000000,789404.94
427,lrange5,1000000,1200480.12
428,lpush5,1000000,797448.19
428,lrange5,1000000,1203388.75
429,lpush5,1000000,793148.25
429,lrange5,1000000,1207903.38
430,lpush5,1000000,797448.19
430,lrange5,1000000,1196172.25
431,lpush5,1000000,798084.56
431,lrange5,1000000,1172464.25
432,lpush5,1000000,793097.50
432,lrange5,1000000,1180732.00
433,lpush5,1000000,789404.94
433,lrange5,1000000,1170960.25
434,lpush5,1000000,796825.50
434,lrange5,1000000,1180637.50
435,lpush5,1000000,796267.50
435,lrange5,1000000,1175125.75
436,lpush5,1000000,795557.69
436,lrange5,1000000,1182127.62
437,lpush5,1000000,784929.31
437,lrange5,1000000,1187895.50
438,lpush5,1000000,795723.19
438,lrange5,1000000,1189231.88
439,lpush5,1000000,800704.56
439,lrange5,1000000,1200537.75
440,lpush5,1000000,793110.19
440,lrange5,1000000,1189117.75
441,lpush5,1000000,801397.44
441,lrange5,1000000,1196363.62
442,lpush5,1000000,798747.62
442,lrange5,1000000,1194743.12
443,lpush5,1000000,794963.44
443,lrange5,1000000,1206291.88
444,lpush5,1000000,799360.50
444,lrange5,1000000,1210828.12
445,lpush5,1000000,795583.12
445,lrange5,1000000,1179320.75
446,lpush5,1000000,803935.69
446,lrange5,1000000,1191895.12
447,lpush5,1000000,804530.94
447,lrange5,1000000,1190476.25
448,lpush5,1000000,796191.06
448,lrange5,1000000,1186258.62
449,lpush5,1000000,792456.44
449,lrange5,1000000,1186410.50
450,lpush5,1000000,805153.00
450,lrange5,1000000,1199079.12
451,lpush5,1000000,800768.62
451,lrange5,1000000,1192047.75
452,lpush5,1000000,791829.00
452,lrange5,1000000,1203696.75
453,lpush5,1000000,781910.81
453,lrange5,1000000,1158822.75
454,lpush5,1000000,793765.06
454,lrange5,1000000,1172501.75
455,lpush5,1000000,794925.25
455,lrange5,1000000,1194743.12
456,lpush5,1000000,780677.56
456,lrange5,1000000,1196172.25
457,lpush5,1000000,804595.31
457,lrange5,1000000,1189079.62
458,lpush5,1000000,795544.94
458,lrange5,1000000,1212179.38
459,lpush5,1000000,800025.62
459,lrange5,1000000,1199040.75
460,lpush5,1000000,803212.88
460,lrange5,1000000,1196172.25
461,lpush5,1000000,794344.75
461,lrange5,1000000,1216545.00
462,lpush5,1000000,792532.50
462,lrange5,1000000,1187648.50
463,lpush5,1000000,792431.06
463,lrange5,1000000,1189079.62
464,lpush5,1000000,803225.69
464,lrange5,1000000,1192066.75
465,lpush5,1000000,804543.81
465,lrange5,1000000,1169628.00
466,lpush5,1000000,794281.19
466,lrange5,1000000,1173859.12
467,lpush5,1000000,789341.75
467,lrange5,1000000,1176489.38
468,lpush5,1000000,796889.25
468,lrange5,1000000,1196210.50
469,lpush5,1000000,803871.44
469,lrange5,1000000,1197719.75
470,lpush5,1000000,794963.44
470,lrange5,1000000,1189060.62
471,lpush5,1000000,805853.31
471,lrange5,1000000,1165501.25
472,lpush5,1000000,788198.56
472,lrange5,1000000,1186239.62
473,lpush5,1000000,804633.94
473,lrange5,1000000,1207806.75
474,lpush5,1000000,800064.00
474,lrange5,1000000,1158971.12
475,lpush5,1000000,792481.81
475,lrange5,1000000,1169609.38
476,lpush5,1000000,800025.62
476,lrange5,1000000,1182335.62
477,lpush5,1000000,788047.25
477,lrange5,1000000,1175257.38
478,lpush5,1000000,793021.38
478,lrange5,1000000,1186486.38
479,lpush5,1000000,799501.19
479,lrange5,1000000,1193508.38
480,lpush5,1000000,800691.81
480,lrange5,1000000,1216700.75
481,lpush5,1000000,792481.81
481,lrange5,1000000,1146972.50
482,lpush5,1000000,794938.00
482,lrange5,1000000,1201923.00
483,lpush5,1000000,791790.94
483,lrange5,1000000,1210653.75
484,lpush5,1000000,786213.88
484,lrange5,1000000,1200614.62
485,lpush5,1000000,789914.69
485,lrange5,1000000,1197758.12
486,lpush5,1000000,788656.12
486,lrange5,1000000,1186277.62
487,lpush5,1000000,800704.56
487,lrange5,1000000,1190571.50
488,lpush5,1000000,796851.00
488,lrange5,1000000,1200595.38
489,lpush5,1000000,802117.12
489,lrange5,1000000,1210731.25
490,lpush5,1000000,805153.00
490,lrange5,1000000,1202038.38
491,lpush5,1000000,778222.56
491,lrange5,1000000,1207826.12
492,lpush5,1000000,793727.00
492,lrange5,1000000,1176658.75
493,lpush5,1000000,796267.50
493,lrange5,1000000,1203542.75
494,lpush5,1000000,798785.94
494,lrange5,1000000,1201942.25
495,lpush5,1000000,798225.06
495,lrange5,1000000,1170997.75
496,lpush5,1000000,782485.12
496,lrange5,1000000,1191933.25
497,lpush5,1000000,801307.69
497,lrange5,1000000,1197700.62
498,lpush5,1000000,800102.38
498,lrange5,1000000,1178120.12
499,lpush5,1000000,795001.56
499,lrange5,1000000,1173859.12
500,lpush5,1000000,799398.88
500,lrange5,1000000,1175219.75
501,lpush5,1000000,793815.88
501,lrange5,1000000,1190647.62
502,lpush5,1000000,807128.38
502,lrange5,1000000,1194819.62
503,lpush5,1000000,808407.44
503,lrange5,1000000,1192028.62
504,lpush5,1000000,798785.94
504,lrange5,1000000,1212315.12
505,lpush5,1000000,800051.19
505,lrange5,1000000,1133859.38
506,lpush5,1000000,805879.06
506,lrange5,1000000,1186372.50
507,lpush5,1000000,801988.81
507,lrange5,1000000,1200787.50
508,lpush5,1000000,804582.44
508,lrange5,1000000,1196229.62
509,lpush5,1000000,798135.69
509,lrange5,1000000,1215066.75
510,lpush5,1000000,789889.38
510,lrange5,1000000,1196210.50
511,lpush5,1000000,802709.44
511,lrange5,1000000,1209267.25
512,lpush5,1000000,798135.69
512,lrange5,1000000,1116196.38
513,lpush5,1000000,797460.94
513,lrange5,1000000,1189079.62
514,lpush5,1000000,797499.25
514,lrange5,1000000,1197643.12
515,lpush5,1000000,777000.81
515,lrange5,1000000,1213689.38
516,lpush5,1000000,795014.31
516,lrange5,1000000,1203369.50
517,lpush5,1000000,797512.00
517,lrange5,1000000,1193374.75
518,lpush5,1000000,798824.31
518,lrange5,1000000,1206388.38
519,lpush5,1000000,809113.31
519,lrange5,1000000,1172333.00
520,lpush5,1000000,788122.88
520,lrange5,1000000,1206272.62
521,lpush5,1000000,805801.75
521,lrange5,1000000,1213611.62
522,lpush5,1000000,793135.56
522,lrange5,1000000,1189288.88
523,lpush5,1000000,790513.81
523,lrange5,1000000,1196382.75
524,lpush5,1000000,803871.44
524,lrange5,1000000,1164144.38
525,lpush5,1000000,796267.50
525,lrange5,1000000,1178044.75
526,lpush5,1000000,801282.06
526,lrange5,1000000,1209441.38
527,lpush5,1000000,796876.50
527,lrange5,1000000,1206349.88
528,lpush5,1000000,809113.31
528,lrange5,1000000,1186258.62
529,lpush5,1000000,801423.06
529,lrange5,1000000,1176602.38
530,lpush5,1000000,798798.75
530,lrange5,1000000,1203504.25
531,lpush5,1000000,794925.25
531,lrange5,1000000,1180750.88
532,lpush5,1000000,796280.25
532,lrange5,1000000,1189231.88
533,lpush5,1000000,799360.50
533,lrange5,1000000,1206446.38
534,lpush5,1000000,798122.88
534,lrange5,1000000,1199175.12
535,lpush5,1000000,805956.44
535,lrange5,1000000,1191971.38
536,lpush5,1000000,800691.81
536,lrange5,1000000,1187648.50
537,lpush5,1000000,798161.19
537,lrange5,1000000,1200480.12
538,lpush5,1000000,791215.12
538,lrange5,1000000,1171053.88
539,lpush5,1000000,770428.38
539,lrange5,1000000,1201942.25
540,lpush5,1000000,791841.62
540,lrange5,1000000,1194762.25
541,lpush5,1000000,789316.50
541,lrange5,1000000,1206465.62
542,lpush5,1000000,809885.00
542,lrange5,1000000,1176508.25
543,lpush5,1000000,799360.50
543,lrange5,1000000,1173840.38
544,lpush5,1000000,785709.38
544,lrange5,1000000,1182108.75
545,lpush5,1000000,786239.00
545,lrange5,1000000,1193336.50
546,lpush5,1000000,798785.94
546,lrange5,1000000,1191895.12
547,lpush5,1000000,798734.81
547,lrange5,1000000,1190571.50
548,lpush5,1000000,795570.44
548,lrange5,1000000,1170997.75
549,lpush5,1000000,792405.75
549,lrange5,1000000,1194953.38
550,lpush5,1000000,796863.75
550,lrange5,1000000,1176470.50
551,lpush5,1000000,803871.44
551,lrange5,1000000,1197662.25
552,lpush5,1000000,802014.44
552,lrange5,1000000,1180656.38
553,lpush5,1000000,792545.19
553,lrange5,1000000,1143021.75
554,lpush5,1000000,797524.75
554,lrange5,1000000,1168616.88
555,lpush5,1000000,788135.50
555,lrange5,1000000,1192028.62
556,lpush5,1000000,793752.38
556,lrange5,1000000,1191952.38
557,lpush5,1000000,788744.50
557,lrange5,1000000,1173859.12
558,lpush5,1000000,799360.50
558,lrange5,1000000,1200518.62
559,lpush5,1000000,801294.88
559,lrange5,1000000,1202000.00
560,lpush5,1000000,804505.19
560,lrange5,1000000,1192104.88
561,lpush5,1000000,721569.94
561,lrange5,1000000,1194896.00
562,lpush5,1000000,808498.00
562,lrange5,1000000,1190742.88
563,lpush5,1000000,794306.62
563,lrange5,1000000,1209228.50
564,lpush5,1000000,798734.81
564,lrange5,1000000,1194915.12
565,lpush5,1000000,786945.69
565,lrange5,1000000,1189079.62
566,lpush5,1000000,805904.88
566,lrange5,1000000,1171185.00
567,lpush5,1000000,798785.94
567,lrange5,1000000,1180637.50
568,lpush5,1000000,802619.56
568,lrange5,1000000,1175276.12
569,lpush5,1000000,801410.25
569,lrange5,1000000,1190609.50
570,lpush5,1000000,797486.50
570,lrange5,1000000,1204992.75
571,lpush5,1000000,796267.50
571,lrange5,1000000,1219551.25
572,lpush5,1000000,798186.75
572,lrange5,1000000,1172389.25
573,lpush5,1000000,801448.69
573,lrange5,1000000,1201923.00
574,lpush5,1000000,803251.38
574,lrange5,1000000,1200537.75
575,lpush5,1000000,804505.19
575,lrange5,1000000,1196210.50
576,lpush5,1000000,798148.44
576,lrange5,1000000,1221196.62
577,lpush5,1000000,796876.50
577,lrange5,1000000,1200614.62
578,lpush5,1000000,803367.06
578,lrange5,1000000,1210653.75
579,lpush5,1000000,795634.06
579,lrange5,1000000,1172370.50
580,lpush5,1000000,797524.75
580,lrange5,1000000,1189212.88
581,lpush5,1000000,789914.69
581,lrange5,1000000,1194762.25
582,lpush5,1000000,792405.75
582,lrange5,1000000,1183488.75
583,lpush5,1000000,789266.00
583,lrange5,1000000,1194896.00
584,lpush5,1000000,806503.25
584,lrange5,1000000,1190666.75
585,lpush5,1000000,794332.06
585,lrange5,1000000,1197604.88
586,lpush5,1000000,797448.19
586,lrange5,1000000,1213631.12
587,lpush5,1000000,797512.00
587,lrange5,1000000,1145622.00
588,lpush5,1000000,802606.69
588,lrange5,1000000,1216564.38
589,lpush5,1000000,807115.44
589,lrange5,1000000,1191895.12
590,lpush5,1000000,800115.19
590,lrange5,1000000,1199155.88
591,lpush5,1000000,796254.75
591,lrange5,1000000,1156069.38
592,lpush5,1000000,794281.19
592,lrange5,1000000,1191895.12
593,lpush5,1000000,790577.06
593,lrange5,1000000,1216603.38
594,lpush5,1000000,807806.12
594,lrange5,1000000,1191952.38
595,lpush5,1000000,803277.12
595,lrange5,1000000,1191971.38
596,lpush5,1000000,800640.56
596,lrange5,1000000,1135200.88
597,lpush5,1000000,798722.06
597,lrange5,1000000,1210847.50
598,lpush5,1000000,803264.25
598,lrange5,1000000,1213631.12
599,lpush5,1000000,807819.06
599,lrange5,1000000,1200672.25
600,lpush5,1000000,791215.12
600,lrange5,1000000,1215261.25
601,lpush5,1000000,785571.06
601,lrange5,1000000,1202173.00
602,lpush5,1000000,800153.62
602,lrange5,1000000,1194743.12
603,lpush5,1000000,800140.81
603,lrange5,1000000,1200614.62
604,lpush5,1000000,800166.38
604,lrange5,1000000,1196210.50
605,lpush5,1000000,799437.25
605,lrange5,1000000,1193336.50
606,lpush5,1000000,795583.12
606,lrange5,1000000,1203408.00
607,lpush5,1000000,797512.00
607,lrange5,1000000,1184891.00
608,lpush5,1000000,786794.62
608,lrange5,1000000,1194781.38
609,lpush5,1000000,789291.25
609,lrange5,1000000,1175088.12
610,lpush5,1000000,798760.38
610,lrange5,1000000,1203388.75
611,lpush5,1000000,780031.25
611,lrange5,1000000,1157444.38
612,lpush5,1000000,791867.00
612,lrange5,1000000,1189308.00
613,lpush5,1000000,798148.44
613,lrange5,1000000,1176564.62
614,lpush5,1000000,797512.00
614,lrange5,1000000,1184853.12
615,lpush5,1000000,799373.25
615,lrange5,1000000,1172351.75
616,lpush5,1000000,805204.50
616,lrange5,1000000,1183469.75
617,lpush5,1000000,800012.81
617,lrange5,1000000,1197758.12
618,lpush5,1000000,788643.50
618,lrange5,1000000,1199175.12
619,lpush5,1000000,790602.38
619,lrange5,1000000,1197624.00
620,lpush5,1000000,796876.50
620,lrange5,1000000,1149535.62
621,lpush5,1000000,804556.69
621,lrange5,1000000,1200480.12
622,lpush5,1000000,806490.31
622,lrange5,1000000,1204877.12
623,lpush5,1000000,798773.19
623,lrange5,1000000,1194800.50
624,lpush5,1000000,794344.75
624,lrange5,1000000,1175125.75
625,lpush5,1000000,796191.06
625,lrange5,1000000,1202076.88
626,lpush5,1000000,796254.75
626,lrange5,1000000,1166861.12
627,lpush5,1000000,795570.44
627,lrange5,1000000,1166879.88
628,lpush5,1000000,788135.50
628,lrange5,1000000,1194800.50
629,lpush5,1000000,798225.06
629,lrange5,1000000,1207806.75
630,lpush5,1000000,795557.69
630,lrange5,1000000,1197777.25
631,lpush5,1000000,800038.38
631,lrange5,1000000,1194800.50
632,lpush5,1000000,801924.62
632,lrange5,1000000,1180732.00
633,lpush5,1000000,798212.25
633,lrange5,1000000,1210905.62
634,lpush5,1000000,800653.38
634,lrange5,1000000,1191990.50
635,lpush5,1000000,792405.75
635,lrange5,1000000,1218065.75
636,lpush5,1000000,794293.94
636,lrange5,1000000,1197624.00
637,lpush5,1000000,792393.06
637,lrange5,1000000,1201923.00
638,lpush5,1000000,801346.12
638,lrange5,1000000,1172408.00
639,lpush5,1000000,803341.38
639,lrange5,1000000,1182127.62
640,lpush5,1000000,795646.81
640,lrange5,1000000,1206658.62
641,lpush5,1000000,789977.88
641,lrange5,1000000,1160204.25
642,lpush5,1000000,800730.19
642,lrange5,1000000,1206755.12
643,lpush5,1000000,800730.19
643,lrange5,1000000,1193470.12
644,lpush5,1000000,799360.50
644,lrange5,1000000,1182108.75
645,lpush5,1000000,797448.19
645,lrange5,1000000,1199079.12
646,lpush5,1000000,800691.81
646,lrange5,1000000,1209383.25
647,lpush5,1000000,786794.62
647,lrange5,1000000,1194896.00
648,lpush5,1000000,801307.69
648,lrange5,1000000,1207864.75
649,lpush5,1000000,788807.56
649,lrange5,1000000,1186391.50
650,lpush5,1000000,796978.50
650,lrange5,1000000,1197700.62
651,lpush5,1000000,796229.25
651,lrange5,1000000,1185004.75
652,lpush5,1000000,794912.56
652,lrange5,1000000,1180769.75
653,lpush5,1000000,795570.44
653,lrange5,1000000,1206349.88
654,lpush5,1000000,792418.38
654,lrange5,1000000,1196287.00
655,lpush5,1000000,809755.44
655,lrange5,1000000,1158915.50
656,lpush5,1000000,801937.44
656,lrange5,1000000,1171091.38
657,lpush5,1000000,791790.94
657,lrange5,1000000,1209344.62
658,lpush5,1000000,797448.19
658,lrange5,1000000,1172333.00
659,lpush5,1000000,796838.25
659,lrange5,1000000,1191914.25
660,lpush5,1000000,797524.75
660,lrange5,1000000,1187686.50
661,lpush5,1000000,796292.94
661,lrange5,1000000,1189193.75
662,lpush5,1000000,808472.12
662,lrange5,1000000,1196210.50
663,lpush5,1000000,798734.81
663,lrange5,1000000,1179547.12
664,lpush5,1000000,801950.31
664,lrange5,1000000,1209422.00
665,lpush5,1000000,798773.19
665,lrange5,1000000,1184928.88
666,lpush5,1000000,803225.69
666,lrange5,1000000,1194781.38
667,lpush5,1000000,802001.62
667,lrange5,1000000,1197719.75
668,lpush5,1000000,788047.25
668,lrange5,1000000,1168243.00
669,lpush5,1000000,802027.25
669,lrange5,1000000,1201942.25
670,lpush5,1000000,790551.81
670,lrange5,1000000,1190704.75
671,lpush5,1000000,792393.06
671,lrange5,1000000,1168224.25
672,lpush5,1000000,800640.56
672,lrange5,1000000,1183564.50
673,lpush5,1000000,777704.50
673,lrange5,1000000,1184872.12
674,lpush5,1000000,794988.88
674,lrange5,1000000,1175294.88
675,lpush5,1000000,798097.38
675,lrange5,1000000,1191971.38
676,lpush5,1000000,796889.25
676,lrange5,1000000,1165669.00
677,lpush5,1000000,799373.25
677,lrange5,1000000,1190571.50
678,lpush5,1000000,792481.81
678,lrange5,1000000,1199194.25
679,lpush5,1000000,800755.81
679,lrange5,1000000,1191895.12
680,lpush5,1000000,798798.75
680,lrange5,1000000,1194762.25
681,lpush5,1000000,802581.00
681,lrange5,1000000,1197739.00
682,lpush5,1000000,797448.19
682,lrange5,1000000,1187705.50
683,lpush5,1000000,797448.19
683,lrange5,1000000,1207980.62
684,lpush5,1000000,800064.00
684,lrange5,1000000,1175257.38
685,lpush5,1000000,803935.69
685,lrange5,1000000,1205031.38
686,lpush5,1000000,793663.50
686,lrange5,1000000,1186296.62
687,lpush5,1000000,799526.75
687,lrange5,1000000,1167047.88
688,lpush5,1000000,796191.06
688,lrange5,1000000,1168355.12
689,lpush5,1000000,805801.75
689,lrange5,1000000,1179396.25
690,lpush5,1000000,800140.81
690,lrange5,1000000,1202057.62
691,lpush5,1000000,801988.81
691,lrange5,1000000,1194743.12
692,lpush5,1000000,801924.62
692,lrange5,1000000,1187686.50
693,lpush5,1000000,796914.75
693,lrange5,1000000,1149627.62
694,lpush5,1000000,800038.38
694,lrange5,1000000,1189155.75
695,lpush5,1000000,805892.00
695,lrange5,1000000,1190590.50
696,lpush5,1000000,803225.69
696,lrange5,1000000,1172408.00
697,lpush5,1000000,792481.81
697,lrange5,1000000,1197777.25
698,lpush5,1000000,795027.00
698,lrange5,1000000,1190590.50
699,lpush5,1000000,789952.56
699,lrange5,1000000,1168299.00
700,lpush5,1000000,798760.38
700,lrange5,1000000,1162958.12
701,lpush5,1000000,806490.31
701,lrange5,1000000,1193527.50
702,lpush5,1000000,799360.50
702,lrange5,1000000,1202057.62
703,lpush5,1000000,794925.25
703,lrange5,1000000,1189174.75
704,lpush5,1000000,794938.00
704,lrange5,1000000,1192009.50
705,lpush5,1000000,789291.25
705,lrange5,1000000,1190495.25
706,lpush5,1000000,798174.00
706,lrange5,1000000,1179264.12
707,lpush5,1000000,794281.19
707,lrange5,1000000,1199040.75
708,lpush5,1000000,799373.25
708,lrange5,1000000,1187705.50
709,lpush5,1000000,798084.56
709,lrange5,1000000,1212198.75
710,lpush5,1000000,801924.62
710,lrange5,1000000,1191895.12
711,lpush5,1000000,803277.12
711,lrange5,1000000,1142857.12
712,lpush5,1000000,793097.50
712,lrange5,1000000,1194762.25
713,lpush5,1000000,801371.75
713,lrange5,1000000,1193374.75
714,lpush5,1000000,803948.56
714,lrange5,1000000,1186277.62
715,lpush5,1000000,797512.00
715,lrange5,1000000,1190590.50
716,lpush5,1000000,789341.75
716,lrange5,1000000,1189079.62
717,lpush5,1000000,791829.00
717,lrange5,1000000,1199175.12
718,lpush5,1000000,793650.81
718,lrange5,1000000,1176470.50
719,lpush5,1000000,793739.69
719,lrange5,1000000,1190571.50
720,lpush5,1000000,794976.12
720,lrange5,1000000,1193622.88
721,lpush5,1000000,781860.81
721,lrange5,1000000,1203619.75
722,lpush5,1000000,795570.44
722,lrange5,1000000,1203388.75
723,lpush5,1000000,801333.31
723,lrange5,1000000,1193317.38
724,lpush5,1000000,785067.50
724,lrange5,1000000,1191971.38
725,lpush5,1000000,793034.06
725,lrange5,1000000,1189155.75
726,lpush5,1000000,786163.56
726,lrange5,1000000,1193374.75
727,lpush5,1000000,794912.56
727,lrange5,1000000,1182033.12
728,lpush5,1000000,794925.25
728,lrange5,1000000,1186258.62
729,lpush5,1000000,800704.56
729,lrange5,1000000,1190628.62
730,lpush5,1000000,805178.75
730,lrange5,1000000,1143058.25
731,lpush5,1000000,805153.00
731,lrange5,1000000,1206427.00
732,lpush5,1000000,790539.12
732,lrange5,1000000,1204857.88
733,lpush5,1000000,800730.19
733,lrange5,1000000,1186391.50
734,lpush5,1000000,802632.38
734,lrange5,1000000,1199117.50
735,lpush5,1000000,785596.25
735,lrange5,1000000,1200576.25
736,lpush5,1000000,793072.12
736,lrange5,1000000,1206291.88
737,lpush5,1000000,794357.44
737,lrange5,1000000,1191990.50
738,lpush5,1000000,792393.06
738,lrange5,1000000,1187648.50
739,lpush5,1000000,805153.00
739,lrange5,1000000,1196210.50
740,lpush5,1000000,791177.19
740,lrange5,1000000,1207903.38
741,lpush5,1000000,796254.75
741,lrange5,1000000,1175182.12
742,lpush5,1000000,799398.88
742,lrange5,1000000,1193317.38
743,lpush5,1000000,800730.19
743,lrange5,1000000,1194781.38
744,lpush5,1000000,796216.56
744,lrange5,1000000,1180807.50
745,lpush5,1000000,793727.00
745,lrange5,1000000,1182052.00
746,lpush5,1000000,800000.00
746,lrange5,1000000,1180656.38
747,lpush5,1000000,786882.75
747,lrange5,1000000,1200480.12
748,lpush5,1000000,800704.56
748,lrange5,1000000,1209325.25
749,lpush5,1000000,765696.81
749,lrange5,1000000,1149646.00
750,lpush5,1000000,790564.44
750,lrange5,1000000,1202057.62
751,lpush5,1000000,801937.44
751,lrange5,1000000,1183545.50
752,lpush5,1000000,793034.06
752,lrange5,1000000,1162976.75
753,lpush5,1000000,798773.19
753,lrange5,1000000,1200653.00
754,lpush5,1000000,790665.62
754,lrange5,1000000,1180826.50
755,lpush5,1000000,799475.56
755,lrange5,1000000,1190704.75
756,lpush5,1000000,790577.06
756,lrange5,1000000,1197662.25
757,lpush5,1000000,795039.75
757,lrange5,1000000,1183507.62
758,lpush5,1000000,780690.06
758,lrange5,1000000,1191971.38
759,lpush5,1000000,793701.56
759,lrange5,1000000,1190495.25
760,lpush5,1000000,803264.25
760,lrange5,1000000,1187705.50
761,lpush5,1000000,793676.19
761,lrange5,1000000,1194800.50
762,lpush5,1000000,802619.56
762,lrange5,1000000,1205031.38
763,lpush5,1000000,799488.38
763,lrange5,1000000,1186448.38
764,lpush5,1000000,789316.50
764,lrange5,1000000,1216564.38
765,lpush5,1000000,793714.31
765,lrange5,1000000,1215105.75
766,lpush5,1000000,801282.06
766,lrange5,1000000,1199136.75
767,lpush5,1000000,800717.38
767,lrange5,1000000,1160130.00
768,lpush5,1000000,803858.56
768,lrange5,1000000,1183545.50
769,lpush5,1000000,800000.00
769,lrange5,1000000,1209209.12
770,lpush5,1000000,805853.31
770,lrange5,1000000,1186353.50
771,lpush5,1000000,808407.44
771,lrange5,1000000,1191952.38
772,lpush5,1000000,789278.62
772,lrange5,1000000,1212198.75
773,lpush5,1000000,772822.25
773,lrange5,1000000,1187705.50
774,lpush5,1000000,793765.06
774,lrange5,1000000,1168280.38
775,lpush5,1000000,804530.94
775,lrange5,1000000,1193336.50
776,lpush5,1000000,802619.56
776,lrange5,1000000,1197719.75
777,lpush5,1000000,795685.00
777,lrange5,1000000,1183450.88
778,lpush5,1000000,791829.00
778,lrange5,1000000,1194762.25
779,lpush5,1000000,794306.62
779,lrange5,1000000,1184985.75
780,lpush5,1000000,788656.12
780,lrange5,1000000,1184985.75
781,lpush5,1000000,789952.56
781,lrange5,1000000,1194972.50
782,lpush5,1000000,798122.88
782,lrange5,1000000,1171091.38
783,lpush5,1000000,798849.88
783,lrange5,1000000,1206291.88
784,lpush5,1000000,802581.00
784,lrange5,1000000,1196306.12
785,lpush5,1000000,786819.81
785,lrange5,1000000,1160111.38
786,lpush5,1000000,797473.69
786,lrange5,1000000,1175125.75
787,lpush5,1000000,795557.69
787,lrange5,1000000,1175106.88
788,lpush5,1000000,787577.94
788,lrange5,1000000,1190476.25
789,lpush5,1000000,799475.56
789,lrange5,1000000,1189136.75
790,lpush5,1000000,791341.75
790,lrange5,1000000,1176470.50
791,lpush5,1000000,800704.56
791,lrange5,1000000,1179490.62
792,lpush5,1000000,794344.75
792,lrange5,1000000,1162827.88
793,lpush5,1000000,808536.81
793,lrange5,1000000,1190723.88
794,lpush5,1000000,795646.81
794,lrange5,1000000,1196210.50
795,lpush5,1000000,791139.19
795,lrange5,1000000,1186239.62
796,lpush5,1000000,800704.56
796,lrange5,1000000,1169646.75
797,lpush5,1000000,788034.62
797,lrange5,1000000,1187648.50
798,lpush5,1000000,793790.50
798,lrange5,1000000,1200518.62
799,lpush5,1000000,793765.06
799,lrange5,1000000,1189193.75
800,lpush5,1000000,801371.75
800,lrange5,1000000,1189060.62
801,lpush5,1000000,798148.44
801,lrange5,1000000,1190704.75
802,lpush5,1000000,793021.38
802,lrange5,1000000,1186429.38
803,lpush5,1000000,786807.25
803,lrange5,1000000,1207806.75
804,lpush5,1000000,789952.56
804,lrange5,1000000,1182108.75
805,lpush5,1000000,791867.00
805,lrange5,1000000,1210750.62
806,lpush5,1000000,791202.50
806,lrange5,1000000,1184966.88
807,lpush5,1000000,788034.62
807,lrange5,1000000,1201942.25
808,lpush5,1000000,795570.44
808,lrange5,1000000,1201980.75
809,lpush5,1000000,791151.88
809,lrange5,1000000,1193317.38
810,lpush5,1000000,803858.56
810,lrange5,1000000,1209363.88
811,lpush5,1000000,793688.88
811,lrange5,1000000,1192047.75
812,lpush5,1000000,797448.19
812,lrange5,1000000,1190533.38
813,lpush5,1000000,799411.62
813,lrange5,1000000,1200576.25
814,lpush5,1000000,800153.62
814,lrange5,1000000,1194743.12
815,lpush5,1000000,798849.88
815,lrange5,1000000,1172445.50
816,lpush5,1000000,801307.69
816,lrange5,1000000,1203562.00
817,lpush5,1000000,794912.56
817,lrange5,1000000,1197604.88
818,lpush5,1000000,790703.56
818,lrange5,1000000,1200499.38
819,lpush5,1000000,806516.12
819,lrange5,1000000,1206427.00
820,lpush5,1000000,794281.19
820,lrange5,1000000,1178044.75
821,lpush5,1000000,786794.62
821,lrange5,1000000,1196191.38
822,lpush5,1000000,803884.25
822,lrange5,1000000,1200518.62
823,lpush5,1000000,789442.81
823,lrange5,1000000,1194934.25
824,lpush5,1000000,803251.38
824,lrange5,1000000,1184853.12
825,lpush5,1000000,792418.38
825,lrange5,1000000,1166879.88
826,lpush5,1000000,788072.44
826,lrange5,1000000,1179339.62
827,lpush5,1000000,798237.81
827,lrange5,1000000,1210711.88
828,lpush5,1000000,805801.75
828,lrange5,1000000,1193489.25
829,lpush5,1000000,798122.88
829,lrange5,1000000,1179396.25
830,lpush5,1000000,785608.81
830,lrange5,1000000,1179415.12
831,lpush5,1000000,797588.56
831,lrange5,1000000,1213669.88
832,lpush5,1000000,803212.88
832,lrange5,1000000,1193451.12
833,lpush5,1000000,788706.62
833,lrange5,1000000,1213611.62
834,lpush5,1000000,800051.19
834,lrange5,1000000,1190476.25
835,lpush5,1000000,803225.69
835,lrange5,1000000,1195010.75
836,lpush5,1000000,796978.50
836,lrange5,1000000,1204954.25
837,lpush5,1000000,800051.19
837,lrange5,1000000,1199040.75
838,lpush5,1000000,800089.62
838,lrange5,1000000,1202153.88
839,lpush5,1000000,791790.94
839,lrange5,1000000,1207729.50
840,lpush5,1000000,801346.12
840,lrange5,1000000,1191895.12
841,lpush5,1000000,794963.44
841,lrange5,1000000,1197930.62
842,lpush5,1000000,793688.88
842,lrange5,1000000,1199040.75
843,lpush5,1000000,675697.31
843,lrange5,1000000,1206349.88
844,lpush5,1000000,795557.69
844,lrange5,1000000,1210692.50
845,lpush5,1000000,794306.62
845,lrange5,1000000,1191990.50
846,lpush5,1000000,797537.50
846,lrange5,1000000,1193412.88
847,lpush5,1000000,794306.62
847,lrange5,1000000,1196325.38
848,lpush5,1000000,789278.62
848,lrange5,1000000,1197911.38
849,lpush5,1000000,791139.19
849,lrange5,1000000,1206349.88
850,lpush5,1000000,789266.00
850,lrange5,1000000,1192028.62
851,lpush5,1000000,794471.81
851,lrange5,1000000,1178026.00
852,lpush5,1000000,795544.94
852,lrange5,1000000,1161440.12
853,lpush5,1000000,797473.69
853,lrange5,1000000,1173727.75
854,lpush5,1000000,802052.94
854,lrange5,1000000,1197834.75
855,lpush5,1000000,798148.44
855,lrange5,1000000,1187648.50
856,lpush5,1000000,798148.44
856,lrange5,1000000,1183564.50
857,lpush5,1000000,798785.94
857,lrange5,1000000,1163107.00
858,lpush5,1000000,795570.44
858,lrange5,1000000,1201980.75
859,lpush5,1000000,807167.12
859,lrange5,1000000,1182033.12
860,lpush5,1000000,800076.81
860,lrange5,1000000,1205012.12
861,lpush5,1000000,801924.62
861,lrange5,1000000,1173877.88
862,lpush5,1000000,803987.19
862,lrange5,1000000,1172426.75
863,lpush5,1000000,761059.38
863,lrange5,1000000,1191895.12
864,lpush5,1000000,793803.19
864,lrange5,1000000,1197624.00
865,lpush5,1000000,793676.19
865,lrange5,1000000,1203408.00
866,lpush5,1000000,801937.44
866,lrange5,1000000,1212295.75
867,lpush5,1000000,793714.31
867,lrange5,1000000,1199424.50
868,lpush5,1000000,792405.75
868,lrange5,1000000,1199155.88
869,lpush5,1000000,776422.38
869,lrange5,1000000,1183545.50
870,lpush5,1000000,792405.75
870,lrange5,1000000,1175200.88
871,lpush5,1000000,800000.00
871,lrange5,1000000,1199271.00
872,lpush5,1000000,778297.31
872,lrange5,1000000,1196287.00
873,lpush5,1000000,788034.62
873,lrange5,1000000,1193470.12
874,lpush5,1000000,785545.94
874,lrange5,1000000,1152092.25
875,lpush5,1000000,796229.25
875,lrange5,1000000,1192047.75
876,lpush5,1000000,791816.31
876,lrange5,1000000,1189174.75
877,lpush5,1000000,796216.56
877,lrange5,1000000,1210653.75
878,lpush5,1000000,795014.31
878,lrange5,1000000,1154882.25
879,lpush5,1000000,805153.00
879,lrange5,1000000,1196363.62
880,lpush5,1000000,794950.69
880,lrange5,1000000,1213631.12
881,lpush5,1000000,798110.12
881,lrange5,1000000,1202000.00
882,lpush5,1000000,793148.25
882,lrange5,1000000,1184872.12
883,lpush5,1000000,794281.19
883,lrange5,1000000,1157648.12
884,lpush5,1000000,803238.56
884,lrange5,1000000,1191990.50
885,lpush5,1000000,800166.38
885,lrange5,1000000,1180656.38
886,lpush5,1000000,796178.31
886,lrange5,1000000,1193489.25
887,lpush5,1000000,796812.75
887,lrange5,1000000,1189060.62
888,lpush5,1000000,778940.81
888,lrange5,1000000,1204819.25
889,lpush5,1000000,791240.50
889,lrange5,1000000,1154789.88
890,lpush5,1000000,794925.25
890,lrange5,1000000,1172351.75
891,lpush5,1000000,795014.31
891,lrange5,1000000,1197643.12
892,lpush5,1000000,797563.00
892,lrange5,1000000,1199136.75
893,lpush5,1000000,795659.50
893,lrange5,1000000,1176602.38
894,lpush5,1000000,806516.12
894,lrange5,1000000,1193432.00
895,lpush5,1000000,795001.56
895,lrange5,1000000,1209189.75
896,lpush5,1000000,801950.31
896,lrange5,1000000,1197777.25
897,lpush5,1000000,796292.94
897,lrange5,1000000,1160092.88
898,lpush5,1000000,799386.06
898,lrange5,1000000,1187648.50
899,lpush5,1000000,799475.56
899,lrange5,1000000,1167029.12
900,lpush5,1000000,802619.56
900,lrange5,1000000,1177875.12
901,lpush5,1000000,796242.00
901,lrange5,1000000,1180637.50
902,lpush5,1000000,800102.38
902,lrange5,1000000,1158804.25
903,lpush5,1000000,784326.31
903,lrange5,1000000,1199040.75
904,lpush5,1000000,789291.25
904,lrange5,1000000,1176564.62
905,lpush5,1000000,800038.38
905,lrange5,1000000,1186239.62
906,lpush5,1000000,807806.12
906,lrange5,1000000,1194819.62
907,lpush5,1000000,793034.06
907,lrange5,1000000,1204819.25
908,lpush5,1000000,794395.56
908,lrange5,1000000,1182279.00
909,lpush5,1000000,783210.69
909,lrange5,1000000,1177950.50
910,lpush5,1000000,793186.31
910,lrange5,1000000,1173821.62
911,lpush5,1000000,800755.81
911,lrange5,1000000,1186296.62
912,lpush5,1000000,794370.19
912,lrange5,1000000,1193336.50
913,lpush5,1000000,798122.88
913,lrange5,1000000,1182052.00
914,lpush5,1000000,794446.44
914,lrange5,1000000,1173821.62
915,lpush5,1000000,794293.94
915,lrange5,1000000,1212179.38
916,lpush5,1000000,795065.19
916,lrange5,1000000,1196267.88
917,lpush5,1000000,788085.06
917,lrange5,1000000,1186239.62
918,lpush5,1000000,804518.06
918,lrange5,1000000,1170960.25
919,lpush5,1000000,786782.06
919,lrange5,1000000,1169684.12
920,lpush5,1000000,798773.19
920,lrange5,1000000,1148307.75
921,lpush5,1000000,801474.31
921,lrange5,1000000,1111235.62
922,lpush5,1000000,789902.06
922,lrange5,1000000,1193489.25
923,lpush5,1000000,788744.50
923,lrange5,1000000,1180656.38
924,lpush5,1000000,798174.00
924,lrange5,1000000,1192066.75
925,lpush5,1000000,802568.19
925,lrange5,1000000,1165631.75
926,lpush5,1000000,795027.00
926,lrange5,1000000,1184872.12
927,lpush5,1000000,795608.62
927,lrange5,1000000,1193451.12
928,lpush5,1000000,799552.31
928,lrange5,1000000,1182127.62
929,lpush5,1000000,803961.44
929,lrange5,1000000,1206272.62
930,lpush5,1000000,796356.69
930,lrange5,1000000,1173727.75
931,lpush5,1000000,796991.25
931,lrange5,1000000,1203485.00
932,lpush5,1000000,799386.06
932,lrange5,1000000,1184834.12
933,lpush5,1000000,799360.50
933,lrange5,1000000,1199213.50
934,lpush5,1000000,791778.31
934,lrange5,1000000,1184985.75
935,lpush5,1000000,797486.50
935,lrange5,1000000,1196172.25
936,lpush5,1000000,793701.56
936,lrange5,1000000,1190476.25
937,lpush5,1000000,796889.25
937,lrange5,1000000,1191990.50
938,lpush5,1000000,799373.25
938,lrange5,1000000,1196248.75
939,lpush5,1000000,802581.00
939,lrange5,1000000,1179584.88
940,lpush5,1000000,794963.44
940,lrange5,1000000,1189231.88
941,lpush5,1000000,793084.81
941,lrange5,1000000,1204992.75
942,lpush5,1000000,802683.75
942,lrange5,1000000,1193336.50
943,lpush5,1000000,801320.50
943,lrange5,1000000,1183583.38
944,lpush5,1000000,788656.12
944,lrange5,1000000,1203465.75
945,lpush5,1000000,800076.81
945,lrange5,1000000,1150932.12
946,lpush5,1000000,791151.88
946,lrange5,1000000,1172408.00
947,lpush5,1000000,798734.81
947,lrange5,1000000,1177988.25
948,lpush5,1000000,800679.00
948,lrange5,1000000,1210692.50
949,lpush5,1000000,791139.19
949,lrange5,1000000,1168261.62
950,lpush5,1000000,784376.50
950,lrange5,1000000,1196382.75
951,lpush5,1000000,801937.44
951,lrange5,1000000,1206291.88
952,lpush5,1000000,800000.00
952,lrange5,1000000,1199079.12
953,lpush5,1000000,798186.75
953,lrange5,1000000,1190476.25
954,lpush5,1000000,797460.94
954,lrange5,1000000,1186296.62
955,lpush5,1000000,785029.81
955,lrange5,1000000,1173915.50
956,lpush5,1000000,789417.56
956,lrange5,1000000,1184947.88
957,lpush5,1000000,797473.69
957,lrange5,1000000,1203542.75
958,lpush5,1000000,796191.06
958,lrange5,1000000,1204877.12
959,lpush5,1000000,798135.69
959,lrange5,1000000,1202019.25
960,lpush5,1000000,801950.31
960,lrange5,1000000,1201923.00
961,lpush5,1000000,803922.88
961,lrange5,1000000,1194876.88
962,lpush5,1000000,805281.81
962,lrange5,1000000,1196306.12
963,lpush5,1000000,815022.00
963,lrange5,1000000,1189136.75
964,lpush5,1000000,800730.19
964,lrange5,1000000,1152073.75
965,lpush5,1000000,799398.88
965,lrange5,1000000,1187648.50
966,lpush5,1000000,799360.50
966,lrange5,1000000,1189060.62
967,lpush5,1000000,794332.06
967,lrange5,1000000,1203427.25
968,lpush5,1000000,798084.56
968,lrange5,1000000,1200537.75
969,lpush5,1000000,795646.81
969,lrange5,1000000,1209209.12
970,lpush5,1000000,805153.00
970,lrange5,1000000,1201980.75
971,lpush5,1000000,795544.94
971,lrange5,1000000,1200518.62
972,lpush5,1000000,816339.56
972,lrange5,1000000,1201942.25
973,lpush5,1000000,806451.62
973,lrange5,1000000,1197700.62
974,lpush5,1000000,789316.50
974,lrange5,1000000,1212198.75
975,lpush5,1000000,799526.75
975,lrange5,1000000,1182184.38
976,lpush5,1000000,800038.38
976,lrange5,1000000,1169740.38
977,lpush5,1000000,795544.94
977,lrange5,1000000,1200518.62
978,lpush5,1000000,792481.81
978,lrange5,1000000,1212237.62
979,lpush5,1000000,803922.88
979,lrange5,1000000,1141662.12
980,lpush5,1000000,794912.56
980,lrange5,1000000,1197873.12
981,lpush5,1000000,789291.25
981,lrange5,1000000,1206272.62
982,lpush5,1000000,795608.62
982,lrange5,1000000,1195125.38
983,lpush5,1000000,789291.25
983,lrange5,1000000,1186467.38
984,lpush5,1000000,788085.06
984,lrange5,1000000,1182033.12
985,lpush5,1000000,798849.88
985,lrange5,1000000,1168224.25
986,lpush5,1000000,803858.56
986,lrange5,1000000,1204973.50
987,lpush5,1000000,804556.69
987,lrange5,1000000,1193527.50
988,lpush5,1000000,796953.00
988,lrange5,1000000,1179245.25
989,lpush5,1000000,803238.56
989,lrange5,1000000,1185080.62
990,lpush5,1000000,806516.12
990,lrange5,1000000,1182127.62
991,lpush5,1000000,796889.25
991,lrange5,1000000,1191895.12
992,lpush5,1000000,790003.12
992,lrange5,1000000,1176545.88
993,lpush5,1000000,798722.06
993,lrange5,1000000,1168317.75
994,lpush5,1000000,802606.69
994,lrange5,1000000,1148307.75
995,lpush5,1000000,795595.88
995,lrange5,1000000,1221020.75
996,lpush5,1000000,800691.81
996,lrange5,1000000,1204935.00
997,lpush5,1000000,812399.69
997,lrange5,1000000,1183564.50
998,lpush5,1000000,801333.31
998,lrange5,1000000,1193355.62
999,lpush5,1000000,792393.06
999,lrange5,1000000,1177969.38
1000,lpush5,1000000,805904.88
1000,lrange5,1000000,1170960.25
1001,lpush5,1000000,793097.50
1001,lrange5,1000000,1197604.88
1002,lpush5,1000000,801924.62
1002,lrange5,1000000,1209286.50
1003,lpush5,1000000,777629.88
1003,lrange5,1000000,1193317.38
1004,lpush5,1000000,793084.81
1004,lrange5,1000000,1194781.38
1005,lpush5,1000000,806541.94
1005,lrange5,1000000,1145640.25
1006,lpush5,1000000,784363.94
1006,lrange5,1000000,1203542.75
1007,lpush5,1000000,804518.06
1007,lrange5,1000000,1152073.75
1008,lpush5,1000000,796191.06
1008,lrange5,1000000,1206407.75
1009,lpush5,1000000,801320.50
1009,lrange5,1000000,1186239.62
1010,lpush5,1000000,798135.69
1010,lrange5,1000000,1190571.50
1011,lpush5,1000000,800704.56
1011,lrange5,1000000,1193336.50
1012,lpush5,1000000,802709.44
1012,lrange5,1000000,1186353.50
1013,lpush5,1000000,794912.56
1013,lrange5,1000000,1213689.38
1014,lpush5,1000000,802632.38
1014,lrange5,1000000,1196191.38
1015,lpush5,1000000,803871.44
1015,lrange5,1000000,1193546.50
1016,lpush5,1000000,790513.81
1016,lrange5,1000000,1182297.88
1017,lpush5,1000000,794421.00
1017,lrange5,1000000,1210828.12
1018,lpush5,1000000,799513.94
1018,lrange5,1000000,1215164.00
1019,lpush5,1000000,792418.38
1019,lrange5,1000000,1187648.50
1020,lpush5,1000000,792456.44
1020,lrange5,1000000,1190609.50
1021,lpush5,1000000,775795.19
1021,lrange5,1000000,1178026.00
1022,lpush5,1000000,795583.12
1022,lrange5,1000000,1192028.62
1023,lpush5,1000000,796914.75
1023,lrange5,1000000,1187686.50
1024,lpush5,1000000,802593.88
1024,lrange5,1000000,1168336.50
1025,lpush5,1000000,798084.56
1025,lrange5,1000000,1196248.75
1026,lpush5,1000000,802014.44
1026,lrange5,1000000,1196229.62
1027,lpush5,1000000,796914.75
1027,lrange5,1000000,1203369.50
1028,lpush5,1000000,793701.56
1028,lrange5,1000000,1215164.00
1029,lpush5,1000000,808459.19
1029,lrange5,1000000,1201942.25
1030,lpush5,1000000,803225.69
1030,lrange5,1000000,1193489.25
1031,lpush5,1000000,772797.50
1031,lrange5,1000000,1191933.25
1032,lpush5,1000000,796927.50
1032,lrange5,1000000,1161570.25
1033,lpush5,1000000,785596.25
1033,lrange5,1000000,1199251.75
1034,lpush5,1000000,800051.19
1034,lrange5,1000000,1200806.75
1035,lpush5,1000000,800730.19
1035,lrange5,1000000,1189136.75
1036,lpush5,1000000,771121.00
1036,lrange5,1000000,1187857.50
1037,lpush5,1000000,805866.19
1037,lrange5,1000000,1186258.62
1038,lpush5,1000000,790513.81
1038,lrange5,1000000,1189079.62
1039,lpush5,1000000,796178.31
1039,lrange5,1000000,1185042.62
1040,lpush5,1000000,791790.94
1040,lrange5,1000000,1209305.88
1041,lpush5,1000000,791177.19
1041,lrange5,1000000,1203388.75
1042,lpush5,1000000,798773.19
1042,lrange5,1000000,1207826.12
1043,lpush5,1000000,797537.50
1043,lrange5,1000000,1200480.12
1044,lpush5,1000000,794344.75
1044,lrange5,1000000,1193489.25
1045,lpush5,1000000,798122.88
1045,lrange5,1000000,1192009.50
1046,lpush5,1000000,793021.38
1046,lrange5,1000000,1203369.50
1047,lpush5,1000000,803212.88
1047,lrange5,1000000,1182260.00
1048,lpush5,1000000,795634.06
1048,lrange5,1000000,1176508.25
1049,lpush5,1000000,798722.06
1049,lrange5,1000000,1200576.25
1050,lpush5,1000000,803302.81
1050,lrange5,1000000,1170997.75
1051,lpush5,1000000,780118.62
1051,lrange5,1000000,1196172.25
1052,lpush5,1000000,793676.19
1052,lrange5,1000000,1183431.88
1053,lpush5,1000000,803251.38
1053,lrange5,1000000,1177950.50
1054,lpush5,1000000,803922.88
1054,lrange5,1000000,1163013.88
1055,lpush5,1000000,791790.94
1055,lrange5,1000000,1163144.12
1056,lpush5,1000000,805217.38
1056,lrange5,1000000,1203562.00
1057,lpush5,1000000,805191.62
1057,lrange5,1000000,1160185.62
1058,lpush5,1000000,793701.56
1058,lrange5,1000000,1200576.25
1059,lpush5,1000000,800640.56
1059,lrange5,1000000,1197662.25
1060,lpush5,1000000,789977.88
1060,lrange5,1000000,1207729.50
1061,lpush5,1000000,794382.88
1061,lrange5,1000000,1200633.88
1062,lpush5,1000000,798135.69
1062,lrange5,1000000,1189060.62
1063,lpush5,1000000,794950.69
1063,lrange5,1000000,1184834.12
1064,lpush5,1000000,783198.12
1064,lrange5,1000000,1197662.25
1065,lpush5,1000000,796292.94
1065,lrange5,1000000,1210789.38
1066,lpush5,1000000,802040.12
1066,lrange5,1000000,1191933.25
1067,lpush5,1000000,798722.06
1067,lrange5,1000000,1190514.38
1068,lpush5,1000000,798747.62
1068,lrange5,1000000,1194819.62
1069,lpush5,1000000,793097.50
1069,lrange5,1000000,1182146.50
1070,lpush5,1000000,796267.50
1070,lrange5,1000000,1207942.00
1071,lpush5,1000000,800012.81
1071,lrange5,1000000,1213708.75
1072,lpush5,1000000,787477.19
1072,lrange5,1000000,1195240.12
1073,lpush5,1000000,801988.81
1073,lrange5,1000000,1192124.00
1074,lpush5,1000000,802606.69
1074,lrange5,1000000,1199175.12
1075,lpush5,1000000,803315.69
1075,lrange5,1000000,1203446.50
1076,lpush5,1000000,803871.44
1076,lrange5,1000000,1215066.75
1077,lpush5,1000000,800768.62
1077,lrange5,1000000,1186296.62
1078,lpush5,1000000,788706.62
1078,lrange5,1000000,1186448.38
1079,lpush5,1000000,794963.44
1079,lrange5,1000000,1182108.75
1080,lpush5,1000000,788744.50
1080,lrange5,1000000,1203523.50
1081,lpush5,1000000,789341.75
1081,lrange5,1000000,1176489.38
1082,lpush5,1000000,801924.62
1082,lrange5,1000000,1202038.38
1083,lpush5,1000000,807167.12
1083,lrange5,1000000,1206504.25
1084,lpush5,1000000,797524.75
1084,lrange5,1000000,1199098.38
1085,lpush5,1000000,792405.75
1085,lrange5,1000000,1203677.50
1086,lpush5,1000000,791278.44
1086,lrange5,1000000,1186277.62
1087,lpush5,1000000,798798.75
1087,lrange5,1000000,1204838.62
1088,lpush5,1000000,802658.06
1088,lrange5,1000000,1210653.75
1089,lpush5,1000000,791803.62
1089,lrange5,1000000,1206446.38
1090,lpush5,1000000,800012.81
1090,lrange5,1000000,1199040.75
1091,lpush5,1000000,803289.94
1091,lrange5,1000000,1216622.88
1092,lpush5,1000000,786188.69
1092,lrange5,1000000,1173784.00
1093,lpush5,1000000,800128.00
1093,lrange5,1000000,1164274.75
1094,lpush5,1000000,798199.50
1094,lrange5,1000000,1189060.62
1095,lpush5,1000000,783110.44
1095,lrange5,1000000,1177912.88
1096,lpush5,1000000,794925.25
1096,lrange5,1000000,1172351.75
1097,lpush5,1000000,804518.06
1097,lrange5,1000000,1187724.50
1098,lpush5,1000000,807767.31
1098,lrange5,1000000,1189079.62
1099,lpush5,1000000,801358.94
1099,lrange5,1000000,1191990.50
1100,lpush5,1000000,794912.56
1100,lrange5,1000000,1196287.00
1101,lpush5,1000000,770428.38
1101,lrange5,1000000,1206311.25
1102,lpush5,1000000,793021.38
1102,lrange5,1000000,1206330.50
1103,lpush5,1000000,781312.50
1103,lrange5,1000000,1189098.62
1104,lpush5,1000000,805153.00
1104,lrange5,1000000,1203446.50
1105,lpush5,1000000,801975.94
1105,lrange5,1000000,1204877.12
1106,lpush5,1000000,789914.69
1106,lrange5,1000000,1182203.25
1107,lpush5,1000000,797588.56
1107,lrange5,1000000,1175276.12
1108,lpush5,1000000,798148.44
1108,lrange5,1000000,1200499.38
1109,lpush5,1000000,795557.69
1109,lrange5,1000000,1184928.88
1110,lpush5,1000000,796902.00
1110,lrange5,1000000,1189327.00
1111,lpush5,1000000,776534.19
1111,lrange5,1000000,1200633.88
1112,lpush5,1000000,807754.44
1112,lrange5,1000000,1206349.88
1113,lpush5,1000000,787464.56
1113,lrange5,1000000,1177856.38
1114,lpush5,1000000,801924.62
1114,lrange5,1000000,1186277.62
1115,lpush5,1000000,792431.06
1115,lrange5,1000000,1164312.00
1116,lpush5,1000000,796216.56
1116,lrange5,1000000,1179301.88
1117,lpush5,1000000,797524.75
1117,lrange5,1000000,1184853.12
1118,lpush5,1000000,803225.69
1118,lrange5,1000000,1173708.88
1119,lpush5,1000000,793688.88
1119,lrange5,1000000,1179415.12
1120,lpush5,1000000,783148.06
1120,lrange5,1000000,1191971.38
1121,lpush5,1000000,793688.88
1121,lrange5,1000000,1168616.88
1122,lpush5,1000000,802645.25
1122,lrange5,1000000,1196248.75
1123,lpush5,1000000,800038.38
1123,lrange5,1000000,1182241.12
1124,lpush5,1000000,802040.12
1124,lrange5,1000000,932100.69
1125,lpush5,1000000,794408.31
1125,lrange5,1000000,1202173.00
1126,lpush5,1000000,799398.88
1126,lrange5,1000000,1200595.38
1127,lpush5,1000000,778928.31
1127,lrange5,1000000,1184947.88
1128,lpush5,1000000,798785.94
1128,lrange5,1000000,1187686.50
1129,lpush5,1000000,802568.19
1129,lrange5,1000000,1180732.00
1130,lpush5,1000000,797473.69
1130,lrange5,1000000,1202000.00
1131,lpush5,1000000,805866.19
1131,lrange5,1000000,1196172.25
1132,lpush5,1000000,803974.31
1132,lrange5,1000000,1207787.38
1133,lpush5,1000000,794912.56
1133,lrange5,1000000,1187800.50
1134,lpush5,1000000,777000.81
1134,lrange5,1000000,1176527.00
1135,lpush5,1000000,809859.12
1135,lrange5,1000000,1205069.88
1136,lpush5,1000000,796953.00
1136,lrange5,1000000,1202115.38
1137,lpush5,1000000,795052.44
1137,lrange5,1000000,1196191.38
1138,lpush5,1000000,805801.75
1138,lrange5,1000000,1180769.75
1139,lpush5,1000000,797448.19
1139,lrange5,1000000,1180732.00
1140,lpush5,1000000,787489.75
1140,lrange5,1000000,1197624.00
1141,lpush5,1000000,800640.56
1141,lrange5,1000000,1167047.88
1142,lpush5,1000000,804518.06
1142,lrange5,1000000,1183583.38
1143,lpush5,1000000,790526.50
1143,lrange5,1000000,1179396.25
1144,lpush5,1000000,794912.56
1144,lrange5,1000000,1197643.12
1145,lpush5,1000000,803935.69
1145,lrange5,1000000,1196210.50
1146,lpush5,1000000,793021.38
1146,lrange5,1000000,1203696.75
1147,lpush5,1000000,797486.50
1147,lrange5,1000000,1186258.62
1148,lpush5,1000000,799373.25
1148,lrange5,1000000,1156069.38
1149,lpush5,1000000,792519.81
1149,lrange5,1000000,1187648.50
1150,lpush5,1000000,798773.19
1150,lrange5,1000000,1209189.75
1151,lpush5,1000000,797499.25
1151,lrange5,1000000,1183450.88
1152,lpush5,1000000,805827.50
1152,lrange5,1000000,1173746.50
1153,lpush5,1000000,797512.00
1153,lrange5,1000000,1190514.38
1154,lpush5,1000000,803251.38
1154,lrange5,1000000,1195029.88
1155,lpush5,1000000,801423.06
1155,lrange5,1000000,1183583.38
1156,lpush5,1000000,798148.44
1156,lrange5,1000000,1203369.50
1157,lpush5,1000000,798148.44
1157,lrange5,1000000,1207806.75
1158,lpush5,1000000,794925.25
1158,lrange5,1000000,1179301.88
1159,lpush5,1000000,797473.69
1159,lrange5,1000000,1192104.88
1160,lpush5,1000000,783210.69
1160,lrange5,1000000,1197624.00
1161,lpush5,1000000,798135.69
1161,lrange5,1000000,1204819.25
1162,lpush5,1000000,801371.75
1162,lrange5,1000000,1169609.38
1163,lpush5,1000000,788681.38
1163,lrange5,1000000,1171128.88
1164,lpush5,1000000,796178.31
1164,lrange5,1000000,1204819.25
1165,lpush5,1000000,790015.75
1165,lrange5,1000000,1160130.00
1166,lpush5,1000000,796927.50
1166,lrange5,1000000,1202019.25
1167,lpush5,1000000,796838.25
1167,lrange5,1000000,1191990.50
1168,lpush5,1000000,800653.38
1168,lrange5,1000000,1192028.62
1169,lpush5,1000000,791189.81
1169,lrange5,1000000,1149462.12
1170,lpush5,1000000,792481.81
1170,lrange5,1000000,1205031.38
1171,lpush5,1000000,788757.06
1171,lrange5,1000000,1196306.12
1172,lpush5,1000000,791139.19
1172,lrange5,1000000,1197604.88
1173,lpush5,1000000,798722.06
1173,lrange5,1000000,1212295.75
1174,lpush5,1000000,796812.75
1174,lrange5,1000000,1202019.25
1175,lpush5,1000000,796838.25
1175,lrange5,1000000,1190647.62
1176,lpush5,1000000,798849.88
1176,lrange5,1000000,1183640.25
1177,lpush5,1000000,801294.88
1177,lrange5,1000000,1162790.62
1178,lpush5,1000000,804556.69
1178,lrange5,1000000,1212276.38
1179,lpush5,1000000,793650.81
1179,lrange5,1000000,1121130.00
1180,lpush5,1000000,785684.19
1180,lrange5,1000000,1189250.88
1181,lpush5,1000000,803884.25
1181,lrange5,1000000,1186505.38
1182,lpush5,1000000,799373.25
1182,lrange5,1000000,1200480.12
1183,lpush5,1000000,798186.75
1183,lrange5,1000000,1182222.25
1184,lpush5,1000000,803871.44
1184,lrange5,1000000,1186239.62
1185,lpush5,1000000,803858.56
1185,lrange5,1000000,1200537.75
1186,lpush5,1000000,792418.38
1186,lrange5,1000000,1206446.38
1187,lpush5,1000000,794319.31
1187,lrange5,1000000,1225745.12
1188,lpush5,1000000,799386.06
1188,lrange5,1000000,1180656.38
1189,lpush5,1000000,791139.19
1189,lrange5,1000000,1179396.25
1190,lpush5,1000000,799462.81
1190,lrange5,1000000,1206465.62
1191,lpush5,1000000,806516.12
1191,lrange5,1000000,1168243.00
1192,lpush5,1000000,799373.25
1192,lrange5,1000000,1192009.50
1193,lpush5,1000000,800204.81
1193,lrange5,1000000,1209189.75
1194,lpush5,1000000,789266.00
1194,lrange5,1000000,1204819.25
1195,lpush5,1000000,781287.50
1195,lrange5,1000000,1183526.62
1196,lpush5,1000000,802078.62
1196,lrange5,1000000,1197604.88
1197,lpush5,1000000,801924.62
1197,lrange5,1000000,1201961.50
1198,lpush5,1000000,802709.44
1198,lrange5,1000000,1202057.62
1199,lpush5,1000000,797550.25
1199,lrange5,1000000,1179547.12
1200,lpush5,1000000,798722.06
1200,lrange5,1000000,1203485.00
1201,lpush5,1000000,804012.88
1201,lrange5,1000000,1202019.25
1202,lpush5,1000000,801397.44
1202,lrange5,1000000,1193680.25
1203,lpush5,1000000,795557.69
1203,lrange5,1000000,1180713.12
1204,lpush5,1000000,802606.69
1204,lrange5,1000000,1186486.38
1205,lpush5,1000000,796242.00
1205,lrange5,1000000,1209305.88
1206,lpush5,1000000,807141.25
1206,lrange5,1000000,1169609.38
1207,lpush5,1000000,799411.62
1207,lrange5,1000000,1184834.12
1208,lpush5,1000000,793034.06
1208,lrange5,1000000,1169609.38
1209,lpush5,1000000,806503.25
1209,lrange5,1000000,1190571.50
1210,lpush5,1000000,801282.06
1210,lrange5,1000000,1187895.50
1211,lpush5,1000000,799488.38
1211,lrange5,1000000,1204954.25
1212,lpush5,1000000,792507.12
1212,lrange5,1000000,1189193.75
1213,lpush5,1000000,785067.50
1213,lrange5,1000000,1180656.38
1214,lpush5,1000000,786819.81
1214,lrange5,1000000,1192104.88
1215,lpush5,1000000,791177.19
1215,lrange5,1000000,1189288.88
1216,lpush5,1000000,796851.00
1216,lrange5,1000000,1203369.50
1217,lpush5,1000000,800025.62
1217,lrange5,1000000,1186258.62
1218,lpush5,1000000,793663.50
1218,lrange5,1000000,1186505.38
1219,lpush5,1000000,798161.19
1219,lrange5,1000000,1191914.25
1220,lpush5,1000000,784363.94
1220,lrange5,1000000,1186315.50
1221,lpush5,1000000,811740.25
1221,lrange5,1000000,1193317.38
1222,lpush5,1000000,798798.75
1222,lrange5,1000000,1168373.88
1223,lpush5,1000000,788807.56
1223,lrange5,1000000,1186296.62
1224,lpush5,1000000,782560.25
1224,lrange5,1000000,1201942.25
1225,lpush5,1000000,798798.75
1225,lrange5,1000000,1203369.50
1226,lpush5,1000000,800768.62
1226,lrange5,1000000,1184928.88
1227,lpush5,1000000,796953.00
1227,lrange5,1000000,1173784.00
1228,lpush5,1000000,792469.12
1228,lrange5,1000000,1169759.00
1229,lpush5,1000000,797460.94
1229,lrange5,1000000,1191914.25
1230,lpush5,1000000,807231.69
1230,lrange5,1000000,1204838.62
1231,lpush5,1000000,801307.69
1231,lrange5,1000000,1209209.12
1232,lpush5,1000000,798798.75
1232,lrange5,1000000,1197624.00
1233,lpush5,1000000,800730.19
1233,lrange5,1000000,1189193.75
1234,lpush5,1000000,796229.25
1234,lrange5,1000000,1200614.62
1235,lpush5,1000000,790539.12
1235,lrange5,1000000,1180694.25
1236,lpush5,1000000,796889.25
1236,lrange5,1000000,1206349.88
1237,lpush5,1000000,789889.38
1237,lrange5,1000000,1187762.50
1238,lpush5,1000000,801346.12
1238,lrange5,1000000,1180750.88
1239,lpush5,1000000,800679.00
1239,lrange5,1000000,1183564.50
1240,lpush5,1000000,796242.00
1240,lrange5,1000000,1121399.12
1241,lpush5,1000000,795723.19
1241,lrange5,1000000,1196325.38
1242,lpush5,1000000,795608.62
1242,lrange5,1000000,1197796.50
1243,lpush5,1000000,798875.44
1243,lrange5,1000000,1173877.88
1244,lpush5,1000000,796280.25
1244,lrange5,1000000,1194838.75
1245,lpush5,1000000,801371.75
1245,lrange5,1000000,1210653.75
1246,lpush5,1000000,798798.75
1246,lrange5,1000000,1156217.38
1247,lpush5,1000000,802052.94
1247,lrange5,1000000,1206388.38
1248,lpush5,1000000,803225.69
1248,lrange5,1000000,1196248.75
1249,lpush5,1000000,801358.94
1249,lrange5,1000000,1158748.62
1250,lpush5,1000000,804595.31
1250,lrange5,1000000,1203446.50
1251,lpush5,1000000,801950.31
1251,lrange5,1000000,1184834.12
1252,lpush5,1000000,793727.00
1252,lrange5,1000000,1199098.38
1253,lpush5,1000000,796863.75
1253,lrange5,1000000,1204857.88
1254,lpush5,1000000,800704.56
1254,lrange5,1000000,1216642.25
1255,lpush5,1000000,798110.12
1255,lrange5,1000000,1199213.50
1256,lpush5,1000000,800704.56
1256,lrange5,1000000,1169609.38
1257,lpush5,1000000,795001.56
1257,lrange5,1000000,1175144.50
1258,lpush5,1000000,804582.44
1258,lrange5,1000000,1207787.38
1259,lpush5,1000000,796927.50
1259,lrange5,1000000,1173708.88
1260,lpush5,1000000,800640.56
1260,lrange5,1000000,1183526.62
1261,lpush5,1000000,783097.94
1261,lrange5,1000000,1216739.62
1262,lpush5,1000000,798722.06
1262,lrange5,1000000,1173708.88
1263,lpush5,1000000,802568.19
1263,lrange5,1000000,1186239.62
1264,lpush5,1000000,796292.94
1264,lrange5,1000000,1179283.00
1265,lpush5,1000000,800679.00
1265,lrange5,1000000,1190552.38
1266,lpush5,1000000,780031.25
1266,lrange5,1000000,1145530.38
1267,lpush5,1000000,794344.75
1267,lrange5,1000000,1216681.25
1268,lpush5,1000000,788668.75
1268,lrange5,1000000,1199155.88
1269,lpush5,1000000,804518.06
1269,lrange5,1000000,1205031.38
1270,lpush5,1000000,799411.62
1270,lrange5,1000000,1165613.12
1271,lpush5,1000000,801346.12
1271,lrange5,1000000,1189231.88
1272,lpush5,1000000,799373.25
1272,lrange5,1000000,1200557.00
1273,lpush5,1000000,803922.88
1273,lrange5,1000000,1206427.00
1274,lpush5,1000000,802568.19
1274,lrange5,1000000,1175238.50
1275,lpush5,1000000,790513.81
1275,lrange5,1000000,1177912.88
1276,lpush5,1000000,784979.56
1276,lrange5,1000000,1173765.25
1277,lpush5,1000000,799360.50
1277,lrange5,1000000,1187705.50
1278,lpush5,1000000,787502.38
1278,lrange5,1000000,1204819.25
1279,lpush5,1000000,806490.31
1279,lrange5,1000000,1167421.25
1280,lpush5,1000000,791189.81
1280,lrange5,1000000,1213669.88
1281,lpush5,1000000,798161.19
1281,lrange5,1000000,1199175.12
1282,lpush5,1000000,791253.12
1282,lrange5,1000000,1194934.25
1283,lpush5,1000000,798785.94
1283,lrange5,1000000,1207845.38
1284,lpush5,1000000,802658.06
1284,lrange5,1000000,1174028.12
1285,lpush5,1000000,792456.44
1285,lrange5,1000000,1197719.75
1286,lpush5,1000000,794446.44
1286,lrange5,1000000,1209344.62
1287,lpush5,1000000,811030.00
1287,lrange5,1000000,1184834.12
1288,lpush5,1000000,808420.38
1288,lrange5,1000000,1190647.62
1289,lpush5,1000000,805281.81
1289,lrange5,1000000,1199271.00
1290,lpush5,1000000,786176.12
1290,lrange5,1000000,1202173.00
1291,lpush5,1000000,795570.44
1291,lrange5,1000000,1213902.88
1292,lpush5,1000000,798773.19
1292,lrange5,1000000,1199098.38
1293,lpush5,1000000,796229.25
1293,lrange5,1000000,1196325.38
1294,lpush5,1000000,784389.06
1294,lrange5,1000000,1144164.75
1295,lpush5,1000000,794332.06
1295,lrange5,1000000,1176677.62
1296,lpush5,1000000,808433.31
1296,lrange5,1000000,1187667.50
1297,lpush5,1000000,784929.31
1297,lrange5,1000000,1203581.25
1298,lpush5,1000000,787414.19
1298,lrange5,1000000,1210711.88
1299,lpush5,1000000,791816.31
1299,lrange5,1000000,1162976.75
1300,lpush5,1000000,792481.81
1300,lrange5,1000000,1189155.75
1301,lpush5,1000000,795595.88
1301,lrange5,1000000,1190476.25
1302,lpush5,1000000,799411.62
1302,lrange5,1000000,1210925.00
1303,lpush5,1000000,806503.25
1303,lrange5,1000000,1193489.25
1304,lpush5,1000000,803922.88
1304,lrange5,1000000,1196421.00
1305,lpush5,1000000,805866.19
1305,lrange5,1000000,1193393.75
1306,lpush5,1000000,807844.88
1306,lrange5,1000000,1199213.50
1307,lpush5,1000000,800717.38
1307,lrange5,1000000,1190476.25
1308,lpush5,1000000,789889.38
1308,lrange5,1000000,1200653.00
1309,lpush5,1000000,800064.00
1309,lrange5,1000000,1191895.12
1310,lpush5,1000000,788757.06
1310,lrange5,1000000,1218085.25
1311,lpush5,1000000,791291.12
1311,lrange5,1000000,1206581.38
1312,lpush5,1000000,791189.81
1312,lrange5,1000000,1207748.75
1313,lpush5,1000000,794281.19
1313,lrange5,1000000,1203388.75
1314,lpush5,1000000,800717.38
1314,lrange5,1000000,1210653.75
1315,lpush5,1000000,794950.69
1315,lrange5,1000000,1200518.62
1316,lpush5,1000000,801950.31
1316,lrange5,1000000,1207864.75
1317,lpush5,1000000,805153.00
1317,lrange5,1000000,1196229.62
1318,lpush5,1000000,789266.00
1318,lrange5,1000000,1196267.88
1319,lpush5,1000000,799450.00
1319,lrange5,1000000,1175238.50
1320,lpush5,1000000,797448.19
1320,lrange5,1000000,1195010.75
1321,lpush5,1000000,793122.88
1321,lrange5,1000000,1186277.62
1322,lpush5,1000000,803871.44
1322,lrange5,1000000,1203369.50
1323,lpush5,1000000,790526.50
1323,lrange5,1000000,1161440.12
1324,lpush5,1000000,797524.75
1324,lrange5,1000000,1219531.75
1325,lpush5,1000000,800025.62
1325,lrange5,1000000,1196306.12
1326,lpush5,1000000,781312.50
1326,lrange5,1000000,1161626.00
1327,lpush5,1000000,801988.81
1327,lrange5,1000000,1191971.38
1328,lpush5,1000000,790564.44
1328,lrange5,1000000,1194972.50
1329,lpush5,1000000,805801.75
1329,lrange5,1000000,1199213.50
1330,lpush5,1000000,798122.88
1330,lrange5,1000000,1182089.88
1331,lpush5,1000000,800064.00
1331,lrange5,1000000,1187838.50
1332,lpush5,1000000,791803.62
1332,lrange5,1000000,1201980.75
1333,lpush5,1000000,786782.06
1333,lrange5,1000000,1183621.25
1334,lpush5,1000000,794293.94
1334,lrange5,1000000,1179264.12
1335,lpush5,1000000,794357.44
1335,lrange5,1000000,1196191.38
1336,lpush5,1000000,804505.19
1336,lrange5,1000000,1199098.38
1337,lpush5,1000000,799450.00
1337,lrange5,1000000,1153494.88
1338,lpush5,1000000,802683.75
1338,lrange5,1000000,1200480.12
1339,lpush5,1000000,794912.56
1339,lrange5,1000000,1199117.50
1340,lpush5,1000000,798722.06
1340,lrange5,1000000,1194743.12
1341,lpush5,1000000,795557.69
1341,lrange5,1000000,1175106.88
1342,lpush5,1000000,791164.50
1342,lrange5,1000000,1153476.38
1343,lpush5,1000000,795557.69
1343,lrange5,1000000,1194781.38
1344,lpush5,1000000,793828.56
1344,lrange5,1000000,1186277.62
1345,lpush5,1000000,800704.56
1345,lrange5,1000000,1191933.25
1346,lpush5,1000000,799475.56
1346,lrange5,1000000,1186239.62
1347,lpush5,1000000,783223.19
1347,lrange5,1000000,1196210.50
1348,lpush5,1000000,796902.00
1348,lrange5,1000000,1199098.38
1349,lpush5,1000000,795608.62
1349,lrange5,1000000,1199040.75
1350,lpush5,1000000,791765.62
1350,lrange5,1000000,1189060.62
1351,lpush5,1000000,798837.06
1351,lrange5,1000000,1201942.25
1352,lpush5,1000000,786819.81
1352,lrange5,1000000,1173896.75
1353,lpush5,1000000,809087.44
1353,lrange5,1000000,1218085.25
1354,lpush5,1000000,796267.50
1354,lrange5,1000000,1187648.50
1355,lpush5,1000000,795672.25
1355,lrange5,1000000,1172333.00
1356,lpush5,1000000,796889.25
1356,lrange5,1000000,1199060.00
1357,lpush5,1000000,789379.69
1357,lrange5,1000000,1207826.12
1358,lpush5,1000000,801358.94
1358,lrange5,1000000,1204857.88
1359,lpush5,1000000,799450.00
1359,lrange5,1000000,1204819.25
1360,lpush5,1000000,793021.38
1360,lrange5,1000000,1184947.88
1361,lpush5,1000000,803225.69
1361,lrange5,1000000,1189288.88
1362,lpush5,1000000,801988.81
1362,lrange5,1000000,1186353.50
1363,lpush5,1000000,809139.19
1363,lrange5,1000000,1200595.38
1364,lpush5,1000000,780093.62
1364,lrange5,1000000,1212276.38
1365,lpush5,1000000,791816.31
1365,lrange5,1000000,1202134.62
1366,lpush5,1000000,801333.31
1366,lrange5,1000000,1194857.75
1367,lpush5,1000000,799411.62
1367,lrange5,1000000,1221001.25
1368,lpush5,1000000,807115.44
1368,lrange5,1000000,1200576.25
1369,lpush5,1000000,782535.19
1369,lrange5,1000000,1184966.88
1370,lpush5,1000000,788643.50
1370,lrange5,1000000,1199040.75
1371,lpush5,1000000,797460.94
1371,lrange5,1000000,1207768.12
1372,lpush5,1000000,802593.88
1372,lrange5,1000000,1179415.12
1373,lpush5,1000000,800691.81
1373,lrange5,1000000,1180637.50
1374,lpush5,1000000,803277.12
1374,lrange5,1000000,1218221.75
1375,lpush5,1000000,801333.31
1375,lrange5,1000000,1203388.75
1376,lpush5,1000000,796178.31
1376,lrange5,1000000,1206427.00
1377,lpush5,1000000,798288.88
1377,lrange5,1000000,1183431.88
1378,lpush5,1000000,805814.62
1378,lrange5,1000000,1183602.38
1379,lpush5,1000000,803858.56
1379,lrange5,1000000,1196172.25
1380,lpush5,1000000,809113.31
1380,lrange5,1000000,1193336.50
1381,lpush5,1000000,790564.44
1381,lrange5,1000000,1199194.25
1382,lpush5,1000000,800717.38
1382,lrange5,1000000,1199060.00
1383,lpush5,1000000,791189.81
1383,lrange5,1000000,1199060.00
1384,lpush5,1000000,784979.56
1384,lrange5,1000000,1187876.50
1385,lpush5,1000000,800064.00
1385,lrange5,1000000,1183640.25
1386,lpush5,1000000,790513.81
1386,lrange5,1000000,1212295.75
1387,lpush5,1000000,796876.50
1387,lrange5,1000000,1183545.50
1388,lpush5,1000000,788656.12
1388,lrange5,1000000,1172389.25
1389,lpush5,1000000,793701.56
1389,lrange5,1000000,1212237.62
1390,lpush5,1000000,809113.31
1390,lrange5,1000000,1172351.75
1391,lpush5,1000000,800025.62
1391,lrange5,1000000,1152129.12
1392,lpush5,1000000,799373.25
1392,lrange5,1000000,1191914.25
1393,lpush5,1000000,788656.12
1393,lrange5,1000000,1184834.12
1394,lpush5,1000000,800768.62
1394,lrange5,1000000,1175313.75
1395,lpush5,1000000,791291.12
1395,lrange5,1000000,1172333.00
1396,lpush5,1000000,802593.88
1396,lrange5,1000000,1210692.50
1397,lpush5,1000000,794293.94
1397,lrange5,1000000,1197604.88
1398,lpush5,1000000,782522.69
1398,lrange5,1000000,1133877.50
1399,lpush5,1000000,796305.69
1399,lrange5,1000000,1177856.38
1400,lpush5,1000000,785659.06
1400,lrange5,1000000,1177875.12
1401,lpush5,1000000,796216.56
1401,lrange5,1000000,1210731.25
1402,lpush5,1000000,802645.25
1402,lrange5,1000000,1172426.75
1403,lpush5,1000000,806529.00
1403,lrange5,1000000,1197681.50
1404,lpush5,1000000,797575.81
1404,lrange5,1000000,1180675.38
1405,lpush5,1000000,783699.06
1405,lrange5,1000000,1179245.25
1406,lpush5,1000000,715307.56
1406,lrange5,1000000,1168280.38
1407,lpush5,1000000,792393.06
1407,lrange5,1000000,1173915.50
1408,lpush5,1000000,797486.50
1408,lrange5,1000000,1179377.38
1409,lpush5,1000000,796825.50
1409,lrange5,1000000,1196382.75
1410,lpush5,1000000,794976.12
1410,lrange5,1000000,1200672.25
1411,lpush5,1000000,792507.12
1411,lrange5,1000000,1180750.88
1412,lpush5,1000000,800691.81
1412,lrange5,1000000,1202000.00
1413,lpush5,1000000,804518.06
1413,lrange5,1000000,1196172.25
1414,lpush5,1000000,805969.31
1414,lrange5,1000000,1191895.12
1415,lpush5,1000000,772846.94
1415,lrange5,1000000,1209286.50
1416,lpush5,1000000,790539.12
1416,lrange5,1000000,1191914.25
1417,lpush5,1000000,794281.19
1417,lrange5,1000000,1161644.62
1418,lpush5,1000000,798212.25
1418,lrange5,1000000,1210866.88
1419,lpush5,1000000,789939.94
1419,lrange5,1000000,1182316.75
1420,lpush5,1000000,806464.50
1420,lrange5,1000000,1212198.75
1421,lpush5,1000000,799616.25
1421,lrange5,1000000,1183526.62
1422,lpush5,1000000,794293.94
1422,lrange5,1000000,1194743.12
1423,lpush5,1000000,800640.56
1423,lrange5,1000000,1204877.12
1424,lpush5,1000000,786239.00
1424,lrange5,1000000,1200480.12
1425,lpush5,1000000,797448.19
1425,lrange5,1000000,1210673.12
1426,lpush5,1000000,789341.75
1426,lrange5,1000000,1187705.50
1427,lpush5,1000000,794963.44
1427,lrange5,1000000,1192085.88
1428,lpush5,1000000,798824.31
1428,lrange5,1000000,1183526.62
1429,lpush5,1000000,798148.44
1429,lrange5,1000000,1194762.25
1430,lpush5,1000000,800025.62
1430,lrange5,1000000,1183697.00
1431,lpush5,1000000,805866.19
1431,lrange5,1000000,1203369.50
1432,lpush5,1000000,802040.12
1432,lrange5,1000000,1206388.38
1433,lpush5,1000000,801975.94
1433,lrange5,1000000,1166861.12
1434,lpush5,1000000,798097.38
1434,lrange5,1000000,1194743.12
1435,lpush5,1000000,790513.81
1435,lrange5,1000000,1207729.50
1436,lpush5,1000000,800000.00
1436,lrange5,1000000,1193336.50
1437,lpush5,1000000,804505.19
1437,lrange5,1000000,1210692.50
1438,lpush5,1000000,793650.81
1438,lrange5,1000000,1209325.25
1439,lpush5,1000000,793059.44
1439,lrange5,1000000,1213669.88
1440,lpush5,1000000,793688.88
1440,lrange5,1000000,1203562.00
1441,lpush5,1000000,797499.25
1441,lrange5,1000000,1190628.62
1442,lpush5,1000000,793072.12
1442,lrange5,1000000,1141552.50
1443,lpush5,1000000,783148.06
1443,lrange5,1000000,1204954.25
1444,lpush5,1000000,793072.12
1444,lrange5,1000000,1177950.50
1445,lpush5,1000000,803897.12
1445,lrange5,1000000,1188047.50
1446,lpush5,1000000,802568.19
1446,lrange5,1000000,1191895.12
1447,lpush5,1000000,800012.81
1447,lrange5,1000000,1199213.50
1448,lpush5,1000000,793752.38
1448,lrange5,1000000,1199251.75
1449,lpush5,1000000,798862.62
1449,lrange5,1000000,1196191.38
1450,lpush5,1000000,797499.25
1450,lrange5,1000000,1202019.25
1451,lpush5,1000000,798785.94
1451,lrange5,1000000,1196306.12
1452,lpush5,1000000,797499.25
1452,lrange5,1000000,1186353.50
1453,lpush5,1000000,796216.56
1453,lrange5,1000000,1199251.75
1454,lpush5,1000000,803858.56
1454,lrange5,1000000,1197643.12
1455,lpush5,1000000,805165.88
1455,lrange5,1000000,1194896.00
1456,lpush5,1000000,798760.38
1456,lrange5,1000000,1204838.62
1457,lpush5,1000000,789303.88
1457,lrange5,1000000,1194915.12
1458,lpush5,1000000,804608.19
1458,lrange5,1000000,1208096.62
1459,lpush5,1000000,792519.81
1459,lrange5,1000000,1202096.12
1460,lpush5,1000000,800025.62
1460,lrange5,1000000,1204857.88
1461,lpush5,1000000,799386.06
1461,lrange5,1000000,1201942.25
1462,lpush5,1000000,793097.50
1462,lrange5,1000000,1204838.62
1463,lpush5,1000000,788643.50
1463,lrange5,1000000,1187686.50
1464,lpush5,1000000,798135.69
1464,lrange5,1000000,1187686.50
1465,lpush5,1000000,798837.06
1465,lrange5,1000000,1179245.25
1466,lpush5,1000000,798722.06
1466,lrange5,1000000,1194857.75
1467,lpush5,1000000,789354.38
1467,lrange5,1000000,1202076.88
1468,lpush5,1000000,798122.88
1468,lrange5,1000000,1190552.38
1469,lpush5,1000000,799386.06
1469,lrange5,1000000,1196191.38
1470,lpush5,1000000,800717.38
1470,lrange5,1000000,1186258.62
1471,lpush5,1000000,785571.06
1471,lrange5,1000000,1172351.75
1472,lpush5,1000000,795027.00
1472,lrange5,1000000,1175106.88
1473,lpush5,1000000,794370.19
1473,lrange5,1000000,1183583.38
1474,lpush5,1000000,796889.25
1474,lrange5,1000000,1180845.38
1475,lpush5,1000000,803328.50
1475,lrange5,1000000,1170960.25
1476,lpush5,1000000,804518.06
1476,lrange5,1000000,1166898.50
1477,lpush5,1000000,795544.94
1477,lrange5,1000000,1173821.62
1478,lpush5,1000000,783724.12
1478,lrange5,1000000,1218260.62
1479,lpush5,1000000,786857.56
1479,lrange5,1000000,1158989.62
1480,lpush5,1000000,795608.62
1480,lrange5,1000000,1176508.25
1481,lpush5,1000000,778828.62
1481,lrange5,1000000,1197624.00
1482,lpush5,1000000,798161.19
1482,lrange5,1000000,1215105.75
1483,lpush5,1000000,783711.56
1483,lrange5,1000000,1177856.38
1484,lpush5,1000000,800691.81
1484,lrange5,1000000,1180637.50
1485,lpush5,1000000,796889.25
1485,lrange5,1000000,1168261.62
1486,lpush5,1000000,780093.62
1486,lrange5,1000000,1177912.88
1487,lpush5,1000000,800076.81
1487,lrange5,1000000,1203408.00
1488,lpush5,1000000,803354.19
1488,lrange5,1000000,1200518.62
1489,lpush5,1000000,807154.19
1489,lrange5,1000000,1193393.75
1490,lpush5,1000000,800000.00
1490,lrange5,1000000,1194857.75
1491,lpush5,1000000,800076.81
1491,lrange5,1000000,1186296.62
1492,lpush5,1000000,800089.62
1492,lrange5,1000000,1204877.12
1493,lpush5,1000000,790053.69
1493,lrange5,1000000,1182222.25
1494,lpush5,1000000,799411.62
1494,lrange5,1000000,1186239.62
1495,lpush5,1000000,795583.12
1495,lrange5,1000000,1199060.00
1496,lpush5,1000000,800012.81
1496,lrange5,1000000,1209383.25
1497,lpush5,1000000,799360.50
1497,lrange5,1000000,1185023.75
1498,lpush5,1000000,800076.81
1498,lrange5,1000000,1194934.25
1499,lpush5,1000000,789927.31
1499,lrange5,1000000,1212179.38
1500,lpush5,1000000,787426.81
1500,lrange5,1000000,1199175.12
1501,lpush5,1000000,775832.44
1501,lrange5,1000000,1204915.62
1502,lpush5,1000000,795544.94
1502,lrange5,1000000,1180637.50
1503,lpush5,1000000,800115.19
1503,lrange5,1000000,1193374.75
1504,lpush5,1000000,798084.56
1504,lrange5,1000000,1210789.38
1505,lpush5,1000000,791905.00
1505,lrange5,1000000,1199136.75
1506,lpush5,1000000,797448.19
1506,lrange5,1000000,1202038.38
1507,lpush5,1000000,798747.62
1507,lrange5,1000000,1184834.12
1508,lpush5,1000000,789278.62
1508,lrange5,1000000,1210653.75
1509,lpush5,1000000,801963.12
1509,lrange5,1000000,1196191.38
1510,lpush5,1000000,784954.44
1510,lrange5,1000000,1192104.88
1511,lpush5,1000000,801988.81
1511,lrange5,1000000,1187781.50
1512,lpush5,1000000,797460.94
1512,lrange5,1000000,1194991.62
1513,lpush5,1000000,801282.06
1513,lrange5,1000000,1200537.75
1514,lpush5,1000000,794912.56
1514,lrange5,1000000,1197681.50
1515,lpush5,1000000,798773.19
1515,lrange5,1000000,1187648.50
1516,lpush5,1000000,781973.38
1516,lrange5,1000000,1203388.75
1517,lpush5,1000000,805930.69
1517,lrange5,1000000,1194915.12
1518,lpush5,1000000,800025.62
1518,lrange5,1000000,1189079.62
1519,lpush5,1000000,798110.12
1519,lrange5,1000000,1165519.88
1520,lpush5,1000000,795544.94
1520,lrange5,1000000,1207787.38
1521,lpush5,1000000,801988.81
1521,lrange5,1000000,1207748.75
1522,lpush5,1000000,808446.25
1522,lrange5,1000000,1202096.12
1523,lpush5,1000000,796812.75
1523,lrange5,1000000,1189365.00
1524,lpush5,1000000,795595.88
1524,lrange5,1000000,1196229.62
1525,lpush5,1000000,803922.88
1525,lrange5,1000000,1202115.38
1526,lpush5,1000000,798122.88
1526,lrange5,1000000,1207729.50
1527,lpush5,1000000,807231.69
1527,lrange5,1000000,1175238.50
1528,lpush5,1000000,796927.50
1528,lrange5,1000000,1200653.00
1529,lpush5,1000000,794332.06
1529,lrange5,1000000,1199194.25
1530,lpush5,1000000,801937.44
1530,lrange5,1000000,1160148.50
1531,lpush5,1000000,809074.50
1531,lrange5,1000000,1196248.75
1532,lpush5,1000000,803354.19
1532,lrange5,1000000,1197739.00
1533,lpush5,1000000,804582.44
1533,lrange5,1000000,1209286.50
1534,lpush5,1000000,785571.06
1534,lrange5,1000000,1202038.38
1535,lpush5,1000000,791177.19
1535,lrange5,1000000,1199079.12
1536,lpush5,1000000,798798.75
1536,lrange5,1000000,1203369.50
1537,lpush5,1000000,791829.00
1537,lrange5,1000000,1189327.00
1538,lpush5,1000000,801320.50
1538,lrange5,1000000,1193317.38
1539,lpush5,1000000,801975.94
1539,lrange5,1000000,1190609.50
1540,lpush5,1000000,801988.81
1540,lrange5,1000000,1194857.75
1541,lpush5,1000000,798084.56
1541,lrange5,1000000,1184910.00
1542,lpush5,1000000,798734.81
1542,lrange5,1000000,1179245.25
1543,lpush5,1000000,800089.62
1543,lrange5,1000000,1164237.50
1544,lpush5,1000000,808407.44
1544,lrange5,1000000,1204973.50
1545,lpush5,1000000,796242.00
1545,lrange5,1000000,1192124.00
1546,lpush5,1000000,801384.62
1546,lrange5,1000000,1189193.75
1547,lpush5,1000000,798722.06
1547,lrange5,1000000,1180656.38
1548,lpush5,1000000,796825.50
1548,lrange5,1000000,1203388.75
1549,lpush5,1000000,795697.69
1549,lrange5,1000000,1219648.75
1550,lpush5,1000000,809126.25
1550,lrange5,1000000,1210750.62
1551,lpush5,1000000,790028.44
1551,lrange5,1000000,1207826.12
1552,lpush5,1000000,796812.75
1552,lrange5,1000000,1218182.75
1553,lpush5,1000000,789266.00
1553,lrange5,1000000,1196325.38
1554,lpush5,1000000,799360.50
1554,lrange5,1000000,1219512.25
1555,lpush5,1000000,801975.94
1555,lrange5,1000000,1204857.88
1556,lpush5,1000000,795621.31
1556,lrange5,1000000,1197700.62
1557,lpush5,1000000,799360.50
1557,lrange5,1000000,1189212.88
1558,lpush5,1000000,778309.75
1558,lrange5,1000000,1203735.25
1559,lpush5,1000000,805268.94
1559,lrange5,1000000,1212218.25
1560,lpush5,1000000,803897.12
1560,lrange5,1000000,1206311.25
1561,lpush5,1000000,793034.06
1561,lrange5,1000000,1173784.00
1562,lpush5,1000000,801924.62
1562,lrange5,1000000,1146880.75
1563,lpush5,1000000,788731.88
1563,lrange5,1000000,1182070.88
1564,lpush5,1000000,801963.12
1564,lrange5,1000000,1197796.50
1565,lpush5,1000000,784954.44
1565,lrange5,1000000,1183678.12
1566,lpush5,1000000,791905.00
1566,lrange5,1000000,1193374.75
1567,lpush5,1000000,791151.88
1567,lrange5,1000000,1160092.88
1568,lpush5,1000000,791790.94
1568,lrange5,1000000,1187667.50
1569,lpush5,1000000,798760.38
1569,lrange5,1000000,1204877.12
1570,lpush5,1000000,797448.19
1570,lrange5,1000000,1203427.25
1571,lpush5,1000000,784967.00
1571,lrange5,1000000,1172558.00
1572,lpush5,1000000,793072.12
1572,lrange5,1000000,1203485.00
1573,lpush5,1000000,791867.00
1573,lrange5,1000000,1189212.88
1574,lpush5,1000000,794370.19
1574,lrange5,1000000,1169646.75
1575,lpush5,1000000,803858.56
1575,lrange5,1000000,1177856.38
1576,lpush5,1000000,796812.75
1576,lrange5,1000000,1199232.62
1577,lpush5,1000000,787527.56
1577,lrange5,1000000,1175163.38
1578,lpush5,1000000,798135.69
1578,lrange5,1000000,1190495.25
1579,lpush5,1000000,790513.81
1579,lrange5,1000000,1199251.75
1580,lpush5,1000000,790513.81
1580,lrange5,1000000,1205012.12
1581,lpush5,1000000,796812.75
1581,lrange5,1000000,1191895.12
1582,lpush5,1000000,785558.50
1582,lrange5,1000000,1197834.75
1583,lpush5,1000000,791803.62
1583,lrange5,1000000,1197662.25
1584,lpush5,1000000,798110.12
1584,lrange5,1000000,1189117.75
1585,lpush5,1000000,792405.75
1585,lrange5,1000000,1200557.00
1586,lpush5,1000000,808407.44
1586,lrange5,1000000,1176715.25
1587,lpush5,1000000,798837.06
1587,lrange5,1000000,1194743.12
1588,lpush5,1000000,789889.38
1588,lrange5,1000000,1201961.50
1589,lpush5,1000000,795595.88
1589,lrange5,1000000,1194934.25
1590,lpush5,1000000,797716.12
1590,lrange5,1000000,1203619.75
1591,lpush5,1000000,798785.94
1591,lrange5,1000000,1157425.88
1592,lpush5,1000000,784967.00
1592,lrange5,1000000,1190666.75
1593,lpush5,1000000,801937.44
1593,lrange5,1000000,1183526.62
1594,lpush5,1000000,805814.62
1594,lrange5,1000000,1190571.50
1595,lpush5,1000000,797512.00
1595,lrange5,1000000,1196172.25
1596,lpush5,1000000,784338.81
1596,lrange5,1000000,1182165.50
1597,lpush5,1000000,803212.88
1597,lrange5,1000000,1204992.75
1598,lpush5,1000000,792494.50
1598,lrange5,1000000,1201942.25
1599,lpush5,1000000,791765.62
1599,lrange5,1000000,1177856.38
1600,lpush5,1000000,775243.44
1600,lrange5,1000000,1192066.75
1601,lpush5,1000000,794319.31
1601,lrange5,1000000,1179358.50
1602,lpush5,1000000,799360.50
1602,lrange5,1000000,1169609.38
1603,lpush5,1000000,788059.88
1603,lrange5,1000000,1187781.50
1604,lpush5,1000000,801294.88
1604,lrange5,1000000,1193336.50
1605,lpush5,1000000,798097.38
1605,lrange5,1000000,1179415.12
1606,lpush5,1000000,797512.00
1606,lrange5,1000000,1191990.50
1607,lpush5,1000000,799411.62
1607,lrange5,1000000,1183431.88
1608,lpush5,1000000,793714.31
1608,lrange5,1000000,1197739.00
1609,lpush5,1000000,800704.56
1609,lrange5,1000000,1210828.12
1610,lpush5,1000000,802658.06
1610,lrange5,1000000,1168411.25
1611,lpush5,1000000,807115.44
1611,lrange5,1000000,1204915.62
1612,lpush5,1000000,802619.56
1612,lrange5,1000000,1186296.62
1613,lpush5,1000000,801950.31
1613,lrange5,1000000,1191914.25
1614,lpush5,1000000,801384.62
1614,lrange5,1000000,1199060.00
1615,lpush5,1000000,785633.94
1615,lrange5,1000000,1189174.75
1616,lpush5,1000000,803315.69
1616,lrange5,1000000,1199213.50
1617,lpush5,1000000,785583.69
1617,lrange5,1000000,1179339.62
1618,lpush5,1000000,796178.31
1618,lrange5,1000000,1209228.50
1619,lpush5,1000000,807102.50
1619,lrange5,1000000,1197604.88
1620,lpush5,1000000,791303.75
1620,lrange5,1000000,1189269.88
1621,lpush5,1000000,800717.38
1621,lrange5,1000000,1210653.75
1622,lpush5,1000000,800679.00
1622,lrange5,1000000,1190628.62
1623,lpush5,1000000,796876.50
1623,lrange5,1000000,1190666.75
1624,lpush5,1000000,797473.69
1624,lrange5,1000000,1180883.12
1625,lpush5,1000000,793650.81
1625,lrange5,1000000,1178007.12
1626,lpush5,1000000,800064.00
1626,lrange5,1000000,1156328.25
1627,lpush5,1000000,797473.69
1627,lrange5,1000000,1209267.25
1628,lpush5,1000000,807128.38
1628,lrange5,1000000,1194819.62
1629,lpush5,1000000,801937.44
1629,lrange5,1000000,1190533.38
1630,lpush5,1000000,803264.25
1630,lrange5,1000000,1197739.00
1631,lpush5,1000000,803225.69
1631,lrange5,1000000,1199040.75
1632,lpush5,1000000,790589.75
1632,lrange5,1000000,1180675.38
1633,lpush5,1000000,798161.19
1633,lrange5,1000000,1180637.50
1634,lpush5,1000000,803871.44
1634,lrange5,1000000,1172483.00
1635,lpush5,1000000,793727.00
1635,lrange5,1000000,1186258.62
1636,lpush5,1000000,796812.75
1636,lrange5,1000000,1209402.62
1637,lpush5,1000000,800128.00
1637,lrange5,1000000,1194743.12
1638,lpush5,1000000,809716.56
1638,lrange5,1000000,1189155.75
1639,lpush5,1000000,795557.69
1639,lrange5,1000000,1209363.88
1640,lpush5,1000000,792393.06
1640,lrange5,1000000,1187648.50
1641,lpush5,1000000,800102.38
1641,lrange5,1000000,1183640.25
1642,lpush5,1000000,795557.69
1642,lrange5,1000000,1197604.88
1643,lpush5,1000000,794344.75
1643,lrange5,1000000,1204973.50
1644,lpush5,1000000,797473.69
1644,lrange5,1000000,1206446.38
1645,lpush5,1000000,803328.50
1645,lrange5,1000000,1196172.25
1646,lpush5,1000000,797448.19
1646,lrange5,1000000,1205069.88
1647,lpush5,1000000,796242.00
1647,lrange5,1000000,1193336.50
1648,lpush5,1000000,796838.25
1648,lrange5,1000000,1172351.75
1649,lpush5,1000000,786176.12
1649,lrange5,1000000,1206427.00
1650,lpush5,1000000,801294.88
1650,lrange5,1000000,1209363.88
1651,lpush5,1000000,801333.31
1651,lrange5,1000000,1190685.75
1652,lpush5,1000000,802619.56
1652,lrange5,1000000,1199136.75
1653,lpush5,1000000,801307.69
1653,lrange5,1000000,1173840.38
1654,lpush5,1000000,804582.44
1654,lrange5,1000000,1197739.00
1655,lpush5,1000000,793046.75
1655,lrange5,1000000,1190552.38
1656,lpush5,1000000,800140.81
1656,lrange5,1000000,1196172.25
1657,lpush5,1000000,794357.44
1657,lrange5,1000000,1210750.62
1658,lpush5,1000000,784351.38
1658,lrange5,1000000,1182184.38
1659,lpush5,1000000,804569.56
1659,lrange5,1000000,1193317.38
1660,lpush5,1000000,802593.88
1660,lrange5,1000000,1199232.62
1661,lpush5,1000000,796851.00
1661,lrange5,1000000,1183488.75
1662,lpush5,1000000,796191.06
1662,lrange5,1000000,1176470.50
1663,lpush5,1000000,790589.75
1663,lrange5,1000000,1191895.12
1664,lpush5,1000000,795595.88
1664,lrange5,1000000,1204954.25
1665,lpush5,1000000,802670.94
1665,lrange5,1000000,1190552.38
1666,lpush5,1000000,788744.50
1666,lrange5,1000000,1175088.12
1667,lpush5,1000000,800679.00
1667,lrange5,1000000,1182127.62
1668,lpush5,1000000,791803.62
1668,lrange5,1000000,1191895.12
1669,lpush5,1000000,802593.88
1669,lrange5,1000000,1199079.12
1670,lpush5,1000000,796889.25
1670,lrange5,1000000,1180769.75
1671,lpush5,1000000,803264.25
1671,lrange5,1000000,1176677.62
1672,lpush5,1000000,799437.25
1672,lrange5,1000000,1177988.25
1673,lpush5,1000000,810372.81
1673,lrange5,1000000,1200633.88
1674,lpush5,1000000,796825.50
1674,lrange5,1000000,1199060.00
1675,lpush5,1000000,799513.94
1675,lrange5,1000000,1202211.50
1676,lpush5,1000000,798110.12
1676,lrange5,1000000,1197604.88
1677,lpush5,1000000,793650.81
1677,lrange5,1000000,1111253.38
1678,lpush5,1000000,791841.62
1678,lrange5,1000000,1213767.00
1679,lpush5,1000000,795544.94
1679,lrange5,1000000,1157481.50
1680,lpush5,1000000,790526.50
1680,lrange5,1000000,1209189.75
1681,lpush5,1000000,798811.50
1681,lrange5,1000000,1215202.88
1682,lpush5,1000000,795014.31
1682,lrange5,1000000,1194934.25
1683,lpush5,1000000,798122.88
1683,lrange5,1000000,1190552.38
1684,lpush5,1000000,795595.88
1684,lrange5,1000000,1175088.12
1685,lpush5,1000000,799411.62
1685,lrange5,1000000,1202096.12
1686,lpush5,1000000,795014.31
1686,lrange5,1000000,1218143.75
1687,lpush5,1000000,793034.06
1687,lrange5,1000000,1207729.50
1688,lpush5,1000000,703763.56
1688,lrange5,1000000,1197624.00
1689,lpush5,1000000,792431.06
1689,lrange5,1000000,1193393.75
1690,lpush5,1000000,801950.31
1690,lrange5,1000000,1199079.12
1691,lpush5,1000000,796178.31
1691,lrange5,1000000,1148215.88
1692,lpush5,1000000,796812.75
1692,lrange5,1000000,1169777.75
1693,lpush5,1000000,797499.25
1693,lrange5,1000000,1178063.62
1694,lpush5,1000000,788185.94
1694,lrange5,1000000,1199271.00
1695,lpush5,1000000,808459.19
1695,lrange5,1000000,1190571.50
1696,lpush5,1000000,803264.25
1696,lrange5,1000000,1196229.62
1697,lpush5,1000000,800653.38
1697,lrange5,1000000,1213592.25
1698,lpush5,1000000,796318.44
1698,lrange5,1000000,1164200.25
1699,lpush5,1000000,803225.69
1699,lrange5,1000000,1194934.25
1700,lpush5,1000000,795001.56
1700,lrange5,1000000,1191933.25
1701,lpush5,1000000,788694.00
1701,lrange5,1000000,1176752.88
1702,lpush5,1000000,806464.50
1702,lrange5,1000000,1210653.75
1703,lpush5,1000000,805956.44
1703,lrange5,1000000,1173727.75
1704,lpush5,1000000,788681.38
1704,lrange5,1000000,1190628.62
1705,lpush5,1000000,800064.00
1705,lrange5,1000000,1196248.75
1706,lpush5,1000000,793122.88
1706,lrange5,1000000,1212276.38
1707,lpush5,1000000,789889.38
1707,lrange5,1000000,1132575.25
1708,lpush5,1000000,787401.56
1708,lrange5,1000000,1197604.88
1709,lpush5,1000000,799386.06
1709,lrange5,1000000,1179396.25
1710,lpush5,1000000,800755.81
1710,lrange5,1000000,1164237.50
1711,lpush5,1000000,794395.56
1711,lrange5,1000000,1212121.25
1712,lpush5,1000000,796267.50
1712,lrange5,1000000,1187686.50
1713,lpush5,1000000,801320.50
1713,lrange5,1000000,1199079.12
1714,lpush5,1000000,794357.44
1714,lrange5,1000000,1213631.12
1715,lpush5,1000000,801333.31
1715,lrange5,1000000,1179283.00
1716,lpush5,1000000,801294.88
1716,lrange5,1000000,1199060.00
1717,lpush5,1000000,796825.50
1717,lrange5,1000000,1202038.38
1718,lpush5,1000000,791202.50
1718,lrange5,1000000,1157555.50
1719,lpush5,1000000,787502.38
1719,lrange5,1000000,1203369.50
1720,lpush5,1000000,794293.94
1720,lrange5,1000000,1179452.88
1721,lpush5,1000000,793765.06
1721,lrange5,1000000,1200653.00
1722,lpush5,1000000,796812.75
1722,lrange5,1000000,1202153.88
1723,lpush5,1000000,797588.56
1723,lrange5,1000000,1194781.38
1724,lpush5,1000000,789303.88
1724,lrange5,1000000,1203485.00
1725,lpush5,1000000,791765.62
1725,lrange5,1000000,1190514.38
1726,lpush5,1000000,800064.00
1726,lrange5,1000000,1204838.62
1727,lpush5,1000000,798811.50
1727,lrange5,1000000,1205166.25
1728,lpush5,1000000,788022.06
1728,lrange5,1000000,1184928.88
1729,lpush5,1000000,793752.38
1729,lrange5,1000000,1189193.75
1730,lpush5,1000000,788022.06
1730,lrange5,1000000,1199040.75
1731,lpush5,1000000,790513.81
1731,lrange5,1000000,1184834.12
1732,lpush5,1000000,804633.94
1732,lrange5,1000000,1187667.50
1733,lpush5,1000000,802014.44
1733,lrange5,1000000,1173934.25
1734,lpush5,1000000,784426.69
1734,lrange5,1000000,1168243.00
1735,lpush5,1000000,791790.94
1735,lrange5,1000000,1202019.25
1736,lpush5,1000000,791151.88
1736,lrange5,1000000,1204915.62
1737,lpush5,1000000,804582.44
1737,lrange5,1000000,1182108.75
1738,lpush5,1000000,799450.00
1738,lrange5,1000000,1193393.75
1739,lpush5,1000000,797550.25
1739,lrange5,1000000,1200691.50
1740,lpush5,1000000,796292.94
1740,lrange5,1000000,1209228.50
1741,lpush5,1000000,802581.00
1741,lrange5,1000000,1200480.12
1742,lpush5,1000000,801358.94
1742,lrange5,1000000,1176564.62
1743,lpush5,1000000,793059.44
1743,lrange5,1000000,1187724.50
1744,lpush5,1000000,792418.38
1744,lrange5,1000000,1209189.75
1745,lpush5,1000000,797550.25
1745,lrange5,1000000,1177856.38
1746,lpush5,1000000,799424.44
1746,lrange5,1000000,1187781.50
1747,lpush5,1000000,803328.50
1747,lrange5,1000000,1176508.25
1748,lpush5,1000000,801423.06
1748,lrange5,1000000,1196191.38
1749,lpush5,1000000,789266.00
1749,lrange5,1000000,1194991.62
1750,lpush5,1000000,796280.25
1750,lrange5,1000000,1186353.50
1751,lpush5,1000000,801333.31
1751,lrange5,1000000,1185004.75
1752,lpush5,1000000,803871.44
1752,lrange5,1000000,1199232.62
1753,lpush5,1000000,792431.06
1753,lrange5,1000000,1167346.62
1754,lpush5,1000000,780640.12
1754,lrange5,1000000,1186372.50
1755,lpush5,1000000,792418.38
1755,lrange5,1000000,1098918.62
1756,lpush5,1000000,750247.56
1756,lrange5,1000000,1121183.88
1757,lpush5,1000000,786832.38
1757,lrange5,1000000,1139006.75
1758,lpush5,1000000,767018.38
1758,lrange5,1000000,1152258.12
1759,lpush5,1000000,794421.00
1759,lrange5,1000000,1164144.38
1760,lpush5,1000000,796242.00
1760,lrange5,1000000,1192104.88
1761,lpush5,1000000,803238.56
1761,lrange5,1000000,1167047.88
1762,lpush5,1000000,792456.44
1762,lrange5,1000000,1203369.50
1763,lpush5,1000000,778322.19
1763,lrange5,1000000,1177856.38
1764,lpush5,1000000,783173.06
1764,lrange5,1000000,1186353.50
1765,lpush5,1000000,786176.12
1765,lrange5,1000000,1176583.50
1766,lpush5,1000000,805191.62
1766,lrange5,1000000,1184910.00
1767,lpush5,1000000,770416.06
1767,lrange5,1000000,1131457.00
1768,lpush5,1000000,759927.06
1768,lrange5,1000000,1172333.00
1769,lpush5,1000000,782472.62
1769,lrange5,1000000,1176564.62
1770,lpush5,1000000,796876.50
1770,lrange5,1000000,1200537.75
1771,lpush5,1000000,798161.19
1771,lrange5,1000000,1193489.25
1772,lpush5,1000000,784979.56
1772,lrange5,1000000,1180883.12
1773,lpush5,1000000,801358.94
1773,lrange5,1000000,1175088.12
1774,lpush5,1000000,800038.38
1774,lrange5,1000000,1190533.38
1775,lpush5,1000000,806567.75
1775,lrange5,1000000,1197700.62
1776,lpush5,1000000,794421.00
1776,lrange5,1000000,1185061.62
1777,lpush5,1000000,799424.44
1777,lrange5,1000000,1157555.50
1778,lpush5,1000000,792443.75
1778,lrange5,1000000,1177856.38
1779,lpush5,1000000,798263.38
1779,lrange5,1000000,1179377.38
1780,lpush5,1000000,789266.00
1780,lrange5,1000000,1191933.25
1781,lpush5,1000000,799373.25
1781,lrange5,1000000,1179490.62
1782,lpush5,1000000,787401.56
1782,lrange5,1000000,1183697.00
1783,lpush5,1000000,789278.62
1783,lrange5,1000000,1178044.75
1784,lpush5,1000000,796876.50
1784,lrange5,1000000,1190514.38
1785,lpush5,1000000,791151.88
1785,lrange5,1000000,1189079.62
1786,lpush5,1000000,780156.06
1786,lrange5,1000000,1140323.88
1787,lpush5,1000000,791189.81
1787,lrange5,1000000,1197604.88
1788,lpush5,1000000,798110.12
1788,lrange5,1000000,1199040.75
1789,lpush5,1000000,799373.25
1789,lrange5,1000000,1202000.00
1790,lpush5,1000000,805191.62
1790,lrange5,1000000,1199251.75
1791,lpush5,1000000,795634.06
1791,lrange5,1000000,1193374.75
1792,lpush5,1000000,798122.88
1792,lrange5,1000000,1180713.12
1793,lpush5,1000000,791151.88
1793,lrange5,1000000,1207748.75
1794,lpush5,1000000,795672.25
1794,lrange5,1000000,1186258.62
1795,lpush5,1000000,798722.06
1795,lrange5,1000000,1171053.88
1796,lpush5,1000000,798084.56
1796,lrange5,1000000,1183469.75
1797,lpush5,1000000,803251.38
1797,lrange5,1000000,1187648.50
1798,lpush5,1000000,804530.94
1798,lrange5,1000000,1194876.88
1799,lpush5,1000000,795557.69
1799,lrange5,1000000,1202057.62
1800,lpush5,1000000,805307.56
1800,lrange5,1000000,1184928.88
1801,lpush5,1000000,786807.25
1801,lrange5,1000000,1187895.50
1802,lpush5,1000000,796889.25
1802,lrange5,1000000,1190476.25
1803,lpush5,1000000,782522.69
1803,lrange5,1000000,1197604.88
1804,lpush5,1000000,800640.56
1804,lrange5,1000000,1180694.25
1805,lpush5,1000000,793186.31
1805,lrange5,1000000,1194991.62
1806,lpush5,1000000,785684.19
1806,lrange5,1000000,1212295.75
1807,lpush5,1000000,802619.56
1807,lrange5,1000000,1182184.38
1808,lpush5,1000000,802581.00
1808,lrange5,1000000,1212237.62
1809,lpush5,1000000,797601.31
1809,lrange5,1000000,1210770.00
1810,lpush5,1000000,796191.06
1810,lrange5,1000000,1183431.88
1811,lpush5,1000000,800000.00
1811,lrange5,1000000,1206311.25
1812,lpush5,1000000,796825.50
1812,lrange5,1000000,1183450.88
1813,lpush5,1000000,794938.00
1813,lrange5,1000000,1176545.88
1814,lpush5,1000000,801950.31
1814,lrange5,1000000,1191990.50
1815,lpush5,1000000,798734.81
1815,lrange5,1000000,1190704.75
1816,lpush5,1000000,796318.44
1816,lrange5,1000000,1184910.00
1817,lpush5,1000000,793021.38
1817,lrange5,1000000,1193336.50
1818,lpush5,1000000,775844.81
1818,lrange5,1000000,1173821.62
1819,lpush5,1000000,793021.38
1819,lrange5,1000000,1189079.62
1820,lpush5,1000000,771642.00
1820,lrange5,1000000,1173934.25
1821,lpush5,1000000,798110.12
1821,lrange5,1000000,1204857.88
1822,lpush5,1000000,803264.25
1822,lrange5,1000000,1209247.88
1823,lpush5,1000000,795608.62
1823,lrange5,1000000,1199251.75
1824,lpush5,1000000,796229.25
1824,lrange5,1000000,1187743.50
1825,lpush5,1000000,786289.31
1825,lrange5,1000000,1183431.88
1826,lpush5,1000000,807754.44
1826,lrange5,1000000,1202000.00
1827,lpush5,1000000,796178.31
1827,lrange5,1000000,1202038.38
1828,lpush5,1000000,802645.25
1828,lrange5,1000000,1206272.62
1829,lpush5,1000000,798122.88
1829,lrange5,1000000,1193336.50
1830,lpush5,1000000,783736.69
1830,lrange5,1000000,1193355.62
1831,lpush5,1000000,800076.81
1831,lrange5,1000000,1189079.62
1832,lpush5,1000000,791778.31
1832,lrange5,1000000,1193355.62
1833,lpush5,1000000,792443.75
1833,lrange5,1000000,1203562.00
1834,lpush5,1000000,791765.62
1834,lrange5,1000000,1183659.12
1835,lpush5,1000000,788668.75
1835,lrange5,1000000,1203504.25
1836,lpush5,1000000,803212.88
1836,lrange5,1000000,1203408.00
1837,lpush5,1000000,798722.06
1837,lrange5,1000000,1200691.50
1838,lpush5,1000000,803910.00
1838,lrange5,1000000,1183507.62
1839,lpush5,1000000,796876.50
1839,lrange5,1000000,1173727.75
1840,lpush5,1000000,783699.06
1840,lrange5,1000000,1199155.88
1841,lpush5,1000000,796178.31
1841,lrange5,1000000,1194781.38
1842,lpush5,1000000,796191.06
1842,lrange5,1000000,1189231.88
1843,lpush5,1000000,795557.69
1843,lrange5,1000000,1193317.38
1844,lpush5,1000000,793046.75
1844,lrange5,1000000,1178026.00
1845,lpush5,1000000,799411.62
1845,lrange5,1000000,1204819.25
1846,lpush5,1000000,800038.38
1846,lrange5,1000000,1161607.38
1847,lpush5,1000000,804582.44
1847,lrange5,1000000,1194743.12
1848,lpush5,1000000,793160.94
1848,lrange5,1000000,1180713.12
1849,lpush5,1000000,752481.56
1849,lrange5,1000000,1144219.62
1850,lpush5,1000000,781973.38
1850,lrange5,1000000,1190704.75
1851,lpush5,1000000,800076.81
1851,lrange5,1000000,1154808.38
1852,lpush5,1000000,789889.38
1852,lrange5,1000000,1200787.50
1853,lpush5,1000000,802632.38
1853,lrange5,1000000,1186315.50
1854,lpush5,1000000,804621.06
1854,lrange5,1000000,1206272.62
1855,lpush5,1000000,801346.12
1855,lrange5,1000000,1175200.88
1856,lpush5,1000000,801358.94
1856,lrange5,1000000,1194838.75
1857,lpush5,1000000,796889.25
1857,lrange5,1000000,1203446.50
1858,lpush5,1000000,805866.19
1858,lrange5,1000000,1203600.50
1859,lpush5,1000000,803871.44
1859,lrange5,1000000,1207980.62
1860,lpush5,1000000,800819.88
1860,lrange5,1000000,1175294.88
1861,lpush5,1000000,804595.31
1861,lrange5,1000000,1187743.50
1862,lpush5,1000000,800666.19
1862,lrange5,1000000,1191990.50
1863,lpush5,1000000,778853.56
1863,lrange5,1000000,1218202.25
1864,lpush5,1000000,800012.81
1864,lrange5,1000000,1200653.00
1865,lpush5,1000000,797601.31
1865,lrange5,1000000,1196229.62
1866,lpush5,1000000,795570.44
1866,lrange5,1000000,1189231.88
1867,lpush5,1000000,798122.88
1867,lrange5,1000000,1184853.12
1868,lpush5,1000000,797499.25
1868,lrange5,1000000,1213767.00
1869,lpush5,1000000,801282.06
1869,lrange5,1000000,1204857.88
1870,lpush5,1000000,803251.38
1870,lrange5,1000000,1201961.50
1871,lpush5,1000000,791189.81
1871,lrange5,1000000,1182222.25
1872,lpush5,1000000,789329.12
1872,lrange5,1000000,1176527.00
1873,lpush5,1000000,790015.75
1873,lrange5,1000000,1212179.38
1874,lpush5,1000000,799373.25
1874,lrange5,1000000,1192028.62
1875,lpush5,1000000,795646.81
1875,lrange5,1000000,1180656.38
1876,lpush5,1000000,795544.94
1876,lrange5,1000000,1203523.50
1877,lpush5,1000000,786782.06
1877,lrange5,1000000,1172370.50
1878,lpush5,1000000,783110.44
1878,lrange5,1000000,1196267.88
1879,lpush5,1000000,796902.00
1879,lrange5,1000000,1176583.50
1880,lpush5,1000000,800691.81
1880,lrange5,1000000,1183488.75
1881,lpush5,1000000,796940.25
1881,lrange5,1000000,1194743.12
1882,lpush5,1000000,796812.75
1882,lrange5,1000000,1187762.50
1883,lpush5,1000000,792405.75
1883,lrange5,1000000,1201942.25
1884,lpush5,1000000,801294.88
1884,lrange5,1000000,1197662.25
1885,lpush5,1000000,793084.81
1885,lrange5,1000000,1196172.25
1886,lpush5,1000000,798785.94
1886,lrange5,1000000,1190495.25
1887,lpush5,1000000,785558.50
1887,lrange5,1000000,1196459.25
1888,lpush5,1000000,788668.75
1888,lrange5,1000000,1186372.50
1889,lpush5,1000000,800704.56
1889,lrange5,1000000,1190552.38
1890,lpush5,1000000,794306.62
1890,lrange5,1000000,1204954.25
1891,lpush5,1000000,792393.06
1891,lrange5,1000000,1203542.75
1892,lpush5,1000000,789341.75
1892,lrange5,1000000,1194934.25
1893,lpush5,1000000,796305.69
1893,lrange5,1000000,1196363.62
1894,lpush5,1000000,795685.00
1894,lrange5,1000000,1180637.50
1895,lpush5,1000000,801346.12
1895,lrange5,1000000,1197815.62
1896,lpush5,1000000,792393.06
1896,lrange5,1000000,1172483.00
1897,lpush5,1000000,793663.50
1897,lrange5,1000000,1187762.50
1898,lpush5,1000000,799513.94
1898,lrange5,1000000,1193393.75
1899,lpush5,1000000,793765.06
1899,lrange5,1000000,1196210.50
1900,lpush5,1000000,800025.62
1900,lrange5,1000000,1192066.75
1901,lpush5,1000000,801282.06
1901,lrange5,1000000,1187819.50
1902,lpush5,1000000,800704.56
1902,lrange5,1000000,1195029.88
1903,lpush5,1000000,789990.50
1903,lrange5,1000000,1199060.00
1904,lpush5,1000000,807793.19
1904,lrange5,1000000,1172333.00
1905,lpush5,1000000,798722.06
1905,lrange5,1000000,1209267.25
1906,lpush5,1000000,780740.06
1906,lrange5,1000000,1189060.62
1907,lpush5,1000000,794344.75
1907,lrange5,1000000,1177894.00
1908,lpush5,1000000,791867.00
1908,lrange5,1000000,1192085.88
1909,lpush5,1000000,802104.25
1909,lrange5,1000000,1175125.75
1910,lpush5,1000000,801924.62
1910,lrange5,1000000,1197739.00
1911,lpush5,1000000,788731.88
1911,lrange5,1000000,1204857.88
1912,lpush5,1000000,796902.00
1912,lrange5,1000000,1183583.38
1913,lpush5,1000000,803858.56
1913,lrange5,1000000,1182108.75
1914,lpush5,1000000,794319.31
1914,lrange5,1000000,1204877.12
1915,lpush5,1000000,798760.38
1915,lrange5,1000000,1186258.62
1916,lpush5,1000000,805917.75
1916,lrange5,1000000,1190476.25
1917,lpush5,1000000,801924.62
1917,lrange5,1000000,1209305.88
1918,lpush5,1000000,802619.56
1918,lrange5,1000000,1191933.25
1919,lpush5,1000000,793059.44
1919,lrange5,1000000,1197815.62
1920,lpush5,1000000,791829.00
1920,lrange5,1000000,1182279.00
1921,lpush5,1000000,793676.19
1921,lrange5,1000000,1206446.38
1922,lpush5,1000000,788706.62
1922,lrange5,1000000,1186239.62
1923,lpush5,1000000,793663.50
1923,lrange5,1000000,1186239.62
1924,lpush5,1000000,795646.81
1924,lrange5,1000000,1199194.25
1925,lpush5,1000000,793072.12
1925,lrange5,1000000,1183488.75
1926,lpush5,1000000,798785.94
1926,lrange5,1000000,1190571.50
1927,lpush5,1000000,801371.75
1927,lrange5,1000000,1179358.50
1928,lpush5,1000000,800666.19
1928,lrange5,1000000,1185118.50
1929,lpush5,1000000,794950.69
1929,lrange5,1000000,1180864.25
1930,lpush5,1000000,791790.94
1930,lrange5,1000000,1193432.00
1931,lpush5,1000000,795001.56
1931,lrange5,1000000,1182279.00
1932,lpush5,1000000,793650.81
1932,lrange5,1000000,1193355.62
1933,lpush5,1000000,798722.06
1933,lrange5,1000000,1190495.25
1934,lpush5,1000000,794925.25
1934,lrange5,1000000,1179452.88
1935,lpush5,1000000,797588.56
1935,lrange5,1000000,1193355.62
1936,lpush5,1000000,799424.44
1936,lrange5,1000000,1189098.62
1937,lpush5,1000000,793650.81
1937,lrange5,1000000,1201980.75
1938,lpush5,1000000,800012.81
1938,lrange5,1000000,1204819.25
1939,lpush5,1000000,799386.06
1939,lrange5,1000000,1168355.12
1940,lpush5,1000000,798773.19
1940,lrange5,1000000,1177931.75
1941,lpush5,1000000,792532.50
1941,lrange5,1000000,1189060.62
1942,lpush5,1000000,802632.38
1942,lrange5,1000000,1177950.50
1943,lpush5,1000000,802568.19
1943,lrange5,1000000,1186258.62
1944,lpush5,1000000,798135.69
1944,lrange5,1000000,1173746.50
1945,lpush5,1000000,788643.50
1945,lrange5,1000000,1210770.00
1946,lpush5,1000000,796876.50
1946,lrange5,1000000,1200499.38
1947,lpush5,1000000,789889.38
1947,lrange5,1000000,1187648.50
1948,lpush5,1000000,792393.06
1948,lrange5,1000000,1186258.62
1949,lpush5,1000000,800666.19
1949,lrange5,1000000,1221118.38
1950,lpush5,1000000,808407.44
1950,lrange5,1000000,1203446.50
1951,lpush5,1000000,802581.00
1951,lrange5,1000000,1194915.12
1952,lpush5,1000000,805801.75
1952,lrange5,1000000,1209247.88
1953,lpush5,1000000,798110.12
1953,lrange5,1000000,1173708.88
1954,lpush5,1000000,798722.06
1954,lrange5,1000000,1182222.25
1955,lpush5,1000000,798798.75
1955,lrange5,1000000,1203485.00
1956,lpush5,1000000,792469.12
1956,lrange5,1000000,1158934.00
1957,lpush5,1000000,796280.25
1957,lrange5,1000000,1210653.75
1958,lpush5,1000000,796216.56
1958,lrange5,1000000,1193336.50
1959,lpush5,1000000,789417.56
1959,lrange5,1000000,1187686.50
1960,lpush5,1000000,795570.44
1960,lrange5,1000000,1201980.75
1961,lpush5,1000000,798722.06
1961,lrange5,1000000,1200672.25
1962,lpush5,1000000,805217.38
1962,lrange5,1000000,1182127.62
1963,lpush5,1000000,794925.25
1963,lrange5,1000000,1176489.38
1964,lpush5,1000000,792393.06
1964,lrange5,1000000,1171016.38
1965,lpush5,1000000,789329.12
1965,lrange5,1000000,1135128.25
1966,lpush5,1000000,789278.62
1966,lrange5,1000000,1189060.62
1967,lpush5,1000000,802568.19
1967,lrange5,1000000,1200576.25
1968,lpush5,1000000,801963.12
1968,lrange5,1000000,1186372.50
1969,lpush5,1000000,730460.19
1969,lrange5,1000000,1053757.62
1970,lpush5,1000000,810372.81
1970,lrange5,1000000,1184947.88
1971,lpush5,1000000,801282.06
1971,lrange5,1000000,1196172.25
1972,lpush5,1000000,789291.25
1972,lrange5,1000000,1182411.38
1973,lpush5,1000000,799360.50
1973,lrange5,1000000,1196191.38
1974,lpush5,1000000,788022.06
1974,lrange5,1000000,1200672.25
1975,lpush5,1000000,791778.31
1975,lrange5,1000000,1185004.75
1976,lpush5,1000000,793034.06
1976,lrange5,1000000,1197643.12
1977,lpush5,1000000,799386.06
1977,lrange5,1000000,1203408.00
1978,lpush5,1000000,789952.56
1978,lrange5,1000000,1207980.62
1979,lpush5,1000000,797473.69
1979,lrange5,1000000,1185023.75
1980,lpush5,1000000,783799.38
1980,lrange5,1000000,1186277.62
1981,lpush5,1000000,801410.25
1981,lrange5,1000000,1186315.50
1982,lpush5,1000000,799386.06
1982,lrange5,1000000,1175144.50
1983,lpush5,1000000,805153.00
1983,lrange5,1000000,1184985.75
1984,lpush5,1000000,789278.62
1984,lrange5,1000000,1192047.75
1985,lpush5,1000000,796191.06
1985,lrange5,1000000,1184966.88
1986,lpush5,1000000,793046.75
1986,lrange5,1000000,1202211.50
1987,lpush5,1000000,795557.69
1987,lrange5,1000000,1187762.50
1988,lpush5,1000000,803367.06
1988,lrange5,1000000,1175163.38
1989,lpush5,1000000,796178.31
1989,lrange5,1000000,1189060.62
1990,lpush5,1000000,801384.62
1990,lrange5,1000000,1199136.75
1991,lpush5,1000000,794912.56
1991,lrange5,1000000,1161570.25
1992,lpush5,1000000,790526.50
1992,lrange5,1000000,1176602.38
1993,lpush5,1000000,792456.44
1993,lrange5,1000000,1184834.12
1994,lpush5,1000000,789392.31
1994,lrange5,1000000,1183469.75
1995,lpush5,1000000,805930.69
1995,lrange5,1000000,1168467.25
1996,lpush5,1000000,794976.12
1996,lrange5,1000000,1173765.25
1997,lpush5,1000000,776422.38
1997,lrange5,1000000,1189079.62
1998,lpush5,1000000,789952.56
1998,lrange5,1000000,1194896.00
1999,lpush5,1000000,796216.56
1999,lrange5,1000000,1187781.50
2000,lpush5,1000000,794281.19
2000,lrange5,1000000,1172651.88
