trial,operation,requests,rps
1,lpush5,1000000,862840.38
1,lrange5,1000000,1254805.50
2,lpush5,1000000,821719.00
2,lrange5,1000000,1277282.25
3,lpush5,1000000,822486.88
3,lrange5,1000000,1176583.50
4,lpush5,1000000,831374.94
4,lrange5,1000000,1202096.12
5,lpush5,1000000,836173.94
5,lrange5,1000000,1285511.62
6,lpush5,1000000,820397.06
6,lrange5,1000000,1291989.62
7,lpush5,1000000,829200.69
7,lrange5,1000000,1204819.25
8,lpush5,1000000,825135.31
8,lrange5,1000000,1283697.12
9,lpush5,1000000,827920.56
9,lrange5,1000000,1290363.88
10,lpush5,1000000,827222.50
10,lrange5,1000000,1189346.00
11,lpush5,1000000,839670.88
11,lrange5,1000000,1228579.88
12,lpush5,1000000,832772.69
12,lrange5,1000000,1142912.00
13,lpush5,1000000,801333.31
13,lrange5,1000000,1204915.62
14,lpush5,1000000,821889.88
14,lrange5,1000000,1285367.62
15,lpush5,1000000,839738.06
15,lrange5,1000000,1283758.75
16,lpush5,1000000,824573.75
16,lrange5,1000000,1246942.62
17,lpush5,1000000,841150.56
17,lrange5,1000000,1194838.75
18,lpush5,1000000,829320.06
18,lrange5,1000000,1196287.00
19,lpush5,1000000,848230.69
19,lrange5,1000000,1202288.38
20,lpush5,1000000,807793.19
20,lrange5,1000000,1287042.50
21,lpush5,1000000,831428.12
21,lrange5,1000000,1262787.88
22,lpush5,1000000,832826.00
22,lrange5,1000000,1287124.88
23,lpush5,1000000,838223.00
23,lrange5,1000000,1203658.25
24,lpush5,1000000,835595.62
24,lrange5,1000000,1285429.25
25,lpush5,1000000,839644.00
25,lrange5,1000000,1282133.38
26,lpush5,1000000,825882.75
26,lrange5,1000000,1196516.75
27,lpush5,1000000,832692.75
27,lrange5,1000000,1275571.50
28,lpush5,1000000,832732.75
28,lrange5,1000000,1204935.00
29,lpush5,1000000,827854.31
29,lrange5,1000000,1246942.62
30,lpush5,1000000,838464.38
30,lrange5,1000000,1213708.75
31,lpush5,1000000,830657.81
31,lrange5,1000000,1206330.50
32,lpush5,1000000,829280.31
32,lrange5,1000000,1250140.00
33,lpush5,1000000,840484.00
33,lrange5,1000000,1207845.38
34,lpush5,1000000,836173.94
34,lrange5,1000000,1285511.62
35,lpush5,1000000,836927.19
35,lrange5,1000000,1275591.88
36,lpush5,1000000,829240.50
36,lrange5,1000000,1205108.50
37,lpush5,1000000,833506.62
37,lrange5,1000000,1283820.25
38,lpush5,1000000,823045.25
38,lrange5,1000000,1287083.62
39,lpush5,1000000,839127.50
39,lrange5,1000000,1267467.75
40,lpush5,1000000,841804.75
40,lrange5,1000000,1206369.12
41,lpush5,1000000,834241.88
41,lrange5,1000000,1282051.38
42,lpush5,1000000,831960.06
42,lrange5,1000000,1265924.00
43,lpush5,1000000,833506.62
43,lrange5,1000000,1264323.62
44,lpush5,1000000,831986.69
44,lrange5,1000000,1233242.88
45,lpush5,1000000,821732.12
45,lrange5,1000000,1233065.38
46,lpush5,1000000,840389.88
46,lrange5,1000000,1246882.88
47,lpush5,1000000,830604.62
47,lrange5,1000000,1227111.62
48,lpush5,1000000,836887.00
48,lrange5,1000000,1234567.88
49,lpush5,1000000,830697.69
49,lrange5,1000000,1282256.50
50,lpush5,1000000,836227.44
50,lrange5,1000000,1273926.12
51,lpush5,1000000,836873.62
51,lrange5,1000000,1196344.50
52,lpush5,1000000,846916.19
52,lrange5,1000000,1183450.88
53,lpush5,1000000,837534.31
53,lrange5,1000000,1057082.50
54,lpush5,1000000,827129.88
54,lrange5,1000000,1203446.50
55,lpush5,1000000,834095.06
55,lrange5,1000000,1225588.25
56,lpush5,1000000,832133.12
56,lrange5,1000000,1288866.00
57,lpush5,1000000,831295.12
57,lrange5,1000000,1245389.88
58,lpush5,1000000,836133.81
58,lrange5,1000000,1257881.75
59,lpush5,1000000,827275.44
59,lrange5,1000000,859845.25
60,lpush5,1000000,833333.31
60,lrange5,1000000,1206484.88
61,lpush5,1000000,832039.94
61,lrange5,1000000,1262646.50
62,lpush5,1000000,830087.94
62,lrange5,1000000,1290425.88
63,lpush5,1000000,825122.12
63,lrange5,1000000,1248439.50
64,lpush5,1000000,837695.12
64,lrange5,1000000,1267467.75
65,lpush5,1000000,835595.62
65,lrange5,1000000,1270810.62
66,lpush5,1000000,831335.00
66,lrange5,1000000,1290322.62
67,lpush5,1000000,826618.12
67,lrange5,1000000,1292237.75
68,lpush5,1000000,831388.25
68,lrange5,1000000,1233124.50
69,lpush5,1000000,835635.75
69,lrange5,1000000,1285449.88
70,lpush5,1000000,834737.94
70,lrange5,1000000,1283697.12
71,lpush5,1000000,833546.62
71,lrange5,1000000,1233223.25
72,lpush5,1000000,834751.31
72,lrange5,1000000,1246882.88
73,lpush5,1000000,835555.56
73,lrange5,1000000,1272366.38
74,lpush5,1000000,836833.44
74,lrange5,1000000,1199405.25
75,lpush5,1000000,838290.06
75,lrange5,1000000,1204915.62
76,lpush5,1000000,833559.94
76,lrange5,1000000,1283861.38
77,lpush5,1000000,821241.31
77,lrange5,1000000,1285367.62
78,lpush5,1000000,828646.19
78,lrange5,1000000,1278813.25
79,lpush5,1000000,827315.12
79,lrange5,1000000,1285449.88
80,lpush5,1000000,827827.88
80,lrange5,1000000,1280532.62
81,lpush5,1000000,834041.69
81,lrange5,1000000,1199328.50
82,lpush5,1000000,821057.44
82,lrange5,1000000,1270851.38
83,lpush5,1000000,824441.81
83,lrange5,1000000,1275612.25
84,lpush5,1000000,836307.69
84,lrange5,1000000,1051726.62
85,lpush5,1000000,832053.25
85,lrange5,1000000,1287166.00
86,lpush5,1000000,836860.19
86,lrange5,1000000,1077741.38
87,lpush5,1000000,823749.62
87,lrange5,1000000,1272305.38
88,lpush5,1000000,825777.06
88,lrange5,1000000,1288680.38
89,lpush5,1000000,821110.00
89,lrange5,1000000,1272346.00
90,lpush5,1000000,825909.19
90,lrange5,1000000,1243820.88
91,lpush5,1000000,830777.44
91,lrange5,1000000,1269055.88
92,lpush5,1000000,834818.06
92,lrange5,1000000,1257942.12
93,lpush5,1000000,832652.81
93,lrange5,1000000,1205166.25
94,lpush5,1000000,829888.75
94,lrange5,1000000,1213708.75
95,lpush5,1000000,822447.38
95,lrange5,1000000,1206465.62
96,lpush5,1000000,829399.69
96,lrange5,1000000,1028855.94
97,lpush5,1000000,832079.88
97,lrange5,1000000,1242255.88
98,lpush5,1000000,834135.12
98,lrange5,1000000,1270668.38
99,lpush5,1000000,829293.56
99,lrange5,1000000,1206465.62
100,lpush5,1000000,827867.56
100,lrange5,1000000,1230346.88
101,lpush5,1000000,839805.19
101,lrange5,1000000,837574.56
102,lpush5,1000000,649433.81
102,lrange5,1000000,1253173.00
103,lpush5,1000000,828646.19
103,lrange5,1000000,1187800.50
104,lpush5,1000000,834121.75
104,lrange5,1000000,1283738.12
105,lpush5,1000000,831308.44
105,lrange5,1000000,1176489.38
106,lpush5,1000000,838979.81
106,lrange5,1000000,1199386.12
107,lpush5,1000000,836160.56
107,lrange5,1000000,1283738.12
108,lpush5,1000000,834188.50
108,lrange5,1000000,1194838.75
109,lpush5,1000000,822539.50
109,lrange5,1000000,1253152.88
110,lpush5,1000000,832159.69
110,lrange5,1000000,1199462.88
111,lpush5,1000000,840443.69
111,lrange5,1000000,1193451.12
112,lpush5,1000000,832786.00
112,lrange5,1000000,1259445.75
113,lpush5,1000000,834241.88
113,lrange5,1000000,1183450.88
114,lpush5,1000000,835421.88
114,lrange5,1000000,1227052.75
115,lpush5,1000000,830087.94
115,lrange5,1000000,1256301.50
116,lpush5,1000000,836173.94
116,lrange5,1000000,1283881.88
117,lpush5,1000000,829412.94
117,lrange5,1000000,1253132.88
118,lpush5,1000000,831401.50
118,lrange5,1000000,1275510.25
119,lpush5,1000000,832772.69
119,lrange5,1000000,1205224.12
120,lpush5,1000000,827933.81
120,lrange5,1000000,1261034.12
121,lpush5,1000000,834215.19
121,lrange5,1000000,1267569.12
122,lpush5,1000000,827288.69
122,lrange5,1000000,1200576.25
123,lpush5,1000000,825306.94
123,lrange5,1000000,1197662.25
124,lpush5,1000000,830777.44
124,lrange5,1000000,1254946.00
125,lpush5,1000000,830564.81
125,lrange5,1000000,1285429.25
126,lpush5,1000000,826525.62
126,lrange5,1000000,1248499.38
127,lpush5,1000000,827854.31
127,lrange5,1000000,1287186.62
128,lpush5,1000000,822368.44
128,lrange5,1000000,1186524.38
129,lpush5,1000000,824613.31
129,lrange5,1000000,1251564.38
130,lpush5,1000000,823881.38
130,lrange5,1000000,1242414.88
131,lpush5,1000000,834724.56
131,lrange5,1000000,1265903.75
132,lpush5,1000000,834751.31
132,lrange5,1000000,1236113.75
133,lpush5,1000000,836887.00
133,lrange5,1000000,1221040.25
134,lpush5,1000000,831986.69
134,lrange5,1000000,1269055.88
135,lpush5,1000000,834898.19
135,lrange5,1000000,1194972.50
136,lpush5,1000000,833466.62
136,lrange5,1000000,1269096.50
137,lpush5,1000000,825843.12
137,lrange5,1000000,1273905.75
138,lpush5,1000000,834911.56
138,lrange5,1000000,1282153.88
139,lpush5,1000000,834778.00
139,lrange5,1000000,1285470.50
140,lpush5,1000000,830564.81
140,lrange5,1000000,1202269.25
141,lpush5,1000000,826631.38
141,lrange5,1000000,1285470.50
142,lpush5,1000000,833333.31
142,lrange5,1000000,1272529.25
143,lpush5,1000000,829888.75
143,lrange5,1000000,1187914.50
144,lpush5,1000000,830617.94
144,lrange5,1000000,1292010.38
145,lpush5,1000000,838263.25
145,lrange5,1000000,1264242.75
146,lpush5,1000000,828500.38
146,lrange5,1000000,1081115.62
147,lpush5,1000000,764125.25
147,lrange5,1000000,1282133.38
148,lpush5,1000000,837047.69
148,lrange5,1000000,1189250.88
149,lpush5,1000000,827986.81
149,lrange5,1000000,1280471.12
150,lpush5,1000000,825240.94
150,lrange5,1000000,1196344.50
151,lpush5,1000000,822579.00
151,lrange5,1000000,1223990.25
152,lpush5,1000000,826591.69
152,lrange5,1000000,1245330.00
153,lpush5,1000000,829240.50
153,lrange5,1000000,1259546.50
154,lpush5,1000000,822421.06
154,lrange5,1000000,1283820.25
155,lpush5,1000000,824428.62
155,lrange5,1000000,1283717.62
156,lpush5,1000000,832812.69
156,lrange5,1000000,826472.69
157,lpush5,1000000,757147.62
157,lrange5,1000000,1287145.38
158,lpush5,1000000,832026.62
158,lrange5,1000000,1245489.50
159,lpush5,1000000,834135.12
159,lrange5,1000000,1275530.62
160,lpush5,1000000,830101.19
160,lrange5,1000000,1242375.12
161,lpush5,1000000,830737.56
161,lrange5,1000000,1274150.25
162,lpush5,1000000,825201.31
162,lrange5,1000000,1203388.75
163,lpush5,1000000,832692.75
163,lrange5,1000000,1205108.50
164,lpush5,1000000,832000.00
164,lrange5,1000000,1203793.12
165,lpush5,1000000,837628.12
165,lrange5,1000000,1287104.25
166,lpush5,1000000,833346.62
166,lrange5,1000000,1270729.38
167,lpush5,1000000,837601.31
167,lrange5,1000000,1199405.25
168,lpush5,1000000,843935.88
168,lrange5,1000000,1202096.12
169,lpush5,1000000,825135.31
169,lrange5,1000000,1202230.75
170,lpush5,1000000,827301.94
170,lrange5,1000000,1203735.25
171,lpush5,1000000,834041.69
171,lrange5,1000000,1193508.38
172,lpush5,1000000,834201.81
172,lrange5,1000000,1219609.75
173,lpush5,1000000,831468.06
173,lrange5,1000000,1196382.75
174,lpush5,1000000,833333.31
174,lrange5,1000000,1204838.62
175,lpush5,1000000,833333.31
175,lrange5,1000000,1267447.50
176,lpush5,1000000,836294.31
176,lrange5,1000000,1273966.88
177,lpush5,1000000,830710.94
177,lrange5,1000000,1195125.38
178,lpush5,1000000,833333.31
178,lrange5,1000000,1272346.00
179,lpush5,1000000,838303.44
179,lrange5,1000000,1196555.00
180,lpush5,1000000,832732.75
180,lrange5,1000000,1270648.00
181,lpush5,1000000,836254.19
181,lrange5,1000000,1264222.50
182,lpush5,1000000,829200.69
182,lrange5,1000000,1269035.50
183,lpush5,1000000,834041.69
183,lrange5,1000000,1199155.88
184,lpush5,1000000,827196.06
184,lrange5,1000000,1197949.75
185,lpush5,1000000,836860.19
185,lrange5,1000000,1262686.88
186,lpush5,1000000,833399.94
186,lrange5,1000000,1216564.38
187,lpush5,1000000,829200.69
187,lrange5,1000000,1197796.50
188,lpush5,1000000,827315.12
188,lrange5,1000000,1202019.25
189,lpush5,1000000,831401.50
189,lrange5,1000000,1186619.25
190,lpush5,1000000,828526.94
190,lrange5,1000000,1228579.88
191,lpush5,1000000,838316.88
191,lrange5,1000000,1273946.50
192,lpush5,1000000,830604.62
192,lrange5,1000000,1199290.12
193,lpush5,1000000,828712.50
193,lrange5,1000000,1278854.25
194,lpush5,1000000,834148.44
194,lrange5,1000000,1269035.50
195,lpush5,1000000,829915.31
195,lrange5,1000000,1285347.00
196,lpush5,1000000,832639.50
196,lrange5,1000000,1265883.50
197,lpush5,1000000,831361.62
197,lrange5,1000000,1199405.25
198,lpush5,1000000,833519.94
198,lrange5,1000000,1210808.75
199,lpush5,1000000,829995.00
199,lrange5,1000000,1287227.75
200,lpush5,1000000,839033.56
200,lrange5,1000000,1283902.50
201,lpush5,1000000,838249.81
201,lrange5,1000000,1278813.25
202,lpush5,1000000,826446.25
202,lrange5,1000000,1283881.88
203,lpush5,1000000,837020.88
203,lrange5,1000000,1261195.50
204,lpush5,1000000,834041.69
204,lrange5,1000000,1245389.88
205,lpush5,1000000,838249.81
205,lrange5,1000000,1189060.62
206,lpush5,1000000,829875.50
206,lrange5,1000000,1185175.38
207,lpush5,1000000,840376.44
207,lrange5,1000000,1239236.75
208,lpush5,1000000,836294.31
208,lrange5,1000000,1259466.00
209,lpush5,1000000,838451.00
209,lrange5,1000000,1239197.00
210,lpush5,1000000,832119.81
210,lrange5,1000000,1193737.50
211,lpush5,1000000,822407.94
211,lrange5,1000000,1270770.00
212,lpush5,1000000,832732.75
212,lrange5,1000000,1206504.25
213,lpush5,1000000,832079.88
213,lrange5,1000000,1216661.75
214,lpush5,1000000,839140.94
214,lrange5,1000000,1234567.88
215,lpush5,1000000,837561.12
215,lrange5,1000000,1267548.88
216,lpush5,1000000,826618.12
216,lrange5,1000000,1072034.25
217,lpush5,1000000,823255.94
217,lrange5,1000000,1272447.88
218,lpush5,1000000,815778.19
218,lrange5,1000000,1256321.62
219,lpush5,1000000,829995.00
219,lrange5,1000000,1275591.88
220,lpush5,1000000,838343.69
220,lrange5,1000000,1253132.88
221,lpush5,1000000,830604.62
221,lrange5,1000000,1202076.88
222,lpush5,1000000,820475.81
222,lrange5,1000000,1198026.38
223,lpush5,1000000,835435.25
223,lrange5,1000000,1254725.25
224,lpush5,1000000,827129.88
224,lrange5,1000000,1275714.38
225,lpush5,1000000,834791.38
225,lrange5,1000000,1186562.25
226,lpush5,1000000,826472.69
226,lrange5,1000000,1200614.62
227,lpush5,1000000,825254.12
227,lrange5,1000000,1280450.62
228,lpush5,1000000,820580.81
228,lrange5,1000000,1270668.38
229,lpush5,1000000,834148.44
229,lrange5,1000000,1282051.38
230,lpush5,1000000,828513.69
230,lrange5,1000000,1233065.38
231,lpush5,1000000,832692.75
231,lrange5,1000000,1216583.88
232,lpush5,1000000,834228.50
232,lrange5,1000000,1243920.38
233,lpush5,1000000,832013.31
233,lrange5,1000000,1256341.75
234,lpush5,1000000,827894.06
234,lrange5,1000000,1259828.62
235,lpush5,1000000,832759.38
235,lrange5,1000000,1261054.25
236,lpush5,1000000,831960.06
236,lrange5,1000000,1261034.12
237,lpush5,1000000,818409.19
237,lrange5,1000000,1262707.12
238,lpush5,1000000,835475.31
238,lrange5,1000000,1285347.00
239,lpush5,1000000,836240.81
239,lrange5,1000000,1278977.00
240,lpush5,1000000,840510.88
240,lrange5,1000000,1219512.25
241,lpush5,1000000,843359.19
241,lrange5,1000000,1280471.12
242,lpush5,1000000,824586.94
242,lrange5,1000000,1172745.62
243,lpush5,1000000,827947.06
243,lrange5,1000000,1274089.12
244,lpush5,1000000,837574.56
244,lrange5,1000000,1193451.12
245,lpush5,1000000,825829.94
245,lrange5,1000000,1192276.50
246,lpush5,1000000,832639.50
246,lrange5,1000000,1190533.38
247,lpush5,1000000,832692.75
247,lrange5,1000000,1231743.88
248,lpush5,1000000,825909.19
248,lrange5,1000000,1258042.75
249,lpush5,1000000,836280.94
249,lrange5,1000000,1277261.88
250,lpush5,1000000,837668.31
250,lrange5,1000000,1196344.50
251,lpush5,1000000,827222.50
251,lrange5,1000000,1274109.50
252,lpush5,1000000,831946.75
252,lrange5,1000000,1283758.75
253,lpush5,1000000,833493.31
253,lrange5,1000000,1277384.38
254,lpush5,1000000,834068.38
254,lrange5,1000000,1259445.75
255,lpush5,1000000,830684.38
255,lrange5,1000000,1199251.75
256,lpush5,1000000,835635.75
256,lrange5,1000000,1207806.75
257,lpush5,1000000,838939.56
257,lrange5,1000000,1256462.25
258,lpush5,1000000,838383.94
258,lrange5,1000000,1236311.50
259,lpush5,1000000,820383.94
259,lrange5,1000000,1280573.62
260,lpush5,1000000,825135.31
260,lrange5,1000000,1256462.25
261,lpush5,1000000,836833.44
261,lrange5,1000000,1270831.00
262,lpush5,1000000,840389.88
262,lrange5,1000000,1283697.12
263,lpush5,1000000,834028.38
263,lrange5,1000000,1250100.00
264,lpush5,1000000,832706.12
264,lrange5,1000000,1261256.00
265,lpush5,1000000,825763.88
265,lrange5,1000000,1250100.00
266,lpush5,1000000,836833.44
266,lrange5,1000000,1267508.25
267,lpush5,1000000,830591.38
267,lrange5,1000000,1267569.12
268,lpush5,1000000,835421.88
268,lrange5,1000000,1273905.75
269,lpush5,1000000,830737.56
269,lrange5,1000000,1202096.12
270,lpush5,1000000,832133.12
270,lrange5,1000000,1191933.25
271,lpush5,1000000,829875.50
271,lrange5,1000000,1290529.12
272,lpush5,1000000,828686.00
272,lrange5,1000000,1290363.88
273,lpush5,1000000,823045.25
273,lrange5,1000000,1293826.62
274,lpush5,1000000,838451.00
274,lrange5,1000000,1278813.25
275,lpush5,1000000,822579.00
275,lrange5,1000000,1258002.50
276,lpush5,1000000,834724.56
276,lrange5,1000000,872893.50
277,lpush5,1000000,825161.69
277,lrange5,1000000,1273926.12
278,lpush5,1000000,832852.62
278,lrange5,1000000,1234745.62
279,lpush5,1000000,818383.00
279,lrange5,1000000,1193565.62
280,lpush5,1000000,828553.44
280,lrange5,1000000,1196535.88
281,lpush5,1000000,836267.56
281,lrange5,1000000,1278895.12
282,lpush5,1000000,831295.12
282,lrange5,1000000,1273885.25
283,lpush5,1000000,832719.44
283,lrange5,1000000,1287104.25
284,lpush5,1000000,825201.31
284,lrange5,1000000,1272427.50
285,lpush5,1000000,823203.25
285,lrange5,1000000,1188085.50
286,lpush5,1000000,830564.81
286,lrange5,1000000,1265843.00
287,lpush5,1000000,825882.75
287,lrange5,1000000,1237643.50
288,lpush5,1000000,832666.12
288,lrange5,1000000,1190704.75
289,lpush5,1000000,830048.12
289,lrange5,1000000,1265984.75
290,lpush5,1000000,835542.19
290,lrange5,1000000,1230091.00
291,lpush5,1000000,821110.00
291,lrange5,1000000,1195049.00
292,lpush5,1000000,842635.19
292,lrange5,1000000,1203773.75
293,lpush5,1000000,829240.50
293,lrange5,1000000,1240754.38
294,lpush5,1000000,830697.69
294,lrange5,1000000,1245409.75
295,lpush5,1000000,830578.06
295,lrange5,1000000,1270831.00
296,lpush5,1000000,831295.12
296,lrange5,1000000,1278956.50
297,lpush5,1000000,834871.50
297,lrange5,1000000,1200768.25
298,lpush5,1000000,837628.12
298,lrange5,1000000,1225588.25
299,lpush5,1000000,837614.75
299,lrange5,1000000,1282359.00
300,lpush5,1000000,846077.81
300,lrange5,1000000,1278977.00
301,lpush5,1000000,836227.44
301,lrange5,1000000,1221001.25
302,lpush5,1000000,841042.88
302,lrange5,1000000,1202115.38
303,lpush5,1000000,827867.56
303,lrange5,1000000,1187743.50
304,lpush5,1000000,830564.81
304,lrange5,1000000,1251584.50
305,lpush5,1000000,826512.38
305,lrange5,1000000,1189250.88
306,lpush5,1000000,828540.19
306,lrange5,1000000,1187971.50
307,lpush5,1000000,819711.44
307,lrange5,1000000,1282112.88
308,lpush5,1000000,831255.25
308,lrange5,1000000,1272325.62
309,lpush5,1000000,829240.50
309,lrange5,1000000,1190857.12
310,lpush5,1000000,842581.25
310,lrange5,1000000,1283881.88
311,lpush5,1000000,836860.19
311,lrange5,1000000,1204992.75
312,lpush5,1000000,833333.31
312,lrange5,1000000,1197853.88
313,lpush5,1000000,834764.62
313,lrange5,1000000,1191971.38
314,lpush5,1000000,841804.75
314,lrange5,1000000,1246902.75
315,lpush5,1000000,846848.44
315,lrange5,1000000,1245489.50
316,lpush5,1000000,837574.56
316,lrange5,1000000,1187819.50
317,lpush5,1000000,826657.81
317,lrange5,1000000,1176470.50
318,lpush5,1000000,836227.44
318,lrange5,1000000,1259627.12
319,lpush5,1000000,838926.12
319,lrange5,1000000,1230012.25
320,lpush5,1000000,830644.50
320,lrange5,1000000,1262727.25
321,lpush5,1000000,841056.31
321,lrange5,1000000,1280594.12
322,lpush5,1000000,829888.75
322,lrange5,1000000,1282215.38
323,lpush5,1000000,836833.44
323,lrange5,1000000,1242255.88
324,lpush5,1000000,825148.50
324,lrange5,1000000,1190628.62
325,lpush5,1000000,832719.44
325,lrange5,1000000,1245369.88
326,lpush5,1000000,825869.56
326,lrange5,1000000,1186676.12
327,lpush5,1000000,838249.81
327,lrange5,1000000,1265984.75
328,lpush5,1000000,823762.75
328,lrange5,1000000,1239236.75
329,lpush5,1000000,821692.69
329,lrange5,1000000,1283779.25
330,lpush5,1000000,829227.19
330,lrange5,1000000,1216545.00
331,lpush5,1000000,821070.56
331,lrange5,1000000,1261114.75
332,lpush5,1000000,827854.31
332,lrange5,1000000,1265883.50
333,lpush5,1000000,829941.88
333,lrange5,1000000,1228540.50
334,lpush5,1000000,827894.06
334,lrange5,1000000,1285470.50
335,lpush5,1000000,832133.12
335,lrange5,1000000,1237722.75
336,lpush5,1000000,819685.25
336,lrange5,1000000,1280594.12
337,lpush5,1000000,838343.69
337,lrange5,1000000,1231566.50
338,lpush5,1000000,827156.31
338,lrange5,1000000,1253132.88
339,lpush5,1000000,831321.75
339,lrange5,1000000,1201961.50
340,lpush5,1000000,832826.00
340,lrange5,1000000,1230032.00
341,lpush5,1000000,826671.06
341,lrange5,1000000,1240794.00
342,lpush5,1000000,823084.75
342,lrange5,1000000,1202173.00
343,lpush5,1000000,824494.62
343,lrange5,1000000,1199213.50
344,lpush5,1000000,833519.94
344,lrange5,1000000,1248479.38
345,lpush5,1000000,831468.06
345,lrange5,1000000,1200518.62
346,lpush5,1000000,823775.94
346,lrange5,1000000,1194934.25
347,lpush5,1000000,834108.44
347,lrange5,1000000,1190590.50
348,lpush5,1000000,825763.88
348,lrange5,1000000,1267447.50
349,lpush5,1000000,832106.50
349,lrange5,1000000,1196191.38
350,lpush5,1000000,823229.62
350,lrange5,1000000,1231684.75
351,lpush5,1000000,830710.94
351,lrange5,1000000,1188066.50
352,lpush5,1000000,834737.94
352,lrange5,1000000,1248599.25
353,lpush5,1000000,818487.75
353,lrange5,1000000,1254845.62
354,lpush5,1000000,822447.38
354,lrange5,1000000,1240873.50
355,lpush5,1000000,827841.12
355,lrange5,1000000,1259607.00
356,lpush5,1000000,841069.81
356,lrange5,1000000,1245369.88
357,lpush5,1000000,827880.81
357,lrange5,1000000,1225529.38
358,lpush5,1000000,837668.31
358,lrange5,1000000,1189365.00
359,lpush5,1000000,832652.81
359,lrange5,1000000,1278895.12
360,lpush5,1000000,835515.44
360,lrange5,1000000,1197796.50
361,lpush5,1000000,832173.00
361,lrange5,1000000,1253233.12
362,lpush5,1000000,836267.56
362,lrange5,1000000,1290508.38
363,lpush5,1000000,831255.25
363,lrange5,1000000,1243980.12
364,lpush5,1000000,832652.81
364,lrange5,1000000,1256341.75
365,lpush5,1000000,827973.56
365,lrange5,1000000,1203408.00
366,lpush5,1000000,823868.19
366,lrange5,1000000,1291989.62
367,lpush5,1000000,833346.62
367,lrange5,1000000,1248619.25
368,lpush5,1000000,829240.50
368,lrange5,1000000,1269055.88
369,lpush5,1000000,834055.06
369,lrange5,1000000,1199060.00
370,lpush5,1000000,835568.88
370,lrange5,1000000,1267447.50
371,lpush5,1000000,823255.94
371,lrange5,1000000,1186315.50
372,lpush5,1000000,841137.06
372,lrange5,1000000,1195163.62
373,lpush5,1000000,836133.81
373,lrange5,1000000,1283799.75
374,lpush5,1000000,832799.38
374,lrange5,1000000,1209615.50
375,lpush5,1000000,825214.50
375,lrange5,1000000,1274048.38
376,lpush5,1000000,833506.62
376,lrange5,1000000,1200768.25
377,lpush5,1000000,831986.69
377,lrange5,1000000,1243840.75
378,lpush5,1000000,830617.94
378,lrange5,1000000,1194800.50
379,lpush5,1000000,839046.94
379,lrange5,1000000,1203773.75
380,lpush5,1000000,839033.56
380,lrange5,1000000,1212392.75
381,lpush5,1000000,836873.62
381,lrange5,1000000,1290467.12
382,lpush5,1000000,836173.94
382,lrange5,1000000,1254725.25
383,lpush5,1000000,834778.00
383,lrange5,1000000,1200845.12
384,lpush5,1000000,830737.56
384,lrange5,1000000,1251985.00
385,lpush5,1000000,825777.06
385,lrange5,1000000,1254705.12
386,lpush5,1000000,834081.75
386,lrange5,1000000,1201942.25
387,lpush5,1000000,828500.38
387,lrange5,1000000,1243900.50
388,lpush5,1000000,825267.31
388,lrange5,1000000,1189327.00
389,lpush5,1000000,826472.69
389,lrange5,1000000,1277302.75
390,lpush5,1000000,828659.50
390,lrange5,1000000,1179566.00
391,lpush5,1000000,830591.38
391,lrange5,1000000,1240734.50
392,lpush5,1000000,836133.81
392,lrange5,1000000,1221098.88
393,lpush5,1000000,825843.12
393,lrange5,1000000,1223990.25
394,lpush5,1000000,829888.75
394,lrange5,1000000,1277180.12
395,lpush5,1000000,818435.38
395,lrange5,1000000,1253233.12
396,lpush5,1000000,829928.62
396,lrange5,1000000,1230150.00
397,lpush5,1000000,828540.19
397,lrange5,1000000,1275693.88
398,lpush5,1000000,819777.00
398,lrange5,1000000,1278833.75
399,lpush5,1000000,829359.88
399,lrange5,1000000,1192219.38
400,lpush5,1000000,829995.00
400,lrange5,1000000,1274028.00
401,lpush5,1000000,823775.94
401,lrange5,1000000,1240853.62
402,lpush5,1000000,829267.00
402,lrange5,1000000,1277282.25
403,lpush5,1000000,837020.88
403,lrange5,1000000,1190666.75
404,lpush5,1000000,834751.31
404,lrange5,1000000,1243920.38
405,lpush5,1000000,838464.38
405,lrange5,1000000,1262666.62
406,lpush5,1000000,823907.75
406,lrange5,1000000,1199213.50
407,lpush5,1000000,825869.56
407,lrange5,1000000,1278915.62
408,lpush5,1000000,841791.25
408,lrange5,1000000,1203658.25
409,lpush5,1000000,824639.69
409,lrange5,1000000,1231704.50
410,lpush5,1000000,841150.56
410,lrange5,1000000,1237663.38
411,lpush5,1000000,839033.56
411,lrange5,1000000,1285511.62
412,lpush5,1000000,834055.06
412,lrange5,1000000,1186448.38
413,lpush5,1000000,840510.88
413,lrange5,1000000,1200902.75
414,lpush5,1000000,830657.81
414,lrange5,1000000,1280573.62
415,lpush5,1000000,837547.75
415,lrange5,1000000,1195163.62
416,lpush5,1000000,834818.06
416,lrange5,1000000,1280614.62
417,lpush5,1000000,832053.25
417,lrange5,1000000,1193374.75
418,lpush5,1000000,832079.88
418,lrange5,1000000,1243820.88
419,lpush5,1000000,834818.06
419,lrange5,1000000,1265883.50
420,lpush5,1000000,839644.00
420,lrange5,1000000,1169646.75
421,lpush5,1000000,836120.44
421,lrange5,1000000,1206581.38
422,lpush5,1000000,833386.62
422,lrange5,1000000,1248479.38
423,lpush5,1000000,821083.69
423,lrange5,1000000,1290363.88
424,lpush5,1000000,843949.44
424,lrange5,1000000,1195144.50
425,lpush5,1000000,838939.56
425,lrange5,1000000,1242335.38
426,lpush5,1000000,829359.88
426,lrange5,1000000,1280717.00
427,lpush5,1000000,841939.44
427,lrange5,1000000,1256381.88
428,lpush5,1000000,829306.81
428,lrange5,1000000,1278854.25
429,lpush5,1000000,829253.75
429,lrange5,1000000,1280553.12
430,lpush5,1000000,830034.81
430,lrange5,1000000,1273987.25
431,lpush5,1000000,844043.94
431,lrange5,1000000,1190838.12
432,lpush5,1000000,833506.62
432,lrange5,1000000,1264303.38
433,lpush5,1000000,836214.06
433,lrange5,1000000,1203735.25
434,lpush5,1000000,838370.50
434,lrange5,1000000,1277261.88
435,lpush5,1000000,838953.00
435,lrange5,1000000,1219590.25
436,lpush5,1000000,844003.44
436,lrange5,1000000,1278997.38
437,lpush5,1000000,831308.44
437,lrange5,1000000,1205050.62
438,lpush5,1000000,836120.44
438,lrange5,1000000,1247122.25
439,lpush5,1000000,832826.00
439,lrange5,1000000,1285388.12
440,lpush5,1000000,829293.56
440,lrange5,1000000,1203485.00
441,lpush5,1000000,838966.44
441,lrange5,1000000,1196325.38
442,lpush5,1000000,830631.25
442,lrange5,1000000,1237683.12
443,lpush5,1000000,829346.62
443,lrange5,1000000,1243801.00
444,lpush5,1000000,833453.31
444,lrange5,1000000,1262646.50
445,lpush5,1000000,837520.94
445,lrange5,1000000,1277364.00
446,lpush5,1000000,823907.75
446,lrange5,1000000,1239276.38
447,lpush5,1000000,836846.81
447,lrange5,1000000,1262707.12
448,lpush5,1000000,824560.56
448,lrange5,1000000,1251584.50
449,lpush5,1000000,832812.69
449,lrange5,1000000,1240833.75
450,lpush5,1000000,825829.94
450,lrange5,1000000,1278874.62
451,lpush5,1000000,832812.69
451,lrange5,1000000,1275653.12
452,lpush5,1000000,823097.94
452,lrange5,1000000,1193737.50
453,lpush5,1000000,834804.69
453,lrange5,1000000,1270831.00
454,lpush5,1000000,830710.94
454,lrange5,1000000,1221177.00
455,lpush5,1000000,832652.81
455,lrange5,1000000,1199405.25
456,lpush5,1000000,822434.25
456,lrange5,1000000,1225686.25
457,lpush5,1000000,821705.81
457,lrange5,1000000,1251764.62
458,lpush5,1000000,827129.88
458,lrange5,1000000,1256321.62
459,lpush5,1000000,833373.31
459,lrange5,1000000,1179377.38
460,lpush5,1000000,826552.06
460,lrange5,1000000,1265863.25
461,lpush5,1000000,823242.75
461,lrange5,1000000,1199136.75
462,lpush5,1000000,827129.88
462,lrange5,1000000,1272264.62
463,lpush5,1000000,828026.50
463,lrange5,1000000,1282071.88
464,lpush5,1000000,836214.06
464,lrange5,1000000,1256442.25
465,lpush5,1000000,834778.00
465,lrange5,1000000,1203677.50
466,lpush5,1000000,816993.50
466,lrange5,1000000,1195106.38
467,lpush5,1000000,836187.31
467,lrange5,1000000,1253132.88
468,lpush5,1000000,834041.69
468,lrange5,1000000,1191990.50
469,lpush5,1000000,831946.75
469,lrange5,1000000,1240694.75
470,lpush5,1000000,817779.19
470,lrange5,1000000,1193451.12
471,lpush5,1000000,834081.75
471,lrange5,1000000,1257861.62
472,lpush5,1000000,819079.50
472,lrange5,1000000,1193508.38
473,lpush5,1000000,826459.50
473,lrange5,1000000,1192276.50
474,lpush5,1000000,831481.31
474,lrange5,1000000,1194762.25
475,lpush5,1000000,827827.88
475,lrange5,1000000,1240694.75
476,lpush5,1000000,833493.31
476,lrange5,1000000,1264222.50
477,lpush5,1000000,829187.44
477,lrange5,1000000,1225647.12
478,lpush5,1000000,833333.31
478,lrange5,1000000,1283881.88
479,lpush5,1000000,824481.44
479,lrange5,1000000,1196421.00
480,lpush5,1000000,826525.62
480,lrange5,1000000,1203369.50
481,lpush5,1000000,821175.69
481,lrange5,1000000,1190495.25
482,lpush5,1000000,833573.31
482,lrange5,1000000,1195144.50
483,lpush5,1000000,832759.38
483,lrange5,1000000,1196363.62
484,lpush5,1000000,830034.81
484,lrange5,1000000,1261215.62
485,lpush5,1000000,827854.31
485,lrange5,1000000,1070835.12
486,lpush5,1000000,831401.50
486,lrange5,1000000,1193584.75
487,lpush5,1000000,832093.19
487,lrange5,1000000,1193489.25
488,lpush5,1000000,829240.50
488,lrange5,1000000,1269218.25
489,lpush5,1000000,830671.12
489,lrange5,1000000,1219687.88
490,lpush5,1000000,836860.19
490,lrange5,1000000,1190476.25
491,lpush5,1000000,839684.31
491,lrange5,1000000,1264242.75
492,lpush5,1000000,827986.81
492,lrange5,1000000,1122693.62
493,lpush5,1000000,833439.94
493,lrange5,1000000,1199194.25
494,lpush5,1000000,837681.75
494,lrange5,1000000,1195068.12
495,lpush5,1000000,828513.69
495,lrange5,1000000,1248559.25
496,lpush5,1000000,834041.69
496,lrange5,1000000,1204935.00
497,lpush5,1000000,817661.44
497,lrange5,1000000,1191971.38
498,lpush5,1000000,828619.69
498,lrange5,1000000,1176602.38
499,lpush5,1000000,829915.31
499,lrange5,1000000,1233341.62
500,lpush5,1000000,826459.50
500,lrange5,1000000,1270709.00
501,lpush5,1000000,822460.56
501,lrange5,1000000,1203639.00
502,lpush5,1000000,827920.56
502,lrange5,1000000,1128758.50
503,lpush5,1000000,827867.56
503,lrange5,1000000,1259627.12
504,lpush5,1000000,832666.12
504,lrange5,1000000,1085811.12
505,lpush5,1000000,827841.12
505,lrange5,1000000,1280409.75
506,lpush5,1000000,830790.69
506,lrange5,1000000,1282153.88
507,lpush5,1000000,829359.88
507,lrange5,1000000,1278792.88
508,lpush5,1000000,839006.69
508,lrange5,1000000,1275673.50
509,lpush5,1000000,829995.00
509,lrange5,1000000,1192238.38
510,lpush5,1000000,838953.00
510,lrange5,1000000,1270688.75
511,lpush5,1000000,827841.12
511,lrange5,1000000,1189403.12
512,lpush5,1000000,826671.06
512,lrange5,1000000,1185099.50
513,lpush5,1000000,842594.75
513,lrange5,1000000,1269218.25
514,lpush5,1000000,832000.00
514,lrange5,1000000,1278895.12
515,lpush5,1000000,837561.12
515,lrange5,1000000,1243781.12
516,lpush5,1000000,831986.69
516,lrange5,1000000,1258042.75
517,lpush5,1000000,827143.12
517,lrange5,1000000,1189498.12
518,lpush5,1000000,835635.75
518,lrange5,1000000,1283799.75
519,lpush5,1000000,829280.31
519,lrange5,1000000,1199347.75
520,lpush5,1000000,832706.12
520,lrange5,1000000,1042752.88
521,lpush5,1000000,740847.38
521,lrange5,1000000,1242255.88
522,lpush5,1000000,831428.12
522,lrange5,1000000,1275510.25
523,lpush5,1000000,833546.62
523,lrange5,1000000,1282092.38
524,lpush5,1000000,825935.62
524,lrange5,1000000,1187724.50
525,lpush5,1000000,838330.31
525,lrange5,1000000,1195068.12
526,lpush5,1000000,830750.81
526,lrange5,1000000,1182411.38
527,lpush5,1000000,834818.06
527,lrange5,1000000,1253152.88
528,lpush5,1000000,827169.56
528,lrange5,1000000,1270851.38
529,lpush5,1000000,825122.12
529,lrange5,1000000,1193546.50
530,lpush5,1000000,827854.31
530,lrange5,1000000,1231645.38
531,lpush5,1000000,833479.94
531,lrange5,1000000,1095430.50
532,lpush5,1000000,829320.06
532,lrange5,1000000,1264384.25
533,lpush5,1000000,824507.81
533,lrange5,1000000,1285491.00
534,lpush5,1000000,829240.50
534,lrange5,1000000,1262646.50
535,lpush5,1000000,836133.81
535,lrange5,1000000,1282112.88
536,lpush5,1000000,827182.81
536,lrange5,1000000,1201923.00
537,lpush5,1000000,825922.38
537,lrange5,1000000,1282236.00
538,lpush5,1000000,823828.69
538,lrange5,1000000,1213902.88
539,lpush5,1000000,821797.88
539,lrange5,1000000,1282071.88
540,lpush5,1000000,823802.31
540,lrange5,1000000,1265964.50
541,lpush5,1000000,821018.00
541,lrange5,1000000,1270749.62
542,lpush5,1000000,831361.62
542,lrange5,1000000,1261074.38
543,lpush5,1000000,830564.81
543,lrange5,1000000,1202230.75
544,lpush5,1000000,827920.56
544,lrange5,1000000,1288659.75
545,lpush5,1000000,830737.56
545,lrange5,1000000,1278792.88
546,lpush5,1000000,829293.56
546,lrange5,1000000,1246882.88
547,lpush5,1000000,827880.81
547,lrange5,1000000,1265863.25
548,lpush5,1000000,824428.62
548,lrange5,1000000,1283697.12
549,lpush5,1000000,826499.12
549,lrange5,1000000,1193508.38
550,lpush5,1000000,831374.94
550,lrange5,1000000,1259506.25
551,lpush5,1000000,831973.38
551,lrange5,1000000,1253132.88
552,lpush5,1000000,827341.62
552,lrange5,1000000,1283799.75
553,lpush5,1000000,827814.62
553,lrange5,1000000,1199251.75
554,lpush5,1000000,828000.06
554,lrange5,1000000,1200480.12
555,lpush5,1000000,825188.12
555,lrange5,1000000,1265903.75
556,lpush5,1000000,824455.00
556,lrange5,1000000,1283697.12
557,lpush5,1000000,831335.00
557,lrange5,1000000,1236212.62
558,lpush5,1000000,825803.50
558,lrange5,1000000,1256482.38
559,lpush5,1000000,834108.44
559,lrange5,1000000,1258022.62
560,lpush5,1000000,825108.88
560,lrange5,1000000,1236291.75
561,lpush5,1000000,823815.50
561,lrange5,1000000,1264384.25
562,lpush5,1000000,823789.12
562,lrange5,1000000,1285367.62
563,lpush5,1000000,825777.06
563,lrange5,1000000,1239335.88
564,lpush5,1000000,825082.50
564,lrange5,1000000,1203581.25
565,lpush5,1000000,829240.50
565,lrange5,1000000,1201942.25
566,lpush5,1000000,831348.31
566,lrange5,1000000,1199079.12
567,lpush5,1000000,829399.69
567,lrange5,1000000,1233085.12
568,lpush5,1000000,836967.31
568,lrange5,1000000,1189079.62
569,lpush5,1000000,834241.88
569,lrange5,1000000,1219531.75
570,lpush5,1000000,829928.62
570,lrange5,1000000,1179660.38
571,lpush5,1000000,826565.25
571,lrange5,1000000,1200480.12
572,lpush5,1000000,826472.69
572,lrange5,1000000,1192181.12
573,lpush5,1000000,828553.44
573,lrange5,1000000,1189479.12
574,lpush5,1000000,836200.69
574,lrange5,1000000,1264222.50
575,lpush5,1000000,827827.88
575,lrange5,1000000,1178195.50
576,lpush5,1000000,828500.38
576,lrange5,1000000,1261135.00
577,lpush5,1000000,831295.12
577,lrange5,1000000,1192047.75
578,lpush5,1000000,831308.44
578,lrange5,1000000,1234627.12
579,lpush5,1000000,827196.06
579,lrange5,1000000,1187895.50
580,lpush5,1000000,831401.50
580,lrange5,1000000,1222533.00
581,lpush5,1000000,824402.25
581,lrange5,1000000,1197662.25
582,lpush5,1000000,832679.44
582,lrange5,1000000,1231546.88
583,lpush5,1000000,825161.69
583,lrange5,1000000,1237643.50
584,lpush5,1000000,843359.19
584,lrange5,1000000,1189079.62
585,lpush5,1000000,841258.19
585,lrange5,1000000,1196172.25
586,lpush5,1000000,825816.69
586,lrange5,1000000,1189231.88
587,lpush5,1000000,823736.44
587,lrange5,1000000,1261215.62
588,lpush5,1000000,831946.75
588,lrange5,1000000,1278854.25
589,lpush5,1000000,827182.81
589,lrange5,1000000,1203716.00
590,lpush5,1000000,833386.62
590,lrange5,1000000,1197777.25
591,lpush5,1000000,827288.69
591,lrange5,1000000,1245330.00
592,lpush5,1000000,831308.44
592,lrange5,1000000,1285449.88
593,lpush5,1000000,823775.94
593,lrange5,1000000,1195163.62
594,lpush5,1000000,832746.06
594,lrange5,1000000,1275673.50
595,lpush5,1000000,815230.62
595,lrange5,1000000,1199386.12
596,lpush5,1000000,836980.69
596,lrange5,1000000,1273926.12
597,lpush5,1000000,829227.19
597,lrange5,1000000,1196497.62
598,lpush5,1000000,829875.50
598,lrange5,1000000,1253193.00
599,lpush5,1000000,831335.00
599,lrange5,1000000,1275632.62
600,lpush5,1000000,827129.88
600,lrange5,1000000,1262626.25
601,lpush5,1000000,827156.31
601,lrange5,1000000,1251604.50
602,lpush5,1000000,828606.44
602,lrange5,1000000,1272427.50
603,lpush5,1000000,829333.38
603,lrange5,1000000,1216622.88
604,lpush5,1000000,828553.44
604,lrange5,1000000,1245549.25
605,lpush5,1000000,822368.44
605,lrange5,1000000,1179339.62
606,lpush5,1000000,831388.25
606,lrange5,1000000,1261235.88
607,lpush5,1000000,829981.69
607,lrange5,1000000,1287083.62
608,lpush5,1000000,823855.06
608,lrange5,1000000,1272285.00
609,lpush5,1000000,827169.56
609,lrange5,1000000,1243781.12
610,lpush5,1000000,831255.25
610,lrange5,1000000,1183431.88
611,lpush5,1000000,828553.44
611,lrange5,1000000,1152368.75
612,lpush5,1000000,836820.06
612,lrange5,1000000,1199117.50
613,lpush5,1000000,827143.12
613,lrange5,1000000,1287021.88
614,lpush5,1000000,827156.31
614,lrange5,1000000,1200653.00
615,lpush5,1000000,815830.38
615,lrange5,1000000,1197681.50
616,lpush5,1000000,821889.88
616,lrange5,1000000,1264404.50
617,lpush5,1000000,822381.62
617,lrange5,1000000,1212140.62
618,lpush5,1000000,837047.69
618,lrange5,1000000,1196401.88
619,lpush5,1000000,836173.94
619,lrange5,1000000,1242236.00
620,lpush5,1000000,827947.06
620,lrange5,1000000,1067509.12
621,lpush5,1000000,819685.25
621,lrange5,1000000,1275530.62
622,lpush5,1000000,831960.06
622,lrange5,1000000,1187686.50
623,lpush5,1000000,837735.31
623,lrange5,1000000,1265843.00
624,lpush5,1000000,832772.69
624,lrange5,1000000,1280471.12
625,lpush5,1000000,832786.00
625,lrange5,1000000,1282112.88
626,lpush5,1000000,827960.31
626,lrange5,1000000,1212334.62
627,lpush5,1000000,836347.81
627,lrange5,1000000,1248619.25
628,lpush5,1000000,829928.62
628,lrange5,1000000,1282051.38
629,lpush5,1000000,818422.25
629,lrange5,1000000,1257922.00
630,lpush5,1000000,828566.69
630,lrange5,1000000,1282112.88
631,lpush5,1000000,828659.50
631,lrange5,1000000,1190819.12
632,lpush5,1000000,826618.12
632,lrange5,1000000,1266005.00
633,lpush5,1000000,824415.44
633,lrange5,1000000,1075423.62
634,lpush5,1000000,829941.88
634,lrange5,1000000,1257922.00
635,lpush5,1000000,838979.81
635,lrange5,1000000,1193737.50
636,lpush5,1000000,827867.56
636,lrange5,1000000,1270648.00
637,lpush5,1000000,832013.31
637,lrange5,1000000,1259486.12
638,lpush5,1000000,829426.25
638,lrange5,1000000,1228599.50
639,lpush5,1000000,828606.44
639,lrange5,1000000,1256301.50
640,lpush5,1000000,827301.94
640,lrange5,1000000,1200518.62
641,lpush5,1000000,836967.31
641,lrange5,1000000,1257861.62
642,lpush5,1000000,833546.62
642,lrange5,1000000,1227033.12
643,lpush5,1000000,828712.50
643,lrange5,1000000,1278772.38
644,lpush5,1000000,835542.19
644,lrange5,1000000,1262727.25
645,lpush5,1000000,832079.88
645,lrange5,1000000,1231566.50
646,lpush5,1000000,823855.06
646,lrange5,1000000,1277139.25
647,lpush5,1000000,830061.38
647,lrange5,1000000,1280471.12
648,lpush5,1000000,831308.44
648,lrange5,1000000,1218026.88
649,lpush5,1000000,826499.12
649,lrange5,1000000,1227150.88
650,lpush5,1000000,832066.56
650,lrange5,1000000,1216583.88
651,lpush5,1000000,831986.69
651,lrange5,1000000,1192124.00
652,lpush5,1000000,829320.06
652,lrange5,1000000,1266025.25
653,lpush5,1000000,828553.44
653,lrange5,1000000,1191971.38
654,lpush5,1000000,839006.69
654,lrange5,1000000,1197700.62
655,lpush5,1000000,830697.69
655,lrange5,1000000,1202288.38
656,lpush5,1000000,823775.94
656,lrange5,1000000,1095570.62
657,lpush5,1000000,830777.44
657,lrange5,1000000,1200633.88
658,lpush5,1000000,832799.38
658,lrange5,1000000,1197853.88
659,lpush5,1000000,833466.62
659,lrange5,1000000,1215066.75
660,lpush5,1000000,830777.44
660,lrange5,1000000,1253173.00
661,lpush5,1000000,832000.00
661,lrange5,1000000,1256542.75
662,lpush5,1000000,829333.38
662,lrange5,1000000,1267589.38
663,lpush5,1000000,828566.69
663,lrange5,1000000,1186353.50
664,lpush5,1000000,839644.00
664,lrange5,1000000,1190800.00
665,lpush5,1000000,838451.00
665,lrange5,1000000,1190647.62
666,lpush5,1000000,828513.69
666,lrange5,1000000,1199366.88
667,lpush5,1000000,823229.62
667,lrange5,1000000,1243880.62
668,lpush5,1000000,834911.56
668,lrange5,1000000,1242295.62
669,lpush5,1000000,835435.25
669,lrange5,1000000,1264424.75
670,lpush5,1000000,831946.75
670,lrange5,1000000,1197988.00
671,lpush5,1000000,830790.69
671,lrange5,1000000,1194953.38
672,lpush5,1000000,826671.06
672,lrange5,1000000,1278772.38
673,lpush5,1000000,834818.06
673,lrange5,1000000,1194743.12
674,lpush5,1000000,832732.75
674,lrange5,1000000,1197662.25
675,lpush5,1000000,830644.50
675,lrange5,1000000,1190685.75
676,lpush5,1000000,825188.12
676,lrange5,1000000,1245330.00
677,lpush5,1000000,821215.06
677,lrange5,1000000,1204954.25
678,lpush5,1000000,828553.44
678,lrange5,1000000,1280471.12
679,lpush5,1000000,816378.75
679,lrange5,1000000,1246982.62
680,lpush5,1000000,822526.31
680,lrange5,1000000,1200653.00
681,lpush5,1000000,828619.69
681,lrange5,1000000,846753.62
682,lpush5,1000000,828500.38
682,lrange5,1000000,1262626.25
683,lpush5,1000000,818409.19
683,lrange5,1000000,1024770.50
684,lpush5,1000000,830034.81
684,lrange5,1000000,1246902.75
685,lpush5,1000000,822552.69
685,lrange5,1000000,1253233.12
686,lpush5,1000000,830564.81
686,lrange5,1000000,1283861.38
687,lpush5,1000000,823058.44
687,lrange5,1000000,1186600.25
688,lpush5,1000000,834791.38
688,lrange5,1000000,1209228.50
689,lpush5,1000000,827262.19
689,lrange5,1000000,1230051.62
690,lpush5,1000000,834161.81
690,lrange5,1000000,1261074.38
691,lpush5,1000000,823124.25
691,lrange5,1000000,1206600.75
692,lpush5,1000000,831454.75
692,lrange5,1000000,1230150.00
693,lpush5,1000000,831268.50
693,lrange5,1000000,1287145.38
694,lpush5,1000000,836913.75
694,lrange5,1000000,1248439.50
695,lpush5,1000000,837668.31
695,lrange5,1000000,1199290.12
696,lpush5,1000000,833493.31
696,lrange5,1000000,1256301.50
697,lpush5,1000000,831973.38
697,lrange5,1000000,1285408.75
698,lpush5,1000000,838939.56
698,lrange5,1000000,1266045.50
699,lpush5,1000000,820488.94
699,lrange5,1000000,1200653.00
700,lpush5,1000000,832679.44
700,lrange5,1000000,1227092.00
701,lpush5,1000000,843386.19
701,lrange5,1000000,1267467.75
702,lpush5,1000000,836173.94
702,lrange5,1000000,1282071.88
703,lpush5,1000000,839751.50
703,lrange5,1000000,1264263.00
704,lpush5,1000000,827328.38
704,lrange5,1000000,1200883.50
705,lpush5,1000000,847471.25
705,lrange5,1000000,1197853.88
706,lpush5,1000000,841271.62
706,lrange5,1000000,1239355.62
707,lpush5,1000000,836173.94
707,lrange5,1000000,1287269.00
708,lpush5,1000000,840443.69
708,lrange5,1000000,1282071.88
709,lpush5,1000000,830617.94
709,lrange5,1000000,1253233.12
710,lpush5,1000000,828553.44
710,lrange5,1000000,1194896.00
711,lpush5,1000000,828013.31
711,lrange5,1000000,1262686.88
712,lpush5,1000000,831321.75
712,lrange5,1000000,1156328.25
713,lpush5,1000000,823045.25
713,lrange5,1000000,1196287.00
714,lpush5,1000000,825135.31
714,lrange5,1000000,1233085.12
715,lpush5,1000000,836133.81
715,lrange5,1000000,1180939.75
716,lpush5,1000000,828566.69
716,lrange5,1000000,1253152.88
717,lpush5,1000000,838330.31
717,lrange5,1000000,1256482.38
718,lpush5,1000000,829187.44
718,lrange5,1000000,1224166.50
719,lpush5,1000000,835515.44
719,lrange5,1000000,1190647.62
720,lpush5,1000000,832772.69
720,lrange5,1000000,1239335.88
721,lpush5,1000000,828553.44
721,lrange5,1000000,1196497.62
722,lpush5,1000000,823229.62
722,lrange5,1000000,1253213.12
723,lpush5,1000000,828739.00
723,lrange5,1000000,1256422.12
724,lpush5,1000000,834055.06
724,lrange5,1000000,1278977.00
725,lpush5,1000000,838263.25
725,lrange5,1000000,1265843.00
726,lpush5,1000000,832865.94
726,lrange5,1000000,1248499.38
727,lpush5,1000000,828646.19
727,lrange5,1000000,1278813.25
728,lpush5,1000000,829426.25
728,lrange5,1000000,1183678.12
729,lpush5,1000000,823762.75
729,lrange5,1000000,1261114.75
730,lpush5,1000000,843224.31
730,lrange5,1000000,1258083.00
731,lpush5,1000000,833386.62
731,lrange5,1000000,1240734.50
732,lpush5,1000000,822592.12
732,lrange5,1000000,1134113.38
733,lpush5,1000000,834898.19
733,lrange5,1000000,1233124.50
734,lpush5,1000000,834764.62
734,lrange5,1000000,1196516.75
735,lpush5,1000000,831946.75
735,lrange5,1000000,1266005.00
736,lpush5,1000000,834188.50
736,lrange5,1000000,1204935.00
737,lpush5,1000000,829915.31
737,lrange5,1000000,1199462.88
738,lpush5,1000000,824402.25
738,lrange5,1000000,1187781.50
739,lpush5,1000000,846213.19
739,lrange5,1000000,1261034.12
740,lpush5,1000000,838249.81
740,lrange5,1000000,1202250.00
741,lpush5,1000000,838437.56
741,lrange5,1000000,1202288.38
742,lpush5,1000000,831960.06
742,lrange5,1000000,1259627.12
743,lpush5,1000000,838979.81
743,lrange5,1000000,1283820.25
744,lpush5,1000000,826459.50
744,lrange5,1000000,1200518.62
745,lpush5,1000000,823815.50
745,lrange5,1000000,1285347.00
746,lpush5,1000000,824560.56
746,lrange5,1000000,1273946.50
747,lpush5,1000000,839073.81
747,lrange5,1000000,1287166.00
748,lpush5,1000000,832746.06
748,lrange5,1000000,1269238.62
749,lpush5,1000000,830591.38
749,lrange5,1000000,1273987.25
750,lpush5,1000000,834081.75
750,lrange5,1000000,1272407.12
751,lpush5,1000000,841217.81
751,lrange5,1000000,1264424.75
752,lpush5,1000000,832812.69
752,lrange5,1000000,1248699.12
753,lpush5,1000000,827880.81
753,lrange5,1000000,1267609.62
754,lpush5,1000000,837614.75
754,lrange5,1000000,1262666.62
755,lpush5,1000000,843935.88
755,lrange5,1000000,1250060.00
756,lpush5,1000000,839644.00
756,lrange5,1000000,1285511.62
757,lpush5,1000000,834724.56
757,lrange5,1000000,1204819.25
758,lpush5,1000000,831960.06
758,lrange5,1000000,1269238.62
759,lpush5,1000000,829359.88
759,lrange5,1000000,1190514.38
760,lpush5,1000000,834095.06
760,lrange5,1000000,1206697.25
761,lpush5,1000000,825148.50
761,lrange5,1000000,1189079.62
762,lpush5,1000000,838993.25
762,lrange5,1000000,1202038.38
763,lpush5,1000000,825790.25
763,lrange5,1000000,1248499.38
764,lpush5,1000000,840457.12
764,lrange5,1000000,880408.44
765,lpush5,1000000,823071.56
765,lrange5,1000000,1209344.62
766,lpush5,1000000,830644.50
766,lrange5,1000000,1224029.38
767,lpush5,1000000,831946.75
767,lrange5,1000000,1275591.88
768,lpush5,1000000,831401.50
768,lrange5,1000000,1245369.88
769,lpush5,1000000,825174.94
769,lrange5,1000000,1239335.88
770,lpush5,1000000,829200.69
770,lrange5,1000000,1267548.88
771,lpush5,1000000,830564.81
771,lrange5,1000000,1283881.88
772,lpush5,1000000,830604.62
772,lrange5,1000000,1240694.75
773,lpush5,1000000,825280.50
773,lrange5,1000000,1222493.88
774,lpush5,1000000,826446.25
774,lrange5,1000000,917592.62
775,lpush5,1000000,515795.78
775,lrange5,1000000,887311.44
776,lpush5,1000000,825896.00
776,lrange5,1000000,1204857.88
777,lpush5,1000000,834818.06
777,lrange5,1000000,1239216.88
778,lpush5,1000000,824560.56
778,lrange5,1000000,1267711.12
779,lpush5,1000000,824600.12
779,lrange5,1000000,1283697.12
780,lpush5,1000000,832013.31
780,lrange5,1000000,1269157.38
781,lpush5,1000000,831960.06
781,lrange5,1000000,1288680.38
782,lpush5,1000000,834081.75
782,lrange5,1000000,1240694.75
783,lpush5,1000000,830101.19
783,lrange5,1000000,1057217.75
784,lpush5,1000000,824415.44
784,lrange5,1000000,1193412.88
785,lpush5,1000000,827854.31
785,lrange5,1000000,1230091.00
786,lpush5,1000000,825816.69
786,lrange5,1000000,1205069.88
787,lpush5,1000000,822368.44
787,lrange5,1000000,1202057.62
788,lpush5,1000000,834804.69
788,lrange5,1000000,1264364.12
789,lpush5,1000000,836321.06
789,lrange5,1000000,1243820.88
790,lpush5,1000000,823084.75
790,lrange5,1000000,1193680.25
791,lpush5,1000000,831348.31
791,lrange5,1000000,1290446.50
792,lpush5,1000000,833439.94
792,lrange5,1000000,1270810.62
793,lpush5,1000000,842581.25
793,lrange5,1000000,1265944.25
794,lpush5,1000000,828500.38
794,lrange5,1000000,1283697.12
795,lpush5,1000000,833399.94
795,lrange5,1000000,1282112.88
796,lpush5,1000000,827920.56
796,lrange5,1000000,1267488.00
797,lpush5,1000000,832119.81
797,lrange5,1000000,1017505.62
798,lpush5,1000000,836887.00
798,lrange5,1000000,1285491.00
799,lpush5,1000000,838966.44
799,lrange5,1000000,1270831.00
800,lpush5,1000000,818343.69
800,lrange5,1000000,1264445.00
801,lpush5,1000000,834081.75
801,lrange5,1000000,1278854.25
802,lpush5,1000000,830777.44
802,lrange5,1000000,1282051.38
803,lpush5,1000000,833346.62
803,lrange5,1000000,1202346.12
804,lpush5,1000000,824415.44
804,lrange5,1000000,1290508.38
805,lpush5,1000000,826538.81
805,lrange5,1000000,1205224.12
806,lpush5,1000000,832652.81
806,lrange5,1000000,1215416.75
807,lpush5,1000000,832719.44
807,lrange5,1000000,1285449.88
808,lpush5,1000000,832812.69
808,lrange5,1000000,1262666.62
809,lpush5,1000000,838343.69
809,lrange5,1000000,1197834.75
810,lpush5,1000000,829333.38
810,lrange5,1000000,1141607.38
811,lpush5,1000000,523842.84
811,lrange5,1000000,838410.75
812,lpush5,1000000,826459.50
812,lrange5,1000000,1228540.50
813,lpush5,1000000,832692.75
813,lrange5,1000000,1233242.88
814,lpush5,1000000,837574.56
814,lrange5,1000000,1192238.38
815,lpush5,1000000,822421.06
815,lrange5,1000000,1283881.88
816,lpush5,1000000,830671.12
816,lrange5,1000000,1224029.38
817,lpush5,1000000,830684.38
817,lrange5,1000000,1267711.12
818,lpush5,1000000,823855.06
818,lrange5,1000000,1278915.62
819,lpush5,1000000,834764.62
819,lrange5,1000000,1190628.62
820,lpush5,1000000,833413.31
820,lrange5,1000000,1278956.50
821,lpush5,1000000,825122.12
821,lrange5,1000000,1237801.88
822,lpush5,1000000,839020.12
822,lrange5,1000000,1190628.62
823,lpush5,1000000,829888.75
823,lrange5,1000000,1269096.50
824,lpush5,1000000,821705.81
824,lrange5,1000000,1288659.75
825,lpush5,1000000,834951.62
825,lrange5,1000000,1218202.25
826,lpush5,1000000,826512.38
826,lrange5,1000000,1246922.75
827,lpush5,1000000,833346.62
827,lrange5,1000000,1267427.12
828,lpush5,1000000,816496.31
828,lrange5,1000000,1264303.38
829,lpush5,1000000,832772.69
829,lrange5,1000000,1280409.75
830,lpush5,1000000,832639.50
830,lrange5,1000000,1196229.62
831,lpush5,1000000,827920.56
831,lrange5,1000000,1288762.88
832,lpush5,1000000,836940.56
832,lrange5,1000000,1288721.62
833,lpush5,1000000,827933.81
833,lrange5,1000000,1287001.25
834,lpush5,1000000,834081.75
834,lrange5,1000000,1287042.50
835,lpush5,1000000,835488.69
835,lrange5,1000000,1288866.00
836,lpush5,1000000,836120.44
836,lrange5,1000000,1254885.88
837,lpush5,1000000,830631.25
837,lrange5,1000000,1278833.75
838,lpush5,1000000,834095.06
838,lrange5,1000000,1265843.00
839,lpush5,1000000,827814.62
839,lrange5,1000000,1287227.75
840,lpush5,1000000,831973.38
840,lrange5,1000000,1288701.00
841,lpush5,1000000,834081.75
841,lrange5,1000000,1199098.38
842,lpush5,1000000,825122.12
842,lrange5,1000000,1210866.88
843,lpush5,1000000,830724.25
843,lrange5,1000000,1209305.88
844,lpush5,1000000,832746.06
844,lrange5,1000000,1191971.38
845,lpush5,1000000,839154.31
845,lrange5,1000000,1065303.50
846,lpush5,1000000,824428.62
846,lrange5,1000000,1270810.62
847,lpush5,1000000,832652.81
847,lrange5,1000000,1234745.62
848,lpush5,1000000,833386.62
848,lrange5,1000000,1282092.38
849,lpush5,1000000,823216.44
849,lrange5,1000000,1250060.00
850,lpush5,1000000,834791.38
850,lrange5,1000000,1277200.50
851,lpush5,1000000,833333.31
851,lrange5,1000000,1248439.50
852,lpush5,1000000,833466.62
852,lrange5,1000000,1221098.88
853,lpush5,1000000,833519.94
853,lrange5,1000000,1272285.00
854,lpush5,1000000,836187.31
854,lrange5,1000000,1267609.62
855,lpush5,1000000,841110.19
855,lrange5,1000000,1179320.75
856,lpush5,1000000,824415.44
856,lrange5,1000000,1194915.12
857,lpush5,1000000,829915.31
857,lrange5,1000000,1193336.50
858,lpush5,1000000,829187.44
858,lrange5,1000000,1165836.88
859,lpush5,1000000,833533.31
859,lrange5,1000000,1250200.00
860,lpush5,1000000,829875.50
860,lrange5,1000000,1187667.50
861,lpush5,1000000,820397.06
861,lrange5,1000000,1182260.00
862,lpush5,1000000,837007.50
862,lrange5,1000000,1237702.88
863,lpush5,1000000,836147.19
863,lrange5,1000000,1265822.75
864,lpush5,1000000,827854.31
864,lrange5,1000000,1285347.00
865,lpush5,1000000,837614.75
865,lrange5,1000000,1288866.00
866,lpush5,1000000,836214.06
866,lrange5,1000000,1240813.88
867,lpush5,1000000,830604.62
867,lrange5,1000000,1265883.50
868,lpush5,1000000,835435.25
868,lrange5,1000000,1234745.62
869,lpush5,1000000,834791.38
869,lrange5,1000000,1195029.88
870,lpush5,1000000,831441.44
870,lrange5,1000000,1259526.38
871,lpush5,1000000,838276.62
871,lrange5,1000000,1172464.25
872,lpush5,1000000,828026.50
872,lrange5,1000000,1191990.50
873,lpush5,1000000,832852.62
873,lrange5,1000000,1283697.12
874,lpush5,1000000,825962.06
874,lrange5,1000000,1254865.75
875,lpush5,1000000,833333.31
875,lrange5,1000000,1280430.25
876,lpush5,1000000,829888.75
876,lrange5,1000000,1226993.88
877,lpush5,1000000,833453.31
877,lrange5,1000000,1280635.00
878,lpush5,1000000,831973.38
878,lrange5,1000000,1259526.38
879,lpush5,1000000,827129.88
879,lrange5,1000000,1272305.38
880,lpush5,1000000,835622.38
880,lrange5,1000000,1195068.12
881,lpush5,1000000,827854.31
881,lrange5,1000000,1203542.75
882,lpush5,1000000,823723.25
882,lrange5,1000000,1287042.50
883,lpush5,1000000,836254.19
883,lrange5,1000000,1253313.38
884,lpush5,1000000,827907.31
884,lrange5,1000000,1191895.12
885,lpush5,1000000,830657.81
885,lrange5,1000000,1262787.88
886,lpush5,1000000,824573.75
886,lrange5,1000000,1280594.12
887,lpush5,1000000,838926.12
887,lrange5,1000000,1262686.88
888,lpush5,1000000,829187.44
888,lrange5,1000000,1261074.38
889,lpush5,1000000,823736.44
889,lrange5,1000000,1189231.88
890,lpush5,1000000,831401.50
890,lrange5,1000000,1267650.25
891,lpush5,1000000,829346.62
891,lrange5,1000000,1196191.38
892,lpush5,1000000,830617.94
892,lrange5,1000000,1226993.88
893,lpush5,1000000,830657.81
893,lrange5,1000000,1287021.88
894,lpush5,1000000,827156.31
894,lrange5,1000000,1270709.00
895,lpush5,1000000,828672.75
895,lrange5,1000000,1251624.50
896,lpush5,1000000,832119.81
896,lrange5,1000000,1283799.75
897,lpush5,1000000,831255.25
897,lrange5,1000000,1287001.25
898,lpush5,1000000,838979.81
898,lrange5,1000000,1240893.25
899,lpush5,1000000,838316.88
899,lrange5,1000000,1265964.50
900,lpush5,1000000,829293.56
900,lrange5,1000000,1287145.38
901,lpush5,1000000,832159.69
901,lrange5,1000000,1278792.88
902,lpush5,1000000,825948.81
902,lrange5,1000000,1203523.50
903,lpush5,1000000,827986.81
903,lrange5,1000000,1262808.12
904,lpush5,1000000,827986.81
904,lrange5,1000000,1206311.25
905,lpush5,1000000,831348.31
905,lrange5,1000000,1196497.62
906,lpush5,1000000,833346.62
906,lrange5,1000000,1269076.12
907,lpush5,1000000,827814.62
907,lrange5,1000000,1210770.00
908,lpush5,1000000,834778.00
908,lrange5,1000000,1194838.75
909,lpush5,1000000,828500.38
909,lrange5,1000000,1269076.12
910,lpush5,1000000,836927.19
910,lrange5,1000000,1248639.25
911,lpush5,1000000,823841.88
911,lrange5,1000000,1205166.25
912,lpush5,1000000,822486.88
912,lrange5,1000000,1277139.25
913,lpush5,1000000,839670.88
913,lrange5,1000000,1205243.38
914,lpush5,1000000,839657.44
914,lrange5,1000000,1290446.50
915,lpush5,1000000,830631.25
915,lrange5,1000000,1277241.38
916,lpush5,1000000,826499.12
916,lrange5,1000000,1278874.62
917,lpush5,1000000,828039.75
917,lrange5,1000000,1261054.25
918,lpush5,1000000,830737.56
918,lrange5,1000000,1222669.88
919,lpush5,1000000,841804.75
919,lrange5,1000000,1254905.88
920,lpush5,1000000,827143.12
920,lrange5,1000000,1193699.25
921,lpush5,1000000,828526.94
921,lrange5,1000000,1277139.25
922,lpush5,1000000,831281.81
922,lrange5,1000000,1193584.75
923,lpush5,1000000,837034.25
923,lrange5,1000000,1193737.50
924,lpush5,1000000,825869.56
924,lrange5,1000000,1195010.75
925,lpush5,1000000,829968.44
925,lrange5,1000000,1230189.38
926,lpush5,1000000,841885.56
926,lrange5,1000000,1245350.00
927,lpush5,1000000,828026.50
927,lrange5,1000000,1272305.38
928,lpush5,1000000,829412.94
928,lrange5,1000000,1191971.38
929,lpush5,1000000,836214.06
929,lrange5,1000000,1262808.12
930,lpush5,1000000,827867.56
930,lrange5,1000000,1250100.00
931,lpush5,1000000,836887.00
931,lrange5,1000000,1196382.75
932,lpush5,1000000,827827.88
932,lrange5,1000000,1251724.62
933,lpush5,1000000,829240.50
933,lrange5,1000000,1258022.62
934,lpush5,1000000,828712.50
934,lrange5,1000000,1236192.75
935,lpush5,1000000,835595.62
935,lrange5,1000000,1187800.50
936,lpush5,1000000,830101.19
936,lrange5,1000000,1237742.50
937,lpush5,1000000,830564.81
937,lrange5,1000000,1274048.38
938,lpush5,1000000,831414.81
938,lrange5,1000000,1265944.25
939,lpush5,1000000,827182.81
939,lrange5,1000000,1262747.50
940,lpush5,1000000,826565.25
940,lrange5,1000000,1278792.88
941,lpush5,1000000,826459.50
941,lrange5,1000000,1253173.00
942,lpush5,1000000,831335.00
942,lrange5,1000000,1282112.88
943,lpush5,1000000,827920.56
943,lrange5,1000000,1269177.62
944,lpush5,1000000,825922.38
944,lrange5,1000000,1182260.00
945,lpush5,1000000,833413.31
945,lrange5,1000000,1196401.88
946,lpush5,1000000,829888.75
946,lrange5,1000000,1183602.38
947,lpush5,1000000,835435.25
947,lrange5,1000000,1257982.38
948,lpush5,1000000,832852.62
948,lrange5,1000000,1267488.00
949,lpush5,1000000,832852.62
949,lrange5,1000000,1283717.62
950,lpush5,1000000,838383.94
950,lrange5,1000000,1206369.12
951,lpush5,1000000,825988.44
951,lrange5,1000000,1269137.12
952,lpush5,1000000,832652.81
952,lrange5,1000000,1197662.25
953,lpush5,1000000,831308.44
953,lrange5,1000000,1193432.00
954,lpush5,1000000,832772.69
954,lrange5,1000000,1206504.25
955,lpush5,1000000,834818.06
955,lrange5,1000000,1283697.12
956,lpush5,1000000,829981.69
956,lrange5,1000000,1197968.88
957,lpush5,1000000,823084.75
957,lrange5,1000000,1259486.12
958,lpush5,1000000,839832.06
958,lrange5,1000000,1261135.00
959,lpush5,1000000,833466.62
959,lrange5,1000000,1270648.00
960,lpush5,1000000,830048.12
960,lrange5,1000000,1283943.50
961,lpush5,1000000,838979.81
961,lrange5,1000000,1270709.00
962,lpush5,1000000,831986.69
962,lrange5,1000000,1190895.25
963,lpush5,1000000,840336.12
963,lrange5,1000000,1280614.62
964,lpush5,1000000,832732.75
964,lrange5,1000000,1228658.50
965,lpush5,1000000,830048.12
965,lrange5,1000000,1231940.88
966,lpush5,1000000,835462.00
966,lrange5,1000000,1062971.38
967,lpush5,1000000,825975.25
967,lrange5,1000000,1117550.88
968,lpush5,1000000,827341.62
968,lrange5,1000000,1278833.75
969,lpush5,1000000,827129.88
969,lrange5,1000000,1194934.25
970,lpush5,1000000,828013.31
970,lrange5,1000000,1204954.25
971,lpush5,1000000,823111.06
971,lrange5,1000000,1272264.62
972,lpush5,1000000,825975.25
972,lrange5,1000000,1269035.50
973,lpush5,1000000,833373.31
973,lrange5,1000000,1194991.62
974,lpush5,1000000,828553.44
974,lrange5,1000000,1274048.38
975,lpush5,1000000,830684.38
975,lrange5,1000000,1288866.00
976,lpush5,1000000,831960.06
976,lrange5,1000000,1259627.12
977,lpush5,1000000,829280.31
977,lrange5,1000000,1216564.38
978,lpush5,1000000,824402.25
978,lrange5,1000000,1262626.25
979,lpush5,1000000,835502.06
979,lrange5,1000000,1205224.12
980,lpush5,1000000,831255.25
980,lrange5,1000000,1283799.75
981,lpush5,1000000,829928.62
981,lrange5,1000000,1203542.75
982,lpush5,1000000,834911.56
982,lrange5,1000000,1209422.00
983,lpush5,1000000,832173.00
983,lrange5,1000000,1288824.75
984,lpush5,1000000,834041.69
984,lrange5,1000000,1261094.62
985,lpush5,1000000,836227.44
985,lrange5,1000000,1287001.25
986,lpush5,1000000,834724.56
986,lrange5,1000000,1194934.25
987,lpush5,1000000,834068.38
987,lrange5,1000000,1242414.88
988,lpush5,1000000,835649.12
988,lrange5,1000000,1206349.88
989,lpush5,1000000,827867.56
989,lrange5,1000000,1288701.00
990,lpush5,1000000,840484.00
990,lrange5,1000000,1233124.50
991,lpush5,1000000,836227.44
991,lrange5,1000000,1245330.00
992,lpush5,1000000,824626.50
992,lrange5,1000000,1175407.75
993,lpush5,1000000,831960.06
993,lrange5,1000000,1283717.62
994,lpush5,1000000,827841.12
994,lrange5,1000000,1259526.38
995,lpush5,1000000,823736.44
995,lrange5,1000000,1186581.25
996,lpush5,1000000,834068.38
996,lrange5,1000000,1277323.12
997,lpush5,1000000,829320.06
997,lrange5,1000000,1278977.00
998,lpush5,1000000,831428.12
998,lrange5,1000000,1236173.00
999,lpush5,1000000,829306.81
999,lrange5,1000000,1203369.50
1000,lpush5,1000000,818527.00
1000,lrange5,1000000,1202230.75
1001,lpush5,1000000,817045.75
1001,lrange5,1000000,1269238.62
1002,lpush5,1000000,823775.94
1002,lrange5,1000000,1189308.00
1003,lpush5,1000000,831281.81
1003,lrange5,1000000,1275591.88
1004,lpush5,1000000,827827.88
1004,lrange5,1000000,1259486.12
1005,lpush5,1000000,820383.94
1005,lrange5,1000000,1117390.00
1006,lpush5,1000000,827354.88
1006,lrange5,1000000,1196325.38
1007,lpush5,1000000,829240.50
1007,lrange5,1000000,1189079.62
1008,lpush5,1000000,834201.81
1008,lrange5,1000000,1287104.25
1009,lpush5,1000000,743589.56
1009,lrange5,1000000,1222493.88
1010,lpush5,1000000,829875.50
1010,lrange5,1000000,1178252.12
1011,lpush5,1000000,827249.00
1011,lrange5,1000000,1203504.25
1012,lpush5,1000000,832719.44
1012,lrange5,1000000,1267630.00
1013,lpush5,1000000,832719.44
1013,lrange5,1000000,805866.19
1014,lpush5,1000000,510562.53
1014,lrange5,1000000,935558.44
1015,lpush5,1000000,829253.75
1015,lrange5,1000000,1240734.50
1016,lpush5,1000000,835421.88
1016,lrange5,1000000,1280594.12
1017,lpush5,1000000,819698.31
1017,lrange5,1000000,1272264.62
1018,lpush5,1000000,794370.19
1018,lrange5,1000000,1197624.00
1019,lpush5,1000000,819053.25
1019,lrange5,1000000,1222591.62
1020,lpush5,1000000,831388.25
1020,lrange5,1000000,1270688.75
1021,lpush5,1000000,835462.00
1021,lrange5,1000000,1278977.00
1022,lpush5,1000000,834898.19
1022,lrange5,1000000,1267427.12
1023,lpush5,1000000,829227.19
1023,lrange5,1000000,1259466.00
1024,lpush5,1000000,828579.94
1024,lrange5,1000000,1199098.38
1025,lpush5,1000000,821876.75
1025,lrange5,1000000,1192047.75
1026,lpush5,1000000,830061.38
1026,lrange5,1000000,1130341.25
1027,lpush5,1000000,817805.38
1027,lrange5,1000000,1254865.75
1028,lpush5,1000000,731610.81
1028,lrange5,1000000,1202096.12
1029,lpush5,1000000,830034.81
1029,lrange5,1000000,1274109.50
1030,lpush5,1000000,833506.62
1030,lrange5,1000000,1199251.75
1031,lpush5,1000000,824573.75
1031,lrange5,1000000,1274048.38
1032,lpush5,1000000,829995.00
1032,lrange5,1000000,1283799.75
1033,lpush5,1000000,825777.06
1033,lrange5,1000000,1176583.50
1034,lpush5,1000000,836833.44
1034,lrange5,1000000,1192028.62
1035,lpush5,1000000,832799.38
1035,lrange5,1000000,1269035.50
1036,lpush5,1000000,832159.69
1036,lrange5,1000000,1240714.62
1037,lpush5,1000000,829902.06
1037,lrange5,1000000,1206388.38
1038,lpush5,1000000,833466.62
1038,lrange5,1000000,1196172.25
1039,lpush5,1000000,827920.56
1039,lrange5,1000000,1265984.75
1040,lpush5,1000000,835595.62
1040,lrange5,1000000,1262666.62
1041,lpush5,1000000,819000.88
1041,lrange5,1000000,1277159.62
1042,lpush5,1000000,834255.19
1042,lrange5,1000000,1273905.75
1043,lpush5,1000000,834751.31
1043,lrange5,1000000,1262707.12
1044,lpush5,1000000,836173.94
1044,lrange5,1000000,1216603.38
1045,lpush5,1000000,830008.25
1045,lrange5,1000000,1283738.12
1046,lpush5,1000000,839657.44
1046,lrange5,1000000,1270709.00
1047,lpush5,1000000,833506.62
1047,lrange5,1000000,1280573.62
1048,lpush5,1000000,845349.12
1048,lrange5,1000000,1267508.25
1049,lpush5,1000000,839697.75
1049,lrange5,1000000,1200941.12
1050,lpush5,1000000,832679.44
1050,lrange5,1000000,1224009.88
1051,lpush5,1000000,833386.62
1051,lrange5,1000000,1202096.12
1052,lpush5,1000000,827169.56
1052,lrange5,1000000,1254805.50
1053,lpush5,1000000,832746.06
1053,lrange5,1000000,1209189.75
1054,lpush5,1000000,847498.31
1054,lrange5,1000000,1192104.88
1055,lpush5,1000000,831946.75
1055,lrange5,1000000,1187800.50
1056,lpush5,1000000,839073.81
1056,lrange5,1000000,1197777.25
1057,lpush5,1000000,829293.56
1057,lrange5,1000000,1172726.88
1058,lpush5,1000000,832826.00
1058,lrange5,1000000,1195163.62
1059,lpush5,1000000,840524.31
1059,lrange5,1000000,1239216.88
1060,lpush5,1000000,821149.38
1060,lrange5,1000000,1282153.88
1061,lpush5,1000000,837547.75
1061,lrange5,1000000,1280512.12
1062,lpush5,1000000,833359.94
1062,lrange5,1000000,1265822.75
1063,lpush5,1000000,837007.50
1063,lrange5,1000000,1278813.25
1064,lpush5,1000000,841042.88
1064,lrange5,1000000,1234607.38
1065,lpush5,1000000,831428.12
1065,lrange5,1000000,1259526.38
1066,lpush5,1000000,839100.62
1066,lrange5,1000000,1189441.12
1067,lpush5,1000000,831321.75
1067,lrange5,1000000,1277200.50
1068,lpush5,1000000,821837.31
1068,lrange5,1000000,1173990.62
1069,lpush5,1000000,824468.25
1069,lrange5,1000000,1035229.81
1070,lpush5,1000000,832146.44
1070,lrange5,1000000,1190762.00
1071,lpush5,1000000,830564.81
1071,lrange5,1000000,1285511.62
1072,lpush5,1000000,823841.88
1072,lrange5,1000000,1269238.62
1073,lpush5,1000000,832706.12
1073,lrange5,1000000,1272508.88
1074,lpush5,1000000,835435.25
1074,lrange5,1000000,1176470.50
1075,lpush5,1000000,836133.81
1075,lrange5,1000000,1195010.75
1076,lpush5,1000000,834081.75
1076,lrange5,1000000,1275530.62
1077,lpush5,1000000,823216.44
1077,lrange5,1000000,1189250.88
1078,lpush5,1000000,838276.62
1078,lrange5,1000000,1209363.88
1079,lpush5,1000000,826552.06
1079,lrange5,1000000,1273966.88
1080,lpush5,1000000,820475.81
1080,lrange5,1000000,1269076.12
1081,lpush5,1000000,825869.56
1081,lrange5,1000000,1270688.75
1082,lpush5,1000000,827814.62
1082,lrange5,1000000,1254765.38
1083,lpush5,1000000,829200.69
1083,lrange5,1000000,1288762.88
1084,lpush5,1000000,832639.50
1084,lrange5,1000000,1285532.12
1085,lpush5,1000000,829240.50
1085,lrange5,1000000,1287145.38
1086,lpush5,1000000,833373.31
1086,lrange5,1000000,1272346.00
1087,lpush5,1000000,821705.81
1087,lrange5,1000000,1272386.75
1088,lpush5,1000000,831374.94
1088,lrange5,1000000,1254725.25
1089,lpush5,1000000,832759.38
1089,lrange5,1000000,1231586.25
1090,lpush5,1000000,828699.25
1090,lrange5,1000000,1269157.38
1091,lpush5,1000000,832746.06
1091,lrange5,1000000,1285449.88
1092,lpush5,1000000,828039.75
1092,lrange5,1000000,1288659.75
1093,lpush5,1000000,830644.50
1093,lrange5,1000000,1285367.62
1094,lpush5,1000000,827196.06
1094,lrange5,1000000,1287248.38
1095,lpush5,1000000,825909.19
1095,lrange5,1000000,1283902.50
1096,lpush5,1000000,829187.44
1096,lrange5,1000000,1287104.25
1097,lpush5,1000000,831348.31
1097,lrange5,1000000,1265984.75
1098,lpush5,1000000,828699.25
1098,lrange5,1000000,1267467.75
1099,lpush5,1000000,823058.44
1099,lrange5,1000000,1265843.00
1100,lpush5,1000000,828739.00
1100,lrange5,1000000,1273966.88
1101,lpush5,1000000,832000.00
1101,lrange5,1000000,1283738.12
1102,lpush5,1000000,824402.25
1102,lrange5,1000000,1285532.12
1103,lpush5,1000000,833373.31
1103,lrange5,1000000,1196172.25
1104,lpush5,1000000,829888.75
1104,lrange5,1000000,1200672.25
1105,lpush5,1000000,829253.75
1105,lrange5,1000000,1225549.00
1106,lpush5,1000000,832772.69
1106,lrange5,1000000,1270648.00
1107,lpush5,1000000,829200.69
1107,lrange5,1000000,1253213.12
1108,lpush5,1000000,825227.69
1108,lrange5,1000000,1262626.25
1109,lpush5,1000000,832079.88
1109,lrange5,1000000,1205050.62
1110,lpush5,1000000,831428.12
1110,lrange5,1000000,1167047.88
1111,lpush5,1000000,825790.25
1111,lrange5,1000000,1194838.75
1112,lpush5,1000000,833346.62
1112,lrange5,1000000,1195068.12
1113,lpush5,1000000,832159.69
1113,lrange5,1000000,1216778.50
1114,lpush5,1000000,825763.88
1114,lrange5,1000000,1278874.62
1115,lpush5,1000000,827880.81
1115,lrange5,1000000,1257922.00
1116,lpush5,1000000,831321.75
1116,lrange5,1000000,1261094.62
1117,lpush5,1000000,835635.75
1117,lrange5,1000000,1282051.38
1118,lpush5,1000000,835448.62
1118,lrange5,1000000,1203427.25
1119,lpush5,1000000,825829.94
1119,lrange5,1000000,1253132.88
1120,lpush5,1000000,840430.19
1120,lrange5,1000000,1210808.75
1121,lpush5,1000000,833506.62
1121,lrange5,1000000,1223990.25
1122,lpush5,1000000,845308.56
1122,lrange5,1000000,1200787.50
1123,lpush5,1000000,832106.50
1123,lrange5,1000000,1278813.25
1124,lpush5,1000000,824402.25
1124,lrange5,1000000,1153421.00
1125,lpush5,1000000,825082.50
1125,lrange5,1000000,1270729.38
1126,lpush5,1000000,834135.12
1126,lrange5,1000000,1236133.50
1127,lpush5,1000000,827182.81
1127,lrange5,1000000,1203600.50
1128,lpush5,1000000,843881.88
1128,lrange5,1000000,1270709.00
1129,lpush5,1000000,832093.19
1129,lrange5,1000000,1283717.62
1130,lpush5,1000000,838410.75
1130,lrange5,1000000,1282112.88
1131,lpush5,1000000,825843.12
1131,lrange5,1000000,1262666.62
1132,lpush5,1000000,831268.50
1132,lrange5,1000000,1280450.62
1133,lpush5,1000000,833386.62
1133,lrange5,1000000,1234587.62
1134,lpush5,1000000,836173.94
1134,lrange5,1000000,1290425.88
1135,lpush5,1000000,826499.12
1135,lrange5,1000000,1209402.62
1136,lpush5,1000000,831361.62
1136,lrange5,1000000,1285470.50
1137,lpush5,1000000,824613.31
1137,lrange5,1000000,1287063.00
1138,lpush5,1000000,841190.94
1138,lrange5,1000000,1272447.88
1139,lpush5,1000000,836820.06
1139,lrange5,1000000,1248619.25
1140,lpush5,1000000,830617.94
1140,lrange5,1000000,1239276.38
1141,lpush5,1000000,830034.81
1141,lrange5,1000000,1270831.00
1142,lpush5,1000000,832146.44
1142,lrange5,1000000,1239157.38
1143,lpush5,1000000,827986.81
1143,lrange5,1000000,1278813.25
1144,lpush5,1000000,824428.62
1144,lrange5,1000000,1292113.75
1145,lpush5,1000000,823802.31
1145,lrange5,1000000,1206523.50
1146,lpush5,1000000,837628.12
1146,lrange5,1000000,1283738.12
1147,lpush5,1000000,832000.00
1147,lrange5,1000000,1280450.62
1148,lpush5,1000000,830008.25
1148,lrange5,1000000,1236252.12
1149,lpush5,1000000,835421.88
1149,lrange5,1000000,1275734.75
1150,lpush5,1000000,839858.94
1150,lrange5,1000000,1250380.00
1151,lpush5,1000000,828619.69
1151,lrange5,1000000,1243781.12
1152,lpush5,1000000,843183.81
1152,lrange5,1000000,1265863.25
1153,lpush5,1000000,829981.69
1153,lrange5,1000000,1197796.50
1154,lpush5,1000000,831321.75
1154,lrange5,1000000,1285408.75
1155,lpush5,1000000,826485.94
1155,lrange5,1000000,1248499.38
1156,lpush5,1000000,835515.44
1156,lrange5,1000000,1283881.88
1157,lpush5,1000000,827814.62
1157,lrange5,1000000,1204857.88
1158,lpush5,1000000,828659.50
1158,lrange5,1000000,1273987.25
1159,lpush5,1000000,823894.56
1159,lrange5,1000000,1245569.12
1160,lpush5,1000000,832066.56
1160,lrange5,1000000,1173784.00
1161,lpush5,1000000,823907.75
1161,lrange5,1000000,1272325.62
1162,lpush5,1000000,834804.69
1162,lrange5,1000000,1201980.75
1163,lpush5,1000000,839684.31
1163,lrange5,1000000,1254725.25
1164,lpush5,1000000,831441.44
1164,lrange5,1000000,1288701.00
1165,lpush5,1000000,832692.75
1165,lrange5,1000000,1251644.50
1166,lpush5,1000000,834778.00
1166,lrange5,1000000,1240754.38
1167,lpush5,1000000,826512.38
1167,lrange5,1000000,1291989.62
1168,lpush5,1000000,835421.88
1168,lrange5,1000000,1274007.62
1169,lpush5,1000000,830790.69
1169,lrange5,1000000,1282071.88
1170,lpush5,1000000,825188.12
1170,lrange5,1000000,1203812.38
1171,lpush5,1000000,825188.12
1171,lrange5,1000000,1288659.75
1172,lpush5,1000000,828712.50
1172,lrange5,1000000,1288845.38
1173,lpush5,1000000,834041.69
1173,lrange5,1000000,1265984.75
1174,lpush5,1000000,831986.69
1174,lrange5,1000000,1243840.75
1175,lpush5,1000000,827920.56
1175,lrange5,1000000,1273946.50
1176,lpush5,1000000,826538.81
1176,lrange5,1000000,1282215.38
1177,lpush5,1000000,830008.25
1177,lrange5,1000000,1239197.00
1178,lpush5,1000000,837047.69
1178,lrange5,1000000,1280573.62
1179,lpush5,1000000,832026.62
1179,lrange5,1000000,1290322.62
1180,lpush5,1000000,835421.88
1180,lrange5,1000000,1287104.25
1181,lpush5,1000000,831960.06
1181,lrange5,1000000,1247082.38
1182,lpush5,1000000,840564.69
1182,lrange5,1000000,1277159.62
1183,lpush5,1000000,826499.12
1183,lrange5,1000000,1293661.00
1184,lpush5,1000000,834268.56
1184,lrange5,1000000,1248479.38
1185,lpush5,1000000,832652.81
1185,lrange5,1000000,1287001.25
1186,lpush5,1000000,843224.31
1186,lrange5,1000000,1270810.62
1187,lpush5,1000000,827920.56
1187,lrange5,1000000,1200480.12
1188,lpush5,1000000,831268.50
1188,lrange5,1000000,1199347.75
1189,lpush5,1000000,839684.31
1189,lrange5,1000000,1282092.38
1190,lpush5,1000000,827156.31
1190,lrange5,1000000,1287063.00
1191,lpush5,1000000,831281.81
1191,lrange5,1000000,1215164.00
1192,lpush5,1000000,834871.50
1192,lrange5,1000000,1280409.75
1193,lpush5,1000000,826604.94
1193,lrange5,1000000,1183545.50
1194,lpush5,1000000,833399.94
1194,lrange5,1000000,1254825.62
1195,lpush5,1000000,829941.88
1195,lrange5,1000000,1250080.00
1196,lpush5,1000000,821123.12
1196,lrange5,1000000,1278772.38
1197,lpush5,1000000,830008.25
1197,lrange5,1000000,1272285.00
1198,lpush5,1000000,823058.44
1198,lrange5,1000000,1265822.75
1199,lpush5,1000000,835528.81
1199,lrange5,1000000,1204857.88
1200,lpush5,1000000,836820.06
1200,lrange5,1000000,1239177.25
1201,lpush5,1000000,831268.50
1201,lrange5,1000000,1193432.00
1202,lpush5,1000000,832000.00
1202,lrange5,1000000,1194781.38
1203,lpush5,1000000,829200.69
1203,lrange5,1000000,1253213.12
1204,lpush5,1000000,832026.62
1204,lrange5,1000000,1272285.00
1205,lpush5,1000000,836860.19
1205,lrange5,1000000,1270810.62
1206,lpush5,1000000,836307.69
1206,lrange5,1000000,1282174.38
1207,lpush5,1000000,825843.12
1207,lrange5,1000000,1293888.75
1208,lpush5,1000000,829928.62
1208,lrange5,1000000,1242236.00
1209,lpush5,1000000,832106.50
1209,lrange5,1000000,1285573.25
1210,lpush5,1000000,831295.12
1210,lrange5,1000000,1251564.38
1211,lpush5,1000000,827182.81
1211,lrange5,1000000,1202365.38
1212,lpush5,1000000,830617.94
1212,lrange5,1000000,1228501.25
1213,lpush5,1000000,837587.94
1213,lrange5,1000000,1280614.62
1214,lpush5,1000000,816993.50
1214,lrange5,1000000,1253173.00
1215,lpush5,1000000,830578.06
1215,lrange5,1000000,1192085.88
1216,lpush5,1000000,841885.56
1216,lrange5,1000000,1265883.50
1217,lpush5,1000000,825254.12
1217,lrange5,1000000,1277241.38
1218,lpush5,1000000,828712.50
1218,lrange5,1000000,1267508.25
1219,lpush5,1000000,830114.50
1219,lrange5,1000000,1245489.50
1220,lpush5,1000000,819685.25
1220,lrange5,1000000,1196287.00
1221,lpush5,1000000,835488.69
1221,lrange5,1000000,1199443.62
1222,lpush5,1000000,819040.19
1222,lrange5,1000000,1242375.12
1223,lpush5,1000000,835462.00
1223,lrange5,1000000,1277221.00
1224,lpush5,1000000,832706.12
1224,lrange5,1000000,1270648.00
1225,lpush5,1000000,830048.12
1225,lrange5,1000000,1213805.88
1226,lpush5,1000000,836280.94
1226,lrange5,1000000,1267447.50
1227,lpush5,1000000,838993.25
1227,lrange5,1000000,1206639.38
1228,lpush5,1000000,831321.75
1228,lrange5,1000000,1239276.38
1229,lpush5,1000000,838263.25
1229,lrange5,1000000,1188047.50
1230,lpush5,1000000,832639.50
1230,lrange5,1000000,1267467.75
1231,lpush5,1000000,834255.19
1231,lrange5,1000000,1267447.50
1232,lpush5,1000000,831281.81
1232,lrange5,1000000,1285347.00
1233,lpush5,1000000,832093.19
1233,lrange5,1000000,1193489.25
1234,lpush5,1000000,832746.06
1234,lrange5,1000000,1278772.38
1235,lpush5,1000000,829928.62
1235,lrange5,1000000,1196229.62
1236,lpush5,1000000,834081.75
1236,lrange5,1000000,1250080.00
1237,lpush5,1000000,836833.44
1237,lrange5,1000000,1278915.62
1238,lpush5,1000000,834898.19
1238,lrange5,1000000,1206311.25
1239,lpush5,1000000,832772.69
1239,lrange5,1000000,1258123.25
1240,lpush5,1000000,831946.75
1240,lrange5,1000000,1193565.62
1241,lpush5,1000000,832706.12
1241,lrange5,1000000,1264222.50
1242,lpush5,1000000,827854.31
1242,lrange5,1000000,1199194.25
1243,lpush5,1000000,831401.50
1243,lrange5,1000000,1278792.88
1244,lpush5,1000000,830617.94
1244,lrange5,1000000,1193355.62
1245,lpush5,1000000,829915.31
1245,lrange5,1000000,1184891.00
1246,lpush5,1000000,762922.94
1246,lrange5,1000000,1282112.88
1247,lpush5,1000000,829875.50
1247,lrange5,1000000,1273926.12
1248,lpush5,1000000,827947.06
1248,lrange5,1000000,1189308.00
1249,lpush5,1000000,836187.31
1249,lrange5,1000000,1189250.88
1250,lpush5,1000000,836214.06
1250,lrange5,1000000,1197719.75
1251,lpush5,1000000,839697.75
1251,lrange5,1000000,1282051.38
1252,lpush5,1000000,837034.25
1252,lrange5,1000000,1264242.75
1253,lpush5,1000000,834028.38
1253,lrange5,1000000,1205031.38
1254,lpush5,1000000,833399.94
1254,lrange5,1000000,1192143.00
1255,lpush5,1000000,843949.44
1255,lrange5,1000000,1189327.00
1256,lpush5,1000000,835622.38
1256,lrange5,1000000,1277159.62
1257,lpush5,1000000,836254.19
1257,lrange5,1000000,1184985.75
1258,lpush5,1000000,826525.62
1258,lrange5,1000000,1198045.50
1259,lpush5,1000000,829373.12
1259,lrange5,1000000,1194876.88
1260,lpush5,1000000,845362.69
1260,lrange5,1000000,1247162.12
1261,lpush5,1000000,831321.75
1261,lrange5,1000000,1264242.75
1262,lpush5,1000000,830737.56
1262,lrange5,1000000,1242414.88
1263,lpush5,1000000,836833.44
1263,lrange5,1000000,1236153.25
1264,lpush5,1000000,832865.94
1264,lrange5,1000000,1212295.75
1265,lpush5,1000000,826591.69
1265,lrange5,1000000,1207729.50
1266,lpush5,1000000,835448.62
1266,lrange5,1000000,1202096.12
1267,lpush5,1000000,827986.81
1267,lrange5,1000000,1194934.25
1268,lpush5,1000000,839805.19
1268,lrange5,1000000,1287104.25
1269,lpush5,1000000,839845.50
1269,lrange5,1000000,1242255.88
1270,lpush5,1000000,832652.81
1270,lrange5,1000000,1194896.00
1271,lpush5,1000000,826001.69
1271,lrange5,1000000,1280491.62
1272,lpush5,1000000,833479.94
1272,lrange5,1000000,1272285.00
1273,lpush5,1000000,824415.44
1273,lrange5,1000000,1261235.88
1274,lpush5,1000000,828000.06
1274,lrange5,1000000,1283697.12
1275,lpush5,1000000,826578.50
1275,lrange5,1000000,1202288.38
1276,lpush5,1000000,824468.25
1276,lrange5,1000000,1231625.62
1277,lpush5,1000000,823789.12
1277,lrange5,1000000,1231743.88
1278,lpush5,1000000,827143.12
1278,lrange5,1000000,1274028.00
1279,lpush5,1000000,833346.62
1279,lrange5,1000000,1288721.62
1280,lpush5,1000000,830101.19
1280,lrange5,1000000,1277180.12
1281,lpush5,1000000,827854.31
1281,lrange5,1000000,1261135.00
1282,lpush5,1000000,831973.38
1282,lrange5,1000000,1267548.88
1283,lpush5,1000000,830671.12
1283,lrange5,1000000,1287063.00
1284,lpush5,1000000,834831.44
1284,lrange5,1000000,1125057.38
1285,lpush5,1000000,826446.25
1285,lrange5,1000000,1203581.25
1286,lpush5,1000000,834135.12
1286,lrange5,1000000,1244019.88
1287,lpush5,1000000,828725.75
1287,lrange5,1000000,1197777.25
1288,lpush5,1000000,840376.44
1288,lrange5,1000000,1228560.12
1289,lpush5,1000000,827827.88
1289,lrange5,1000000,1246902.75
1290,lpush5,1000000,843278.25
1290,lrange5,1000000,1278956.50
1291,lpush5,1000000,832692.75
1291,lrange5,1000000,1227150.88
1292,lpush5,1000000,830724.25
1292,lrange5,1000000,1199040.75
1293,lpush5,1000000,829995.00
1293,lrange5,1000000,1280573.62
1294,lpush5,1000000,826525.62
1294,lrange5,1000000,1265822.75
1295,lpush5,1000000,827262.19
1295,lrange5,1000000,1196191.38
1296,lpush5,1000000,825922.38
1296,lrange5,1000000,1183488.75
1297,lpush5,1000000,512960.00
1297,lrange5,1000000,801924.62
1298,lpush5,1000000,621593.56
1298,lrange5,1000000,1287001.25
1299,lpush5,1000000,834255.19
1299,lrange5,1000000,1262666.62
1300,lpush5,1000000,825293.75
1300,lrange5,1000000,1192143.00
1301,lpush5,1000000,830578.06
1301,lrange5,1000000,1188066.50
1302,lpush5,1000000,831973.38
1302,lrange5,1000000,1288742.25
1303,lpush5,1000000,823749.62
1303,lrange5,1000000,1287145.38
1304,lpush5,1000000,837561.12
1304,lrange5,1000000,1212140.62
1305,lpush5,1000000,837034.25
1305,lrange5,1000000,1285429.25
1306,lpush5,1000000,834121.75
1306,lrange5,1000000,1200729.88
1307,lpush5,1000000,833386.62
1307,lrange5,1000000,1285511.62
1308,lpush5,1000000,820397.06
1308,lrange5,1000000,1237702.88
1309,lpush5,1000000,827169.56
1309,lrange5,1000000,1280532.62
1310,lpush5,1000000,825082.50
1310,lrange5,1000000,1282092.38
1311,lpush5,1000000,834135.12
1311,lrange5,1000000,1200787.50
1312,lpush5,1000000,832159.69
1312,lrange5,1000000,1193680.25
1313,lpush5,1000000,828026.50
1313,lrange5,1000000,1228520.88
1314,lpush5,1000000,838437.56
1314,lrange5,1000000,1248579.25
1315,lpush5,1000000,822565.81
1315,lrange5,1000000,1292031.00
1316,lpush5,1000000,838236.44
1316,lrange5,1000000,1246922.75
1317,lpush5,1000000,835448.62
1317,lrange5,1000000,1265903.75
1318,lpush5,1000000,829915.31
1318,lrange5,1000000,1282051.38
1319,lpush5,1000000,828553.44
1319,lrange5,1000000,1194781.38
1320,lpush5,1000000,828686.00
1320,lrange5,1000000,1199079.12
1321,lpush5,1000000,829280.31
1321,lrange5,1000000,1265924.00
1322,lpush5,1000000,829267.00
1322,lrange5,1000000,1283758.75
1323,lpush5,1000000,829253.75
1323,lrange5,1000000,1265822.75
1324,lpush5,1000000,825896.00
1324,lrange5,1000000,1293681.75
1325,lpush5,1000000,829267.00
1325,lrange5,1000000,1127485.88
1326,lpush5,1000000,830008.25
1326,lrange5,1000000,1277466.12
1327,lpush5,1000000,823084.75
1327,lrange5,1000000,1285408.75
1328,lpush5,1000000,832732.75
1328,lrange5,1000000,1275632.62
1329,lpush5,1000000,823947.31
1329,lrange5,1000000,1237643.50
1330,lpush5,1000000,831255.25
1330,lrange5,1000000,1288721.62
1331,lpush5,1000000,840389.88
1331,lrange5,1000000,1267589.38
1332,lpush5,1000000,833386.62
1332,lrange5,1000000,1196229.62
1333,lpush5,1000000,829187.44
1333,lrange5,1000000,1196516.75
1334,lpush5,1000000,839858.94
1334,lrange5,1000000,1257901.88
1335,lpush5,1000000,834951.62
1335,lrange5,1000000,1190552.38
1336,lpush5,1000000,836994.12
1336,lrange5,1000000,1266086.00
1337,lpush5,1000000,836833.44
1337,lrange5,1000000,1246882.88
1338,lpush5,1000000,836173.94
1338,lrange5,1000000,1248659.12
1339,lpush5,1000000,831268.50
1339,lrange5,1000000,1199079.12
1340,lpush5,1000000,839858.94
1340,lrange5,1000000,1222572.12
1341,lpush5,1000000,835622.38
1341,lrange5,1000000,1264404.50
1342,lpush5,1000000,831374.94
1342,lrange5,1000000,1272407.12
1343,lpush5,1000000,830724.25
1343,lrange5,1000000,1282071.88
1344,lpush5,1000000,827867.56
1344,lrange5,1000000,1275551.00
1345,lpush5,1000000,832093.19
1345,lrange5,1000000,1256422.12
1346,lpush5,1000000,827182.81
1346,lrange5,1000000,1205108.50
1347,lpush5,1000000,837735.31
1347,lrange5,1000000,1199175.12
1348,lpush5,1000000,830564.81
1348,lrange5,1000000,1261195.50
1349,lpush5,1000000,836160.56
1349,lrange5,1000000,1282174.38
1350,lpush5,1000000,834737.94
1350,lrange5,1000000,1277221.00
1351,lpush5,1000000,830048.12
1351,lrange5,1000000,1287021.88
1352,lpush5,1000000,838939.56
1352,lrange5,1000000,1272447.88
1353,lpush5,1000000,832746.06
1353,lrange5,1000000,1190704.75
1354,lpush5,1000000,827156.31
1354,lrange5,1000000,1278874.62
1355,lpush5,1000000,836240.81
1355,lrange5,1000000,1225549.00
1356,lpush5,1000000,832159.69
1356,lrange5,1000000,1274048.38
1357,lpush5,1000000,838383.94
1357,lrange5,1000000,1265984.75
1358,lpush5,1000000,835448.62
1358,lrange5,1000000,1273905.75
1359,lpush5,1000000,830697.69
1359,lrange5,1000000,1145585.25
1360,lpush5,1000000,834148.44
1360,lrange5,1000000,1202115.38
1361,lpush5,1000000,831308.44
1361,lrange5,1000000,1265883.50
1362,lpush5,1000000,835635.75
1362,lrange5,1000000,1259667.50
1363,lpush5,1000000,823111.06
1363,lrange5,1000000,1206369.12
1364,lpush5,1000000,826459.50
1364,lrange5,1000000,1283717.62
1365,lpush5,1000000,823045.25
1365,lrange5,1000000,1270648.00
1366,lpush5,1000000,831960.06
1366,lrange5,1000000,1266025.25
1367,lpush5,1000000,821123.12
1367,lrange5,1000000,1274048.38
1368,lpush5,1000000,835475.31
1368,lrange5,1000000,1267427.12
1369,lpush5,1000000,823802.31
1369,lrange5,1000000,1108665.12
1370,lpush5,1000000,829902.06
1370,lrange5,1000000,1236271.88
1371,lpush5,1000000,824507.81
1371,lrange5,1000000,1205262.62
1372,lpush5,1000000,833386.62
1372,lrange5,1000000,1287001.25
1373,lpush5,1000000,830578.06
1373,lrange5,1000000,1239157.38
1374,lpush5,1000000,821149.38
1374,lrange5,1000000,1290322.62
1375,lpush5,1000000,828646.19
1375,lrange5,1000000,1274068.75
1376,lpush5,1000000,831361.62
1376,lrange5,1000000,1245449.62
1377,lpush5,1000000,827301.94
1377,lrange5,1000000,1240734.50
1378,lpush5,1000000,825161.69
1378,lrange5,1000000,1195125.38
1379,lpush5,1000000,830697.69
1379,lrange5,1000000,1253193.00
1380,lpush5,1000000,836994.12
1380,lrange5,1000000,1290363.88
1381,lpush5,1000000,827288.69
1381,lrange5,1000000,1219531.75
1382,lpush5,1000000,836940.56
1382,lrange5,1000000,1274028.00
1383,lpush5,1000000,831308.44
1383,lrange5,1000000,1287001.25
1384,lpush5,1000000,838276.62
1384,lrange5,1000000,1283799.75
1385,lpush5,1000000,839114.06
1385,lrange5,1000000,1280430.25
1386,lpush5,1000000,834898.19
1386,lrange5,1000000,1203658.25
1387,lpush5,1000000,834188.50
1387,lrange5,1000000,1277139.25
1388,lpush5,1000000,835502.06
1388,lrange5,1000000,1290322.62
1389,lpush5,1000000,833373.31
1389,lrange5,1000000,1278915.62
1390,lpush5,1000000,830021.56
1390,lrange5,1000000,1264222.50
1391,lpush5,1000000,830591.38
1391,lrange5,1000000,1292010.38
1392,lpush5,1000000,834068.38
1392,lrange5,1000000,1140634.00
1393,lpush5,1000000,833519.94
1393,lrange5,1000000,1290343.25
1394,lpush5,1000000,831973.38
1394,lrange5,1000000,1196497.62
1395,lpush5,1000000,827933.81
1395,lrange5,1000000,1240734.50
1396,lpush5,1000000,834791.38
1396,lrange5,1000000,1272264.62
1397,lpush5,1000000,831268.50
1397,lrange5,1000000,1273966.88
1398,lpush5,1000000,825829.94
1398,lrange5,1000000,1270831.00
1399,lpush5,1000000,819027.06
1399,lrange5,1000000,1200537.75
1400,lpush5,1000000,839046.94
1400,lrange5,1000000,1275653.12
1401,lpush5,1000000,830777.44
1401,lrange5,1000000,1196306.12
1402,lpush5,1000000,834188.50
1402,lrange5,1000000,1193622.88
1403,lpush5,1000000,827169.56
1403,lrange5,1000000,1209344.62
1404,lpush5,1000000,833506.62
1404,lrange5,1000000,1193336.50
1405,lpush5,1000000,832106.50
1405,lrange5,1000000,1192104.88
1406,lpush5,1000000,836887.00
1406,lrange5,1000000,1218046.38
1407,lpush5,1000000,838276.62
1407,lrange5,1000000,1197777.25
1408,lpush5,1000000,831255.25
1408,lrange5,1000000,1254885.88
1409,lpush5,1000000,843895.38
1409,lrange5,1000000,1251664.50
1410,lpush5,1000000,836173.94
1410,lrange5,1000000,1216661.75
1411,lpush5,1000000,837641.56
1411,lrange5,1000000,1259566.75
1412,lpush5,1000000,840443.69
1412,lrange5,1000000,1011187.06
1413,lpush5,1000000,827854.31
1413,lrange5,1000000,1251724.62
1414,lpush5,1000000,830564.81
1414,lrange5,1000000,1259506.25
1415,lpush5,1000000,840403.31
1415,lrange5,1000000,1178044.75
1416,lpush5,1000000,836227.44
1416,lrange5,1000000,1192219.38
1417,lpush5,1000000,823723.25
1417,lrange5,1000000,1285573.25
1418,lpush5,1000000,829875.50
1418,lrange5,1000000,1196478.38
1419,lpush5,1000000,826618.12
1419,lrange5,1000000,1213805.88
1420,lpush5,1000000,831255.25
1420,lrange5,1000000,1198026.38
1421,lpush5,1000000,825254.12
1421,lrange5,1000000,1199424.50
1422,lpush5,1000000,830591.38
1422,lrange5,1000000,1248459.38
1423,lpush5,1000000,838276.62
1423,lrange5,1000000,1254825.62
1424,lpush5,1000000,824415.44
1424,lrange5,1000000,1202288.38
1425,lpush5,1000000,838926.12
1425,lrange5,1000000,1267427.12
1426,lpush5,1000000,834871.50
1426,lrange5,1000000,1251624.50
1427,lpush5,1000000,827907.31
1427,lrange5,1000000,1234646.88
1428,lpush5,1000000,824468.25
1428,lrange5,1000000,1231586.25
1429,lpush5,1000000,833346.62
1429,lrange5,1000000,1210770.00
1430,lpush5,1000000,819685.25
1430,lrange5,1000000,1265944.25
1431,lpush5,1000000,833346.62
1431,lrange5,1000000,1283902.50
1432,lpush5,1000000,832173.00
1432,lrange5,1000000,1196382.75
1433,lpush5,1000000,825935.62
1433,lrange5,1000000,1248499.38
1434,lpush5,1000000,830644.50
1434,lrange5,1000000,1254865.75
1435,lpush5,1000000,835595.62
1435,lrange5,1000000,1270749.62
1436,lpush5,1000000,828593.19
1436,lrange5,1000000,1295357.50
1437,lpush5,1000000,836133.81
1437,lrange5,1000000,1204896.38
1438,lpush5,1000000,829240.50
1438,lrange5,1000000,1290508.38
1439,lpush5,1000000,837574.56
1439,lrange5,1000000,1209480.00
1440,lpush5,1000000,834081.75
1440,lrange5,1000000,1258062.88
1441,lpush5,1000000,827960.31
1441,lrange5,1000000,1277282.25
1442,lpush5,1000000,828579.94
1442,lrange5,1000000,1273885.25
1443,lpush5,1000000,832692.75
1443,lrange5,1000000,1141844.75
1444,lpush5,1000000,830048.12
1444,lrange5,1000000,1199117.50
1445,lpush5,1000000,833439.94
1445,lrange5,1000000,1245429.62
1446,lpush5,1000000,834724.56
1446,lrange5,1000000,1197624.00
1447,lpush5,1000000,842540.81
1447,lrange5,1000000,1195068.12
1448,lpush5,1000000,825882.75
1448,lrange5,1000000,1228599.50
1449,lpush5,1000000,827827.88
1449,lrange5,1000000,1285532.12
1450,lpush5,1000000,824415.44
1450,lrange5,1000000,1290384.50
1451,lpush5,1000000,831321.75
1451,lrange5,1000000,1206542.88
1452,lpush5,1000000,830684.38
1452,lrange5,1000000,1270688.75
1453,lpush5,1000000,834201.81
1453,lrange5,1000000,1269076.12
1454,lpush5,1000000,821889.88
1454,lrange5,1000000,1200672.25
1455,lpush5,1000000,836321.06
1455,lrange5,1000000,1287248.38
1456,lpush5,1000000,834028.38
1456,lrange5,1000000,1285388.12
1457,lpush5,1000000,830750.81
1457,lrange5,1000000,1287310.12
1458,lpush5,1000000,821083.69
1458,lrange5,1000000,1227111.62
1459,lpush5,1000000,825882.75
1459,lrange5,1000000,1233183.75
1460,lpush5,1000000,820515.19
1460,lrange5,1000000,1264263.00
1461,lpush5,1000000,830604.62
1461,lrange5,1000000,1199098.38
1462,lpush5,1000000,831960.06
1462,lrange5,1000000,1242454.62
1463,lpush5,1000000,832639.50
1463,lrange5,1000000,1285388.12
1464,lpush5,1000000,833386.62
1464,lrange5,1000000,1187705.50
1465,lpush5,1000000,823762.75
1465,lrange5,1000000,1245429.62
1466,lpush5,1000000,826485.94
1466,lrange5,1000000,1278813.25
1467,lpush5,1000000,828540.19
1467,lrange5,1000000,1278813.25
1468,lpush5,1000000,830604.62
1468,lrange5,1000000,1288659.75
1469,lpush5,1000000,836820.06
1469,lrange5,1000000,1259466.00
1470,lpush5,1000000,832679.44
1470,lrange5,1000000,1290467.12
1471,lpush5,1000000,830604.62
1471,lrange5,1000000,1280553.12
1472,lpush5,1000000,828659.50
1472,lrange5,1000000,1257962.25
1473,lpush5,1000000,838343.69
1473,lrange5,1000000,1280553.12
1474,lpush5,1000000,828053.00
1474,lrange5,1000000,1197604.88
1475,lpush5,1000000,833439.94
1475,lrange5,1000000,1194876.88
1476,lpush5,1000000,828026.50
1476,lrange5,1000000,1266025.25
1477,lpush5,1000000,829995.00
1477,lrange5,1000000,1267427.12
1478,lpush5,1000000,833426.62
1478,lrange5,1000000,1203523.50
1479,lpush5,1000000,822368.44
1479,lrange5,1000000,1189098.62
1480,lpush5,1000000,825333.31
1480,lrange5,1000000,1250140.00
1481,lpush5,1000000,825948.81
1481,lrange5,1000000,1280594.12
1482,lpush5,1000000,831268.50
1482,lrange5,1000000,1236192.75
1483,lpush5,1000000,832093.19
1483,lrange5,1000000,1237643.50
1484,lpush5,1000000,834081.75
1484,lrange5,1000000,1275510.25
1485,lpush5,1000000,826538.81
1485,lrange5,1000000,1231527.12
1486,lpush5,1000000,832173.00
1486,lrange5,1000000,1196497.62
1487,lpush5,1000000,834764.62
1487,lrange5,1000000,1242236.00
1488,lpush5,1000000,829875.50
1488,lrange5,1000000,1245330.00
1489,lpush5,1000000,825896.00
1489,lrange5,1000000,1282112.88
1490,lpush5,1000000,825816.69
1490,lrange5,1000000,1272407.12
1491,lpush5,1000000,829200.69
1491,lrange5,1000000,1245369.88
1492,lpush5,1000000,841791.25
1492,lrange5,1000000,1269177.62
1493,lpush5,1000000,832159.69
1493,lrange5,1000000,1282051.38
1494,lpush5,1000000,833346.62
1494,lrange5,1000000,1115059.12
1495,lpush5,1000000,831374.94
1495,lrange5,1000000,1203619.75
1496,lpush5,1000000,838236.44
1496,lrange5,1000000,1247042.38
1497,lpush5,1000000,833386.62
1497,lrange5,1000000,1247002.50
1498,lpush5,1000000,839858.94
1498,lrange5,1000000,1245330.00
1499,lpush5,1000000,836133.81
1499,lrange5,1000000,1283758.75
1500,lpush5,1000000,829293.56
1500,lrange5,1000000,1272366.38
1501,lpush5,1000000,827196.06
1501,lrange5,1000000,1273885.25
1502,lpush5,1000000,825777.06
1502,lrange5,1000000,1145878.50
1503,lpush5,1000000,839751.50
1503,lrange5,1000000,1275632.62
1504,lpush5,1000000,834095.06
1504,lrange5,1000000,1203542.75
1505,lpush5,1000000,833493.31
1505,lrange5,1000000,1246962.62
1506,lpush5,1000000,834978.31
1506,lrange5,1000000,1278956.50
1507,lpush5,1000000,827947.06
1507,lrange5,1000000,1245350.00
1508,lpush5,1000000,827880.81
1508,lrange5,1000000,1292175.75
1509,lpush5,1000000,822473.69
1509,lrange5,1000000,1290384.50
1510,lpush5,1000000,829968.44
1510,lrange5,1000000,1196325.38
1511,lpush5,1000000,827196.06
1511,lrange5,1000000,1243960.12
1512,lpush5,1000000,821705.81
1512,lrange5,1000000,1230012.25
1513,lpush5,1000000,821162.50
1513,lrange5,1000000,1196555.00
1514,lpush5,1000000,837534.31
1514,lrange5,1000000,1245469.50
1515,lpush5,1000000,823749.62
1515,lrange5,1000000,1202134.62
1516,lpush5,1000000,821719.00
1516,lrange5,1000000,1240794.00
1517,lpush5,1000000,829399.69
1517,lrange5,1000000,1256301.50
1518,lpush5,1000000,835421.88
1518,lrange5,1000000,1221001.25
1519,lpush5,1000000,839046.94
1519,lrange5,1000000,1272488.50
1520,lpush5,1000000,834818.06
1520,lrange5,1000000,1277159.62
1521,lpush5,1000000,843210.81
1521,lrange5,1000000,1258022.62
1522,lpush5,1000000,842540.81
1522,lrange5,1000000,1287104.25
1523,lpush5,1000000,827854.31
1523,lrange5,1000000,1254745.25
1524,lpush5,1000000,835475.31
1524,lrange5,1000000,1191990.50
1525,lpush5,1000000,828500.38
1525,lrange5,1000000,1197624.00
1526,lpush5,1000000,840389.88
1526,lrange5,1000000,1142875.38
1527,lpush5,1000000,833346.62
1527,lrange5,1000000,1273946.50
1528,lpush5,1000000,830750.81
1528,lrange5,1000000,1215086.25
1529,lpush5,1000000,845362.69
1529,lrange5,1000000,1283902.50
1530,lpush5,1000000,841190.94
1530,lrange5,1000000,1259466.00
1531,lpush5,1000000,834751.31
1531,lrange5,1000000,1247042.38
1532,lpush5,1000000,840336.12
1532,lrange5,1000000,1239335.88
1533,lpush5,1000000,846916.19
1533,lrange5,1000000,1207787.38
1534,lpush5,1000000,838343.69
1534,lrange5,1000000,1280573.62
1535,lpush5,1000000,835568.88
1535,lrange5,1000000,1282215.38
1536,lpush5,1000000,834108.44
1536,lrange5,1000000,1280553.12
1537,lpush5,1000000,836214.06
1537,lrange5,1000000,1288742.25
1538,lpush5,1000000,833439.94
1538,lrange5,1000000,1200845.12
1539,lpush5,1000000,828513.69
1539,lrange5,1000000,1195068.12
1540,lpush5,1000000,826499.12
1540,lrange5,1000000,1243880.62
1541,lpush5,1000000,839657.44
1541,lrange5,1000000,1195049.00
1542,lpush5,1000000,825935.62
1542,lrange5,1000000,1257861.62
1543,lpush5,1000000,827169.56
1543,lrange5,1000000,1193317.38
1544,lpush5,1000000,825816.69
1544,lrange5,1000000,1185251.25
1545,lpush5,1000000,832106.50
1545,lrange5,1000000,1193374.75
1546,lpush5,1000000,838223.00
1546,lrange5,1000000,1197604.88
1547,lpush5,1000000,839087.25
1547,lrange5,1000000,1269096.50
1548,lpush5,1000000,840443.69
1548,lrange5,1000000,1270831.00
1549,lpush5,1000000,832639.50
1549,lrange5,1000000,1283799.75
1550,lpush5,1000000,830671.12
1550,lrange5,1000000,1278977.00
1551,lpush5,1000000,830777.44
1551,lrange5,1000000,1193355.62
1552,lpush5,1000000,837574.56
1552,lrange5,1000000,1257861.62
1553,lpush5,1000000,834148.44
1553,lrange5,1000000,1199060.00
1554,lpush5,1000000,829888.75
1554,lrange5,1000000,1267609.62
1555,lpush5,1000000,828606.44
1555,lrange5,1000000,1262747.50
1556,lpush5,1000000,830604.62
1556,lrange5,1000000,1240833.75
1557,lpush5,1000000,834764.62
1557,lrange5,1000000,1283758.75
1558,lpush5,1000000,823269.12
1558,lrange5,1000000,1257982.38
1559,lpush5,1000000,832772.69
1559,lrange5,1000000,1257881.75
1560,lpush5,1000000,828646.19
1560,lrange5,1000000,1068427.38
1561,lpush5,1000000,841764.31
1561,lrange5,1000000,1195106.38
1562,lpush5,1000000,824415.44
1562,lrange5,1000000,1188047.50
1563,lpush5,1000000,834241.88
1563,lrange5,1000000,1209189.75
1564,lpush5,1000000,834924.94
1564,lrange5,1000000,1273885.25
1565,lpush5,1000000,830617.94
1565,lrange5,1000000,1203600.50
1566,lpush5,1000000,823789.12
1566,lrange5,1000000,1192219.38
1567,lpush5,1000000,839885.81
1567,lrange5,1000000,1275591.88
1568,lpush5,1000000,835515.44
1568,lrange5,1000000,1287166.00
1569,lpush5,1000000,822447.38
1569,lrange5,1000000,1210983.12
1570,lpush5,1000000,824481.44
1570,lrange5,1000000,1219648.75
1571,lpush5,1000000,834068.38
1571,lrange5,1000000,1280430.25
1572,lpush5,1000000,836254.19
1572,lrange5,1000000,1270749.62
1573,lpush5,1000000,832159.69
1573,lrange5,1000000,1288866.00
1574,lpush5,1000000,831255.25
1574,lrange5,1000000,1197604.88
1575,lpush5,1000000,832692.75
1575,lrange5,1000000,1288701.00
1576,lpush5,1000000,835462.00
1576,lrange5,1000000,1250000.00
1577,lpush5,1000000,832639.50
1577,lrange5,1000000,1246942.62
1578,lpush5,1000000,834121.75
1578,lrange5,1000000,1264323.62
1579,lpush5,1000000,832852.62
1579,lrange5,1000000,1290384.50
1580,lpush5,1000000,834724.56
1580,lrange5,1000000,1193489.25
1581,lpush5,1000000,832679.44
1581,lrange5,1000000,1275612.25
1582,lpush5,1000000,824534.19
1582,lrange5,1000000,1272285.00
1583,lpush5,1000000,829306.81
1583,lrange5,1000000,1254745.25
1584,lpush5,1000000,818330.62
1584,lrange5,1000000,1202153.88
1585,lpush5,1000000,832706.12
1585,lrange5,1000000,883462.94
1586,lpush5,1000000,725701.00
1586,lrange5,1000000,1261336.75
1587,lpush5,1000000,836173.94
1587,lrange5,1000000,1222552.50
1588,lpush5,1000000,831441.44
1588,lrange5,1000000,1234607.38
1589,lpush5,1000000,843224.31
1589,lrange5,1000000,1282194.88
1590,lpush5,1000000,833399.94
1590,lrange5,1000000,1293702.50
1591,lpush5,1000000,835502.06
1591,lrange5,1000000,1200518.62
1592,lpush5,1000000,834884.81
1592,lrange5,1000000,1195144.50
1593,lpush5,1000000,832746.06
1593,lrange5,1000000,1193661.12
1594,lpush5,1000000,834201.81
1594,lrange5,1000000,1240714.62
1595,lpush5,1000000,828026.50
1595,lrange5,1000000,1253213.12
1596,lpush5,1000000,829888.75
1596,lrange5,1000000,1203504.25
1597,lpush5,1000000,837614.75
1597,lrange5,1000000,1282092.38
1598,lpush5,1000000,833386.62
1598,lrange5,1000000,1287166.00
1599,lpush5,1000000,827827.88
1599,lrange5,1000000,1261135.00
1600,lpush5,1000000,841083.25
1600,lrange5,1000000,1272407.12
1601,lpush5,1000000,834041.69
1601,lrange5,1000000,1282092.38
1602,lpush5,1000000,836980.69
1602,lrange5,1000000,1288866.00
1603,lpush5,1000000,832826.00
1603,lrange5,1000000,1261114.75
1604,lpush5,1000000,831268.50
1604,lrange5,1000000,1272447.88
1605,lpush5,1000000,829915.31
1605,lrange5,1000000,1196191.38
1606,lpush5,1000000,827867.56
1606,lrange5,1000000,1205031.38
1607,lpush5,1000000,830644.50
1607,lrange5,1000000,1290384.50
1608,lpush5,1000000,827262.19
1608,lrange5,1000000,1269055.88
1609,lpush5,1000000,822486.88
1609,lrange5,1000000,1259526.38
1610,lpush5,1000000,842527.38
1610,lrange5,1000000,1272285.00
1611,lpush5,1000000,821837.31
1611,lrange5,1000000,1240873.50
1612,lpush5,1000000,834135.12
1612,lrange5,1000000,1264323.62
1613,lpush5,1000000,827156.31
1613,lrange5,1000000,1254725.25
1614,lpush5,1000000,831946.75
1614,lrange5,1000000,1202365.38
1615,lpush5,1000000,835421.88
1615,lrange5,1000000,1287083.62
1616,lpush5,1000000,823802.31
1616,lrange5,1000000,1288845.38
1617,lpush5,1000000,831255.25
1617,lrange5,1000000,1193317.38
1618,lpush5,1000000,834898.19
1618,lrange5,1000000,1287145.38
1619,lpush5,1000000,826472.69
1619,lrange5,1000000,1256442.25
1620,lpush5,1000000,830578.06
1620,lrange5,1000000,1274089.12
1621,lpush5,1000000,821745.25
1621,lrange5,1000000,1202173.00
1622,lpush5,1000000,839764.94
1622,lrange5,1000000,1248439.50
1623,lpush5,1000000,827341.62
1623,lrange5,1000000,1292010.38
1624,lpush5,1000000,830617.94
1624,lrange5,1000000,1259586.88
1625,lpush5,1000000,827301.94
1625,lrange5,1000000,1275673.50
1626,lpush5,1000000,834081.75
1626,lrange5,1000000,1285470.50
1627,lpush5,1000000,823058.44
1627,lrange5,1000000,1277159.62
1628,lpush5,1000000,828606.44
1628,lrange5,1000000,1275510.25
1629,lpush5,1000000,834858.12
1629,lrange5,1000000,1210750.62
1630,lpush5,1000000,829915.31
1630,lrange5,1000000,1292113.75
1631,lpush5,1000000,825095.69
1631,lrange5,1000000,1262646.50
1632,lpush5,1000000,830790.69
1632,lrange5,1000000,1237821.75
1633,lpush5,1000000,831308.44
1633,lrange5,1000000,1247042.38
1634,lpush5,1000000,833413.31
1634,lrange5,1000000,1272427.50
1635,lpush5,1000000,832199.62
1635,lrange5,1000000,1290322.62
1636,lpush5,1000000,833466.62
1636,lrange5,1000000,1273926.12
1637,lpush5,1000000,833333.31
1637,lrange5,1000000,1273905.75
1638,lpush5,1000000,841872.06
1638,lrange5,1000000,1277180.12
1639,lpush5,1000000,831268.50
1639,lrange5,1000000,1285470.50
1640,lpush5,1000000,823084.75
1640,lrange5,1000000,1272264.62
1641,lpush5,1000000,824415.44
1641,lrange5,1000000,1282071.88
1642,lpush5,1000000,828026.50
1642,lrange5,1000000,1269198.00
1643,lpush5,1000000,827354.88
1643,lrange5,1000000,1192181.12
1644,lpush5,1000000,837534.31
1644,lrange5,1000000,1191990.50
1645,lpush5,1000000,832852.62
1645,lrange5,1000000,1184872.12
1646,lpush5,1000000,833426.62
1646,lrange5,1000000,1242514.25
1647,lpush5,1000000,822486.88
1647,lrange5,1000000,1274007.62
1648,lpush5,1000000,832732.75
1648,lrange5,1000000,1200825.88
1649,lpush5,1000000,827196.06
1649,lrange5,1000000,1256402.00
1650,lpush5,1000000,828013.31
1650,lrange5,1000000,1262747.50
1651,lpush5,1000000,819223.62
1651,lrange5,1000000,1283738.12
1652,lpush5,1000000,833333.31
1652,lrange5,1000000,1207845.38
1653,lpush5,1000000,831308.44
1653,lrange5,1000000,1242255.88
1654,lpush5,1000000,832133.12
1654,lrange5,1000000,1200557.00
1655,lpush5,1000000,834724.56
1655,lrange5,1000000,1206504.25
1656,lpush5,1000000,839697.75
1656,lrange5,1000000,1237762.38
1657,lpush5,1000000,839630.56
1657,lrange5,1000000,1233164.00
1658,lpush5,1000000,839778.38
1658,lrange5,1000000,1254926.00
1659,lpush5,1000000,832106.50
1659,lrange5,1000000,1290322.62
1660,lpush5,1000000,836120.44
1660,lrange5,1000000,1245489.50
1661,lpush5,1000000,832719.44
1661,lrange5,1000000,1257942.12
1662,lpush5,1000000,839858.94
1662,lrange5,1000000,1278813.25
1663,lpush5,1000000,832093.19
1663,lrange5,1000000,1204973.50
1664,lpush5,1000000,833359.94
1664,lrange5,1000000,1277302.75
1665,lpush5,1000000,834764.62
1665,lrange5,1000000,1285408.75
1666,lpush5,1000000,837748.75
1666,lrange5,1000000,1192276.50
1667,lpush5,1000000,832865.94
1667,lrange5,1000000,1206311.25
1668,lpush5,1000000,837708.56
1668,lrange5,1000000,1221020.75
1669,lpush5,1000000,830604.62
1669,lrange5,1000000,1283881.88
1670,lpush5,1000000,837587.94
1670,lrange5,1000000,1278772.38
1671,lpush5,1000000,836120.44
1671,lrange5,1000000,1277241.38
1672,lpush5,1000000,839087.25
1672,lrange5,1000000,1269218.25
1673,lpush5,1000000,837762.12
1673,lrange5,1000000,1257881.75
1674,lpush5,1000000,828513.69
1674,lrange5,1000000,1280614.62
1675,lpush5,1000000,830074.69
1675,lrange5,1000000,1267589.38
1676,lpush5,1000000,831946.75
1676,lrange5,1000000,1265944.25
1677,lpush5,1000000,834938.25
1677,lrange5,1000000,1274007.62
1678,lpush5,1000000,836860.19
1678,lrange5,1000000,1239157.38
1679,lpush5,1000000,828026.50
1679,lrange5,1000000,1254725.25
1680,lpush5,1000000,834724.56
1680,lrange5,1000000,1233223.25
1681,lpush5,1000000,831295.12
1681,lrange5,1000000,1196516.75
1682,lpush5,1000000,839100.62
1682,lrange5,1000000,1253233.12
1683,lpush5,1000000,830684.38
1683,lrange5,1000000,1246902.75
1684,lpush5,1000000,824415.44
1684,lrange5,1000000,1282071.88
1685,lpush5,1000000,837695.12
1685,lrange5,1000000,1287001.25
1686,lpush5,1000000,839738.06
1686,lrange5,1000000,1165613.12
1687,lpush5,1000000,835462.00
1687,lrange5,1000000,1196267.88
1688,lpush5,1000000,834724.56
1688,lrange5,1000000,1266025.25
1689,lpush5,1000000,836120.44
1689,lrange5,1000000,1191952.38
1690,lpush5,1000000,830671.12
1690,lrange5,1000000,1274007.62
1691,lpush5,1000000,830737.56
1691,lrange5,1000000,1215066.75
1692,lpush5,1000000,817006.56
1692,lrange5,1000000,1262707.12
1693,lpush5,1000000,835475.31
1693,lrange5,1000000,1240734.50
1694,lpush5,1000000,823723.25
1694,lrange5,1000000,1265924.00
1695,lpush5,1000000,835421.88
1695,lrange5,1000000,1282153.88
1696,lpush5,1000000,831281.81
1696,lrange5,1000000,1200672.25
1697,lpush5,1000000,833386.62
1697,lrange5,1000000,1269096.50
1698,lpush5,1000000,830684.38
1698,lrange5,1000000,1280573.62
1699,lpush5,1000000,834778.00
1699,lrange5,1000000,1265944.25
1700,lpush5,1000000,829213.94
1700,lrange5,1000000,1194876.88
1701,lpush5,1000000,838223.00
1701,lrange5,1000000,1191952.38
1702,lpush5,1000000,832652.81
1702,lrange5,1000000,1210828.12
1703,lpush5,1000000,831414.81
1703,lrange5,1000000,1285429.25
1704,lpush5,1000000,833559.94
1704,lrange5,1000000,1228540.50
1705,lpush5,1000000,827262.19
1705,lrange5,1000000,1270851.38
1706,lpush5,1000000,832119.81
1706,lrange5,1000000,1240694.75
1707,lpush5,1000000,846199.62
1707,lrange5,1000000,1280409.75
1708,lpush5,1000000,835475.31
1708,lrange5,1000000,1241111.62
1709,lpush5,1000000,831268.50
1709,lrange5,1000000,1236252.12
1710,lpush5,1000000,827169.56
1710,lrange5,1000000,1248479.38
1711,lpush5,1000000,827894.06
1711,lrange5,1000000,1197796.50
1712,lpush5,1000000,843332.19
1712,lrange5,1000000,1195125.38
1713,lpush5,1000000,830710.94
1713,lrange5,1000000,1261135.00
1714,lpush5,1000000,835421.88
1714,lrange5,1000000,1196555.00
1715,lpush5,1000000,831348.31
1715,lrange5,1000000,1189308.00
1716,lpush5,1000000,829399.69
1716,lrange5,1000000,1277180.12
1717,lpush5,1000000,834791.38
1717,lrange5,1000000,1234587.62
1718,lpush5,1000000,832106.50
1718,lrange5,1000000,1176489.38
1719,lpush5,1000000,828553.44
1719,lrange5,1000000,1185232.25
1720,lpush5,1000000,833413.31
1720,lrange5,1000000,1196344.50
1721,lpush5,1000000,828513.69
1721,lrange5,1000000,1209325.25
1722,lpush5,1000000,830578.06
1722,lrange5,1000000,1283738.12
1723,lpush5,1000000,836227.44
1723,lrange5,1000000,1199462.88
1724,lpush5,1000000,836820.06
1724,lrange5,1000000,1272407.12
1725,lpush5,1000000,837574.56
1725,lrange5,1000000,1202326.88
1726,lpush5,1000000,829915.31
1726,lrange5,1000000,1267548.88
1727,lpush5,1000000,831281.81
1727,lrange5,1000000,1277241.38
1728,lpush5,1000000,829928.62
1728,lrange5,1000000,1265843.00
1729,lpush5,1000000,826618.12
1729,lrange5,1000000,1196593.25
1730,lpush5,1000000,825829.94
1730,lrange5,1000000,1262646.50
1731,lpush5,1000000,828606.44
1731,lrange5,1000000,1269198.00
1732,lpush5,1000000,833466.62
1732,lrange5,1000000,1203696.75
1733,lpush5,1000000,829200.69
1733,lrange5,1000000,1278833.75
1734,lpush5,1000000,837735.31
1734,lrange5,1000000,1261054.25
1735,lpush5,1000000,831946.75
1735,lrange5,1000000,1201980.75
1736,lpush5,1000000,829875.50
1736,lrange5,1000000,1266025.25
1737,lpush5,1000000,837561.12
1737,lrange5,1000000,1207748.75
1738,lpush5,1000000,832000.00
1738,lrange5,1000000,1283861.38
1739,lpush5,1000000,823137.44
1739,lrange5,1000000,1196363.62
1740,lpush5,1000000,828566.69
1740,lrange5,1000000,1230130.38
1741,lpush5,1000000,835475.31
1741,lrange5,1000000,1259486.12
1742,lpush5,1000000,820475.81
1742,lrange5,1000000,1261054.25
1743,lpush5,1000000,829915.31
1743,lrange5,1000000,1265944.25
1744,lpush5,1000000,847620.38
1744,lrange5,1000000,1094214.50
1745,lpush5,1000000,834911.56
1745,lrange5,1000000,1193470.12
1746,lpush5,1000000,835462.00
1746,lrange5,1000000,1197719.75
1747,lpush5,1000000,831388.25
1747,lrange5,1000000,1209305.88
1748,lpush5,1000000,832852.62
1748,lrange5,1000000,1285347.00
1749,lpush5,1000000,832786.00
1749,lrange5,1000000,1237663.38
1750,lpush5,1000000,831295.12
1750,lrange5,1000000,1141607.38
1751,lpush5,1000000,834737.94
1751,lrange5,1000000,1202250.00
1752,lpush5,1000000,836120.44
1752,lrange5,1000000,1206446.38
1753,lpush5,1000000,826459.50
1753,lrange5,1000000,1283758.75
1754,lpush5,1000000,832159.69
1754,lrange5,1000000,1269035.50
1755,lpush5,1000000,828513.69
1755,lrange5,1000000,1287104.25
1756,lpush5,1000000,827814.62
1756,lrange5,1000000,1250060.00
1757,lpush5,1000000,831454.75
1757,lrange5,1000000,1277241.38
1758,lpush5,1000000,823111.06
1758,lrange5,1000000,1199098.38
1759,lpush5,1000000,834135.12
1759,lrange5,1000000,1200480.12
1760,lpush5,1000000,840376.44
1760,lrange5,1000000,1292010.38
1761,lpush5,1000000,831361.62
1761,lrange5,1000000,1203716.00
1762,lpush5,1000000,833506.62
1762,lrange5,1000000,1259647.25
1763,lpush5,1000000,828712.50
1763,lrange5,1000000,1254785.50
1764,lpush5,1000000,825803.50
1764,lrange5,1000000,1199405.25
1765,lpush5,1000000,833573.31
1765,lrange5,1000000,1203793.12
1766,lpush5,1000000,820488.94
1766,lrange5,1000000,1264222.50
1767,lpush5,1000000,825935.62
1767,lrange5,1000000,1285552.75
1768,lpush5,1000000,832679.44
1768,lrange5,1000000,1272427.50
1769,lpush5,1000000,836187.31
1769,lrange5,1000000,1199232.62
1770,lpush5,1000000,836820.06
1770,lrange5,1000000,1287124.88
1771,lpush5,1000000,834095.06
1771,lrange5,1000000,1288742.25
1772,lpush5,1000000,828000.06
1772,lrange5,1000000,1269177.62
1773,lpush5,1000000,831428.12
1773,lrange5,1000000,1273946.50
1774,lpush5,1000000,830578.06
1774,lrange5,1000000,1267548.88
1775,lpush5,1000000,830644.50
1775,lrange5,1000000,1287083.62
1776,lpush5,1000000,830684.38
1776,lrange5,1000000,1285347.00
1777,lpush5,1000000,818553.19
1777,lrange5,1000000,1257962.25
1778,lpush5,1000000,835528.81
1778,lrange5,1000000,1288762.88
1779,lpush5,1000000,829187.44
1779,lrange5,1000000,1274028.00
1780,lpush5,1000000,832799.38
1780,lrange5,1000000,1197892.25
1781,lpush5,1000000,824468.25
1781,lrange5,1000000,1253393.50
1782,lpush5,1000000,832759.38
1782,lrange5,1000000,1283758.75
1783,lpush5,1000000,829240.50
1783,lrange5,1000000,1269035.50
1784,lpush5,1000000,829346.62
1784,lrange5,1000000,1196516.75
1785,lpush5,1000000,822434.25
1785,lrange5,1000000,1275693.88
1786,lpush5,1000000,836820.06
1786,lrange5,1000000,1250100.00
1787,lpush5,1000000,832119.81
1787,lrange5,1000000,1259607.00
1788,lpush5,1000000,835662.50
1788,lrange5,1000000,1203658.25
1789,lpush5,1000000,829293.56
1789,lrange5,1000000,1282112.88
1790,lpush5,1000000,825148.50
1790,lrange5,1000000,1206581.38
1791,lpush5,1000000,824613.31
1791,lrange5,1000000,1259586.88
1792,lpush5,1000000,829875.50
1792,lrange5,1000000,1212179.38
1793,lpush5,1000000,830564.81
1793,lrange5,1000000,1288721.62
1794,lpush5,1000000,830564.81
1794,lrange5,1000000,1287063.00
1795,lpush5,1000000,829187.44
1795,lrange5,1000000,1233144.25
1796,lpush5,1000000,836294.31
1796,lrange5,1000000,1180939.75
1797,lpush5,1000000,826552.06
1797,lrange5,1000000,1278792.88
1798,lpush5,1000000,834028.38
1798,lrange5,1000000,1225529.38
1799,lpush5,1000000,834898.19
1799,lrange5,1000000,1254825.62
1800,lpush5,1000000,827209.25
1800,lrange5,1000000,1199309.38
1801,lpush5,1000000,823084.75
1801,lrange5,1000000,1262707.12
1802,lpush5,1000000,827827.88
1802,lrange5,1000000,1189498.12
1803,lpush5,1000000,823111.06
1803,lrange5,1000000,1264283.12
1804,lpush5,1000000,823907.75
1804,lrange5,1000000,1197853.88
1805,lpush5,1000000,832639.50
1805,lrange5,1000000,1273946.50
1806,lpush5,1000000,827947.06
1806,lrange5,1000000,1161477.38
1807,lpush5,1000000,841083.25
1807,lrange5,1000000,1273987.25
1808,lpush5,1000000,827249.00
1808,lrange5,1000000,1239375.50
1809,lpush5,1000000,837061.06
1809,lrange5,1000000,1267609.62
1810,lpush5,1000000,834095.06
1810,lrange5,1000000,1262767.62
1811,lpush5,1000000,841777.81
1811,lrange5,1000000,1272264.62
1812,lpush5,1000000,831414.81
1812,lrange5,1000000,1187971.50
1813,lpush5,1000000,827814.62
1813,lrange5,1000000,1234567.88
1814,lpush5,1000000,836374.62
1814,lrange5,1000000,1196172.25
1815,lpush5,1000000,838276.62
1815,lrange5,1000000,1207845.38
1816,lpush5,1000000,831946.75
1816,lrange5,1000000,1204819.25
1817,lpush5,1000000,841177.44
1817,lrange5,1000000,1190476.25
1818,lpush5,1000000,825790.25
1818,lrange5,1000000,1250000.00
1819,lpush5,1000000,826578.50
1819,lrange5,1000000,1290343.25
1820,lpush5,1000000,829359.88
1820,lrange5,1000000,1267569.12
1821,lpush5,1000000,836953.94
1821,lrange5,1000000,1261316.50
1822,lpush5,1000000,840510.88
1822,lrange5,1000000,1267609.62
1823,lpush5,1000000,832706.12
1823,lrange5,1000000,1200691.50
1824,lpush5,1000000,830604.62
1824,lrange5,1000000,1267467.75
1825,lpush5,1000000,836173.94
1825,lrange5,1000000,1287207.25
1826,lpush5,1000000,837561.12
1826,lrange5,1000000,1290363.88
1827,lpush5,1000000,827867.56
1827,lrange5,1000000,1265863.25
1828,lpush5,1000000,830564.81
1828,lrange5,1000000,1236093.88
1829,lpush5,1000000,837520.94
1829,lrange5,1000000,1253233.12
1830,lpush5,1000000,840564.69
1830,lrange5,1000000,1285491.00
1831,lpush5,1000000,833399.94
1831,lrange5,1000000,1123739.38
1832,lpush5,1000000,830671.12
1832,lrange5,1000000,1194800.50
1833,lpush5,1000000,828526.94
1833,lrange5,1000000,1233065.38
1834,lpush5,1000000,833506.62
1834,lrange5,1000000,1251924.88
1835,lpush5,1000000,837641.56
1835,lrange5,1000000,1196287.00
1836,lpush5,1000000,837614.75
1836,lrange5,1000000,1275510.25
1837,lpush5,1000000,838926.12
1837,lrange5,1000000,1270851.38
1838,lpush5,1000000,825214.50
1838,lrange5,1000000,1202019.25
1839,lpush5,1000000,839127.50
1839,lrange5,1000000,1250020.00
1840,lpush5,1000000,827182.81
1840,lrange5,1000000,1193451.12
1841,lpush5,1000000,828513.69
1841,lrange5,1000000,1257901.88
1842,lpush5,1000000,831281.81
1842,lrange5,1000000,1194762.25
1843,lpush5,1000000,836173.94
1843,lrange5,1000000,1254825.62
1844,lpush5,1000000,832692.75
1844,lrange5,1000000,1242255.88
1845,lpush5,1000000,830564.81
1845,lrange5,1000000,1247022.50
1846,lpush5,1000000,829200.69
1846,lrange5,1000000,886595.75
1847,lpush5,1000000,522516.19
1847,lrange5,1000000,950615.94
1848,lpush5,1000000,834188.50
1848,lrange5,1000000,1269076.12
1849,lpush5,1000000,822381.62
1849,lrange5,1000000,1240873.50
1850,lpush5,1000000,827341.62
1850,lrange5,1000000,1200691.50
1851,lpush5,1000000,826459.50
1851,lrange5,1000000,1239197.00
1852,lpush5,1000000,819711.44
1852,lrange5,1000000,1203485.00
1853,lpush5,1000000,830631.25
1853,lrange5,1000000,1199290.12
1854,lpush5,1000000,830564.81
1854,lrange5,1000000,1145823.62
1855,lpush5,1000000,829306.81
1855,lrange5,1000000,1248779.00
1856,lpush5,1000000,831986.69
1856,lrange5,1000000,1282092.38
1857,lpush5,1000000,829227.19
1857,lrange5,1000000,1203465.75
1858,lpush5,1000000,832000.00
1858,lrange5,1000000,1265843.00
1859,lpush5,1000000,834831.44
1859,lrange5,1000000,1261135.00
1860,lpush5,1000000,835649.12
1860,lrange5,1000000,1278772.38
1861,lpush5,1000000,832652.81
1861,lrange5,1000000,1227092.00
1862,lpush5,1000000,830777.44
1862,lrange5,1000000,1275632.62
1863,lpush5,1000000,825777.06
1863,lrange5,1000000,1264303.38
1864,lpush5,1000000,840376.44
1864,lrange5,1000000,1272325.62
1865,lpush5,1000000,825777.06
1865,lrange5,1000000,1270810.62
1866,lpush5,1000000,822539.50
1866,lrange5,1000000,1278813.25
1867,lpush5,1000000,832652.81
1867,lrange5,1000000,1177894.00
1868,lpush5,1000000,830578.06
1868,lrange5,1000000,1283902.50
1869,lpush5,1000000,832706.12
1869,lrange5,1000000,1205069.88
1870,lpush5,1000000,838979.81
1870,lrange5,1000000,1269035.50
1871,lpush5,1000000,821797.88
1871,lrange5,1000000,1228540.50
1872,lpush5,1000000,834737.94
1872,lrange5,1000000,1262626.25
1873,lpush5,1000000,824428.62
1873,lrange5,1000000,1199462.88
1874,lpush5,1000000,830617.94
1874,lrange5,1000000,1264222.50
1875,lpush5,1000000,838437.56
1875,lrange5,1000000,1189079.62
1876,lpush5,1000000,837574.56
1876,lrange5,1000000,1196248.75
1877,lpush5,1000000,830564.81
1877,lrange5,1000000,1197643.12
1878,lpush5,1000000,827182.81
1878,lrange5,1000000,1193393.75
1879,lpush5,1000000,839738.06
1879,lrange5,1000000,1200710.62
1880,lpush5,1000000,836940.56
1880,lrange5,1000000,1267427.12
1881,lpush5,1000000,831361.62
1881,lrange5,1000000,1174084.50
1882,lpush5,1000000,839046.94
1882,lrange5,1000000,1228658.50
1883,lpush5,1000000,843264.75
1883,lrange5,1000000,1282153.88
1884,lpush5,1000000,836361.19
1884,lrange5,1000000,1251564.38
1885,lpush5,1000000,841096.69
1885,lrange5,1000000,1269096.50
1886,lpush5,1000000,836120.44
1886,lrange5,1000000,1248459.38
1887,lpush5,1000000,841750.88
1887,lrange5,1000000,1215125.12
1888,lpush5,1000000,844689.19
1888,lrange5,1000000,1172351.75
1889,lpush5,1000000,839154.31
1889,lrange5,1000000,1267427.12
1890,lpush5,1000000,831321.75
1890,lrange5,1000000,1253173.00
1891,lpush5,1000000,834201.81
1891,lrange5,1000000,1262787.88
1892,lpush5,1000000,830564.81
1892,lrange5,1000000,1236173.00
1893,lpush5,1000000,834095.06
1893,lrange5,1000000,1282194.88
1894,lpush5,1000000,839670.88
1894,lrange5,1000000,1277139.25
1895,lpush5,1000000,821719.00
1895,lrange5,1000000,1203793.12
1896,lpush5,1000000,830087.94
1896,lrange5,1000000,1192238.38
1897,lpush5,1000000,827143.12
1897,lrange5,1000000,1283840.88
1898,lpush5,1000000,839684.31
1898,lrange5,1000000,1273966.88
1899,lpush5,1000000,832639.50
1899,lrange5,1000000,1156217.38
1900,lpush5,1000000,806503.25
1900,lrange5,1000000,1269198.00
1901,lpush5,1000000,836334.44
1901,lrange5,1000000,1205166.25
1902,lpush5,1000000,832186.31
1902,lrange5,1000000,1277364.00
1903,lpush5,1000000,836967.31
1903,lrange5,1000000,1190800.00
1904,lpush5,1000000,833346.62
1904,lrange5,1000000,1287104.25
1905,lpush5,1000000,834898.19
1905,lrange5,1000000,1251744.62
1906,lpush5,1000000,835595.62
1906,lrange5,1000000,1285511.62
1907,lpush5,1000000,839684.31
1907,lrange5,1000000,1205243.38
1908,lpush5,1000000,841231.25
1908,lrange5,1000000,1282174.38
1909,lpush5,1000000,835609.00
1909,lrange5,1000000,1218202.25
1910,lpush5,1000000,828659.50
1910,lrange5,1000000,1236173.00
1911,lpush5,1000000,836307.69
1911,lrange5,1000000,1269055.88
1912,lpush5,1000000,824441.81
1912,lrange5,1000000,1237643.50
1913,lpush5,1000000,836173.94
1913,lrange5,1000000,1239316.00
1914,lpush5,1000000,823749.62
1914,lrange5,1000000,1285655.50
1915,lpush5,1000000,838330.31
1915,lrange5,1000000,1283697.12
1916,lpush5,1000000,824626.50
1916,lrange5,1000000,1180996.50
1917,lpush5,1000000,849018.69
1917,lrange5,1000000,1192295.62
1918,lpush5,1000000,825095.69
1918,lrange5,1000000,1200518.62
1919,lpush5,1000000,832692.75
1919,lrange5,1000000,1172426.75
1920,lpush5,1000000,827880.81
1920,lrange5,1000000,1261054.25
1921,lpush5,1000000,827129.88
1921,lrange5,1000000,1275612.25
1922,lpush5,1000000,823723.25
1922,lrange5,1000000,1290322.62
1923,lpush5,1000000,837534.31
1923,lrange5,1000000,1272427.50
1924,lpush5,1000000,839738.06
1924,lrange5,1000000,1216700.75
1925,lpush5,1000000,834041.69
1925,lrange5,1000000,1277159.62
1926,lpush5,1000000,824468.25
1926,lrange5,1000000,1234706.12
1927,lpush5,1000000,831361.62
1927,lrange5,1000000,1288721.62
1928,lpush5,1000000,830617.94
1928,lrange5,1000000,1265903.75
1929,lpush5,1000000,830657.81
1929,lrange5,1000000,1288721.62
1930,lpush5,1000000,823802.31
1930,lrange5,1000000,1267589.38
1931,lpush5,1000000,827814.62
1931,lrange5,1000000,1280491.62
1932,lpush5,1000000,824573.75
1932,lrange5,1000000,1273926.12
1933,lpush5,1000000,830631.25
1933,lrange5,1000000,1253132.88
1934,lpush5,1000000,829333.38
1934,lrange5,1000000,1195029.88
1935,lpush5,1000000,831986.69
1935,lrange5,1000000,1225666.75
1936,lpush5,1000000,831255.25
1936,lrange5,1000000,1250180.00
1937,lpush5,1000000,838303.44
1937,lrange5,1000000,1189346.00
1938,lpush5,1000000,829915.31
1938,lrange5,1000000,1278792.88
1939,lpush5,1000000,832772.69
1939,lrange5,1000000,1194896.00
1940,lpush5,1000000,826525.62
1940,lrange5,1000000,1202250.00
1941,lpush5,1000000,833359.94
1941,lrange5,1000000,1265863.25
1942,lpush5,1000000,825201.31
1942,lrange5,1000000,1287001.25
1943,lpush5,1000000,831268.50
1943,lrange5,1000000,1248539.38
1944,lpush5,1000000,828553.44
1944,lrange5,1000000,1259627.12
1945,lpush5,1000000,830644.50
1945,lrange5,1000000,1269238.62
1946,lpush5,1000000,832759.38
1946,lrange5,1000000,1270831.00
1947,lpush5,1000000,838263.25
1947,lrange5,1000000,1269076.12
1948,lpush5,1000000,828513.69
1948,lrange5,1000000,1210808.75
1949,lpush5,1000000,826604.94
1949,lrange5,1000000,1231586.25
1950,lpush5,1000000,835635.75
1950,lrange5,1000000,1278833.75
1951,lpush5,1000000,833359.94
1951,lrange5,1000000,1288701.00
1952,lpush5,1000000,828686.00
1952,lrange5,1000000,1285470.50
1953,lpush5,1000000,833333.31
1953,lrange5,1000000,1265964.50
1954,lpush5,1000000,829373.12
1954,lrange5,1000000,1288845.38
1955,lpush5,1000000,834737.94
1955,lrange5,1000000,1193546.50
1956,lpush5,1000000,835462.00
1956,lrange5,1000000,1285367.62
1957,lpush5,1000000,834911.56
1957,lrange5,1000000,1278936.00
1958,lpush5,1000000,838926.12
1958,lrange5,1000000,1269177.62
1959,lpush5,1000000,834884.81
1959,lrange5,1000000,1264263.00
1960,lpush5,1000000,824586.94
1960,lrange5,1000000,1269035.50
1961,lpush5,1000000,838316.88
1961,lrange5,1000000,1264364.12
1962,lpush5,1000000,832679.44
1962,lrange5,1000000,1207864.75
1963,lpush5,1000000,832759.38
1963,lrange5,1000000,1191895.12
1964,lpush5,1000000,829253.75
1964,lrange5,1000000,1287207.25
1965,lpush5,1000000,833386.62
1965,lrange5,1000000,1258002.50
1966,lpush5,1000000,835528.81
1966,lrange5,1000000,1272447.88
1967,lpush5,1000000,827814.62
1967,lrange5,1000000,1189288.88
1968,lpush5,1000000,831255.25
1968,lrange5,1000000,1197777.25
1969,lpush5,1000000,827235.75
1969,lrange5,1000000,1259526.38
1970,lpush5,1000000,832839.31
1970,lrange5,1000000,1273885.25
1971,lpush5,1000000,832000.00
1971,lrange5,1000000,1267427.12
1972,lpush5,1000000,834818.06
1972,lrange5,1000000,1267630.00
1973,lpush5,1000000,832106.50
1973,lrange5,1000000,1114880.75
1974,lpush5,1000000,819908.19
1974,lrange5,1000000,1243920.38
1975,lpush5,1000000,822434.25
1975,lrange5,1000000,1209480.00
1976,lpush5,1000000,822460.56
1976,lrange5,1000000,1206562.12
1977,lpush5,1000000,820449.56
1977,lrange5,1000000,1203504.25
1978,lpush5,1000000,831441.44
1978,lrange5,1000000,1256281.38
1979,lpush5,1000000,835462.00
1979,lrange5,1000000,1199175.12
1980,lpush5,1000000,828725.75
1980,lrange5,1000000,1277180.12
1981,lpush5,1000000,825254.12
1981,lrange5,1000000,1239256.50
1982,lpush5,1000000,829200.69
1982,lrange5,1000000,1282194.88
1983,lpush5,1000000,816404.88
1983,lrange5,1000000,1269116.75
1984,lpush5,1000000,827880.81
1984,lrange5,1000000,1285408.75
1985,lpush5,1000000,832732.75
1985,lrange5,1000000,1287124.88
1986,lpush5,1000000,829915.31
1986,lrange5,1000000,1270770.00
1987,lpush5,1000000,823723.25
1987,lrange5,1000000,1288659.75
1988,lpush5,1000000,825829.94
1988,lrange5,1000000,1259445.75
1989,lpush5,1000000,823190.12
1989,lrange5,1000000,1285470.50
1990,lpush5,1000000,831428.12
1990,lrange5,1000000,1200518.62
1991,lpush5,1000000,820370.81
1991,lrange5,1000000,1254705.12
1992,lpush5,1000000,830657.81
1992,lrange5,1000000,1202288.38
1993,lpush5,1000000,824428.62
1993,lrange5,1000000,1218143.75
1994,lpush5,1000000,821705.81
1994,lrange5,1000000,1248619.25
1995,lpush5,1000000,831255.25
1995,lrange5,1000000,1243960.12
1996,lpush5,1000000,830087.94
1996,lrange5,1000000,1283861.38
1997,lpush5,1000000,829902.06
1997,lrange5,1000000,1285347.00
1998,lpush5,1000000,831308.44
1998,lrange5,1000000,1240794.00
1999,lpush5,1000000,829928.62
1999,lrange5,1000000,1248639.25
2000,lpush5,1000000,832013.31
2000,lrange5,1000000,1197873.12
