trial,operation,requests,rps
1,lpush5,1000000,797473.69
1,lrange5,1000000,1248579.25
2,lpush5,1000000,772846.94
2,lrange5,1000000,1256502.50
3,lpush5,1000000,814358.25
3,lrange5,1000000,1227150.88
4,lpush5,1000000,805165.88
4,lrange5,1000000,1213592.25
5,lpush5,1000000,775218.62
5,lrange5,1000000,1231546.88
6,lpush5,1000000,791177.19
6,lrange5,1000000,1243980.12
7,lpush5,1000000,809742.50
7,lrange5,1000000,1230051.62
8,lpush5,1000000,807231.69
8,lrange5,1000000,1226993.88
9,lpush5,1000000,821149.38
9,lrange5,1000000,1254905.88
10,lpush5,1000000,815752.06
10,lrange5,1000000,1237623.75
11,lpush5,1000000,816993.50
11,lrange5,1000000,1239177.25
12,lpush5,1000000,813734.75
12,lrange5,1000000,1233203.50
13,lpush5,1000000,811068.94
13,lrange5,1000000,1227013.50
14,lpush5,1000000,816391.81
14,lrange5,1000000,1145585.25
15,lpush5,1000000,772859.31
15,lrange5,1000000,1126162.12
16,lpush5,1000000,761687.75
16,lrange5,1000000,1225490.25
17,lpush5,1000000,811094.88
17,lrange5,1000000,1216681.25
18,lpush5,1000000,816339.56
18,lrange5,1000000,1227092.00
19,lpush5,1000000,779498.06
19,lrange5,1000000,1242434.75
20,lpush5,1000000,822368.44
20,lrange5,1000000,1230012.25
21,lpush5,1000000,813838.94
21,lrange5,1000000,1234587.62
22,lpush5,1000000,803302.81
22,lrange5,1000000,1228501.25
23,lpush5,1000000,819158.12
23,lrange5,1000000,1246882.88
24,lpush5,1000000,814345.25
24,lrange5,1000000,1251784.75
25,lpush5,1000000,782023.44
25,lrange5,1000000,1225804.00
26,lpush5,1000000,811714.31
26,lrange5,1000000,1240813.88
27,lpush5,1000000,809074.50
27,lrange5,1000000,1222591.62
28,lpush5,1000000,813812.88
28,lrange5,1000000,1237722.75
29,lpush5,1000000,817085.00
29,lrange5,1000000,1227013.50
30,lpush5,1000000,815686.81
30,lrange5,1000000,1246962.62
31,lpush5,1000000,813799.88
31,lrange5,1000000,1224127.38
32,lpush5,1000000,793676.19
32,lrange5,1000000,1227092.00
33,lpush5,1000000,815113.31
33,lrange5,1000000,1221020.75
34,lpush5,1000000,807767.31
34,lrange5,1000000,1216739.62
35,lpush5,1000000,794976.12
35,lrange5,1000000,1225725.50
36,lpush5,1000000,809729.56
36,lrange5,1000000,1230091.00
37,lpush5,1000000,807754.44
37,lrange5,1000000,1161458.75
38,lpush5,1000000,808472.12
38,lrange5,1000000,1186353.50
39,lpush5,1000000,809716.56
39,lrange5,1000000,1091703.00
40,lpush5,1000000,813734.75
40,lrange5,1000000,1233045.62
41,lpush5,1000000,803897.12
41,lrange5,1000000,1215086.25
42,lpush5,1000000,815074.19
42,lrange5,1000000,1231665.00
43,lpush5,1000000,813669.69
43,lrange5,1000000,1222669.88
44,lpush5,1000000,807192.94
44,lrange5,1000000,1239296.12
45,lpush5,1000000,821031.19
45,lrange5,1000000,1212334.62
46,lpush5,1000000,780068.69
46,lrange5,1000000,1213747.62
47,lpush5,1000000,823789.12
47,lrange5,1000000,1242573.88
48,lpush5,1000000,816417.94
48,lrange5,1000000,1209305.88
49,lpush5,1000000,805879.06
49,lrange5,1000000,1213650.50
50,lpush5,1000000,798288.88
50,lrange5,1000000,1206369.12
51,lpush5,1000000,807922.44
51,lrange5,1000000,1186600.25
52,lpush5,1000000,801346.12
52,lrange5,1000000,1167290.50
53,lpush5,1000000,797512.00
53,lrange5,1000000,1221235.62
54,lpush5,1000000,789404.94
54,lrange5,1000000,1111235.62
55,lpush5,1000000,794306.62
55,lrange5,1000000,1222493.88
56,lpush5,1000000,790602.38
56,lrange5,1000000,1196287.00
57,lpush5,1000000,793650.81
57,lrange5,1000000,1112347.12
58,lpush5,1000000,804505.19
58,lrange5,1000000,1210847.50
59,lpush5,1000000,800704.56
59,lrange5,1000000,1189060.62
60,lpush5,1000000,785596.25
60,lrange5,1000000,1186429.38
61,lpush5,1000000,800691.81
61,lrange5,1000000,1207787.38
62,lpush5,1000000,801307.69
62,lrange5,1000000,1218241.25
63,lpush5,1000000,791778.31
63,lrange5,1000000,1195068.12
64,lpush5,1000000,751963.88
64,lrange5,1000000,1186239.62
65,lpush5,1000000,793777.81
65,lrange5,1000000,1196248.75
66,lpush5,1000000,780131.06
66,lrange5,1000000,1172501.75
67,lpush5,1000000,801294.88
67,lrange5,1000000,1176489.38
68,lpush5,1000000,807115.44
68,lrange5,1000000,1193336.50
69,lpush5,1000000,793148.25
69,lrange5,1000000,1098901.12
70,lpush5,1000000,780056.19
70,lrange5,1000000,1186315.50
71,lpush5,1000000,772797.50
71,lrange5,1000000,1207768.12
72,lpush5,1000000,743494.44
72,lrange5,1000000,1203408.00
73,lpush5,1000000,813099.19
73,lrange5,1000000,1157481.50
74,lpush5,1000000,791139.19
74,lrange5,1000000,1215183.50
75,lpush5,1000000,772237.88
75,lrange5,1000000,1189136.75
76,lpush5,1000000,768110.56
76,lrange5,1000000,1189155.75
77,lpush5,1000000,805814.62
77,lrange5,1000000,1242375.12
78,lpush5,1000000,799386.06
78,lrange5,1000000,1233242.88
79,lpush5,1000000,800000.00
79,lrange5,1000000,1119838.75
80,lpush5,1000000,792469.12
80,lrange5,1000000,1203581.25
81,lpush5,1000000,811133.81
81,lrange5,1000000,1228658.50
82,lpush5,1000000,787439.38
82,lrange5,1000000,1227033.12
83,lpush5,1000000,796876.50
83,lrange5,1000000,1209286.50
84,lpush5,1000000,798110.12
84,lrange5,1000000,1216564.38
85,lpush5,1000000,809755.44
85,lrange5,1000000,1197834.75
86,lpush5,1000000,809061.50
86,lrange5,1000000,1239296.12
87,lpush5,1000000,809061.50
87,lrange5,1000000,1253193.00
88,lpush5,1000000,776459.62
88,lrange5,1000000,1197624.00
89,lpush5,1000000,793676.19
89,lrange5,1000000,1230110.62
90,lpush5,1000000,798747.62
90,lrange5,1000000,1212218.25
91,lpush5,1000000,781923.38
91,lrange5,1000000,1230110.62
92,lpush5,1000000,811779.25
92,lrange5,1000000,1239276.38
93,lpush5,1000000,795646.81
93,lrange5,1000000,1228501.25
94,lpush5,1000000,789266.00
94,lrange5,1000000,1242255.88
95,lpush5,1000000,805153.00
95,lrange5,1000000,1204857.88
96,lpush5,1000000,775193.81
96,lrange5,1000000,1117318.50
97,lpush5,1000000,768725.62
97,lrange5,1000000,1233262.62
98,lpush5,1000000,793701.56
98,lrange5,1000000,1196210.50
99,lpush5,1000000,803354.19
99,lrange5,1000000,1199175.12
100,lpush5,1000000,805814.62
100,lrange5,1000000,1207903.38
101,lpush5,1000000,781275.00
101,lrange5,1000000,1233203.50
102,lpush5,1000000,803225.69
102,lrange5,1000000,1231704.50
103,lpush5,1000000,806606.44
103,lrange5,1000000,1215125.12
104,lpush5,1000000,786188.69
104,lrange5,1000000,1225490.25
105,lpush5,1000000,778235.06
105,lrange5,1000000,1215202.88
106,lpush5,1000000,808433.31
106,lrange5,1000000,1221020.75
107,lpush5,1000000,778841.12
107,lrange5,1000000,1100286.00
108,lpush5,1000000,791841.62
108,lrange5,1000000,1210731.25
109,lpush5,1000000,783824.44
109,lrange5,1000000,1207845.38
110,lpush5,1000000,800679.00
110,lrange5,1000000,1227131.25
111,lpush5,1000000,791854.31
111,lrange5,1000000,1050437.00
112,lpush5,1000000,807205.81
112,lrange5,1000000,1221059.88
113,lpush5,1000000,807102.50
113,lrange5,1000000,1157574.00
114,lpush5,1000000,741337.31
114,lrange5,1000000,1210673.12
115,lpush5,1000000,819672.12
115,lrange5,1000000,1228599.50
116,lpush5,1000000,801448.69
116,lrange5,1000000,1218026.88
117,lpush5,1000000,778841.12
117,lrange5,1000000,1240734.50
118,lpush5,1000000,810515.44
118,lrange5,1000000,1243840.75
119,lpush5,1000000,800038.38
119,lrange5,1000000,1230130.38
120,lpush5,1000000,813825.88
120,lrange5,1000000,1236133.50
121,lpush5,1000000,809794.31
121,lrange5,1000000,1236173.00
122,lpush5,1000000,795595.88
122,lrange5,1000000,1175407.75
123,lpush5,1000000,811081.88
123,lrange5,1000000,1247002.50
124,lpush5,1000000,802568.19
124,lrange5,1000000,947030.31
125,lpush5,1000000,803871.44
125,lrange5,1000000,1233124.50
126,lpush5,1000000,809716.56
126,lrange5,1000000,1234646.88
127,lpush5,1000000,793160.94
127,lrange5,1000000,1164144.38
128,lpush5,1000000,793249.75
128,lrange5,1000000,1178007.12
129,lpush5,1000000,811133.81
129,lrange5,1000000,1228520.88
130,lpush5,1000000,786819.81
130,lrange5,1000000,1222513.38
131,lpush5,1000000,805840.44
131,lrange5,1000000,1202000.00
132,lpush5,1000000,809139.19
132,lrange5,1000000,1179320.75
133,lpush5,1000000,799462.81
133,lrange5,1000000,1206349.88
134,lpush5,1000000,796229.25
134,lrange5,1000000,1224088.12
135,lpush5,1000000,819053.25
135,lrange5,1000000,1243980.12
136,lpush5,1000000,783699.06
136,lrange5,1000000,1234567.88
137,lpush5,1000000,786807.25
137,lrange5,1000000,1225705.88
138,lpush5,1000000,815035.06
138,lrange5,1000000,1207826.12
139,lpush5,1000000,776496.88
139,lrange5,1000000,1049351.50
140,lpush5,1000000,817071.94
140,lrange5,1000000,1207903.38
141,lpush5,1000000,803910.00
141,lrange5,1000000,1207942.00
142,lpush5,1000000,805801.75
142,lrange5,1000000,1239276.38
143,lpush5,1000000,803974.31
143,lrange5,1000000,1227092.00
144,lpush5,1000000,806529.00
144,lrange5,1000000,1209402.62
145,lpush5,1000000,800679.00
145,lrange5,1000000,1225529.38
146,lpush5,1000000,811727.25
146,lrange5,1000000,1200595.38
147,lpush5,1000000,807793.19
147,lrange5,1000000,1178063.62
148,lpush5,1000000,779423.25
148,lrange5,1000000,1212160.00
149,lpush5,1000000,809729.56
149,lrange5,1000000,1228501.25
150,lpush5,1000000,806464.50
150,lrange5,1000000,1206369.12
151,lpush5,1000000,815726.00
151,lrange5,1000000,1215300.12
152,lpush5,1000000,799386.06
152,lrange5,1000000,1237623.75
153,lpush5,1000000,791253.12
153,lrange5,1000000,1176545.88
154,lpush5,1000000,789379.69
154,lrange5,1000000,1242275.75
155,lpush5,1000000,759914.88
155,lrange5,1000000,1113763.88
156,lpush5,1000000,781262.50
156,lrange5,1000000,1215105.75
157,lpush5,1000000,795659.50
157,lrange5,1000000,1177856.38
158,lpush5,1000000,796178.31
158,lrange5,1000000,1221157.50
159,lpush5,1000000,803405.62
159,lrange5,1000000,1240774.25
160,lpush5,1000000,772822.25
160,lrange5,1000000,1202057.62
161,lpush5,1000000,780677.56
161,lrange5,1000000,1213708.75
162,lpush5,1000000,806464.50
162,lrange5,1000000,1234725.88
163,lpush5,1000000,804621.06
163,lrange5,1000000,1218319.12
164,lpush5,1000000,817006.56
164,lrange5,1000000,1212354.00
165,lpush5,1000000,784401.56
165,lrange5,1000000,1219570.75
166,lpush5,1000000,794382.88
166,lrange5,1000000,1230150.00
167,lpush5,1000000,812347.75
167,lrange5,1000000,1239157.38
168,lpush5,1000000,773993.75
168,lrange5,1000000,1213592.25
169,lpush5,1000000,805866.19
169,lrange5,1000000,1199309.38
170,lpush5,1000000,783135.50
170,lrange5,1000000,1193470.12
171,lpush5,1000000,769280.00
171,lrange5,1000000,1193336.50
172,lpush5,1000000,792431.06
172,lrange5,1000000,1212160.00
173,lpush5,1000000,804621.06
173,lrange5,1000000,1218182.75
174,lpush5,1000000,811844.19
174,lrange5,1000000,1222787.25
175,lpush5,1000000,795557.69
175,lrange5,1000000,1190476.25
176,lpush5,1000000,795001.56
176,lrange5,1000000,1158767.12
177,lpush5,1000000,777025.69
177,lrange5,1000000,1218221.75
178,lpush5,1000000,758725.38
178,lrange5,1000000,1244059.62
179,lpush5,1000000,797486.50
179,lrange5,1000000,1123757.38
180,lpush5,1000000,773469.44
180,lrange5,1000000,1153605.50
181,lpush5,1000000,788072.44
181,lrange5,1000000,1206504.25
182,lpush5,1000000,784389.06
182,lrange5,1000000,1209247.88
183,lpush5,1000000,800768.62
183,lrange5,1000000,1213611.62
184,lpush5,1000000,793084.81
184,lrange5,1000000,1245569.12
185,lpush5,1000000,789329.12
185,lrange5,1000000,1172501.75
186,lpush5,1000000,789914.69
186,lrange5,1000000,1187686.50
187,lpush5,1000000,779423.25
187,lrange5,1000000,1180713.12
188,lpush5,1000000,773395.19
188,lrange5,1000000,1227249.12
189,lpush5,1000000,777025.69
189,lrange5,1000000,1173802.88
190,lpush5,1000000,802052.94
190,lrange5,1000000,1225549.00
191,lpush5,1000000,806567.75
191,lrange5,1000000,1225686.25
192,lpush5,1000000,796927.50
192,lrange5,1000000,1224127.38
193,lpush5,1000000,746352.25
193,lrange5,1000000,1135073.75
194,lpush5,1000000,766393.88
194,lrange5,1000000,1184985.75
195,lpush5,1000000,798785.94
195,lrange5,1000000,1202076.88
196,lpush5,1000000,805153.00
196,lrange5,1000000,1225568.62
197,lpush5,1000000,807115.44
197,lrange5,1000000,1179339.62
198,lpush5,1000000,796305.69
198,lrange5,1000000,1202057.62
199,lpush5,1000000,798122.88
199,lrange5,1000000,1233045.62
200,lpush5,1000000,809988.62
200,lrange5,1000000,1222630.75
201,lpush5,1000000,811740.25
201,lrange5,1000000,1221196.62
202,lpush5,1000000,803871.44
202,lrange5,1000000,1233183.75
203,lpush5,1000000,793688.88
203,lrange5,1000000,1203446.50
204,lpush5,1000000,807218.75
204,lrange5,1000000,1215066.75
205,lpush5,1000000,793688.88
205,lrange5,1000000,1215358.38
206,lpush5,1000000,803328.50
206,lrange5,1000000,1202019.25
207,lpush5,1000000,791139.19
207,lrange5,1000000,1143021.75
208,lpush5,1000000,800743.00
208,lrange5,1000000,1230091.00
209,lpush5,1000000,801282.06
209,lrange5,1000000,1207787.38
210,lpush5,1000000,805866.19
210,lrange5,1000000,1242355.25
211,lpush5,1000000,815739.00
211,lrange5,1000000,1237623.75
212,lpush5,1000000,801924.62
212,lrange5,1000000,1236153.25
213,lpush5,1000000,805217.38
213,lrange5,1000000,1208038.62
214,lpush5,1000000,791803.62
214,lrange5,1000000,1193412.88
215,lpush5,1000000,796825.50
215,lrange5,1000000,1230228.75
216,lpush5,1000000,803871.44
216,lrange5,1000000,1228599.50
217,lpush5,1000000,808459.19
217,lrange5,1000000,1209305.88
218,lpush5,1000000,789341.75
218,lrange5,1000000,1193489.25
219,lpush5,1000000,808485.06
219,lrange5,1000000,1233045.62
220,lpush5,1000000,789939.94
220,lrange5,1000000,1248539.38
221,lpush5,1000000,813760.81
221,lrange5,1000000,1221255.12
222,lpush5,1000000,819698.31
222,lrange5,1000000,1224166.50
223,lpush5,1000000,800691.81
223,lrange5,1000000,1199079.12
224,lpush5,1000000,772908.81
224,lrange5,1000000,1082285.62
225,lpush5,1000000,799411.62
225,lrange5,1000000,1207748.75
226,lpush5,1000000,801358.94
226,lrange5,1000000,1121183.88
227,lpush5,1000000,803974.31
227,lrange5,1000000,1200518.62
228,lpush5,1000000,778841.12
228,lrange5,1000000,1223990.25
229,lpush5,1000000,794408.31
229,lrange5,1000000,1219570.75
230,lpush5,1000000,805165.88
230,lrange5,1000000,1207806.75
231,lpush5,1000000,791265.81
231,lrange5,1000000,1191952.38
232,lpush5,1000000,805801.75
232,lrange5,1000000,1216759.12
233,lpush5,1000000,792393.06
233,lrange5,1000000,1203542.75
234,lpush5,1000000,798135.69
234,lrange5,1000000,1213805.88
235,lpush5,1000000,785621.38
235,lrange5,1000000,1221196.62
236,lpush5,1000000,801924.62
236,lrange5,1000000,1230287.75
237,lpush5,1000000,801384.62
237,lrange5,1000000,1169590.62
238,lpush5,1000000,805268.94
238,lrange5,1000000,1202153.88
239,lpush5,1000000,789316.50
239,lrange5,1000000,1222826.38
240,lpush5,1000000,804569.56
240,lrange5,1000000,1237722.75
241,lpush5,1000000,798734.81
241,lrange5,1000000,1227268.75
242,lpush5,1000000,807844.88
242,lrange5,1000000,1212237.62
243,lpush5,1000000,813760.81
243,lrange5,1000000,1191914.25
244,lpush5,1000000,810424.69
244,lrange5,1000000,1215144.62
245,lpush5,1000000,791164.50
245,lrange5,1000000,1193699.25
246,lpush5,1000000,806477.44
246,lrange5,1000000,1140342.12
247,lpush5,1000000,805904.88
247,lrange5,1000000,1162995.38
248,lpush5,1000000,795570.44
248,lrange5,1000000,1233045.62
249,lpush5,1000000,793084.81
249,lrange5,1000000,1189117.75
250,lpush5,1000000,791930.31
250,lrange5,1000000,1209189.75
251,lpush5,1000000,800064.00
251,lrange5,1000000,1210770.00
252,lpush5,1000000,788694.00
252,lrange5,1000000,1209441.38
253,lpush5,1000000,810398.75
253,lrange5,1000000,1213805.88
254,lpush5,1000000,801963.12
254,lrange5,1000000,1231586.25
255,lpush5,1000000,814423.44
255,lrange5,1000000,1221001.25
256,lpush5,1000000,796178.31
256,lrange5,1000000,1219648.75
257,lpush5,1000000,801282.06
257,lrange5,1000000,1204838.62
258,lpush5,1000000,802568.19
258,lrange5,1000000,1210653.75
259,lpush5,1000000,790564.44
259,lrange5,1000000,1207884.00
260,lpush5,1000000,811055.94
260,lrange5,1000000,1143021.75
261,lpush5,1000000,768172.00
261,lrange5,1000000,1175219.75
262,lpush5,1000000,787464.56
262,lrange5,1000000,1216564.38
263,lpush5,1000000,805191.62
263,lrange5,1000000,1187762.50
264,lpush5,1000000,796825.50
264,lrange5,1000000,1210944.38
265,lpush5,1000000,788047.25
265,lrange5,1000000,1130033.88
266,lpush5,1000000,726790.69
266,lrange5,1000000,1149517.25
267,lpush5,1000000,781312.50
267,lrange5,1000000,1090530.00
268,lpush5,1000000,770477.69
268,lrange5,1000000,1095465.50
269,lpush5,1000000,778272.38
269,lrange5,1000000,1215105.75
270,lpush5,1000000,781337.50
270,lrange5,1000000,979557.25
271,lpush5,1000000,781923.38
271,lrange5,1000000,1216603.38
272,lpush5,1000000,783085.38
272,lrange5,1000000,1191990.50
273,lpush5,1000000,784376.50
273,lrange5,1000000,1187667.50
274,lpush5,1000000,814384.31
274,lrange5,1000000,1210770.00
275,lpush5,1000000,810385.75
275,lrange5,1000000,1231724.12
276,lpush5,1000000,802632.38
276,lrange5,1000000,1241091.88
277,lpush5,1000000,813825.88
277,lrange5,1000000,1219648.75
278,lpush5,1000000,798148.44
278,lrange5,1000000,1203581.25
279,lpush5,1000000,788022.06
279,lrange5,1000000,1223990.25
280,lpush5,1000000,807180.00
280,lrange5,1000000,1224166.50
281,lpush5,1000000,819013.94
281,lrange5,1000000,1207768.12
282,lpush5,1000000,794976.12
282,lrange5,1000000,1157425.88
283,lpush5,1000000,807793.19
283,lrange5,1000000,1234646.88
284,lpush5,1000000,815791.25
284,lrange5,1000000,1228697.75
285,lpush5,1000000,805814.62
285,lrange5,1000000,1224088.12
286,lpush5,1000000,813164.19
286,lrange5,1000000,1240833.75
287,lpush5,1000000,804505.19
287,lrange5,1000000,1213611.62
288,lpush5,1000000,797512.00
288,lrange5,1000000,1230110.62
289,lpush5,1000000,817739.94
289,lrange5,1000000,1197777.25
290,lpush5,1000000,800140.81
290,lrange5,1000000,1240853.62
291,lpush5,1000000,808407.44
291,lrange5,1000000,1213708.75
292,lpush5,1000000,807754.44
292,lrange5,1000000,1199079.12
293,lpush5,1000000,815008.94
293,lrange5,1000000,1202096.12
294,lpush5,1000000,800012.81
294,lrange5,1000000,1223990.25
295,lpush5,1000000,803225.69
295,lrange5,1000000,1242255.88
296,lpush5,1000000,813112.19
296,lrange5,1000000,1224107.75
297,lpush5,1000000,796191.06
297,lrange5,1000000,1206504.25
298,lpush5,1000000,805879.06
298,lrange5,1000000,1218026.88
299,lpush5,1000000,755918.38
299,lrange5,1000000,1047288.00
300,lpush5,1000000,762317.06
300,lrange5,1000000,1203388.75
301,lpush5,1000000,754813.56
301,lrange5,1000000,1209267.25
302,lpush5,1000000,763954.12
302,lrange5,1000000,1251624.50
303,lpush5,1000000,769884.50
303,lrange5,1000000,1108753.88
304,lpush5,1000000,788059.88
304,lrange5,1000000,1209247.88
305,lpush5,1000000,809781.38
305,lrange5,1000000,1203427.25
306,lpush5,1000000,771666.69
306,lrange5,1000000,1061588.12
307,lpush5,1000000,807102.50
307,lrange5,1000000,1197853.88
308,lpush5,1000000,815008.94
308,lrange5,1000000,1225490.25
309,lpush5,1000000,799386.06
309,lrange5,1000000,1165631.75
310,lpush5,1000000,799424.44
310,lrange5,1000000,1187819.50
311,lpush5,1000000,797460.94
311,lrange5,1000000,1236252.12
312,lpush5,1000000,805333.38
312,lrange5,1000000,1210653.75
313,lpush5,1000000,807780.25
313,lrange5,1000000,1176564.62
314,lpush5,1000000,779460.62
314,lrange5,1000000,1182241.12
315,lpush5,1000000,805178.75
315,lrange5,1000000,1239216.88
316,lpush5,1000000,793663.50
316,lrange5,1000000,1202076.88
317,lpush5,1000000,807831.94
317,lrange5,1000000,1233242.88
318,lpush5,1000000,788198.56
318,lrange5,1000000,1136527.25
319,lpush5,1000000,738611.56
319,lrange5,1000000,1225627.50
320,lpush5,1000000,784414.12
320,lrange5,1000000,1196363.62
321,lpush5,1000000,773481.81
321,lrange5,1000000,1203465.75
322,lpush5,1000000,792418.38
322,lrange5,1000000,1153568.62
323,lpush5,1000000,799513.94
323,lrange5,1000000,1179377.38
324,lpush5,1000000,784414.12
324,lrange5,1000000,1200633.88
325,lpush5,1000000,800679.00
325,lrange5,1000000,1213728.12
326,lpush5,1000000,807192.94
326,lrange5,1000000,1187762.50
327,lpush5,1000000,790551.81
327,lrange5,1000000,1215358.38
328,lpush5,1000000,755990.94
328,lrange5,1000000,1230032.00
329,lpush5,1000000,788668.75
329,lrange5,1000000,1221196.62
330,lpush5,1000000,795001.56
330,lrange5,1000000,1204935.00
331,lpush5,1000000,796178.31
331,lrange5,1000000,1207748.75
332,lpush5,1000000,780156.06
332,lrange5,1000000,1187800.50
333,lpush5,1000000,788110.31
333,lrange5,1000000,1213786.38
334,lpush5,1000000,805204.50
334,lrange5,1000000,1183431.88
335,lpush5,1000000,803251.38
335,lrange5,1000000,1187895.50
336,lpush5,1000000,795697.69
336,lrange5,1000000,1201942.25
337,lpush5,1000000,778828.62
337,lrange5,1000000,1212121.25
338,lpush5,1000000,793110.19
338,lrange5,1000000,1191990.50
339,lpush5,1000000,797537.50
339,lrange5,1000000,1222611.25
340,lpush5,1000000,794988.88
340,lrange5,1000000,1213902.88
341,lpush5,1000000,800717.38
341,lrange5,1000000,1225549.00
342,lpush5,1000000,795570.44
342,lrange5,1000000,1206446.38
343,lpush5,1000000,804569.56
343,lrange5,1000000,1164293.38
344,lpush5,1000000,749075.62
344,lrange5,1000000,1207748.75
345,lpush5,1000000,794319.31
345,lrange5,1000000,1179358.50
346,lpush5,1000000,807819.06
346,lrange5,1000000,1225490.25
347,lpush5,1000000,764526.00
347,lrange5,1000000,1187667.50
348,lpush5,1000000,781873.31
348,lrange5,1000000,1185061.62
349,lpush5,1000000,791765.62
349,lrange5,1000000,1172351.75
350,lpush5,1000000,805153.00
350,lrange5,1000000,1218202.25
351,lpush5,1000000,773556.06
351,lrange5,1000000,1212354.00
352,lpush5,1000000,786201.31
352,lrange5,1000000,1237702.88
353,lpush5,1000000,786251.62
353,lrange5,1000000,1180694.25
354,lpush5,1000000,793727.00
354,lrange5,1000000,1218143.75
355,lpush5,1000000,787452.00
355,lrange5,1000000,1199117.50
356,lpush5,1000000,805230.31
356,lrange5,1000000,1180713.12
357,lpush5,1000000,781960.88
357,lrange5,1000000,1157537.00
358,lpush5,1000000,789977.88
358,lrange5,1000000,1203427.25
359,lpush5,1000000,771071.69
359,lrange5,1000000,1176564.62
360,lpush5,1000000,788681.38
360,lrange5,1000000,1173708.88
361,lpush5,1000000,788769.69
361,lrange5,1000000,1172483.00
362,lpush5,1000000,778259.94
362,lrange5,1000000,1177931.75
363,lpush5,1000000,788022.06
363,lrange5,1000000,1212218.25
364,lpush5,1000000,809755.44
364,lrange5,1000000,1190495.25
365,lpush5,1000000,800717.38
365,lrange5,1000000,1231704.50
366,lpush5,1000000,799424.44
366,lrange5,1000000,1193393.75
367,lpush5,1000000,751411.00
367,lrange5,1000000,1216720.12
368,lpush5,1000000,801358.94
368,lrange5,1000000,1206427.00
369,lpush5,1000000,802593.88
369,lrange5,1000000,1189250.88
370,lpush5,1000000,777075.38
370,lrange5,1000000,1215280.62
371,lpush5,1000000,774080.44
371,lrange5,1000000,1190628.62
372,lpush5,1000000,800653.38
372,lrange5,1000000,1207826.12
373,lpush5,1000000,813682.69
373,lrange5,1000000,1210828.12
374,lpush5,1000000,800064.00
374,lrange5,1000000,1216583.88
375,lpush5,1000000,802735.12
375,lrange5,1000000,1203408.00
376,lpush5,1000000,783699.06
376,lrange5,1000000,1186239.62
377,lpush5,1000000,807192.94
377,lrange5,1000000,1207903.38
378,lpush5,1000000,809100.38
378,lrange5,1000000,1202211.50
379,lpush5,1000000,810398.75
379,lrange5,1000000,1215066.75
380,lpush5,1000000,808420.38
380,lrange5,1000000,1204838.62
381,lpush5,1000000,803225.69
381,lrange5,1000000,1189193.75
382,lpush5,1000000,786213.88
382,lrange5,1000000,1212276.38
383,lpush5,1000000,814345.25
383,lrange5,1000000,1222552.50
384,lpush5,1000000,798798.75
384,lrange5,1000000,1227150.88
385,lpush5,1000000,807192.94
385,lrange5,1000000,1186448.38
386,lpush5,1000000,784929.31
386,lrange5,1000000,1041833.38
387,lpush5,1000000,743565.81
387,lrange5,1000000,1250000.00
388,lpush5,1000000,777162.44
388,lrange5,1000000,1237722.75
389,lpush5,1000000,807102.50
389,lrange5,1000000,1233262.62
390,lpush5,1000000,800038.38
390,lrange5,1000000,1218046.38
391,lpush5,1000000,767459.75
391,lrange5,1000000,1096561.38
392,lpush5,1000000,784426.69
392,lrange5,1000000,1202038.38
393,lpush5,1000000,784967.00
393,lrange5,1000000,1142893.75
394,lpush5,1000000,798888.19
394,lrange5,1000000,1240873.50
395,lpush5,1000000,794319.31
395,lrange5,1000000,1197624.00
396,lpush5,1000000,817032.69
396,lrange5,1000000,1237762.38
397,lpush5,1000000,815035.06
397,lrange5,1000000,1240734.50
398,lpush5,1000000,819842.62
398,lrange5,1000000,1204915.62
399,lpush5,1000000,809061.50
399,lrange5,1000000,1194743.12
400,lpush5,1000000,793676.19
400,lrange5,1000000,1219512.25
401,lpush5,1000000,818435.38
401,lrange5,1000000,1236173.00
402,lpush5,1000000,803328.50
402,lrange5,1000000,1190647.62
403,lpush5,1000000,820410.19
403,lrange5,1000000,1239197.00
404,lpush5,1000000,821692.69
404,lrange5,1000000,1205147.00
405,lpush5,1000000,805165.88
405,lrange5,1000000,1245429.62
406,lpush5,1000000,693658.81
406,lrange5,1000000,1072978.50
407,lpush5,1000000,816404.88
407,lrange5,1000000,1245549.25
408,lpush5,1000000,815660.69
408,lrange5,1000000,1231546.88
409,lpush5,1000000,765159.88
409,lrange5,1000000,1189288.88
410,lpush5,1000000,807922.44
410,lrange5,1000000,1222552.50
411,lpush5,1000000,810385.75
411,lrange5,1000000,1227052.75
412,lpush5,1000000,800038.38
412,lrange5,1000000,1237742.50
413,lpush5,1000000,788681.38
413,lrange5,1000000,1254966.12
414,lpush5,1000000,793714.31
414,lrange5,1000000,1221177.00
415,lpush5,1000000,795557.69
415,lrange5,1000000,1193451.12
416,lpush5,1000000,800653.38
416,lrange5,1000000,1212198.75
417,lpush5,1000000,788769.69
417,lrange5,1000000,1228560.12
418,lpush5,1000000,813721.75
418,lrange5,1000000,1225784.38
419,lpush5,1000000,805217.38
419,lrange5,1000000,1221079.38
420,lpush5,1000000,753048.25
420,lrange5,1000000,1122334.50
421,lpush5,1000000,795001.56
421,lrange5,1000000,1219590.25
422,lpush5,1000000,796838.25
422,lrange5,1000000,1148197.50
423,lpush5,1000000,799488.38
423,lrange5,1000000,1222650.38
424,lpush5,1000000,793765.06
424,lrange5,1000000,1218026.88
425,lpush5,1000000,778828.62
425,lrange5,1000000,1240694.75
426,lpush5,1000000,821758.44
426,lrange5,1000000,1227052.75
427,lpush5,1000000,814332.19
427,lrange5,1000000,1236331.25
428,lpush5,1000000,795544.94
428,lrange5,1000000,1067338.38
429,lpush5,1000000,784954.44
429,lrange5,1000000,1233282.38
430,lpush5,1000000,815087.19
430,lrange5,1000000,1213883.50
431,lpush5,1000000,801963.12
431,lrange5,1000000,1044965.50
432,lpush5,1000000,788769.69
432,lrange5,1000000,1196382.75
433,lpush5,1000000,785545.94
433,lrange5,1000000,1228796.00
434,lpush5,1000000,754256.44
434,lrange5,1000000,1225705.88
435,lpush5,1000000,787477.19
435,lrange5,1000000,1182203.25
436,lpush5,1000000,794433.69
436,lrange5,1000000,1193336.50
437,lpush5,1000000,778272.38
437,lrange5,1000000,1231527.12
438,lpush5,1000000,794306.62
438,lrange5,1000000,976562.44
439,lpush5,1000000,505115.16
439,lrange5,1000000,1083441.00
440,lpush5,1000000,713266.81
440,lrange5,1000000,799386.06
441,lpush5,1000000,250863.31
441,lrange5,1000000,515513.38
442,lpush5,1000000,599218.69
442,lrange5,1000000,981385.62
443,lpush5,1000000,741922.81
443,lrange5,1000000,1180637.50
444,lpush5,1000000,663623.12
444,lrange5,1000000,836887.00
445,lpush5,1000000,678447.75
445,lrange5,1000000,1106283.25
446,lpush5,1000000,710777.56
446,lrange5,1000000,1087008.62
447,lpush5,1000000,794332.06
447,lrange5,1000000,1200672.25
448,lpush5,1000000,767472.00
448,lrange5,1000000,1186448.38
449,lpush5,1000000,790539.12
449,lrange5,1000000,1145695.25
450,lpush5,1000000,780131.06
450,lrange5,1000000,1170979.00
451,lpush5,1000000,764709.50
451,lrange5,1000000,1175163.38
452,lpush5,1000000,776447.19
452,lrange5,1000000,994035.75
453,lpush5,1000000,769243.12
453,lrange5,1000000,1233164.00
454,lpush5,1000000,724672.44
454,lrange5,1000000,1102535.88
455,lpush5,1000000,796889.25
455,lrange5,1000000,1233321.88
456,lpush5,1000000,793034.06
456,lrange5,1000000,1239157.38
457,lpush5,1000000,788706.62
457,lrange5,1000000,1224107.75
458,lpush5,1000000,755287.00
458,lrange5,1000000,1193508.38
459,lpush5,1000000,763990.81
459,lrange5,1000000,1077706.88
460,lpush5,1000000,781885.81
460,lrange5,1000000,1200595.38
461,lpush5,1000000,774055.69
461,lrange5,1000000,1200729.88
462,lpush5,1000000,754232.31
462,lrange5,1000000,1203427.25
463,lpush5,1000000,788236.38
463,lrange5,1000000,1230189.38
464,lpush5,1000000,788097.69
464,lrange5,1000000,1142948.62
465,lpush5,1000000,774092.88
465,lrange5,1000000,1228638.75
466,lpush5,1000000,788059.88
466,lrange5,1000000,1200518.62
467,lpush5,1000000,781262.50
467,lrange5,1000000,1207884.00
468,lpush5,1000000,775844.81
468,lrange5,1000000,1222630.75
469,lpush5,1000000,780727.56
469,lrange5,1000000,1230012.25
470,lpush5,1000000,793021.38
470,lrange5,1000000,1197643.12
471,lpush5,1000000,672958.31
471,lrange5,1000000,1083579.62
472,lpush5,1000000,751927.81
472,lrange5,1000000,1225549.00
473,lpush5,1000000,748574.88
473,lrange5,1000000,1161570.25
474,lpush5,1000000,781312.50
474,lrange5,1000000,1197739.00
475,lpush5,1000000,764027.50
475,lrange5,1000000,1233164.00
476,lpush5,1000000,781960.88
476,lrange5,1000000,1202115.38
477,lpush5,1000000,783699.06
477,lrange5,1000000,1237920.75
478,lpush5,1000000,755882.12
478,lrange5,1000000,936344.62
479,lpush5,1000000,756453.81
479,lrange5,1000000,1194743.12
480,lpush5,1000000,782522.69
480,lrange5,1000000,1219570.75
481,lpush5,1000000,783110.44
481,lrange5,1000000,1233104.88
482,lpush5,1000000,793021.38
482,lrange5,1000000,1197719.75
483,lpush5,1000000,783774.25
483,lrange5,1000000,1187648.50
484,lpush5,1000000,784992.12
484,lrange5,1000000,1157629.62
485,lpush5,1000000,790539.12
485,lrange5,1000000,1256301.50
486,lpush5,1000000,794912.56
486,lrange5,1000000,1199079.12
487,lpush5,1000000,791164.50
487,lrange5,1000000,1236153.25
488,lpush5,1000000,778940.81
488,lrange5,1000000,1237742.50
489,lpush5,1000000,786251.62
489,lrange5,1000000,1231645.38
490,lpush5,1000000,794925.25
490,lrange5,1000000,1227111.62
491,lpush5,1000000,796902.00
491,lrange5,1000000,1213669.88
492,lpush5,1000000,775305.44
492,lrange5,1000000,1230051.62
493,lpush5,1000000,792393.06
493,lrange5,1000000,1206465.62
494,lpush5,1000000,772871.69
494,lrange5,1000000,1206349.88
495,lpush5,1000000,762243.88
495,lrange5,1000000,1219629.25
496,lpush5,1000000,784426.69
496,lrange5,1000000,1207942.00
497,lpush5,1000000,788059.88
497,lrange5,1000000,1218026.88
498,lpush5,1000000,765696.81
498,lrange5,1000000,1233223.25
499,lpush5,1000000,789914.69
499,lrange5,1000000,1124877.38
500,lpush5,1000000,784376.50
500,lrange5,1000000,1230032.00
501,lpush5,1000000,789902.06
501,lrange5,1000000,1254865.75
502,lpush5,1000000,786794.62
502,lrange5,1000000,1256542.75
503,lpush5,1000000,795659.50
503,lrange5,1000000,1233065.38
504,lpush5,1000000,792469.12
504,lrange5,1000000,1225588.25
505,lpush5,1000000,790589.75
505,lrange5,1000000,1219590.25
506,lpush5,1000000,794950.69
506,lrange5,1000000,1243960.12
507,lpush5,1000000,780043.69
507,lrange5,1000000,1239157.38
508,lpush5,1000000,785621.38
508,lrange5,1000000,1231586.25
509,lpush5,1000000,791240.50
509,lrange5,1000000,1160130.00
510,lpush5,1000000,786794.62
510,lrange5,1000000,1204896.38
511,lpush5,1000000,776459.62
511,lrange5,1000000,1231684.75
512,lpush5,1000000,783811.88
512,lrange5,1000000,1233321.88
513,lpush5,1000000,791854.31
513,lrange5,1000000,1222728.62
514,lpush5,1000000,775807.56
514,lrange5,1000000,1216778.50
515,lpush5,1000000,785004.69
515,lrange5,1000000,1242255.88
516,lpush5,1000000,777100.25
516,lrange5,1000000,1237643.50
517,lpush5,1000000,801975.94
517,lrange5,1000000,1216564.38
518,lpush5,1000000,790564.44
518,lrange5,1000000,1218104.75
519,lpush5,1000000,787401.56
519,lrange5,1000000,1203465.75
520,lpush5,1000000,772250.19
520,lrange5,1000000,1245449.62
521,lpush5,1000000,781860.81
521,lrange5,1000000,1231606.00
522,lpush5,1000000,794976.12
522,lrange5,1000000,1215436.25
523,lpush5,1000000,779510.50
523,lrange5,1000000,1213747.62
524,lpush5,1000000,783148.06
524,lrange5,1000000,1190533.38
525,lpush5,1000000,792507.12
525,lrange5,1000000,1196344.50
526,lpush5,1000000,798798.75
526,lrange5,1000000,1234745.62
527,lpush5,1000000,793021.38
527,lrange5,1000000,1233065.38
528,lpush5,1000000,785621.38
528,lrange5,1000000,1230209.12
529,lpush5,1000000,788668.75
529,lrange5,1000000,1230071.25
530,lpush5,1000000,792672.00
530,lrange5,1000000,1233045.62
531,lpush5,1000000,795685.00
531,lrange5,1000000,1237821.75
532,lpush5,1000000,795608.62
532,lrange5,1000000,1247022.50
533,lpush5,1000000,791765.62
533,lrange5,1000000,1149609.25
534,lpush5,1000000,778359.56
534,lrange5,1000000,1221020.75
535,lpush5,1000000,777642.31
535,lrange5,1000000,1230150.00
536,lpush5,1000000,790615.00
536,lrange5,1000000,1204838.62
537,lpush5,1000000,790539.12
537,lrange5,1000000,1209267.25
538,lpush5,1000000,780106.12
538,lrange5,1000000,1233045.62
539,lpush5,1000000,784326.31
539,lrange5,1000000,1240813.88
540,lpush5,1000000,798097.38
540,lrange5,1000000,1236370.75
541,lpush5,1000000,764538.25
541,lrange5,1000000,1218085.25
542,lpush5,1000000,788706.62
542,lrange5,1000000,1245389.88
543,lpush5,1000000,775894.50
543,lrange5,1000000,1234666.62
544,lpush5,1000000,783123.00
544,lrange5,1000000,1219590.25
545,lpush5,1000000,778322.19
545,lrange5,1000000,1187857.50
546,lpush5,1000000,790577.06
546,lrange5,1000000,1231665.00
547,lpush5,1000000,793034.06
547,lrange5,1000000,1228540.50
548,lpush5,1000000,787426.81
548,lrange5,1000000,1230032.00
549,lpush5,1000000,793084.81
549,lrange5,1000000,1221040.25
550,lpush5,1000000,786895.31
550,lrange5,1000000,1199060.00
551,lpush5,1000000,790104.25
551,lrange5,1000000,1168467.25
552,lpush5,1000000,791215.12
552,lrange5,1000000,1175200.88
553,lpush5,1000000,784313.75
553,lrange5,1000000,1222611.25
554,lpush5,1000000,784929.31
554,lrange5,1000000,1172370.50
555,lpush5,1000000,783736.69
555,lrange5,1000000,1219551.25
556,lpush5,1000000,766920.25
556,lrange5,1000000,1230110.62
557,lpush5,1000000,759890.56
557,lrange5,1000000,1190495.25
558,lpush5,1000000,772809.88
558,lrange5,1000000,1201980.75
559,lpush5,1000000,789417.56
559,lrange5,1000000,1194743.12
560,lpush5,1000000,765196.62
560,lrange5,1000000,1117747.50
561,lpush5,1000000,768701.00
561,lrange5,1000000,1204896.38
562,lpush5,1000000,766320.31
562,lrange5,1000000,1084876.38
563,lpush5,1000000,764003.06
563,lrange5,1000000,1188047.50
564,lpush5,1000000,777075.38
564,lrange5,1000000,1212276.38
565,lpush5,1000000,778853.56
565,lrange5,1000000,1224068.62
566,lpush5,1000000,798237.81
566,lrange5,1000000,1218085.25
567,lpush5,1000000,789392.31
567,lrange5,1000000,1177950.50
568,lpush5,1000000,791816.31
568,lrange5,1000000,1187667.50
569,lpush5,1000000,781910.81
569,lrange5,1000000,1231625.62
570,lpush5,1000000,778247.50
570,lrange5,1000000,1222493.88
571,lpush5,1000000,785571.06
571,lrange5,1000000,1215339.00
572,lpush5,1000000,778816.19
572,lrange5,1000000,1209286.50
573,lpush5,1000000,780043.69
573,lrange5,1000000,1125039.38
574,lpush5,1000000,733196.50
574,lrange5,1000000,1126180.12
575,lpush5,1000000,761724.31
575,lrange5,1000000,1183431.88
576,lpush5,1000000,769847.56
576,lrange5,1000000,1191952.38
577,lpush5,1000000,786845.00
577,lrange5,1000000,1216642.25
578,lpush5,1000000,757672.69
578,lrange5,1000000,1202057.62
579,lpush5,1000000,778272.38
579,lrange5,1000000,1210692.50
580,lpush5,1000000,774704.88
580,lrange5,1000000,1189098.62
581,lpush5,1000000,782547.75
581,lrange5,1000000,1215105.75
582,lpush5,1000000,789889.38
582,lrange5,1000000,1162809.25
583,lpush5,1000000,766381.62
583,lrange5,1000000,1230032.00
584,lpush5,1000000,791879.62
584,lrange5,1000000,1228796.00
585,lpush5,1000000,793650.81
585,lrange5,1000000,1225490.25
586,lpush5,1000000,776397.50
586,lrange5,1000000,1230189.38
587,lpush5,1000000,777087.81
587,lrange5,1000000,1206369.12
588,lpush5,1000000,772797.50
588,lrange5,1000000,1231625.62
589,lpush5,1000000,791841.62
589,lrange5,1000000,1204973.50
590,lpush5,1000000,785583.69
590,lrange5,1000000,1238019.75
591,lpush5,1000000,791177.19
591,lrange5,1000000,1230169.75
592,lpush5,1000000,790513.81
592,lrange5,1000000,1236093.88
593,lpush5,1000000,790577.06
593,lrange5,1000000,1225745.12
594,lpush5,1000000,784992.12
594,lrange5,1000000,1240694.75
595,lpush5,1000000,788034.62
595,lrange5,1000000,1209383.25
596,lpush5,1000000,764574.94
596,lrange5,1000000,1212276.38
597,lpush5,1000000,791215.12
597,lrange5,1000000,1222493.88
598,lpush5,1000000,786970.88
598,lrange5,1000000,1183924.25
599,lpush5,1000000,772213.12
599,lrange5,1000000,1239296.12
600,lpush5,1000000,755966.75
600,lrange5,1000000,1199155.88
601,lpush5,1000000,754196.06
601,lrange5,1000000,1180788.62
602,lpush5,1000000,773993.75
602,lrange5,1000000,1224225.25
603,lpush5,1000000,772237.88
603,lrange5,1000000,1233223.25
604,lpush5,1000000,785596.25
604,lrange5,1000000,1209247.88
605,lpush5,1000000,782485.12
605,lrange5,1000000,1216564.38
606,lpush5,1000000,766895.69
606,lrange5,1000000,1228579.88
607,lpush5,1000000,770490.00
607,lrange5,1000000,1182052.00
608,lpush5,1000000,795608.62
608,lrange5,1000000,1225568.62
609,lpush5,1000000,774593.31
609,lrange5,1000000,1187743.50
610,lpush5,1000000,770428.38
610,lrange5,1000000,1222493.88
611,lpush5,1000000,762788.69
611,lrange5,1000000,1216700.75
612,lpush5,1000000,786226.44
612,lrange5,1000000,1222650.38
613,lpush5,1000000,772237.88
613,lrange5,1000000,1210711.88
614,lpush5,1000000,766283.56
614,lrange5,1000000,1206291.88
615,lpush5,1000000,781935.88
615,lrange5,1000000,1190495.25
616,lpush5,1000000,785092.56
616,lrange5,1000000,1209286.50
617,lpush5,1000000,768221.19
617,lrange5,1000000,1213786.38
618,lpush5,1000000,759435.06
618,lrange5,1000000,1160092.88
619,lpush5,1000000,785621.38
619,lrange5,1000000,1218046.38
620,lpush5,1000000,783085.38
620,lrange5,1000000,1175088.12
621,lpush5,1000000,784954.44
621,lrange5,1000000,1153827.00
622,lpush5,1000000,791778.31
622,lrange5,1000000,1199194.25
623,lpush5,1000000,774593.31
623,lrange5,1000000,1206446.38
624,lpush5,1000000,773419.94
624,lrange5,1000000,1196172.25
625,lpush5,1000000,789952.56
625,lrange5,1000000,1212237.62
626,lpush5,1000000,778878.50
626,lrange5,1000000,1234785.12
627,lpush5,1000000,784464.31
627,lrange5,1000000,1225549.00
628,lpush5,1000000,788059.88
628,lrange5,1000000,1227131.25
629,lpush5,1000000,751314.81
629,lrange5,1000000,1210692.50
630,lpush5,1000000,779435.69
630,lrange5,1000000,1227013.50
631,lpush5,1000000,791240.50
631,lrange5,1000000,1207748.75
632,lpush5,1000000,771679.00
632,lrange5,1000000,1244019.88
633,lpush5,1000000,795557.69
633,lrange5,1000000,1237663.38
634,lpush5,1000000,789914.69
634,lrange5,1000000,1245369.88
635,lpush5,1000000,786201.31
635,lrange5,1000000,1215416.75
636,lpush5,1000000,775844.81
636,lrange5,1000000,1236133.50
637,lpush5,1000000,793021.38
637,lrange5,1000000,1213825.25
638,lpush5,1000000,798798.75
638,lrange5,1000000,1210711.88
639,lpush5,1000000,784992.12
639,lrange5,1000000,1203523.50
640,lpush5,1000000,789266.00
640,lrange5,1000000,1239335.88
641,lpush5,1000000,791841.62
641,lrange5,1000000,1225588.25
642,lpush5,1000000,799360.50
642,lrange5,1000000,1242315.50
643,lpush5,1000000,775206.25
643,lrange5,1000000,1215164.00
644,lpush5,1000000,789889.38
644,lrange5,1000000,1212276.38
645,lpush5,1000000,802001.62
645,lrange5,1000000,1246962.62
646,lpush5,1000000,797460.94
646,lrange5,1000000,1224166.50
647,lpush5,1000000,776447.19
647,lrange5,1000000,1184985.75
648,lpush5,1000000,778259.94
648,lrange5,1000000,1206291.88
649,lpush5,1000000,785696.75
649,lrange5,1000000,1200691.50
650,lpush5,1000000,778915.88
650,lrange5,1000000,1160092.88
651,lpush5,1000000,788744.50
651,lrange5,1000000,1182052.00
652,lpush5,1000000,783711.56
652,lrange5,1000000,1141589.00
653,lpush5,1000000,772324.38
653,lrange5,1000000,1199098.38
654,lpush5,1000000,761120.25
654,lrange5,1000000,1205089.12
655,lpush5,1000000,783123.00
655,lrange5,1000000,1221118.38
656,lpush5,1000000,784363.94
656,lrange5,1000000,1186353.50
657,lpush5,1000000,787414.19
657,lrange5,1000000,1180656.38
658,lpush5,1000000,777716.94
658,lrange5,1000000,1219531.75
659,lpush5,1000000,765709.06
659,lrange5,1000000,1197700.62
660,lpush5,1000000,773432.31
660,lrange5,1000000,1219531.75
661,lpush5,1000000,784941.88
661,lrange5,1000000,1177969.38
662,lpush5,1000000,770416.06
662,lrange5,1000000,1146862.38
663,lpush5,1000000,778990.62
663,lrange5,1000000,1184872.12
664,lpush5,1000000,777617.44
664,lrange5,1000000,1213669.88
665,lpush5,1000000,768688.69
665,lrange5,1000000,1149425.25
666,lpush5,1000000,786882.75
666,lrange5,1000000,1184872.12
667,lpush5,1000000,785633.94
667,lrange5,1000000,1216681.25
668,lpush5,1000000,777629.88
668,lrange5,1000000,1183431.88
669,lpush5,1000000,781898.31
669,lrange5,1000000,1168224.25
670,lpush5,1000000,785545.94
670,lrange5,1000000,1185194.38
671,lpush5,1000000,768639.50
671,lrange5,1000000,1196267.88
672,lpush5,1000000,788706.62
672,lrange5,1000000,1241012.38
673,lpush5,1000000,789952.56
673,lrange5,1000000,1218260.62
674,lpush5,1000000,741910.94
674,lrange5,1000000,1234666.62
675,lpush5,1000000,791765.62
675,lrange5,1000000,1213728.12
676,lpush5,1000000,784451.75
676,lrange5,1000000,1224068.62
677,lpush5,1000000,786276.75
677,lrange5,1000000,1224127.38
678,lpush5,1000000,775807.56
678,lrange5,1000000,1231546.88
679,lpush5,1000000,778928.31
679,lrange5,1000000,1246982.62
680,lpush5,1000000,784351.38
680,lrange5,1000000,1227150.88
681,lpush5,1000000,779485.56
681,lrange5,1000000,1216564.38
682,lpush5,1000000,686835.19
682,lrange5,1000000,1212315.12
683,lpush5,1000000,791151.88
683,lrange5,1000000,1247042.38
684,lpush5,1000000,793122.88
684,lrange5,1000000,1219512.25
685,lpush5,1000000,773395.19
685,lrange5,1000000,1193336.50
686,lpush5,1000000,792405.75
686,lrange5,1000000,1204992.75
687,lpush5,1000000,769255.44
687,lrange5,1000000,1230012.25
688,lpush5,1000000,796254.75
688,lrange5,1000000,1204973.50
689,lpush5,1000000,797448.19
689,lrange5,1000000,1212218.25
690,lpush5,1000000,759963.56
690,lrange5,1000000,1218085.25
691,lpush5,1000000,777150.00
691,lrange5,1000000,1206504.25
692,lpush5,1000000,793714.31
692,lrange5,1000000,1215144.62
693,lpush5,1000000,788110.31
693,lrange5,1000000,1225607.88
694,lpush5,1000000,792431.06
694,lrange5,1000000,1215183.50
695,lpush5,1000000,774593.31
695,lrange5,1000000,1230012.25
696,lpush5,1000000,794344.75
696,lrange5,1000000,1246902.75
697,lpush5,1000000,797486.50
697,lrange5,1000000,1231527.12
698,lpush5,1000000,791816.31
698,lrange5,1000000,1224088.12
699,lpush5,1000000,774068.06
699,lrange5,1000000,1221059.88
700,lpush5,1000000,794988.88
700,lrange5,1000000,1209267.25
701,lpush5,1000000,778210.12
701,lrange5,1000000,1231724.12
702,lpush5,1000000,790577.06
702,lrange5,1000000,1230051.62
703,lpush5,1000000,789291.25
703,lrange5,1000000,1233045.62
704,lpush5,1000000,772995.38
704,lrange5,1000000,1216545.00
705,lpush5,1000000,780765.00
705,lrange5,1000000,1212295.75
706,lpush5,1000000,786163.56
706,lrange5,1000000,1222709.00
707,lpush5,1000000,789952.56
707,lrange5,1000000,1219551.25
708,lpush5,1000000,780143.56
708,lrange5,1000000,1216583.88
709,lpush5,1000000,772834.62
709,lrange5,1000000,1219531.75
710,lpush5,1000000,774642.94
710,lrange5,1000000,1190476.25
711,lpush5,1000000,775255.81
711,lrange5,1000000,1228520.88
712,lpush5,1000000,791867.00
712,lrange5,1000000,1234587.62
713,lpush5,1000000,782510.19
713,lrange5,1000000,1196325.38
714,lpush5,1000000,792393.06
714,lrange5,1000000,1215183.50
715,lpush5,1000000,775218.62
715,lrange5,1000000,1228697.75
716,lpush5,1000000,790526.50
716,lrange5,1000000,1231743.88
717,lpush5,1000000,788656.12
717,lrange5,1000000,1234765.38
718,lpush5,1000000,784954.44
718,lrange5,1000000,1219746.38
719,lpush5,1000000,786163.56
719,lrange5,1000000,1199136.75
720,lpush5,1000000,789952.56
720,lrange5,1000000,1161514.50
721,lpush5,1000000,791765.62
721,lrange5,1000000,1239672.88
722,lpush5,1000000,795001.56
722,lrange5,1000000,1209209.12
723,lpush5,1000000,783862.06
723,lrange5,1000000,1215125.12
724,lpush5,1000000,791151.88
724,lrange5,1000000,1240794.00
725,lpush5,1000000,786794.62
725,lrange5,1000000,1204838.62
726,lpush5,1000000,795544.94
726,lrange5,1000000,1194762.25
727,lpush5,1000000,796863.75
727,lrange5,1000000,1213611.62
728,lpush5,1000000,771604.94
728,lrange5,1000000,1222709.00
729,lpush5,1000000,799360.50
729,lrange5,1000000,1206523.50
730,lpush5,1000000,792418.38
730,lrange5,1000000,1222493.88
731,lpush5,1000000,797550.25
731,lrange5,1000000,1221138.00
732,lpush5,1000000,789266.00
732,lrange5,1000000,1180637.50
733,lpush5,1000000,778322.19
733,lrange5,1000000,1224049.00
734,lpush5,1000000,774593.31
734,lrange5,1000000,1233045.62
735,lpush5,1000000,755857.94
735,lrange5,1000000,1225705.88
736,lpush5,1000000,788085.06
736,lrange5,1000000,1219843.88
737,lpush5,1000000,781262.50
737,lrange5,1000000,1221001.25
738,lpush5,1000000,783123.00
738,lrange5,1000000,1228658.50
739,lpush5,1000000,781312.50
739,lrange5,1000000,1234785.12
740,lpush5,1000000,780043.69
740,lrange5,1000000,1183450.88
741,lpush5,1000000,794950.69
741,lrange5,1000000,1219531.75
742,lpush5,1000000,766895.69
742,lrange5,1000000,1226993.88
743,lpush5,1000000,793727.00
743,lrange5,1000000,1203408.00
744,lpush5,1000000,759313.56
744,lrange5,1000000,1206272.62
745,lpush5,1000000,775906.88
745,lrange5,1000000,1166935.88
746,lpush5,1000000,774667.69
746,lrange5,1000000,1164163.00
747,lpush5,1000000,781923.38
747,lrange5,1000000,1207826.12
748,lpush5,1000000,769255.44
748,lrange5,1000000,1041833.38
749,lpush5,1000000,740334.56
749,lrange5,1000000,1197624.00
750,lpush5,1000000,794950.69
750,lrange5,1000000,1189136.75
751,lpush5,1000000,757587.88
751,lrange5,1000000,1207729.50
752,lpush5,1000000,774642.94
752,lrange5,1000000,1201961.50
753,lpush5,1000000,731540.62
753,lrange5,1000000,1216837.00
754,lpush5,1000000,778235.06
754,lrange5,1000000,1210770.00
755,lpush5,1000000,746826.00
755,lrange5,1000000,1116178.50
756,lpush5,1000000,766969.31
756,lrange5,1000000,1151024.12
757,lpush5,1000000,794293.94
757,lrange5,1000000,1199271.00
758,lpush5,1000000,771170.38
758,lrange5,1000000,1190590.50
759,lpush5,1000000,791215.12
759,lrange5,1000000,1234745.62
760,lpush5,1000000,773469.44
760,lrange5,1000000,1210673.12
761,lpush5,1000000,783135.50
761,lrange5,1000000,1221235.62
762,lpush5,1000000,782497.62
762,lrange5,1000000,1139025.00
763,lpush5,1000000,791930.31
763,lrange5,1000000,1227052.75
764,lpush5,1000000,794963.44
764,lrange5,1000000,1221001.25
765,lpush5,1000000,789902.06
765,lrange5,1000000,1203446.50
766,lpush5,1000000,761095.88
766,lrange5,1000000,1228560.12
767,lpush5,1000000,780118.62
767,lrange5,1000000,1236430.12
768,lpush5,1000000,792431.06
768,lrange5,1000000,1224049.00
769,lpush5,1000000,793790.50
769,lrange5,1000000,1221079.38
770,lpush5,1000000,780640.12
770,lrange5,1000000,1161440.12
771,lpush5,1000000,738623.38
771,lrange5,1000000,1210653.75
772,lpush5,1000000,762861.94
772,lrange5,1000000,1245389.88
773,lpush5,1000000,777000.81
773,lrange5,1000000,1227170.50
774,lpush5,1000000,780093.62
774,lrange5,1000000,1145512.00
775,lpush5,1000000,783223.19
775,lrange5,1000000,1200595.38
776,lpush5,1000000,768086.00
776,lrange5,1000000,1222650.38
777,lpush5,1000000,787464.56
777,lrange5,1000000,1222709.00
778,lpush5,1000000,785558.50
778,lrange5,1000000,1156180.38
779,lpush5,1000000,782510.19
779,lrange5,1000000,1209363.88
780,lpush5,1000000,788643.50
780,lrange5,1000000,1227131.25
781,lpush5,1000000,791854.31
781,lrange5,1000000,1231606.00
782,lpush5,1000000,763603.06
782,lrange5,1000000,1173877.88
783,lpush5,1000000,784338.81
783,lrange5,1000000,1206465.62
784,lpush5,1000000,768098.31
784,lrange5,1000000,1204954.25
785,lpush5,1000000,784313.75
785,lrange5,1000000,1207787.38
786,lpush5,1000000,772896.44
786,lrange5,1000000,1207826.12
787,lpush5,1000000,765807.06
787,lrange5,1000000,1216798.00
788,lpush5,1000000,775820.00
788,lrange5,1000000,1212121.25
789,lpush5,1000000,781250.00
789,lrange5,1000000,1204896.38
790,lpush5,1000000,789977.88
790,lrange5,1000000,1219570.75
791,lpush5,1000000,787426.81
791,lrange5,1000000,1218182.75
792,lpush5,1000000,769316.94
792,lrange5,1000000,1173915.50
793,lpush5,1000000,773032.44
793,lrange5,1000000,1227072.38
794,lpush5,1000000,798161.19
794,lrange5,1000000,1189193.75
795,lpush5,1000000,773419.94
795,lrange5,1000000,1245728.50
796,lpush5,1000000,798199.50
796,lrange5,1000000,1225549.00
797,lpush5,1000000,789291.25
797,lrange5,1000000,1234587.62
798,lpush5,1000000,752589.94
798,lrange5,1000000,1204935.00
799,lpush5,1000000,780677.56
799,lrange5,1000000,1227033.12
800,lpush5,1000000,775795.19
800,lrange5,1000000,1230169.75
801,lpush5,1000000,791189.81
801,lrange5,1000000,1219512.25
802,lpush5,1000000,776459.62
802,lrange5,1000000,1212160.00
803,lpush5,1000000,785558.50
803,lrange5,1000000,1209209.12
804,lpush5,1000000,786807.25
804,lrange5,1000000,1228737.12
805,lpush5,1000000,794938.00
805,lrange5,1000000,1221196.62
806,lpush5,1000000,779460.62
806,lrange5,1000000,1175144.50
807,lpush5,1000000,793021.38
807,lrange5,1000000,1215066.75
808,lpush5,1000000,795001.56
808,lrange5,1000000,1219648.75
809,lpush5,1000000,779523.00
809,lrange5,1000000,1227209.88
810,lpush5,1000000,794357.44
810,lrange5,1000000,1233223.25
811,lpush5,1000000,771604.94
811,lrange5,1000000,1216622.88
812,lpush5,1000000,774605.75
812,lrange5,1000000,1212470.38
813,lpush5,1000000,784967.00
813,lrange5,1000000,1222552.50
814,lpush5,1000000,786794.62
814,lrange5,1000000,1215144.62
815,lpush5,1000000,769822.94
815,lrange5,1000000,1237801.88
816,lpush5,1000000,786276.75
816,lrange5,1000000,1213728.12
817,lpush5,1000000,786276.75
817,lrange5,1000000,1216564.38
818,lpush5,1000000,789939.94
818,lrange5,1000000,1233085.12
819,lpush5,1000000,791189.81
819,lrange5,1000000,1245609.00
820,lpush5,1000000,794370.19
820,lrange5,1000000,1168243.00
821,lpush5,1000000,783849.50
821,lrange5,1000000,1231527.12
822,lpush5,1000000,772299.62
822,lrange5,1000000,1206523.50
823,lpush5,1000000,788694.00
823,lrange5,1000000,1231586.25
824,lpush5,1000000,789927.31
824,lrange5,1000000,1209247.88
825,lpush5,1000000,789316.50
825,lrange5,1000000,1206369.12
826,lpush5,1000000,791151.88
826,lrange5,1000000,1219687.88
827,lpush5,1000000,791879.62
827,lrange5,1000000,1189060.62
828,lpush5,1000000,769280.00
828,lrange5,1000000,1197700.62
829,lpush5,1000000,796914.75
829,lrange5,1000000,1200537.75
830,lpush5,1000000,796178.31
830,lrange5,1000000,1239236.75
831,lpush5,1000000,780093.62
831,lrange5,1000000,1242275.75
832,lpush5,1000000,762243.88
832,lrange5,1000000,1213592.25
833,lpush5,1000000,789977.88
833,lrange5,1000000,1234745.62
834,lpush5,1000000,776409.94
834,lrange5,1000000,1224029.38
835,lpush5,1000000,784979.56
835,lrange5,1000000,1246902.75
836,lpush5,1000000,780106.12
836,lrange5,1000000,1189212.88
837,lpush5,1000000,789430.19
837,lrange5,1000000,1213611.62
838,lpush5,1000000,787401.56
838,lrange5,1000000,1210692.50
839,lpush5,1000000,768061.44
839,lrange5,1000000,1193317.38
840,lpush5,1000000,769230.81
840,lrange5,1000000,1164237.50
841,lpush5,1000000,792443.75
841,lrange5,1000000,1204992.75
842,lpush5,1000000,767533.38
842,lrange5,1000000,1237663.38
843,lpush5,1000000,782522.69
843,lrange5,1000000,1216642.25
844,lpush5,1000000,765184.38
844,lrange5,1000000,1200480.12
845,lpush5,1000000,793110.19
845,lrange5,1000000,1191895.12
846,lpush5,1000000,785671.62
846,lrange5,1000000,1226993.88
847,lpush5,1000000,774667.69
847,lrange5,1000000,1212198.75
848,lpush5,1000000,791803.62
848,lrange5,1000000,1204838.62
849,lpush5,1000000,779460.62
849,lrange5,1000000,1148160.75
850,lpush5,1000000,774055.69
850,lrange5,1000000,1221098.88
851,lpush5,1000000,757624.19
851,lrange5,1000000,1212218.25
852,lpush5,1000000,774068.06
852,lrange5,1000000,1212121.25
853,lpush5,1000000,777025.69
853,lrange5,1000000,1073030.12
854,lpush5,1000000,772250.19
854,lrange5,1000000,1219531.75
855,lpush5,1000000,781860.81
855,lrange5,1000000,1183488.75
856,lpush5,1000000,771617.31
856,lrange5,1000000,1197739.00
857,lpush5,1000000,779460.62
857,lrange5,1000000,1218046.38
858,lpush5,1000000,775231.00
858,lrange5,1000000,1210653.75
859,lpush5,1000000,791303.75
859,lrange5,1000000,1201961.50
860,lpush5,1000000,757648.44
860,lrange5,1000000,1152110.62
861,lpush5,1000000,725724.25
861,lrange5,1000000,1148234.25
862,lpush5,1000000,797460.94
862,lrange5,1000000,1183431.88
863,lpush5,1000000,781923.38
863,lrange5,1000000,1196172.25
864,lpush5,1000000,782010.94
864,lrange5,1000000,1210711.88
865,lpush5,1000000,771716.06
865,lrange5,1000000,1183659.12
866,lpush5,1000000,797499.25
866,lrange5,1000000,1209383.25
867,lpush5,1000000,793072.12
867,lrange5,1000000,1236093.88
868,lpush5,1000000,787477.19
868,lrange5,1000000,1215125.12
869,lpush5,1000000,780168.50
869,lrange5,1000000,1182241.12
870,lpush5,1000000,773407.56
870,lrange5,1000000,1231527.12
871,lpush5,1000000,793790.50
871,lrange5,1000000,1227072.38
872,lpush5,1000000,775193.81
872,lrange5,1000000,1222689.50
873,lpush5,1000000,759410.75
873,lrange5,1000000,1228579.88
874,lpush5,1000000,773543.69
874,lrange5,1000000,1184853.12
875,lpush5,1000000,795646.81
875,lrange5,1000000,1230248.38
876,lpush5,1000000,793059.44
876,lrange5,1000000,1216700.75
877,lpush5,1000000,799386.06
877,lrange5,1000000,1230012.25
878,lpush5,1000000,789266.00
878,lrange5,1000000,1224303.62
879,lpush5,1000000,790551.81
879,lrange5,1000000,1234666.62
880,lpush5,1000000,780031.25
880,lrange5,1000000,1225627.50
881,lpush5,1000000,768701.00
881,lrange5,1000000,1223990.25
882,lpush5,1000000,788059.88
882,lrange5,1000000,1228697.75
883,lpush5,1000000,788744.50
883,lrange5,1000000,1216603.38
884,lpush5,1000000,786782.06
884,lrange5,1000000,1203504.25
885,lpush5,1000000,763941.94
885,lrange5,1000000,1248579.25
886,lpush5,1000000,774117.62
886,lrange5,1000000,1225627.50
887,lpush5,1000000,786163.56
887,lrange5,1000000,1242255.88
888,lpush5,1000000,779435.69
888,lrange5,1000000,1231783.25
889,lpush5,1000000,793714.31
889,lrange5,1000000,1233183.75
890,lpush5,1000000,795761.38
890,lrange5,1000000,1242474.50
891,lpush5,1000000,788034.62
891,lrange5,1000000,1245409.75
892,lpush5,1000000,795595.88
892,lrange5,1000000,1248699.12
893,lpush5,1000000,768737.88
893,lrange5,1000000,1218065.75
894,lpush5,1000000,795595.88
894,lrange5,1000000,1221079.38
895,lpush5,1000000,800691.81
895,lrange5,1000000,1243860.62
896,lpush5,1000000,788059.88
896,lrange5,1000000,1227013.50
897,lpush5,1000000,798747.62
897,lrange5,1000000,1219687.88
898,lpush5,1000000,788022.06
898,lrange5,1000000,1230051.62
899,lpush5,1000000,781375.00
899,lrange5,1000000,1237702.88
900,lpush5,1000000,795583.12
900,lrange5,1000000,1237881.12
901,lpush5,1000000,796254.75
901,lrange5,1000000,1234963.00
902,lpush5,1000000,780093.62
902,lrange5,1000000,1227013.50
903,lpush5,1000000,786907.94
903,lrange5,1000000,1228501.25
904,lpush5,1000000,786794.62
904,lrange5,1000000,1242236.00
905,lpush5,1000000,796191.06
905,lrange5,1000000,1228560.12
906,lpush5,1000000,794912.56
906,lrange5,1000000,1237663.38
907,lpush5,1000000,779498.06
907,lrange5,1000000,1204838.62
908,lpush5,1000000,772225.50
908,lrange5,1000000,1234666.62
909,lpush5,1000000,783148.06
909,lrange5,1000000,1219629.25
910,lpush5,1000000,788656.12
910,lrange5,1000000,1239177.25
911,lpush5,1000000,805307.56
911,lrange5,1000000,1240873.50
912,lpush5,1000000,789278.62
912,lrange5,1000000,1248639.25
913,lpush5,1000000,746826.00
913,lrange5,1000000,1237683.12
914,lpush5,1000000,796812.75
914,lrange5,1000000,1240694.75
915,lpush5,1000000,780031.25
915,lrange5,1000000,1218221.75
916,lpush5,1000000,796229.25
916,lrange5,1000000,1230012.25
917,lpush5,1000000,799386.06
917,lrange5,1000000,1239197.00
918,lpush5,1000000,798161.19
918,lrange5,1000000,1234627.12
919,lpush5,1000000,769884.50
919,lrange5,1000000,1247042.38
920,lpush5,1000000,793663.50
920,lrange5,1000000,1256522.62
921,lpush5,1000000,794976.12
921,lrange5,1000000,1254845.62
922,lpush5,1000000,798734.81
922,lrange5,1000000,1240694.75
923,lpush5,1000000,800717.38
923,lrange5,1000000,1228579.88
924,lpush5,1000000,777679.62
924,lrange5,1000000,1245330.00
925,lpush5,1000000,777716.94
925,lrange5,1000000,1242335.38
926,lpush5,1000000,794950.69
926,lrange5,1000000,1233223.25
927,lpush5,1000000,792494.50
927,lrange5,1000000,1250460.00
928,lpush5,1000000,762329.25
928,lrange5,1000000,1236113.75
929,lpush5,1000000,796851.00
929,lrange5,1000000,1251644.50
930,lpush5,1000000,780677.56
930,lrange5,1000000,1237821.75
931,lpush5,1000000,798122.88
931,lrange5,1000000,1225490.25
932,lpush5,1000000,788047.25
932,lrange5,1000000,1174028.12
933,lpush5,1000000,731599.12
933,lrange5,1000000,1196248.75
934,lpush5,1000000,741337.31
934,lrange5,1000000,1206291.88
935,lpush5,1000000,746897.69
935,lrange5,1000000,1190495.25
936,lpush5,1000000,767533.38
936,lrange5,1000000,1187933.50
937,lpush5,1000000,786882.75
937,lrange5,1000000,1152073.75
938,lpush5,1000000,751903.75
938,lrange5,1000000,1189117.75
939,lpush5,1000000,781860.81
939,lrange5,1000000,1221079.38
940,lpush5,1000000,787515.00
940,lrange5,1000000,1209228.50
941,lpush5,1000000,716014.31
941,lrange5,1000000,1154826.75
942,lpush5,1000000,783774.25
942,lrange5,1000000,1218085.25
943,lpush5,1000000,751879.69
943,lrange5,1000000,1189193.75
944,lpush5,1000000,788034.62
944,lrange5,1000000,1176489.38
945,lpush5,1000000,766895.69
945,lrange5,1000000,1201961.50
946,lpush5,1000000,765745.81
946,lrange5,1000000,1213669.88
947,lpush5,1000000,777741.81
947,lrange5,1000000,1237801.88
948,lpush5,1000000,771629.62
948,lrange5,1000000,1200480.12
949,lpush5,1000000,769921.44
949,lrange5,1000000,1199117.50
950,lpush5,1000000,763407.69
950,lrange5,1000000,1221020.75
951,lpush5,1000000,780081.19
951,lrange5,1000000,1199232.62
952,lpush5,1000000,769822.94
952,lrange5,1000000,1216700.75
953,lpush5,1000000,778210.12
953,lrange5,1000000,1200480.12
954,lpush5,1000000,794976.12
954,lrange5,1000000,1227170.50
955,lpush5,1000000,775218.62
955,lrange5,1000000,1200749.12
956,lpush5,1000000,778878.50
956,lrange5,1000000,1206427.00
957,lpush5,1000000,797512.00
957,lrange5,1000000,1204857.88
958,lpush5,1000000,800807.06
958,lrange5,1000000,1230071.25
959,lpush5,1000000,778953.25
959,lrange5,1000000,1222552.50
960,lpush5,1000000,784929.31
960,lrange5,1000000,1219531.75
961,lpush5,1000000,784389.06
961,lrange5,1000000,1234587.62
962,lpush5,1000000,780640.12
962,lrange5,1000000,1237623.75
963,lpush5,1000000,761724.31
963,lrange5,1000000,1245350.00
964,lpush5,1000000,755287.00
964,lrange5,1000000,1190647.62
965,lpush5,1000000,786251.62
965,lrange5,1000000,1224186.12
966,lpush5,1000000,800653.38
966,lrange5,1000000,1210828.12
967,lpush5,1000000,785545.94
967,lrange5,1000000,1239157.38
968,lpush5,1000000,781935.88
968,lrange5,1000000,1250200.00
969,lpush5,1000000,775931.69
969,lrange5,1000000,1230268.12
970,lpush5,1000000,773993.75
970,lrange5,1000000,1225647.12
971,lpush5,1000000,790564.44
971,lrange5,1000000,1251644.50
972,lpush5,1000000,798135.69
972,lrange5,1000000,1167010.50
973,lpush5,1000000,798110.12
973,lrange5,1000000,1230209.12
974,lpush5,1000000,781985.88
974,lrange5,1000000,1194972.50
975,lpush5,1000000,749721.12
975,lrange5,1000000,1193374.75
976,lpush5,1000000,766344.88
976,lrange5,1000000,1215066.75
977,lpush5,1000000,786882.75
977,lrange5,1000000,1209363.88
978,lpush5,1000000,775869.62
978,lrange5,1000000,1225568.62
979,lpush5,1000000,780118.62
979,lrange5,1000000,1183621.25
980,lpush5,1000000,796331.19
980,lrange5,1000000,1224127.38
981,lpush5,1000000,786782.06
981,lrange5,1000000,1215144.62
982,lpush5,1000000,774030.94
982,lrange5,1000000,1179377.38
983,lpush5,1000000,767570.25
983,lrange5,1000000,1166861.12
984,lpush5,1000000,761035.00
984,lrange5,1000000,1165631.75
985,lpush5,1000000,786276.75
985,lrange5,1000000,1165687.62
986,lpush5,1000000,761095.88
986,lrange5,1000000,1204992.75
987,lpush5,1000000,773432.31
987,lrange5,1000000,1210925.00
988,lpush5,1000000,779610.31
988,lrange5,1000000,1131601.75
989,lpush5,1000000,771084.00
989,lrange5,1000000,1209363.88
990,lpush5,1000000,777766.69
990,lrange5,1000000,1172445.50
991,lpush5,1000000,739098.25
991,lrange5,1000000,1157611.12
992,lpush5,1000000,792507.12
992,lrange5,1000000,1215086.25
993,lpush5,1000000,790615.00
993,lrange5,1000000,1215125.12
994,lpush5,1000000,769304.62
994,lrange5,1000000,1212198.75
995,lpush5,1000000,782472.62
995,lrange5,1000000,1180713.12
996,lpush5,1000000,764003.06
996,lrange5,1000000,1212354.00
997,lpush5,1000000,783160.56
997,lrange5,1000000,1219531.75
998,lpush5,1000000,766332.62
998,lrange5,1000000,1227406.12
999,lpush5,1000000,788110.31
999,lrange5,1000000,1216583.88
1000,lpush5,1000000,783837.00
1000,lrange5,1000000,1127395.62
1001,lpush5,1000000,785558.50
1001,lrange5,1000000,1227013.50
1002,lpush5,1000000,783085.38
1002,lrange5,1000000,1131239.88
1003,lpush5,1000000,777667.19
1003,lrange5,1000000,1204973.50
1004,lpush5,1000000,778903.38
1004,lrange5,1000000,1177856.38
1005,lpush5,1000000,773407.56
1005,lrange5,1000000,1218241.25
1006,lpush5,1000000,782560.25
1006,lrange5,1000000,1197624.00
1007,lpush5,1000000,769835.25
1007,lrange5,1000000,1150784.75
1008,lpush5,1000000,730483.56
1008,lrange5,1000000,1190571.50
1009,lpush5,1000000,770502.31
1009,lrange5,1000000,1179339.62
1010,lpush5,1000000,769835.25
1010,lrange5,1000000,1157481.50
1011,lpush5,1000000,763480.94
1011,lrange5,1000000,1207864.75
1012,lpush5,1000000,771010.00
1012,lrange5,1000000,1233242.88
1013,lpush5,1000000,781910.81
1013,lrange5,1000000,1227013.50
1014,lpush5,1000000,772809.88
1014,lrange5,1000000,1219590.25
1015,lpush5,1000000,771121.00
1015,lrange5,1000000,1265863.25
1016,lpush5,1000000,790028.44
1016,lrange5,1000000,1225588.25
1017,lpush5,1000000,761773.06
1017,lrange5,1000000,1221216.12
1018,lpush5,1000000,794950.69
1018,lrange5,1000000,1207903.38
1019,lpush5,1000000,780640.12
1019,lrange5,1000000,1230169.75
1020,lpush5,1000000,780093.62
1020,lrange5,1000000,1227131.25
1021,lpush5,1000000,690629.88
1021,lrange5,1000000,1100180.50
1022,lpush5,1000000,774043.31
1022,lrange5,1000000,1221079.38
1023,lpush5,1000000,780677.56
1023,lrange5,1000000,1219512.25
1024,lpush5,1000000,788794.94
1024,lrange5,1000000,1236133.50
1025,lpush5,1000000,786782.06
1025,lrange5,1000000,1221157.50
1026,lpush5,1000000,764015.25
1026,lrange5,1000000,1224009.88
1027,lpush5,1000000,793148.25
1027,lrange5,1000000,1242275.75
1028,lpush5,1000000,794281.19
1028,lrange5,1000000,1237663.38
1029,lpush5,1000000,788022.06
1029,lrange5,1000000,1243900.50
1030,lpush5,1000000,795065.19
1030,lrange5,1000000,1231586.25
1031,lpush5,1000000,734226.12
1031,lrange5,1000000,1183602.38
1032,lpush5,1000000,778816.19
1032,lrange5,1000000,1227033.12
1033,lpush5,1000000,798773.19
1033,lrange5,1000000,1251584.50
1034,lpush5,1000000,796838.25
1034,lrange5,1000000,1218124.25
1035,lpush5,1000000,757600.00
1035,lrange5,1000000,1221001.25
1036,lpush5,1000000,780727.56
1036,lrange5,1000000,1203523.50
1037,lpush5,1000000,778866.00
1037,lrange5,1000000,1239236.75
1038,lpush5,1000000,798888.19
1038,lrange5,1000000,1228560.12
1039,lpush5,1000000,780640.12
1039,lrange5,1000000,1224225.25
1040,lpush5,1000000,798084.56
1040,lrange5,1000000,1204935.00
1041,lpush5,1000000,769835.25
1041,lrange5,1000000,1248639.25
1042,lpush5,1000000,788643.50
1042,lrange5,1000000,1254745.25
1043,lpush5,1000000,783799.38
1043,lrange5,1000000,1254986.25
1044,lpush5,1000000,795608.62
1044,lrange5,1000000,1230130.38
1045,lpush5,1000000,769859.88
1045,lrange5,1000000,1160148.50
1046,lpush5,1000000,787426.81
1046,lrange5,1000000,1176489.38
1047,lpush5,1000000,777025.69
1047,lrange5,1000000,1239335.88
1048,lpush5,1000000,768688.69
1048,lrange5,1000000,1234607.38
1049,lpush5,1000000,777667.19
1049,lrange5,1000000,1218026.88
1050,lpush5,1000000,775305.44
1050,lrange5,1000000,1187762.50
1051,lpush5,1000000,789266.00
1051,lrange5,1000000,1213611.62
1052,lpush5,1000000,768762.50
1052,lrange5,1000000,1202307.62
1053,lpush5,1000000,786264.19
1053,lrange5,1000000,1222591.62
1054,lpush5,1000000,785822.44
1054,lrange5,1000000,1222650.38
1055,lpush5,1000000,784363.94
1055,lrange5,1000000,1219590.25
1056,lpush5,1000000,780056.19
1056,lrange5,1000000,1248459.38
1057,lpush5,1000000,789902.06
1057,lrange5,1000000,1248579.25
1058,lpush5,1000000,798199.50
1058,lrange5,1000000,1207748.75
1059,lpush5,1000000,771010.00
1059,lrange5,1000000,1157574.00
1060,lpush5,1000000,782535.19
1060,lrange5,1000000,1203523.50
1061,lpush5,1000000,786264.19
1061,lrange5,1000000,1222552.50
1062,lpush5,1000000,791892.31
1062,lrange5,1000000,1251624.50
1063,lpush5,1000000,787401.56
1063,lrange5,1000000,1209325.25
1064,lpush5,1000000,789367.06
1064,lrange5,1000000,1219570.75
1065,lpush5,1000000,796902.00
1065,lrange5,1000000,1231625.62
1066,lpush5,1000000,792431.06
1066,lrange5,1000000,1216856.38
1067,lpush5,1000000,794319.31
1067,lrange5,1000000,1237683.12
1068,lpush5,1000000,772250.19
1068,lrange5,1000000,1184853.12
1069,lpush5,1000000,775206.25
1069,lrange5,1000000,1215144.62
1070,lpush5,1000000,791778.31
1070,lrange5,1000000,1243920.38
1071,lpush5,1000000,797473.69
1071,lrange5,1000000,1233124.50
1072,lpush5,1000000,796851.00
1072,lrange5,1000000,1215164.00
1073,lpush5,1000000,784941.88
1073,lrange5,1000000,1200633.88
1074,lpush5,1000000,785633.94
1074,lrange5,1000000,1239177.25
1075,lpush5,1000000,792481.81
1075,lrange5,1000000,1224088.12
1076,lpush5,1000000,794912.56
1076,lrange5,1000000,1233124.50
1077,lpush5,1000000,795621.31
1077,lrange5,1000000,1236113.75
1078,lpush5,1000000,796889.25
1078,lrange5,1000000,1204819.25
1079,lpush5,1000000,790513.81
1079,lrange5,1000000,1237722.75
1080,lpush5,1000000,778284.88
1080,lrange5,1000000,1228520.88
1081,lpush5,1000000,781300.00
1081,lrange5,1000000,1270668.38
1082,lpush5,1000000,778259.94
1082,lrange5,1000000,1231625.62
1083,lpush5,1000000,800000.00
1083,lrange5,1000000,1196210.50
1084,lpush5,1000000,794976.12
1084,lrange5,1000000,1213611.62
1085,lpush5,1000000,763954.12
1085,lrange5,1000000,1234864.25
1086,lpush5,1000000,798110.12
1086,lrange5,1000000,1242315.50
1087,lpush5,1000000,781312.50
1087,lrange5,1000000,1200537.75
1088,lpush5,1000000,771170.38
1088,lrange5,1000000,1216564.38
1089,lpush5,1000000,795544.94
1089,lrange5,1000000,1244059.62
1090,lpush5,1000000,774030.94
1090,lrange5,1000000,1183829.50
1091,lpush5,1000000,793714.31
1091,lrange5,1000000,1184853.12
1092,lpush5,1000000,777063.00
1092,lrange5,1000000,1231546.88
1093,lpush5,1000000,793021.38
1093,lrange5,1000000,1251644.50
1094,lpush5,1000000,757575.75
1094,lrange5,1000000,1254926.00
1095,lpush5,1000000,780168.50
1095,lrange5,1000000,1192143.00
1096,lpush5,1000000,773395.19
1096,lrange5,1000000,1240833.75
1097,lpush5,1000000,776484.50
1097,lrange5,1000000,1201942.25
1098,lpush5,1000000,780702.56
1098,lrange5,1000000,1221001.25
1099,lpush5,1000000,783761.75
1099,lrange5,1000000,1213844.62
1100,lpush5,1000000,792418.38
1100,lrange5,1000000,1230012.25
1101,lpush5,1000000,758725.38
1101,lrange5,1000000,1200653.00
1102,lpush5,1000000,784326.31
1102,lrange5,1000000,1202057.62
1103,lpush5,1000000,797512.00
1103,lrange5,1000000,1248619.25
1104,lpush5,1000000,801963.12
1104,lrange5,1000000,1239276.38
1105,lpush5,1000000,802568.19
1105,lrange5,1000000,1197739.00
1106,lpush5,1000000,794988.88
1106,lrange5,1000000,1221196.62
1107,lpush5,1000000,776447.19
1107,lrange5,1000000,1213825.25
1108,lpush5,1000000,781362.50
1108,lrange5,1000000,1230307.50
1109,lpush5,1000000,778990.62
1109,lrange5,1000000,1219687.88
1110,lpush5,1000000,778322.19
1110,lrange5,1000000,1240893.25
1111,lpush5,1000000,790028.44
1111,lrange5,1000000,1236133.50
1112,lpush5,1000000,784929.31
1112,lrange5,1000000,1218182.75
1113,lpush5,1000000,786377.38
1113,lrange5,1000000,1128704.38
1114,lpush5,1000000,777816.50
1114,lrange5,1000000,1215164.00
1115,lpush5,1000000,777741.81
1115,lrange5,1000000,1231527.12
1116,lpush5,1000000,771010.00
1116,lrange5,1000000,1207787.38
1117,lpush5,1000000,783761.75
1117,lrange5,1000000,1175163.38
1118,lpush5,1000000,780131.06
1118,lrange5,1000000,1213592.25
1119,lpush5,1000000,771071.69
1119,lrange5,1000000,1218182.75
1120,lpush5,1000000,788769.69
1120,lrange5,1000000,1221216.12
1121,lpush5,1000000,793135.56
1121,lrange5,1000000,1200557.00
1122,lpush5,1000000,792443.75
1122,lrange5,1000000,1242315.50
1123,lpush5,1000000,793084.81
1123,lrange5,1000000,1236232.38
1124,lpush5,1000000,766332.62
1124,lrange5,1000000,1219512.25
1125,lpush5,1000000,788135.50
1125,lrange5,1000000,1187648.50
1126,lpush5,1000000,768725.62
1126,lrange5,1000000,1209267.25
1127,lpush5,1000000,788022.06
1127,lrange5,1000000,1205031.38
1128,lpush5,1000000,769909.12
1128,lrange5,1000000,1206369.12
1129,lpush5,1000000,780652.62
1129,lrange5,1000000,1172501.75
1130,lpush5,1000000,750199.56
1130,lrange5,1000000,1180694.25
1131,lpush5,1000000,772797.50
1131,lrange5,1000000,1206484.88
1132,lpush5,1000000,782485.12
1132,lrange5,1000000,1134058.88
1133,lpush5,1000000,755857.94
1133,lrange5,1000000,1218046.38
1134,lpush5,1000000,777050.56
1134,lrange5,1000000,1142966.88
1135,lpush5,1000000,791177.19
1135,lrange5,1000000,1169628.00
1136,lpush5,1000000,778841.12
1136,lrange5,1000000,1233262.62
1137,lpush5,1000000,796953.00
1137,lrange5,1000000,1209286.50
1138,lpush5,1000000,775807.56
1138,lrange5,1000000,1167047.88
1139,lpush5,1000000,779435.69
1139,lrange5,1000000,1209209.12
1140,lpush5,1000000,800153.62
1140,lrange5,1000000,1186258.62
1141,lpush5,1000000,787464.56
1141,lrange5,1000000,1248439.50
1142,lpush5,1000000,774068.06
1142,lrange5,1000000,1237841.50
1143,lpush5,1000000,796203.81
1143,lrange5,1000000,1234567.88
1144,lpush5,1000000,794382.88
1144,lrange5,1000000,1236390.62
1145,lpush5,1000000,783223.19
1145,lrange5,1000000,1236093.88
1146,lpush5,1000000,756514.38
1146,lrange5,1000000,1206349.88
1147,lpush5,1000000,783135.50
1147,lrange5,1000000,1222572.12
1148,lpush5,1000000,774642.94
1148,lrange5,1000000,1216545.00
1149,lpush5,1000000,783085.38
1149,lrange5,1000000,1213689.38
1150,lpush5,1000000,780677.56
1150,lrange5,1000000,1231862.12
1151,lpush5,1000000,776409.94
1151,lrange5,1000000,1202038.38
1152,lpush5,1000000,786226.44
1152,lrange5,1000000,1216622.88
1153,lpush5,1000000,780939.88
1153,lrange5,1000000,1228697.75
1154,lpush5,1000000,776472.06
1154,lrange5,1000000,1203696.75
1155,lpush5,1000000,782522.69
1155,lrange5,1000000,1202076.88
1156,lpush5,1000000,791803.62
1156,lrange5,1000000,1221118.38
1157,lpush5,1000000,794344.75
1157,lrange5,1000000,1213611.62
1158,lpush5,1000000,790653.00
1158,lrange5,1000000,1176508.25
1159,lpush5,1000000,769255.44
1159,lrange5,1000000,1144292.88
1160,lpush5,1000000,775844.81
1160,lrange5,1000000,1218026.88
1161,lpush5,1000000,760000.00
1161,lrange5,1000000,1186296.62
1162,lpush5,1000000,788110.31
1162,lrange5,1000000,1215164.00
1163,lpush5,1000000,786289.31
1163,lrange5,1000000,1197777.25
1164,lpush5,1000000,774779.25
1164,lrange5,1000000,1240734.50
1165,lpush5,1000000,797512.00
1165,lrange5,1000000,1219531.75
1166,lpush5,1000000,784992.12
1166,lrange5,1000000,1222591.62
1167,lpush5,1000000,777013.25
1167,lrange5,1000000,1195259.25
1168,lpush5,1000000,760468.44
1168,lrange5,1000000,1206291.88
1169,lpush5,1000000,761047.19
1169,lrange5,1000000,1242275.75
1170,lpush5,1000000,794963.44
1170,lrange5,1000000,1176658.75
1171,lpush5,1000000,765208.88
1171,lrange5,1000000,1231566.50
1172,lpush5,1000000,796191.06
1172,lrange5,1000000,1200537.75
1173,lpush5,1000000,789543.81
1173,lrange5,1000000,1172464.25
1174,lpush5,1000000,778247.50
1174,lrange5,1000000,1224225.25
1175,lpush5,1000000,785017.25
1175,lrange5,1000000,1182089.88
1176,lpush5,1000000,777667.19
1176,lrange5,1000000,1206484.88
1177,lpush5,1000000,754171.94
1177,lrange5,1000000,1208038.62
1178,lpush5,1000000,788744.50
1178,lrange5,1000000,1187648.50
1179,lpush5,1000000,787401.56
1179,lrange5,1000000,1216603.38
1180,lpush5,1000000,777617.44
1180,lrange5,1000000,1222611.25
1181,lpush5,1000000,789914.69
1181,lrange5,1000000,1199040.75
1182,lpush5,1000000,791816.31
1182,lrange5,1000000,1189136.75
1183,lpush5,1000000,787565.38
1183,lrange5,1000000,1253373.50
1184,lpush5,1000000,796242.00
1184,lrange5,1000000,1228599.50
1185,lpush5,1000000,785608.81
1185,lrange5,1000000,1240734.50
1186,lpush5,1000000,780118.62
1186,lrange5,1000000,1219648.75
1187,lpush5,1000000,766932.50
1187,lrange5,1000000,1227092.00
1188,lpush5,1000000,790665.62
1188,lrange5,1000000,1234666.62
1189,lpush5,1000000,778222.56
1189,lrange5,1000000,1231665.00
1190,lpush5,1000000,797524.75
1190,lrange5,1000000,1247062.38
1191,lpush5,1000000,794912.56
1191,lrange5,1000000,1221294.25
1192,lpush5,1000000,788668.75
1192,lrange5,1000000,1237623.75
1193,lpush5,1000000,785054.94
1193,lrange5,1000000,1234587.62
1194,lpush5,1000000,777038.12
1194,lrange5,1000000,1237643.50
1195,lpush5,1000000,793777.81
1195,lrange5,1000000,1233183.75
1196,lpush5,1000000,749661.19
1196,lrange5,1000000,1231527.12
1197,lpush5,1000000,759495.81
1197,lrange5,1000000,1066098.00
1198,lpush5,1000000,768664.12
1198,lrange5,1000000,1242275.75
1199,lpush5,1000000,772287.31
1199,lrange5,1000000,1166991.88
1200,lpush5,1000000,766871.12
1200,lrange5,1000000,1203562.00
1201,lpush5,1000000,777654.75
1201,lrange5,1000000,1091738.00
1202,lpush5,1000000,728932.94
1202,lrange5,1000000,1166954.50
1203,lpush5,1000000,768750.19
1203,lrange5,1000000,1161533.12
1204,lpush5,1000000,786251.62
1204,lrange5,1000000,1210673.12
1205,lpush5,1000000,742390.50
1205,lrange5,1000000,1140250.88
1206,lpush5,1000000,783336.00
1206,lrange5,1000000,1183488.75
1207,lpush5,1000000,746340.25
1207,lrange5,1000000,1189422.12
1208,lpush5,1000000,776447.19
1208,lrange5,1000000,1203388.75
1209,lpush5,1000000,762268.25
1209,lrange5,1000000,1186239.62
1210,lpush5,1000000,740740.75
1210,lrange5,1000000,1186239.62
1211,lpush5,1000000,739204.69
1211,lrange5,1000000,1057184.00
1212,lpush5,1000000,784313.75
1212,lrange5,1000000,1145512.00
1213,lpush5,1000000,780740.06
1213,lrange5,1000000,1221001.25
1214,lpush5,1000000,786276.75
1214,lrange5,1000000,1219531.75
1215,lpush5,1000000,772797.50
1215,lrange5,1000000,1161477.38
1216,lpush5,1000000,721500.69
1216,lrange5,1000000,1168411.25
1217,lpush5,1000000,783185.62
1217,lrange5,1000000,1212644.88
1218,lpush5,1000000,794912.56
1218,lrange5,1000000,1212121.25
1219,lpush5,1000000,779523.00
1219,lrange5,1000000,1225647.12
1220,lpush5,1000000,764623.88
1220,lrange5,1000000,1203485.00
1221,lpush5,1000000,769341.56
1221,lrange5,1000000,1172501.75
1222,lpush5,1000000,772200.81
1222,lrange5,1000000,1175257.38
1223,lpush5,1000000,786163.56
1223,lrange5,1000000,1191952.38
1224,lpush5,1000000,780665.12
1224,lrange5,1000000,1233262.62
1225,lpush5,1000000,789952.56
1225,lrange5,1000000,1170979.00
1226,lpush5,1000000,766369.38
1226,lrange5,1000000,1218026.88
1227,lpush5,1000000,783711.56
1227,lrange5,1000000,1243860.62
1228,lpush5,1000000,783223.19
1228,lrange5,1000000,1221040.25
1229,lpush5,1000000,784326.31
1229,lrange5,1000000,1218143.75
1230,lpush5,1000000,773432.31
1230,lrange5,1000000,1210692.50
1231,lpush5,1000000,767521.12
1231,lrange5,1000000,1234587.62
1232,lpush5,1000000,773432.31
1232,lrange5,1000000,1204838.62
1233,lpush5,1000000,794976.12
1233,lrange5,1000000,1200557.00
1234,lpush5,1000000,788122.88
1234,lrange5,1000000,1218202.25
1235,lpush5,1000000,777025.69
1235,lrange5,1000000,1168280.38
1236,lpush5,1000000,774680.06
1236,lrange5,1000000,1180826.50
1237,lpush5,1000000,779485.56
1237,lrange5,1000000,1230051.62
1238,lpush5,1000000,795014.31
1238,lrange5,1000000,1237643.50
1239,lpush5,1000000,783185.62
1239,lrange5,1000000,1200480.12
1240,lpush5,1000000,778247.50
1240,lrange5,1000000,1242454.62
1241,lpush5,1000000,735364.69
1241,lrange5,1000000,1189117.75
1242,lpush5,1000000,792431.06
1242,lrange5,1000000,1194743.12
1243,lpush5,1000000,767607.06
1243,lrange5,1000000,1142930.25
1244,lpush5,1000000,722578.06
1244,lrange5,1000000,1224146.88
1245,lpush5,1000000,781312.50
1245,lrange5,1000000,1233183.75
1246,lpush5,1000000,782535.19
1246,lrange5,1000000,1236271.88
1247,lpush5,1000000,793688.88
1247,lrange5,1000000,1239276.38
1248,lpush5,1000000,797460.94
1248,lrange5,1000000,1216739.62
1249,lpush5,1000000,792469.12
1249,lrange5,1000000,1215105.75
1250,lpush5,1000000,780068.69
1250,lrange5,1000000,1203639.00
1251,lpush5,1000000,787426.81
1251,lrange5,1000000,1215261.25
1252,lpush5,1000000,772859.31
1252,lrange5,1000000,1218260.62
1253,lpush5,1000000,793021.38
1253,lrange5,1000000,1234666.62
1254,lpush5,1000000,757002.31
1254,lrange5,1000000,1196210.50
1255,lpush5,1000000,783774.25
1255,lrange5,1000000,1240714.62
1256,lpush5,1000000,771629.62
1256,lrange5,1000000,1215105.75
1257,lpush5,1000000,792456.44
1257,lrange5,1000000,1218260.62
1258,lpush5,1000000,796812.75
1258,lrange5,1000000,1206735.88
1259,lpush5,1000000,771629.62
1259,lrange5,1000000,1202057.62
1260,lpush5,1000000,772250.19
1260,lrange5,1000000,1218046.38
1261,lpush5,1000000,789965.25
1261,lrange5,1000000,1227111.62
1262,lpush5,1000000,762898.56
1262,lrange5,1000000,1213902.88
1263,lpush5,1000000,796191.06
1263,lrange5,1000000,1190609.50
1264,lpush5,1000000,797486.50
1264,lrange5,1000000,1231704.50
1265,lpush5,1000000,788643.50
1265,lrange5,1000000,1222493.88
1266,lpush5,1000000,779473.12
1266,lrange5,1000000,1236232.38
1267,lpush5,1000000,800076.81
1267,lrange5,1000000,1212218.25
1268,lpush5,1000000,790539.12
1268,lrange5,1000000,1234686.38
1269,lpush5,1000000,787527.56
1269,lrange5,1000000,1228540.50
1270,lpush5,1000000,769884.50
1270,lrange5,1000000,1219570.75
1271,lpush5,1000000,791803.62
1271,lrange5,1000000,1234785.12
1272,lpush5,1000000,791778.31
1272,lrange5,1000000,1199079.12
1273,lpush5,1000000,771642.00
1273,lrange5,1000000,1218085.25
1274,lpush5,1000000,790526.50
1274,lrange5,1000000,1207748.75
1275,lpush5,1000000,783774.25
1275,lrange5,1000000,1228501.25
1276,lpush5,1000000,781910.81
1276,lrange5,1000000,1203408.00
1277,lpush5,1000000,796178.31
1277,lrange5,1000000,1185194.38
1278,lpush5,1000000,791202.50
1278,lrange5,1000000,1201980.75
1279,lpush5,1000000,780665.12
1279,lrange5,1000000,1197643.12
1280,lpush5,1000000,757002.31
1280,lrange5,1000000,1224009.88
1281,lpush5,1000000,791265.81
1281,lrange5,1000000,1233242.88
1282,lpush5,1000000,787477.19
1282,lrange5,1000000,1222924.12
1283,lpush5,1000000,790627.69
1283,lrange5,1000000,1207729.50
1284,lpush5,1000000,783699.06
1284,lrange5,1000000,1200499.38
1285,lpush5,1000000,779523.00
1285,lrange5,1000000,1233065.38
1286,lpush5,1000000,784326.31
1286,lrange5,1000000,1230130.38
1287,lpush5,1000000,789316.50
1287,lrange5,1000000,1216642.25
1288,lpush5,1000000,798135.69
1288,lrange5,1000000,1221255.12
1289,lpush5,1000000,793714.31
1289,lrange5,1000000,1230228.75
1290,lpush5,1000000,786895.31
1290,lrange5,1000000,1187895.50
1291,lpush5,1000000,765709.06
1291,lrange5,1000000,1200499.38
1292,lpush5,1000000,722021.69
1292,lrange5,1000000,1191914.25
1293,lpush5,1000000,785080.06
1293,lrange5,1000000,1219531.75
1294,lpush5,1000000,790526.50
1294,lrange5,1000000,1212160.00
1295,lpush5,1000000,784929.31
1295,lrange5,1000000,1234587.62
1296,lpush5,1000000,795646.81
1296,lrange5,1000000,1190723.88
1297,lpush5,1000000,791139.19
1297,lrange5,1000000,1215144.62
1298,lpush5,1000000,798174.00
1298,lrange5,1000000,1242236.00
1299,lpush5,1000000,786807.25
1299,lrange5,1000000,1218182.75
1300,lpush5,1000000,786845.00
1300,lrange5,1000000,1227111.62
1301,lpush5,1000000,781910.81
1301,lrange5,1000000,1197834.75
1302,lpush5,1000000,793777.81
1302,lrange5,1000000,1197719.75
1303,lpush5,1000000,779535.44
1303,lrange5,1000000,1247002.50
1304,lpush5,1000000,778866.00
1304,lrange5,1000000,1247082.38
1305,lpush5,1000000,780752.50
1305,lrange5,1000000,1224009.88
1306,lpush5,1000000,758737.50
1306,lrange5,1000000,1219687.88
1307,lpush5,1000000,780802.50
1307,lrange5,1000000,1228579.88
1308,lpush5,1000000,793084.81
1308,lrange5,1000000,1225705.88
1309,lpush5,1000000,795001.56
1309,lrange5,1000000,1243820.88
1310,lpush5,1000000,785671.62
1310,lrange5,1000000,1197624.00
1311,lpush5,1000000,785571.06
1311,lrange5,1000000,1216564.38
1312,lpush5,1000000,794357.44
1312,lrange5,1000000,1253132.88
1313,lpush5,1000000,789392.31
1313,lrange5,1000000,1245330.00
1314,lpush5,1000000,802696.62
1314,lrange5,1000000,1213669.88
1315,lpush5,1000000,784929.31
1315,lrange5,1000000,1246962.62
1316,lpush5,1000000,773432.31
1316,lrange5,1000000,1250020.00
1317,lpush5,1000000,783085.38
1317,lrange5,1000000,1212140.62
1318,lpush5,1000000,762776.50
1318,lrange5,1000000,1199194.25
1319,lpush5,1000000,779585.38
1319,lrange5,1000000,1206272.62
1320,lpush5,1000000,780677.56
1320,lrange5,1000000,1213592.25
1321,lpush5,1000000,786201.31
1321,lrange5,1000000,1219512.25
1322,lpush5,1000000,788022.06
1322,lrange5,1000000,1178007.12
1323,lpush5,1000000,783135.50
1323,lrange5,1000000,1201961.50
1324,lpush5,1000000,794306.62
1324,lrange5,1000000,1173765.25
1325,lpush5,1000000,794950.69
1325,lrange5,1000000,1187876.50
1326,lpush5,1000000,790589.75
1326,lrange5,1000000,1248659.12
1327,lpush5,1000000,794281.19
1327,lrange5,1000000,1248659.12
1328,lpush5,1000000,791867.00
1328,lrange5,1000000,1237960.38
1329,lpush5,1000000,785054.94
1329,lrange5,1000000,1239177.25
1330,lpush5,1000000,772237.88
1330,lrange5,1000000,1231684.75
1331,lpush5,1000000,788059.88
1331,lrange5,1000000,1222611.25
1332,lpush5,1000000,797614.06
1332,lrange5,1000000,1210925.00
1333,lpush5,1000000,790551.81
1333,lrange5,1000000,1228501.25
1334,lpush5,1000000,793650.81
1334,lrange5,1000000,1222767.75
1335,lpush5,1000000,774006.19
1335,lrange5,1000000,1206427.00
1336,lpush5,1000000,775293.06
1336,lrange5,1000000,1206407.75
1337,lpush5,1000000,791803.62
1337,lrange5,1000000,1210711.88
1338,lpush5,1000000,793663.50
1338,lrange5,1000000,1191914.25
1339,lpush5,1000000,790577.06
1339,lrange5,1000000,1204935.00
1340,lpush5,1000000,769822.94
1340,lrange5,1000000,1203388.75
1341,lpush5,1000000,796953.00
1341,lrange5,1000000,1199040.75
1342,lpush5,1000000,794357.44
1342,lrange5,1000000,1222728.62
1343,lpush5,1000000,780193.50
1343,lrange5,1000000,1210711.88
1344,lpush5,1000000,796178.31
1344,lrange5,1000000,1216720.12
1345,lpush5,1000000,782535.19
1345,lrange5,1000000,1237742.50
1346,lpush5,1000000,800192.00
1346,lrange5,1000000,1246922.75
1347,lpush5,1000000,764562.69
1347,lrange5,1000000,1248599.25
1348,lpush5,1000000,768651.81
1348,lrange5,1000000,1226993.88
1349,lpush5,1000000,775795.19
1349,lrange5,1000000,1210673.12
1350,lpush5,1000000,793676.19
1350,lrange5,1000000,1196325.38
1351,lpush5,1000000,788034.62
1351,lrange5,1000000,1222552.50
1352,lpush5,1000000,795608.62
1352,lrange5,1000000,1196516.75
1353,lpush5,1000000,798135.69
1353,lrange5,1000000,1222689.50
1354,lpush5,1000000,780031.25
1354,lrange5,1000000,1224009.88
1355,lpush5,1000000,792405.75
1355,lrange5,1000000,1224009.88
1356,lpush5,1000000,782485.12
1356,lrange5,1000000,1207768.12
1357,lpush5,1000000,770527.00
1357,lrange5,1000000,1172445.50
1358,lpush5,1000000,772324.38
1358,lrange5,1000000,1216545.00
1359,lpush5,1000000,788782.31
1359,lrange5,1000000,1204857.88
1360,lpush5,1000000,791879.62
1360,lrange5,1000000,1213611.62
1361,lpush5,1000000,777629.88
1361,lrange5,1000000,1221216.12
1362,lpush5,1000000,778816.19
1362,lrange5,1000000,1227072.38
1363,lpush5,1000000,783761.75
1363,lrange5,1000000,1207729.50
1364,lpush5,1000000,771604.94
1364,lrange5,1000000,964489.94
1365,lpush5,1000000,801924.62
1365,lrange5,1000000,1236113.75
1366,lpush5,1000000,790539.12
1366,lrange5,1000000,1222709.00
1367,lpush5,1000000,795557.69
1367,lrange5,1000000,1200576.25
1368,lpush5,1000000,786251.62
1368,lrange5,1000000,1224009.88
1369,lpush5,1000000,783749.19
1369,lrange5,1000000,1239256.50
1370,lpush5,1000000,759313.56
1370,lrange5,1000000,1234607.38
1371,lpush5,1000000,798747.62
1371,lrange5,1000000,1231743.88
1372,lpush5,1000000,784967.00
1372,lrange5,1000000,1222650.38
1373,lpush5,1000000,781935.88
1373,lrange5,1000000,1192085.88
1374,lpush5,1000000,794446.44
1374,lrange5,1000000,1233124.50
1375,lpush5,1000000,794357.44
1375,lrange5,1000000,1216642.25
1376,lpush5,1000000,774605.75
1376,lrange5,1000000,1184872.12
1377,lpush5,1000000,790577.06
1377,lrange5,1000000,1218182.75
1378,lpush5,1000000,778210.12
1378,lrange5,1000000,1192104.88
1379,lpush5,1000000,781923.38
1379,lrange5,1000000,1189212.88
1380,lpush5,1000000,783786.81
1380,lrange5,1000000,1216622.88
1381,lpush5,1000000,786163.56
1381,lrange5,1000000,1234587.62
1382,lpush5,1000000,791215.12
1382,lrange5,1000000,1213631.12
1383,lpush5,1000000,790551.81
1383,lrange5,1000000,1218260.62
1384,lpush5,1000000,789278.62
1384,lrange5,1000000,1218026.88
1385,lpush5,1000000,786895.31
1385,lrange5,1000000,1191952.38
1386,lpush5,1000000,793727.00
1386,lrange5,1000000,1213728.12
1387,lpush5,1000000,784313.75
1387,lrange5,1000000,1187705.50
1388,lpush5,1000000,782547.75
1388,lrange5,1000000,1203427.25
1389,lpush5,1000000,786920.50
1389,lrange5,1000000,1197681.50
1390,lpush5,1000000,777050.56
1390,lrange5,1000000,1230071.25
1391,lpush5,1000000,764623.88
1391,lrange5,1000000,1156161.88
1392,lpush5,1000000,760614.44
1392,lrange5,1000000,1193546.50
1393,lpush5,1000000,786845.00
1393,lrange5,1000000,1224009.88
1394,lpush5,1000000,796229.25
1394,lrange5,1000000,1216700.75
1395,lpush5,1000000,787464.56
1395,lrange5,1000000,1239335.88
1396,lpush5,1000000,775807.56
1396,lrange5,1000000,1199328.50
1397,lpush5,1000000,793021.38
1397,lrange5,1000000,1243960.12
1398,lpush5,1000000,798722.06
1398,lrange5,1000000,1236153.25
1399,lpush5,1000000,783749.19
1399,lrange5,1000000,1210847.50
1400,lpush5,1000000,779423.25
1400,lrange5,1000000,1231684.75
1401,lpush5,1000000,798161.19
1401,lrange5,1000000,1203369.50
1402,lpush5,1000000,793727.00
1402,lrange5,1000000,1236192.75
1403,lpush5,1000000,794446.44
1403,lrange5,1000000,1206311.25
1404,lpush5,1000000,777038.12
1404,lrange5,1000000,1234627.12
1405,lpush5,1000000,778866.00
1405,lrange5,1000000,1207806.75
1406,lpush5,1000000,794370.19
1406,lrange5,1000000,1227150.88
1407,lpush5,1000000,795557.69
1407,lrange5,1000000,1218026.88
1408,lpush5,1000000,745736.06
1408,lrange5,1000000,1162790.62
1409,lpush5,1000000,759878.44
1409,lrange5,1000000,1193336.50
1410,lpush5,1000000,769822.94
1410,lrange5,1000000,1164293.38
1411,lpush5,1000000,769872.19
1411,lrange5,1000000,1180637.50
1412,lpush5,1000000,765196.62
1412,lrange5,1000000,1176489.38
1413,lpush5,1000000,786782.06
1413,lrange5,1000000,1193470.12
1414,lpush5,1000000,789316.50
1414,lrange5,1000000,1212276.38
1415,lpush5,1000000,759374.31
1415,lrange5,1000000,1204954.25
1416,lpush5,1000000,773444.69
1416,lrange5,1000000,1173859.12
1417,lpush5,1000000,781885.81
1417,lrange5,1000000,1207748.75
1418,lpush5,1000000,762800.94
1418,lrange5,1000000,1175125.75
1419,lpush5,1000000,788694.00
1419,lrange5,1000000,1207961.38
1420,lpush5,1000000,788794.94
1420,lrange5,1000000,1145713.62
1421,lpush5,1000000,789379.69
1421,lrange5,1000000,1231527.12
1422,lpush5,1000000,798110.12
1422,lrange5,1000000,1187724.50
1423,lpush5,1000000,788744.50
1423,lrange5,1000000,1228501.25
1424,lpush5,1000000,789939.94
1424,lrange5,1000000,1236133.50
1425,lpush5,1000000,780131.06
1425,lrange5,1000000,1225490.25
1426,lpush5,1000000,797550.25
1426,lrange5,1000000,1186334.50
1427,lpush5,1000000,772274.94
1427,lrange5,1000000,1223990.25
1428,lpush5,1000000,786882.75
1428,lrange5,1000000,1205012.12
1429,lpush5,1000000,783198.12
1429,lrange5,1000000,1197624.00
1430,lpush5,1000000,776397.50
1430,lrange5,1000000,1203369.50
1431,lpush5,1000000,783135.50
1431,lrange5,1000000,1216681.25
1432,lpush5,1000000,743637.19
1432,lrange5,1000000,1210673.12
1433,lpush5,1000000,784439.25
1433,lrange5,1000000,1164218.88
1434,lpush5,1000000,757026.50
1434,lrange5,1000000,1056152.00
1435,lpush5,1000000,725244.44
1435,lrange5,1000000,1162976.75
1436,lpush5,1000000,775795.19
1436,lrange5,1000000,1168224.25
1437,lpush5,1000000,791829.00
1437,lrange5,1000000,973850.12
1438,lpush5,1000000,775956.56
1438,lrange5,1000000,1166898.50
1439,lpush5,1000000,742977.75
1439,lrange5,1000000,1160130.00
1440,lpush5,1000000,788072.44
1440,lrange5,1000000,1183697.00
1441,lpush5,1000000,769859.88
1441,lrange5,1000000,1062835.25
1442,lpush5,1000000,768110.56
1442,lrange5,1000000,1194781.38
1443,lpush5,1000000,793072.12
1443,lrange5,1000000,1200595.38
1444,lpush5,1000000,772822.25
1444,lrange5,1000000,1168486.00
1445,lpush5,1000000,788769.69
1445,lrange5,1000000,1175238.50
1446,lpush5,1000000,775206.25
1446,lrange5,1000000,1221138.00
1447,lpush5,1000000,783837.00
1447,lrange5,1000000,1136454.50
1448,lpush5,1000000,778247.50
1448,lrange5,1000000,1171128.88
1449,lpush5,1000000,791202.50
1449,lrange5,1000000,1183659.12
1450,lpush5,1000000,779485.56
1450,lrange5,1000000,1197815.62
1451,lpush5,1000000,769909.12
1451,lrange5,1000000,1192028.62
1452,lpush5,1000000,783724.12
1452,lrange5,1000000,1183583.38
1453,lpush5,1000000,739121.94
1453,lrange5,1000000,1128848.75
1454,lpush5,1000000,791816.31
1454,lrange5,1000000,1210692.50
1455,lpush5,1000000,766944.75
1455,lrange5,1000000,1136490.88
1456,lpush5,1000000,780652.62
1456,lrange5,1000000,1204915.62
1457,lpush5,1000000,795039.75
1457,lrange5,1000000,1209189.75
1458,lpush5,1000000,773407.56
1458,lrange5,1000000,1203369.50
1459,lpush5,1000000,783749.19
1459,lrange5,1000000,1169702.88
1460,lpush5,1000000,790041.06
1460,lrange5,1000000,1212295.75
1461,lpush5,1000000,796280.25
1461,lrange5,1000000,1189193.75
1462,lpush5,1000000,789939.94
1462,lrange5,1000000,1179396.25
1463,lpush5,1000000,766871.12
1463,lrange5,1000000,1169590.62
1464,lpush5,1000000,768172.00
1464,lrange5,1000000,1221294.25
1465,lpush5,1000000,786176.12
1465,lrange5,1000000,1219570.75
1466,lpush5,1000000,784941.88
1466,lrange5,1000000,1164218.88
1467,lpush5,1000000,759362.19
1467,lrange5,1000000,988142.31
1468,lpush5,1000000,783248.25
1468,lrange5,1000000,1186448.38
1469,lpush5,1000000,780118.62
1469,lrange5,1000000,1138988.62
1470,lpush5,1000000,793097.50
1470,lrange5,1000000,1242434.75
1471,lpush5,1000000,790003.12
1471,lrange5,1000000,1231803.00
1472,lpush5,1000000,789927.31
1472,lrange5,1000000,1203408.00
1473,lpush5,1000000,775832.44
1473,lrange5,1000000,1242514.25
1474,lpush5,1000000,769440.00
1474,lrange5,1000000,1213669.88
1475,lpush5,1000000,762837.56
1475,lrange5,1000000,1192009.50
1476,lpush5,1000000,750211.56
1476,lrange5,1000000,1189060.62
1477,lpush5,1000000,767508.81
1477,lrange5,1000000,1160297.00
1478,lpush5,1000000,777629.88
1478,lrange5,1000000,1215339.00
1479,lpush5,1000000,783148.06
1479,lrange5,1000000,1228599.50
1480,lpush5,1000000,763954.12
1480,lrange5,1000000,1199040.75
1481,lpush5,1000000,777642.31
1481,lrange5,1000000,1196344.50
1482,lpush5,1000000,781860.81
1482,lrange5,1000000,1186353.50
1483,lpush5,1000000,787414.19
1483,lrange5,1000000,1248619.25
1484,lpush5,1000000,781325.00
1484,lrange5,1000000,1222533.00
1485,lpush5,1000000,787477.19
1485,lrange5,1000000,1215144.62
1486,lpush5,1000000,752024.06
1486,lrange5,1000000,1173877.88
1487,lpush5,1000000,782535.19
1487,lrange5,1000000,1073030.12
1488,lpush5,1000000,754741.12
1488,lrange5,1000000,1191933.25
1489,lpush5,1000000,766883.44
1489,lrange5,1000000,1206427.00
1490,lpush5,1000000,748538.94
1490,lrange5,1000000,1204973.50
1491,lpush5,1000000,777100.25
1491,lrange5,1000000,1131312.25
1492,lpush5,1000000,762874.12
1492,lrange5,1000000,1213708.75
1493,lpush5,1000000,784338.81
1493,lrange5,1000000,1222552.50
1494,lpush5,1000000,769366.19
1494,lrange5,1000000,1193470.12
1495,lpush5,1000000,768135.12
1495,lrange5,1000000,1186391.50
1496,lpush5,1000000,766406.19
1496,lrange5,1000000,1213728.12
1497,lpush5,1000000,765721.31
1497,lrange5,1000000,1191895.12
1498,lpush5,1000000,784363.94
1498,lrange5,1000000,1202076.88
1499,lpush5,1000000,778816.19
1499,lrange5,1000000,1197643.12
1500,lpush5,1000000,768135.12
1500,lrange5,1000000,1126144.12
1501,lpush5,1000000,772809.88
1501,lrange5,1000000,1222591.62
1502,lpush5,1000000,769267.75
1502,lrange5,1000000,1060479.25
1503,lpush5,1000000,769859.88
1503,lrange5,1000000,1145585.25
1504,lpush5,1000000,763371.00
1504,lrange5,1000000,1185023.75
1505,lpush5,1000000,754280.56
1505,lrange5,1000000,1213631.12
1506,lpush5,1000000,781860.81
1506,lrange5,1000000,1224166.50
1507,lpush5,1000000,774055.69
1507,lrange5,1000000,1172370.50
1508,lpush5,1000000,759927.06
1508,lrange5,1000000,1212121.25
1509,lpush5,1000000,765758.06
1509,lrange5,1000000,1213611.62
1510,lpush5,1000000,771753.06
1510,lrange5,1000000,1230130.38
1511,lpush5,1000000,780106.12
1511,lrange5,1000000,1203408.00
1512,lpush5,1000000,750870.88
1512,lrange5,1000000,1205031.38
1513,lpush5,1000000,764015.25
1513,lrange5,1000000,1165631.75
1514,lpush5,1000000,740764.44
1514,lrange5,1000000,1128668.25
1515,lpush5,1000000,717932.50
1515,lrange5,1000000,1101585.88
1516,lpush5,1000000,738042.81
1516,lrange5,1000000,1160185.62
1517,lpush5,1000000,752493.62
1517,lrange5,1000000,1196344.50
1518,lpush5,1000000,790577.06
1518,lrange5,1000000,1202153.88
1519,lpush5,1000000,771617.31
1519,lrange5,1000000,1224146.88
1520,lpush5,1000000,777754.25
1520,lrange5,1000000,1221118.38
1521,lpush5,1000000,788022.06
1521,lrange5,1000000,1231625.62
1522,lpush5,1000000,730530.31
1522,lrange5,1000000,1179283.00
1523,lpush5,1000000,725232.81
1523,lrange5,1000000,1112614.00
1524,lpush5,1000000,739716.00
1524,lrange5,1000000,1218085.25
1525,lpush5,1000000,761651.19
1525,lrange5,1000000,1180656.38
1526,lpush5,1000000,778272.38
1526,lrange5,1000000,1182089.88
1527,lpush5,1000000,747396.06
1527,lrange5,1000000,1156198.88
1528,lpush5,1000000,752445.44
1528,lrange5,1000000,1196363.62
1529,lpush5,1000000,782597.81
1529,lrange5,1000000,1187724.50
1530,lpush5,1000000,792393.06
1530,lrange5,1000000,1213747.62
1531,lpush5,1000000,784389.06
1531,lrange5,1000000,1197739.00
1532,lpush5,1000000,768086.00
1532,lrange5,1000000,1120017.88
1533,lpush5,1000000,742989.62
1533,lrange5,1000000,1030993.81
1534,lpush5,1000000,777137.56
1534,lrange5,1000000,1186277.62
1535,lpush5,1000000,778878.50
1535,lrange5,1000000,1196229.62
1536,lpush5,1000000,781873.31
1536,lrange5,1000000,1203465.75
1537,lpush5,1000000,766871.12
1537,lrange5,1000000,1172520.50
1538,lpush5,1000000,769835.25
1538,lrange5,1000000,1184928.88
1539,lpush5,1000000,774068.06
1539,lrange5,1000000,1213611.62
1540,lpush5,1000000,763032.81
1540,lrange5,1000000,1196382.75
1541,lpush5,1000000,774130.00
1541,lrange5,1000000,1153457.88
1542,lpush5,1000000,745156.50
1542,lrange5,1000000,1190495.25
1543,lpush5,1000000,779423.25
1543,lrange5,1000000,1215164.00
1544,lpush5,1000000,794950.69
1544,lrange5,1000000,1194762.25
1545,lpush5,1000000,775268.25
1545,lrange5,1000000,1203581.25
1546,lpush5,1000000,782485.12
1546,lrange5,1000000,1033090.94
1547,lpush5,1000000,749087.62
1547,lrange5,1000000,1219648.75
1548,lpush5,1000000,769243.12
1548,lrange5,1000000,1195125.38
1549,lpush5,1000000,758210.75
1549,lrange5,1000000,1212121.25
1550,lpush5,1000000,774717.25
1550,lrange5,1000000,1189060.62
1551,lpush5,1000000,756538.56
1551,lrange5,1000000,1192047.75
1552,lpush5,1000000,792456.44
1552,lrange5,1000000,1199271.00
1553,lpush5,1000000,765123.19
1553,lrange5,1000000,1186410.50
1554,lpush5,1000000,782522.69
1554,lrange5,1000000,1179377.38
1555,lpush5,1000000,774618.12
1555,lrange5,1000000,1154734.38
1556,lpush5,1000000,768713.31
1556,lrange5,1000000,1199060.00
1557,lpush5,1000000,774655.31
1557,lrange5,1000000,1192143.00
1558,lpush5,1000000,761760.88
1558,lrange5,1000000,1108771.62
1559,lpush5,1000000,769884.50
1559,lrange5,1000000,1184834.12
1560,lpush5,1000000,770428.38
1560,lrange5,1000000,1180675.38
1561,lpush5,1000000,775243.44
1561,lrange5,1000000,1210673.12
1562,lpush5,1000000,762825.31
1562,lrange5,1000000,1190685.75
1563,lpush5,1000000,763444.31
1563,lrange5,1000000,1179283.00
1564,lpush5,1000000,780815.00
1564,lrange5,1000000,1113585.75
1565,lpush5,1000000,771010.00
1565,lrange5,1000000,1163032.50
1566,lpush5,1000000,777038.12
1566,lrange5,1000000,1206311.25
1567,lpush5,1000000,768147.44
1567,lrange5,1000000,1183621.25
1568,lpush5,1000000,786226.44
1568,lrange5,1000000,1212140.62
1569,lpush5,1000000,793663.50
1569,lrange5,1000000,1169815.12
1570,lpush5,1000000,777604.94
1570,lrange5,1000000,1200480.12
1571,lpush5,1000000,781387.50
1571,lrange5,1000000,1194781.38
1572,lpush5,1000000,786201.31
1572,lrange5,1000000,1193508.38
1573,lpush5,1000000,781910.81
1573,lrange5,1000000,1207729.50
1574,lpush5,1000000,697361.25
1574,lrange5,1000000,1203465.75
1575,lpush5,1000000,762788.69
1575,lrange5,1000000,1218046.38
1576,lpush5,1000000,747539.56
1576,lrange5,1000000,1221118.38
1577,lpush5,1000000,769267.75
1577,lrange5,1000000,1200672.25
1578,lpush5,1000000,741361.00
1578,lrange5,1000000,1177931.75
1579,lpush5,1000000,782647.88
1579,lrange5,1000000,1215066.75
1580,lpush5,1000000,789927.31
1580,lrange5,1000000,1213747.62
1581,lpush5,1000000,796178.31
1581,lrange5,1000000,1209344.62
1582,lpush5,1000000,762207.31
1582,lrange5,1000000,1225725.50
1583,lpush5,1000000,776397.50
1583,lrange5,1000000,1153476.38
1584,lpush5,1000000,792393.06
1584,lrange5,1000000,1215066.75
1585,lpush5,1000000,785558.50
1585,lrange5,1000000,1182033.12
1586,lpush5,1000000,790615.00
1586,lrange5,1000000,1199098.38
1587,lpush5,1000000,786163.56
1587,lrange5,1000000,1228619.12
1588,lpush5,1000000,777125.12
1588,lrange5,1000000,1149498.88
1589,lpush5,1000000,783185.62
1589,lrange5,1000000,1230189.38
1590,lpush5,1000000,797550.25
1590,lrange5,1000000,1239236.75
1591,lpush5,1000000,789278.62
1591,lrange5,1000000,1209305.88
1592,lpush5,1000000,790513.81
1592,lrange5,1000000,1219512.25
1593,lpush5,1000000,765782.56
1593,lrange5,1000000,1224029.38
1594,lpush5,1000000,780740.06
1594,lrange5,1000000,1227033.12
1595,lpush5,1000000,784967.00
1595,lrange5,1000000,1237841.50
1596,lpush5,1000000,796178.31
1596,lrange5,1000000,1239177.25
1597,lpush5,1000000,778210.12
1597,lrange5,1000000,1140396.88
1598,lpush5,1000000,771059.31
1598,lrange5,1000000,1216700.75
1599,lpush5,1000000,785659.06
1599,lrange5,1000000,1221001.25
1600,lpush5,1000000,777604.94
1600,lrange5,1000000,1190685.75
1601,lpush5,1000000,779460.62
1601,lrange5,1000000,1228697.75
1602,lpush5,1000000,784376.50
1602,lrange5,1000000,1191914.25
1603,lpush5,1000000,786176.12
1603,lrange5,1000000,1182260.00
1604,lpush5,1000000,765709.06
1604,lrange5,1000000,1168299.00
1605,lpush5,1000000,769378.50
1605,lrange5,1000000,1130070.12
1606,lpush5,1000000,764648.31
1606,lrange5,1000000,1162902.25
1607,lpush5,1000000,776459.62
1607,lrange5,1000000,1202038.38
1608,lpush5,1000000,774667.69
1608,lrange5,1000000,1231586.25
1609,lpush5,1000000,768049.12
1609,lrange5,1000000,1234706.12
1610,lpush5,1000000,769872.19
1610,lrange5,1000000,1218221.75
1611,lpush5,1000000,776397.50
1611,lrange5,1000000,1222513.38
1612,lpush5,1000000,731146.19
1612,lrange5,1000000,1237702.88
1613,lpush5,1000000,787401.56
1613,lrange5,1000000,1222572.12
1614,lpush5,1000000,772933.50
1614,lrange5,1000000,1228560.12
1615,lpush5,1000000,739204.69
1615,lrange5,1000000,1177894.00
1616,lpush5,1000000,766295.81
1616,lrange5,1000000,1197681.50
1617,lpush5,1000000,748038.88
1617,lrange5,1000000,1203542.75
1618,lpush5,1000000,771047.00
1618,lrange5,1000000,1208019.25
1619,lpush5,1000000,763371.00
1619,lrange5,1000000,1212295.75
1620,lpush5,1000000,771654.31
1620,lrange5,1000000,1204838.62
1621,lpush5,1000000,764003.06
1621,lrange5,1000000,1216622.88
1622,lpush5,1000000,771728.38
1622,lrange5,1000000,1221138.00
1623,lpush5,1000000,774642.94
1623,lrange5,1000000,1207826.12
1624,lpush5,1000000,771666.69
1624,lrange5,1000000,1227052.75
1625,lpush5,1000000,784414.12
1625,lrange5,1000000,1203427.25
1626,lpush5,1000000,772846.94
1626,lrange5,1000000,1216661.75
1627,lpush5,1000000,778222.56
1627,lrange5,1000000,1193355.62
1628,lpush5,1000000,759902.75
1628,lrange5,1000000,1212198.75
1629,lpush5,1000000,772797.50
1629,lrange5,1000000,1184928.88
1630,lpush5,1000000,749063.62
1630,lrange5,1000000,1164349.25
1631,lpush5,1000000,763978.62
1631,lrange5,1000000,1222533.00
1632,lpush5,1000000,738552.44
1632,lrange5,1000000,1222728.62
1633,lpush5,1000000,789889.38
1633,lrange5,1000000,1221079.38
1634,lpush5,1000000,777000.81
1634,lrange5,1000000,1199290.12
1635,lpush5,1000000,768651.81
1635,lrange5,1000000,1118586.12
1636,lpush5,1000000,772884.06
1636,lrange5,1000000,1209209.12
1637,lpush5,1000000,724637.69
1637,lrange5,1000000,1202000.00
1638,lpush5,1000000,774680.06
1638,lrange5,1000000,1196172.25
1639,lpush5,1000000,779423.25
1639,lrange5,1000000,1186277.62
1640,lpush5,1000000,773543.69
1640,lrange5,1000000,1190514.38
1641,lpush5,1000000,761120.25
1641,lrange5,1000000,1219765.88
1642,lpush5,1000000,778222.56
1642,lrange5,1000000,1206369.12
1643,lpush5,1000000,755359.50
1643,lrange5,1000000,1210847.50
1644,lpush5,1000000,763456.50
1644,lrange5,1000000,1182184.38
1645,lpush5,1000000,778259.94
1645,lrange5,1000000,1204954.25
1646,lpush5,1000000,780106.12
1646,lrange5,1000000,1197604.88
1647,lpush5,1000000,758174.38
1647,lrange5,1000000,1218104.75
1648,lpush5,1000000,766944.75
1648,lrange5,1000000,1219668.25
1649,lpush5,1000000,782485.12
1649,lrange5,1000000,1218358.12
1650,lpush5,1000000,785545.94
1650,lrange5,1000000,1215164.00
1651,lpush5,1000000,781885.81
1651,lrange5,1000000,1224264.38
1652,lpush5,1000000,782522.69
1652,lrange5,1000000,1221079.38
1653,lpush5,1000000,769921.44
1653,lrange5,1000000,1203427.25
1654,lpush5,1000000,745759.88
1654,lrange5,1000000,1193336.50
1655,lpush5,1000000,773444.69
1655,lrange5,1000000,1210692.50
1656,lpush5,1000000,757600.00
1656,lrange5,1000000,1212140.62
1657,lpush5,1000000,784979.56
1657,lrange5,1000000,1207826.12
1658,lpush5,1000000,775820.00
1658,lrange5,1000000,1231625.62
1659,lpush5,1000000,778915.88
1659,lrange5,1000000,1222630.75
1660,lpush5,1000000,789927.31
1660,lrange5,1000000,1210653.75
1661,lpush5,1000000,779423.25
1661,lrange5,1000000,1230051.62
1662,lpush5,1000000,757575.75
1662,lrange5,1000000,1236232.38
1663,lpush5,1000000,788059.88
1663,lrange5,1000000,1199060.00
1664,lpush5,1000000,789341.75
1664,lrange5,1000000,1221118.38
1665,lpush5,1000000,786163.56
1665,lrange5,1000000,1222591.62
1666,lpush5,1000000,745759.88
1666,lrange5,1000000,1203427.25
1667,lpush5,1000000,758283.56
1667,lrange5,1000000,1213631.12
1668,lpush5,1000000,768713.31
1668,lrange5,1000000,1212295.75
1669,lpush5,1000000,747491.75
1669,lrange5,1000000,1228579.88
1670,lpush5,1000000,793790.50
1670,lrange5,1000000,1202057.62
1671,lpush5,1000000,763468.75
1671,lrange5,1000000,1186486.38
1672,lpush5,1000000,753591.56
1672,lrange5,1000000,1183450.88
1673,lpush5,1000000,761083.69
1673,lrange5,1000000,1194743.12
1674,lpush5,1000000,768688.69
1674,lrange5,1000000,1207748.75
1675,lpush5,1000000,759301.44
1675,lrange5,1000000,1197719.75
1676,lpush5,1000000,743553.88
1676,lrange5,1000000,1197758.12
1677,lpush5,1000000,761132.44
1677,lrange5,1000000,1207922.75
1678,lpush5,1000000,752457.50
1678,lrange5,1000000,1189269.88
1679,lpush5,1000000,788059.88
1679,lrange5,1000000,1193336.50
1680,lpush5,1000000,726744.19
1680,lrange5,1000000,1228894.38
1681,lpush5,1000000,784414.12
1681,lrange5,1000000,1218163.25
1682,lpush5,1000000,780640.12
1682,lrange5,1000000,1218065.75
1683,lpush5,1000000,793701.56
1683,lrange5,1000000,1242414.88
1684,lpush5,1000000,792393.06
1684,lrange5,1000000,1245609.00
1685,lpush5,1000000,763954.12
1685,lrange5,1000000,1216700.75
1686,lpush5,1000000,784376.50
1686,lrange5,1000000,1219687.88
1687,lpush5,1000000,785558.50
1687,lrange5,1000000,1218163.25
1688,lpush5,1000000,757038.62
1688,lrange5,1000000,1245330.00
1689,lpush5,1000000,794281.19
1689,lrange5,1000000,1210653.75
1690,lpush5,1000000,789329.12
1690,lrange5,1000000,1228619.12
1691,lpush5,1000000,783699.06
1691,lrange5,1000000,1207980.62
1692,lpush5,1000000,792469.12
1692,lrange5,1000000,1194762.25
1693,lpush5,1000000,797499.25
1693,lrange5,1000000,1240774.25
1694,lpush5,1000000,768651.81
1694,lrange5,1000000,1222493.88
1695,lpush5,1000000,784941.88
1695,lrange5,1000000,1247042.38
1696,lpush5,1000000,794912.56
1696,lrange5,1000000,1212257.00
1697,lpush5,1000000,772797.50
1697,lrange5,1000000,1243960.12
1698,lpush5,1000000,753579.50
1698,lrange5,1000000,1239256.50
1699,lpush5,1000000,769280.00
1699,lrange5,1000000,1221138.00
1700,lpush5,1000000,778903.38
1700,lrange5,1000000,1243900.50
1701,lpush5,1000000,777013.25
1701,lrange5,1000000,1237663.38
1702,lpush5,1000000,794938.00
1702,lrange5,1000000,1228619.12
1703,lpush5,1000000,794925.25
1703,lrange5,1000000,1237683.12
1704,lpush5,1000000,778272.38
1704,lrange5,1000000,1250020.00
1705,lpush5,1000000,789889.38
1705,lrange5,1000000,1210808.75
1706,lpush5,1000000,785646.50
1706,lrange5,1000000,1222493.88
1707,lpush5,1000000,791139.19
1707,lrange5,1000000,1237623.75
1708,lpush5,1000000,785684.19
1708,lrange5,1000000,1194934.25
1709,lpush5,1000000,789952.56
1709,lrange5,1000000,1213631.12
1710,lpush5,1000000,794408.31
1710,lrange5,1000000,1199213.50
1711,lpush5,1000000,781860.81
1711,lrange5,1000000,1248599.25
1712,lpush5,1000000,782472.62
1712,lrange5,1000000,1234646.88
1713,lpush5,1000000,778953.25
1713,lrange5,1000000,1240893.25
1714,lpush5,1000000,772274.94
1714,lrange5,1000000,1223990.25
1715,lpush5,1000000,772262.56
1715,lrange5,1000000,1196248.75
1716,lpush5,1000000,786857.56
1716,lrange5,1000000,1236093.88
1717,lpush5,1000000,771654.31
1717,lrange5,1000000,1150821.62
1718,lpush5,1000000,756623.31
1718,lrange5,1000000,1228540.50
1719,lpush5,1000000,773469.44
1719,lrange5,1000000,1236153.25
1720,lpush5,1000000,778928.31
1720,lrange5,1000000,1243900.50
1721,lpush5,1000000,785608.81
1721,lrange5,1000000,1234567.88
1722,lpush5,1000000,772250.19
1722,lrange5,1000000,1197834.75
1723,lpush5,1000000,788122.88
1723,lrange5,1000000,1215183.50
1724,lpush5,1000000,788047.25
1724,lrange5,1000000,1239276.38
1725,lpush5,1000000,785646.50
1725,lrange5,1000000,1218182.75
1726,lpush5,1000000,792405.75
1726,lrange5,1000000,1222630.75
1727,lpush5,1000000,774006.19
1727,lrange5,1000000,1225666.75
1728,lpush5,1000000,788744.50
1728,lrange5,1000000,1228619.12
1729,lpush5,1000000,749099.62
1729,lrange5,1000000,1221040.25
1730,lpush5,1000000,777629.88
1730,lrange5,1000000,1237683.12
1731,lpush5,1000000,789266.00
1731,lrange5,1000000,1230268.12
1732,lpush5,1000000,781885.81
1732,lrange5,1000000,1225490.25
1733,lpush5,1000000,778284.88
1733,lrange5,1000000,1242236.00
1734,lpush5,1000000,792393.06
1734,lrange5,1000000,1203542.75
1735,lpush5,1000000,779585.38
1735,lrange5,1000000,1243920.38
1736,lpush5,1000000,795544.94
1736,lrange5,1000000,1237821.75
1737,lpush5,1000000,781860.81
1737,lrange5,1000000,1225549.00
1738,lpush5,1000000,774130.00
1738,lrange5,1000000,1221255.12
1739,lpush5,1000000,772299.62
1739,lrange5,1000000,1228501.25
1740,lpush5,1000000,781387.50
1740,lrange5,1000000,1234587.62
1741,lpush5,1000000,778272.38
1741,lrange5,1000000,1240893.25
1742,lpush5,1000000,775906.88
1742,lrange5,1000000,1253333.38
1743,lpush5,1000000,790589.75
1743,lrange5,1000000,1196172.25
1744,lpush5,1000000,774068.06
1744,lrange5,1000000,1231606.00
1745,lpush5,1000000,778247.50
1745,lrange5,1000000,1193317.38
1746,lpush5,1000000,783699.06
1746,lrange5,1000000,1215164.00
1747,lpush5,1000000,794332.06
1747,lrange5,1000000,1227013.50
1748,lpush5,1000000,770453.00
1748,lrange5,1000000,1175088.12
1749,lpush5,1000000,792418.38
1749,lrange5,1000000,1218065.75
1750,lpush5,1000000,794963.44
1750,lrange5,1000000,1231743.88
1751,lpush5,1000000,781973.38
1751,lrange5,1000000,1227170.50
1752,lpush5,1000000,793097.50
1752,lrange5,1000000,1222572.12
1753,lpush5,1000000,789952.56
1753,lrange5,1000000,1184947.88
1754,lpush5,1000000,795570.44
1754,lrange5,1000000,1213631.12
1755,lpush5,1000000,791829.00
1755,lrange5,1000000,1250220.00
1756,lpush5,1000000,789266.00
1756,lrange5,1000000,1219707.38
1757,lpush5,1000000,757038.62
1757,lrange5,1000000,1049317.88
1758,lpush5,1000000,795544.94
1758,lrange5,1000000,1213669.88
1759,lpush5,1000000,792481.81
1759,lrange5,1000000,1228697.75
1760,lpush5,1000000,783699.06
1760,lrange5,1000000,1201961.50
1761,lpush5,1000000,797499.25
1761,lrange5,1000000,1239316.00
1762,lpush5,1000000,799437.25
1762,lrange5,1000000,1194819.62
1763,lpush5,1000000,771654.31
1763,lrange5,1000000,1206484.88
1764,lpush5,1000000,792405.75
1764,lrange5,1000000,1212198.75
1765,lpush5,1000000,795583.12
1765,lrange5,1000000,1215105.75
1766,lpush5,1000000,796825.50
1766,lrange5,1000000,1242375.12
1767,lpush5,1000000,795697.69
1767,lrange5,1000000,1202057.62
1768,lpush5,1000000,788782.31
1768,lrange5,1000000,1215086.25
1769,lpush5,1000000,790640.31
1769,lrange5,1000000,1210653.75
1770,lpush5,1000000,795077.88
1770,lrange5,1000000,1218163.25
1771,lpush5,1000000,796889.25
1771,lrange5,1000000,1225588.25
1772,lpush5,1000000,797448.19
1772,lrange5,1000000,1197796.50
1773,lpush5,1000000,799398.88
1773,lrange5,1000000,1091703.00
1774,lpush5,1000000,783173.06
1774,lrange5,1000000,1228560.12
1775,lpush5,1000000,802001.62
1775,lrange5,1000000,1212140.62
1776,lpush5,1000000,793739.69
1776,lrange5,1000000,1216603.38
1777,lpush5,1000000,783699.06
1777,lrange5,1000000,1207942.00
1778,lpush5,1000000,801333.31
1778,lrange5,1000000,1203427.25
1779,lpush5,1000000,791892.31
1779,lrange5,1000000,1219687.88
1780,lpush5,1000000,793650.81
1780,lrange5,1000000,1222493.88
1781,lpush5,1000000,787452.00
1781,lrange5,1000000,1206427.00
1782,lpush5,1000000,776409.94
1782,lrange5,1000000,1199040.75
1783,lpush5,1000000,787502.38
1783,lrange5,1000000,1189060.62
1784,lpush5,1000000,787502.38
1784,lrange5,1000000,1202115.38
1785,lpush5,1000000,794938.00
1785,lrange5,1000000,1209228.50
1786,lpush5,1000000,792405.75
1786,lrange5,1000000,1184985.75
1787,lpush5,1000000,783160.56
1787,lrange5,1000000,1193584.75
1788,lpush5,1000000,792393.06
1788,lrange5,1000000,1219570.75
1789,lpush5,1000000,781250.00
1789,lrange5,1000000,1212198.75
1790,lpush5,1000000,790640.31
1790,lrange5,1000000,1218046.38
1791,lpush5,1000000,798798.75
1791,lrange5,1000000,1196478.38
1792,lpush5,1000000,794382.88
1792,lrange5,1000000,1210673.12
1793,lpush5,1000000,791778.31
1793,lrange5,1000000,1225764.75
1794,lpush5,1000000,788668.75
1794,lrange5,1000000,1228579.88
1795,lpush5,1000000,788047.25
1795,lrange5,1000000,1219726.88
1796,lpush5,1000000,790015.75
1796,lrange5,1000000,1219648.75
1797,lpush5,1000000,796242.00
1797,lrange5,1000000,1221138.00
1798,lpush5,1000000,798084.56
1798,lrange5,1000000,1212257.00
1799,lpush5,1000000,798734.81
1799,lrange5,1000000,1236093.88
1800,lpush5,1000000,795544.94
1800,lrange5,1000000,1231546.88
1801,lpush5,1000000,790602.38
1801,lrange5,1000000,1236153.25
1802,lpush5,1000000,794395.56
1802,lrange5,1000000,1212237.62
1803,lpush5,1000000,795608.62
1803,lrange5,1000000,1230051.62
1804,lpush5,1000000,791765.62
1804,lrange5,1000000,1239355.62
1805,lpush5,1000000,794357.44
1805,lrange5,1000000,1233203.50
1806,lpush5,1000000,789291.25
1806,lrange5,1000000,1231625.62
1807,lpush5,1000000,788731.88
1807,lrange5,1000000,1239276.38
1808,lpush5,1000000,789291.25
1808,lrange5,1000000,1237861.38
1809,lpush5,1000000,797486.50
1809,lrange5,1000000,1209325.25
1810,lpush5,1000000,798747.62
1810,lrange5,1000000,1194857.75
1811,lpush5,1000000,799360.50
1811,lrange5,1000000,1179245.25
1812,lpush5,1000000,791202.50
1812,lrange5,1000000,1228638.75
1813,lpush5,1000000,791189.81
1813,lrange5,1000000,1234804.88
1814,lpush5,1000000,794938.00
1814,lrange5,1000000,1237623.75
1815,lpush5,1000000,798760.38
1815,lrange5,1000000,1179641.50
1816,lpush5,1000000,792418.38
1816,lrange5,1000000,1197624.00
1817,lpush5,1000000,797652.38
1817,lrange5,1000000,1222611.25
1818,lpush5,1000000,791892.31
1818,lrange5,1000000,1248639.25
1819,lpush5,1000000,778359.56
1819,lrange5,1000000,1230209.12
1820,lpush5,1000000,778903.38
1820,lrange5,1000000,1203562.00
1821,lpush5,1000000,784967.00
1821,lrange5,1000000,1212237.62
1822,lpush5,1000000,791917.62
1822,lrange5,1000000,1199098.38
1823,lpush5,1000000,785633.94
1823,lrange5,1000000,1221040.25
1824,lpush5,1000000,785017.25
1824,lrange5,1000000,1228697.75
1825,lpush5,1000000,777087.81
1825,lrange5,1000000,1187857.50
1826,lpush5,1000000,786176.12
1826,lrange5,1000000,1207748.75
1827,lpush5,1000000,798110.12
1827,lrange5,1000000,1216895.38
1828,lpush5,1000000,794408.31
1828,lrange5,1000000,1223990.25
1829,lpush5,1000000,793084.81
1829,lrange5,1000000,1218280.12
1830,lpush5,1000000,791278.44
1830,lrange5,1000000,1221001.25
1831,lpush5,1000000,796902.00
1831,lrange5,1000000,1218182.75
1832,lpush5,1000000,786163.56
1832,lrange5,1000000,1240734.50
1833,lpush5,1000000,801282.06
1833,lrange5,1000000,1221235.62
1834,lpush5,1000000,794925.25
1834,lrange5,1000000,1200672.25
1835,lpush5,1000000,798097.38
1835,lrange5,1000000,1219531.75
1836,lpush5,1000000,789927.31
1836,lrange5,1000000,1233124.50
1837,lpush5,1000000,801307.69
1837,lrange5,1000000,1223990.25
1838,lpush5,1000000,777667.19
1838,lrange5,1000000,1204838.62
1839,lpush5,1000000,794306.62
1839,lrange5,1000000,1176545.88
1840,lpush5,1000000,778210.12
1840,lrange5,1000000,1228658.50
1841,lpush5,1000000,796242.00
1841,lrange5,1000000,1191971.38
1842,lpush5,1000000,798734.81
1842,lrange5,1000000,1213592.25
1843,lpush5,1000000,792443.75
1843,lrange5,1000000,1218104.75
1844,lpush5,1000000,793046.75
1844,lrange5,1000000,1215086.25
1845,lpush5,1000000,793110.19
1845,lrange5,1000000,1206369.12
1846,lpush5,1000000,799360.50
1846,lrange5,1000000,1209228.50
1847,lpush5,1000000,796229.25
1847,lrange5,1000000,1222650.38
1848,lpush5,1000000,793663.50
1848,lrange5,1000000,1221313.75
1849,lpush5,1000000,784363.94
1849,lrange5,1000000,1189193.75
1850,lpush5,1000000,793663.50
1850,lrange5,1000000,1216564.38
1851,lpush5,1000000,789927.31
1851,lrange5,1000000,1216545.00
1852,lpush5,1000000,796292.94
1852,lrange5,1000000,1189288.88
1853,lpush5,1000000,791151.88
1853,lrange5,1000000,1195049.00
1854,lpush5,1000000,786870.19
1854,lrange5,1000000,1200499.38
1855,lpush5,1000000,786845.00
1855,lrange5,1000000,1200691.50
1856,lpush5,1000000,795672.25
1856,lrange5,1000000,1224009.88
1857,lpush5,1000000,798148.44
1857,lrange5,1000000,1225588.25
1858,lpush5,1000000,794988.88
1858,lrange5,1000000,1194743.12
1859,lpush5,1000000,785004.69
1859,lrange5,1000000,1209422.00
1860,lpush5,1000000,790513.81
1860,lrange5,1000000,1233065.38
1861,lpush5,1000000,791215.12
1861,lrange5,1000000,1224205.62
1862,lpush5,1000000,797499.25
1862,lrange5,1000000,1202269.25
1863,lpush5,1000000,783736.69
1863,lrange5,1000000,1205050.62
1864,lpush5,1000000,795723.19
1864,lrange5,1000000,1219668.25
1865,lpush5,1000000,791139.19
1865,lrange5,1000000,1193508.38
1866,lpush5,1000000,794319.31
1866,lrange5,1000000,1222513.38
1867,lpush5,1000000,791177.19
1867,lrange5,1000000,1206272.62
1868,lpush5,1000000,783123.00
1868,lrange5,1000000,1194762.25
1869,lpush5,1000000,783699.06
1869,lrange5,1000000,1222513.38
1870,lpush5,1000000,785545.94
1870,lrange5,1000000,1236113.75
1871,lpush5,1000000,800128.00
1871,lrange5,1000000,1206349.88
1872,lpush5,1000000,793727.00
1872,lrange5,1000000,1222572.12
1873,lpush5,1000000,788668.75
1873,lrange5,1000000,1219531.75
1874,lpush5,1000000,793803.19
1874,lrange5,1000000,1222865.50
1875,lpush5,1000000,793752.38
1875,lrange5,1000000,1204954.25
1876,lpush5,1000000,786807.25
1876,lrange5,1000000,1230287.75
1877,lpush5,1000000,790640.31
1877,lrange5,1000000,1189098.62
1878,lpush5,1000000,800038.38
1878,lrange5,1000000,1187781.50
1879,lpush5,1000000,787452.00
1879,lrange5,1000000,1218260.62
1880,lpush5,1000000,791291.12
1880,lrange5,1000000,1234567.88
1881,lpush5,1000000,788668.75
1881,lrange5,1000000,1179301.88
1882,lpush5,1000000,779423.25
1882,lrange5,1000000,1215125.12
1883,lpush5,1000000,787502.38
1883,lrange5,1000000,1216564.38
1884,lpush5,1000000,787515.00
1884,lrange5,1000000,1172370.50
1885,lpush5,1000000,560969.12
1885,lrange5,1000000,897033.19
1886,lpush5,1000000,681318.75
1886,lrange5,1000000,930336.69
1887,lpush5,1000000,719470.50
1887,lrange5,1000000,1075286.00
1888,lpush5,1000000,763990.81
1888,lrange5,1000000,1216545.00
1889,lpush5,1000000,788643.50
1889,lrange5,1000000,1228737.12
1890,lpush5,1000000,772213.12
1890,lrange5,1000000,1228579.88
1891,lpush5,1000000,734753.88
1891,lrange5,1000000,1175276.12
1892,lpush5,1000000,780640.12
1892,lrange5,1000000,1184966.88
1893,lpush5,1000000,750211.56
1893,lrange5,1000000,1149498.88
1894,lpush5,1000000,714842.00
1894,lrange5,1000000,1126270.25
1895,lpush5,1000000,726790.69
1895,lrange5,1000000,1124859.38
1896,lpush5,1000000,738635.19
1896,lrange5,1000000,1168224.25
1897,lpush5,1000000,757587.88
1897,lrange5,1000000,1145567.00
1898,lpush5,1000000,780068.69
1898,lrange5,1000000,1101585.88
1899,lpush5,1000000,744083.31
1899,lrange5,1000000,1215222.38
1900,lpush5,1000000,703246.12
1900,lrange5,1000000,1105007.75
1901,lpush5,1000000,750774.75
1901,lrange5,1000000,1197681.50
1902,lpush5,1000000,791790.94
1902,lrange5,1000000,1248499.38
1903,lpush5,1000000,774092.88
1903,lrange5,1000000,1239474.62
1904,lpush5,1000000,800102.38
1904,lrange5,1000000,1227150.88
1905,lpush5,1000000,779473.12
1905,lrange5,1000000,1212295.75
1906,lpush5,1000000,785659.06
1906,lrange5,1000000,1221196.62
1907,lpush5,1000000,787452.00
1907,lrange5,1000000,1242335.38
1908,lpush5,1000000,802581.00
1908,lrange5,1000000,1240933.00
1909,lpush5,1000000,781910.81
1909,lrange5,1000000,1218163.25
1910,lpush5,1000000,786176.12
1910,lrange5,1000000,1207884.00
1911,lpush5,1000000,783123.00
1911,lrange5,1000000,1231684.75
1912,lpush5,1000000,795001.56
1912,lrange5,1000000,1248459.38
1913,lpush5,1000000,789889.38
1913,lrange5,1000000,1222493.88
1914,lpush5,1000000,791816.31
1914,lrange5,1000000,1200710.62
1915,lpush5,1000000,794332.06
1915,lrange5,1000000,1222591.62
1916,lpush5,1000000,796812.75
1916,lrange5,1000000,1228520.88
1917,lpush5,1000000,795595.88
1917,lrange5,1000000,1233104.88
1918,lpush5,1000000,780118.62
1918,lrange5,1000000,1190723.88
1919,lpush5,1000000,788085.06
1919,lrange5,1000000,1239296.12
1920,lpush5,1000000,784401.56
1920,lrange5,1000000,1253373.50
1921,lpush5,1000000,798824.31
1921,lrange5,1000000,1227209.88
1922,lpush5,1000000,774692.50
1922,lrange5,1000000,1234567.88
1923,lpush5,1000000,789965.25
1923,lrange5,1000000,1239177.25
1924,lpush5,1000000,791227.81
1924,lrange5,1000000,1251564.38
1925,lpush5,1000000,795557.69
1925,lrange5,1000000,1230110.62
1926,lpush5,1000000,793777.81
1926,lrange5,1000000,1243880.62
1927,lpush5,1000000,774030.94
1927,lrange5,1000000,1242355.25
1928,lpush5,1000000,780043.69
1928,lrange5,1000000,1236173.00
1929,lpush5,1000000,785545.94
1929,lrange5,1000000,1218104.75
1930,lpush5,1000000,794357.44
1930,lrange5,1000000,1240873.50
1931,lpush5,1000000,789965.25
1931,lrange5,1000000,1227268.75
1932,lpush5,1000000,794976.12
1932,lrange5,1000000,1228638.75
1933,lpush5,1000000,794988.88
1933,lrange5,1000000,1186315.50
1934,lpush5,1000000,767582.50
1934,lrange5,1000000,1203465.75
1935,lpush5,1000000,772871.69
1935,lrange5,1000000,1242514.25
1936,lpush5,1000000,793046.75
1936,lrange5,1000000,1218085.25
1937,lpush5,1000000,736990.44
1937,lrange5,1000000,1069553.00
1938,lpush5,1000000,759878.44
1938,lrange5,1000000,1256361.75
1939,lpush5,1000000,790551.81
1939,lrange5,1000000,1216583.88
1940,lpush5,1000000,802593.88
1940,lrange5,1000000,1213844.62
1941,lpush5,1000000,789266.00
1941,lrange5,1000000,1224009.88
1942,lpush5,1000000,774055.69
1942,lrange5,1000000,1246902.75
1943,lpush5,1000000,789367.06
1943,lrange5,1000000,1197719.75
1944,lpush5,1000000,786870.19
1944,lrange5,1000000,1231606.00
1945,lpush5,1000000,797537.50
1945,lrange5,1000000,1258022.62
1946,lpush5,1000000,791829.00
1946,lrange5,1000000,1204915.62
1947,lpush5,1000000,796229.25
1947,lrange5,1000000,1213611.62
1948,lpush5,1000000,772349.06
1948,lrange5,1000000,1182241.12
1949,lpush5,1000000,793765.06
1949,lrange5,1000000,1242295.62
1950,lpush5,1000000,786201.31
1950,lrange5,1000000,1242315.50
1951,lpush5,1000000,797537.50
1951,lrange5,1000000,1221001.25
1952,lpush5,1000000,778915.88
1952,lrange5,1000000,1189174.75
1953,lpush5,1000000,785608.81
1953,lrange5,1000000,1209305.88
1954,lpush5,1000000,782485.12
1954,lrange5,1000000,1230012.25
1955,lpush5,1000000,773432.31
1955,lrange5,1000000,1065082.00
1956,lpush5,1000000,770502.31
1956,lrange5,1000000,1187781.50
1957,lpush5,1000000,784376.50
1957,lrange5,1000000,1236133.50
1958,lpush5,1000000,787401.56
1958,lrange5,1000000,1222669.88
1959,lpush5,1000000,793034.06
1959,lrange5,1000000,1193412.88
1960,lpush5,1000000,770490.00
1960,lrange5,1000000,1177931.75
1961,lpush5,1000000,791240.50
1961,lrange5,1000000,1183507.62
1962,lpush5,1000000,780665.12
1962,lrange5,1000000,1197796.50
1963,lpush5,1000000,731017.50
1963,lrange5,1000000,1182052.00
1964,lpush5,1000000,765135.38
1964,lrange5,1000000,1189098.62
1965,lpush5,1000000,765135.38
1965,lrange5,1000000,1222572.12
1966,lpush5,1000000,783097.94
1966,lrange5,1000000,1175106.88
1967,lpush5,1000000,783160.56
1967,lrange5,1000000,1207768.12
1968,lpush5,1000000,780752.50
1968,lrange5,1000000,1233104.88
1969,lpush5,1000000,794281.19
1969,lrange5,1000000,1215300.12
1970,lpush5,1000000,755918.38
1970,lrange5,1000000,1230346.88
1971,lpush5,1000000,778928.31
1971,lrange5,1000000,1206291.88
1972,lpush5,1000000,786782.06
1972,lrange5,1000000,1207845.38
1973,lpush5,1000000,793650.81
1973,lrange5,1000000,1209305.88
1974,lpush5,1000000,786845.00
1974,lrange5,1000000,1172351.75
1975,lpush5,1000000,784363.94
1975,lrange5,1000000,1200480.12
1976,lpush5,1000000,782535.19
1976,lrange5,1000000,1212121.25
1977,lpush5,1000000,769267.75
1977,lrange5,1000000,1187781.50
1978,lpush5,1000000,773395.19
1978,lrange5,1000000,1209209.12
1979,lpush5,1000000,776559.00
1979,lrange5,1000000,1213592.25
1980,lpush5,1000000,780765.00
1980,lrange5,1000000,1204819.25
1981,lpush5,1000000,781362.50
1981,lrange5,1000000,1189079.62
1982,lpush5,1000000,771703.69
1982,lrange5,1000000,1206388.38
1983,lpush5,1000000,777816.50
1983,lrange5,1000000,1219531.75
1984,lpush5,1000000,789902.06
1984,lrange5,1000000,1227013.50
1985,lpush5,1000000,786819.81
1985,lrange5,1000000,1161514.50
1986,lpush5,1000000,781250.00
1986,lrange5,1000000,1203523.50
1987,lpush5,1000000,798824.31
1987,lrange5,1000000,1225490.25
1988,lpush5,1000000,791215.12
1988,lrange5,1000000,1228658.50
1989,lpush5,1000000,787414.19
1989,lrange5,1000000,1228658.50
1990,lpush5,1000000,762207.31
1990,lrange5,1000000,1230110.62
1991,lpush5,1000000,772822.25
1991,lrange5,1000000,1219512.25
1992,lpush5,1000000,781250.00
1992,lrange5,1000000,1202250.00
1993,lpush5,1000000,776459.62
1993,lrange5,1000000,1219590.25
1994,lpush5,1000000,791379.69
1994,lrange5,1000000,1240933.00
1995,lpush5,1000000,794395.56
1995,lrange5,1000000,1210750.62
1996,lpush5,1000000,799424.44
1996,lrange5,1000000,1240873.50
1997,lpush5,1000000,801963.12
1997,lrange5,1000000,1205108.50
1998,lpush5,1000000,787565.38
1998,lrange5,1000000,1054936.75
1999,lpush5,1000000,748562.88
1999,lrange5,1000000,1212121.25
2000,lpush5,1000000,776521.75
2000,lrange5,1000000,1216603.38
