operation,mean_rps,trials
lpush5,796254.910360,2000
lrange5,1203544.890180,2000
