trial,operation,requests,rps
1,lpush5,1000000,575447.62
1,lrange5,1000000,828500.38
2,lpush5,1000000,584528.38
2,lrange5,1000000,1261094.62
3,lpush5,1000000,823045.25
3,lrange5,1000000,1222552.50
4,lpush5,1000000,830644.50
4,lrange5,1000000,1254805.50
5,lpush5,1000000,836321.06
5,lrange5,1000000,1278956.50
6,lpush5,1000000,826618.12
6,lrange5,1000000,1283697.12
7,lpush5,1000000,832652.81
7,lrange5,1000000,1177856.38
8,lpush5,1000000,827341.62
8,lrange5,1000000,1239197.00
9,lpush5,1000000,827143.12
9,lrange5,1000000,1261114.75
10,lpush5,1000000,834965.00
10,lrange5,1000000,1288701.00
11,lpush5,1000000,836873.62
11,lrange5,1000000,1242255.88
12,lpush5,1000000,825948.81
12,lrange5,1000000,1190876.25
13,lpush5,1000000,838410.75
13,lrange5,1000000,1186581.25
14,lpush5,1000000,825108.88
14,lrange5,1000000,1228501.25
15,lpush5,1000000,823255.94
15,lrange5,1000000,1199251.75
16,lpush5,1000000,831468.06
16,lrange5,1000000,1237623.75
17,lpush5,1000000,838979.81
17,lrange5,1000000,1208096.62
18,lpush5,1000000,822605.31
18,lrange5,1000000,1274068.75
19,lpush5,1000000,833466.62
19,lrange5,1000000,1240694.75
20,lpush5,1000000,835475.31
20,lrange5,1000000,1267447.50
21,lpush5,1000000,820541.44
21,lrange5,1000000,1197930.62
22,lpush5,1000000,828513.69
22,lrange5,1000000,1272508.88
23,lpush5,1000000,829306.81
23,lrange5,1000000,1197911.38
24,lpush5,1000000,833413.31
24,lrange5,1000000,1231684.75
25,lpush5,1000000,833399.94
25,lrange5,1000000,1230032.00
26,lpush5,1000000,830617.94
26,lrange5,1000000,1280491.62
27,lpush5,1000000,830048.12
27,lrange5,1000000,1245529.25
28,lpush5,1000000,823907.75
28,lrange5,1000000,1297037.62
29,lpush5,1000000,827986.81
29,lrange5,1000000,1295399.00
30,lpush5,1000000,828513.69
30,lrange5,1000000,1295461.12
31,lpush5,1000000,813151.19
31,lrange5,1000000,1254926.00
32,lpush5,1000000,825869.56
32,lrange5,1000000,1256603.00
33,lpush5,1000000,828553.44
33,lrange5,1000000,1197777.25
34,lpush5,1000000,821018.00
34,lrange5,1000000,1237643.50
35,lpush5,1000000,833493.31
35,lrange5,1000000,1297037.62
36,lpush5,1000000,831308.44
36,lrange5,1000000,1285532.12
37,lpush5,1000000,829981.69
37,lrange5,1000000,1192162.12
38,lpush5,1000000,834148.44
38,lrange5,1000000,1174065.75
39,lpush5,1000000,838451.00
39,lrange5,1000000,1197739.00
40,lpush5,1000000,825135.31
40,lrange5,1000000,1250060.00
41,lpush5,1000000,836120.44
41,lrange5,1000000,1288783.50
42,lpush5,1000000,834737.94
42,lrange5,1000000,1203677.50
43,lpush5,1000000,830048.12
43,lrange5,1000000,1202326.88
44,lpush5,1000000,832719.44
44,lrange5,1000000,1292113.75
45,lpush5,1000000,827827.88
45,lrange5,1000000,1240952.88
46,lpush5,1000000,826459.50
46,lrange5,1000000,1206369.12
47,lpush5,1000000,832000.00
47,lrange5,1000000,1280430.25
48,lpush5,1000000,805346.25
48,lrange5,1000000,1256301.50
49,lpush5,1000000,828632.94
49,lrange5,1000000,1300390.12
50,lpush5,1000000,826472.69
50,lrange5,1000000,1269035.50
51,lpush5,1000000,828712.50
51,lrange5,1000000,1295523.25
52,lpush5,1000000,827288.69
52,lrange5,1000000,1298722.12
53,lpush5,1000000,823907.75
53,lrange5,1000000,1272447.88
54,lpush5,1000000,826578.50
54,lrange5,1000000,1290508.38
55,lpush5,1000000,832692.75
55,lrange5,1000000,1237881.12
56,lpush5,1000000,829240.50
56,lrange5,1000000,1298784.50
57,lpush5,1000000,820344.56
57,lrange5,1000000,1278977.00
58,lpush5,1000000,825188.12
58,lrange5,1000000,1102782.75
59,lpush5,1000000,537686.00
59,lrange5,1000000,1298846.75
60,lpush5,1000000,831414.81
60,lrange5,1000000,1280594.12
61,lpush5,1000000,826538.81
61,lrange5,1000000,1283738.12
62,lpush5,1000000,827262.19
62,lrange5,1000000,1277200.50
63,lpush5,1000000,820462.69
63,lrange5,1000000,1200653.00
64,lpush5,1000000,829227.19
64,lrange5,1000000,1207729.50
65,lpush5,1000000,822513.19
65,lrange5,1000000,1218065.75
66,lpush5,1000000,825909.19
66,lrange5,1000000,1209189.75
67,lpush5,1000000,822539.50
67,lrange5,1000000,1280450.62
68,lpush5,1000000,839087.25
68,lrange5,1000000,1225627.50
69,lpush5,1000000,832000.00
69,lrange5,1000000,1203773.75
70,lpush5,1000000,827854.31
70,lrange5,1000000,1283881.88
71,lpush5,1000000,823124.25
71,lrange5,1000000,1292010.38
72,lpush5,1000000,829200.69
72,lrange5,1000000,1282071.88
73,lpush5,1000000,830684.38
73,lrange5,1000000,1200749.12
74,lpush5,1000000,821096.81
74,lrange5,1000000,1175163.38
75,lpush5,1000000,832173.00
75,lrange5,1000000,1259566.75
76,lpush5,1000000,834884.81
76,lrange5,1000000,1246882.88
77,lpush5,1000000,831308.44
77,lrange5,1000000,1194800.50
78,lpush5,1000000,813669.69
78,lrange5,1000000,1135092.00
79,lpush5,1000000,829240.50
79,lrange5,1000000,1188009.50
80,lpush5,1000000,836994.12
80,lrange5,1000000,1243840.75
81,lpush5,1000000,818330.62
81,lrange5,1000000,1290405.25
82,lpush5,1000000,826459.50
82,lrange5,1000000,1295378.25
83,lpush5,1000000,827894.06
83,lrange5,1000000,1278813.25
84,lpush5,1000000,831986.69
84,lrange5,1000000,1245529.25
85,lpush5,1000000,825777.06
85,lrange5,1000000,1293723.12
86,lpush5,1000000,827867.56
86,lrange5,1000000,1185004.75
87,lpush5,1000000,829346.62
87,lrange5,1000000,1287063.00
88,lpush5,1000000,827129.88
88,lrange5,1000000,1193355.62
89,lpush5,1000000,824415.44
89,lrange5,1000000,1292299.75
90,lpush5,1000000,823045.25
90,lrange5,1000000,1275551.00
91,lpush5,1000000,819737.69
91,lrange5,1000000,1273885.25
92,lpush5,1000000,828513.69
92,lrange5,1000000,1272264.62
93,lpush5,1000000,829981.69
93,lrange5,1000000,1273926.12
94,lpush5,1000000,825135.31
94,lrange5,1000000,1259627.12
95,lpush5,1000000,828659.50
95,lrange5,1000000,1290405.25
96,lpush5,1000000,834764.62
96,lrange5,1000000,1275755.12
97,lpush5,1000000,830578.06
97,lrange5,1000000,1273966.88
98,lpush5,1000000,821732.12
98,lrange5,1000000,1290343.25
99,lpush5,1000000,831428.12
99,lrange5,1000000,1292051.75
100,lpush5,1000000,827827.88
100,lrange5,1000000,1190552.38
101,lpush5,1000000,830684.38
101,lrange5,1000000,1293826.62
102,lpush5,1000000,833453.31
102,lrange5,1000000,1171222.50
103,lpush5,1000000,824428.62
103,lrange5,1000000,1250160.00
104,lpush5,1000000,829995.00
104,lrange5,1000000,1259506.25
105,lpush5,1000000,821110.00
105,lrange5,1000000,1275673.50
106,lpush5,1000000,834724.56
106,lrange5,1000000,1261175.25
107,lpush5,1000000,827143.12
107,lrange5,1000000,1267609.62
108,lpush5,1000000,823255.94
108,lrange5,1000000,1258123.25
109,lpush5,1000000,823815.50
109,lrange5,1000000,1182279.00
110,lpush5,1000000,840416.75
110,lrange5,1000000,1192047.75
111,lpush5,1000000,824455.00
111,lrange5,1000000,1292113.75
112,lpush5,1000000,830724.25
112,lrange5,1000000,1184966.88
113,lpush5,1000000,832053.25
113,lrange5,1000000,1216720.12
114,lpush5,1000000,835662.50
114,lrange5,1000000,1253333.38
115,lpush5,1000000,833506.62
115,lrange5,1000000,1293661.00
116,lpush5,1000000,822394.75
116,lrange5,1000000,1192104.88
117,lpush5,1000000,836133.81
117,lrange5,1000000,1250000.00
118,lpush5,1000000,838236.44
118,lrange5,1000000,1187971.50
119,lpush5,1000000,819868.81
119,lrange5,1000000,1200480.12
120,lpush5,1000000,827182.81
120,lrange5,1000000,1288701.00
121,lpush5,1000000,821057.44
121,lrange5,1000000,1288659.75
122,lpush5,1000000,817085.00
122,lrange5,1000000,1287227.75
123,lpush5,1000000,814332.19
123,lrange5,1000000,1222533.00
124,lpush5,1000000,824521.00
124,lrange5,1000000,1189346.00
125,lpush5,1000000,822421.06
125,lrange5,1000000,1254765.38
126,lpush5,1000000,826459.50
126,lrange5,1000000,1290549.75
127,lpush5,1000000,823216.44
127,lrange5,1000000,1297203.62
128,lpush5,1000000,829200.69
128,lrange5,1000000,1204954.25
129,lpush5,1000000,834148.44
129,lrange5,1000000,1288804.12
130,lpush5,1000000,821070.56
130,lrange5,1000000,1196497.62
131,lpush5,1000000,829200.69
131,lrange5,1000000,1290343.25
132,lpush5,1000000,824600.12
132,lrange5,1000000,1282051.38
133,lpush5,1000000,831268.50
133,lrange5,1000000,1285532.12
134,lpush5,1000000,827933.81
134,lrange5,1000000,1278977.00
135,lpush5,1000000,838303.44
135,lrange5,1000000,1199098.38
136,lpush5,1000000,821044.31
136,lrange5,1000000,1285491.00
137,lpush5,1000000,825829.94
137,lrange5,1000000,1287186.62
138,lpush5,1000000,821096.81
138,lrange5,1000000,1295461.12
139,lpush5,1000000,830750.81
139,lrange5,1000000,1280614.62
140,lpush5,1000000,815152.38
140,lrange5,1000000,825816.69
141,lpush5,1000000,759325.75
141,lrange5,1000000,1197739.00
142,lpush5,1000000,828039.75
142,lrange5,1000000,1183659.12
143,lpush5,1000000,827973.56
143,lrange5,1000000,1194819.62
144,lpush5,1000000,819881.94
144,lrange5,1000000,1272346.00
145,lpush5,1000000,827169.56
145,lrange5,1000000,1282092.38
146,lpush5,1000000,825201.31
146,lrange5,1000000,1285408.75
147,lpush5,1000000,827169.56
147,lrange5,1000000,1272427.50
148,lpush5,1000000,821188.81
148,lrange5,1000000,1254725.25
149,lpush5,1000000,831468.06
149,lrange5,1000000,1256442.25
150,lpush5,1000000,819881.94
150,lrange5,1000000,1277323.12
151,lpush5,1000000,826459.50
151,lrange5,1000000,1245469.50
152,lpush5,1000000,815856.50
152,lrange5,1000000,1275673.50
153,lpush5,1000000,821889.88
153,lrange5,1000000,1283820.25
154,lpush5,1000000,824468.25
154,lrange5,1000000,1199136.75
155,lpush5,1000000,818435.38
155,lrange5,1000000,1265822.75
156,lpush5,1000000,829902.06
156,lrange5,1000000,1291989.62
157,lpush5,1000000,825909.19
157,lrange5,1000000,1280655.50
158,lpush5,1000000,820344.56
158,lrange5,1000000,1287063.00
159,lpush5,1000000,822368.44
159,lrange5,1000000,1240694.75
160,lpush5,1000000,827354.88
160,lrange5,1000000,1192238.38
161,lpush5,1000000,830724.25
161,lrange5,1000000,1187705.50
162,lpush5,1000000,820436.44
162,lrange5,1000000,1198007.25
163,lpush5,1000000,823071.56
163,lrange5,1000000,1196593.25
164,lpush5,1000000,834135.12
164,lrange5,1000000,1251624.50
165,lpush5,1000000,830048.12
165,lrange5,1000000,1204857.88
166,lpush5,1000000,827262.19
166,lrange5,1000000,1259546.50
167,lpush5,1000000,833346.62
167,lrange5,1000000,1184928.88
168,lpush5,1000000,826525.62
168,lrange5,1000000,1189269.88
169,lpush5,1000000,826591.69
169,lrange5,1000000,1179358.50
170,lpush5,1000000,817150.31
170,lrange5,1000000,1288762.88
171,lpush5,1000000,825082.50
171,lrange5,1000000,1209209.12
172,lpush5,1000000,832879.31
172,lrange5,1000000,1273966.88
173,lpush5,1000000,825763.88
173,lrange5,1000000,1190514.38
174,lpush5,1000000,827222.50
174,lrange5,1000000,1243980.12
175,lpush5,1000000,819777.00
175,lrange5,1000000,1283758.75
176,lpush5,1000000,831441.44
176,lrange5,1000000,1097835.38
177,lpush5,1000000,828593.19
177,lrange5,1000000,1231546.88
178,lpush5,1000000,827275.44
178,lrange5,1000000,1256462.25
179,lpush5,1000000,821758.44
179,lrange5,1000000,1193680.25
180,lpush5,1000000,834751.31
180,lrange5,1000000,1290363.88
181,lpush5,1000000,829399.69
181,lrange5,1000000,1187724.50
182,lpush5,1000000,830101.19
182,lrange5,1000000,1197758.12
183,lpush5,1000000,835568.88
183,lrange5,1000000,1287186.62
184,lpush5,1000000,836120.44
184,lrange5,1000000,1295357.50
185,lpush5,1000000,830008.25
185,lrange5,1000000,1165725.00
186,lpush5,1000000,827907.31
186,lrange5,1000000,1254725.25
187,lpush5,1000000,811753.25
187,lrange5,1000000,1295523.25
188,lpush5,1000000,826578.50
188,lrange5,1000000,1202134.62
189,lpush5,1000000,824415.44
189,lrange5,1000000,1239197.00
190,lpush5,1000000,825962.06
190,lrange5,1000000,1261195.50
191,lpush5,1000000,832826.00
191,lrange5,1000000,1292134.38
192,lpush5,1000000,839738.06
192,lrange5,1000000,1292072.38
193,lpush5,1000000,819881.94
193,lrange5,1000000,1287063.00
194,lpush5,1000000,832746.06
194,lrange5,1000000,1285347.00
195,lpush5,1000000,827169.56
195,lrange5,1000000,1295399.00
196,lpush5,1000000,831361.62
196,lrange5,1000000,1280553.12
197,lpush5,1000000,833573.31
197,lrange5,1000000,1295440.38
198,lpush5,1000000,841042.88
198,lrange5,1000000,1293868.00
199,lpush5,1000000,835448.62
199,lrange5,1000000,1291989.62
200,lpush5,1000000,826552.06
200,lrange5,1000000,1262808.12
201,lpush5,1000000,829293.56
201,lrange5,1000000,1196172.25
202,lpush5,1000000,831973.38
202,lrange5,1000000,1273885.25
203,lpush5,1000000,828672.75
203,lrange5,1000000,1283779.25
204,lpush5,1000000,837574.56
204,lrange5,1000000,1202019.25
205,lpush5,1000000,838397.38
205,lrange5,1000000,1210789.38
206,lpush5,1000000,829888.75
206,lrange5,1000000,1231566.50
207,lpush5,1000000,826446.25
207,lrange5,1000000,1262626.25
208,lpush5,1000000,838276.62
208,lrange5,1000000,1240873.50
209,lpush5,1000000,833386.62
209,lrange5,1000000,1242335.38
210,lpush5,1000000,827301.94
210,lrange5,1000000,1242474.50
211,lpush5,1000000,838263.25
211,lrange5,1000000,1261135.00
212,lpush5,1000000,831268.50
212,lrange5,1000000,1292072.38
213,lpush5,1000000,823934.12
213,lrange5,1000000,1288659.75
214,lpush5,1000000,831960.06
214,lrange5,1000000,1277159.62
215,lpush5,1000000,839630.56
215,lrange5,1000000,1297120.62
216,lpush5,1000000,823775.94
216,lrange5,1000000,1278772.38
217,lpush5,1000000,833426.62
217,lrange5,1000000,1300452.50
218,lpush5,1000000,834121.75
218,lrange5,1000000,1295606.25
219,lpush5,1000000,838939.56
219,lrange5,1000000,1269055.88
220,lpush5,1000000,824534.19
220,lrange5,1000000,1288680.38
221,lpush5,1000000,830564.81
221,lrange5,1000000,1283717.62
222,lpush5,1000000,836294.31
222,lrange5,1000000,1192047.75
223,lpush5,1000000,833333.31
223,lrange5,1000000,1204973.50
224,lpush5,1000000,832812.69
224,lrange5,1000000,855459.38
225,lpush5,1000000,751927.81
225,lrange5,1000000,1293702.50
226,lpush5,1000000,821784.69
226,lrange5,1000000,1293847.38
227,lpush5,1000000,831946.75
227,lrange5,1000000,1239236.75
228,lpush5,1000000,830684.38
228,lrange5,1000000,1251604.50
229,lpush5,1000000,832879.31
229,lrange5,1000000,1261114.75
230,lpush5,1000000,839657.44
230,lrange5,1000000,1227209.88
231,lpush5,1000000,831281.81
231,lrange5,1000000,1287001.25
232,lpush5,1000000,833493.31
232,lrange5,1000000,1207729.50
233,lpush5,1000000,840389.88
233,lrange5,1000000,1295336.75
234,lpush5,1000000,828513.69
234,lrange5,1000000,1254725.25
235,lpush5,1000000,829359.88
235,lrange5,1000000,1293661.00
236,lpush5,1000000,830048.12
236,lrange5,1000000,1300410.88
237,lpush5,1000000,828566.69
237,lrange5,1000000,1295419.62
238,lpush5,1000000,836833.44
238,lrange5,1000000,1300473.38
239,lpush5,1000000,841056.31
239,lrange5,1000000,1179509.50
240,lpush5,1000000,830657.81
240,lrange5,1000000,1200595.38
241,lpush5,1000000,829426.25
241,lrange5,1000000,1248459.38
242,lpush5,1000000,822421.06
242,lrange5,1000000,1261054.25
243,lpush5,1000000,827907.31
243,lrange5,1000000,1247082.38
244,lpush5,1000000,829280.31
244,lrange5,1000000,1295461.12
245,lpush5,1000000,833546.62
245,lrange5,1000000,1303801.75
246,lpush5,1000000,836980.69
246,lrange5,1000000,1257982.38
247,lpush5,1000000,835635.75
247,lrange5,1000000,1300473.38
248,lpush5,1000000,823137.44
248,lrange5,1000000,1237742.50
249,lpush5,1000000,836887.00
249,lrange5,1000000,1193470.12
250,lpush5,1000000,828526.94
250,lrange5,1000000,1197853.88
251,lpush5,1000000,843922.38
251,lrange5,1000000,1209267.25
252,lpush5,1000000,825882.75
252,lrange5,1000000,1297224.38
253,lpush5,1000000,837574.56
253,lrange5,1000000,1295523.25
254,lpush5,1000000,832000.00
254,lrange5,1000000,1207922.75
255,lpush5,1000000,840524.31
255,lrange5,1000000,1207903.38
256,lpush5,1000000,829200.69
256,lrange5,1000000,1297037.62
257,lpush5,1000000,823176.94
257,lrange5,1000000,1205031.38
258,lpush5,1000000,825122.12
258,lrange5,1000000,1295564.75
259,lpush5,1000000,841056.31
259,lrange5,1000000,1251564.38
260,lpush5,1000000,819145.00
260,lrange5,1000000,1266005.00
261,lpush5,1000000,834791.38
261,lrange5,1000000,1192162.12
262,lpush5,1000000,825095.69
262,lrange5,1000000,1302125.00
263,lpush5,1000000,825816.69
263,lrange5,1000000,1298909.12
264,lpush5,1000000,823723.25
264,lrange5,1000000,1283881.88
265,lpush5,1000000,824534.19
265,lrange5,1000000,1267467.75
266,lpush5,1000000,832826.00
266,lrange5,1000000,1261034.12
267,lpush5,1000000,835475.31
267,lrange5,1000000,1199366.88
268,lpush5,1000000,835421.88
268,lrange5,1000000,1302229.12
269,lpush5,1000000,834871.50
269,lrange5,1000000,1203388.75
270,lpush5,1000000,836120.44
270,lrange5,1000000,1199098.38
271,lpush5,1000000,832719.44
271,lrange5,1000000,1210905.62
272,lpush5,1000000,836967.31
272,lrange5,1000000,802735.12
273,lpush5,1000000,593281.12
273,lrange5,1000000,1269076.12
274,lpush5,1000000,832119.81
274,lrange5,1000000,1185080.62
275,lpush5,1000000,835448.62
275,lrange5,1000000,1187914.50
276,lpush5,1000000,829981.69
276,lrange5,1000000,1190781.00
277,lpush5,1000000,834737.94
277,lrange5,1000000,1280491.62
278,lpush5,1000000,836294.31
278,lrange5,1000000,1288742.25
279,lpush5,1000000,832639.50
279,lrange5,1000000,1278813.25
280,lpush5,1000000,834041.69
280,lrange5,1000000,1215202.88
281,lpush5,1000000,841110.19
281,lrange5,1000000,1302083.38
282,lpush5,1000000,840497.44
282,lrange5,1000000,1201942.25
283,lpush5,1000000,834778.00
283,lrange5,1000000,1200825.88
284,lpush5,1000000,838330.31
284,lrange5,1000000,1205147.00
285,lpush5,1000000,831295.12
285,lrange5,1000000,1287021.88
286,lpush5,1000000,827920.56
286,lrange5,1000000,1204877.12
287,lpush5,1000000,834161.81
287,lrange5,1000000,1200614.62
288,lpush5,1000000,833346.62
288,lrange5,1000000,1288804.12
289,lpush5,1000000,828606.44
289,lrange5,1000000,1197777.25
290,lpush5,1000000,838370.50
290,lrange5,1000000,1292196.38
291,lpush5,1000000,826552.06
291,lrange5,1000000,1251624.50
292,lpush5,1000000,837561.12
292,lrange5,1000000,1295357.50
293,lpush5,1000000,837668.31
293,lrange5,1000000,1297058.38
294,lpush5,1000000,838276.62
294,lrange5,1000000,1196421.00
295,lpush5,1000000,834831.44
295,lrange5,1000000,1283717.62
296,lpush5,1000000,821876.75
296,lrange5,1000000,1256361.75
297,lpush5,1000000,827182.81
297,lrange5,1000000,1297016.88
298,lpush5,1000000,836200.69
298,lrange5,1000000,1297079.12
299,lpush5,1000000,832106.50
299,lrange5,1000000,1293661.00
300,lpush5,1000000,832133.12
300,lrange5,1000000,1196440.12
301,lpush5,1000000,826446.25
301,lrange5,1000000,1176621.12
302,lpush5,1000000,836227.44
302,lrange5,1000000,1297120.62
303,lpush5,1000000,837574.56
303,lrange5,1000000,1199424.50
304,lpush5,1000000,827249.00
304,lrange5,1000000,1197739.00
305,lpush5,1000000,821705.81
305,lrange5,1000000,1283717.62
306,lpush5,1000000,836873.62
306,lrange5,1000000,1261054.25
307,lpush5,1000000,827973.56
307,lrange5,1000000,1300410.88
308,lpush5,1000000,839140.94
308,lrange5,1000000,1193584.75
309,lpush5,1000000,832000.00
309,lrange5,1000000,1282071.88
310,lpush5,1000000,825161.69
310,lrange5,1000000,1193355.62
311,lpush5,1000000,837534.31
311,lrange5,1000000,1298701.38
312,lpush5,1000000,828566.69
312,lrange5,1000000,1256361.75
313,lpush5,1000000,840564.69
313,lrange5,1000000,1300473.38
314,lpush5,1000000,823216.44
314,lrange5,1000000,1254825.62
315,lpush5,1000000,834764.62
315,lrange5,1000000,1113835.12
316,lpush5,1000000,824521.00
316,lrange5,1000000,1293723.12
317,lpush5,1000000,830750.81
317,lrange5,1000000,1193374.75
318,lpush5,1000000,843922.38
318,lrange5,1000000,1292155.00
319,lpush5,1000000,838303.44
319,lrange5,1000000,1228658.50
320,lpush5,1000000,834241.88
320,lrange5,1000000,1199443.62
321,lpush5,1000000,827867.56
321,lrange5,1000000,1251744.62
322,lpush5,1000000,834818.06
322,lrange5,1000000,1295336.75
323,lpush5,1000000,837520.94
323,lrange5,1000000,1295357.50
324,lpush5,1000000,829888.75
324,lrange5,1000000,1288742.25
325,lpush5,1000000,832652.81
325,lrange5,1000000,1269096.50
326,lpush5,1000000,835635.75
326,lrange5,1000000,1292175.75
327,lpush5,1000000,832026.62
327,lrange5,1000000,1256462.25
328,lpush5,1000000,834751.31
328,lrange5,1000000,1199290.12
329,lpush5,1000000,833346.62
329,lrange5,1000000,1295399.00
330,lpush5,1000000,843251.25
330,lrange5,1000000,1288907.12
331,lpush5,1000000,834751.31
331,lrange5,1000000,1245509.38
332,lpush5,1000000,832666.12
332,lrange5,1000000,1292155.00
333,lpush5,1000000,834844.75
333,lrange5,1000000,1197853.88
334,lpush5,1000000,834081.75
334,lrange5,1000000,1280614.62
335,lpush5,1000000,837520.94
335,lrange5,1000000,1295440.38
336,lpush5,1000000,827143.12
336,lrange5,1000000,1292072.38
337,lpush5,1000000,843224.31
337,lrange5,1000000,1237801.88
338,lpush5,1000000,834241.88
338,lrange5,1000000,1280430.25
339,lpush5,1000000,836147.19
339,lrange5,1000000,1164572.75
340,lpush5,1000000,833399.94
340,lrange5,1000000,1189098.62
341,lpush5,1000000,826604.94
341,lrange5,1000000,1265883.50
342,lpush5,1000000,830657.81
342,lrange5,1000000,1280573.62
343,lpush5,1000000,832652.81
343,lrange5,1000000,1265944.25
344,lpush5,1000000,837695.12
344,lrange5,1000000,1277282.25
345,lpush5,1000000,834724.56
345,lrange5,1000000,1251744.62
346,lpush5,1000000,829399.69
346,lrange5,1000000,1285367.62
347,lpush5,1000000,825816.69
347,lrange5,1000000,837735.31
348,lpush5,1000000,511043.44
348,lrange5,1000000,793034.06
349,lpush5,1000000,580157.75
349,lrange5,1000000,1221157.50
350,lpush5,1000000,836873.62
350,lrange5,1000000,1302145.88
351,lpush5,1000000,838926.12
351,lrange5,1000000,1275530.62
352,lpush5,1000000,836187.31
352,lrange5,1000000,1198026.38
353,lpush5,1000000,822381.62
353,lrange5,1000000,1300452.50
354,lpush5,1000000,825135.31
354,lrange5,1000000,1203677.50
355,lpush5,1000000,825122.12
355,lrange5,1000000,1295419.62
356,lpush5,1000000,839033.56
356,lrange5,1000000,1203427.25
357,lpush5,1000000,829280.31
357,lrange5,1000000,1302270.88
358,lpush5,1000000,836980.69
358,lrange5,1000000,1257901.88
359,lpush5,1000000,827262.19
359,lrange5,1000000,1194991.62
360,lpush5,1000000,837695.12
360,lrange5,1000000,1240873.50
361,lpush5,1000000,823203.25
361,lrange5,1000000,1257922.00
362,lpush5,1000000,834028.38
362,lrange5,1000000,1227131.25
363,lpush5,1000000,844594.56
363,lrange5,1000000,1302125.00
364,lpush5,1000000,834201.81
364,lrange5,1000000,1302166.62
365,lpush5,1000000,823124.25
365,lrange5,1000000,1292196.38
366,lpush5,1000000,832066.56
366,lrange5,1000000,1298701.38
367,lpush5,1000000,829293.56
367,lrange5,1000000,1300577.38
368,lpush5,1000000,836873.62
368,lrange5,1000000,1302229.12
369,lpush5,1000000,830671.12
369,lrange5,1000000,1295336.75
370,lpush5,1000000,837561.12
370,lrange5,1000000,1293826.62
371,lpush5,1000000,826552.06
371,lrange5,1000000,1200845.12
372,lpush5,1000000,823216.44
372,lrange5,1000000,1239216.88
373,lpush5,1000000,831374.94
373,lrange5,1000000,1201961.50
374,lpush5,1000000,827156.31
374,lrange5,1000000,1180996.50
375,lpush5,1000000,825763.88
375,lrange5,1000000,1300390.12
376,lpush5,1000000,839630.56
376,lrange5,1000000,1265822.75
377,lpush5,1000000,824586.94
377,lrange5,1000000,1199079.12
378,lpush5,1000000,825816.69
378,lrange5,1000000,1287042.50
379,lpush5,1000000,827156.31
379,lrange5,1000000,1287248.38
380,lpush5,1000000,825896.00
380,lrange5,1000000,1282051.38
381,lpush5,1000000,836120.44
381,lrange5,1000000,1300556.62
382,lpush5,1000000,842527.38
382,lrange5,1000000,1228520.88
383,lpush5,1000000,829888.75
383,lrange5,1000000,1295606.25
384,lpush5,1000000,833453.31
384,lrange5,1000000,1298909.12
385,lpush5,1000000,830604.62
385,lrange5,1000000,1275530.62
386,lpush5,1000000,832812.69
386,lrange5,1000000,1197949.75
387,lpush5,1000000,827129.88
387,lrange5,1000000,1262747.50
388,lpush5,1000000,829386.44
388,lrange5,1000000,1283861.38
389,lpush5,1000000,827315.12
389,lrange5,1000000,1295502.62
390,lpush5,1000000,833439.94
390,lrange5,1000000,1298971.50
391,lpush5,1000000,826578.50
391,lrange5,1000000,1288845.38
392,lpush5,1000000,822447.38
392,lrange5,1000000,1262828.25
393,lpush5,1000000,825095.69
393,lrange5,1000000,1200883.50
394,lpush5,1000000,833373.31
394,lrange5,1000000,1233085.12
395,lpush5,1000000,825975.25
395,lrange5,1000000,1300410.88
396,lpush5,1000000,829227.19
396,lrange5,1000000,1285429.25
397,lpush5,1000000,825856.31
397,lrange5,1000000,1259526.38
398,lpush5,1000000,832013.31
398,lrange5,1000000,1192028.62
399,lpush5,1000000,822407.94
399,lrange5,1000000,1264242.75
400,lpush5,1000000,832812.69
400,lrange5,1000000,1258022.62
401,lpush5,1000000,826459.50
401,lrange5,1000000,1288762.88
402,lpush5,1000000,825135.31
402,lrange5,1000000,1240972.75
403,lpush5,1000000,830724.25
403,lrange5,1000000,1300452.50
404,lpush5,1000000,824415.44
404,lrange5,1000000,1180675.38
405,lpush5,1000000,830697.69
405,lrange5,1000000,1179283.00
406,lpush5,1000000,834028.38
406,lrange5,1000000,1292031.00
407,lpush5,1000000,826565.25
407,lrange5,1000000,1243781.12
408,lpush5,1000000,829426.25
408,lrange5,1000000,1288701.00
409,lpush5,1000000,829240.50
409,lrange5,1000000,1275734.75
410,lpush5,1000000,838330.31
410,lrange5,1000000,1199424.50
411,lpush5,1000000,843210.81
411,lrange5,1000000,1278895.12
412,lpush5,1000000,826644.62
412,lrange5,1000000,1262727.25
413,lpush5,1000000,829227.19
413,lrange5,1000000,1298722.12
414,lpush5,1000000,832652.81
414,lrange5,1000000,1293847.38
415,lpush5,1000000,832692.75
415,lrange5,1000000,1245330.00
416,lpush5,1000000,833453.31
416,lrange5,1000000,1297037.62
417,lpush5,1000000,828000.06
417,lrange5,1000000,1290384.50
418,lpush5,1000000,832053.25
418,lrange5,1000000,1273905.75
419,lpush5,1000000,839805.19
419,lrange5,1000000,1298784.50
420,lpush5,1000000,832013.31
420,lrange5,1000000,1002052.06
421,lpush5,1000000,825293.75
421,lrange5,1000000,1258083.00
422,lpush5,1000000,826578.50
422,lrange5,1000000,1273905.75
423,lpush5,1000000,827341.62
423,lrange5,1000000,1264283.12
424,lpush5,1000000,827129.88
424,lrange5,1000000,1259546.50
425,lpush5,1000000,827867.56
425,lrange5,1000000,1206504.25
426,lpush5,1000000,840551.25
426,lrange5,1000000,1298867.62
427,lpush5,1000000,841858.62
427,lrange5,1000000,1101339.25
428,lpush5,1000000,830750.81
428,lrange5,1000000,1285449.88
429,lpush5,1000000,843935.88
429,lrange5,1000000,1240853.62
430,lpush5,1000000,839818.62
430,lrange5,1000000,1200883.50
431,lpush5,1000000,828579.94
431,lrange5,1000000,1293806.00
432,lpush5,1000000,835475.31
432,lrange5,1000000,1275755.12
433,lpush5,1000000,826459.50
433,lrange5,1000000,1195010.75
434,lpush5,1000000,837695.12
434,lrange5,1000000,1303801.75
435,lpush5,1000000,832746.06
435,lrange5,1000000,1300515.00
436,lpush5,1000000,829187.44
436,lrange5,1000000,1225823.50
437,lpush5,1000000,831946.75
437,lrange5,1000000,1300639.75
438,lpush5,1000000,825174.94
438,lrange5,1000000,1199290.12
439,lpush5,1000000,838223.00
439,lrange5,1000000,1251564.38
440,lpush5,1000000,830737.56
440,lrange5,1000000,1298763.62
441,lpush5,1000000,834041.69
441,lrange5,1000000,1196344.50
442,lpush5,1000000,826001.69
442,lrange5,1000000,1300452.50
443,lpush5,1000000,834724.56
443,lrange5,1000000,1293661.00
444,lpush5,1000000,825882.75
444,lrange5,1000000,1261074.38
445,lpush5,1000000,837681.75
445,lrange5,1000000,1236093.88
446,lpush5,1000000,836133.81
446,lrange5,1000000,1251564.38
447,lpush5,1000000,837047.69
447,lrange5,1000000,1182430.25
448,lpush5,1000000,838236.44
448,lrange5,1000000,1280491.62
449,lpush5,1000000,838236.44
449,lrange5,1000000,1302104.12
450,lpush5,1000000,828513.69
450,lrange5,1000000,1298722.12
451,lpush5,1000000,833506.62
451,lrange5,1000000,903414.62
452,lpush5,1000000,517355.41
452,lrange5,1000000,822394.75
453,lpush5,1000000,551642.56
453,lrange5,1000000,1256361.75
454,lpush5,1000000,834844.75
454,lrange5,1000000,1290363.88
455,lpush5,1000000,829333.38
455,lrange5,1000000,1197949.75
456,lpush5,1000000,827880.81
456,lrange5,1000000,1282297.50
457,lpush5,1000000,843183.81
457,lrange5,1000000,1183772.75
458,lpush5,1000000,841912.50
458,lrange5,1000000,1295336.75
459,lpush5,1000000,838343.69
459,lrange5,1000000,1278915.62
460,lpush5,1000000,838330.31
460,lrange5,1000000,1210750.62
461,lpush5,1000000,839006.69
461,lrange5,1000000,1291989.62
462,lpush5,1000000,832119.81
462,lrange5,1000000,1295336.75
463,lpush5,1000000,827880.81
463,lrange5,1000000,1259466.00
464,lpush5,1000000,841804.75
464,lrange5,1000000,1206504.25
465,lpush5,1000000,830048.12
465,lrange5,1000000,1295378.25
466,lpush5,1000000,836833.44
466,lrange5,1000000,1293826.62
467,lpush5,1000000,838926.12
467,lrange5,1000000,1257942.12
468,lpush5,1000000,836294.31
468,lrange5,1000000,1298805.25
469,lpush5,1000000,833346.62
469,lrange5,1000000,1199482.00
470,lpush5,1000000,838223.00
470,lrange5,1000000,1298722.12
471,lpush5,1000000,827827.88
471,lrange5,1000000,1180826.50
472,lpush5,1000000,833386.62
472,lrange5,1000000,1184985.75
473,lpush5,1000000,825909.19
473,lrange5,1000000,1295336.75
474,lpush5,1000000,836833.44
474,lrange5,1000000,1302250.00
475,lpush5,1000000,828500.38
475,lrange5,1000000,1278772.38
476,lpush5,1000000,836160.56
476,lrange5,1000000,1300494.12
477,lpush5,1000000,830101.19
477,lrange5,1000000,1259466.00
478,lpush5,1000000,833519.94
478,lrange5,1000000,1245389.88
479,lpush5,1000000,834778.00
479,lrange5,1000000,1189117.75
480,lpush5,1000000,835488.69
480,lrange5,1000000,1298763.62
481,lpush5,1000000,834041.69
481,lrange5,1000000,1278854.25
482,lpush5,1000000,831335.00
482,lrange5,1000000,1227013.50
483,lpush5,1000000,828513.69
483,lrange5,1000000,1297120.62
484,lpush5,1000000,844648.62
484,lrange5,1000000,1273905.75
485,lpush5,1000000,832173.00
485,lrange5,1000000,1300473.38
486,lpush5,1000000,831361.62
486,lrange5,1000000,1297224.38
487,lpush5,1000000,831374.94
487,lrange5,1000000,1287186.62
488,lpush5,1000000,828725.75
488,lrange5,1000000,1285408.75
489,lpush5,1000000,837574.56
489,lrange5,1000000,1300535.75
490,lpush5,1000000,830724.25
490,lrange5,1000000,1282194.88
491,lpush5,1000000,832639.50
491,lrange5,1000000,1298784.50
492,lpush5,1000000,827920.56
492,lrange5,1000000,1193470.12
493,lpush5,1000000,827328.38
493,lrange5,1000000,1199462.88
494,lpush5,1000000,834938.25
494,lrange5,1000000,1240714.62
495,lpush5,1000000,836913.75
495,lrange5,1000000,1205262.62
496,lpush5,1000000,839697.75
496,lrange5,1000000,1197873.12
497,lpush5,1000000,830087.94
497,lrange5,1000000,1288824.75
498,lpush5,1000000,831268.50
498,lrange5,1000000,1305692.00
499,lpush5,1000000,827880.81
499,lrange5,1000000,1300494.12
500,lpush5,1000000,831361.62
500,lrange5,1000000,1298701.38
501,lpush5,1000000,834898.19
501,lrange5,1000000,1266005.00
502,lpush5,1000000,829981.69
502,lrange5,1000000,1264404.50
503,lpush5,1000000,828725.75
503,lrange5,1000000,1194838.75
504,lpush5,1000000,841096.69
504,lrange5,1000000,1298909.12
505,lpush5,1000000,827880.81
505,lrange5,1000000,1298784.50
506,lpush5,1000000,841764.31
506,lrange5,1000000,1203523.50
507,lpush5,1000000,836820.06
507,lrange5,1000000,1196267.88
508,lpush5,1000000,837668.31
508,lrange5,1000000,1224009.88
509,lpush5,1000000,840389.88
509,lrange5,1000000,1300556.62
510,lpush5,1000000,826552.06
510,lrange5,1000000,1265883.50
511,lpush5,1000000,838263.25
511,lrange5,1000000,1302104.12
512,lpush5,1000000,581432.56
512,lrange5,1000000,1285347.00
513,lpush5,1000000,841123.62
513,lrange5,1000000,1290363.88
514,lpush5,1000000,833333.31
514,lrange5,1000000,1193737.50
515,lpush5,1000000,841110.19
515,lrange5,1000000,1300431.75
516,lpush5,1000000,834938.25
516,lrange5,1000000,1278895.12
517,lpush5,1000000,826552.06
517,lrange5,1000000,1282215.38
518,lpush5,1000000,831973.38
518,lrange5,1000000,1290363.88
519,lpush5,1000000,833559.94
519,lrange5,1000000,1019531.06
520,lpush5,1000000,830564.81
520,lrange5,1000000,1290322.62
521,lpush5,1000000,836927.19
521,lrange5,1000000,1280594.12
522,lpush5,1000000,839140.94
522,lrange5,1000000,1228678.12
523,lpush5,1000000,831414.81
523,lrange5,1000000,1256341.75
524,lpush5,1000000,832746.06
524,lrange5,1000000,1193355.62
525,lpush5,1000000,831468.06
525,lrange5,1000000,1192162.12
526,lpush5,1000000,836873.62
526,lrange5,1000000,1253132.88
527,lpush5,1000000,832666.12
527,lrange5,1000000,1192028.62
528,lpush5,1000000,826485.94
528,lrange5,1000000,1197796.50
529,lpush5,1000000,837708.56
529,lrange5,1000000,1213825.25
530,lpush5,1000000,827129.88
530,lrange5,1000000,1295378.25
531,lpush5,1000000,834818.06
531,lrange5,1000000,1254745.25
532,lpush5,1000000,835582.25
532,lrange5,1000000,1230012.25
533,lpush5,1000000,831321.75
533,lrange5,1000000,1295440.38
534,lpush5,1000000,843183.81
534,lrange5,1000000,1194896.00
535,lpush5,1000000,832812.69
535,lrange5,1000000,1199251.75
536,lpush5,1000000,830591.38
536,lrange5,1000000,1295378.25
537,lpush5,1000000,843318.75
537,lrange5,1000000,1292237.75
538,lpush5,1000000,841123.62
538,lrange5,1000000,1197662.25
539,lpush5,1000000,839818.62
539,lrange5,1000000,1004064.25
540,lpush5,1000000,516144.50
540,lrange5,1000000,1063914.88
541,lpush5,1000000,829306.81
541,lrange5,1000000,1202038.38
542,lpush5,1000000,837534.31
542,lrange5,1000000,1200557.00
543,lpush5,1000000,845403.25
543,lrange5,1000000,1297037.62
544,lpush5,1000000,843183.81
544,lrange5,1000000,1230012.25
545,lpush5,1000000,836873.62
545,lrange5,1000000,1280450.62
546,lpush5,1000000,836307.69
546,lrange5,1000000,1302166.62
547,lpush5,1000000,830564.81
547,lrange5,1000000,1190819.12
548,lpush5,1000000,770502.31
548,lrange5,1000000,1197988.00
549,lpush5,1000000,830021.56
549,lrange5,1000000,1295336.75
550,lpush5,1000000,839858.94
550,lrange5,1000000,1273946.50
551,lpush5,1000000,837735.31
551,lrange5,1000000,1245350.00
552,lpush5,1000000,836214.06
552,lrange5,1000000,1251744.62
553,lpush5,1000000,830644.50
553,lrange5,1000000,1278813.25
554,lpush5,1000000,842621.69
554,lrange5,1000000,1293743.88
555,lpush5,1000000,836160.56
555,lrange5,1000000,1189098.62
556,lpush5,1000000,843949.44
556,lrange5,1000000,1203735.25
557,lpush5,1000000,827814.62
557,lrange5,1000000,1202173.00
558,lpush5,1000000,825790.25
558,lrange5,1000000,1265883.50
559,lpush5,1000000,834831.44
559,lrange5,1000000,1295336.75
560,lpush5,1000000,839738.06
560,lrange5,1000000,1288701.00
561,lpush5,1000000,832692.75
561,lrange5,1000000,1282236.00
562,lpush5,1000000,838276.62
562,lrange5,1000000,1231684.75
563,lpush5,1000000,828619.69
563,lrange5,1000000,1288659.75
564,lpush5,1000000,841858.62
564,lrange5,1000000,1298722.12
565,lpush5,1000000,832000.00
565,lrange5,1000000,1282236.00
566,lpush5,1000000,828646.19
566,lrange5,1000000,1292031.00
567,lpush5,1000000,835488.69
567,lrange5,1000000,1287042.50
568,lpush5,1000000,832826.00
568,lrange5,1000000,1300390.12
569,lpush5,1000000,829267.00
569,lrange5,1000000,1285470.50
570,lpush5,1000000,835528.81
570,lrange5,1000000,1302187.50
571,lpush5,1000000,834965.00
571,lrange5,1000000,1302208.38
572,lpush5,1000000,839140.94
572,lrange5,1000000,1287227.75
573,lpush5,1000000,828513.69
573,lrange5,1000000,1298722.12
574,lpush5,1000000,832652.81
574,lrange5,1000000,1302083.38
575,lpush5,1000000,831960.06
575,lrange5,1000000,1302187.50
576,lpush5,1000000,828540.19
576,lrange5,1000000,1293723.12
577,lpush5,1000000,828526.94
577,lrange5,1000000,1302270.88
578,lpush5,1000000,838939.56
578,lrange5,1000000,1193661.12
579,lpush5,1000000,836994.12
579,lrange5,1000000,1256462.25
580,lpush5,1000000,825803.50
580,lrange5,1000000,1274109.50
581,lpush5,1000000,838276.62
581,lrange5,1000000,1278874.62
582,lpush5,1000000,839711.19
582,lrange5,1000000,1183640.25
583,lpush5,1000000,833346.62
583,lrange5,1000000,1200576.25
584,lpush5,1000000,840551.25
584,lrange5,1000000,1186277.62
585,lpush5,1000000,831321.75
585,lrange5,1000000,1246942.62
586,lpush5,1000000,834778.00
586,lrange5,1000000,1246942.62
587,lpush5,1000000,839644.00
587,lrange5,1000000,817006.56
588,lpush5,1000000,843183.81
588,lrange5,1000000,1267589.38
589,lpush5,1000000,834884.81
589,lrange5,1000000,1303968.62
590,lpush5,1000000,834791.38
590,lrange5,1000000,1201923.00
591,lpush5,1000000,830604.62
591,lrange5,1000000,1298784.50
592,lpush5,1000000,836133.81
592,lrange5,1000000,1303843.50
593,lpush5,1000000,832826.00
593,lrange5,1000000,1278915.62
594,lpush5,1000000,844621.62
594,lrange5,1000000,1291989.62
595,lpush5,1000000,827894.06
595,lrange5,1000000,1206600.75
596,lpush5,1000000,827341.62
596,lrange5,1000000,1302250.00
597,lpush5,1000000,840443.69
597,lrange5,1000000,1265822.75
598,lpush5,1000000,841804.75
598,lrange5,1000000,1196478.38
599,lpush5,1000000,835488.69
599,lrange5,1000000,1283902.50
600,lpush5,1000000,836833.44
600,lrange5,1000000,835448.62
601,lpush5,1000000,522541.25
601,lrange5,1000000,809087.44
602,lpush5,1000000,680789.69
602,lrange5,1000000,1202307.62
603,lpush5,1000000,829267.00
603,lrange5,1000000,1298805.25
604,lpush5,1000000,821811.00
604,lrange5,1000000,1203388.75
605,lpush5,1000000,837034.25
605,lrange5,1000000,1305629.25
606,lpush5,1000000,835635.75
606,lrange5,1000000,1274048.38
607,lpush5,1000000,836160.56
607,lrange5,1000000,1187876.50
608,lpush5,1000000,831281.81
608,lrange5,1000000,1297016.88
609,lpush5,1000000,837574.56
609,lrange5,1000000,1282051.38
610,lpush5,1000000,834215.19
610,lrange5,1000000,1275673.50
611,lpush5,1000000,830087.94
611,lrange5,1000000,1253173.00
612,lpush5,1000000,819737.69
612,lrange5,1000000,1293806.00
613,lpush5,1000000,836133.81
613,lrange5,1000000,941619.56
614,lpush5,1000000,699846.06
614,lrange5,1000000,1283697.12
615,lpush5,1000000,830114.50
615,lrange5,1000000,1273926.12
616,lpush5,1000000,827196.06
616,lrange5,1000000,1205012.12
617,lpush5,1000000,826446.25
617,lrange5,1000000,1190819.12
618,lpush5,1000000,830578.06
618,lrange5,1000000,1292155.00
619,lpush5,1000000,819118.81
619,lrange5,1000000,1173896.75
620,lpush5,1000000,832013.31
620,lrange5,1000000,1259667.50
621,lpush5,1000000,836227.44
621,lrange5,1000000,1192124.00
622,lpush5,1000000,833519.94
622,lrange5,1000000,1267609.62
623,lpush5,1000000,841096.69
623,lrange5,1000000,1199079.12
624,lpush5,1000000,840551.25
624,lrange5,1000000,1280409.75
625,lpush5,1000000,836927.19
625,lrange5,1000000,1287166.00
626,lpush5,1000000,825763.88
626,lrange5,1000000,1283738.12
627,lpush5,1000000,840443.69
627,lrange5,1000000,1273966.88
628,lpush5,1000000,832666.12
628,lrange5,1000000,1243860.62
629,lpush5,1000000,841096.69
629,lrange5,1000000,1187857.50
630,lpush5,1000000,838236.44
630,lrange5,1000000,1204877.12
631,lpush5,1000000,830697.69
631,lrange5,1000000,1292217.12
632,lpush5,1000000,832093.19
632,lrange5,1000000,1126162.12
633,lpush5,1000000,839100.62
633,lrange5,1000000,1267447.50
634,lpush5,1000000,846240.25
634,lrange5,1000000,1246942.62
635,lpush5,1000000,831308.44
635,lrange5,1000000,852651.31
636,lpush5,1000000,755395.75
636,lrange5,1000000,1253213.12
637,lpush5,1000000,819790.12
637,lrange5,1000000,1209209.12
638,lpush5,1000000,838383.94
638,lrange5,1000000,1288742.25
639,lpush5,1000000,826459.50
639,lrange5,1000000,1209422.00
640,lpush5,1000000,825816.69
640,lrange5,1000000,1253152.88
641,lpush5,1000000,832852.62
641,lrange5,1000000,1250020.00
642,lpush5,1000000,837007.50
642,lrange5,1000000,1302166.62
643,lpush5,1000000,830724.25
643,lrange5,1000000,1202000.00
644,lpush5,1000000,834924.94
644,lrange5,1000000,1202134.62
645,lpush5,1000000,828672.75
645,lrange5,1000000,1205050.62
646,lpush5,1000000,821837.31
646,lrange5,1000000,951596.56
647,lpush5,1000000,836227.44
647,lrange5,1000000,1287042.50
648,lpush5,1000000,833466.62
648,lrange5,1000000,1275510.25
649,lpush5,1000000,829941.88
649,lrange5,1000000,1290363.88
650,lpush5,1000000,821018.00
650,lrange5,1000000,1194896.00
651,lpush5,1000000,834844.75
651,lrange5,1000000,1272264.62
652,lpush5,1000000,829412.94
652,lrange5,1000000,1256442.25
653,lpush5,1000000,836173.94
653,lrange5,1000000,1202307.62
654,lpush5,1000000,836227.44
654,lrange5,1000000,1196459.25
655,lpush5,1000000,832692.75
655,lrange5,1000000,1297099.88
656,lpush5,1000000,833479.94
656,lrange5,1000000,1265924.00
657,lpush5,1000000,827301.94
657,lrange5,1000000,1282071.88
658,lpush5,1000000,827814.62
658,lrange5,1000000,1207826.12
659,lpush5,1000000,833493.31
659,lrange5,1000000,1275530.62
660,lpush5,1000000,840497.44
660,lrange5,1000000,1278772.38
661,lpush5,1000000,838330.31
661,lrange5,1000000,1297099.88
662,lpush5,1000000,827880.81
662,lrange5,1000000,1280594.12
663,lpush5,1000000,827920.56
663,lrange5,1000000,1189422.12
664,lpush5,1000000,831321.75
664,lrange5,1000000,1298826.00
665,lpush5,1000000,840430.19
665,lrange5,1000000,1303989.50
666,lpush5,1000000,831973.38
666,lrange5,1000000,996207.25
667,lpush5,1000000,817674.56
667,lrange5,1000000,1246922.75
668,lpush5,1000000,832000.00
668,lrange5,1000000,1224146.88
669,lpush5,1000000,826618.12
669,lrange5,1000000,1293702.50
670,lpush5,1000000,834148.44
670,lrange5,1000000,1251584.50
671,lpush5,1000000,827182.81
671,lrange5,1000000,1192143.00
672,lpush5,1000000,819724.56
672,lrange5,1000000,1243781.12
673,lpush5,1000000,823124.25
673,lrange5,1000000,1193355.62
674,lpush5,1000000,829399.69
674,lrange5,1000000,1267569.12
675,lpush5,1000000,826631.38
675,lrange5,1000000,1193489.25
676,lpush5,1000000,821863.62
676,lrange5,1000000,1274007.62
677,lpush5,1000000,830604.62
677,lrange5,1000000,1302229.12
678,lpush5,1000000,827288.69
678,lrange5,1000000,1208038.62
679,lpush5,1000000,830578.06
679,lrange5,1000000,1254865.75
680,lpush5,1000000,834818.06
680,lrange5,1000000,1216681.25
681,lpush5,1000000,838330.31
681,lrange5,1000000,1298722.12
682,lpush5,1000000,823868.19
682,lrange5,1000000,1298867.62
683,lpush5,1000000,834081.75
683,lrange5,1000000,1303885.25
684,lpush5,1000000,831308.44
684,lrange5,1000000,909134.50
685,lpush5,1000000,837047.69
685,lrange5,1000000,1272346.00
686,lpush5,1000000,836994.12
686,lrange5,1000000,1282236.00
687,lpush5,1000000,833533.31
687,lrange5,1000000,1298909.12
688,lpush5,1000000,833439.94
688,lrange5,1000000,1200710.62
689,lpush5,1000000,827986.81
689,lrange5,1000000,1248539.38
690,lpush5,1000000,828646.19
690,lrange5,1000000,1202269.25
691,lpush5,1000000,832159.69
691,lrange5,1000000,1196631.50
692,lpush5,1000000,835435.25
692,lrange5,1000000,1216622.88
693,lpush5,1000000,832652.81
693,lrange5,1000000,1295564.75
694,lpush5,1000000,829888.75
694,lrange5,1000000,1288659.75
695,lpush5,1000000,848339.25
695,lrange5,1000000,1273946.50
696,lpush5,1000000,834135.12
696,lrange5,1000000,1285367.62
697,lpush5,1000000,837614.75
697,lrange5,1000000,962787.25
698,lpush5,1000000,838397.38
698,lrange5,1000000,1242335.38
699,lpush5,1000000,824415.44
699,lrange5,1000000,1179301.88
700,lpush5,1000000,823947.31
700,lrange5,1000000,1285347.00
701,lpush5,1000000,839100.62
701,lrange5,1000000,1179509.50
702,lpush5,1000000,826578.50
702,lrange5,1000000,1277282.25
703,lpush5,1000000,824441.81
703,lrange5,1000000,1221157.50
704,lpush5,1000000,834724.56
704,lrange5,1000000,1197681.50
705,lpush5,1000000,831441.44
705,lrange5,1000000,1209518.75
706,lpush5,1000000,837574.56
706,lrange5,1000000,1234706.12
707,lpush5,1000000,834965.00
707,lrange5,1000000,1282236.00
708,lpush5,1000000,836227.44
708,lrange5,1000000,1202038.38
709,lpush5,1000000,827854.31
709,lrange5,1000000,1198026.38
710,lpush5,1000000,833493.31
710,lrange5,1000000,1191952.38
711,lpush5,1000000,827209.25
711,lrange5,1000000,1206330.50
712,lpush5,1000000,838383.94
712,lrange5,1000000,1172333.00
713,lpush5,1000000,836953.94
713,lrange5,1000000,1288680.38
714,lpush5,1000000,831454.75
714,lrange5,1000000,1283840.88
715,lpush5,1000000,832799.38
715,lrange5,1000000,1248479.38
716,lpush5,1000000,828513.69
716,lrange5,1000000,1285367.62
717,lpush5,1000000,839738.06
717,lrange5,1000000,1290405.25
718,lpush5,1000000,831348.31
718,lrange5,1000000,818474.62
719,lpush5,1000000,825161.69
719,lrange5,1000000,1267508.25
720,lpush5,1000000,836187.31
720,lrange5,1000000,1202326.88
721,lpush5,1000000,839087.25
721,lrange5,1000000,1297099.88
722,lpush5,1000000,828013.31
722,lrange5,1000000,1221294.25
723,lpush5,1000000,821732.12
723,lrange5,1000000,1251784.75
724,lpush5,1000000,832692.75
724,lrange5,1000000,1280655.50
725,lpush5,1000000,826552.06
725,lrange5,1000000,1277200.50
726,lpush5,1000000,837628.12
726,lrange5,1000000,1297079.12
727,lpush5,1000000,831321.75
727,lrange5,1000000,1200653.00
728,lpush5,1000000,832106.50
728,lrange5,1000000,1253193.00
729,lpush5,1000000,835421.88
729,lrange5,1000000,1280635.00
730,lpush5,1000000,828606.44
730,lrange5,1000000,1269137.12
731,lpush5,1000000,829320.06
731,lrange5,1000000,1302145.88
732,lpush5,1000000,824455.00
732,lrange5,1000000,1204877.12
733,lpush5,1000000,829267.00
733,lrange5,1000000,1212257.00
734,lpush5,1000000,840376.44
734,lrange5,1000000,1280450.62
735,lpush5,1000000,833453.31
735,lrange5,1000000,1295481.88
736,lpush5,1000000,834938.25
736,lrange5,1000000,1303801.75
737,lpush5,1000000,843224.31
737,lrange5,1000000,1236173.00
738,lpush5,1000000,834095.06
738,lrange5,1000000,922642.06
739,lpush5,1000000,750979.00
739,lrange5,1000000,1295440.38
740,lpush5,1000000,823775.94
740,lrange5,1000000,1283820.25
741,lpush5,1000000,830101.19
741,lrange5,1000000,1270648.00
742,lpush5,1000000,836940.56
742,lrange5,1000000,1253353.38
743,lpush5,1000000,835595.62
743,lrange5,1000000,1303843.50
744,lpush5,1000000,837007.50
744,lrange5,1000000,1168373.88
745,lpush5,1000000,834778.00
745,lrange5,1000000,1253333.38
746,lpush5,1000000,843278.25
746,lrange5,1000000,1300598.25
747,lpush5,1000000,829293.56
747,lrange5,1000000,1274007.62
748,lpush5,1000000,836120.44
748,lrange5,1000000,1282051.38
749,lpush5,1000000,843237.81
749,lrange5,1000000,1248479.38
750,lpush5,1000000,836334.44
750,lrange5,1000000,1293847.38
751,lpush5,1000000,842675.62
751,lrange5,1000000,1274028.00
752,lpush5,1000000,833346.62
752,lrange5,1000000,817006.56
753,lpush5,1000000,809216.88
753,lrange5,1000000,1283861.38
754,lpush5,1000000,829240.50
754,lrange5,1000000,1280594.12
755,lpush5,1000000,834068.38
755,lrange5,1000000,1274028.00
756,lpush5,1000000,828606.44
756,lrange5,1000000,1186467.38
757,lpush5,1000000,827867.56
757,lrange5,1000000,1256361.75
758,lpush5,1000000,834215.19
758,lrange5,1000000,1287166.00
759,lpush5,1000000,839697.75
759,lrange5,1000000,1236133.50
760,lpush5,1000000,831268.50
760,lrange5,1000000,1280471.12
761,lpush5,1000000,827880.81
761,lrange5,1000000,1177969.38
762,lpush5,1000000,838451.00
762,lrange5,1000000,1187876.50
763,lpush5,1000000,830617.94
763,lrange5,1000000,1253132.88
764,lpush5,1000000,829240.50
764,lrange5,1000000,1233045.62
765,lpush5,1000000,827894.06
765,lrange5,1000000,1193508.38
766,lpush5,1000000,831973.38
766,lrange5,1000000,1267488.00
767,lpush5,1000000,825227.69
767,lrange5,1000000,1280491.62
768,lpush5,1000000,828540.19
768,lrange5,1000000,1257942.12
769,lpush5,1000000,840537.75
769,lrange5,1000000,1186467.38
770,lpush5,1000000,827209.25
770,lrange5,1000000,1237643.50
771,lpush5,1000000,825254.12
771,lrange5,1000000,1282051.38
772,lpush5,1000000,825975.25
772,lrange5,1000000,1280471.12
773,lpush5,1000000,824402.25
773,lrange5,1000000,1234686.38
774,lpush5,1000000,824507.81
774,lrange5,1000000,1270770.00
775,lpush5,1000000,829293.56
775,lrange5,1000000,1273905.75
776,lpush5,1000000,828659.50
776,lrange5,1000000,1163125.50
777,lpush5,1000000,839805.19
777,lrange5,1000000,1278792.88
778,lpush5,1000000,822539.50
778,lrange5,1000000,1292175.75
779,lpush5,1000000,823775.94
779,lrange5,1000000,1290425.88
780,lpush5,1000000,823137.44
780,lrange5,1000000,1288845.38
781,lpush5,1000000,841925.94
781,lrange5,1000000,1285367.62
782,lpush5,1000000,829240.50
782,lrange5,1000000,1290508.38
783,lpush5,1000000,829213.94
783,lrange5,1000000,1288701.00
784,lpush5,1000000,831428.12
784,lrange5,1000000,1288762.88
785,lpush5,1000000,829267.00
785,lrange5,1000000,1250000.00
786,lpush5,1000000,834858.12
786,lrange5,1000000,1221001.25
787,lpush5,1000000,830617.94
787,lrange5,1000000,1259586.88
788,lpush5,1000000,837641.56
788,lrange5,1000000,1262646.50
789,lpush5,1000000,839791.81
789,lrange5,1000000,1172520.50
790,lpush5,1000000,823058.44
790,lrange5,1000000,1273966.88
791,lpush5,1000000,839764.94
791,lrange5,1000000,1218046.38
792,lpush5,1000000,829875.50
792,lrange5,1000000,1190552.38
793,lpush5,1000000,840510.88
793,lrange5,1000000,1285367.62
794,lpush5,1000000,841123.62
794,lrange5,1000000,1283697.12
795,lpush5,1000000,839805.19
795,lrange5,1000000,1293847.38
796,lpush5,1000000,834938.25
796,lrange5,1000000,1293681.75
797,lpush5,1000000,829253.75
797,lrange5,1000000,1293764.50
798,lpush5,1000000,832812.69
798,lrange5,1000000,1274048.38
799,lpush5,1000000,842500.38
799,lrange5,1000000,1259445.75
800,lpush5,1000000,831986.69
800,lrange5,1000000,1190495.25
801,lpush5,1000000,832692.75
801,lrange5,1000000,1269055.88
802,lpush5,1000000,835462.00
802,lrange5,1000000,1283840.88
803,lpush5,1000000,830578.06
803,lrange5,1000000,1245409.75
804,lpush5,1000000,833453.31
804,lrange5,1000000,1285347.00
805,lpush5,1000000,834898.19
805,lrange5,1000000,1248499.38
806,lpush5,1000000,830564.81
806,lrange5,1000000,1267589.38
807,lpush5,1000000,845484.38
807,lrange5,1000000,1300431.75
808,lpush5,1000000,832159.69
808,lrange5,1000000,1293764.50
809,lpush5,1000000,835475.31
809,lrange5,1000000,1298909.12
810,lpush5,1000000,831946.75
810,lrange5,1000000,1194838.75
811,lpush5,1000000,827301.94
811,lrange5,1000000,1264343.88
812,lpush5,1000000,831308.44
812,lrange5,1000000,1300410.88
813,lpush5,1000000,834215.19
813,lrange5,1000000,1200922.00
814,lpush5,1000000,836267.56
814,lrange5,1000000,1282051.38
815,lpush5,1000000,834764.62
815,lrange5,1000000,1292031.00
816,lpush5,1000000,833399.94
816,lrange5,1000000,815282.81
817,lpush5,1000000,822421.06
817,lrange5,1000000,1278915.62
818,lpush5,1000000,829902.06
818,lrange5,1000000,1251644.50
819,lpush5,1000000,823097.94
819,lrange5,1000000,1280430.25
820,lpush5,1000000,822407.94
820,lrange5,1000000,1200537.75
821,lpush5,1000000,826525.62
821,lrange5,1000000,1199366.88
822,lpush5,1000000,829359.88
822,lrange5,1000000,1259607.00
823,lpush5,1000000,830631.25
823,lrange5,1000000,1197968.88
824,lpush5,1000000,831960.06
824,lrange5,1000000,1202153.88
825,lpush5,1000000,835488.69
825,lrange5,1000000,1236093.88
826,lpush5,1000000,831308.44
826,lrange5,1000000,1297182.88
827,lpush5,1000000,830008.25
827,lrange5,1000000,1290322.62
828,lpush5,1000000,841818.19
828,lrange5,1000000,1206620.00
829,lpush5,1000000,841096.69
829,lrange5,1000000,1040582.69
830,lpush5,1000000,830697.69
830,lrange5,1000000,1285347.00
831,lpush5,1000000,826552.06
831,lrange5,1000000,1264263.00
832,lpush5,1000000,825293.75
832,lrange5,1000000,1210886.25
833,lpush5,1000000,834041.69
833,lrange5,1000000,1303780.88
834,lpush5,1000000,830604.62
834,lrange5,1000000,1224068.62
835,lpush5,1000000,827182.81
835,lrange5,1000000,1292196.38
836,lpush5,1000000,826618.12
836,lrange5,1000000,1190590.50
837,lpush5,1000000,836953.94
837,lrange5,1000000,1261034.12
838,lpush5,1000000,833399.94
838,lrange5,1000000,1221059.88
839,lpush5,1000000,829333.38
839,lrange5,1000000,1251684.62
840,lpush5,1000000,834871.50
840,lrange5,1000000,1290549.75
841,lpush5,1000000,834135.12
841,lrange5,1000000,1298722.12
842,lpush5,1000000,837748.75
842,lrange5,1000000,1300431.75
843,lpush5,1000000,832652.81
843,lrange5,1000000,1253132.88
844,lpush5,1000000,828566.69
844,lrange5,1000000,1288762.88
845,lpush5,1000000,824441.81
845,lrange5,1000000,1298867.62
846,lpush5,1000000,837628.12
846,lrange5,1000000,798288.88
847,lpush5,1000000,836280.94
847,lrange5,1000000,1303843.50
848,lpush5,1000000,843881.88
848,lrange5,1000000,1292196.38
849,lpush5,1000000,828712.50
849,lrange5,1000000,1302145.88
850,lpush5,1000000,830684.38
850,lrange5,1000000,1303822.62
851,lpush5,1000000,836133.81
851,lrange5,1000000,1275551.00
852,lpush5,1000000,833399.94
852,lrange5,1000000,1303947.88
853,lpush5,1000000,843278.25
853,lrange5,1000000,1287104.25
854,lpush5,1000000,837681.75
854,lrange5,1000000,1290405.25
855,lpush5,1000000,824415.44
855,lrange5,1000000,1298867.62
856,lpush5,1000000,825763.88
856,lrange5,1000000,1206581.38
857,lpush5,1000000,831295.12
857,lrange5,1000000,1227013.50
858,lpush5,1000000,837534.31
858,lrange5,1000000,1297203.62
859,lpush5,1000000,832799.38
859,lrange5,1000000,1287186.62
860,lpush5,1000000,831428.12
860,lrange5,1000000,1305692.00
861,lpush5,1000000,831281.81
861,lrange5,1000000,1208135.25
862,lpush5,1000000,836307.69
862,lrange5,1000000,1196555.00
863,lpush5,1000000,829928.62
863,lrange5,1000000,1210711.88
864,lpush5,1000000,832186.31
864,lrange5,1000000,1207845.38
865,lpush5,1000000,829240.50
865,lrange5,1000000,1256462.25
866,lpush5,1000000,829968.44
866,lrange5,1000000,1282174.38
867,lpush5,1000000,834188.50
867,lrange5,1000000,1202038.38
868,lpush5,1000000,831946.75
868,lrange5,1000000,1300535.75
869,lpush5,1000000,826459.50
869,lrange5,1000000,1302104.12
870,lpush5,1000000,833333.31
870,lrange5,1000000,1303780.88
871,lpush5,1000000,831973.38
871,lrange5,1000000,1205204.88
872,lpush5,1000000,830074.69
872,lrange5,1000000,1209402.62
873,lpush5,1000000,836980.69
873,lrange5,1000000,1278792.88
874,lpush5,1000000,840430.19
874,lrange5,1000000,1243801.00
875,lpush5,1000000,834081.75
875,lrange5,1000000,1290425.88
876,lpush5,1000000,833386.62
876,lrange5,1000000,1303864.38
877,lpush5,1000000,835609.00
877,lrange5,1000000,1197968.88
878,lpush5,1000000,827143.12
878,lrange5,1000000,1121165.88
879,lpush5,1000000,825135.31
879,lrange5,1000000,1200480.12
880,lpush5,1000000,834778.00
880,lrange5,1000000,1267589.38
881,lpush5,1000000,825201.31
881,lrange5,1000000,1222630.75
882,lpush5,1000000,838437.56
882,lrange5,1000000,1251584.50
883,lpush5,1000000,830710.94
883,lrange5,1000000,1302145.88
884,lpush5,1000000,832159.69
884,lrange5,1000000,1278772.38
885,lpush5,1000000,832652.81
885,lrange5,1000000,1273885.25
886,lpush5,1000000,836980.69
886,lrange5,1000000,1262747.50
887,lpush5,1000000,832759.38
887,lrange5,1000000,1253193.00
888,lpush5,1000000,834135.12
888,lrange5,1000000,1295502.62
889,lpush5,1000000,840484.00
889,lrange5,1000000,1199462.88
890,lpush5,1000000,830578.06
890,lrange5,1000000,1272325.62
891,lpush5,1000000,835488.69
891,lrange5,1000000,1302104.12
892,lpush5,1000000,827341.62
892,lrange5,1000000,1204992.75
893,lpush5,1000000,825988.44
893,lrange5,1000000,809923.88
894,lpush5,1000000,823084.75
894,lrange5,1000000,1277139.25
895,lpush5,1000000,836887.00
895,lrange5,1000000,1287083.62
896,lpush5,1000000,832826.00
896,lrange5,1000000,1285449.88
897,lpush5,1000000,835515.44
897,lrange5,1000000,1253132.88
898,lpush5,1000000,842689.12
898,lrange5,1000000,1282051.38
899,lpush5,1000000,843372.69
899,lrange5,1000000,1297037.62
900,lpush5,1000000,830578.06
900,lrange5,1000000,1277364.00
901,lpush5,1000000,839087.25
901,lrange5,1000000,1202057.62
902,lpush5,1000000,828606.44
902,lrange5,1000000,1196172.25
903,lpush5,1000000,829412.94
903,lrange5,1000000,1189498.12
904,lpush5,1000000,827222.50
904,lrange5,1000000,1186391.50
905,lpush5,1000000,827182.81
905,lrange5,1000000,1192295.62
906,lpush5,1000000,821758.44
906,lrange5,1000000,1230051.62
907,lpush5,1000000,821692.69
907,lrange5,1000000,1189250.88
908,lpush5,1000000,831295.12
908,lrange5,1000000,1172520.50
909,lpush5,1000000,827841.12
909,lrange5,1000000,1186353.50
910,lpush5,1000000,836347.81
910,lrange5,1000000,1193756.62
911,lpush5,1000000,836860.19
911,lrange5,1000000,1186429.38
912,lpush5,1000000,835435.25
912,lrange5,1000000,1275510.25
913,lpush5,1000000,835515.44
913,lrange5,1000000,1273966.88
914,lpush5,1000000,841858.62
914,lrange5,1000000,1297182.88
915,lpush5,1000000,841096.69
915,lrange5,1000000,1295399.00
916,lpush5,1000000,834095.06
916,lrange5,1000000,1278977.00
917,lpush5,1000000,838236.44
917,lrange5,1000000,1199079.12
918,lpush5,1000000,827867.56
918,lrange5,1000000,1297224.38
919,lpush5,1000000,831255.25
919,lrange5,1000000,1196516.75
920,lpush5,1000000,830021.56
920,lrange5,1000000,1275693.88
921,lpush5,1000000,833506.62
921,lrange5,1000000,1195010.75
922,lpush5,1000000,836120.44
922,lrange5,1000000,930336.69
923,lpush5,1000000,743072.81
923,lrange5,1000000,1280471.12
924,lpush5,1000000,832652.81
924,lrange5,1000000,1280471.12
925,lpush5,1000000,829968.44
925,lrange5,1000000,1278854.25
926,lpush5,1000000,825148.50
926,lrange5,1000000,1250180.00
927,lpush5,1000000,837601.31
927,lrange5,1000000,1250240.00
928,lpush5,1000000,843399.69
928,lrange5,1000000,1298805.25
929,lpush5,1000000,828513.69
929,lrange5,1000000,1292010.38
930,lpush5,1000000,840484.00
930,lrange5,1000000,1264242.75
931,lpush5,1000000,829200.69
931,lrange5,1000000,1298722.12
932,lpush5,1000000,839805.19
932,lrange5,1000000,1300577.38
933,lpush5,1000000,836160.56
933,lrange5,1000000,1292031.00
934,lpush5,1000000,828553.44
934,lrange5,1000000,1303780.88
935,lpush5,1000000,832106.50
935,lrange5,1000000,1297099.88
936,lpush5,1000000,827827.88
936,lrange5,1000000,1300494.12
937,lpush5,1000000,829875.50
937,lrange5,1000000,1285367.62
938,lpush5,1000000,832639.50
938,lrange5,1000000,1267467.75
939,lpush5,1000000,834175.12
939,lrange5,1000000,1178233.25
940,lpush5,1000000,828553.44
940,lrange5,1000000,1278977.00
941,lpush5,1000000,831268.50
941,lrange5,1000000,1228658.50
942,lpush5,1000000,829981.69
942,lrange5,1000000,1293806.00
943,lpush5,1000000,821175.69
943,lrange5,1000000,1245350.00
944,lpush5,1000000,832639.50
944,lrange5,1000000,1197968.88
945,lpush5,1000000,832732.75
945,lrange5,1000000,1285449.88
946,lpush5,1000000,833466.62
946,lrange5,1000000,1269198.00
947,lpush5,1000000,827182.81
947,lrange5,1000000,1192219.38
948,lpush5,1000000,836953.94
948,lrange5,1000000,1300452.50
949,lpush5,1000000,834871.50
949,lrange5,1000000,1203408.00
950,lpush5,1000000,836200.69
950,lrange5,1000000,1302083.38
951,lpush5,1000000,837695.12
951,lrange5,1000000,1236093.88
952,lpush5,1000000,835421.88
952,lrange5,1000000,1293743.88
953,lpush5,1000000,825763.88
953,lrange5,1000000,1287145.38
954,lpush5,1000000,827235.75
954,lrange5,1000000,1280430.25
955,lpush5,1000000,834871.50
955,lrange5,1000000,1279058.88
956,lpush5,1000000,830604.62
956,lrange5,1000000,1193699.25
957,lpush5,1000000,838276.62
957,lrange5,1000000,1254845.62
958,lpush5,1000000,841993.31
958,lrange5,1000000,1195010.75
959,lpush5,1000000,826618.12
959,lrange5,1000000,1293702.50
960,lpush5,1000000,839711.19
960,lrange5,1000000,1264364.12
961,lpush5,1000000,837520.94
961,lrange5,1000000,1193470.12
962,lpush5,1000000,825896.00
962,lrange5,1000000,1292072.38
963,lpush5,1000000,832812.69
963,lrange5,1000000,1269198.00
964,lpush5,1000000,833546.62
964,lrange5,1000000,1200480.12
965,lpush5,1000000,825803.50
965,lrange5,1000000,1300473.38
966,lpush5,1000000,833533.31
966,lrange5,1000000,1297058.38
967,lpush5,1000000,830631.25
967,lrange5,1000000,1288659.75
968,lpush5,1000000,828540.19
968,lrange5,1000000,1300390.12
969,lpush5,1000000,829915.31
969,lrange5,1000000,894540.25
970,lpush5,1000000,751350.88
970,lrange5,1000000,1288824.75
971,lpush5,1000000,828619.69
971,lrange5,1000000,1278977.00
972,lpush5,1000000,836967.31
972,lrange5,1000000,1261074.38
973,lpush5,1000000,828579.94
973,lrange5,1000000,1243980.12
974,lpush5,1000000,829267.00
974,lrange5,1000000,1237702.88
975,lpush5,1000000,828593.19
975,lrange5,1000000,1275510.25
976,lpush5,1000000,835502.06
976,lrange5,1000000,1256442.25
977,lpush5,1000000,836227.44
977,lrange5,1000000,1302354.12
978,lpush5,1000000,836833.44
978,lrange5,1000000,1239177.25
979,lpush5,1000000,821850.44
979,lrange5,1000000,1288824.75
980,lpush5,1000000,834818.06
980,lrange5,1000000,1224049.00
981,lpush5,1000000,825935.62
981,lrange5,1000000,1197777.25
982,lpush5,1000000,834724.56
982,lrange5,1000000,1303864.38
983,lpush5,1000000,840336.12
983,lrange5,1000000,1222493.88
984,lpush5,1000000,830617.94
984,lrange5,1000000,1253253.12
985,lpush5,1000000,831255.25
985,lrange5,1000000,1300452.50
986,lpush5,1000000,832039.94
986,lrange5,1000000,1267427.12
987,lpush5,1000000,834095.06
987,lrange5,1000000,1297037.62
988,lpush5,1000000,831255.25
988,lrange5,1000000,1303864.38
989,lpush5,1000000,834831.44
989,lrange5,1000000,1300577.38
990,lpush5,1000000,824507.81
990,lrange5,1000000,1303822.62
991,lpush5,1000000,832746.06
991,lrange5,1000000,1285367.62
992,lpush5,1000000,830697.69
992,lrange5,1000000,1256462.25
993,lpush5,1000000,834751.31
993,lrange5,1000000,1267447.50
994,lpush5,1000000,833399.94
994,lrange5,1000000,1282153.88
995,lpush5,1000000,829928.62
995,lrange5,1000000,1302250.00
996,lpush5,1000000,830684.38
996,lrange5,1000000,1297079.12
997,lpush5,1000000,825174.94
997,lrange5,1000000,1269198.00
998,lpush5,1000000,832826.00
998,lrange5,1000000,1253152.88
999,lpush5,1000000,840389.88
999,lrange5,1000000,862082.81
1000,lpush5,1000000,765110.94
1000,lrange5,1000000,1283799.75
1001,lpush5,1000000,829426.25
1001,lrange5,1000000,1272427.50
1002,lpush5,1000000,822460.56
1002,lrange5,1000000,1280430.25
1003,lpush5,1000000,826618.12
1003,lrange5,1000000,1275632.62
1004,lpush5,1000000,838236.44
1004,lrange5,1000000,1254705.12
1005,lpush5,1000000,829888.75
1005,lrange5,1000000,1270648.00
1006,lpush5,1000000,832639.50
1006,lrange5,1000000,1227170.50
1007,lpush5,1000000,826512.38
1007,lrange5,1000000,1285532.12
1008,lpush5,1000000,827920.56
1008,lrange5,1000000,1283861.38
1009,lpush5,1000000,811159.75
1009,lrange5,1000000,1270790.38
1010,lpush5,1000000,825174.94
1010,lrange5,1000000,1248599.25
1011,lpush5,1000000,823723.25
1011,lrange5,1000000,1290322.62
1012,lpush5,1000000,822421.06
1012,lrange5,1000000,1265863.25
1013,lpush5,1000000,822460.56
1013,lrange5,1000000,1283779.25
1014,lpush5,1000000,832679.44
1014,lrange5,1000000,1272285.00
1015,lpush5,1000000,824455.00
1015,lrange5,1000000,1246902.75
1016,lpush5,1000000,827827.88
1016,lrange5,1000000,1287104.25
1017,lpush5,1000000,822368.44
1017,lrange5,1000000,1290487.75
1018,lpush5,1000000,839778.38
1018,lrange5,1000000,1193489.25
1019,lpush5,1000000,825135.31
1019,lrange5,1000000,1295357.50
1020,lpush5,1000000,834081.75
1020,lrange5,1000000,1287186.62
1021,lpush5,1000000,819895.06
1021,lrange5,1000000,1288701.00
1022,lpush5,1000000,819855.69
1022,lrange5,1000000,1285347.00
1023,lpush5,1000000,821732.12
1023,lrange5,1000000,890486.19
1024,lpush5,1000000,839805.19
1024,lrange5,1000000,1185118.50
1025,lpush5,1000000,835421.88
1025,lrange5,1000000,1298929.88
1026,lpush5,1000000,830710.94
1026,lrange5,1000000,1197739.00
1027,lpush5,1000000,838357.12
1027,lrange5,1000000,1199443.62
1028,lpush5,1000000,836953.94
1028,lrange5,1000000,1282215.38
1029,lpush5,1000000,831946.75
1029,lrange5,1000000,1302125.00
1030,lpush5,1000000,823097.94
1030,lrange5,1000000,1189479.12
1031,lpush5,1000000,771716.06
1031,lrange5,1000000,1264404.50
1032,lpush5,1000000,831335.00
1032,lrange5,1000000,1275551.00
1033,lpush5,1000000,826485.94
1033,lrange5,1000000,1228638.75
1034,lpush5,1000000,839073.81
1034,lrange5,1000000,1269076.12
1035,lpush5,1000000,828606.44
1035,lrange5,1000000,1270648.00
1036,lpush5,1000000,830684.38
1036,lrange5,1000000,1239316.00
1037,lpush5,1000000,742402.38
1037,lrange5,1000000,1183848.50
1038,lpush5,1000000,827827.88
1038,lrange5,1000000,1242315.50
1039,lpush5,1000000,829888.75
1039,lrange5,1000000,1290611.62
1040,lpush5,1000000,830617.94
1040,lrange5,1000000,1192104.88
1041,lpush5,1000000,832852.62
1041,lrange5,1000000,1278792.88
1042,lpush5,1000000,823789.12
1042,lrange5,1000000,1278895.12
1043,lpush5,1000000,834081.75
1043,lrange5,1000000,1295357.50
1044,lpush5,1000000,827814.62
1044,lrange5,1000000,1180675.38
1045,lpush5,1000000,829875.50
1045,lrange5,1000000,1295336.75
1046,lpush5,1000000,833333.31
1046,lrange5,1000000,1287186.62
1047,lpush5,1000000,831255.25
1047,lrange5,1000000,1295378.25
1048,lpush5,1000000,834041.69
1048,lrange5,1000000,1239276.38
1049,lpush5,1000000,832026.62
1049,lrange5,1000000,1193737.50
1050,lpush5,1000000,825777.06
1050,lrange5,1000000,1230051.62
1051,lpush5,1000000,838410.75
1051,lrange5,1000000,1273987.25
1052,lpush5,1000000,821771.56
1052,lrange5,1000000,1293681.75
1053,lpush5,1000000,834041.69
1053,lrange5,1000000,1295357.50
1054,lpush5,1000000,824441.81
1054,lrange5,1000000,1259466.00
1055,lpush5,1000000,841804.75
1055,lrange5,1000000,1282215.38
1056,lpush5,1000000,834081.75
1056,lrange5,1000000,1242236.00
1057,lpush5,1000000,841042.88
1057,lrange5,1000000,1287207.25
1058,lpush5,1000000,824441.81
1058,lrange5,1000000,1292010.38
1059,lpush5,1000000,836173.94
1059,lrange5,1000000,1190762.00
1060,lpush5,1000000,837534.31
1060,lrange5,1000000,1298805.25
1061,lpush5,1000000,829280.31
1061,lrange5,1000000,1297079.12
1062,lpush5,1000000,836873.62
1062,lrange5,1000000,1285429.25
1063,lpush5,1000000,834095.06
1063,lrange5,1000000,1245509.38
1064,lpush5,1000000,832759.38
1064,lrange5,1000000,1190628.62
1065,lpush5,1000000,835448.62
1065,lrange5,1000000,1293702.50
1066,lpush5,1000000,839724.62
1066,lrange5,1000000,1278792.88
1067,lpush5,1000000,824613.31
1067,lrange5,1000000,1210692.50
1068,lpush5,1000000,829399.69
1068,lrange5,1000000,1283820.25
1069,lpush5,1000000,832639.50
1069,lrange5,1000000,1265924.00
1070,lpush5,1000000,829333.38
1070,lrange5,1000000,1196459.25
1071,lpush5,1000000,827814.62
1071,lrange5,1000000,1287145.38
1072,lpush5,1000000,829412.94
1072,lrange5,1000000,1193393.75
1073,lpush5,1000000,838263.25
1073,lrange5,1000000,1224127.38
1074,lpush5,1000000,836240.81
1074,lrange5,1000000,1288783.50
1075,lpush5,1000000,838939.56
1075,lrange5,1000000,1287021.88
1076,lpush5,1000000,838276.62
1076,lrange5,1000000,1297182.88
1077,lpush5,1000000,844837.81
1077,lrange5,1000000,1183621.25
1078,lpush5,1000000,829227.19
1078,lrange5,1000000,1285408.75
1079,lpush5,1000000,830021.56
1079,lrange5,1000000,1186391.50
1080,lpush5,1000000,841764.31
1080,lrange5,1000000,1189384.00
1081,lpush5,1000000,834884.81
1081,lrange5,1000000,1277323.12
1082,lpush5,1000000,841804.75
1082,lrange5,1000000,1242255.88
1083,lpush5,1000000,835421.88
1083,lrange5,1000000,1275510.25
1084,lpush5,1000000,828553.44
1084,lrange5,1000000,1188009.50
1085,lpush5,1000000,825240.94
1085,lrange5,1000000,1193737.50
1086,lpush5,1000000,824534.19
1086,lrange5,1000000,1257922.00
1087,lpush5,1000000,829941.88
1087,lrange5,1000000,1269096.50
1088,lpush5,1000000,835462.00
1088,lrange5,1000000,1192333.75
1089,lpush5,1000000,836900.38
1089,lrange5,1000000,1196191.38
1090,lpush5,1000000,841137.06
1090,lrange5,1000000,1244059.62
1091,lpush5,1000000,823762.75
1091,lrange5,1000000,1278895.12
1092,lpush5,1000000,832692.75
1092,lrange5,1000000,1253152.88
1093,lpush5,1000000,829888.75
1093,lrange5,1000000,1275632.62
1094,lpush5,1000000,832692.75
1094,lrange5,1000000,1297079.12
1095,lpush5,1000000,826525.62
1095,lrange5,1000000,1253293.25
1096,lpush5,1000000,826472.69
1096,lrange5,1000000,1297016.88
1097,lpush5,1000000,838223.00
1097,lrange5,1000000,1298722.12
1098,lpush5,1000000,831268.50
1098,lrange5,1000000,1175294.88
1099,lpush5,1000000,832759.38
1099,lrange5,1000000,1297016.88
1100,lpush5,1000000,824455.00
1100,lrange5,1000000,1185023.75
1101,lpush5,1000000,830617.94
1101,lrange5,1000000,1250140.00
1102,lpush5,1000000,832692.75
1102,lrange5,1000000,1282071.88
1103,lpush5,1000000,835502.06
1103,lrange5,1000000,1290405.25
1104,lpush5,1000000,839630.56
1104,lrange5,1000000,1258022.62
1105,lpush5,1000000,832173.00
1105,lrange5,1000000,1295419.62
1106,lpush5,1000000,834041.69
1106,lrange5,1000000,1199424.50
1107,lpush5,1000000,834778.00
1107,lrange5,1000000,1197930.62
1108,lpush5,1000000,821123.12
1108,lrange5,1000000,1014263.69
1109,lpush5,1000000,833546.62
1109,lrange5,1000000,1197624.00
1110,lpush5,1000000,836187.31
1110,lrange5,1000000,1190819.12
1111,lpush5,1000000,834041.69
1111,lrange5,1000000,1258022.62
1112,lpush5,1000000,836833.44
1112,lrange5,1000000,1264283.12
1113,lpush5,1000000,825816.69
1113,lrange5,1000000,1196401.88
1114,lpush5,1000000,826618.12
1114,lrange5,1000000,1179283.00
1115,lpush5,1000000,821745.25
1115,lrange5,1000000,1295481.88
1116,lpush5,1000000,835528.81
1116,lrange5,1000000,1297037.62
1117,lpush5,1000000,821732.12
1117,lrange5,1000000,1297182.88
1118,lpush5,1000000,831973.38
1118,lrange5,1000000,1277159.62
1119,lpush5,1000000,830631.25
1119,lrange5,1000000,1180939.75
1120,lpush5,1000000,829941.88
1120,lrange5,1000000,1295357.50
1121,lpush5,1000000,823045.25
1121,lrange5,1000000,1291989.62
1122,lpush5,1000000,834188.50
1122,lrange5,1000000,1209402.62
1123,lpush5,1000000,828526.94
1123,lrange5,1000000,1290487.75
1124,lpush5,1000000,825135.31
1124,lrange5,1000000,1230032.00
1125,lpush5,1000000,830750.81
1125,lrange5,1000000,1186524.38
1126,lpush5,1000000,840376.44
1126,lrange5,1000000,1190685.75
1127,lpush5,1000000,827827.88
1127,lrange5,1000000,1251624.50
1128,lpush5,1000000,831388.25
1128,lrange5,1000000,1230032.00
1129,lpush5,1000000,831295.12
1129,lrange5,1000000,1302083.38
1130,lpush5,1000000,837681.75
1130,lrange5,1000000,1285408.75
1131,lpush5,1000000,831268.50
1131,lrange5,1000000,1298722.12
1132,lpush5,1000000,842540.81
1132,lrange5,1000000,1292155.00
1133,lpush5,1000000,825790.25
1133,lrange5,1000000,1172726.88
1134,lpush5,1000000,831441.44
1134,lrange5,1000000,1204992.75
1135,lpush5,1000000,836913.75
1135,lrange5,1000000,1196306.12
1136,lpush5,1000000,837574.56
1136,lrange5,1000000,1193336.50
1137,lpush5,1000000,827143.12
1137,lrange5,1000000,1231625.62
1138,lpush5,1000000,838397.38
1138,lrange5,1000000,1190647.62
1139,lpush5,1000000,831335.00
1139,lrange5,1000000,1251564.38
1140,lpush5,1000000,827841.12
1140,lrange5,1000000,1245529.25
1141,lpush5,1000000,831946.75
1141,lrange5,1000000,1251604.50
1142,lpush5,1000000,834818.06
1142,lrange5,1000000,1185061.62
1143,lpush5,1000000,827235.75
1143,lrange5,1000000,1297224.38
1144,lpush5,1000000,829240.50
1144,lrange5,1000000,1278997.38
1145,lpush5,1000000,834228.50
1145,lrange5,1000000,1182354.62
1146,lpush5,1000000,828632.94
1146,lrange5,1000000,1292093.00
1147,lpush5,1000000,832812.69
1147,lrange5,1000000,1254865.75
1148,lpush5,1000000,834898.19
1148,lrange5,1000000,1146789.00
1149,lpush5,1000000,836913.75
1149,lrange5,1000000,1242414.88
1150,lpush5,1000000,831295.12
1150,lrange5,1000000,1165874.12
1151,lpush5,1000000,829213.94
1151,lrange5,1000000,1298722.12
1152,lpush5,1000000,830564.81
1152,lrange5,1000000,1190914.38
1153,lpush5,1000000,832679.44
1153,lrange5,1000000,1182108.75
1154,lpush5,1000000,827143.12
1154,lrange5,1000000,1190742.88
1155,lpush5,1000000,832772.69
1155,lrange5,1000000,1293681.75
1156,lpush5,1000000,836120.44
1156,lrange5,1000000,1250000.00
1157,lpush5,1000000,833373.31
1157,lrange5,1000000,1212334.62
1158,lpush5,1000000,836927.19
1158,lrange5,1000000,1277159.62
1159,lpush5,1000000,843291.75
1159,lrange5,1000000,1297203.62
1160,lpush5,1000000,829200.69
1160,lrange5,1000000,1283697.12
1161,lpush5,1000000,843291.75
1161,lrange5,1000000,1269055.88
1162,lpush5,1000000,834737.94
1162,lrange5,1000000,1033256.19
1163,lpush5,1000000,835528.81
1163,lrange5,1000000,1283799.75
1164,lpush5,1000000,825843.12
1164,lrange5,1000000,1292031.00
1165,lpush5,1000000,837547.75
1165,lrange5,1000000,1200595.38
1166,lpush5,1000000,836214.06
1166,lrange5,1000000,1300494.12
1167,lpush5,1000000,834041.69
1167,lrange5,1000000,1295399.00
1168,lpush5,1000000,834724.56
1168,lrange5,1000000,1262666.62
1169,lpush5,1000000,847579.69
1169,lrange5,1000000,1288701.00
1170,lpush5,1000000,842594.75
1170,lrange5,1000000,1190742.88
1171,lpush5,1000000,836860.19
1171,lrange5,1000000,1254845.62
1172,lpush5,1000000,828606.44
1172,lrange5,1000000,1247182.12
1173,lpush5,1000000,827947.06
1173,lrange5,1000000,1197739.00
1174,lpush5,1000000,819685.25
1174,lrange5,1000000,1282133.38
1175,lpush5,1000000,831295.12
1175,lrange5,1000000,1264303.38
1176,lpush5,1000000,834831.44
1176,lrange5,1000000,1269035.50
1177,lpush5,1000000,826512.38
1177,lrange5,1000000,1285347.00
1178,lpush5,1000000,842473.44
1178,lrange5,1000000,1197643.12
1179,lpush5,1000000,834818.06
1179,lrange5,1000000,1197853.88
1180,lpush5,1000000,835475.31
1180,lrange5,1000000,1248539.38
1181,lpush5,1000000,839114.06
1181,lrange5,1000000,1251684.62
1182,lpush5,1000000,829227.19
1182,lrange5,1000000,1277200.50
1183,lpush5,1000000,838437.56
1183,lrange5,1000000,1302250.00
1184,lpush5,1000000,829386.44
1184,lrange5,1000000,1288680.38
1185,lpush5,1000000,847661.06
1185,lrange5,1000000,1303801.75
1186,lpush5,1000000,829928.62
1186,lrange5,1000000,1298784.50
1187,lpush5,1000000,831986.69
1187,lrange5,1000000,1258022.62
1188,lpush5,1000000,839805.19
1188,lrange5,1000000,1295523.25
1189,lpush5,1000000,831308.44
1189,lrange5,1000000,1291989.62
1190,lpush5,1000000,834737.94
1190,lrange5,1000000,1264283.12
1191,lpush5,1000000,838966.44
1191,lrange5,1000000,1267467.75
1192,lpush5,1000000,834081.75
1192,lrange5,1000000,1297099.88
1193,lpush5,1000000,827933.81
1193,lrange5,1000000,1297141.38
1194,lpush5,1000000,829928.62
1194,lrange5,1000000,1297162.12
1195,lpush5,1000000,835502.06
1195,lrange5,1000000,1237722.75
1196,lpush5,1000000,839073.81
1196,lrange5,1000000,1193451.12
1197,lpush5,1000000,831414.81
1197,lrange5,1000000,1176602.38
1198,lpush5,1000000,832000.00
1198,lrange5,1000000,1237722.75
1199,lpush5,1000000,831321.75
1199,lrange5,1000000,1215416.75
1200,lpush5,1000000,839818.62
1200,lrange5,1000000,1283861.38
1201,lpush5,1000000,829333.38
1201,lrange5,1000000,1256341.75
1202,lpush5,1000000,837007.50
1202,lrange5,1000000,1295378.25
1203,lpush5,1000000,833386.62
1203,lrange5,1000000,1297120.62
1204,lpush5,1000000,841831.69
1204,lrange5,1000000,1259546.50
1205,lpush5,1000000,839832.06
1205,lrange5,1000000,1292175.75
1206,lpush5,1000000,830591.38
1206,lrange5,1000000,1265964.50
1207,lpush5,1000000,837020.88
1207,lrange5,1000000,1297099.88
1208,lpush5,1000000,846023.69
1208,lrange5,1000000,1295357.50
1209,lpush5,1000000,841791.25
1209,lrange5,1000000,1173990.62
1210,lpush5,1000000,839073.81
1210,lrange5,1000000,1285593.88
1211,lpush5,1000000,832692.75
1211,lrange5,1000000,1290363.88
1212,lpush5,1000000,828540.19
1212,lrange5,1000000,1251724.62
1213,lpush5,1000000,831946.75
1213,lrange5,1000000,1190666.75
1214,lpush5,1000000,835528.81
1214,lrange5,1000000,1269076.12
1215,lpush5,1000000,834791.38
1215,lrange5,1000000,1285449.88
1216,lpush5,1000000,826512.38
1216,lrange5,1000000,1280409.75
1217,lpush5,1000000,831255.25
1217,lrange5,1000000,1180732.00
1218,lpush5,1000000,837628.12
1218,lrange5,1000000,1297079.12
1219,lpush5,1000000,833333.31
1219,lrange5,1000000,1231586.25
1220,lpush5,1000000,832746.06
1220,lrange5,1000000,1198007.25
1221,lpush5,1000000,841764.31
1221,lrange5,1000000,1239256.50
1222,lpush5,1000000,839073.81
1222,lrange5,1000000,1293785.25
1223,lpush5,1000000,834764.62
1223,lrange5,1000000,1274068.75
1224,lpush5,1000000,841804.75
1224,lrange5,1000000,1290446.50
1225,lpush5,1000000,835475.31
1225,lrange5,1000000,1270790.38
1226,lpush5,1000000,846118.44
1226,lrange5,1000000,1190628.62
1227,lpush5,1000000,832013.31
1227,lrange5,1000000,1285347.00
1228,lpush5,1000000,834737.94
1228,lrange5,1000000,1179490.62
1229,lpush5,1000000,832639.50
1229,lrange5,1000000,1240774.25
1230,lpush5,1000000,825777.06
1230,lrange5,1000000,1186562.25
1231,lpush5,1000000,830101.19
1231,lrange5,1000000,1285429.25
1232,lpush5,1000000,831348.31
1232,lrange5,1000000,1288804.12
1233,lpush5,1000000,825148.50
1233,lrange5,1000000,1184853.12
1234,lpush5,1000000,828632.94
1234,lrange5,1000000,1290405.25
1235,lpush5,1000000,831255.25
1235,lrange5,1000000,1188047.50
1236,lpush5,1000000,825988.44
1236,lrange5,1000000,1267508.25
1237,lpush5,1000000,823841.88
1237,lrange5,1000000,1190552.38
1238,lpush5,1000000,826591.69
1238,lrange5,1000000,1199405.25
1239,lpush5,1000000,836820.06
1239,lrange5,1000000,1243860.62
1240,lpush5,1000000,826499.12
1240,lrange5,1000000,1202211.50
1241,lpush5,1000000,834764.62
1241,lrange5,1000000,1269055.88
1242,lpush5,1000000,835515.44
1242,lrange5,1000000,1179283.00
1243,lpush5,1000000,838410.75
1243,lrange5,1000000,1288783.50
1244,lpush5,1000000,831281.81
1244,lrange5,1000000,1259506.25
1245,lpush5,1000000,831960.06
1245,lrange5,1000000,1184928.88
1246,lpush5,1000000,836214.06
1246,lrange5,1000000,1187971.50
1247,lpush5,1000000,828632.94
1247,lrange5,1000000,1193642.00
1248,lpush5,1000000,833493.31
1248,lrange5,1000000,1239316.00
1249,lpush5,1000000,835528.81
1249,lrange5,1000000,1192028.62
1250,lpush5,1000000,841845.12
1250,lrange5,1000000,1192257.50
1251,lpush5,1000000,831308.44
1251,lrange5,1000000,1251724.62
1252,lpush5,1000000,838370.50
1252,lrange5,1000000,1137674.62
1253,lpush5,1000000,828752.25
1253,lrange5,1000000,1303843.50
1254,lpush5,1000000,828725.75
1254,lrange5,1000000,1300515.00
1255,lpush5,1000000,826001.69
1255,lrange5,1000000,1264384.25
1256,lpush5,1000000,841939.44
1256,lrange5,1000000,1210866.88
1257,lpush5,1000000,830578.06
1257,lrange5,1000000,1298722.12
1258,lpush5,1000000,847511.88
1258,lrange5,1000000,1297099.88
1259,lpush5,1000000,834884.81
1259,lrange5,1000000,1280614.62
1260,lpush5,1000000,833533.31
1260,lrange5,1000000,1104972.38
1261,lpush5,1000000,832706.12
1261,lrange5,1000000,1251604.50
1262,lpush5,1000000,834831.44
1262,lrange5,1000000,1295336.75
1263,lpush5,1000000,831388.25
1263,lrange5,1000000,1298888.38
1264,lpush5,1000000,828053.00
1264,lrange5,1000000,1297162.12
1265,lpush5,1000000,831481.31
1265,lrange5,1000000,1191914.25
1266,lpush5,1000000,828699.25
1266,lrange5,1000000,1206542.88
1267,lpush5,1000000,823789.12
1267,lrange5,1000000,1272264.62
1268,lpush5,1000000,826446.25
1268,lrange5,1000000,1178082.50
1269,lpush5,1000000,828579.94
1269,lrange5,1000000,1278874.62
1270,lpush5,1000000,833506.62
1270,lrange5,1000000,1202346.12
1271,lpush5,1000000,836120.44
1271,lrange5,1000000,1185061.62
1272,lpush5,1000000,823242.75
1272,lrange5,1000000,1203504.25
1273,lpush5,1000000,842648.69
1273,lrange5,1000000,1247062.38
1274,lpush5,1000000,830644.50
1274,lrange5,1000000,1303843.50
1275,lpush5,1000000,832133.12
1275,lrange5,1000000,1300556.62
1276,lpush5,1000000,830061.38
1276,lrange5,1000000,1211060.62
1277,lpush5,1000000,835542.19
1277,lrange5,1000000,1297120.62
1278,lpush5,1000000,823084.75
1278,lrange5,1000000,1261175.25
1279,lpush5,1000000,825922.38
1279,lrange5,1000000,1236252.12
1280,lpush5,1000000,833346.62
1280,lrange5,1000000,1261034.12
1281,lpush5,1000000,831268.50
1281,lrange5,1000000,1275673.50
1282,lpush5,1000000,834161.81
1282,lrange5,1000000,1300452.50
1283,lpush5,1000000,831281.81
1283,lrange5,1000000,1303780.88
1284,lpush5,1000000,833426.62
1284,lrange5,1000000,1261074.38
1285,lpush5,1000000,833386.62
1285,lrange5,1000000,1285347.00
1286,lpush5,1000000,832799.38
1286,lrange5,1000000,1269218.25
1287,lpush5,1000000,829928.62
1287,lrange5,1000000,1199155.88
1288,lpush5,1000000,839670.88
1288,lrange5,1000000,1285552.75
1289,lpush5,1000000,831335.00
1289,lrange5,1000000,1199290.12
1290,lpush5,1000000,831428.12
1290,lrange5,1000000,1206291.88
1291,lpush5,1000000,834081.75
1291,lrange5,1000000,1216720.12
1292,lpush5,1000000,836120.44
1292,lrange5,1000000,1247042.38
1293,lpush5,1000000,822407.94
1293,lrange5,1000000,1288680.38
1294,lpush5,1000000,829981.69
1294,lrange5,1000000,1288866.00
1295,lpush5,1000000,827973.56
1295,lrange5,1000000,1298701.38
1296,lpush5,1000000,838316.88
1296,lrange5,1000000,1253233.12
1297,lpush5,1000000,825988.44
1297,lrange5,1000000,1283738.12
1298,lpush5,1000000,820449.56
1298,lrange5,1000000,1183469.75
1299,lpush5,1000000,826565.25
1299,lrange5,1000000,1192162.12
1300,lpush5,1000000,837561.12
1300,lrange5,1000000,1272346.00
1301,lpush5,1000000,832000.00
1301,lrange5,1000000,1261215.62
1302,lpush5,1000000,827854.31
1302,lrange5,1000000,1283758.75
1303,lpush5,1000000,826446.25
1303,lrange5,1000000,1297120.62
1304,lpush5,1000000,823097.94
1304,lrange5,1000000,1191971.38
1305,lpush5,1000000,824415.44
1305,lrange5,1000000,1297182.88
1306,lpush5,1000000,828553.44
1306,lrange5,1000000,1270749.62
1307,lpush5,1000000,828566.69
1307,lrange5,1000000,1273905.75
1308,lpush5,1000000,827315.12
1308,lrange5,1000000,1277200.50
1309,lpush5,1000000,830564.81
1309,lrange5,1000000,1193317.38
1310,lpush5,1000000,829888.75
1310,lrange5,1000000,1274089.12
1311,lpush5,1000000,835435.25
1311,lrange5,1000000,1300577.38
1312,lpush5,1000000,830631.25
1312,lrange5,1000000,1272264.62
1313,lpush5,1000000,830750.81
1313,lrange5,1000000,1295419.62
1314,lpush5,1000000,828566.69
1314,lrange5,1000000,1292010.38
1315,lpush5,1000000,827262.19
1315,lrange5,1000000,1282215.38
1316,lpush5,1000000,833333.31
1316,lrange5,1000000,1187971.50
1317,lpush5,1000000,836240.81
1317,lrange5,1000000,1206697.25
1318,lpush5,1000000,831401.50
1318,lrange5,1000000,1250200.00
1319,lpush5,1000000,831973.38
1319,lrange5,1000000,1273946.50
1320,lpush5,1000000,831295.12
1320,lrange5,1000000,1287207.25
1321,lpush5,1000000,825909.19
1321,lrange5,1000000,1259546.50
1322,lpush5,1000000,831960.06
1322,lrange5,1000000,1192200.25
1323,lpush5,1000000,841858.62
1323,lrange5,1000000,1275551.00
1324,lpush5,1000000,832039.94
1324,lrange5,1000000,1193718.38
1325,lpush5,1000000,831348.31
1325,lrange5,1000000,1204954.25
1326,lpush5,1000000,826604.94
1326,lrange5,1000000,1285429.25
1327,lpush5,1000000,835448.62
1327,lrange5,1000000,1272264.62
1328,lpush5,1000000,826512.38
1328,lrange5,1000000,1199136.75
1329,lpush5,1000000,832079.88
1329,lrange5,1000000,1256582.88
1330,lpush5,1000000,834858.12
1330,lrange5,1000000,1275591.88
1331,lpush5,1000000,829888.75
1331,lrange5,1000000,1196325.38
1332,lpush5,1000000,823084.75
1332,lrange5,1000000,1270688.75
1333,lpush5,1000000,827880.81
1333,lrange5,1000000,1236232.38
1334,lpush5,1000000,832865.94
1334,lrange5,1000000,1210711.88
1335,lpush5,1000000,834255.19
1335,lrange5,1000000,1257881.75
1336,lpush5,1000000,830777.44
1336,lrange5,1000000,1258042.75
1337,lpush5,1000000,822407.94
1337,lrange5,1000000,1295440.38
1338,lpush5,1000000,819223.62
1338,lrange5,1000000,1265924.00
1339,lpush5,1000000,834215.19
1339,lrange5,1000000,1293868.00
1340,lpush5,1000000,833413.31
1340,lrange5,1000000,1269035.50
1341,lpush5,1000000,833373.31
1341,lrange5,1000000,1190704.75
1342,lpush5,1000000,830737.56
1342,lrange5,1000000,1272386.75
1343,lpush5,1000000,829187.44
1343,lrange5,1000000,1169740.38
1344,lpush5,1000000,828026.50
1344,lrange5,1000000,1267467.75
1345,lpush5,1000000,827275.44
1345,lrange5,1000000,1230189.38
1346,lpush5,1000000,834081.75
1346,lrange5,1000000,1295399.00
1347,lpush5,1000000,830631.25
1347,lrange5,1000000,1193355.62
1348,lpush5,1000000,829928.62
1348,lrange5,1000000,1277180.12
1349,lpush5,1000000,837614.75
1349,lrange5,1000000,1203754.50
1350,lpush5,1000000,644546.38
1350,lrange5,1000000,777224.56
1351,lpush5,1000000,589970.50
1351,lrange5,1000000,1194857.75
1352,lpush5,1000000,827182.81
1352,lrange5,1000000,1261054.25
1353,lpush5,1000000,831268.50
1353,lrange5,1000000,1290405.25
1354,lpush5,1000000,831960.06
1354,lrange5,1000000,1298701.38
1355,lpush5,1000000,820541.44
1355,lrange5,1000000,1285573.25
1356,lpush5,1000000,829888.75
1356,lrange5,1000000,1295336.75
1357,lpush5,1000000,829902.06
1357,lrange5,1000000,1280532.62
1358,lpush5,1000000,827960.31
1358,lrange5,1000000,1265964.50
1359,lpush5,1000000,823124.25
1359,lrange5,1000000,1108665.12
1360,lpush5,1000000,834108.44
1360,lrange5,1000000,1295399.00
1361,lpush5,1000000,833373.31
1361,lrange5,1000000,1297099.88
1362,lpush5,1000000,841899.00
1362,lrange5,1000000,1278956.50
1363,lpush5,1000000,819672.12
1363,lrange5,1000000,1287083.62
1364,lpush5,1000000,831414.81
1364,lrange5,1000000,1293661.00
1365,lpush5,1000000,825201.31
1365,lrange5,1000000,1209305.88
1366,lpush5,1000000,828606.44
1366,lrange5,1000000,1246962.62
1367,lpush5,1000000,826485.94
1367,lrange5,1000000,1288886.50
1368,lpush5,1000000,834028.38
1368,lrange5,1000000,1194819.62
1369,lpush5,1000000,832093.19
1369,lrange5,1000000,1186505.38
1370,lpush5,1000000,835582.25
1370,lrange5,1000000,1237702.88
1371,lpush5,1000000,821797.88
1371,lrange5,1000000,1172370.50
1372,lpush5,1000000,827129.88
1372,lrange5,1000000,1283779.25
1373,lpush5,1000000,827249.00
1373,lrange5,1000000,1231527.12
1374,lpush5,1000000,826459.50
1374,lrange5,1000000,1168243.00
1375,lpush5,1000000,823203.25
1375,lrange5,1000000,1302208.38
1376,lpush5,1000000,825909.19
1376,lrange5,1000000,1298742.88
1377,lpush5,1000000,824468.25
1377,lrange5,1000000,1246882.88
1378,lpush5,1000000,832639.50
1378,lrange5,1000000,1231645.38
1379,lpush5,1000000,832732.75
1379,lrange5,1000000,1300390.12
1380,lpush5,1000000,827341.62
1380,lrange5,1000000,1297141.38
1381,lpush5,1000000,831361.62
1381,lrange5,1000000,1283840.88
1382,lpush5,1000000,831281.81
1382,lrange5,1000000,1297058.38
1383,lpush5,1000000,820502.06
1383,lrange5,1000000,1293661.00
1384,lpush5,1000000,841791.25
1384,lrange5,1000000,1302083.38
1385,lpush5,1000000,834764.62
1385,lrange5,1000000,1300619.00
1386,lpush5,1000000,826552.06
1386,lrange5,1000000,1195010.75
1387,lpush5,1000000,828593.19
1387,lrange5,1000000,1303822.62
1388,lpush5,1000000,824586.94
1388,lrange5,1000000,1179528.38
1389,lpush5,1000000,830578.06
1389,lrange5,1000000,1290405.25
1390,lpush5,1000000,832000.00
1390,lrange5,1000000,1196363.62
1391,lpush5,1000000,826485.94
1391,lrange5,1000000,1192181.12
1392,lpush5,1000000,837574.56
1392,lrange5,1000000,948994.31
1393,lpush5,1000000,835568.88
1393,lrange5,1000000,1206369.12
1394,lpush5,1000000,831255.25
1394,lrange5,1000000,1184947.88
1395,lpush5,1000000,835448.62
1395,lrange5,1000000,1204896.38
1396,lpush5,1000000,836927.19
1396,lrange5,1000000,1194991.62
1397,lpush5,1000000,839764.94
1397,lrange5,1000000,1261074.38
1398,lpush5,1000000,820488.94
1398,lrange5,1000000,1297037.62
1399,lpush5,1000000,827315.12
1399,lrange5,1000000,1248439.50
1400,lpush5,1000000,827880.81
1400,lrange5,1000000,1269198.00
1401,lpush5,1000000,836307.69
1401,lrange5,1000000,1234706.12
1402,lpush5,1000000,823868.19
1402,lrange5,1000000,1290343.25
1403,lpush5,1000000,828646.19
1403,lrange5,1000000,1302291.62
1404,lpush5,1000000,833413.31
1404,lrange5,1000000,1267447.50
1405,lpush5,1000000,844608.12
1405,lrange5,1000000,1246982.62
1406,lpush5,1000000,833373.31
1406,lrange5,1000000,1297058.38
1407,lpush5,1000000,832799.38
1407,lrange5,1000000,1300494.12
1408,lpush5,1000000,832679.44
1408,lrange5,1000000,1282112.88
1409,lpush5,1000000,833439.94
1409,lrange5,1000000,1302187.50
1410,lpush5,1000000,837708.56
1410,lrange5,1000000,1297182.88
1411,lpush5,1000000,834055.06
1411,lrange5,1000000,1295357.50
1412,lpush5,1000000,836187.31
1412,lrange5,1000000,1277343.62
1413,lpush5,1000000,842459.94
1413,lrange5,1000000,1202269.25
1414,lpush5,1000000,843237.81
1414,lrange5,1000000,1297224.38
1415,lpush5,1000000,833479.94
1415,lrange5,1000000,1250020.00
1416,lpush5,1000000,834737.94
1416,lrange5,1000000,1191971.38
1417,lpush5,1000000,830048.12
1417,lrange5,1000000,1251604.50
1418,lpush5,1000000,834041.69
1418,lrange5,1000000,1253152.88
1419,lpush5,1000000,840349.56
1419,lrange5,1000000,1277241.38
1420,lpush5,1000000,825108.88
1420,lrange5,1000000,1298867.62
1421,lpush5,1000000,829213.94
1421,lrange5,1000000,1269076.12
1422,lpush5,1000000,836833.44
1422,lrange5,1000000,1300556.62
1423,lpush5,1000000,832013.31
1423,lrange5,1000000,1295419.62
1424,lpush5,1000000,824415.44
1424,lrange5,1000000,1285367.62
1425,lpush5,1000000,823723.25
1425,lrange5,1000000,1256341.75
1426,lpush5,1000000,834724.56
1426,lrange5,1000000,1204935.00
1427,lpush5,1000000,828712.50
1427,lrange5,1000000,1215222.38
1428,lpush5,1000000,836833.44
1428,lrange5,1000000,1093158.50
1429,lpush5,1000000,831361.62
1429,lrange5,1000000,1277200.50
1430,lpush5,1000000,834161.81
1430,lrange5,1000000,1261155.12
1431,lpush5,1000000,825803.50
1431,lrange5,1000000,1287186.62
1432,lpush5,1000000,830061.38
1432,lrange5,1000000,1206446.38
1433,lpush5,1000000,833506.62
1433,lrange5,1000000,1191990.50
1434,lpush5,1000000,827854.31
1434,lrange5,1000000,1300494.12
1435,lpush5,1000000,841764.31
1435,lrange5,1000000,1219609.75
1436,lpush5,1000000,825227.69
1436,lrange5,1000000,1202019.25
1437,lpush5,1000000,838383.94
1437,lrange5,1000000,1278772.38
1438,lpush5,1000000,827169.56
1438,lrange5,1000000,1269096.50
1439,lpush5,1000000,828712.50
1439,lrange5,1000000,1293764.50
1440,lpush5,1000000,832652.81
1440,lrange5,1000000,1293743.88
1441,lpush5,1000000,835448.62
1441,lrange5,1000000,1146807.38
1442,lpush5,1000000,831308.44
1442,lrange5,1000000,1295523.25
1443,lpush5,1000000,833546.62
1443,lrange5,1000000,1267447.50
1444,lpush5,1000000,833333.31
1444,lrange5,1000000,1300390.12
1445,lpush5,1000000,825988.44
1445,lrange5,1000000,1297079.12
1446,lpush5,1000000,829253.75
1446,lrange5,1000000,1270688.75
1447,lpush5,1000000,829267.00
1447,lrange5,1000000,1243801.00
1448,lpush5,1000000,828526.94
1448,lrange5,1000000,1194915.12
1449,lpush5,1000000,837520.94
1449,lrange5,1000000,1193680.25
1450,lpush5,1000000,821228.19
1450,lrange5,1000000,1197988.00
1451,lpush5,1000000,833439.94
1451,lrange5,1000000,1287145.38
1452,lpush5,1000000,823907.75
1452,lrange5,1000000,1191895.12
1453,lpush5,1000000,835528.81
1453,lrange5,1000000,1254785.50
1454,lpush5,1000000,832679.44
1454,lrange5,1000000,1231586.25
1455,lpush5,1000000,832746.06
1455,lrange5,1000000,1230150.00
1456,lpush5,1000000,823815.50
1456,lrange5,1000000,1242315.50
1457,lpush5,1000000,832852.62
1457,lrange5,1000000,1287124.88
1458,lpush5,1000000,824560.56
1458,lrange5,1000000,1270749.62
1459,lpush5,1000000,835421.88
1459,lrange5,1000000,1293702.50
1460,lpush5,1000000,833386.62
1460,lrange5,1000000,1272325.62
1461,lpush5,1000000,834041.69
1461,lrange5,1000000,1253273.25
1462,lpush5,1000000,828566.69
1462,lrange5,1000000,1227131.25
1463,lpush5,1000000,827880.81
1463,lrange5,1000000,1193317.38
1464,lpush5,1000000,832692.75
1464,lrange5,1000000,1280430.25
1465,lpush5,1000000,832746.06
1465,lrange5,1000000,1118854.62
1466,lpush5,1000000,829386.44
1466,lrange5,1000000,1280512.12
1467,lpush5,1000000,827854.31
1467,lrange5,1000000,1169684.12
1468,lpush5,1000000,835635.75
1468,lrange5,1000000,1265863.25
1469,lpush5,1000000,706747.75
1469,lrange5,1000000,1270688.75
1470,lpush5,1000000,838993.25
1470,lrange5,1000000,1277139.25
1471,lpush5,1000000,834831.44
1471,lrange5,1000000,1196267.88
1472,lpush5,1000000,833519.94
1472,lrange5,1000000,1196440.12
1473,lpush5,1000000,843359.19
1473,lrange5,1000000,1275530.62
1474,lpush5,1000000,835568.88
1474,lrange5,1000000,1292175.75
1475,lpush5,1000000,829968.44
1475,lrange5,1000000,1187648.50
1476,lpush5,1000000,832839.31
1476,lrange5,1000000,1277241.38
1477,lpush5,1000000,844057.44
1477,lrange5,1000000,1193565.62
1478,lpush5,1000000,825777.06
1478,lrange5,1000000,1196210.50
1479,lpush5,1000000,834121.75
1479,lrange5,1000000,1275693.88
1480,lpush5,1000000,830617.94
1480,lrange5,1000000,1199040.75
1481,lpush5,1000000,834121.75
1481,lrange5,1000000,1197700.62
1482,lpush5,1000000,826485.94
1482,lrange5,1000000,1199290.12
1483,lpush5,1000000,823176.94
1483,lrange5,1000000,1253152.88
1484,lpush5,1000000,837654.94
1484,lrange5,1000000,836833.44
1485,lpush5,1000000,640625.25
1485,lrange5,1000000,1285367.62
1486,lpush5,1000000,831268.50
1486,lrange5,1000000,1250100.00
1487,lpush5,1000000,830578.06
1487,lrange5,1000000,1282256.50
1488,lpush5,1000000,821162.50
1488,lrange5,1000000,1275693.88
1489,lpush5,1000000,825082.50
1489,lrange5,1000000,1295461.12
1490,lpush5,1000000,824547.38
1490,lrange5,1000000,1287207.25
1491,lpush5,1000000,832652.81
1491,lrange5,1000000,1197777.25
1492,lpush5,1000000,834778.00
1492,lrange5,1000000,1187838.50
1493,lpush5,1000000,834201.81
1493,lrange5,1000000,1277241.38
1494,lpush5,1000000,827301.94
1494,lrange5,1000000,1199271.00
1495,lpush5,1000000,828553.44
1495,lrange5,1000000,1190838.12
1496,lpush5,1000000,834201.81
1496,lrange5,1000000,1186524.38
1497,lpush5,1000000,829306.81
1497,lrange5,1000000,1202019.25
1498,lpush5,1000000,829928.62
1498,lrange5,1000000,1277180.12
1499,lpush5,1000000,830578.06
1499,lrange5,1000000,1278772.38
1500,lpush5,1000000,829915.31
1500,lrange5,1000000,1288783.50
1501,lpush5,1000000,840389.88
1501,lrange5,1000000,1278772.38
1502,lpush5,1000000,838236.44
1502,lrange5,1000000,1237643.50
1503,lpush5,1000000,825095.69
1503,lrange5,1000000,1297286.62
1504,lpush5,1000000,832639.50
1504,lrange5,1000000,1224088.12
1505,lpush5,1000000,820423.31
1505,lrange5,1000000,1261074.38
1506,lpush5,1000000,838263.25
1506,lrange5,1000000,1288804.12
1507,lpush5,1000000,834228.50
1507,lrange5,1000000,1274048.38
1508,lpush5,1000000,837561.12
1508,lrange5,1000000,1282133.38
1509,lpush5,1000000,830644.50
1509,lrange5,1000000,1297182.88
1510,lpush5,1000000,829359.88
1510,lrange5,1000000,1262666.62
1511,lpush5,1000000,817713.81
1511,lrange5,1000000,1267427.12
1512,lpush5,1000000,831268.50
1512,lrange5,1000000,854714.56
1513,lpush5,1000000,638610.50
1513,lrange5,1000000,1248459.38
1514,lpush5,1000000,830604.62
1514,lrange5,1000000,1282153.88
1515,lpush5,1000000,838276.62
1515,lrange5,1000000,1282194.88
1516,lpush5,1000000,822421.06
1516,lrange5,1000000,1267427.12
1517,lpush5,1000000,839670.88
1517,lrange5,1000000,1186372.50
1518,lpush5,1000000,835582.25
1518,lrange5,1000000,1189079.62
1519,lpush5,1000000,838343.69
1519,lrange5,1000000,1292196.38
1520,lpush5,1000000,832173.00
1520,lrange5,1000000,1250080.00
1521,lpush5,1000000,843359.19
1521,lrange5,1000000,1195163.62
1522,lpush5,1000000,836200.69
1522,lrange5,1000000,1192333.75
1523,lpush5,1000000,838236.44
1523,lrange5,1000000,1265863.25
1524,lpush5,1000000,838223.00
1524,lrange5,1000000,1275612.25
1525,lpush5,1000000,832786.00
1525,lrange5,1000000,1190590.50
1526,lpush5,1000000,834884.81
1526,lrange5,1000000,1292010.38
1527,lpush5,1000000,834724.56
1527,lrange5,1000000,1292010.38
1528,lpush5,1000000,833506.62
1528,lrange5,1000000,1197624.00
1529,lpush5,1000000,832652.81
1529,lrange5,1000000,1293764.50
1530,lpush5,1000000,822381.62
1530,lrange5,1000000,1277139.25
1531,lpush5,1000000,834108.44
1531,lrange5,1000000,1273885.25
1532,lpush5,1000000,827841.12
1532,lrange5,1000000,1297016.88
1533,lpush5,1000000,828553.44
1533,lrange5,1000000,828013.31
1534,lpush5,1000000,522814.44
1534,lrange5,1000000,813695.69
1535,lpush5,1000000,620752.38
1535,lrange5,1000000,1293868.00
1536,lpush5,1000000,836820.06
1536,lrange5,1000000,1257861.62
1537,lpush5,1000000,837614.75
1537,lrange5,1000000,1292051.75
1538,lpush5,1000000,828053.00
1538,lrange5,1000000,1267548.88
1539,lpush5,1000000,833533.31
1539,lrange5,1000000,1264283.12
1540,lpush5,1000000,834764.62
1540,lrange5,1000000,1236093.88
1541,lpush5,1000000,834737.94
1541,lrange5,1000000,1176489.38
1542,lpush5,1000000,828606.44
1542,lrange5,1000000,1190838.12
1543,lpush5,1000000,837534.31
1543,lrange5,1000000,1200729.88
1544,lpush5,1000000,839711.19
1544,lrange5,1000000,1282112.88
1545,lpush5,1000000,834778.00
1545,lrange5,1000000,1248439.50
1546,lpush5,1000000,831255.25
1546,lrange5,1000000,1195106.38
1547,lpush5,1000000,825763.88
1547,lrange5,1000000,1287021.88
1548,lpush5,1000000,830061.38
1548,lrange5,1000000,1251624.50
1549,lpush5,1000000,834095.06
1549,lrange5,1000000,1221020.75
1550,lpush5,1000000,838993.25
1550,lrange5,1000000,1293723.12
1551,lpush5,1000000,839738.06
1551,lrange5,1000000,1290363.88
1552,lpush5,1000000,836280.94
1552,lrange5,1000000,1285347.00
1553,lpush5,1000000,836307.69
1553,lrange5,1000000,1293764.50
1554,lpush5,1000000,827196.06
1554,lrange5,1000000,1274068.75
1555,lpush5,1000000,839140.94
1555,lrange5,1000000,1288701.00
1556,lpush5,1000000,833439.94
1556,lrange5,1000000,1185042.62
1557,lpush5,1000000,829955.19
1557,lrange5,1000000,1076495.12
1558,lpush5,1000000,832652.81
1558,lrange5,1000000,1259607.00
1559,lpush5,1000000,829253.75
1559,lrange5,1000000,1292093.00
1560,lpush5,1000000,831268.50
1560,lrange5,1000000,1135364.38
1561,lpush5,1000000,827156.31
1561,lrange5,1000000,1264424.75
1562,lpush5,1000000,840484.00
1562,lrange5,1000000,1282236.00
1563,lpush5,1000000,832759.38
1563,lrange5,1000000,1291989.62
1564,lpush5,1000000,834081.75
1564,lrange5,1000000,1251804.75
1565,lpush5,1000000,830604.62
1565,lrange5,1000000,1295357.50
1566,lpush5,1000000,834121.75
1566,lrange5,1000000,1240873.50
1567,lpush5,1000000,826618.12
1567,lrange5,1000000,1290529.12
1568,lpush5,1000000,834041.69
1568,lrange5,1000000,1280430.25
1569,lpush5,1000000,831255.25
1569,lrange5,1000000,1295399.00
1570,lpush5,1000000,838397.38
1570,lrange5,1000000,1199155.88
1571,lpush5,1000000,830074.69
1571,lrange5,1000000,1295378.25
1572,lpush5,1000000,838263.25
1572,lrange5,1000000,1246902.75
1573,lpush5,1000000,832639.50
1573,lrange5,1000000,1282112.88
1574,lpush5,1000000,832053.25
1574,lrange5,1000000,1196497.62
1575,lpush5,1000000,829955.19
1575,lrange5,1000000,1179641.50
1576,lpush5,1000000,834148.44
1576,lrange5,1000000,1193451.12
1577,lpush5,1000000,834724.56
1577,lrange5,1000000,1197815.62
1578,lpush5,1000000,839046.94
1578,lrange5,1000000,1233164.00
1579,lpush5,1000000,831255.25
1579,lrange5,1000000,1205204.88
1580,lpush5,1000000,835435.25
1580,lrange5,1000000,1287186.62
1581,lpush5,1000000,834898.19
1581,lrange5,1000000,1250040.00
1582,lpush5,1000000,834068.38
1582,lrange5,1000000,1185251.25
1583,lpush5,1000000,834884.81
1583,lrange5,1000000,1280450.62
1584,lpush5,1000000,824573.75
1584,lrange5,1000000,1282379.50
1585,lpush5,1000000,832759.38
1585,lrange5,1000000,1298701.38
1586,lpush5,1000000,823789.12
1586,lrange5,1000000,1199213.50
1587,lpush5,1000000,829333.38
1587,lrange5,1000000,1272346.00
1588,lpush5,1000000,830578.06
1588,lrange5,1000000,1239216.88
1589,lpush5,1000000,829902.06
1589,lrange5,1000000,1285367.62
1590,lpush5,1000000,831295.12
1590,lrange5,1000000,1300473.38
1591,lpush5,1000000,829941.88
1591,lrange5,1000000,909961.81
1592,lpush5,1000000,835421.88
1592,lrange5,1000000,1283799.75
1593,lpush5,1000000,834121.75
1593,lrange5,1000000,1265822.75
1594,lpush5,1000000,834884.81
1594,lrange5,1000000,1261054.25
1595,lpush5,1000000,835448.62
1595,lrange5,1000000,1203485.00
1596,lpush5,1000000,839644.00
1596,lrange5,1000000,1265822.75
1597,lpush5,1000000,823723.25
1597,lrange5,1000000,1295357.50
1598,lpush5,1000000,820462.69
1598,lrange5,1000000,1253333.38
1599,lpush5,1000000,830631.25
1599,lrange5,1000000,1275510.25
1600,lpush5,1000000,822447.38
1600,lrange5,1000000,1186543.25
1601,lpush5,1000000,834737.94
1601,lrange5,1000000,1293764.50
1602,lpush5,1000000,823907.75
1602,lrange5,1000000,1187876.50
1603,lpush5,1000000,839697.75
1603,lrange5,1000000,1293764.50
1604,lpush5,1000000,843935.88
1604,lrange5,1000000,1290343.25
1605,lpush5,1000000,834041.69
1605,lrange5,1000000,1298888.38
1606,lpush5,1000000,831414.81
1606,lrange5,1000000,1292072.38
1607,lpush5,1000000,831321.75
1607,lrange5,1000000,1300390.12
1608,lpush5,1000000,823111.06
1608,lrange5,1000000,1275510.25
1609,lpush5,1000000,831335.00
1609,lrange5,1000000,1199060.00
1610,lpush5,1000000,831361.62
1610,lrange5,1000000,1262626.25
1611,lpush5,1000000,836240.81
1611,lrange5,1000000,1202230.75
1612,lpush5,1000000,819724.56
1612,lrange5,1000000,1295357.50
1613,lpush5,1000000,843426.62
1613,lrange5,1000000,1254765.38
1614,lpush5,1000000,825214.50
1614,lrange5,1000000,1278854.25
1615,lpush5,1000000,830671.12
1615,lrange5,1000000,1236133.50
1616,lpush5,1000000,821057.44
1616,lrange5,1000000,1259586.88
1617,lpush5,1000000,824428.62
1617,lrange5,1000000,1290322.62
1618,lpush5,1000000,812438.69
1618,lrange5,1000000,1264343.88
1619,lpush5,1000000,826538.81
1619,lrange5,1000000,1195087.25
1620,lpush5,1000000,821083.69
1620,lrange5,1000000,1202096.12
1621,lpush5,1000000,825843.12
1621,lrange5,1000000,1197911.38
1622,lpush5,1000000,834938.25
1622,lrange5,1000000,1207942.00
1623,lpush5,1000000,832639.50
1623,lrange5,1000000,1256381.88
1624,lpush5,1000000,834201.81
1624,lrange5,1000000,1280635.00
1625,lpush5,1000000,840443.69
1625,lrange5,1000000,817687.62
1626,lpush5,1000000,745287.62
1626,lrange5,1000000,1248539.38
1627,lpush5,1000000,836820.06
1627,lrange5,1000000,1185118.50
1628,lpush5,1000000,826631.38
1628,lrange5,1000000,1199424.50
1629,lpush5,1000000,835502.06
1629,lrange5,1000000,1189269.88
1630,lpush5,1000000,836187.31
1630,lrange5,1000000,1293971.50
1631,lpush5,1000000,829968.44
1631,lrange5,1000000,1290405.25
1632,lpush5,1000000,844824.31
1632,lrange5,1000000,1182297.88
1633,lpush5,1000000,827814.62
1633,lrange5,1000000,1199117.50
1634,lpush5,1000000,838236.44
1634,lrange5,1000000,1192314.62
1635,lpush5,1000000,834791.38
1635,lrange5,1000000,1292175.75
1636,lpush5,1000000,840349.56
1636,lrange5,1000000,1242236.00
1637,lpush5,1000000,827920.56
1637,lrange5,1000000,1259486.12
1638,lpush5,1000000,830578.06
1638,lrange5,1000000,1297182.88
1639,lpush5,1000000,829875.50
1639,lrange5,1000000,1262707.12
1640,lpush5,1000000,834068.38
1640,lrange5,1000000,1297120.62
1641,lpush5,1000000,829928.62
1641,lrange5,1000000,1295357.50
1642,lpush5,1000000,836860.19
1642,lrange5,1000000,1293764.50
1643,lpush5,1000000,836820.06
1643,lrange5,1000000,1297120.62
1644,lpush5,1000000,834081.75
1644,lrange5,1000000,961692.31
1645,lpush5,1000000,834175.12
1645,lrange5,1000000,1278895.12
1646,lpush5,1000000,830684.38
1646,lrange5,1000000,1186543.25
1647,lpush5,1000000,831973.38
1647,lrange5,1000000,1290363.88
1648,lpush5,1000000,833399.94
1648,lrange5,1000000,1278772.38
1649,lpush5,1000000,828540.19
1649,lrange5,1000000,1139134.38
1650,lpush5,1000000,832079.88
1650,lrange5,1000000,1180939.75
1651,lpush5,1000000,827129.88
1651,lrange5,1000000,1199290.12
1652,lpush5,1000000,837628.12
1652,lrange5,1000000,1197911.38
1653,lpush5,1000000,834095.06
1653,lrange5,1000000,1204896.38
1654,lpush5,1000000,834081.75
1654,lrange5,1000000,1297016.88
1655,lpush5,1000000,832772.69
1655,lrange5,1000000,1290363.88
1656,lpush5,1000000,843170.31
1656,lrange5,1000000,1265863.25
1657,lpush5,1000000,824560.56
1657,lrange5,1000000,1261054.25
1658,lpush5,1000000,829968.44
1658,lrange5,1000000,1283799.75
1659,lpush5,1000000,829928.62
1659,lrange5,1000000,1219668.25
1660,lpush5,1000000,831374.94
1660,lrange5,1000000,1275571.50
1661,lpush5,1000000,836173.94
1661,lrange5,1000000,1287104.25
1662,lpush5,1000000,829875.50
1662,lrange5,1000000,1192162.12
1663,lpush5,1000000,832106.50
1663,lrange5,1000000,1195068.12
1664,lpush5,1000000,838263.25
1664,lrange5,1000000,1254885.88
1665,lpush5,1000000,832000.00
1665,lrange5,1000000,1205262.62
1666,lpush5,1000000,828593.19
1666,lrange5,1000000,1158859.88
1667,lpush5,1000000,833506.62
1667,lrange5,1000000,1283738.12
1668,lpush5,1000000,819829.50
1668,lrange5,1000000,1146990.88
1669,lpush5,1000000,831268.50
1669,lrange5,1000000,1233065.38
1670,lpush5,1000000,824402.25
1670,lrange5,1000000,1293702.50
1671,lpush5,1000000,824441.81
1671,lrange5,1000000,1300473.38
1672,lpush5,1000000,838939.56
1672,lrange5,1000000,1183564.50
1673,lpush5,1000000,825803.50
1673,lrange5,1000000,1259466.00
1674,lpush5,1000000,834898.19
1674,lrange5,1000000,1266025.25
1675,lpush5,1000000,824402.25
1675,lrange5,1000000,1293661.00
1676,lpush5,1000000,834737.94
1676,lrange5,1000000,1221118.38
1677,lpush5,1000000,837601.31
1677,lrange5,1000000,1143204.62
1678,lpush5,1000000,836927.19
1678,lrange5,1000000,1292134.38
1679,lpush5,1000000,825267.31
1679,lrange5,1000000,1261114.75
1680,lpush5,1000000,823907.75
1680,lrange5,1000000,1280532.62
1681,lpush5,1000000,832066.56
1681,lrange5,1000000,1282071.88
1682,lpush5,1000000,826459.50
1682,lrange5,1000000,1290529.12
1683,lpush5,1000000,836833.44
1683,lrange5,1000000,1194743.12
1684,lpush5,1000000,825856.31
1684,lrange5,1000000,1190514.38
1685,lpush5,1000000,828566.69
1685,lrange5,1000000,1168355.12
1686,lpush5,1000000,838223.00
1686,lrange5,1000000,1190571.50
1687,lpush5,1000000,827328.38
1687,lrange5,1000000,1201923.00
1688,lpush5,1000000,829981.69
1688,lrange5,1000000,1259546.50
1689,lpush5,1000000,831348.31
1689,lrange5,1000000,1208096.62
1690,lpush5,1000000,829187.44
1690,lrange5,1000000,1189422.12
1691,lpush5,1000000,834938.25
1691,lrange5,1000000,1194857.75
1692,lpush5,1000000,830737.56
1692,lrange5,1000000,1283717.62
1693,lpush5,1000000,830008.25
1693,lrange5,1000000,1264263.00
1694,lpush5,1000000,823071.56
1694,lrange5,1000000,1270709.00
1695,lpush5,1000000,829968.44
1695,lrange5,1000000,1280512.12
1696,lpush5,1000000,822460.56
1696,lrange5,1000000,1193451.12
1697,lpush5,1000000,843197.31
1697,lrange5,1000000,1261256.00
1698,lpush5,1000000,825082.50
1698,lrange5,1000000,1280409.75
1699,lpush5,1000000,824481.44
1699,lrange5,1000000,1295399.00
1700,lpush5,1000000,818566.31
1700,lrange5,1000000,1285408.75
1701,lpush5,1000000,827182.81
1701,lrange5,1000000,1189441.12
1702,lpush5,1000000,826499.12
1702,lrange5,1000000,1278997.38
1703,lpush5,1000000,828540.19
1703,lrange5,1000000,1285367.62
1704,lpush5,1000000,831348.31
1704,lrange5,1000000,1242395.00
1705,lpush5,1000000,834737.94
1705,lrange5,1000000,1197930.62
1706,lpush5,1000000,823868.19
1706,lrange5,1000000,1258103.12
1707,lpush5,1000000,827341.62
1707,lrange5,1000000,1297182.88
1708,lpush5,1000000,834175.12
1708,lrange5,1000000,1290384.50
1709,lpush5,1000000,841244.75
1709,lrange5,1000000,1297224.38
1710,lpush5,1000000,834028.38
1710,lrange5,1000000,1262626.25
1711,lpush5,1000000,833493.31
1711,lrange5,1000000,1300410.88
1712,lpush5,1000000,837748.75
1712,lrange5,1000000,1277159.62
1713,lpush5,1000000,835609.00
1713,lrange5,1000000,1196248.75
1714,lpush5,1000000,828659.50
1714,lrange5,1000000,1267609.62
1715,lpush5,1000000,825803.50
1715,lrange5,1000000,1298722.12
1716,lpush5,1000000,831986.69
1716,lrange5,1000000,1297058.38
1717,lpush5,1000000,827986.81
1717,lrange5,1000000,1287145.38
1718,lpush5,1000000,823097.94
1718,lrange5,1000000,1256281.38
1719,lpush5,1000000,823749.62
1719,lrange5,1000000,1261155.12
1720,lpush5,1000000,821201.94
1720,lrange5,1000000,1291989.62
1721,lpush5,1000000,835475.31
1721,lrange5,1000000,1300473.38
1722,lpush5,1000000,825843.12
1722,lrange5,1000000,1295523.25
1723,lpush5,1000000,831946.75
1723,lrange5,1000000,1285408.75
1724,lpush5,1000000,832772.69
1724,lrange5,1000000,1283779.25
1725,lpush5,1000000,827235.75
1725,lrange5,1000000,1298763.62
1726,lpush5,1000000,838290.06
1726,lrange5,1000000,1196574.12
1727,lpush5,1000000,825777.06
1727,lrange5,1000000,1192104.88
1728,lpush5,1000000,831946.75
1728,lrange5,1000000,1283799.75
1729,lpush5,1000000,825777.06
1729,lrange5,1000000,1256341.75
1730,lpush5,1000000,831986.69
1730,lrange5,1000000,1200672.25
1731,lpush5,1000000,831946.75
1731,lrange5,1000000,1270729.38
1732,lpush5,1000000,832706.12
1732,lrange5,1000000,1270648.00
1733,lpush5,1000000,827960.31
1733,lrange5,1000000,1199271.00
1734,lpush5,1000000,834938.25
1734,lrange5,1000000,1272488.50
1735,lpush5,1000000,837721.94
1735,lrange5,1000000,1293764.50
1736,lpush5,1000000,840336.12
1736,lrange5,1000000,1288762.88
1737,lpush5,1000000,832039.94
1737,lrange5,1000000,1297162.12
1738,lpush5,1000000,826459.50
1738,lrange5,1000000,1278833.75
1739,lpush5,1000000,834228.50
1739,lrange5,1000000,1290508.38
1740,lpush5,1000000,830061.38
1740,lrange5,1000000,1240694.75
1741,lpush5,1000000,831388.25
1741,lrange5,1000000,1288721.62
1742,lpush5,1000000,834818.06
1742,lrange5,1000000,1196612.38
1743,lpush5,1000000,829253.75
1743,lrange5,1000000,1293723.12
1744,lpush5,1000000,823269.12
1744,lrange5,1000000,1288762.88
1745,lpush5,1000000,841190.94
1745,lrange5,1000000,1113657.00
1746,lpush5,1000000,783285.88
1746,lrange5,1000000,1187686.50
1747,lpush5,1000000,838330.31
1747,lrange5,1000000,1259546.50
1748,lpush5,1000000,831428.12
1748,lrange5,1000000,1282051.38
1749,lpush5,1000000,828619.69
1749,lrange5,1000000,1242414.88
1750,lpush5,1000000,832652.81
1750,lrange5,1000000,1283717.62
1751,lpush5,1000000,825135.31
1751,lrange5,1000000,1282153.88
1752,lpush5,1000000,831428.12
1752,lrange5,1000000,1282051.38
1753,lpush5,1000000,837668.31
1753,lrange5,1000000,1196401.88
1754,lpush5,1000000,826657.81
1754,lrange5,1000000,1203773.75
1755,lpush5,1000000,827867.56
1755,lrange5,1000000,1206291.88
1756,lpush5,1000000,825829.94
1756,lrange5,1000000,1202000.00
1757,lpush5,1000000,842662.12
1757,lrange5,1000000,1253132.88
1758,lpush5,1000000,832000.00
1758,lrange5,1000000,1283840.88
1759,lpush5,1000000,817766.12
1759,lrange5,1000000,1261094.62
1760,lpush5,1000000,822407.94
1760,lrange5,1000000,1231783.25
1761,lpush5,1000000,834764.62
1761,lrange5,1000000,1293681.75
1762,lpush5,1000000,834201.81
1762,lrange5,1000000,1300515.00
1763,lpush5,1000000,827354.88
1763,lrange5,1000000,1233065.38
1764,lpush5,1000000,832133.12
1764,lrange5,1000000,1298722.12
1765,lpush5,1000000,832639.50
1765,lrange5,1000000,1184853.12
1766,lpush5,1000000,836820.06
1766,lrange5,1000000,1297016.88
1767,lpush5,1000000,834095.06
1767,lrange5,1000000,1287104.25
1768,lpush5,1000000,834135.12
1768,lrange5,1000000,1300410.88
1769,lpush5,1000000,839154.31
1769,lrange5,1000000,1280450.62
1770,lpush5,1000000,837601.31
1770,lrange5,1000000,1213708.75
1771,lpush5,1000000,824428.62
1771,lrange5,1000000,1180864.25
1772,lpush5,1000000,836820.06
1772,lrange5,1000000,1210653.75
1773,lpush5,1000000,824600.12
1773,lrange5,1000000,1261235.88
1774,lpush5,1000000,834028.38
1774,lrange5,1000000,1297037.62
1775,lpush5,1000000,827867.56
1775,lrange5,1000000,1283738.12
1776,lpush5,1000000,822539.50
1776,lrange5,1000000,1221001.25
1777,lpush5,1000000,822539.50
1777,lrange5,1000000,1293661.00
1778,lpush5,1000000,838236.44
1778,lrange5,1000000,1297079.12
1779,lpush5,1000000,838966.44
1779,lrange5,1000000,1269076.12
1780,lpush5,1000000,827907.31
1780,lrange5,1000000,1287166.00
1781,lpush5,1000000,836887.00
1781,lrange5,1000000,1273926.12
1782,lpush5,1000000,839670.88
1782,lrange5,1000000,1280635.00
1783,lpush5,1000000,819000.88
1783,lrange5,1000000,1290405.25
1784,lpush5,1000000,818540.12
1784,lrange5,1000000,1246902.75
1785,lpush5,1000000,827341.62
1785,lrange5,1000000,1163013.88
1786,lpush5,1000000,832039.94
1786,lrange5,1000000,1297037.62
1787,lpush5,1000000,832679.44
1787,lrange5,1000000,1196248.75
1788,lpush5,1000000,832093.19
1788,lrange5,1000000,1202250.00
1789,lpush5,1000000,821031.19
1789,lrange5,1000000,1227013.50
1790,lpush5,1000000,841777.81
1790,lrange5,1000000,1194915.12
1791,lpush5,1000000,829941.88
1791,lrange5,1000000,1222669.88
1792,lpush5,1000000,839630.56
1792,lrange5,1000000,1287001.25
1793,lpush5,1000000,829928.62
1793,lrange5,1000000,1193603.88
1794,lpush5,1000000,836173.94
1794,lrange5,1000000,1278915.62
1795,lpush5,1000000,832666.12
1795,lrange5,1000000,1240774.25
1796,lpush5,1000000,836873.62
1796,lrange5,1000000,1251624.50
1797,lpush5,1000000,829941.88
1797,lrange5,1000000,1285449.88
1798,lpush5,1000000,827854.31
1798,lrange5,1000000,1193336.50
1799,lpush5,1000000,829941.88
1799,lrange5,1000000,1272305.38
1800,lpush5,1000000,839046.94
1800,lrange5,1000000,1193680.25
1801,lpush5,1000000,830617.94
1801,lrange5,1000000,1234785.12
1802,lpush5,1000000,829981.69
1802,lrange5,1000000,1277159.62
1803,lpush5,1000000,836994.12
1803,lrange5,1000000,1285470.50
1804,lpush5,1000000,830737.56
1804,lrange5,1000000,1277302.75
1805,lpush5,1000000,835528.81
1805,lrange5,1000000,1270770.00
1806,lpush5,1000000,842702.56
1806,lrange5,1000000,1285347.00
1807,lpush5,1000000,834778.00
1807,lrange5,1000000,1191914.25
1808,lpush5,1000000,837695.12
1808,lrange5,1000000,1267528.50
1809,lpush5,1000000,826591.69
1809,lrange5,1000000,1290508.38
1810,lpush5,1000000,829888.75
1810,lrange5,1000000,1253152.88
1811,lpush5,1000000,830737.56
1811,lrange5,1000000,1197662.25
1812,lpush5,1000000,839020.12
1812,lrange5,1000000,1185118.50
1813,lpush5,1000000,832093.19
1813,lrange5,1000000,1256442.25
1814,lpush5,1000000,821692.69
1814,lrange5,1000000,1194972.50
1815,lpush5,1000000,821692.69
1815,lrange5,1000000,1197643.12
1816,lpush5,1000000,829280.31
1816,lrange5,1000000,1248639.25
1817,lpush5,1000000,829875.50
1817,lrange5,1000000,1278854.25
1818,lpush5,1000000,836334.44
1818,lrange5,1000000,1269218.25
1819,lpush5,1000000,837721.94
1819,lrange5,1000000,1246882.88
1820,lpush5,1000000,823828.69
1820,lrange5,1000000,1282051.38
1821,lpush5,1000000,841925.94
1821,lrange5,1000000,1199213.50
1822,lpush5,1000000,829902.06
1822,lrange5,1000000,1279202.00
1823,lpush5,1000000,838290.06
1823,lrange5,1000000,1245429.62
1824,lpush5,1000000,838953.00
1824,lrange5,1000000,1190800.00
1825,lpush5,1000000,838383.94
1825,lrange5,1000000,1282071.88
1826,lpush5,1000000,836887.00
1826,lrange5,1000000,1218104.75
1827,lpush5,1000000,832652.81
1827,lrange5,1000000,1283799.75
1828,lpush5,1000000,833346.62
1828,lrange5,1000000,1185080.62
1829,lpush5,1000000,831321.75
1829,lrange5,1000000,1285470.50
1830,lpush5,1000000,834215.19
1830,lrange5,1000000,1256381.88
1831,lpush5,1000000,836280.94
1831,lrange5,1000000,1186562.25
1832,lpush5,1000000,829941.88
1832,lrange5,1000000,1287166.00
1833,lpush5,1000000,836860.19
1833,lrange5,1000000,1290363.88
1834,lpush5,1000000,832852.62
1834,lrange5,1000000,1234725.88
1835,lpush5,1000000,840376.44
1835,lrange5,1000000,1257861.62
1836,lpush5,1000000,829280.31
1836,lrange5,1000000,1257861.62
1837,lpush5,1000000,827854.31
1837,lrange5,1000000,1160501.12
1838,lpush5,1000000,832812.69
1838,lrange5,1000000,1270729.38
1839,lpush5,1000000,831374.94
1839,lrange5,1000000,1230169.75
1840,lpush5,1000000,829955.19
1840,lrange5,1000000,1265903.75
1841,lpush5,1000000,832639.50
1841,lrange5,1000000,1275551.00
1842,lpush5,1000000,833333.31
1842,lrange5,1000000,1190628.62
1843,lpush5,1000000,827143.12
1843,lrange5,1000000,1240873.50
1844,lpush5,1000000,824455.00
1844,lrange5,1000000,1282153.88
1845,lpush5,1000000,827827.88
1845,lrange5,1000000,1171222.50
1846,lpush5,1000000,829267.00
1846,lrange5,1000000,1292175.75
1847,lpush5,1000000,830684.38
1847,lrange5,1000000,1297286.62
1848,lpush5,1000000,834055.06
1848,lrange5,1000000,1278792.88
1849,lpush5,1000000,836187.31
1849,lrange5,1000000,1272325.62
1850,lpush5,1000000,839724.62
1850,lrange5,1000000,1193546.50
1851,lpush5,1000000,826684.25
1851,lrange5,1000000,1297099.88
1852,lpush5,1000000,829386.44
1852,lrange5,1000000,1293743.88
1853,lpush5,1000000,834791.38
1853,lrange5,1000000,1280409.75
1854,lpush5,1000000,828513.69
1854,lrange5,1000000,1189269.88
1855,lpush5,1000000,825095.69
1855,lrange5,1000000,1290322.62
1856,lpush5,1000000,833373.31
1856,lrange5,1000000,1193546.50
1857,lpush5,1000000,836334.44
1857,lrange5,1000000,1273885.25
1858,lpush5,1000000,823723.25
1858,lrange5,1000000,1264404.50
1859,lpush5,1000000,835555.56
1859,lrange5,1000000,1280450.62
1860,lpush5,1000000,825829.94
1860,lrange5,1000000,1273926.12
1861,lpush5,1000000,829359.88
1861,lrange5,1000000,1254845.62
1862,lpush5,1000000,824560.56
1862,lrange5,1000000,1236093.88
1863,lpush5,1000000,832639.50
1863,lrange5,1000000,1297037.62
1864,lpush5,1000000,825161.69
1864,lrange5,1000000,1290529.12
1865,lpush5,1000000,829213.94
1865,lrange5,1000000,1190857.12
1866,lpush5,1000000,825816.69
1866,lrange5,1000000,1297182.88
1867,lpush5,1000000,829346.62
1867,lrange5,1000000,1300410.88
1868,lpush5,1000000,830034.81
1868,lrange5,1000000,1283779.25
1869,lpush5,1000000,834041.69
1869,lrange5,1000000,1191952.38
1870,lpush5,1000000,823084.75
1870,lrange5,1000000,1180864.25
1871,lpush5,1000000,830021.56
1871,lrange5,1000000,1300535.75
1872,lpush5,1000000,829875.50
1872,lrange5,1000000,1300410.88
1873,lpush5,1000000,829968.44
1873,lrange5,1000000,1193355.62
1874,lpush5,1000000,831946.75
1874,lrange5,1000000,1282071.88
1875,lpush5,1000000,824455.00
1875,lrange5,1000000,1264364.12
1876,lpush5,1000000,825803.50
1876,lrange5,1000000,1298722.12
1877,lpush5,1000000,823749.62
1877,lrange5,1000000,1300452.50
1878,lpush5,1000000,832000.00
1878,lrange5,1000000,1293785.25
1879,lpush5,1000000,841083.25
1879,lrange5,1000000,1285367.62
1880,lpush5,1000000,822368.44
1880,lrange5,1000000,1272264.62
1881,lpush5,1000000,829227.19
1881,lrange5,1000000,1261034.12
1882,lpush5,1000000,822381.62
1882,lrange5,1000000,1295336.75
1883,lpush5,1000000,827827.88
1883,lrange5,1000000,1290446.50
1884,lpush5,1000000,837520.94
1884,lrange5,1000000,1293702.50
1885,lpush5,1000000,830617.94
1885,lrange5,1000000,1295378.25
1886,lpush5,1000000,829888.75
1886,lrange5,1000000,1269035.50
1887,lpush5,1000000,834737.94
1887,lrange5,1000000,1295336.75
1888,lpush5,1000000,841069.81
1888,lrange5,1000000,1246902.75
1889,lpush5,1000000,828540.19
1889,lrange5,1000000,1258022.62
1890,lpush5,1000000,833346.62
1890,lrange5,1000000,1199060.00
1891,lpush5,1000000,832772.69
1891,lrange5,1000000,1256281.38
1892,lpush5,1000000,827854.31
1892,lrange5,1000000,1005314.56
1893,lpush5,1000000,835595.62
1893,lrange5,1000000,1197873.12
1894,lpush5,1000000,822526.31
1894,lrange5,1000000,1290446.50
1895,lpush5,1000000,822368.44
1895,lrange5,1000000,1175144.50
1896,lpush5,1000000,834831.44
1896,lrange5,1000000,1197681.50
1897,lpush5,1000000,829888.75
1897,lrange5,1000000,1190723.88
1898,lpush5,1000000,832719.44
1898,lrange5,1000000,1295378.25
1899,lpush5,1000000,839670.88
1899,lrange5,1000000,1275591.88
1900,lpush5,1000000,834201.81
1900,lrange5,1000000,1189250.88
1901,lpush5,1000000,825777.06
1901,lrange5,1000000,1265924.00
1902,lpush5,1000000,834041.69
1902,lrange5,1000000,1295378.25
1903,lpush5,1000000,826525.62
1903,lrange5,1000000,1247002.50
1904,lpush5,1000000,836994.12
1904,lrange5,1000000,1270810.62
1905,lpush5,1000000,829915.31
1905,lrange5,1000000,1194857.75
1906,lpush5,1000000,833373.31
1906,lrange5,1000000,1256361.75
1907,lpush5,1000000,829240.50
1907,lrange5,1000000,1245529.25
1908,lpush5,1000000,825843.12
1908,lrange5,1000000,1293888.75
1909,lpush5,1000000,834081.75
1909,lrange5,1000000,1283861.38
1910,lpush5,1000000,840349.56
1910,lrange5,1000000,1121488.75
1911,lpush5,1000000,834255.19
1911,lrange5,1000000,1242414.88
1912,lpush5,1000000,835475.31
1912,lrange5,1000000,1190762.00
1913,lpush5,1000000,843183.81
1913,lrange5,1000000,1267427.12
1914,lpush5,1000000,834241.88
1914,lrange5,1000000,1297099.88
1915,lpush5,1000000,834737.94
1915,lrange5,1000000,1290467.12
1916,lpush5,1000000,825829.94
1916,lrange5,1000000,1243880.62
1917,lpush5,1000000,835475.31
1917,lrange5,1000000,1224166.50
1918,lpush5,1000000,834228.50
1918,lrange5,1000000,1246922.75
1919,lpush5,1000000,831401.50
1919,lrange5,1000000,1277302.75
1920,lpush5,1000000,828646.19
1920,lrange5,1000000,1264303.38
1921,lpush5,1000000,830021.56
1921,lrange5,1000000,1297058.38
1922,lpush5,1000000,837547.75
1922,lrange5,1000000,1218104.75
1923,lpush5,1000000,837574.56
1923,lrange5,1000000,1209286.50
1924,lpush5,1000000,822526.31
1924,lrange5,1000000,1196421.00
1925,lpush5,1000000,832732.75
1925,lrange5,1000000,1200710.62
1926,lpush5,1000000,823789.12
1926,lrange5,1000000,1247102.25
1927,lpush5,1000000,821745.25
1927,lrange5,1000000,1285532.12
1928,lpush5,1000000,838979.81
1928,lrange5,1000000,1179301.88
1929,lpush5,1000000,828540.19
1929,lrange5,1000000,1204935.00
1930,lpush5,1000000,829888.75
1930,lrange5,1000000,1288804.12
1931,lpush5,1000000,829981.69
1931,lrange5,1000000,1295378.25
1932,lpush5,1000000,834108.44
1932,lrange5,1000000,1267427.12
1933,lpush5,1000000,828553.44
1933,lrange5,1000000,1200672.25
1934,lpush5,1000000,830604.62
1934,lrange5,1000000,1298846.75
1935,lpush5,1000000,827209.25
1935,lrange5,1000000,1041966.69
1936,lpush5,1000000,837601.31
1936,lrange5,1000000,1253313.38
1937,lpush5,1000000,825803.50
1937,lrange5,1000000,1186315.50
1938,lpush5,1000000,832639.50
1938,lrange5,1000000,1290343.25
1939,lpush5,1000000,834791.38
1939,lrange5,1000000,1254745.25
1940,lpush5,1000000,825777.06
1940,lrange5,1000000,1293785.25
1941,lpush5,1000000,834068.38
1941,lrange5,1000000,1274007.62
1942,lpush5,1000000,833359.94
1942,lrange5,1000000,1270648.00
1943,lpush5,1000000,832759.38
1943,lrange5,1000000,1295502.62
1944,lpush5,1000000,832079.88
1944,lrange5,1000000,1200710.62
1945,lpush5,1000000,821057.44
1945,lrange5,1000000,1280512.12
1946,lpush5,1000000,827315.12
1946,lrange5,1000000,1243920.38
1947,lpush5,1000000,824573.75
1947,lrange5,1000000,1295440.38
1948,lpush5,1000000,825935.62
1948,lrange5,1000000,1243960.12
1949,lpush5,1000000,834161.81
1949,lrange5,1000000,1195087.25
1950,lpush5,1000000,829306.81
1950,lrange5,1000000,1302270.88
1951,lpush5,1000000,831348.31
1951,lrange5,1000000,1292093.00
1952,lpush5,1000000,842621.69
1952,lrange5,1000000,1259506.25
1953,lpush5,1000000,826459.50
1953,lrange5,1000000,1295399.00
1954,lpush5,1000000,832759.38
1954,lrange5,1000000,1290322.62
1955,lpush5,1000000,830008.25
1955,lrange5,1000000,1189212.88
1956,lpush5,1000000,824455.00
1956,lrange5,1000000,1292072.38
1957,lpush5,1000000,828579.94
1957,lrange5,1000000,1183640.25
1958,lpush5,1000000,841966.38
1958,lrange5,1000000,1259586.88
1959,lpush5,1000000,832706.12
1959,lrange5,1000000,1290363.88
1960,lpush5,1000000,829981.69
1960,lrange5,1000000,1292196.38
1961,lpush5,1000000,829399.69
1961,lrange5,1000000,1293681.75
1962,lpush5,1000000,832000.00
1962,lrange5,1000000,1242236.00
1963,lpush5,1000000,829928.62
1963,lrange5,1000000,1292237.75
1964,lpush5,1000000,822368.44
1964,lrange5,1000000,1300598.25
1965,lpush5,1000000,832000.00
1965,lrange5,1000000,1278813.25
1966,lpush5,1000000,829306.81
1966,lrange5,1000000,1285388.12
1967,lpush5,1000000,820436.44
1967,lrange5,1000000,1283861.38
1968,lpush5,1000000,823855.06
1968,lrange5,1000000,1287104.25
1969,lpush5,1000000,825082.50
1969,lrange5,1000000,1295378.25
1970,lpush5,1000000,832119.81
1970,lrange5,1000000,1280512.12
1971,lpush5,1000000,824402.25
1971,lrange5,1000000,1295378.25
1972,lpush5,1000000,837641.56
1972,lrange5,1000000,1295336.75
1973,lpush5,1000000,833346.62
1973,lrange5,1000000,1125021.38
1974,lpush5,1000000,757087.06
1974,lrange5,1000000,1206407.75
1975,lpush5,1000000,839738.06
1975,lrange5,1000000,1287001.25
1976,lpush5,1000000,829359.88
1976,lrange5,1000000,1265984.75
1977,lpush5,1000000,836820.06
1977,lrange5,1000000,1292237.75
1978,lpush5,1000000,830724.25
1978,lrange5,1000000,1275816.38
1979,lpush5,1000000,829333.38
1979,lrange5,1000000,1283758.75
1980,lpush5,1000000,839670.88
1980,lrange5,1000000,1293681.75
1981,lpush5,1000000,834831.44
1981,lrange5,1000000,1275612.25
1982,lpush5,1000000,831388.25
1982,lrange5,1000000,1288886.50
1983,lpush5,1000000,825254.12
1983,lrange5,1000000,1073012.88
1984,lpush5,1000000,838437.56
1984,lrange5,1000000,1259466.00
1985,lpush5,1000000,829267.00
1985,lrange5,1000000,1189403.12
1986,lpush5,1000000,825869.56
1986,lrange5,1000000,1262747.50
1987,lpush5,1000000,838926.12
1987,lrange5,1000000,1230169.75
1988,lpush5,1000000,825082.50
1988,lrange5,1000000,1283717.62
1989,lpush5,1000000,830048.12
1989,lrange5,1000000,1190647.62
1990,lpush5,1000000,831428.12
1990,lrange5,1000000,1226993.88
1991,lpush5,1000000,839033.56
1991,lrange5,1000000,1204935.00
1992,lpush5,1000000,831960.06
1992,lrange5,1000000,1193470.12
1993,lpush5,1000000,834095.06
1993,lrange5,1000000,1197815.62
1994,lpush5,1000000,830710.94
1994,lrange5,1000000,1185023.75
1995,lpush5,1000000,834121.75
1995,lrange5,1000000,1253152.88
1996,lpush5,1000000,837574.56
1996,lrange5,1000000,1285511.62
1997,lpush5,1000000,839845.50
1997,lrange5,1000000,1257881.75
1998,lpush5,1000000,829213.94
1998,lrange5,1000000,1199175.12
1999,lpush5,1000000,837628.12
1999,lrange5,1000000,1201923.00
2000,lpush5,1000000,838357.12
2000,lrange5,1000000,1189117.75
