trial,operation,requests,rps
1,lpush5,1000000,519497.16
1,lrange5,1000000,931217.88
2,lpush5,1000000,815712.94
2,lrange5,1000000,1264222.50
3,lpush5,1000000,824507.81
3,lrange5,1000000,1079948.12
4,lpush5,1000000,815165.44
4,lrange5,1000000,1254745.25
5,lpush5,1000000,823723.25
5,lrange5,1000000,1228560.12
6,lpush5,1000000,825803.50
6,lrange5,1000000,1303968.62
7,lpush5,1000000,828672.75
7,lrange5,1000000,1282215.38
8,lpush5,1000000,830564.81
8,lrange5,1000000,1067389.62
9,lpush5,1000000,825095.69
9,lrange5,1000000,1248459.38
10,lpush5,1000000,827841.12
10,lrange5,1000000,1302270.88
11,lpush5,1000000,827235.75
11,lrange5,1000000,1192238.38
12,lpush5,1000000,824455.00
12,lrange5,1000000,1043924.81
13,lpush5,1000000,830591.38
13,lrange5,1000000,1267548.88
14,lpush5,1000000,823150.62
14,lrange5,1000000,1187743.50
15,lpush5,1000000,823058.44
15,lrange5,1000000,1230032.00
16,lpush5,1000000,827182.81
16,lrange5,1000000,1248479.38
17,lpush5,1000000,826485.94
17,lrange5,1000000,1240893.25
18,lpush5,1000000,834724.56
18,lrange5,1000000,1288659.75
19,lpush5,1000000,826525.62
19,lrange5,1000000,1185080.62
20,lpush5,1000000,831414.81
20,lrange5,1000000,1243840.75
21,lpush5,1000000,819053.25
21,lrange5,1000000,1295544.00
22,lpush5,1000000,823894.56
22,lrange5,1000000,1297099.88
23,lpush5,1000000,819079.50
23,lrange5,1000000,1277302.75
24,lpush5,1000000,826671.06
24,lrange5,1000000,1298701.38
25,lpush5,1000000,835502.06
25,lrange5,1000000,764562.69
26,lpush5,1000000,826472.69
26,lrange5,1000000,1269055.88
27,lpush5,1000000,828659.50
27,lrange5,1000000,1285408.75
28,lpush5,1000000,828540.19
28,lrange5,1000000,1240873.50
29,lpush5,1000000,821850.44
29,lrange5,1000000,1196440.12
30,lpush5,1000000,825829.94
30,lrange5,1000000,1272305.38
31,lpush5,1000000,823058.44
31,lrange5,1000000,1303885.25
32,lpush5,1000000,825829.94
32,lrange5,1000000,1295461.12
33,lpush5,1000000,826472.69
33,lrange5,1000000,1196229.62
34,lpush5,1000000,823736.44
34,lrange5,1000000,1251564.38
35,lpush5,1000000,813760.81
35,lrange5,1000000,1287001.25
36,lpush5,1000000,829187.44
36,lrange5,1000000,1302083.38
37,lpush5,1000000,817753.06
37,lrange5,1000000,1257982.38
38,lpush5,1000000,828606.44
38,lrange5,1000000,1269055.88
39,lpush5,1000000,817713.81
39,lrange5,1000000,1202326.88
40,lpush5,1000000,822539.50
40,lrange5,1000000,1297162.12
41,lpush5,1000000,818553.19
41,lrange5,1000000,1206446.38
42,lpush5,1000000,822381.62
42,lrange5,1000000,1219668.25
43,lpush5,1000000,821031.19
43,lrange5,1000000,1251764.62
44,lpush5,1000000,820410.19
44,lrange5,1000000,1297016.88
45,lpush5,1000000,824415.44
45,lrange5,1000000,1298909.12
46,lpush5,1000000,825254.12
46,lrange5,1000000,1250160.00
47,lpush5,1000000,821850.44
47,lrange5,1000000,1283697.12
48,lpush5,1000000,827156.31
48,lrange5,1000000,1297058.38
49,lpush5,1000000,830034.81
49,lrange5,1000000,1186315.50
50,lpush5,1000000,820370.81
50,lrange5,1000000,1196478.38
51,lpush5,1000000,823789.12
51,lrange5,1000000,1230189.38
52,lpush5,1000000,825909.19
52,lrange5,1000000,1292031.00
53,lpush5,1000000,833479.94
53,lrange5,1000000,1273885.25
54,lpush5,1000000,821705.81
54,lrange5,1000000,1185251.25
55,lpush5,1000000,826485.94
55,lrange5,1000000,1298701.38
56,lpush5,1000000,824441.81
56,lrange5,1000000,1277180.12
57,lpush5,1000000,825161.69
57,lrange5,1000000,1208115.88
58,lpush5,1000000,823203.25
58,lrange5,1000000,1153421.00
59,lpush5,1000000,828672.75
59,lrange5,1000000,1283799.75
60,lpush5,1000000,821215.06
60,lrange5,1000000,1231586.25
61,lpush5,1000000,831268.50
61,lrange5,1000000,1302083.38
62,lpush5,1000000,822394.75
62,lrange5,1000000,1200902.75
63,lpush5,1000000,823934.12
63,lrange5,1000000,1298909.12
64,lpush5,1000000,819855.69
64,lrange5,1000000,1297120.62
65,lpush5,1000000,827196.06
65,lrange5,1000000,1269035.50
66,lpush5,1000000,821070.56
66,lrange5,1000000,1183564.50
67,lpush5,1000000,826446.25
67,lrange5,1000000,1195125.38
68,lpush5,1000000,816535.50
68,lrange5,1000000,1278833.75
69,lpush5,1000000,825135.31
69,lrange5,1000000,1209363.88
70,lpush5,1000000,826578.50
70,lrange5,1000000,1278792.88
71,lpush5,1000000,824613.31
71,lrange5,1000000,1254745.25
72,lpush5,1000000,826499.12
72,lrange5,1000000,1196229.62
73,lpush5,1000000,826538.81
73,lrange5,1000000,1298742.88
74,lpush5,1000000,825790.25
74,lrange5,1000000,1213786.38
75,lpush5,1000000,823775.94
75,lrange5,1000000,1251584.50
76,lpush5,1000000,824402.25
76,lrange5,1000000,1290508.38
77,lpush5,1000000,831268.50
77,lrange5,1000000,1228678.12
78,lpush5,1000000,819053.25
78,lrange5,1000000,1256422.12
79,lpush5,1000000,824521.00
79,lrange5,1000000,1233381.00
80,lpush5,1000000,821175.69
80,lrange5,1000000,1196229.62
81,lpush5,1000000,821811.00
81,lrange5,1000000,1259466.00
82,lpush5,1000000,831268.50
82,lrange5,1000000,1191933.25
83,lpush5,1000000,821110.00
83,lrange5,1000000,1248519.38
84,lpush5,1000000,825896.00
84,lrange5,1000000,1293681.75
85,lpush5,1000000,819105.69
85,lrange5,1000000,1227033.12
86,lpush5,1000000,813773.81
86,lrange5,1000000,1297182.88
87,lpush5,1000000,821692.69
87,lrange5,1000000,1295357.50
88,lpush5,1000000,829213.94
88,lrange5,1000000,1270871.62
89,lpush5,1000000,830087.94
89,lrange5,1000000,1202038.38
90,lpush5,1000000,825135.31
90,lrange5,1000000,1188047.50
91,lpush5,1000000,818409.19
91,lrange5,1000000,1203485.00
92,lpush5,1000000,823137.44
92,lrange5,1000000,1290322.62
93,lpush5,1000000,827275.44
93,lrange5,1000000,1297037.62
94,lpush5,1000000,827143.12
94,lrange5,1000000,1200537.75
95,lpush5,1000000,821719.00
95,lrange5,1000000,1293723.12
96,lpush5,1000000,827907.31
96,lrange5,1000000,1297099.88
97,lpush5,1000000,831295.12
97,lrange5,1000000,1236252.12
98,lpush5,1000000,822434.25
98,lrange5,1000000,1195087.25
99,lpush5,1000000,829293.56
99,lrange5,1000000,1285532.12
100,lpush5,1000000,817896.94
100,lrange5,1000000,1188047.50
101,lpush5,1000000,821031.19
101,lrange5,1000000,1272285.00
102,lpush5,1000000,828553.44
102,lrange5,1000000,1292217.12
103,lpush5,1000000,819711.44
103,lrange5,1000000,1278813.25
104,lpush5,1000000,828646.19
104,lrange5,1000000,1236173.00
105,lpush5,1000000,829227.19
105,lrange5,1000000,1199309.38
106,lpush5,1000000,827854.31
106,lrange5,1000000,1184966.88
107,lpush5,1000000,825816.69
107,lrange5,1000000,1251704.62
108,lpush5,1000000,826472.69
108,lrange5,1000000,1200825.88
109,lpush5,1000000,829928.62
109,lrange5,1000000,1190742.88
110,lpush5,1000000,826618.12
110,lrange5,1000000,1193527.50
111,lpush5,1000000,825135.31
111,lrange5,1000000,1227150.88
112,lpush5,1000000,832772.69
112,lrange5,1000000,1203542.75
113,lpush5,1000000,828646.19
113,lrange5,1000000,1186258.62
114,lpush5,1000000,832066.56
114,lrange5,1000000,1202000.00
115,lpush5,1000000,821850.44
115,lrange5,1000000,1253152.88
116,lpush5,1000000,821692.69
116,lrange5,1000000,1202000.00
117,lpush5,1000000,824573.75
117,lrange5,1000000,1242236.00
118,lpush5,1000000,835421.88
118,lrange5,1000000,1183753.75
119,lpush5,1000000,825948.81
119,lrange5,1000000,1200902.75
120,lpush5,1000000,824428.62
120,lrange5,1000000,1205185.62
121,lpush5,1000000,821758.44
121,lrange5,1000000,1280409.75
122,lpush5,1000000,825148.50
122,lrange5,1000000,1295399.00
123,lpush5,1000000,818435.38
123,lrange5,1000000,1186562.25
124,lpush5,1000000,828672.75
124,lrange5,1000000,1202000.00
125,lpush5,1000000,813682.69
125,lrange5,1000000,1200787.50
126,lpush5,1000000,819855.69
126,lrange5,1000000,1225529.38
127,lpush5,1000000,817831.50
127,lrange5,1000000,1219551.25
128,lpush5,1000000,821732.12
128,lrange5,1000000,1250000.00
129,lpush5,1000000,819027.06
129,lrange5,1000000,1280614.62
130,lpush5,1000000,822473.69
130,lrange5,1000000,1243801.00
131,lpush5,1000000,827854.31
131,lrange5,1000000,1206620.00
132,lpush5,1000000,819737.69
132,lrange5,1000000,1280409.75
133,lpush5,1000000,819711.44
133,lrange5,1000000,1297120.62
134,lpush5,1000000,819685.25
134,lrange5,1000000,1257861.62
135,lpush5,1000000,820370.81
135,lrange5,1000000,1282153.88
136,lpush5,1000000,822513.19
136,lrange5,1000000,1300452.50
137,lpush5,1000000,822381.62
137,lrange5,1000000,1298742.88
138,lpush5,1000000,823150.62
138,lrange5,1000000,1297120.62
139,lpush5,1000000,819724.56
139,lrange5,1000000,1261195.50
140,lpush5,1000000,825174.94
140,lrange5,1000000,1280450.62
141,lpush5,1000000,821745.25
141,lrange5,1000000,1251724.62
142,lpush5,1000000,819790.12
142,lrange5,1000000,1206369.12
143,lpush5,1000000,816993.50
143,lrange5,1000000,1197796.50
144,lpush5,1000000,829227.19
144,lrange5,1000000,1189193.75
145,lpush5,1000000,829346.62
145,lrange5,1000000,1234627.12
146,lpush5,1000000,818343.69
146,lrange5,1000000,1298722.12
147,lpush5,1000000,833413.31
147,lrange5,1000000,1206504.25
148,lpush5,1000000,820357.69
148,lrange5,1000000,1300577.38
149,lpush5,1000000,819881.94
149,lrange5,1000000,1173953.00
150,lpush5,1000000,834778.00
150,lrange5,1000000,1193432.00
151,lpush5,1000000,826446.25
151,lrange5,1000000,1262808.12
152,lpush5,1000000,830777.44
152,lrange5,1000000,1272285.00
153,lpush5,1000000,826472.69
153,lrange5,1000000,1203716.00
154,lpush5,1000000,823058.44
154,lrange5,1000000,1285388.12
155,lpush5,1000000,825227.69
155,lrange5,1000000,1302083.38
156,lpush5,1000000,824402.25
156,lrange5,1000000,1218124.25
157,lpush5,1000000,825122.12
157,lrange5,1000000,1207922.75
158,lpush5,1000000,827249.00
158,lrange5,1000000,1293723.12
159,lpush5,1000000,820554.56
159,lrange5,1000000,1297099.88
160,lpush5,1000000,831255.25
160,lrange5,1000000,1199117.50
161,lpush5,1000000,819079.50
161,lrange5,1000000,1302104.12
162,lpush5,1000000,823150.62
162,lrange5,1000000,1197988.00
163,lpush5,1000000,827814.62
163,lrange5,1000000,1245330.00
164,lpush5,1000000,819711.44
164,lrange5,1000000,1300410.88
165,lpush5,1000000,826657.81
165,lrange5,1000000,1297182.88
166,lpush5,1000000,827288.69
166,lrange5,1000000,1187648.50
167,lpush5,1000000,822434.25
167,lrange5,1000000,1256281.38
168,lpush5,1000000,815843.44
168,lrange5,1000000,1194838.75
169,lpush5,1000000,827341.62
169,lrange5,1000000,1285470.50
170,lpush5,1000000,823868.19
170,lrange5,1000000,1253152.88
171,lpush5,1000000,826657.81
171,lrange5,1000000,1192257.50
172,lpush5,1000000,824494.62
172,lrange5,1000000,1298805.25
173,lpush5,1000000,831348.31
173,lrange5,1000000,1201942.25
174,lpush5,1000000,818383.00
174,lrange5,1000000,1204896.38
175,lpush5,1000000,819672.12
175,lrange5,1000000,1272264.62
176,lpush5,1000000,832759.38
176,lrange5,1000000,1267447.50
177,lpush5,1000000,831268.50
177,lrange5,1000000,1231546.88
178,lpush5,1000000,820567.69
178,lrange5,1000000,1297141.38
179,lpush5,1000000,822539.50
179,lrange5,1000000,1222533.00
180,lpush5,1000000,817713.81
180,lrange5,1000000,1300390.12
181,lpush5,1000000,825135.31
181,lrange5,1000000,1261034.12
182,lpush5,1000000,827827.88
182,lrange5,1000000,1283943.50
183,lpush5,1000000,834081.75
183,lrange5,1000000,1200499.38
184,lpush5,1000000,835649.12
184,lrange5,1000000,1240694.75
185,lpush5,1000000,835502.06
185,lrange5,1000000,1204838.62
186,lpush5,1000000,825122.12
186,lrange5,1000000,1215105.75
187,lpush5,1000000,825095.69
187,lrange5,1000000,1176658.75
188,lpush5,1000000,817805.38
188,lrange5,1000000,1287063.00
189,lpush5,1000000,816457.12
189,lrange5,1000000,1250000.00
190,lpush5,1000000,827315.12
190,lrange5,1000000,1206311.25
191,lpush5,1000000,825122.12
191,lrange5,1000000,1298722.12
192,lpush5,1000000,825856.31
192,lrange5,1000000,1295399.00
193,lpush5,1000000,825095.69
193,lrange5,1000000,1196210.50
194,lpush5,1000000,816339.56
194,lrange5,1000000,1200825.88
195,lpush5,1000000,824521.00
195,lrange5,1000000,1183753.75
196,lpush5,1000000,831255.25
196,lrange5,1000000,1189288.88
197,lpush5,1000000,826657.81
197,lrange5,1000000,1231606.00
198,lpush5,1000000,828000.06
198,lrange5,1000000,1197624.00
199,lpush5,1000000,827262.19
199,lrange5,1000000,1242236.00
200,lpush5,1000000,816548.56
200,lrange5,1000000,1267447.50
201,lpush5,1000000,815660.69
201,lrange5,1000000,1290425.88
202,lpush5,1000000,828553.44
202,lrange5,1000000,1300473.38
203,lpush5,1000000,819685.25
203,lrange5,1000000,1190762.00
204,lpush5,1000000,822407.94
204,lrange5,1000000,1237683.12
205,lpush5,1000000,817058.81
205,lrange5,1000000,1262686.88
206,lpush5,1000000,823894.56
206,lrange5,1000000,1265863.25
207,lpush5,1000000,823124.25
207,lrange5,1000000,1295399.00
208,lpush5,1000000,820397.06
208,lrange5,1000000,1254885.88
209,lpush5,1000000,823045.25
209,lrange5,1000000,1282236.00
210,lpush5,1000000,819711.44
210,lrange5,1000000,1242434.75
211,lpush5,1000000,823045.25
211,lrange5,1000000,1295399.00
212,lpush5,1000000,827960.31
212,lrange5,1000000,1300390.12
213,lpush5,1000000,827328.38
213,lrange5,1000000,1272305.38
214,lpush5,1000000,821070.56
214,lrange5,1000000,1206311.25
215,lpush5,1000000,822579.00
215,lrange5,1000000,1269218.25
216,lpush5,1000000,819737.69
216,lrange5,1000000,1199175.12
217,lpush5,1000000,817792.25
217,lrange5,1000000,1199232.62
218,lpush5,1000000,831468.06
218,lrange5,1000000,1298701.38
219,lpush5,1000000,823841.88
219,lrange5,1000000,1300598.25
220,lpush5,1000000,820462.69
220,lrange5,1000000,1290322.62
221,lpush5,1000000,817700.69
221,lrange5,1000000,1253152.88
222,lpush5,1000000,817150.31
222,lrange5,1000000,1199424.50
223,lpush5,1000000,817071.94
223,lrange5,1000000,1190685.75
224,lpush5,1000000,828513.69
224,lrange5,1000000,1203465.75
225,lpush5,1000000,821123.12
225,lrange5,1000000,1193699.25
226,lpush5,1000000,825882.75
226,lrange5,1000000,1245449.62
227,lpush5,1000000,814358.25
227,lrange5,1000000,1193336.50
228,lpush5,1000000,825148.50
228,lrange5,1000000,1163162.75
229,lpush5,1000000,822407.94
229,lrange5,1000000,1285388.12
230,lpush5,1000000,832053.25
230,lrange5,1000000,1184834.12
231,lpush5,1000000,821784.69
231,lrange5,1000000,1194857.75
232,lpush5,1000000,816535.50
232,lrange5,1000000,1287063.00
233,lpush5,1000000,812542.69
233,lrange5,1000000,1246882.88
234,lpush5,1000000,811740.25
234,lrange5,1000000,1213805.88
235,lpush5,1000000,822579.00
235,lrange5,1000000,1216642.25
236,lpush5,1000000,822500.00
236,lrange5,1000000,1204838.62
237,lpush5,1000000,823150.62
237,lrange5,1000000,1283717.62
238,lpush5,1000000,834884.81
238,lrange5,1000000,1292134.38
239,lpush5,1000000,825267.31
239,lrange5,1000000,1285408.75
240,lpush5,1000000,815126.31
240,lrange5,1000000,1227170.50
241,lpush5,1000000,823255.94
241,lrange5,1000000,1298722.12
242,lpush5,1000000,823723.25
242,lrange5,1000000,1117407.88
243,lpush5,1000000,828540.19
243,lrange5,1000000,1302145.88
244,lpush5,1000000,820423.31
244,lrange5,1000000,1293681.75
245,lpush5,1000000,829928.62
245,lrange5,1000000,1204819.25
246,lpush5,1000000,816378.75
246,lrange5,1000000,1240734.50
247,lpush5,1000000,828540.19
247,lrange5,1000000,1202326.88
248,lpush5,1000000,819079.50
248,lrange5,1000000,1187971.50
249,lpush5,1000000,824455.00
249,lrange5,1000000,1291989.62
250,lpush5,1000000,834778.00
250,lrange5,1000000,1185099.50
251,lpush5,1000000,821175.69
251,lrange5,1000000,1258022.62
252,lpush5,1000000,825922.38
252,lrange5,1000000,1250020.00
253,lpush5,1000000,825306.94
253,lrange5,1000000,1269198.00
254,lpush5,1000000,829888.75
254,lrange5,1000000,1243781.12
255,lpush5,1000000,825909.19
255,lrange5,1000000,1292010.38
256,lpush5,1000000,824428.62
256,lrange5,1000000,1280430.25
257,lpush5,1000000,830671.12
257,lrange5,1000000,1196267.88
258,lpush5,1000000,825829.94
258,lrange5,1000000,1190742.88
259,lpush5,1000000,824507.81
259,lrange5,1000000,1184872.12
260,lpush5,1000000,818513.94
260,lrange5,1000000,1278915.62
261,lpush5,1000000,831401.50
261,lrange5,1000000,1280573.62
262,lpush5,1000000,823058.44
262,lrange5,1000000,1190800.00
263,lpush5,1000000,813073.19
263,lrange5,1000000,1290343.25
264,lpush5,1000000,829293.56
264,lrange5,1000000,1199213.50
265,lpush5,1000000,825254.12
265,lrange5,1000000,1272346.00
266,lpush5,1000000,821824.12
266,lrange5,1000000,1194800.50
267,lpush5,1000000,826446.25
267,lrange5,1000000,1171297.50
268,lpush5,1000000,821745.25
268,lrange5,1000000,1186467.38
269,lpush5,1000000,828513.69
269,lrange5,1000000,1258002.50
270,lpush5,1000000,818330.62
270,lrange5,1000000,1192200.25
271,lpush5,1000000,827814.62
271,lrange5,1000000,1277282.25
272,lpush5,1000000,817006.56
272,lrange5,1000000,1250020.00
273,lpush5,1000000,825148.50
273,lrange5,1000000,1253313.38
274,lpush5,1000000,831255.25
274,lrange5,1000000,1290343.25
275,lpush5,1000000,817661.44
275,lrange5,1000000,1190685.75
276,lpush5,1000000,813138.19
276,lrange5,1000000,1200518.62
277,lpush5,1000000,830591.38
277,lrange5,1000000,1251744.62
278,lpush5,1000000,816326.50
278,lrange5,1000000,1190666.75
279,lpush5,1000000,819842.62
279,lrange5,1000000,1266005.00
280,lpush5,1000000,827986.81
280,lrange5,1000000,1192104.88
281,lpush5,1000000,825988.44
281,lrange5,1000000,1095500.62
282,lpush5,1000000,826446.25
282,lrange5,1000000,1240694.75
283,lpush5,1000000,826644.62
283,lrange5,1000000,1264242.75
284,lpush5,1000000,820357.69
284,lrange5,1000000,1193412.88
285,lpush5,1000000,830697.69
285,lrange5,1000000,1197796.50
286,lpush5,1000000,819829.50
286,lrange5,1000000,1243801.00
287,lpush5,1000000,826446.25
287,lrange5,1000000,1245469.50
288,lpush5,1000000,821797.88
288,lrange5,1000000,1190704.75
289,lpush5,1000000,827129.88
289,lrange5,1000000,1287042.50
290,lpush5,1000000,823071.56
290,lrange5,1000000,1285388.12
291,lpush5,1000000,819672.12
291,lrange5,1000000,1256301.50
292,lpush5,1000000,822447.38
292,lrange5,1000000,1256281.38
293,lpush5,1000000,823097.94
293,lrange5,1000000,1203485.00
294,lpush5,1000000,832652.81
294,lrange5,1000000,1308900.50
295,lpush5,1000000,825280.50
295,lrange5,1000000,1237702.88
296,lpush5,1000000,825948.81
296,lrange5,1000000,1257922.00
297,lpush5,1000000,820410.19
297,lrange5,1000000,1185080.62
298,lpush5,1000000,823736.44
298,lrange5,1000000,1297099.88
299,lpush5,1000000,836900.38
299,lrange5,1000000,1200595.38
300,lpush5,1000000,834108.44
300,lrange5,1000000,1242255.88
301,lpush5,1000000,819698.31
301,lrange5,1000000,1216700.75
302,lpush5,1000000,827143.12
302,lrange5,1000000,1283861.38
303,lpush5,1000000,829995.00
303,lrange5,1000000,1261135.00
304,lpush5,1000000,833506.62
304,lrange5,1000000,1283799.75
305,lpush5,1000000,826459.50
305,lrange5,1000000,1240794.00
306,lpush5,1000000,827960.31
306,lrange5,1000000,1209499.38
307,lpush5,1000000,829412.94
307,lrange5,1000000,1303780.88
308,lpush5,1000000,831295.12
308,lrange5,1000000,1175464.12
309,lpush5,1000000,817844.62
309,lrange5,1000000,1300410.88
310,lpush5,1000000,829928.62
310,lrange5,1000000,1202173.00
311,lpush5,1000000,827880.81
311,lrange5,1000000,1248439.50
312,lpush5,1000000,831414.81
312,lrange5,1000000,1221235.62
313,lpush5,1000000,816378.75
313,lrange5,1000000,1305650.12
314,lpush5,1000000,823762.75
314,lrange5,1000000,1196421.00
315,lpush5,1000000,821837.31
315,lrange5,1000000,1201942.25
316,lpush5,1000000,826591.69
316,lrange5,1000000,1267609.62
317,lpush5,1000000,827907.31
317,lrange5,1000000,1297016.88
318,lpush5,1000000,827827.88
318,lrange5,1000000,1193355.62
319,lpush5,1000000,822579.00
319,lrange5,1000000,1168523.38
320,lpush5,1000000,821797.88
320,lrange5,1000000,1295502.62
321,lpush5,1000000,818343.69
321,lrange5,1000000,1290363.88
322,lpush5,1000000,823216.44
322,lrange5,1000000,1295357.50
323,lpush5,1000000,825240.94
323,lrange5,1000000,1293702.50
324,lpush5,1000000,829399.69
324,lrange5,1000000,1199405.25
325,lpush5,1000000,825869.56
325,lrange5,1000000,1272325.62
326,lpush5,1000000,823775.94
326,lrange5,1000000,1293681.75
327,lpush5,1000000,820515.19
327,lrange5,1000000,1218026.88
328,lpush5,1000000,823071.56
328,lrange5,1000000,1210731.25
329,lpush5,1000000,821031.19
329,lrange5,1000000,1282236.00
330,lpush5,1000000,819763.94
330,lrange5,1000000,1300452.50
331,lpush5,1000000,829941.88
331,lrange5,1000000,1205108.50
332,lpush5,1000000,833546.62
332,lrange5,1000000,1303885.25
333,lpush5,1000000,821732.12
333,lrange5,1000000,1200825.88
334,lpush5,1000000,819698.31
334,lrange5,1000000,1240694.75
335,lpush5,1000000,823084.75
335,lrange5,1000000,1186410.50
336,lpush5,1000000,823190.12
336,lrange5,1000000,1243781.12
337,lpush5,1000000,827328.38
337,lrange5,1000000,1199136.75
338,lpush5,1000000,820397.06
338,lrange5,1000000,1248579.25
339,lpush5,1000000,823084.75
339,lrange5,1000000,1297162.12
340,lpush5,1000000,824481.44
340,lrange5,1000000,1285429.25
341,lpush5,1000000,820436.44
341,lrange5,1000000,1290343.25
342,lpush5,1000000,826657.81
342,lrange5,1000000,1278833.75
343,lpush5,1000000,821758.44
343,lrange5,1000000,1295544.00
344,lpush5,1000000,826618.12
344,lrange5,1000000,1275612.25
345,lpush5,1000000,830021.56
345,lrange5,1000000,1201923.00
346,lpush5,1000000,817766.12
346,lrange5,1000000,1272427.50
347,lpush5,1000000,821031.19
347,lrange5,1000000,1297016.88
348,lpush5,1000000,825790.25
348,lrange5,1000000,1275693.88
349,lpush5,1000000,832719.44
349,lrange5,1000000,1243960.12
350,lpush5,1000000,823841.88
350,lrange5,1000000,1192276.50
351,lpush5,1000000,825267.31
351,lrange5,1000000,1199060.00
352,lpush5,1000000,831295.12
352,lrange5,1000000,1267488.00
353,lpush5,1000000,822473.69
353,lrange5,1000000,1237702.88
354,lpush5,1000000,834804.69
354,lrange5,1000000,1251664.50
355,lpush5,1000000,829955.19
355,lrange5,1000000,1282153.88
356,lpush5,1000000,832759.38
356,lrange5,1000000,1247142.12
357,lpush5,1000000,823775.94
357,lrange5,1000000,1182241.12
358,lpush5,1000000,823789.12
358,lrange5,1000000,1282256.50
359,lpush5,1000000,828579.94
359,lrange5,1000000,1202153.88
360,lpush5,1000000,822486.88
360,lrange5,1000000,1257942.12
361,lpush5,1000000,827933.81
361,lrange5,1000000,1267447.50
362,lpush5,1000000,823736.44
362,lrange5,1000000,1261155.12
363,lpush5,1000000,823045.25
363,lrange5,1000000,1180713.12
364,lpush5,1000000,826499.12
364,lrange5,1000000,1197873.12
365,lpush5,1000000,821070.56
365,lrange5,1000000,1274068.75
366,lpush5,1000000,819711.44
366,lrange5,1000000,1265863.25
367,lpush5,1000000,829200.69
367,lrange5,1000000,1280532.62
368,lpush5,1000000,825975.25
368,lrange5,1000000,1213805.88
369,lpush5,1000000,823723.25
369,lrange5,1000000,1139334.88
370,lpush5,1000000,824402.25
370,lrange5,1000000,1196363.62
371,lpush5,1000000,819223.62
371,lrange5,1000000,1264222.50
372,lpush5,1000000,819053.25
372,lrange5,1000000,1297079.12
373,lpush5,1000000,818396.06
373,lrange5,1000000,1302125.00
374,lpush5,1000000,819053.25
374,lrange5,1000000,1283861.38
375,lpush5,1000000,828619.69
375,lrange5,1000000,1192047.75
376,lpush5,1000000,821824.12
376,lrange5,1000000,1200633.88
377,lpush5,1000000,818461.56
377,lrange5,1000000,1190800.00
378,lpush5,1000000,827907.31
378,lrange5,1000000,1206542.88
379,lpush5,1000000,834041.69
379,lrange5,1000000,1233499.38
380,lpush5,1000000,815895.62
380,lrange5,1000000,1183583.38
381,lpush5,1000000,823894.56
381,lrange5,1000000,1285532.12
382,lpush5,1000000,822368.44
382,lrange5,1000000,1303801.75
383,lpush5,1000000,828619.69
383,lrange5,1000000,1193642.00
384,lpush5,1000000,824534.19
384,lrange5,1000000,1251604.50
385,lpush5,1000000,817792.25
385,lrange5,1000000,1202134.62
386,lpush5,1000000,818330.62
386,lrange5,1000000,1186315.50
387,lpush5,1000000,821018.00
387,lrange5,1000000,1290363.88
388,lpush5,1000000,819672.12
388,lrange5,1000000,1242434.75
389,lpush5,1000000,825882.75
389,lrange5,1000000,1233223.25
390,lpush5,1000000,817661.44
390,lrange5,1000000,1303780.88
391,lpush5,1000000,827196.06
391,lrange5,1000000,1273926.12
392,lpush5,1000000,821057.44
392,lrange5,1000000,1195029.88
393,lpush5,1000000,823137.44
393,lrange5,1000000,1187971.50
394,lpush5,1000000,819131.88
394,lrange5,1000000,1237782.12
395,lpush5,1000000,816496.31
395,lrange5,1000000,1199079.12
396,lpush5,1000000,820344.56
396,lrange5,1000000,1248639.25
397,lpush5,1000000,821215.06
397,lrange5,1000000,1272325.62
398,lpush5,1000000,823229.62
398,lrange5,1000000,1199328.50
399,lpush5,1000000,825948.81
399,lrange5,1000000,1269096.50
400,lpush5,1000000,828513.69
400,lrange5,1000000,1198026.38
401,lpush5,1000000,824600.12
401,lrange5,1000000,1297058.38
402,lpush5,1000000,830777.44
402,lrange5,1000000,1197873.12
403,lpush5,1000000,821811.00
403,lrange5,1000000,1274068.75
404,lpush5,1000000,823855.06
404,lrange5,1000000,1251704.62
405,lpush5,1000000,819197.44
405,lrange5,1000000,1287186.62
406,lpush5,1000000,820462.69
406,lrange5,1000000,1192295.62
407,lpush5,1000000,819724.56
407,lrange5,1000000,1187705.50
408,lpush5,1000000,823282.31
408,lrange5,1000000,1283738.12
409,lpush5,1000000,823960.50
409,lrange5,1000000,1193642.00
410,lpush5,1000000,822486.88
410,lrange5,1000000,1204857.88
411,lpush5,1000000,822565.81
411,lrange5,1000000,1300390.12
412,lpush5,1000000,828579.94
412,lrange5,1000000,1293888.75
413,lpush5,1000000,821162.50
413,lrange5,1000000,1280430.25
414,lpush5,1000000,823736.44
414,lrange5,1000000,1200768.25
415,lpush5,1000000,829928.62
415,lrange5,1000000,1180694.25
416,lpush5,1000000,829875.50
416,lrange5,1000000,1197873.12
417,lpush5,1000000,835595.62
417,lrange5,1000000,1282256.50
418,lpush5,1000000,827814.62
418,lrange5,1000000,1259566.75
419,lpush5,1000000,816496.31
419,lrange5,1000000,1196287.00
420,lpush5,1000000,820370.81
420,lrange5,1000000,1293681.75
421,lpush5,1000000,823855.06
421,lrange5,1000000,1199232.62
422,lpush5,1000000,825293.75
422,lrange5,1000000,1228520.88
423,lpush5,1000000,825280.50
423,lrange5,1000000,1234706.12
424,lpush5,1000000,828513.69
424,lrange5,1000000,1186429.38
425,lpush5,1000000,817818.44
425,lrange5,1000000,1176696.50
426,lpush5,1000000,819685.25
426,lrange5,1000000,1199213.50
427,lpush5,1000000,817713.81
427,lrange5,1000000,1198045.50
428,lpush5,1000000,821057.44
428,lrange5,1000000,1253353.38
429,lpush5,1000000,829359.88
429,lrange5,1000000,1261235.88
430,lpush5,1000000,826565.25
430,lrange5,1000000,1195106.38
431,lpush5,1000000,823176.94
431,lrange5,1000000,1200883.50
432,lpush5,1000000,831986.69
432,lrange5,1000000,1251724.62
433,lpush5,1000000,833479.94
433,lrange5,1000000,1254705.12
434,lpush5,1000000,820357.69
434,lrange5,1000000,1298888.38
435,lpush5,1000000,825843.12
435,lrange5,1000000,1282277.00
436,lpush5,1000000,831268.50
436,lrange5,1000000,1231783.25
437,lpush5,1000000,823097.94
437,lrange5,1000000,1256341.75
438,lpush5,1000000,825816.69
438,lrange5,1000000,1196497.62
439,lpush5,1000000,818396.06
439,lrange5,1000000,1300390.12
440,lpush5,1000000,827182.81
440,lrange5,1000000,1186429.38
441,lpush5,1000000,831454.75
441,lrange5,1000000,1297016.88
442,lpush5,1000000,819724.56
442,lrange5,1000000,1239197.00
443,lpush5,1000000,825201.31
443,lrange5,1000000,1300515.00
444,lpush5,1000000,820357.69
444,lrange5,1000000,1297079.12
445,lpush5,1000000,824600.12
445,lrange5,1000000,1193393.75
446,lpush5,1000000,823255.94
446,lrange5,1000000,1300556.62
447,lpush5,1000000,821758.44
447,lrange5,1000000,1285470.50
448,lpush5,1000000,825174.94
448,lrange5,1000000,1298888.38
449,lpush5,1000000,821070.56
449,lrange5,1000000,1199424.50
450,lpush5,1000000,820475.81
450,lrange5,1000000,1204954.25
451,lpush5,1000000,834737.94
451,lrange5,1000000,1207826.12
452,lpush5,1000000,819790.12
452,lrange5,1000000,1192085.88
453,lpush5,1000000,826604.94
453,lrange5,1000000,1298763.62
454,lpush5,1000000,823881.38
454,lrange5,1000000,1264242.75
455,lpush5,1000000,826604.94
455,lrange5,1000000,1202269.25
456,lpush5,1000000,823894.56
456,lrange5,1000000,1262747.50
457,lpush5,1000000,822526.31
457,lrange5,1000000,1254805.50
458,lpush5,1000000,821837.31
458,lrange5,1000000,1287124.88
459,lpush5,1000000,815673.75
459,lrange5,1000000,1259607.00
460,lpush5,1000000,827143.12
460,lrange5,1000000,1295378.25
461,lpush5,1000000,825095.69
461,lrange5,1000000,1206484.88
462,lpush5,1000000,824402.25
462,lrange5,1000000,1298846.75
463,lpush5,1000000,823868.19
463,lrange5,1000000,1243820.88
464,lpush5,1000000,822381.62
464,lrange5,1000000,1199117.50
465,lpush5,1000000,829981.69
465,lrange5,1000000,1209267.25
466,lpush5,1000000,826538.81
466,lrange5,1000000,1285593.88
467,lpush5,1000000,820383.94
467,lrange5,1000000,1203619.75
468,lpush5,1000000,821745.25
468,lrange5,1000000,1253152.88
469,lpush5,1000000,822434.25
469,lrange5,1000000,1253173.00
470,lpush5,1000000,815048.06
470,lrange5,1000000,1189193.75
471,lpush5,1000000,836953.94
471,lrange5,1000000,1295523.25
472,lpush5,1000000,820357.69
472,lrange5,1000000,1280409.75
473,lpush5,1000000,820357.69
473,lrange5,1000000,1250000.00
474,lpush5,1000000,820410.19
474,lrange5,1000000,1196363.62
475,lpush5,1000000,824455.00
475,lrange5,1000000,1240873.50
476,lpush5,1000000,829875.50
476,lrange5,1000000,1293702.50
477,lpush5,1000000,822381.62
477,lrange5,1000000,1175182.12
478,lpush5,1000000,820397.06
478,lrange5,1000000,1275591.88
479,lpush5,1000000,826552.06
479,lrange5,1000000,1295461.12
480,lpush5,1000000,823815.50
480,lrange5,1000000,1293826.62
481,lpush5,1000000,820410.19
481,lrange5,1000000,1185232.25
482,lpush5,1000000,825148.50
482,lrange5,1000000,1297141.38
483,lpush5,1000000,823176.94
483,lrange5,1000000,1194743.12
484,lpush5,1000000,825988.44
484,lrange5,1000000,1188009.50
485,lpush5,1000000,825763.88
485,lrange5,1000000,1228599.50
486,lpush5,1000000,828712.50
486,lrange5,1000000,1239177.25
487,lpush5,1000000,825763.88
487,lrange5,1000000,1184910.00
488,lpush5,1000000,821123.12
488,lrange5,1000000,1196401.88
489,lpush5,1000000,827222.50
489,lrange5,1000000,1193336.50
490,lpush5,1000000,825188.12
490,lrange5,1000000,1166898.50
491,lpush5,1000000,818513.94
491,lrange5,1000000,1292010.38
492,lpush5,1000000,823881.38
492,lrange5,1000000,1185023.75
493,lpush5,1000000,816993.50
493,lrange5,1000000,1168261.62
494,lpush5,1000000,825829.94
494,lrange5,1000000,1173784.00
495,lpush5,1000000,826485.94
495,lrange5,1000000,1200710.62
496,lpush5,1000000,829928.62
496,lrange5,1000000,1202211.50
497,lpush5,1000000,834121.75
497,lrange5,1000000,1275693.88
498,lpush5,1000000,827827.88
498,lrange5,1000000,1261155.12
499,lpush5,1000000,817661.44
499,lrange5,1000000,1197719.75
500,lpush5,1000000,815061.12
500,lrange5,1000000,1285347.00
501,lpush5,1000000,820397.06
501,lrange5,1000000,1247022.50
502,lpush5,1000000,827182.81
502,lrange5,1000000,1200614.62
503,lpush5,1000000,820488.94
503,lrange5,1000000,1193584.75
504,lpush5,1000000,817058.81
504,lrange5,1000000,1262767.62
505,lpush5,1000000,818540.12
505,lrange5,1000000,1205147.00
506,lpush5,1000000,819236.75
506,lrange5,1000000,1245469.50
507,lpush5,1000000,817150.31
507,lrange5,1000000,1282215.38
508,lpush5,1000000,821889.88
508,lrange5,1000000,1179339.62
509,lpush5,1000000,827249.00
509,lrange5,1000000,1297037.62
510,lpush5,1000000,821732.12
510,lrange5,1000000,1298805.25
511,lpush5,1000000,817831.50
511,lrange5,1000000,1221020.75
512,lpush5,1000000,823058.44
512,lrange5,1000000,1297099.88
513,lpush5,1000000,822407.94
513,lrange5,1000000,1282051.38
514,lpush5,1000000,819027.06
514,lrange5,1000000,1196440.12
515,lpush5,1000000,818422.25
515,lrange5,1000000,1248499.38
516,lpush5,1000000,825135.31
516,lrange5,1000000,1290508.38
517,lpush5,1000000,826565.25
517,lrange5,1000000,1267528.50
518,lpush5,1000000,823282.31
518,lrange5,1000000,1292010.38
519,lpush5,1000000,813695.69
519,lrange5,1000000,1298701.38
520,lpush5,1000000,824481.44
520,lrange5,1000000,1197758.12
521,lpush5,1000000,821096.81
521,lrange5,1000000,1246882.88
522,lpush5,1000000,820344.56
522,lrange5,1000000,1265964.50
523,lpush5,1000000,832119.81
523,lrange5,1000000,1300390.12
524,lpush5,1000000,826446.25
524,lrange5,1000000,1193527.50
525,lpush5,1000000,826565.25
525,lrange5,1000000,1293868.00
526,lpush5,1000000,823749.62
526,lrange5,1000000,1264364.12
527,lpush5,1000000,823084.75
527,lrange5,1000000,1300390.12
528,lpush5,1000000,835515.44
528,lrange5,1000000,1297182.88
529,lpush5,1000000,829888.75
529,lrange5,1000000,1236153.25
530,lpush5,1000000,830671.12
530,lrange5,1000000,1183450.88
531,lpush5,1000000,825763.88
531,lrange5,1000000,1240694.75
532,lpush5,1000000,823058.44
532,lrange5,1000000,1187838.50
533,lpush5,1000000,817766.12
533,lrange5,1000000,1298722.12
534,lpush5,1000000,817766.12
534,lrange5,1000000,1199482.00
535,lpush5,1000000,820449.56
535,lrange5,1000000,1256341.75
536,lpush5,1000000,820475.81
536,lrange5,1000000,1193565.62
537,lpush5,1000000,818330.62
537,lrange5,1000000,1199136.75
538,lpush5,1000000,812516.69
538,lrange5,1000000,1231684.75
539,lpush5,1000000,819000.88
539,lrange5,1000000,1256402.00
540,lpush5,1000000,817661.44
540,lrange5,1000000,1250040.00
541,lpush5,1000000,815752.06
541,lrange5,1000000,1298950.62
542,lpush5,1000000,815673.75
542,lrange5,1000000,1199155.88
543,lpush5,1000000,825777.06
543,lrange5,1000000,1283861.38
544,lpush5,1000000,825896.00
544,lrange5,1000000,1210886.25
545,lpush5,1000000,825227.69
545,lrange5,1000000,1297037.62
546,lpush5,1000000,819079.50
546,lrange5,1000000,1288886.50
547,lpush5,1000000,817189.56
547,lrange5,1000000,1277302.75
548,lpush5,1000000,815791.25
548,lrange5,1000000,1191895.12
549,lpush5,1000000,834818.06
549,lrange5,1000000,1300515.00
550,lpush5,1000000,823150.62
550,lrange5,1000000,1182089.88
551,lpush5,1000000,823295.44
551,lrange5,1000000,1292155.00
552,lpush5,1000000,821070.56
552,lrange5,1000000,1218124.25
553,lpush5,1000000,827986.81
553,lrange5,1000000,1192295.62
554,lpush5,1000000,821123.12
554,lrange5,1000000,1287063.00
555,lpush5,1000000,825909.19
555,lrange5,1000000,1269177.62
556,lpush5,1000000,821096.81
556,lrange5,1000000,1216720.12
557,lpush5,1000000,825948.81
557,lrange5,1000000,1192257.50
558,lpush5,1000000,825161.69
558,lrange5,1000000,1193527.50
559,lpush5,1000000,821797.88
559,lrange5,1000000,1199213.50
560,lpush5,1000000,822381.62
560,lrange5,1000000,1234607.38
561,lpush5,1000000,824455.00
561,lrange5,1000000,1245330.00
562,lpush5,1000000,817805.38
562,lrange5,1000000,1259466.00
563,lpush5,1000000,832053.25
563,lrange5,1000000,1228501.25
564,lpush5,1000000,829280.31
564,lrange5,1000000,1287021.88
565,lpush5,1000000,834095.06
565,lrange5,1000000,1253152.88
566,lpush5,1000000,828026.50
566,lrange5,1000000,1254705.12
567,lpush5,1000000,825882.75
567,lrange5,1000000,1285367.62
568,lpush5,1000000,826618.12
568,lrange5,1000000,1297099.88
569,lpush5,1000000,828566.69
569,lrange5,1000000,1246982.62
570,lpush5,1000000,823934.12
570,lrange5,1000000,1292031.00
571,lpush5,1000000,827986.81
571,lrange5,1000000,1248499.38
572,lpush5,1000000,829359.88
572,lrange5,1000000,1257962.25
573,lpush5,1000000,825188.12
573,lrange5,1000000,1261114.75
574,lpush5,1000000,829333.38
574,lrange5,1000000,1295668.38
575,lpush5,1000000,822539.50
575,lrange5,1000000,1196172.25
576,lpush5,1000000,827209.25
576,lrange5,1000000,1187971.50
577,lpush5,1000000,825790.25
577,lrange5,1000000,1282153.88
578,lpush5,1000000,823045.25
578,lrange5,1000000,1186638.25
579,lpush5,1000000,823775.94
579,lrange5,1000000,1192200.25
580,lpush5,1000000,823111.06
580,lrange5,1000000,1275510.25
581,lpush5,1000000,825254.12
581,lrange5,1000000,1280450.62
582,lpush5,1000000,824560.56
582,lrange5,1000000,1270709.00
583,lpush5,1000000,827129.88
583,lrange5,1000000,1275571.50
584,lpush5,1000000,822539.50
584,lrange5,1000000,1277180.12
585,lpush5,1000000,825267.31
585,lrange5,1000000,1277200.50
586,lpush5,1000000,827328.38
586,lrange5,1000000,1021564.88
587,lpush5,1000000,749781.12
587,lrange5,1000000,1300390.12
588,lpush5,1000000,818527.00
588,lrange5,1000000,1222591.62
589,lpush5,1000000,822368.44
589,lrange5,1000000,1199117.50
590,lpush5,1000000,826459.50
590,lrange5,1000000,1298846.75
591,lpush5,1000000,815048.06
591,lrange5,1000000,1195029.88
592,lpush5,1000000,821254.50
592,lrange5,1000000,1259466.00
593,lpush5,1000000,827275.44
593,lrange5,1000000,1272346.00
594,lpush5,1000000,821758.44
594,lrange5,1000000,1231665.00
595,lpush5,1000000,822394.75
595,lrange5,1000000,1287104.25
596,lpush5,1000000,819053.25
596,lrange5,1000000,1302125.00
597,lpush5,1000000,819066.38
597,lrange5,1000000,1277200.50
598,lpush5,1000000,823071.56
598,lrange5,1000000,1287186.62
599,lpush5,1000000,815739.00
599,lrange5,1000000,1297162.12
600,lpush5,1000000,825935.62
600,lrange5,1000000,1298784.50
601,lpush5,1000000,821018.00
601,lrange5,1000000,1190552.38
602,lpush5,1000000,817700.69
602,lrange5,1000000,1298722.12
603,lpush5,1000000,820502.06
603,lrange5,1000000,1195029.88
604,lpush5,1000000,821745.25
604,lrange5,1000000,1231724.12
605,lpush5,1000000,824402.25
605,lrange5,1000000,1292010.38
606,lpush5,1000000,827129.88
606,lrange5,1000000,1277139.25
607,lpush5,1000000,815100.25
607,lrange5,1000000,1196421.00
608,lpush5,1000000,816993.50
608,lrange5,1000000,1168542.00
609,lpush5,1000000,818540.12
609,lrange5,1000000,1274007.62
610,lpush5,1000000,811805.19
610,lrange5,1000000,1297079.12
611,lpush5,1000000,820580.81
611,lrange5,1000000,1261074.38
612,lpush5,1000000,832692.75
612,lrange5,1000000,1297203.62
613,lpush5,1000000,822447.38
613,lrange5,1000000,1298742.88
614,lpush5,1000000,813216.25
614,lrange5,1000000,1175088.12
615,lpush5,1000000,821175.69
615,lrange5,1000000,1226993.88
616,lpush5,1000000,827867.56
616,lrange5,1000000,1270790.38
617,lpush5,1000000,821070.56
617,lrange5,1000000,1176564.62
618,lpush5,1000000,821692.69
618,lrange5,1000000,1291989.62
619,lpush5,1000000,817045.75
619,lrange5,1000000,1256361.75
620,lpush5,1000000,831494.62
620,lrange5,1000000,1287104.25
621,lpush5,1000000,826446.25
621,lrange5,1000000,1193317.38
622,lpush5,1000000,824639.69
622,lrange5,1000000,1196421.00
623,lpush5,1000000,821083.69
623,lrange5,1000000,1189155.75
624,lpush5,1000000,826499.12
624,lrange5,1000000,1262666.62
625,lpush5,1000000,819053.25
625,lrange5,1000000,1264283.12
626,lpush5,1000000,823084.75
626,lrange5,1000000,1179603.75
627,lpush5,1000000,825975.25
627,lrange5,1000000,1190742.88
628,lpush5,1000000,825188.12
628,lrange5,1000000,1182373.50
629,lpush5,1000000,822407.94
629,lrange5,1000000,1251744.62
630,lpush5,1000000,820383.94
630,lrange5,1000000,1160222.75
631,lpush5,1000000,828566.69
631,lrange5,1000000,1290405.25
632,lpush5,1000000,829373.12
632,lrange5,1000000,1205069.88
633,lpush5,1000000,813190.25
633,lrange5,1000000,1297037.62
634,lpush5,1000000,824573.75
634,lrange5,1000000,1275591.88
635,lpush5,1000000,834215.19
635,lrange5,1000000,1273905.75
636,lpush5,1000000,816339.56
636,lrange5,1000000,1206427.00
637,lpush5,1000000,829995.00
637,lrange5,1000000,1302145.88
638,lpush5,1000000,825816.69
638,lrange5,1000000,1270770.00
639,lpush5,1000000,829888.75
639,lrange5,1000000,1256402.00
640,lpush5,1000000,834135.12
640,lrange5,1000000,1273966.88
641,lpush5,1000000,827182.81
641,lrange5,1000000,1194876.88
642,lpush5,1000000,826512.38
642,lrange5,1000000,1199155.88
643,lpush5,1000000,826472.69
643,lrange5,1000000,1193489.25
644,lpush5,1000000,819066.38
644,lrange5,1000000,1264263.00
645,lpush5,1000000,821705.81
645,lrange5,1000000,1285367.62
646,lpush5,1000000,830034.81
646,lrange5,1000000,1200633.88
647,lpush5,1000000,826565.25
647,lrange5,1000000,1190800.00
648,lpush5,1000000,825869.56
648,lrange5,1000000,1210789.38
649,lpush5,1000000,819000.88
649,lrange5,1000000,1288804.12
650,lpush5,1000000,825280.50
650,lrange5,1000000,1300390.12
651,lpush5,1000000,827880.81
651,lrange5,1000000,805165.88
652,lpush5,1000000,513552.38
652,lrange5,1000000,828500.38
653,lpush5,1000000,632662.88
653,lrange5,1000000,1297016.88
654,lpush5,1000000,831321.75
654,lrange5,1000000,1297203.62
655,lpush5,1000000,835542.19
655,lrange5,1000000,1209189.75
656,lpush5,1000000,825188.12
656,lrange5,1000000,1285491.00
657,lpush5,1000000,827973.56
657,lrange5,1000000,1242236.00
658,lpush5,1000000,827986.81
658,lrange5,1000000,1280450.62
659,lpush5,1000000,817726.88
659,lrange5,1000000,1245330.00
660,lpush5,1000000,821070.56
660,lrange5,1000000,1196306.12
661,lpush5,1000000,825188.12
661,lrange5,1000000,1291989.62
662,lpush5,1000000,821758.44
662,lrange5,1000000,1199079.12
663,lpush5,1000000,819040.19
663,lrange5,1000000,1200480.12
664,lpush5,1000000,832679.44
664,lrange5,1000000,1287001.25
665,lpush5,1000000,826631.38
665,lrange5,1000000,1267467.75
666,lpush5,1000000,827814.62
666,lrange5,1000000,1222572.12
667,lpush5,1000000,823907.75
667,lrange5,1000000,1270648.00
668,lpush5,1000000,819171.19
668,lrange5,1000000,1287021.88
669,lpush5,1000000,820397.06
669,lrange5,1000000,1161514.50
670,lpush5,1000000,723250.88
670,lrange5,1000000,1199098.38
671,lpush5,1000000,827827.88
671,lrange5,1000000,1207864.75
672,lpush5,1000000,818343.69
672,lrange5,1000000,1280450.62
673,lpush5,1000000,821771.56
673,lrange5,1000000,1202173.00
674,lpush5,1000000,836187.31
674,lrange5,1000000,1277159.62
675,lpush5,1000000,823084.75
675,lrange5,1000000,1300431.75
676,lpush5,1000000,826459.50
676,lrange5,1000000,1267508.25
677,lpush5,1000000,834188.50
677,lrange5,1000000,1302166.62
678,lpush5,1000000,817700.69
678,lrange5,1000000,1265924.00
679,lpush5,1000000,823775.94
679,lrange5,1000000,1254705.12
680,lpush5,1000000,828500.38
680,lrange5,1000000,1256321.62
681,lpush5,1000000,832119.81
681,lrange5,1000000,1193718.38
682,lpush5,1000000,818474.62
682,lrange5,1000000,1275551.00
683,lpush5,1000000,821149.38
683,lrange5,1000000,1300473.38
684,lpush5,1000000,827867.56
684,lrange5,1000000,1264242.75
685,lpush5,1000000,828053.00
685,lrange5,1000000,1282194.88
686,lpush5,1000000,821162.50
686,lrange5,1000000,1302104.12
687,lpush5,1000000,823203.25
687,lrange5,1000000,1196172.25
688,lpush5,1000000,819053.25
688,lrange5,1000000,857646.62
689,lpush5,1000000,821070.56
689,lrange5,1000000,1278792.88
690,lpush5,1000000,821692.69
690,lrange5,1000000,1278854.25
691,lpush5,1000000,821745.25
691,lrange5,1000000,1194896.00
692,lpush5,1000000,788047.25
692,lrange5,1000000,815765.12
693,lpush5,1000000,761699.94
693,lrange5,1000000,1254805.50
694,lpush5,1000000,832666.12
694,lrange5,1000000,1295336.75
695,lpush5,1000000,841042.88
695,lrange5,1000000,1185232.25
696,lpush5,1000000,833506.62
696,lrange5,1000000,1192009.50
697,lpush5,1000000,829200.69
697,lrange5,1000000,1182184.38
698,lpush5,1000000,825777.06
698,lrange5,1000000,1292093.00
699,lpush5,1000000,829280.31
699,lrange5,1000000,1227013.50
700,lpush5,1000000,825188.12
700,lrange5,1000000,1275673.50
701,lpush5,1000000,823894.56
701,lrange5,1000000,1287042.50
702,lpush5,1000000,821797.88
702,lrange5,1000000,1256341.75
703,lpush5,1000000,823229.62
703,lrange5,1000000,1262747.50
704,lpush5,1000000,818330.62
704,lrange5,1000000,1287083.62
705,lpush5,1000000,823841.88
705,lrange5,1000000,1197873.12
706,lpush5,1000000,821692.69
706,lrange5,1000000,1251564.38
707,lpush5,1000000,823868.19
707,lrange5,1000000,1278854.25
708,lpush5,1000000,839060.38
708,lrange5,1000000,1243781.12
709,lpush5,1000000,827275.44
709,lrange5,1000000,1269258.88
710,lpush5,1000000,825922.38
710,lrange5,1000000,1270851.38
711,lpush5,1000000,827222.50
711,lrange5,1000000,1282297.50
712,lpush5,1000000,825306.94
712,lrange5,1000000,1196497.62
713,lpush5,1000000,824415.44
713,lrange5,1000000,1287166.00
714,lpush5,1000000,820449.56
714,lrange5,1000000,1293723.12
715,lpush5,1000000,828566.69
715,lrange5,1000000,1246882.88
716,lpush5,1000000,828553.44
716,lrange5,1000000,1283697.12
717,lpush5,1000000,825082.50
717,lrange5,1000000,1282071.88
718,lpush5,1000000,821732.12
718,lrange5,1000000,1297099.88
719,lpush5,1000000,821850.44
719,lrange5,1000000,934758.81
720,lpush5,1000000,742977.75
720,lrange5,1000000,1290446.50
721,lpush5,1000000,817805.38
721,lrange5,1000000,1237643.50
722,lpush5,1000000,825095.69
722,lrange5,1000000,1295378.25
723,lpush5,1000000,829187.44
723,lrange5,1000000,1283717.62
724,lpush5,1000000,832000.00
724,lrange5,1000000,1302229.12
725,lpush5,1000000,825293.75
725,lrange5,1000000,1262848.50
726,lpush5,1000000,830631.25
726,lrange5,1000000,1288721.62
727,lpush5,1000000,821201.94
727,lrange5,1000000,1295378.25
728,lpush5,1000000,829888.75
728,lrange5,1000000,1292010.38
729,lpush5,1000000,819066.38
729,lrange5,1000000,1303927.00
730,lpush5,1000000,819711.44
730,lrange5,1000000,1298867.62
731,lpush5,1000000,825135.31
731,lrange5,1000000,1290446.50
732,lpush5,1000000,825803.50
732,lrange5,1000000,1204838.62
733,lpush5,1000000,820397.06
733,lrange5,1000000,1206658.62
734,lpush5,1000000,825148.50
734,lrange5,1000000,1175426.50
735,lpush5,1000000,819842.62
735,lrange5,1000000,1237722.75
736,lpush5,1000000,819105.69
736,lrange5,1000000,1257962.25
737,lpush5,1000000,819184.31
737,lrange5,1000000,1194838.75
738,lpush5,1000000,823775.94
738,lrange5,1000000,1300431.75
739,lpush5,1000000,815048.06
739,lrange5,1000000,1182241.12
740,lpush5,1000000,828566.69
740,lrange5,1000000,1283717.62
741,lpush5,1000000,823828.69
741,lrange5,1000000,1202346.12
742,lpush5,1000000,821771.56
742,lrange5,1000000,1243820.88
743,lpush5,1000000,822368.44
743,lrange5,1000000,1248479.38
744,lpush5,1000000,824521.00
744,lrange5,1000000,1275591.88
745,lpush5,1000000,820357.69
745,lrange5,1000000,1298805.25
746,lpush5,1000000,817766.12
746,lrange5,1000000,1240714.62
747,lpush5,1000000,827814.62
747,lrange5,1000000,1193508.38
748,lpush5,1000000,816365.69
748,lrange5,1000000,1196172.25
749,lpush5,1000000,819184.31
749,lrange5,1000000,1046125.56
750,lpush5,1000000,519783.78
750,lrange5,1000000,1006100.56
751,lpush5,1000000,827275.44
751,lrange5,1000000,1203446.50
752,lpush5,1000000,820515.19
752,lrange5,1000000,1280409.75
753,lpush5,1000000,822434.25
753,lrange5,1000000,1273905.75
754,lpush5,1000000,821031.19
754,lrange5,1000000,1192047.75
755,lpush5,1000000,821903.06
755,lrange5,1000000,1100338.88
756,lpush5,1000000,512951.78
756,lrange5,1000000,961553.88
757,lpush5,1000000,821797.88
757,lrange5,1000000,1199175.12
758,lpush5,1000000,831295.12
758,lrange5,1000000,1292175.75
759,lpush5,1000000,829240.50
759,lrange5,1000000,1264303.38
760,lpush5,1000000,824455.00
760,lrange5,1000000,1256422.12
761,lpush5,1000000,826578.50
761,lrange5,1000000,1278854.25
762,lpush5,1000000,822421.06
762,lrange5,1000000,1278956.50
763,lpush5,1000000,821863.62
763,lrange5,1000000,1225647.12
764,lpush5,1000000,821876.75
764,lrange5,1000000,1295523.25
765,lpush5,1000000,825082.50
765,lrange5,1000000,1243820.88
766,lpush5,1000000,820515.19
766,lrange5,1000000,1183734.88
767,lpush5,1000000,835435.25
767,lrange5,1000000,1197873.12
768,lpush5,1000000,822394.75
768,lrange5,1000000,1190666.75
769,lpush5,1000000,822460.56
769,lrange5,1000000,1200729.88
770,lpush5,1000000,826578.50
770,lrange5,1000000,1000064.00
771,lpush5,1000000,513165.72
771,lrange5,1000000,767472.00
772,lpush5,1000000,746459.69
772,lrange5,1000000,1298722.12
773,lpush5,1000000,826499.12
773,lrange5,1000000,1192257.50
774,lpush5,1000000,821837.31
774,lrange5,1000000,1248459.38
775,lpush5,1000000,826446.25
775,lrange5,1000000,1193336.50
776,lpush5,1000000,827341.62
776,lrange5,1000000,964320.19
777,lpush5,1000000,826525.62
777,lrange5,1000000,1269096.50
778,lpush5,1000000,819000.88
778,lrange5,1000000,1250180.00
779,lpush5,1000000,821916.19
779,lrange5,1000000,1274109.50
780,lpush5,1000000,822434.25
780,lrange5,1000000,1290363.88
781,lpush5,1000000,834764.62
781,lrange5,1000000,1297328.12
782,lpush5,1000000,825763.88
782,lrange5,1000000,1190666.75
783,lpush5,1000000,823789.12
783,lrange5,1000000,1277159.62
784,lpush5,1000000,826671.06
784,lrange5,1000000,1248459.38
785,lpush5,1000000,832692.75
785,lrange5,1000000,1290363.88
786,lpush5,1000000,819842.62
786,lrange5,1000000,1256402.00
787,lpush5,1000000,821201.94
787,lrange5,1000000,1266005.00
788,lpush5,1000000,821070.56
788,lrange5,1000000,1259486.12
789,lpush5,1000000,821057.44
789,lrange5,1000000,1288742.25
790,lpush5,1000000,825174.94
790,lrange5,1000000,1272305.38
791,lpush5,1000000,832133.12
791,lrange5,1000000,1292093.00
792,lpush5,1000000,822539.50
792,lrange5,1000000,1287269.00
793,lpush5,1000000,821916.19
793,lrange5,1000000,1199290.12
794,lpush5,1000000,821201.94
794,lrange5,1000000,1293723.12
795,lpush5,1000000,825135.31
795,lrange5,1000000,1194857.75
796,lpush5,1000000,823071.56
796,lrange5,1000000,1185061.62
797,lpush5,1000000,821018.00
797,lrange5,1000000,1171110.12
798,lpush5,1000000,508655.16
798,lrange5,1000000,982318.25
799,lpush5,1000000,832066.56
799,lrange5,1000000,1202153.88
800,lpush5,1000000,823058.44
800,lrange5,1000000,1206369.12
801,lpush5,1000000,819158.12
801,lrange5,1000000,1205050.62
802,lpush5,1000000,819013.94
802,lrange5,1000000,1228540.50
803,lpush5,1000000,819105.69
803,lrange5,1000000,1283738.12
804,lpush5,1000000,822421.06
804,lrange5,1000000,1293681.75
805,lpush5,1000000,822565.81
805,lrange5,1000000,1108807.12
806,lpush5,1000000,829293.56
806,lrange5,1000000,1275673.50
807,lpush5,1000000,817661.44
807,lrange5,1000000,1183488.75
808,lpush5,1000000,821811.00
808,lrange5,1000000,1292031.00
809,lpush5,1000000,819790.12
809,lrange5,1000000,1185042.62
810,lpush5,1000000,821758.44
810,lrange5,1000000,1259667.50
811,lpush5,1000000,829187.44
811,lrange5,1000000,1275775.50
812,lpush5,1000000,829412.94
812,lrange5,1000000,1196459.25
813,lpush5,1000000,820410.19
813,lrange5,1000000,1282051.38
814,lpush5,1000000,823229.62
814,lrange5,1000000,1292175.75
815,lpush5,1000000,819724.56
815,lrange5,1000000,1191914.25
816,lpush5,1000000,823802.31
816,lrange5,1000000,1282236.00
817,lpush5,1000000,822539.50
817,lrange5,1000000,1292155.00
818,lpush5,1000000,817713.81
818,lrange5,1000000,1124877.38
819,lpush5,1000000,507567.75
819,lrange5,1000000,821110.00
820,lpush5,1000000,678897.44
820,lrange5,1000000,1272407.12
821,lpush5,1000000,823150.62
821,lrange5,1000000,1193527.50
822,lpush5,1000000,819803.25
822,lrange5,1000000,1192219.38
823,lpush5,1000000,821096.81
823,lrange5,1000000,1194743.12
824,lpush5,1000000,828725.75
824,lrange5,1000000,1132575.25
825,lpush5,1000000,822565.81
825,lrange5,1000000,1254845.62
826,lpush5,1000000,828699.25
826,lrange5,1000000,1193546.50
827,lpush5,1000000,824415.44
827,lrange5,1000000,1175389.00
828,lpush5,1000000,827301.94
828,lrange5,1000000,1199462.88
829,lpush5,1000000,825135.31
829,lrange5,1000000,1265964.50
830,lpush5,1000000,823058.44
830,lrange5,1000000,1285408.75
831,lpush5,1000000,825214.50
831,lrange5,1000000,1245409.75
832,lpush5,1000000,825082.50
832,lrange5,1000000,1199098.38
833,lpush5,1000000,830074.69
833,lrange5,1000000,1285532.12
834,lpush5,1000000,829306.81
834,lrange5,1000000,1290384.50
835,lpush5,1000000,823749.62
835,lrange5,1000000,1256281.38
836,lpush5,1000000,823255.94
836,lrange5,1000000,1248439.50
837,lpush5,1000000,821863.62
837,lrange5,1000000,1273926.12
838,lpush5,1000000,834201.81
838,lrange5,1000000,1291989.62
839,lpush5,1000000,825254.12
839,lrange5,1000000,1193622.88
840,lpush5,1000000,826001.69
840,lrange5,1000000,1274129.88
841,lpush5,1000000,831321.75
841,lrange5,1000000,1187743.50
842,lpush5,1000000,821745.25
842,lrange5,1000000,1190647.62
843,lpush5,1000000,823947.31
843,lrange5,1000000,1292051.75
844,lpush5,1000000,820423.31
844,lrange5,1000000,1293681.75
845,lpush5,1000000,825201.31
845,lrange5,1000000,1195163.62
846,lpush5,1000000,826459.50
846,lrange5,1000000,1196287.00
847,lpush5,1000000,815061.12
847,lrange5,1000000,1283902.50
848,lpush5,1000000,830617.94
848,lrange5,1000000,1283697.12
849,lpush5,1000000,825254.12
849,lrange5,1000000,1277343.62
850,lpush5,1000000,821110.00
850,lrange5,1000000,1290446.50
851,lpush5,1000000,821057.44
851,lrange5,1000000,1295502.62
852,lpush5,1000000,818435.38
852,lrange5,1000000,1242295.62
853,lpush5,1000000,821018.00
853,lrange5,1000000,848910.06
854,lpush5,1000000,763432.12
854,lrange5,1000000,1200653.00
855,lpush5,1000000,816365.69
855,lrange5,1000000,1186277.62
856,lpush5,1000000,828606.44
856,lrange5,1000000,1193451.12
857,lpush5,1000000,827827.88
857,lrange5,1000000,1186429.38
858,lpush5,1000000,823841.88
858,lrange5,1000000,1218163.25
859,lpush5,1000000,821732.12
859,lrange5,1000000,1254705.12
860,lpush5,1000000,823097.94
860,lrange5,1000000,1259445.75
861,lpush5,1000000,823045.25
861,lrange5,1000000,1256442.25
862,lpush5,1000000,819145.00
862,lrange5,1000000,1288721.62
863,lpush5,1000000,825869.56
863,lrange5,1000000,1295523.25
864,lpush5,1000000,823124.25
864,lrange5,1000000,1285347.00
865,lpush5,1000000,824415.44
865,lrange5,1000000,1199347.75
866,lpush5,1000000,829359.88
866,lrange5,1000000,1242514.25
867,lpush5,1000000,816378.75
867,lrange5,1000000,1187743.50
868,lpush5,1000000,815791.25
868,lrange5,1000000,814995.94
869,lpush5,1000000,509943.91
869,lrange5,1000000,919117.62
870,lpush5,1000000,823723.25
870,lrange5,1000000,1199366.88
871,lpush5,1000000,817687.62
871,lrange5,1000000,1191990.50
872,lpush5,1000000,817111.12
872,lrange5,1000000,1195087.25
873,lpush5,1000000,823045.25
873,lrange5,1000000,1239157.38
874,lpush5,1000000,829373.12
874,lrange5,1000000,1250020.00
875,lpush5,1000000,821705.81
875,lrange5,1000000,1295336.75
876,lpush5,1000000,824481.44
876,lrange5,1000000,1302250.00
877,lpush5,1000000,821692.69
877,lrange5,1000000,1122352.50
878,lpush5,1000000,817202.62
878,lrange5,1000000,1298826.00
879,lpush5,1000000,829213.94
879,lrange5,1000000,1269218.25
880,lpush5,1000000,824402.25
880,lrange5,1000000,1292217.12
881,lpush5,1000000,831268.50
881,lrange5,1000000,1267569.12
882,lpush5,1000000,817674.56
882,lrange5,1000000,1118890.38
883,lpush5,1000000,821083.69
883,lrange5,1000000,1196344.50
884,lpush5,1000000,821692.69
884,lrange5,1000000,1195106.38
885,lpush5,1000000,821811.00
885,lrange5,1000000,1269218.25
886,lpush5,1000000,827235.75
886,lrange5,1000000,1297058.38
887,lpush5,1000000,827920.56
887,lrange5,1000000,1194819.62
888,lpush5,1000000,824481.44
888,lrange5,1000000,1191914.25
889,lpush5,1000000,817674.56
889,lrange5,1000000,1189060.62
890,lpush5,1000000,826459.50
890,lrange5,1000000,1297058.38
891,lpush5,1000000,821228.19
891,lrange5,1000000,1191990.50
892,lpush5,1000000,837681.75
892,lrange5,1000000,1196363.62
893,lpush5,1000000,817098.06
893,lrange5,1000000,830127.75
894,lpush5,1000000,805333.38
894,lrange5,1000000,1189079.62
895,lpush5,1000000,820357.69
895,lrange5,1000000,1189174.75
896,lpush5,1000000,825082.50
896,lrange5,1000000,1184834.12
897,lpush5,1000000,825777.06
897,lrange5,1000000,1282071.88
898,lpush5,1000000,833346.62
898,lrange5,1000000,1200557.00
899,lpush5,1000000,825829.94
899,lrange5,1000000,1200883.50
900,lpush5,1000000,827275.44
900,lrange5,1000000,1190533.38
901,lpush5,1000000,823071.56
901,lrange5,1000000,1295336.75
902,lpush5,1000000,830564.81
902,lrange5,1000000,1190666.75
903,lpush5,1000000,817163.44
903,lrange5,1000000,1254745.25
904,lpush5,1000000,820554.56
904,lrange5,1000000,1195125.38
905,lpush5,1000000,823150.62
905,lrange5,1000000,1225627.50
906,lpush5,1000000,822473.69
906,lrange5,1000000,1274191.00
907,lpush5,1000000,821057.44
907,lrange5,1000000,1200537.75
908,lpush5,1000000,826512.38
908,lrange5,1000000,1293847.38
909,lpush5,1000000,817674.56
909,lrange5,1000000,1250040.00
910,lpush5,1000000,821070.56
910,lrange5,1000000,1272305.38
911,lpush5,1000000,823111.06
911,lrange5,1000000,1258022.62
912,lpush5,1000000,819066.38
912,lrange5,1000000,1277261.88
913,lpush5,1000000,819711.44
913,lrange5,1000000,1295357.50
914,lpush5,1000000,821876.75
914,lrange5,1000000,1293661.00
915,lpush5,1000000,823203.25
915,lrange5,1000000,1199290.12
916,lpush5,1000000,821083.69
916,lrange5,1000000,1189403.12
917,lpush5,1000000,823216.44
917,lrange5,1000000,1182108.75
918,lpush5,1000000,819672.12
918,lrange5,1000000,1194915.12
919,lpush5,1000000,823111.06
919,lrange5,1000000,1193374.75
920,lpush5,1000000,826644.62
920,lrange5,1000000,1262808.12
921,lpush5,1000000,821692.69
921,lrange5,1000000,1188085.50
922,lpush5,1000000,825082.50
922,lrange5,1000000,1197949.75
923,lpush5,1000000,820449.56
923,lrange5,1000000,1288721.62
924,lpush5,1000000,819118.81
924,lrange5,1000000,1203369.50
925,lpush5,1000000,827814.62
925,lrange5,1000000,1295399.00
926,lpush5,1000000,825816.69
926,lrange5,1000000,1278956.50
927,lpush5,1000000,823216.44
927,lrange5,1000000,1282215.38
928,lpush5,1000000,822500.00
928,lrange5,1000000,1290322.62
929,lpush5,1000000,823934.12
929,lrange5,1000000,1282092.38
930,lpush5,1000000,814514.62
930,lrange5,1000000,1254905.88
931,lpush5,1000000,811237.62
931,lrange5,1000000,1183431.88
932,lpush5,1000000,814436.44
932,lrange5,1000000,1193718.38
933,lpush5,1000000,821018.00
933,lrange5,1000000,1190857.12
934,lpush5,1000000,815178.50
934,lrange5,1000000,1254705.12
935,lpush5,1000000,825816.69
935,lrange5,1000000,1293661.00
936,lpush5,1000000,817032.69
936,lrange5,1000000,1190647.62
937,lpush5,1000000,821837.31
937,lrange5,1000000,1199213.50
938,lpush5,1000000,823058.44
938,lrange5,1000000,1242434.75
939,lpush5,1000000,826538.81
939,lrange5,1000000,1190781.00
940,lpush5,1000000,825293.75
940,lrange5,1000000,1155030.00
941,lpush5,1000000,822381.62
941,lrange5,1000000,1246902.75
942,lpush5,1000000,816993.50
942,lrange5,1000000,1288742.25
943,lpush5,1000000,822552.69
943,lrange5,1000000,1262767.62
944,lpush5,1000000,825227.69
944,lrange5,1000000,1254805.50
945,lpush5,1000000,826446.25
945,lrange5,1000000,1199117.50
946,lpush5,1000000,825214.50
946,lrange5,1000000,1196535.88
947,lpush5,1000000,829227.19
947,lrange5,1000000,1191971.38
948,lpush5,1000000,821758.44
948,lrange5,1000000,1273926.12
949,lpush5,1000000,831374.94
949,lrange5,1000000,1194800.50
950,lpush5,1000000,834228.50
950,lrange5,1000000,1196363.62
951,lpush5,1000000,830101.19
951,lrange5,1000000,1197968.88
952,lpush5,1000000,822486.88
952,lrange5,1000000,1185023.75
953,lpush5,1000000,820410.19
953,lrange5,1000000,1254725.25
954,lpush5,1000000,839684.31
954,lrange5,1000000,1197796.50
955,lpush5,1000000,821031.19
955,lrange5,1000000,1191971.38
956,lpush5,1000000,826565.25
956,lrange5,1000000,1095413.00
957,lpush5,1000000,819685.25
957,lrange5,1000000,1194934.25
958,lpush5,1000000,828026.50
958,lrange5,1000000,1246982.62
959,lpush5,1000000,817189.56
959,lrange5,1000000,1287042.50
960,lpush5,1000000,824560.56
960,lrange5,1000000,1270810.62
961,lpush5,1000000,829200.69
961,lrange5,1000000,1275510.25
962,lpush5,1000000,821745.25
962,lrange5,1000000,1197968.88
963,lpush5,1000000,819724.56
963,lrange5,1000000,1132919.62
964,lpush5,1000000,816993.50
964,lrange5,1000000,1280471.12
965,lpush5,1000000,815765.12
965,lrange5,1000000,1261054.25
966,lpush5,1000000,828593.19
966,lrange5,1000000,1280614.62
967,lpush5,1000000,823947.31
967,lrange5,1000000,1300494.12
968,lpush5,1000000,817150.31
968,lrange5,1000000,1245469.50
969,lpush5,1000000,818396.06
969,lrange5,1000000,1170039.75
970,lpush5,1000000,823775.94
970,lrange5,1000000,1295357.50
971,lpush5,1000000,819829.50
971,lrange5,1000000,1193661.12
972,lpush5,1000000,825816.69
972,lrange5,1000000,1264263.00
973,lpush5,1000000,822421.06
973,lrange5,1000000,1200729.88
974,lpush5,1000000,823111.06
974,lrange5,1000000,1148362.75
975,lpush5,1000000,827249.00
975,lrange5,1000000,1196555.00
976,lpush5,1000000,824626.50
976,lrange5,1000000,1253193.00
977,lpush5,1000000,817163.44
977,lrange5,1000000,1228501.25
978,lpush5,1000000,827867.56
978,lrange5,1000000,1190571.50
979,lpush5,1000000,823045.25
979,lrange5,1000000,1253152.88
980,lpush5,1000000,823815.50
980,lrange5,1000000,1190609.50
981,lpush5,1000000,825816.69
981,lrange5,1000000,1189365.00
982,lpush5,1000000,828526.94
982,lrange5,1000000,1183583.38
983,lpush5,1000000,818330.62
983,lrange5,1000000,1242474.50
984,lpush5,1000000,819066.38
984,lrange5,1000000,1295481.88
985,lpush5,1000000,828026.50
985,lrange5,1000000,1184891.00
986,lpush5,1000000,819013.94
986,lrange5,1000000,1190781.00
987,lpush5,1000000,820475.81
987,lrange5,1000000,1197604.88
988,lpush5,1000000,826001.69
988,lrange5,1000000,1185080.62
989,lpush5,1000000,816496.31
989,lrange5,1000000,1186315.50
990,lpush5,1000000,827827.88
990,lrange5,1000000,1248579.25
991,lpush5,1000000,823084.75
991,lrange5,1000000,1275510.25
992,lpush5,1000000,822381.62
992,lrange5,1000000,1231566.50
993,lpush5,1000000,834081.75
993,lrange5,1000000,1278956.50
994,lpush5,1000000,822579.00
994,lrange5,1000000,1248519.38
995,lpush5,1000000,834844.75
995,lrange5,1000000,1261034.12
996,lpush5,1000000,829915.31
996,lrange5,1000000,1190647.62
997,lpush5,1000000,818448.44
997,lrange5,1000000,1195068.12
998,lpush5,1000000,818396.06
998,lrange5,1000000,1297037.62
999,lpush5,1000000,828553.44
999,lrange5,1000000,1096491.25
1000,lpush5,1000000,828619.69
1000,lrange5,1000000,1183791.62
1001,lpush5,1000000,821903.06
1001,lrange5,1000000,1187876.50
1002,lpush5,1000000,815712.94
1002,lrange5,1000000,1272325.62
1003,lpush5,1000000,827920.56
1003,lrange5,1000000,1192143.00
1004,lpush5,1000000,825803.50
1004,lrange5,1000000,1267447.50
1005,lpush5,1000000,824573.75
1005,lrange5,1000000,1292155.00
1006,lpush5,1000000,817883.88
1006,lrange5,1000000,1216564.38
1007,lpush5,1000000,761132.44
1007,lrange5,1000000,1269218.25
1008,lpush5,1000000,817700.69
1008,lrange5,1000000,1199386.12
1009,lpush5,1000000,824415.44
1009,lrange5,1000000,1285449.88
1010,lpush5,1000000,816365.69
1010,lrange5,1000000,843305.25
1011,lpush5,1000000,562122.50
1011,lrange5,1000000,1282092.38
1012,lpush5,1000000,831960.06
1012,lrange5,1000000,1218065.75
1013,lpush5,1000000,820410.19
1013,lrange5,1000000,1246942.62
1014,lpush5,1000000,823775.94
1014,lrange5,1000000,1259526.38
1015,lpush5,1000000,831348.31
1015,lrange5,1000000,1293847.38
1016,lpush5,1000000,818356.81
1016,lrange5,1000000,1197758.12
1017,lpush5,1000000,819000.88
1017,lrange5,1000000,1251624.50
1018,lpush5,1000000,817779.19
1018,lrange5,1000000,1295481.88
1019,lpush5,1000000,813721.75
1019,lrange5,1000000,1197604.88
1020,lpush5,1000000,819685.25
1020,lrange5,1000000,1288886.50
1021,lpush5,1000000,818383.00
1021,lrange5,1000000,1288680.38
1022,lpush5,1000000,835595.62
1022,lrange5,1000000,1204857.88
1023,lpush5,1000000,826459.50
1023,lrange5,1000000,1290487.75
1024,lpush5,1000000,836280.94
1024,lrange5,1000000,1265863.25
1025,lpush5,1000000,825095.69
1025,lrange5,1000000,1285367.62
1026,lpush5,1000000,753108.44
1026,lrange5,1000000,1254926.00
1027,lpush5,1000000,823894.56
1027,lrange5,1000000,1293847.38
1028,lpush5,1000000,823894.56
1028,lrange5,1000000,1197681.50
1029,lpush5,1000000,819763.94
1029,lrange5,1000000,1288907.12
1030,lpush5,1000000,824415.44
1030,lrange5,1000000,1285347.00
1031,lpush5,1000000,826446.25
1031,lrange5,1000000,1187705.50
1032,lpush5,1000000,829333.38
1032,lrange5,1000000,1237742.50
1033,lpush5,1000000,821797.88
1033,lrange5,1000000,1257901.88
1034,lpush5,1000000,830087.94
1034,lrange5,1000000,1277261.88
1035,lpush5,1000000,816993.50
1035,lrange5,1000000,1293702.50
1036,lpush5,1000000,817870.75
1036,lrange5,1000000,1285552.75
1037,lpush5,1000000,817674.56
1037,lrange5,1000000,847484.81
1038,lpush5,1000000,511247.44
1038,lrange5,1000000,826446.25
1039,lpush5,1000000,765221.06
1039,lrange5,1000000,1199443.62
1040,lpush5,1000000,821188.81
1040,lrange5,1000000,1264222.50
1041,lpush5,1000000,823841.88
1041,lrange5,1000000,1277139.25
1042,lpush5,1000000,825082.50
1042,lrange5,1000000,1288804.12
1043,lpush5,1000000,825254.12
1043,lrange5,1000000,920287.00
1044,lpush5,1000000,823815.50
1044,lrange5,1000000,1233045.62
1045,lpush5,1000000,824481.44
1045,lrange5,1000000,1288845.38
1046,lpush5,1000000,821705.81
1046,lrange5,1000000,1197604.88
1047,lpush5,1000000,821110.00
1047,lrange5,1000000,1190571.50
1048,lpush5,1000000,745347.25
1048,lrange5,1000000,1287063.00
1049,lpush5,1000000,830617.94
1049,lrange5,1000000,1287063.00
1050,lpush5,1000000,821732.12
1050,lrange5,1000000,1244039.75
1051,lpush5,1000000,819066.38
1051,lrange5,1000000,1196172.25
1052,lpush5,1000000,837534.31
1052,lrange5,1000000,1245369.88
1053,lpush5,1000000,824573.75
1053,lrange5,1000000,1192066.75
1054,lpush5,1000000,826512.38
1054,lrange5,1000000,1261054.25
1055,lpush5,1000000,823255.94
1055,lrange5,1000000,1297058.38
1056,lpush5,1000000,817739.94
1056,lrange5,1000000,1223990.25
1057,lpush5,1000000,821070.56
1057,lrange5,1000000,1287186.62
1058,lpush5,1000000,821916.19
1058,lrange5,1000000,1292031.00
1059,lpush5,1000000,827328.38
1059,lrange5,1000000,1209228.50
1060,lpush5,1000000,823815.50
1060,lrange5,1000000,1287207.25
1061,lpush5,1000000,833373.31
1061,lrange5,1000000,1295336.75
1062,lpush5,1000000,823775.94
1062,lrange5,1000000,1300577.38
1063,lpush5,1000000,829412.94
1063,lrange5,1000000,1280471.12
1064,lpush5,1000000,821784.69
1064,lrange5,1000000,1195182.75
1065,lpush5,1000000,816365.69
1065,lrange5,1000000,1202000.00
1066,lpush5,1000000,824441.81
1066,lrange5,1000000,1293661.00
1067,lpush5,1000000,821692.69
1067,lrange5,1000000,1275693.88
1068,lpush5,1000000,819118.81
1068,lrange5,1000000,1297099.88
1069,lpush5,1000000,822407.94
1069,lrange5,1000000,1189384.00
1070,lpush5,1000000,821175.69
1070,lrange5,1000000,1197624.00
1071,lpush5,1000000,817661.44
1071,lrange5,1000000,1300556.62
1072,lpush5,1000000,825214.50
1072,lrange5,1000000,1200480.12
1073,lpush5,1000000,822513.19
1073,lrange5,1000000,1196440.12
1074,lpush5,1000000,821705.81
1074,lrange5,1000000,1192181.12
1075,lpush5,1000000,821863.62
1075,lrange5,1000000,1195087.25
1076,lpush5,1000000,829253.75
1076,lrange5,1000000,1218065.75
1077,lpush5,1000000,823775.94
1077,lrange5,1000000,1302270.88
1078,lpush5,1000000,821824.12
1078,lrange5,1000000,1297037.62
1079,lpush5,1000000,814345.25
1079,lrange5,1000000,1270709.00
1080,lpush5,1000000,822460.56
1080,lrange5,1000000,1269035.50
1081,lpush5,1000000,821745.25
1081,lrange5,1000000,1302166.62
1082,lpush5,1000000,820397.06
1082,lrange5,1000000,1297120.62
1083,lpush5,1000000,824402.25
1083,lrange5,1000000,1179660.38
1084,lpush5,1000000,823723.25
1084,lrange5,1000000,1190685.75
1085,lpush5,1000000,819000.88
1085,lrange5,1000000,1192181.12
1086,lpush5,1000000,822421.06
1086,lrange5,1000000,1285511.62
1087,lpush5,1000000,829187.44
1087,lrange5,1000000,1199366.88
1088,lpush5,1000000,832786.00
1088,lrange5,1000000,1274068.75
1089,lpush5,1000000,825763.88
1089,lrange5,1000000,1194857.75
1090,lpush5,1000000,823723.25
1090,lrange5,1000000,1197643.12
1091,lpush5,1000000,822486.88
1091,lrange5,1000000,1196574.12
1092,lpush5,1000000,822368.44
1092,lrange5,1000000,1197930.62
1093,lpush5,1000000,829293.56
1093,lrange5,1000000,1146899.12
1094,lpush5,1000000,827841.12
1094,lrange5,1000000,1270831.00
1095,lpush5,1000000,825280.50
1095,lrange5,1000000,1267427.12
1096,lpush5,1000000,832812.69
1096,lrange5,1000000,1280491.62
1097,lpush5,1000000,819737.69
1097,lrange5,1000000,1248519.38
1098,lpush5,1000000,822394.75
1098,lrange5,1000000,1277323.12
1099,lpush5,1000000,815765.12
1099,lrange5,1000000,1290446.50
1100,lpush5,1000000,823216.44
1100,lrange5,1000000,1256462.25
1101,lpush5,1000000,820357.69
1101,lrange5,1000000,1298742.88
1102,lpush5,1000000,821784.69
1102,lrange5,1000000,1158804.25
1103,lpush5,1000000,823907.75
1103,lrange5,1000000,1292051.75
1104,lpush5,1000000,826014.88
1104,lrange5,1000000,1293826.62
1105,lpush5,1000000,821903.06
1105,lrange5,1000000,1202096.12
1106,lpush5,1000000,824573.75
1106,lrange5,1000000,1270709.00
1107,lpush5,1000000,828513.69
1107,lrange5,1000000,1295419.62
1108,lpush5,1000000,823894.56
1108,lrange5,1000000,1157537.00
1109,lpush5,1000000,819763.94
1109,lrange5,1000000,1290570.38
1110,lpush5,1000000,821784.69
1110,lrange5,1000000,1250020.00
1111,lpush5,1000000,822368.44
1111,lrange5,1000000,1275612.25
1112,lpush5,1000000,833333.31
1112,lrange5,1000000,1272386.75
1113,lpush5,1000000,818383.00
1113,lrange5,1000000,1292031.00
1114,lpush5,1000000,817215.69
1114,lrange5,1000000,1194838.75
1115,lpush5,1000000,830578.06
1115,lrange5,1000000,1218202.25
1116,lpush5,1000000,823242.75
1116,lrange5,1000000,1167290.50
1117,lpush5,1000000,824521.00
1117,lrange5,1000000,1287063.00
1118,lpush5,1000000,822368.44
1118,lrange5,1000000,1288721.62
1119,lpush5,1000000,828566.69
1119,lrange5,1000000,1193374.75
1120,lpush5,1000000,832159.69
1120,lrange5,1000000,1278813.25
1121,lpush5,1000000,828725.75
1121,lrange5,1000000,1192009.50
1122,lpush5,1000000,823907.75
1122,lrange5,1000000,1174065.75
1123,lpush5,1000000,827169.56
1123,lrange5,1000000,1192181.12
1124,lpush5,1000000,818409.19
1124,lrange5,1000000,1186543.25
1125,lpush5,1000000,824494.62
1125,lrange5,1000000,1173802.88
1126,lpush5,1000000,825935.62
1126,lrange5,1000000,1243860.62
1127,lpush5,1000000,827827.88
1127,lrange5,1000000,1118926.12
1128,lpush5,1000000,823775.94
1128,lrange5,1000000,1194838.75
1129,lpush5,1000000,818369.88
1129,lrange5,1000000,1210653.75
1130,lpush5,1000000,817661.44
1130,lrange5,1000000,1256442.25
1131,lpush5,1000000,818396.06
1131,lrange5,1000000,1282112.88
1132,lpush5,1000000,815087.19
1132,lrange5,1000000,1201961.50
1133,lpush5,1000000,817700.69
1133,lrange5,1000000,1257942.12
1134,lpush5,1000000,822368.44
1134,lrange5,1000000,1275693.88
1135,lpush5,1000000,826591.69
1135,lrange5,1000000,1293723.12
1136,lpush5,1000000,823736.44
1136,lrange5,1000000,1278874.62
1137,lpush5,1000000,819816.38
1137,lrange5,1000000,1264364.12
1138,lpush5,1000000,819777.00
1138,lrange5,1000000,1295523.25
1139,lpush5,1000000,824402.25
1139,lrange5,1000000,1190495.25
1140,lpush5,1000000,823111.06
1140,lrange5,1000000,1300535.75
1141,lpush5,1000000,826499.12
1141,lrange5,1000000,1288680.38
1142,lpush5,1000000,821732.12
1142,lrange5,1000000,1240893.25
1143,lpush5,1000000,816326.50
1143,lrange5,1000000,1243980.12
1144,lpush5,1000000,834041.69
1144,lrange5,1000000,1269137.12
1145,lpush5,1000000,832039.94
1145,lrange5,1000000,1283861.38
1146,lpush5,1000000,829200.69
1146,lrange5,1000000,1202326.88
1147,lpush5,1000000,824402.25
1147,lrange5,1000000,1195049.00
1148,lpush5,1000000,823920.94
1148,lrange5,1000000,1193603.88
1149,lpush5,1000000,825240.94
1149,lrange5,1000000,1283923.00
1150,lpush5,1000000,824521.00
1150,lrange5,1000000,1192257.50
1151,lpush5,1000000,818369.88
1151,lrange5,1000000,1282133.38
1152,lpush5,1000000,821824.12
1152,lrange5,1000000,1202115.38
1153,lpush5,1000000,824547.38
1153,lrange5,1000000,1280512.12
1154,lpush5,1000000,829981.69
1154,lrange5,1000000,1222552.50
1155,lpush5,1000000,818435.38
1155,lrange5,1000000,1283717.62
1156,lpush5,1000000,821850.44
1156,lrange5,1000000,1242295.62
1157,lpush5,1000000,824481.44
1157,lrange5,1000000,1264263.00
1158,lpush5,1000000,831986.69
1158,lrange5,1000000,1269137.12
1159,lpush5,1000000,819053.25
1159,lrange5,1000000,1282071.88
1160,lpush5,1000000,820515.19
1160,lrange5,1000000,796825.50
1161,lpush5,1000000,508396.53
1161,lrange5,1000000,1050420.12
1162,lpush5,1000000,820344.56
1162,lrange5,1000000,1190876.25
1163,lpush5,1000000,821123.12
1163,lrange5,1000000,1221059.88
1164,lpush5,1000000,815139.38
1164,lrange5,1000000,1292134.38
1165,lpush5,1000000,816483.25
1165,lrange5,1000000,1194991.62
1166,lpush5,1000000,827827.88
1166,lrange5,1000000,1194838.75
1167,lpush5,1000000,819013.94
1167,lrange5,1000000,1264384.25
1168,lpush5,1000000,818343.69
1168,lrange5,1000000,1254805.50
1169,lpush5,1000000,823920.94
1169,lrange5,1000000,1269157.38
1170,lpush5,1000000,823762.75
1170,lrange5,1000000,1275653.12
1171,lpush5,1000000,821162.50
1171,lrange5,1000000,1274028.00
1172,lpush5,1000000,829399.69
1172,lrange5,1000000,1292051.75
1173,lpush5,1000000,825161.69
1173,lrange5,1000000,1259445.75
1174,lpush5,1000000,816404.88
1174,lrange5,1000000,1277159.62
1175,lpush5,1000000,825935.62
1175,lrange5,1000000,1270648.00
1176,lpush5,1000000,816378.75
1176,lrange5,1000000,1293702.50
1177,lpush5,1000000,825082.50
1177,lrange5,1000000,1290322.62
1178,lpush5,1000000,819079.50
1178,lrange5,1000000,1203773.75
1179,lpush5,1000000,813229.25
1179,lrange5,1000000,1197777.25
1180,lpush5,1000000,819000.88
1180,lrange5,1000000,1180920.88
1181,lpush5,1000000,827328.38
1181,lrange5,1000000,1285573.25
1182,lpush5,1000000,823150.62
1182,lrange5,1000000,1173971.88
1183,lpush5,1000000,819066.38
1183,lrange5,1000000,1191971.38
1184,lpush5,1000000,812360.69
1184,lrange5,1000000,1243820.88
1185,lpush5,1000000,823723.25
1185,lrange5,1000000,1193374.75
1186,lpush5,1000000,825763.88
1186,lrange5,1000000,1243840.75
1187,lpush5,1000000,829227.19
1187,lrange5,1000000,1262868.75
1188,lpush5,1000000,822460.56
1188,lrange5,1000000,1205147.00
1189,lpush5,1000000,829941.88
1189,lrange5,1000000,1190704.75
1190,lpush5,1000000,815673.75
1190,lrange5,1000000,1203812.38
1191,lpush5,1000000,823255.94
1191,lrange5,1000000,1189327.00
1192,lpush5,1000000,815660.69
1192,lrange5,1000000,1233262.62
1193,lpush5,1000000,821719.00
1193,lrange5,1000000,1282112.88
1194,lpush5,1000000,820528.31
1194,lrange5,1000000,1298722.12
1195,lpush5,1000000,830021.56
1195,lrange5,1000000,1202076.88
1196,lpush5,1000000,821692.69
1196,lrange5,1000000,1194857.75
1197,lpush5,1000000,831946.75
1197,lrange5,1000000,1191952.38
1198,lpush5,1000000,825803.50
1198,lrange5,1000000,1182260.00
1199,lpush5,1000000,823216.44
1199,lrange5,1000000,1248619.25
1200,lpush5,1000000,823045.25
1200,lrange5,1000000,1224186.12
1201,lpush5,1000000,822394.75
1201,lrange5,1000000,1231665.00
1202,lpush5,1000000,823097.94
1202,lrange5,1000000,1197604.88
1203,lpush5,1000000,819724.56
1203,lrange5,1000000,1292010.38
1204,lpush5,1000000,822565.81
1204,lrange5,1000000,1187819.50
1205,lpush5,1000000,819053.25
1205,lrange5,1000000,1231704.50
1206,lpush5,1000000,819698.31
1206,lrange5,1000000,1297016.88
1207,lpush5,1000000,827328.38
1207,lrange5,1000000,793034.06
1208,lpush5,1000000,754729.00
1208,lrange5,1000000,1288742.25
1209,lpush5,1000000,821175.69
1209,lrange5,1000000,1257861.62
1210,lpush5,1000000,816509.38
1210,lrange5,1000000,1192143.00
1211,lpush5,1000000,821705.81
1211,lrange5,1000000,1187781.50
1212,lpush5,1000000,814345.25
1212,lrange5,1000000,1194876.88
1213,lpush5,1000000,811263.56
1213,lrange5,1000000,1176470.50
1214,lpush5,1000000,828672.75
1214,lrange5,1000000,1202346.12
1215,lpush5,1000000,816496.31
1215,lrange5,1000000,1291989.62
1216,lpush5,1000000,826631.38
1216,lrange5,1000000,1259627.12
1217,lpush5,1000000,813021.12
1217,lrange5,1000000,1293743.88
1218,lpush5,1000000,821837.31
1218,lrange5,1000000,1293702.50
1219,lpush5,1000000,823723.25
1219,lrange5,1000000,1196229.62
1220,lpush5,1000000,819223.62
1220,lrange5,1000000,1297245.12
1221,lpush5,1000000,819013.94
1221,lrange5,1000000,1200729.88
1222,lpush5,1000000,831321.75
1222,lrange5,1000000,1267528.50
1223,lpush5,1000000,830578.06
1223,lrange5,1000000,1237702.88
1224,lpush5,1000000,831946.75
1224,lrange5,1000000,1282071.88
1225,lpush5,1000000,821188.81
1225,lrange5,1000000,1292051.75
1226,lpush5,1000000,821705.81
1226,lrange5,1000000,1292010.38
1227,lpush5,1000000,821044.31
1227,lrange5,1000000,1199424.50
1228,lpush5,1000000,821850.44
1228,lrange5,1000000,1262626.25
1229,lpush5,1000000,819711.44
1229,lrange5,1000000,1190590.50
1230,lpush5,1000000,821797.88
1230,lrange5,1000000,1193412.88
1231,lpush5,1000000,819763.94
1231,lrange5,1000000,1193661.12
1232,lpush5,1000000,817058.81
1232,lrange5,1000000,1245330.00
1233,lpush5,1000000,817006.56
1233,lrange5,1000000,1295461.12
1234,lpush5,1000000,816496.31
1234,lrange5,1000000,1203485.00
1235,lpush5,1000000,822526.31
1235,lrange5,1000000,1261074.38
1236,lpush5,1000000,819685.25
1236,lrange5,1000000,1282071.88
1237,lpush5,1000000,823749.62
1237,lrange5,1000000,1259627.12
1238,lpush5,1000000,819908.19
1238,lrange5,1000000,1165538.50
1239,lpush5,1000000,817766.12
1239,lrange5,1000000,1280614.62
1240,lpush5,1000000,823802.31
1240,lrange5,1000000,1262626.25
1241,lpush5,1000000,832706.12
1241,lrange5,1000000,1275591.88
1242,lpush5,1000000,821863.62
1242,lrange5,1000000,1236133.50
1243,lpush5,1000000,829240.50
1243,lrange5,1000000,1293661.00
1244,lpush5,1000000,824402.25
1244,lrange5,1000000,981354.19
1245,lpush5,1000000,745323.38
1245,lrange5,1000000,1297079.12
1246,lpush5,1000000,823828.69
1246,lrange5,1000000,1290446.50
1247,lpush5,1000000,825777.06
1247,lrange5,1000000,1243781.12
1248,lpush5,1000000,824573.75
1248,lrange5,1000000,1250000.00
1249,lpush5,1000000,824534.19
1249,lrange5,1000000,1302208.38
1250,lpush5,1000000,820344.56
1250,lrange5,1000000,1190552.38
1251,lpush5,1000000,829888.75
1251,lrange5,1000000,1293661.00
1252,lpush5,1000000,815673.75
1252,lrange5,1000000,1254765.38
1253,lpush5,1000000,827933.81
1253,lrange5,1000000,1266025.25
1254,lpush5,1000000,817163.44
1254,lrange5,1000000,1292051.75
1255,lpush5,1000000,816417.94
1255,lrange5,1000000,1195087.25
1256,lpush5,1000000,829240.50
1256,lrange5,1000000,1256442.25
1257,lpush5,1000000,822605.31
1257,lrange5,1000000,1189479.12
1258,lpush5,1000000,818369.88
1258,lrange5,1000000,1189231.88
1259,lpush5,1000000,819210.50
1259,lrange5,1000000,1135364.38
1260,lpush5,1000000,820383.94
1260,lrange5,1000000,1190685.75
1261,lpush5,1000000,829187.44
1261,lrange5,1000000,1267427.12
1262,lpush5,1000000,822381.62
1262,lrange5,1000000,1302250.00
1263,lpush5,1000000,816993.50
1263,lrange5,1000000,1288742.25
1264,lpush5,1000000,817831.50
1264,lrange5,1000000,1253132.88
1265,lpush5,1000000,815712.94
1265,lrange5,1000000,1280409.75
1266,lpush5,1000000,817098.06
1266,lrange5,1000000,1219765.88
1267,lpush5,1000000,827867.56
1267,lrange5,1000000,1190552.38
1268,lpush5,1000000,829928.62
1268,lrange5,1000000,1203696.75
1269,lpush5,1000000,821797.88
1269,lrange5,1000000,1259667.50
1270,lpush5,1000000,819066.38
1270,lrange5,1000000,1300556.62
1271,lpush5,1000000,825227.69
1271,lrange5,1000000,1203581.25
1272,lpush5,1000000,836913.75
1272,lrange5,1000000,1207922.75
1273,lpush5,1000000,824402.25
1273,lrange5,1000000,1233045.62
1274,lpush5,1000000,821876.75
1274,lrange5,1000000,1186239.62
1275,lpush5,1000000,825816.69
1275,lrange5,1000000,1206349.88
1276,lpush5,1000000,825922.38
1276,lrange5,1000000,941725.00
1277,lpush5,1000000,744673.06
1277,lrange5,1000000,1254745.25
1278,lpush5,1000000,823749.62
1278,lrange5,1000000,1190857.12
1279,lpush5,1000000,822513.19
1279,lrange5,1000000,1204954.25
1280,lpush5,1000000,834884.81
1280,lrange5,1000000,1204973.50
1281,lpush5,1000000,819184.31
1281,lrange5,1000000,1199482.00
1282,lpush5,1000000,821758.44
1282,lrange5,1000000,1275571.50
1283,lpush5,1000000,817163.44
1283,lrange5,1000000,1194896.00
1284,lpush5,1000000,822513.19
1284,lrange5,1000000,1277221.00
1285,lpush5,1000000,827854.31
1285,lrange5,1000000,1189212.88
1286,lpush5,1000000,828632.94
1286,lrange5,1000000,1245350.00
1287,lpush5,1000000,831308.44
1287,lrange5,1000000,1277139.25
1288,lpush5,1000000,820475.81
1288,lrange5,1000000,1216564.38
1289,lpush5,1000000,819829.50
1289,lrange5,1000000,1272427.50
1290,lpush5,1000000,819881.94
1290,lrange5,1000000,1179377.38
1291,lpush5,1000000,825975.25
1291,lrange5,1000000,1110250.75
1292,lpush5,1000000,823269.12
1292,lrange5,1000000,1187933.50
1293,lpush5,1000000,814449.50
1293,lrange5,1000000,1174028.12
1294,lpush5,1000000,829253.75
1294,lrange5,1000000,1292031.00
1295,lpush5,1000000,827880.81
1295,lrange5,1000000,1287021.88
1296,lpush5,1000000,826631.38
1296,lrange5,1000000,1201980.75
1297,lpush5,1000000,831268.50
1297,lrange5,1000000,1203735.25
1298,lpush5,1000000,826499.12
1298,lrange5,1000000,1292175.75
1299,lpush5,1000000,822447.38
1299,lrange5,1000000,1200672.25
1300,lpush5,1000000,828513.69
1300,lrange5,1000000,1207748.75
1301,lpush5,1000000,834068.38
1301,lrange5,1000000,1200710.62
1302,lpush5,1000000,836254.19
1302,lrange5,1000000,1200787.50
1303,lpush5,1000000,829306.81
1303,lrange5,1000000,1196229.62
1304,lpush5,1000000,831946.75
1304,lrange5,1000000,1190514.38
1305,lpush5,1000000,820502.06
1305,lrange5,1000000,1283697.12
1306,lpush5,1000000,826565.25
1306,lrange5,1000000,1278772.38
1307,lpush5,1000000,834215.19
1307,lrange5,1000000,1288721.62
1308,lpush5,1000000,823045.25
1308,lrange5,1000000,1298888.38
1309,lpush5,1000000,823045.25
1309,lrange5,1000000,1302250.00
1310,lpush5,1000000,831268.50
1310,lrange5,1000000,1277221.00
1311,lpush5,1000000,838993.25
1311,lrange5,1000000,1287289.50
1312,lpush5,1000000,827880.81
1312,lrange5,1000000,1206291.88
1313,lpush5,1000000,829981.69
1313,lrange5,1000000,1239177.25
1314,lpush5,1000000,823775.94
1314,lrange5,1000000,1293847.38
1315,lpush5,1000000,834778.00
1315,lrange5,1000000,1200576.25
1316,lpush5,1000000,827182.81
1316,lrange5,1000000,1278813.25
1317,lpush5,1000000,825856.31
1317,lrange5,1000000,991270.62
1318,lpush5,1000000,819013.94
1318,lrange5,1000000,1280409.75
1319,lpush5,1000000,829875.50
1319,lrange5,1000000,1269076.12
1320,lpush5,1000000,827814.62
1320,lrange5,1000000,1264364.12
1321,lpush5,1000000,827341.62
1321,lrange5,1000000,1233085.12
1322,lpush5,1000000,817713.81
1322,lrange5,1000000,1287207.25
1323,lpush5,1000000,832119.81
1323,lrange5,1000000,1190685.75
1324,lpush5,1000000,817006.56
1324,lrange5,1000000,1135291.75
1325,lpush5,1000000,825201.31
1325,lrange5,1000000,1207942.00
1326,lpush5,1000000,821149.38
1326,lrange5,1000000,1184891.00
1327,lpush5,1000000,830578.06
1327,lrange5,1000000,1193661.12
1328,lpush5,1000000,813786.81
1328,lrange5,1000000,1062733.25
1329,lpush5,1000000,510228.56
1329,lrange5,1000000,774117.62
1330,lpush5,1000000,595947.56
1330,lrange5,1000000,1248659.12
1331,lpush5,1000000,816496.31
1331,lrange5,1000000,1197777.25
1332,lpush5,1000000,828739.00
1332,lrange5,1000000,1298701.38
1333,lpush5,1000000,823907.75
1333,lrange5,1000000,1250200.00
1334,lpush5,1000000,818422.25
1334,lrange5,1000000,1300452.50
1335,lpush5,1000000,827143.12
1335,lrange5,1000000,1292031.00
1336,lpush5,1000000,822500.00
1336,lrange5,1000000,1297016.88
1337,lpush5,1000000,825254.12
1337,lrange5,1000000,1267467.75
1338,lpush5,1000000,820357.69
1338,lrange5,1000000,1265984.75
1339,lpush5,1000000,827249.00
1339,lrange5,1000000,1285388.12
1340,lpush5,1000000,827262.19
1340,lrange5,1000000,1197815.62
1341,lpush5,1000000,819105.69
1341,lrange5,1000000,1239216.88
1342,lpush5,1000000,821824.12
1342,lrange5,1000000,1246902.75
1343,lpush5,1000000,820462.69
1343,lrange5,1000000,1288680.38
1344,lpush5,1000000,817032.69
1344,lrange5,1000000,1292031.00
1345,lpush5,1000000,829240.50
1345,lrange5,1000000,1298826.00
1346,lpush5,1000000,820554.56
1346,lrange5,1000000,1300515.00
1347,lpush5,1000000,821018.00
1347,lrange5,1000000,1248619.25
1348,lpush5,1000000,819777.00
1348,lrange5,1000000,1192047.75
1349,lpush5,1000000,813721.75
1349,lrange5,1000000,1282092.38
1350,lpush5,1000000,826459.50
1350,lrange5,1000000,1196382.75
1351,lpush5,1000000,829373.12
1351,lrange5,1000000,1298701.38
1352,lpush5,1000000,821797.88
1352,lrange5,1000000,1239316.00
1353,lpush5,1000000,833466.62
1353,lrange5,1000000,1192124.00
1354,lpush5,1000000,821070.56
1354,lrange5,1000000,1272346.00
1355,lpush5,1000000,829253.75
1355,lrange5,1000000,1295378.25
1356,lpush5,1000000,828540.19
1356,lrange5,1000000,1287083.62
1357,lpush5,1000000,817896.94
1357,lrange5,1000000,1292217.12
1358,lpush5,1000000,826512.38
1358,lrange5,1000000,1199443.62
1359,lpush5,1000000,821732.12
1359,lrange5,1000000,1199328.50
1360,lpush5,1000000,812490.69
1360,lrange5,1000000,1221020.75
1361,lpush5,1000000,825306.94
1361,lrange5,1000000,1265964.50
1362,lpush5,1000000,821096.81
1362,lrange5,1000000,1186334.50
1363,lpush5,1000000,816509.38
1363,lrange5,1000000,1298742.88
1364,lpush5,1000000,820462.69
1364,lrange5,1000000,1277159.62
1365,lpush5,1000000,821732.12
1365,lrange5,1000000,1199040.75
1366,lpush5,1000000,813060.12
1366,lrange5,1000000,1277343.62
1367,lpush5,1000000,817661.44
1367,lrange5,1000000,1295378.25
1368,lpush5,1000000,824402.25
1368,lrange5,1000000,1172633.12
1369,lpush5,1000000,826459.50
1369,lrange5,1000000,1300452.50
1370,lpush5,1000000,828500.38
1370,lrange5,1000000,1269076.12
1371,lpush5,1000000,819842.62
1371,lrange5,1000000,1302333.38
1372,lpush5,1000000,814462.50
1372,lrange5,1000000,1254725.25
1373,lpush5,1000000,821837.31
1373,lrange5,1000000,1182241.12
1374,lpush5,1000000,831986.69
1374,lrange5,1000000,1197739.00
1375,lpush5,1000000,818383.00
1375,lrange5,1000000,894669.00
1376,lpush5,1000000,829187.44
1376,lrange5,1000000,1282194.88
1377,lpush5,1000000,821863.62
1377,lrange5,1000000,1196478.38
1378,lpush5,1000000,828540.19
1378,lrange5,1000000,1183621.25
1379,lpush5,1000000,821758.44
1379,lrange5,1000000,1168616.88
1380,lpush5,1000000,824402.25
1380,lrange5,1000000,1206523.50
1381,lpush5,1000000,828513.69
1381,lrange5,1000000,1293764.50
1382,lpush5,1000000,827827.88
1382,lrange5,1000000,1180996.50
1383,lpush5,1000000,824441.81
1383,lrange5,1000000,1193470.12
1384,lpush5,1000000,827867.56
1384,lrange5,1000000,1298722.12
1385,lpush5,1000000,828593.19
1385,lrange5,1000000,1298909.12
1386,lpush5,1000000,827947.06
1386,lrange5,1000000,1282174.38
1387,lpush5,1000000,827315.12
1387,lrange5,1000000,1250020.00
1388,lpush5,1000000,825135.31
1388,lrange5,1000000,1298888.38
1389,lpush5,1000000,826591.69
1389,lrange5,1000000,1297079.12
1390,lpush5,1000000,826604.94
1390,lrange5,1000000,1303843.50
1391,lpush5,1000000,827156.31
1391,lrange5,1000000,1261054.25
1392,lpush5,1000000,835555.56
1392,lrange5,1000000,1199424.50
1393,lpush5,1000000,831268.50
1393,lrange5,1000000,1194953.38
1394,lpush5,1000000,824586.94
1394,lrange5,1000000,1210673.12
1395,lpush5,1000000,817661.44
1395,lrange5,1000000,1092017.50
1396,lpush5,1000000,819803.25
1396,lrange5,1000000,1267447.50
1397,lpush5,1000000,825803.50
1397,lrange5,1000000,1200576.25
1398,lpush5,1000000,823045.25
1398,lrange5,1000000,1206330.50
1399,lpush5,1000000,828606.44
1399,lrange5,1000000,1273987.25
1400,lpush5,1000000,827143.12
1400,lrange5,1000000,1213592.25
1401,lpush5,1000000,820357.69
1401,lrange5,1000000,1288886.50
1402,lpush5,1000000,821732.12
1402,lrange5,1000000,1288866.00
1403,lpush5,1000000,826446.25
1403,lrange5,1000000,1275551.00
1404,lpush5,1000000,826631.38
1404,lrange5,1000000,1300390.12
1405,lpush5,1000000,828619.69
1405,lrange5,1000000,1178082.50
1406,lpush5,1000000,826604.94
1406,lrange5,1000000,1199347.75
1407,lpush5,1000000,827143.12
1407,lrange5,1000000,1243880.62
1408,lpush5,1000000,823150.62
1408,lrange5,1000000,1287042.50
1409,lpush5,1000000,810502.44
1409,lrange5,1000000,1258002.50
1410,lpush5,1000000,818435.38
1410,lrange5,1000000,1300619.00
1411,lpush5,1000000,821162.50
1411,lrange5,1000000,1282051.38
1412,lpush5,1000000,825803.50
1412,lrange5,1000000,1251604.50
1413,lpush5,1000000,823789.12
1413,lrange5,1000000,1206523.50
1414,lpush5,1000000,822526.31
1414,lrange5,1000000,1193642.00
1415,lpush5,1000000,827169.56
1415,lrange5,1000000,1203600.50
1416,lpush5,1000000,823802.31
1416,lrange5,1000000,1199347.75
1417,lpush5,1000000,834081.75
1417,lrange5,1000000,1209363.88
1418,lpush5,1000000,831946.75
1418,lrange5,1000000,1189441.12
1419,lpush5,1000000,816352.62
1419,lrange5,1000000,1199098.38
1420,lpush5,1000000,834135.12
1420,lrange5,1000000,1269137.12
1421,lpush5,1000000,819053.25
1421,lrange5,1000000,1259506.25
1422,lpush5,1000000,817726.88
1422,lrange5,1000000,1171203.75
1423,lpush5,1000000,817792.25
1423,lrange5,1000000,1254865.75
1424,lpush5,1000000,829240.50
1424,lrange5,1000000,1192200.25
1425,lpush5,1000000,815113.31
1425,lrange5,1000000,1125129.38
1426,lpush5,1000000,832013.31
1426,lrange5,1000000,1191990.50
1427,lpush5,1000000,820357.69
1427,lrange5,1000000,1295523.25
1428,lpush5,1000000,830061.38
1428,lrange5,1000000,1259546.50
1429,lpush5,1000000,818330.62
1429,lrange5,1000000,1192047.75
1430,lpush5,1000000,823190.12
1430,lrange5,1000000,1275530.62
1431,lpush5,1000000,823736.44
1431,lrange5,1000000,1269157.38
1432,lpush5,1000000,821018.00
1432,lrange5,1000000,1183545.50
1433,lpush5,1000000,819013.94
1433,lrange5,1000000,1272346.00
1434,lpush5,1000000,835582.25
1434,lrange5,1000000,1275551.00
1435,lpush5,1000000,825763.88
1435,lrange5,1000000,1209247.88
1436,lpush5,1000000,826499.12
1436,lrange5,1000000,1274007.62
1437,lpush5,1000000,831268.50
1437,lrange5,1000000,1285449.88
1438,lpush5,1000000,825777.06
1438,lrange5,1000000,1239197.00
1439,lpush5,1000000,829412.94
1439,lrange5,1000000,1290343.25
1440,lpush5,1000000,823084.75
1440,lrange5,1000000,1200729.88
1441,lpush5,1000000,825135.31
1441,lrange5,1000000,1225588.25
1442,lpush5,1000000,826578.50
1442,lrange5,1000000,1194819.62
1443,lpush5,1000000,831401.50
1443,lrange5,1000000,1231704.50
1444,lpush5,1000000,828566.69
1444,lrange5,1000000,1183545.50
1445,lpush5,1000000,836873.62
1445,lrange5,1000000,1106477.88
1446,lpush5,1000000,832053.25
1446,lrange5,1000000,1259506.25
1447,lpush5,1000000,834818.06
1447,lrange5,1000000,1199366.88
1448,lpush5,1000000,830657.81
1448,lrange5,1000000,1193317.38
1449,lpush5,1000000,820397.06
1449,lrange5,1000000,1199424.50
1450,lpush5,1000000,817805.38
1450,lrange5,1000000,1254785.50
1451,lpush5,1000000,821070.56
1451,lrange5,1000000,1190781.00
1452,lpush5,1000000,820502.06
1452,lrange5,1000000,1254845.62
1453,lpush5,1000000,824428.62
1453,lrange5,1000000,1300535.75
1454,lpush5,1000000,833373.31
1454,lrange5,1000000,1245469.50
1455,lpush5,1000000,823762.75
1455,lrange5,1000000,1298826.00
1456,lpush5,1000000,817883.88
1456,lrange5,1000000,1199290.12
1457,lpush5,1000000,825108.88
1457,lrange5,1000000,1246902.75
1458,lpush5,1000000,817713.81
1458,lrange5,1000000,1189174.75
1459,lpush5,1000000,821123.12
1459,lrange5,1000000,1280430.25
1460,lpush5,1000000,819685.25
1460,lrange5,1000000,1262666.62
1461,lpush5,1000000,824600.12
1461,lrange5,1000000,1278813.25
1462,lpush5,1000000,817883.88
1462,lrange5,1000000,1290343.25
1463,lpush5,1000000,822473.69
1463,lrange5,1000000,1246922.75
1464,lpush5,1000000,827814.62
1464,lrange5,1000000,1300535.75
1465,lpush5,1000000,827315.12
1465,lrange5,1000000,1246902.75
1466,lpush5,1000000,819000.88
1466,lrange5,1000000,1246982.62
1467,lpush5,1000000,824468.25
1467,lrange5,1000000,1197815.62
1468,lpush5,1000000,823815.50
1468,lrange5,1000000,1193622.88
1469,lpush5,1000000,815882.56
1469,lrange5,1000000,1270668.38
1470,lpush5,1000000,813838.94
1470,lrange5,1000000,1297079.12
1471,lpush5,1000000,820397.06
1471,lrange5,1000000,1194953.38
1472,lpush5,1000000,819053.25
1472,lrange5,1000000,1245330.00
1473,lpush5,1000000,823071.56
1473,lrange5,1000000,1242375.12
1474,lpush5,1000000,822513.19
1474,lrange5,1000000,1194800.50
1475,lpush5,1000000,821850.44
1475,lrange5,1000000,1180958.62
1476,lpush5,1000000,815673.75
1476,lrange5,1000000,1248499.38
1477,lpush5,1000000,822460.56
1477,lrange5,1000000,1297141.38
1478,lpush5,1000000,829187.44
1478,lrange5,1000000,1305483.12
1479,lpush5,1000000,821889.88
1479,lrange5,1000000,1203619.75
1480,lpush5,1000000,832106.50
1480,lrange5,1000000,1210905.62
1481,lpush5,1000000,829888.75
1481,lrange5,1000000,1297079.12
1482,lpush5,1000000,819895.06
1482,lrange5,1000000,947212.12
1483,lpush5,1000000,826472.69
1483,lrange5,1000000,1270709.00
1484,lpush5,1000000,828566.69
1484,lrange5,1000000,1303780.88
1485,lpush5,1000000,823045.25
1485,lrange5,1000000,1190495.25
1486,lpush5,1000000,824402.25
1486,lrange5,1000000,1208077.25
1487,lpush5,1000000,823881.38
1487,lrange5,1000000,1189479.12
1488,lpush5,1000000,833386.62
1488,lrange5,1000000,1251744.62
1489,lpush5,1000000,836347.81
1489,lrange5,1000000,1295399.00
1490,lpush5,1000000,827933.81
1490,lrange5,1000000,1258042.75
1491,lpush5,1000000,831268.50
1491,lrange5,1000000,1189346.00
1492,lpush5,1000000,831441.44
1492,lrange5,1000000,1206388.38
1493,lpush5,1000000,820397.06
1493,lrange5,1000000,1236212.62
1494,lpush5,1000000,824415.44
1494,lrange5,1000000,1272285.00
1495,lpush5,1000000,821228.19
1495,lrange5,1000000,1298846.75
1496,lpush5,1000000,828500.38
1496,lrange5,1000000,1280614.62
1497,lpush5,1000000,819066.38
1497,lrange5,1000000,1197873.12
1498,lpush5,1000000,829240.50
1498,lrange5,1000000,1185194.38
1499,lpush5,1000000,821201.94
1499,lrange5,1000000,1283779.25
1500,lpush5,1000000,825763.88
1500,lrange5,1000000,1292113.75
1501,lpush5,1000000,822460.56
1501,lrange5,1000000,1204896.38
1502,lpush5,1000000,826644.62
1502,lrange5,1000000,1202076.88
1503,lpush5,1000000,832652.81
1503,lrange5,1000000,1203465.75
1504,lpush5,1000000,828686.00
1504,lrange5,1000000,1282051.38
1505,lpush5,1000000,819131.88
1505,lrange5,1000000,1285532.12
1506,lpush5,1000000,828672.75
1506,lrange5,1000000,1298909.12
1507,lpush5,1000000,825935.62
1507,lrange5,1000000,1259607.00
1508,lpush5,1000000,842473.44
1508,lrange5,1000000,1297162.12
1509,lpush5,1000000,837574.56
1509,lrange5,1000000,1295419.62
1510,lpush5,1000000,836173.94
1510,lrange5,1000000,1282256.50
1511,lpush5,1000000,828566.69
1511,lrange5,1000000,1197758.12
1512,lpush5,1000000,825082.50
1512,lrange5,1000000,1166917.12
1513,lpush5,1000000,827169.56
1513,lrange5,1000000,1190800.00
1514,lpush5,1000000,825254.12
1514,lrange5,1000000,1295544.00
1515,lpush5,1000000,823723.25
1515,lrange5,1000000,1287042.50
1516,lpush5,1000000,824428.62
1516,lrange5,1000000,1261135.00
1517,lpush5,1000000,834778.00
1517,lrange5,1000000,1275551.00
1518,lpush5,1000000,834778.00
1518,lrange5,1000000,1275775.50
1519,lpush5,1000000,825201.31
1519,lrange5,1000000,1275653.12
1520,lpush5,1000000,827129.88
1520,lrange5,1000000,1240714.62
1521,lpush5,1000000,824507.81
1521,lrange5,1000000,1282236.00
1522,lpush5,1000000,827129.88
1522,lrange5,1000000,1194953.38
1523,lpush5,1000000,826446.25
1523,lrange5,1000000,1292051.75
1524,lpush5,1000000,832786.00
1524,lrange5,1000000,979745.31
1525,lpush5,1000000,828526.94
1525,lrange5,1000000,1293661.00
1526,lpush5,1000000,821719.00
1526,lrange5,1000000,1196593.25
1527,lpush5,1000000,825082.50
1527,lrange5,1000000,1287021.88
1528,lpush5,1000000,829293.56
1528,lrange5,1000000,1205012.12
1529,lpush5,1000000,832639.50
1529,lrange5,1000000,1251744.62
1530,lpush5,1000000,825135.31
1530,lrange5,1000000,1288701.00
1531,lpush5,1000000,821175.69
1531,lrange5,1000000,1193336.50
1532,lpush5,1000000,819711.44
1532,lrange5,1000000,1264222.50
1533,lpush5,1000000,830657.81
1533,lrange5,1000000,1292051.75
1534,lpush5,1000000,820383.94
1534,lrange5,1000000,1290322.62
1535,lpush5,1000000,822447.38
1535,lrange5,1000000,893869.56
1536,lpush5,1000000,818448.44
1536,lrange5,1000000,1196535.88
1537,lpush5,1000000,827341.62
1537,lrange5,1000000,1240694.75
1538,lpush5,1000000,817779.19
1538,lrange5,1000000,1257982.38
1539,lpush5,1000000,821811.00
1539,lrange5,1000000,1185004.75
1540,lpush5,1000000,815178.50
1540,lrange5,1000000,1213611.62
1541,lpush5,1000000,826631.38
1541,lrange5,1000000,1261054.25
1542,lpush5,1000000,822368.44
1542,lrange5,1000000,1205089.12
1543,lpush5,1000000,821096.81
1543,lrange5,1000000,1305524.88
1544,lpush5,1000000,821018.00
1544,lrange5,1000000,1282194.88
1545,lpush5,1000000,819698.31
1545,lrange5,1000000,1208115.88
1546,lpush5,1000000,824560.56
1546,lrange5,1000000,1206504.25
1547,lpush5,1000000,821083.69
1547,lrange5,1000000,1265883.50
1548,lpush5,1000000,829253.75
1548,lrange5,1000000,1204857.88
1549,lpush5,1000000,824415.44
1549,lrange5,1000000,1277221.00
1550,lpush5,1000000,821903.06
1550,lrange5,1000000,1280450.62
1551,lpush5,1000000,820397.06
1551,lrange5,1000000,1185061.62
1552,lpush5,1000000,817726.88
1552,lrange5,1000000,1206504.25
1553,lpush5,1000000,836873.62
1553,lrange5,1000000,1264222.50
1554,lpush5,1000000,816993.50
1554,lrange5,1000000,1292237.75
1555,lpush5,1000000,819027.06
1555,lrange5,1000000,1298909.12
1556,lpush5,1000000,827129.88
1556,lrange5,1000000,1101533.00
1557,lpush5,1000000,659683.38
1557,lrange5,1000000,1283758.75
1558,lpush5,1000000,833533.31
1558,lrange5,1000000,1189441.12
1559,lpush5,1000000,820475.81
1559,lrange5,1000000,1245469.50
1560,lpush5,1000000,822500.00
1560,lrange5,1000000,1216739.62
1561,lpush5,1000000,830657.81
1561,lrange5,1000000,1192162.12
1562,lpush5,1000000,829240.50
1562,lrange5,1000000,1280409.75
1563,lpush5,1000000,827986.81
1563,lrange5,1000000,1194934.25
1564,lpush5,1000000,825135.31
1564,lrange5,1000000,1197796.50
1565,lpush5,1000000,828566.69
1565,lrange5,1000000,1290508.38
1566,lpush5,1000000,821705.81
1566,lrange5,1000000,1218241.25
1567,lpush5,1000000,832706.12
1567,lrange5,1000000,1287001.25
1568,lpush5,1000000,823775.94
1568,lrange5,1000000,1240694.75
1569,lpush5,1000000,823934.12
1569,lrange5,1000000,1270810.62
1570,lpush5,1000000,830604.62
1570,lrange5,1000000,1267467.75
1571,lpush5,1000000,823176.94
1571,lrange5,1000000,1204838.62
1572,lpush5,1000000,821057.44
1572,lrange5,1000000,1280532.62
1573,lpush5,1000000,825095.69
1573,lrange5,1000000,1290425.88
1574,lpush5,1000000,825095.69
1574,lrange5,1000000,1280594.12
1575,lpush5,1000000,821705.81
1575,lrange5,1000000,1253152.88
1576,lpush5,1000000,829359.88
1576,lrange5,1000000,1290384.50
1577,lpush5,1000000,835595.62
1577,lrange5,1000000,878889.25
1578,lpush5,1000000,827854.31
1578,lrange5,1000000,1297162.12
1579,lpush5,1000000,825935.62
1579,lrange5,1000000,1298701.38
1580,lpush5,1000000,819013.94
1580,lrange5,1000000,1200825.88
1581,lpush5,1000000,830617.94
1581,lrange5,1000000,1293847.38
1582,lpush5,1000000,821692.69
1582,lrange5,1000000,1199079.12
1583,lpush5,1000000,829306.81
1583,lrange5,1000000,1300390.12
1584,lpush5,1000000,817766.12
1584,lrange5,1000000,1302145.88
1585,lpush5,1000000,817098.06
1585,lrange5,1000000,1285408.75
1586,lpush5,1000000,827301.94
1586,lrange5,1000000,1303968.62
1587,lpush5,1000000,817792.25
1587,lrange5,1000000,1297162.12
1588,lpush5,1000000,823789.12
1588,lrange5,1000000,1303801.75
1589,lpush5,1000000,818330.62
1589,lrange5,1000000,1295419.62
1590,lpush5,1000000,823045.25
1590,lrange5,1000000,1300431.75
1591,lpush5,1000000,814995.94
1591,lrange5,1000000,1193336.50
1592,lpush5,1000000,830684.38
1592,lrange5,1000000,1189231.88
1593,lpush5,1000000,817661.44
1593,lrange5,1000000,1273946.50
1594,lpush5,1000000,819803.25
1594,lrange5,1000000,1292196.38
1595,lpush5,1000000,825882.75
1595,lrange5,1000000,1287124.88
1596,lpush5,1000000,827143.12
1596,lrange5,1000000,1233223.25
1597,lpush5,1000000,815765.12
1597,lrange5,1000000,1199079.12
1598,lpush5,1000000,823176.94
1598,lrange5,1000000,1283923.00
1599,lpush5,1000000,816339.56
1599,lrange5,1000000,1191952.38
1600,lpush5,1000000,821188.81
1600,lrange5,1000000,1287021.88
1601,lpush5,1000000,823775.94
1601,lrange5,1000000,1200653.00
1602,lpush5,1000000,822421.06
1602,lrange5,1000000,1277139.25
1603,lpush5,1000000,828540.19
1603,lrange5,1000000,1254765.38
1604,lpush5,1000000,823828.69
1604,lrange5,1000000,1297265.88
1605,lpush5,1000000,824468.25
1605,lrange5,1000000,1295481.88
1606,lpush5,1000000,825122.12
1606,lrange5,1000000,1300619.00
1607,lpush5,1000000,819027.06
1607,lrange5,1000000,1197700.62
1608,lpush5,1000000,819092.56
1608,lrange5,1000000,1273905.75
1609,lpush5,1000000,814579.75
1609,lrange5,1000000,1245369.88
1610,lpush5,1000000,819724.56
1610,lrange5,1000000,1193470.12
1611,lpush5,1000000,819737.69
1611,lrange5,1000000,1300452.50
1612,lpush5,1000000,824468.25
1612,lrange5,1000000,1200614.62
1613,lpush5,1000000,814384.31
1613,lrange5,1000000,1199232.62
1614,lpush5,1000000,819092.56
1614,lrange5,1000000,1187933.50
1615,lpush5,1000000,821758.44
1615,lrange5,1000000,1179245.25
1616,lpush5,1000000,824494.62
1616,lrange5,1000000,1192295.62
1617,lpush5,1000000,830578.06
1617,lrange5,1000000,1293764.50
1618,lpush5,1000000,829981.69
1618,lrange5,1000000,1185194.38
1619,lpush5,1000000,819698.31
1619,lrange5,1000000,1298722.12
1620,lpush5,1000000,820436.44
1620,lrange5,1000000,1259647.25
1621,lpush5,1000000,821692.69
1621,lrange5,1000000,1282092.38
1622,lpush5,1000000,824547.38
1622,lrange5,1000000,1242355.25
1623,lpush5,1000000,817228.75
1623,lrange5,1000000,1178139.00
1624,lpush5,1000000,821692.69
1624,lrange5,1000000,1182316.75
1625,lpush5,1000000,819698.31
1625,lrange5,1000000,1157462.88
1626,lpush5,1000000,822579.00
1626,lrange5,1000000,1152239.62
1627,lpush5,1000000,823045.25
1627,lrange5,1000000,1275551.00
1628,lpush5,1000000,821018.00
1628,lrange5,1000000,1273885.25
1629,lpush5,1000000,829373.12
1629,lrange5,1000000,1196229.62
1630,lpush5,1000000,816378.75
1630,lrange5,1000000,1196172.25
1631,lpush5,1000000,823789.12
1631,lrange5,1000000,1243820.88
1632,lpush5,1000000,825922.38
1632,lrange5,1000000,1248459.38
1633,lpush5,1000000,818383.00
1633,lrange5,1000000,1293785.25
1634,lpush5,1000000,824573.75
1634,lrange5,1000000,1265822.75
1635,lpush5,1000000,823150.62
1635,lrange5,1000000,1288824.75
1636,lpush5,1000000,825135.31
1636,lrange5,1000000,1295523.25
1637,lpush5,1000000,821162.50
1637,lrange5,1000000,1283717.62
1638,lpush5,1000000,818448.44
1638,lrange5,1000000,1287124.88
1639,lpush5,1000000,823815.50
1639,lrange5,1000000,1285347.00
1640,lpush5,1000000,823723.25
1640,lrange5,1000000,1293681.75
1641,lpush5,1000000,823841.88
1641,lrange5,1000000,1267650.25
1642,lpush5,1000000,825267.31
1642,lrange5,1000000,1196210.50
1643,lpush5,1000000,824415.44
1643,lrange5,1000000,1253253.12
1644,lpush5,1000000,825803.50
1644,lrange5,1000000,1278854.25
1645,lpush5,1000000,820502.06
1645,lrange5,1000000,1180750.88
1646,lpush5,1000000,821732.12
1646,lrange5,1000000,1291989.62
1647,lpush5,1000000,823124.25
1647,lrange5,1000000,1261235.88
1648,lpush5,1000000,823762.75
1648,lrange5,1000000,1259466.00
1649,lpush5,1000000,821070.56
1649,lrange5,1000000,1285511.62
1650,lpush5,1000000,838979.81
1650,lrange5,1000000,1261296.38
1651,lpush5,1000000,821758.44
1651,lrange5,1000000,1197796.50
1652,lpush5,1000000,823045.25
1652,lrange5,1000000,1196363.62
1653,lpush5,1000000,825882.75
1653,lrange5,1000000,1287001.25
1654,lpush5,1000000,832119.81
1654,lrange5,1000000,1160130.00
1655,lpush5,1000000,829902.06
1655,lrange5,1000000,1182033.12
1656,lpush5,1000000,828619.69
1656,lrange5,1000000,1197624.00
1657,lpush5,1000000,825975.25
1657,lrange5,1000000,1242534.12
1658,lpush5,1000000,822368.44
1658,lrange5,1000000,1222533.00
1659,lpush5,1000000,825816.69
1659,lrange5,1000000,1250220.00
1660,lpush5,1000000,819171.19
1660,lrange5,1000000,1189269.88
1661,lpush5,1000000,823255.94
1661,lrange5,1000000,1201980.75
1662,lpush5,1000000,826512.38
1662,lrange5,1000000,1248559.25
1663,lpush5,1000000,826512.38
1663,lrange5,1000000,1253173.00
1664,lpush5,1000000,819855.69
1664,lrange5,1000000,1300410.88
1665,lpush5,1000000,819040.19
1665,lrange5,1000000,1191952.38
1666,lpush5,1000000,829253.75
1666,lrange5,1000000,1242275.75
1667,lpush5,1000000,819013.94
1667,lrange5,1000000,1297182.88
1668,lpush5,1000000,823150.62
1668,lrange5,1000000,1218124.25
1669,lpush5,1000000,831946.75
1669,lrange5,1000000,1282051.38
1670,lpush5,1000000,829293.56
1670,lrange5,1000000,1264222.50
1671,lpush5,1000000,823058.44
1671,lrange5,1000000,1205012.12
1672,lpush5,1000000,822381.62
1672,lrange5,1000000,1282112.88
1673,lpush5,1000000,815035.06
1673,lrange5,1000000,1303780.88
1674,lpush5,1000000,823775.94
1674,lrange5,1000000,1193336.50
1675,lpush5,1000000,824415.44
1675,lrange5,1000000,1193527.50
1676,lpush5,1000000,820383.94
1676,lrange5,1000000,1193565.62
1677,lpush5,1000000,823723.25
1677,lrange5,1000000,1262747.50
1678,lpush5,1000000,819777.00
1678,lrange5,1000000,1239177.25
1679,lpush5,1000000,817818.44
1679,lrange5,1000000,1277180.12
1680,lpush5,1000000,825095.69
1680,lrange5,1000000,1287042.50
1681,lpush5,1000000,813669.69
1681,lrange5,1000000,1189288.88
1682,lpush5,1000000,823736.44
1682,lrange5,1000000,1196248.75
1683,lpush5,1000000,820383.94
1683,lrange5,1000000,1287001.25
1684,lpush5,1000000,832732.75
1684,lrange5,1000000,1297224.38
1685,lpush5,1000000,817124.19
1685,lrange5,1000000,1196516.75
1686,lpush5,1000000,827867.56
1686,lrange5,1000000,1192295.62
1687,lpush5,1000000,820357.69
1687,lrange5,1000000,1194800.50
1688,lpush5,1000000,823736.44
1688,lrange5,1000000,1186581.25
1689,lpush5,1000000,819685.25
1689,lrange5,1000000,1216642.25
1690,lpush5,1000000,828540.19
1690,lrange5,1000000,1236212.62
1691,lpush5,1000000,812347.75
1691,lrange5,1000000,1302291.62
1692,lpush5,1000000,828513.69
1692,lrange5,1000000,1264263.00
1693,lpush5,1000000,811701.31
1693,lrange5,1000000,1292134.38
1694,lpush5,1000000,825843.12
1694,lrange5,1000000,1215280.62
1695,lpush5,1000000,823894.56
1695,lrange5,1000000,1194838.75
1696,lpush5,1000000,825948.81
1696,lrange5,1000000,1264384.25
1697,lpush5,1000000,825122.12
1697,lrange5,1000000,1199136.75
1698,lpush5,1000000,823216.44
1698,lrange5,1000000,1288659.75
1699,lpush5,1000000,827867.56
1699,lrange5,1000000,1182165.50
1700,lpush5,1000000,834028.38
1700,lrange5,1000000,1120197.12
1701,lpush5,1000000,823841.88
1701,lrange5,1000000,1237861.38
1702,lpush5,1000000,823058.44
1702,lrange5,1000000,1254725.25
1703,lpush5,1000000,831973.38
1703,lrange5,1000000,1261175.25
1704,lpush5,1000000,829240.50
1704,lrange5,1000000,1197604.88
1705,lpush5,1000000,824428.62
1705,lrange5,1000000,1200672.25
1706,lpush5,1000000,826578.50
1706,lrange5,1000000,1193718.38
1707,lpush5,1000000,827196.06
1707,lrange5,1000000,1265863.25
1708,lpush5,1000000,817713.81
1708,lrange5,1000000,1223990.25
1709,lpush5,1000000,833559.94
1709,lrange5,1000000,1192066.75
1710,lpush5,1000000,823255.94
1710,lrange5,1000000,1282236.00
1711,lpush5,1000000,826472.69
1711,lrange5,1000000,1196459.25
1712,lpush5,1000000,820410.19
1712,lrange5,1000000,1287021.88
1713,lpush5,1000000,825790.25
1713,lrange5,1000000,1240893.25
1714,lpush5,1000000,836994.12
1714,lrange5,1000000,1222630.75
1715,lpush5,1000000,825267.31
1715,lrange5,1000000,1295336.75
1716,lpush5,1000000,825896.00
1716,lrange5,1000000,1257881.75
1717,lpush5,1000000,825095.69
1717,lrange5,1000000,1283758.75
1718,lpush5,1000000,820397.06
1718,lrange5,1000000,1298929.88
1719,lpush5,1000000,827169.56
1719,lrange5,1000000,1200825.88
1720,lpush5,1000000,820344.56
1720,lrange5,1000000,1274089.12
1721,lpush5,1000000,822381.62
1721,lrange5,1000000,1267488.00
1722,lpush5,1000000,821719.00
1722,lrange5,1000000,1277180.12
1723,lpush5,1000000,833373.31
1723,lrange5,1000000,1293868.00
1724,lpush5,1000000,823947.31
1724,lrange5,1000000,1178214.38
1725,lpush5,1000000,832666.12
1725,lrange5,1000000,1234706.12
1726,lpush5,1000000,832053.25
1726,lrange5,1000000,1275673.50
1727,lpush5,1000000,821188.81
1727,lrange5,1000000,1193622.88
1728,lpush5,1000000,821083.69
1728,lrange5,1000000,1194819.62
1729,lpush5,1000000,826565.25
1729,lrange5,1000000,1186353.50
1730,lpush5,1000000,817071.94
1730,lrange5,1000000,1274068.75
1731,lpush5,1000000,830764.12
1731,lrange5,1000000,1197624.00
1732,lpush5,1000000,823736.44
1732,lrange5,1000000,1172539.25
1733,lpush5,1000000,825135.31
1733,lrange5,1000000,1256442.25
1734,lpush5,1000000,822539.50
1734,lrange5,1000000,1288907.12
1735,lpush5,1000000,824415.44
1735,lrange5,1000000,1186410.50
1736,lpush5,1000000,830564.81
1736,lrange5,1000000,1292010.38
1737,lpush5,1000000,822526.31
1737,lrange5,1000000,1203754.50
1738,lpush5,1000000,819131.88
1738,lrange5,1000000,1173840.38
1739,lpush5,1000000,821188.81
1739,lrange5,1000000,1190685.75
1740,lpush5,1000000,831308.44
1740,lrange5,1000000,1222493.88
1741,lpush5,1000000,820357.69
1741,lrange5,1000000,1295523.25
1742,lpush5,1000000,826459.50
1742,lrange5,1000000,1237623.75
1743,lpush5,1000000,825188.12
1743,lrange5,1000000,1184947.88
1744,lpush5,1000000,821031.19
1744,lrange5,1000000,1131221.75
1745,lpush5,1000000,821692.69
1745,lrange5,1000000,1292237.75
1746,lpush5,1000000,835582.25
1746,lrange5,1000000,1210653.75
1747,lpush5,1000000,831268.50
1747,lrange5,1000000,1267508.25
1748,lpush5,1000000,821758.44
1748,lrange5,1000000,1183564.50
1749,lpush5,1000000,829888.75
1749,lrange5,1000000,1288762.88
1750,lpush5,1000000,821018.00
1750,lrange5,1000000,1295564.75
1751,lpush5,1000000,824402.25
1751,lrange5,1000000,1290425.88
1752,lpush5,1000000,824455.00
1752,lrange5,1000000,1270688.75
1753,lpush5,1000000,819855.69
1753,lrange5,1000000,1267609.62
1754,lpush5,1000000,826538.81
1754,lrange5,1000000,1248659.12
1755,lpush5,1000000,828526.94
1755,lrange5,1000000,1290343.25
1756,lpush5,1000000,830617.94
1756,lrange5,1000000,1245369.88
1757,lpush5,1000000,825174.94
1757,lrange5,1000000,1272305.38
1758,lpush5,1000000,825922.38
1758,lrange5,1000000,1280471.12
1759,lpush5,1000000,823150.62
1759,lrange5,1000000,1196191.38
1760,lpush5,1000000,823097.94
1760,lrange5,1000000,1212218.25
1761,lpush5,1000000,825240.94
1761,lrange5,1000000,1250080.00
1762,lpush5,1000000,825122.12
1762,lrange5,1000000,1243880.62
1763,lpush5,1000000,815699.88
1763,lrange5,1000000,1210673.12
1764,lpush5,1000000,820488.94
1764,lrange5,1000000,1298909.12
1765,lpush5,1000000,822421.06
1765,lrange5,1000000,1200576.25
1766,lpush5,1000000,825763.88
1766,lrange5,1000000,1298846.75
1767,lpush5,1000000,825254.12
1767,lrange5,1000000,1282112.88
1768,lpush5,1000000,829928.62
1768,lrange5,1000000,1275530.62
1769,lpush5,1000000,816391.81
1769,lrange5,1000000,1196459.25
1770,lpush5,1000000,824415.44
1770,lrange5,1000000,1231763.62
1771,lpush5,1000000,817006.56
1771,lrange5,1000000,1194857.75
1772,lpush5,1000000,829187.44
1772,lrange5,1000000,1199328.50
1773,lpush5,1000000,821784.69
1773,lrange5,1000000,1277343.62
1774,lpush5,1000000,828553.44
1774,lrange5,1000000,1297058.38
1775,lpush5,1000000,815152.38
1775,lrange5,1000000,1193489.25
1776,lpush5,1000000,825816.69
1776,lrange5,1000000,1273926.12
1777,lpush5,1000000,827341.62
1777,lrange5,1000000,1290487.75
1778,lpush5,1000000,825909.19
1778,lrange5,1000000,1273905.75
1779,lpush5,1000000,820449.56
1779,lrange5,1000000,1259466.00
1780,lpush5,1000000,825174.94
1780,lrange5,1000000,1200672.25
1781,lpush5,1000000,821031.19
1781,lrange5,1000000,1290322.62
1782,lpush5,1000000,832839.31
1782,lrange5,1000000,1300473.38
1783,lpush5,1000000,825948.81
1783,lrange5,1000000,1189460.12
1784,lpush5,1000000,829306.81
1784,lrange5,1000000,1295378.25
1785,lpush5,1000000,821018.00
1785,lrange5,1000000,1187800.50
1786,lpush5,1000000,825254.12
1786,lrange5,1000000,1261094.62
1787,lpush5,1000000,821083.69
1787,lrange5,1000000,1186486.38
1788,lpush5,1000000,829928.62
1788,lrange5,1000000,1278833.75
1789,lpush5,1000000,822394.75
1789,lrange5,1000000,1242255.88
1790,lpush5,1000000,818343.69
1790,lrange5,1000000,1298722.12
1791,lpush5,1000000,823150.62
1791,lrange5,1000000,1298722.12
1792,lpush5,1000000,827129.88
1792,lrange5,1000000,1240873.50
1793,lpush5,1000000,827182.81
1793,lrange5,1000000,1195029.88
1794,lpush5,1000000,825803.50
1794,lrange5,1000000,1264283.12
1795,lpush5,1000000,822592.12
1795,lrange5,1000000,1190590.50
1796,lpush5,1000000,823137.44
1796,lrange5,1000000,1113603.50
1797,lpush5,1000000,825082.50
1797,lrange5,1000000,1191895.12
1798,lpush5,1000000,825240.94
1798,lrange5,1000000,1193603.88
1799,lpush5,1000000,824468.25
1799,lrange5,1000000,1290467.12
1800,lpush5,1000000,820344.56
1800,lrange5,1000000,1259647.25
1801,lpush5,1000000,827129.88
1801,lrange5,1000000,1248519.38
1802,lpush5,1000000,832079.88
1802,lrange5,1000000,1193508.38
1803,lpush5,1000000,822421.06
1803,lrange5,1000000,1179358.50
1804,lpush5,1000000,821031.19
1804,lrange5,1000000,1243781.12
1805,lpush5,1000000,834201.81
1805,lrange5,1000000,1257881.75
1806,lpush5,1000000,821692.69
1806,lrange5,1000000,1196172.25
1807,lpush5,1000000,815061.12
1807,lrange5,1000000,1257982.38
1808,lpush5,1000000,825293.75
1808,lrange5,1000000,1257962.25
1809,lpush5,1000000,820541.44
1809,lrange5,1000000,1206446.38
1810,lpush5,1000000,819027.06
1810,lrange5,1000000,1195163.62
1811,lpush5,1000000,834764.62
1811,lrange5,1000000,1242236.00
1812,lpush5,1000000,816417.94
1812,lrange5,1000000,1285511.62
1813,lpush5,1000000,818356.81
1813,lrange5,1000000,1228520.88
1814,lpush5,1000000,819672.12
1814,lrange5,1000000,1248499.38
1815,lpush5,1000000,829373.12
1815,lrange5,1000000,1305545.75
1816,lpush5,1000000,822513.19
1816,lrange5,1000000,1254765.38
1817,lpush5,1000000,822421.06
1817,lrange5,1000000,1300577.38
1818,lpush5,1000000,828566.69
1818,lrange5,1000000,1253313.38
1819,lpush5,1000000,829359.88
1819,lrange5,1000000,1197604.88
1820,lpush5,1000000,821837.31
1820,lrange5,1000000,1164144.38
1821,lpush5,1000000,825188.12
1821,lrange5,1000000,1199232.62
1822,lpush5,1000000,817779.19
1822,lrange5,1000000,1293806.00
1823,lpush5,1000000,824481.44
1823,lrange5,1000000,1201961.50
1824,lpush5,1000000,823176.94
1824,lrange5,1000000,1205185.62
1825,lpush5,1000000,825320.12
1825,lrange5,1000000,1293661.00
1826,lpush5,1000000,821188.81
1826,lrange5,1000000,1191990.50
1827,lpush5,1000000,826499.12
1827,lrange5,1000000,1193737.50
1828,lpush5,1000000,818330.62
1828,lrange5,1000000,1200806.75
1829,lpush5,1000000,817857.69
1829,lrange5,1000000,1197853.88
1830,lpush5,1000000,820554.56
1830,lrange5,1000000,1201980.75
1831,lpush5,1000000,819197.44
1831,lrange5,1000000,1218202.25
1832,lpush5,1000000,827156.31
1832,lrange5,1000000,1236173.00
1833,lpush5,1000000,826446.25
1833,lrange5,1000000,1250160.00
1834,lpush5,1000000,822381.62
1834,lrange5,1000000,1297162.12
1835,lpush5,1000000,821044.31
1835,lrange5,1000000,1297203.62
1836,lpush5,1000000,825188.12
1836,lrange5,1000000,1272346.00
1837,lpush5,1000000,815739.00
1837,lrange5,1000000,1240952.88
1838,lpush5,1000000,825135.31
1838,lrange5,1000000,1245449.62
1839,lpush5,1000000,819895.06
1839,lrange5,1000000,1245369.88
1840,lpush5,1000000,828513.69
1840,lrange5,1000000,1234627.12
1841,lpush5,1000000,821705.81
1841,lrange5,1000000,1293681.75
1842,lpush5,1000000,824560.56
1842,lrange5,1000000,1300577.38
1843,lpush5,1000000,825188.12
1843,lrange5,1000000,1189288.88
1844,lpush5,1000000,824481.44
1844,lrange5,1000000,1303801.75
1845,lpush5,1000000,826552.06
1845,lrange5,1000000,1195144.50
1846,lpush5,1000000,819158.12
1846,lrange5,1000000,1198026.38
1847,lpush5,1000000,823216.44
1847,lrange5,1000000,1288762.88
1848,lpush5,1000000,821732.12
1848,lrange5,1000000,1240714.62
1849,lpush5,1000000,826671.06
1849,lrange5,1000000,883547.75
1850,lpush5,1000000,757624.19
1850,lrange5,1000000,1288886.50
1851,lpush5,1000000,826446.25
1851,lrange5,1000000,1230012.25
1852,lpush5,1000000,829941.88
1852,lrange5,1000000,1302145.88
1853,lpush5,1000000,823058.44
1853,lrange5,1000000,1225686.25
1854,lpush5,1000000,823111.06
1854,lrange5,1000000,1278813.25
1855,lpush5,1000000,818500.81
1855,lrange5,1000000,1199328.50
1856,lpush5,1000000,822460.56
1856,lrange5,1000000,1074457.62
1857,lpush5,1000000,825763.88
1857,lrange5,1000000,1257901.88
1858,lpush5,1000000,823894.56
1858,lrange5,1000000,1250060.00
1859,lpush5,1000000,822552.69
1859,lrange5,1000000,1202019.25
1860,lpush5,1000000,829941.88
1860,lrange5,1000000,1272386.75
1861,lpush5,1000000,827854.31
1861,lrange5,1000000,1290405.25
1862,lpush5,1000000,828513.69
1862,lrange5,1000000,1297079.12
1863,lpush5,1000000,824441.81
1863,lrange5,1000000,1206291.88
1864,lpush5,1000000,768639.50
1864,lrange5,1000000,1202192.25
1865,lpush5,1000000,825935.62
1865,lrange5,1000000,1202134.62
1866,lpush5,1000000,817111.12
1866,lrange5,1000000,1231625.62
1867,lpush5,1000000,828659.50
1867,lrange5,1000000,1196459.25
1868,lpush5,1000000,818435.38
1868,lrange5,1000000,1193622.88
1869,lpush5,1000000,829981.69
1869,lrange5,1000000,1221059.88
1870,lpush5,1000000,824613.31
1870,lrange5,1000000,1199347.75
1871,lpush5,1000000,817006.56
1871,lrange5,1000000,1245549.25
1872,lpush5,1000000,824455.00
1872,lrange5,1000000,1193470.12
1873,lpush5,1000000,821057.44
1873,lrange5,1000000,1175276.12
1874,lpush5,1000000,823920.94
1874,lrange5,1000000,1192219.38
1875,lpush5,1000000,823097.94
1875,lrange5,1000000,1190762.00
1876,lpush5,1000000,825082.50
1876,lrange5,1000000,832706.12
1877,lpush5,1000000,730067.12
1877,lrange5,1000000,1192333.75
1878,lpush5,1000000,833519.94
1878,lrange5,1000000,1288701.00
1879,lpush5,1000000,825816.69
1879,lrange5,1000000,1036451.81
1880,lpush5,1000000,511108.84
1880,lrange5,1000000,823111.06
1881,lpush5,1000000,696975.62
1881,lrange5,1000000,1261074.38
1882,lpush5,1000000,817215.69
1882,lrange5,1000000,1295336.75
1883,lpush5,1000000,817032.69
1883,lrange5,1000000,1280573.62
1884,lpush5,1000000,825095.69
1884,lrange5,1000000,1287207.25
1885,lpush5,1000000,824521.00
1885,lrange5,1000000,1300577.38
1886,lpush5,1000000,819672.12
1886,lrange5,1000000,1302083.38
1887,lpush5,1000000,817700.69
1887,lrange5,1000000,1282112.88
1888,lpush5,1000000,820344.56
1888,lrange5,1000000,1196229.62
1889,lpush5,1000000,821215.06
1889,lrange5,1000000,1204819.25
1890,lpush5,1000000,817674.56
1890,lrange5,1000000,1248519.38
1891,lpush5,1000000,821850.44
1891,lrange5,1000000,1302125.00
1892,lpush5,1000000,821850.44
1892,lrange5,1000000,1256281.38
1893,lpush5,1000000,816535.50
1893,lrange5,1000000,1189079.62
1894,lpush5,1000000,825148.50
1894,lrange5,1000000,1248898.88
1895,lpush5,1000000,818330.62
1895,lrange5,1000000,1193584.75
1896,lpush5,1000000,833386.62
1896,lrange5,1000000,1196306.12
1897,lpush5,1000000,814995.94
1897,lrange5,1000000,1173746.50
1898,lpush5,1000000,636608.56
1898,lrange5,1000000,1292113.75
1899,lpush5,1000000,821876.75
1899,lrange5,1000000,1196555.00
1900,lpush5,1000000,827182.81
1900,lrange5,1000000,1277221.00
1901,lpush5,1000000,819737.69
1901,lrange5,1000000,1298784.50
1902,lpush5,1000000,817674.56
1902,lrange5,1000000,1213631.12
1903,lpush5,1000000,822434.25
1903,lrange5,1000000,1298888.38
1904,lpush5,1000000,825240.94
1904,lrange5,1000000,1197681.50
1905,lpush5,1000000,817124.19
1905,lrange5,1000000,1202134.62
1906,lpush5,1000000,823762.75
1906,lrange5,1000000,1181034.25
1907,lpush5,1000000,826618.12
1907,lrange5,1000000,1246922.75
1908,lpush5,1000000,817163.44
1908,lrange5,1000000,1187990.50
1909,lpush5,1000000,821732.12
1909,lrange5,1000000,1280450.62
1910,lpush5,1000000,820397.06
1910,lrange5,1000000,1242275.75
1911,lpush5,1000000,822460.56
1911,lrange5,1000000,1300452.50
1912,lpush5,1000000,816535.50
1912,lrange5,1000000,1273905.75
1913,lpush5,1000000,829187.44
1913,lrange5,1000000,1181015.38
1914,lpush5,1000000,824494.62
1914,lrange5,1000000,1275551.00
1915,lpush5,1000000,823150.62
1915,lrange5,1000000,1198026.38
1916,lpush5,1000000,823762.75
1916,lrange5,1000000,1297120.62
1917,lpush5,1000000,824455.00
1917,lrange5,1000000,1245369.88
1918,lpush5,1000000,815660.69
1918,lrange5,1000000,1297016.88
1919,lpush5,1000000,822552.69
1919,lrange5,1000000,1261034.12
1920,lpush5,1000000,821215.06
1920,lrange5,1000000,1256281.38
1921,lpush5,1000000,820567.69
1921,lrange5,1000000,1293702.50
1922,lpush5,1000000,825293.75
1922,lrange5,1000000,1197739.00
1923,lpush5,1000000,824441.81
1923,lrange5,1000000,1302208.38
1924,lpush5,1000000,820410.19
1924,lrange5,1000000,1303989.50
1925,lpush5,1000000,813682.69
1925,lrange5,1000000,1266025.25
1926,lpush5,1000000,830034.81
1926,lrange5,1000000,1303947.88
1927,lpush5,1000000,823723.25
1927,lrange5,1000000,1302291.62
1928,lpush5,1000000,822473.69
1928,lrange5,1000000,1200806.75
1929,lpush5,1000000,820515.19
1929,lrange5,1000000,1231743.88
1930,lpush5,1000000,823762.75
1930,lrange5,1000000,1292031.00
1931,lpush5,1000000,823907.75
1931,lrange5,1000000,1282174.38
1932,lpush5,1000000,823111.06
1932,lrange5,1000000,1180807.50
1933,lpush5,1000000,835528.81
1933,lrange5,1000000,1205050.62
1934,lpush5,1000000,822447.38
1934,lrange5,1000000,1253193.00
1935,lpush5,1000000,817766.12
1935,lrange5,1000000,1298846.75
1936,lpush5,1000000,832692.75
1936,lrange5,1000000,1288824.75
1937,lpush5,1000000,819040.19
1937,lrange5,1000000,1277159.62
1938,lpush5,1000000,819763.94
1938,lrange5,1000000,1298784.50
1939,lpush5,1000000,824415.44
1939,lrange5,1000000,1292113.75
1940,lpush5,1000000,820567.69
1940,lrange5,1000000,1280409.75
1941,lpush5,1000000,824507.81
1941,lrange5,1000000,837614.75
1942,lpush5,1000000,649402.62
1942,lrange5,1000000,1193508.38
1943,lpush5,1000000,832826.00
1943,lrange5,1000000,1295502.62
1944,lpush5,1000000,823216.44
1944,lrange5,1000000,1288701.00
1945,lpush5,1000000,831255.25
1945,lrange5,1000000,1172483.00
1946,lpush5,1000000,819724.56
1946,lrange5,1000000,1230130.38
1947,lpush5,1000000,827854.31
1947,lrange5,1000000,1287104.25
1948,lpush5,1000000,820357.69
1948,lrange5,1000000,1282153.88
1949,lpush5,1000000,829187.44
1949,lrange5,1000000,1190838.12
1950,lpush5,1000000,824534.19
1950,lrange5,1000000,1192066.75
1951,lpush5,1000000,827907.31
1951,lrange5,1000000,1290384.50
1952,lpush5,1000000,824507.81
1952,lrange5,1000000,1189498.12
1953,lpush5,1000000,829267.00
1953,lrange5,1000000,1288659.75
1954,lpush5,1000000,821903.06
1954,lrange5,1000000,1272366.38
1955,lpush5,1000000,827169.56
1955,lrange5,1000000,1239177.25
1956,lpush5,1000000,826578.50
1956,lrange5,1000000,1280450.62
1957,lpush5,1000000,826538.81
1957,lrange5,1000000,1190895.25
1958,lpush5,1000000,823789.12
1958,lrange5,1000000,1295481.88
1959,lpush5,1000000,823097.94
1959,lrange5,1000000,1242275.75
1960,lpush5,1000000,827814.62
1960,lrange5,1000000,1250060.00
1961,lpush5,1000000,822434.25
1961,lrange5,1000000,1210905.62
1962,lpush5,1000000,823762.75
1962,lrange5,1000000,1300410.88
1963,lpush5,1000000,822381.62
1963,lrange5,1000000,1297016.88
1964,lpush5,1000000,827209.25
1964,lrange5,1000000,1298909.12
1965,lpush5,1000000,817713.81
1965,lrange5,1000000,1277302.75
1966,lpush5,1000000,823045.25
1966,lrange5,1000000,1186296.62
1967,lpush5,1000000,818422.25
1967,lrange5,1000000,1176658.75
1968,lpush5,1000000,827328.38
1968,lrange5,1000000,1297016.88
1969,lpush5,1000000,827196.06
1969,lrange5,1000000,1196401.88
1970,lpush5,1000000,823855.06
1970,lrange5,1000000,1251624.50
1971,lpush5,1000000,818396.06
1971,lrange5,1000000,1190876.25
1972,lpush5,1000000,822407.94
1972,lrange5,1000000,1176696.50
1973,lpush5,1000000,817831.50
1973,lrange5,1000000,1300390.12
1974,lpush5,1000000,832026.62
1974,lrange5,1000000,1182354.62
1975,lpush5,1000000,821745.25
1975,lrange5,1000000,1190552.38
1976,lpush5,1000000,822447.38
1976,lrange5,1000000,1197892.25
1977,lpush5,1000000,816365.69
1977,lrange5,1000000,784464.31
1978,lpush5,1000000,709768.62
1978,lrange5,1000000,1273885.25
1979,lpush5,1000000,823097.94
1979,lrange5,1000000,1197681.50
1980,lpush5,1000000,830578.06
1980,lrange5,1000000,1200518.62
1981,lpush5,1000000,825763.88
1981,lrange5,1000000,1171260.00
1982,lpush5,1000000,821201.94
1982,lrange5,1000000,1278792.88
1983,lpush5,1000000,821719.00
1983,lrange5,1000000,1253253.12
1984,lpush5,1000000,826618.12
1984,lrange5,1000000,1267447.50
1985,lpush5,1000000,825777.06
1985,lrange5,1000000,1298888.38
1986,lpush5,1000000,825962.06
1986,lrange5,1000000,1182316.75
1987,lpush5,1000000,822381.62
1987,lrange5,1000000,1173727.75
1988,lpush5,1000000,821083.69
1988,lrange5,1000000,1297162.12
1989,lpush5,1000000,825777.06
1989,lrange5,1000000,1302083.38
1990,lpush5,1000000,821863.62
1990,lrange5,1000000,1194762.25
1991,lpush5,1000000,821732.12
1991,lrange5,1000000,1172408.00
1992,lpush5,1000000,821705.81
1992,lrange5,1000000,1295378.25
1993,lpush5,1000000,833559.94
1993,lrange5,1000000,1173784.00
1994,lpush5,1000000,820357.69
1994,lrange5,1000000,1195163.62
1995,lpush5,1000000,834844.75
1995,lrange5,1000000,1190819.12
1996,lpush5,1000000,821797.88
1996,lrange5,1000000,1193355.62
1997,lpush5,1000000,828659.50
1997,lrange5,1000000,1240873.50
1998,lpush5,1000000,825135.31
1998,lrange5,1000000,1283717.62
1999,lpush5,1000000,826644.62
1999,lrange5,1000000,1300431.75
2000,lpush5,1000000,828500.38
2000,lrange5,1000000,1189136.75
