trial,operation,requests,rps
1,lpush5,1000000,701855.44
1,lrange5,1000000,1250040.00
2,lpush5,1000000,821771.56
2,lrange5,1000000,1270668.38
3,lpush5,1000000,830578.06
3,lrange5,1000000,1259526.38
4,lpush5,1000000,823855.06
4,lrange5,1000000,1190781.00
5,lpush5,1000000,818343.69
5,lrange5,1000000,1202211.50
6,lpush5,1000000,822421.06
6,lrange5,1000000,1202269.25
7,lpush5,1000000,825227.69
7,lrange5,1000000,1202307.62
8,lpush5,1000000,825777.06
8,lrange5,1000000,1282236.00
9,lpush5,1000000,823097.94
9,lrange5,1000000,1215086.25
10,lpush5,1000000,828553.44
10,lrange5,1000000,1258022.62
11,lpush5,1000000,825135.31
11,lrange5,1000000,1267589.38
12,lpush5,1000000,823789.12
12,lrange5,1000000,1297099.88
13,lpush5,1000000,818527.00
13,lrange5,1000000,1254725.25
14,lpush5,1000000,828026.50
14,lrange5,1000000,1062801.25
15,lpush5,1000000,823190.12
15,lrange5,1000000,1288866.00
16,lpush5,1000000,828553.44
16,lrange5,1000000,1179471.75
17,lpush5,1000000,827827.88
17,lrange5,1000000,1262808.12
18,lpush5,1000000,820488.94
18,lrange5,1000000,1277221.00
19,lpush5,1000000,821175.69
19,lrange5,1000000,1199079.12
20,lpush5,1000000,819881.94
20,lrange5,1000000,1258264.12
21,lpush5,1000000,826459.50
21,lrange5,1000000,1259546.50
22,lpush5,1000000,816535.50
22,lrange5,1000000,1272427.50
23,lpush5,1000000,817870.75
23,lrange5,1000000,1254905.88
24,lpush5,1000000,815139.38
24,lrange5,1000000,1287063.00
25,lpush5,1000000,821175.69
25,lrange5,1000000,1273885.25
26,lpush5,1000000,829373.12
26,lrange5,1000000,1221040.25
27,lpush5,1000000,821083.69
27,lrange5,1000000,1272325.62
28,lpush5,1000000,828026.50
28,lrange5,1000000,1196497.62
29,lpush5,1000000,823084.75
29,lrange5,1000000,1207748.75
30,lpush5,1000000,825174.94
30,lrange5,1000000,1256321.62
31,lpush5,1000000,811042.94
31,lrange5,1000000,1234587.62
32,lpush5,1000000,838343.69
32,lrange5,1000000,1248659.12
33,lpush5,1000000,817124.19
33,lrange5,1000000,1242395.00
34,lpush5,1000000,810372.81
34,lrange5,1000000,1275551.00
35,lpush5,1000000,813086.19
35,lrange5,1000000,1264323.62
36,lpush5,1000000,823045.25
36,lrange5,1000000,1187667.50
37,lpush5,1000000,818448.44
37,lrange5,1000000,1237663.38
38,lpush5,1000000,825161.69
38,lrange5,1000000,1204973.50
39,lpush5,1000000,814397.38
39,lrange5,1000000,1248519.38
40,lpush5,1000000,811107.81
40,lrange5,1000000,1250140.00
41,lpush5,1000000,822539.50
41,lrange5,1000000,1195125.38
42,lpush5,1000000,825935.62
42,lrange5,1000000,1234607.38
43,lpush5,1000000,823934.12
43,lrange5,1000000,1196248.75
44,lpush5,1000000,827182.81
44,lrange5,1000000,1261034.12
45,lpush5,1000000,815673.75
45,lrange5,1000000,1189098.62
46,lpush5,1000000,832826.00
46,lrange5,1000000,1272285.00
47,lpush5,1000000,819908.19
47,lrange5,1000000,1236311.50
48,lpush5,1000000,833386.62
48,lrange5,1000000,1234765.38
49,lpush5,1000000,817085.00
49,lrange5,1000000,1290343.25
50,lpush5,1000000,833439.94
50,lrange5,1000000,1183867.38
51,lpush5,1000000,831946.75
51,lrange5,1000000,1275551.00
52,lpush5,1000000,821254.50
52,lrange5,1000000,1262787.88
53,lpush5,1000000,820528.31
53,lrange5,1000000,1262646.50
54,lpush5,1000000,827262.19
54,lrange5,1000000,1270688.75
55,lpush5,1000000,815739.00
55,lrange5,1000000,1199213.50
56,lpush5,1000000,827920.56
56,lrange5,1000000,1196325.38
57,lpush5,1000000,829941.88
57,lrange5,1000000,1209286.50
58,lpush5,1000000,832786.00
58,lrange5,1000000,1189308.00
59,lpush5,1000000,827986.81
59,lrange5,1000000,1269116.75
60,lpush5,1000000,832039.94
60,lrange5,1000000,1199117.50
61,lpush5,1000000,826485.94
61,lrange5,1000000,1272305.38
62,lpush5,1000000,823723.25
62,lrange5,1000000,1270688.75
63,lpush5,1000000,827196.06
63,lrange5,1000000,1272264.62
64,lpush5,1000000,819829.50
64,lrange5,1000000,1282051.38
65,lpush5,1000000,831268.50
65,lrange5,1000000,1272264.62
66,lpush5,1000000,826578.50
66,lrange5,1000000,1278895.12
67,lpush5,1000000,815778.19
67,lrange5,1000000,1225588.25
68,lpush5,1000000,829941.88
68,lrange5,1000000,1160297.00
69,lpush5,1000000,827129.88
69,lrange5,1000000,1292113.75
70,lpush5,1000000,826538.81
70,lrange5,1000000,1287001.25
71,lpush5,1000000,818474.62
71,lrange5,1000000,1236173.00
72,lpush5,1000000,823045.25
72,lrange5,1000000,1272264.62
73,lpush5,1000000,826485.94
73,lrange5,1000000,1192200.25
74,lpush5,1000000,816378.75
74,lrange5,1000000,1187857.50
75,lpush5,1000000,823045.25
75,lrange5,1000000,1227111.62
76,lpush5,1000000,814566.75
76,lrange5,1000000,1272285.00
77,lpush5,1000000,823229.62
77,lrange5,1000000,1234587.62
78,lpush5,1000000,822381.62
78,lrange5,1000000,1272285.00
79,lpush5,1000000,825254.12
79,lrange5,1000000,1290405.25
80,lpush5,1000000,823815.50
80,lrange5,1000000,1283758.75
81,lpush5,1000000,813721.75
81,lrange5,1000000,1200595.38
82,lpush5,1000000,836120.44
82,lrange5,1000000,1200883.50
83,lpush5,1000000,816365.69
83,lrange5,1000000,1275530.62
84,lpush5,1000000,819724.56
84,lrange5,1000000,1250180.00
85,lpush5,1000000,814540.69
85,lrange5,1000000,1266005.00
86,lpush5,1000000,819040.19
86,lrange5,1000000,1198007.25
87,lpush5,1000000,816339.56
87,lrange5,1000000,1190552.38
88,lpush5,1000000,812386.69
88,lrange5,1000000,1192124.00
89,lpush5,1000000,823163.75
89,lrange5,1000000,1256442.25
90,lpush5,1000000,820554.56
90,lrange5,1000000,1290384.50
91,lpush5,1000000,825293.75
91,lrange5,1000000,1270709.00
92,lpush5,1000000,822565.81
92,lrange5,1000000,1261235.88
93,lpush5,1000000,827907.31
93,lrange5,1000000,1183848.50
94,lpush5,1000000,818383.00
94,lrange5,1000000,1209305.88
95,lpush5,1000000,823736.44
95,lrange5,1000000,1280614.62
96,lpush5,1000000,817883.88
96,lrange5,1000000,1179547.12
97,lpush5,1000000,825816.69
97,lrange5,1000000,1272325.62
98,lpush5,1000000,829346.62
98,lrange5,1000000,1290529.12
99,lpush5,1000000,819750.81
99,lrange5,1000000,1205166.25
100,lpush5,1000000,825122.12
100,lrange5,1000000,1203485.00
101,lpush5,1000000,821758.44
101,lrange5,1000000,1189250.88
102,lpush5,1000000,823775.94
102,lrange5,1000000,1215125.12
103,lpush5,1000000,815139.38
103,lrange5,1000000,1265924.00
104,lpush5,1000000,817058.81
104,lrange5,1000000,1262727.25
105,lpush5,1000000,827341.62
105,lrange5,1000000,1199098.38
106,lpush5,1000000,825293.75
106,lrange5,1000000,1288680.38
107,lpush5,1000000,827182.81
107,lrange5,1000000,1273885.25
108,lpush5,1000000,817085.00
108,lrange5,1000000,1295378.25
109,lpush5,1000000,821811.00
109,lrange5,1000000,1275530.62
110,lpush5,1000000,818474.62
110,lrange5,1000000,1282051.38
111,lpush5,1000000,813734.75
111,lrange5,1000000,1202096.12
112,lpush5,1000000,827341.62
112,lrange5,1000000,1206272.62
113,lpush5,1000000,827867.56
113,lrange5,1000000,1269137.12
114,lpush5,1000000,826591.69
114,lrange5,1000000,1292155.00
115,lpush5,1000000,821797.88
115,lrange5,1000000,1250020.00
116,lpush5,1000000,821083.69
116,lrange5,1000000,1290446.50
117,lpush5,1000000,819027.06
117,lrange5,1000000,1237801.88
118,lpush5,1000000,824521.00
118,lrange5,1000000,1282112.88
119,lpush5,1000000,818435.38
119,lrange5,1000000,1257901.88
120,lpush5,1000000,833346.62
120,lrange5,1000000,1290529.12
121,lpush5,1000000,819040.19
121,lrange5,1000000,1290405.25
122,lpush5,1000000,823920.94
122,lrange5,1000000,1202192.25
123,lpush5,1000000,814579.75
123,lrange5,1000000,1194972.50
124,lpush5,1000000,829875.50
124,lrange5,1000000,1239216.88
125,lpush5,1000000,821057.44
125,lrange5,1000000,1183602.38
126,lpush5,1000000,826591.69
126,lrange5,1000000,1292196.38
127,lpush5,1000000,827129.88
127,lrange5,1000000,1254705.12
128,lpush5,1000000,829213.94
128,lrange5,1000000,1135237.25
129,lpush5,1000000,819724.56
129,lrange5,1000000,1285367.62
130,lpush5,1000000,825108.88
130,lrange5,1000000,1275632.62
131,lpush5,1000000,821031.19
131,lrange5,1000000,1237782.12
132,lpush5,1000000,824402.25
132,lrange5,1000000,1285347.00
133,lpush5,1000000,833373.31
133,lrange5,1000000,1199213.50
134,lpush5,1000000,823282.31
134,lrange5,1000000,1282112.88
135,lpush5,1000000,827182.81
135,lrange5,1000000,1283820.25
136,lpush5,1000000,828513.69
136,lrange5,1000000,1230130.38
137,lpush5,1000000,823111.06
137,lrange5,1000000,1270668.38
138,lpush5,1000000,835435.25
138,lrange5,1000000,1188066.50
139,lpush5,1000000,828566.69
139,lrange5,1000000,1283779.25
140,lpush5,1000000,827867.56
140,lrange5,1000000,1287063.00
141,lpush5,1000000,822579.00
141,lrange5,1000000,1202250.00
142,lpush5,1000000,832812.69
142,lrange5,1000000,1254785.50
143,lpush5,1000000,821018.00
143,lrange5,1000000,1243860.62
144,lpush5,1000000,834844.75
144,lrange5,1000000,1187819.50
145,lpush5,1000000,829240.50
145,lrange5,1000000,1272325.62
146,lpush5,1000000,830021.56
146,lrange5,1000000,1187762.50
147,lpush5,1000000,826446.25
147,lrange5,1000000,1185251.25
148,lpush5,1000000,821201.94
148,lrange5,1000000,1251664.50
149,lpush5,1000000,829280.31
149,lrange5,1000000,1191895.12
150,lpush5,1000000,823723.25
150,lrange5,1000000,1266005.00
151,lpush5,1000000,827209.25
151,lrange5,1000000,1200614.62
152,lpush5,1000000,823203.25
152,lrange5,1000000,1264303.38
153,lpush5,1000000,827841.12
153,lrange5,1000000,1199424.50
154,lpush5,1000000,827814.62
154,lrange5,1000000,1201961.50
155,lpush5,1000000,819158.12
155,lrange5,1000000,1201923.00
156,lpush5,1000000,825856.31
156,lrange5,1000000,1273987.25
157,lpush5,1000000,822486.88
157,lrange5,1000000,1221157.50
158,lpush5,1000000,827814.62
158,lrange5,1000000,1195087.25
159,lpush5,1000000,820554.56
159,lrange5,1000000,1288824.75
160,lpush5,1000000,825790.25
160,lrange5,1000000,1254705.12
161,lpush5,1000000,835435.25
161,lrange5,1000000,1273905.75
162,lpush5,1000000,819053.25
162,lrange5,1000000,1257922.00
163,lpush5,1000000,819777.00
163,lrange5,1000000,1200653.00
164,lpush5,1000000,823111.06
164,lrange5,1000000,1179264.12
165,lpush5,1000000,823111.06
165,lrange5,1000000,1293785.25
166,lpush5,1000000,823216.44
166,lrange5,1000000,1287063.00
167,lpush5,1000000,818461.56
167,lrange5,1000000,1262626.25
168,lpush5,1000000,820370.81
168,lrange5,1000000,1290343.25
169,lpush5,1000000,834121.75
169,lrange5,1000000,1292051.75
170,lpush5,1000000,833559.94
170,lrange5,1000000,1274048.38
171,lpush5,1000000,826485.94
171,lrange5,1000000,1277139.25
172,lpush5,1000000,823163.75
172,lrange5,1000000,1209344.62
173,lpush5,1000000,827867.56
173,lrange5,1000000,1227092.00
174,lpush5,1000000,832013.31
174,lrange5,1000000,1234785.12
175,lpush5,1000000,819027.06
175,lrange5,1000000,1272305.38
176,lpush5,1000000,823881.38
176,lrange5,1000000,1202057.62
177,lpush5,1000000,817870.75
177,lrange5,1000000,1248619.25
178,lpush5,1000000,820462.69
178,lrange5,1000000,1273946.50
179,lpush5,1000000,822421.06
179,lrange5,1000000,1200825.88
180,lpush5,1000000,817713.81
180,lrange5,1000000,1278936.00
181,lpush5,1000000,839832.06
181,lrange5,1000000,1275612.25
182,lpush5,1000000,834201.81
182,lrange5,1000000,1250040.00
183,lpush5,1000000,825135.31
183,lrange5,1000000,1243820.88
184,lpush5,1000000,834804.69
184,lrange5,1000000,1206349.88
185,lpush5,1000000,823723.25
185,lrange5,1000000,1295502.62
186,lpush5,1000000,823723.25
186,lrange5,1000000,1285367.62
187,lpush5,1000000,830644.50
187,lrange5,1000000,1292155.00
188,lpush5,1000000,825922.38
188,lrange5,1000000,1243860.62
189,lpush5,1000000,821162.50
189,lrange5,1000000,1243781.12
190,lpush5,1000000,827169.56
190,lrange5,1000000,1251704.62
191,lpush5,1000000,827880.81
191,lrange5,1000000,1248599.25
192,lpush5,1000000,827867.56
192,lrange5,1000000,1275510.25
193,lpush5,1000000,823762.75
193,lrange5,1000000,1277323.12
194,lpush5,1000000,824455.00
194,lrange5,1000000,1290363.88
195,lpush5,1000000,828540.19
195,lrange5,1000000,1261135.00
196,lpush5,1000000,824415.44
196,lrange5,1000000,1184891.00
197,lpush5,1000000,824428.62
197,lrange5,1000000,1277139.25
198,lpush5,1000000,825135.31
198,lrange5,1000000,1256341.75
199,lpush5,1000000,823137.44
199,lrange5,1000000,1278833.75
200,lpush5,1000000,823150.62
200,lrange5,1000000,1273966.88
201,lpush5,1000000,814332.19
201,lrange5,1000000,1191952.38
202,lpush5,1000000,817674.56
202,lrange5,1000000,1173896.75
203,lpush5,1000000,823789.12
203,lrange5,1000000,1194800.50
204,lpush5,1000000,820383.94
204,lrange5,1000000,1196248.75
205,lpush5,1000000,826459.50
205,lrange5,1000000,1189460.12
206,lpush5,1000000,821784.69
206,lrange5,1000000,1204896.38
207,lpush5,1000000,830087.94
207,lrange5,1000000,1196497.62
208,lpush5,1000000,834055.06
208,lrange5,1000000,1262808.12
209,lpush5,1000000,828646.19
209,lrange5,1000000,1257982.38
210,lpush5,1000000,828659.50
210,lrange5,1000000,1199155.88
211,lpush5,1000000,821031.19
211,lrange5,1000000,1280491.62
212,lpush5,1000000,828000.06
212,lrange5,1000000,1288659.75
213,lpush5,1000000,827182.81
213,lrange5,1000000,1234646.88
214,lpush5,1000000,828000.06
214,lrange5,1000000,1205185.62
215,lpush5,1000000,817831.50
215,lrange5,1000000,1282112.88
216,lpush5,1000000,825254.12
216,lrange5,1000000,1187857.50
217,lpush5,1000000,817739.94
217,lrange5,1000000,1233262.62
218,lpush5,1000000,826485.94
218,lrange5,1000000,1246882.88
219,lpush5,1000000,822368.44
219,lrange5,1000000,1285347.00
220,lpush5,1000000,826644.62
220,lrange5,1000000,1204877.12
221,lpush5,1000000,824441.81
221,lrange5,1000000,1190895.25
222,lpush5,1000000,826459.50
222,lrange5,1000000,1275591.88
223,lpush5,1000000,829253.75
223,lrange5,1000000,1186543.25
224,lpush5,1000000,817150.31
224,lrange5,1000000,1290363.88
225,lpush5,1000000,827315.12
225,lrange5,1000000,1280471.12
226,lpush5,1000000,826446.25
226,lrange5,1000000,1269055.88
227,lpush5,1000000,822605.31
227,lrange5,1000000,1288783.50
228,lpush5,1000000,831255.25
228,lrange5,1000000,1199347.75
229,lpush5,1000000,826538.81
229,lrange5,1000000,1290343.25
230,lpush5,1000000,828712.50
230,lrange5,1000000,1274048.38
231,lpush5,1000000,831335.00
231,lrange5,1000000,1196516.75
232,lpush5,1000000,826552.06
232,lrange5,1000000,1199098.38
233,lpush5,1000000,828593.19
233,lrange5,1000000,1267609.62
234,lpush5,1000000,827854.31
234,lrange5,1000000,1266005.00
235,lpush5,1000000,820410.19
235,lrange5,1000000,1285388.12
236,lpush5,1000000,829359.88
236,lrange5,1000000,1200672.25
237,lpush5,1000000,823802.31
237,lrange5,1000000,1189365.00
238,lpush5,1000000,825803.50
238,lrange5,1000000,1287021.88
239,lpush5,1000000,819210.50
239,lrange5,1000000,1292072.38
240,lpush5,1000000,822552.69
240,lrange5,1000000,1179641.50
241,lpush5,1000000,825803.50
241,lrange5,1000000,1288969.00
242,lpush5,1000000,825763.88
242,lrange5,1000000,1239355.62
243,lpush5,1000000,823762.75
243,lrange5,1000000,1272264.62
244,lpush5,1000000,814384.31
244,lrange5,1000000,1171278.75
245,lpush5,1000000,819842.62
245,lrange5,1000000,1273946.50
246,lpush5,1000000,821732.12
246,lrange5,1000000,1243801.00
247,lpush5,1000000,821732.12
247,lrange5,1000000,1199232.62
248,lpush5,1000000,823045.25
248,lrange5,1000000,1270709.00
249,lpush5,1000000,829995.00
249,lrange5,1000000,1251564.38
250,lpush5,1000000,827920.56
250,lrange5,1000000,1184966.88
251,lpush5,1000000,825763.88
251,lrange5,1000000,1239236.75
252,lpush5,1000000,821083.69
252,lrange5,1000000,1227033.12
253,lpush5,1000000,833519.94
253,lrange5,1000000,1205089.12
254,lpush5,1000000,813760.81
254,lrange5,1000000,1273905.75
255,lpush5,1000000,825816.69
255,lrange5,1000000,1222513.38
256,lpush5,1000000,814475.56
256,lrange5,1000000,1254926.00
257,lpush5,1000000,823229.62
257,lrange5,1000000,1203485.00
258,lpush5,1000000,813812.88
258,lrange5,1000000,1270648.00
259,lpush5,1000000,821188.81
259,lrange5,1000000,1199309.38
260,lpush5,1000000,827960.31
260,lrange5,1000000,1196191.38
261,lpush5,1000000,826552.06
261,lrange5,1000000,1192238.38
262,lpush5,1000000,809178.06
262,lrange5,1000000,1290467.12
263,lpush5,1000000,819158.12
263,lrange5,1000000,1196267.88
264,lpush5,1000000,823749.62
264,lrange5,1000000,1251584.50
265,lpush5,1000000,831973.38
265,lrange5,1000000,1287186.62
266,lpush5,1000000,819685.25
266,lrange5,1000000,1236291.75
267,lpush5,1000000,820462.69
267,lrange5,1000000,1280573.62
268,lpush5,1000000,819777.00
268,lrange5,1000000,1280430.25
269,lpush5,1000000,823907.75
269,lrange5,1000000,1290425.88
270,lpush5,1000000,825790.25
270,lrange5,1000000,1273905.75
271,lpush5,1000000,818330.62
271,lrange5,1000000,1288659.75
272,lpush5,1000000,822539.50
272,lrange5,1000000,1277384.38
273,lpush5,1000000,823802.31
273,lrange5,1000000,1200480.12
274,lpush5,1000000,817032.69
274,lrange5,1000000,1282071.88
275,lpush5,1000000,820554.56
275,lrange5,1000000,1287021.88
276,lpush5,1000000,821254.50
276,lrange5,1000000,1161849.00
277,lpush5,1000000,827196.06
277,lrange5,1000000,1253152.88
278,lpush5,1000000,813904.00
278,lrange5,1000000,1256381.88
279,lpush5,1000000,820423.31
279,lrange5,1000000,1285511.62
280,lpush5,1000000,825935.62
280,lrange5,1000000,1287042.50
281,lpush5,1000000,818396.06
281,lrange5,1000000,1186562.25
282,lpush5,1000000,825829.94
282,lrange5,1000000,1272285.00
283,lpush5,1000000,824415.44
283,lrange5,1000000,1199251.75
284,lpush5,1000000,829981.69
284,lrange5,1000000,1210750.62
285,lpush5,1000000,823868.19
285,lrange5,1000000,1285511.62
286,lpush5,1000000,828540.19
286,lrange5,1000000,1231527.12
287,lpush5,1000000,823723.25
287,lrange5,1000000,1277302.75
288,lpush5,1000000,821784.69
288,lrange5,1000000,1197853.88
289,lpush5,1000000,829187.44
289,lrange5,1000000,1194876.88
290,lpush5,1000000,820383.94
290,lrange5,1000000,1280450.62
291,lpush5,1000000,827249.00
291,lrange5,1000000,1273905.75
292,lpush5,1000000,819092.56
292,lrange5,1000000,1257962.25
293,lpush5,1000000,830564.81
293,lrange5,1000000,1278833.75
294,lpush5,1000000,828672.75
294,lrange5,1000000,1282112.88
295,lpush5,1000000,830591.38
295,lrange5,1000000,1219687.88
296,lpush5,1000000,821863.62
296,lrange5,1000000,1288886.50
297,lpush5,1000000,823084.75
297,lrange5,1000000,1270892.00
298,lpush5,1000000,825122.12
298,lrange5,1000000,1200576.25
299,lpush5,1000000,825240.94
299,lrange5,1000000,1285347.00
300,lpush5,1000000,829240.50
300,lrange5,1000000,1269218.25
301,lpush5,1000000,834068.38
301,lrange5,1000000,1265843.00
302,lpush5,1000000,823137.44
302,lrange5,1000000,1285429.25
303,lpush5,1000000,827209.25
303,lrange5,1000000,1282256.50
304,lpush5,1000000,825777.06
304,lrange5,1000000,1200710.62
305,lpush5,1000000,827222.50
305,lrange5,1000000,1195125.38
306,lpush5,1000000,833386.62
306,lrange5,1000000,1292258.38
307,lpush5,1000000,819737.69
307,lrange5,1000000,1234607.38
308,lpush5,1000000,827328.38
308,lrange5,1000000,1280409.75
309,lpush5,1000000,823841.88
309,lrange5,1000000,1280409.75
310,lpush5,1000000,827827.88
310,lrange5,1000000,1165743.62
311,lpush5,1000000,831348.31
311,lrange5,1000000,1248579.25
312,lpush5,1000000,827182.81
312,lrange5,1000000,1287104.25
313,lpush5,1000000,824428.62
313,lrange5,1000000,1264323.62
314,lpush5,1000000,825320.12
314,lrange5,1000000,1269238.62
315,lpush5,1000000,823137.44
315,lrange5,1000000,1256381.88
316,lpush5,1000000,825254.12
316,lrange5,1000000,1267508.25
317,lpush5,1000000,828619.69
317,lrange5,1000000,1267427.12
318,lpush5,1000000,834764.62
318,lrange5,1000000,1283881.88
319,lpush5,1000000,835475.31
319,lrange5,1000000,1239335.88
320,lpush5,1000000,823881.38
320,lrange5,1000000,1196248.75
321,lpush5,1000000,818448.44
321,lrange5,1000000,1277282.25
322,lpush5,1000000,821745.25
322,lrange5,1000000,1196344.50
323,lpush5,1000000,826604.94
323,lrange5,1000000,1200806.75
324,lpush5,1000000,839630.56
324,lrange5,1000000,1197777.25
325,lpush5,1000000,823150.62
325,lrange5,1000000,1230169.75
326,lpush5,1000000,825896.00
326,lrange5,1000000,1196382.75
327,lpush5,1000000,827249.00
327,lrange5,1000000,1282051.38
328,lpush5,1000000,827894.06
328,lrange5,1000000,1287104.25
329,lpush5,1000000,829187.44
329,lrange5,1000000,1288845.38
330,lpush5,1000000,831960.06
330,lrange5,1000000,1119910.38
331,lpush5,1000000,825763.88
331,lrange5,1000000,1269055.88
332,lpush5,1000000,834108.44
332,lrange5,1000000,1275673.50
333,lpush5,1000000,822447.38
333,lrange5,1000000,1190647.62
334,lpush5,1000000,816365.69
334,lrange5,1000000,1290467.12
335,lpush5,1000000,819816.38
335,lrange5,1000000,1265822.75
336,lpush5,1000000,824455.00
336,lrange5,1000000,1270668.38
337,lpush5,1000000,823150.62
337,lrange5,1000000,1257901.88
338,lpush5,1000000,823058.44
338,lrange5,1000000,1282071.88
339,lpush5,1000000,819763.94
339,lrange5,1000000,1262727.25
340,lpush5,1000000,819079.50
340,lrange5,1000000,1272264.62
341,lpush5,1000000,823097.94
341,lrange5,1000000,1270648.00
342,lpush5,1000000,820475.81
342,lrange5,1000000,1262787.88
343,lpush5,1000000,823762.75
343,lrange5,1000000,1272325.62
344,lpush5,1000000,825254.12
344,lrange5,1000000,1199117.50
345,lpush5,1000000,828500.38
345,lrange5,1000000,1205069.88
346,lpush5,1000000,842581.25
346,lrange5,1000000,1213941.75
347,lpush5,1000000,818422.25
347,lrange5,1000000,1209209.12
348,lpush5,1000000,830804.00
348,lrange5,1000000,1239534.12
349,lpush5,1000000,824534.19
349,lrange5,1000000,1297016.88
350,lpush5,1000000,834764.62
350,lrange5,1000000,1254705.12
351,lpush5,1000000,832706.12
351,lrange5,1000000,1265883.50
352,lpush5,1000000,823723.25
352,lrange5,1000000,1277221.00
353,lpush5,1000000,816561.62
353,lrange5,1000000,1248479.38
354,lpush5,1000000,822407.94
354,lrange5,1000000,1275551.00
355,lpush5,1000000,822381.62
355,lrange5,1000000,1297224.38
356,lpush5,1000000,826671.06
356,lrange5,1000000,1210808.75
357,lpush5,1000000,817019.62
357,lrange5,1000000,1209247.88
358,lpush5,1000000,814488.56
358,lrange5,1000000,1195049.00
359,lpush5,1000000,829187.44
359,lrange5,1000000,1290363.88
360,lpush5,1000000,826604.94
360,lrange5,1000000,1254885.88
361,lpush5,1000000,833359.94
361,lrange5,1000000,1274028.00
362,lpush5,1000000,826631.38
362,lrange5,1000000,1202269.25
363,lpush5,1000000,831255.25
363,lrange5,1000000,1199482.00
364,lpush5,1000000,818513.94
364,lrange5,1000000,1196325.38
365,lpush5,1000000,823111.06
365,lrange5,1000000,1269076.12
366,lpush5,1000000,826538.81
366,lrange5,1000000,1254885.88
367,lpush5,1000000,825803.50
367,lrange5,1000000,1243781.12
368,lpush5,1000000,816404.88
368,lrange5,1000000,1287021.88
369,lpush5,1000000,829981.69
369,lrange5,1000000,1295336.75
370,lpush5,1000000,818356.81
370,lrange5,1000000,1189327.00
371,lpush5,1000000,831321.75
371,lrange5,1000000,1236212.62
372,lpush5,1000000,830048.12
372,lrange5,1000000,1285614.38
373,lpush5,1000000,830604.62
373,lrange5,1000000,1270831.00
374,lpush5,1000000,817032.69
374,lrange5,1000000,1264343.88
375,lpush5,1000000,826446.25
375,lrange5,1000000,1293764.50
376,lpush5,1000000,826525.62
376,lrange5,1000000,1207729.50
377,lpush5,1000000,829875.50
377,lrange5,1000000,1297037.62
378,lpush5,1000000,814384.31
378,lrange5,1000000,1194991.62
379,lpush5,1000000,817176.50
379,lrange5,1000000,1267488.00
380,lpush5,1000000,824402.25
380,lrange5,1000000,1288659.75
381,lpush5,1000000,822407.94
381,lrange5,1000000,1205147.00
382,lpush5,1000000,831441.44
382,lrange5,1000000,1287042.50
383,lpush5,1000000,836820.06
383,lrange5,1000000,1225549.00
384,lpush5,1000000,827920.56
384,lrange5,1000000,1287001.25
385,lpush5,1000000,823058.44
385,lrange5,1000000,1278813.25
386,lpush5,1000000,822552.69
386,lrange5,1000000,1278915.62
387,lpush5,1000000,831308.44
387,lrange5,1000000,1295523.25
388,lpush5,1000000,826591.69
388,lrange5,1000000,1273926.12
389,lpush5,1000000,823255.94
389,lrange5,1000000,1298722.12
390,lpush5,1000000,829280.31
390,lrange5,1000000,1295564.75
391,lpush5,1000000,827894.06
391,lrange5,1000000,1148454.62
392,lpush5,1000000,811766.25
392,lrange5,1000000,1197643.12
393,lpush5,1000000,817124.19
393,lrange5,1000000,1199443.62
394,lpush5,1000000,825267.31
394,lrange5,1000000,1293681.75
395,lpush5,1000000,823841.88
395,lrange5,1000000,1280409.75
396,lpush5,1000000,822407.94
396,lrange5,1000000,1280553.12
397,lpush5,1000000,825201.31
397,lrange5,1000000,1273987.25
398,lpush5,1000000,819777.00
398,lrange5,1000000,1295440.38
399,lpush5,1000000,831361.62
399,lrange5,1000000,1295336.75
400,lpush5,1000000,819013.94
400,lrange5,1000000,1200633.88
401,lpush5,1000000,824494.62
401,lrange5,1000000,1273905.75
402,lpush5,1000000,823762.75
402,lrange5,1000000,1285491.00
403,lpush5,1000000,829955.19
403,lrange5,1000000,1197834.75
404,lpush5,1000000,821797.88
404,lrange5,1000000,1259486.12
405,lpush5,1000000,825135.31
405,lrange5,1000000,1290487.75
406,lpush5,1000000,829200.69
406,lrange5,1000000,1239236.75
407,lpush5,1000000,828540.19
407,lrange5,1000000,1255046.50
408,lpush5,1000000,827907.31
408,lrange5,1000000,1288845.38
409,lpush5,1000000,821916.19
409,lrange5,1000000,1275530.62
410,lpush5,1000000,823111.06
410,lrange5,1000000,1254725.25
411,lpush5,1000000,821850.44
411,lrange5,1000000,1233164.00
412,lpush5,1000000,817085.00
412,lrange5,1000000,1288659.75
413,lpush5,1000000,823045.25
413,lrange5,1000000,1212140.62
414,lpush5,1000000,818383.00
414,lrange5,1000000,1230091.00
415,lpush5,1000000,823058.44
415,lrange5,1000000,1280450.62
416,lpush5,1000000,827341.62
416,lrange5,1000000,1141954.38
417,lpush5,1000000,824481.44
417,lrange5,1000000,1248519.38
418,lpush5,1000000,827368.06
418,lrange5,1000000,1290384.50
419,lpush5,1000000,821031.19
419,lrange5,1000000,1283738.12
420,lpush5,1000000,827262.19
420,lrange5,1000000,1290343.25
421,lpush5,1000000,828026.50
421,lrange5,1000000,1270749.62
422,lpush5,1000000,832119.81
422,lrange5,1000000,1199366.88
423,lpush5,1000000,817726.88
423,lrange5,1000000,1250200.00
424,lpush5,1000000,825188.12
424,lrange5,1000000,1290425.88
425,lpush5,1000000,821175.69
425,lrange5,1000000,1277180.12
426,lpush5,1000000,821057.44
426,lrange5,1000000,1202326.88
427,lpush5,1000000,822421.06
427,lrange5,1000000,1234627.12
428,lpush5,1000000,826618.12
428,lrange5,1000000,1200633.88
429,lpush5,1000000,830750.81
429,lrange5,1000000,1186410.50
430,lpush5,1000000,821903.06
430,lrange5,1000000,1202076.88
431,lpush5,1000000,817726.88
431,lrange5,1000000,1259607.00
432,lpush5,1000000,821123.12
432,lrange5,1000000,1266025.25
433,lpush5,1000000,812360.69
433,lrange5,1000000,1197930.62
434,lpush5,1000000,825240.94
434,lrange5,1000000,1280594.12
435,lpush5,1000000,834135.12
435,lrange5,1000000,1273946.50
436,lpush5,1000000,842675.62
436,lrange5,1000000,1290570.38
437,lpush5,1000000,825829.94
437,lrange5,1000000,1275551.00
438,lpush5,1000000,834724.56
438,lrange5,1000000,1138056.88
439,lpush5,1000000,828686.00
439,lrange5,1000000,1193661.12
440,lpush5,1000000,827854.31
440,lrange5,1000000,1265822.75
441,lpush5,1000000,812438.69
441,lrange5,1000000,1283738.12
442,lpush5,1000000,819053.25
442,lrange5,1000000,1205166.25
443,lpush5,1000000,814332.19
443,lrange5,1000000,1199079.12
444,lpush5,1000000,829346.62
444,lrange5,1000000,1189308.00
445,lpush5,1000000,822368.44
445,lrange5,1000000,1242315.50
446,lpush5,1000000,824507.81
446,lrange5,1000000,1269055.88
447,lpush5,1000000,827275.44
447,lrange5,1000000,1290446.50
448,lpush5,1000000,822565.81
448,lrange5,1000000,1234627.12
449,lpush5,1000000,813682.69
449,lrange5,1000000,1293785.25
450,lpush5,1000000,826591.69
450,lrange5,1000000,1194762.25
451,lpush5,1000000,812347.75
451,lrange5,1000000,1206330.50
452,lpush5,1000000,825816.69
452,lrange5,1000000,1288804.12
453,lpush5,1000000,819737.69
453,lrange5,1000000,1237742.50
454,lpush5,1000000,829941.88
454,lrange5,1000000,1293888.75
455,lpush5,1000000,820344.56
455,lrange5,1000000,1202250.00
456,lpush5,1000000,829253.75
456,lrange5,1000000,1253293.25
457,lpush5,1000000,827814.62
457,lrange5,1000000,1256321.62
458,lpush5,1000000,816993.50
458,lrange5,1000000,1287166.00
459,lpush5,1000000,812438.69
459,lrange5,1000000,1261034.12
460,lpush5,1000000,830671.12
460,lrange5,1000000,1278895.12
461,lpush5,1000000,825948.81
461,lrange5,1000000,1224049.00
462,lpush5,1000000,821692.69
462,lrange5,1000000,1199290.12
463,lpush5,1000000,823920.94
463,lrange5,1000000,1196267.88
464,lpush5,1000000,820528.31
464,lrange5,1000000,1275693.88
465,lpush5,1000000,821797.88
465,lrange5,1000000,1293909.50
466,lpush5,1000000,819816.38
466,lrange5,1000000,1267569.12
467,lpush5,1000000,824402.25
467,lrange5,1000000,1283738.12
468,lpush5,1000000,826657.81
468,lrange5,1000000,1272427.50
469,lpush5,1000000,823255.94
469,lrange5,1000000,1265944.25
470,lpush5,1000000,833346.62
470,lrange5,1000000,1287042.50
471,lpush5,1000000,823203.25
471,lrange5,1000000,1293888.75
472,lpush5,1000000,824402.25
472,lrange5,1000000,1254865.75
473,lpush5,1000000,817766.12
473,lrange5,1000000,1197662.25
474,lpush5,1000000,821745.25
474,lrange5,1000000,1194838.75
475,lpush5,1000000,818487.75
475,lrange5,1000000,1202115.38
476,lpush5,1000000,834081.75
476,lrange5,1000000,1199405.25
477,lpush5,1000000,826657.81
477,lrange5,1000000,1287083.62
478,lpush5,1000000,826446.25
478,lrange5,1000000,1242315.50
479,lpush5,1000000,815152.38
479,lrange5,1000000,1195029.88
480,lpush5,1000000,814423.44
480,lrange5,1000000,1248499.38
481,lpush5,1000000,828513.69
481,lrange5,1000000,1253433.62
482,lpush5,1000000,813838.94
482,lrange5,1000000,1267447.50
483,lpush5,1000000,823762.75
483,lrange5,1000000,1288680.38
484,lpush5,1000000,824415.44
484,lrange5,1000000,1295481.88
485,lpush5,1000000,820357.69
485,lrange5,1000000,1297016.88
486,lpush5,1000000,827867.56
486,lrange5,1000000,1201923.00
487,lpush5,1000000,826512.38
487,lrange5,1000000,1200806.75
488,lpush5,1000000,827854.31
488,lrange5,1000000,1113728.25
489,lpush5,1000000,827854.31
489,lrange5,1000000,1190514.38
490,lpush5,1000000,819131.88
490,lrange5,1000000,1192124.00
491,lpush5,1000000,824573.75
491,lrange5,1000000,1262707.12
492,lpush5,1000000,819131.88
492,lrange5,1000000,1275530.62
493,lpush5,1000000,834737.94
493,lrange5,1000000,1194934.25
494,lpush5,1000000,822381.62
494,lrange5,1000000,1239236.75
495,lpush5,1000000,829187.44
495,lrange5,1000000,1273987.25
496,lpush5,1000000,827235.75
496,lrange5,1000000,1283861.38
497,lpush5,1000000,827143.12
497,lrange5,1000000,1203388.75
498,lpush5,1000000,821863.62
498,lrange5,1000000,1282071.88
499,lpush5,1000000,823058.44
499,lrange5,1000000,1283861.38
500,lpush5,1000000,818356.81
500,lrange5,1000000,1285532.12
501,lpush5,1000000,819197.44
501,lrange5,1000000,1182449.12
502,lpush5,1000000,827235.75
502,lrange5,1000000,1272366.38
503,lpush5,1000000,827182.81
503,lrange5,1000000,1210692.50
504,lpush5,1000000,827129.88
504,lrange5,1000000,1261034.12
505,lpush5,1000000,821824.12
505,lrange5,1000000,1285347.00
506,lpush5,1000000,828513.69
506,lrange5,1000000,1282133.38
507,lpush5,1000000,825882.75
507,lrange5,1000000,1209344.62
508,lpush5,1000000,815178.50
508,lrange5,1000000,1195087.25
509,lpush5,1000000,828672.75
509,lrange5,1000000,1247082.38
510,lpush5,1000000,821692.69
510,lrange5,1000000,1285367.62
511,lpush5,1000000,827814.62
511,lrange5,1000000,1270709.00
512,lpush5,1000000,827275.44
512,lrange5,1000000,1196440.12
513,lpush5,1000000,825777.06
513,lrange5,1000000,1187686.50
514,lpush5,1000000,821732.12
514,lrange5,1000000,1278813.25
515,lpush5,1000000,825280.50
515,lrange5,1000000,1256422.12
516,lpush5,1000000,828566.69
516,lrange5,1000000,1273905.75
517,lpush5,1000000,821745.25
517,lrange5,1000000,1280614.62
518,lpush5,1000000,828619.69
518,lrange5,1000000,1203542.75
519,lpush5,1000000,827129.88
519,lrange5,1000000,1264505.62
520,lpush5,1000000,825148.50
520,lrange5,1000000,1272325.62
521,lpush5,1000000,821705.81
521,lrange5,1000000,1254805.50
522,lpush5,1000000,812386.69
522,lrange5,1000000,1202211.50
523,lpush5,1000000,821784.69
523,lrange5,1000000,1277139.25
524,lpush5,1000000,830578.06
524,lrange5,1000000,1295481.88
525,lpush5,1000000,819829.50
525,lrange5,1000000,1288680.38
526,lpush5,1000000,827880.81
526,lrange5,1000000,1292155.00
527,lpush5,1000000,817137.25
527,lrange5,1000000,1197892.25
528,lpush5,1000000,828526.94
528,lrange5,1000000,1284005.12
529,lpush5,1000000,821201.94
529,lrange5,1000000,1180902.00
530,lpush5,1000000,827880.81
530,lrange5,1000000,1290467.12
531,lpush5,1000000,822565.81
531,lrange5,1000000,1243980.12
532,lpush5,1000000,824468.25
532,lrange5,1000000,1275571.50
533,lpush5,1000000,826552.06
533,lrange5,1000000,1270810.62
534,lpush5,1000000,822565.81
534,lrange5,1000000,1176847.00
535,lpush5,1000000,819790.12
535,lrange5,1000000,1203446.50
536,lpush5,1000000,829320.06
536,lrange5,1000000,1295440.38
537,lpush5,1000000,827854.31
537,lrange5,1000000,1250160.00
538,lpush5,1000000,820344.56
538,lrange5,1000000,1237881.12
539,lpush5,1000000,822368.44
539,lrange5,1000000,1298929.88
540,lpush5,1000000,821110.00
540,lrange5,1000000,1270831.00
541,lpush5,1000000,830061.38
541,lrange5,1000000,1293847.38
542,lpush5,1000000,820370.81
542,lrange5,1000000,1205069.88
543,lpush5,1000000,825829.94
543,lrange5,1000000,1199443.62
544,lpush5,1000000,829902.06
544,lrange5,1000000,1277180.12
545,lpush5,1000000,823058.44
545,lrange5,1000000,1288721.62
546,lpush5,1000000,828513.69
546,lrange5,1000000,1288804.12
547,lpush5,1000000,821771.56
547,lrange5,1000000,1239216.88
548,lpush5,1000000,823111.06
548,lrange5,1000000,1270810.62
549,lpush5,1000000,813669.69
549,lrange5,1000000,1253193.00
550,lpush5,1000000,817150.31
550,lrange5,1000000,1290405.25
551,lpush5,1000000,818383.00
551,lrange5,1000000,1203446.50
552,lpush5,1000000,832106.50
552,lrange5,1000000,1292031.00
553,lpush5,1000000,815699.88
553,lrange5,1000000,1240794.00
554,lpush5,1000000,827854.31
554,lrange5,1000000,1277261.88
555,lpush5,1000000,817779.19
555,lrange5,1000000,1262707.12
556,lpush5,1000000,817739.94
556,lrange5,1000000,1236271.88
557,lpush5,1000000,821018.00
557,lrange5,1000000,1203600.50
558,lpush5,1000000,828553.44
558,lrange5,1000000,1254745.25
559,lpush5,1000000,821797.88
559,lrange5,1000000,1278792.88
560,lpush5,1000000,829253.75
560,lrange5,1000000,1262767.62
561,lpush5,1000000,825856.31
561,lrange5,1000000,1254865.75
562,lpush5,1000000,822526.31
562,lrange5,1000000,1293702.50
563,lpush5,1000000,819210.50
563,lrange5,1000000,1272305.38
564,lpush5,1000000,827341.62
564,lrange5,1000000,1277180.12
565,lpush5,1000000,825240.94
565,lrange5,1000000,1209209.12
566,lpush5,1000000,826618.12
566,lrange5,1000000,1202115.38
567,lpush5,1000000,820528.31
567,lrange5,1000000,1239197.00
568,lpush5,1000000,821692.69
568,lrange5,1000000,1223990.25
569,lpush5,1000000,825869.56
569,lrange5,1000000,1278792.88
570,lpush5,1000000,824586.94
570,lrange5,1000000,1269157.38
571,lpush5,1000000,824494.62
571,lrange5,1000000,1200537.75
572,lpush5,1000000,825122.12
572,lrange5,1000000,1254745.25
573,lpush5,1000000,821149.38
573,lrange5,1000000,1291989.62
574,lpush5,1000000,827182.81
574,lrange5,1000000,1250020.00
575,lpush5,1000000,827894.06
575,lrange5,1000000,1228501.25
576,lpush5,1000000,835502.06
576,lrange5,1000000,1280573.62
577,lpush5,1000000,823736.44
577,lrange5,1000000,1288783.50
578,lpush5,1000000,813151.19
578,lrange5,1000000,1265984.75
579,lpush5,1000000,822407.94
579,lrange5,1000000,1270770.00
580,lpush5,1000000,829373.12
580,lrange5,1000000,1261074.38
581,lpush5,1000000,823229.62
581,lrange5,1000000,1280491.62
582,lpush5,1000000,827156.31
582,lrange5,1000000,1236093.88
583,lpush5,1000000,827867.56
583,lrange5,1000000,1192238.38
584,lpush5,1000000,830048.12
584,lrange5,1000000,1233183.75
585,lpush5,1000000,821784.69
585,lrange5,1000000,1239335.88
586,lpush5,1000000,819184.31
586,lrange5,1000000,1282194.88
587,lpush5,1000000,826525.62
587,lrange5,1000000,1199309.38
588,lpush5,1000000,827880.81
588,lrange5,1000000,1189327.00
589,lpush5,1000000,829280.31
589,lrange5,1000000,1196421.00
590,lpush5,1000000,825320.12
590,lrange5,1000000,1199175.12
591,lpush5,1000000,835555.56
591,lrange5,1000000,1273885.25
592,lpush5,1000000,817844.62
592,lrange5,1000000,1243920.38
593,lpush5,1000000,832706.12
593,lrange5,1000000,1219668.25
594,lpush5,1000000,828500.38
594,lrange5,1000000,1197853.88
595,lpush5,1000000,836187.31
595,lrange5,1000000,1203658.25
596,lpush5,1000000,819672.12
596,lrange5,1000000,1256422.12
597,lpush5,1000000,822368.44
597,lrange5,1000000,1290384.50
598,lpush5,1000000,819868.81
598,lrange5,1000000,1274028.00
599,lpush5,1000000,821732.12
599,lrange5,1000000,1185251.25
600,lpush5,1000000,834121.75
600,lrange5,1000000,1201942.25
601,lpush5,1000000,832746.06
601,lrange5,1000000,1270729.38
602,lpush5,1000000,826538.81
602,lrange5,1000000,1231704.50
603,lpush5,1000000,823045.25
603,lrange5,1000000,1282092.38
604,lpush5,1000000,820423.31
604,lrange5,1000000,1202211.50
605,lpush5,1000000,824639.69
605,lrange5,1000000,1203427.25
606,lpush5,1000000,813799.88
606,lrange5,1000000,1197604.88
607,lpush5,1000000,824481.44
607,lrange5,1000000,1210653.75
608,lpush5,1000000,815804.25
608,lrange5,1000000,1242255.88
609,lpush5,1000000,816509.38
609,lrange5,1000000,1237702.88
610,lpush5,1000000,825108.88
610,lrange5,1000000,1283861.38
611,lpush5,1000000,820488.94
611,lrange5,1000000,1199060.00
612,lpush5,1000000,826446.25
612,lrange5,1000000,1194972.50
613,lpush5,1000000,828039.75
613,lrange5,1000000,1242434.75
614,lpush5,1000000,823841.88
614,lrange5,1000000,1198026.38
615,lpush5,1000000,827275.44
615,lrange5,1000000,1253253.12
616,lpush5,1000000,831321.75
616,lrange5,1000000,1288804.12
617,lpush5,1000000,827156.31
617,lrange5,1000000,1262666.62
618,lpush5,1000000,826459.50
618,lrange5,1000000,1245469.50
619,lpush5,1000000,833386.62
619,lrange5,1000000,1275510.25
620,lpush5,1000000,829253.75
620,lrange5,1000000,1200864.38
621,lpush5,1000000,820357.69
621,lrange5,1000000,1194857.75
622,lpush5,1000000,827328.38
622,lrange5,1000000,1287021.88
623,lpush5,1000000,829981.69
623,lrange5,1000000,1288742.25
624,lpush5,1000000,826485.94
624,lrange5,1000000,1200749.12
625,lpush5,1000000,829187.44
625,lrange5,1000000,1193718.38
626,lpush5,1000000,823947.31
626,lrange5,1000000,1278854.25
627,lpush5,1000000,830604.62
627,lrange5,1000000,1265984.75
628,lpush5,1000000,827301.94
628,lrange5,1000000,1272346.00
629,lpush5,1000000,835488.69
629,lrange5,1000000,1251704.62
630,lpush5,1000000,827182.81
630,lrange5,1000000,1265924.00
631,lpush5,1000000,829399.69
631,lrange5,1000000,1197681.50
632,lpush5,1000000,813721.75
632,lrange5,1000000,1280450.62
633,lpush5,1000000,825935.62
633,lrange5,1000000,1199424.50
634,lpush5,1000000,819000.88
634,lrange5,1000000,1287166.00
635,lpush5,1000000,827301.94
635,lrange5,1000000,1264242.75
636,lpush5,1000000,830710.94
636,lrange5,1000000,1257922.00
637,lpush5,1000000,825763.88
637,lrange5,1000000,1285388.12
638,lpush5,1000000,825856.31
638,lrange5,1000000,1197700.62
639,lpush5,1000000,827143.12
639,lrange5,1000000,1194915.12
640,lpush5,1000000,826512.38
640,lrange5,1000000,1277200.50
641,lpush5,1000000,826485.94
641,lrange5,1000000,1248619.25
642,lpush5,1000000,825816.69
642,lrange5,1000000,1195029.88
643,lpush5,1000000,815204.56
643,lrange5,1000000,1273885.25
644,lpush5,1000000,822368.44
644,lrange5,1000000,1267548.88
645,lpush5,1000000,824534.19
645,lrange5,1000000,1272305.38
646,lpush5,1000000,825829.94
646,lrange5,1000000,1257881.75
647,lpush5,1000000,823894.56
647,lrange5,1000000,1292093.00
648,lpush5,1000000,821070.56
648,lrange5,1000000,1278915.62
649,lpush5,1000000,811805.19
649,lrange5,1000000,1295357.50
650,lpush5,1000000,823775.94
650,lrange5,1000000,1250180.00
651,lpush5,1000000,821692.69
651,lrange5,1000000,1290467.12
652,lpush5,1000000,833559.94
652,lrange5,1000000,1293702.50
653,lpush5,1000000,828553.44
653,lrange5,1000000,1204935.00
654,lpush5,1000000,827249.00
654,lrange5,1000000,1259486.12
655,lpush5,1000000,823255.94
655,lrange5,1000000,1195049.00
656,lpush5,1000000,824455.00
656,lrange5,1000000,1277241.38
657,lpush5,1000000,828513.69
657,lrange5,1000000,1199213.50
658,lpush5,1000000,826604.94
658,lrange5,1000000,1256381.88
659,lpush5,1000000,829240.50
659,lrange5,1000000,1237683.12
660,lpush5,1000000,826485.94
660,lrange5,1000000,1275591.88
661,lpush5,1000000,820475.81
661,lrange5,1000000,1278936.00
662,lpush5,1000000,823124.25
662,lrange5,1000000,1290446.50
663,lpush5,1000000,828500.38
663,lrange5,1000000,1060530.25
664,lpush5,1000000,826552.06
664,lrange5,1000000,1182316.75
665,lpush5,1000000,813669.69
665,lrange5,1000000,1269319.88
666,lpush5,1000000,832000.00
666,lrange5,1000000,1196574.12
667,lpush5,1000000,821784.69
667,lrange5,1000000,1278936.00
668,lpush5,1000000,827143.12
668,lrange5,1000000,1201923.00
669,lpush5,1000000,827169.56
669,lrange5,1000000,1269177.62
670,lpush5,1000000,822552.69
670,lrange5,1000000,1283984.62
671,lpush5,1000000,824428.62
671,lrange5,1000000,1207845.38
672,lpush5,1000000,820436.44
672,lrange5,1000000,1258022.62
673,lpush5,1000000,831335.00
673,lrange5,1000000,1188047.50
674,lpush5,1000000,836833.44
674,lrange5,1000000,1196382.75
675,lpush5,1000000,827143.12
675,lrange5,1000000,1288659.75
676,lpush5,1000000,841818.19
676,lrange5,1000000,1283717.62
677,lpush5,1000000,832119.81
677,lrange5,1000000,1259466.00
678,lpush5,1000000,832666.12
678,lrange5,1000000,1264222.50
679,lpush5,1000000,830697.69
679,lrange5,1000000,1202230.75
680,lpush5,1000000,821188.81
680,lrange5,1000000,1190800.00
681,lpush5,1000000,818540.12
681,lrange5,1000000,1287104.25
682,lpush5,1000000,825988.44
682,lrange5,1000000,1264242.75
683,lpush5,1000000,823736.44
683,lrange5,1000000,1269035.50
684,lpush5,1000000,834737.94
684,lrange5,1000000,1174028.12
685,lpush5,1000000,822579.00
685,lrange5,1000000,1283923.00
686,lpush5,1000000,823045.25
686,lrange5,1000000,1264343.88
687,lpush5,1000000,825948.81
687,lrange5,1000000,1195049.00
688,lpush5,1000000,825254.12
688,lrange5,1000000,1242236.00
689,lpush5,1000000,822407.94
689,lrange5,1000000,1282051.38
690,lpush5,1000000,827947.06
690,lrange5,1000000,1280409.75
691,lpush5,1000000,828553.44
691,lrange5,1000000,1265863.25
692,lpush5,1000000,821018.00
692,lrange5,1000000,1264283.12
693,lpush5,1000000,825108.88
693,lrange5,1000000,1273905.75
694,lpush5,1000000,822605.31
694,lrange5,1000000,1282194.88
695,lpush5,1000000,825174.94
695,lrange5,1000000,1231724.12
696,lpush5,1000000,819711.44
696,lrange5,1000000,1288659.75
697,lpush5,1000000,819013.94
697,lrange5,1000000,1284025.75
698,lpush5,1000000,828739.00
698,lrange5,1000000,1240774.25
699,lpush5,1000000,823058.44
699,lrange5,1000000,1200653.00
700,lpush5,1000000,819092.56
700,lrange5,1000000,1191914.25
701,lpush5,1000000,832692.75
701,lrange5,1000000,1275551.00
702,lpush5,1000000,827315.12
702,lrange5,1000000,1278997.38
703,lpush5,1000000,825082.50
703,lrange5,1000000,1287001.25
704,lpush5,1000000,821745.25
704,lrange5,1000000,1265984.75
705,lpush5,1000000,834831.44
705,lrange5,1000000,1278915.62
706,lpush5,1000000,821692.69
706,lrange5,1000000,1264222.50
707,lpush5,1000000,827129.88
707,lrange5,1000000,1200729.88
708,lpush5,1000000,822421.06
708,lrange5,1000000,1189365.00
709,lpush5,1000000,832066.56
709,lrange5,1000000,1182297.88
710,lpush5,1000000,821863.62
710,lrange5,1000000,1196248.75
711,lpush5,1000000,819711.44
711,lrange5,1000000,1237782.12
712,lpush5,1000000,816326.50
712,lrange5,1000000,1197853.88
713,lpush5,1000000,821824.12
713,lrange5,1000000,1205108.50
714,lpush5,1000000,825082.50
714,lrange5,1000000,1262888.88
715,lpush5,1000000,832746.06
715,lrange5,1000000,1203446.50
716,lpush5,1000000,835448.62
716,lrange5,1000000,1285388.12
717,lpush5,1000000,823894.56
717,lrange5,1000000,1278977.00
718,lpush5,1000000,812360.69
718,lrange5,1000000,1288680.38
719,lpush5,1000000,821083.69
719,lrange5,1000000,1265822.75
720,lpush5,1000000,820515.19
720,lrange5,1000000,1261215.62
721,lpush5,1000000,832692.75
721,lrange5,1000000,1293723.12
722,lpush5,1000000,824415.44
722,lrange5,1000000,1190514.38
723,lpush5,1000000,822381.62
723,lrange5,1000000,1272427.50
724,lpush5,1000000,826001.69
724,lrange5,1000000,1274028.00
725,lpush5,1000000,825882.75
725,lrange5,1000000,1185042.62
726,lpush5,1000000,821745.25
726,lrange5,1000000,1288680.38
727,lpush5,1000000,821123.12
727,lrange5,1000000,1278915.62
728,lpush5,1000000,820357.69
728,lrange5,1000000,1280635.00
729,lpush5,1000000,809833.19
729,lrange5,1000000,1261074.38
730,lpush5,1000000,819685.25
730,lrange5,1000000,1285347.00
731,lpush5,1000000,827867.56
731,lrange5,1000000,1199136.75
732,lpush5,1000000,815712.94
732,lrange5,1000000,1261074.38
733,lpush5,1000000,823736.44
733,lrange5,1000000,1273885.25
734,lpush5,1000000,824402.25
734,lrange5,1000000,1290446.50
735,lpush5,1000000,832679.44
735,lrange5,1000000,1285511.62
736,lpush5,1000000,811831.19
736,lrange5,1000000,1280573.62
737,lpush5,1000000,817189.56
737,lrange5,1000000,1287001.25
738,lpush5,1000000,812347.75
738,lrange5,1000000,1200576.25
739,lpush5,1000000,825948.81
739,lrange5,1000000,1248559.25
740,lpush5,1000000,821031.19
740,lrange5,1000000,1288680.38
741,lpush5,1000000,821797.88
741,lrange5,1000000,1272427.50
742,lpush5,1000000,833399.94
742,lrange5,1000000,1277180.12
743,lpush5,1000000,823216.44
743,lrange5,1000000,1287001.25
744,lpush5,1000000,817006.56
744,lrange5,1000000,1273966.88
745,lpush5,1000000,824455.00
745,lrange5,1000000,1239296.12
746,lpush5,1000000,814384.31
746,lrange5,1000000,1287042.50
747,lpush5,1000000,830021.56
747,lrange5,1000000,1189479.12
748,lpush5,1000000,825082.50
748,lrange5,1000000,1293681.75
749,lpush5,1000000,816378.75
749,lrange5,1000000,1272366.38
750,lpush5,1000000,832652.81
750,lrange5,1000000,1202173.00
751,lpush5,1000000,813034.12
751,lrange5,1000000,1264263.00
752,lpush5,1000000,827947.06
752,lrange5,1000000,1288783.50
753,lpush5,1000000,821070.56
753,lrange5,1000000,1200518.62
754,lpush5,1000000,823295.44
754,lrange5,1000000,1256301.50
755,lpush5,1000000,820410.19
755,lrange5,1000000,1132684.00
756,lpush5,1000000,823137.44
756,lrange5,1000000,1292134.38
757,lpush5,1000000,834175.12
757,lrange5,1000000,1199405.25
758,lpush5,1000000,826459.50
758,lrange5,1000000,1283738.12
759,lpush5,1000000,815008.94
759,lrange5,1000000,1292010.38
760,lpush5,1000000,823736.44
760,lrange5,1000000,1290363.88
761,lpush5,1000000,821692.69
761,lrange5,1000000,1269076.12
762,lpush5,1000000,827341.62
762,lrange5,1000000,1275673.50
763,lpush5,1000000,819672.12
763,lrange5,1000000,1206369.12
764,lpush5,1000000,825174.94
764,lrange5,1000000,1283881.88
765,lpush5,1000000,822434.25
765,lrange5,1000000,1257881.75
766,lpush5,1000000,827933.81
766,lrange5,1000000,1202288.38
767,lpush5,1000000,823203.25
767,lrange5,1000000,1144219.62
768,lpush5,1000000,827827.88
768,lrange5,1000000,1204877.12
769,lpush5,1000000,815178.50
769,lrange5,1000000,1248619.25
770,lpush5,1000000,829200.69
770,lrange5,1000000,1293702.50
771,lpush5,1000000,815673.75
771,lrange5,1000000,1293785.25
772,lpush5,1000000,830101.19
772,lrange5,1000000,1278772.38
773,lpush5,1000000,827156.31
773,lrange5,1000000,1253273.25
774,lpush5,1000000,825948.81
774,lrange5,1000000,1140524.50
775,lpush5,1000000,825869.56
775,lrange5,1000000,1285511.62
776,lpush5,1000000,819000.88
776,lrange5,1000000,1269055.88
777,lpush5,1000000,826472.69
777,lrange5,1000000,1218221.75
778,lpush5,1000000,825763.88
778,lrange5,1000000,1283717.62
779,lpush5,1000000,825082.50
779,lrange5,1000000,1192104.88
780,lpush5,1000000,823736.44
780,lrange5,1000000,1245369.88
781,lpush5,1000000,824521.00
781,lrange5,1000000,1189269.88
782,lpush5,1000000,832852.62
782,lrange5,1000000,1275571.50
783,lpush5,1000000,827196.06
783,lrange5,1000000,1275510.25
784,lpush5,1000000,829915.31
784,lrange5,1000000,1176903.50
785,lpush5,1000000,827143.12
785,lrange5,1000000,1225549.00
786,lpush5,1000000,828593.19
786,lrange5,1000000,1261215.62
787,lpush5,1000000,817713.81
787,lrange5,1000000,1264303.38
788,lpush5,1000000,820423.31
788,lrange5,1000000,1262767.62
789,lpush5,1000000,821876.75
789,lrange5,1000000,1191971.38
790,lpush5,1000000,826446.25
790,lrange5,1000000,1277323.12
791,lpush5,1000000,817058.81
791,lrange5,1000000,1239296.12
792,lpush5,1000000,830710.94
792,lrange5,1000000,1256442.25
793,lpush5,1000000,821719.00
793,lrange5,1000000,1285388.12
794,lpush5,1000000,826472.69
794,lrange5,1000000,1195010.75
795,lpush5,1000000,823775.94
795,lrange5,1000000,1190552.38
796,lpush5,1000000,817045.75
796,lrange5,1000000,1277445.75
797,lpush5,1000000,821149.38
797,lrange5,1000000,1200883.50
798,lpush5,1000000,827301.94
798,lrange5,1000000,1234627.12
799,lpush5,1000000,832053.25
799,lrange5,1000000,1187724.50
800,lpush5,1000000,822421.06
800,lrange5,1000000,1288762.88
801,lpush5,1000000,823124.25
801,lrange5,1000000,1194800.50
802,lpush5,1000000,822552.69
802,lrange5,1000000,1280471.12
803,lpush5,1000000,825909.19
803,lrange5,1000000,1277159.62
804,lpush5,1000000,821149.38
804,lrange5,1000000,1297016.88
805,lpush5,1000000,825135.31
805,lrange5,1000000,1292051.75
806,lpush5,1000000,815778.19
806,lrange5,1000000,1264384.25
807,lpush5,1000000,821732.12
807,lrange5,1000000,1230169.75
808,lpush5,1000000,821215.06
808,lrange5,1000000,1272366.38
809,lpush5,1000000,829888.75
809,lrange5,1000000,1210886.25
810,lpush5,1000000,831986.69
810,lrange5,1000000,1270831.00
811,lpush5,1000000,829902.06
811,lrange5,1000000,1211021.88
812,lpush5,1000000,827315.12
812,lrange5,1000000,1195182.75
813,lpush5,1000000,821083.69
813,lrange5,1000000,1145512.00
814,lpush5,1000000,820344.56
814,lrange5,1000000,1287207.25
815,lpush5,1000000,819000.88
815,lrange5,1000000,1204877.12
816,lpush5,1000000,819105.69
816,lrange5,1000000,1270688.75
817,lpush5,1000000,821215.06
817,lrange5,1000000,1200691.50
818,lpush5,1000000,811896.12
818,lrange5,1000000,1196497.62
819,lpush5,1000000,820449.56
819,lrange5,1000000,1216622.88
820,lpush5,1000000,817215.69
820,lrange5,1000000,1272264.62
821,lpush5,1000000,822368.44
821,lrange5,1000000,1292134.38
822,lpush5,1000000,819685.25
822,lrange5,1000000,1278915.62
823,lpush5,1000000,825306.94
823,lrange5,1000000,1203677.50
824,lpush5,1000000,826552.06
824,lrange5,1000000,1218104.75
825,lpush5,1000000,816535.50
825,lrange5,1000000,1193546.50
826,lpush5,1000000,821876.75
826,lrange5,1000000,1256361.75
827,lpush5,1000000,822486.88
827,lrange5,1000000,1267508.25
828,lpush5,1000000,829373.12
828,lrange5,1000000,1193622.88
829,lpush5,1000000,827156.31
829,lrange5,1000000,1269218.25
830,lpush5,1000000,823723.25
830,lrange5,1000000,1197930.62
831,lpush5,1000000,827973.56
831,lrange5,1000000,1253193.00
832,lpush5,1000000,821876.75
832,lrange5,1000000,1200729.88
833,lpush5,1000000,815008.94
833,lrange5,1000000,1248599.25
834,lpush5,1000000,818513.94
834,lrange5,1000000,1259466.00
835,lpush5,1000000,823802.31
835,lrange5,1000000,1189346.00
836,lpush5,1000000,819053.25
836,lrange5,1000000,1225490.25
837,lpush5,1000000,827209.25
837,lrange5,1000000,1191990.50
838,lpush5,1000000,824639.69
838,lrange5,1000000,1188009.50
839,lpush5,1000000,821018.00
839,lrange5,1000000,1245628.88
840,lpush5,1000000,828079.50
840,lrange5,1000000,1298763.62
841,lpush5,1000000,829267.00
841,lrange5,1000000,1295336.75
842,lpush5,1000000,812516.69
842,lrange5,1000000,1282092.38
843,lpush5,1000000,835555.56
843,lrange5,1000000,1205031.38
844,lpush5,1000000,826657.81
844,lrange5,1000000,1183791.62
845,lpush5,1000000,829213.94
845,lrange5,1000000,1266005.00
846,lpush5,1000000,817713.81
846,lrange5,1000000,1131330.25
847,lpush5,1000000,817202.62
847,lrange5,1000000,1199155.88
848,lpush5,1000000,837561.12
848,lrange5,1000000,1190628.62
849,lpush5,1000000,819750.81
849,lrange5,1000000,1272427.50
850,lpush5,1000000,836860.19
850,lrange5,1000000,1287042.50
851,lpush5,1000000,819040.19
851,lrange5,1000000,1272427.50
852,lpush5,1000000,832119.81
852,lrange5,1000000,1180637.50
853,lpush5,1000000,810463.56
853,lrange5,1000000,1193470.12
854,lpush5,1000000,820410.19
854,lrange5,1000000,1267488.00
855,lpush5,1000000,825975.25
855,lrange5,1000000,1262929.25
856,lpush5,1000000,823255.94
856,lrange5,1000000,1245389.88
857,lpush5,1000000,826001.69
857,lrange5,1000000,1206388.38
858,lpush5,1000000,826512.38
858,lrange5,1000000,1254845.62
859,lpush5,1000000,821824.12
859,lrange5,1000000,1275551.00
860,lpush5,1000000,824402.25
860,lrange5,1000000,1283881.88
861,lpush5,1000000,831494.62
861,lrange5,1000000,1270749.62
862,lpush5,1000000,832666.12
862,lrange5,1000000,1240714.62
863,lpush5,1000000,823775.94
863,lrange5,1000000,1173971.88
864,lpush5,1000000,821863.62
864,lrange5,1000000,1202038.38
865,lpush5,1000000,829888.75
865,lrange5,1000000,1206369.12
866,lpush5,1000000,836873.62
866,lrange5,1000000,1231625.62
867,lpush5,1000000,824586.94
867,lrange5,1000000,1193756.62
868,lpush5,1000000,828540.19
868,lrange5,1000000,1273946.50
869,lpush5,1000000,832719.44
869,lrange5,1000000,1288845.38
870,lpush5,1000000,821241.31
870,lrange5,1000000,1213631.12
871,lpush5,1000000,823071.56
871,lrange5,1000000,1254725.25
872,lpush5,1000000,822552.69
872,lrange5,1000000,1278977.00
873,lpush5,1000000,817779.19
873,lrange5,1000000,1290322.62
874,lpush5,1000000,820436.44
874,lrange5,1000000,1262787.88
875,lpush5,1000000,827341.62
875,lrange5,1000000,1297203.62
876,lpush5,1000000,835435.25
876,lrange5,1000000,1176771.75
877,lpush5,1000000,823216.44
877,lrange5,1000000,1278833.75
878,lpush5,1000000,827827.88
878,lrange5,1000000,1246962.62
879,lpush5,1000000,832039.94
879,lrange5,1000000,1270749.62
880,lpush5,1000000,826446.25
880,lrange5,1000000,1283881.88
881,lpush5,1000000,841885.56
881,lrange5,1000000,1262666.62
882,lpush5,1000000,823855.06
882,lrange5,1000000,1275530.62
883,lpush5,1000000,826472.69
883,lrange5,1000000,1245549.25
884,lpush5,1000000,824415.44
884,lrange5,1000000,1265883.50
885,lpush5,1000000,819184.31
885,lrange5,1000000,1277241.38
886,lpush5,1000000,827249.00
886,lrange5,1000000,1285532.12
887,lpush5,1000000,828725.75
887,lrange5,1000000,1290363.88
888,lpush5,1000000,826552.06
888,lrange5,1000000,1262626.25
889,lpush5,1000000,825896.00
889,lrange5,1000000,1187971.50
890,lpush5,1000000,815739.00
890,lrange5,1000000,1285347.00
891,lpush5,1000000,827368.06
891,lrange5,1000000,1261175.25
892,lpush5,1000000,823124.25
892,lrange5,1000000,1180807.50
893,lpush5,1000000,814995.94
893,lrange5,1000000,1277180.12
894,lpush5,1000000,823269.12
894,lrange5,1000000,1290529.12
895,lpush5,1000000,818330.62
895,lrange5,1000000,1261054.25
896,lpush5,1000000,832106.50
896,lrange5,1000000,1283840.88
897,lpush5,1000000,827169.56
897,lrange5,1000000,1275591.88
898,lpush5,1000000,822434.25
898,lrange5,1000000,1272305.38
899,lpush5,1000000,821692.69
899,lrange5,1000000,1282133.38
900,lpush5,1000000,817058.81
900,lrange5,1000000,1288680.38
901,lpush5,1000000,826485.94
901,lrange5,1000000,1272468.12
902,lpush5,1000000,826446.25
902,lrange5,1000000,1191914.25
903,lpush5,1000000,832026.62
903,lrange5,1000000,1270709.00
904,lpush5,1000000,821916.19
904,lrange5,1000000,1203600.50
905,lpush5,1000000,834108.44
905,lrange5,1000000,1199366.88
906,lpush5,1000000,828500.38
906,lrange5,1000000,1295399.00
907,lpush5,1000000,822552.69
907,lrange5,1000000,1202326.88
908,lpush5,1000000,832652.81
908,lrange5,1000000,1197853.88
909,lpush5,1000000,827814.62
909,lrange5,1000000,1216603.38
910,lpush5,1000000,813682.69
910,lrange5,1000000,1290467.12
911,lpush5,1000000,821070.56
911,lrange5,1000000,1254905.88
912,lpush5,1000000,825174.94
912,lrange5,1000000,1242414.88
913,lpush5,1000000,819105.69
913,lrange5,1000000,1288721.62
914,lpush5,1000000,819131.88
914,lrange5,1000000,1293743.88
915,lpush5,1000000,834028.38
915,lrange5,1000000,1283820.25
916,lpush5,1000000,821018.00
916,lrange5,1000000,1275510.25
917,lpush5,1000000,826604.94
917,lrange5,1000000,1190723.88
918,lpush5,1000000,822368.44
918,lrange5,1000000,1196210.50
919,lpush5,1000000,813047.12
919,lrange5,1000000,1262686.88
920,lpush5,1000000,833479.94
920,lrange5,1000000,1203658.25
921,lpush5,1000000,817674.56
921,lrange5,1000000,1246922.75
922,lpush5,1000000,832013.31
922,lrange5,1000000,1240754.38
923,lpush5,1000000,823855.06
923,lrange5,1000000,1169852.62
924,lpush5,1000000,819210.50
924,lrange5,1000000,1273966.88
925,lpush5,1000000,817779.19
925,lrange5,1000000,1178157.88
926,lpush5,1000000,817661.44
926,lrange5,1000000,1206291.88
927,lpush5,1000000,821916.19
927,lrange5,1000000,1262646.50
928,lpush5,1000000,827235.75
928,lrange5,1000000,1187971.50
929,lpush5,1000000,824560.56
929,lrange5,1000000,1198026.38
930,lpush5,1000000,838953.00
930,lrange5,1000000,1280430.25
931,lpush5,1000000,831268.50
931,lrange5,1000000,1269035.50
932,lpush5,1000000,821692.69
932,lrange5,1000000,1261074.38
933,lpush5,1000000,819829.50
933,lrange5,1000000,1237623.75
934,lpush5,1000000,820357.69
934,lrange5,1000000,1199079.12
935,lpush5,1000000,817674.56
935,lrange5,1000000,1236113.75
936,lpush5,1000000,816352.62
936,lrange5,1000000,1189308.00
937,lpush5,1000000,825095.69
937,lrange5,1000000,1261135.00
938,lpush5,1000000,822539.50
938,lrange5,1000000,1246902.75
939,lpush5,1000000,818383.00
939,lrange5,1000000,1215183.50
940,lpush5,1000000,819236.75
940,lrange5,1000000,1193737.50
941,lpush5,1000000,824455.00
941,lrange5,1000000,1283697.12
942,lpush5,1000000,814514.62
942,lrange5,1000000,1288659.75
943,lpush5,1000000,819672.12
943,lrange5,1000000,1189308.00
944,lpush5,1000000,823775.94
944,lrange5,1000000,1193374.75
945,lpush5,1000000,822407.94
945,lrange5,1000000,1265924.00
946,lpush5,1000000,823775.94
946,lrange5,1000000,1185061.62
947,lpush5,1000000,826604.94
947,lrange5,1000000,1193603.88
948,lpush5,1000000,830657.81
948,lrange5,1000000,1183791.62
949,lpush5,1000000,827129.88
949,lrange5,1000000,1182033.12
950,lpush5,1000000,821175.69
950,lrange5,1000000,1269035.50
951,lpush5,1000000,817870.75
951,lrange5,1000000,1267589.38
952,lpush5,1000000,817176.50
952,lrange5,1000000,1270688.75
953,lpush5,1000000,815869.50
953,lrange5,1000000,1266065.75
954,lpush5,1000000,823907.75
954,lrange5,1000000,1197643.12
955,lpush5,1000000,823841.88
955,lrange5,1000000,1283881.88
956,lpush5,1000000,834068.38
956,lrange5,1000000,1212160.00
957,lpush5,1000000,821083.69
957,lrange5,1000000,1295481.88
958,lpush5,1000000,829253.75
958,lrange5,1000000,1298846.75
959,lpush5,1000000,819842.62
959,lrange5,1000000,1269116.75
960,lpush5,1000000,823163.75
960,lrange5,1000000,1267609.62
961,lpush5,1000000,823071.56
961,lrange5,1000000,1196363.62
962,lpush5,1000000,821705.81
962,lrange5,1000000,1245389.88
963,lpush5,1000000,817713.81
963,lrange5,1000000,1270749.62
964,lpush5,1000000,822539.50
964,lrange5,1000000,1282215.38
965,lpush5,1000000,821057.44
965,lrange5,1000000,1190819.12
966,lpush5,1000000,827129.88
966,lrange5,1000000,1230091.00
967,lpush5,1000000,828540.19
967,lrange5,1000000,1269035.50
968,lpush5,1000000,823723.25
968,lrange5,1000000,1207729.50
969,lpush5,1000000,826499.12
969,lrange5,1000000,1295481.88
970,lpush5,1000000,823947.31
970,lrange5,1000000,1250000.00
971,lpush5,1000000,823828.69
971,lrange5,1000000,1257922.00
972,lpush5,1000000,816457.12
972,lrange5,1000000,1245529.25
973,lpush5,1000000,822539.50
973,lrange5,1000000,1257901.88
974,lpush5,1000000,819777.00
974,lrange5,1000000,1290425.88
975,lpush5,1000000,825882.75
975,lrange5,1000000,1187914.50
976,lpush5,1000000,829253.75
976,lrange5,1000000,1261235.88
977,lpush5,1000000,817006.56
977,lrange5,1000000,1280450.62
978,lpush5,1000000,827129.88
978,lrange5,1000000,1275510.25
979,lpush5,1000000,828553.44
979,lrange5,1000000,1262626.25
980,lpush5,1000000,821228.19
980,lrange5,1000000,1204935.00
981,lpush5,1000000,816326.50
981,lrange5,1000000,1290467.12
982,lpush5,1000000,829306.81
982,lrange5,1000000,1283820.25
983,lpush5,1000000,825829.94
983,lrange5,1000000,1288824.75
984,lpush5,1000000,827249.00
984,lrange5,1000000,1206369.12
985,lpush5,1000000,819210.50
985,lrange5,1000000,1267447.50
986,lpush5,1000000,821083.69
986,lrange5,1000000,1230268.12
987,lpush5,1000000,831295.12
987,lrange5,1000000,1272285.00
988,lpush5,1000000,827182.81
988,lrange5,1000000,1283697.12
989,lpush5,1000000,820502.06
989,lrange5,1000000,1292010.38
990,lpush5,1000000,832039.94
990,lrange5,1000000,1212140.62
991,lpush5,1000000,818487.75
991,lrange5,1000000,1290487.75
992,lpush5,1000000,819131.88
992,lrange5,1000000,1290508.38
993,lpush5,1000000,836927.19
993,lrange5,1000000,1199079.12
994,lpush5,1000000,822526.31
994,lrange5,1000000,1272305.38
995,lpush5,1000000,832000.00
995,lrange5,1000000,1236093.88
996,lpush5,1000000,818330.62
996,lrange5,1000000,1291989.62
997,lpush5,1000000,831255.25
997,lrange5,1000000,1275530.62
998,lpush5,1000000,821057.44
998,lrange5,1000000,1233223.25
999,lpush5,1000000,826446.25
999,lrange5,1000000,1287269.00
1000,lpush5,1000000,823775.94
1000,lrange5,1000000,1278792.88
1001,lpush5,1000000,815817.31
1001,lrange5,1000000,1290425.88
1002,lpush5,1000000,813164.19
1002,lrange5,1000000,1283861.38
1003,lpush5,1000000,817674.56
1003,lrange5,1000000,1290363.88
1004,lpush5,1000000,813734.75
1004,lrange5,1000000,1277343.62
1005,lpush5,1000000,829955.19
1005,lrange5,1000000,1290487.75
1006,lpush5,1000000,826512.38
1006,lrange5,1000000,1245330.00
1007,lpush5,1000000,829915.31
1007,lrange5,1000000,1278792.88
1008,lpush5,1000000,832652.81
1008,lrange5,1000000,1273905.75
1009,lpush5,1000000,825816.69
1009,lrange5,1000000,1240694.75
1010,lpush5,1000000,831295.12
1010,lrange5,1000000,1277180.12
1011,lpush5,1000000,827129.88
1011,lrange5,1000000,1239236.75
1012,lpush5,1000000,821070.56
1012,lrange5,1000000,1210770.00
1013,lpush5,1000000,820528.31
1013,lrange5,1000000,1269076.12
1014,lpush5,1000000,816391.81
1014,lrange5,1000000,1269218.25
1015,lpush5,1000000,817857.69
1015,lrange5,1000000,1275653.12
1016,lpush5,1000000,823071.56
1016,lrange5,1000000,1230169.75
1017,lpush5,1000000,831960.06
1017,lrange5,1000000,1277302.75
1018,lpush5,1000000,821057.44
1018,lrange5,1000000,1275693.88
1019,lpush5,1000000,819013.94
1019,lrange5,1000000,1191914.25
1020,lpush5,1000000,815035.06
1020,lrange5,1000000,1259506.25
1021,lpush5,1000000,825188.12
1021,lrange5,1000000,1275551.00
1022,lpush5,1000000,821705.81
1022,lrange5,1000000,1287207.25
1023,lpush5,1000000,816431.00
1023,lrange5,1000000,1285367.62
1024,lpush5,1000000,818383.00
1024,lrange5,1000000,1288680.38
1025,lpush5,1000000,817818.44
1025,lrange5,1000000,1253132.88
1026,lpush5,1000000,826001.69
1026,lrange5,1000000,1291989.62
1027,lpush5,1000000,828646.19
1027,lrange5,1000000,1216545.00
1028,lpush5,1000000,826671.06
1028,lrange5,1000000,1194991.62
1029,lpush5,1000000,835488.69
1029,lrange5,1000000,1234627.12
1030,lpush5,1000000,807283.31
1030,lrange5,1000000,1280450.62
1031,lpush5,1000000,824534.19
1031,lrange5,1000000,1270668.38
1032,lpush5,1000000,818330.62
1032,lrange5,1000000,1285408.75
1033,lpush5,1000000,817713.81
1033,lrange5,1000000,1267589.38
1034,lpush5,1000000,829928.62
1034,lrange5,1000000,813086.19
1035,lpush5,1000000,757624.19
1035,lrange5,1000000,1272468.12
1036,lpush5,1000000,829875.50
1036,lrange5,1000000,1272366.38
1037,lpush5,1000000,824547.38
1037,lrange5,1000000,1272305.38
1038,lpush5,1000000,827827.88
1038,lrange5,1000000,1293743.88
1039,lpush5,1000000,826525.62
1039,lrange5,1000000,1189136.75
1040,lpush5,1000000,820397.06
1040,lrange5,1000000,1288762.88
1041,lpush5,1000000,813008.12
1041,lrange5,1000000,1199079.12
1042,lpush5,1000000,827854.31
1042,lrange5,1000000,1210770.00
1043,lpush5,1000000,825227.69
1043,lrange5,1000000,1256361.75
1044,lpush5,1000000,828500.38
1044,lrange5,1000000,1272447.88
1045,lpush5,1000000,821070.56
1045,lrange5,1000000,1190819.12
1046,lpush5,1000000,825135.31
1046,lrange5,1000000,1288742.25
1047,lpush5,1000000,815048.06
1047,lrange5,1000000,1189384.00
1048,lpush5,1000000,826499.12
1048,lrange5,1000000,1283697.12
1049,lpush5,1000000,822486.88
1049,lrange5,1000000,1254745.25
1050,lpush5,1000000,828540.19
1050,lrange5,1000000,1272447.88
1051,lpush5,1000000,827129.88
1051,lrange5,1000000,1203696.75
1052,lpush5,1000000,828606.44
1052,lrange5,1000000,1185118.50
1053,lpush5,1000000,830657.81
1053,lrange5,1000000,1295399.00
1054,lpush5,1000000,820488.94
1054,lrange5,1000000,1187762.50
1055,lpush5,1000000,821692.69
1055,lrange5,1000000,1261054.25
1056,lpush5,1000000,818422.25
1056,lrange5,1000000,1290343.25
1057,lpush5,1000000,818474.62
1057,lrange5,1000000,1193756.62
1058,lpush5,1000000,823736.44
1058,lrange5,1000000,1267467.75
1059,lpush5,1000000,811250.56
1059,lrange5,1000000,1290343.25
1060,lpush5,1000000,827894.06
1060,lrange5,1000000,1262626.25
1061,lpush5,1000000,817726.88
1061,lrange5,1000000,1292010.38
1062,lpush5,1000000,838437.56
1062,lrange5,1000000,1193527.50
1063,lpush5,1000000,819066.38
1063,lrange5,1000000,1274007.62
1064,lpush5,1000000,822368.44
1064,lrange5,1000000,1202134.62
1065,lpush5,1000000,822368.44
1065,lrange5,1000000,1211060.62
1066,lpush5,1000000,827222.50
1066,lrange5,1000000,1285388.12
1067,lpush5,1000000,821745.25
1067,lrange5,1000000,1278772.38
1068,lpush5,1000000,821123.12
1068,lrange5,1000000,1192200.25
1069,lpush5,1000000,817661.44
1069,lrange5,1000000,1278792.88
1070,lpush5,1000000,813695.69
1070,lrange5,1000000,1212295.75
1071,lpush5,1000000,819816.38
1071,lrange5,1000000,1292051.75
1072,lpush5,1000000,833346.62
1072,lrange5,1000000,1203812.38
1073,lpush5,1000000,824441.81
1073,lrange5,1000000,1198007.25
1074,lpush5,1000000,825935.62
1074,lrange5,1000000,1200518.62
1075,lpush5,1000000,819000.88
1075,lrange5,1000000,1250140.00
1076,lpush5,1000000,821705.81
1076,lrange5,1000000,1196325.38
1077,lpush5,1000000,823097.94
1077,lrange5,1000000,1193661.12
1078,lpush5,1000000,821096.81
1078,lrange5,1000000,1273885.25
1079,lpush5,1000000,833506.62
1079,lrange5,1000000,1278915.62
1080,lpush5,1000000,829359.88
1080,lrange5,1000000,1280471.12
1081,lpush5,1000000,826446.25
1081,lrange5,1000000,1205166.25
1082,lpush5,1000000,821745.25
1082,lrange5,1000000,1267569.12
1083,lpush5,1000000,830671.12
1083,lrange5,1000000,1280450.62
1084,lpush5,1000000,823058.44
1084,lrange5,1000000,1280512.12
1085,lpush5,1000000,823775.94
1085,lrange5,1000000,1205147.00
1086,lpush5,1000000,830564.81
1086,lrange5,1000000,1285470.50
1087,lpush5,1000000,828513.69
1087,lrange5,1000000,1243960.12
1088,lpush5,1000000,815660.69
1088,lrange5,1000000,1200557.00
1089,lpush5,1000000,819000.88
1089,lrange5,1000000,1264384.25
1090,lpush5,1000000,815074.19
1090,lrange5,1000000,1283923.00
1091,lpush5,1000000,821824.12
1091,lrange5,1000000,1287021.88
1092,lpush5,1000000,822407.94
1092,lrange5,1000000,1280614.62
1093,lpush5,1000000,817032.69
1093,lrange5,1000000,1277302.75
1094,lpush5,1000000,815660.69
1094,lrange5,1000000,1239276.38
1095,lpush5,1000000,811740.25
1095,lrange5,1000000,1270770.00
1096,lpush5,1000000,825148.50
1096,lrange5,1000000,1240694.75
1097,lpush5,1000000,818461.56
1097,lrange5,1000000,1264222.50
1098,lpush5,1000000,815139.38
1098,lrange5,1000000,1216720.12
1099,lpush5,1000000,817792.25
1099,lrange5,1000000,1190819.12
1100,lpush5,1000000,826446.25
1100,lrange5,1000000,1287166.00
1101,lpush5,1000000,825188.12
1101,lrange5,1000000,1199232.62
1102,lpush5,1000000,820515.19
1102,lrange5,1000000,1230110.62
1103,lpush5,1000000,831308.44
1103,lrange5,1000000,1213631.12
1104,lpush5,1000000,821903.06
1104,lrange5,1000000,1272447.88
1105,lpush5,1000000,814345.25
1105,lrange5,1000000,1204973.50
1106,lpush5,1000000,823907.75
1106,lrange5,1000000,1273946.50
1107,lpush5,1000000,825856.31
1107,lrange5,1000000,1186315.50
1108,lpush5,1000000,833453.31
1108,lrange5,1000000,1285347.00
1109,lpush5,1000000,828513.69
1109,lrange5,1000000,1194743.12
1110,lpush5,1000000,827854.31
1110,lrange5,1000000,1197949.75
1111,lpush5,1000000,829941.88
1111,lrange5,1000000,1288845.38
1112,lpush5,1000000,821031.19
1112,lrange5,1000000,1287248.38
1113,lpush5,1000000,824415.44
1113,lrange5,1000000,1201961.50
1114,lpush5,1000000,831308.44
1114,lrange5,1000000,1143040.00
1115,lpush5,1000000,836900.38
1115,lrange5,1000000,1192009.50
1116,lpush5,1000000,839657.44
1116,lrange5,1000000,1175238.50
1117,lpush5,1000000,821758.44
1117,lrange5,1000000,1189174.75
1118,lpush5,1000000,825227.69
1118,lrange5,1000000,1222709.00
1119,lpush5,1000000,821175.69
1119,lrange5,1000000,1251624.50
1120,lpush5,1000000,826485.94
1120,lrange5,1000000,1259526.38
1121,lpush5,1000000,823137.44
1121,lrange5,1000000,1225509.88
1122,lpush5,1000000,827880.81
1122,lrange5,1000000,1270709.00
1123,lpush5,1000000,825962.06
1123,lrange5,1000000,1269157.38
1124,lpush5,1000000,833479.94
1124,lrange5,1000000,1262808.12
1125,lpush5,1000000,830617.94
1125,lrange5,1000000,1277159.62
1126,lpush5,1000000,829981.69
1126,lrange5,1000000,1270851.38
1127,lpush5,1000000,825161.69
1127,lrange5,1000000,1248439.50
1128,lpush5,1000000,829200.69
1128,lrange5,1000000,1282092.38
1129,lpush5,1000000,829955.19
1129,lrange5,1000000,1261034.12
1130,lpush5,1000000,825763.88
1130,lrange5,1000000,1280635.00
1131,lpush5,1000000,819685.25
1131,lrange5,1000000,944468.38
1132,lpush5,1000000,835609.00
1132,lrange5,1000000,1264263.00
1133,lpush5,1000000,827275.44
1133,lrange5,1000000,1277384.38
1134,lpush5,1000000,824468.25
1134,lrange5,1000000,1292196.38
1135,lpush5,1000000,821811.00
1135,lrange5,1000000,1283697.12
1136,lpush5,1000000,830750.81
1136,lrange5,1000000,1287001.25
1137,lpush5,1000000,829915.31
1137,lrange5,1000000,1274089.12
1138,lpush5,1000000,824415.44
1138,lrange5,1000000,1278956.50
1139,lpush5,1000000,821850.44
1139,lrange5,1000000,1201923.00
1140,lpush5,1000000,819711.44
1140,lrange5,1000000,1293826.62
1141,lpush5,1000000,817045.75
1141,lrange5,1000000,1184928.88
1142,lpush5,1000000,821850.44
1142,lrange5,1000000,1242236.00
1143,lpush5,1000000,821070.56
1143,lrange5,1000000,1290322.62
1144,lpush5,1000000,821070.56
1144,lrange5,1000000,1245569.12
1145,lpush5,1000000,814384.31
1145,lrange5,1000000,1287001.25
1146,lpush5,1000000,821070.56
1146,lrange5,1000000,1275510.25
1147,lpush5,1000000,817045.75
1147,lrange5,1000000,1290363.88
1148,lpush5,1000000,823124.25
1148,lrange5,1000000,1288721.62
1149,lpush5,1000000,819803.25
1149,lrange5,1000000,1287063.00
1150,lpush5,1000000,828593.19
1150,lrange5,1000000,1191914.25
1151,lpush5,1000000,833546.62
1151,lrange5,1000000,1277241.38
1152,lpush5,1000000,831361.62
1152,lrange5,1000000,1283923.00
1153,lpush5,1000000,831321.75
1153,lrange5,1000000,1209383.25
1154,lpush5,1000000,833386.62
1154,lrange5,1000000,1197662.25
1155,lpush5,1000000,829240.50
1155,lrange5,1000000,1272325.62
1156,lpush5,1000000,817674.56
1156,lrange5,1000000,1203716.00
1157,lpush5,1000000,827249.00
1157,lrange5,1000000,1194819.62
1158,lpush5,1000000,825254.12
1158,lrange5,1000000,1233282.38
1159,lpush5,1000000,815830.38
1159,lrange5,1000000,1277343.62
1160,lpush5,1000000,822381.62
1160,lrange5,1000000,1193470.12
1161,lpush5,1000000,815660.69
1161,lrange5,1000000,1193508.38
1162,lpush5,1000000,822381.62
1162,lrange5,1000000,1293661.00
1163,lpush5,1000000,824507.81
1163,lrange5,1000000,1183488.75
1164,lpush5,1000000,825135.31
1164,lrange5,1000000,1193680.25
1165,lpush5,1000000,815035.06
1165,lrange5,1000000,1256341.75
1166,lpush5,1000000,833413.31
1166,lrange5,1000000,1282071.88
1167,lpush5,1000000,830671.12
1167,lrange5,1000000,1280430.25
1168,lpush5,1000000,828566.69
1168,lrange5,1000000,1269137.12
1169,lpush5,1000000,821863.62
1169,lrange5,1000000,1264364.12
1170,lpush5,1000000,821044.31
1170,lrange5,1000000,1277180.12
1171,lpush5,1000000,819210.50
1171,lrange5,1000000,1272285.00
1172,lpush5,1000000,821228.19
1172,lrange5,1000000,1240734.50
1173,lpush5,1000000,827209.25
1173,lrange5,1000000,1288845.38
1174,lpush5,1000000,821758.44
1174,lrange5,1000000,1251664.50
1175,lpush5,1000000,821876.75
1175,lrange5,1000000,1285511.62
1176,lpush5,1000000,818409.19
1176,lrange5,1000000,1190723.88
1177,lpush5,1000000,825816.69
1177,lrange5,1000000,1265944.25
1178,lpush5,1000000,823881.38
1178,lrange5,1000000,1270790.38
1179,lpush5,1000000,817150.31
1179,lrange5,1000000,1190876.25
1180,lpush5,1000000,814397.38
1180,lrange5,1000000,1285367.62
1181,lpush5,1000000,828500.38
1181,lrange5,1000000,1256462.25
1182,lpush5,1000000,827196.06
1182,lrange5,1000000,1283697.12
1183,lpush5,1000000,823855.06
1183,lrange5,1000000,1290322.62
1184,lpush5,1000000,826446.25
1184,lrange5,1000000,1278997.38
1185,lpush5,1000000,825763.88
1185,lrange5,1000000,1203658.25
1186,lpush5,1000000,819066.38
1186,lrange5,1000000,1257982.38
1187,lpush5,1000000,817189.56
1187,lrange5,1000000,1288824.75
1188,lpush5,1000000,823736.44
1188,lrange5,1000000,1239216.88
1189,lpush5,1000000,819672.12
1189,lrange5,1000000,1243801.00
1190,lpush5,1000000,823190.12
1190,lrange5,1000000,1280512.12
1191,lpush5,1000000,832812.69
1191,lrange5,1000000,1152184.38
1192,lpush5,1000000,829902.06
1192,lrange5,1000000,1273885.25
1193,lpush5,1000000,828593.19
1193,lrange5,1000000,1261175.25
1194,lpush5,1000000,817700.69
1194,lrange5,1000000,1288845.38
1195,lpush5,1000000,822447.38
1195,lrange5,1000000,1283881.88
1196,lpush5,1000000,822500.00
1196,lrange5,1000000,1222748.12
1197,lpush5,1000000,833386.62
1197,lrange5,1000000,1256301.50
1198,lpush5,1000000,827169.56
1198,lrange5,1000000,1262808.12
1199,lpush5,1000000,820462.69
1199,lrange5,1000000,1193546.50
1200,lpush5,1000000,818422.25
1200,lrange5,1000000,1231527.12
1201,lpush5,1000000,817779.19
1201,lrange5,1000000,1287186.62
1202,lpush5,1000000,823907.75
1202,lrange5,1000000,1265964.50
1203,lpush5,1000000,818343.69
1203,lrange5,1000000,1199098.38
1204,lpush5,1000000,823881.38
1204,lrange5,1000000,1287269.00
1205,lpush5,1000000,825082.50
1205,lrange5,1000000,1282051.38
1206,lpush5,1000000,825975.25
1206,lrange5,1000000,1179566.00
1207,lpush5,1000000,828553.44
1207,lrange5,1000000,1236291.75
1208,lpush5,1000000,815035.06
1208,lrange5,1000000,1194934.25
1209,lpush5,1000000,832706.12
1209,lrange5,1000000,1144421.00
1210,lpush5,1000000,820410.19
1210,lrange5,1000000,1233183.75
1211,lpush5,1000000,819672.12
1211,lrange5,1000000,1275551.00
1212,lpush5,1000000,834924.94
1212,lrange5,1000000,1226993.88
1213,lpush5,1000000,823216.44
1213,lrange5,1000000,1253293.25
1214,lpush5,1000000,825095.69
1214,lrange5,1000000,1265843.00
1215,lpush5,1000000,836846.81
1215,lrange5,1000000,1193393.75
1216,lpush5,1000000,832852.62
1216,lrange5,1000000,1282133.38
1217,lpush5,1000000,821162.50
1217,lrange5,1000000,1288804.12
1218,lpush5,1000000,821745.25
1218,lrange5,1000000,1236232.38
1219,lpush5,1000000,829213.94
1219,lrange5,1000000,1267447.50
1220,lpush5,1000000,843224.31
1220,lrange5,1000000,1202000.00
1221,lpush5,1000000,821705.81
1221,lrange5,1000000,1279017.88
1222,lpush5,1000000,827222.50
1222,lrange5,1000000,1209286.50
1223,lpush5,1000000,828500.38
1223,lrange5,1000000,1245330.00
1224,lpush5,1000000,820344.56
1224,lrange5,1000000,1239296.12
1225,lpush5,1000000,825869.56
1225,lrange5,1000000,1227072.38
1226,lpush5,1000000,819790.12
1226,lrange5,1000000,1192162.12
1227,lpush5,1000000,815165.44
1227,lrange5,1000000,1243801.00
1228,lpush5,1000000,829888.75
1228,lrange5,1000000,1285347.00
1229,lpush5,1000000,827854.31
1229,lrange5,1000000,1187819.50
1230,lpush5,1000000,826565.25
1230,lrange5,1000000,1277180.12
1231,lpush5,1000000,815113.31
1231,lrange5,1000000,1212334.62
1232,lpush5,1000000,819171.19
1232,lrange5,1000000,1258042.75
1233,lpush5,1000000,823137.44
1233,lrange5,1000000,1265944.25
1234,lpush5,1000000,816993.50
1234,lrange5,1000000,1285408.75
1235,lpush5,1000000,813682.69
1235,lrange5,1000000,1265944.25
1236,lpush5,1000000,835528.81
1236,lrange5,1000000,1278792.88
1237,lpush5,1000000,823097.94
1237,lrange5,1000000,1253152.88
1238,lpush5,1000000,828672.75
1238,lrange5,1000000,1282194.88
1239,lpush5,1000000,825790.25
1239,lrange5,1000000,1205069.88
1240,lpush5,1000000,822460.56
1240,lrange5,1000000,1272427.50
1241,lpush5,1000000,821031.19
1241,lrange5,1000000,1237663.38
1242,lpush5,1000000,825174.94
1242,lrange5,1000000,1262666.62
1243,lpush5,1000000,819171.19
1243,lrange5,1000000,1193393.75
1244,lpush5,1000000,823045.25
1244,lrange5,1000000,1287083.62
1245,lpush5,1000000,830048.12
1245,lrange5,1000000,1262868.75
1246,lpush5,1000000,825816.69
1246,lrange5,1000000,1237841.50
1247,lpush5,1000000,820554.56
1247,lrange5,1000000,1290363.88
1248,lpush5,1000000,830631.25
1248,lrange5,1000000,1262767.62
1249,lpush5,1000000,823881.38
1249,lrange5,1000000,1250040.00
1250,lpush5,1000000,819711.44
1250,lrange5,1000000,1270770.00
1251,lpush5,1000000,823736.44
1251,lrange5,1000000,1231546.88
1252,lpush5,1000000,827814.62
1252,lrange5,1000000,1191952.38
1253,lpush5,1000000,819079.50
1253,lrange5,1000000,1282112.88
1254,lpush5,1000000,830750.81
1254,lrange5,1000000,1264263.00
1255,lpush5,1000000,821929.31
1255,lrange5,1000000,1150748.00
1256,lpush5,1000000,822473.69
1256,lrange5,1000000,1194857.75
1257,lpush5,1000000,810463.56
1257,lrange5,1000000,1190533.38
1258,lpush5,1000000,817032.69
1258,lrange5,1000000,1290425.88
1259,lpush5,1000000,824507.81
1259,lrange5,1000000,1283881.88
1260,lpush5,1000000,825082.50
1260,lrange5,1000000,1273966.88
1261,lpush5,1000000,822434.25
1261,lrange5,1000000,1261034.12
1262,lpush5,1000000,830617.94
1262,lrange5,1000000,1288866.00
1263,lpush5,1000000,821096.81
1263,lrange5,1000000,1254905.88
1264,lpush5,1000000,826512.38
1264,lrange5,1000000,1205050.62
1265,lpush5,1000000,811857.12
1265,lrange5,1000000,1253193.00
1266,lpush5,1000000,821070.56
1266,lrange5,1000000,1257942.12
1267,lpush5,1000000,812555.69
1267,lrange5,1000000,1275612.25
1268,lpush5,1000000,822473.69
1268,lrange5,1000000,1264303.38
1269,lpush5,1000000,827814.62
1269,lrange5,1000000,1203639.00
1270,lpush5,1000000,821083.69
1270,lrange5,1000000,1267447.50
1271,lpush5,1000000,834724.56
1271,lrange5,1000000,1257861.62
1272,lpush5,1000000,825896.00
1272,lrange5,1000000,1250100.00
1273,lpush5,1000000,819158.12
1273,lrange5,1000000,1288907.12
1274,lpush5,1000000,825763.88
1274,lrange5,1000000,1186619.25
1275,lpush5,1000000,829227.19
1275,lrange5,1000000,1275530.62
1276,lpush5,1000000,818500.81
1276,lrange5,1000000,1193603.88
1277,lpush5,1000000,820541.44
1277,lrange5,1000000,1251564.38
1278,lpush5,1000000,830564.81
1278,lrange5,1000000,1269218.25
1279,lpush5,1000000,821758.44
1279,lrange5,1000000,1267589.38
1280,lpush5,1000000,823828.69
1280,lrange5,1000000,1188047.50
1281,lpush5,1000000,825095.69
1281,lrange5,1000000,1297079.12
1282,lpush5,1000000,828553.44
1282,lrange5,1000000,1283738.12
1283,lpush5,1000000,841791.25
1283,lrange5,1000000,1275612.25
1284,lpush5,1000000,834818.06
1284,lrange5,1000000,1261135.00
1285,lpush5,1000000,832679.44
1285,lrange5,1000000,1275571.50
1286,lpush5,1000000,825803.50
1286,lrange5,1000000,1116107.12
1287,lpush5,1000000,823203.25
1287,lrange5,1000000,1251764.62
1288,lpush5,1000000,816431.00
1288,lrange5,1000000,1285511.62
1289,lpush5,1000000,825763.88
1289,lrange5,1000000,1202115.38
1290,lpush5,1000000,827933.81
1290,lrange5,1000000,1257881.75
1291,lpush5,1000000,820423.31
1291,lrange5,1000000,1275673.50
1292,lpush5,1000000,831946.75
1292,lrange5,1000000,1292175.75
1293,lpush5,1000000,823815.50
1293,lrange5,1000000,1201961.50
1294,lpush5,1000000,836147.19
1294,lrange5,1000000,1197930.62
1295,lpush5,1000000,826499.12
1295,lrange5,1000000,1181053.12
1296,lpush5,1000000,833439.94
1296,lrange5,1000000,1287001.25
1297,lpush5,1000000,823058.44
1297,lrange5,1000000,1210808.75
1298,lpush5,1000000,829280.31
1298,lrange5,1000000,1247042.38
1299,lpush5,1000000,832679.44
1299,lrange5,1000000,1275510.25
1300,lpush5,1000000,829941.88
1300,lrange5,1000000,1277302.75
1301,lpush5,1000000,824415.44
1301,lrange5,1000000,1265924.00
1302,lpush5,1000000,819027.06
1302,lrange5,1000000,1285655.50
1303,lpush5,1000000,833386.62
1303,lrange5,1000000,1253193.00
1304,lpush5,1000000,831401.50
1304,lrange5,1000000,1290487.75
1305,lpush5,1000000,821824.12
1305,lrange5,1000000,1250020.00
1306,lpush5,1000000,821123.12
1306,lrange5,1000000,1277139.25
1307,lpush5,1000000,826446.25
1307,lrange5,1000000,1288783.50
1308,lpush5,1000000,822486.88
1308,lrange5,1000000,1250000.00
1309,lpush5,1000000,823749.62
1309,lrange5,1000000,1272305.38
1310,lpush5,1000000,823097.94
1310,lrange5,1000000,1191895.12
1311,lpush5,1000000,825948.81
1311,lrange5,1000000,1293723.12
1312,lpush5,1000000,825816.69
1312,lrange5,1000000,1202076.88
1313,lpush5,1000000,825790.25
1313,lrange5,1000000,1202288.38
1314,lpush5,1000000,834028.38
1314,lrange5,1000000,1242295.62
1315,lpush5,1000000,834255.19
1315,lrange5,1000000,1197853.88
1316,lpush5,1000000,809126.25
1316,lrange5,1000000,1234567.88
1317,lpush5,1000000,822368.44
1317,lrange5,1000000,1293847.38
1318,lpush5,1000000,825122.12
1318,lrange5,1000000,1295502.62
1319,lpush5,1000000,823828.69
1319,lrange5,1000000,1269238.62
1320,lpush5,1000000,811688.31
1320,lrange5,1000000,1259607.00
1321,lpush5,1000000,815660.69
1321,lrange5,1000000,1245330.00
1322,lpush5,1000000,815765.12
1322,lrange5,1000000,1290508.38
1323,lpush5,1000000,833413.31
1323,lrange5,1000000,1275632.62
1324,lpush5,1000000,815008.94
1324,lrange5,1000000,1292134.38
1325,lpush5,1000000,824441.81
1325,lrange5,1000000,1277200.50
1326,lpush5,1000000,823855.06
1326,lrange5,1000000,1132883.38
1327,lpush5,1000000,821824.12
1327,lrange5,1000000,1239197.00
1328,lpush5,1000000,823934.12
1328,lrange5,1000000,1295399.00
1329,lpush5,1000000,822421.06
1329,lrange5,1000000,1193680.25
1330,lpush5,1000000,836147.19
1330,lrange5,1000000,1288721.62
1331,lpush5,1000000,817857.69
1331,lrange5,1000000,1196344.50
1332,lpush5,1000000,826446.25
1332,lrange5,1000000,1273966.88
1333,lpush5,1000000,817202.62
1333,lrange5,1000000,1267447.50
1334,lpush5,1000000,827854.31
1334,lrange5,1000000,1280409.75
1335,lpush5,1000000,827328.38
1335,lrange5,1000000,1287207.25
1336,lpush5,1000000,828513.69
1336,lrange5,1000000,1290487.75
1337,lpush5,1000000,821018.00
1337,lrange5,1000000,1278977.00
1338,lpush5,1000000,815843.44
1338,lrange5,1000000,1204935.00
1339,lpush5,1000000,834081.75
1339,lrange5,1000000,1270648.00
1340,lpush5,1000000,819777.00
1340,lrange5,1000000,1253152.88
1341,lpush5,1000000,835488.69
1341,lrange5,1000000,1264323.62
1342,lpush5,1000000,817058.81
1342,lrange5,1000000,1234666.62
1343,lpush5,1000000,830697.69
1343,lrange5,1000000,1282153.88
1344,lpush5,1000000,821732.12
1344,lrange5,1000000,1295399.00
1345,lpush5,1000000,820515.19
1345,lrange5,1000000,1283799.75
1346,lpush5,1000000,826525.62
1346,lrange5,1000000,1248459.38
1347,lpush5,1000000,823920.94
1347,lrange5,1000000,1193603.88
1348,lpush5,1000000,822460.56
1348,lrange5,1000000,1203388.75
1349,lpush5,1000000,824573.75
1349,lrange5,1000000,1205012.12
1350,lpush5,1000000,826499.12
1350,lrange5,1000000,1197892.25
1351,lpush5,1000000,819777.00
1351,lrange5,1000000,1272325.62
1352,lpush5,1000000,821123.12
1352,lrange5,1000000,1290508.38
1353,lpush5,1000000,822434.25
1353,lrange5,1000000,1178082.50
1354,lpush5,1000000,811030.00
1354,lrange5,1000000,1212237.62
1355,lpush5,1000000,813864.94
1355,lrange5,1000000,1280635.00
1356,lpush5,1000000,815165.44
1356,lrange5,1000000,1236093.88
1357,lpush5,1000000,821057.44
1357,lrange5,1000000,1275673.50
1358,lpush5,1000000,817045.75
1358,lrange5,1000000,1244019.88
1359,lpush5,1000000,818396.06
1359,lrange5,1000000,1275734.75
1360,lpush5,1000000,818409.19
1360,lrange5,1000000,1295502.62
1361,lpush5,1000000,825240.94
1361,lrange5,1000000,1248439.50
1362,lpush5,1000000,823868.19
1362,lrange5,1000000,1287042.50
1363,lpush5,1000000,815830.38
1363,lrange5,1000000,1254805.50
1364,lpush5,1000000,817687.62
1364,lrange5,1000000,1274048.38
1365,lpush5,1000000,821031.19
1365,lrange5,1000000,1287021.88
1366,lpush5,1000000,825777.06
1366,lrange5,1000000,1203485.00
1367,lpush5,1000000,822394.75
1367,lrange5,1000000,1247002.50
1368,lpush5,1000000,823775.94
1368,lrange5,1000000,1273987.25
1369,lpush5,1000000,821824.12
1369,lrange5,1000000,1196382.75
1370,lpush5,1000000,817085.00
1370,lrange5,1000000,1209267.25
1371,lpush5,1000000,818343.69
1371,lrange5,1000000,1287104.25
1372,lpush5,1000000,823934.12
1372,lrange5,1000000,1251644.50
1373,lpush5,1000000,823815.50
1373,lrange5,1000000,1290343.25
1374,lpush5,1000000,828739.00
1374,lrange5,1000000,1259506.25
1375,lpush5,1000000,822368.44
1375,lrange5,1000000,1248499.38
1376,lpush5,1000000,827907.31
1376,lrange5,1000000,1259445.75
1377,lpush5,1000000,823907.75
1377,lrange5,1000000,1262666.62
1378,lpush5,1000000,825227.69
1378,lrange5,1000000,1250120.00
1379,lpush5,1000000,831255.25
1379,lrange5,1000000,1199040.75
1380,lpush5,1000000,828540.19
1380,lrange5,1000000,1282071.88
1381,lpush5,1000000,821070.56
1381,lrange5,1000000,1237722.75
1382,lpush5,1000000,824507.81
1382,lrange5,1000000,1269035.50
1383,lpush5,1000000,825082.50
1383,lrange5,1000000,1182089.88
1384,lpush5,1000000,823749.62
1384,lrange5,1000000,1250020.00
1385,lpush5,1000000,832786.00
1385,lrange5,1000000,1267427.12
1386,lpush5,1000000,825267.31
1386,lrange5,1000000,1267670.50
1387,lpush5,1000000,821136.25
1387,lrange5,1000000,1184834.12
1388,lpush5,1000000,833386.62
1388,lrange5,1000000,1236093.88
1389,lpush5,1000000,826565.25
1389,lrange5,1000000,1240714.62
1390,lpush5,1000000,823894.56
1390,lrange5,1000000,1243781.12
1391,lpush5,1000000,821096.81
1391,lrange5,1000000,1222552.50
1392,lpush5,1000000,834028.38
1392,lrange5,1000000,1206272.62
1393,lpush5,1000000,825293.75
1393,lrange5,1000000,1269076.12
1394,lpush5,1000000,823828.69
1394,lrange5,1000000,1269137.12
1395,lpush5,1000000,825816.69
1395,lrange5,1000000,1203562.00
1396,lpush5,1000000,834804.69
1396,lrange5,1000000,1272264.62
1397,lpush5,1000000,824468.25
1397,lrange5,1000000,1256422.12
1398,lpush5,1000000,833413.31
1398,lrange5,1000000,1185194.38
1399,lpush5,1000000,823203.25
1399,lrange5,1000000,1288659.75
1400,lpush5,1000000,817111.12
1400,lrange5,1000000,1288783.50
1401,lpush5,1000000,830048.12
1401,lrange5,1000000,1248659.12
1402,lpush5,1000000,828632.94
1402,lrange5,1000000,1267447.50
1403,lpush5,1000000,828593.19
1403,lrange5,1000000,1200787.50
1404,lpush5,1000000,821201.94
1404,lrange5,1000000,1245350.00
1405,lpush5,1000000,835448.62
1405,lrange5,1000000,1277200.50
1406,lpush5,1000000,821863.62
1406,lrange5,1000000,1287310.12
1407,lpush5,1000000,829359.88
1407,lrange5,1000000,1189460.12
1408,lpush5,1000000,816444.06
1408,lrange5,1000000,1239256.50
1409,lpush5,1000000,827196.06
1409,lrange5,1000000,1200729.88
1410,lpush5,1000000,822473.69
1410,lrange5,1000000,1200768.25
1411,lpush5,1000000,829187.44
1411,lrange5,1000000,1199328.50
1412,lpush5,1000000,825188.12
1412,lrange5,1000000,1269218.25
1413,lpush5,1000000,818553.19
1413,lrange5,1000000,1197853.88
1414,lpush5,1000000,815869.50
1414,lrange5,1000000,1201961.50
1415,lpush5,1000000,831308.44
1415,lrange5,1000000,1202096.12
1416,lpush5,1000000,822394.75
1416,lrange5,1000000,1253313.38
1417,lpush5,1000000,825240.94
1417,lrange5,1000000,1186372.50
1418,lpush5,1000000,819118.81
1418,lrange5,1000000,1230051.62
1419,lpush5,1000000,826512.38
1419,lrange5,1000000,1277323.12
1420,lpush5,1000000,819842.62
1420,lrange5,1000000,1272447.88
1421,lpush5,1000000,819685.25
1421,lrange5,1000000,1246942.62
1422,lpush5,1000000,821863.62
1422,lrange5,1000000,1295336.75
1423,lpush5,1000000,825763.88
1423,lrange5,1000000,1261054.25
1424,lpush5,1000000,825135.31
1424,lrange5,1000000,1292134.38
1425,lpush5,1000000,827880.81
1425,lrange5,1000000,1209596.12
1426,lpush5,1000000,817111.12
1426,lrange5,1000000,1285470.50
1427,lpush5,1000000,825763.88
1427,lrange5,1000000,1175088.12
1428,lpush5,1000000,820397.06
1428,lrange5,1000000,1256381.88
1429,lpush5,1000000,827814.62
1429,lrange5,1000000,1283697.12
1430,lpush5,1000000,817674.56
1430,lrange5,1000000,1196248.75
1431,lpush5,1000000,822368.44
1431,lrange5,1000000,1227033.12
1432,lpush5,1000000,818500.81
1432,lrange5,1000000,1272427.50
1433,lpush5,1000000,817032.69
1433,lrange5,1000000,1190876.25
1434,lpush5,1000000,826671.06
1434,lrange5,1000000,1290508.38
1435,lpush5,1000000,825803.50
1435,lrange5,1000000,1264364.12
1436,lpush5,1000000,829293.56
1436,lrange5,1000000,1207903.38
1437,lpush5,1000000,830684.38
1437,lrange5,1000000,1105025.50
1438,lpush5,1000000,823775.94
1438,lrange5,1000000,1200787.50
1439,lpush5,1000000,817085.00
1439,lrange5,1000000,1261195.50
1440,lpush5,1000000,823124.25
1440,lrange5,1000000,1279017.88
1441,lpush5,1000000,828540.19
1441,lrange5,1000000,1275551.00
1442,lpush5,1000000,814449.50
1442,lrange5,1000000,1290467.12
1443,lpush5,1000000,829373.12
1443,lrange5,1000000,1254725.25
1444,lpush5,1000000,814332.19
1444,lrange5,1000000,1272366.38
1445,lpush5,1000000,819013.94
1445,lrange5,1000000,1239335.88
1446,lpush5,1000000,822552.69
1446,lrange5,1000000,1274007.62
1447,lpush5,1000000,821083.69
1447,lrange5,1000000,1285367.62
1448,lpush5,1000000,835448.62
1448,lrange5,1000000,1277282.25
1449,lpush5,1000000,823749.62
1449,lrange5,1000000,1272325.62
1450,lpush5,1000000,823084.75
1450,lrange5,1000000,1288659.75
1451,lpush5,1000000,826499.12
1451,lrange5,1000000,1175257.38
1452,lpush5,1000000,815008.94
1452,lrange5,1000000,1269198.00
1453,lpush5,1000000,817006.56
1453,lrange5,1000000,1288762.88
1454,lpush5,1000000,821758.44
1454,lrange5,1000000,1287021.88
1455,lpush5,1000000,824402.25
1455,lrange5,1000000,1275714.38
1456,lpush5,1000000,823723.25
1456,lrange5,1000000,1203658.25
1457,lpush5,1000000,827986.81
1457,lrange5,1000000,1261074.38
1458,lpush5,1000000,829293.56
1458,lrange5,1000000,1287021.88
1459,lpush5,1000000,820383.94
1459,lrange5,1000000,1270668.38
1460,lpush5,1000000,825816.69
1460,lrange5,1000000,1287166.00
1461,lpush5,1000000,827354.88
1461,lrange5,1000000,1283738.12
1462,lpush5,1000000,831348.31
1462,lrange5,1000000,1267427.12
1463,lpush5,1000000,833439.94
1463,lrange5,1000000,1196287.00
1464,lpush5,1000000,828579.94
1464,lrange5,1000000,1267488.00
1465,lpush5,1000000,831374.94
1465,lrange5,1000000,1233045.62
1466,lpush5,1000000,832119.81
1466,lrange5,1000000,1288659.75
1467,lpush5,1000000,823045.25
1467,lrange5,1000000,1277302.75
1468,lpush5,1000000,832093.19
1468,lrange5,1000000,1192238.38
1469,lpush5,1000000,826485.94
1469,lrange5,1000000,1265924.00
1470,lpush5,1000000,829888.75
1470,lrange5,1000000,1240794.00
1471,lpush5,1000000,820475.81
1471,lrange5,1000000,1257861.62
1472,lpush5,1000000,825122.12
1472,lrange5,1000000,1265924.00
1473,lpush5,1000000,825201.31
1473,lrange5,1000000,1256482.38
1474,lpush5,1000000,819145.00
1474,lrange5,1000000,1267488.00
1475,lpush5,1000000,827222.50
1475,lrange5,1000000,1287186.62
1476,lpush5,1000000,836873.62
1476,lrange5,1000000,1207729.50
1477,lpush5,1000000,823947.31
1477,lrange5,1000000,1290508.38
1478,lpush5,1000000,817176.50
1478,lrange5,1000000,1290322.62
1479,lpush5,1000000,827156.31
1479,lrange5,1000000,1270648.00
1480,lpush5,1000000,827222.50
1480,lrange5,1000000,1264384.25
1481,lpush5,1000000,822460.56
1481,lrange5,1000000,1251764.62
1482,lpush5,1000000,821083.69
1482,lrange5,1000000,1230169.75
1483,lpush5,1000000,821162.50
1483,lrange5,1000000,1270709.00
1484,lpush5,1000000,837561.12
1484,lrange5,1000000,1262666.62
1485,lpush5,1000000,831401.50
1485,lrange5,1000000,1287166.00
1486,lpush5,1000000,824534.19
1486,lrange5,1000000,1250200.00
1487,lpush5,1000000,824507.81
1487,lrange5,1000000,1259445.75
1488,lpush5,1000000,824494.62
1488,lrange5,1000000,1243980.12
1489,lpush5,1000000,828540.19
1489,lrange5,1000000,1197815.62
1490,lpush5,1000000,829240.50
1490,lrange5,1000000,1242255.88
1491,lpush5,1000000,822407.94
1491,lrange5,1000000,1182165.50
1492,lpush5,1000000,821745.25
1492,lrange5,1000000,1234567.88
1493,lpush5,1000000,822421.06
1493,lrange5,1000000,1248439.50
1494,lpush5,1000000,829875.50
1494,lrange5,1000000,1266086.00
1495,lpush5,1000000,827129.88
1495,lrange5,1000000,1269198.00
1496,lpush5,1000000,825909.19
1496,lrange5,1000000,1253132.88
1497,lpush5,1000000,823789.12
1497,lrange5,1000000,1174047.00
1498,lpush5,1000000,825948.81
1498,lrange5,1000000,1197739.00
1499,lpush5,1000000,830061.38
1499,lrange5,1000000,1250260.00
1500,lpush5,1000000,825935.62
1500,lrange5,1000000,1262787.88
1501,lpush5,1000000,837668.31
1501,lrange5,1000000,1204819.25
1502,lpush5,1000000,815074.19
1502,lrange5,1000000,1282153.88
1503,lpush5,1000000,824415.44
1503,lrange5,1000000,1288659.75
1504,lpush5,1000000,830657.81
1504,lrange5,1000000,1257942.12
1505,lpush5,1000000,830724.25
1505,lrange5,1000000,1285593.88
1506,lpush5,1000000,827814.62
1506,lrange5,1000000,1278956.50
1507,lpush5,1000000,826604.94
1507,lrange5,1000000,1265843.00
1508,lpush5,1000000,824613.31
1508,lrange5,1000000,1187952.50
1509,lpush5,1000000,819013.94
1509,lrange5,1000000,1279038.38
1510,lpush5,1000000,825829.94
1510,lrange5,1000000,1273905.75
1511,lpush5,1000000,815178.50
1511,lrange5,1000000,1275591.88
1512,lpush5,1000000,819131.88
1512,lrange5,1000000,1248459.38
1513,lpush5,1000000,814371.31
1513,lrange5,1000000,1228678.12
1514,lpush5,1000000,822368.44
1514,lrange5,1000000,1288659.75
1515,lpush5,1000000,826512.38
1515,lrange5,1000000,1280450.62
1516,lpush5,1000000,832706.12
1516,lrange5,1000000,1259768.25
1517,lpush5,1000000,816993.50
1517,lrange5,1000000,1259486.12
1518,lpush5,1000000,820475.81
1518,lrange5,1000000,1262626.25
1519,lpush5,1000000,837654.94
1519,lrange5,1000000,1283779.25
1520,lpush5,1000000,825922.38
1520,lrange5,1000000,1205069.88
1521,lpush5,1000000,819724.56
1521,lrange5,1000000,1246882.88
1522,lpush5,1000000,754741.12
1522,lrange5,1000000,1287063.00
1523,lpush5,1000000,827143.12
1523,lrange5,1000000,1198007.25
1524,lpush5,1000000,819777.00
1524,lrange5,1000000,1272468.12
1525,lpush5,1000000,813799.88
1525,lrange5,1000000,1193718.38
1526,lpush5,1000000,814488.56
1526,lrange5,1000000,1212373.38
1527,lpush5,1000000,821692.69
1527,lrange5,1000000,1267670.50
1528,lpush5,1000000,817045.75
1528,lrange5,1000000,1228737.12
1529,lpush5,1000000,825148.50
1529,lrange5,1000000,1265863.25
1530,lpush5,1000000,824507.81
1530,lrange5,1000000,1283923.00
1531,lpush5,1000000,825909.19
1531,lrange5,1000000,1189098.62
1532,lpush5,1000000,809742.50
1532,lrange5,1000000,1216661.75
1533,lpush5,1000000,829968.44
1533,lrange5,1000000,1293826.62
1534,lpush5,1000000,838939.56
1534,lrange5,1000000,1189060.62
1535,lpush5,1000000,821031.19
1535,lrange5,1000000,1280471.12
1536,lpush5,1000000,822381.62
1536,lrange5,1000000,1293950.88
1537,lpush5,1000000,821149.38
1537,lrange5,1000000,1283697.12
1538,lpush5,1000000,827222.50
1538,lrange5,1000000,1248459.38
1539,lpush5,1000000,826499.12
1539,lrange5,1000000,1196172.25
1540,lpush5,1000000,824586.94
1540,lrange5,1000000,1239157.38
1541,lpush5,1000000,826591.69
1541,lrange5,1000000,1270810.62
1542,lpush5,1000000,817766.12
1542,lrange5,1000000,1262646.50
1543,lpush5,1000000,817766.12
1543,lrange5,1000000,1265883.50
1544,lpush5,1000000,815712.94
1544,lrange5,1000000,1211099.25
1545,lpush5,1000000,823920.94
1545,lrange5,1000000,1203485.00
1546,lpush5,1000000,822539.50
1546,lrange5,1000000,1231606.00
1547,lpush5,1000000,822381.62
1547,lrange5,1000000,1240694.75
1548,lpush5,1000000,812555.69
1548,lrange5,1000000,1200922.00
1549,lpush5,1000000,825082.50
1549,lrange5,1000000,1246962.62
1550,lpush5,1000000,825869.56
1550,lrange5,1000000,1273946.50
1551,lpush5,1000000,821758.44
1551,lrange5,1000000,1197853.88
1552,lpush5,1000000,821162.50
1552,lrange5,1000000,1272264.62
1553,lpush5,1000000,829187.44
1553,lrange5,1000000,1233144.25
1554,lpush5,1000000,822394.75
1554,lrange5,1000000,1267528.50
1555,lpush5,1000000,823855.06
1555,lrange5,1000000,1283923.00
1556,lpush5,1000000,826565.25
1556,lrange5,1000000,1253233.12
1557,lpush5,1000000,818330.62
1557,lrange5,1000000,1254805.50
1558,lpush5,1000000,825267.31
1558,lrange5,1000000,1245509.38
1559,lpush5,1000000,820344.56
1559,lrange5,1000000,1189193.75
1560,lpush5,1000000,822421.06
1560,lrange5,1000000,1224186.12
1561,lpush5,1000000,821070.56
1561,lrange5,1000000,1272325.62
1562,lpush5,1000000,833373.31
1562,lrange5,1000000,1234666.62
1563,lpush5,1000000,825306.94
1563,lrange5,1000000,1253333.38
1564,lpush5,1000000,829200.69
1564,lrange5,1000000,1196497.62
1565,lpush5,1000000,822513.19
1565,lrange5,1000000,1250080.00
1566,lpush5,1000000,820357.69
1566,lrange5,1000000,1262727.25
1567,lpush5,1000000,819013.94
1567,lrange5,1000000,1278792.88
1568,lpush5,1000000,817045.75
1568,lrange5,1000000,1267447.50
1569,lpush5,1000000,811701.31
1569,lrange5,1000000,1137674.62
1570,lpush5,1000000,824468.25
1570,lrange5,1000000,1282133.38
1571,lpush5,1000000,831946.75
1571,lrange5,1000000,1269055.88
1572,lpush5,1000000,829187.44
1572,lrange5,1000000,1199251.75
1573,lpush5,1000000,818500.81
1573,lrange5,1000000,1267548.88
1574,lpush5,1000000,831268.50
1574,lrange5,1000000,1173934.25
1575,lpush5,1000000,824494.62
1575,lrange5,1000000,1269137.12
1576,lpush5,1000000,822552.69
1576,lrange5,1000000,1282256.50
1577,lpush5,1000000,821201.94
1577,lrange5,1000000,1240774.25
1578,lpush5,1000000,819013.94
1578,lrange5,1000000,1172483.00
1579,lpush5,1000000,819105.69
1579,lrange5,1000000,1196210.50
1580,lpush5,1000000,828500.38
1580,lrange5,1000000,1196459.25
1581,lpush5,1000000,813164.19
1581,lrange5,1000000,1209422.00
1582,lpush5,1000000,828526.94
1582,lrange5,1000000,1257922.00
1583,lpush5,1000000,826604.94
1583,lrange5,1000000,1193680.25
1584,lpush5,1000000,825777.06
1584,lrange5,1000000,1199079.12
1585,lpush5,1000000,822394.75
1585,lrange5,1000000,1277180.12
1586,lpush5,1000000,829267.00
1586,lrange5,1000000,1195144.50
1587,lpush5,1000000,823097.94
1587,lrange5,1000000,1184891.00
1588,lpush5,1000000,825095.69
1588,lrange5,1000000,1292031.00
1589,lpush5,1000000,821692.69
1589,lrange5,1000000,1239157.38
1590,lpush5,1000000,819790.12
1590,lrange5,1000000,1233045.62
1591,lpush5,1000000,828039.75
1591,lrange5,1000000,1282112.88
1592,lpush5,1000000,824507.81
1592,lrange5,1000000,1193317.38
1593,lpush5,1000000,816417.94
1593,lrange5,1000000,1247042.38
1594,lpush5,1000000,826684.25
1594,lrange5,1000000,1240734.50
1595,lpush5,1000000,826525.62
1595,lrange5,1000000,1186619.25
1596,lpush5,1000000,822421.06
1596,lrange5,1000000,1187990.50
1597,lpush5,1000000,817661.44
1597,lrange5,1000000,1250000.00
1598,lpush5,1000000,828026.50
1598,lrange5,1000000,1262808.12
1599,lpush5,1000000,827182.81
1599,lrange5,1000000,1240714.62
1600,lpush5,1000000,819881.94
1600,lrange5,1000000,1270871.62
1601,lpush5,1000000,834188.50
1601,lrange5,1000000,1265863.25
1602,lpush5,1000000,823111.06
1602,lrange5,1000000,1292196.38
1603,lpush5,1000000,833413.31
1603,lrange5,1000000,1267447.50
1604,lpush5,1000000,818383.00
1604,lrange5,1000000,1288659.75
1605,lpush5,1000000,822460.56
1605,lrange5,1000000,1277261.88
1606,lpush5,1000000,819105.69
1606,lrange5,1000000,1231645.38
1607,lpush5,1000000,825922.38
1607,lrange5,1000000,1248619.25
1608,lpush5,1000000,826538.81
1608,lrange5,1000000,1265843.00
1609,lpush5,1000000,825869.56
1609,lrange5,1000000,1234587.62
1610,lpush5,1000000,815895.62
1610,lrange5,1000000,1269035.50
1611,lpush5,1000000,834095.06
1611,lrange5,1000000,1248479.38
1612,lpush5,1000000,822407.94
1612,lrange5,1000000,1243880.62
1613,lpush5,1000000,835635.75
1613,lrange5,1000000,1283840.88
1614,lpush5,1000000,818553.19
1614,lrange5,1000000,1245350.00
1615,lpush5,1000000,827169.56
1615,lrange5,1000000,1287042.50
1616,lpush5,1000000,828513.69
1616,lrange5,1000000,1267488.00
1617,lpush5,1000000,826684.25
1617,lrange5,1000000,1262707.12
1618,lpush5,1000000,821745.25
1618,lrange5,1000000,1292010.38
1619,lpush5,1000000,826591.69
1619,lrange5,1000000,1218260.62
1620,lpush5,1000000,824455.00
1620,lrange5,1000000,1287083.62
1621,lpush5,1000000,821705.81
1621,lrange5,1000000,1277159.62
1622,lpush5,1000000,827301.94
1622,lrange5,1000000,1197873.12
1623,lpush5,1000000,821797.88
1623,lrange5,1000000,1270831.00
1624,lpush5,1000000,821215.06
1624,lrange5,1000000,1282112.88
1625,lpush5,1000000,818487.75
1625,lrange5,1000000,1089620.88
1626,lpush5,1000000,835635.75
1626,lrange5,1000000,1225490.25
1627,lpush5,1000000,816496.31
1627,lrange5,1000000,1196172.25
1628,lpush5,1000000,816535.50
1628,lrange5,1000000,1264323.62
1629,lpush5,1000000,819842.62
1629,lrange5,1000000,1269076.12
1630,lpush5,1000000,826472.69
1630,lrange5,1000000,1288824.75
1631,lpush5,1000000,824415.44
1631,lrange5,1000000,1280491.62
1632,lpush5,1000000,815061.12
1632,lrange5,1000000,1164312.00
1633,lpush5,1000000,837735.31
1633,lrange5,1000000,1266005.00
1634,lpush5,1000000,824402.25
1634,lrange5,1000000,1273926.12
1635,lpush5,1000000,827920.56
1635,lrange5,1000000,1194857.75
1636,lpush5,1000000,826578.50
1636,lrange5,1000000,1202115.38
1637,lpush5,1000000,819066.38
1637,lrange5,1000000,1248559.25
1638,lpush5,1000000,830617.94
1638,lrange5,1000000,1239157.38
1639,lpush5,1000000,831348.31
1639,lrange5,1000000,1243781.12
1640,lpush5,1000000,820370.81
1640,lrange5,1000000,1225490.25
1641,lpush5,1000000,823775.94
1641,lrange5,1000000,1285429.25
1642,lpush5,1000000,817857.69
1642,lrange5,1000000,1240774.25
1643,lpush5,1000000,822486.88
1643,lrange5,1000000,1180694.25
1644,lpush5,1000000,823150.62
1644,lrange5,1000000,1197643.12
1645,lpush5,1000000,827143.12
1645,lrange5,1000000,1237643.50
1646,lpush5,1000000,813799.88
1646,lrange5,1000000,1269076.12
1647,lpush5,1000000,824560.56
1647,lrange5,1000000,1259546.50
1648,lpush5,1000000,829293.56
1648,lrange5,1000000,1269076.12
1649,lpush5,1000000,820475.81
1649,lrange5,1000000,1264242.75
1650,lpush5,1000000,821110.00
1650,lrange5,1000000,1185080.62
1651,lpush5,1000000,824415.44
1651,lrange5,1000000,1256381.88
1652,lpush5,1000000,821758.44
1652,lrange5,1000000,1274007.62
1653,lpush5,1000000,829253.75
1653,lrange5,1000000,1274028.00
1654,lpush5,1000000,827867.56
1654,lrange5,1000000,1282051.38
1655,lpush5,1000000,824441.81
1655,lrange5,1000000,1251764.62
1656,lpush5,1000000,829928.62
1656,lrange5,1000000,1274191.00
1657,lpush5,1000000,823255.94
1657,lrange5,1000000,1282092.38
1658,lpush5,1000000,827182.81
1658,lrange5,1000000,1277180.12
1659,lpush5,1000000,819724.56
1659,lrange5,1000000,1183791.62
1660,lpush5,1000000,830617.94
1660,lrange5,1000000,1189117.75
1661,lpush5,1000000,811714.31
1661,lrange5,1000000,1261074.38
1662,lpush5,1000000,821083.69
1662,lrange5,1000000,1239355.62
1663,lpush5,1000000,827354.88
1663,lrange5,1000000,1270790.38
1664,lpush5,1000000,832000.00
1664,lrange5,1000000,1205031.38
1665,lpush5,1000000,817045.75
1665,lrange5,1000000,1242255.88
1666,lpush5,1000000,823071.56
1666,lrange5,1000000,1270688.75
1667,lpush5,1000000,827933.81
1667,lrange5,1000000,1278895.12
1668,lpush5,1000000,817726.88
1668,lrange5,1000000,1277180.12
1669,lpush5,1000000,815126.31
1669,lrange5,1000000,1209460.62
1670,lpush5,1000000,819171.19
1670,lrange5,1000000,1274089.12
1671,lpush5,1000000,833346.62
1671,lrange5,1000000,1295523.25
1672,lpush5,1000000,825135.31
1672,lrange5,1000000,1202096.12
1673,lpush5,1000000,821096.81
1673,lrange5,1000000,1285347.00
1674,lpush5,1000000,833399.94
1674,lrange5,1000000,1197892.25
1675,lpush5,1000000,829995.00
1675,lrange5,1000000,1277139.25
1676,lpush5,1000000,825882.75
1676,lrange5,1000000,1212489.75
1677,lpush5,1000000,824441.81
1677,lrange5,1000000,1262727.25
1678,lpush5,1000000,828566.69
1678,lrange5,1000000,1194781.38
1679,lpush5,1000000,825869.56
1679,lrange5,1000000,1295523.25
1680,lpush5,1000000,830048.12
1680,lrange5,1000000,1282071.88
1681,lpush5,1000000,821705.81
1681,lrange5,1000000,1227033.12
1682,lpush5,1000000,829928.62
1682,lrange5,1000000,1278772.38
1683,lpush5,1000000,814436.44
1683,lrange5,1000000,1262646.50
1684,lpush5,1000000,827933.81
1684,lrange5,1000000,1264384.25
1685,lpush5,1000000,831986.69
1685,lrange5,1000000,1197968.88
1686,lpush5,1000000,827894.06
1686,lrange5,1000000,1230150.00
1687,lpush5,1000000,821692.69
1687,lrange5,1000000,1288680.38
1688,lpush5,1000000,821136.25
1688,lrange5,1000000,1272407.12
1689,lpush5,1000000,826512.38
1689,lrange5,1000000,1265984.75
1690,lpush5,1000000,823058.44
1690,lrange5,1000000,1203600.50
1691,lpush5,1000000,823881.38
1691,lrange5,1000000,1291989.62
1692,lpush5,1000000,821705.81
1692,lrange5,1000000,1273926.12
1693,lpush5,1000000,825948.81
1693,lrange5,1000000,1254725.25
1694,lpush5,1000000,823045.25
1694,lrange5,1000000,1273905.75
1695,lpush5,1000000,816470.19
1695,lrange5,1000000,1277159.62
1696,lpush5,1000000,821797.88
1696,lrange5,1000000,1253213.12
1697,lpush5,1000000,822407.94
1697,lrange5,1000000,1297099.88
1698,lpush5,1000000,825122.12
1698,lrange5,1000000,1205243.38
1699,lpush5,1000000,816378.75
1699,lrange5,1000000,1230189.38
1700,lpush5,1000000,825922.38
1700,lrange5,1000000,1228756.75
1701,lpush5,1000000,832119.81
1701,lrange5,1000000,1264485.50
1702,lpush5,1000000,827907.31
1702,lrange5,1000000,1262666.62
1703,lpush5,1000000,827827.88
1703,lrange5,1000000,1277139.25
1704,lpush5,1000000,824613.31
1704,lrange5,1000000,1288742.25
1705,lpush5,1000000,825935.62
1705,lrange5,1000000,1204877.12
1706,lpush5,1000000,827156.31
1706,lrange5,1000000,1273987.25
1707,lpush5,1000000,822526.31
1707,lrange5,1000000,1290529.12
1708,lpush5,1000000,820488.94
1708,lrange5,1000000,1293826.62
1709,lpush5,1000000,826631.38
1709,lrange5,1000000,1293661.00
1710,lpush5,1000000,815165.44
1710,lrange5,1000000,1246962.62
1711,lpush5,1000000,824547.38
1711,lrange5,1000000,1282112.88
1712,lpush5,1000000,816483.25
1712,lrange5,1000000,1245409.75
1713,lpush5,1000000,825829.94
1713,lrange5,1000000,1290467.12
1714,lpush5,1000000,824455.00
1714,lrange5,1000000,1193718.38
1715,lpush5,1000000,823789.12
1715,lrange5,1000000,1245409.75
1716,lpush5,1000000,825148.50
1716,lrange5,1000000,1290508.38
1717,lpush5,1000000,828500.38
1717,lrange5,1000000,1250180.00
1718,lpush5,1000000,822434.25
1718,lrange5,1000000,1283840.88
1719,lpush5,1000000,834095.06
1719,lrange5,1000000,1283717.62
1720,lpush5,1000000,827867.56
1720,lrange5,1000000,1195106.38
1721,lpush5,1000000,825095.69
1721,lrange5,1000000,1282174.38
1722,lpush5,1000000,817831.50
1722,lrange5,1000000,1212276.38
1723,lpush5,1000000,820449.56
1723,lrange5,1000000,1280430.25
1724,lpush5,1000000,815778.19
1724,lrange5,1000000,1231546.88
1725,lpush5,1000000,819013.94
1725,lrange5,1000000,1293888.75
1726,lpush5,1000000,824560.56
1726,lrange5,1000000,1196306.12
1727,lpush5,1000000,827933.81
1727,lrange5,1000000,1197624.00
1728,lpush5,1000000,819079.50
1728,lrange5,1000000,1272346.00
1729,lpush5,1000000,821745.25
1729,lrange5,1000000,1256281.38
1730,lpush5,1000000,819013.94
1730,lrange5,1000000,1273885.25
1731,lpush5,1000000,822407.94
1731,lrange5,1000000,1234587.62
1732,lpush5,1000000,824455.00
1732,lrange5,1000000,1180977.62
1733,lpush5,1000000,827867.56
1733,lrange5,1000000,1196459.25
1734,lpush5,1000000,830617.94
1734,lrange5,1000000,1265822.75
1735,lpush5,1000000,823097.94
1735,lrange5,1000000,1267508.25
1736,lpush5,1000000,813891.00
1736,lrange5,1000000,1269035.50
1737,lpush5,1000000,823920.94
1737,lrange5,1000000,1257901.88
1738,lpush5,1000000,827814.62
1738,lrange5,1000000,1273885.25
1739,lpush5,1000000,836160.56
1739,lrange5,1000000,1265903.75
1740,lpush5,1000000,821096.81
1740,lrange5,1000000,1203658.25
1741,lpush5,1000000,831374.94
1741,lrange5,1000000,1196210.50
1742,lpush5,1000000,830631.25
1742,lrange5,1000000,1197739.00
1743,lpush5,1000000,830657.81
1743,lrange5,1000000,1245509.38
1744,lpush5,1000000,829213.94
1744,lrange5,1000000,1228776.38
1745,lpush5,1000000,821070.56
1745,lrange5,1000000,1262767.62
1746,lpush5,1000000,828553.44
1746,lrange5,1000000,1083545.00
1747,lpush5,1000000,821162.50
1747,lrange5,1000000,1172726.88
1748,lpush5,1000000,827814.62
1748,lrange5,1000000,1199443.62
1749,lpush5,1000000,826538.81
1749,lrange5,1000000,1247022.50
1750,lpush5,1000000,823045.25
1750,lrange5,1000000,1230091.00
1751,lpush5,1000000,834764.62
1751,lrange5,1000000,1278833.75
1752,lpush5,1000000,825869.56
1752,lrange5,1000000,1202153.88
1753,lpush5,1000000,831946.75
1753,lrange5,1000000,1212276.38
1754,lpush5,1000000,837775.56
1754,lrange5,1000000,1179245.25
1755,lpush5,1000000,824481.44
1755,lrange5,1000000,1297162.12
1756,lpush5,1000000,826459.50
1756,lrange5,1000000,1275775.50
1757,lpush5,1000000,830564.81
1757,lrange5,1000000,1213980.62
1758,lpush5,1000000,826446.25
1758,lrange5,1000000,1246902.75
1759,lpush5,1000000,827249.00
1759,lrange5,1000000,1280430.25
1760,lpush5,1000000,825777.06
1760,lrange5,1000000,1290322.62
1761,lpush5,1000000,694151.31
1761,lrange5,1000000,952396.25
1762,lpush5,1000000,819210.50
1762,lrange5,1000000,1256462.25
1763,lpush5,1000000,820344.56
1763,lrange5,1000000,1275734.75
1764,lpush5,1000000,833333.31
1764,lrange5,1000000,1287042.50
1765,lpush5,1000000,817058.81
1765,lrange5,1000000,1270810.62
1766,lpush5,1000000,815908.69
1766,lrange5,1000000,1190762.00
1767,lpush5,1000000,812386.69
1767,lrange5,1000000,1267488.00
1768,lpush5,1000000,830591.38
1768,lrange5,1000000,1273885.25
1769,lpush5,1000000,816339.56
1769,lrange5,1000000,1269116.75
1770,lpush5,1000000,827275.44
1770,lrange5,1000000,1262626.25
1771,lpush5,1000000,812399.69
1771,lrange5,1000000,1202346.12
1772,lpush5,1000000,827854.31
1772,lrange5,1000000,1288866.00
1773,lpush5,1000000,829955.19
1773,lrange5,1000000,1275530.62
1774,lpush5,1000000,825869.56
1774,lrange5,1000000,1288680.38
1775,lpush5,1000000,819013.94
1775,lrange5,1000000,1259445.75
1776,lpush5,1000000,825095.69
1776,lrange5,1000000,1283923.00
1777,lpush5,1000000,818330.62
1777,lrange5,1000000,1113799.50
1778,lpush5,1000000,824573.75
1778,lrange5,1000000,1197988.00
1779,lpush5,1000000,815660.69
1779,lrange5,1000000,1282236.00
1780,lpush5,1000000,834831.44
1780,lrange5,1000000,1230209.12
1781,lpush5,1000000,823736.44
1781,lrange5,1000000,1270668.38
1782,lpush5,1000000,827235.75
1782,lrange5,1000000,1267528.50
1783,lpush5,1000000,823269.12
1783,lrange5,1000000,1202115.38
1784,lpush5,1000000,825763.88
1784,lrange5,1000000,1283697.12
1785,lpush5,1000000,827814.62
1785,lrange5,1000000,1174028.12
1786,lpush5,1000000,827880.81
1786,lrange5,1000000,1190723.88
1787,lpush5,1000000,829941.88
1787,lrange5,1000000,1236133.50
1788,lpush5,1000000,828513.69
1788,lrange5,1000000,1240694.75
1789,lpush5,1000000,830617.94
1789,lrange5,1000000,1288742.25
1790,lpush5,1000000,821745.25
1790,lrange5,1000000,1259445.75
1791,lpush5,1000000,825254.12
1791,lrange5,1000000,1231546.88
1792,lpush5,1000000,821758.44
1792,lrange5,1000000,1277180.12
1793,lpush5,1000000,824481.44
1793,lrange5,1000000,1273987.25
1794,lpush5,1000000,840430.19
1794,lrange5,1000000,1196440.12
1795,lpush5,1000000,827947.06
1795,lrange5,1000000,1272305.38
1796,lpush5,1000000,830578.06
1796,lrange5,1000000,1243920.38
1797,lpush5,1000000,829915.31
1797,lrange5,1000000,1267427.12
1798,lpush5,1000000,823894.56
1798,lrange5,1000000,1288701.00
1799,lpush5,1000000,822368.44
1799,lrange5,1000000,1269258.88
1800,lpush5,1000000,823947.31
1800,lrange5,1000000,1202000.00
1801,lpush5,1000000,822434.25
1801,lrange5,1000000,1161440.12
1802,lpush5,1000000,819711.44
1802,lrange5,1000000,1288659.75
1803,lpush5,1000000,814995.94
1803,lrange5,1000000,1274231.75
1804,lpush5,1000000,823868.19
1804,lrange5,1000000,1272468.12
1805,lpush5,1000000,821201.94
1805,lrange5,1000000,1266005.00
1806,lpush5,1000000,823789.12
1806,lrange5,1000000,1256321.62
1807,lpush5,1000000,830631.25
1807,lrange5,1000000,1278792.88
1808,lpush5,1000000,826552.06
1808,lrange5,1000000,1272325.62
1809,lpush5,1000000,824639.69
1809,lrange5,1000000,1269218.25
1810,lpush5,1000000,827827.88
1810,lrange5,1000000,1204819.25
1811,lpush5,1000000,826684.25
1811,lrange5,1000000,1259526.38
1812,lpush5,1000000,832852.62
1812,lrange5,1000000,1287145.38
1813,lpush5,1000000,821083.69
1813,lrange5,1000000,1250160.00
1814,lpush5,1000000,829253.75
1814,lrange5,1000000,1282133.38
1815,lpush5,1000000,828632.94
1815,lrange5,1000000,1288701.00
1816,lpush5,1000000,823762.75
1816,lrange5,1000000,1290322.62
1817,lpush5,1000000,819013.94
1817,lrange5,1000000,1264343.88
1818,lpush5,1000000,834938.25
1818,lrange5,1000000,1186486.38
1819,lpush5,1000000,832119.81
1819,lrange5,1000000,1153550.25
1820,lpush5,1000000,833519.94
1820,lrange5,1000000,1196593.25
1821,lpush5,1000000,834737.94
1821,lrange5,1000000,1202153.88
1822,lpush5,1000000,825935.62
1822,lrange5,1000000,1179490.62
1823,lpush5,1000000,828619.69
1823,lrange5,1000000,1197719.75
1824,lpush5,1000000,822539.50
1824,lrange5,1000000,1213592.25
1825,lpush5,1000000,813073.19
1825,lrange5,1000000,1200845.12
1826,lpush5,1000000,821745.25
1826,lrange5,1000000,1253173.00
1827,lpush5,1000000,827129.88
1827,lrange5,1000000,1236093.88
1828,lpush5,1000000,821705.81
1828,lrange5,1000000,1200902.75
1829,lpush5,1000000,826578.50
1829,lrange5,1000000,1277323.12
1830,lpush5,1000000,834121.75
1830,lrange5,1000000,1273966.88
1831,lpush5,1000000,821837.31
1831,lrange5,1000000,1258284.25
1832,lpush5,1000000,831986.69
1832,lrange5,1000000,1193412.88
1833,lpush5,1000000,827827.88
1833,lrange5,1000000,1256321.62
1834,lpush5,1000000,834161.81
1834,lrange5,1000000,1293868.00
1835,lpush5,1000000,824415.44
1835,lrange5,1000000,1250180.00
1836,lpush5,1000000,825082.50
1836,lrange5,1000000,1290425.88
1837,lpush5,1000000,823163.75
1837,lrange5,1000000,1236212.62
1838,lpush5,1000000,817111.12
1838,lrange5,1000000,1288659.75
1839,lpush5,1000000,819803.25
1839,lrange5,1000000,1259445.75
1840,lpush5,1000000,824441.81
1840,lrange5,1000000,1282153.88
1841,lpush5,1000000,828646.19
1841,lrange5,1000000,1267609.62
1842,lpush5,1000000,817726.88
1842,lrange5,1000000,1254885.88
1843,lpush5,1000000,820541.44
1843,lrange5,1000000,1269076.12
1844,lpush5,1000000,825988.44
1844,lrange5,1000000,1287207.25
1845,lpush5,1000000,820502.06
1845,lrange5,1000000,1243940.25
1846,lpush5,1000000,817045.75
1846,lrange5,1000000,1270770.00
1847,lpush5,1000000,825829.94
1847,lrange5,1000000,1267447.50
1848,lpush5,1000000,819724.56
1848,lrange5,1000000,1257962.25
1849,lpush5,1000000,823111.06
1849,lrange5,1000000,1269096.50
1850,lpush5,1000000,817779.19
1850,lrange5,1000000,1186258.62
1851,lpush5,1000000,827973.56
1851,lrange5,1000000,1283799.75
1852,lpush5,1000000,821096.81
1852,lrange5,1000000,1212121.25
1853,lpush5,1000000,823828.69
1853,lrange5,1000000,1207806.75
1854,lpush5,1000000,817071.94
1854,lrange5,1000000,1297141.38
1855,lpush5,1000000,815008.94
1855,lrange5,1000000,1297120.62
1856,lpush5,1000000,824455.00
1856,lrange5,1000000,1175219.75
1857,lpush5,1000000,822368.44
1857,lrange5,1000000,1262767.62
1858,lpush5,1000000,821876.75
1858,lrange5,1000000,1285347.00
1859,lpush5,1000000,827143.12
1859,lrange5,1000000,1219570.75
1860,lpush5,1000000,829333.38
1860,lrange5,1000000,1265843.00
1861,lpush5,1000000,820502.06
1861,lrange5,1000000,1262686.88
1862,lpush5,1000000,813851.94
1862,lrange5,1000000,1287124.88
1863,lpush5,1000000,822526.31
1863,lrange5,1000000,1270688.75
1864,lpush5,1000000,828000.06
1864,lrange5,1000000,1200499.38
1865,lpush5,1000000,818513.94
1865,lrange5,1000000,1194743.12
1866,lpush5,1000000,823868.19
1866,lrange5,1000000,1205089.12
1867,lpush5,1000000,817124.19
1867,lrange5,1000000,1280491.62
1868,lpush5,1000000,818396.06
1868,lrange5,1000000,1267528.50
1869,lpush5,1000000,819040.19
1869,lrange5,1000000,1282051.38
1870,lpush5,1000000,821136.25
1870,lrange5,1000000,1288845.38
1871,lpush5,1000000,823203.25
1871,lrange5,1000000,1200864.38
1872,lpush5,1000000,823736.44
1872,lrange5,1000000,1202096.12
1873,lpush5,1000000,828672.75
1873,lrange5,1000000,1176752.88
1874,lpush5,1000000,818383.00
1874,lrange5,1000000,1190609.50
1875,lpush5,1000000,825293.75
1875,lrange5,1000000,1278956.50
1876,lpush5,1000000,833493.31
1876,lrange5,1000000,1275612.25
1877,lpush5,1000000,828553.44
1877,lrange5,1000000,1233124.50
1878,lpush5,1000000,826565.25
1878,lrange5,1000000,1239276.38
1879,lpush5,1000000,813008.12
1879,lrange5,1000000,1290549.75
1880,lpush5,1000000,823802.31
1880,lrange5,1000000,1193374.75
1881,lpush5,1000000,825816.69
1881,lrange5,1000000,1254725.25
1882,lpush5,1000000,824402.25
1882,lrange5,1000000,1182127.62
1883,lpush5,1000000,831348.31
1883,lrange5,1000000,1206446.38
1884,lpush5,1000000,825161.69
1884,lrange5,1000000,1243860.62
1885,lpush5,1000000,831468.06
1885,lrange5,1000000,1259526.38
1886,lpush5,1000000,836321.06
1886,lrange5,1000000,1179264.12
1887,lpush5,1000000,832119.81
1887,lrange5,1000000,1264283.12
1888,lpush5,1000000,834791.38
1888,lrange5,1000000,1278997.38
1889,lpush5,1000000,827143.12
1889,lrange5,1000000,1257962.25
1890,lpush5,1000000,825816.69
1890,lrange5,1000000,1267508.25
1891,lpush5,1000000,819777.00
1891,lrange5,1000000,1200787.50
1892,lpush5,1000000,831986.69
1892,lrange5,1000000,1253152.88
1893,lpush5,1000000,834028.38
1893,lrange5,1000000,1262727.25
1894,lpush5,1000000,829280.31
1894,lrange5,1000000,1190819.12
1895,lpush5,1000000,807167.12
1895,lrange5,1000000,1261276.25
1896,lpush5,1000000,827182.81
1896,lrange5,1000000,1254705.12
1897,lpush5,1000000,830578.06
1897,lrange5,1000000,1190590.50
1898,lpush5,1000000,819092.56
1898,lrange5,1000000,1189193.75
1899,lpush5,1000000,822407.94
1899,lrange5,1000000,1277221.00
1900,lpush5,1000000,819724.56
1900,lrange5,1000000,1095290.25
1901,lpush5,1000000,824613.31
1901,lrange5,1000000,1285388.12
1902,lpush5,1000000,813060.12
1902,lrange5,1000000,1283840.88
1903,lpush5,1000000,838343.69
1903,lrange5,1000000,1262646.50
1904,lpush5,1000000,839087.25
1904,lrange5,1000000,1228540.50
1905,lpush5,1000000,816378.75
1905,lrange5,1000000,1257881.75
1906,lpush5,1000000,834215.19
1906,lrange5,1000000,1253313.38
1907,lpush5,1000000,830578.06
1907,lrange5,1000000,1259466.00
1908,lpush5,1000000,821228.19
1908,lrange5,1000000,1257901.88
1909,lpush5,1000000,827880.81
1909,lrange5,1000000,1190876.25
1910,lpush5,1000000,829915.31
1910,lrange5,1000000,1230189.38
1911,lpush5,1000000,828526.94
1911,lrange5,1000000,1133786.75
1912,lpush5,1000000,825135.31
1912,lrange5,1000000,1275653.12
1913,lpush5,1000000,823084.75
1913,lrange5,1000000,1253313.38
1914,lpush5,1000000,815673.75
1914,lrange5,1000000,1274007.62
1915,lpush5,1000000,815165.44
1915,lrange5,1000000,1192066.75
1916,lpush5,1000000,819777.00
1916,lrange5,1000000,1197853.88
1917,lpush5,1000000,825763.88
1917,lrange5,1000000,1227111.62
1918,lpush5,1000000,820397.06
1918,lrange5,1000000,1290508.38
1919,lpush5,1000000,827827.88
1919,lrange5,1000000,1192181.12
1920,lpush5,1000000,825267.31
1920,lrange5,1000000,1257901.88
1921,lpush5,1000000,819027.06
1921,lrange5,1000000,1209422.00
1922,lpush5,1000000,814540.69
1922,lrange5,1000000,1295399.00
1923,lpush5,1000000,824494.62
1923,lrange5,1000000,1215105.75
1924,lpush5,1000000,834911.56
1924,lrange5,1000000,1278772.38
1925,lpush5,1000000,827262.19
1925,lrange5,1000000,1285532.12
1926,lpush5,1000000,822407.94
1926,lrange5,1000000,1287001.25
1927,lpush5,1000000,823216.44
1927,lrange5,1000000,1236113.75
1928,lpush5,1000000,825803.50
1928,lrange5,1000000,1278792.88
1929,lpush5,1000000,823111.06
1929,lrange5,1000000,1182241.12
1930,lpush5,1000000,822368.44
1930,lrange5,1000000,1290322.62
1931,lpush5,1000000,821797.88
1931,lrange5,1000000,1283779.25
1932,lpush5,1000000,821824.12
1932,lrange5,1000000,1193336.50
1933,lpush5,1000000,819000.88
1933,lrange5,1000000,1225529.38
1934,lpush5,1000000,825922.38
1934,lrange5,1000000,1287083.62
1935,lpush5,1000000,823045.25
1935,lrange5,1000000,1282318.00
1936,lpush5,1000000,825790.25
1936,lrange5,1000000,1277180.12
1937,lpush5,1000000,831946.75
1937,lrange5,1000000,1207864.75
1938,lpush5,1000000,828593.19
1938,lrange5,1000000,1246882.88
1939,lpush5,1000000,822407.94
1939,lrange5,1000000,1256482.38
1940,lpush5,1000000,825763.88
1940,lrange5,1000000,1283717.62
1941,lpush5,1000000,819790.12
1941,lrange5,1000000,1202096.12
1942,lpush5,1000000,827129.88
1942,lrange5,1000000,1283697.12
1943,lpush5,1000000,820515.19
1943,lrange5,1000000,1189174.75
1944,lpush5,1000000,830591.38
1944,lrange5,1000000,1200576.25
1945,lpush5,1000000,829213.94
1945,lrange5,1000000,1254705.12
1946,lpush5,1000000,825935.62
1946,lrange5,1000000,1261034.12
1947,lpush5,1000000,827182.81
1947,lrange5,1000000,1274048.38
1948,lpush5,1000000,821188.81
1948,lrange5,1000000,1287145.38
1949,lpush5,1000000,821018.00
1949,lrange5,1000000,1277180.12
1950,lpush5,1000000,822421.06
1950,lrange5,1000000,1274028.00
1951,lpush5,1000000,825135.31
1951,lrange5,1000000,1190533.38
1952,lpush5,1000000,827973.56
1952,lrange5,1000000,1282051.38
1953,lpush5,1000000,821070.56
1953,lrange5,1000000,1287021.88
1954,lpush5,1000000,811042.94
1954,lrange5,1000000,1193317.38
1955,lpush5,1000000,805307.56
1955,lrange5,1000000,1243960.12
1956,lpush5,1000000,818513.94
1956,lrange5,1000000,1245330.00
1957,lpush5,1000000,819685.25
1957,lrange5,1000000,1257942.12
1958,lpush5,1000000,819816.38
1958,lrange5,1000000,1171016.38
1959,lpush5,1000000,817228.75
1959,lrange5,1000000,1186334.50
1960,lpush5,1000000,826485.94
1960,lrange5,1000000,1293847.38
1961,lpush5,1000000,821162.50
1961,lrange5,1000000,1270810.62
1962,lpush5,1000000,833333.31
1962,lrange5,1000000,1224029.38
1963,lpush5,1000000,829187.44
1963,lrange5,1000000,1210808.75
1964,lpush5,1000000,821070.56
1964,lrange5,1000000,1254745.25
1965,lpush5,1000000,819842.62
1965,lrange5,1000000,1253152.88
1966,lpush5,1000000,825135.31
1966,lrange5,1000000,1267650.25
1967,lpush5,1000000,822394.75
1967,lrange5,1000000,1270810.62
1968,lpush5,1000000,822381.62
1968,lrange5,1000000,1176658.75
1969,lpush5,1000000,822605.31
1969,lrange5,1000000,1187952.50
1970,lpush5,1000000,829240.50
1970,lrange5,1000000,1275755.12
1971,lpush5,1000000,817674.56
1971,lrange5,1000000,1237623.75
1972,lpush5,1000000,830578.06
1972,lrange5,1000000,1266025.25
1973,lpush5,1000000,815726.00
1973,lrange5,1000000,1269177.62
1974,lpush5,1000000,828686.00
1974,lrange5,1000000,1242255.88
1975,lpush5,1000000,820397.06
1975,lrange5,1000000,1259445.75
1976,lpush5,1000000,811688.31
1976,lrange5,1000000,1197911.38
1977,lpush5,1000000,823071.56
1977,lrange5,1000000,1202000.00
1978,lpush5,1000000,825790.25
1978,lrange5,1000000,1199405.25
1979,lpush5,1000000,824586.94
1979,lrange5,1000000,1264364.12
1980,lpush5,1000000,836200.69
1980,lrange5,1000000,1179660.38
1981,lpush5,1000000,830061.38
1981,lrange5,1000000,1272305.38
1982,lpush5,1000000,825790.25
1982,lrange5,1000000,1193336.50
1983,lpush5,1000000,826499.12
1983,lrange5,1000000,1283717.62
1984,lpush5,1000000,815791.25
1984,lrange5,1000000,1193642.00
1985,lpush5,1000000,828026.50
1985,lrange5,1000000,1197643.12
1986,lpush5,1000000,813060.12
1986,lrange5,1000000,1200557.00
1987,lpush5,1000000,811779.25
1987,lrange5,1000000,1275612.25
1988,lpush5,1000000,821031.19
1988,lrange5,1000000,1237742.50
1989,lpush5,1000000,816339.56
1989,lrange5,1000000,1194915.12
1990,lpush5,1000000,825122.12
1990,lrange5,1000000,1265863.25
1991,lpush5,1000000,817713.81
1991,lrange5,1000000,1156198.88
1992,lpush5,1000000,819171.19
1992,lrange5,1000000,1206369.12
1993,lpush5,1000000,825909.19
1993,lrange5,1000000,1199309.38
1994,lpush5,1000000,815726.00
1994,lrange5,1000000,1283861.38
1995,lpush5,1000000,813721.75
1995,lrange5,1000000,1183488.75
1996,lpush5,1000000,830697.69
1996,lrange5,1000000,1269096.50
1997,lpush5,1000000,825896.00
1997,lrange5,1000000,1285532.12
1998,lpush5,1000000,814371.31
1998,lrange5,1000000,1280594.12
1999,lpush5,1000000,821850.44
1999,lrange5,1000000,1253233.12
2000,lpush5,1000000,819040.19
2000,lrange5,1000000,1257982.38
