trial,operation,requests,rps
1,lpush5,1000000,573185.12
1,lrange5,1000000,1256482.38
2,lpush5,1000000,806008.00
2,lrange5,1000000,1254765.38
3,lpush5,1000000,819053.25
3,lrange5,1000000,1302291.62
4,lpush5,1000000,811922.06
4,lrange5,1000000,1262646.50
5,lpush5,1000000,807857.81
5,lrange5,1000000,1225509.88
6,lpush5,1000000,810515.44
6,lrange5,1000000,1278895.12
7,lpush5,1000000,817831.50
7,lrange5,1000000,1209615.50
8,lpush5,1000000,815712.94
8,lrange5,1000000,1287001.25
9,lpush5,1000000,819672.12
9,lrange5,1000000,1302104.12
10,lpush5,1000000,812347.75
10,lrange5,1000000,1269198.00
11,lpush5,1000000,811263.56
11,lrange5,1000000,1278792.88
12,lpush5,1000000,821719.00
12,lrange5,1000000,1253353.38
13,lpush5,1000000,819105.69
13,lrange5,1000000,1234567.88
14,lpush5,1000000,815048.06
14,lrange5,1000000,1297141.38
15,lpush5,1000000,817045.75
15,lrange5,1000000,1200883.50
16,lpush5,1000000,809716.56
16,lrange5,1000000,938236.44
17,lpush5,1000000,825856.31
17,lrange5,1000000,1295399.00
18,lpush5,1000000,818369.88
18,lrange5,1000000,1192257.50
19,lpush5,1000000,810528.38
19,lrange5,1000000,1195106.38
20,lpush5,1000000,821732.12
20,lrange5,1000000,1248459.38
21,lpush5,1000000,820554.56
21,lrange5,1000000,1196593.25
22,lpush5,1000000,813838.94
22,lrange5,1000000,1272285.00
23,lpush5,1000000,813799.88
23,lrange5,1000000,1297141.38
24,lpush5,1000000,807870.75
24,lrange5,1000000,1196287.00
25,lpush5,1000000,823058.44
25,lrange5,1000000,1202230.75
26,lpush5,1000000,822368.44
26,lrange5,1000000,1282153.88
27,lpush5,1000000,817726.88
27,lrange5,1000000,1290343.25
28,lpush5,1000000,821692.69
28,lrange5,1000000,1285408.75
29,lpush5,1000000,827143.12
29,lrange5,1000000,1298722.12
30,lpush5,1000000,822539.50
30,lrange5,1000000,1277323.12
31,lpush5,1000000,817831.50
31,lrange5,1000000,1236173.00
32,lpush5,1000000,819829.50
32,lrange5,1000000,1293868.00
33,lpush5,1000000,820357.69
33,lrange5,1000000,888113.62
34,lpush5,1000000,641580.50
34,lrange5,1000000,1259486.12
35,lpush5,1000000,815061.12
35,lrange5,1000000,1195087.25
36,lpush5,1000000,819816.38
36,lrange5,1000000,1177912.88
37,lpush5,1000000,506715.31
37,lrange5,1000000,1189079.62
38,lpush5,1000000,814332.19
38,lrange5,1000000,1262666.62
39,lpush5,1000000,823137.44
39,lrange5,1000000,1280512.12
40,lpush5,1000000,824415.44
40,lrange5,1000000,1196344.50
41,lpush5,1000000,818540.12
41,lrange5,1000000,1204877.12
42,lpush5,1000000,809126.25
42,lrange5,1000000,1290384.50
43,lpush5,1000000,814410.38
43,lrange5,1000000,1194972.50
44,lpush5,1000000,826485.94
44,lrange5,1000000,1193317.38
45,lpush5,1000000,822381.62
45,lrange5,1000000,1243840.75
46,lpush5,1000000,824521.00
46,lrange5,1000000,1189269.88
47,lpush5,1000000,820383.94
47,lrange5,1000000,1192181.12
48,lpush5,1000000,818500.81
48,lrange5,1000000,1243900.50
49,lpush5,1000000,812542.69
49,lrange5,1000000,1246902.75
50,lpush5,1000000,813151.19
50,lrange5,1000000,1161495.88
51,lpush5,1000000,514403.28
51,lrange5,1000000,828593.19
52,lpush5,1000000,817006.56
52,lrange5,1000000,1254825.62
53,lpush5,1000000,823802.31
53,lrange5,1000000,1258062.88
54,lpush5,1000000,824586.94
54,lrange5,1000000,1269035.50
55,lpush5,1000000,823229.62
55,lrange5,1000000,1282112.88
56,lpush5,1000000,821824.12
56,lrange5,1000000,1261054.25
57,lpush5,1000000,824428.62
57,lrange5,1000000,1293847.38
58,lpush5,1000000,823881.38
58,lrange5,1000000,1297203.62
59,lpush5,1000000,820502.06
59,lrange5,1000000,1282071.88
60,lpush5,1000000,823229.62
60,lrange5,1000000,1300410.88
61,lpush5,1000000,827920.56
61,lrange5,1000000,1278772.38
62,lpush5,1000000,819131.88
62,lrange5,1000000,1285367.62
63,lpush5,1000000,819737.69
63,lrange5,1000000,1265863.25
64,lpush5,1000000,832679.44
64,lrange5,1000000,1199213.50
65,lpush5,1000000,822460.56
65,lrange5,1000000,1273946.50
66,lpush5,1000000,819013.94
66,lrange5,1000000,1200499.38
67,lpush5,1000000,813008.12
67,lrange5,1000000,1186258.62
68,lpush5,1000000,823934.12
68,lrange5,1000000,1178271.00
69,lpush5,1000000,827143.12
69,lrange5,1000000,1219512.25
70,lpush5,1000000,818330.62
70,lrange5,1000000,1300452.50
71,lpush5,1000000,819895.06
71,lrange5,1000000,1303927.00
72,lpush5,1000000,815660.69
72,lrange5,1000000,1272305.38
73,lpush5,1000000,812399.69
73,lrange5,1000000,1182335.62
74,lpush5,1000000,827222.50
74,lrange5,1000000,1295336.75
75,lpush5,1000000,817032.69
75,lrange5,1000000,1300390.12
76,lpush5,1000000,823894.56
76,lrange5,1000000,1197700.62
77,lpush5,1000000,808510.94
77,lrange5,1000000,1290508.38
78,lpush5,1000000,817674.56
78,lrange5,1000000,1257901.88
79,lpush5,1000000,826565.25
79,lrange5,1000000,1267467.75
80,lpush5,1000000,739133.75
80,lrange5,1000000,1075630.12
81,lpush5,1000000,825777.06
81,lrange5,1000000,1292093.00
82,lpush5,1000000,823762.75
82,lrange5,1000000,1298888.38
83,lpush5,1000000,819145.00
83,lrange5,1000000,1187895.50
84,lpush5,1000000,835582.25
84,lrange5,1000000,777150.00
85,lpush5,1000000,678995.25
85,lrange5,1000000,1203542.75
86,lpush5,1000000,819066.38
86,lrange5,1000000,1190495.25
87,lpush5,1000000,822539.50
87,lrange5,1000000,1297016.88
88,lpush5,1000000,817674.56
88,lrange5,1000000,1196325.38
89,lpush5,1000000,814332.19
89,lrange5,1000000,1251644.50
90,lpush5,1000000,815048.06
90,lrange5,1000000,1215261.25
91,lpush5,1000000,823894.56
91,lrange5,1000000,1300535.75
92,lpush5,1000000,809255.69
92,lrange5,1000000,1283697.12
93,lpush5,1000000,814332.19
93,lrange5,1000000,1300431.75
94,lpush5,1000000,829981.69
94,lrange5,1000000,1200902.75
95,lpush5,1000000,818422.25
95,lrange5,1000000,1197700.62
96,lpush5,1000000,815061.12
96,lrange5,1000000,1141698.62
97,lpush5,1000000,824441.81
97,lrange5,1000000,1287001.25
98,lpush5,1000000,804646.81
98,lrange5,1000000,1199098.38
99,lpush5,1000000,805153.00
99,lrange5,1000000,1248679.12
100,lpush5,1000000,820528.31
100,lrange5,1000000,1193317.38
101,lpush5,1000000,819053.25
101,lrange5,1000000,1283697.12
102,lpush5,1000000,817045.75
102,lrange5,1000000,1191933.25
103,lpush5,1000000,823855.06
103,lrange5,1000000,1248519.38
104,lpush5,1000000,817058.81
104,lrange5,1000000,997008.94
105,lpush5,1000000,506137.66
105,lrange5,1000000,792443.75
106,lpush5,1000000,800000.00
106,lrange5,1000000,1295399.00
107,lpush5,1000000,817019.62
107,lrange5,1000000,1192295.62
108,lpush5,1000000,814345.25
108,lrange5,1000000,1305483.12
109,lpush5,1000000,823045.25
109,lrange5,1000000,1300515.00
110,lpush5,1000000,825816.69
110,lrange5,1000000,1254865.75
111,lpush5,1000000,821850.44
111,lrange5,1000000,1159008.12
112,lpush5,1000000,819210.50
112,lrange5,1000000,1297079.12
113,lpush5,1000000,815699.88
113,lrange5,1000000,1190838.12
114,lpush5,1000000,821018.00
114,lrange5,1000000,1283779.25
115,lpush5,1000000,817163.44
115,lrange5,1000000,1242434.75
116,lpush5,1000000,819777.00
116,lrange5,1000000,1132738.38
117,lpush5,1000000,813229.25
117,lrange5,1000000,1193489.25
118,lpush5,1000000,823775.94
118,lrange5,1000000,1240774.25
119,lpush5,1000000,807883.69
119,lrange5,1000000,988253.00
120,lpush5,1000000,815660.69
120,lrange5,1000000,1193737.50
121,lpush5,1000000,829928.62
121,lrange5,1000000,1193355.62
122,lpush5,1000000,819053.25
122,lrange5,1000000,1194934.25
123,lpush5,1000000,819184.31
123,lrange5,1000000,1190590.50
124,lpush5,1000000,810385.75
124,lrange5,1000000,1280430.25
125,lpush5,1000000,817883.88
125,lrange5,1000000,1269177.62
126,lpush5,1000000,815712.94
126,lrange5,1000000,1192066.75
127,lpush5,1000000,815699.88
127,lrange5,1000000,1267488.00
128,lpush5,1000000,815804.25
128,lrange5,1000000,1200825.88
129,lpush5,1000000,829240.50
129,lrange5,1000000,1280450.62
130,lpush5,1000000,816993.50
130,lrange5,1000000,1298742.88
131,lpush5,1000000,825306.94
131,lrange5,1000000,1196535.88
132,lpush5,1000000,812451.69
132,lrange5,1000000,1265984.75
133,lpush5,1000000,816431.00
133,lrange5,1000000,1275796.00
134,lpush5,1000000,813190.25
134,lrange5,1000000,1277221.00
135,lpush5,1000000,812347.75
135,lrange5,1000000,1248439.50
136,lpush5,1000000,815074.19
136,lrange5,1000000,1290322.62
137,lpush5,1000000,816444.06
137,lrange5,1000000,1206484.88
138,lpush5,1000000,819027.06
138,lrange5,1000000,1190552.38
139,lpush5,1000000,819184.31
139,lrange5,1000000,1253293.25
140,lpush5,1000000,821136.25
140,lrange5,1000000,1191952.38
141,lpush5,1000000,830750.81
141,lrange5,1000000,1287145.38
142,lpush5,1000000,823058.44
142,lrange5,1000000,1218202.25
143,lpush5,1000000,827182.81
143,lrange5,1000000,1285388.12
144,lpush5,1000000,823124.25
144,lrange5,1000000,1288742.25
145,lpush5,1000000,815673.75
145,lrange5,1000000,1239157.38
146,lpush5,1000000,816326.50
146,lrange5,1000000,1300390.12
147,lpush5,1000000,830087.94
147,lrange5,1000000,1200806.75
148,lpush5,1000000,823934.12
148,lrange5,1000000,1187781.50
149,lpush5,1000000,830604.62
149,lrange5,1000000,1197624.00
150,lpush5,1000000,816417.94
150,lrange5,1000000,1283779.25
151,lpush5,1000000,830564.81
151,lrange5,1000000,1253313.38
152,lpush5,1000000,817098.06
152,lrange5,1000000,1198045.50
153,lpush5,1000000,822513.19
153,lrange5,1000000,785117.69
154,lpush5,1000000,555917.75
154,lrange5,1000000,1254745.25
155,lpush5,1000000,820423.31
155,lrange5,1000000,1278915.62
156,lpush5,1000000,827894.06
156,lrange5,1000000,1278772.38
157,lpush5,1000000,815752.06
157,lrange5,1000000,1184910.00
158,lpush5,1000000,823163.75
158,lrange5,1000000,1261215.62
159,lpush5,1000000,817006.56
159,lrange5,1000000,1236133.50
160,lpush5,1000000,821850.44
160,lrange5,1000000,1297037.62
161,lpush5,1000000,818540.12
161,lrange5,1000000,1298701.38
162,lpush5,1000000,817831.50
162,lrange5,1000000,1194762.25
163,lpush5,1000000,815830.38
163,lrange5,1000000,1189441.12
164,lpush5,1000000,817071.94
164,lrange5,1000000,1189479.12
165,lpush5,1000000,821018.00
165,lrange5,1000000,1050504.12
166,lpush5,1000000,512122.91
166,lrange5,1000000,790577.06
167,lpush5,1000000,652877.31
167,lrange5,1000000,1262646.50
168,lpush5,1000000,822552.69
168,lrange5,1000000,1186657.12
169,lpush5,1000000,821136.25
169,lrange5,1000000,1278895.12
170,lpush5,1000000,819685.25
170,lrange5,1000000,1193527.50
171,lpush5,1000000,821162.50
171,lrange5,1000000,1185061.62
172,lpush5,1000000,807961.19
172,lrange5,1000000,1272325.62
173,lpush5,1000000,816522.44
173,lrange5,1000000,1267447.50
174,lpush5,1000000,821732.12
174,lrange5,1000000,1197930.62
175,lpush5,1000000,824415.44
175,lrange5,1000000,1259445.75
176,lpush5,1000000,815126.31
176,lrange5,1000000,1200825.88
177,lpush5,1000000,817202.62
177,lrange5,1000000,1277425.25
178,lpush5,1000000,814436.44
178,lrange5,1000000,1082614.75
179,lpush5,1000000,812360.69
179,lrange5,1000000,846983.94
180,lpush5,1000000,824402.25
180,lrange5,1000000,1204896.38
181,lpush5,1000000,817661.44
181,lrange5,1000000,1287021.88
182,lpush5,1000000,820488.94
182,lrange5,1000000,1302333.38
183,lpush5,1000000,821096.81
183,lrange5,1000000,1282112.88
184,lpush5,1000000,817713.81
184,lrange5,1000000,1261356.88
185,lpush5,1000000,813021.12
185,lrange5,1000000,1230209.12
186,lpush5,1000000,830671.12
186,lrange5,1000000,1256482.38
187,lpush5,1000000,725863.56
187,lrange5,1000000,1280471.12
188,lpush5,1000000,822447.38
188,lrange5,1000000,1290425.88
189,lpush5,1000000,817202.62
189,lrange5,1000000,1196593.25
190,lpush5,1000000,825856.31
190,lrange5,1000000,1183469.75
191,lpush5,1000000,814410.38
191,lrange5,1000000,1194781.38
192,lpush5,1000000,821692.69
192,lrange5,1000000,1280471.12
193,lpush5,1000000,828712.50
193,lrange5,1000000,928579.38
194,lpush5,1000000,825777.06
194,lrange5,1000000,1269055.88
195,lpush5,1000000,819672.12
195,lrange5,1000000,1192257.50
196,lpush5,1000000,817739.94
196,lrange5,1000000,1213825.25
197,lpush5,1000000,814475.56
197,lrange5,1000000,1283738.12
198,lpush5,1000000,815739.00
198,lrange5,1000000,1244000.00
199,lpush5,1000000,817058.81
199,lrange5,1000000,1280409.75
200,lpush5,1000000,814345.25
200,lrange5,1000000,1287021.88
201,lpush5,1000000,820383.94
201,lrange5,1000000,1295399.00
202,lpush5,1000000,823124.25
202,lrange5,1000000,1297203.62
203,lpush5,1000000,813747.75
203,lrange5,1000000,1293661.00
204,lpush5,1000000,820357.69
204,lrange5,1000000,1187762.50
205,lpush5,1000000,823907.75
205,lrange5,1000000,1197834.75
206,lpush5,1000000,827920.56
206,lrange5,1000000,1179320.75
207,lpush5,1000000,832746.06
207,lrange5,1000000,1190495.25
208,lpush5,1000000,824455.00
208,lrange5,1000000,1288824.75
209,lpush5,1000000,816378.75
209,lrange5,1000000,1184985.75
210,lpush5,1000000,819184.31
210,lrange5,1000000,1193317.38
211,lpush5,1000000,817058.81
211,lrange5,1000000,1165631.75
212,lpush5,1000000,823203.25
212,lrange5,1000000,1242375.12
213,lpush5,1000000,823111.06
213,lrange5,1000000,1202211.50
214,lpush5,1000000,819842.62
214,lrange5,1000000,1240893.25
215,lpush5,1000000,817700.69
215,lrange5,1000000,1295357.50
216,lpush5,1000000,825201.31
216,lrange5,1000000,1257861.62
217,lpush5,1000000,814540.69
217,lrange5,1000000,1148307.75
218,lpush5,1000000,809087.44
218,lrange5,1000000,1285408.75
219,lpush5,1000000,814553.69
219,lrange5,1000000,1194972.50
220,lpush5,1000000,805346.25
220,lrange5,1000000,1190819.12
221,lpush5,1000000,823815.50
221,lrange5,1000000,1183829.50
222,lpush5,1000000,811081.88
222,lrange5,1000000,1108753.88
223,lpush5,1000000,502934.16
223,lrange5,1000000,1175351.38
224,lpush5,1000000,811727.25
224,lrange5,1000000,1250060.00
225,lpush5,1000000,819184.31
225,lrange5,1000000,1270668.38
226,lpush5,1000000,814995.94
226,lrange5,1000000,1237623.75
227,lpush5,1000000,820397.06
227,lrange5,1000000,1197777.25
228,lpush5,1000000,829320.06
228,lrange5,1000000,1182411.38
229,lpush5,1000000,826472.69
229,lrange5,1000000,1288680.38
230,lpush5,1000000,815882.56
230,lrange5,1000000,1302145.88
231,lpush5,1000000,820357.69
231,lrange5,1000000,1175088.12
232,lpush5,1000000,832066.56
232,lrange5,1000000,1196248.75
233,lpush5,1000000,827328.38
233,lrange5,1000000,1259466.00
234,lpush5,1000000,821837.31
234,lrange5,1000000,1265822.75
235,lpush5,1000000,810580.25
235,lrange5,1000000,1287063.00
236,lpush5,1000000,824547.38
236,lrange5,1000000,1199424.50
237,lpush5,1000000,819105.69
237,lrange5,1000000,1262787.88
238,lpush5,1000000,828553.44
238,lrange5,1000000,1300577.38
239,lpush5,1000000,816522.44
239,lrange5,1000000,1193412.88
240,lpush5,1000000,815152.38
240,lrange5,1000000,1303801.75
241,lpush5,1000000,806580.62
241,lrange5,1000000,1275571.50
242,lpush5,1000000,817137.25
242,lrange5,1000000,1254725.25
243,lpush5,1000000,812399.69
243,lrange5,1000000,1199040.75
244,lpush5,1000000,824560.56
244,lrange5,1000000,1300410.88
245,lpush5,1000000,807831.94
245,lrange5,1000000,1302229.12
246,lpush5,1000000,826446.25
246,lrange5,1000000,1284025.75
247,lpush5,1000000,823058.44
247,lrange5,1000000,1295461.12
248,lpush5,1000000,825240.94
248,lrange5,1000000,1196344.50
249,lpush5,1000000,810450.56
249,lrange5,1000000,1204857.88
250,lpush5,1000000,823084.75
250,lrange5,1000000,1206272.62
251,lpush5,1000000,813825.88
251,lrange5,1000000,1295523.25
252,lpush5,1000000,813112.19
252,lrange5,1000000,1200710.62
253,lpush5,1000000,826485.94
253,lrange5,1000000,1216564.38
254,lpush5,1000000,821705.81
254,lrange5,1000000,1195049.00
255,lpush5,1000000,816535.50
255,lrange5,1000000,1204857.88
256,lpush5,1000000,817700.69
256,lrange5,1000000,1196401.88
257,lpush5,1000000,818343.69
257,lrange5,1000000,1256462.25
258,lpush5,1000000,828053.00
258,lrange5,1000000,1287021.88
259,lpush5,1000000,819066.38
259,lrange5,1000000,1165501.25
260,lpush5,1000000,834737.94
260,lrange5,1000000,1298763.62
261,lpush5,1000000,823947.31
261,lrange5,1000000,1199060.00
262,lpush5,1000000,819711.44
262,lrange5,1000000,1256301.50
263,lpush5,1000000,816444.06
263,lrange5,1000000,1293806.00
264,lpush5,1000000,813812.88
264,lrange5,1000000,1199386.12
265,lpush5,1000000,813695.69
265,lrange5,1000000,1210847.50
266,lpush5,1000000,821162.50
266,lrange5,1000000,1247062.38
267,lpush5,1000000,827196.06
267,lrange5,1000000,1259586.88
268,lpush5,1000000,819040.19
268,lrange5,1000000,1197662.25
269,lpush5,1000000,809152.12
269,lrange5,1000000,1280532.62
270,lpush5,1000000,820397.06
270,lrange5,1000000,1259506.25
271,lpush5,1000000,819223.62
271,lrange5,1000000,1200787.50
272,lpush5,1000000,816431.00
272,lrange5,1000000,1189079.62
273,lpush5,1000000,820357.69
273,lrange5,1000000,1224107.75
274,lpush5,1000000,821228.19
274,lrange5,1000000,1267467.75
275,lpush5,1000000,820423.31
275,lrange5,1000000,1291989.62
276,lpush5,1000000,823176.94
276,lrange5,1000000,1282071.88
277,lpush5,1000000,821083.69
277,lrange5,1000000,1285449.88
278,lpush5,1000000,821083.69
278,lrange5,1000000,1275612.25
279,lpush5,1000000,832159.69
279,lrange5,1000000,1191914.25
280,lpush5,1000000,825135.31
280,lrange5,1000000,1227170.50
281,lpush5,1000000,821175.69
281,lrange5,1000000,1261094.62
282,lpush5,1000000,817019.62
282,lrange5,1000000,1297141.38
283,lpush5,1000000,828553.44
283,lrange5,1000000,1226993.88
284,lpush5,1000000,830061.38
284,lrange5,1000000,1181034.25
285,lpush5,1000000,827354.88
285,lrange5,1000000,1280512.12
286,lpush5,1000000,819698.31
286,lrange5,1000000,1275571.50
287,lpush5,1000000,826499.12
287,lrange5,1000000,1258083.00
288,lpush5,1000000,823723.25
288,lrange5,1000000,1160278.50
289,lpush5,1000000,813734.75
289,lrange5,1000000,1179452.88
290,lpush5,1000000,827986.81
290,lrange5,1000000,1195029.88
291,lpush5,1000000,821758.44
291,lrange5,1000000,1192162.12
292,lpush5,1000000,823229.62
292,lrange5,1000000,1237643.50
293,lpush5,1000000,825095.69
293,lrange5,1000000,1201980.75
294,lpush5,1000000,815817.31
294,lrange5,1000000,1261074.38
295,lpush5,1000000,819000.88
295,lrange5,1000000,1267447.50
296,lpush5,1000000,811714.31
296,lrange5,1000000,765709.06
297,lpush5,1000000,508420.94
297,lrange5,1000000,918288.38
298,lpush5,1000000,831468.06
298,lrange5,1000000,1290487.75
299,lpush5,1000000,821745.25
299,lrange5,1000000,1179584.88
300,lpush5,1000000,829928.62
300,lrange5,1000000,1193718.38
301,lpush5,1000000,816483.25
301,lrange5,1000000,1203581.25
302,lpush5,1000000,821070.56
302,lrange5,1000000,1228520.88
303,lpush5,1000000,829928.62
303,lrange5,1000000,1195144.50
304,lpush5,1000000,825254.12
304,lrange5,1000000,1196191.38
305,lpush5,1000000,816365.69
305,lrange5,1000000,1199079.12
306,lpush5,1000000,827169.56
306,lrange5,1000000,1285429.25
307,lpush5,1000000,823124.25
307,lrange5,1000000,1298826.00
308,lpush5,1000000,833466.62
308,lrange5,1000000,1115183.88
309,lpush5,1000000,817137.25
309,lrange5,1000000,1292010.38
310,lpush5,1000000,821057.44
310,lrange5,1000000,1265822.75
311,lpush5,1000000,821070.56
311,lrange5,1000000,1257881.75
312,lpush5,1000000,817726.88
312,lrange5,1000000,1283717.62
313,lpush5,1000000,825816.69
313,lrange5,1000000,802593.88
314,lpush5,1000000,507896.41
314,lrange5,1000000,1112364.88
315,lpush5,1000000,834215.19
315,lrange5,1000000,1251744.62
316,lpush5,1000000,824428.62
316,lrange5,1000000,1275755.12
317,lpush5,1000000,819013.94
317,lrange5,1000000,1237643.50
318,lpush5,1000000,821044.31
318,lrange5,1000000,1254845.62
319,lpush5,1000000,815726.00
319,lrange5,1000000,1270688.75
320,lpush5,1000000,819777.00
320,lrange5,1000000,1297162.12
321,lpush5,1000000,823097.94
321,lrange5,1000000,1298701.38
322,lpush5,1000000,814995.94
322,lrange5,1000000,1273987.25
323,lpush5,1000000,819685.25
323,lrange5,1000000,1298826.00
324,lpush5,1000000,828513.69
324,lrange5,1000000,785646.50
325,lpush5,1000000,817202.62
325,lrange5,1000000,1231665.00
326,lpush5,1000000,827156.31
326,lrange5,1000000,1280471.12
327,lpush5,1000000,821771.56
327,lrange5,1000000,1277282.25
328,lpush5,1000000,815673.75
328,lrange5,1000000,1302166.62
329,lpush5,1000000,825763.88
329,lrange5,1000000,1282051.38
330,lpush5,1000000,819053.25
330,lrange5,1000000,1256281.38
331,lpush5,1000000,821732.12
331,lrange5,1000000,1293764.50
332,lpush5,1000000,823723.25
332,lrange5,1000000,1298701.38
333,lpush5,1000000,819040.19
333,lrange5,1000000,1188047.50
334,lpush5,1000000,817098.06
334,lrange5,1000000,1272305.38
335,lpush5,1000000,821811.00
335,lrange5,1000000,1221059.88
336,lpush5,1000000,822434.25
336,lrange5,1000000,1172483.00
337,lpush5,1000000,817058.81
337,lrange5,1000000,1210731.25
338,lpush5,1000000,821031.19
338,lrange5,1000000,942642.81
339,lpush5,1000000,507470.34
339,lrange5,1000000,762207.31
340,lpush5,1000000,707258.81
340,lrange5,1000000,1186410.50
341,lpush5,1000000,822368.44
341,lrange5,1000000,1287083.62
342,lpush5,1000000,813864.94
342,lrange5,1000000,1236093.88
343,lpush5,1000000,817753.06
343,lrange5,1000000,1300431.75
344,lpush5,1000000,815204.56
344,lrange5,1000000,1302145.88
345,lpush5,1000000,825214.50
345,lrange5,1000000,1203639.00
346,lpush5,1000000,821903.06
346,lrange5,1000000,1192295.62
347,lpush5,1000000,818369.88
347,lrange5,1000000,1194896.00
348,lpush5,1000000,811740.25
348,lrange5,1000000,1247002.50
349,lpush5,1000000,824613.31
349,lrange5,1000000,1204954.25
350,lpush5,1000000,821136.25
350,lrange5,1000000,1199060.00
351,lpush5,1000000,821732.12
351,lrange5,1000000,1200499.38
352,lpush5,1000000,810463.56
352,lrange5,1000000,1168598.12
353,lpush5,1000000,821837.31
353,lrange5,1000000,1206620.00
354,lpush5,1000000,823841.88
354,lrange5,1000000,1300577.38
355,lpush5,1000000,821784.69
355,lrange5,1000000,1196478.38
356,lpush5,1000000,820515.19
356,lrange5,1000000,1199117.50
357,lpush5,1000000,824639.69
357,lrange5,1000000,1280450.62
358,lpush5,1000000,809872.06
358,lrange5,1000000,1300494.12
359,lpush5,1000000,814332.19
359,lrange5,1000000,1195144.50
360,lpush5,1000000,812386.69
360,lrange5,1000000,1267508.25
361,lpush5,1000000,816339.56
361,lrange5,1000000,1282051.38
362,lpush5,1000000,813021.12
362,lrange5,1000000,1248499.38
363,lpush5,1000000,822394.75
363,lrange5,1000000,1259506.25
364,lpush5,1000000,822552.69
364,lrange5,1000000,1295440.38
365,lpush5,1000000,819079.50
365,lrange5,1000000,1295357.50
366,lpush5,1000000,819685.25
366,lrange5,1000000,1202038.38
367,lpush5,1000000,821070.56
367,lrange5,1000000,1228540.50
368,lpush5,1000000,821044.31
368,lrange5,1000000,1292175.75
369,lpush5,1000000,811701.31
369,lrange5,1000000,1275632.62
370,lpush5,1000000,819763.94
370,lrange5,1000000,1202326.88
371,lpush5,1000000,825174.94
371,lrange5,1000000,1293661.00
372,lpush5,1000000,822434.25
372,lrange5,1000000,1282194.88
373,lpush5,1000000,824494.62
373,lrange5,1000000,1288783.50
374,lpush5,1000000,816431.00
374,lrange5,1000000,1173708.88
375,lpush5,1000000,824560.56
375,lrange5,1000000,1282051.38
376,lpush5,1000000,818422.25
376,lrange5,1000000,1285367.62
377,lpush5,1000000,815008.94
377,lrange5,1000000,826472.69
378,lpush5,1000000,503327.62
378,lrange5,1000000,822368.44
379,lpush5,1000000,673886.81
379,lrange5,1000000,1297099.88
380,lpush5,1000000,818330.62
380,lrange5,1000000,1193584.75
381,lpush5,1000000,821732.12
381,lrange5,1000000,1253273.25
382,lpush5,1000000,821732.12
382,lrange5,1000000,1261215.62
383,lpush5,1000000,827143.12
383,lrange5,1000000,1247022.50
384,lpush5,1000000,829981.69
384,lrange5,1000000,1292031.00
385,lpush5,1000000,823894.56
385,lrange5,1000000,1231546.88
386,lpush5,1000000,819672.12
386,lrange5,1000000,1192181.12
387,lpush5,1000000,820370.81
387,lrange5,1000000,1182279.00
388,lpush5,1000000,826644.62
388,lrange5,1000000,1190704.75
389,lpush5,1000000,826485.94
389,lrange5,1000000,1187648.50
390,lpush5,1000000,815673.75
390,lrange5,1000000,1182108.75
391,lpush5,1000000,824626.50
391,lrange5,1000000,1206349.88
392,lpush5,1000000,824428.62
392,lrange5,1000000,1285408.75
393,lpush5,1000000,817098.06
393,lrange5,1000000,1264384.25
394,lpush5,1000000,805165.88
394,lrange5,1000000,1293661.00
395,lpush5,1000000,833346.62
395,lrange5,1000000,887325.69
396,lpush5,1000000,576046.12
396,lrange5,1000000,1302083.38
397,lpush5,1000000,825227.69
397,lrange5,1000000,1265863.25
398,lpush5,1000000,820462.69
398,lrange5,1000000,1273926.12
399,lpush5,1000000,811779.25
399,lrange5,1000000,1297265.88
400,lpush5,1000000,808420.38
400,lrange5,1000000,1219785.38
401,lpush5,1000000,811030.00
401,lrange5,1000000,1165613.12
402,lpush5,1000000,811042.94
402,lrange5,1000000,1297224.38
403,lpush5,1000000,811688.31
403,lrange5,1000000,1237722.75
404,lpush5,1000000,821044.31
404,lrange5,1000000,1192066.75
405,lpush5,1000000,822407.94
405,lrange5,1000000,1194857.75
406,lpush5,1000000,819066.38
406,lrange5,1000000,1273885.25
407,lpush5,1000000,823176.94
407,lrange5,1000000,1196172.25
408,lpush5,1000000,816509.38
408,lrange5,1000000,1298701.38
409,lpush5,1000000,815739.00
409,lrange5,1000000,1254705.12
410,lpush5,1000000,825909.19
410,lrange5,1000000,1303801.75
411,lpush5,1000000,825763.88
411,lrange5,1000000,1283758.75
412,lpush5,1000000,816417.94
412,lrange5,1000000,1251584.50
413,lpush5,1000000,812347.75
413,lrange5,1000000,1277139.25
414,lpush5,1000000,819013.94
414,lrange5,1000000,1192028.62
415,lpush5,1000000,813073.19
415,lrange5,1000000,1283923.00
416,lpush5,1000000,824455.00
416,lrange5,1000000,1295378.25
417,lpush5,1000000,821228.19
417,lrange5,1000000,1193336.50
418,lpush5,1000000,822381.62
418,lrange5,1000000,1272407.12
419,lpush5,1000000,818540.12
419,lrange5,1000000,1278915.62
420,lpush5,1000000,822552.69
420,lrange5,1000000,1243781.12
421,lpush5,1000000,817111.12
421,lrange5,1000000,806541.94
422,lpush5,1000000,813838.94
422,lrange5,1000000,1280471.12
423,lpush5,1000000,811688.31
423,lrange5,1000000,1283758.75
424,lpush5,1000000,831481.31
424,lrange5,1000000,1297099.88
425,lpush5,1000000,825135.31
425,lrange5,1000000,1197681.50
426,lpush5,1000000,824468.25
426,lrange5,1000000,1203658.25
427,lpush5,1000000,825122.12
427,lrange5,1000000,1219531.75
428,lpush5,1000000,818409.19
428,lrange5,1000000,1265863.25
429,lpush5,1000000,829981.69
429,lrange5,1000000,1201961.50
430,lpush5,1000000,829240.50
430,lrange5,1000000,1297224.38
431,lpush5,1000000,823045.25
431,lrange5,1000000,1300515.00
432,lpush5,1000000,821031.19
432,lrange5,1000000,1295336.75
433,lpush5,1000000,812399.69
433,lrange5,1000000,1194953.38
434,lpush5,1000000,818461.56
434,lrange5,1000000,1218221.75
435,lpush5,1000000,804012.88
435,lrange5,1000000,1282153.88
436,lpush5,1000000,821188.81
436,lrange5,1000000,1194972.50
437,lpush5,1000000,818330.62
437,lrange5,1000000,1246922.75
438,lpush5,1000000,821758.44
438,lrange5,1000000,1183602.38
439,lpush5,1000000,815686.81
439,lrange5,1000000,1203446.50
440,lpush5,1000000,818383.00
440,lrange5,1000000,1190647.62
441,lpush5,1000000,809897.94
441,lrange5,1000000,1200691.50
442,lpush5,1000000,815061.12
442,lrange5,1000000,1118693.50
443,lpush5,1000000,823815.50
443,lrange5,1000000,1236113.75
444,lpush5,1000000,825122.12
444,lrange5,1000000,1205050.62
445,lpush5,1000000,825267.31
445,lrange5,1000000,1300410.88
446,lpush5,1000000,820397.06
446,lrange5,1000000,1293723.12
447,lpush5,1000000,822460.56
447,lrange5,1000000,1168486.00
448,lpush5,1000000,818356.81
448,lrange5,1000000,1253393.50
449,lpush5,1000000,818487.75
449,lrange5,1000000,1283717.62
450,lpush5,1000000,820528.31
450,lrange5,1000000,1273946.50
451,lpush5,1000000,821083.69
451,lrange5,1000000,1295399.00
452,lpush5,1000000,823736.44
452,lrange5,1000000,1297079.12
453,lpush5,1000000,821018.00
453,lrange5,1000000,1298826.00
454,lpush5,1000000,818540.12
454,lrange5,1000000,1262707.12
455,lpush5,1000000,812399.69
455,lrange5,1000000,1189498.12
456,lpush5,1000000,815048.06
456,lrange5,1000000,1298701.38
457,lpush5,1000000,825790.25
457,lrange5,1000000,1270729.38
458,lpush5,1000000,821745.25
458,lrange5,1000000,1302187.50
459,lpush5,1000000,819053.25
459,lrange5,1000000,1253213.12
460,lpush5,1000000,818343.69
460,lrange5,1000000,1285408.75
461,lpush5,1000000,821031.19
461,lrange5,1000000,1262787.88
462,lpush5,1000000,815074.19
462,lrange5,1000000,1305504.00
463,lpush5,1000000,824494.62
463,lrange5,1000000,1264222.50
464,lpush5,1000000,825082.50
464,lrange5,1000000,1295399.00
465,lpush5,1000000,825948.81
465,lrange5,1000000,1280471.12
466,lpush5,1000000,816993.50
466,lrange5,1000000,1282297.50
467,lpush5,1000000,821110.00
467,lrange5,1000000,1305504.00
468,lpush5,1000000,827301.94
468,lrange5,1000000,1288659.75
469,lpush5,1000000,827169.56
469,lrange5,1000000,1212470.38
470,lpush5,1000000,819171.19
470,lrange5,1000000,1206311.25
471,lpush5,1000000,811766.25
471,lrange5,1000000,1256422.12
472,lpush5,1000000,811688.31
472,lrange5,1000000,1153771.62
473,lpush5,1000000,813682.69
473,lrange5,1000000,1183469.75
474,lpush5,1000000,823868.19
474,lrange5,1000000,1195029.88
475,lpush5,1000000,825790.25
475,lrange5,1000000,1292113.75
476,lpush5,1000000,821044.31
476,lrange5,1000000,1195049.00
477,lpush5,1000000,826499.12
477,lrange5,1000000,1193451.12
478,lpush5,1000000,813891.00
478,lrange5,1000000,1272264.62
479,lpush5,1000000,815778.19
479,lrange5,1000000,1192085.88
480,lpush5,1000000,826512.38
480,lrange5,1000000,1196287.00
481,lpush5,1000000,830631.25
481,lrange5,1000000,1197796.50
482,lpush5,1000000,824560.56
482,lrange5,1000000,1190876.25
483,lpush5,1000000,817661.44
483,lrange5,1000000,1168523.38
484,lpush5,1000000,824455.00
484,lrange5,1000000,1298888.38
485,lpush5,1000000,822368.44
485,lrange5,1000000,1302187.50
486,lpush5,1000000,823137.44
486,lrange5,1000000,1245489.50
487,lpush5,1000000,819118.81
487,lrange5,1000000,1297079.12
488,lpush5,1000000,817805.38
488,lrange5,1000000,1197739.00
489,lpush5,1000000,821732.12
489,lrange5,1000000,1256381.88
490,lpush5,1000000,827827.88
490,lrange5,1000000,1282236.00
491,lpush5,1000000,827920.56
491,lrange5,1000000,1273926.12
492,lpush5,1000000,820383.94
492,lrange5,1000000,1300390.12
493,lpush5,1000000,809216.88
493,lrange5,1000000,1143168.00
494,lpush5,1000000,819066.38
494,lrange5,1000000,1293909.50
495,lpush5,1000000,775293.06
495,lrange5,1000000,1240714.62
496,lpush5,1000000,811831.19
496,lrange5,1000000,1300535.75
497,lpush5,1000000,806516.12
497,lrange5,1000000,1257922.00
498,lpush5,1000000,800051.19
498,lrange5,1000000,1183602.38
499,lpush5,1000000,769835.25
499,lrange5,1000000,1129011.38
500,lpush5,1000000,816470.19
500,lrange5,1000000,1180920.88
501,lpush5,1000000,820410.19
501,lrange5,1000000,1109913.38
502,lpush5,1000000,821758.44
502,lrange5,1000000,1277343.62
503,lpush5,1000000,815660.69
503,lrange5,1000000,1131348.38
504,lpush5,1000000,812425.69
504,lrange5,1000000,1258083.00
505,lpush5,1000000,812386.69
505,lrange5,1000000,1194915.12
506,lpush5,1000000,819737.69
506,lrange5,1000000,1300473.38
507,lpush5,1000000,825803.50
507,lrange5,1000000,1200691.50
508,lpush5,1000000,817779.19
508,lrange5,1000000,1243900.50
509,lpush5,1000000,823920.94
509,lrange5,1000000,1254705.12
510,lpush5,1000000,819672.12
510,lrange5,1000000,1245350.00
511,lpush5,1000000,821110.00
511,lrange5,1000000,1250020.00
512,lpush5,1000000,825935.62
512,lrange5,1000000,1275591.88
513,lpush5,1000000,823097.94
513,lrange5,1000000,1205147.00
514,lpush5,1000000,835475.31
514,lrange5,1000000,1257881.75
515,lpush5,1000000,819711.44
515,lrange5,1000000,1269076.12
516,lpush5,1000000,821850.44
516,lrange5,1000000,1270709.00
517,lpush5,1000000,817766.12
517,lrange5,1000000,1207729.50
518,lpush5,1000000,813721.75
518,lrange5,1000000,1273987.25
519,lpush5,1000000,818330.62
519,lrange5,1000000,1297079.12
520,lpush5,1000000,813021.12
520,lrange5,1000000,1283717.62
521,lpush5,1000000,817674.56
521,lrange5,1000000,959692.88
522,lpush5,1000000,544444.19
522,lrange5,1000000,1287104.25
523,lpush5,1000000,819053.25
523,lrange5,1000000,1287227.75
524,lpush5,1000000,822421.06
524,lrange5,1000000,1205127.75
525,lpush5,1000000,827169.56
525,lrange5,1000000,1264263.00
526,lpush5,1000000,828672.75
526,lrange5,1000000,1288804.12
527,lpush5,1000000,823723.25
527,lrange5,1000000,1202326.88
528,lpush5,1000000,819013.94
528,lrange5,1000000,1269177.62
529,lpush5,1000000,813773.81
529,lrange5,1000000,1193737.50
530,lpush5,1000000,815817.31
530,lrange5,1000000,1298909.12
531,lpush5,1000000,821175.69
531,lrange5,1000000,1189117.75
532,lpush5,1000000,814540.69
532,lrange5,1000000,1265822.75
533,lpush5,1000000,822394.75
533,lrange5,1000000,1187648.50
534,lpush5,1000000,813073.19
534,lrange5,1000000,1182430.25
535,lpush5,1000000,821136.25
535,lrange5,1000000,1287166.00
536,lpush5,1000000,827235.75
536,lrange5,1000000,1267427.12
537,lpush5,1000000,816378.75
537,lrange5,1000000,1240813.88
538,lpush5,1000000,818343.69
538,lrange5,1000000,1212237.62
539,lpush5,1000000,826499.12
539,lrange5,1000000,1202173.00
540,lpush5,1000000,812373.69
540,lrange5,1000000,1305483.12
541,lpush5,1000000,827328.38
541,lrange5,1000000,1234587.62
542,lpush5,1000000,813851.94
542,lrange5,1000000,1215066.75
543,lpush5,1000000,817805.38
543,lrange5,1000000,1197930.62
544,lpush5,1000000,828579.94
544,lrange5,1000000,1250160.00
545,lpush5,1000000,813151.19
545,lrange5,1000000,1234607.38
546,lpush5,1000000,817661.44
546,lrange5,1000000,1282133.38
547,lpush5,1000000,811094.88
547,lrange5,1000000,1209363.88
548,lpush5,1000000,815804.25
548,lrange5,1000000,1303822.62
549,lpush5,1000000,833519.94
549,lrange5,1000000,1285408.75
550,lpush5,1000000,816378.75
550,lrange5,1000000,1298846.75
551,lpush5,1000000,823789.12
551,lrange5,1000000,1189212.88
552,lpush5,1000000,821745.25
552,lrange5,1000000,1197853.88
553,lpush5,1000000,823097.94
553,lrange5,1000000,1280594.12
554,lpush5,1000000,825829.94
554,lrange5,1000000,1298763.62
555,lpush5,1000000,827328.38
555,lrange5,1000000,1292134.38
556,lpush5,1000000,819066.38
556,lrange5,1000000,1305671.12
557,lpush5,1000000,813904.00
557,lrange5,1000000,1288721.62
558,lpush5,1000000,819672.12
558,lrange5,1000000,821018.00
559,lpush5,1000000,505601.59
559,lrange5,1000000,801282.06
560,lpush5,1000000,800128.00
560,lrange5,1000000,1196612.38
561,lpush5,1000000,817163.44
561,lrange5,1000000,1265883.50
562,lpush5,1000000,821149.38
562,lrange5,1000000,1269157.38
563,lpush5,1000000,812477.69
563,lrange5,1000000,1295461.12
564,lpush5,1000000,815686.81
564,lrange5,1000000,1182279.00
565,lpush5,1000000,822539.50
565,lrange5,1000000,1298742.88
566,lpush5,1000000,819210.50
566,lrange5,1000000,1004128.50
567,lpush5,1000000,739739.62
567,lrange5,1000000,1187971.50
568,lpush5,1000000,815022.00
568,lrange5,1000000,1298742.88
569,lpush5,1000000,827143.12
569,lrange5,1000000,1190800.00
570,lpush5,1000000,823736.44
570,lrange5,1000000,1171147.62
571,lpush5,1000000,823960.50
571,lrange5,1000000,1240734.50
572,lpush5,1000000,818396.06
572,lrange5,1000000,1200633.88
573,lpush5,1000000,826525.62
573,lrange5,1000000,1259546.50
574,lpush5,1000000,819685.25
574,lrange5,1000000,1270668.38
575,lpush5,1000000,817058.81
575,lrange5,1000000,1273987.25
576,lpush5,1000000,821070.56
576,lrange5,1000000,1300410.88
577,lpush5,1000000,820423.31
577,lrange5,1000000,1288866.00
578,lpush5,1000000,820423.31
578,lrange5,1000000,833346.62
579,lpush5,1000000,707349.38
579,lrange5,1000000,1297058.38
580,lpush5,1000000,815061.12
580,lrange5,1000000,1280635.00
581,lpush5,1000000,813786.81
581,lrange5,1000000,1199194.25
582,lpush5,1000000,827947.06
582,lrange5,1000000,1193317.38
583,lpush5,1000000,806529.00
583,lrange5,1000000,1203542.75
584,lpush5,1000000,813021.12
584,lrange5,1000000,1287021.88
585,lpush5,1000000,813047.12
585,lrange5,1000000,1203523.50
586,lpush5,1000000,817111.12
586,lrange5,1000000,1193317.38
587,lpush5,1000000,818500.81
587,lrange5,1000000,1290549.75
588,lpush5,1000000,821057.44
588,lrange5,1000000,1182373.50
589,lpush5,1000000,804530.94
589,lrange5,1000000,1302312.50
590,lpush5,1000000,813760.81
590,lrange5,1000000,1269218.25
591,lpush5,1000000,815048.06
591,lrange5,1000000,1302083.38
592,lpush5,1000000,822460.56
592,lrange5,1000000,1302187.50
593,lpush5,1000000,823163.75
593,lrange5,1000000,1302187.50
594,lpush5,1000000,809859.12
594,lrange5,1000000,1291989.62
595,lpush5,1000000,815178.50
595,lrange5,1000000,1277139.25
596,lpush5,1000000,821070.56
596,lrange5,1000000,1285347.00
597,lpush5,1000000,825320.12
597,lrange5,1000000,1278977.00
598,lpush5,1000000,811714.31
598,lrange5,1000000,1300452.50
599,lpush5,1000000,815660.69
599,lrange5,1000000,1302270.88
600,lpush5,1000000,810476.50
600,lrange5,1000000,1267548.88
601,lpush5,1000000,812503.69
601,lrange5,1000000,1248659.12
602,lpush5,1000000,821018.00
602,lrange5,1000000,1298929.88
603,lpush5,1000000,817674.56
603,lrange5,1000000,951505.25
604,lpush5,1000000,521179.78
604,lrange5,1000000,821732.12
605,lpush5,1000000,637064.94
605,lrange5,1000000,1182184.38
606,lpush5,1000000,817766.12
606,lrange5,1000000,1298722.12
607,lpush5,1000000,824468.25
607,lrange5,1000000,1231586.25
608,lpush5,1000000,817661.44
608,lrange5,1000000,1287166.00
609,lpush5,1000000,822407.94
609,lrange5,1000000,1295585.50
610,lpush5,1000000,807270.38
610,lrange5,1000000,1218124.25
611,lpush5,1000000,817792.25
611,lrange5,1000000,1180958.62
612,lpush5,1000000,820449.56
612,lrange5,1000000,1277221.00
613,lpush5,1000000,815673.75
613,lrange5,1000000,1297037.62
614,lpush5,1000000,752481.56
614,lrange5,1000000,1295378.25
615,lpush5,1000000,813008.12
615,lrange5,1000000,1273905.75
616,lpush5,1000000,815217.62
616,lrange5,1000000,1298722.12
617,lpush5,1000000,822381.62
617,lrange5,1000000,1185080.62
618,lpush5,1000000,815869.50
618,lrange5,1000000,1180732.00
619,lpush5,1000000,809113.31
619,lrange5,1000000,1278895.12
620,lpush5,1000000,820488.94
620,lrange5,1000000,846077.81
621,lpush5,1000000,615852.25
621,lrange5,1000000,1298722.12
622,lpush5,1000000,823828.69
622,lrange5,1000000,1285429.25
623,lpush5,1000000,809729.56
623,lrange5,1000000,1288701.00
624,lpush5,1000000,813747.75
624,lrange5,1000000,830114.50
625,lpush5,1000000,817870.75
625,lrange5,1000000,1290322.62
626,lpush5,1000000,819027.06
626,lrange5,1000000,1295544.00
627,lpush5,1000000,809833.19
627,lrange5,1000000,1199462.88
628,lpush5,1000000,813021.12
628,lrange5,1000000,1283799.75
629,lpush5,1000000,834884.81
629,lrange5,1000000,1305545.75
630,lpush5,1000000,821797.88
630,lrange5,1000000,1193412.88
631,lpush5,1000000,818579.38
631,lrange5,1000000,1298701.38
632,lpush5,1000000,812451.69
632,lrange5,1000000,1175182.12
633,lpush5,1000000,814345.25
633,lrange5,1000000,1292031.00
634,lpush5,1000000,823881.38
634,lrange5,1000000,1272305.38
635,lpush5,1000000,818422.25
635,lrange5,1000000,1199040.75
636,lpush5,1000000,817032.69
636,lrange5,1000000,1176527.00
637,lpush5,1000000,827973.56
637,lrange5,1000000,1285429.25
638,lpush5,1000000,822592.12
638,lrange5,1000000,1293806.00
639,lpush5,1000000,819092.56
639,lrange5,1000000,1193412.88
640,lpush5,1000000,817792.25
640,lrange5,1000000,1277180.12
641,lpush5,1000000,822486.88
641,lrange5,1000000,1267508.25
642,lpush5,1000000,819855.69
642,lrange5,1000000,1293743.88
643,lpush5,1000000,828513.69
643,lrange5,1000000,1290425.88
644,lpush5,1000000,517606.62
644,lrange5,1000000,844729.75
645,lpush5,1000000,828000.06
645,lrange5,1000000,1272447.88
646,lpush5,1000000,818383.00
646,lrange5,1000000,1274109.50
647,lpush5,1000000,818383.00
647,lrange5,1000000,1250040.00
648,lpush5,1000000,822368.44
648,lrange5,1000000,1236153.25
649,lpush5,1000000,832692.75
649,lrange5,1000000,1250100.00
650,lpush5,1000000,823960.50
650,lrange5,1000000,1239177.25
651,lpush5,1000000,828500.38
651,lrange5,1000000,1278895.12
652,lpush5,1000000,821083.69
652,lrange5,1000000,1182146.50
653,lpush5,1000000,817202.62
653,lrange5,1000000,1197758.12
654,lpush5,1000000,831986.69
654,lrange5,1000000,806658.06
655,lpush5,1000000,748086.75
655,lrange5,1000000,1201942.25
656,lpush5,1000000,824494.62
656,lrange5,1000000,1195010.75
657,lpush5,1000000,822552.69
657,lrange5,1000000,1183431.88
658,lpush5,1000000,823150.62
658,lrange5,1000000,1237623.75
659,lpush5,1000000,827814.62
659,lrange5,1000000,1272427.50
660,lpush5,1000000,828553.44
660,lrange5,1000000,1239197.00
661,lpush5,1000000,837614.75
661,lrange5,1000000,820449.56
662,lpush5,1000000,516528.94
662,lrange5,1000000,828579.94
663,lpush5,1000000,750187.56
663,lrange5,1000000,1270871.62
664,lpush5,1000000,817792.25
664,lrange5,1000000,1302208.38
665,lpush5,1000000,823855.06
665,lrange5,1000000,821929.31
666,lpush5,1000000,749781.12
666,lrange5,1000000,1269055.88
667,lpush5,1000000,823229.62
667,lrange5,1000000,1277302.75
668,lpush5,1000000,824428.62
668,lrange5,1000000,1210711.88
669,lpush5,1000000,815008.94
669,lrange5,1000000,1194972.50
670,lpush5,1000000,817700.69
670,lrange5,1000000,1290384.50
671,lpush5,1000000,825148.50
671,lrange5,1000000,792393.06
672,lpush5,1000000,516820.69
672,lrange5,1000000,1256281.38
673,lpush5,1000000,820436.44
673,lrange5,1000000,1187705.50
674,lpush5,1000000,825935.62
674,lrange5,1000000,1184891.00
675,lpush5,1000000,815008.94
675,lrange5,1000000,1288659.75
676,lpush5,1000000,819855.69
676,lrange5,1000000,1305524.88
677,lpush5,1000000,811727.25
677,lrange5,1000000,1270770.00
678,lpush5,1000000,823190.12
678,lrange5,1000000,1251584.50
679,lpush5,1000000,819000.88
679,lrange5,1000000,1278792.88
680,lpush5,1000000,815152.38
680,lrange5,1000000,1303780.88
681,lpush5,1000000,828646.19
681,lrange5,1000000,1300431.75
682,lpush5,1000000,822381.62
682,lrange5,1000000,1246882.88
683,lpush5,1000000,814527.69
683,lrange5,1000000,1202038.38
684,lpush5,1000000,823775.94
684,lrange5,1000000,1256422.12
685,lpush5,1000000,815739.00
685,lrange5,1000000,1192200.25
686,lpush5,1000000,826446.25
686,lrange5,1000000,1257881.75
687,lpush5,1000000,816993.50
687,lrange5,1000000,1277139.25
688,lpush5,1000000,827933.81
688,lrange5,1000000,1302166.62
689,lpush5,1000000,823762.75
689,lrange5,1000000,1253152.88
690,lpush5,1000000,829888.75
690,lrange5,1000000,1303968.62
691,lpush5,1000000,819079.50
691,lrange5,1000000,1273946.50
692,lpush5,1000000,815843.44
692,lrange5,1000000,1262646.50
693,lpush5,1000000,821916.19
693,lrange5,1000000,1295399.00
694,lpush5,1000000,819105.69
694,lrange5,1000000,1203677.50
695,lpush5,1000000,820449.56
695,lrange5,1000000,1285367.62
696,lpush5,1000000,819000.88
696,lrange5,1000000,1282215.38
697,lpush5,1000000,818330.62
697,lrange5,1000000,1278772.38
698,lpush5,1000000,830578.06
698,lrange5,1000000,1297099.88
699,lpush5,1000000,825816.69
699,lrange5,1000000,1283738.12
700,lpush5,1000000,822368.44
700,lrange5,1000000,1204992.75
701,lpush5,1000000,825148.50
701,lrange5,1000000,1126288.25
702,lpush5,1000000,830631.25
702,lrange5,1000000,1292031.00
703,lpush5,1000000,823775.94
703,lrange5,1000000,1197873.12
704,lpush5,1000000,817687.62
704,lrange5,1000000,1195029.88
705,lpush5,1000000,829359.88
705,lrange5,1000000,1236153.25
706,lpush5,1000000,831441.44
706,lrange5,1000000,1275632.62
707,lpush5,1000000,821876.75
707,lrange5,1000000,1305545.75
708,lpush5,1000000,817032.69
708,lrange5,1000000,1264364.12
709,lpush5,1000000,822421.06
709,lrange5,1000000,1043891.44
710,lpush5,1000000,518941.34
710,lrange5,1000000,865911.69
711,lpush5,1000000,817006.56
711,lrange5,1000000,1206369.12
712,lpush5,1000000,839697.75
712,lrange5,1000000,1303947.88
713,lpush5,1000000,820528.31
713,lrange5,1000000,1197988.00
714,lpush5,1000000,820357.69
714,lrange5,1000000,1259445.75
715,lpush5,1000000,816339.56
715,lrange5,1000000,1204857.88
716,lpush5,1000000,818461.56
716,lrange5,1000000,1197643.12
717,lpush5,1000000,819092.56
717,lrange5,1000000,1257901.88
718,lpush5,1000000,813786.81
718,lrange5,1000000,1305608.38
719,lpush5,1000000,822460.56
719,lrange5,1000000,1243801.00
720,lpush5,1000000,823736.44
720,lrange5,1000000,1273966.88
721,lpush5,1000000,835528.81
721,lrange5,1000000,1240774.25
722,lpush5,1000000,829373.12
722,lrange5,1000000,1285367.62
723,lpush5,1000000,823723.25
723,lrange5,1000000,1300431.75
724,lpush5,1000000,755930.50
724,lrange5,1000000,1204857.88
725,lpush5,1000000,820423.31
725,lrange5,1000000,1256301.50
726,lpush5,1000000,815008.94
726,lrange5,1000000,1254865.75
727,lpush5,1000000,817674.56
727,lrange5,1000000,1245549.25
728,lpush5,1000000,819000.88
728,lrange5,1000000,1280491.62
729,lpush5,1000000,815178.50
729,lrange5,1000000,1285367.62
730,lpush5,1000000,827143.12
730,lrange5,1000000,1293950.88
731,lpush5,1000000,820528.31
731,lrange5,1000000,841818.19
732,lpush5,1000000,508075.16
732,lrange5,1000000,1185232.25
733,lpush5,1000000,817124.19
733,lrange5,1000000,1219570.75
734,lpush5,1000000,815830.38
734,lrange5,1000000,1187724.50
735,lpush5,1000000,817085.00
735,lrange5,1000000,1282133.38
736,lpush5,1000000,815712.94
736,lrange5,1000000,1192143.00
737,lpush5,1000000,819724.56
737,lrange5,1000000,1262666.62
738,lpush5,1000000,819053.25
738,lrange5,1000000,1210808.75
739,lpush5,1000000,821850.44
739,lrange5,1000000,1277323.12
740,lpush5,1000000,813086.19
740,lrange5,1000000,1265863.25
741,lpush5,1000000,815008.94
741,lrange5,1000000,1261054.25
742,lpush5,1000000,821057.44
742,lrange5,1000000,1292051.75
743,lpush5,1000000,815712.94
743,lrange5,1000000,1302312.50
744,lpush5,1000000,812360.69
744,lrange5,1000000,1251644.50
745,lpush5,1000000,829875.50
745,lrange5,1000000,1300535.75
746,lpush5,1000000,821188.81
746,lrange5,1000000,1295461.12
747,lpush5,1000000,820475.81
747,lrange5,1000000,1261155.12
748,lpush5,1000000,811870.12
748,lrange5,1000000,1197739.00
749,lpush5,1000000,816444.06
749,lrange5,1000000,1197949.75
750,lpush5,1000000,813721.75
750,lrange5,1000000,1272285.00
751,lpush5,1000000,821070.56
751,lrange5,1000000,1256361.75
752,lpush5,1000000,817019.62
752,lrange5,1000000,1058218.00
753,lpush5,1000000,505577.34
753,lrange5,1000000,1013382.00
754,lpush5,1000000,809859.12
754,lrange5,1000000,1293661.00
755,lpush5,1000000,818448.44
755,lrange5,1000000,1182127.62
756,lpush5,1000000,809885.00
756,lrange5,1000000,1262626.25
757,lpush5,1000000,814423.44
757,lrange5,1000000,1210731.25
758,lpush5,1000000,819685.25
758,lrange5,1000000,1288659.75
759,lpush5,1000000,810437.62
759,lrange5,1000000,1285347.00
760,lpush5,1000000,814410.38
760,lrange5,1000000,1282194.88
761,lpush5,1000000,817792.25
761,lrange5,1000000,1176865.88
762,lpush5,1000000,825988.44
762,lrange5,1000000,1231606.00
763,lpush5,1000000,813799.88
763,lrange5,1000000,1176470.50
764,lpush5,1000000,815686.81
764,lrange5,1000000,1196382.75
765,lpush5,1000000,818435.38
765,lrange5,1000000,1280594.12
766,lpush5,1000000,823907.75
766,lrange5,1000000,1285347.00
767,lpush5,1000000,808485.06
767,lrange5,1000000,1221138.00
768,lpush5,1000000,826499.12
768,lrange5,1000000,1270668.38
769,lpush5,1000000,821070.56
769,lrange5,1000000,1180788.62
770,lpush5,1000000,821732.12
770,lrange5,1000000,1193565.62
771,lpush5,1000000,810385.75
771,lrange5,1000000,1285532.12
772,lpush5,1000000,822552.69
772,lrange5,1000000,1285429.25
773,lpush5,1000000,820436.44
773,lrange5,1000000,1273905.75
774,lpush5,1000000,826485.94
774,lrange5,1000000,1197834.75
775,lpush5,1000000,817713.81
775,lrange5,1000000,1203696.75
776,lpush5,1000000,827182.81
776,lrange5,1000000,1195029.88
777,lpush5,1000000,814371.31
777,lrange5,1000000,1297079.12
778,lpush5,1000000,823058.44
778,lrange5,1000000,1186353.50
779,lpush5,1000000,813047.12
779,lrange5,1000000,1247122.25
780,lpush5,1000000,818343.69
780,lrange5,1000000,1290363.88
781,lpush5,1000000,819158.12
781,lrange5,1000000,1274068.75
782,lpush5,1000000,817176.50
782,lrange5,1000000,1204857.88
783,lpush5,1000000,750750.75
783,lrange5,1000000,1277139.25
784,lpush5,1000000,819777.00
784,lrange5,1000000,1272264.62
785,lpush5,1000000,818330.62
785,lrange5,1000000,1287063.00
786,lpush5,1000000,815035.06
786,lrange5,1000000,1180977.62
787,lpush5,1000000,813034.12
787,lrange5,1000000,1297037.62
788,lpush5,1000000,818396.06
788,lrange5,1000000,1297079.12
789,lpush5,1000000,821031.19
789,lrange5,1000000,1293764.50
790,lpush5,1000000,818383.00
790,lrange5,1000000,1139298.38
791,lpush5,1000000,821705.81
791,lrange5,1000000,1225490.25
792,lpush5,1000000,820554.56
792,lrange5,1000000,1190666.75
793,lpush5,1000000,817032.69
793,lrange5,1000000,1297141.38
794,lpush5,1000000,813255.25
794,lrange5,1000000,1228579.88
795,lpush5,1000000,811701.31
795,lrange5,1000000,1297016.88
796,lpush5,1000000,814371.31
796,lrange5,1000000,1187724.50
797,lpush5,1000000,817215.69
797,lrange5,1000000,1288659.75
798,lpush5,1000000,828686.00
798,lrange5,1000000,1293661.00
799,lpush5,1000000,813877.94
799,lrange5,1000000,1248479.38
800,lpush5,1000000,818540.12
800,lrange5,1000000,1280594.12
801,lpush5,1000000,809846.12
801,lrange5,1000000,1297245.12
802,lpush5,1000000,820397.06
802,lrange5,1000000,1193470.12
803,lpush5,1000000,820344.56
803,lrange5,1000000,1295502.62
804,lpush5,1000000,833453.31
804,lrange5,1000000,1195029.88
805,lpush5,1000000,817753.06
805,lrange5,1000000,1197930.62
806,lpush5,1000000,830087.94
806,lrange5,1000000,1186505.38
807,lpush5,1000000,813151.19
807,lrange5,1000000,1236410.38
808,lpush5,1000000,812425.69
808,lrange5,1000000,1197604.88
809,lpush5,1000000,821123.12
809,lrange5,1000000,1295378.25
810,lpush5,1000000,817189.56
810,lrange5,1000000,1227033.12
811,lpush5,1000000,823150.62
811,lrange5,1000000,1298763.62
812,lpush5,1000000,820449.56
812,lrange5,1000000,1224205.62
813,lpush5,1000000,815074.19
813,lrange5,1000000,1195010.75
814,lpush5,1000000,819724.56
814,lrange5,1000000,1282194.88
815,lpush5,1000000,811792.19
815,lrange5,1000000,1266005.00
816,lpush5,1000000,817883.88
816,lrange5,1000000,1275714.38
817,lpush5,1000000,826618.12
817,lrange5,1000000,1278792.88
818,lpush5,1000000,823216.44
818,lrange5,1000000,1302250.00
819,lpush5,1000000,814488.56
819,lrange5,1000000,1250040.00
820,lpush5,1000000,818343.69
820,lrange5,1000000,1190628.62
821,lpush5,1000000,817032.69
821,lrange5,1000000,1202269.25
822,lpush5,1000000,814566.75
822,lrange5,1000000,1251664.50
823,lpush5,1000000,809139.19
823,lrange5,1000000,1305524.88
824,lpush5,1000000,809100.38
824,lrange5,1000000,1305566.62
825,lpush5,1000000,811766.25
825,lrange5,1000000,1300410.88
826,lpush5,1000000,817045.75
826,lrange5,1000000,1264445.00
827,lpush5,1000000,811701.31
827,lrange5,1000000,1193432.00
828,lpush5,1000000,810424.69
828,lrange5,1000000,1300431.75
829,lpush5,1000000,816457.12
829,lrange5,1000000,1285532.12
830,lpush5,1000000,819698.31
830,lrange5,1000000,1302291.62
831,lpush5,1000000,813838.94
831,lrange5,1000000,1270668.38
832,lpush5,1000000,819777.00
832,lrange5,1000000,1293868.00
833,lpush5,1000000,815778.19
833,lrange5,1000000,1278874.62
834,lpush5,1000000,813682.69
834,lrange5,1000000,1297016.88
835,lpush5,1000000,814371.31
835,lrange5,1000000,1265903.75
836,lpush5,1000000,817661.44
836,lrange5,1000000,1186334.50
837,lpush5,1000000,811185.69
837,lrange5,1000000,1149756.38
838,lpush5,1000000,813008.12
838,lrange5,1000000,1183488.75
839,lpush5,1000000,821732.12
839,lrange5,1000000,1186467.38
840,lpush5,1000000,815673.75
840,lrange5,1000000,1183469.75
841,lpush5,1000000,815856.50
841,lrange5,1000000,1190571.50
842,lpush5,1000000,817700.69
842,lrange5,1000000,1199079.12
843,lpush5,1000000,816535.50
843,lrange5,1000000,1269198.00
844,lpush5,1000000,821719.00
844,lrange5,1000000,1292134.38
845,lpush5,1000000,822447.38
845,lrange5,1000000,1256321.62
846,lpush5,1000000,825975.25
846,lrange5,1000000,1221177.00
847,lpush5,1000000,820502.06
847,lrange5,1000000,1257922.00
848,lpush5,1000000,825816.69
848,lrange5,1000000,1293806.00
849,lpush5,1000000,823058.44
849,lrange5,1000000,1262808.12
850,lpush5,1000000,817045.75
850,lrange5,1000000,1185061.62
851,lpush5,1000000,816378.75
851,lrange5,1000000,1293681.75
852,lpush5,1000000,821732.12
852,lrange5,1000000,1179622.62
853,lpush5,1000000,806554.81
853,lrange5,1000000,1192200.25
854,lpush5,1000000,827933.81
854,lrange5,1000000,1190819.12
855,lpush5,1000000,815752.06
855,lrange5,1000000,1191971.38
856,lpush5,1000000,818343.69
856,lrange5,1000000,1199271.00
857,lpush5,1000000,805165.88
857,lrange5,1000000,1262646.50
858,lpush5,1000000,819855.69
858,lrange5,1000000,1297162.12
859,lpush5,1000000,819013.94
859,lrange5,1000000,1262707.12
860,lpush5,1000000,819092.56
860,lrange5,1000000,1187952.50
861,lpush5,1000000,811146.75
861,lrange5,1000000,1275673.50
862,lpush5,1000000,820370.81
862,lrange5,1000000,1190514.38
863,lpush5,1000000,816365.69
863,lrange5,1000000,1190476.25
864,lpush5,1000000,828540.19
864,lrange5,1000000,1278813.25
865,lpush5,1000000,809859.12
865,lrange5,1000000,1300431.75
866,lpush5,1000000,815126.31
866,lrange5,1000000,1302083.38
867,lpush5,1000000,816378.75
867,lrange5,1000000,1297203.62
868,lpush5,1000000,814995.94
868,lrange5,1000000,1282071.88
869,lpush5,1000000,814384.31
869,lrange5,1000000,1298722.12
870,lpush5,1000000,821018.00
870,lrange5,1000000,1265944.25
871,lpush5,1000000,817045.75
871,lrange5,1000000,1298888.38
872,lpush5,1000000,814449.50
872,lrange5,1000000,1285429.25
873,lpush5,1000000,819013.94
873,lrange5,1000000,1287207.25
874,lpush5,1000000,824402.25
874,lrange5,1000000,1195106.38
875,lpush5,1000000,817045.75
875,lrange5,1000000,1190552.38
876,lpush5,1000000,820397.06
876,lrange5,1000000,1242355.25
877,lpush5,1000000,813891.00
877,lrange5,1000000,1250040.00
878,lpush5,1000000,823150.62
878,lrange5,1000000,1190838.12
879,lpush5,1000000,817844.62
879,lrange5,1000000,1199443.62
880,lpush5,1000000,813760.81
880,lrange5,1000000,1273987.25
881,lpush5,1000000,816326.50
881,lrange5,1000000,1262626.25
882,lpush5,1000000,812503.69
882,lrange5,1000000,1224029.38
883,lpush5,1000000,814384.31
883,lrange5,1000000,1194972.50
884,lpush5,1000000,819079.50
884,lrange5,1000000,1272468.12
885,lpush5,1000000,815008.94
885,lrange5,1000000,1243840.75
886,lpush5,1000000,811740.25
886,lrange5,1000000,1189384.00
887,lpush5,1000000,818435.38
887,lrange5,1000000,1246902.75
888,lpush5,1000000,821031.19
888,lrange5,1000000,1278833.75
889,lpush5,1000000,819763.94
889,lrange5,1000000,1250000.00
890,lpush5,1000000,815126.31
890,lrange5,1000000,1251644.50
891,lpush5,1000000,819092.56
891,lrange5,1000000,1187781.50
892,lpush5,1000000,813669.69
892,lrange5,1000000,1187876.50
893,lpush5,1000000,821903.06
893,lrange5,1000000,1186372.50
894,lpush5,1000000,812360.69
894,lrange5,1000000,1193451.12
895,lpush5,1000000,815660.69
895,lrange5,1000000,1206311.25
896,lpush5,1000000,824626.50
896,lrange5,1000000,1264263.00
897,lpush5,1000000,811766.25
897,lrange5,1000000,1278813.25
898,lpush5,1000000,820541.44
898,lrange5,1000000,1247122.25
899,lpush5,1000000,820370.81
899,lrange5,1000000,1293743.88
900,lpush5,1000000,820344.56
900,lrange5,1000000,1274028.00
901,lpush5,1000000,815804.25
901,lrange5,1000000,1292237.75
902,lpush5,1000000,815673.75
902,lrange5,1000000,1275551.00
903,lpush5,1000000,812555.69
903,lrange5,1000000,1272346.00
904,lpush5,1000000,827907.31
904,lrange5,1000000,1298888.38
905,lpush5,1000000,827827.88
905,lrange5,1000000,1277139.25
906,lpush5,1000000,808614.38
906,lrange5,1000000,1292031.00
907,lpush5,1000000,823775.94
907,lrange5,1000000,1295378.25
908,lpush5,1000000,823084.75
908,lrange5,1000000,1300452.50
909,lpush5,1000000,825306.94
909,lrange5,1000000,1179339.62
910,lpush5,1000000,824455.00
910,lrange5,1000000,1196535.88
911,lpush5,1000000,818409.19
911,lrange5,1000000,1189136.75
912,lpush5,1000000,816378.75
912,lrange5,1000000,1196593.25
913,lpush5,1000000,827947.06
913,lrange5,1000000,1283861.38
914,lpush5,1000000,832759.38
914,lrange5,1000000,1180902.00
915,lpush5,1000000,819027.06
915,lrange5,1000000,1242295.62
916,lpush5,1000000,825803.50
916,lrange5,1000000,1245469.50
917,lpush5,1000000,819040.19
917,lrange5,1000000,1186448.38
918,lpush5,1000000,818553.19
918,lrange5,1000000,1261114.75
919,lpush5,1000000,807335.00
919,lrange5,1000000,1274068.75
920,lpush5,1000000,817870.75
920,lrange5,1000000,1272427.50
921,lpush5,1000000,813034.12
921,lrange5,1000000,1186562.25
922,lpush5,1000000,819053.25
922,lrange5,1000000,1197968.88
923,lpush5,1000000,814384.31
923,lrange5,1000000,1180675.38
924,lpush5,1000000,823216.44
924,lrange5,1000000,827894.06
925,lpush5,1000000,506763.94
925,lrange5,1000000,815061.12
926,lpush5,1000000,527165.00
926,lrange5,1000000,1292072.38
927,lpush5,1000000,818369.88
927,lrange5,1000000,1282051.38
928,lpush5,1000000,807754.44
928,lrange5,1000000,1230110.62
929,lpush5,1000000,817085.00
929,lrange5,1000000,1300390.12
930,lpush5,1000000,821745.25
930,lrange5,1000000,1287063.00
931,lpush5,1000000,813682.69
931,lrange5,1000000,1179584.88
932,lpush5,1000000,811844.19
932,lrange5,1000000,1300452.50
933,lpush5,1000000,825201.31
933,lrange5,1000000,1202096.12
934,lpush5,1000000,814384.31
934,lrange5,1000000,1302104.12
935,lpush5,1000000,819145.00
935,lrange5,1000000,1179245.25
936,lpush5,1000000,807754.44
936,lrange5,1000000,1280409.75
937,lpush5,1000000,813151.19
937,lrange5,1000000,1259445.75
938,lpush5,1000000,820462.69
938,lrange5,1000000,1292237.75
939,lpush5,1000000,824455.00
939,lrange5,1000000,1190876.25
940,lpush5,1000000,811883.12
940,lrange5,1000000,1196574.12
941,lpush5,1000000,819724.56
941,lrange5,1000000,1197968.88
942,lpush5,1000000,815673.75
942,lrange5,1000000,1295461.12
943,lpush5,1000000,821824.12
943,lrange5,1000000,1199290.12
944,lpush5,1000000,827143.12
944,lrange5,1000000,1189250.88
945,lpush5,1000000,817713.81
945,lrange5,1000000,1193470.12
946,lpush5,1000000,817045.75
946,lrange5,1000000,1275510.25
947,lpush5,1000000,814345.25
947,lrange5,1000000,1191952.38
948,lpush5,1000000,821916.19
948,lrange5,1000000,1243801.00
949,lpush5,1000000,825082.50
949,lrange5,1000000,1245509.38
950,lpush5,1000000,814514.62
950,lrange5,1000000,1246882.88
951,lpush5,1000000,823242.75
951,lrange5,1000000,1248519.38
952,lpush5,1000000,818330.62
952,lrange5,1000000,1295336.75
953,lpush5,1000000,818343.69
953,lrange5,1000000,1187838.50
954,lpush5,1000000,827143.12
954,lrange5,1000000,1285491.00
955,lpush5,1000000,822434.25
955,lrange5,1000000,1292113.75
956,lpush5,1000000,821705.81
956,lrange5,1000000,1293743.88
957,lpush5,1000000,830750.81
957,lrange5,1000000,1187762.50
958,lpush5,1000000,815726.00
958,lrange5,1000000,1297079.12
959,lpush5,1000000,817674.56
959,lrange5,1000000,1106477.88
960,lpush5,1000000,820344.56
960,lrange5,1000000,1202076.88
961,lpush5,1000000,825095.69
961,lrange5,1000000,1189136.75
962,lpush5,1000000,817006.56
962,lrange5,1000000,1107791.75
963,lpush5,1000000,817792.25
963,lrange5,1000000,1213611.62
964,lpush5,1000000,824507.81
964,lrange5,1000000,1242375.12
965,lpush5,1000000,816378.75
965,lrange5,1000000,1307398.75
966,lpush5,1000000,819737.69
966,lrange5,1000000,1197758.12
967,lpush5,1000000,812477.69
967,lrange5,1000000,1186353.50
968,lpush5,1000000,817661.44
968,lrange5,1000000,1243920.38
969,lpush5,1000000,817818.44
969,lrange5,1000000,1259627.12
970,lpush5,1000000,815752.06
970,lrange5,1000000,1273885.25
971,lpush5,1000000,818383.00
971,lrange5,1000000,1196401.88
972,lpush5,1000000,818343.69
972,lrange5,1000000,1288783.50
973,lpush5,1000000,812399.69
973,lrange5,1000000,1202365.38
974,lpush5,1000000,817792.25
974,lrange5,1000000,1216720.12
975,lpush5,1000000,814332.19
975,lrange5,1000000,1206427.00
976,lpush5,1000000,813825.88
976,lrange5,1000000,1261054.25
977,lpush5,1000000,811714.31
977,lrange5,1000000,1277343.62
978,lpush5,1000000,820554.56
978,lrange5,1000000,1295336.75
979,lpush5,1000000,814358.25
979,lrange5,1000000,1262727.25
980,lpush5,1000000,825082.50
980,lrange5,1000000,1192181.12
981,lpush5,1000000,822631.62
981,lrange5,1000000,877963.06
982,lpush5,1000000,815217.62
982,lrange5,1000000,1275591.88
983,lpush5,1000000,821889.88
983,lrange5,1000000,1245489.50
984,lpush5,1000000,817045.75
984,lrange5,1000000,1264424.75
985,lpush5,1000000,823216.44
985,lrange5,1000000,1278895.12
986,lpush5,1000000,823762.75
986,lrange5,1000000,1228638.75
987,lpush5,1000000,823855.06
987,lrange5,1000000,1256422.12
988,lpush5,1000000,820357.69
988,lrange5,1000000,1290343.25
989,lpush5,1000000,834751.31
989,lrange5,1000000,1303843.50
990,lpush5,1000000,817700.69
990,lrange5,1000000,1254865.75
991,lpush5,1000000,823150.62
991,lrange5,1000000,1269177.62
992,lpush5,1000000,815739.00
992,lrange5,1000000,1230169.75
993,lpush5,1000000,820344.56
993,lrange5,1000000,1283820.25
994,lpush5,1000000,821692.69
994,lrange5,1000000,1300577.38
995,lpush5,1000000,821705.81
995,lrange5,1000000,1200672.25
996,lpush5,1000000,820515.19
996,lrange5,1000000,1292051.75
997,lpush5,1000000,817792.25
997,lrange5,1000000,1254805.50
998,lpush5,1000000,813164.19
998,lrange5,1000000,1292031.00
999,lpush5,1000000,811107.81
999,lrange5,1000000,1295336.75
1000,lpush5,1000000,816391.81
1000,lrange5,1000000,1280594.12
1001,lpush5,1000000,823736.44
1001,lrange5,1000000,1183583.38
1002,lpush5,1000000,817150.31
1002,lrange5,1000000,1200902.75
1003,lpush5,1000000,825293.75
1003,lrange5,1000000,1275571.50
1004,lpush5,1000000,825082.50
1004,lrange5,1000000,1175238.50
1005,lpush5,1000000,818487.75
1005,lrange5,1000000,1189079.62
1006,lpush5,1000000,831295.12
1006,lrange5,1000000,1250040.00
1007,lpush5,1000000,823097.94
1007,lrange5,1000000,1192314.62
1008,lpush5,1000000,824455.00
1008,lrange5,1000000,1287001.25
1009,lpush5,1000000,819868.81
1009,lrange5,1000000,1254725.25
1010,lpush5,1000000,825108.88
1010,lrange5,1000000,1283964.12
1011,lpush5,1000000,823058.44
1011,lrange5,1000000,1295481.88
1012,lpush5,1000000,817674.56
1012,lrange5,1000000,1283738.12
1013,lpush5,1000000,829240.50
1013,lrange5,1000000,1212140.62
1014,lpush5,1000000,815830.38
1014,lrange5,1000000,1298742.88
1015,lpush5,1000000,824507.81
1015,lrange5,1000000,1287042.50
1016,lpush5,1000000,812529.69
1016,lrange5,1000000,1197624.00
1017,lpush5,1000000,820528.31
1017,lrange5,1000000,1259466.00
1018,lpush5,1000000,809716.56
1018,lrange5,1000000,1290322.62
1019,lpush5,1000000,814995.94
1019,lrange5,1000000,1269198.00
1020,lpush5,1000000,811030.00
1020,lrange5,1000000,1203831.62
1021,lpush5,1000000,817045.75
1021,lrange5,1000000,1295336.75
1022,lpush5,1000000,820383.94
1022,lrange5,1000000,1196401.88
1023,lpush5,1000000,820475.81
1023,lrange5,1000000,1242295.62
1024,lpush5,1000000,822460.56
1024,lrange5,1000000,1223990.25
1025,lpush5,1000000,817032.69
1025,lrange5,1000000,1282071.88
1026,lpush5,1000000,819842.62
1026,lrange5,1000000,1297224.38
1027,lpush5,1000000,811727.25
1027,lrange5,1000000,1275673.50
1028,lpush5,1000000,812386.69
1028,lrange5,1000000,1212392.75
1029,lpush5,1000000,816483.25
1029,lrange5,1000000,1190571.50
1030,lpush5,1000000,817739.94
1030,lrange5,1000000,1236153.25
1031,lpush5,1000000,822407.94
1031,lrange5,1000000,1298950.62
1032,lpush5,1000000,822381.62
1032,lrange5,1000000,1189098.62
1033,lpush5,1000000,815726.00
1033,lrange5,1000000,1207884.00
1034,lpush5,1000000,823723.25
1034,lrange5,1000000,1209325.25
1035,lpush5,1000000,813086.19
1035,lrange5,1000000,1196210.50
1036,lpush5,1000000,820370.81
1036,lrange5,1000000,1298742.88
1037,lpush5,1000000,806541.94
1037,lrange5,1000000,1254705.12
1038,lpush5,1000000,817058.81
1038,lrange5,1000000,1277180.12
1039,lpush5,1000000,817032.69
1039,lrange5,1000000,1297182.88
1040,lpush5,1000000,821705.81
1040,lrange5,1000000,1256321.62
1041,lpush5,1000000,807192.94
1041,lrange5,1000000,1297099.88
1042,lpush5,1000000,811701.31
1042,lrange5,1000000,1298722.12
1043,lpush5,1000000,807102.50
1043,lrange5,1000000,1250200.00
1044,lpush5,1000000,819842.62
1044,lrange5,1000000,1303968.62
1045,lpush5,1000000,815048.06
1045,lrange5,1000000,1297224.38
1046,lpush5,1000000,823775.94
1046,lrange5,1000000,1298701.38
1047,lpush5,1000000,820357.69
1047,lrange5,1000000,1256462.25
1048,lpush5,1000000,813216.25
1048,lrange5,1000000,1236133.50
1049,lpush5,1000000,821031.19
1049,lrange5,1000000,1302125.00
1050,lpush5,1000000,825816.69
1050,lrange5,1000000,1288866.00
1051,lpush5,1000000,811068.94
1051,lrange5,1000000,1195106.38
1052,lpush5,1000000,825790.25
1052,lrange5,1000000,1180920.88
1053,lpush5,1000000,810450.56
1053,lrange5,1000000,1199213.50
1054,lpush5,1000000,825869.56
1054,lrange5,1000000,1193393.75
1055,lpush5,1000000,824415.44
1055,lrange5,1000000,1192028.62
1056,lpush5,1000000,815765.12
1056,lrange5,1000000,1269137.12
1057,lpush5,1000000,817661.44
1057,lrange5,1000000,1199309.38
1058,lpush5,1000000,819105.69
1058,lrange5,1000000,1188085.50
1059,lpush5,1000000,813669.69
1059,lrange5,1000000,1240694.75
1060,lpush5,1000000,831361.62
1060,lrange5,1000000,1186391.50
1061,lpush5,1000000,816548.56
1061,lrange5,1000000,1199175.12
1062,lpush5,1000000,811805.19
1062,lrange5,1000000,1272447.88
1063,lpush5,1000000,815165.44
1063,lrange5,1000000,1193374.75
1064,lpush5,1000000,820462.69
1064,lrange5,1000000,1234587.62
1065,lpush5,1000000,827288.69
1065,lrange5,1000000,1272346.00
1066,lpush5,1000000,821745.25
1066,lrange5,1000000,1290508.38
1067,lpush5,1000000,818513.94
1067,lrange5,1000000,1295399.00
1068,lpush5,1000000,822434.25
1068,lrange5,1000000,1287021.88
1069,lpush5,1000000,821241.31
1069,lrange5,1000000,1275632.62
1070,lpush5,1000000,826499.12
1070,lrange5,1000000,1254785.50
1071,lpush5,1000000,822605.31
1071,lrange5,1000000,1288701.00
1072,lpush5,1000000,816509.38
1072,lrange5,1000000,1245509.38
1073,lpush5,1000000,821719.00
1073,lrange5,1000000,1287063.00
1074,lpush5,1000000,817176.50
1074,lrange5,1000000,1287083.62
1075,lpush5,1000000,824428.62
1075,lrange5,1000000,1290384.50
1076,lpush5,1000000,825777.06
1076,lrange5,1000000,1248539.38
1077,lpush5,1000000,820383.94
1077,lrange5,1000000,1187724.50
1078,lpush5,1000000,815673.75
1078,lrange5,1000000,1196191.38
1079,lpush5,1000000,813812.88
1079,lrange5,1000000,1262626.25
1080,lpush5,1000000,820475.81
1080,lrange5,1000000,1278813.25
1081,lpush5,1000000,811922.06
1081,lrange5,1000000,1270749.62
1082,lpush5,1000000,813669.69
1082,lrange5,1000000,1262808.12
1083,lpush5,1000000,813060.12
1083,lrange5,1000000,1272305.38
1084,lpush5,1000000,819685.25
1084,lrange5,1000000,1291989.62
1085,lpush5,1000000,822460.56
1085,lrange5,1000000,1275551.00
1086,lpush5,1000000,815022.00
1086,lrange5,1000000,1264485.50
1087,lpush5,1000000,820462.69
1087,lrange5,1000000,1272325.62
1088,lpush5,1000000,816326.50
1088,lrange5,1000000,1193603.88
1089,lpush5,1000000,818396.06
1089,lrange5,1000000,820462.69
1090,lpush5,1000000,767006.12
1090,lrange5,1000000,1248439.50
1091,lpush5,1000000,818540.12
1091,lrange5,1000000,1202153.88
1092,lpush5,1000000,811688.31
1092,lrange5,1000000,1287145.38
1093,lpush5,1000000,817661.44
1093,lrange5,1000000,1194915.12
1094,lpush5,1000000,817779.19
1094,lrange5,1000000,1196267.88
1095,lpush5,1000000,824415.44
1095,lrange5,1000000,1194762.25
1096,lpush5,1000000,818369.88
1096,lrange5,1000000,1248599.25
1097,lpush5,1000000,818553.19
1097,lrange5,1000000,1288742.25
1098,lpush5,1000000,816561.62
1098,lrange5,1000000,1242474.50
1099,lpush5,1000000,818396.06
1099,lrange5,1000000,1191952.38
1100,lpush5,1000000,819881.94
1100,lrange5,1000000,1193775.62
1101,lpush5,1000000,814527.69
1101,lrange5,1000000,1186410.50
1102,lpush5,1000000,825869.56
1102,lrange5,1000000,1184947.88
1103,lpush5,1000000,821215.06
1103,lrange5,1000000,1171260.00
1104,lpush5,1000000,828579.94
1104,lrange5,1000000,1183469.75
1105,lpush5,1000000,818540.12
1105,lrange5,1000000,1292010.38
1106,lpush5,1000000,821732.12
1106,lrange5,1000000,1287001.25
1107,lpush5,1000000,816339.56
1107,lrange5,1000000,1256321.62
1108,lpush5,1000000,823229.62
1108,lrange5,1000000,1188009.50
1109,lpush5,1000000,819197.44
1109,lrange5,1000000,1189269.88
1110,lpush5,1000000,822473.69
1110,lrange5,1000000,1197949.75
1111,lpush5,1000000,815204.56
1111,lrange5,1000000,1285593.88
1112,lpush5,1000000,821732.12
1112,lrange5,1000000,1250060.00
1113,lpush5,1000000,827973.56
1113,lrange5,1000000,1242295.62
1114,lpush5,1000000,811883.12
1114,lrange5,1000000,1269198.00
1115,lpush5,1000000,816444.06
1115,lrange5,1000000,1185080.62
1116,lpush5,1000000,815752.06
1116,lrange5,1000000,1261195.50
1117,lpush5,1000000,819053.25
1117,lrange5,1000000,1287166.00
1118,lpush5,1000000,819013.94
1118,lrange5,1000000,1274068.75
1119,lpush5,1000000,813164.19
1119,lrange5,1000000,1196478.38
1120,lpush5,1000000,819895.06
1120,lrange5,1000000,1302125.00
1121,lpush5,1000000,815712.94
1121,lrange5,1000000,1193432.00
1122,lpush5,1000000,825082.50
1122,lrange5,1000000,1196248.75
1123,lpush5,1000000,811831.19
1123,lrange5,1000000,1273905.75
1124,lpush5,1000000,813773.81
1124,lrange5,1000000,1182411.38
1125,lpush5,1000000,823736.44
1125,lrange5,1000000,1267467.75
1126,lpush5,1000000,810424.69
1126,lrange5,1000000,1287083.62
1127,lpush5,1000000,817766.12
1127,lrange5,1000000,1199424.50
1128,lpush5,1000000,818356.81
1128,lrange5,1000000,1298867.62
1129,lpush5,1000000,818383.00
1129,lrange5,1000000,1200557.00
1130,lpush5,1000000,823841.88
1130,lrange5,1000000,1256341.75
1131,lpush5,1000000,817726.88
1131,lrange5,1000000,1197873.12
1132,lpush5,1000000,820554.56
1132,lrange5,1000000,1228658.50
1133,lpush5,1000000,819881.94
1133,lrange5,1000000,1190781.00
1134,lpush5,1000000,809897.94
1134,lrange5,1000000,1178176.75
1135,lpush5,1000000,821784.69
1135,lrange5,1000000,1193527.50
1136,lpush5,1000000,807154.19
1136,lrange5,1000000,1183848.50
1137,lpush5,1000000,825095.69
1137,lrange5,1000000,1269218.25
1138,lpush5,1000000,819000.88
1138,lrange5,1000000,1297182.88
1139,lpush5,1000000,819066.38
1139,lrange5,1000000,1248479.38
1140,lpush5,1000000,815726.00
1140,lrange5,1000000,1282071.88
1141,lpush5,1000000,815726.00
1141,lrange5,1000000,1300556.62
1142,lpush5,1000000,818369.88
1142,lrange5,1000000,1192181.12
1143,lpush5,1000000,815843.44
1143,lrange5,1000000,1263050.50
1144,lpush5,1000000,818369.88
1144,lrange5,1000000,1275591.88
1145,lpush5,1000000,822513.19
1145,lrange5,1000000,1300494.12
1146,lpush5,1000000,816993.50
1146,lrange5,1000000,1285347.00
1147,lpush5,1000000,823097.94
1147,lrange5,1000000,1298722.12
1148,lpush5,1000000,816496.31
1148,lrange5,1000000,1287001.25
1149,lpush5,1000000,818448.44
1149,lrange5,1000000,1028823.06
1150,lpush5,1000000,821031.19
1150,lrange5,1000000,1228579.88
1151,lpush5,1000000,825201.31
1151,lrange5,1000000,1277241.38
1152,lpush5,1000000,827880.81
1152,lrange5,1000000,1265822.75
1153,lpush5,1000000,822434.25
1153,lrange5,1000000,1203735.25
1154,lpush5,1000000,825306.94
1154,lrange5,1000000,1288804.12
1155,lpush5,1000000,822368.44
1155,lrange5,1000000,1187648.50
1156,lpush5,1000000,811727.25
1156,lrange5,1000000,1187990.50
1157,lpush5,1000000,813125.19
1157,lrange5,1000000,1172708.12
1158,lpush5,1000000,825214.50
1158,lrange5,1000000,1292155.00
1159,lpush5,1000000,818369.88
1159,lrange5,1000000,1257922.00
1160,lpush5,1000000,823150.62
1160,lrange5,1000000,1302125.00
1161,lpush5,1000000,826485.94
1161,lrange5,1000000,1251604.50
1162,lpush5,1000000,811818.19
1162,lrange5,1000000,1293888.75
1163,lpush5,1000000,815726.00
1163,lrange5,1000000,1295440.38
1164,lpush5,1000000,813034.12
1164,lrange5,1000000,1300390.12
1165,lpush5,1000000,814332.19
1165,lrange5,1000000,1261074.38
1166,lpush5,1000000,819210.50
1166,lrange5,1000000,1126126.12
1167,lpush5,1000000,809768.44
1167,lrange5,1000000,1190742.88
1168,lpush5,1000000,814345.25
1168,lrange5,1000000,1183659.12
1169,lpush5,1000000,823176.94
1169,lrange5,1000000,1184891.00
1170,lpush5,1000000,813060.12
1170,lrange5,1000000,1305650.12
1171,lpush5,1000000,825777.06
1171,lrange5,1000000,1302208.38
1172,lpush5,1000000,825254.12
1172,lrange5,1000000,1182316.75
1173,lpush5,1000000,832679.44
1173,lrange5,1000000,1192333.75
1174,lpush5,1000000,823947.31
1174,lrange5,1000000,1210828.12
1175,lpush5,1000000,817098.06
1175,lrange5,1000000,1265944.25
1176,lpush5,1000000,823203.25
1176,lrange5,1000000,1285429.25
1177,lpush5,1000000,826525.62
1177,lrange5,1000000,1251664.50
1178,lpush5,1000000,819145.00
1178,lrange5,1000000,1202326.88
1179,lpush5,1000000,821175.69
1179,lrange5,1000000,964520.81
1180,lpush5,1000000,819053.25
1180,lrange5,1000000,1261195.50
1181,lpush5,1000000,813060.12
1181,lrange5,1000000,1227033.12
1182,lpush5,1000000,822394.75
1182,lrange5,1000000,1200883.50
1183,lpush5,1000000,821745.25
1183,lrange5,1000000,1298763.62
1184,lpush5,1000000,810489.50
1184,lrange5,1000000,1295419.62
1185,lpush5,1000000,820383.94
1185,lrange5,1000000,1285449.88
1186,lpush5,1000000,812373.69
1186,lrange5,1000000,1298888.38
1187,lpush5,1000000,813760.81
1187,lrange5,1000000,1208154.62
1188,lpush5,1000000,817019.62
1188,lrange5,1000000,1261256.00
1189,lpush5,1000000,815022.00
1189,lrange5,1000000,1293661.00
1190,lpush5,1000000,823097.94
1190,lrange5,1000000,1225647.12
1191,lpush5,1000000,834737.94
1191,lrange5,1000000,1302125.00
1192,lpush5,1000000,812529.69
1192,lrange5,1000000,1302187.50
1193,lpush5,1000000,811727.25
1193,lrange5,1000000,1219512.25
1194,lpush5,1000000,817674.56
1194,lrange5,1000000,1210653.75
1195,lpush5,1000000,825082.50
1195,lrange5,1000000,1253132.88
1196,lpush5,1000000,810411.69
1196,lrange5,1000000,1250140.00
1197,lpush5,1000000,814501.62
1197,lrange5,1000000,1300431.75
1198,lpush5,1000000,821070.56
1198,lrange5,1000000,1274028.00
1199,lpush5,1000000,813734.75
1199,lrange5,1000000,1293702.50
1200,lpush5,1000000,811030.00
1200,lrange5,1000000,1265843.00
1201,lpush5,1000000,815008.94
1201,lrange5,1000000,1285408.75
1202,lpush5,1000000,832732.75
1202,lrange5,1000000,1288845.38
1203,lpush5,1000000,810372.81
1203,lrange5,1000000,1302083.38
1204,lpush5,1000000,815178.50
1204,lrange5,1000000,1303822.62
1205,lpush5,1000000,821057.44
1205,lrange5,1000000,1302104.12
1206,lpush5,1000000,815035.06
1206,lrange5,1000000,1199328.50
1207,lpush5,1000000,814423.44
1207,lrange5,1000000,1302104.12
1208,lpush5,1000000,819777.00
1208,lrange5,1000000,1297162.12
1209,lpush5,1000000,821136.25
1209,lrange5,1000000,1248579.25
1210,lpush5,1000000,822473.69
1210,lrange5,1000000,1278772.38
1211,lpush5,1000000,816496.31
1211,lrange5,1000000,1305566.62
1212,lpush5,1000000,819092.56
1212,lrange5,1000000,1186486.38
1213,lpush5,1000000,820357.69
1213,lrange5,1000000,1293764.50
1214,lpush5,1000000,828566.69
1214,lrange5,1000000,1292072.38
1215,lpush5,1000000,813734.75
1215,lrange5,1000000,1298826.00
1216,lpush5,1000000,819092.56
1216,lrange5,1000000,1293702.50
1217,lpush5,1000000,825790.25
1217,lrange5,1000000,1300410.88
1218,lpush5,1000000,826499.12
1218,lrange5,1000000,1293826.62
1219,lpush5,1000000,826525.62
1219,lrange5,1000000,1305483.12
1220,lpush5,1000000,828566.69
1220,lrange5,1000000,1273905.75
1221,lpush5,1000000,814397.38
1221,lrange5,1000000,1300473.38
1222,lpush5,1000000,817687.62
1222,lrange5,1000000,1300494.12
1223,lpush5,1000000,819040.19
1223,lrange5,1000000,1305545.75
1224,lpush5,1000000,818383.00
1224,lrange5,1000000,1196535.88
1225,lpush5,1000000,819040.19
1225,lrange5,1000000,1251564.38
1226,lpush5,1000000,818383.00
1226,lrange5,1000000,1280594.12
1227,lpush5,1000000,818540.12
1227,lrange5,1000000,1199232.62
1228,lpush5,1000000,825803.50
1228,lrange5,1000000,1239177.25
1229,lpush5,1000000,823934.12
1229,lrange5,1000000,1242414.88
1230,lpush5,1000000,820357.69
1230,lrange5,1000000,1237861.38
1231,lpush5,1000000,823163.75
1231,lrange5,1000000,1293826.62
1232,lpush5,1000000,814358.25
1232,lrange5,1000000,1200749.12
1233,lpush5,1000000,821083.69
1233,lrange5,1000000,1295378.25
1234,lpush5,1000000,821201.94
1234,lrange5,1000000,952381.00
1235,lpush5,1000000,515480.41
1235,lrange5,1000000,1171278.75
1236,lpush5,1000000,817766.12
1236,lrange5,1000000,1192181.12
1237,lpush5,1000000,817176.50
1237,lrange5,1000000,1197700.62
1238,lpush5,1000000,819027.06
1238,lrange5,1000000,1196325.38
1239,lpush5,1000000,815726.00
1239,lrange5,1000000,1242375.12
1240,lpush5,1000000,825856.31
1240,lrange5,1000000,1261094.62
1241,lpush5,1000000,817661.44
1241,lrange5,1000000,1242375.12
1242,lpush5,1000000,823058.44
1242,lrange5,1000000,1295357.50
1243,lpush5,1000000,815008.94
1243,lrange5,1000000,1295357.50
1244,lpush5,1000000,825869.56
1244,lrange5,1000000,1196555.00
1245,lpush5,1000000,825188.12
1245,lrange5,1000000,1168523.38
1246,lpush5,1000000,817215.69
1246,lrange5,1000000,1193565.62
1247,lpush5,1000000,811688.31
1247,lrange5,1000000,1293847.38
1248,lpush5,1000000,829240.50
1248,lrange5,1000000,982506.88
1249,lpush5,1000000,827894.06
1249,lrange5,1000000,1185023.75
1250,lpush5,1000000,820397.06
1250,lrange5,1000000,1187819.50
1251,lpush5,1000000,819777.00
1251,lrange5,1000000,1197968.88
1252,lpush5,1000000,823150.62
1252,lrange5,1000000,1192028.62
1253,lpush5,1000000,814345.25
1253,lrange5,1000000,1293661.00
1254,lpush5,1000000,823216.44
1254,lrange5,1000000,1259466.00
1255,lpush5,1000000,834884.81
1255,lrange5,1000000,1297141.38
1256,lpush5,1000000,819040.19
1256,lrange5,1000000,1221079.38
1257,lpush5,1000000,809242.75
1257,lrange5,1000000,1292113.75
1258,lpush5,1000000,819027.06
1258,lrange5,1000000,1278977.00
1259,lpush5,1000000,815204.56
1259,lrange5,1000000,1278854.25
1260,lpush5,1000000,817163.44
1260,lrange5,1000000,1273885.25
1261,lpush5,1000000,831321.75
1261,lrange5,1000000,1132539.00
1262,lpush5,1000000,823111.06
1262,lrange5,1000000,1288762.88
1263,lpush5,1000000,821188.81
1263,lrange5,1000000,1292175.75
1264,lpush5,1000000,818356.81
1264,lrange5,1000000,1192200.25
1265,lpush5,1000000,820475.81
1265,lrange5,1000000,1283717.62
1266,lpush5,1000000,825843.12
1266,lrange5,1000000,1282092.38
1267,lpush5,1000000,814566.75
1267,lrange5,1000000,1197834.75
1268,lpush5,1000000,821175.69
1268,lrange5,1000000,1183469.75
1269,lpush5,1000000,817831.50
1269,lrange5,1000000,1189155.75
1270,lpush5,1000000,825240.94
1270,lrange5,1000000,1225490.25
1271,lpush5,1000000,813734.75
1271,lrange5,1000000,1197892.25
1272,lpush5,1000000,810398.75
1272,lrange5,1000000,1285347.00
1273,lpush5,1000000,817071.94
1273,lrange5,1000000,1254885.88
1274,lpush5,1000000,830604.62
1274,lrange5,1000000,1247062.38
1275,lpush5,1000000,819013.94
1275,lrange5,1000000,1298722.12
1276,lpush5,1000000,821031.19
1276,lrange5,1000000,1248519.38
1277,lpush5,1000000,819131.88
1277,lrange5,1000000,1302125.00
1278,lpush5,1000000,821149.38
1278,lrange5,1000000,1186467.38
1279,lpush5,1000000,817674.56
1279,lrange5,1000000,1250060.00
1280,lpush5,1000000,820410.19
1280,lrange5,1000000,1262626.25
1281,lpush5,1000000,811237.62
1281,lrange5,1000000,1283861.38
1282,lpush5,1000000,821732.12
1282,lrange5,1000000,1187895.50
1283,lpush5,1000000,827275.44
1283,lrange5,1000000,1200845.12
1284,lpush5,1000000,823216.44
1284,lrange5,1000000,1218202.25
1285,lpush5,1000000,821136.25
1285,lrange5,1000000,1300577.38
1286,lpush5,1000000,811030.00
1286,lrange5,1000000,1196267.88
1287,lpush5,1000000,812503.69
1287,lrange5,1000000,1245529.25
1288,lpush5,1000000,810437.62
1288,lrange5,1000000,1257881.75
1289,lpush5,1000000,827827.88
1289,lrange5,1000000,1298742.88
1290,lpush5,1000000,815087.19
1290,lrange5,1000000,1293826.62
1291,lpush5,1000000,818330.62
1291,lrange5,1000000,1207787.38
1292,lpush5,1000000,817150.31
1292,lrange5,1000000,1303968.62
1293,lpush5,1000000,825856.31
1293,lrange5,1000000,1200518.62
1294,lpush5,1000000,819105.69
1294,lrange5,1000000,1300515.00
1295,lpush5,1000000,813812.88
1295,lrange5,1000000,1190895.25
1296,lpush5,1000000,813125.19
1296,lrange5,1000000,1189460.12
1297,lpush5,1000000,819145.00
1297,lrange5,1000000,1262767.62
1298,lpush5,1000000,812503.69
1298,lrange5,1000000,991080.31
1299,lpush5,1000000,809794.31
1299,lrange5,1000000,1240873.50
1300,lpush5,1000000,813125.19
1300,lrange5,1000000,1298742.88
1301,lpush5,1000000,820462.69
1301,lrange5,1000000,1290570.38
1302,lpush5,1000000,809897.94
1302,lrange5,1000000,1261256.00
1303,lpush5,1000000,815048.06
1303,lrange5,1000000,1196574.12
1304,lpush5,1000000,809897.94
1304,lrange5,1000000,1291989.62
1305,lpush5,1000000,827894.06
1305,lrange5,1000000,1197662.25
1306,lpush5,1000000,827222.50
1306,lrange5,1000000,1240774.25
1307,lpush5,1000000,825174.94
1307,lrange5,1000000,1195106.38
1308,lpush5,1000000,821083.69
1308,lrange5,1000000,1292051.75
1309,lpush5,1000000,829915.31
1309,lrange5,1000000,1233085.12
1310,lpush5,1000000,817124.19
1310,lrange5,1000000,1278936.00
1311,lpush5,1000000,819777.00
1311,lrange5,1000000,802014.44
1312,lpush5,1000000,509246.44
1312,lrange5,1000000,956053.56
1313,lpush5,1000000,819092.56
1313,lrange5,1000000,1176545.88
1314,lpush5,1000000,824441.81
1314,lrange5,1000000,1277221.00
1315,lpush5,1000000,754147.81
1315,lrange5,1000000,1253193.00
1316,lpush5,1000000,811805.19
1316,lrange5,1000000,1245429.62
1317,lpush5,1000000,828526.94
1317,lrange5,1000000,1272285.00
1318,lpush5,1000000,819118.81
1318,lrange5,1000000,1283799.75
1319,lpush5,1000000,827986.81
1319,lrange5,1000000,1195068.12
1320,lpush5,1000000,817006.56
1320,lrange5,1000000,1182203.25
1321,lpush5,1000000,822421.06
1321,lrange5,1000000,1293847.38
1322,lpush5,1000000,819711.44
1322,lrange5,1000000,1190838.12
1323,lpush5,1000000,824547.38
1323,lrange5,1000000,1288721.62
1324,lpush5,1000000,814371.31
1324,lrange5,1000000,1270648.00
1325,lpush5,1000000,818487.75
1325,lrange5,1000000,1186676.12
1326,lpush5,1000000,822394.75
1326,lrange5,1000000,1285491.00
1327,lpush5,1000000,819171.19
1327,lrange5,1000000,1175351.38
1328,lpush5,1000000,829253.75
1328,lrange5,1000000,1264323.62
1329,lpush5,1000000,817032.69
1329,lrange5,1000000,1295564.75
1330,lpush5,1000000,817674.56
1330,lrange5,1000000,1262646.50
1331,lpush5,1000000,813864.94
1331,lrange5,1000000,1298701.38
1332,lpush5,1000000,825174.94
1332,lrange5,1000000,1288659.75
1333,lpush5,1000000,821876.75
1333,lrange5,1000000,1165892.75
1334,lpush5,1000000,815778.19
1334,lrange5,1000000,1228717.38
1335,lpush5,1000000,823762.75
1335,lrange5,1000000,1183583.38
1336,lpush5,1000000,821889.88
1336,lrange5,1000000,1247102.25
1337,lpush5,1000000,821745.25
1337,lrange5,1000000,1182146.50
1338,lpush5,1000000,819053.25
1338,lrange5,1000000,1278956.50
1339,lpush5,1000000,821070.56
1339,lrange5,1000000,1216837.00
1340,lpush5,1000000,810385.75
1340,lrange5,1000000,1248599.25
1341,lpush5,1000000,825227.69
1341,lrange5,1000000,1293826.62
1342,lpush5,1000000,814423.44
1342,lrange5,1000000,1292093.00
1343,lpush5,1000000,815113.31
1343,lrange5,1000000,1269137.12
1344,lpush5,1000000,813099.19
1344,lrange5,1000000,1189250.88
1345,lpush5,1000000,817006.56
1345,lrange5,1000000,1297120.62
1346,lpush5,1000000,820410.19
1346,lrange5,1000000,1295481.88
1347,lpush5,1000000,818330.62
1347,lrange5,1000000,1287042.50
1348,lpush5,1000000,813891.00
1348,lrange5,1000000,1270831.00
1349,lpush5,1000000,816496.31
1349,lrange5,1000000,1274028.00
1350,lpush5,1000000,815087.19
1350,lrange5,1000000,1283861.38
1351,lpush5,1000000,824613.31
1351,lrange5,1000000,1207729.50
1352,lpush5,1000000,812347.75
1352,lrange5,1000000,1300598.25
1353,lpush5,1000000,826657.81
1353,lrange5,1000000,1297182.88
1354,lpush5,1000000,692262.94
1354,lrange5,1000000,810411.69
1355,lpush5,1000000,687417.19
1355,lrange5,1000000,1246902.75
1356,lpush5,1000000,827143.12
1356,lrange5,1000000,1203446.50
1357,lpush5,1000000,814358.25
1357,lrange5,1000000,1288701.00
1358,lpush5,1000000,812360.69
1358,lrange5,1000000,1231645.38
1359,lpush5,1000000,818435.38
1359,lrange5,1000000,1283738.12
1360,lpush5,1000000,811185.69
1360,lrange5,1000000,1193508.38
1361,lpush5,1000000,824402.25
1361,lrange5,1000000,871121.94
1362,lpush5,1000000,753688.00
1362,lrange5,1000000,1199251.75
1363,lpush5,1000000,814995.94
1363,lrange5,1000000,1253313.38
1364,lpush5,1000000,813021.12
1364,lrange5,1000000,1193737.50
1365,lpush5,1000000,816365.69
1365,lrange5,1000000,1185194.38
1366,lpush5,1000000,831441.44
1366,lrange5,1000000,1209286.50
1367,lpush5,1000000,815204.56
1367,lrange5,1000000,1248639.25
1368,lpush5,1000000,821228.19
1368,lrange5,1000000,1293868.00
1369,lpush5,1000000,819013.94
1369,lrange5,1000000,1189269.88
1370,lpush5,1000000,812386.69
1370,lrange5,1000000,909120.00
1371,lpush5,1000000,734871.44
1371,lrange5,1000000,1197758.12
1372,lpush5,1000000,823084.75
1372,lrange5,1000000,1267467.75
1373,lpush5,1000000,813734.75
1373,lrange5,1000000,1270648.00
1374,lpush5,1000000,812386.69
1374,lrange5,1000000,1181015.38
1375,lpush5,1000000,818435.38
1375,lrange5,1000000,1197604.88
1376,lpush5,1000000,818330.62
1376,lrange5,1000000,1206542.88
1377,lpush5,1000000,818435.38
1377,lrange5,1000000,1290384.50
1378,lpush5,1000000,826618.12
1378,lrange5,1000000,1298805.25
1379,lpush5,1000000,818396.06
1379,lrange5,1000000,1307210.50
1380,lpush5,1000000,819013.94
1380,lrange5,1000000,1308900.50
1381,lpush5,1000000,817726.88
1381,lrange5,1000000,1307356.88
1382,lpush5,1000000,828513.69
1382,lrange5,1000000,1203504.25
1383,lpush5,1000000,783736.69
1383,lrange5,1000000,1266005.00
1384,lpush5,1000000,826472.69
1384,lrange5,1000000,1184834.12
1385,lpush5,1000000,823841.88
1385,lrange5,1000000,1297016.88
1386,lpush5,1000000,823084.75
1386,lrange5,1000000,1297058.38
1387,lpush5,1000000,813138.19
1387,lrange5,1000000,1295378.25
1388,lpush5,1000000,815074.19
1388,lrange5,1000000,1300390.12
1389,lpush5,1000000,817700.69
1389,lrange5,1000000,985489.69
1390,lpush5,1000000,815699.88
1390,lrange5,1000000,1278772.38
1391,lpush5,1000000,827986.81
1391,lrange5,1000000,1264242.75
1392,lpush5,1000000,811701.31
1392,lrange5,1000000,1297058.38
1393,lpush5,1000000,820475.81
1393,lrange5,1000000,1264343.88
1394,lpush5,1000000,825882.75
1394,lrange5,1000000,1290322.62
1395,lpush5,1000000,814345.25
1395,lrange5,1000000,1295523.25
1396,lpush5,1000000,815008.94
1396,lrange5,1000000,1243820.88
1397,lpush5,1000000,817661.44
1397,lrange5,1000000,1269198.00
1398,lpush5,1000000,824573.75
1398,lrange5,1000000,1215125.12
1399,lpush5,1000000,819685.25
1399,lrange5,1000000,1257962.25
1400,lpush5,1000000,823124.25
1400,lrange5,1000000,1231684.75
1401,lpush5,1000000,821083.69
1401,lrange5,1000000,1295336.75
1402,lpush5,1000000,815100.25
1402,lrange5,1000000,1179452.88
1403,lpush5,1000000,825161.69
1403,lrange5,1000000,1298929.88
1404,lpush5,1000000,817202.62
1404,lrange5,1000000,1280532.62
1405,lpush5,1000000,823881.38
1405,lrange5,1000000,1264445.00
1406,lpush5,1000000,825777.06
1406,lrange5,1000000,1270749.62
1407,lpush5,1000000,821149.38
1407,lrange5,1000000,1227033.12
1408,lpush5,1000000,821254.50
1408,lrange5,1000000,1234725.88
1409,lpush5,1000000,803251.38
1409,lrange5,1000000,1283799.75
1410,lpush5,1000000,821692.69
1410,lrange5,1000000,1295357.50
1411,lpush5,1000000,824455.00
1411,lrange5,1000000,1197911.38
1412,lpush5,1000000,812386.69
1412,lrange5,1000000,1262808.12
1413,lpush5,1000000,817661.44
1413,lrange5,1000000,1292196.38
1414,lpush5,1000000,816378.75
1414,lrange5,1000000,1230228.75
1415,lpush5,1000000,820397.06
1415,lrange5,1000000,1267630.00
1416,lpush5,1000000,832652.81
1416,lrange5,1000000,897752.25
1417,lpush5,1000000,813734.75
1417,lrange5,1000000,1280409.75
1418,lpush5,1000000,809885.00
1418,lrange5,1000000,1265964.50
1419,lpush5,1000000,821083.69
1419,lrange5,1000000,1193451.12
1420,lpush5,1000000,808601.44
1420,lrange5,1000000,1272447.88
1421,lpush5,1000000,809807.25
1421,lrange5,1000000,1193412.88
1422,lpush5,1000000,817818.44
1422,lrange5,1000000,1193642.00
1423,lpush5,1000000,812542.69
1423,lrange5,1000000,1288659.75
1424,lpush5,1000000,819895.06
1424,lrange5,1000000,1222513.38
1425,lpush5,1000000,809139.19
1425,lrange5,1000000,1192104.88
1426,lpush5,1000000,815843.44
1426,lrange5,1000000,1180656.38
1427,lpush5,1000000,818553.19
1427,lrange5,1000000,1256341.75
1428,lpush5,1000000,820344.56
1428,lrange5,1000000,1270648.00
1429,lpush5,1000000,829995.00
1429,lrange5,1000000,1202173.00
1430,lpush5,1000000,828553.44
1430,lrange5,1000000,1282092.38
1431,lpush5,1000000,821797.88
1431,lrange5,1000000,1190533.38
1432,lpush5,1000000,815660.69
1432,lrange5,1000000,1189079.62
1433,lpush5,1000000,819763.94
1433,lrange5,1000000,1300577.38
1434,lpush5,1000000,817163.44
1434,lrange5,1000000,1213708.75
1435,lpush5,1000000,805956.44
1435,lrange5,1000000,1259607.00
1436,lpush5,1000000,819842.62
1436,lrange5,1000000,1243781.12
1437,lpush5,1000000,824402.25
1437,lrange5,1000000,1190647.62
1438,lpush5,1000000,818330.62
1438,lrange5,1000000,1194896.00
1439,lpush5,1000000,817163.44
1439,lrange5,1000000,1297099.88
1440,lpush5,1000000,813838.94
1440,lrange5,1000000,1197604.88
1441,lpush5,1000000,825095.69
1441,lrange5,1000000,1295502.62
1442,lpush5,1000000,820462.69
1442,lrange5,1000000,1251584.50
1443,lpush5,1000000,816378.75
1443,lrange5,1000000,1201923.00
1444,lpush5,1000000,815739.00
1444,lrange5,1000000,1179603.75
1445,lpush5,1000000,824455.00
1445,lrange5,1000000,929442.38
1446,lpush5,1000000,817700.69
1446,lrange5,1000000,1273946.50
1447,lpush5,1000000,817700.69
1447,lrange5,1000000,1290343.25
1448,lpush5,1000000,811172.75
1448,lrange5,1000000,1257881.75
1449,lpush5,1000000,811805.19
1449,lrange5,1000000,1285408.75
1450,lpush5,1000000,818343.69
1450,lrange5,1000000,1253233.12
1451,lpush5,1000000,818330.62
1451,lrange5,1000000,1288845.38
1452,lpush5,1000000,815765.12
1452,lrange5,1000000,1288886.50
1453,lpush5,1000000,824468.25
1453,lrange5,1000000,1261034.12
1454,lpush5,1000000,811159.75
1454,lrange5,1000000,1298888.38
1455,lpush5,1000000,818343.69
1455,lrange5,1000000,1239355.62
1456,lpush5,1000000,819672.12
1456,lrange5,1000000,1287248.38
1457,lpush5,1000000,811055.94
1457,lrange5,1000000,1191971.38
1458,lpush5,1000000,818396.06
1458,lrange5,1000000,1285347.00
1459,lpush5,1000000,815699.88
1459,lrange5,1000000,1283779.25
1460,lpush5,1000000,804633.94
1460,lrange5,1000000,1285511.62
1461,lpush5,1000000,813682.69
1461,lrange5,1000000,1267467.75
1462,lpush5,1000000,810541.38
1462,lrange5,1000000,1202019.25
1463,lpush5,1000000,817674.56
1463,lrange5,1000000,1285429.25
1464,lpush5,1000000,807844.88
1464,lrange5,1000000,1199251.75
1465,lpush5,1000000,808420.38
1465,lrange5,1000000,1197643.12
1466,lpush5,1000000,807205.81
1466,lrange5,1000000,1280594.12
1467,lpush5,1000000,827143.12
1467,lrange5,1000000,1293847.38
1468,lpush5,1000000,812464.69
1468,lrange5,1000000,1298784.50
1469,lpush5,1000000,817844.62
1469,lrange5,1000000,1262646.50
1470,lpush5,1000000,813177.25
1470,lrange5,1000000,1256522.62
1471,lpush5,1000000,817831.50
1471,lrange5,1000000,1199079.12
1472,lpush5,1000000,823269.12
1472,lrange5,1000000,1197758.12
1473,lpush5,1000000,815869.50
1473,lrange5,1000000,1269035.50
1474,lpush5,1000000,811831.19
1474,lrange5,1000000,1297162.12
1475,lpush5,1000000,812464.69
1475,lrange5,1000000,1283738.12
1476,lpush5,1000000,810372.81
1476,lrange5,1000000,1253193.00
1477,lpush5,1000000,816535.50
1477,lrange5,1000000,1247022.50
1478,lpush5,1000000,814332.19
1478,lrange5,1000000,1187648.50
1479,lpush5,1000000,811159.75
1479,lrange5,1000000,1292175.75
1480,lpush5,1000000,815673.75
1480,lrange5,1000000,1298722.12
1481,lpush5,1000000,815673.75
1481,lrange5,1000000,1261094.62
1482,lpush5,1000000,817058.81
1482,lrange5,1000000,1246942.62
1483,lpush5,1000000,824441.81
1483,lrange5,1000000,1293888.75
1484,lpush5,1000000,817726.88
1484,lrange5,1000000,1275693.88
1485,lpush5,1000000,815217.62
1485,lrange5,1000000,1245350.00
1486,lpush5,1000000,827907.31
1486,lrange5,1000000,1199290.12
1487,lpush5,1000000,815087.19
1487,lrange5,1000000,1198026.38
1488,lpush5,1000000,827129.88
1488,lrange5,1000000,1237623.75
1489,lpush5,1000000,831295.12
1489,lrange5,1000000,1302083.38
1490,lpush5,1000000,816522.44
1490,lrange5,1000000,1295378.25
1491,lpush5,1000000,816391.81
1491,lrange5,1000000,1280635.00
1492,lpush5,1000000,829333.38
1492,lrange5,1000000,1242275.75
1493,lpush5,1000000,825869.56
1493,lrange5,1000000,1236173.00
1494,lpush5,1000000,815660.69
1494,lrange5,1000000,1219570.75
1495,lpush5,1000000,816417.94
1495,lrange5,1000000,1293661.00
1496,lpush5,1000000,813851.94
1496,lrange5,1000000,1194857.75
1497,lpush5,1000000,819210.50
1497,lrange5,1000000,1250040.00
1498,lpush5,1000000,825148.50
1498,lrange5,1000000,1293702.50
1499,lpush5,1000000,812399.69
1499,lrange5,1000000,1212257.00
1500,lpush5,1000000,813747.75
1500,lrange5,1000000,1288680.38
1501,lpush5,1000000,817032.69
1501,lrange5,1000000,1202288.38
1502,lpush5,1000000,822486.88
1502,lrange5,1000000,1189403.12
1503,lpush5,1000000,815739.00
1503,lrange5,1000000,1190666.75
1504,lpush5,1000000,817085.00
1504,lrange5,1000000,1172633.12
1505,lpush5,1000000,810424.69
1505,lrange5,1000000,1265822.75
1506,lpush5,1000000,820502.06
1506,lrange5,1000000,1288721.62
1507,lpush5,1000000,812425.69
1507,lrange5,1000000,1176640.00
1508,lpush5,1000000,825122.12
1508,lrange5,1000000,1202288.38
1509,lpush5,1000000,820357.69
1509,lrange5,1000000,1283820.25
1510,lpush5,1000000,810554.31
1510,lrange5,1000000,1285573.25
1511,lpush5,1000000,823723.25
1511,lrange5,1000000,1176865.88
1512,lpush5,1000000,818540.12
1512,lrange5,1000000,1180769.75
1513,lpush5,1000000,815113.31
1513,lrange5,1000000,1183564.50
1514,lpush5,1000000,813060.12
1514,lrange5,1000000,1196440.12
1515,lpush5,1000000,817006.56
1515,lrange5,1000000,1168243.00
1516,lpush5,1000000,817766.12
1516,lrange5,1000000,1199309.38
1517,lpush5,1000000,809768.44
1517,lrange5,1000000,1293826.62
1518,lpush5,1000000,829875.50
1518,lrange5,1000000,1293681.75
1519,lpush5,1000000,813786.81
1519,lrange5,1000000,1267569.12
1520,lpush5,1000000,809729.56
1520,lrange5,1000000,1134077.00
1521,lpush5,1000000,810424.69
1521,lrange5,1000000,1196440.12
1522,lpush5,1000000,817661.44
1522,lrange5,1000000,1193336.50
1523,lpush5,1000000,823058.44
1523,lrange5,1000000,1196421.00
1524,lpush5,1000000,817766.12
1524,lrange5,1000000,1233262.62
1525,lpush5,1000000,818435.38
1525,lrange5,1000000,1237782.12
1526,lpush5,1000000,821903.06
1526,lrange5,1000000,1292010.38
1527,lpush5,1000000,826565.25
1527,lrange5,1000000,1305545.75
1528,lpush5,1000000,823163.75
1528,lrange5,1000000,1197643.12
1529,lpush5,1000000,822486.88
1529,lrange5,1000000,1259546.50
1530,lpush5,1000000,814462.50
1530,lrange5,1000000,1303780.88
1531,lpush5,1000000,819724.56
1531,lrange5,1000000,1200614.62
1532,lpush5,1000000,832666.12
1532,lrange5,1000000,1202192.25
1533,lpush5,1000000,823071.56
1533,lrange5,1000000,1197604.88
1534,lpush5,1000000,820541.44
1534,lrange5,1000000,1261155.12
1535,lpush5,1000000,821123.12
1535,lrange5,1000000,1205224.12
1536,lpush5,1000000,824481.44
1536,lrange5,1000000,1270810.62
1537,lpush5,1000000,815113.31
1537,lrange5,1000000,1264263.00
1538,lpush5,1000000,814358.25
1538,lrange5,1000000,1203465.75
1539,lpush5,1000000,819092.56
1539,lrange5,1000000,1282236.00
1540,lpush5,1000000,823058.44
1540,lrange5,1000000,1245449.62
1541,lpush5,1000000,823045.25
1541,lrange5,1000000,1202173.00
1542,lpush5,1000000,815074.19
1542,lrange5,1000000,1193622.88
1543,lpush5,1000000,820357.69
1543,lrange5,1000000,1190590.50
1544,lpush5,1000000,816993.50
1544,lrange5,1000000,1243960.12
1545,lpush5,1000000,817753.06
1545,lrange5,1000000,1197815.62
1546,lpush5,1000000,813099.19
1546,lrange5,1000000,1196401.88
1547,lpush5,1000000,811237.62
1547,lrange5,1000000,1172764.38
1548,lpush5,1000000,816378.75
1548,lrange5,1000000,1176752.88
1549,lpush5,1000000,828526.94
1549,lrange5,1000000,1194743.12
1550,lpush5,1000000,827354.88
1550,lrange5,1000000,1273987.25
1551,lpush5,1000000,819881.94
1551,lrange5,1000000,1192009.50
1552,lpush5,1000000,818396.06
1552,lrange5,1000000,1278772.38
1553,lpush5,1000000,814514.62
1553,lrange5,1000000,1288701.00
1554,lpush5,1000000,821784.69
1554,lrange5,1000000,1285449.88
1555,lpush5,1000000,821758.44
1555,lrange5,1000000,1291989.62
1556,lpush5,1000000,828513.69
1556,lrange5,1000000,1243840.75
1557,lpush5,1000000,817058.81
1557,lrange5,1000000,1250060.00
1558,lpush5,1000000,811727.25
1558,lrange5,1000000,1251764.62
1559,lpush5,1000000,807754.44
1559,lrange5,1000000,1197700.62
1560,lpush5,1000000,812477.69
1560,lrange5,1000000,1194953.38
1561,lpush5,1000000,821188.81
1561,lrange5,1000000,1277302.75
1562,lpush5,1000000,815022.00
1562,lrange5,1000000,1188028.50
1563,lpush5,1000000,814371.31
1563,lrange5,1000000,1272508.88
1564,lpush5,1000000,824415.44
1564,lrange5,1000000,1280471.12
1565,lpush5,1000000,816339.56
1565,lrange5,1000000,1280491.62
1566,lpush5,1000000,825935.62
1566,lrange5,1000000,1297182.88
1567,lpush5,1000000,816339.56
1567,lrange5,1000000,1258083.00
1568,lpush5,1000000,819855.69
1568,lrange5,1000000,1183678.12
1569,lpush5,1000000,813747.75
1569,lrange5,1000000,1192047.75
1570,lpush5,1000000,811107.81
1570,lrange5,1000000,1303947.88
1571,lpush5,1000000,813216.25
1571,lrange5,1000000,1253193.00
1572,lpush5,1000000,816378.75
1572,lrange5,1000000,1288701.00
1573,lpush5,1000000,821136.25
1573,lrange5,1000000,1253313.38
1574,lpush5,1000000,824455.00
1574,lrange5,1000000,1303947.88
1575,lpush5,1000000,824415.44
1575,lrange5,1000000,1278854.25
1576,lpush5,1000000,821797.88
1576,lrange5,1000000,1231586.25
1577,lpush5,1000000,808472.12
1577,lrange5,1000000,1193412.88
1578,lpush5,1000000,815765.12
1578,lrange5,1000000,1231842.38
1579,lpush5,1000000,809755.44
1579,lrange5,1000000,1221059.88
1580,lpush5,1000000,813669.69
1580,lrange5,1000000,1173840.38
1581,lpush5,1000000,813060.12
1581,lrange5,1000000,1193393.75
1582,lpush5,1000000,829941.88
1582,lrange5,1000000,1256321.62
1583,lpush5,1000000,813008.12
1583,lrange5,1000000,1256321.62
1584,lpush5,1000000,824455.00
1584,lrange5,1000000,1297037.62
1585,lpush5,1000000,822381.62
1585,lrange5,1000000,1264303.38
1586,lpush5,1000000,813877.94
1586,lrange5,1000000,1273885.25
1587,lpush5,1000000,815048.06
1587,lrange5,1000000,1199194.25
1588,lpush5,1000000,823203.25
1588,lrange5,1000000,1295399.00
1589,lpush5,1000000,813112.19
1589,lrange5,1000000,1171072.62
1590,lpush5,1000000,690718.25
1590,lrange5,1000000,1194838.75
1591,lpush5,1000000,827143.12
1591,lrange5,1000000,1302229.12
1592,lpush5,1000000,838357.12
1592,lrange5,1000000,1194781.38
1593,lpush5,1000000,826671.06
1593,lrange5,1000000,1272264.62
1594,lpush5,1000000,813008.12
1594,lrange5,1000000,1297037.62
1595,lpush5,1000000,832173.00
1595,lrange5,1000000,1197643.12
1596,lpush5,1000000,821692.69
1596,lrange5,1000000,1240893.25
1597,lpush5,1000000,827143.12
1597,lrange5,1000000,1175445.38
1598,lpush5,1000000,811701.31
1598,lrange5,1000000,1275632.62
1599,lpush5,1000000,818474.62
1599,lrange5,1000000,1189136.75
1600,lpush5,1000000,828566.69
1600,lrange5,1000000,1297058.38
1601,lpush5,1000000,822421.06
1601,lrange5,1000000,1179566.00
1602,lpush5,1000000,818396.06
1602,lrange5,1000000,1178026.00
1603,lpush5,1000000,821745.25
1603,lrange5,1000000,1287001.25
1604,lpush5,1000000,821201.94
1604,lrange5,1000000,1188009.50
1605,lpush5,1000000,833533.31
1605,lrange5,1000000,1277323.12
1606,lpush5,1000000,818369.88
1606,lrange5,1000000,1200749.12
1607,lpush5,1000000,753048.25
1607,lrange5,1000000,1262686.88
1608,lpush5,1000000,815712.94
1608,lrange5,1000000,1202288.38
1609,lpush5,1000000,817058.81
1609,lrange5,1000000,1251604.50
1610,lpush5,1000000,814397.38
1610,lrange5,1000000,1254946.00
1611,lpush5,1000000,811068.94
1611,lrange5,1000000,1200710.62
1612,lpush5,1000000,818513.94
1612,lrange5,1000000,1302187.50
1613,lpush5,1000000,819895.06
1613,lrange5,1000000,1199175.12
1614,lpush5,1000000,814345.25
1614,lrange5,1000000,1185194.38
1615,lpush5,1000000,809242.75
1615,lrange5,1000000,1197643.12
1616,lpush5,1000000,812373.69
1616,lrange5,1000000,1200691.50
1617,lpush5,1000000,818369.88
1617,lrange5,1000000,1269096.50
1618,lpush5,1000000,813695.69
1618,lrange5,1000000,1264222.50
1619,lpush5,1000000,821188.81
1619,lrange5,1000000,1178082.50
1620,lpush5,1000000,815712.94
1620,lrange5,1000000,1295461.12
1621,lpush5,1000000,828000.06
1621,lrange5,1000000,1200825.88
1622,lpush5,1000000,825188.12
1622,lrange5,1000000,1300515.00
1623,lpush5,1000000,817661.44
1623,lrange5,1000000,1287042.50
1624,lpush5,1000000,821018.00
1624,lrange5,1000000,1264242.75
1625,lpush5,1000000,822381.62
1625,lrange5,1000000,1202307.62
1626,lpush5,1000000,809126.25
1626,lrange5,1000000,1205108.50
1627,lpush5,1000000,814358.25
1627,lrange5,1000000,1253193.00
1628,lpush5,1000000,814358.25
1628,lrange5,1000000,1275653.12
1629,lpush5,1000000,813125.19
1629,lrange5,1000000,1292258.38
1630,lpush5,1000000,811120.81
1630,lrange5,1000000,1297016.88
1631,lpush5,1000000,812412.69
1631,lrange5,1000000,1213592.25
1632,lpush5,1000000,816548.56
1632,lrange5,1000000,1190609.50
1633,lpush5,1000000,813125.19
1633,lrange5,1000000,1237663.38
1634,lpush5,1000000,826485.94
1634,lrange5,1000000,1293806.00
1635,lpush5,1000000,811081.88
1635,lrange5,1000000,1228540.50
1636,lpush5,1000000,818553.19
1636,lrange5,1000000,919117.62
1637,lpush5,1000000,809061.50
1637,lrange5,1000000,1240714.62
1638,lpush5,1000000,826001.69
1638,lrange5,1000000,1280450.62
1639,lpush5,1000000,813877.94
1639,lrange5,1000000,1254705.12
1640,lpush5,1000000,818356.81
1640,lrange5,1000000,1292217.12
1641,lpush5,1000000,815673.75
1641,lrange5,1000000,1190704.75
1642,lpush5,1000000,818474.62
1642,lrange5,1000000,1293826.62
1643,lpush5,1000000,813073.19
1643,lrange5,1000000,1202019.25
1644,lpush5,1000000,811055.94
1644,lrange5,1000000,1199060.00
1645,lpush5,1000000,816483.25
1645,lrange5,1000000,1196325.38
1646,lpush5,1000000,813021.12
1646,lrange5,1000000,973772.19
1647,lpush5,1000000,820528.31
1647,lrange5,1000000,1298742.88
1648,lpush5,1000000,817163.44
1648,lrange5,1000000,1225568.62
1649,lpush5,1000000,814436.44
1649,lrange5,1000000,1209441.38
1650,lpush5,1000000,822473.69
1650,lrange5,1000000,1199271.00
1651,lpush5,1000000,823749.62
1651,lrange5,1000000,1300577.38
1652,lpush5,1000000,827301.94
1652,lrange5,1000000,1193527.50
1653,lpush5,1000000,812386.69
1653,lrange5,1000000,1292237.75
1654,lpush5,1000000,819210.50
1654,lrange5,1000000,1239355.62
1655,lpush5,1000000,814332.19
1655,lrange5,1000000,1222650.38
1656,lpush5,1000000,819210.50
1656,lrange5,1000000,1278792.88
1657,lpush5,1000000,825161.69
1657,lrange5,1000000,1202230.75
1658,lpush5,1000000,821771.56
1658,lrange5,1000000,1261235.88
1659,lpush5,1000000,814345.25
1659,lrange5,1000000,1211041.25
1660,lpush5,1000000,815843.44
1660,lrange5,1000000,1196325.38
1661,lpush5,1000000,813708.75
1661,lrange5,1000000,1180675.38
1662,lpush5,1000000,813721.75
1662,lrange5,1000000,1199424.50
1663,lpush5,1000000,819105.69
1663,lrange5,1000000,1189441.12
1664,lpush5,1000000,815008.94
1664,lrange5,1000000,1204935.00
1665,lpush5,1000000,814332.19
1665,lrange5,1000000,1273946.50
1666,lpush5,1000000,820580.81
1666,lrange5,1000000,1262686.88
1667,lpush5,1000000,822447.38
1667,lrange5,1000000,1190857.12
1668,lpush5,1000000,825293.75
1668,lrange5,1000000,1202076.88
1669,lpush5,1000000,819672.12
1669,lrange5,1000000,1273926.12
1670,lpush5,1000000,812386.69
1670,lrange5,1000000,1183583.38
1671,lpush5,1000000,828000.06
1671,lrange5,1000000,1204915.62
1672,lpush5,1000000,812464.69
1672,lrange5,1000000,1251744.62
1673,lpush5,1000000,811818.19
1673,lrange5,1000000,1223990.25
1674,lpush5,1000000,825790.25
1674,lrange5,1000000,1203408.00
1675,lpush5,1000000,822421.06
1675,lrange5,1000000,1196363.62
1676,lpush5,1000000,827827.88
1676,lrange5,1000000,1223990.25
1677,lpush5,1000000,818566.31
1677,lrange5,1000000,1253233.12
1678,lpush5,1000000,823045.25
1678,lrange5,1000000,1293661.00
1679,lpush5,1000000,816339.56
1679,lrange5,1000000,1184891.00
1680,lpush5,1000000,812438.69
1680,lrange5,1000000,1187857.50
1681,lpush5,1000000,813125.19
1681,lrange5,1000000,1193508.38
1682,lpush5,1000000,819855.69
1682,lrange5,1000000,1283717.62
1683,lpush5,1000000,827814.62
1683,lrange5,1000000,1290363.88
1684,lpush5,1000000,825777.06
1684,lrange5,1000000,1287001.25
1685,lpush5,1000000,825082.50
1685,lrange5,1000000,1245469.50
1686,lpush5,1000000,825293.75
1686,lrange5,1000000,1163125.50
1687,lpush5,1000000,822407.94
1687,lrange5,1000000,1278854.25
1688,lpush5,1000000,840389.88
1688,lrange5,1000000,1256341.75
1689,lpush5,1000000,816431.00
1689,lrange5,1000000,1262767.62
1690,lpush5,1000000,821096.81
1690,lrange5,1000000,1219531.75
1691,lpush5,1000000,817111.12
1691,lrange5,1000000,1195068.12
1692,lpush5,1000000,825829.94
1692,lrange5,1000000,1202076.88
1693,lpush5,1000000,821876.75
1693,lrange5,1000000,1189155.75
1694,lpush5,1000000,825856.31
1694,lrange5,1000000,1197988.00
1695,lpush5,1000000,817739.94
1695,lrange5,1000000,1246882.88
1696,lpush5,1000000,815048.06
1696,lrange5,1000000,1285429.25
1697,lpush5,1000000,824455.00
1697,lrange5,1000000,1275551.00
1698,lpush5,1000000,828553.44
1698,lrange5,1000000,1287001.25
1699,lpush5,1000000,820383.94
1699,lrange5,1000000,1302145.88
1700,lpush5,1000000,815712.94
1700,lrange5,1000000,1283840.88
1701,lpush5,1000000,825777.06
1701,lrange5,1000000,1227013.50
1702,lpush5,1000000,814540.69
1702,lrange5,1000000,1288721.62
1703,lpush5,1000000,813177.25
1703,lrange5,1000000,1193317.38
1704,lpush5,1000000,815817.31
1704,lrange5,1000000,1305504.00
1705,lpush5,1000000,821824.12
1705,lrange5,1000000,1262727.25
1706,lpush5,1000000,819131.88
1706,lrange5,1000000,1265883.50
1707,lpush5,1000000,821018.00
1707,lrange5,1000000,1202019.25
1708,lpush5,1000000,814410.38
1708,lrange5,1000000,1027749.25
1709,lpush5,1000000,690773.50
1709,lrange5,1000000,1198026.38
1710,lpush5,1000000,811831.19
1710,lrange5,1000000,1297037.62
1711,lpush5,1000000,819698.31
1711,lrange5,1000000,1262808.12
1712,lpush5,1000000,817058.81
1712,lrange5,1000000,1280471.12
1713,lpush5,1000000,805243.19
1713,lrange5,1000000,1196248.75
1714,lpush5,1000000,815765.12
1714,lrange5,1000000,1192028.62
1715,lpush5,1000000,811159.75
1715,lrange5,1000000,1272264.62
1716,lpush5,1000000,815048.06
1716,lrange5,1000000,1173971.88
1717,lpush5,1000000,821018.00
1717,lrange5,1000000,1183431.88
1718,lpush5,1000000,823190.12
1718,lrange5,1000000,1275510.25
1719,lpush5,1000000,824468.25
1719,lrange5,1000000,1254745.25
1720,lpush5,1000000,830671.12
1720,lrange5,1000000,1236153.25
1721,lpush5,1000000,811030.00
1721,lrange5,1000000,1195029.88
1722,lpush5,1000000,823150.62
1722,lrange5,1000000,1283758.75
1723,lpush5,1000000,823097.94
1723,lrange5,1000000,1261074.38
1724,lpush5,1000000,814501.62
1724,lrange5,1000000,1201923.00
1725,lpush5,1000000,825777.06
1725,lrange5,1000000,1298742.88
1726,lpush5,1000000,811740.25
1726,lrange5,1000000,1298950.62
1727,lpush5,1000000,817661.44
1727,lrange5,1000000,1275612.25
1728,lpush5,1000000,809794.31
1728,lrange5,1000000,1199462.88
1729,lpush5,1000000,816535.50
1729,lrange5,1000000,1277425.25
1730,lpush5,1000000,817726.88
1730,lrange5,1000000,1302187.50
1731,lpush5,1000000,820383.94
1731,lrange5,1000000,1246902.75
1732,lpush5,1000000,808627.31
1732,lrange5,1000000,1297058.38
1733,lpush5,1000000,823242.75
1733,lrange5,1000000,1194819.62
1734,lpush5,1000000,817006.56
1734,lrange5,1000000,1264222.50
1735,lpush5,1000000,820370.81
1735,lrange5,1000000,1295336.75
1736,lpush5,1000000,832692.75
1736,lrange5,1000000,1290363.88
1737,lpush5,1000000,826459.50
1737,lrange5,1000000,1240853.62
1738,lpush5,1000000,815830.38
1738,lrange5,1000000,1165892.75
1739,lpush5,1000000,825975.25
1739,lrange5,1000000,1122603.88
1740,lpush5,1000000,811688.31
1740,lrange5,1000000,1278833.75
1741,lpush5,1000000,821188.81
1741,lrange5,1000000,1300431.75
1742,lpush5,1000000,815726.00
1742,lrange5,1000000,1297016.88
1743,lpush5,1000000,825135.31
1743,lrange5,1000000,1277139.25
1744,lpush5,1000000,812412.69
1744,lrange5,1000000,1197681.50
1745,lpush5,1000000,813216.25
1745,lrange5,1000000,1200672.25
1746,lpush5,1000000,813891.00
1746,lrange5,1000000,1266025.25
1747,lpush5,1000000,814371.31
1747,lrange5,1000000,1298867.62
1748,lpush5,1000000,827960.31
1748,lrange5,1000000,1204992.75
1749,lpush5,1000000,813682.69
1749,lrange5,1000000,1132629.62
1750,lpush5,1000000,824441.81
1750,lrange5,1000000,1277180.12
1751,lpush5,1000000,813838.94
1751,lrange5,1000000,1199232.62
1752,lpush5,1000000,821149.38
1752,lrange5,1000000,1199482.00
1753,lpush5,1000000,810372.81
1753,lrange5,1000000,1258042.75
1754,lpush5,1000000,821732.12
1754,lrange5,1000000,1302125.00
1755,lpush5,1000000,821123.12
1755,lrange5,1000000,1253393.50
1756,lpush5,1000000,816444.06
1756,lrange5,1000000,1199462.88
1757,lpush5,1000000,822407.94
1757,lrange5,1000000,1288721.62
1758,lpush5,1000000,821123.12
1758,lrange5,1000000,1280430.25
1759,lpush5,1000000,824415.44
1759,lrange5,1000000,1005153.75
1760,lpush5,1000000,754910.19
1760,lrange5,1000000,1206291.88
1761,lpush5,1000000,803264.25
1761,lrange5,1000000,1203658.25
1762,lpush5,1000000,824521.00
1762,lrange5,1000000,1253533.88
1763,lpush5,1000000,818474.62
1763,lrange5,1000000,1269096.50
1764,lpush5,1000000,821188.81
1764,lrange5,1000000,1275551.00
1765,lpush5,1000000,809923.88
1765,lrange5,1000000,1203369.50
1766,lpush5,1000000,817831.50
1766,lrange5,1000000,1292196.38
1767,lpush5,1000000,819040.19
1767,lrange5,1000000,1303780.88
1768,lpush5,1000000,821083.69
1768,lrange5,1000000,1300410.88
1769,lpush5,1000000,815804.25
1769,lrange5,1000000,1270892.00
1770,lpush5,1000000,817045.75
1770,lrange5,1000000,1250000.00
1771,lpush5,1000000,814332.19
1771,lrange5,1000000,1234627.12
1772,lpush5,1000000,819672.12
1772,lrange5,1000000,1293826.62
1773,lpush5,1000000,814995.94
1773,lrange5,1000000,1290467.12
1774,lpush5,1000000,821889.88
1774,lrange5,1000000,1287042.50
1775,lpush5,1000000,821797.88
1775,lrange5,1000000,1061825.88
1776,lpush5,1000000,822473.69
1776,lrange5,1000000,1262747.50
1777,lpush5,1000000,817006.56
1777,lrange5,1000000,1192391.00
1778,lpush5,1000000,834121.75
1778,lrange5,1000000,1297182.88
1779,lpush5,1000000,813721.75
1779,lrange5,1000000,1295668.38
1780,lpush5,1000000,825095.69
1780,lrange5,1000000,1297016.88
1781,lpush5,1000000,815152.38
1781,lrange5,1000000,1177950.50
1782,lpush5,1000000,817870.75
1782,lrange5,1000000,1282092.38
1783,lpush5,1000000,817071.94
1783,lrange5,1000000,1171072.62
1784,lpush5,1000000,821863.62
1784,lrange5,1000000,1189403.12
1785,lpush5,1000000,817674.56
1785,lrange5,1000000,1201942.25
1786,lpush5,1000000,816326.50
1786,lrange5,1000000,1173934.25
1787,lpush5,1000000,825763.88
1787,lrange5,1000000,1189403.12
1788,lpush5,1000000,819685.25
1788,lrange5,1000000,1282112.88
1789,lpush5,1000000,817883.88
1789,lrange5,1000000,1280430.25
1790,lpush5,1000000,829875.50
1790,lrange5,1000000,1197796.50
1791,lpush5,1000000,821745.25
1791,lrange5,1000000,1202307.62
1792,lpush5,1000000,819685.25
1792,lrange5,1000000,1259526.38
1793,lpush5,1000000,818474.62
1793,lrange5,1000000,1295378.25
1794,lpush5,1000000,813747.75
1794,lrange5,1000000,1179339.62
1795,lpush5,1000000,807335.00
1795,lrange5,1000000,1189212.88
1796,lpush5,1000000,822473.69
1796,lrange5,1000000,1264242.75
1797,lpush5,1000000,811107.81
1797,lrange5,1000000,1293661.00
1798,lpush5,1000000,813838.94
1798,lrange5,1000000,1297120.62
1799,lpush5,1000000,813073.19
1799,lrange5,1000000,1200614.62
1800,lpush5,1000000,812503.69
1800,lrange5,1000000,1131384.62
1801,lpush5,1000000,811896.12
1801,lrange5,1000000,1251644.50
1802,lpush5,1000000,819092.56
1802,lrange5,1000000,1272285.00
1803,lpush5,1000000,819737.69
1803,lrange5,1000000,1287186.62
1804,lpush5,1000000,822381.62
1804,lrange5,1000000,1134058.88
1805,lpush5,1000000,823894.56
1805,lrange5,1000000,1303822.62
1806,lpush5,1000000,819000.88
1806,lrange5,1000000,1292010.38
1807,lpush5,1000000,823894.56
1807,lrange5,1000000,1295481.88
1808,lpush5,1000000,829981.69
1808,lrange5,1000000,1305608.38
1809,lpush5,1000000,823789.12
1809,lrange5,1000000,1182070.88
1810,lpush5,1000000,761651.19
1810,lrange5,1000000,1245509.38
1811,lpush5,1000000,823894.56
1811,lrange5,1000000,1251564.38
1812,lpush5,1000000,823045.25
1812,lrange5,1000000,1267569.12
1813,lpush5,1000000,827169.56
1813,lrange5,1000000,1297162.12
1814,lpush5,1000000,811688.31
1814,lrange5,1000000,809191.00
1815,lpush5,1000000,719022.25
1815,lrange5,1000000,1283717.62
1816,lpush5,1000000,815726.00
1816,lrange5,1000000,1261135.00
1817,lpush5,1000000,827182.81
1817,lrange5,1000000,1199232.62
1818,lpush5,1000000,818422.25
1818,lrange5,1000000,1243781.12
1819,lpush5,1000000,819013.94
1819,lrange5,1000000,1179547.12
1820,lpush5,1000000,819027.06
1820,lrange5,1000000,1295357.50
1821,lpush5,1000000,819158.12
1821,lrange5,1000000,1280553.12
1822,lpush5,1000000,819066.38
1822,lrange5,1000000,1291989.62
1823,lpush5,1000000,821123.12
1823,lrange5,1000000,1254805.50
1824,lpush5,1000000,821903.06
1824,lrange5,1000000,1290343.25
1825,lpush5,1000000,822421.06
1825,lrange5,1000000,1266005.00
1826,lpush5,1000000,819685.25
1826,lrange5,1000000,1167085.25
1827,lpush5,1000000,823789.12
1827,lrange5,1000000,1197911.38
1828,lpush5,1000000,826512.38
1828,lrange5,1000000,1185270.12
1829,lpush5,1000000,819737.69
1829,lrange5,1000000,1288680.38
1830,lpush5,1000000,808407.44
1830,lrange5,1000000,1288866.00
1831,lpush5,1000000,819000.88
1831,lrange5,1000000,1287186.62
1832,lpush5,1000000,816404.88
1832,lrange5,1000000,1283799.75
1833,lpush5,1000000,813190.25
1833,lrange5,1000000,1202057.62
1834,lpush5,1000000,823762.75
1834,lrange5,1000000,1282174.38
1835,lpush5,1000000,811172.75
1835,lrange5,1000000,1191914.25
1836,lpush5,1000000,810424.69
1836,lrange5,1000000,1272468.12
1837,lpush5,1000000,809126.25
1837,lrange5,1000000,1203773.75
1838,lpush5,1000000,812360.69
1838,lrange5,1000000,1295399.00
1839,lpush5,1000000,819118.81
1839,lrange5,1000000,1272264.62
1840,lpush5,1000000,809897.94
1840,lrange5,1000000,1155159.38
1841,lpush5,1000000,812412.69
1841,lrange5,1000000,1254705.12
1842,lpush5,1000000,815008.94
1842,lrange5,1000000,1251684.62
1843,lpush5,1000000,811159.75
1843,lrange5,1000000,1261175.25
1844,lpush5,1000000,825082.50
1844,lrange5,1000000,1186524.38
1845,lpush5,1000000,825135.31
1845,lrange5,1000000,1186619.25
1846,lpush5,1000000,834764.62
1846,lrange5,1000000,1253253.12
1847,lpush5,1000000,815778.19
1847,lrange5,1000000,1303843.50
1848,lpush5,1000000,826485.94
1848,lrange5,1000000,1275530.62
1849,lpush5,1000000,820357.69
1849,lrange5,1000000,1285491.00
1850,lpush5,1000000,821031.19
1850,lrange5,1000000,1199098.38
1851,lpush5,1000000,817006.56
1851,lrange5,1000000,1285511.62
1852,lpush5,1000000,814332.19
1852,lrange5,1000000,1295357.50
1853,lpush5,1000000,815087.19
1853,lrange5,1000000,1251684.62
1854,lpush5,1000000,822552.69
1854,lrange5,1000000,1298805.25
1855,lpush5,1000000,822486.88
1855,lrange5,1000000,1236153.25
1856,lpush5,1000000,817831.50
1856,lrange5,1000000,1173746.50
1857,lpush5,1000000,807883.69
1857,lrange5,1000000,1251684.62
1858,lpush5,1000000,822447.38
1858,lrange5,1000000,1248599.25
1859,lpush5,1000000,807793.19
1859,lrange5,1000000,1196210.50
1860,lpush5,1000000,817779.19
1860,lrange5,1000000,1179471.75
1861,lpush5,1000000,815008.94
1861,lrange5,1000000,1237623.75
1862,lpush5,1000000,817661.44
1862,lrange5,1000000,1196459.25
1863,lpush5,1000000,807806.12
1863,lrange5,1000000,1278915.62
1864,lpush5,1000000,816509.38
1864,lrange5,1000000,1176621.12
1865,lpush5,1000000,823828.69
1865,lrange5,1000000,1272447.88
1866,lpush5,1000000,815791.25
1866,lrange5,1000000,1243880.62
1867,lpush5,1000000,811740.25
1867,lrange5,1000000,1237683.12
1868,lpush5,1000000,827814.62
1868,lrange5,1000000,818356.81
1869,lpush5,1000000,510017.34
1869,lrange5,1000000,1048234.81
1870,lpush5,1000000,817831.50
1870,lrange5,1000000,1267670.50
1871,lpush5,1000000,823176.94
1871,lrange5,1000000,1150950.50
1872,lpush5,1000000,823058.44
1872,lrange5,1000000,1297037.62
1873,lpush5,1000000,829200.69
1873,lrange5,1000000,1297182.88
1874,lpush5,1000000,815752.06
1874,lrange5,1000000,1163051.12
1875,lpush5,1000000,824415.44
1875,lrange5,1000000,1282071.88
1876,lpush5,1000000,829875.50
1876,lrange5,1000000,1197739.00
1877,lpush5,1000000,810385.75
1877,lrange5,1000000,1205185.62
1878,lpush5,1000000,812360.69
1878,lrange5,1000000,1204915.62
1879,lpush5,1000000,817019.62
1879,lrange5,1000000,1199386.12
1880,lpush5,1000000,813008.12
1880,lrange5,1000000,1194743.12
1881,lpush5,1000000,815048.06
1881,lrange5,1000000,1248439.50
1882,lpush5,1000000,820541.44
1882,lrange5,1000000,1287186.62
1883,lpush5,1000000,816378.75
1883,lrange5,1000000,1295523.25
1884,lpush5,1000000,824521.00
1884,lrange5,1000000,1282215.38
1885,lpush5,1000000,815673.75
1885,lrange5,1000000,1298826.00
1886,lpush5,1000000,817700.69
1886,lrange5,1000000,1297058.38
1887,lpush5,1000000,818487.75
1887,lrange5,1000000,1287083.62
1888,lpush5,1000000,816993.50
1888,lrange5,1000000,1298888.38
1889,lpush5,1000000,823084.75
1889,lrange5,1000000,1277261.88
1890,lpush5,1000000,823775.94
1890,lrange5,1000000,1135346.25
1891,lpush5,1000000,816431.00
1891,lrange5,1000000,1231586.25
1892,lpush5,1000000,822447.38
1892,lrange5,1000000,1295481.88
1893,lpush5,1000000,822565.81
1893,lrange5,1000000,1245330.00
1894,lpush5,1000000,826578.50
1894,lrange5,1000000,1243960.12
1895,lpush5,1000000,818330.62
1895,lrange5,1000000,1193317.38
1896,lpush5,1000000,813773.81
1896,lrange5,1000000,1190895.25
1897,lpush5,1000000,807115.44
1897,lrange5,1000000,1250060.00
1898,lpush5,1000000,824626.50
1898,lrange5,1000000,1272325.62
1899,lpush5,1000000,821083.69
1899,lrange5,1000000,1224029.38
1900,lpush5,1000000,824586.94
1900,lrange5,1000000,1293702.50
1901,lpush5,1000000,828672.75
1901,lrange5,1000000,1285367.62
1902,lpush5,1000000,817098.06
1902,lrange5,1000000,1288783.50
1903,lpush5,1000000,818343.69
1903,lrange5,1000000,1300410.88
1904,lpush5,1000000,824507.81
1904,lrange5,1000000,1194876.88
1905,lpush5,1000000,817674.56
1905,lrange5,1000000,1282194.88
1906,lpush5,1000000,829373.12
1906,lrange5,1000000,1186524.38
1907,lpush5,1000000,827169.56
1907,lrange5,1000000,1261054.25
1908,lpush5,1000000,821149.38
1908,lrange5,1000000,1187971.50
1909,lpush5,1000000,823084.75
1909,lrange5,1000000,1245409.75
1910,lpush5,1000000,823150.62
1910,lrange5,1000000,1257982.38
1911,lpush5,1000000,820370.81
1911,lrange5,1000000,1156420.75
1912,lpush5,1000000,816378.75
1912,lrange5,1000000,1273885.25
1913,lpush5,1000000,813203.25
1913,lrange5,1000000,1182070.88
1914,lpush5,1000000,819092.56
1914,lrange5,1000000,1257861.62
1915,lpush5,1000000,823841.88
1915,lrange5,1000000,1204877.12
1916,lpush5,1000000,820462.69
1916,lrange5,1000000,1197892.25
1917,lpush5,1000000,810541.38
1917,lrange5,1000000,1186638.25
1918,lpush5,1000000,813034.12
1918,lrange5,1000000,1300410.88
1919,lpush5,1000000,817726.88
1919,lrange5,1000000,1193622.88
1920,lpush5,1000000,815726.00
1920,lrange5,1000000,1191914.25
1921,lpush5,1000000,834188.50
1921,lrange5,1000000,1178007.12
1922,lpush5,1000000,816993.50
1922,lrange5,1000000,1016325.19
1923,lpush5,1000000,508930.28
1923,lrange5,1000000,777249.44
1924,lpush5,1000000,576378.06
1924,lrange5,1000000,1264283.12
1925,lpush5,1000000,819105.69
1925,lrange5,1000000,1230110.62
1926,lpush5,1000000,824547.38
1926,lrange5,1000000,1245429.62
1927,lpush5,1000000,819145.00
1927,lrange5,1000000,1303801.75
1928,lpush5,1000000,828526.94
1928,lrange5,1000000,1300556.62
1929,lpush5,1000000,820475.81
1929,lrange5,1000000,1298701.38
1930,lpush5,1000000,827301.94
1930,lrange5,1000000,1267609.62
1931,lpush5,1000000,809781.38
1931,lrange5,1000000,993080.44
1932,lpush5,1000000,511092.47
1932,lrange5,1000000,1146807.38
1933,lpush5,1000000,830127.75
1933,lrange5,1000000,1216642.25
1934,lpush5,1000000,822421.06
1934,lrange5,1000000,1230012.25
1935,lpush5,1000000,833386.62
1935,lrange5,1000000,1202153.88
1936,lpush5,1000000,816470.19
1936,lrange5,1000000,1293785.25
1937,lpush5,1000000,820462.69
1937,lrange5,1000000,1196325.38
1938,lpush5,1000000,821863.62
1938,lrange5,1000000,1195144.50
1939,lpush5,1000000,819672.12
1939,lrange5,1000000,1213650.50
1940,lpush5,1000000,807806.12
1940,lrange5,1000000,1243880.62
1941,lpush5,1000000,815712.94
1941,lrange5,1000000,1200845.12
1942,lpush5,1000000,815765.12
1942,lrange5,1000000,1303780.88
1943,lpush5,1000000,808588.50
1943,lrange5,1000000,1203716.00
1944,lpush5,1000000,814540.69
1944,lrange5,1000000,1274068.75
1945,lpush5,1000000,813669.69
1945,lrange5,1000000,1185194.38
1946,lpush5,1000000,823124.25
1946,lrange5,1000000,1303864.38
1947,lpush5,1000000,829240.50
1947,lrange5,1000000,1199098.38
1948,lpush5,1000000,819013.94
1948,lrange5,1000000,1194838.75
1949,lpush5,1000000,816535.50
1949,lrange5,1000000,1287021.88
1950,lpush5,1000000,815673.75
1950,lrange5,1000000,1282092.38
1951,lpush5,1000000,815778.19
1951,lrange5,1000000,1307294.12
1952,lpush5,1000000,820344.56
1952,lrange5,1000000,1186543.25
1953,lpush5,1000000,816496.31
1953,lrange5,1000000,1277282.25
1954,lpush5,1000000,816417.94
1954,lrange5,1000000,1208096.62
1955,lpush5,1000000,824455.00
1955,lrange5,1000000,1199136.75
1956,lpush5,1000000,822381.62
1956,lrange5,1000000,1270749.62
1957,lpush5,1000000,819013.94
1957,lrange5,1000000,1199405.25
1958,lpush5,1000000,821136.25
1958,lrange5,1000000,1298722.12
1959,lpush5,1000000,828725.75
1959,lrange5,1000000,1179641.50
1960,lpush5,1000000,815699.88
1960,lrange5,1000000,1119838.75
1961,lpush5,1000000,580738.69
1961,lrange5,1000000,1202115.38
1962,lpush5,1000000,820370.81
1962,lrange5,1000000,1298805.25
1963,lpush5,1000000,811185.69
1963,lrange5,1000000,1200480.12
1964,lpush5,1000000,832652.81
1964,lrange5,1000000,1298805.25
1965,lpush5,1000000,812438.69
1965,lrange5,1000000,1300390.12
1966,lpush5,1000000,830764.12
1966,lrange5,1000000,1297016.88
1967,lpush5,1000000,817818.44
1967,lrange5,1000000,1194800.50
1968,lpush5,1000000,827235.75
1968,lrange5,1000000,1300494.12
1969,lpush5,1000000,815712.94
1969,lrange5,1000000,1300473.38
1970,lpush5,1000000,815673.75
1970,lrange5,1000000,1270770.00
1971,lpush5,1000000,818448.44
1971,lrange5,1000000,1179547.12
1972,lpush5,1000000,820449.56
1972,lrange5,1000000,1200480.12
1973,lpush5,1000000,821188.81
1973,lrange5,1000000,1292113.75
1974,lpush5,1000000,809807.25
1974,lrange5,1000000,1258042.75
1975,lpush5,1000000,816444.06
1975,lrange5,1000000,1273905.75
1976,lpush5,1000000,815074.19
1976,lrange5,1000000,1094109.50
1977,lpush5,1000000,824626.50
1977,lrange5,1000000,1179339.62
1978,lpush5,1000000,815152.38
1978,lrange5,1000000,1280676.00
1979,lpush5,1000000,813034.12
1979,lrange5,1000000,1192124.00
1980,lpush5,1000000,816391.81
1980,lrange5,1000000,1254705.12
1981,lpush5,1000000,815882.56
1981,lrange5,1000000,1209267.25
1982,lpush5,1000000,820357.69
1982,lrange5,1000000,1262686.88
1983,lpush5,1000000,819881.94
1983,lrange5,1000000,1272427.50
1984,lpush5,1000000,818409.19
1984,lrange5,1000000,1288845.38
1985,lpush5,1000000,817713.81
1985,lrange5,1000000,1283738.12
1986,lpush5,1000000,819724.56
1986,lrange5,1000000,1275551.00
1987,lpush5,1000000,814358.25
1987,lrange5,1000000,1262747.50
1988,lpush5,1000000,814423.44
1988,lrange5,1000000,1243781.12
1989,lpush5,1000000,821705.81
1989,lrange5,1000000,1287083.62
1990,lpush5,1000000,811922.06
1990,lrange5,1000000,1203773.75
1991,lpush5,1000000,815882.56
1991,lrange5,1000000,1189269.88
1992,lpush5,1000000,817071.94
1992,lrange5,1000000,1212179.38
1993,lpush5,1000000,819711.44
1993,lrange5,1000000,1202000.00
1994,lpush5,1000000,823868.19
1994,lrange5,1000000,1237742.50
1995,lpush5,1000000,815204.56
1995,lrange5,1000000,1254785.50
1996,lpush5,1000000,827301.94
1996,lrange5,1000000,1273987.25
1997,lpush5,1000000,820488.94
1997,lrange5,1000000,1302187.50
1998,lpush5,1000000,819066.38
1998,lrange5,1000000,1180883.12
1999,lpush5,1000000,822434.25
1999,lrange5,1000000,1282215.38
2000,lpush5,1000000,827827.88
2000,lrange5,1000000,1293806.00
