trial,operation,requests,rps
1,lpush5,1000000,822368.44
1,lrange5,1000000,1209209.12
2,lpush5,1000000,805814.62
2,lrange5,1000000,1166935.88
3,lpush5,1000000,785545.94
3,lrange5,1000000,1200653.00
4,lpush5,1000000,803251.38
4,lrange5,1000000,1234627.12
5,lpush5,1000000,803884.25
5,lrange5,1000000,1204819.25
6,lpush5,1000000,793072.12
6,lrange5,1000000,1194762.25
7,lpush5,1000000,795001.56
7,lrange5,1000000,1171110.12
8,lpush5,1000000,788656.12
8,lrange5,1000000,1227131.25
9,lpush5,1000000,793815.88
9,lrange5,1000000,1203504.25
10,lpush5,1000000,802065.75
10,lrange5,1000000,1189079.62
11,lpush5,1000000,794395.56
11,lrange5,1000000,1196172.25
12,lpush5,1000000,805191.62
12,lrange5,1000000,1216622.88
13,lpush5,1000000,803289.94
13,lrange5,1000000,1200653.00
14,lpush5,1000000,784451.75
14,lrange5,1000000,1228520.88
15,lpush5,1000000,801294.88
15,lrange5,1000000,1225666.75
16,lpush5,1000000,809794.31
16,lrange5,1000000,1227131.25
17,lpush5,1000000,796203.81
17,lrange5,1000000,1222669.88
18,lpush5,1000000,803922.88
18,lrange5,1000000,1219668.25
19,lpush5,1000000,805840.44
19,lrange5,1000000,1224009.88
20,lpush5,1000000,813747.75
20,lrange5,1000000,1234745.62
21,lpush5,1000000,811779.25
21,lrange5,1000000,1219668.25
22,lpush5,1000000,796229.25
22,lrange5,1000000,1215105.75
23,lpush5,1000000,811055.94
23,lrange5,1000000,1194896.00
24,lpush5,1000000,798773.19
24,lrange5,1000000,1225549.00
25,lpush5,1000000,801937.44
25,lrange5,1000000,1215125.12
26,lpush5,1000000,805256.06
26,lrange5,1000000,1170960.25
27,lpush5,1000000,773419.94
27,lrange5,1000000,1210731.25
28,lpush5,1000000,799526.75
28,lrange5,1000000,1212179.38
29,lpush5,1000000,804569.56
29,lrange5,1000000,1231527.12
30,lpush5,1000000,802001.62
30,lrange5,1000000,1197719.75
31,lpush5,1000000,811068.94
31,lrange5,1000000,1203523.50
32,lpush5,1000000,802568.19
32,lrange5,1000000,1225666.75
33,lpush5,1000000,805879.06
33,lrange5,1000000,1215066.75
34,lpush5,1000000,799501.19
34,lrange5,1000000,1225627.50
35,lpush5,1000000,806529.00
35,lrange5,1000000,1222533.00
36,lpush5,1000000,810502.44
36,lrange5,1000000,1175182.12
37,lpush5,1000000,801320.50
37,lrange5,1000000,1180656.38
38,lpush5,1000000,807883.69
38,lrange5,1000000,1205012.12
39,lpush5,1000000,796191.06
39,lrange5,1000000,1200576.25
40,lpush5,1000000,801358.94
40,lrange5,1000000,1207864.75
41,lpush5,1000000,806477.44
41,lrange5,1000000,1197604.88
42,lpush5,1000000,807102.50
42,lrange5,1000000,1199366.88
43,lpush5,1000000,798097.38
43,lrange5,1000000,1206330.50
44,lpush5,1000000,809061.50
44,lrange5,1000000,1187724.50
45,lpush5,1000000,806503.25
45,lrange5,1000000,1210886.25
46,lpush5,1000000,778334.62
46,lrange5,1000000,1206427.00
47,lpush5,1000000,801950.31
47,lrange5,1000000,1228658.50
48,lpush5,1000000,815726.00
48,lrange5,1000000,1231606.00
49,lpush5,1000000,811779.25
49,lrange5,1000000,1197777.25
50,lpush5,1000000,804505.19
50,lrange5,1000000,1146862.38
51,lpush5,1000000,789341.75
51,lrange5,1000000,1176489.38
52,lpush5,1000000,809113.31
52,lrange5,1000000,1237623.75
53,lpush5,1000000,807154.19
53,lrange5,1000000,1228501.25
54,lpush5,1000000,794925.25
54,lrange5,1000000,1189079.62
55,lpush5,1000000,795557.69
55,lrange5,1000000,1207748.75
56,lpush5,1000000,796838.25
56,lrange5,1000000,1219609.75
57,lpush5,1000000,797460.94
57,lrange5,1000000,1227052.75
58,lpush5,1000000,801333.31
58,lrange5,1000000,1221059.88
59,lpush5,1000000,805853.31
59,lrange5,1000000,1203619.75
60,lpush5,1000000,810502.44
60,lrange5,1000000,1176527.00
61,lpush5,1000000,806464.50
61,lrange5,1000000,1210692.50
62,lpush5,1000000,806464.50
62,lrange5,1000000,1227170.50
63,lpush5,1000000,801963.12
63,lrange5,1000000,1212276.38
64,lpush5,1000000,789329.12
64,lrange5,1000000,1218182.75
65,lpush5,1000000,809807.25
65,lrange5,1000000,1184910.00
66,lpush5,1000000,798148.44
66,lrange5,1000000,1216739.62
67,lpush5,1000000,801988.81
67,lrange5,1000000,1216681.25
68,lpush5,1000000,807922.44
68,lrange5,1000000,1203427.25
69,lpush5,1000000,795544.94
69,lrange5,1000000,1203658.25
70,lpush5,1000000,796825.50
70,lrange5,1000000,1206388.38
71,lpush5,1000000,802645.25
71,lrange5,1000000,1206484.88
72,lpush5,1000000,807754.44
72,lrange5,1000000,1213708.75
73,lpush5,1000000,789902.06
73,lrange5,1000000,1218163.25
74,lpush5,1000000,805827.50
74,lrange5,1000000,1212295.75
75,lpush5,1000000,798747.62
75,lrange5,1000000,1228619.12
76,lpush5,1000000,809152.12
76,lrange5,1000000,1206407.75
77,lpush5,1000000,800640.56
77,lrange5,1000000,1219570.75
78,lpush5,1000000,814995.94
78,lrange5,1000000,1216681.25
79,lpush5,1000000,805930.69
79,lrange5,1000000,1203369.50
80,lpush5,1000000,793777.81
80,lrange5,1000000,1225666.75
81,lpush5,1000000,808446.25
81,lrange5,1000000,1219551.25
82,lpush5,1000000,805840.44
82,lrange5,1000000,1216583.88
83,lpush5,1000000,805191.62
83,lrange5,1000000,1218026.88
84,lpush5,1000000,809755.44
84,lrange5,1000000,1191952.38
85,lpush5,1000000,791177.19
85,lrange5,1000000,1186239.62
86,lpush5,1000000,803251.38
86,lrange5,1000000,1202057.62
87,lpush5,1000000,803264.25
87,lrange5,1000000,1225529.38
88,lpush5,1000000,809074.50
88,lrange5,1000000,1196516.75
89,lpush5,1000000,798785.94
89,lrange5,1000000,1221001.25
90,lpush5,1000000,801963.12
90,lrange5,1000000,1222493.88
91,lpush5,1000000,806451.62
91,lrange5,1000000,1218065.75
92,lpush5,1000000,803238.56
92,lrange5,1000000,1213767.00
93,lpush5,1000000,808472.12
93,lrange5,1000000,1225529.38
94,lpush5,1000000,802645.25
94,lrange5,1000000,1193489.25
95,lpush5,1000000,813825.88
95,lrange5,1000000,1228540.50
96,lpush5,1000000,811896.12
96,lrange5,1000000,1209247.88
97,lpush5,1000000,807102.50
97,lrange5,1000000,1204915.62
98,lpush5,1000000,795544.94
98,lrange5,1000000,1215339.00
99,lpush5,1000000,800691.81
99,lrange5,1000000,1202076.88
100,lpush5,1000000,797537.50
100,lrange5,1000000,1222591.62
101,lpush5,1000000,804518.06
101,lrange5,1000000,1224225.25
102,lpush5,1000000,806516.12
102,lrange5,1000000,1216720.12
103,lpush5,1000000,809781.38
103,lrange5,1000000,1191895.12
104,lpush5,1000000,797473.69
104,lrange5,1000000,1221001.25
105,lpush5,1000000,799360.50
105,lrange5,1000000,1207884.00
106,lpush5,1000000,807167.12
106,lrange5,1000000,1194991.62
107,lpush5,1000000,810372.81
107,lrange5,1000000,1189060.62
108,lpush5,1000000,791829.00
108,lrange5,1000000,1215202.88
109,lpush5,1000000,803858.56
109,lrange5,1000000,1209228.50
110,lpush5,1000000,812451.69
110,lrange5,1000000,1209247.88
111,lpush5,1000000,813021.12
111,lrange5,1000000,1231763.62
112,lpush5,1000000,811055.94
112,lrange5,1000000,1206311.25
113,lpush5,1000000,815022.00
113,lrange5,1000000,1213631.12
114,lpush5,1000000,779435.69
114,lrange5,1000000,1203619.75
115,lpush5,1000000,802722.25
115,lrange5,1000000,1218202.25
116,lpush5,1000000,811831.19
116,lrange5,1000000,1216564.38
117,lpush5,1000000,812464.69
117,lrange5,1000000,1221294.25
118,lpush5,1000000,807128.38
118,lrange5,1000000,1215222.38
119,lpush5,1000000,793739.69
119,lrange5,1000000,1213611.62
120,lpush5,1000000,810554.31
120,lrange5,1000000,1225686.25
121,lpush5,1000000,809729.56
121,lrange5,1000000,1231527.12
122,lpush5,1000000,803212.88
122,lrange5,1000000,1180845.38
123,lpush5,1000000,813695.69
123,lrange5,1000000,1186296.62
124,lpush5,1000000,810463.56
124,lrange5,1000000,1228579.88
125,lpush5,1000000,808407.44
125,lrange5,1000000,1224049.00
126,lpush5,1000000,808485.06
126,lrange5,1000000,1219570.75
127,lpush5,1000000,803922.88
127,lrange5,1000000,1218182.75
128,lpush5,1000000,812386.69
128,lrange5,1000000,1180864.25
129,lpush5,1000000,809729.56
129,lrange5,1000000,1204973.50
130,lpush5,1000000,786845.00
130,lrange5,1000000,1240714.62
131,lpush5,1000000,813695.69
131,lrange5,1000000,1206369.12
132,lpush5,1000000,799373.25
132,lrange5,1000000,1239157.38
133,lpush5,1000000,816993.50
133,lrange5,1000000,1196172.25
134,lpush5,1000000,811805.19
134,lrange5,1000000,1221196.62
135,lpush5,1000000,805814.62
135,lrange5,1000000,1201923.00
136,lpush5,1000000,811030.00
136,lrange5,1000000,1222513.38
137,lpush5,1000000,798122.88
137,lrange5,1000000,1218065.75
138,lpush5,1000000,804543.81
138,lrange5,1000000,1215105.75
139,lpush5,1000000,807754.44
139,lrange5,1000000,1196401.88
140,lpush5,1000000,809113.31
140,lrange5,1000000,1213708.75
141,lpush5,1000000,805153.00
141,lrange5,1000000,1230248.38
142,lpush5,1000000,800679.00
142,lrange5,1000000,1234804.88
143,lpush5,1000000,798084.56
143,lrange5,1000000,1239435.00
144,lpush5,1000000,803289.94
144,lrange5,1000000,1239157.38
145,lpush5,1000000,806451.62
145,lrange5,1000000,1234666.62
146,lpush5,1000000,818422.25
146,lrange5,1000000,1218202.25
147,lpush5,1000000,802632.38
147,lrange5,1000000,1190628.62
148,lpush5,1000000,792393.06
148,lrange5,1000000,1213844.62
149,lpush5,1000000,804012.88
149,lrange5,1000000,1213611.62
150,lpush5,1000000,808407.44
150,lrange5,1000000,1212198.75
151,lpush5,1000000,803212.88
151,lrange5,1000000,1222572.12
152,lpush5,1000000,813008.12
152,lrange5,1000000,1209344.62
153,lpush5,1000000,781860.81
153,lrange5,1000000,1225588.25
154,lpush5,1000000,800653.38
154,lrange5,1000000,1246902.75
155,lpush5,1000000,803961.44
155,lrange5,1000000,1216700.75
156,lpush5,1000000,816339.56
156,lrange5,1000000,1242454.62
157,lpush5,1000000,810502.44
157,lrange5,1000000,1231546.88
158,lpush5,1000000,799373.25
158,lrange5,1000000,1196287.00
159,lpush5,1000000,804569.56
159,lrange5,1000000,1237623.75
160,lpush5,1000000,812360.69
160,lrange5,1000000,1228579.88
161,lpush5,1000000,807844.88
161,lrange5,1000000,1218046.38
162,lpush5,1000000,810450.56
162,lrange5,1000000,1199309.38
163,lpush5,1000000,801282.06
163,lrange5,1000000,1216856.38
164,lpush5,1000000,809100.38
164,lrange5,1000000,1197643.12
165,lpush5,1000000,803238.56
165,lrange5,1000000,1236232.38
166,lpush5,1000000,793714.31
166,lrange5,1000000,1222709.00
167,lpush5,1000000,809126.25
167,lrange5,1000000,1191933.25
168,lpush5,1000000,800051.19
168,lrange5,1000000,1222533.00
169,lpush5,1000000,800679.00
169,lrange5,1000000,1212198.75
170,lpush5,1000000,806529.00
170,lrange5,1000000,1221118.38
171,lpush5,1000000,803871.44
171,lrange5,1000000,1233282.38
172,lpush5,1000000,809729.56
172,lrange5,1000000,1216681.25
173,lpush5,1000000,807754.44
173,lrange5,1000000,1216545.00
174,lpush5,1000000,802568.19
174,lrange5,1000000,1224029.38
175,lpush5,1000000,805191.62
175,lrange5,1000000,1227092.00
176,lpush5,1000000,777629.88
176,lrange5,1000000,1194819.62
177,lpush5,1000000,804582.44
177,lrange5,1000000,1239216.88
178,lpush5,1000000,796812.75
178,lrange5,1000000,1234745.62
179,lpush5,1000000,805866.19
179,lrange5,1000000,1207826.12
180,lpush5,1000000,795090.62
180,lrange5,1000000,1207845.38
181,lpush5,1000000,801988.81
181,lrange5,1000000,1219570.75
182,lpush5,1000000,804608.19
182,lrange5,1000000,1212295.75
183,lpush5,1000000,808420.38
183,lrange5,1000000,1212295.75
184,lpush5,1000000,801975.94
184,lrange5,1000000,1239197.00
185,lpush5,1000000,811740.25
185,lrange5,1000000,1186258.62
186,lpush5,1000000,803897.12
186,lrange5,1000000,1228599.50
187,lpush5,1000000,800115.19
187,lrange5,1000000,1213786.38
188,lpush5,1000000,799373.25
188,lrange5,1000000,1225588.25
189,lpush5,1000000,807831.94
189,lrange5,1000000,1219512.25
190,lpush5,1000000,800717.38
190,lrange5,1000000,1231527.12
191,lpush5,1000000,803392.75
191,lrange5,1000000,1206369.12
192,lpush5,1000000,800000.00
192,lrange5,1000000,1237623.75
193,lpush5,1000000,808420.38
193,lrange5,1000000,1231527.12
194,lpush5,1000000,807231.69
194,lrange5,1000000,1233085.12
195,lpush5,1000000,815660.69
195,lrange5,1000000,1240933.00
196,lpush5,1000000,815100.25
196,lrange5,1000000,1196363.62
197,lpush5,1000000,803858.56
197,lrange5,1000000,1236093.88
198,lpush5,1000000,806451.62
198,lrange5,1000000,1209363.88
199,lpush5,1000000,802581.00
199,lrange5,1000000,1204992.75
200,lpush5,1000000,795710.44
200,lrange5,1000000,1225647.12
201,lpush5,1000000,805165.88
201,lrange5,1000000,1183564.50
202,lpush5,1000000,702785.69
202,lrange5,1000000,1236093.88
203,lpush5,1000000,811727.25
203,lrange5,1000000,1239395.38
204,lpush5,1000000,819066.38
204,lrange5,1000000,1227072.38
205,lpush5,1000000,802670.94
205,lrange5,1000000,1224049.00
206,lpush5,1000000,799450.00
206,lrange5,1000000,1204838.62
207,lpush5,1000000,809203.94
207,lrange5,1000000,1209228.50
208,lpush5,1000000,805801.75
208,lrange5,1000000,1193355.62
209,lpush5,1000000,803302.81
209,lrange5,1000000,1215222.38
210,lpush5,1000000,813112.19
210,lrange5,1000000,1221040.25
211,lpush5,1000000,797563.00
211,lrange5,1000000,1184834.12
212,lpush5,1000000,796178.31
212,lrange5,1000000,1194819.62
213,lpush5,1000000,801924.62
213,lrange5,1000000,1216545.00
214,lpush5,1000000,800704.56
214,lrange5,1000000,1219707.38
215,lpush5,1000000,813669.69
215,lrange5,1000000,1230110.62
216,lpush5,1000000,801358.94
216,lrange5,1000000,1196306.12
217,lpush5,1000000,799373.25
217,lrange5,1000000,1218026.88
218,lpush5,1000000,790564.44
218,lrange5,1000000,1184891.00
219,lpush5,1000000,793739.69
219,lrange5,1000000,1236093.88
220,lpush5,1000000,806451.62
220,lrange5,1000000,1218182.75
221,lpush5,1000000,773432.31
221,lrange5,1000000,1239335.88
222,lpush5,1000000,807102.50
222,lrange5,1000000,1200557.00
223,lpush5,1000000,803379.94
223,lrange5,1000000,1207768.12
224,lpush5,1000000,811055.94
224,lrange5,1000000,1215241.75
225,lpush5,1000000,801937.44
225,lrange5,1000000,1183545.50
226,lpush5,1000000,796178.31
226,lrange5,1000000,1224029.38
227,lpush5,1000000,802040.12
227,lrange5,1000000,1219785.38
228,lpush5,1000000,804569.56
228,lrange5,1000000,1225529.38
229,lpush5,1000000,804530.94
229,lrange5,1000000,1224127.38
230,lpush5,1000000,801320.50
230,lrange5,1000000,1180637.50
231,lpush5,1000000,809203.94
231,lrange5,1000000,1237901.00
232,lpush5,1000000,802670.94
232,lrange5,1000000,1222533.00
233,lpush5,1000000,809074.50
233,lrange5,1000000,1215066.75
234,lpush5,1000000,809191.00
234,lrange5,1000000,1225627.50
235,lpush5,1000000,803289.94
235,lrange5,1000000,1200576.25
236,lpush5,1000000,801320.50
236,lrange5,1000000,1206523.50
237,lpush5,1000000,811844.19
237,lrange5,1000000,1216545.00
238,lpush5,1000000,811081.88
238,lrange5,1000000,1207884.00
239,lpush5,1000000,802040.12
239,lrange5,1000000,1182184.38
240,lpush5,1000000,791316.44
240,lrange5,1000000,1228796.00
241,lpush5,1000000,809807.25
241,lrange5,1000000,1233164.00
242,lpush5,1000000,791189.81
242,lrange5,1000000,1212315.12
243,lpush5,1000000,809126.25
243,lrange5,1000000,1227229.50
244,lpush5,1000000,803910.00
244,lrange5,1000000,1228579.88
245,lpush5,1000000,789316.50
245,lrange5,1000000,1197853.88
246,lpush5,1000000,807870.75
246,lrange5,1000000,1186391.50
247,lpush5,1000000,803302.81
247,lrange5,1000000,1213767.00
248,lpush5,1000000,782485.12
248,lrange5,1000000,1221020.75
249,lpush5,1000000,808472.12
249,lrange5,1000000,1236153.25
250,lpush5,1000000,800794.25
250,lrange5,1000000,1218163.25
251,lpush5,1000000,805204.50
251,lrange5,1000000,1197643.12
252,lpush5,1000000,800012.81
252,lrange5,1000000,1215105.75
253,lpush5,1000000,805840.44
253,lrange5,1000000,1240694.75
254,lpush5,1000000,801963.12
254,lrange5,1000000,1194743.12
255,lpush5,1000000,807128.38
255,lrange5,1000000,1215222.38
256,lpush5,1000000,795595.88
256,lrange5,1000000,1222728.62
257,lpush5,1000000,807909.50
257,lrange5,1000000,1227013.50
258,lpush5,1000000,808446.25
258,lrange5,1000000,1240774.25
259,lpush5,1000000,807102.50
259,lrange5,1000000,1187686.50
260,lpush5,1000000,798174.00
260,lrange5,1000000,1233045.62
261,lpush5,1000000,796812.75
261,lrange5,1000000,1210828.12
262,lpush5,1000000,810437.62
262,lrange5,1000000,1222630.75
263,lpush5,1000000,781935.88
263,lrange5,1000000,1202096.12
264,lpush5,1000000,800704.56
264,lrange5,1000000,1203465.75
265,lpush5,1000000,816378.75
265,lrange5,1000000,1216720.12
266,lpush5,1000000,811714.31
266,lrange5,1000000,1223990.25
267,lpush5,1000000,819777.00
267,lrange5,1000000,1199079.12
268,lpush5,1000000,804505.19
268,lrange5,1000000,1221157.50
269,lpush5,1000000,802645.25
269,lrange5,1000000,1212179.38
270,lpush5,1000000,807322.06
270,lrange5,1000000,1233183.75
271,lpush5,1000000,798722.06
271,lrange5,1000000,1213767.00
272,lpush5,1000000,804518.06
272,lrange5,1000000,1212237.62
273,lpush5,1000000,803354.19
273,lrange5,1000000,1204877.12
274,lpush5,1000000,798110.12
274,lrange5,1000000,1197604.88
275,lpush5,1000000,804518.06
275,lrange5,1000000,1225529.38
276,lpush5,1000000,805814.62
276,lrange5,1000000,1222533.00
277,lpush5,1000000,796203.81
277,lrange5,1000000,1221059.88
278,lpush5,1000000,805268.94
278,lrange5,1000000,1223990.25
279,lpush5,1000000,799411.62
279,lrange5,1000000,1176545.88
280,lpush5,1000000,795685.00
280,lrange5,1000000,1176489.38
281,lpush5,1000000,807754.44
281,lrange5,1000000,1222533.00
282,lpush5,1000000,810463.56
282,lrange5,1000000,1237801.88
283,lpush5,1000000,811766.25
283,lrange5,1000000,1236133.50
284,lpush5,1000000,798798.75
284,lrange5,1000000,1224049.00
285,lpush5,1000000,804505.19
285,lrange5,1000000,1221098.88
286,lpush5,1000000,800038.38
286,lrange5,1000000,1216545.00
287,lpush5,1000000,804569.56
287,lrange5,1000000,1227072.38
288,lpush5,1000000,803225.69
288,lrange5,1000000,1253273.25
289,lpush5,1000000,788719.25
289,lrange5,1000000,1213689.38
290,lpush5,1000000,806477.44
290,lrange5,1000000,1231566.50
291,lpush5,1000000,804530.94
291,lrange5,1000000,1212121.25
292,lpush5,1000000,803974.31
292,lrange5,1000000,1203388.75
293,lpush5,1000000,812451.69
293,lrange5,1000000,1199098.38
294,lpush5,1000000,797486.50
294,lrange5,1000000,1187857.50
295,lpush5,1000000,799360.50
295,lrange5,1000000,1202115.38
296,lpush5,1000000,802001.62
296,lrange5,1000000,1210653.75
297,lpush5,1000000,794306.62
297,lrange5,1000000,1203485.00
298,lpush5,1000000,802606.69
298,lrange5,1000000,1204973.50
299,lpush5,1000000,795544.94
299,lrange5,1000000,1219648.75
300,lpush5,1000000,796229.25
300,lrange5,1000000,1213669.88
301,lpush5,1000000,813008.12
301,lrange5,1000000,1207961.38
302,lpush5,1000000,795634.06
302,lrange5,1000000,1183526.62
303,lpush5,1000000,797512.00
303,lrange5,1000000,1209189.75
304,lpush5,1000000,803858.56
304,lrange5,1000000,1227013.50
305,lpush5,1000000,801282.06
305,lrange5,1000000,1186258.62
306,lpush5,1000000,798148.44
306,lrange5,1000000,1187838.50
307,lpush5,1000000,808446.25
307,lrange5,1000000,1218026.88
308,lpush5,1000000,803961.44
308,lrange5,1000000,1149701.12
309,lpush5,1000000,800000.00
309,lrange5,1000000,1227092.00
310,lpush5,1000000,813034.12
310,lrange5,1000000,1203523.50
311,lpush5,1000000,797575.81
311,lrange5,1000000,1240992.62
312,lpush5,1000000,800089.62
312,lrange5,1000000,1216681.25
313,lpush5,1000000,792456.44
313,lrange5,1000000,1194896.00
314,lpush5,1000000,809794.31
314,lrange5,1000000,1212334.62
315,lpush5,1000000,802658.06
315,lrange5,1000000,1222493.88
316,lpush5,1000000,811094.88
316,lrange5,1000000,1219785.38
317,lpush5,1000000,805801.75
317,lrange5,1000000,1215144.62
318,lpush5,1000000,795001.56
318,lrange5,1000000,1210847.50
319,lpush5,1000000,801320.50
319,lrange5,1000000,1230346.88
320,lpush5,1000000,802040.12
320,lrange5,1000000,1219824.38
321,lpush5,1000000,805230.31
321,lrange5,1000000,1227052.75
322,lpush5,1000000,803987.19
322,lrange5,1000000,1200518.62
323,lpush5,1000000,800000.00
323,lrange5,1000000,1209286.50
324,lpush5,1000000,804595.31
324,lrange5,1000000,1215222.38
325,lpush5,1000000,811766.25
325,lrange5,1000000,1216778.50
326,lpush5,1000000,809074.50
326,lrange5,1000000,1250000.00
327,lpush5,1000000,807180.00
327,lrange5,1000000,1197643.12
328,lpush5,1000000,805217.38
328,lrange5,1000000,1236133.50
329,lpush5,1000000,805320.44
329,lrange5,1000000,1218221.75
330,lpush5,1000000,801384.62
330,lrange5,1000000,1193412.88
331,lpush5,1000000,809794.31
331,lrange5,1000000,1234745.62
332,lpush5,1000000,779572.88
332,lrange5,1000000,1210828.12
333,lpush5,1000000,802645.25
333,lrange5,1000000,1234824.75
334,lpush5,1000000,796851.00
334,lrange5,1000000,1227072.38
335,lpush5,1000000,799386.06
335,lrange5,1000000,1206369.12
336,lpush5,1000000,794938.00
336,lrange5,1000000,1228540.50
337,lpush5,1000000,785558.50
337,lrange5,1000000,1215086.25
338,lpush5,1000000,805801.75
338,lrange5,1000000,1209209.12
339,lpush5,1000000,803289.94
339,lrange5,1000000,1218182.75
340,lpush5,1000000,800064.00
340,lrange5,1000000,1234745.62
341,lpush5,1000000,810450.56
341,lrange5,1000000,1222669.88
342,lpush5,1000000,793046.75
342,lrange5,1000000,1227052.75
343,lpush5,1000000,805853.31
343,lrange5,1000000,1207864.75
344,lpush5,1000000,805256.06
344,lrange5,1000000,1231743.88
345,lpush5,1000000,811146.75
345,lrange5,1000000,1219590.25
346,lpush5,1000000,807793.19
346,lrange5,1000000,1219746.38
347,lpush5,1000000,793034.06
347,lrange5,1000000,1206272.62
348,lpush5,1000000,803341.38
348,lrange5,1000000,1230012.25
349,lpush5,1000000,790564.44
349,lrange5,1000000,1216642.25
350,lpush5,1000000,801423.06
350,lrange5,1000000,1187648.50
351,lpush5,1000000,797537.50
351,lrange5,1000000,1210828.12
352,lpush5,1000000,797460.94
352,lrange5,1000000,1215202.88
353,lpush5,1000000,806580.62
353,lrange5,1000000,1218299.62
354,lpush5,1000000,811172.75
354,lrange5,1000000,1222728.62
355,lpush5,1000000,803289.94
355,lrange5,1000000,1187686.50
356,lpush5,1000000,809074.50
356,lrange5,1000000,1209267.25
357,lpush5,1000000,799411.62
357,lrange5,1000000,1233262.62
358,lpush5,1000000,805892.00
358,lrange5,1000000,1209402.62
359,lpush5,1000000,808485.06
359,lrange5,1000000,1228678.12
360,lpush5,1000000,806503.25
360,lrange5,1000000,1216545.00
361,lpush5,1000000,794395.56
361,lrange5,1000000,1194838.75
362,lpush5,1000000,802619.56
362,lrange5,1000000,1187667.50
363,lpush5,1000000,789990.50
363,lrange5,1000000,1210789.38
364,lpush5,1000000,809113.31
364,lrange5,1000000,1221020.75
365,lpush5,1000000,777038.12
365,lrange5,1000000,1154826.75
366,lpush5,1000000,790589.75
366,lrange5,1000000,1212237.62
367,lpush5,1000000,789927.31
367,lrange5,1000000,1205069.88
368,lpush5,1000000,795583.12
368,lrange5,1000000,1221138.00
369,lpush5,1000000,805866.19
369,lrange5,1000000,1237722.75
370,lpush5,1000000,800653.38
370,lrange5,1000000,1209209.12
371,lpush5,1000000,793160.94
371,lrange5,1000000,1227033.12
372,lpush5,1000000,799552.31
372,lrange5,1000000,1168224.25
373,lpush5,1000000,801988.81
373,lrange5,1000000,1201961.50
374,lpush5,1000000,808407.44
374,lrange5,1000000,1216778.50
375,lpush5,1000000,801333.31
375,lrange5,1000000,1225764.75
376,lpush5,1000000,795544.94
376,lrange5,1000000,1222493.88
377,lpush5,1000000,811688.31
377,lrange5,1000000,1219512.25
378,lpush5,1000000,805840.44
378,lrange5,1000000,1193336.50
379,lpush5,1000000,804530.94
379,lrange5,1000000,1183488.75
380,lpush5,1000000,794950.69
380,lrange5,1000000,1177950.50
381,lpush5,1000000,800012.81
381,lrange5,1000000,1222493.88
382,lpush5,1000000,807844.88
382,lrange5,1000000,1205262.62
383,lpush5,1000000,807115.44
383,lrange5,1000000,1196229.62
384,lpush5,1000000,796216.56
384,lrange5,1000000,1219512.25
385,lpush5,1000000,802606.69
385,lrange5,1000000,1226993.88
386,lpush5,1000000,810502.44
386,lrange5,1000000,1222552.50
387,lpush5,1000000,808407.44
387,lrange5,1000000,1204935.00
388,lpush5,1000000,800768.62
388,lrange5,1000000,1197643.12
389,lpush5,1000000,793034.06
389,lrange5,1000000,1222493.88
390,lpush5,1000000,780640.12
390,lrange5,1000000,1216661.75
391,lpush5,1000000,813721.75
391,lrange5,1000000,1215105.75
392,lpush5,1000000,807857.81
392,lrange5,1000000,1224127.38
393,lpush5,1000000,811701.31
393,lrange5,1000000,1216564.38
394,lpush5,1000000,795774.06
394,lrange5,1000000,1221001.25
395,lpush5,1000000,813034.12
395,lrange5,1000000,1233183.75
396,lpush5,1000000,799373.25
396,lrange5,1000000,1226993.88
397,lpush5,1000000,807819.06
397,lrange5,1000000,1230032.00
398,lpush5,1000000,795608.62
398,lrange5,1000000,1200614.62
399,lpush5,1000000,809113.31
399,lrange5,1000000,1216642.25
400,lpush5,1000000,791803.62
400,lrange5,1000000,1222493.88
401,lpush5,1000000,807218.75
401,lrange5,1000000,1209247.88
402,lpush5,1000000,811081.88
402,lrange5,1000000,1213728.12
403,lpush5,1000000,801346.12
403,lrange5,1000000,1227033.12
404,lpush5,1000000,805165.88
404,lrange5,1000000,1233242.88
405,lpush5,1000000,794281.19
405,lrange5,1000000,1233085.12
406,lpush5,1000000,798148.44
406,lrange5,1000000,1240813.88
407,lpush5,1000000,803871.44
407,lrange5,1000000,1215105.75
408,lpush5,1000000,805191.62
408,lrange5,1000000,1194743.12
409,lpush5,1000000,789316.50
409,lrange5,1000000,1200480.12
410,lpush5,1000000,768676.38
410,lrange5,1000000,1203446.50
411,lpush5,1000000,805892.00
411,lrange5,1000000,1222611.25
412,lpush5,1000000,800000.00
412,lrange5,1000000,1204838.62
413,lpush5,1000000,805153.00
413,lrange5,1000000,1222591.62
414,lpush5,1000000,806451.62
414,lrange5,1000000,1158785.62
415,lpush5,1000000,806490.31
415,lrange5,1000000,1221020.75
416,lpush5,1000000,803341.38
416,lrange5,1000000,1224068.62
417,lpush5,1000000,801950.31
417,lrange5,1000000,1225627.50
418,lpush5,1000000,807205.81
418,lrange5,1000000,1215105.75
419,lpush5,1000000,800730.19
419,lrange5,1000000,1216564.38
420,lpush5,1000000,801294.88
420,lrange5,1000000,1221138.00
421,lpush5,1000000,803225.69
421,lrange5,1000000,1222669.88
422,lpush5,1000000,810372.81
422,lrange5,1000000,1230189.38
423,lpush5,1000000,802670.94
423,lrange5,1000000,1210847.50
424,lpush5,1000000,800000.00
424,lrange5,1000000,1222533.00
425,lpush5,1000000,801333.31
425,lrange5,1000000,1223990.25
426,lpush5,1000000,796216.56
426,lrange5,1000000,1224146.88
427,lpush5,1000000,805153.00
427,lrange5,1000000,1218104.75
428,lpush5,1000000,804505.19
428,lrange5,1000000,1194896.00
429,lpush5,1000000,790513.81
429,lrange5,1000000,1231546.88
430,lpush5,1000000,802568.19
430,lrange5,1000000,1230110.62
431,lpush5,1000000,803354.19
431,lrange5,1000000,1225549.00
432,lpush5,1000000,807102.50
432,lrange5,1000000,1216564.38
433,lpush5,1000000,809152.12
433,lrange5,1000000,1224186.12
434,lpush5,1000000,794976.12
434,lrange5,1000000,1202153.88
435,lpush5,1000000,797448.19
435,lrange5,1000000,1224146.88
436,lpush5,1000000,814345.25
436,lrange5,1000000,1182222.25
437,lpush5,1000000,800038.38
437,lrange5,1000000,1210673.12
438,lpush5,1000000,803289.94
438,lrange5,1000000,1228638.75
439,lpush5,1000000,805892.00
439,lrange5,1000000,1213786.38
440,lpush5,1000000,795583.12
440,lrange5,1000000,1231665.00
441,lpush5,1000000,799424.44
441,lrange5,1000000,1158822.75
442,lpush5,1000000,793676.19
442,lrange5,1000000,1199040.75
443,lpush5,1000000,803948.56
443,lrange5,1000000,1209402.62
444,lpush5,1000000,794988.88
444,lrange5,1000000,1213611.62
445,lpush5,1000000,782510.19
445,lrange5,1000000,1237742.50
446,lpush5,1000000,796812.75
446,lrange5,1000000,1209363.88
447,lpush5,1000000,807780.25
447,lrange5,1000000,1228560.12
448,lpush5,1000000,796978.50
448,lrange5,1000000,1186277.62
449,lpush5,1000000,803225.69
449,lrange5,1000000,1221059.88
450,lpush5,1000000,799398.88
450,lrange5,1000000,1219512.25
451,lpush5,1000000,791202.50
451,lrange5,1000000,1197604.88
452,lpush5,1000000,796825.50
452,lrange5,1000000,1212198.75
453,lpush5,1000000,803935.69
453,lrange5,1000000,1171053.88
454,lpush5,1000000,793072.12
454,lrange5,1000000,1234804.88
455,lpush5,1000000,807844.88
455,lrange5,1000000,1201923.00
456,lpush5,1000000,792456.44
456,lrange5,1000000,1193374.75
457,lpush5,1000000,798135.69
457,lrange5,1000000,1225568.62
458,lpush5,1000000,788047.25
458,lrange5,1000000,1213592.25
459,lpush5,1000000,809716.56
459,lrange5,1000000,1193432.00
460,lpush5,1000000,796889.25
460,lrange5,1000000,1193393.75
461,lpush5,1000000,793084.81
461,lrange5,1000000,1221020.75
462,lpush5,1000000,795557.69
462,lrange5,1000000,1203504.25
463,lpush5,1000000,798148.44
463,lrange5,1000000,1228540.50
464,lpush5,1000000,805204.50
464,lrange5,1000000,1224029.38
465,lpush5,1000000,802040.12
465,lrange5,1000000,1225607.88
466,lpush5,1000000,808536.81
466,lrange5,1000000,1231724.12
467,lpush5,1000000,799360.50
467,lrange5,1000000,1215125.12
468,lpush5,1000000,793021.38
468,lrange5,1000000,1202057.62
469,lpush5,1000000,788744.50
469,lrange5,1000000,1204992.75
470,lpush5,1000000,797486.50
470,lrange5,1000000,1230051.62
471,lpush5,1000000,809768.44
471,lrange5,1000000,1228579.88
472,lpush5,1000000,795608.62
472,lrange5,1000000,1233045.62
473,lpush5,1000000,812347.75
473,lrange5,1000000,1227013.50
474,lpush5,1000000,803884.25
474,lrange5,1000000,1207729.50
475,lpush5,1000000,799411.62
475,lrange5,1000000,1246942.62
476,lpush5,1000000,802001.62
476,lrange5,1000000,1227170.50
477,lpush5,1000000,797460.94
477,lrange5,1000000,1215105.75
478,lpush5,1000000,809074.50
478,lrange5,1000000,1216661.75
479,lpush5,1000000,802683.75
479,lrange5,1000000,1203369.50
480,lpush5,1000000,812412.69
480,lrange5,1000000,1228540.50
481,lpush5,1000000,807754.44
481,lrange5,1000000,1231803.00
482,lpush5,1000000,801924.62
482,lrange5,1000000,1209325.25
483,lpush5,1000000,809794.31
483,lrange5,1000000,1233045.62
484,lpush5,1000000,806490.31
484,lrange5,1000000,1233045.62
485,lpush5,1000000,789266.00
485,lrange5,1000000,1205050.62
486,lpush5,1000000,798186.75
486,lrange5,1000000,1195049.00
487,lpush5,1000000,696456.81
487,lrange5,1000000,1199175.12
488,lpush5,1000000,807819.06
488,lrange5,1000000,1219746.38
489,lpush5,1000000,810554.31
489,lrange5,1000000,1218163.25
490,lpush5,1000000,812412.69
490,lrange5,1000000,1221001.25
491,lpush5,1000000,797486.50
491,lrange5,1000000,1213669.88
492,lpush5,1000000,799501.19
492,lrange5,1000000,1243880.62
493,lpush5,1000000,801924.62
493,lrange5,1000000,1213786.38
494,lpush5,1000000,795583.12
494,lrange5,1000000,1212140.62
495,lpush5,1000000,807754.44
495,lrange5,1000000,1218046.38
496,lpush5,1000000,800000.00
496,lrange5,1000000,1218124.25
497,lpush5,1000000,780031.25
497,lrange5,1000000,1191895.12
498,lpush5,1000000,806503.25
498,lrange5,1000000,1206272.62
499,lpush5,1000000,803264.25
499,lrange5,1000000,1222572.12
500,lpush5,1000000,800012.81
500,lrange5,1000000,1218026.88
501,lpush5,1000000,805153.00
501,lrange5,1000000,1176583.50
502,lpush5,1000000,803910.00
502,lrange5,1000000,1196421.00
503,lpush5,1000000,796876.50
503,lrange5,1000000,1209422.00
504,lpush5,1000000,800000.00
504,lrange5,1000000,1240873.50
505,lpush5,1000000,808433.31
505,lrange5,1000000,1236192.75
506,lpush5,1000000,805814.62
506,lrange5,1000000,1180675.38
507,lpush5,1000000,807793.19
507,lrange5,1000000,1210750.62
508,lpush5,1000000,799398.88
508,lrange5,1000000,1218065.75
509,lpush5,1000000,806516.12
509,lrange5,1000000,1197662.25
510,lpush5,1000000,795014.31
510,lrange5,1000000,1207768.12
511,lpush5,1000000,803251.38
511,lrange5,1000000,1203408.00
512,lpush5,1000000,796876.50
512,lrange5,1000000,1199155.88
513,lpush5,1000000,795595.88
513,lrange5,1000000,1202057.62
514,lpush5,1000000,805230.31
514,lrange5,1000000,1221040.25
515,lpush5,1000000,801988.81
515,lrange5,1000000,1200518.62
516,lpush5,1000000,800038.38
516,lrange5,1000000,1234567.88
517,lpush5,1000000,793034.06
517,lrange5,1000000,1182070.88
518,lpush5,1000000,802632.38
518,lrange5,1000000,1222493.88
519,lpush5,1000000,807754.44
519,lrange5,1000000,1199117.50
520,lpush5,1000000,805153.00
520,lrange5,1000000,1224107.75
521,lpush5,1000000,803212.88
521,lrange5,1000000,1223990.25
522,lpush5,1000000,801358.94
522,lrange5,1000000,1210653.75
523,lpush5,1000000,806580.62
523,lrange5,1000000,1213611.62
524,lpush5,1000000,794357.44
524,lrange5,1000000,1206465.62
525,lpush5,1000000,809716.56
525,lrange5,1000000,1221059.88
526,lpush5,1000000,792456.44
526,lrange5,1000000,1197700.62
527,lpush5,1000000,803277.12
527,lrange5,1000000,1216583.88
528,lpush5,1000000,796978.50
528,lrange5,1000000,1205012.12
529,lpush5,1000000,807205.81
529,lrange5,1000000,1225607.88
530,lpush5,1000000,806490.31
530,lrange5,1000000,1210847.50
531,lpush5,1000000,805268.94
531,lrange5,1000000,1206504.25
532,lpush5,1000000,805165.88
532,lrange5,1000000,1237782.12
533,lpush5,1000000,814436.44
533,lrange5,1000000,1222689.50
534,lpush5,1000000,809087.44
534,lrange5,1000000,1228638.75
535,lpush5,1000000,795646.81
535,lrange5,1000000,1213592.25
536,lpush5,1000000,804543.81
536,lrange5,1000000,1224127.38
537,lpush5,1000000,803961.44
537,lrange5,1000000,1216681.25
538,lpush5,1000000,796902.00
538,lrange5,1000000,1239177.25
539,lpush5,1000000,804595.31
539,lrange5,1000000,1216681.25
540,lpush5,1000000,800640.56
540,lrange5,1000000,1225627.50
541,lpush5,1000000,813669.69
541,lrange5,1000000,1216603.38
542,lpush5,1000000,795103.31
542,lrange5,1000000,1197700.62
543,lpush5,1000000,803277.12
543,lrange5,1000000,1223990.25
544,lpush5,1000000,805256.06
544,lrange5,1000000,1228560.12
545,lpush5,1000000,813682.69
545,lrange5,1000000,1210866.88
546,lpush5,1000000,810411.69
546,lrange5,1000000,1222689.50
547,lpush5,1000000,804556.69
547,lrange5,1000000,1233420.50
548,lpush5,1000000,796216.56
548,lrange5,1000000,1209189.75
549,lpush5,1000000,807257.50
549,lrange5,1000000,1216759.12
550,lpush5,1000000,801988.81
550,lrange5,1000000,1210692.50
551,lpush5,1000000,799373.25
551,lrange5,1000000,1203523.50
552,lpush5,1000000,809755.44
552,lrange5,1000000,1193470.12
553,lpush5,1000000,802658.06
553,lrange5,1000000,1197604.88
554,lpush5,1000000,803225.69
554,lrange5,1000000,1218065.75
555,lpush5,1000000,801924.62
555,lrange5,1000000,1212257.00
556,lpush5,1000000,809716.56
556,lrange5,1000000,1179283.00
557,lpush5,1000000,786226.44
557,lrange5,1000000,1089359.50
558,lpush5,1000000,768651.81
558,lrange5,1000000,1148197.50
559,lpush5,1000000,781300.00
559,lrange5,1000000,1224421.12
560,lpush5,1000000,802593.88
560,lrange5,1000000,1146789.00
561,lpush5,1000000,791854.31
561,lrange5,1000000,1207806.75
562,lpush5,1000000,781350.00
562,lrange5,1000000,1200480.12
563,lpush5,1000000,799360.50
563,lrange5,1000000,1218026.88
564,lpush5,1000000,801320.50
564,lrange5,1000000,1186258.62
565,lpush5,1000000,789902.06
565,lrange5,1000000,1224146.88
566,lpush5,1000000,804530.94
566,lrange5,1000000,1237623.75
567,lpush5,1000000,809100.38
567,lrange5,1000000,1196172.25
568,lpush5,1000000,807844.88
568,lrange5,1000000,1227072.38
569,lpush5,1000000,787489.75
569,lrange5,1000000,1113710.50
570,lpush5,1000000,789367.06
570,lrange5,1000000,1161533.12
571,lpush5,1000000,771010.00
571,lrange5,1000000,1203427.25
572,lpush5,1000000,803974.31
572,lrange5,1000000,1202000.00
573,lpush5,1000000,803935.69
573,lrange5,1000000,1215125.12
574,lpush5,1000000,780056.19
574,lrange5,1000000,1196344.50
575,lpush5,1000000,802593.88
575,lrange5,1000000,1236133.50
576,lpush5,1000000,803264.25
576,lrange5,1000000,1233203.50
577,lpush5,1000000,808498.00
577,lrange5,1000000,1221157.50
578,lpush5,1000000,803935.69
578,lrange5,1000000,1197739.00
579,lpush5,1000000,781287.50
579,lrange5,1000000,1209189.75
580,lpush5,1000000,806606.44
580,lrange5,1000000,1233045.62
581,lpush5,1000000,803392.75
581,lrange5,1000000,1233223.25
582,lpush5,1000000,806451.62
582,lrange5,1000000,1177969.38
583,lpush5,1000000,813034.12
583,lrange5,1000000,1215066.75
584,lpush5,1000000,794319.31
584,lrange5,1000000,1218280.12
585,lpush5,1000000,799360.50
585,lrange5,1000000,1209383.25
586,lpush5,1000000,798747.62
586,lrange5,1000000,1212140.62
587,lpush5,1000000,780081.19
587,lrange5,1000000,1190685.75
588,lpush5,1000000,804505.19
588,lrange5,1000000,1189079.62
589,lpush5,1000000,802593.88
589,lrange5,1000000,1224127.38
590,lpush5,1000000,798849.88
590,lrange5,1000000,1206465.62
591,lpush5,1000000,802568.19
591,lrange5,1000000,1221098.88
592,lpush5,1000000,809216.88
592,lrange5,1000000,1225509.88
593,lpush5,1000000,810437.62
593,lrange5,1000000,1196172.25
594,lpush5,1000000,809165.06
594,lrange5,1000000,1243980.12
595,lpush5,1000000,799501.19
595,lrange5,1000000,1210750.62
596,lpush5,1000000,807883.69
596,lrange5,1000000,1224205.62
597,lpush5,1000000,815061.12
597,lrange5,1000000,1219668.25
598,lpush5,1000000,805204.50
598,lrange5,1000000,1222709.00
599,lpush5,1000000,791139.19
599,lrange5,1000000,1213786.38
600,lpush5,1000000,805879.06
600,lrange5,1000000,1216583.88
601,lpush5,1000000,809087.44
601,lrange5,1000000,1202057.62
602,lpush5,1000000,794938.00
602,lrange5,1000000,1189269.88
603,lpush5,1000000,793803.19
603,lrange5,1000000,1225647.12
604,lpush5,1000000,797448.19
604,lrange5,1000000,1203465.75
605,lpush5,1000000,799424.44
605,lrange5,1000000,1182127.62
606,lpush5,1000000,809126.25
606,lrange5,1000000,1228540.50
607,lpush5,1000000,802568.19
607,lrange5,1000000,1231625.62
608,lpush5,1000000,798148.44
608,lrange5,1000000,1193317.38
609,lpush5,1000000,808433.31
609,lrange5,1000000,1228520.88
610,lpush5,1000000,808433.31
610,lrange5,1000000,1227209.88
611,lpush5,1000000,813086.19
611,lrange5,1000000,1231684.75
612,lpush5,1000000,809755.44
612,lrange5,1000000,1215183.50
613,lpush5,1000000,798798.75
613,lrange5,1000000,1225627.50
614,lpush5,1000000,800666.19
614,lrange5,1000000,1224146.88
615,lpush5,1000000,801950.31
615,lrange5,1000000,1234567.88
616,lpush5,1000000,788022.06
616,lrange5,1000000,1209286.50
617,lpush5,1000000,793676.19
617,lrange5,1000000,1192009.50
618,lpush5,1000000,804595.31
618,lrange5,1000000,1210653.75
619,lpush5,1000000,802658.06
619,lrange5,1000000,1206291.88
620,lpush5,1000000,803935.69
620,lrange5,1000000,1213825.25
621,lpush5,1000000,811701.31
621,lrange5,1000000,1207806.75
622,lpush5,1000000,798747.62
622,lrange5,1000000,1213650.50
623,lpush5,1000000,803948.56
623,lrange5,1000000,1201942.25
624,lpush5,1000000,809126.25
624,lrange5,1000000,1228599.50
625,lpush5,1000000,798722.06
625,lrange5,1000000,1253313.38
626,lpush5,1000000,807154.19
626,lrange5,1000000,1182127.62
627,lpush5,1000000,801924.62
627,lrange5,1000000,1193412.88
628,lpush5,1000000,811094.88
628,lrange5,1000000,1240694.75
629,lpush5,1000000,809794.31
629,lrange5,1000000,1231586.25
630,lpush5,1000000,794319.31
630,lrange5,1000000,1173840.38
631,lpush5,1000000,802645.25
631,lrange5,1000000,1206484.88
632,lpush5,1000000,790627.69
632,lrange5,1000000,1242335.38
633,lpush5,1000000,809139.19
633,lrange5,1000000,1233242.88
634,lpush5,1000000,805230.31
634,lrange5,1000000,1227052.75
635,lpush5,1000000,813047.12
635,lrange5,1000000,1250100.00
636,lpush5,1000000,807128.38
636,lrange5,1000000,1221001.25
637,lpush5,1000000,803922.88
637,lrange5,1000000,1236252.12
638,lpush5,1000000,804556.69
638,lrange5,1000000,1202096.12
639,lpush5,1000000,808485.06
639,lrange5,1000000,1212121.25
640,lpush5,1000000,800051.19
640,lrange5,1000000,1196210.50
641,lpush5,1000000,806606.44
641,lrange5,1000000,1206272.62
642,lpush5,1000000,791189.81
642,lrange5,1000000,1208038.62
643,lpush5,1000000,807754.44
643,lrange5,1000000,1224068.62
644,lpush5,1000000,803948.56
644,lrange5,1000000,1210866.88
645,lpush5,1000000,810541.38
645,lrange5,1000000,1206388.38
646,lpush5,1000000,777000.81
646,lrange5,1000000,1212121.25
647,lpush5,1000000,810411.69
647,lrange5,1000000,1200537.75
648,lpush5,1000000,811740.25
648,lrange5,1000000,1228638.75
649,lpush5,1000000,808433.31
649,lrange5,1000000,1221098.88
650,lpush5,1000000,806490.31
650,lrange5,1000000,1221196.62
651,lpush5,1000000,796889.25
651,lrange5,1000000,1196229.62
652,lpush5,1000000,804608.19
652,lrange5,1000000,1206330.50
653,lpush5,1000000,806464.50
653,lrange5,1000000,1202038.38
654,lpush5,1000000,801423.06
654,lrange5,1000000,1196191.38
655,lpush5,1000000,807102.50
655,lrange5,1000000,1240714.62
656,lpush5,1000000,798122.88
656,lrange5,1000000,1165501.25
657,lpush5,1000000,801307.69
657,lrange5,1000000,1213611.62
658,lpush5,1000000,802645.25
658,lrange5,1000000,1197834.75
659,lpush5,1000000,798097.38
659,lrange5,1000000,1221040.25
660,lpush5,1000000,793110.19
660,lrange5,1000000,1207768.12
661,lpush5,1000000,793122.88
661,lrange5,1000000,1162846.50
662,lpush5,1000000,798785.94
662,lrange5,1000000,1225647.12
663,lpush5,1000000,800051.19
663,lrange5,1000000,1216583.88
664,lpush5,1000000,800730.19
664,lrange5,1000000,1197604.88
665,lpush5,1000000,805840.44
665,lrange5,1000000,1209228.50
666,lpush5,1000000,795557.69
666,lrange5,1000000,1207826.12
667,lpush5,1000000,801282.06
667,lrange5,1000000,1230071.25
668,lpush5,1000000,811779.25
668,lrange5,1000000,1230150.00
669,lpush5,1000000,805217.38
669,lrange5,1000000,1196363.62
670,lpush5,1000000,793122.88
670,lrange5,1000000,1199079.12
671,lpush5,1000000,803238.56
671,lrange5,1000000,1212218.25
672,lpush5,1000000,808459.19
672,lrange5,1000000,1209228.50
673,lpush5,1000000,814332.19
673,lrange5,1000000,1213611.62
674,lpush5,1000000,801294.88
674,lrange5,1000000,1230032.00
675,lpush5,1000000,808420.38
675,lrange5,1000000,1215144.62
676,lpush5,1000000,797460.94
676,lrange5,1000000,1196382.75
677,lpush5,1000000,783774.25
677,lrange5,1000000,1182127.62
678,lpush5,1000000,799450.00
678,lrange5,1000000,1224088.12
679,lpush5,1000000,790513.81
679,lrange5,1000000,1234646.88
680,lpush5,1000000,798773.19
680,lrange5,1000000,1210789.38
681,lpush5,1000000,807115.44
681,lrange5,1000000,1190933.38
682,lpush5,1000000,796812.75
682,lrange5,1000000,1224166.50
683,lpush5,1000000,805165.88
683,lrange5,1000000,1221216.12
684,lpush5,1000000,807115.44
684,lrange5,1000000,1218026.88
685,lpush5,1000000,805814.62
685,lrange5,1000000,1221098.88
686,lpush5,1000000,806619.38
686,lrange5,1000000,1210653.75
687,lpush5,1000000,804569.56
687,lrange5,1000000,1230071.25
688,lpush5,1000000,806516.12
688,lrange5,1000000,1203388.75
689,lpush5,1000000,788744.50
689,lrange5,1000000,1200518.62
690,lpush5,1000000,791151.88
690,lrange5,1000000,1190495.25
691,lpush5,1000000,791790.94
691,lrange5,1000000,1219668.25
692,lpush5,1000000,797473.69
692,lrange5,1000000,1203446.50
693,lpush5,1000000,802593.88
693,lrange5,1000000,1219551.25
694,lpush5,1000000,805230.31
694,lrange5,1000000,1216720.12
695,lpush5,1000000,807167.12
695,lrange5,1000000,1193355.62
696,lpush5,1000000,807115.44
696,lrange5,1000000,1197739.00
697,lpush5,1000000,809729.56
697,lrange5,1000000,1218299.62
698,lpush5,1000000,808485.06
698,lrange5,1000000,1204896.38
699,lpush5,1000000,803858.56
699,lrange5,1000000,1210653.75
700,lpush5,1000000,801397.44
700,lrange5,1000000,1213592.25
701,lpush5,1000000,803871.44
701,lrange5,1000000,1231645.38
702,lpush5,1000000,805801.75
702,lrange5,1000000,1206291.88
703,lpush5,1000000,805840.44
703,lrange5,1000000,1200480.12
704,lpush5,1000000,798785.94
704,lrange5,1000000,1171091.38
705,lpush5,1000000,784426.69
705,lrange5,1000000,1225627.50
706,lpush5,1000000,802619.56
706,lrange5,1000000,1216642.25
707,lpush5,1000000,805153.00
707,lrange5,1000000,1224460.25
708,lpush5,1000000,801448.69
708,lrange5,1000000,1239296.12
709,lpush5,1000000,803238.56
709,lrange5,1000000,1197758.12
710,lpush5,1000000,809729.56
710,lrange5,1000000,1202019.25
711,lpush5,1000000,813112.19
711,lrange5,1000000,1227072.38
712,lpush5,1000000,800717.38
712,lrange5,1000000,1216622.88
713,lpush5,1000000,795544.94
713,lrange5,1000000,1228678.12
714,lpush5,1000000,809716.56
714,lrange5,1000000,1213689.38
715,lpush5,1000000,803315.69
715,lrange5,1000000,1212392.75
716,lpush5,1000000,808407.44
716,lrange5,1000000,1210711.88
717,lpush5,1000000,803392.75
717,lrange5,1000000,1199232.62
718,lpush5,1000000,800038.38
718,lrange5,1000000,1197624.00
719,lpush5,1000000,799437.25
719,lrange5,1000000,1180656.38
720,lpush5,1000000,785004.69
720,lrange5,1000000,1175088.12
721,lpush5,1000000,807793.19
721,lrange5,1000000,1210692.50
722,lpush5,1000000,799411.62
722,lrange5,1000000,1209499.38
723,lpush5,1000000,810372.81
723,lrange5,1000000,1209209.12
724,lpush5,1000000,801358.94
724,lrange5,1000000,1197700.62
725,lpush5,1000000,794293.94
725,lrange5,1000000,1218241.25
726,lpush5,1000000,803961.44
726,lrange5,1000000,1213669.88
727,lpush5,1000000,802568.19
727,lrange5,1000000,1209209.12
728,lpush5,1000000,809126.25
728,lrange5,1000000,1221001.25
729,lpush5,1000000,790564.44
729,lrange5,1000000,1225509.88
730,lpush5,1000000,807231.69
730,lrange5,1000000,1207768.12
731,lpush5,1000000,811030.00
731,lrange5,1000000,1213728.12
732,lpush5,1000000,809126.25
732,lrange5,1000000,1204838.62
733,lpush5,1000000,801307.69
733,lrange5,1000000,1212334.62
734,lpush5,1000000,798199.50
734,lrange5,1000000,1216545.00
735,lpush5,1000000,795583.12
735,lrange5,1000000,1204877.12
736,lpush5,1000000,790539.12
736,lrange5,1000000,1204954.25
737,lpush5,1000000,802619.56
737,lrange5,1000000,1221177.00
738,lpush5,1000000,802581.00
738,lrange5,1000000,1215300.12
739,lpush5,1000000,791253.12
739,lrange5,1000000,1216583.88
740,lpush5,1000000,800640.56
740,lrange5,1000000,1215144.62
741,lpush5,1000000,801435.88
741,lrange5,1000000,1230071.25
742,lpush5,1000000,809768.44
742,lrange5,1000000,1222728.62
743,lpush5,1000000,811107.81
743,lrange5,1000000,1213786.38
744,lpush5,1000000,807244.56
744,lrange5,1000000,1207806.75
745,lpush5,1000000,798084.56
745,lrange5,1000000,1215202.88
746,lpush5,1000000,799398.88
746,lrange5,1000000,1216545.00
747,lpush5,1000000,748646.75
747,lrange5,1000000,1206311.25
748,lpush5,1000000,782060.94
748,lrange5,1000000,1204915.62
749,lpush5,1000000,805230.31
749,lrange5,1000000,1219512.25
750,lpush5,1000000,810372.81
750,lrange5,1000000,1240694.75
751,lpush5,1000000,813669.69
751,lrange5,1000000,1221138.00
752,lpush5,1000000,800653.38
752,lrange5,1000000,1233104.88
753,lpush5,1000000,798122.88
753,lrange5,1000000,1224068.62
754,lpush5,1000000,799398.88
754,lrange5,1000000,1206388.38
755,lpush5,1000000,800128.00
755,lrange5,1000000,1218124.25
756,lpush5,1000000,807218.75
756,lrange5,1000000,1227033.12
757,lpush5,1000000,796267.50
757,lrange5,1000000,1231763.62
758,lpush5,1000000,800679.00
758,lrange5,1000000,1213786.38
759,lpush5,1000000,799501.19
759,lrange5,1000000,1233065.38
760,lpush5,1000000,804556.69
760,lrange5,1000000,1231822.75
761,lpush5,1000000,803884.25
761,lrange5,1000000,1207864.75
762,lpush5,1000000,807167.12
762,lrange5,1000000,1231527.12
763,lpush5,1000000,782535.19
763,lrange5,1000000,1165669.00
764,lpush5,1000000,780068.69
764,lrange5,1000000,1194800.50
765,lpush5,1000000,807806.12
765,lrange5,1000000,1206291.88
766,lpush5,1000000,802065.75
766,lrange5,1000000,1218143.75
767,lpush5,1000000,798161.19
767,lrange5,1000000,1215183.50
768,lpush5,1000000,807180.00
768,lrange5,1000000,1242315.50
769,lpush5,1000000,791892.31
769,lrange5,1000000,1236192.75
770,lpush5,1000000,800717.38
770,lrange5,1000000,1216603.38
771,lpush5,1000000,805165.88
771,lrange5,1000000,1224127.38
772,lpush5,1000000,680370.06
772,lrange5,1000000,1225666.75
773,lpush5,1000000,808472.12
773,lrange5,1000000,1233124.50
774,lpush5,1000000,799437.25
774,lrange5,1000000,1191914.25
775,lpush5,1000000,809742.50
775,lrange5,1000000,1242295.62
776,lpush5,1000000,806593.56
776,lrange5,1000000,1206349.88
777,lpush5,1000000,804530.94
777,lrange5,1000000,1236113.75
778,lpush5,1000000,810411.69
778,lrange5,1000000,1237643.50
779,lpush5,1000000,802670.94
779,lrange5,1000000,1210828.12
780,lpush5,1000000,811792.19
780,lrange5,1000000,1234587.62
781,lpush5,1000000,811740.25
781,lrange5,1000000,1182052.00
782,lpush5,1000000,800076.81
782,lrange5,1000000,1234745.62
783,lpush5,1000000,811740.25
783,lrange5,1000000,1216778.50
784,lpush5,1000000,796280.25
784,lrange5,1000000,1212295.75
785,lpush5,1000000,800102.38
785,lrange5,1000000,1202192.25
786,lpush5,1000000,798122.88
786,lrange5,1000000,1209325.25
787,lpush5,1000000,796991.25
787,lrange5,1000000,1240714.62
788,lpush5,1000000,812399.69
788,lrange5,1000000,1207942.00
789,lpush5,1000000,806554.81
789,lrange5,1000000,1218085.25
790,lpush5,1000000,802645.25
790,lrange5,1000000,1221079.38
791,lpush5,1000000,799360.50
791,lrange5,1000000,1230032.00
792,lpush5,1000000,791278.44
792,lrange5,1000000,1207942.00
793,lpush5,1000000,810372.81
793,lrange5,1000000,1215261.25
794,lpush5,1000000,809113.31
794,lrange5,1000000,1234646.88
795,lpush5,1000000,793059.44
795,lrange5,1000000,1201942.25
796,lpush5,1000000,800089.62
796,lrange5,1000000,1204857.88
797,lpush5,1000000,803858.56
797,lrange5,1000000,1221040.25
798,lpush5,1000000,798174.00
798,lrange5,1000000,1213805.88
799,lpush5,1000000,815074.19
799,lrange5,1000000,1240774.25
800,lpush5,1000000,808420.38
800,lrange5,1000000,1206272.62
801,lpush5,1000000,810437.62
801,lrange5,1000000,1206465.62
802,lpush5,1000000,809729.56
802,lrange5,1000000,1242295.62
803,lpush5,1000000,809178.06
803,lrange5,1000000,1231527.12
804,lpush5,1000000,800012.81
804,lrange5,1000000,1221098.88
805,lpush5,1000000,803884.25
805,lrange5,1000000,1209267.25
806,lpush5,1000000,795621.31
806,lrange5,1000000,1206272.62
807,lpush5,1000000,805827.50
807,lrange5,1000000,1221138.00
808,lpush5,1000000,815022.00
808,lrange5,1000000,1227229.50
809,lpush5,1000000,812464.69
809,lrange5,1000000,1212179.38
810,lpush5,1000000,800051.19
810,lrange5,1000000,1231724.12
811,lpush5,1000000,798747.62
811,lrange5,1000000,1226993.88
812,lpush5,1000000,810463.56
812,lrange5,1000000,1207806.75
813,lpush5,1000000,805268.94
813,lrange5,1000000,1206330.50
814,lpush5,1000000,789266.00
814,lrange5,1000000,1168467.25
815,lpush5,1000000,808407.44
815,lrange5,1000000,1225509.88
816,lpush5,1000000,809061.50
816,lrange5,1000000,1209286.50
817,lpush5,1000000,798760.38
817,lrange5,1000000,1222630.75
818,lpush5,1000000,809755.44
818,lrange5,1000000,1213669.88
819,lpush5,1000000,798734.81
819,lrange5,1000000,1199232.62
820,lpush5,1000000,796267.50
820,lrange5,1000000,1209363.88
821,lpush5,1000000,804025.75
821,lrange5,1000000,1221098.88
822,lpush5,1000000,802658.06
822,lrange5,1000000,1230366.50
823,lpush5,1000000,817739.94
823,lrange5,1000000,1215125.12
824,lpush5,1000000,807780.25
824,lrange5,1000000,1227052.75
825,lpush5,1000000,803238.56
825,lrange5,1000000,1204838.62
826,lpush5,1000000,811792.19
826,lrange5,1000000,1239256.50
827,lpush5,1000000,805268.94
827,lrange5,1000000,1210692.50
828,lpush5,1000000,794912.56
828,lrange5,1000000,1200518.62
829,lpush5,1000000,801423.06
829,lrange5,1000000,1230189.38
830,lpush5,1000000,798901.00
830,lrange5,1000000,1219648.75
831,lpush5,1000000,805243.19
831,lrange5,1000000,1189155.75
832,lpush5,1000000,801410.25
832,lrange5,1000000,1216661.75
833,lpush5,1000000,812412.69
833,lrange5,1000000,1236271.88
834,lpush5,1000000,806464.50
834,lrange5,1000000,1222493.88
835,lpush5,1000000,800089.62
835,lrange5,1000000,1212315.12
836,lpush5,1000000,790513.81
836,lrange5,1000000,1222669.88
837,lpush5,1000000,804000.00
837,lrange5,1000000,1234567.88
838,lpush5,1000000,802593.88
838,lrange5,1000000,1230071.25
839,lpush5,1000000,809074.50
839,lrange5,1000000,1186410.50
840,lpush5,1000000,810424.69
840,lrange5,1000000,1206427.00
841,lpush5,1000000,812464.69
841,lrange5,1000000,1233242.88
842,lpush5,1000000,807154.19
842,lrange5,1000000,1239177.25
843,lpush5,1000000,811055.94
843,lrange5,1000000,1209228.50
844,lpush5,1000000,810372.81
844,lrange5,1000000,1200480.12
845,lpush5,1000000,799450.00
845,lrange5,1000000,1203504.25
846,lpush5,1000000,803238.56
846,lrange5,1000000,1228678.12
847,lpush5,1000000,801294.88
847,lrange5,1000000,1218163.25
848,lpush5,1000000,811042.94
848,lrange5,1000000,1221177.00
849,lpush5,1000000,808446.25
849,lrange5,1000000,1216661.75
850,lpush5,1000000,788656.12
850,lrange5,1000000,1212121.25
851,lpush5,1000000,767496.56
851,lrange5,1000000,1194857.75
852,lpush5,1000000,807167.12
852,lrange5,1000000,1234745.62
853,lpush5,1000000,805191.62
853,lrange5,1000000,1231606.00
854,lpush5,1000000,798135.69
854,lrange5,1000000,1227013.50
855,lpush5,1000000,797537.50
855,lrange5,1000000,1196210.50
856,lpush5,1000000,799424.44
856,lrange5,1000000,1216545.00
857,lpush5,1000000,811094.88
857,lrange5,1000000,1213747.62
858,lpush5,1000000,796216.56
858,lrange5,1000000,1223990.25
859,lpush5,1000000,800691.81
859,lrange5,1000000,1225490.25
860,lpush5,1000000,794293.94
860,lrange5,1000000,1209228.50
861,lpush5,1000000,808420.38
861,lrange5,1000000,1215125.12
862,lpush5,1000000,803858.56
862,lrange5,1000000,1213631.12
863,lpush5,1000000,807780.25
863,lrange5,1000000,1206349.88
864,lpush5,1000000,794281.19
864,lrange5,1000000,1189174.75
865,lpush5,1000000,796229.25
865,lrange5,1000000,1191952.38
866,lpush5,1000000,807167.12
866,lrange5,1000000,1224009.88
867,lpush5,1000000,811818.19
867,lrange5,1000000,1219687.88
868,lpush5,1000000,800012.81
868,lrange5,1000000,1228658.50
869,lpush5,1000000,803302.81
869,lrange5,1000000,1196267.88
870,lpush5,1000000,812425.69
870,lrange5,1000000,1204935.00
871,lpush5,1000000,802040.12
871,lrange5,1000000,1202346.12
872,lpush5,1000000,802632.38
872,lrange5,1000000,1182184.38
873,lpush5,1000000,809846.12
873,lrange5,1000000,1200672.25
874,lpush5,1000000,801937.44
874,lrange5,1000000,1184985.75
875,lpush5,1000000,804633.94
875,lrange5,1000000,1206504.25
876,lpush5,1000000,798110.12
876,lrange5,1000000,1207748.75
877,lpush5,1000000,807793.19
877,lrange5,1000000,1221138.00
878,lpush5,1000000,799437.25
878,lrange5,1000000,1203408.00
879,lpush5,1000000,797537.50
879,lrange5,1000000,1215105.75
880,lpush5,1000000,805153.00
880,lrange5,1000000,1207748.75
881,lpush5,1000000,806541.94
881,lrange5,1000000,1191952.38
882,lpush5,1000000,798747.62
882,lrange5,1000000,1231704.50
883,lpush5,1000000,803858.56
883,lrange5,1000000,1212121.25
884,lpush5,1000000,804505.19
884,lrange5,1000000,1219512.25
885,lpush5,1000000,791765.62
885,lrange5,1000000,1207768.12
886,lpush5,1000000,798760.38
886,lrange5,1000000,1206272.62
887,lpush5,1000000,807154.19
887,lrange5,1000000,1200518.62
888,lpush5,1000000,803871.44
888,lrange5,1000000,1187667.50
889,lpush5,1000000,796927.50
889,lrange5,1000000,1148271.00
890,lpush5,1000000,802645.25
890,lrange5,1000000,1193489.25
891,lpush5,1000000,796825.50
891,lrange5,1000000,1207806.75
892,lpush5,1000000,813747.75
892,lrange5,1000000,1199098.38
893,lpush5,1000000,793714.31
893,lrange5,1000000,1216700.75
894,lpush5,1000000,801282.06
894,lrange5,1000000,1235180.25
895,lpush5,1000000,793046.75
895,lrange5,1000000,1187895.50
896,lpush5,1000000,796812.75
896,lrange5,1000000,1205031.38
897,lpush5,1000000,809716.56
897,lrange5,1000000,1224127.38
898,lpush5,1000000,791139.19
898,lrange5,1000000,1194915.12
899,lpush5,1000000,811688.31
899,lrange5,1000000,1196172.25
900,lpush5,1000000,802632.38
900,lrange5,1000000,1224166.50
901,lpush5,1000000,804505.19
901,lrange5,1000000,1219551.25
902,lpush5,1000000,799424.44
902,lrange5,1000000,1231645.38
903,lpush5,1000000,799475.56
903,lrange5,1000000,1219551.25
904,lpush5,1000000,809113.31
904,lrange5,1000000,1215105.75
905,lpush5,1000000,810385.75
905,lrange5,1000000,1213825.25
906,lpush5,1000000,806477.44
906,lrange5,1000000,1222533.00
907,lpush5,1000000,799386.06
907,lrange5,1000000,1227170.50
908,lpush5,1000000,801282.06
908,lrange5,1000000,1236212.62
909,lpush5,1000000,805191.62
909,lrange5,1000000,1201942.25
910,lpush5,1000000,795544.94
910,lrange5,1000000,1233144.25
911,lpush5,1000000,804621.06
911,lrange5,1000000,1218065.75
912,lpush5,1000000,811740.25
912,lrange5,1000000,1197700.62
913,lpush5,1000000,801423.06
913,lrange5,1000000,1207806.75
914,lpush5,1000000,800717.38
914,lrange5,1000000,1224166.50
915,lpush5,1000000,793034.06
915,lrange5,1000000,1221040.25
916,lpush5,1000000,793688.88
916,lrange5,1000000,1219687.88
917,lpush5,1000000,806529.00
917,lrange5,1000000,1248439.50
918,lpush5,1000000,794281.19
918,lrange5,1000000,1228697.75
919,lpush5,1000000,811094.88
919,lrange5,1000000,1183431.88
920,lpush5,1000000,805801.75
920,lrange5,1000000,1231783.25
921,lpush5,1000000,802632.38
921,lrange5,1000000,1209305.88
922,lpush5,1000000,801988.81
922,lrange5,1000000,1194743.12
923,lpush5,1000000,811030.00
923,lrange5,1000000,1204857.88
924,lpush5,1000000,811766.25
924,lrange5,1000000,1227170.50
925,lpush5,1000000,802593.88
925,lrange5,1000000,1234785.12
926,lpush5,1000000,800115.19
926,lrange5,1000000,1193432.00
927,lpush5,1000000,801320.50
927,lrange5,1000000,1131384.62
928,lpush5,1000000,802606.69
928,lrange5,1000000,1224146.88
929,lpush5,1000000,805827.50
929,lrange5,1000000,1201923.00
930,lpush5,1000000,798785.94
930,lrange5,1000000,1186353.50
931,lpush5,1000000,800102.38
931,lrange5,1000000,1225647.12
932,lpush5,1000000,795544.94
932,lrange5,1000000,1202134.62
933,lpush5,1000000,802658.06
933,lrange5,1000000,1209286.50
934,lpush5,1000000,805866.19
934,lrange5,1000000,1213708.75
935,lpush5,1000000,809729.56
935,lrange5,1000000,1215183.50
936,lpush5,1000000,802078.62
936,lrange5,1000000,1207942.00
937,lpush5,1000000,802645.25
937,lrange5,1000000,1234587.62
938,lpush5,1000000,800000.00
938,lrange5,1000000,1192124.00
939,lpush5,1000000,808407.44
939,lrange5,1000000,1224225.25
940,lpush5,1000000,800000.00
940,lrange5,1000000,1216681.25
941,lpush5,1000000,804518.06
941,lrange5,1000000,1196516.75
942,lpush5,1000000,802645.25
942,lrange5,1000000,1210944.38
943,lpush5,1000000,793739.69
943,lrange5,1000000,1228737.12
944,lpush5,1000000,807231.69
944,lrange5,1000000,1210653.75
945,lpush5,1000000,805879.06
945,lrange5,1000000,1213611.62
946,lpush5,1000000,808485.06
946,lrange5,1000000,1225529.38
947,lpush5,1000000,796216.56
947,lrange5,1000000,1233321.88
948,lpush5,1000000,798773.19
948,lrange5,1000000,1234627.12
949,lpush5,1000000,805191.62
949,lrange5,1000000,1224107.75
950,lpush5,1000000,807115.44
950,lrange5,1000000,1197604.88
951,lpush5,1000000,809074.50
951,lrange5,1000000,1224049.00
952,lpush5,1000000,798110.12
952,lrange5,1000000,1231546.88
953,lpush5,1000000,800640.56
953,lrange5,1000000,1193565.62
954,lpush5,1000000,791164.50
954,lrange5,1000000,1128884.88
955,lpush5,1000000,798097.38
955,lrange5,1000000,1228501.25
956,lpush5,1000000,794912.56
956,lrange5,1000000,1218026.88
957,lpush5,1000000,804621.06
957,lrange5,1000000,1218163.25
958,lpush5,1000000,808420.38
958,lrange5,1000000,1250000.00
959,lpush5,1000000,795544.94
959,lrange5,1000000,1219590.25
960,lpush5,1000000,805866.19
960,lrange5,1000000,1209325.25
961,lpush5,1000000,802645.25
961,lrange5,1000000,1228599.50
962,lpush5,1000000,800717.38
962,lrange5,1000000,1213669.88
963,lpush5,1000000,805230.31
963,lrange5,1000000,1215144.62
964,lpush5,1000000,803935.69
964,lrange5,1000000,1209383.25
965,lpush5,1000000,800717.38
965,lrange5,1000000,1230051.62
966,lpush5,1000000,801294.88
966,lrange5,1000000,1234666.62
967,lpush5,1000000,805217.38
967,lrange5,1000000,1234587.62
968,lpush5,1000000,802001.62
968,lrange5,1000000,1222493.88
969,lpush5,1000000,803897.12
969,lrange5,1000000,1227190.25
970,lpush5,1000000,803238.56
970,lrange5,1000000,1218338.62
971,lpush5,1000000,792481.81
971,lrange5,1000000,1204992.75
972,lpush5,1000000,807141.25
972,lrange5,1000000,1218046.38
973,lpush5,1000000,813734.75
973,lrange5,1000000,1233223.25
974,lpush5,1000000,800025.62
974,lrange5,1000000,1210653.75
975,lpush5,1000000,807819.06
975,lrange5,1000000,1219590.25
976,lpush5,1000000,800755.81
976,lrange5,1000000,1228501.25
977,lpush5,1000000,789316.50
977,lrange5,1000000,1222572.12
978,lpush5,1000000,810372.81
978,lrange5,1000000,1186429.38
979,lpush5,1000000,808472.12
979,lrange5,1000000,1245529.25
980,lpush5,1000000,802593.88
980,lrange5,1000000,1233045.62
981,lpush5,1000000,805204.50
981,lrange5,1000000,1212315.12
982,lpush5,1000000,802052.94
982,lrange5,1000000,1205050.62
983,lpush5,1000000,815660.69
983,lrange5,1000000,1221157.50
984,lpush5,1000000,806451.62
984,lrange5,1000000,1222552.50
985,lpush5,1000000,807115.44
985,lrange5,1000000,1209189.75
986,lpush5,1000000,800679.00
986,lrange5,1000000,1199175.12
987,lpush5,1000000,813008.12
987,lrange5,1000000,1233085.12
988,lpush5,1000000,809113.31
988,lrange5,1000000,1213611.62
989,lpush5,1000000,812373.69
989,lrange5,1000000,1210983.12
990,lpush5,1000000,809716.56
990,lrange5,1000000,1210653.75
991,lpush5,1000000,807844.88
991,lrange5,1000000,1221079.38
992,lpush5,1000000,811688.31
992,lrange5,1000000,1209344.62
993,lpush5,1000000,798760.38
993,lrange5,1000000,1227229.50
994,lpush5,1000000,817739.94
994,lrange5,1000000,1202019.25
995,lpush5,1000000,810372.81
995,lrange5,1000000,1196401.88
996,lpush5,1000000,807806.12
996,lrange5,1000000,1213611.62
997,lpush5,1000000,811030.00
997,lrange5,1000000,1239316.00
998,lpush5,1000000,807154.19
998,lrange5,1000000,1230189.38
999,lpush5,1000000,804556.69
999,lrange5,1000000,1219531.75
1000,lpush5,1000000,803277.12
1000,lrange5,1000000,1213631.12
1001,lpush5,1000000,805814.62
1001,lrange5,1000000,1233045.62
1002,lpush5,1000000,800730.19
1002,lrange5,1000000,1222728.62
1003,lpush5,1000000,798148.44
1003,lrange5,1000000,1228520.88
1004,lpush5,1000000,807793.19
1004,lrange5,1000000,1222689.50
1005,lpush5,1000000,791765.62
1005,lrange5,1000000,1215339.00
1006,lpush5,1000000,800768.62
1006,lrange5,1000000,1231665.00
1007,lpush5,1000000,803225.69
1007,lrange5,1000000,1216545.00
1008,lpush5,1000000,809061.50
1008,lrange5,1000000,1230032.00
1009,lpush5,1000000,806464.50
1009,lrange5,1000000,1215144.62
1010,lpush5,1000000,798110.12
1010,lrange5,1000000,1222493.88
1011,lpush5,1000000,800243.19
1011,lrange5,1000000,1182033.12
1012,lpush5,1000000,810385.75
1012,lrange5,1000000,1218436.12
1013,lpush5,1000000,793135.56
1013,lrange5,1000000,1200614.62
1014,lpush5,1000000,774055.69
1014,lrange5,1000000,1231546.88
1015,lpush5,1000000,801975.94
1015,lrange5,1000000,1210653.75
1016,lpush5,1000000,800730.19
1016,lrange5,1000000,1206427.00
1017,lpush5,1000000,804530.94
1017,lrange5,1000000,1233045.62
1018,lpush5,1000000,803858.56
1018,lrange5,1000000,1224049.00
1019,lpush5,1000000,810450.56
1019,lrange5,1000000,1194896.00
1020,lpush5,1000000,811055.94
1020,lrange5,1000000,1205050.62
1021,lpush5,1000000,809742.50
1021,lrange5,1000000,1222513.38
1022,lpush5,1000000,805153.00
1022,lrange5,1000000,1212160.00
1023,lpush5,1000000,811107.81
1023,lrange5,1000000,1216681.25
1024,lpush5,1000000,802027.25
1024,lrange5,1000000,1213631.12
1025,lpush5,1000000,809755.44
1025,lrange5,1000000,1204819.25
1026,lpush5,1000000,805866.19
1026,lrange5,1000000,1215202.88
1027,lpush5,1000000,802027.25
1027,lrange5,1000000,1209209.12
1028,lpush5,1000000,793701.56
1028,lrange5,1000000,1221040.25
1029,lpush5,1000000,796203.81
1029,lrange5,1000000,1196191.38
1030,lpush5,1000000,811740.25
1030,lrange5,1000000,1203369.50
1031,lpush5,1000000,807167.12
1031,lrange5,1000000,1210653.75
1032,lpush5,1000000,800076.81
1032,lrange5,1000000,1209325.25
1033,lpush5,1000000,808472.12
1033,lrange5,1000000,1213611.62
1034,lpush5,1000000,783160.56
1034,lrange5,1000000,1182052.00
1035,lpush5,1000000,806451.62
1035,lrange5,1000000,1206484.88
1036,lpush5,1000000,802581.00
1036,lrange5,1000000,1197853.88
1037,lpush5,1000000,803897.12
1037,lrange5,1000000,1213631.12
1038,lpush5,1000000,802670.94
1038,lrange5,1000000,1219512.25
1039,lpush5,1000000,800717.38
1039,lrange5,1000000,1227131.25
1040,lpush5,1000000,805866.19
1040,lrange5,1000000,1207748.75
1041,lpush5,1000000,794433.69
1041,lrange5,1000000,1205031.38
1042,lpush5,1000000,807167.12
1042,lrange5,1000000,1200672.25
1043,lpush5,1000000,777704.50
1043,lrange5,1000000,1193374.75
1044,lpush5,1000000,804608.19
1044,lrange5,1000000,1206330.50
1045,lpush5,1000000,811740.25
1045,lrange5,1000000,1203485.00
1046,lpush5,1000000,807883.69
1046,lrange5,1000000,1200480.12
1047,lpush5,1000000,809755.44
1047,lrange5,1000000,1218026.88
1048,lpush5,1000000,811146.75
1048,lrange5,1000000,1228697.75
1049,lpush5,1000000,801320.50
1049,lrange5,1000000,1207768.12
1050,lpush5,1000000,804556.69
1050,lrange5,1000000,1225509.88
1051,lpush5,1000000,805243.19
1051,lrange5,1000000,1210653.75
1052,lpush5,1000000,809165.06
1052,lrange5,1000000,1209228.50
1053,lpush5,1000000,798212.25
1053,lrange5,1000000,1202000.00
1054,lpush5,1000000,812386.69
1054,lrange5,1000000,1224342.75
1055,lpush5,1000000,802065.75
1055,lrange5,1000000,1203504.25
1056,lpush5,1000000,795621.31
1056,lrange5,1000000,1200633.88
1057,lpush5,1000000,712838.19
1057,lrange5,1000000,1128686.25
1058,lpush5,1000000,804543.81
1058,lrange5,1000000,1219531.75
1059,lpush5,1000000,806516.12
1059,lrange5,1000000,1231665.00
1060,lpush5,1000000,813034.12
1060,lrange5,1000000,1221020.75
1061,lpush5,1000000,802632.38
1061,lrange5,1000000,1212198.75
1062,lpush5,1000000,807857.81
1062,lrange5,1000000,1224068.62
1063,lpush5,1000000,809729.56
1063,lrange5,1000000,1197777.25
1064,lpush5,1000000,801963.12
1064,lrange5,1000000,1212218.25
1065,lpush5,1000000,806516.12
1065,lrange5,1000000,1237722.75
1066,lpush5,1000000,805165.88
1066,lrange5,1000000,1239236.75
1067,lpush5,1000000,794912.56
1067,lrange5,1000000,1228501.25
1068,lpush5,1000000,809191.00
1068,lrange5,1000000,1239256.50
1069,lpush5,1000000,809074.50
1069,lrange5,1000000,1199251.75
1070,lpush5,1000000,811753.25
1070,lrange5,1000000,1218026.88
1071,lpush5,1000000,790564.44
1071,lrange5,1000000,1209305.88
1072,lpush5,1000000,797499.25
1072,lrange5,1000000,1209286.50
1073,lpush5,1000000,794950.69
1073,lrange5,1000000,1224166.50
1074,lpush5,1000000,805827.50
1074,lrange5,1000000,1244019.88
1075,lpush5,1000000,811081.88
1075,lrange5,1000000,1228520.88
1076,lpush5,1000000,815035.06
1076,lrange5,1000000,1233144.25
1077,lpush5,1000000,802709.44
1077,lrange5,1000000,1210866.88
1078,lpush5,1000000,788668.75
1078,lrange5,1000000,1199155.88
1079,lpush5,1000000,809087.44
1079,lrange5,1000000,1222748.12
1080,lpush5,1000000,809087.44
1080,lrange5,1000000,1227072.38
1081,lpush5,1000000,814397.38
1081,lrange5,1000000,1224107.75
1082,lpush5,1000000,811146.75
1082,lrange5,1000000,1213631.12
1083,lpush5,1000000,793790.50
1083,lrange5,1000000,1230012.25
1084,lpush5,1000000,798161.19
1084,lrange5,1000000,1194800.50
1085,lpush5,1000000,803948.56
1085,lrange5,1000000,1199040.75
1086,lpush5,1000000,805801.75
1086,lrange5,1000000,1221059.88
1087,lpush5,1000000,810385.75
1087,lrange5,1000000,1160167.12
1088,lpush5,1000000,800755.81
1088,lrange5,1000000,1209325.25
1089,lpush5,1000000,796178.31
1089,lrange5,1000000,1231527.12
1090,lpush5,1000000,807831.94
1090,lrange5,1000000,1240873.50
1091,lpush5,1000000,802683.75
1091,lrange5,1000000,1230327.12
1092,lpush5,1000000,803974.31
1092,lrange5,1000000,1213728.12
1093,lpush5,1000000,786782.06
1093,lrange5,1000000,1168467.25
1094,lpush5,1000000,806464.50
1094,lrange5,1000000,1245330.00
1095,lpush5,1000000,809074.50
1095,lrange5,1000000,1202057.62
1096,lpush5,1000000,798722.06
1096,lrange5,1000000,1234567.88
1097,lpush5,1000000,807819.06
1097,lrange5,1000000,1200595.38
1098,lpush5,1000000,807806.12
1098,lrange5,1000000,1226993.88
1099,lpush5,1000000,799475.56
1099,lrange5,1000000,1219590.25
1100,lpush5,1000000,797550.25
1100,lrange5,1000000,1209209.12
1101,lpush5,1000000,809113.31
1101,lrange5,1000000,1215066.75
1102,lpush5,1000000,796838.25
1102,lrange5,1000000,1215144.62
1103,lpush5,1000000,806503.25
1103,lrange5,1000000,1227092.00
1104,lpush5,1000000,805153.00
1104,lrange5,1000000,1212295.75
1105,lpush5,1000000,783110.44
1105,lrange5,1000000,1231606.00
1106,lpush5,1000000,800115.19
1106,lrange5,1000000,1216661.75
1107,lpush5,1000000,803277.12
1107,lrange5,1000000,1215066.75
1108,lpush5,1000000,805904.88
1108,lrange5,1000000,1219609.75
1109,lpush5,1000000,813164.19
1109,lrange5,1000000,1236271.88
1110,lpush5,1000000,801371.75
1110,lrange5,1000000,1215261.25
1111,lpush5,1000000,811030.00
1111,lrange5,1000000,1197681.50
1112,lpush5,1000000,793688.88
1112,lrange5,1000000,1183526.62
1113,lpush5,1000000,808459.19
1113,lrange5,1000000,1218046.38
1114,lpush5,1000000,807793.19
1114,lrange5,1000000,1236232.38
1115,lpush5,1000000,798837.06
1115,lrange5,1000000,1206388.38
1116,lpush5,1000000,812347.75
1116,lrange5,1000000,1199117.50
1117,lpush5,1000000,781885.81
1117,lrange5,1000000,1219570.75
1118,lpush5,1000000,806464.50
1118,lrange5,1000000,1218026.88
1119,lpush5,1000000,815830.38
1119,lrange5,1000000,1222630.75
1120,lpush5,1000000,801384.62
1120,lrange5,1000000,1184910.00
1121,lpush5,1000000,811042.94
1121,lrange5,1000000,1177875.12
1122,lpush5,1000000,805866.19
1122,lrange5,1000000,1212315.12
1123,lpush5,1000000,804530.94
1123,lrange5,1000000,1233065.38
1124,lpush5,1000000,794332.06
1124,lrange5,1000000,1179264.12
1125,lpush5,1000000,806554.81
1125,lrange5,1000000,1215261.25
1126,lpush5,1000000,798110.12
1126,lrange5,1000000,1204819.25
1127,lpush5,1000000,807270.38
1127,lrange5,1000000,1204857.88
1128,lpush5,1000000,804025.75
1128,lrange5,1000000,1224205.62
1129,lpush5,1000000,811030.00
1129,lrange5,1000000,1216856.38
1130,lpush5,1000000,807180.00
1130,lrange5,1000000,1204819.25
1131,lpush5,1000000,788656.12
1131,lrange5,1000000,1207768.12
1132,lpush5,1000000,796863.75
1132,lrange5,1000000,1169590.62
1133,lpush5,1000000,805153.00
1133,lrange5,1000000,1215066.75
1134,lpush5,1000000,806516.12
1134,lrange5,1000000,1231684.75
1135,lpush5,1000000,803974.31
1135,lrange5,1000000,1219648.75
1136,lpush5,1000000,800051.19
1136,lrange5,1000000,1212257.00
1137,lpush5,1000000,812438.69
1137,lrange5,1000000,1206311.25
1138,lpush5,1000000,805165.88
1138,lrange5,1000000,1219765.88
1139,lpush5,1000000,807767.31
1139,lrange5,1000000,1204819.25
1140,lpush5,1000000,811688.31
1140,lrange5,1000000,1225666.75
1141,lpush5,1000000,791151.88
1141,lrange5,1000000,1210866.88
1142,lpush5,1000000,809794.31
1142,lrange5,1000000,1222591.62
1143,lpush5,1000000,807167.12
1143,lrange5,1000000,1225529.38
1144,lpush5,1000000,807180.00
1144,lrange5,1000000,1202019.25
1145,lpush5,1000000,813008.12
1145,lrange5,1000000,1212431.50
1146,lpush5,1000000,803354.19
1146,lrange5,1000000,1230130.38
1147,lpush5,1000000,809755.44
1147,lrange5,1000000,1240694.75
1148,lpush5,1000000,807141.25
1148,lrange5,1000000,1209305.88
1149,lpush5,1000000,806490.31
1149,lrange5,1000000,1233164.00
1150,lpush5,1000000,809061.50
1150,lrange5,1000000,1216603.38
1151,lpush5,1000000,808420.38
1151,lrange5,1000000,1239157.38
1152,lpush5,1000000,803884.25
1152,lrange5,1000000,1222689.50
1153,lpush5,1000000,800102.38
1153,lrange5,1000000,1225568.62
1154,lpush5,1000000,807102.50
1154,lrange5,1000000,1233045.62
1155,lpush5,1000000,819092.56
1155,lrange5,1000000,1199251.75
1156,lpush5,1000000,802619.56
1156,lrange5,1000000,1231704.50
1157,lpush5,1000000,807870.75
1157,lrange5,1000000,1218065.75
1158,lpush5,1000000,805801.75
1158,lrange5,1000000,1197777.25
1159,lpush5,1000000,806529.00
1159,lrange5,1000000,1202019.25
1160,lpush5,1000000,803871.44
1160,lrange5,1000000,1179396.25
1161,lpush5,1000000,809729.56
1161,lrange5,1000000,1204819.25
1162,lpush5,1000000,805165.88
1162,lrange5,1000000,1228658.50
1163,lpush5,1000000,801358.94
1163,lrange5,1000000,1177875.12
1164,lpush5,1000000,779498.06
1164,lrange5,1000000,1183697.00
1165,lpush5,1000000,799475.56
1165,lrange5,1000000,1215066.75
1166,lpush5,1000000,805917.75
1166,lrange5,1000000,1221040.25
1167,lpush5,1000000,808472.12
1167,lrange5,1000000,1200729.88
1168,lpush5,1000000,809859.12
1168,lrange5,1000000,1222591.62
1169,lpush5,1000000,802581.00
1169,lrange5,1000000,1221118.38
1170,lpush5,1000000,796267.50
1170,lrange5,1000000,1224127.38
1171,lpush5,1000000,801282.06
1171,lrange5,1000000,1218260.62
1172,lpush5,1000000,807218.75
1172,lrange5,1000000,1237623.75
1173,lpush5,1000000,798148.44
1173,lrange5,1000000,1200518.62
1174,lpush5,1000000,805840.44
1174,lrange5,1000000,1224049.00
1175,lpush5,1000000,788744.50
1175,lrange5,1000000,1239216.88
1176,lpush5,1000000,791202.50
1176,lrange5,1000000,1216681.25
1177,lpush5,1000000,801950.31
1177,lrange5,1000000,1237742.50
1178,lpush5,1000000,781250.00
1178,lrange5,1000000,1192410.00
1179,lpush5,1000000,804556.69
1179,lrange5,1000000,1215086.25
1180,lpush5,1000000,798798.75
1180,lrange5,1000000,1224107.75
1181,lpush5,1000000,806464.50
1181,lrange5,1000000,1222493.88
1182,lpush5,1000000,810437.62
1182,lrange5,1000000,1234666.62
1183,lpush5,1000000,807831.94
1183,lrange5,1000000,1210808.75
1184,lpush5,1000000,798212.25
1184,lrange5,1000000,1221118.38
1185,lpush5,1000000,803961.44
1185,lrange5,1000000,1227072.38
1186,lpush5,1000000,802104.25
1186,lrange5,1000000,1230032.00
1187,lpush5,1000000,801975.94
1187,lrange5,1000000,1202000.00
1188,lpush5,1000000,797499.25
1188,lrange5,1000000,1231645.38
1189,lpush5,1000000,807857.81
1189,lrange5,1000000,1203369.50
1190,lpush5,1000000,809716.56
1190,lrange5,1000000,1221177.00
1191,lpush5,1000000,805814.62
1191,lrange5,1000000,1215086.25
1192,lpush5,1000000,808472.12
1192,lrange5,1000000,1221118.38
1193,lpush5,1000000,795672.25
1193,lrange5,1000000,1212257.00
1194,lpush5,1000000,807180.00
1194,lrange5,1000000,1189098.62
1195,lpush5,1000000,813799.88
1195,lrange5,1000000,1233262.62
1196,lpush5,1000000,805217.38
1196,lrange5,1000000,1231645.38
1197,lpush5,1000000,805917.75
1197,lrange5,1000000,1236093.88
1198,lpush5,1000000,803910.00
1198,lrange5,1000000,1224146.88
1199,lpush5,1000000,791803.62
1199,lrange5,1000000,1203485.00
1200,lpush5,1000000,812399.69
1200,lrange5,1000000,1204838.62
1201,lpush5,1000000,803289.94
1201,lrange5,1000000,1225647.12
1202,lpush5,1000000,808446.25
1202,lrange5,1000000,1216914.75
1203,lpush5,1000000,796838.25
1203,lrange5,1000000,1237663.38
1204,lpush5,1000000,801924.62
1204,lrange5,1000000,1242355.25
1205,lpush5,1000000,809755.44
1205,lrange5,1000000,1208000.00
1206,lpush5,1000000,807102.50
1206,lrange5,1000000,1222533.00
1207,lpush5,1000000,803871.44
1207,lrange5,1000000,1216798.00
1208,lpush5,1000000,794344.75
1208,lrange5,1000000,1207806.75
1209,lpush5,1000000,797550.25
1209,lrange5,1000000,1202019.25
1210,lpush5,1000000,795659.50
1210,lrange5,1000000,1231783.25
1211,lpush5,1000000,817687.62
1211,lrange5,1000000,1227013.50
1212,lpush5,1000000,815022.00
1212,lrange5,1000000,1204857.88
1213,lpush5,1000000,810424.69
1213,lrange5,1000000,1206272.62
1214,lpush5,1000000,799424.44
1214,lrange5,1000000,1224146.88
1215,lpush5,1000000,806503.25
1215,lrange5,1000000,1218065.75
1216,lpush5,1000000,805256.06
1216,lrange5,1000000,1234785.12
1217,lpush5,1000000,807780.25
1217,lrange5,1000000,1177931.75
1218,lpush5,1000000,800025.62
1218,lrange5,1000000,1189212.88
1219,lpush5,1000000,812425.69
1219,lrange5,1000000,1212431.50
1220,lpush5,1000000,779585.38
1220,lrange5,1000000,1219609.75
1221,lpush5,1000000,787401.56
1221,lrange5,1000000,1206272.62
1222,lpush5,1000000,803264.25
1222,lrange5,1000000,1210673.12
1223,lpush5,1000000,807857.81
1223,lrange5,1000000,1184853.12
1224,lpush5,1000000,800743.00
1224,lrange5,1000000,1223990.25
1225,lpush5,1000000,810450.56
1225,lrange5,1000000,1228520.88
1226,lpush5,1000000,803238.56
1226,lrange5,1000000,1197719.75
1227,lpush5,1000000,806516.12
1227,lrange5,1000000,1200518.62
1228,lpush5,1000000,795544.94
1228,lrange5,1000000,1180750.88
1229,lpush5,1000000,807192.94
1229,lrange5,1000000,1236093.88
1230,lpush5,1000000,807128.38
1230,lrange5,1000000,1197681.50
1231,lpush5,1000000,812386.69
1231,lrange5,1000000,1204857.88
1232,lpush5,1000000,805801.75
1232,lrange5,1000000,1199175.12
1233,lpush5,1000000,799373.25
1233,lrange5,1000000,1176677.62
1234,lpush5,1000000,805230.31
1234,lrange5,1000000,1236252.12
1235,lpush5,1000000,789977.88
1235,lrange5,1000000,1204877.12
1236,lpush5,1000000,796191.06
1236,lrange5,1000000,1230130.38
1237,lpush5,1000000,800666.19
1237,lrange5,1000000,1233144.25
1238,lpush5,1000000,796812.75
1238,lrange5,1000000,1209209.12
1239,lpush5,1000000,805281.81
1239,lrange5,1000000,1219629.25
1240,lpush5,1000000,804595.31
1240,lrange5,1000000,1200557.00
1241,lpush5,1000000,788085.06
1241,lrange5,1000000,1204819.25
1242,lpush5,1000000,792418.38
1242,lrange5,1000000,1215144.62
1243,lpush5,1000000,794912.56
1243,lrange5,1000000,1222572.12
1244,lpush5,1000000,805204.50
1244,lrange5,1000000,1209286.50
1245,lpush5,1000000,788034.62
1245,lrange5,1000000,1180732.00
1246,lpush5,1000000,807102.50
1246,lrange5,1000000,1216895.38
1247,lpush5,1000000,794976.12
1247,lrange5,1000000,1199232.62
1248,lpush5,1000000,800666.19
1248,lrange5,1000000,1212140.62
1249,lpush5,1000000,765123.19
1249,lrange5,1000000,1180656.38
1250,lpush5,1000000,786163.56
1250,lrange5,1000000,1197604.88
1251,lpush5,1000000,809833.19
1251,lrange5,1000000,1213844.62
1252,lpush5,1000000,791841.62
1252,lrange5,1000000,1189231.88
1253,lpush5,1000000,802568.19
1253,lrange5,1000000,1221157.50
1254,lpush5,1000000,800000.00
1254,lrange5,1000000,1215455.62
1255,lpush5,1000000,800038.38
1255,lrange5,1000000,1236153.25
1256,lpush5,1000000,789266.00
1256,lrange5,1000000,1207787.38
1257,lpush5,1000000,807167.12
1257,lrange5,1000000,1182203.25
1258,lpush5,1000000,811081.88
1258,lrange5,1000000,1209209.12
1259,lpush5,1000000,811107.81
1259,lrange5,1000000,1193336.50
1260,lpush5,1000000,812373.69
1260,lrange5,1000000,1242335.38
1261,lpush5,1000000,809781.38
1261,lrange5,1000000,1219531.75
1262,lpush5,1000000,805814.62
1262,lrange5,1000000,1230386.25
1263,lpush5,1000000,807244.56
1263,lrange5,1000000,1222650.38
1264,lpush5,1000000,800128.00
1264,lrange5,1000000,1194743.12
1265,lpush5,1000000,805281.81
1265,lrange5,1000000,1228560.12
1266,lpush5,1000000,803212.88
1266,lrange5,1000000,1237861.38
1267,lpush5,1000000,804608.19
1267,lrange5,1000000,1187819.50
1268,lpush5,1000000,811030.00
1268,lrange5,1000000,1233203.50
1269,lpush5,1000000,802683.75
1269,lrange5,1000000,1231684.75
1270,lpush5,1000000,798161.19
1270,lrange5,1000000,1203523.50
1271,lpush5,1000000,803897.12
1271,lrange5,1000000,1216642.25
1272,lpush5,1000000,794938.00
1272,lrange5,1000000,1230051.62
1273,lpush5,1000000,807844.88
1273,lrange5,1000000,1237683.12
1274,lpush5,1000000,794925.25
1274,lrange5,1000000,1193584.75
1275,lpush5,1000000,805204.50
1275,lrange5,1000000,1202230.75
1276,lpush5,1000000,809729.56
1276,lrange5,1000000,1213631.12
1277,lpush5,1000000,802040.12
1277,lrange5,1000000,1237623.75
1278,lpush5,1000000,773543.69
1278,lrange5,1000000,1156106.38
1279,lpush5,1000000,795001.56
1279,lrange5,1000000,1203465.75
1280,lpush5,1000000,812386.69
1280,lrange5,1000000,1182184.38
1281,lpush5,1000000,803251.38
1281,lrange5,1000000,1221020.75
1282,lpush5,1000000,807102.50
1282,lrange5,1000000,1207787.38
1283,lpush5,1000000,805191.62
1283,lrange5,1000000,1227170.50
1284,lpush5,1000000,809165.06
1284,lrange5,1000000,1224088.12
1285,lpush5,1000000,802568.19
1285,lrange5,1000000,1209267.25
1286,lpush5,1000000,805827.50
1286,lrange5,1000000,1227249.12
1287,lpush5,1000000,810424.69
1287,lrange5,1000000,1213747.62
1288,lpush5,1000000,805153.00
1288,lrange5,1000000,1224029.38
1289,lpush5,1000000,808446.25
1289,lrange5,1000000,1216583.88
1290,lpush5,1000000,807831.94
1290,lrange5,1000000,1204915.62
1291,lpush5,1000000,809126.25
1291,lrange5,1000000,1203446.50
1292,lpush5,1000000,797512.00
1292,lrange5,1000000,1210653.75
1293,lpush5,1000000,805153.00
1293,lrange5,1000000,1212334.62
1294,lpush5,1000000,816326.50
1294,lrange5,1000000,1215183.50
1295,lpush5,1000000,808498.00
1295,lrange5,1000000,1227072.38
1296,lpush5,1000000,791139.19
1296,lrange5,1000000,1184928.88
1297,lpush5,1000000,813164.19
1297,lrange5,1000000,1197662.25
1298,lpush5,1000000,809781.38
1298,lrange5,1000000,1202153.88
1299,lpush5,1000000,813747.75
1299,lrange5,1000000,1210808.75
1300,lpush5,1000000,803238.56
1300,lrange5,1000000,1196325.38
1301,lpush5,1000000,800025.62
1301,lrange5,1000000,1209383.25
1302,lpush5,1000000,809846.12
1302,lrange5,1000000,1206523.50
1303,lpush5,1000000,798734.81
1303,lrange5,1000000,1233124.50
1304,lpush5,1000000,800640.56
1304,lrange5,1000000,1227052.75
1305,lpush5,1000000,793714.31
1305,lrange5,1000000,1227229.50
1306,lpush5,1000000,798174.00
1306,lrange5,1000000,1230051.62
1307,lpush5,1000000,800704.56
1307,lrange5,1000000,1231527.12
1308,lpush5,1000000,772299.62
1308,lrange5,1000000,1182127.62
1309,lpush5,1000000,796292.94
1309,lrange5,1000000,1218260.62
1310,lpush5,1000000,801937.44
1310,lrange5,1000000,1209189.75
1311,lpush5,1000000,804518.06
1311,lrange5,1000000,1224068.62
1312,lpush5,1000000,807102.50
1312,lrange5,1000000,1203485.00
1313,lpush5,1000000,809768.44
1313,lrange5,1000000,1215105.75
1314,lpush5,1000000,805165.88
1314,lrange5,1000000,1189060.62
1315,lpush5,1000000,809087.44
1315,lrange5,1000000,1219512.25
1316,lpush5,1000000,807167.12
1316,lrange5,1000000,1189079.62
1317,lpush5,1000000,811094.88
1317,lrange5,1000000,1225549.00
1318,lpush5,1000000,813060.12
1318,lrange5,1000000,1221138.00
1319,lpush5,1000000,796876.50
1319,lrange5,1000000,1213592.25
1320,lpush5,1000000,800691.81
1320,lrange5,1000000,1209325.25
1321,lpush5,1000000,789329.12
1321,lrange5,1000000,1153421.00
1322,lpush5,1000000,796178.31
1322,lrange5,1000000,1216700.75
1323,lpush5,1000000,785608.81
1323,lrange5,1000000,1191933.25
1324,lpush5,1000000,800704.56
1324,lrange5,1000000,1219668.25
1325,lpush5,1000000,793714.31
1325,lrange5,1000000,1193489.25
1326,lpush5,1000000,811740.25
1326,lrange5,1000000,1199136.75
1327,lpush5,1000000,805256.06
1327,lrange5,1000000,1222591.62
1328,lpush5,1000000,803225.69
1328,lrange5,1000000,1199136.75
1329,lpush5,1000000,800730.19
1329,lrange5,1000000,1213611.62
1330,lpush5,1000000,791765.62
1330,lrange5,1000000,1209267.25
1331,lpush5,1000000,798097.38
1331,lrange5,1000000,1228540.50
1332,lpush5,1000000,815074.19
1332,lrange5,1000000,1227013.50
1333,lpush5,1000000,808459.19
1333,lrange5,1000000,1227092.00
1334,lpush5,1000000,798097.38
1334,lrange5,1000000,1237623.75
1335,lpush5,1000000,805204.50
1335,lrange5,1000000,1205069.88
1336,lpush5,1000000,813112.19
1336,lrange5,1000000,1239256.50
1337,lpush5,1000000,803302.81
1337,lrange5,1000000,1233124.50
1338,lpush5,1000000,801320.50
1338,lrange5,1000000,1234607.38
1339,lpush5,1000000,804543.81
1339,lrange5,1000000,1215066.75
1340,lpush5,1000000,805814.62
1340,lrange5,1000000,1228717.38
1341,lpush5,1000000,800153.62
1341,lrange5,1000000,1221040.25
1342,lpush5,1000000,807154.19
1342,lrange5,1000000,939087.25
1343,lpush5,1000000,791943.00
1343,lrange5,1000000,1224146.88
1344,lpush5,1000000,802001.62
1344,lrange5,1000000,1182070.88
1345,lpush5,1000000,805853.31
1345,lrange5,1000000,1218065.75
1346,lpush5,1000000,807309.12
1346,lrange5,1000000,1218221.75
1347,lpush5,1000000,809768.44
1347,lrange5,1000000,1213902.88
1348,lpush5,1000000,811107.81
1348,lrange5,1000000,1209363.88
1349,lpush5,1000000,809716.56
1349,lrange5,1000000,1200518.62
1350,lpush5,1000000,805191.62
1350,lrange5,1000000,1239296.12
1351,lpush5,1000000,807831.94
1351,lrange5,1000000,1207787.38
1352,lpush5,1000000,802683.75
1352,lrange5,1000000,1196401.88
1353,lpush5,1000000,803341.38
1353,lrange5,1000000,1197624.00
1354,lpush5,1000000,811030.00
1354,lrange5,1000000,1183507.62
1355,lpush5,1000000,803910.00
1355,lrange5,1000000,1230012.25
1356,lpush5,1000000,803212.88
1356,lrange5,1000000,1187686.50
1357,lpush5,1000000,810398.75
1357,lrange5,1000000,1227150.88
1358,lpush5,1000000,807154.19
1358,lrange5,1000000,1206330.50
1359,lpush5,1000000,804518.06
1359,lrange5,1000000,1203581.25
1360,lpush5,1000000,800000.00
1360,lrange5,1000000,1219707.38
1361,lpush5,1000000,814410.38
1361,lrange5,1000000,1194819.62
1362,lpush5,1000000,811094.88
1362,lrange5,1000000,1234587.62
1363,lpush5,1000000,807819.06
1363,lrange5,1000000,1187648.50
1364,lpush5,1000000,798760.38
1364,lrange5,1000000,1219629.25
1365,lpush5,1000000,805230.31
1365,lrange5,1000000,1234587.62
1366,lpush5,1000000,810437.62
1366,lrange5,1000000,1190666.75
1367,lpush5,1000000,777692.06
1367,lrange5,1000000,1240794.00
1368,lpush5,1000000,799398.88
1368,lrange5,1000000,1219570.75
1369,lpush5,1000000,794925.25
1369,lrange5,1000000,1219570.75
1370,lpush5,1000000,802632.38
1370,lrange5,1000000,1213747.62
1371,lpush5,1000000,800730.19
1371,lrange5,1000000,1230209.12
1372,lpush5,1000000,809165.06
1372,lrange5,1000000,1230032.00
1373,lpush5,1000000,796191.06
1373,lrange5,1000000,1176527.00
1374,lpush5,1000000,799360.50
1374,lrange5,1000000,1233045.62
1375,lpush5,1000000,810398.75
1375,lrange5,1000000,1207806.75
1376,lpush5,1000000,810476.50
1376,lrange5,1000000,1206369.12
1377,lpush5,1000000,801346.12
1377,lrange5,1000000,1230346.88
1378,lpush5,1000000,805801.75
1378,lrange5,1000000,1215183.50
1379,lpush5,1000000,805814.62
1379,lrange5,1000000,1184853.12
1380,lpush5,1000000,809768.44
1380,lrange5,1000000,1210653.75
1381,lpush5,1000000,803858.56
1381,lrange5,1000000,1158878.38
1382,lpush5,1000000,814345.25
1382,lrange5,1000000,1239236.75
1383,lpush5,1000000,807754.44
1383,lrange5,1000000,1172333.00
1384,lpush5,1000000,807754.44
1384,lrange5,1000000,1202000.00
1385,lpush5,1000000,808510.94
1385,lrange5,1000000,1206311.25
1386,lpush5,1000000,801963.12
1386,lrange5,1000000,1213689.38
1387,lpush5,1000000,807793.19
1387,lrange5,1000000,1209189.75
1388,lpush5,1000000,788643.50
1388,lrange5,1000000,1231625.62
1389,lpush5,1000000,809716.56
1389,lrange5,1000000,1225549.00
1390,lpush5,1000000,799462.81
1390,lrange5,1000000,1230071.25
1391,lpush5,1000000,802722.25
1391,lrange5,1000000,1221001.25
1392,lpush5,1000000,785545.94
1392,lrange5,1000000,1183469.75
1393,lpush5,1000000,805178.75
1393,lrange5,1000000,1215144.62
1394,lpush5,1000000,809768.44
1394,lrange5,1000000,1189155.75
1395,lpush5,1000000,805256.06
1395,lrange5,1000000,1213631.12
1396,lpush5,1000000,795608.62
1396,lrange5,1000000,1223990.25
1397,lpush5,1000000,804556.69
1397,lrange5,1000000,1219531.75
1398,lpush5,1000000,790551.81
1398,lrange5,1000000,1215241.75
1399,lpush5,1000000,809794.31
1399,lrange5,1000000,1218182.75
1400,lpush5,1000000,806503.25
1400,lrange5,1000000,1221001.25
1401,lpush5,1000000,807935.38
1401,lrange5,1000000,1212121.25
1402,lpush5,1000000,794976.12
1402,lrange5,1000000,1189155.75
1403,lpush5,1000000,803225.69
1403,lrange5,1000000,1210711.88
1404,lpush5,1000000,812477.69
1404,lrange5,1000000,1197604.88
1405,lpush5,1000000,788719.25
1405,lrange5,1000000,1210866.88
1406,lpush5,1000000,784401.56
1406,lrange5,1000000,1212160.00
1407,lpush5,1000000,794370.19
1407,lrange5,1000000,1168243.00
1408,lpush5,1000000,807831.94
1408,lrange5,1000000,1234587.62
1409,lpush5,1000000,805840.44
1409,lrange5,1000000,1199117.50
1410,lpush5,1000000,805853.31
1410,lrange5,1000000,1209363.88
1411,lpush5,1000000,803884.25
1411,lrange5,1000000,1186486.38
1412,lpush5,1000000,791816.31
1412,lrange5,1000000,1213767.00
1413,lpush5,1000000,800000.00
1413,lrange5,1000000,1201923.00
1414,lpush5,1000000,801384.62
1414,lrange5,1000000,1218124.25
1415,lpush5,1000000,811701.31
1415,lrange5,1000000,1207826.12
1416,lpush5,1000000,810385.75
1416,lrange5,1000000,1213592.25
1417,lpush5,1000000,804569.56
1417,lrange5,1000000,1221255.12
1418,lpush5,1000000,805814.62
1418,lrange5,1000000,1242395.00
1419,lpush5,1000000,803225.69
1419,lrange5,1000000,1213689.38
1420,lpush5,1000000,806554.81
1420,lrange5,1000000,1210847.50
1421,lpush5,1000000,803354.19
1421,lrange5,1000000,1204819.25
1422,lpush5,1000000,808420.38
1422,lrange5,1000000,1240833.75
1423,lpush5,1000000,807180.00
1423,lrange5,1000000,1218085.25
1424,lpush5,1000000,807205.81
1424,lrange5,1000000,1187724.50
1425,lpush5,1000000,760492.75
1425,lrange5,1000000,1153421.00
1426,lpush5,1000000,772896.44
1426,lrange5,1000000,1187762.50
1427,lpush5,1000000,807154.19
1427,lrange5,1000000,1204819.25
1428,lpush5,1000000,803974.31
1428,lrange5,1000000,1203581.25
1429,lpush5,1000000,800640.56
1429,lrange5,1000000,1218085.25
1430,lpush5,1000000,803897.12
1430,lrange5,1000000,1213592.25
1431,lpush5,1000000,805879.06
1431,lrange5,1000000,1184872.12
1432,lpush5,1000000,795557.69
1432,lrange5,1000000,1225745.12
1433,lpush5,1000000,803212.88
1433,lrange5,1000000,1218221.75
1434,lpush5,1000000,800691.81
1434,lrange5,1000000,1230169.75
1435,lpush5,1000000,805268.94
1435,lrange5,1000000,1230012.25
1436,lpush5,1000000,809100.38
1436,lrange5,1000000,1172501.75
1437,lpush5,1000000,812373.69
1437,lrange5,1000000,1227072.38
1438,lpush5,1000000,806464.50
1438,lrange5,1000000,1227190.25
1439,lpush5,1000000,809768.44
1439,lrange5,1000000,1194762.25
1440,lpush5,1000000,801435.88
1440,lrange5,1000000,1225764.75
1441,lpush5,1000000,783699.06
1441,lrange5,1000000,1149627.62
1442,lpush5,1000000,805866.19
1442,lrange5,1000000,1221255.12
1443,lpush5,1000000,800640.56
1443,lrange5,1000000,1194857.75
1444,lpush5,1000000,794976.12
1444,lrange5,1000000,1231842.38
1445,lpush5,1000000,809768.44
1445,lrange5,1000000,1215164.00
1446,lpush5,1000000,803251.38
1446,lrange5,1000000,1216661.75
1447,lpush5,1000000,813021.12
1447,lrange5,1000000,1209402.62
1448,lpush5,1000000,803922.88
1448,lrange5,1000000,1216583.88
1449,lpush5,1000000,805153.00
1449,lrange5,1000000,1216545.00
1450,lpush5,1000000,796812.75
1450,lrange5,1000000,1213611.62
1451,lpush5,1000000,798785.94
1451,lrange5,1000000,1225588.25
1452,lpush5,1000000,807806.12
1452,lrange5,1000000,1168429.88
1453,lpush5,1000000,806554.81
1453,lrange5,1000000,1219765.88
1454,lpush5,1000000,805904.88
1454,lrange5,1000000,1202115.38
1455,lpush5,1000000,806477.44
1455,lrange5,1000000,1228678.12
1456,lpush5,1000000,791227.81
1456,lrange5,1000000,1215202.88
1457,lpush5,1000000,784326.31
1457,lrange5,1000000,1224225.25
1458,lpush5,1000000,800653.38
1458,lrange5,1000000,1221040.25
1459,lpush5,1000000,803212.88
1459,lrange5,1000000,1228678.12
1460,lpush5,1000000,803935.69
1460,lrange5,1000000,1213728.12
1461,lpush5,1000000,811159.75
1461,lrange5,1000000,1221020.75
1462,lpush5,1000000,794382.88
1462,lrange5,1000000,1228540.50
1463,lpush5,1000000,806516.12
1463,lrange5,1000000,1224205.62
1464,lpush5,1000000,805943.56
1464,lrange5,1000000,1202057.62
1465,lpush5,1000000,801282.06
1465,lrange5,1000000,1139006.75
1466,lpush5,1000000,809807.25
1466,lrange5,1000000,1207845.38
1467,lpush5,1000000,803212.88
1467,lrange5,1000000,1216622.88
1468,lpush5,1000000,805853.31
1468,lrange5,1000000,1207748.75
1469,lpush5,1000000,792494.50
1469,lrange5,1000000,1224009.88
1470,lpush5,1000000,795027.00
1470,lrange5,1000000,1218065.75
1471,lpush5,1000000,805840.44
1471,lrange5,1000000,1191933.25
1472,lpush5,1000000,803910.00
1472,lrange5,1000000,1219512.25
1473,lpush5,1000000,800666.19
1473,lrange5,1000000,1216545.00
1474,lpush5,1000000,804659.69
1474,lrange5,1000000,1184966.88
1475,lpush5,1000000,800717.38
1475,lrange5,1000000,1209189.75
1476,lpush5,1000000,801950.31
1476,lrange5,1000000,1216603.38
1477,lpush5,1000000,807102.50
1477,lrange5,1000000,1216642.25
1478,lpush5,1000000,805853.31
1478,lrange5,1000000,1210789.38
1479,lpush5,1000000,806593.56
1479,lrange5,1000000,1212121.25
1480,lpush5,1000000,801282.06
1480,lrange5,1000000,1231546.88
1481,lpush5,1000000,805801.75
1481,lrange5,1000000,1221020.75
1482,lpush5,1000000,811727.25
1482,lrange5,1000000,1187686.50
1483,lpush5,1000000,800076.81
1483,lrange5,1000000,1222513.38
1484,lpush5,1000000,811792.19
1484,lrange5,1000000,1222787.25
1485,lpush5,1000000,798760.38
1485,lrange5,1000000,1228933.62
1486,lpush5,1000000,801423.06
1486,lrange5,1000000,1219746.38
1487,lpush5,1000000,802568.19
1487,lrange5,1000000,1213689.38
1488,lpush5,1000000,801963.12
1488,lrange5,1000000,1226993.88
1489,lpush5,1000000,806529.00
1489,lrange5,1000000,1225607.88
1490,lpush5,1000000,803871.44
1490,lrange5,1000000,1178026.00
1491,lpush5,1000000,811081.88
1491,lrange5,1000000,1206484.88
1492,lpush5,1000000,793714.31
1492,lrange5,1000000,1200537.75
1493,lpush5,1000000,801384.62
1493,lrange5,1000000,1225490.25
1494,lpush5,1000000,813047.12
1494,lrange5,1000000,1216700.75
1495,lpush5,1000000,802581.00
1495,lrange5,1000000,1233144.25
1496,lpush5,1000000,813034.12
1496,lrange5,1000000,1230051.62
1497,lpush5,1000000,797448.19
1497,lrange5,1000000,1224068.62
1498,lpush5,1000000,802722.25
1498,lrange5,1000000,1194762.25
1499,lpush5,1000000,807115.44
1499,lrange5,1000000,1216545.00
1500,lpush5,1000000,793034.06
1500,lrange5,1000000,1160111.38
1501,lpush5,1000000,805840.44
1501,lrange5,1000000,1218046.38
1502,lpush5,1000000,810385.75
1502,lrange5,1000000,1221216.12
1503,lpush5,1000000,806541.94
1503,lrange5,1000000,1225705.88
1504,lpush5,1000000,807115.44
1504,lrange5,1000000,1210653.75
1505,lpush5,1000000,802670.94
1505,lrange5,1000000,1236291.75
1506,lpush5,1000000,802632.38
1506,lrange5,1000000,1193470.12
1507,lpush5,1000000,803922.88
1507,lrange5,1000000,1231527.12
1508,lpush5,1000000,811081.88
1508,lrange5,1000000,1242434.75
1509,lpush5,1000000,796825.50
1509,lrange5,1000000,1191895.12
1510,lpush5,1000000,791227.81
1510,lrange5,1000000,1233242.88
1511,lpush5,1000000,803251.38
1511,lrange5,1000000,1215066.75
1512,lpush5,1000000,800089.62
1512,lrange5,1000000,1247022.50
1513,lpush5,1000000,809165.06
1513,lrange5,1000000,1215066.75
1514,lpush5,1000000,799373.25
1514,lrange5,1000000,1212373.38
1515,lpush5,1000000,809716.56
1515,lrange5,1000000,1218202.25
1516,lpush5,1000000,786782.06
1516,lrange5,1000000,1182070.88
1517,lpush5,1000000,802117.12
1517,lrange5,1000000,1216545.00
1518,lpush5,1000000,800000.00
1518,lrange5,1000000,1215202.88
1519,lpush5,1000000,798798.75
1519,lrange5,1000000,1204819.25
1520,lpush5,1000000,805153.00
1520,lrange5,1000000,1225549.00
1521,lpush5,1000000,802568.19
1521,lrange5,1000000,1227209.88
1522,lpush5,1000000,798888.19
1522,lrange5,1000000,1224049.00
1523,lpush5,1000000,801924.62
1523,lrange5,1000000,1203427.25
1524,lpush5,1000000,804582.44
1524,lrange5,1000000,1213592.25
1525,lpush5,1000000,805879.06
1525,lrange5,1000000,1221157.50
1526,lpush5,1000000,801924.62
1526,lrange5,1000000,1213631.12
1527,lpush5,1000000,790551.81
1527,lrange5,1000000,1224166.50
1528,lpush5,1000000,804518.06
1528,lrange5,1000000,1231684.75
1529,lpush5,1000000,807192.94
1529,lrange5,1000000,1212140.62
1530,lpush5,1000000,800025.62
1530,lrange5,1000000,1222493.88
1531,lpush5,1000000,802014.44
1531,lrange5,1000000,1177856.38
1532,lpush5,1000000,808433.31
1532,lrange5,1000000,1225607.88
1533,lpush5,1000000,803457.00
1533,lrange5,1000000,1211080.00
1534,lpush5,1000000,808485.06
1534,lrange5,1000000,1221098.88
1535,lpush5,1000000,801937.44
1535,lrange5,1000000,1218026.88
1536,lpush5,1000000,809074.50
1536,lrange5,1000000,1210673.12
1537,lpush5,1000000,803974.31
1537,lrange5,1000000,1231606.00
1538,lpush5,1000000,800089.62
1538,lrange5,1000000,1221255.12
1539,lpush5,1000000,800000.00
1539,lrange5,1000000,1242255.88
1540,lpush5,1000000,805917.75
1540,lrange5,1000000,1231566.50
1541,lpush5,1000000,806451.62
1541,lrange5,1000000,1199098.38
1542,lpush5,1000000,807128.38
1542,lrange5,1000000,1225490.25
1543,lpush5,1000000,796940.25
1543,lrange5,1000000,1218358.12
1544,lpush5,1000000,794938.00
1544,lrange5,1000000,1209209.12
1545,lpush5,1000000,802027.25
1545,lrange5,1000000,1215183.50
1546,lpush5,1000000,805827.50
1546,lrange5,1000000,1226993.88
1547,lpush5,1000000,806490.31
1547,lrange5,1000000,1212140.62
1548,lpush5,1000000,794332.06
1548,lrange5,1000000,1212179.38
1549,lpush5,1000000,804556.69
1549,lrange5,1000000,1205012.12
1550,lpush5,1000000,803897.12
1550,lrange5,1000000,1210731.25
1551,lpush5,1000000,813047.12
1551,lrange5,1000000,1228579.88
1552,lpush5,1000000,807180.00
1552,lrange5,1000000,1190476.25
1553,lpush5,1000000,792481.81
1553,lrange5,1000000,1239177.25
1554,lpush5,1000000,807883.69
1554,lrange5,1000000,1223990.25
1555,lpush5,1000000,813747.75
1555,lrange5,1000000,1237643.50
1556,lpush5,1000000,800755.81
1556,lrange5,1000000,1210789.38
1557,lpush5,1000000,801307.69
1557,lrange5,1000000,1177931.75
1558,lpush5,1000000,799373.25
1558,lrange5,1000000,1215125.12
1559,lpush5,1000000,794925.25
1559,lrange5,1000000,1144311.25
1560,lpush5,1000000,797460.94
1560,lrange5,1000000,1200557.00
1561,lpush5,1000000,793046.75
1561,lrange5,1000000,1206484.88
1562,lpush5,1000000,796889.25
1562,lrange5,1000000,1199366.88
1563,lpush5,1000000,805801.75
1563,lrange5,1000000,1180656.38
1564,lpush5,1000000,791253.12
1564,lrange5,1000000,1213844.62
1565,lpush5,1000000,809742.50
1565,lrange5,1000000,1215319.50
1566,lpush5,1000000,813695.69
1566,lrange5,1000000,1201961.50
1567,lpush5,1000000,798212.25
1567,lrange5,1000000,1236093.88
1568,lpush5,1000000,810398.75
1568,lrange5,1000000,1213592.25
1569,lpush5,1000000,808446.25
1569,lrange5,1000000,1230268.12
1570,lpush5,1000000,800691.81
1570,lrange5,1000000,1194743.12
1571,lpush5,1000000,801320.50
1571,lrange5,1000000,1218124.25
1572,lpush5,1000000,796178.31
1572,lrange5,1000000,1209228.50
1573,lpush5,1000000,802568.19
1573,lrange5,1000000,1230150.00
1574,lpush5,1000000,801294.88
1574,lrange5,1000000,1213611.62
1575,lpush5,1000000,789367.06
1575,lrange5,1000000,1196287.00
1576,lpush5,1000000,793714.31
1576,lrange5,1000000,1231724.12
1577,lpush5,1000000,795710.44
1577,lrange5,1000000,1234646.88
1578,lpush5,1000000,800704.56
1578,lrange5,1000000,1227209.88
1579,lpush5,1000000,809833.19
1579,lrange5,1000000,1228560.12
1580,lpush5,1000000,784426.69
1580,lrange5,1000000,1207826.12
1581,lpush5,1000000,805879.06
1581,lrange5,1000000,1206581.38
1582,lpush5,1000000,810372.81
1582,lrange5,1000000,1230071.25
1583,lpush5,1000000,807806.12
1583,lrange5,1000000,1200749.12
1584,lpush5,1000000,810437.62
1584,lrange5,1000000,1219648.75
1585,lpush5,1000000,810372.81
1585,lrange5,1000000,1222552.50
1586,lpush5,1000000,805191.62
1586,lrange5,1000000,1201942.25
1587,lpush5,1000000,807793.19
1587,lrange5,1000000,1197604.88
1588,lpush5,1000000,799360.50
1588,lrange5,1000000,1192028.62
1589,lpush5,1000000,810372.81
1589,lrange5,1000000,1209267.25
1590,lpush5,1000000,807154.19
1590,lrange5,1000000,1171053.88
1591,lpush5,1000000,794912.56
1591,lrange5,1000000,1210770.00
1592,lpush5,1000000,796812.75
1592,lrange5,1000000,1202019.25
1593,lpush5,1000000,799450.00
1593,lrange5,1000000,1225607.88
1594,lpush5,1000000,808407.44
1594,lrange5,1000000,1216545.00
1595,lpush5,1000000,806490.31
1595,lrange5,1000000,1216661.75
1596,lpush5,1000000,795672.25
1596,lrange5,1000000,1224088.12
1597,lpush5,1000000,798097.38
1597,lrange5,1000000,1215066.75
1598,lpush5,1000000,798097.38
1598,lrange5,1000000,1225627.50
1599,lpush5,1000000,795027.00
1599,lrange5,1000000,1224009.88
1600,lpush5,1000000,794912.56
1600,lrange5,1000000,1222689.50
1601,lpush5,1000000,800140.81
1601,lrange5,1000000,1203542.75
1602,lpush5,1000000,806516.12
1602,lrange5,1000000,1176545.88
1603,lpush5,1000000,798773.19
1603,lrange5,1000000,1221020.75
1604,lpush5,1000000,804518.06
1604,lrange5,1000000,1227092.00
1605,lpush5,1000000,795544.94
1605,lrange5,1000000,1224029.38
1606,lpush5,1000000,796216.56
1606,lrange5,1000000,1215066.75
1607,lpush5,1000000,808472.12
1607,lrange5,1000000,1210905.62
1608,lpush5,1000000,805879.06
1608,lrange5,1000000,1222689.50
1609,lpush5,1000000,794281.19
1609,lrange5,1000000,1203369.50
1610,lpush5,1000000,806451.62
1610,lrange5,1000000,1236113.75
1611,lpush5,1000000,799424.44
1611,lrange5,1000000,1230051.62
1612,lpush5,1000000,798734.81
1612,lrange5,1000000,1207787.38
1613,lpush5,1000000,805917.75
1613,lrange5,1000000,1209247.88
1614,lpush5,1000000,807806.12
1614,lrange5,1000000,1225529.38
1615,lpush5,1000000,803251.38
1615,lrange5,1000000,1185023.75
1616,lpush5,1000000,807935.38
1616,lrange5,1000000,1210808.75
1617,lpush5,1000000,781387.50
1617,lrange5,1000000,1207884.00
1618,lpush5,1000000,799488.38
1618,lrange5,1000000,1176489.38
1619,lpush5,1000000,814423.44
1619,lrange5,1000000,1213592.25
1620,lpush5,1000000,807754.44
1620,lrange5,1000000,1189212.88
1621,lpush5,1000000,801320.50
1621,lrange5,1000000,1210692.50
1622,lpush5,1000000,803289.94
1622,lrange5,1000000,1222533.00
1623,lpush5,1000000,801384.62
1623,lrange5,1000000,1186505.38
1624,lpush5,1000000,810463.56
1624,lrange5,1000000,1219843.88
1625,lpush5,1000000,803858.56
1625,lrange5,1000000,1213631.12
1626,lpush5,1000000,800166.38
1626,lrange5,1000000,1219629.25
1627,lpush5,1000000,798773.19
1627,lrange5,1000000,951474.81
1628,lpush5,1000000,804518.06
1628,lrange5,1000000,1206311.25
1629,lpush5,1000000,802001.62
1629,lrange5,1000000,1242236.00
1630,lpush5,1000000,802696.62
1630,lrange5,1000000,1176489.38
1631,lpush5,1000000,808459.19
1631,lrange5,1000000,1178044.75
1632,lpush5,1000000,794319.31
1632,lrange5,1000000,1221118.38
1633,lpush5,1000000,805801.75
1633,lrange5,1000000,1209383.25
1634,lpush5,1000000,806464.50
1634,lrange5,1000000,1253293.25
1635,lpush5,1000000,800064.00
1635,lrange5,1000000,1224107.75
1636,lpush5,1000000,800076.81
1636,lrange5,1000000,1218124.25
1637,lpush5,1000000,813021.12
1637,lrange5,1000000,1210692.50
1638,lpush5,1000000,804608.19
1638,lrange5,1000000,1228560.12
1639,lpush5,1000000,809820.25
1639,lrange5,1000000,1205050.62
1640,lpush5,1000000,802619.56
1640,lrange5,1000000,1177894.00
1641,lpush5,1000000,798250.56
1641,lrange5,1000000,1213592.25
1642,lpush5,1000000,813008.12
1642,lrange5,1000000,1222865.50
1643,lpush5,1000000,811714.31
1643,lrange5,1000000,1210711.88
1644,lpush5,1000000,810437.62
1644,lrange5,1000000,1209363.88
1645,lpush5,1000000,806567.75
1645,lrange5,1000000,1239177.25
1646,lpush5,1000000,791240.50
1646,lrange5,1000000,1218046.38
1647,lpush5,1000000,802709.44
1647,lrange5,1000000,1210866.88
1648,lpush5,1000000,802001.62
1648,lrange5,1000000,1216622.88
1649,lpush5,1000000,800768.62
1649,lrange5,1000000,1207806.75
1650,lpush5,1000000,807767.31
1650,lrange5,1000000,1221020.75
1651,lpush5,1000000,805814.62
1651,lrange5,1000000,1216642.25
1652,lpush5,1000000,814436.44
1652,lrange5,1000000,1246922.75
1653,lpush5,1000000,803858.56
1653,lrange5,1000000,1245350.00
1654,lpush5,1000000,798849.88
1654,lrange5,1000000,1225568.62
1655,lpush5,1000000,808510.94
1655,lrange5,1000000,1237782.12
1656,lpush5,1000000,804530.94
1656,lrange5,1000000,1233045.62
1657,lpush5,1000000,807270.38
1657,lrange5,1000000,1216564.38
1658,lpush5,1000000,801950.31
1658,lrange5,1000000,1243801.00
1659,lpush5,1000000,803251.38
1659,lrange5,1000000,1231724.12
1660,lpush5,1000000,802001.62
1660,lrange5,1000000,1221177.00
1661,lpush5,1000000,817779.19
1661,lrange5,1000000,1218163.25
1662,lpush5,1000000,804569.56
1662,lrange5,1000000,1222513.38
1663,lpush5,1000000,798734.81
1663,lrange5,1000000,1212160.00
1664,lpush5,1000000,798811.50
1664,lrange5,1000000,1245330.00
1665,lpush5,1000000,806477.44
1665,lrange5,1000000,1234745.62
1666,lpush5,1000000,811831.19
1666,lrange5,1000000,1226993.88
1667,lpush5,1000000,787426.81
1667,lrange5,1000000,1216545.00
1668,lpush5,1000000,808472.12
1668,lrange5,1000000,1194819.62
1669,lpush5,1000000,795052.44
1669,lrange5,1000000,1216583.88
1670,lpush5,1000000,804646.81
1670,lrange5,1000000,1187743.50
1671,lpush5,1000000,808420.38
1671,lrange5,1000000,1206427.00
1672,lpush5,1000000,803922.88
1672,lrange5,1000000,1206291.88
1673,lpush5,1000000,807754.44
1673,lrange5,1000000,1206407.75
1674,lpush5,1000000,794395.56
1674,lrange5,1000000,1221059.88
1675,lpush5,1000000,802014.44
1675,lrange5,1000000,1204973.50
1676,lpush5,1000000,803948.56
1676,lrange5,1000000,1197681.50
1677,lpush5,1000000,804608.19
1677,lrange5,1000000,1227033.12
1678,lpush5,1000000,795570.44
1678,lrange5,1000000,1205012.12
1679,lpush5,1000000,801307.69
1679,lrange5,1000000,1200557.00
1680,lpush5,1000000,807780.25
1680,lrange5,1000000,1213650.50
1681,lpush5,1000000,798084.56
1681,lrange5,1000000,1230012.25
1682,lpush5,1000000,800755.81
1682,lrange5,1000000,1233183.75
1683,lpush5,1000000,802581.00
1683,lrange5,1000000,1227150.88
1684,lpush5,1000000,809126.25
1684,lrange5,1000000,1228540.50
1685,lpush5,1000000,802632.38
1685,lrange5,1000000,1242375.12
1686,lpush5,1000000,805866.19
1686,lrange5,1000000,1222513.38
1687,lpush5,1000000,805801.75
1687,lrange5,1000000,1236133.50
1688,lpush5,1000000,803251.38
1688,lrange5,1000000,1216583.88
1689,lpush5,1000000,809165.06
1689,lrange5,1000000,1221040.25
1690,lpush5,1000000,813682.69
1690,lrange5,1000000,1212528.50
1691,lpush5,1000000,784992.12
1691,lrange5,1000000,1224068.62
1692,lpush5,1000000,811030.00
1692,lrange5,1000000,1177856.38
1693,lpush5,1000000,795583.12
1693,lrange5,1000000,1194838.75
1694,lpush5,1000000,805153.00
1694,lrange5,1000000,1237663.38
1695,lpush5,1000000,804505.19
1695,lrange5,1000000,1221040.25
1696,lpush5,1000000,805294.69
1696,lrange5,1000000,1209267.25
1697,lpush5,1000000,805191.62
1697,lrange5,1000000,1210808.75
1698,lpush5,1000000,796902.00
1698,lrange5,1000000,1219551.25
1699,lpush5,1000000,796229.25
1699,lrange5,1000000,1233085.12
1700,lpush5,1000000,800076.81
1700,lrange5,1000000,1215241.75
1701,lpush5,1000000,796229.25
1701,lrange5,1000000,1206465.62
1702,lpush5,1000000,805204.50
1702,lrange5,1000000,1212160.00
1703,lpush5,1000000,800704.56
1703,lrange5,1000000,1200480.12
1704,lpush5,1000000,799398.88
1704,lrange5,1000000,1221001.25
1705,lpush5,1000000,802593.88
1705,lrange5,1000000,1210789.38
1706,lpush5,1000000,786163.56
1706,lrange5,1000000,1213825.25
1707,lpush5,1000000,801320.50
1707,lrange5,1000000,1194934.25
1708,lpush5,1000000,796254.75
1708,lrange5,1000000,1221020.75
1709,lpush5,1000000,782522.69
1709,lrange5,1000000,1204973.50
1710,lpush5,1000000,801282.06
1710,lrange5,1000000,1196172.25
1711,lpush5,1000000,800717.38
1711,lrange5,1000000,1193355.62
1712,lpush5,1000000,803212.88
1712,lrange5,1000000,1212121.25
1713,lpush5,1000000,812347.75
1713,lrange5,1000000,1177856.38
1714,lpush5,1000000,809729.56
1714,lrange5,1000000,1215086.25
1715,lpush5,1000000,800640.56
1715,lrange5,1000000,1222533.00
1716,lpush5,1000000,796825.50
1716,lrange5,1000000,1219551.25
1717,lpush5,1000000,799475.56
1717,lrange5,1000000,1209189.75
1718,lpush5,1000000,801294.88
1718,lrange5,1000000,1230228.75
1719,lpush5,1000000,804608.19
1719,lrange5,1000000,1200653.00
1720,lpush5,1000000,798798.75
1720,lrange5,1000000,1228717.38
1721,lpush5,1000000,807167.12
1721,lrange5,1000000,1240873.50
1722,lpush5,1000000,805178.75
1722,lrange5,1000000,1223990.25
1723,lpush5,1000000,803212.88
1723,lrange5,1000000,1222650.38
1724,lpush5,1000000,803238.56
1724,lrange5,1000000,1210789.38
1725,lpush5,1000000,813034.12
1725,lrange5,1000000,1230248.38
1726,lpush5,1000000,804621.06
1726,lrange5,1000000,1206465.62
1727,lpush5,1000000,793059.44
1727,lrange5,1000000,1207845.38
1728,lpush5,1000000,812412.69
1728,lrange5,1000000,1221040.25
1729,lpush5,1000000,801975.94
1729,lrange5,1000000,1234765.38
1730,lpush5,1000000,806503.25
1730,lrange5,1000000,1224009.88
1731,lpush5,1000000,807154.19
1731,lrange5,1000000,1216798.00
1732,lpush5,1000000,799398.88
1732,lrange5,1000000,1231724.12
1733,lpush5,1000000,801950.31
1733,lrange5,1000000,1223990.25
1734,lpush5,1000000,810450.56
1734,lrange5,1000000,1228638.75
1735,lpush5,1000000,800743.00
1735,lrange5,1000000,1222493.88
1736,lpush5,1000000,805930.69
1736,lrange5,1000000,1231684.75
1737,lpush5,1000000,796242.00
1737,lrange5,1000000,1221020.75
1738,lpush5,1000000,800666.19
1738,lrange5,1000000,1248559.25
1739,lpush5,1000000,800000.00
1739,lrange5,1000000,1242255.88
1740,lpush5,1000000,805230.31
1740,lrange5,1000000,1213611.62
1741,lpush5,1000000,807257.50
1741,lrange5,1000000,1209189.75
1742,lpush5,1000000,795659.50
1742,lrange5,1000000,1209228.50
1743,lpush5,1000000,807102.50
1743,lrange5,1000000,1219648.75
1744,lpush5,1000000,804646.81
1744,lrange5,1000000,1215086.25
1745,lpush5,1000000,809074.50
1745,lrange5,1000000,1194762.25
1746,lpush5,1000000,807819.06
1746,lrange5,1000000,1161477.38
1747,lpush5,1000000,805153.00
1747,lrange5,1000000,1230091.00
1748,lpush5,1000000,807754.44
1748,lrange5,1000000,1230071.25
1749,lpush5,1000000,795544.94
1749,lrange5,1000000,1187705.50
1750,lpush5,1000000,784992.12
1750,lrange5,1000000,1212121.25
1751,lpush5,1000000,791841.62
1751,lrange5,1000000,1234587.62
1752,lpush5,1000000,787401.56
1752,lrange5,1000000,1212121.25
1753,lpush5,1000000,799424.44
1753,lrange5,1000000,1225490.25
1754,lpush5,1000000,791892.31
1754,lrange5,1000000,1182165.50
1755,lpush5,1000000,803212.88
1755,lrange5,1000000,1224225.25
1756,lpush5,1000000,796876.50
1756,lrange5,1000000,1221255.12
1757,lpush5,1000000,804608.19
1757,lrange5,1000000,1236271.88
1758,lpush5,1000000,802568.19
1758,lrange5,1000000,1207729.50
1759,lpush5,1000000,791177.19
1759,lrange5,1000000,1196191.38
1760,lpush5,1000000,805904.88
1760,lrange5,1000000,1216759.12
1761,lpush5,1000000,794950.69
1761,lrange5,1000000,1209247.88
1762,lpush5,1000000,811042.94
1762,lrange5,1000000,1233065.38
1763,lpush5,1000000,798798.75
1763,lrange5,1000000,1207942.00
1764,lpush5,1000000,803897.12
1764,lrange5,1000000,1203581.25
1765,lpush5,1000000,786213.88
1765,lrange5,1000000,1230012.25
1766,lpush5,1000000,802014.44
1766,lrange5,1000000,1218026.88
1767,lpush5,1000000,809074.50
1767,lrange5,1000000,1218163.25
1768,lpush5,1000000,808433.31
1768,lrange5,1000000,1218182.75
1769,lpush5,1000000,807819.06
1769,lrange5,1000000,1225490.25
1770,lpush5,1000000,797448.19
1770,lrange5,1000000,1177912.88
1771,lpush5,1000000,804582.44
1771,lrange5,1000000,1210847.50
1772,lpush5,1000000,807754.44
1772,lrange5,1000000,1218065.75
1773,lpush5,1000000,805892.00
1773,lrange5,1000000,1227170.50
1774,lpush5,1000000,805866.19
1774,lrange5,1000000,1216545.00
1775,lpush5,1000000,807244.56
1775,lrange5,1000000,1197796.50
1776,lpush5,1000000,807883.69
1776,lrange5,1000000,1206620.00
1777,lpush5,1000000,812373.69
1777,lrange5,1000000,1218026.88
1778,lpush5,1000000,805281.81
1778,lrange5,1000000,1213728.12
1779,lpush5,1000000,810424.69
1779,lrange5,1000000,1222493.88
1780,lpush5,1000000,805840.44
1780,lrange5,1000000,1189136.75
1781,lpush5,1000000,806516.12
1781,lrange5,1000000,1239256.50
1782,lpush5,1000000,809833.19
1782,lrange5,1000000,1233242.88
1783,lpush5,1000000,803251.38
1783,lrange5,1000000,1215261.25
1784,lpush5,1000000,797550.25
1784,lrange5,1000000,1233183.75
1785,lpush5,1000000,800000.00
1785,lrange5,1000000,1213669.88
1786,lpush5,1000000,814410.38
1786,lrange5,1000000,1194934.25
1787,lpush5,1000000,809872.06
1787,lrange5,1000000,1212179.38
1788,lpush5,1000000,801963.12
1788,lrange5,1000000,1245389.88
1789,lpush5,1000000,809885.00
1789,lrange5,1000000,1225490.25
1790,lpush5,1000000,796229.25
1790,lrange5,1000000,1231763.62
1791,lpush5,1000000,807270.38
1791,lrange5,1000000,1191990.50
1792,lpush5,1000000,807780.25
1792,lrange5,1000000,1212121.25
1793,lpush5,1000000,794988.88
1793,lrange5,1000000,1199386.12
1794,lpush5,1000000,801282.06
1794,lrange5,1000000,1219648.75
1795,lpush5,1000000,800089.62
1795,lrange5,1000000,1228540.50
1796,lpush5,1000000,807754.44
1796,lrange5,1000000,1201923.00
1797,lpush5,1000000,796863.75
1797,lrange5,1000000,1193489.25
1798,lpush5,1000000,803289.94
1798,lrange5,1000000,1230071.25
1799,lpush5,1000000,798773.19
1799,lrange5,1000000,1222630.75
1800,lpush5,1000000,799411.62
1800,lrange5,1000000,1206446.38
1801,lpush5,1000000,803251.38
1801,lrange5,1000000,1200710.62
1802,lpush5,1000000,803328.50
1802,lrange5,1000000,1215183.50
1803,lpush5,1000000,803289.94
1803,lrange5,1000000,1212198.75
1804,lpush5,1000000,801924.62
1804,lrange5,1000000,1207748.75
1805,lpush5,1000000,815139.38
1805,lrange5,1000000,1233045.62
1806,lpush5,1000000,803858.56
1806,lrange5,1000000,1212295.75
1807,lpush5,1000000,807167.12
1807,lrange5,1000000,1225568.62
1808,lpush5,1000000,799411.62
1808,lrange5,1000000,1209189.75
1809,lpush5,1000000,804595.31
1809,lrange5,1000000,1176489.38
1810,lpush5,1000000,811753.25
1810,lrange5,1000000,1219531.75
1811,lpush5,1000000,813008.12
1811,lrange5,1000000,1225627.50
1812,lpush5,1000000,809807.25
1812,lrange5,1000000,1209383.25
1813,lpush5,1000000,805230.31
1813,lrange5,1000000,1206446.38
1814,lpush5,1000000,798811.50
1814,lrange5,1000000,1218046.38
1815,lpush5,1000000,801307.69
1815,lrange5,1000000,1210789.38
1816,lpush5,1000000,811107.81
1816,lrange5,1000000,1216856.38
1817,lpush5,1000000,805840.44
1817,lrange5,1000000,1224479.88
1818,lpush5,1000000,796812.75
1818,lrange5,1000000,1135073.75
1819,lpush5,1000000,786226.44
1819,lrange5,1000000,1218085.25
1820,lpush5,1000000,801963.12
1820,lrange5,1000000,1197604.88
1821,lpush5,1000000,797460.94
1821,lrange5,1000000,1199136.75
1822,lpush5,1000000,803858.56
1822,lrange5,1000000,1215339.00
1823,lpush5,1000000,793714.31
1823,lrange5,1000000,1209325.25
1824,lpush5,1000000,775243.44
1824,lrange5,1000000,1169815.12
1825,lpush5,1000000,802619.56
1825,lrange5,1000000,1192047.75
1826,lpush5,1000000,806451.62
1826,lrange5,1000000,1221118.38
1827,lpush5,1000000,801937.44
1827,lrange5,1000000,1204819.25
1828,lpush5,1000000,803884.25
1828,lrange5,1000000,1222709.00
1829,lpush5,1000000,802568.19
1829,lrange5,1000000,1210731.25
1830,lpush5,1000000,813034.12
1830,lrange5,1000000,1204819.25
1831,lpush5,1000000,811120.81
1831,lrange5,1000000,1216583.88
1832,lpush5,1000000,802581.00
1832,lrange5,1000000,1221098.88
1833,lpush5,1000000,805217.38
1833,lrange5,1000000,1194781.38
1834,lpush5,1000000,801410.25
1834,lrange5,1000000,1193508.38
1835,lpush5,1000000,804543.81
1835,lrange5,1000000,1213708.75
1836,lpush5,1000000,805814.62
1836,lrange5,1000000,1187667.50
1837,lpush5,1000000,808407.44
1837,lrange5,1000000,1180826.50
1838,lpush5,1000000,809126.25
1838,lrange5,1000000,1209325.25
1839,lpush5,1000000,803910.00
1839,lrange5,1000000,1209267.25
1840,lpush5,1000000,793072.12
1840,lrange5,1000000,1224068.62
1841,lpush5,1000000,809061.50
1841,lrange5,1000000,1215164.00
1842,lpush5,1000000,803871.44
1842,lrange5,1000000,1225588.25
1843,lpush5,1000000,807767.31
1843,lrange5,1000000,1228501.25
1844,lpush5,1000000,801333.31
1844,lrange5,1000000,1234765.38
1845,lpush5,1000000,809191.00
1845,lrange5,1000000,1203485.00
1846,lpush5,1000000,813008.12
1846,lrange5,1000000,1246922.75
1847,lpush5,1000000,812373.69
1847,lrange5,1000000,1250020.00
1848,lpush5,1000000,799450.00
1848,lrange5,1000000,1200518.62
1849,lpush5,1000000,802001.62
1849,lrange5,1000000,1236212.62
1850,lpush5,1000000,801950.31
1850,lrange5,1000000,1216564.38
1851,lpush5,1000000,804530.94
1851,lrange5,1000000,1212160.00
1852,lpush5,1000000,809203.94
1852,lrange5,1000000,1234627.12
1853,lpush5,1000000,808472.12
1853,lrange5,1000000,1230012.25
1854,lpush5,1000000,808498.00
1854,lrange5,1000000,1206272.62
1855,lpush5,1000000,803922.88
1855,lrange5,1000000,1201961.50
1856,lpush5,1000000,796940.25
1856,lrange5,1000000,1200576.25
1857,lpush5,1000000,803884.25
1857,lrange5,1000000,1223990.25
1858,lpush5,1000000,791139.19
1858,lrange5,1000000,1225490.25
1859,lpush5,1000000,800012.81
1859,lrange5,1000000,1202057.62
1860,lpush5,1000000,804608.19
1860,lrange5,1000000,1171110.12
1861,lpush5,1000000,800000.00
1861,lrange5,1000000,1200480.12
1862,lpush5,1000000,801950.31
1862,lrange5,1000000,1210653.75
1863,lpush5,1000000,798773.19
1863,lrange5,1000000,1204838.62
1864,lpush5,1000000,806541.94
1864,lrange5,1000000,1224127.38
1865,lpush5,1000000,809113.31
1865,lrange5,1000000,1210711.88
1866,lpush5,1000000,789266.00
1866,lrange5,1000000,1236291.75
1867,lpush5,1000000,808420.38
1867,lrange5,1000000,1199290.12
1868,lpush5,1000000,812347.75
1868,lrange5,1000000,1218026.88
1869,lpush5,1000000,812412.69
1869,lrange5,1000000,1225686.25
1870,lpush5,1000000,807857.81
1870,lrange5,1000000,1215280.62
1871,lpush5,1000000,810515.44
1871,lrange5,1000000,1207806.75
1872,lpush5,1000000,803238.56
1872,lrange5,1000000,1197777.25
1873,lpush5,1000000,806490.31
1873,lrange5,1000000,1237643.50
1874,lpush5,1000000,804569.56
1874,lrange5,1000000,1233085.12
1875,lpush5,1000000,801320.50
1875,lrange5,1000000,1222572.12
1876,lpush5,1000000,802658.06
1876,lrange5,1000000,1230228.75
1877,lpush5,1000000,808536.81
1877,lrange5,1000000,1196306.12
1878,lpush5,1000000,794950.69
1878,lrange5,1000000,1228520.88
1879,lpush5,1000000,805892.00
1879,lrange5,1000000,1206523.50
1880,lpush5,1000000,794395.56
1880,lrange5,1000000,1209247.88
1881,lpush5,1000000,811030.00
1881,lrange5,1000000,1210750.62
1882,lpush5,1000000,786895.31
1882,lrange5,1000000,1192047.75
1883,lpush5,1000000,797448.19
1883,lrange5,1000000,1211021.88
1884,lpush5,1000000,808510.94
1884,lrange5,1000000,1228520.88
1885,lpush5,1000000,796178.31
1885,lrange5,1000000,1215202.88
1886,lpush5,1000000,796825.50
1886,lrange5,1000000,1237623.75
1887,lpush5,1000000,801282.06
1887,lrange5,1000000,1197662.25
1888,lpush5,1000000,800115.19
1888,lrange5,1000000,1209267.25
1889,lpush5,1000000,794293.94
1889,lrange5,1000000,1194896.00
1890,lpush5,1000000,785545.94
1890,lrange5,1000000,1158971.12
1891,lpush5,1000000,796863.75
1891,lrange5,1000000,1189079.62
1892,lpush5,1000000,792405.75
1892,lrange5,1000000,1216661.75
1893,lpush5,1000000,806516.12
1893,lrange5,1000000,1213708.75
1894,lpush5,1000000,796889.25
1894,lrange5,1000000,1184910.00
1895,lpush5,1000000,803289.94
1895,lrange5,1000000,1206272.62
1896,lpush5,1000000,791765.62
1896,lrange5,1000000,1217031.62
1897,lpush5,1000000,777000.81
1897,lrange5,1000000,1230051.62
1898,lpush5,1000000,793828.56
1898,lrange5,1000000,1207729.50
1899,lpush5,1000000,798250.56
1899,lrange5,1000000,1215222.38
1900,lpush5,1000000,802747.94
1900,lrange5,1000000,1213611.62
1901,lpush5,1000000,799462.81
1901,lrange5,1000000,1223990.25
1902,lpush5,1000000,805801.75
1902,lrange5,1000000,1206465.62
1903,lpush5,1000000,809716.56
1903,lrange5,1000000,1234804.88
1904,lpush5,1000000,800679.00
1904,lrange5,1000000,1212198.75
1905,lpush5,1000000,805230.31
1905,lrange5,1000000,1225529.38
1906,lpush5,1000000,788656.12
1906,lrange5,1000000,1206446.38
1907,lpush5,1000000,808562.69
1907,lrange5,1000000,1208135.25
1908,lpush5,1000000,800051.19
1908,lrange5,1000000,1209460.62
1909,lpush5,1000000,811688.31
1909,lrange5,1000000,1228658.50
1910,lpush5,1000000,810502.44
1910,lrange5,1000000,1219629.25
1911,lpush5,1000000,804543.81
1911,lrange5,1000000,1204896.38
1912,lpush5,1000000,808407.44
1912,lrange5,1000000,1231684.75
1913,lpush5,1000000,689754.44
1913,lrange5,1000000,1187667.50
1914,lpush5,1000000,808420.38
1914,lrange5,1000000,1237623.75
1915,lpush5,1000000,808407.44
1915,lrange5,1000000,1218202.25
1916,lpush5,1000000,796280.25
1916,lrange5,1000000,1221118.38
1917,lpush5,1000000,817792.25
1917,lrange5,1000000,1218143.75
1918,lpush5,1000000,817111.12
1918,lrange5,1000000,1209228.50
1919,lpush5,1000000,801282.06
1919,lrange5,1000000,1242494.38
1920,lpush5,1000000,813073.19
1920,lrange5,1000000,1212373.38
1921,lpush5,1000000,788719.25
1921,lrange5,1000000,1233124.50
1922,lpush5,1000000,815752.06
1922,lrange5,1000000,1209189.75
1923,lpush5,1000000,810437.62
1923,lrange5,1000000,1221040.25
1924,lpush5,1000000,813112.19
1924,lrange5,1000000,1245569.12
1925,lpush5,1000000,811068.94
1925,lrange5,1000000,1210905.62
1926,lpush5,1000000,801397.44
1926,lrange5,1000000,1228599.50
1927,lpush5,1000000,793777.81
1927,lrange5,1000000,1180656.38
1928,lpush5,1000000,795570.44
1928,lrange5,1000000,1231527.12
1929,lpush5,1000000,798122.88
1929,lrange5,1000000,1209209.12
1930,lpush5,1000000,803315.69
1930,lrange5,1000000,1203504.25
1931,lpush5,1000000,805917.75
1931,lrange5,1000000,1234646.88
1932,lpush5,1000000,803871.44
1932,lrange5,1000000,1231566.50
1933,lpush5,1000000,808407.44
1933,lrange5,1000000,1228540.50
1934,lpush5,1000000,808472.12
1934,lrange5,1000000,1231625.62
1935,lpush5,1000000,805879.06
1935,lrange5,1000000,1228579.88
1936,lpush5,1000000,812464.69
1936,lrange5,1000000,1242275.75
1937,lpush5,1000000,807780.25
1937,lrange5,1000000,1228599.50
1938,lpush5,1000000,808407.44
1938,lrange5,1000000,1210750.62
1939,lpush5,1000000,806516.12
1939,lrange5,1000000,1215164.00
1940,lpush5,1000000,792431.06
1940,lrange5,1000000,1233104.88
1941,lpush5,1000000,809820.25
1941,lrange5,1000000,1234646.88
1942,lpush5,1000000,811753.25
1942,lrange5,1000000,1215202.88
1943,lpush5,1000000,800640.56
1943,lrange5,1000000,1230071.25
1944,lpush5,1000000,803871.44
1944,lrange5,1000000,1231724.12
1945,lpush5,1000000,800717.38
1945,lrange5,1000000,1212257.00
1946,lpush5,1000000,810385.75
1946,lrange5,1000000,1236153.25
1947,lpush5,1000000,807754.44
1947,lrange5,1000000,1227229.50
1948,lpush5,1000000,807896.56
1948,lrange5,1000000,1203523.50
1949,lpush5,1000000,803961.44
1949,lrange5,1000000,1209518.75
1950,lpush5,1000000,805853.31
1950,lrange5,1000000,1212179.38
1951,lpush5,1000000,809152.12
1951,lrange5,1000000,1182184.38
1952,lpush5,1000000,811133.81
1952,lrange5,1000000,1204819.25
1953,lpush5,1000000,811740.25
1953,lrange5,1000000,1204838.62
1954,lpush5,1000000,793046.75
1954,lrange5,1000000,1206388.38
1955,lpush5,1000000,785583.69
1955,lrange5,1000000,1222513.38
1956,lpush5,1000000,811055.94
1956,lrange5,1000000,1199079.12
1957,lpush5,1000000,813734.75
1957,lrange5,1000000,1221196.62
1958,lpush5,1000000,805165.88
1958,lrange5,1000000,1197681.50
1959,lpush5,1000000,799360.50
1959,lrange5,1000000,1194743.12
1960,lpush5,1000000,807793.19
1960,lrange5,1000000,1218182.75
1961,lpush5,1000000,807806.12
1961,lrange5,1000000,1196287.00
1962,lpush5,1000000,803354.19
1962,lrange5,1000000,1209228.50
1963,lpush5,1000000,800038.38
1963,lrange5,1000000,1216622.88
1964,lpush5,1000000,798837.06
1964,lrange5,1000000,1219629.25
1965,lpush5,1000000,791151.88
1965,lrange5,1000000,1224029.38
1966,lpush5,1000000,800666.19
1966,lrange5,1000000,1225647.12
1967,lpush5,1000000,811805.19
1967,lrange5,1000000,1196172.25
1968,lpush5,1000000,802065.75
1968,lrange5,1000000,1222493.88
1969,lpush5,1000000,778953.25
1969,lrange5,1000000,1236093.88
1970,lpush5,1000000,815152.38
1970,lrange5,1000000,1224127.38
1971,lpush5,1000000,815022.00
1971,lrange5,1000000,1199251.75
1972,lpush5,1000000,811042.94
1972,lrange5,1000000,1216603.38
1973,lpush5,1000000,803302.81
1973,lrange5,1000000,1210905.62
1974,lpush5,1000000,796812.75
1974,lrange5,1000000,1213728.12
1975,lpush5,1000000,808446.25
1975,lrange5,1000000,1218026.88
1976,lpush5,1000000,797499.25
1976,lrange5,1000000,1221001.25
1977,lpush5,1000000,809885.00
1977,lrange5,1000000,1234745.62
1978,lpush5,1000000,808407.44
1978,lrange5,1000000,1212218.25
1979,lpush5,1000000,782497.62
1979,lrange5,1000000,1219531.75
1980,lpush5,1000000,807793.19
1980,lrange5,1000000,1202038.38
1981,lpush5,1000000,805814.62
1981,lrange5,1000000,1219687.88
1982,lpush5,1000000,815087.19
1982,lrange5,1000000,1206291.88
1983,lpush5,1000000,805268.94
1983,lrange5,1000000,1218124.25
1984,lpush5,1000000,795608.62
1984,lrange5,1000000,1221001.25
1985,lpush5,1000000,802581.00
1985,lrange5,1000000,1194819.62
1986,lpush5,1000000,793021.38
1986,lrange5,1000000,1203408.00
1987,lpush5,1000000,813099.19
1987,lrange5,1000000,1207884.00
1988,lpush5,1000000,799360.50
1988,lrange5,1000000,1183488.75
1989,lpush5,1000000,803948.56
1989,lrange5,1000000,1224009.88
1990,lpush5,1000000,809781.38
1990,lrange5,1000000,1196287.00
1991,lpush5,1000000,805814.62
1991,lrange5,1000000,1184872.12
1992,lpush5,1000000,805204.50
1992,lrange5,1000000,1225568.62
1993,lpush5,1000000,810437.62
1993,lrange5,1000000,1193374.75
1994,lpush5,1000000,806464.50
1994,lrange5,1000000,1225490.25
1995,lpush5,1000000,801950.31
1995,lrange5,1000000,1224009.88
1996,lpush5,1000000,805153.00
1996,lrange5,1000000,1239355.62
1997,lpush5,1000000,804543.81
1997,lrange5,1000000,1231546.88
1998,lpush5,1000000,800640.56
1998,lrange5,1000000,1174103.25
1999,lpush5,1000000,801346.12
1999,lrange5,1000000,1213631.12
2000,lpush5,1000000,800679.00
2000,lrange5,1000000,1215066.75
