trial,operation,requests,rps
1,lpush5,1000000,774593.31
1,lrange5,1000000,1225490.25
2,lpush5,1000000,826538.81
2,lrange5,1000000,1246942.62
3,lpush5,1000000,832679.44
3,lrange5,1000000,1186391.50
4,lpush5,1000000,837574.56
4,lrange5,1000000,1267427.12
5,lpush5,1000000,825254.12
5,lrange5,1000000,1278895.12
6,lpush5,1000000,838223.00
6,lrange5,1000000,1288845.38
7,lpush5,1000000,834751.31
7,lrange5,1000000,1300577.38
8,lpush5,1000000,835421.88
8,lrange5,1000000,1302104.12
9,lpush5,1000000,832706.12
9,lrange5,1000000,1295502.62
10,lpush5,1000000,827827.88
10,lrange5,1000000,1277261.88
11,lpush5,1000000,825909.19
11,lrange5,1000000,1204992.75
12,lpush5,1000000,827235.75
12,lrange5,1000000,1290425.88
13,lpush5,1000000,835595.62
13,lrange5,1000000,1242395.00
14,lpush5,1000000,827867.56
14,lrange5,1000000,1303801.75
15,lpush5,1000000,826604.94
15,lrange5,1000000,1272305.38
16,lpush5,1000000,841912.50
16,lrange5,1000000,1283799.75
17,lpush5,1000000,835421.88
17,lrange5,1000000,1265863.25
18,lpush5,1000000,830617.94
18,lrange5,1000000,1300410.88
19,lpush5,1000000,823058.44
19,lrange5,1000000,1298722.12
20,lpush5,1000000,835462.00
20,lrange5,1000000,1307210.50
21,lpush5,1000000,832812.69
21,lrange5,1000000,1280409.75
22,lpush5,1000000,834135.12
22,lrange5,1000000,1305524.88
23,lpush5,1000000,832746.06
23,lrange5,1000000,1168411.25
24,lpush5,1000000,751386.94
24,lrange5,1000000,1287001.25
25,lpush5,1000000,834228.50
25,lrange5,1000000,1197643.12
26,lpush5,1000000,833399.94
26,lrange5,1000000,1183848.50
27,lpush5,1000000,836873.62
27,lrange5,1000000,1257922.00
28,lpush5,1000000,827341.62
28,lrange5,1000000,1283799.75
29,lpush5,1000000,844621.62
29,lrange5,1000000,1290405.25
30,lpush5,1000000,834778.00
30,lrange5,1000000,1184928.88
31,lpush5,1000000,839033.56
31,lrange5,1000000,1187838.50
32,lpush5,1000000,841083.25
32,lrange5,1000000,1273926.12
33,lpush5,1000000,834095.06
33,lrange5,1000000,1267447.50
34,lpush5,1000000,831374.94
34,lrange5,1000000,1222513.38
35,lpush5,1000000,836187.31
35,lrange5,1000000,1310699.88
36,lpush5,1000000,833533.31
36,lrange5,1000000,1282174.38
37,lpush5,1000000,834737.94
37,lrange5,1000000,1285408.75
38,lpush5,1000000,834804.69
38,lrange5,1000000,1303885.25
39,lpush5,1000000,832679.44
39,lrange5,1000000,1288701.00
40,lpush5,1000000,836820.06
40,lrange5,1000000,1310637.00
41,lpush5,1000000,832026.62
41,lrange5,1000000,1312524.88
42,lpush5,1000000,835488.69
42,lrange5,1000000,1245350.00
43,lpush5,1000000,831308.44
43,lrange5,1000000,1287104.25
44,lpush5,1000000,829995.00
44,lrange5,1000000,1259445.75
45,lpush5,1000000,827814.62
45,lrange5,1000000,1176583.50
46,lpush5,1000000,829359.88
46,lrange5,1000000,1307273.25
47,lpush5,1000000,829928.62
47,lrange5,1000000,1288721.62
48,lpush5,1000000,836833.44
48,lrange5,1000000,1285449.88
49,lpush5,1000000,838953.00
49,lrange5,1000000,1307210.50
50,lpush5,1000000,833399.94
50,lrange5,1000000,1202134.62
51,lpush5,1000000,832066.56
51,lrange5,1000000,1303780.88
52,lpush5,1000000,841096.69
52,lrange5,1000000,1259526.38
53,lpush5,1000000,829293.56
53,lrange5,1000000,1199251.75
54,lpush5,1000000,839657.44
54,lrange5,1000000,1285429.25
55,lpush5,1000000,826618.12
55,lrange5,1000000,1290508.38
56,lpush5,1000000,836994.12
56,lrange5,1000000,1283840.88
57,lpush5,1000000,834055.06
57,lrange5,1000000,1292051.75
58,lpush5,1000000,829240.50
58,lrange5,1000000,1288845.38
59,lpush5,1000000,838276.62
59,lrange5,1000000,1203562.00
60,lpush5,1000000,831268.50
60,lrange5,1000000,1254865.75
61,lpush5,1000000,826565.25
61,lrange5,1000000,1297182.88
62,lpush5,1000000,831973.38
62,lrange5,1000000,1290508.38
63,lpush5,1000000,825922.38
63,lrange5,1000000,1305545.75
64,lpush5,1000000,832133.12
64,lrange5,1000000,1264242.75
65,lpush5,1000000,836294.31
65,lrange5,1000000,798862.62
66,lpush5,1000000,530375.38
66,lrange5,1000000,999144.81
67,lpush5,1000000,834135.12
67,lrange5,1000000,1186600.25
68,lpush5,1000000,835635.75
68,lrange5,1000000,1282112.88
69,lpush5,1000000,839805.19
69,lrange5,1000000,1305629.25
70,lpush5,1000000,833386.62
70,lrange5,1000000,1272305.38
71,lpush5,1000000,828659.50
71,lrange5,1000000,1307524.25
72,lpush5,1000000,834081.75
72,lrange5,1000000,1152110.62
73,lpush5,1000000,831441.44
73,lrange5,1000000,1302229.12
74,lpush5,1000000,828672.75
74,lrange5,1000000,1187933.50
75,lpush5,1000000,830750.81
75,lrange5,1000000,832892.62
76,lpush5,1000000,522226.66
76,lrange5,1000000,1073030.12
77,lpush5,1000000,835582.25
77,lrange5,1000000,1270749.62
78,lpush5,1000000,835448.62
78,lrange5,1000000,1182089.88
79,lpush5,1000000,839845.50
79,lrange5,1000000,1274028.00
80,lpush5,1000000,835435.25
80,lrange5,1000000,1275673.50
81,lpush5,1000000,829915.31
81,lrange5,1000000,1267488.00
82,lpush5,1000000,834028.38
82,lrange5,1000000,1201980.75
83,lpush5,1000000,834751.31
83,lrange5,1000000,1199290.12
84,lpush5,1000000,836347.81
84,lrange5,1000000,1302083.38
85,lpush5,1000000,829227.19
85,lrange5,1000000,1295461.12
86,lpush5,1000000,834028.38
86,lrange5,1000000,1303801.75
87,lpush5,1000000,832079.88
87,lrange5,1000000,786239.00
88,lpush5,1000000,672613.31
88,lrange5,1000000,1277261.88
89,lpush5,1000000,834898.19
89,lrange5,1000000,1247002.50
90,lpush5,1000000,834041.69
90,lrange5,1000000,1187743.50
91,lpush5,1000000,824600.12
91,lrange5,1000000,1254765.38
92,lpush5,1000000,835421.88
92,lrange5,1000000,1245330.00
93,lpush5,1000000,835435.25
93,lrange5,1000000,1203812.38
94,lpush5,1000000,830591.38
94,lrange5,1000000,1247082.38
95,lpush5,1000000,828500.38
95,lrange5,1000000,1251624.50
96,lpush5,1000000,836120.44
96,lrange5,1000000,1205204.88
97,lpush5,1000000,832066.56
97,lrange5,1000000,1200845.12
98,lpush5,1000000,835488.69
98,lrange5,1000000,1300535.75
99,lpush5,1000000,831348.31
99,lrange5,1000000,1206291.88
100,lpush5,1000000,835595.62
100,lrange5,1000000,1189174.75
101,lpush5,1000000,831295.12
101,lrange5,1000000,1262626.25
102,lpush5,1000000,834161.81
102,lrange5,1000000,1300431.75
103,lpush5,1000000,822500.00
103,lrange5,1000000,1285347.00
104,lpush5,1000000,825082.50
104,lrange5,1000000,1183715.88
105,lpush5,1000000,819000.88
105,lrange5,1000000,1231527.12
106,lpush5,1000000,833399.94
106,lrange5,1000000,1261195.50
107,lpush5,1000000,825829.94
107,lrange5,1000000,1305587.50
108,lpush5,1000000,828566.69
108,lrange5,1000000,1270892.00
109,lpush5,1000000,826631.38
109,lrange5,1000000,1280512.12
110,lpush5,1000000,837534.31
110,lrange5,1000000,1264222.50
111,lpush5,1000000,829227.19
111,lrange5,1000000,868208.38
112,lpush5,1000000,669344.06
112,lrange5,1000000,1274068.75
113,lpush5,1000000,846037.19
113,lrange5,1000000,1237663.38
114,lpush5,1000000,830671.12
114,lrange5,1000000,1293661.00
115,lpush5,1000000,840497.44
115,lrange5,1000000,1264242.75
116,lpush5,1000000,834028.38
116,lrange5,1000000,1194972.50
117,lpush5,1000000,834818.06
117,lrange5,1000000,1302187.50
118,lpush5,1000000,831388.25
118,lrange5,1000000,1236113.75
119,lpush5,1000000,838236.44
119,lrange5,1000000,1245330.00
120,lpush5,1000000,831388.25
120,lrange5,1000000,1295564.75
121,lpush5,1000000,836927.19
121,lrange5,1000000,1280512.12
122,lpush5,1000000,837574.56
122,lrange5,1000000,1278997.38
123,lpush5,1000000,838926.12
123,lrange5,1000000,1199443.62
124,lpush5,1000000,830724.25
124,lrange5,1000000,1280594.12
125,lpush5,1000000,834055.06
125,lrange5,1000000,1300556.62
126,lpush5,1000000,830617.94
126,lrange5,1000000,1196497.62
127,lpush5,1000000,834751.31
127,lrange5,1000000,1264424.75
128,lpush5,1000000,834241.88
128,lrange5,1000000,1280614.62
129,lpush5,1000000,834818.06
129,lrange5,1000000,1303780.88
130,lpush5,1000000,831348.31
130,lrange5,1000000,821719.00
131,lpush5,1000000,514941.28
131,lrange5,1000000,1042836.31
132,lpush5,1000000,825201.31
132,lrange5,1000000,1258123.25
133,lpush5,1000000,827129.88
133,lrange5,1000000,1250020.00
134,lpush5,1000000,834884.81
134,lrange5,1000000,1307210.50
135,lpush5,1000000,839644.00
135,lrange5,1000000,1272346.00
136,lpush5,1000000,836267.56
136,lrange5,1000000,1288866.00
137,lpush5,1000000,833373.31
137,lrange5,1000000,1270892.00
138,lpush5,1000000,830790.69
138,lrange5,1000000,1287166.00
139,lpush5,1000000,835421.88
139,lrange5,1000000,1307356.88
140,lpush5,1000000,835475.31
140,lrange5,1000000,1297037.62
141,lpush5,1000000,834028.38
141,lrange5,1000000,1287042.50
142,lpush5,1000000,827275.44
142,lrange5,1000000,1282153.88
143,lpush5,1000000,828513.69
143,lrange5,1000000,1305504.00
144,lpush5,1000000,826565.25
144,lrange5,1000000,1221001.25
145,lpush5,1000000,840389.88
145,lrange5,1000000,1197604.88
146,lpush5,1000000,827907.31
146,lrange5,1000000,1210905.62
147,lpush5,1000000,831308.44
147,lrange5,1000000,1250000.00
148,lpush5,1000000,837520.94
148,lrange5,1000000,1307189.62
149,lpush5,1000000,834135.12
149,lrange5,1000000,1303927.00
150,lpush5,1000000,827169.56
150,lrange5,1000000,1246982.62
151,lpush5,1000000,823947.31
151,lrange5,1000000,1193432.00
152,lpush5,1000000,838979.81
152,lrange5,1000000,1307315.00
153,lpush5,1000000,836173.94
153,lrange5,1000000,1305524.88
154,lpush5,1000000,834175.12
154,lrange5,1000000,1285408.75
155,lpush5,1000000,829888.75
155,lrange5,1000000,765733.56
156,lpush5,1000000,711283.06
156,lrange5,1000000,1290363.88
157,lpush5,1000000,842473.44
157,lrange5,1000000,1292072.38
158,lpush5,1000000,833346.62
158,lrange5,1000000,1309068.12
159,lpush5,1000000,841083.25
159,lrange5,1000000,1302083.38
160,lpush5,1000000,833413.31
160,lrange5,1000000,1025821.50
161,lpush5,1000000,511255.62
161,lrange5,1000000,1069535.88
162,lpush5,1000000,832026.62
162,lrange5,1000000,1251584.50
163,lpush5,1000000,821175.69
163,lrange5,1000000,1061961.88
164,lpush5,1000000,830578.06
164,lrange5,1000000,1293681.75
165,lpush5,1000000,843318.75
165,lrange5,1000000,1264343.88
166,lpush5,1000000,831986.69
166,lrange5,1000000,1196440.12
167,lpush5,1000000,839630.56
167,lrange5,1000000,1186505.38
168,lpush5,1000000,837574.56
168,lrange5,1000000,1270831.00
169,lpush5,1000000,833399.94
169,lrange5,1000000,1233203.50
170,lpush5,1000000,835515.44
170,lrange5,1000000,1196191.38
171,lpush5,1000000,834241.88
171,lrange5,1000000,1308921.50
172,lpush5,1000000,836227.44
172,lrange5,1000000,1300556.62
173,lpush5,1000000,829399.69
173,lrange5,1000000,1196267.88
174,lpush5,1000000,833519.94
174,lrange5,1000000,1254745.25
175,lpush5,1000000,838357.12
175,lrange5,1000000,1262888.88
176,lpush5,1000000,838424.19
176,lrange5,1000000,1203388.75
177,lpush5,1000000,836160.56
177,lrange5,1000000,1185194.38
178,lpush5,1000000,831441.44
178,lrange5,1000000,1270810.62
179,lpush5,1000000,834778.00
179,lrange5,1000000,1292217.12
180,lpush5,1000000,827841.12
180,lrange5,1000000,1243980.12
181,lpush5,1000000,825267.31
181,lrange5,1000000,1304073.00
182,lpush5,1000000,832639.50
182,lrange5,1000000,1264263.00
183,lpush5,1000000,832746.06
183,lrange5,1000000,1282092.38
184,lpush5,1000000,839845.50
184,lrange5,1000000,1285388.12
185,lpush5,1000000,830564.81
185,lrange5,1000000,1277139.25
186,lpush5,1000000,833399.94
186,lrange5,1000000,1247062.38
187,lpush5,1000000,821705.81
187,lrange5,1000000,1283840.88
188,lpush5,1000000,829293.56
188,lrange5,1000000,1228520.88
189,lpush5,1000000,833346.62
189,lrange5,1000000,1298763.62
190,lpush5,1000000,831468.06
190,lrange5,1000000,1236212.62
191,lpush5,1000000,827222.50
191,lrange5,1000000,1302187.50
192,lpush5,1000000,839630.56
192,lrange5,1000000,1295357.50
193,lpush5,1000000,831428.12
193,lrange5,1000000,1215144.62
194,lpush5,1000000,832639.50
194,lrange5,1000000,1288721.62
195,lpush5,1000000,830101.19
195,lrange5,1000000,1275714.38
196,lpush5,1000000,832799.38
196,lrange5,1000000,1250040.00
197,lpush5,1000000,827814.62
197,lrange5,1000000,1307210.50
198,lpush5,1000000,841777.81
198,lrange5,1000000,1265863.25
199,lpush5,1000000,835649.12
199,lrange5,1000000,1237762.38
200,lpush5,1000000,834898.19
200,lrange5,1000000,1254785.50
201,lpush5,1000000,825803.50
201,lrange5,1000000,1291989.62
202,lpush5,1000000,832666.12
202,lrange5,1000000,1272264.62
203,lpush5,1000000,823775.94
203,lrange5,1000000,1258062.88
204,lpush5,1000000,837654.94
204,lrange5,1000000,1275612.25
205,lpush5,1000000,827222.50
205,lrange5,1000000,1228599.50
206,lpush5,1000000,829253.75
206,lrange5,1000000,1287021.88
207,lpush5,1000000,834924.94
207,lrange5,1000000,1307252.25
208,lpush5,1000000,834778.00
208,lrange5,1000000,1250200.00
209,lpush5,1000000,823802.31
209,lrange5,1000000,1250180.00
210,lpush5,1000000,827960.31
210,lrange5,1000000,1300535.75
211,lpush5,1000000,819724.56
211,lrange5,1000000,1202153.88
212,lpush5,1000000,826472.69
212,lrange5,1000000,1282236.00
213,lpush5,1000000,832892.62
213,lrange5,1000000,1300390.12
214,lpush5,1000000,826485.94
214,lrange5,1000000,1303780.88
215,lpush5,1000000,828039.75
215,lrange5,1000000,1302145.88
216,lpush5,1000000,827827.88
216,lrange5,1000000,1250040.00
217,lpush5,1000000,835488.69
217,lrange5,1000000,1275591.88
218,lpush5,1000000,823084.75
218,lrange5,1000000,1265843.00
219,lpush5,1000000,831428.12
219,lrange5,1000000,1251624.50
220,lpush5,1000000,833373.31
220,lrange5,1000000,1236232.38
221,lpush5,1000000,836147.19
221,lrange5,1000000,1230012.25
222,lpush5,1000000,824560.56
222,lrange5,1000000,1293806.00
223,lpush5,1000000,834041.69
223,lrange5,1000000,1275530.62
224,lpush5,1000000,827129.88
224,lrange5,1000000,1198007.25
225,lpush5,1000000,832706.12
225,lrange5,1000000,1199117.50
226,lpush5,1000000,830048.12
226,lrange5,1000000,1291989.62
227,lpush5,1000000,823762.75
227,lrange5,1000000,1206620.00
228,lpush5,1000000,825763.88
228,lrange5,1000000,1277180.12
229,lpush5,1000000,833373.31
229,lrange5,1000000,1202307.62
230,lpush5,1000000,829333.38
230,lrange5,1000000,1261235.88
231,lpush5,1000000,833506.62
231,lrange5,1000000,1224009.88
232,lpush5,1000000,836900.38
232,lrange5,1000000,1259566.75
233,lpush5,1000000,834161.81
233,lrange5,1000000,1285388.12
234,lpush5,1000000,830578.06
234,lrange5,1000000,1298888.38
235,lpush5,1000000,823058.44
235,lrange5,1000000,1205031.38
236,lpush5,1000000,832000.00
236,lrange5,1000000,1278792.88
237,lpush5,1000000,836133.81
237,lrange5,1000000,1300410.88
238,lpush5,1000000,832652.81
238,lrange5,1000000,1282256.50
239,lpush5,1000000,833479.94
239,lrange5,1000000,1295336.75
240,lpush5,1000000,828500.38
240,lrange5,1000000,1200480.12
241,lpush5,1000000,833399.94
241,lrange5,1000000,1285388.12
242,lpush5,1000000,829187.44
242,lrange5,1000000,1179622.62
243,lpush5,1000000,829875.50
243,lrange5,1000000,1231940.88
244,lpush5,1000000,818396.06
244,lrange5,1000000,1247042.38
245,lpush5,1000000,839764.94
245,lrange5,1000000,1297099.88
246,lpush5,1000000,826565.25
246,lrange5,1000000,1302250.00
247,lpush5,1000000,831468.06
247,lrange5,1000000,1287124.88
248,lpush5,1000000,833493.31
248,lrange5,1000000,1278792.88
249,lpush5,1000000,840376.44
249,lrange5,1000000,1264384.25
250,lpush5,1000000,827301.94
250,lrange5,1000000,1277159.62
251,lpush5,1000000,833386.62
251,lrange5,1000000,1300473.38
252,lpush5,1000000,830684.38
252,lrange5,1000000,1187724.50
253,lpush5,1000000,821070.56
253,lrange5,1000000,1258022.62
254,lpush5,1000000,822421.06
254,lrange5,1000000,1280450.62
255,lpush5,1000000,827880.81
255,lrange5,1000000,1192200.25
256,lpush5,1000000,830578.06
256,lrange5,1000000,1292031.00
257,lpush5,1000000,829399.69
257,lrange5,1000000,1176865.88
258,lpush5,1000000,827827.88
258,lrange5,1000000,1256482.38
259,lpush5,1000000,830034.81
259,lrange5,1000000,1221020.75
260,lpush5,1000000,830737.56
260,lrange5,1000000,1288762.88
261,lpush5,1000000,843935.88
261,lrange5,1000000,1199328.50
262,lpush5,1000000,830564.81
262,lrange5,1000000,1258042.75
263,lpush5,1000000,839154.31
263,lrange5,1000000,1196478.38
264,lpush5,1000000,835421.88
264,lrange5,1000000,1300577.38
265,lpush5,1000000,836927.19
265,lrange5,1000000,1298909.12
266,lpush5,1000000,835595.62
266,lrange5,1000000,1261054.25
267,lpush5,1000000,826552.06
267,lrange5,1000000,1297224.38
268,lpush5,1000000,831494.62
268,lrange5,1000000,1197815.62
269,lpush5,1000000,830737.56
269,lrange5,1000000,1189384.00
270,lpush5,1000000,835649.12
270,lrange5,1000000,1197949.75
271,lpush5,1000000,833359.94
271,lrange5,1000000,1265903.75
272,lpush5,1000000,843183.81
272,lrange5,1000000,1193546.50
273,lpush5,1000000,834844.75
273,lrange5,1000000,1273885.25
274,lpush5,1000000,835568.88
274,lrange5,1000000,1239157.38
275,lpush5,1000000,821083.69
275,lrange5,1000000,1287186.62
276,lpush5,1000000,828513.69
276,lrange5,1000000,1200749.12
277,lpush5,1000000,823894.56
277,lrange5,1000000,1187838.50
278,lpush5,1000000,831348.31
278,lrange5,1000000,1308900.50
279,lpush5,1000000,836133.81
279,lrange5,1000000,1267508.25
280,lpush5,1000000,830804.00
280,lrange5,1000000,1250020.00
281,lpush5,1000000,842567.81
281,lrange5,1000000,1288907.12
282,lpush5,1000000,832852.62
282,lrange5,1000000,1297079.12
283,lpush5,1000000,837034.25
283,lrange5,1000000,1196401.88
284,lpush5,1000000,834804.69
284,lrange5,1000000,1309130.88
285,lpush5,1000000,834804.69
285,lrange5,1000000,1231684.75
286,lpush5,1000000,832639.50
286,lrange5,1000000,1197873.12
287,lpush5,1000000,834068.38
287,lrange5,1000000,1277323.12
288,lpush5,1000000,843935.88
288,lrange5,1000000,1187990.50
289,lpush5,1000000,839805.19
289,lrange5,1000000,1233164.00
290,lpush5,1000000,829240.50
290,lrange5,1000000,1189193.75
291,lpush5,1000000,825816.69
291,lrange5,1000000,1272366.38
292,lpush5,1000000,838939.56
292,lrange5,1000000,1309068.12
293,lpush5,1000000,830114.50
293,lrange5,1000000,1193432.00
294,lpush5,1000000,839832.06
294,lrange5,1000000,1205166.25
295,lpush5,1000000,833386.62
295,lrange5,1000000,1212121.25
296,lpush5,1000000,832093.19
296,lrange5,1000000,1189174.75
297,lpush5,1000000,828712.50
297,lrange5,1000000,1300494.12
298,lpush5,1000000,836927.19
298,lrange5,1000000,1251664.50
299,lpush5,1000000,829875.50
299,lrange5,1000000,1227092.00
300,lpush5,1000000,521979.12
300,lrange5,1000000,897680.44
301,lpush5,1000000,830564.81
301,lrange5,1000000,1275632.62
302,lpush5,1000000,827368.06
302,lrange5,1000000,1199040.75
303,lpush5,1000000,838370.50
303,lrange5,1000000,1264263.00
304,lpush5,1000000,825935.62
304,lrange5,1000000,1248459.38
305,lpush5,1000000,832799.38
305,lrange5,1000000,1253193.00
306,lpush5,1000000,831454.75
306,lrange5,1000000,1213669.88
307,lpush5,1000000,838223.00
307,lrange5,1000000,1292031.00
308,lpush5,1000000,834148.44
308,lrange5,1000000,1283738.12
309,lpush5,1000000,832905.94
309,lrange5,1000000,1246962.62
310,lpush5,1000000,823736.44
310,lrange5,1000000,1169740.38
311,lpush5,1000000,826499.12
311,lrange5,1000000,1292113.75
312,lpush5,1000000,828013.31
312,lrange5,1000000,1262666.62
313,lpush5,1000000,836887.00
313,lrange5,1000000,1293661.00
314,lpush5,1000000,832039.94
314,lrange5,1000000,1293868.00
315,lpush5,1000000,834778.00
315,lrange5,1000000,1295461.12
316,lpush5,1000000,836133.81
316,lrange5,1000000,1191933.25
317,lpush5,1000000,831960.06
317,lrange5,1000000,1236133.50
318,lpush5,1000000,829240.50
318,lrange5,1000000,1290384.50
319,lpush5,1000000,841150.56
319,lrange5,1000000,1256341.75
320,lpush5,1000000,829888.75
320,lrange5,1000000,1280471.12
321,lpush5,1000000,825267.31
321,lrange5,1000000,1272366.38
322,lpush5,1000000,834778.00
322,lrange5,1000000,1267589.38
323,lpush5,1000000,826499.12
323,lrange5,1000000,1272264.62
324,lpush5,1000000,836887.00
324,lrange5,1000000,1239276.38
325,lpush5,1000000,836940.56
325,lrange5,1000000,1278854.25
326,lpush5,1000000,843386.19
326,lrange5,1000000,1295378.25
327,lpush5,1000000,840336.12
327,lrange5,1000000,1292093.00
328,lpush5,1000000,831401.50
328,lrange5,1000000,1236252.12
329,lpush5,1000000,817831.50
329,lrange5,1000000,1190514.38
330,lpush5,1000000,824573.75
330,lrange5,1000000,1278977.00
331,lpush5,1000000,832786.00
331,lrange5,1000000,1183829.50
332,lpush5,1000000,823124.25
332,lrange5,1000000,1199443.62
333,lpush5,1000000,830737.56
333,lrange5,1000000,1197853.88
334,lpush5,1000000,829213.94
334,lrange5,1000000,1247002.50
335,lpush5,1000000,832826.00
335,lrange5,1000000,1224146.88
336,lpush5,1000000,823058.44
336,lrange5,1000000,1228520.88
337,lpush5,1000000,824521.00
337,lrange5,1000000,1282174.38
338,lpush5,1000000,839791.81
338,lrange5,1000000,1285449.88
339,lpush5,1000000,836334.44
339,lrange5,1000000,1282092.38
340,lpush5,1000000,839630.56
340,lrange5,1000000,1305629.25
341,lpush5,1000000,834831.44
341,lrange5,1000000,1310783.75
342,lpush5,1000000,820344.56
342,lrange5,1000000,1206542.88
343,lpush5,1000000,826472.69
343,lrange5,1000000,1310637.00
344,lpush5,1000000,833453.31
344,lrange5,1000000,1307231.38
345,lpush5,1000000,830034.81
345,lrange5,1000000,1291989.62
346,lpush5,1000000,821031.19
346,lrange5,1000000,1233144.25
347,lpush5,1000000,833386.62
347,lrange5,1000000,1303927.00
348,lpush5,1000000,826644.62
348,lrange5,1000000,1285429.25
349,lpush5,1000000,837614.75
349,lrange5,1000000,1186619.25
350,lpush5,1000000,831973.38
350,lrange5,1000000,1224303.62
351,lpush5,1000000,824573.75
351,lrange5,1000000,1264404.50
352,lpush5,1000000,831321.75
352,lrange5,1000000,1307231.38
353,lpush5,1000000,827169.56
353,lrange5,1000000,1290322.62
354,lpush5,1000000,827920.56
354,lrange5,1000000,1245369.88
355,lpush5,1000000,826472.69
355,lrange5,1000000,1287083.62
356,lpush5,1000000,830697.69
356,lrange5,1000000,1277302.75
357,lpush5,1000000,835515.44
357,lrange5,1000000,1210963.75
358,lpush5,1000000,827960.31
358,lrange5,1000000,1287186.62
359,lpush5,1000000,830087.94
359,lrange5,1000000,1280409.75
360,lpush5,1000000,829875.50
360,lrange5,1000000,1285388.12
361,lpush5,1000000,839670.88
361,lrange5,1000000,1199309.38
362,lpush5,1000000,829412.94
362,lrange5,1000000,1250060.00
363,lpush5,1000000,835475.31
363,lrange5,1000000,1207845.38
364,lpush5,1000000,832013.31
364,lrange5,1000000,1307273.25
365,lpush5,1000000,833439.94
365,lrange5,1000000,1288721.62
366,lpush5,1000000,836133.81
366,lrange5,1000000,1293806.00
367,lpush5,1000000,834778.00
367,lrange5,1000000,828500.38
368,lpush5,1000000,823045.25
368,lrange5,1000000,1245469.50
369,lpush5,1000000,832106.50
369,lrange5,1000000,1233183.75
370,lpush5,1000000,827301.94
370,lrange5,1000000,1205166.25
371,lpush5,1000000,834121.75
371,lrange5,1000000,1273905.75
372,lpush5,1000000,833359.94
372,lrange5,1000000,1297203.62
373,lpush5,1000000,830724.25
373,lrange5,1000000,1231546.88
374,lpush5,1000000,838979.81
374,lrange5,1000000,1202269.25
375,lpush5,1000000,836860.19
375,lrange5,1000000,1287227.75
376,lpush5,1000000,834791.38
376,lrange5,1000000,1278833.75
377,lpush5,1000000,842635.19
377,lrange5,1000000,1201942.25
378,lpush5,1000000,830764.12
378,lrange5,1000000,1254865.75
379,lpush5,1000000,823828.69
379,lrange5,1000000,849658.44
380,lpush5,1000000,821784.69
380,lrange5,1000000,812425.69
381,lpush5,1000000,743494.44
381,lrange5,1000000,1283717.62
382,lpush5,1000000,829968.44
382,lrange5,1000000,1300410.88
383,lpush5,1000000,825922.38
383,lrange5,1000000,1270729.38
384,lpush5,1000000,827262.19
384,lrange5,1000000,1197758.12
385,lpush5,1000000,823775.94
385,lrange5,1000000,1304010.38
386,lpush5,1000000,834871.50
386,lrange5,1000000,1303864.38
387,lpush5,1000000,829359.88
387,lrange5,1000000,1269218.25
388,lpush5,1000000,821850.44
388,lrange5,1000000,1215086.25
389,lpush5,1000000,819131.88
389,lrange5,1000000,1298888.38
390,lpush5,1000000,824547.38
390,lrange5,1000000,1282092.38
391,lpush5,1000000,823084.75
391,lrange5,1000000,1210692.50
392,lpush5,1000000,823124.25
392,lrange5,1000000,1259486.12
393,lpush5,1000000,826446.25
393,lrange5,1000000,1305712.88
394,lpush5,1000000,828513.69
394,lrange5,1000000,1245429.62
395,lpush5,1000000,818500.81
395,lrange5,1000000,1282215.38
396,lpush5,1000000,827854.31
396,lrange5,1000000,1278956.50
397,lpush5,1000000,835488.69
397,lrange5,1000000,1277261.88
398,lpush5,1000000,825188.12
398,lrange5,1000000,1261074.38
399,lpush5,1000000,824402.25
399,lrange5,1000000,1270770.00
400,lpush5,1000000,840484.00
400,lrange5,1000000,1302125.00
401,lpush5,1000000,825988.44
401,lrange5,1000000,1234607.38
402,lpush5,1000000,819711.44
402,lrange5,1000000,1274109.50
403,lpush5,1000000,825201.31
403,lrange5,1000000,1190704.75
404,lpush5,1000000,832652.81
404,lrange5,1000000,1165799.50
405,lpush5,1000000,828513.69
405,lrange5,1000000,1282092.38
406,lpush5,1000000,839832.06
406,lrange5,1000000,1282236.00
407,lpush5,1000000,834241.88
407,lrange5,1000000,1236271.88
408,lpush5,1000000,830710.94
408,lrange5,1000000,1200614.62
409,lpush5,1000000,832119.81
409,lrange5,1000000,1239236.75
410,lpush5,1000000,836133.81
410,lrange5,1000000,1240754.38
411,lpush5,1000000,827814.62
411,lrange5,1000000,1297058.38
412,lpush5,1000000,836900.38
412,lrange5,1000000,1275653.12
413,lpush5,1000000,836307.69
413,lrange5,1000000,1280614.62
414,lpush5,1000000,830578.06
414,lrange5,1000000,1231527.12
415,lpush5,1000000,827947.06
415,lrange5,1000000,1269076.12
416,lpush5,1000000,825108.88
416,lrange5,1000000,1240754.38
417,lpush5,1000000,839127.50
417,lrange5,1000000,1309151.88
418,lpush5,1000000,829213.94
418,lrange5,1000000,1199290.12
419,lpush5,1000000,829240.50
419,lrange5,1000000,1277139.25
420,lpush5,1000000,834041.69
420,lrange5,1000000,1258083.00
421,lpush5,1000000,833546.62
421,lrange5,1000000,781860.81
422,lpush5,1000000,640656.00
422,lrange5,1000000,1290508.38
423,lpush5,1000000,823881.38
423,lrange5,1000000,1282071.88
424,lpush5,1000000,823749.62
424,lrange5,1000000,1253152.88
425,lpush5,1000000,827867.56
425,lrange5,1000000,1285470.50
426,lpush5,1000000,827986.81
426,lrange5,1000000,1274068.75
427,lpush5,1000000,829320.06
427,lrange5,1000000,1302166.62
428,lpush5,1000000,828593.19
428,lrange5,1000000,1300452.50
429,lpush5,1000000,834255.19
429,lrange5,1000000,1303989.50
430,lpush5,1000000,836967.31
430,lrange5,1000000,1300535.75
431,lpush5,1000000,827262.19
431,lrange5,1000000,1264303.38
432,lpush5,1000000,840403.31
432,lrange5,1000000,1298763.62
433,lpush5,1000000,829293.56
433,lrange5,1000000,1254725.25
434,lpush5,1000000,821123.12
434,lrange5,1000000,1076426.25
435,lpush5,1000000,829187.44
435,lrange5,1000000,1261094.62
436,lpush5,1000000,841818.19
436,lrange5,1000000,1272264.62
437,lpush5,1000000,830578.06
437,lrange5,1000000,1303968.62
438,lpush5,1000000,824455.00
438,lrange5,1000000,1303780.88
439,lpush5,1000000,838236.44
439,lrange5,1000000,1293806.00
440,lpush5,1000000,832119.81
440,lrange5,1000000,1307231.38
441,lpush5,1000000,831986.69
441,lrange5,1000000,1218163.25
442,lpush5,1000000,819171.19
442,lrange5,1000000,1298784.50
443,lpush5,1000000,832852.62
443,lrange5,1000000,1207787.38
444,lpush5,1000000,832639.50
444,lrange5,1000000,1227131.25
445,lpush5,1000000,835555.56
445,lrange5,1000000,1250040.00
446,lpush5,1000000,829941.88
446,lrange5,1000000,1307398.75
447,lpush5,1000000,825763.88
447,lrange5,1000000,1272325.62
448,lpush5,1000000,819118.81
448,lrange5,1000000,1202307.62
449,lpush5,1000000,837628.12
449,lrange5,1000000,1194876.88
450,lpush5,1000000,825816.69
450,lrange5,1000000,1179490.62
451,lpush5,1000000,829941.88
451,lrange5,1000000,1285552.75
452,lpush5,1000000,833373.31
452,lrange5,1000000,1280430.25
453,lpush5,1000000,836173.94
453,lrange5,1000000,1248539.38
454,lpush5,1000000,834924.94
454,lrange5,1000000,1282112.88
455,lpush5,1000000,835475.31
455,lrange5,1000000,1202000.00
456,lpush5,1000000,830604.62
456,lrange5,1000000,1295585.50
457,lpush5,1000000,837534.31
457,lrange5,1000000,1292155.00
458,lpush5,1000000,827841.12
458,lrange5,1000000,1267427.12
459,lpush5,1000000,829981.69
459,lrange5,1000000,1189212.88
460,lpush5,1000000,827129.88
460,lrange5,1000000,1246922.75
461,lpush5,1000000,834028.38
461,lrange5,1000000,1278772.38
462,lpush5,1000000,822513.19
462,lrange5,1000000,1282112.88
463,lpush5,1000000,839697.75
463,lrange5,1000000,1278936.00
464,lpush5,1000000,828553.44
464,lrange5,1000000,1242414.88
465,lpush5,1000000,838979.81
465,lrange5,1000000,1303780.88
466,lpush5,1000000,836280.94
466,lrange5,1000000,1267690.75
467,lpush5,1000000,831481.31
467,lrange5,1000000,1190647.62
468,lpush5,1000000,832706.12
468,lrange5,1000000,1198045.50
469,lpush5,1000000,831321.75
469,lrange5,1000000,1298763.62
470,lpush5,1000000,831255.25
470,lrange5,1000000,1293702.50
471,lpush5,1000000,839073.81
471,lrange5,1000000,1270668.38
472,lpush5,1000000,832666.12
472,lrange5,1000000,1269035.50
473,lpush5,1000000,833346.62
473,lrange5,1000000,1288762.88
474,lpush5,1000000,831308.44
474,lrange5,1000000,1196325.38
475,lpush5,1000000,831946.75
475,lrange5,1000000,1295481.88
476,lpush5,1000000,828513.69
476,lrange5,1000000,1282174.38
477,lpush5,1000000,820397.06
477,lrange5,1000000,1245409.75
478,lpush5,1000000,831986.69
478,lrange5,1000000,1253173.00
479,lpush5,1000000,827315.12
479,lrange5,1000000,1262666.62
480,lpush5,1000000,834938.25
480,lrange5,1000000,1305608.38
481,lpush5,1000000,839020.12
481,lrange5,1000000,1259445.75
482,lpush5,1000000,825148.50
482,lrange5,1000000,1290343.25
483,lpush5,1000000,838290.06
483,lrange5,1000000,1202038.38
484,lpush5,1000000,835542.19
484,lrange5,1000000,1176527.00
485,lpush5,1000000,834028.38
485,lrange5,1000000,1283717.62
486,lpush5,1000000,832652.81
486,lrange5,1000000,1253152.88
487,lpush5,1000000,836820.06
487,lrange5,1000000,1290405.25
488,lpush5,1000000,834108.44
488,lrange5,1000000,1293868.00
489,lpush5,1000000,840497.44
489,lrange5,1000000,1245628.88
490,lpush5,1000000,835635.75
490,lrange5,1000000,1275530.62
491,lpush5,1000000,837628.12
491,lrange5,1000000,1290322.62
492,lpush5,1000000,833333.31
492,lrange5,1000000,1280512.12
493,lpush5,1000000,829902.06
493,lrange5,1000000,1175351.38
494,lpush5,1000000,836833.44
494,lrange5,1000000,1196574.12
495,lpush5,1000000,835595.62
495,lrange5,1000000,1199060.00
496,lpush5,1000000,832652.81
496,lrange5,1000000,1202250.00
497,lpush5,1000000,836294.31
497,lrange5,1000000,1166879.88
498,lpush5,1000000,832133.12
498,lrange5,1000000,1270668.38
499,lpush5,1000000,832079.88
499,lrange5,1000000,1246882.88
500,lpush5,1000000,830021.56
500,lrange5,1000000,1302104.12
501,lpush5,1000000,829240.50
501,lrange5,1000000,1248499.38
502,lpush5,1000000,834764.62
502,lrange5,1000000,1283738.12
503,lpush5,1000000,841123.62
503,lrange5,1000000,1254705.12
504,lpush5,1000000,838993.25
504,lrange5,1000000,1196248.75
505,lpush5,1000000,832119.81
505,lrange5,1000000,1193699.25
506,lpush5,1000000,843989.94
506,lrange5,1000000,1292010.38
507,lpush5,1000000,830644.50
507,lrange5,1000000,1250160.00
508,lpush5,1000000,837574.56
508,lrange5,1000000,1275653.12
509,lpush5,1000000,833493.31
509,lrange5,1000000,1293764.50
510,lpush5,1000000,832639.50
510,lrange5,1000000,1282071.88
511,lpush5,1000000,829941.88
511,lrange5,1000000,1305483.12
512,lpush5,1000000,832666.12
512,lrange5,1000000,1246882.88
513,lpush5,1000000,826657.81
513,lrange5,1000000,1197739.00
514,lpush5,1000000,837520.94
514,lrange5,1000000,1298826.00
515,lpush5,1000000,836994.12
515,lrange5,1000000,1297037.62
516,lpush5,1000000,831268.50
516,lrange5,1000000,1300494.12
517,lpush5,1000000,830564.81
517,lrange5,1000000,1254765.38
518,lpush5,1000000,834844.75
518,lrange5,1000000,1264222.50
519,lpush5,1000000,774717.25
519,lrange5,1000000,1193412.88
520,lpush5,1000000,834148.44
520,lrange5,1000000,1231704.50
521,lpush5,1000000,830578.06
521,lrange5,1000000,1300390.12
522,lpush5,1000000,832000.00
522,lrange5,1000000,1264283.12
523,lpush5,1000000,831268.50
523,lrange5,1000000,1280450.62
524,lpush5,1000000,827354.88
524,lrange5,1000000,1295378.25
525,lpush5,1000000,830564.81
525,lrange5,1000000,1189250.88
526,lpush5,1000000,834041.69
526,lrange5,1000000,1298805.25
527,lpush5,1000000,835609.00
527,lrange5,1000000,1246962.62
528,lpush5,1000000,831308.44
528,lrange5,1000000,1250080.00
529,lpush5,1000000,833506.62
529,lrange5,1000000,1285532.12
530,lpush5,1000000,826459.50
530,lrange5,1000000,1275673.50
531,lpush5,1000000,832652.81
531,lrange5,1000000,1305629.25
532,lpush5,1000000,843170.31
532,lrange5,1000000,1150932.12
533,lpush5,1000000,824547.38
533,lrange5,1000000,1253213.12
534,lpush5,1000000,841083.25
534,lrange5,1000000,1287124.88
535,lpush5,1000000,832639.50
535,lrange5,1000000,1267650.25
536,lpush5,1000000,832639.50
536,lrange5,1000000,1285552.75
537,lpush5,1000000,832652.81
537,lrange5,1000000,1278956.50
538,lpush5,1000000,841804.75
538,lrange5,1000000,1285470.50
539,lpush5,1000000,830591.38
539,lrange5,1000000,1251744.62
540,lpush5,1000000,838223.00
540,lrange5,1000000,1285347.00
541,lpush5,1000000,839738.06
541,lrange5,1000000,1300410.88
542,lpush5,1000000,849767.19
542,lrange5,1000000,1285367.62
543,lpush5,1000000,836280.94
543,lrange5,1000000,1234745.62
544,lpush5,1000000,836133.81
544,lrange5,1000000,1203446.50
545,lpush5,1000000,834135.12
545,lrange5,1000000,1194896.00
546,lpush5,1000000,837061.06
546,lrange5,1000000,1283717.62
547,lpush5,1000000,841123.62
547,lrange5,1000000,1298701.38
548,lpush5,1000000,834737.94
548,lrange5,1000000,1287001.25
549,lpush5,1000000,844111.44
549,lrange5,1000000,1287001.25
550,lpush5,1000000,829346.62
550,lrange5,1000000,1282092.38
551,lpush5,1000000,828526.94
551,lrange5,1000000,1245509.38
552,lpush5,1000000,832879.31
552,lrange5,1000000,1259466.00
553,lpush5,1000000,842500.38
553,lrange5,1000000,1278977.00
554,lpush5,1000000,835421.88
554,lrange5,1000000,1298867.62
555,lpush5,1000000,830617.94
555,lrange5,1000000,1295481.88
556,lpush5,1000000,833506.62
556,lrange5,1000000,1298909.12
557,lpush5,1000000,839684.31
557,lrange5,1000000,1278813.25
558,lpush5,1000000,831973.38
558,lrange5,1000000,1192314.62
559,lpush5,1000000,825803.50
559,lrange5,1000000,855664.62
560,lpush5,1000000,834737.94
560,lrange5,1000000,1278874.62
561,lpush5,1000000,822539.50
561,lrange5,1000000,1283902.50
562,lpush5,1000000,825267.31
562,lrange5,1000000,1282051.38
563,lpush5,1000000,829240.50
563,lrange5,1000000,1269035.50
564,lpush5,1000000,846037.19
564,lrange5,1000000,1179377.38
565,lpush5,1000000,834724.56
565,lrange5,1000000,1191895.12
566,lpush5,1000000,834898.19
566,lrange5,1000000,1290322.62
567,lpush5,1000000,824468.25
567,lrange5,1000000,1200787.50
568,lpush5,1000000,825896.00
568,lrange5,1000000,1189060.62
569,lpush5,1000000,821692.69
569,lrange5,1000000,1285532.12
570,lpush5,1000000,836833.44
570,lrange5,1000000,1282153.88
571,lpush5,1000000,834161.81
571,lrange5,1000000,1274068.75
572,lpush5,1000000,837007.50
572,lrange5,1000000,1278874.62
573,lpush5,1000000,834778.00
573,lrange5,1000000,1280676.00
574,lpush5,1000000,836887.00
574,lrange5,1000000,1251624.50
575,lpush5,1000000,838370.50
575,lrange5,1000000,1288783.50
576,lpush5,1000000,841750.88
576,lrange5,1000000,1264445.00
577,lpush5,1000000,830604.62
577,lrange5,1000000,1261034.12
578,lpush5,1000000,835502.06
578,lrange5,1000000,1288721.62
579,lpush5,1000000,831401.50
579,lrange5,1000000,1300410.88
580,lpush5,1000000,834148.44
580,lrange5,1000000,1295481.88
581,lpush5,1000000,830617.94
581,lrange5,1000000,1293661.00
582,lpush5,1000000,832692.75
582,lrange5,1000000,1193546.50
583,lpush5,1000000,836913.75
583,lrange5,1000000,1224225.25
584,lpush5,1000000,836820.06
584,lrange5,1000000,1287166.00
585,lpush5,1000000,837520.94
585,lrange5,1000000,1298846.75
586,lpush5,1000000,836873.62
586,lrange5,1000000,1280696.50
587,lpush5,1000000,830724.25
587,lrange5,1000000,1300702.25
588,lpush5,1000000,826499.12
588,lrange5,1000000,1257861.62
589,lpush5,1000000,827209.25
589,lrange5,1000000,1118962.00
590,lpush5,1000000,846186.12
590,lrange5,1000000,1186296.62
591,lpush5,1000000,832746.06
591,lrange5,1000000,1257982.38
592,lpush5,1000000,830631.25
592,lrange5,1000000,1275693.88
593,lpush5,1000000,836873.62
593,lrange5,1000000,1297058.38
594,lpush5,1000000,838276.62
594,lrange5,1000000,1288804.12
595,lpush5,1000000,829346.62
595,lrange5,1000000,1270749.62
596,lpush5,1000000,832133.12
596,lrange5,1000000,1242236.00
597,lpush5,1000000,828712.50
597,lrange5,1000000,1300577.38
598,lpush5,1000000,834068.38
598,lrange5,1000000,1192047.75
599,lpush5,1000000,833493.31
599,lrange5,1000000,1234706.12
600,lpush5,1000000,836280.94
600,lrange5,1000000,1287124.88
601,lpush5,1000000,843237.81
601,lrange5,1000000,1288886.50
602,lpush5,1000000,830578.06
602,lrange5,1000000,1269035.50
603,lpush5,1000000,825896.00
603,lrange5,1000000,1270851.38
604,lpush5,1000000,829955.19
604,lrange5,1000000,1259566.75
605,lpush5,1000000,829267.00
605,lrange5,1000000,1270709.00
606,lpush5,1000000,836280.94
606,lrange5,1000000,1205185.62
607,lpush5,1000000,838236.44
607,lrange5,1000000,1233065.38
608,lpush5,1000000,828526.94
608,lrange5,1000000,1187724.50
609,lpush5,1000000,846740.06
609,lrange5,1000000,1283758.75
610,lpush5,1000000,841217.81
610,lrange5,1000000,1200576.25
611,lpush5,1000000,838410.75
611,lrange5,1000000,1274068.75
612,lpush5,1000000,831428.12
612,lrange5,1000000,1300390.12
613,lpush5,1000000,832772.69
613,lrange5,1000000,1265863.25
614,lpush5,1000000,835475.31
614,lrange5,1000000,1298701.38
615,lpush5,1000000,834724.56
615,lrange5,1000000,1273946.50
616,lpush5,1000000,833426.62
616,lrange5,1000000,1193584.75
617,lpush5,1000000,838370.50
617,lrange5,1000000,1193584.75
618,lpush5,1000000,838397.38
618,lrange5,1000000,1290425.88
619,lpush5,1000000,827880.81
619,lrange5,1000000,1287227.75
620,lpush5,1000000,839006.69
620,lrange5,1000000,1200499.38
621,lpush5,1000000,836133.81
621,lrange5,1000000,1277221.00
622,lpush5,1000000,835421.88
622,lrange5,1000000,1201980.75
623,lpush5,1000000,836820.06
623,lrange5,1000000,1303801.75
624,lpush5,1000000,834241.88
624,lrange5,1000000,1240873.50
625,lpush5,1000000,828659.50
625,lrange5,1000000,1300452.50
626,lpush5,1000000,842527.38
626,lrange5,1000000,1282153.88
627,lpush5,1000000,836240.81
627,lrange5,1000000,1305483.12
628,lpush5,1000000,834737.94
628,lrange5,1000000,1189136.75
629,lpush5,1000000,833466.62
629,lrange5,1000000,1283964.12
630,lpush5,1000000,829968.44
630,lrange5,1000000,1292010.38
631,lpush5,1000000,833453.31
631,lrange5,1000000,1272305.38
632,lpush5,1000000,839684.31
632,lrange5,1000000,1225588.25
633,lpush5,1000000,829240.50
633,lrange5,1000000,1203504.25
634,lpush5,1000000,831960.06
634,lrange5,1000000,1200518.62
635,lpush5,1000000,835475.31
635,lrange5,1000000,1186657.12
636,lpush5,1000000,831268.50
636,lrange5,1000000,1205050.62
637,lpush5,1000000,835475.31
637,lrange5,1000000,1292031.00
638,lpush5,1000000,829240.50
638,lrange5,1000000,1197739.00
639,lpush5,1000000,836927.19
639,lrange5,1000000,1253293.25
640,lpush5,1000000,821123.12
640,lrange5,1000000,1237702.88
641,lpush5,1000000,837654.94
641,lrange5,1000000,1297079.12
642,lpush5,1000000,827169.56
642,lrange5,1000000,1298742.88
643,lpush5,1000000,836913.75
643,lrange5,1000000,1300598.25
644,lpush5,1000000,823111.06
644,lrange5,1000000,1205127.75
645,lpush5,1000000,836913.75
645,lrange5,1000000,1250180.00
646,lpush5,1000000,834108.44
646,lrange5,1000000,1283697.12
647,lpush5,1000000,841271.62
647,lrange5,1000000,1209189.75
648,lpush5,1000000,825777.06
648,lrange5,1000000,1282092.38
649,lpush5,1000000,842608.25
649,lrange5,1000000,1280491.62
650,lpush5,1000000,834028.38
650,lrange5,1000000,1251564.38
651,lpush5,1000000,832865.94
651,lrange5,1000000,1228560.12
652,lpush5,1000000,832093.19
652,lrange5,1000000,1305629.25
653,lpush5,1000000,829200.69
653,lrange5,1000000,1265984.75
654,lpush5,1000000,839697.75
654,lrange5,1000000,1283758.75
655,lpush5,1000000,829941.88
655,lrange5,1000000,1202192.25
656,lpush5,1000000,835635.75
656,lrange5,1000000,1199251.75
657,lpush5,1000000,836147.19
657,lrange5,1000000,1292093.00
658,lpush5,1000000,842554.31
658,lrange5,1000000,1179264.12
659,lpush5,1000000,825763.88
659,lrange5,1000000,1236311.50
660,lpush5,1000000,832759.38
660,lrange5,1000000,1248619.25
661,lpush5,1000000,838263.25
661,lrange5,1000000,1139225.50
662,lpush5,1000000,838966.44
662,lrange5,1000000,1237663.38
663,lpush5,1000000,833346.62
663,lrange5,1000000,1278854.25
664,lpush5,1000000,829928.62
664,lrange5,1000000,1300535.75
665,lpush5,1000000,833493.31
665,lrange5,1000000,1295399.00
666,lpush5,1000000,828513.69
666,lrange5,1000000,1187895.50
667,lpush5,1000000,833386.62
667,lrange5,1000000,1257901.88
668,lpush5,1000000,825975.25
668,lrange5,1000000,1270709.00
669,lpush5,1000000,838926.12
669,lrange5,1000000,1278772.38
670,lpush5,1000000,828553.44
670,lrange5,1000000,1200518.62
671,lpush5,1000000,834871.50
671,lrange5,1000000,1256341.75
672,lpush5,1000000,836927.19
672,lrange5,1000000,1240893.25
673,lpush5,1000000,834201.81
673,lrange5,1000000,1298909.12
674,lpush5,1000000,823907.75
674,lrange5,1000000,1283840.88
675,lpush5,1000000,834898.19
675,lrange5,1000000,1253173.00
676,lpush5,1000000,836133.81
676,lrange5,1000000,1278956.50
677,lpush5,1000000,832146.44
677,lrange5,1000000,1300535.75
678,lpush5,1000000,835435.25
678,lrange5,1000000,1188085.50
679,lpush5,1000000,833453.31
679,lrange5,1000000,1277282.25
680,lpush5,1000000,838343.69
680,lrange5,1000000,1202307.62
681,lpush5,1000000,838979.81
681,lrange5,1000000,1275591.88
682,lpush5,1000000,834055.06
682,lrange5,1000000,1305545.75
683,lpush5,1000000,836361.19
683,lrange5,1000000,1273885.25
684,lpush5,1000000,826512.38
684,lrange5,1000000,1253213.12
685,lpush5,1000000,832746.06
685,lrange5,1000000,1285449.88
686,lpush5,1000000,829941.88
686,lrange5,1000000,1020620.38
687,lpush5,1000000,823934.12
687,lrange5,1000000,1280491.62
688,lpush5,1000000,830578.06
688,lrange5,1000000,1277302.75
689,lpush5,1000000,836307.69
689,lrange5,1000000,1250300.00
690,lpush5,1000000,833506.62
690,lrange5,1000000,1209247.88
691,lpush5,1000000,838236.44
691,lrange5,1000000,1245330.00
692,lpush5,1000000,838236.44
692,lrange5,1000000,1283881.88
693,lpush5,1000000,832093.19
693,lrange5,1000000,1195125.38
694,lpush5,1000000,834041.69
694,lrange5,1000000,1282112.88
695,lpush5,1000000,834871.50
695,lrange5,1000000,1290405.25
696,lpush5,1000000,840430.19
696,lrange5,1000000,1308942.38
697,lpush5,1000000,828513.69
697,lrange5,1000000,1292155.00
698,lpush5,1000000,836307.69
698,lrange5,1000000,1308942.38
699,lpush5,1000000,825763.88
699,lrange5,1000000,1202192.25
700,lpush5,1000000,828540.19
700,lrange5,1000000,1192314.62
701,lpush5,1000000,833453.31
701,lrange5,1000000,1204954.25
702,lpush5,1000000,825975.25
702,lrange5,1000000,1278895.12
703,lpush5,1000000,831428.12
703,lrange5,1000000,1265924.00
704,lpush5,1000000,826499.12
704,lrange5,1000000,1204877.12
705,lpush5,1000000,828672.75
705,lrange5,1000000,1209209.12
706,lpush5,1000000,841939.44
706,lrange5,1000000,1295336.75
707,lpush5,1000000,824441.81
707,lrange5,1000000,1285429.25
708,lpush5,1000000,832039.94
708,lrange5,1000000,1287063.00
709,lpush5,1000000,833506.62
709,lrange5,1000000,1202076.88
710,lpush5,1000000,829240.50
710,lrange5,1000000,1248599.25
711,lpush5,1000000,837561.12
711,lrange5,1000000,1293847.38
712,lpush5,1000000,825975.25
712,lrange5,1000000,1282112.88
713,lpush5,1000000,830061.38
713,lrange5,1000000,1288907.12
714,lpush5,1000000,833386.62
714,lrange5,1000000,1267569.12
715,lpush5,1000000,834778.00
715,lrange5,1000000,1203465.75
716,lpush5,1000000,834737.94
716,lrange5,1000000,1277180.12
717,lpush5,1000000,841750.88
717,lrange5,1000000,1302104.12
718,lpush5,1000000,834898.19
718,lrange5,1000000,1303843.50
719,lpush5,1000000,839644.00
719,lrange5,1000000,1290487.75
720,lpush5,1000000,833493.31
720,lrange5,1000000,1308963.38
721,lpush5,1000000,832692.75
721,lrange5,1000000,1285347.00
722,lpush5,1000000,836846.81
722,lrange5,1000000,1194876.88
723,lpush5,1000000,827354.88
723,lrange5,1000000,1283779.25
724,lpush5,1000000,840336.12
724,lrange5,1000000,1307231.38
725,lpush5,1000000,833346.62
725,lrange5,1000000,1265924.00
726,lpush5,1000000,838410.75
726,lrange5,1000000,1237663.38
727,lpush5,1000000,825856.31
727,lrange5,1000000,1288783.50
728,lpush5,1000000,836887.00
728,lrange5,1000000,1293661.00
729,lpush5,1000000,827182.81
729,lrange5,1000000,1302125.00
730,lpush5,1000000,832679.44
730,lrange5,1000000,1305671.12
731,lpush5,1000000,840457.12
731,lrange5,1000000,1285388.12
732,lpush5,1000000,830737.56
732,lrange5,1000000,1195144.50
733,lpush5,1000000,825856.31
733,lrange5,1000000,1264222.50
734,lpush5,1000000,826538.81
734,lrange5,1000000,1254885.88
735,lpush5,1000000,829399.69
735,lrange5,1000000,1288659.75
736,lpush5,1000000,825935.62
736,lrange5,1000000,1292217.12
737,lpush5,1000000,827907.31
737,lrange5,1000000,1280471.12
738,lpush5,1000000,829981.69
738,lrange5,1000000,1303906.12
739,lpush5,1000000,824441.81
739,lrange5,1000000,1256442.25
740,lpush5,1000000,836227.44
740,lrange5,1000000,1288845.38
741,lpush5,1000000,832053.25
741,lrange5,1000000,1209538.00
742,lpush5,1000000,824600.12
742,lrange5,1000000,1275714.38
743,lpush5,1000000,831960.06
743,lrange5,1000000,1236192.75
744,lpush5,1000000,834095.06
744,lrange5,1000000,1283779.25
745,lpush5,1000000,836120.44
745,lrange5,1000000,1303927.00
746,lpush5,1000000,833546.62
746,lrange5,1000000,1231606.00
747,lpush5,1000000,835542.19
747,lrange5,1000000,1298722.12
748,lpush5,1000000,823802.31
748,lrange5,1000000,1302250.00
749,lpush5,1000000,818396.06
749,lrange5,1000000,1295523.25
750,lpush5,1000000,829240.50
750,lrange5,1000000,1287145.38
751,lpush5,1000000,838223.00
751,lrange5,1000000,1298701.38
752,lpush5,1000000,823762.75
752,lrange5,1000000,1245409.75
753,lpush5,1000000,826552.06
753,lrange5,1000000,1285593.88
754,lpush5,1000000,839046.94
754,lrange5,1000000,1198026.38
755,lpush5,1000000,824626.50
755,lrange5,1000000,1248439.50
756,lpush5,1000000,834871.50
756,lrange5,1000000,1180996.50
757,lpush5,1000000,834831.44
757,lrange5,1000000,1295523.25
758,lpush5,1000000,832679.44
758,lrange5,1000000,1295378.25
759,lpush5,1000000,834804.69
759,lrange5,1000000,1310616.00
760,lpush5,1000000,828026.50
760,lrange5,1000000,1196191.38
761,lpush5,1000000,832053.25
761,lrange5,1000000,1207729.50
762,lpush5,1000000,829280.31
762,lrange5,1000000,1204915.62
763,lpush5,1000000,842581.25
763,lrange5,1000000,1308921.50
764,lpush5,1000000,838316.88
764,lrange5,1000000,1261215.62
765,lpush5,1000000,839711.19
765,lrange5,1000000,1277200.50
766,lpush5,1000000,834898.19
766,lrange5,1000000,1308984.25
767,lpush5,1000000,827986.81
767,lrange5,1000000,1305671.12
768,lpush5,1000000,843359.19
768,lrange5,1000000,1295481.88
769,lpush5,1000000,825122.12
769,lrange5,1000000,1309026.12
770,lpush5,1000000,832746.06
770,lrange5,1000000,1288742.25
771,lpush5,1000000,838993.25
771,lrange5,1000000,1202057.62
772,lpush5,1000000,836187.31
772,lrange5,1000000,1285429.25
773,lpush5,1000000,841056.31
773,lrange5,1000000,1277139.25
774,lpush5,1000000,827894.06
774,lrange5,1000000,1290405.25
775,lpush5,1000000,830074.69
775,lrange5,1000000,1292134.38
776,lpush5,1000000,836187.31
776,lrange5,1000000,1288701.00
777,lpush5,1000000,828593.19
777,lrange5,1000000,1310804.75
778,lpush5,1000000,833453.31
778,lrange5,1000000,1292010.38
779,lpush5,1000000,839805.19
779,lrange5,1000000,1310783.75
780,lpush5,1000000,834871.50
780,lrange5,1000000,1196555.00
781,lpush5,1000000,830631.25
781,lrange5,1000000,1275612.25
782,lpush5,1000000,831308.44
782,lrange5,1000000,1290425.88
783,lpush5,1000000,839630.56
783,lrange5,1000000,1180826.50
784,lpush5,1000000,832159.69
784,lrange5,1000000,1245489.50
785,lpush5,1000000,823920.94
785,lrange5,1000000,1283779.25
786,lpush5,1000000,832732.75
786,lrange5,1000000,1192200.25
787,lpush5,1000000,832066.56
787,lrange5,1000000,1199462.88
788,lpush5,1000000,828000.06
788,lrange5,1000000,1248519.38
789,lpush5,1000000,841096.69
789,lrange5,1000000,1197796.50
790,lpush5,1000000,834898.19
790,lrange5,1000000,1275530.62
791,lpush5,1000000,820436.44
791,lrange5,1000000,1197719.75
792,lpush5,1000000,832106.50
792,lrange5,1000000,1197681.50
793,lpush5,1000000,821083.69
793,lrange5,1000000,1199060.00
794,lpush5,1000000,832053.25
794,lrange5,1000000,1253213.12
795,lpush5,1000000,836120.44
795,lrange5,1000000,1308942.38
796,lpush5,1000000,833413.31
796,lrange5,1000000,1287042.50
797,lpush5,1000000,828540.19
797,lrange5,1000000,1305671.12
798,lpush5,1000000,836307.69
798,lrange5,1000000,1203619.75
799,lpush5,1000000,834228.50
799,lrange5,1000000,1280594.12
800,lpush5,1000000,833333.31
800,lrange5,1000000,1187971.50
801,lpush5,1000000,824415.44
801,lrange5,1000000,1231546.88
802,lpush5,1000000,828553.44
802,lrange5,1000000,1222650.38
803,lpush5,1000000,826591.69
803,lrange5,1000000,1282071.88
804,lpush5,1000000,841750.88
804,lrange5,1000000,1203504.25
805,lpush5,1000000,834201.81
805,lrange5,1000000,1300452.50
806,lpush5,1000000,832719.44
806,lrange5,1000000,1243980.12
807,lpush5,1000000,829306.81
807,lrange5,1000000,1310783.75
808,lpush5,1000000,833413.31
808,lrange5,1000000,1254946.00
809,lpush5,1000000,840403.31
809,lrange5,1000000,1207942.00
810,lpush5,1000000,833386.62
810,lrange5,1000000,1274028.00
811,lpush5,1000000,834858.12
811,lrange5,1000000,1200768.25
812,lpush5,1000000,835475.31
812,lrange5,1000000,1253132.88
813,lpush5,1000000,832106.50
813,lrange5,1000000,1280614.62
814,lpush5,1000000,823097.94
814,lrange5,1000000,1274068.75
815,lpush5,1000000,827196.06
815,lrange5,1000000,1203754.50
816,lpush5,1000000,819816.38
816,lrange5,1000000,1171166.38
817,lpush5,1000000,834161.81
817,lrange5,1000000,1240694.75
818,lpush5,1000000,839140.94
818,lrange5,1000000,1292175.75
819,lpush5,1000000,841872.06
819,lrange5,1000000,1287042.50
820,lpush5,1000000,829928.62
820,lrange5,1000000,1259586.88
821,lpush5,1000000,832053.25
821,lrange5,1000000,1274068.75
822,lpush5,1000000,834831.44
822,lrange5,1000000,1300410.88
823,lpush5,1000000,834924.94
823,lrange5,1000000,1288721.62
824,lpush5,1000000,831321.75
824,lrange5,1000000,1205204.88
825,lpush5,1000000,826604.94
825,lrange5,1000000,1213747.62
826,lpush5,1000000,828646.19
826,lrange5,1000000,1190533.38
827,lpush5,1000000,831308.44
827,lrange5,1000000,1195163.62
828,lpush5,1000000,834081.75
828,lrange5,1000000,1197604.88
829,lpush5,1000000,834081.75
829,lrange5,1000000,1257861.62
830,lpush5,1000000,829359.88
830,lrange5,1000000,1293681.75
831,lpush5,1000000,833493.31
831,lrange5,1000000,1203793.12
832,lpush5,1000000,830114.50
832,lrange5,1000000,1295357.50
833,lpush5,1000000,828526.94
833,lrange5,1000000,1272427.50
834,lpush5,1000000,832786.00
834,lrange5,1000000,1275551.00
835,lpush5,1000000,833439.94
835,lrange5,1000000,1277159.62
836,lpush5,1000000,827880.81
836,lrange5,1000000,1297120.62
837,lpush5,1000000,825948.81
837,lrange5,1000000,1243781.12
838,lpush5,1000000,834965.00
838,lrange5,1000000,1278874.62
839,lpush5,1000000,823045.25
839,lrange5,1000000,1205012.12
840,lpush5,1000000,831401.50
840,lrange5,1000000,1212140.62
841,lpush5,1000000,836133.81
841,lrange5,1000000,1273885.25
842,lpush5,1000000,826552.06
842,lrange5,1000000,1280553.12
843,lpush5,1000000,834737.94
843,lrange5,1000000,1297162.12
844,lpush5,1000000,822605.31
844,lrange5,1000000,1197681.50
845,lpush5,1000000,827222.50
845,lrange5,1000000,1182449.12
846,lpush5,1000000,829928.62
846,lrange5,1000000,1230150.00
847,lpush5,1000000,823762.75
847,lrange5,1000000,1283840.88
848,lpush5,1000000,836120.44
848,lrange5,1000000,1282256.50
849,lpush5,1000000,834737.94
849,lrange5,1000000,1265883.50
850,lpush5,1000000,836833.44
850,lrange5,1000000,1303780.88
851,lpush5,1000000,838330.31
851,lrange5,1000000,1202230.75
852,lpush5,1000000,827827.88
852,lrange5,1000000,1300410.88
853,lpush5,1000000,832652.81
853,lrange5,1000000,1195029.88
854,lpush5,1000000,823723.25
854,lrange5,1000000,1216622.88
855,lpush5,1000000,833546.62
855,lrange5,1000000,1278792.88
856,lpush5,1000000,834764.62
856,lrange5,1000000,1305524.88
857,lpush5,1000000,828513.69
857,lrange5,1000000,1305629.25
858,lpush5,1000000,831255.25
858,lrange5,1000000,1199347.75
859,lpush5,1000000,841750.88
859,lrange5,1000000,1165762.25
860,lpush5,1000000,836147.19
860,lrange5,1000000,1305524.88
861,lpush5,1000000,825777.06
861,lrange5,1000000,1298701.38
862,lpush5,1000000,823868.19
862,lrange5,1000000,1243781.12
863,lpush5,1000000,837735.31
863,lrange5,1000000,1293681.75
864,lpush5,1000000,827169.56
864,lrange5,1000000,1267630.00
865,lpush5,1000000,837654.94
865,lrange5,1000000,1264404.50
866,lpush5,1000000,841966.38
866,lrange5,1000000,1288824.75
867,lpush5,1000000,832639.50
867,lrange5,1000000,1251624.50
868,lpush5,1000000,826552.06
868,lrange5,1000000,1288845.38
869,lpush5,1000000,836927.19
869,lrange5,1000000,1272346.00
870,lpush5,1000000,831295.12
870,lrange5,1000000,1304031.25
871,lpush5,1000000,836173.94
871,lrange5,1000000,1196229.62
872,lpush5,1000000,831321.75
872,lrange5,1000000,1261135.00
873,lpush5,1000000,826525.62
873,lrange5,1000000,1199443.62
874,lpush5,1000000,829187.44
874,lrange5,1000000,1200825.88
875,lpush5,1000000,835435.25
875,lrange5,1000000,1293661.00
876,lpush5,1000000,829227.19
876,lrange5,1000000,1278792.88
877,lpush5,1000000,834081.75
877,lrange5,1000000,1303801.75
878,lpush5,1000000,841939.44
878,lrange5,1000000,1288659.75
879,lpush5,1000000,838276.62
879,lrange5,1000000,1248499.38
880,lpush5,1000000,829888.75
880,lrange5,1000000,1282112.88
881,lpush5,1000000,827920.56
881,lrange5,1000000,1277180.12
882,lpush5,1000000,830617.94
882,lrange5,1000000,1237623.75
883,lpush5,1000000,828606.44
883,lrange5,1000000,1287186.62
884,lpush5,1000000,837587.94
884,lrange5,1000000,1280430.25
885,lpush5,1000000,834108.44
885,lrange5,1000000,1242295.62
886,lpush5,1000000,838979.81
886,lrange5,1000000,1308900.50
887,lpush5,1000000,834764.62
887,lrange5,1000000,1195163.62
888,lpush5,1000000,834818.06
888,lrange5,1000000,1282174.38
889,lpush5,1000000,831428.12
889,lrange5,1000000,1189308.00
890,lpush5,1000000,834804.69
890,lrange5,1000000,1197834.75
891,lpush5,1000000,832679.44
891,lrange5,1000000,1285511.62
892,lpush5,1000000,829359.88
892,lrange5,1000000,1187857.50
893,lpush5,1000000,829280.31
893,lrange5,1000000,1278915.62
894,lpush5,1000000,822552.69
894,lrange5,1000000,1190666.75
895,lpush5,1000000,838330.31
895,lrange5,1000000,1200576.25
896,lpush5,1000000,835448.62
896,lrange5,1000000,1197949.75
897,lpush5,1000000,832679.44
897,lrange5,1000000,1287166.00
898,lpush5,1000000,844070.94
898,lrange5,1000000,1257942.12
899,lpush5,1000000,831348.31
899,lrange5,1000000,1303822.62
900,lpush5,1000000,844702.69
900,lrange5,1000000,1189308.00
901,lpush5,1000000,830578.06
901,lrange5,1000000,1270831.00
902,lpush5,1000000,836860.19
902,lrange5,1000000,1267488.00
903,lpush5,1000000,832639.50
903,lrange5,1000000,1245529.25
904,lpush5,1000000,839644.00
904,lrange5,1000000,889002.69
905,lpush5,1000000,559043.00
905,lrange5,1000000,1305483.12
906,lpush5,1000000,825188.12
906,lrange5,1000000,1292217.12
907,lpush5,1000000,829187.44
907,lrange5,1000000,1205166.25
908,lpush5,1000000,836347.81
908,lrange5,1000000,1297203.62
909,lpush5,1000000,829187.44
909,lrange5,1000000,1309110.00
910,lpush5,1000000,831960.06
910,lrange5,1000000,1196593.25
911,lpush5,1000000,834135.12
911,lrange5,1000000,1270749.62
912,lpush5,1000000,832719.44
912,lrange5,1000000,1233242.88
913,lpush5,1000000,834764.62
913,lrange5,1000000,1267427.12
914,lpush5,1000000,832799.38
914,lrange5,1000000,1290384.50
915,lpush5,1000000,830034.81
915,lrange5,1000000,1290508.38
916,lpush5,1000000,834965.00
916,lrange5,1000000,1300473.38
917,lpush5,1000000,820357.69
917,lrange5,1000000,1248479.38
918,lpush5,1000000,836133.81
918,lrange5,1000000,1269076.12
919,lpush5,1000000,825843.12
919,lrange5,1000000,1245429.62
920,lpush5,1000000,829981.69
920,lrange5,1000000,1215086.25
921,lpush5,1000000,823881.38
921,lrange5,1000000,1277241.38
922,lpush5,1000000,834135.12
922,lrange5,1000000,1297245.12
923,lpush5,1000000,829346.62
923,lrange5,1000000,1285388.12
924,lpush5,1000000,839644.00
924,lrange5,1000000,1278977.00
925,lpush5,1000000,836833.44
925,lrange5,1000000,1285429.25
926,lpush5,1000000,830737.56
926,lrange5,1000000,1202173.00
927,lpush5,1000000,834081.75
927,lrange5,1000000,1168355.12
928,lpush5,1000000,837748.75
928,lrange5,1000000,1291989.62
929,lpush5,1000000,835462.00
929,lrange5,1000000,1303947.88
930,lpush5,1000000,834751.31
930,lrange5,1000000,1267609.62
931,lpush5,1000000,834201.81
931,lrange5,1000000,1290446.50
932,lpush5,1000000,825790.25
932,lrange5,1000000,1184985.75
933,lpush5,1000000,832000.00
933,lrange5,1000000,1190857.12
934,lpush5,1000000,830617.94
934,lrange5,1000000,1195163.62
935,lpush5,1000000,835475.31
935,lrange5,1000000,1302104.12
936,lpush5,1000000,829293.56
936,lrange5,1000000,1193565.62
937,lpush5,1000000,829213.94
937,lrange5,1000000,1245509.38
938,lpush5,1000000,822500.00
938,lrange5,1000000,1196574.12
939,lpush5,1000000,824547.38
939,lrange5,1000000,1302270.88
940,lpush5,1000000,833453.31
940,lrange5,1000000,1200729.88
941,lpush5,1000000,841804.75
941,lrange5,1000000,1293681.75
942,lpush5,1000000,834844.75
942,lrange5,1000000,1297016.88
943,lpush5,1000000,825790.25
943,lrange5,1000000,1285511.62
944,lpush5,1000000,842554.31
944,lrange5,1000000,1300577.38
945,lpush5,1000000,831361.62
945,lrange5,1000000,1307252.25
946,lpush5,1000000,839738.06
946,lrange5,1000000,1297016.88
947,lpush5,1000000,831960.06
947,lrange5,1000000,1272285.00
948,lpush5,1000000,839033.56
948,lrange5,1000000,1297058.38
949,lpush5,1000000,844594.56
949,lrange5,1000000,1278854.25
950,lpush5,1000000,837601.31
950,lrange5,1000000,1264384.25
951,lpush5,1000000,836187.31
951,lrange5,1000000,1285408.75
952,lpush5,1000000,826472.69
952,lrange5,1000000,1300431.75
953,lpush5,1000000,837695.12
953,lrange5,1000000,1285367.62
954,lpush5,1000000,828712.50
954,lrange5,1000000,1280409.75
955,lpush5,1000000,832133.12
955,lrange5,1000000,1277364.00
956,lpush5,1000000,823203.25
956,lrange5,1000000,1175332.50
957,lpush5,1000000,826459.50
957,lrange5,1000000,1239216.88
958,lpush5,1000000,833546.62
958,lrange5,1000000,1300431.75
959,lpush5,1000000,833386.62
959,lrange5,1000000,1218241.25
960,lpush5,1000000,836913.75
960,lrange5,1000000,1285573.25
961,lpush5,1000000,828579.94
961,lrange5,1000000,1304052.12
962,lpush5,1000000,829915.31
962,lrange5,1000000,1275571.50
963,lpush5,1000000,829267.00
963,lrange5,1000000,1283881.88
964,lpush5,1000000,820344.56
964,lrange5,1000000,1253152.88
965,lpush5,1000000,833506.62
965,lrange5,1000000,1287063.00
966,lpush5,1000000,829187.44
966,lrange5,1000000,1285532.12
967,lpush5,1000000,834724.56
967,lrange5,1000000,1251744.62
968,lpush5,1000000,826499.12
968,lrange5,1000000,1264445.00
969,lpush5,1000000,834737.94
969,lrange5,1000000,1237801.88
970,lpush5,1000000,831255.25
970,lrange5,1000000,1307377.75
971,lpush5,1000000,829359.88
971,lrange5,1000000,1259445.75
972,lpush5,1000000,823894.56
972,lrange5,1000000,1248459.38
973,lpush5,1000000,831361.62
973,lrange5,1000000,1310657.88
974,lpush5,1000000,838437.56
974,lrange5,1000000,1298888.38
975,lpush5,1000000,831441.44
975,lrange5,1000000,1242375.12
976,lpush5,1000000,842594.75
976,lrange5,1000000,1251744.62
977,lpush5,1000000,830671.12
977,lrange5,1000000,1275632.62
978,lpush5,1000000,827973.56
978,lrange5,1000000,1250100.00
979,lpush5,1000000,839697.75
979,lrange5,1000000,1293723.12
980,lpush5,1000000,828500.38
980,lrange5,1000000,1187705.50
981,lpush5,1000000,824402.25
981,lrange5,1000000,1280573.62
982,lpush5,1000000,834041.69
982,lrange5,1000000,1303822.62
983,lpush5,1000000,833453.31
983,lrange5,1000000,1259546.50
984,lpush5,1000000,832652.81
984,lrange5,1000000,1254946.00
985,lpush5,1000000,830021.56
985,lrange5,1000000,1287001.25
986,lpush5,1000000,824507.81
986,lrange5,1000000,1300410.88
987,lpush5,1000000,821136.25
987,lrange5,1000000,1257861.62
988,lpush5,1000000,831973.38
988,lrange5,1000000,1272264.62
989,lpush5,1000000,839060.38
989,lrange5,1000000,1303947.88
990,lpush5,1000000,829928.62
990,lrange5,1000000,1259445.75
991,lpush5,1000000,827169.56
991,lrange5,1000000,1254785.50
992,lpush5,1000000,825201.31
992,lrange5,1000000,1256301.50
993,lpush5,1000000,830617.94
993,lrange5,1000000,1280594.12
994,lpush5,1000000,832053.25
994,lrange5,1000000,1199060.00
995,lpush5,1000000,832852.62
995,lrange5,1000000,1203600.50
996,lpush5,1000000,829928.62
996,lrange5,1000000,1302145.88
997,lpush5,1000000,836227.44
997,lrange5,1000000,1303822.62
998,lpush5,1000000,817098.06
998,lrange5,1000000,1288845.38
999,lpush5,1000000,839684.31
999,lrange5,1000000,1302270.88
1000,lpush5,1000000,834737.94
1000,lrange5,1000000,1190762.00
1001,lpush5,1000000,835595.62
1001,lrange5,1000000,1282194.88
1002,lpush5,1000000,844016.94
1002,lrange5,1000000,1265984.75
1003,lpush5,1000000,827867.56
1003,lrange5,1000000,1298742.88
1004,lpush5,1000000,829373.12
1004,lrange5,1000000,1256301.50
1005,lpush5,1000000,833479.94
1005,lrange5,1000000,1280635.00
1006,lpush5,1000000,829227.19
1006,lrange5,1000000,1290322.62
1007,lpush5,1000000,838223.00
1007,lrange5,1000000,1308984.25
1008,lpush5,1000000,830737.56
1008,lrange5,1000000,1285429.25
1009,lpush5,1000000,837007.50
1009,lrange5,1000000,1300598.25
1010,lpush5,1000000,827129.88
1010,lrange5,1000000,1288783.50
1011,lpush5,1000000,838939.56
1011,lrange5,1000000,1253313.38
1012,lpush5,1000000,831986.69
1012,lrange5,1000000,1278874.62
1013,lpush5,1000000,842608.25
1013,lrange5,1000000,1288680.38
1014,lpush5,1000000,826525.62
1014,lrange5,1000000,1280614.62
1015,lpush5,1000000,842554.31
1015,lrange5,1000000,1269198.00
1016,lpush5,1000000,825803.50
1016,lrange5,1000000,1278772.38
1017,lpush5,1000000,837654.94
1017,lrange5,1000000,1187743.50
1018,lpush5,1000000,831960.06
1018,lrange5,1000000,1300577.38
1019,lpush5,1000000,841764.31
1019,lrange5,1000000,1277200.50
1020,lpush5,1000000,832679.44
1020,lrange5,1000000,1293826.62
1021,lpush5,1000000,831255.25
1021,lrange5,1000000,1175276.12
1022,lpush5,1000000,831960.06
1022,lrange5,1000000,1187933.50
1023,lpush5,1000000,827301.94
1023,lrange5,1000000,1253173.00
1024,lpush5,1000000,834095.06
1024,lrange5,1000000,1187971.50
1025,lpush5,1000000,832826.00
1025,lrange5,1000000,1266005.00
1026,lpush5,1000000,835462.00
1026,lrange5,1000000,1200902.75
1027,lpush5,1000000,829915.31
1027,lrange5,1000000,1269198.00
1028,lpush5,1000000,821850.44
1028,lrange5,1000000,1275571.50
1029,lpush5,1000000,838979.81
1029,lrange5,1000000,1278813.25
1030,lpush5,1000000,827222.50
1030,lrange5,1000000,1282112.88
1031,lpush5,1000000,837574.56
1031,lrange5,1000000,1254705.12
1032,lpush5,1000000,829888.75
1032,lrange5,1000000,1280450.62
1033,lpush5,1000000,834764.62
1033,lrange5,1000000,1285388.12
1034,lpush5,1000000,825882.75
1034,lrange5,1000000,1283861.38
1035,lpush5,1000000,832759.38
1035,lrange5,1000000,1295357.50
1036,lpush5,1000000,834778.00
1036,lrange5,1000000,1282236.00
1037,lpush5,1000000,827235.75
1037,lrange5,1000000,1251704.62
1038,lpush5,1000000,833493.31
1038,lrange5,1000000,1280553.12
1039,lpush5,1000000,838357.12
1039,lrange5,1000000,1273885.25
1040,lpush5,1000000,821876.75
1040,lrange5,1000000,1280614.62
1041,lpush5,1000000,829306.81
1041,lrange5,1000000,1298888.38
1042,lpush5,1000000,825082.50
1042,lrange5,1000000,1199060.00
1043,lpush5,1000000,838926.12
1043,lrange5,1000000,1298722.12
1044,lpush5,1000000,835555.56
1044,lrange5,1000000,1186619.25
1045,lpush5,1000000,824547.38
1045,lrange5,1000000,1193374.75
1046,lpush5,1000000,828606.44
1046,lrange5,1000000,1269238.62
1047,lpush5,1000000,827841.12
1047,lrange5,1000000,1287063.00
1048,lpush5,1000000,829915.31
1048,lrange5,1000000,1262626.25
1049,lpush5,1000000,843183.81
1049,lrange5,1000000,1180958.62
1050,lpush5,1000000,829200.69
1050,lrange5,1000000,1202192.25
1051,lpush5,1000000,831414.81
1051,lrange5,1000000,1193393.75
1052,lpush5,1000000,838343.69
1052,lrange5,1000000,1246902.75
1053,lpush5,1000000,825777.06
1053,lrange5,1000000,1293723.12
1054,lpush5,1000000,836267.56
1054,lrange5,1000000,1213669.88
1055,lpush5,1000000,838437.56
1055,lrange5,1000000,1290467.12
1056,lpush5,1000000,827341.62
1056,lrange5,1000000,1199482.00
1057,lpush5,1000000,821201.94
1057,lrange5,1000000,1197853.88
1058,lpush5,1000000,834081.75
1058,lrange5,1000000,1305692.00
1059,lpush5,1000000,831494.62
1059,lrange5,1000000,872090.69
1060,lpush5,1000000,828500.38
1060,lrange5,1000000,1254725.25
1061,lpush5,1000000,826499.12
1061,lrange5,1000000,1236133.50
1062,lpush5,1000000,827867.56
1062,lrange5,1000000,1199175.12
1063,lpush5,1000000,831308.44
1063,lrange5,1000000,1199328.50
1064,lpush5,1000000,833399.94
1064,lrange5,1000000,1248439.50
1065,lpush5,1000000,841083.25
1065,lrange5,1000000,1277221.00
1066,lpush5,1000000,845524.94
1066,lrange5,1000000,1254865.75
1067,lpush5,1000000,823058.44
1067,lrange5,1000000,1295544.00
1068,lpush5,1000000,836294.31
1068,lrange5,1000000,1297016.88
1069,lpush5,1000000,831308.44
1069,lrange5,1000000,1194896.00
1070,lpush5,1000000,828013.31
1070,lrange5,1000000,1243801.00
1071,lpush5,1000000,826512.38
1071,lrange5,1000000,1275551.00
1072,lpush5,1000000,828526.94
1072,lrange5,1000000,1277180.12
1073,lpush5,1000000,816352.62
1073,lrange5,1000000,1300390.12
1074,lpush5,1000000,836860.19
1074,lrange5,1000000,1156180.38
1075,lpush5,1000000,762910.75
1075,lrange5,1000000,1267528.50
1076,lpush5,1000000,832119.81
1076,lrange5,1000000,1303822.62
1077,lpush5,1000000,830617.94
1077,lrange5,1000000,1283964.12
1078,lpush5,1000000,832093.19
1078,lrange5,1000000,1282174.38
1079,lpush5,1000000,826552.06
1079,lrange5,1000000,1193775.62
1080,lpush5,1000000,833373.31
1080,lrange5,1000000,1192181.12
1081,lpush5,1000000,825148.50
1081,lrange5,1000000,1245389.88
1082,lpush5,1000000,836173.94
1082,lrange5,1000000,1297037.62
1083,lpush5,1000000,829240.50
1083,lrange5,1000000,1298742.88
1084,lpush5,1000000,837641.56
1084,lrange5,1000000,1278772.38
1085,lpush5,1000000,836160.56
1085,lrange5,1000000,1269218.25
1086,lpush5,1000000,836833.44
1086,lrange5,1000000,1278772.38
1087,lpush5,1000000,831960.06
1087,lrange5,1000000,1267569.12
1088,lpush5,1000000,835435.25
1088,lrange5,1000000,1230051.62
1089,lpush5,1000000,825095.69
1089,lrange5,1000000,1186258.62
1090,lpush5,1000000,837587.94
1090,lrange5,1000000,1307482.38
1091,lpush5,1000000,835542.19
1091,lrange5,1000000,1302270.88
1092,lpush5,1000000,831388.25
1092,lrange5,1000000,1206620.00
1093,lpush5,1000000,839858.94
1093,lrange5,1000000,1196593.25
1094,lpush5,1000000,833439.94
1094,lrange5,1000000,1253173.00
1095,lpush5,1000000,824468.25
1095,lrange5,1000000,1278874.62
1096,lpush5,1000000,823802.31
1096,lrange5,1000000,1251744.62
1097,lpush5,1000000,828686.00
1097,lrange5,1000000,1275632.62
1098,lpush5,1000000,836347.81
1098,lrange5,1000000,1303989.50
1099,lpush5,1000000,823163.75
1099,lrange5,1000000,1259627.12
1100,lpush5,1000000,836307.69
1100,lrange5,1000000,1218182.75
1101,lpush5,1000000,825174.94
1101,lrange5,1000000,1196497.62
1102,lpush5,1000000,816431.00
1102,lrange5,1000000,1280471.12
1103,lpush5,1000000,825122.12
1103,lrange5,1000000,1203754.50
1104,lpush5,1000000,828566.69
1104,lrange5,1000000,1300452.50
1105,lpush5,1000000,827156.31
1105,lrange5,1000000,1288742.25
1106,lpush5,1000000,831268.50
1106,lrange5,1000000,1270749.62
1107,lpush5,1000000,841818.19
1107,lrange5,1000000,1307336.00
1108,lpush5,1000000,827947.06
1108,lrange5,1000000,1242395.00
1109,lpush5,1000000,832692.75
1109,lrange5,1000000,1287063.00
1110,lpush5,1000000,836860.19
1110,lrange5,1000000,1277221.00
1111,lpush5,1000000,831374.94
1111,lrange5,1000000,1305524.88
1112,lpush5,1000000,836214.06
1112,lrange5,1000000,1261034.12
1113,lpush5,1000000,832026.62
1113,lrange5,1000000,1305483.12
1114,lpush5,1000000,828000.06
1114,lrange5,1000000,1270871.62
1115,lpush5,1000000,827920.56
1115,lrange5,1000000,1254865.75
1116,lpush5,1000000,832119.81
1116,lrange5,1000000,1194800.50
1117,lpush5,1000000,834055.06
1117,lrange5,1000000,1283738.12
1118,lpush5,1000000,844111.44
1118,lrange5,1000000,1199271.00
1119,lpush5,1000000,835568.88
1119,lrange5,1000000,1277241.38
1120,lpush5,1000000,825254.12
1120,lrange5,1000000,1251604.50
1121,lpush5,1000000,824573.75
1121,lrange5,1000000,1194762.25
1122,lpush5,1000000,825161.69
1122,lrange5,1000000,1298867.62
1123,lpush5,1000000,825843.12
1123,lrange5,1000000,1202307.62
1124,lpush5,1000000,831973.38
1124,lrange5,1000000,1267548.88
1125,lpush5,1000000,831468.06
1125,lrange5,1000000,1259506.25
1126,lpush5,1000000,838236.44
1126,lrange5,1000000,1194972.50
1127,lpush5,1000000,834737.94
1127,lrange5,1000000,1257942.12
1128,lpush5,1000000,834135.12
1128,lrange5,1000000,1200864.38
1129,lpush5,1000000,842635.19
1129,lrange5,1000000,1197911.38
1130,lpush5,1000000,829213.94
1130,lrange5,1000000,1193584.75
1131,lpush5,1000000,828619.69
1131,lrange5,1000000,1250080.00
1132,lpush5,1000000,834188.50
1132,lrange5,1000000,1194743.12
1133,lpush5,1000000,834201.81
1133,lrange5,1000000,1184872.12
1134,lpush5,1000000,833533.31
1134,lrange5,1000000,1201980.75
1135,lpush5,1000000,834818.06
1135,lrange5,1000000,1247062.38
1136,lpush5,1000000,835502.06
1136,lrange5,1000000,1190800.00
1137,lpush5,1000000,834081.75
1137,lrange5,1000000,1240714.62
1138,lpush5,1000000,841966.38
1138,lrange5,1000000,1205243.38
1139,lpush5,1000000,834135.12
1139,lrange5,1000000,1292134.38
1140,lpush5,1000000,832639.50
1140,lrange5,1000000,1269340.12
1141,lpush5,1000000,834241.88
1141,lrange5,1000000,1264384.25
1142,lpush5,1000000,834898.19
1142,lrange5,1000000,1186315.50
1143,lpush5,1000000,836147.19
1143,lrange5,1000000,1278792.88
1144,lpush5,1000000,833493.31
1144,lrange5,1000000,1288845.38
1145,lpush5,1000000,842554.31
1145,lrange5,1000000,1193527.50
1146,lpush5,1000000,827814.62
1146,lrange5,1000000,1280430.25
1147,lpush5,1000000,836820.06
1147,lrange5,1000000,1295336.75
1148,lpush5,1000000,832786.00
1148,lrange5,1000000,1283840.88
1149,lpush5,1000000,834041.69
1149,lrange5,1000000,1277139.25
1150,lpush5,1000000,832652.81
1150,lrange5,1000000,1295399.00
1151,lpush5,1000000,829902.06
1151,lrange5,1000000,1297037.62
1152,lpush5,1000000,834831.44
1152,lrange5,1000000,1298909.12
1153,lpush5,1000000,831361.62
1153,lrange5,1000000,1245509.38
1154,lpush5,1000000,833386.62
1154,lrange5,1000000,1275612.25
1155,lpush5,1000000,832639.50
1155,lrange5,1000000,1270648.00
1156,lpush5,1000000,832799.38
1156,lrange5,1000000,1264242.75
1157,lpush5,1000000,831960.06
1157,lrange5,1000000,1191895.12
1158,lpush5,1000000,823255.94
1158,lrange5,1000000,1293743.88
1159,lpush5,1000000,827867.56
1159,lrange5,1000000,1280532.62
1160,lpush5,1000000,834911.56
1160,lrange5,1000000,1166861.12
1161,lpush5,1000000,832759.38
1161,lrange5,1000000,1265822.75
1162,lpush5,1000000,841096.69
1162,lrange5,1000000,1264445.00
1163,lpush5,1000000,836133.81
1163,lrange5,1000000,1212218.25
1164,lpush5,1000000,826499.12
1164,lrange5,1000000,1298888.38
1165,lpush5,1000000,832119.81
1165,lrange5,1000000,1272264.62
1166,lpush5,1000000,834871.50
1166,lrange5,1000000,1267630.00
1167,lpush5,1000000,830671.12
1167,lrange5,1000000,1302291.62
1168,lpush5,1000000,834028.38
1168,lrange5,1000000,1295502.62
1169,lpush5,1000000,838993.25
1169,lrange5,1000000,1236113.75
1170,lpush5,1000000,831401.50
1170,lrange5,1000000,1189060.62
1171,lpush5,1000000,834081.75
1171,lrange5,1000000,1292155.00
1172,lpush5,1000000,829915.31
1172,lrange5,1000000,815726.00
1173,lpush5,1000000,513355.25
1173,lrange5,1000000,824455.00
1174,lpush5,1000000,646861.56
1174,lrange5,1000000,1274048.38
1175,lpush5,1000000,832692.75
1175,lrange5,1000000,1288742.25
1176,lpush5,1000000,838939.56
1176,lrange5,1000000,1267427.12
1177,lpush5,1000000,827854.31
1177,lrange5,1000000,1253273.25
1178,lpush5,1000000,839046.94
1178,lrange5,1000000,1282174.38
1179,lpush5,1000000,839711.19
1179,lrange5,1000000,1290384.50
1180,lpush5,1000000,836887.00
1180,lrange5,1000000,1300390.12
1181,lpush5,1000000,836860.19
1181,lrange5,1000000,1194876.88
1182,lpush5,1000000,838290.06
1182,lrange5,1000000,1297058.38
1183,lpush5,1000000,839805.19
1183,lrange5,1000000,1183488.75
1184,lpush5,1000000,831321.75
1184,lrange5,1000000,1272447.88
1185,lpush5,1000000,836120.44
1185,lrange5,1000000,1280512.12
1186,lpush5,1000000,835435.25
1186,lrange5,1000000,1302145.88
1187,lpush5,1000000,836900.38
1187,lrange5,1000000,1298888.38
1188,lpush5,1000000,824573.75
1188,lrange5,1000000,1199271.00
1189,lpush5,1000000,823907.75
1189,lrange5,1000000,1300410.88
1190,lpush5,1000000,831255.25
1190,lrange5,1000000,1190895.25
1191,lpush5,1000000,825816.69
1191,lrange5,1000000,1203369.50
1192,lpush5,1000000,837668.31
1192,lrange5,1000000,1264445.00
1193,lpush5,1000000,833493.31
1193,lrange5,1000000,1245330.00
1194,lpush5,1000000,834831.44
1194,lrange5,1000000,1242236.00
1195,lpush5,1000000,820357.69
1195,lrange5,1000000,1270851.38
1196,lpush5,1000000,828553.44
1196,lrange5,1000000,1275673.50
1197,lpush5,1000000,829346.62
1197,lrange5,1000000,1253173.00
1198,lpush5,1000000,833386.62
1198,lrange5,1000000,1292051.75
1199,lpush5,1000000,839657.44
1199,lrange5,1000000,1295523.25
1200,lpush5,1000000,834241.88
1200,lrange5,1000000,1274007.62
1201,lpush5,1000000,837520.94
1201,lrange5,1000000,1166973.12
1202,lpush5,1000000,832679.44
1202,lrange5,1000000,1259607.00
1203,lpush5,1000000,833453.31
1203,lrange5,1000000,1168355.12
1204,lpush5,1000000,830644.50
1204,lrange5,1000000,1245350.00
1205,lpush5,1000000,828566.69
1205,lrange5,1000000,1256281.38
1206,lpush5,1000000,836873.62
1206,lrange5,1000000,1243960.12
1207,lpush5,1000000,829240.50
1207,lrange5,1000000,1187876.50
1208,lpush5,1000000,832812.69
1208,lrange5,1000000,1288886.50
1209,lpush5,1000000,834148.44
1209,lrange5,1000000,1298763.62
1210,lpush5,1000000,832746.06
1210,lrange5,1000000,1287021.88
1211,lpush5,1000000,837708.56
1211,lrange5,1000000,1277200.50
1212,lpush5,1000000,838223.00
1212,lrange5,1000000,1261034.12
1213,lpush5,1000000,834737.94
1213,lrange5,1000000,1201980.75
1214,lpush5,1000000,835435.25
1214,lrange5,1000000,1193622.88
1215,lpush5,1000000,824639.69
1215,lrange5,1000000,1199194.25
1216,lpush5,1000000,832119.81
1216,lrange5,1000000,1293661.00
1217,lpush5,1000000,834068.38
1217,lrange5,1000000,1178233.25
1218,lpush5,1000000,841899.00
1218,lrange5,1000000,1292196.38
1219,lpush5,1000000,843895.38
1219,lrange5,1000000,1292031.00
1220,lpush5,1000000,832013.31
1220,lrange5,1000000,1265863.25
1221,lpush5,1000000,826538.81
1221,lrange5,1000000,1272264.62
1222,lpush5,1000000,837668.31
1222,lrange5,1000000,1272264.62
1223,lpush5,1000000,839630.56
1223,lrange5,1000000,1291989.62
1224,lpush5,1000000,838397.38
1224,lrange5,1000000,1288701.00
1225,lpush5,1000000,832652.81
1225,lrange5,1000000,1237623.75
1226,lpush5,1000000,829915.31
1226,lrange5,1000000,1270648.00
1227,lpush5,1000000,840389.88
1227,lrange5,1000000,1295461.12
1228,lpush5,1000000,839644.00
1228,lrange5,1000000,1250000.00
1229,lpush5,1000000,834215.19
1229,lrange5,1000000,1261094.62
1230,lpush5,1000000,833346.62
1230,lrange5,1000000,1194743.12
1231,lpush5,1000000,829902.06
1231,lrange5,1000000,1265944.25
1232,lpush5,1000000,834161.81
1232,lrange5,1000000,1196497.62
1233,lpush5,1000000,827196.06
1233,lrange5,1000000,1259445.75
1234,lpush5,1000000,828566.69
1234,lrange5,1000000,1282215.38
1235,lpush5,1000000,828553.44
1235,lrange5,1000000,1291989.62
1236,lpush5,1000000,824441.81
1236,lrange5,1000000,1283697.12
1237,lpush5,1000000,834724.56
1237,lrange5,1000000,1282133.38
1238,lpush5,1000000,832746.06
1238,lrange5,1000000,1259466.00
1239,lpush5,1000000,837721.94
1239,lrange5,1000000,1273905.75
1240,lpush5,1000000,829888.75
1240,lrange5,1000000,1267447.50
1241,lpush5,1000000,839711.19
1241,lrange5,1000000,1298846.75
1242,lpush5,1000000,825188.12
1242,lrange5,1000000,1248459.38
1243,lpush5,1000000,839670.88
1243,lrange5,1000000,1200710.62
1244,lpush5,1000000,835421.88
1244,lrange5,1000000,1196248.75
1245,lpush5,1000000,833519.94
1245,lrange5,1000000,1288680.38
1246,lpush5,1000000,821824.12
1246,lrange5,1000000,1295378.25
1247,lpush5,1000000,830021.56
1247,lrange5,1000000,1246942.62
1248,lpush5,1000000,829941.88
1248,lrange5,1000000,1251644.50
1249,lpush5,1000000,834764.62
1249,lrange5,1000000,1297245.12
1250,lpush5,1000000,831348.31
1250,lrange5,1000000,1290487.75
1251,lpush5,1000000,830617.94
1251,lrange5,1000000,1261114.75
1252,lpush5,1000000,830564.81
1252,lrange5,1000000,1192085.88
1253,lpush5,1000000,832053.25
1253,lrange5,1000000,1190781.00
1254,lpush5,1000000,836133.81
1254,lrange5,1000000,1290405.25
1255,lpush5,1000000,827315.12
1255,lrange5,1000000,1187819.50
1256,lpush5,1000000,827867.56
1256,lrange5,1000000,1218163.25
1257,lpush5,1000000,823229.62
1257,lrange5,1000000,1264485.50
1258,lpush5,1000000,834068.38
1258,lrange5,1000000,1278772.38
1259,lpush5,1000000,836240.81
1259,lrange5,1000000,1261135.00
1260,lpush5,1000000,832000.00
1260,lrange5,1000000,1297162.12
1261,lpush5,1000000,834858.12
1261,lrange5,1000000,1178195.50
1262,lpush5,1000000,831946.75
1262,lrange5,1000000,1295419.62
1263,lpush5,1000000,835435.25
1263,lrange5,1000000,1275693.88
1264,lpush5,1000000,827222.50
1264,lrange5,1000000,1277282.25
1265,lpush5,1000000,840376.44
1265,lrange5,1000000,1182430.25
1266,lpush5,1000000,829941.88
1266,lrange5,1000000,1256482.38
1267,lpush5,1000000,825095.69
1267,lrange5,1000000,1293785.25
1268,lpush5,1000000,827907.31
1268,lrange5,1000000,1278956.50
1269,lpush5,1000000,835622.38
1269,lrange5,1000000,1280409.75
1270,lpush5,1000000,830048.12
1270,lrange5,1000000,1199060.00
1271,lpush5,1000000,838236.44
1271,lrange5,1000000,1190781.00
1272,lpush5,1000000,828000.06
1272,lrange5,1000000,1195049.00
1273,lpush5,1000000,841056.31
1273,lrange5,1000000,1200749.12
1274,lpush5,1000000,825082.50
1274,lrange5,1000000,1200499.38
1275,lpush5,1000000,832865.94
1275,lrange5,1000000,1288866.00
1276,lpush5,1000000,827209.25
1276,lrange5,1000000,1248519.38
1277,lpush5,1000000,828500.38
1277,lrange5,1000000,1203754.50
1278,lpush5,1000000,830061.38
1278,lrange5,1000000,1302166.62
1279,lpush5,1000000,834055.06
1279,lrange5,1000000,1307356.88
1280,lpush5,1000000,832000.00
1280,lrange5,1000000,1285367.62
1281,lpush5,1000000,838316.88
1281,lrange5,1000000,1197988.00
1282,lpush5,1000000,832732.75
1282,lrange5,1000000,1287186.62
1283,lpush5,1000000,833559.94
1283,lrange5,1000000,1196248.75
1284,lpush5,1000000,825843.12
1284,lrange5,1000000,1285491.00
1285,lpush5,1000000,839644.00
1285,lrange5,1000000,1282174.38
1286,lpush5,1000000,818330.62
1286,lrange5,1000000,1194819.62
1287,lpush5,1000000,831973.38
1287,lrange5,1000000,1245330.00
1288,lpush5,1000000,830008.25
1288,lrange5,1000000,1183450.88
1289,lpush5,1000000,829280.31
1289,lrange5,1000000,1234587.62
1290,lpush5,1000000,834081.75
1290,lrange5,1000000,1267427.12
1291,lpush5,1000000,827841.12
1291,lrange5,1000000,1282153.88
1292,lpush5,1000000,841872.06
1292,lrange5,1000000,1265964.50
1293,lpush5,1000000,836133.81
1293,lrange5,1000000,1234607.38
1294,lpush5,1000000,836173.94
1294,lrange5,1000000,1251604.50
1295,lpush5,1000000,830021.56
1295,lrange5,1000000,1275510.25
1296,lpush5,1000000,829200.69
1296,lrange5,1000000,1298722.12
1297,lpush5,1000000,831268.50
1297,lrange5,1000000,1295481.88
1298,lpush5,1000000,835542.19
1298,lrange5,1000000,1290425.88
1299,lpush5,1000000,830684.38
1299,lrange5,1000000,1298805.25
1300,lpush5,1000000,832159.69
1300,lrange5,1000000,1188066.50
1301,lpush5,1000000,836133.81
1301,lrange5,1000000,1288659.75
1302,lpush5,1000000,826512.38
1302,lrange5,1000000,1248459.38
1303,lpush5,1000000,835435.25
1303,lrange5,1000000,1277261.88
1304,lpush5,1000000,841150.56
1304,lrange5,1000000,1270709.00
1305,lpush5,1000000,832000.00
1305,lrange5,1000000,1203773.75
1306,lpush5,1000000,831321.75
1306,lrange5,1000000,1266065.75
1307,lpush5,1000000,827933.81
1307,lrange5,1000000,1295378.25
1308,lpush5,1000000,823775.94
1308,lrange5,1000000,1228697.75
1309,lpush5,1000000,830578.06
1309,lrange5,1000000,1290508.38
1310,lpush5,1000000,832093.19
1310,lrange5,1000000,1300515.00
1311,lpush5,1000000,829888.75
1311,lrange5,1000000,1257861.62
1312,lpush5,1000000,836173.94
1312,lrange5,1000000,1196478.38
1313,lpush5,1000000,830074.69
1313,lrange5,1000000,1295502.62
1314,lpush5,1000000,833386.62
1314,lrange5,1000000,1221138.00
1315,lpush5,1000000,827143.12
1315,lrange5,1000000,1288659.75
1316,lpush5,1000000,820554.56
1316,lrange5,1000000,1277221.00
1317,lpush5,1000000,842581.25
1317,lrange5,1000000,1288824.75
1318,lpush5,1000000,832066.56
1318,lrange5,1000000,1300390.12
1319,lpush5,1000000,834175.12
1319,lrange5,1000000,1203485.00
1320,lpush5,1000000,826446.25
1320,lrange5,1000000,1277159.62
1321,lpush5,1000000,832719.44
1321,lrange5,1000000,1283738.12
1322,lpush5,1000000,832159.69
1322,lrange5,1000000,1262707.12
1323,lpush5,1000000,828540.19
1323,lrange5,1000000,1283738.12
1324,lpush5,1000000,836873.62
1324,lrange5,1000000,1196459.25
1325,lpush5,1000000,827947.06
1325,lrange5,1000000,1197604.88
1326,lpush5,1000000,832173.00
1326,lrange5,1000000,1293868.00
1327,lpush5,1000000,825763.88
1327,lrange5,1000000,1288742.25
1328,lpush5,1000000,832053.25
1328,lrange5,1000000,1278915.62
1329,lpush5,1000000,823723.25
1329,lrange5,1000000,1295481.88
1330,lpush5,1000000,835488.69
1330,lrange5,1000000,1199328.50
1331,lpush5,1000000,825254.12
1331,lrange5,1000000,1173877.88
1332,lpush5,1000000,828659.50
1332,lrange5,1000000,1254725.25
1333,lpush5,1000000,827143.12
1333,lrange5,1000000,1300410.88
1334,lpush5,1000000,825803.50
1334,lrange5,1000000,1193642.00
1335,lpush5,1000000,822421.06
1335,lrange5,1000000,1277159.62
1336,lpush5,1000000,829359.88
1336,lrange5,1000000,1302145.88
1337,lpush5,1000000,834858.12
1337,lrange5,1000000,1190742.88
1338,lpush5,1000000,819829.50
1338,lrange5,1000000,1199079.12
1339,lpush5,1000000,834041.69
1339,lrange5,1000000,1282277.00
1340,lpush5,1000000,822368.44
1340,lrange5,1000000,1297182.88
1341,lpush5,1000000,839100.62
1341,lrange5,1000000,1259546.50
1342,lpush5,1000000,843197.31
1342,lrange5,1000000,1278936.00
1343,lpush5,1000000,833519.94
1343,lrange5,1000000,1256281.38
1344,lpush5,1000000,826604.94
1344,lrange5,1000000,1297203.62
1345,lpush5,1000000,829928.62
1345,lrange5,1000000,1282194.88
1346,lpush5,1000000,827328.38
1346,lrange5,1000000,1295336.75
1347,lpush5,1000000,829346.62
1347,lrange5,1000000,1248499.38
1348,lpush5,1000000,829359.88
1348,lrange5,1000000,1300535.75
1349,lpush5,1000000,835635.75
1349,lrange5,1000000,1253293.25
1350,lpush5,1000000,823190.12
1350,lrange5,1000000,1273885.25
1351,lpush5,1000000,832786.00
1351,lrange5,1000000,1302125.00
1352,lpush5,1000000,830697.69
1352,lrange5,1000000,1204973.50
1353,lpush5,1000000,836120.44
1353,lrange5,1000000,1305650.12
1354,lpush5,1000000,821837.31
1354,lrange5,1000000,1258042.75
1355,lpush5,1000000,822605.31
1355,lrange5,1000000,1303885.25
1356,lpush5,1000000,822407.94
1356,lrange5,1000000,1228540.50
1357,lpush5,1000000,825135.31
1357,lrange5,1000000,1285367.62
1358,lpush5,1000000,834898.19
1358,lrange5,1000000,1288845.38
1359,lpush5,1000000,827841.12
1359,lrange5,1000000,1302250.00
1360,lpush5,1000000,832639.50
1360,lrange5,1000000,1288845.38
1361,lpush5,1000000,823163.75
1361,lrange5,1000000,1189346.00
1362,lpush5,1000000,829875.50
1362,lrange5,1000000,1273926.12
1363,lpush5,1000000,843197.31
1363,lrange5,1000000,1287207.25
1364,lpush5,1000000,843183.81
1364,lrange5,1000000,1209441.38
1365,lpush5,1000000,825161.69
1365,lrange5,1000000,1302083.38
1366,lpush5,1000000,831321.75
1366,lrange5,1000000,1262787.88
1367,lpush5,1000000,828593.19
1367,lrange5,1000000,1270749.62
1368,lpush5,1000000,833399.94
1368,lrange5,1000000,1303780.88
1369,lpush5,1000000,831986.69
1369,lrange5,1000000,1196555.00
1370,lpush5,1000000,833413.31
1370,lrange5,1000000,1288680.38
1371,lpush5,1000000,826552.06
1371,lrange5,1000000,1285347.00
1372,lpush5,1000000,821850.44
1372,lrange5,1000000,1152350.25
1373,lpush5,1000000,833346.62
1373,lrange5,1000000,1267630.00
1374,lpush5,1000000,822394.75
1374,lrange5,1000000,1239197.00
1375,lpush5,1000000,827129.88
1375,lrange5,1000000,1179320.75
1376,lpush5,1000000,833466.62
1376,lrange5,1000000,1307189.62
1377,lpush5,1000000,819118.81
1377,lrange5,1000000,1285388.12
1378,lpush5,1000000,827196.06
1378,lrange5,1000000,1262707.12
1379,lpush5,1000000,830617.94
1379,lrange5,1000000,1287083.62
1380,lpush5,1000000,835475.31
1380,lrange5,1000000,1264364.12
1381,lpush5,1000000,829280.31
1381,lrange5,1000000,1177969.38
1382,lpush5,1000000,837654.94
1382,lrange5,1000000,1259526.38
1383,lpush5,1000000,827973.56
1383,lrange5,1000000,1278874.62
1384,lpush5,1000000,831255.25
1384,lrange5,1000000,1273905.75
1385,lpush5,1000000,836900.38
1385,lrange5,1000000,1274007.62
1386,lpush5,1000000,831321.75
1386,lrange5,1000000,1290446.50
1387,lpush5,1000000,835555.56
1387,lrange5,1000000,1269198.00
1388,lpush5,1000000,836307.69
1388,lrange5,1000000,1275551.00
1389,lpush5,1000000,841804.75
1389,lrange5,1000000,1293702.50
1390,lpush5,1000000,831268.50
1390,lrange5,1000000,1278874.62
1391,lpush5,1000000,831973.38
1391,lrange5,1000000,1200806.75
1392,lpush5,1000000,837520.94
1392,lrange5,1000000,1262707.12
1393,lpush5,1000000,828606.44
1393,lrange5,1000000,1198007.25
1394,lpush5,1000000,819855.69
1394,lrange5,1000000,1285347.00
1395,lpush5,1000000,825777.06
1395,lrange5,1000000,1149719.50
1396,lpush5,1000000,832039.94
1396,lrange5,1000000,1192181.12
1397,lpush5,1000000,834068.38
1397,lrange5,1000000,1285408.75
1398,lpush5,1000000,832119.81
1398,lrange5,1000000,1292072.38
1399,lpush5,1000000,818383.00
1399,lrange5,1000000,1197911.38
1400,lpush5,1000000,825227.69
1400,lrange5,1000000,1257881.75
1401,lpush5,1000000,829240.50
1401,lrange5,1000000,1199155.88
1402,lpush5,1000000,839818.62
1402,lrange5,1000000,1186695.12
1403,lpush5,1000000,831986.69
1403,lrange5,1000000,1278813.25
1404,lpush5,1000000,823723.25
1404,lrange5,1000000,1274028.00
1405,lpush5,1000000,832639.50
1405,lrange5,1000000,1273946.50
1406,lpush5,1000000,825174.94
1406,lrange5,1000000,1248619.25
1407,lpush5,1000000,825777.06
1407,lrange5,1000000,1274028.00
1408,lpush5,1000000,822539.50
1408,lrange5,1000000,1266025.25
1409,lpush5,1000000,835475.31
1409,lrange5,1000000,1283717.62
1410,lpush5,1000000,838926.12
1410,lrange5,1000000,1300410.88
1411,lpush5,1000000,839630.56
1411,lrange5,1000000,1285449.88
1412,lpush5,1000000,830578.06
1412,lrange5,1000000,1192085.88
1413,lpush5,1000000,845362.69
1413,lrange5,1000000,1270709.00
1414,lpush5,1000000,832759.38
1414,lrange5,1000000,1292134.38
1415,lpush5,1000000,833479.94
1415,lrange5,1000000,1285449.88
1416,lpush5,1000000,844716.19
1416,lrange5,1000000,1192028.62
1417,lpush5,1000000,825922.38
1417,lrange5,1000000,1308984.25
1418,lpush5,1000000,834884.81
1418,lrange5,1000000,1275530.62
1419,lpush5,1000000,832706.12
1419,lrange5,1000000,1291989.62
1420,lpush5,1000000,835488.69
1420,lrange5,1000000,1222493.88
1421,lpush5,1000000,840389.88
1421,lrange5,1000000,1303989.50
1422,lpush5,1000000,828672.75
1422,lrange5,1000000,1256462.25
1423,lpush5,1000000,825108.88
1423,lrange5,1000000,1290467.12
1424,lpush5,1000000,831348.31
1424,lrange5,1000000,1287021.88
1425,lpush5,1000000,834068.38
1425,lrange5,1000000,1200845.12
1426,lpush5,1000000,825843.12
1426,lrange5,1000000,1295440.38
1427,lpush5,1000000,829968.44
1427,lrange5,1000000,1283840.88
1428,lpush5,1000000,836953.94
1428,lrange5,1000000,1219531.75
1429,lpush5,1000000,834737.94
1429,lrange5,1000000,1302125.00
1430,lpush5,1000000,824481.44
1430,lrange5,1000000,1285511.62
1431,lpush5,1000000,829399.69
1431,lrange5,1000000,1193451.12
1432,lpush5,1000000,823723.25
1432,lrange5,1000000,1253333.38
1433,lpush5,1000000,830061.38
1433,lrange5,1000000,1280532.62
1434,lpush5,1000000,835555.56
1434,lrange5,1000000,1278936.00
1435,lpush5,1000000,832692.75
1435,lrange5,1000000,1287186.62
1436,lpush5,1000000,831308.44
1436,lrange5,1000000,1200883.50
1437,lpush5,1000000,837681.75
1437,lrange5,1000000,1190666.75
1438,lpush5,1000000,817032.69
1438,lrange5,1000000,1305629.25
1439,lpush5,1000000,828672.75
1439,lrange5,1000000,1197777.25
1440,lpush5,1000000,828513.69
1440,lrange5,1000000,1261074.38
1441,lpush5,1000000,834108.44
1441,lrange5,1000000,1253152.88
1442,lpush5,1000000,833346.62
1442,lrange5,1000000,1307294.12
1443,lpush5,1000000,830061.38
1443,lrange5,1000000,1288824.75
1444,lpush5,1000000,836334.44
1444,lrange5,1000000,1302083.38
1445,lpush5,1000000,823058.44
1445,lrange5,1000000,1300515.00
1446,lpush5,1000000,835421.88
1446,lrange5,1000000,1200883.50
1447,lpush5,1000000,831295.12
1447,lrange5,1000000,1272305.38
1448,lpush5,1000000,829888.75
1448,lrange5,1000000,1305504.00
1449,lpush5,1000000,834255.19
1449,lrange5,1000000,1257861.62
1450,lpush5,1000000,825188.12
1450,lrange5,1000000,1305566.62
1451,lpush5,1000000,831308.44
1451,lrange5,1000000,1273926.12
1452,lpush5,1000000,828686.00
1452,lrange5,1000000,1298722.12
1453,lpush5,1000000,825816.69
1453,lrange5,1000000,1264263.00
1454,lpush5,1000000,839073.81
1454,lrange5,1000000,1303780.88
1455,lpush5,1000000,843935.88
1455,lrange5,1000000,1298888.38
1456,lpush5,1000000,832692.75
1456,lrange5,1000000,1262727.25
1457,lpush5,1000000,840336.12
1457,lrange5,1000000,1297099.88
1458,lpush5,1000000,833386.62
1458,lrange5,1000000,1300390.12
1459,lpush5,1000000,833426.62
1459,lrange5,1000000,1197892.25
1460,lpush5,1000000,831946.75
1460,lrange5,1000000,1307336.00
1461,lpush5,1000000,828566.69
1461,lrange5,1000000,1302166.62
1462,lpush5,1000000,827854.31
1462,lrange5,1000000,1305587.50
1463,lpush5,1000000,832772.69
1463,lrange5,1000000,1283799.75
1464,lpush5,1000000,827867.56
1464,lrange5,1000000,1272427.50
1465,lpush5,1000000,830564.81
1465,lrange5,1000000,1199175.12
1466,lpush5,1000000,838979.81
1466,lrange5,1000000,1297162.12
1467,lpush5,1000000,832839.31
1467,lrange5,1000000,1287186.62
1468,lpush5,1000000,834724.56
1468,lrange5,1000000,1290363.88
1469,lpush5,1000000,840430.19
1469,lrange5,1000000,1254865.75
1470,lpush5,1000000,823097.94
1470,lrange5,1000000,1200902.75
1471,lpush5,1000000,829240.50
1471,lrange5,1000000,1248579.25
1472,lpush5,1000000,839684.31
1472,lrange5,1000000,1283697.12
1473,lpush5,1000000,832000.00
1473,lrange5,1000000,1303947.88
1474,lpush5,1000000,821758.44
1474,lrange5,1000000,1190895.25
1475,lpush5,1000000,820554.56
1475,lrange5,1000000,1272386.75
1476,lpush5,1000000,832772.69
1476,lrange5,1000000,1269258.88
1477,lpush5,1000000,823111.06
1477,lrange5,1000000,1277261.88
1478,lpush5,1000000,829359.88
1478,lrange5,1000000,1194934.25
1479,lpush5,1000000,819040.19
1479,lrange5,1000000,1290508.38
1480,lpush5,1000000,825227.69
1480,lrange5,1000000,1133877.50
1481,lpush5,1000000,831348.31
1481,lrange5,1000000,1298805.25
1482,lpush5,1000000,823762.75
1482,lrange5,1000000,1278915.62
1483,lpush5,1000000,833453.31
1483,lrange5,1000000,1239335.88
1484,lpush5,1000000,827182.81
1484,lrange5,1000000,1277139.25
1485,lpush5,1000000,829941.88
1485,lrange5,1000000,1192028.62
1486,lpush5,1000000,834778.00
1486,lrange5,1000000,1298888.38
1487,lpush5,1000000,839020.12
1487,lrange5,1000000,1258143.38
1488,lpush5,1000000,832786.00
1488,lrange5,1000000,1295544.00
1489,lpush5,1000000,829293.56
1489,lrange5,1000000,1298929.88
1490,lpush5,1000000,832759.38
1490,lrange5,1000000,1282194.88
1491,lpush5,1000000,823802.31
1491,lrange5,1000000,1200883.50
1492,lpush5,1000000,835542.19
1492,lrange5,1000000,1272285.00
1493,lpush5,1000000,836294.31
1493,lrange5,1000000,1295419.62
1494,lpush5,1000000,834041.69
1494,lrange5,1000000,1257901.88
1495,lpush5,1000000,838290.06
1495,lrange5,1000000,1280471.12
1496,lpush5,1000000,842635.19
1496,lrange5,1000000,1285347.00
1497,lpush5,1000000,837668.31
1497,lrange5,1000000,1262727.25
1498,lpush5,1000000,841177.44
1498,lrange5,1000000,1243960.12
1499,lpush5,1000000,834241.88
1499,lrange5,1000000,1280491.62
1500,lpush5,1000000,834831.44
1500,lrange5,1000000,1300598.25
1501,lpush5,1000000,832652.81
1501,lrange5,1000000,1300410.88
1502,lpush5,1000000,825829.94
1502,lrange5,1000000,1278854.25
1503,lpush5,1000000,832679.44
1503,lrange5,1000000,1242395.00
1504,lpush5,1000000,832639.50
1504,lrange5,1000000,1280553.12
1505,lpush5,1000000,832639.50
1505,lrange5,1000000,1262646.50
1506,lpush5,1000000,831361.62
1506,lrange5,1000000,1196421.00
1507,lpush5,1000000,836227.44
1507,lrange5,1000000,1292113.75
1508,lpush5,1000000,834804.69
1508,lrange5,1000000,1269218.25
1509,lpush5,1000000,828699.25
1509,lrange5,1000000,1277180.12
1510,lpush5,1000000,841096.69
1510,lrange5,1000000,1196631.50
1511,lpush5,1000000,832812.69
1511,lrange5,1000000,1270668.38
1512,lpush5,1000000,832786.00
1512,lrange5,1000000,1303843.50
1513,lpush5,1000000,828500.38
1513,lrange5,1000000,1200922.00
1514,lpush5,1000000,841042.88
1514,lrange5,1000000,1280512.12
1515,lpush5,1000000,830750.81
1515,lrange5,1000000,1253253.12
1516,lpush5,1000000,832865.94
1516,lrange5,1000000,1267488.00
1517,lpush5,1000000,826631.38
1517,lrange5,1000000,1273885.25
1518,lpush5,1000000,836887.00
1518,lrange5,1000000,1303968.62
1519,lpush5,1000000,836334.44
1519,lrange5,1000000,1288659.75
1520,lpush5,1000000,829200.69
1520,lrange5,1000000,1303843.50
1521,lpush5,1000000,844702.69
1521,lrange5,1000000,1302187.50
1522,lpush5,1000000,833333.31
1522,lrange5,1000000,1277302.75
1523,lpush5,1000000,834188.50
1523,lrange5,1000000,1285347.00
1524,lpush5,1000000,833386.62
1524,lrange5,1000000,1201923.00
1525,lpush5,1000000,841764.31
1525,lrange5,1000000,1254905.88
1526,lpush5,1000000,825816.69
1526,lrange5,1000000,1283717.62
1527,lpush5,1000000,831308.44
1527,lrange5,1000000,1292010.38
1528,lpush5,1000000,830631.25
1528,lrange5,1000000,1231546.88
1529,lpush5,1000000,829187.44
1529,lrange5,1000000,1292051.75
1530,lpush5,1000000,825293.75
1530,lrange5,1000000,1298784.50
1531,lpush5,1000000,836187.31
1531,lrange5,1000000,1298888.38
1532,lpush5,1000000,835448.62
1532,lrange5,1000000,1251644.50
1533,lpush5,1000000,829240.50
1533,lrange5,1000000,1288845.38
1534,lpush5,1000000,834188.50
1534,lrange5,1000000,1288742.25
1535,lpush5,1000000,829875.50
1535,lrange5,1000000,1297037.62
1536,lpush5,1000000,834028.38
1536,lrange5,1000000,1261114.75
1537,lpush5,1000000,837681.75
1537,lrange5,1000000,1233223.25
1538,lpush5,1000000,827354.88
1538,lrange5,1000000,1293847.38
1539,lpush5,1000000,830617.94
1539,lrange5,1000000,1293723.12
1540,lpush5,1000000,825882.75
1540,lrange5,1000000,1282174.38
1541,lpush5,1000000,826618.12
1541,lrange5,1000000,1172670.62
1542,lpush5,1000000,823802.31
1542,lrange5,1000000,1270648.00
1543,lpush5,1000000,831321.75
1543,lrange5,1000000,1179339.62
1544,lpush5,1000000,838939.56
1544,lrange5,1000000,1242236.00
1545,lpush5,1000000,818343.69
1545,lrange5,1000000,1265924.00
1546,lpush5,1000000,834081.75
1546,lrange5,1000000,1293764.50
1547,lpush5,1000000,532515.44
1547,lrange5,1000000,1261094.62
1548,lpush5,1000000,834831.44
1548,lrange5,1000000,1302125.00
1549,lpush5,1000000,824521.00
1549,lrange5,1000000,1250060.00
1550,lpush5,1000000,839697.75
1550,lrange5,1000000,1196363.62
1551,lpush5,1000000,828606.44
1551,lrange5,1000000,1261195.50
1552,lpush5,1000000,843224.31
1552,lrange5,1000000,1237663.38
1553,lpush5,1000000,834201.81
1553,lrange5,1000000,1250180.00
1554,lpush5,1000000,835462.00
1554,lrange5,1000000,1272427.50
1555,lpush5,1000000,825896.00
1555,lrange5,1000000,1269279.25
1556,lpush5,1000000,835488.69
1556,lrange5,1000000,1251564.38
1557,lpush5,1000000,831348.31
1557,lrange5,1000000,1278936.00
1558,lpush5,1000000,832732.75
1558,lrange5,1000000,1272488.50
1559,lpush5,1000000,829941.88
1559,lrange5,1000000,1195144.50
1560,lpush5,1000000,836927.19
1560,lrange5,1000000,1300410.88
1561,lpush5,1000000,829240.50
1561,lrange5,1000000,1300410.88
1562,lpush5,1000000,834081.75
1562,lrange5,1000000,1154845.25
1563,lpush5,1000000,832759.38
1563,lrange5,1000000,1262787.88
1564,lpush5,1000000,835462.00
1564,lrange5,1000000,1270729.38
1565,lpush5,1000000,825856.31
1565,lrange5,1000000,1253333.38
1566,lpush5,1000000,834028.38
1566,lrange5,1000000,1285388.12
1567,lpush5,1000000,830617.94
1567,lrange5,1000000,1300577.38
1568,lpush5,1000000,831268.50
1568,lrange5,1000000,1298867.62
1569,lpush5,1000000,837534.31
1569,lrange5,1000000,1290487.75
1570,lpush5,1000000,841804.75
1570,lrange5,1000000,1190609.50
1571,lpush5,1000000,832119.81
1571,lrange5,1000000,1270648.00
1572,lpush5,1000000,834898.19
1572,lrange5,1000000,1295378.25
1573,lpush5,1000000,825135.31
1573,lrange5,1000000,1295336.75
1574,lpush5,1000000,839684.31
1574,lrange5,1000000,846767.12
1575,lpush5,1000000,728343.75
1575,lrange5,1000000,1293681.75
1576,lpush5,1000000,826459.50
1576,lrange5,1000000,1259667.50
1577,lpush5,1000000,834255.19
1577,lrange5,1000000,1277261.88
1578,lpush5,1000000,833346.62
1578,lrange5,1000000,1267609.62
1579,lpush5,1000000,839670.88
1579,lrange5,1000000,1253132.88
1580,lpush5,1000000,837735.31
1580,lrange5,1000000,1212295.75
1581,lpush5,1000000,841858.62
1581,lrange5,1000000,1278895.12
1582,lpush5,1000000,834778.00
1582,lrange5,1000000,1191971.38
1583,lpush5,1000000,830048.12
1583,lrange5,1000000,1243860.62
1584,lpush5,1000000,830671.12
1584,lrange5,1000000,1283902.50
1585,lpush5,1000000,838966.44
1585,lrange5,1000000,1253213.12
1586,lpush5,1000000,837695.12
1586,lrange5,1000000,1230012.25
1587,lpush5,1000000,831960.06
1587,lrange5,1000000,1261175.25
1588,lpush5,1000000,835528.81
1588,lrange5,1000000,1193374.75
1589,lpush5,1000000,830724.25
1589,lrange5,1000000,1187990.50
1590,lpush5,1000000,834028.38
1590,lrange5,1000000,1275551.00
1591,lpush5,1000000,826499.12
1591,lrange5,1000000,1282277.00
1592,lpush5,1000000,825829.94
1592,lrange5,1000000,1236133.50
1593,lpush5,1000000,823775.94
1593,lrange5,1000000,1202211.50
1594,lpush5,1000000,827854.31
1594,lrange5,1000000,1195010.75
1595,lpush5,1000000,837695.12
1595,lrange5,1000000,1191933.25
1596,lpush5,1000000,818500.81
1596,lrange5,1000000,1193355.62
1597,lpush5,1000000,831255.25
1597,lrange5,1000000,1186448.38
1598,lpush5,1000000,829875.50
1598,lrange5,1000000,1234627.12
1599,lpush5,1000000,824415.44
1599,lrange5,1000000,1282051.38
1600,lpush5,1000000,823881.38
1600,lrange5,1000000,1199271.00
1601,lpush5,1000000,828606.44
1601,lrange5,1000000,1273946.50
1602,lpush5,1000000,824415.44
1602,lrange5,1000000,1290322.62
1603,lpush5,1000000,838383.94
1603,lrange5,1000000,1298722.12
1604,lpush5,1000000,829888.75
1604,lrange5,1000000,1300410.88
1605,lpush5,1000000,829253.75
1605,lrange5,1000000,1282256.50
1606,lpush5,1000000,831414.81
1606,lrange5,1000000,1287021.88
1607,lpush5,1000000,833559.94
1607,lrange5,1000000,1300598.25
1608,lpush5,1000000,832079.88
1608,lrange5,1000000,1222650.38
1609,lpush5,1000000,831255.25
1609,lrange5,1000000,1277180.12
1610,lpush5,1000000,825816.69
1610,lrange5,1000000,1200691.50
1611,lpush5,1000000,830657.81
1611,lrange5,1000000,1293785.25
1612,lpush5,1000000,826591.69
1612,lrange5,1000000,1300535.75
1613,lpush5,1000000,836254.19
1613,lrange5,1000000,1282092.38
1614,lpush5,1000000,824573.75
1614,lrange5,1000000,1288721.62
1615,lpush5,1000000,834095.06
1615,lrange5,1000000,1169815.12
1616,lpush5,1000000,836820.06
1616,lrange5,1000000,1285593.88
1617,lpush5,1000000,834924.94
1617,lrange5,1000000,1261175.25
1618,lpush5,1000000,829293.56
1618,lrange5,1000000,1202115.38
1619,lpush5,1000000,833493.31
1619,lrange5,1000000,1257942.12
1620,lpush5,1000000,819685.25
1620,lrange5,1000000,1302125.00
1621,lpush5,1000000,827222.50
1621,lrange5,1000000,1191914.25
1622,lpush5,1000000,832679.44
1622,lrange5,1000000,1303801.75
1623,lpush5,1000000,832732.75
1623,lrange5,1000000,1280573.62
1624,lpush5,1000000,827288.69
1624,lrange5,1000000,1199079.12
1625,lpush5,1000000,825935.62
1625,lrange5,1000000,1283881.88
1626,lpush5,1000000,827814.62
1626,lrange5,1000000,1310783.75
1627,lpush5,1000000,821745.25
1627,lrange5,1000000,1302270.88
1628,lpush5,1000000,827288.69
1628,lrange5,1000000,1242255.88
1629,lpush5,1000000,833426.62
1629,lrange5,1000000,1269116.75
1630,lpush5,1000000,821705.81
1630,lrange5,1000000,1251744.62
1631,lpush5,1000000,834041.69
1631,lrange5,1000000,1293743.88
1632,lpush5,1000000,838926.12
1632,lrange5,1000000,1259586.88
1633,lpush5,1000000,834108.44
1633,lrange5,1000000,1273885.25
1634,lpush5,1000000,825135.31
1634,lrange5,1000000,1293806.00
1635,lpush5,1000000,832639.50
1635,lrange5,1000000,1199309.38
1636,lpush5,1000000,700927.81
1636,lrange5,1000000,1121183.88
1637,lpush5,1000000,828619.69
1637,lrange5,1000000,1275612.25
1638,lpush5,1000000,834898.19
1638,lrange5,1000000,1282174.38
1639,lpush5,1000000,834161.81
1639,lrange5,1000000,1272264.62
1640,lpush5,1000000,832679.44
1640,lrange5,1000000,1231566.50
1641,lpush5,1000000,826578.50
1641,lrange5,1000000,1272305.38
1642,lpush5,1000000,827986.81
1642,lrange5,1000000,1264283.12
1643,lpush5,1000000,827143.12
1643,lrange5,1000000,1298909.12
1644,lpush5,1000000,838223.00
1644,lrange5,1000000,1298784.50
1645,lpush5,1000000,831374.94
1645,lrange5,1000000,1297203.62
1646,lpush5,1000000,836173.94
1646,lrange5,1000000,1190647.62
1647,lpush5,1000000,831414.81
1647,lrange5,1000000,1269055.88
1648,lpush5,1000000,834175.12
1648,lrange5,1000000,1266005.00
1649,lpush5,1000000,834081.75
1649,lrange5,1000000,1264303.38
1650,lpush5,1000000,826565.25
1650,lrange5,1000000,1282174.38
1651,lpush5,1000000,827841.12
1651,lrange5,1000000,1257901.88
1652,lpush5,1000000,834108.44
1652,lrange5,1000000,1285511.62
1653,lpush5,1000000,832106.50
1653,lrange5,1000000,1185213.25
1654,lpush5,1000000,824455.00
1654,lrange5,1000000,1303968.62
1655,lpush5,1000000,825148.50
1655,lrange5,1000000,1172483.00
1656,lpush5,1000000,839630.56
1656,lrange5,1000000,1216661.75
1657,lpush5,1000000,832719.44
1657,lrange5,1000000,1265863.25
1658,lpush5,1000000,831308.44
1658,lrange5,1000000,1298784.50
1659,lpush5,1000000,829253.75
1659,lrange5,1000000,1297037.62
1660,lpush5,1000000,828513.69
1660,lrange5,1000000,1288762.88
1661,lpush5,1000000,827867.56
1661,lrange5,1000000,1199079.12
1662,lpush5,1000000,838236.44
1662,lrange5,1000000,1283799.75
1663,lpush5,1000000,821705.81
1663,lrange5,1000000,1246902.75
1664,lpush5,1000000,829995.00
1664,lrange5,1000000,1254765.38
1665,lpush5,1000000,825095.69
1665,lrange5,1000000,1298867.62
1666,lpush5,1000000,839140.94
1666,lrange5,1000000,1209305.88
1667,lpush5,1000000,834028.38
1667,lrange5,1000000,1254705.12
1668,lpush5,1000000,832812.69
1668,lrange5,1000000,1290322.62
1669,lpush5,1000000,834201.81
1669,lrange5,1000000,1205224.12
1670,lpush5,1000000,832692.75
1670,lrange5,1000000,1300515.00
1671,lpush5,1000000,832013.31
1671,lrange5,1000000,1288701.00
1672,lpush5,1000000,824441.81
1672,lrange5,1000000,1242335.38
1673,lpush5,1000000,771108.69
1673,lrange5,1000000,1275673.50
1674,lpush5,1000000,837695.12
1674,lrange5,1000000,1303822.62
1675,lpush5,1000000,835568.88
1675,lrange5,1000000,1302125.00
1676,lpush5,1000000,832173.00
1676,lrange5,1000000,1200883.50
1677,lpush5,1000000,829359.88
1677,lrange5,1000000,1298846.75
1678,lpush5,1000000,836846.81
1678,lrange5,1000000,1300515.00
1679,lpush5,1000000,825790.25
1679,lrange5,1000000,1302291.62
1680,lpush5,1000000,833346.62
1680,lrange5,1000000,1182222.25
1681,lpush5,1000000,841056.31
1681,lrange5,1000000,1234627.12
1682,lpush5,1000000,832706.12
1682,lrange5,1000000,1288845.38
1683,lpush5,1000000,825293.75
1683,lrange5,1000000,1303906.12
1684,lpush5,1000000,830061.38
1684,lrange5,1000000,1277139.25
1685,lpush5,1000000,836927.19
1685,lrange5,1000000,1287104.25
1686,lpush5,1000000,843264.75
1686,lrange5,1000000,1243880.62
1687,lpush5,1000000,829359.88
1687,lrange5,1000000,1265964.50
1688,lpush5,1000000,833559.94
1688,lrange5,1000000,1285388.12
1689,lpush5,1000000,825306.94
1689,lrange5,1000000,1200902.75
1690,lpush5,1000000,830591.38
1690,lrange5,1000000,1256281.38
1691,lpush5,1000000,830631.25
1691,lrange5,1000000,1282092.38
1692,lpush5,1000000,830617.94
1692,lrange5,1000000,1196382.75
1693,lpush5,1000000,834148.44
1693,lrange5,1000000,1280409.75
1694,lpush5,1000000,840564.69
1694,lrange5,1000000,1196555.00
1695,lpush5,1000000,837561.12
1695,lrange5,1000000,1194953.38
1696,lpush5,1000000,832812.69
1696,lrange5,1000000,1198026.38
1697,lpush5,1000000,827209.25
1697,lrange5,1000000,1274048.38
1698,lpush5,1000000,821837.31
1698,lrange5,1000000,1199347.75
1699,lpush5,1000000,818330.62
1699,lrange5,1000000,1239335.88
1700,lpush5,1000000,830777.44
1700,lrange5,1000000,1280635.00
1701,lpush5,1000000,825882.75
1701,lrange5,1000000,1243940.25
1702,lpush5,1000000,833333.31
1702,lrange5,1000000,1285388.12
1703,lpush5,1000000,828513.69
1703,lrange5,1000000,1283861.38
1704,lpush5,1000000,829227.19
1704,lrange5,1000000,1192085.88
1705,lpush5,1000000,832039.94
1705,lrange5,1000000,1297079.12
1706,lpush5,1000000,834068.38
1706,lrange5,1000000,1302125.00
1707,lpush5,1000000,838979.81
1707,lrange5,1000000,1196459.25
1708,lpush5,1000000,829399.69
1708,lrange5,1000000,1282153.88
1709,lpush5,1000000,828513.69
1709,lrange5,1000000,1303968.62
1710,lpush5,1000000,841818.19
1710,lrange5,1000000,1195049.00
1711,lpush5,1000000,824494.62
1711,lrange5,1000000,1300410.88
1712,lpush5,1000000,832639.50
1712,lrange5,1000000,1282277.00
1713,lpush5,1000000,823815.50
1713,lrange5,1000000,1261054.25
1714,lpush5,1000000,827182.81
1714,lrange5,1000000,1196516.75
1715,lpush5,1000000,831441.44
1715,lrange5,1000000,1282277.00
1716,lpush5,1000000,833346.62
1716,lrange5,1000000,1298701.38
1717,lpush5,1000000,828026.50
1717,lrange5,1000000,1197700.62
1718,lpush5,1000000,828712.50
1718,lrange5,1000000,1270851.38
1719,lpush5,1000000,830034.81
1719,lrange5,1000000,1264242.75
1720,lpush5,1000000,836887.00
1720,lrange5,1000000,1273987.25
1721,lpush5,1000000,830617.94
1721,lrange5,1000000,1183753.75
1722,lpush5,1000000,838451.00
1722,lrange5,1000000,1269218.25
1723,lpush5,1000000,823058.44
1723,lrange5,1000000,1251744.62
1724,lpush5,1000000,832000.00
1724,lrange5,1000000,1277384.38
1725,lpush5,1000000,825082.50
1725,lrange5,1000000,1197719.75
1726,lpush5,1000000,823045.25
1726,lrange5,1000000,1257901.88
1727,lpush5,1000000,825922.38
1727,lrange5,1000000,1199155.88
1728,lpush5,1000000,837520.94
1728,lrange5,1000000,1275612.25
1729,lpush5,1000000,831308.44
1729,lrange5,1000000,1265863.25
1730,lpush5,1000000,825201.31
1730,lrange5,1000000,1165930.12
1731,lpush5,1000000,832053.25
1731,lrange5,1000000,1264222.50
1732,lpush5,1000000,833333.31
1732,lrange5,1000000,1219590.25
1733,lpush5,1000000,833346.62
1733,lrange5,1000000,1194953.38
1734,lpush5,1000000,844770.25
1734,lrange5,1000000,1280471.12
1735,lpush5,1000000,832639.50
1735,lrange5,1000000,1297037.62
1736,lpush5,1000000,827933.81
1736,lrange5,1000000,1251564.38
1737,lpush5,1000000,832133.12
1737,lrange5,1000000,1237643.50
1738,lpush5,1000000,829240.50
1738,lrange5,1000000,1277221.00
1739,lpush5,1000000,837695.12
1739,lrange5,1000000,1197853.88
1740,lpush5,1000000,827867.56
1740,lrange5,1000000,1219531.75
1741,lpush5,1000000,826459.50
1741,lrange5,1000000,1270729.38
1742,lpush5,1000000,825135.31
1742,lrange5,1000000,1248639.25
1743,lpush5,1000000,835435.25
1743,lrange5,1000000,1280430.25
1744,lpush5,1000000,832679.44
1744,lrange5,1000000,1282071.88
1745,lpush5,1000000,837681.75
1745,lrange5,1000000,1270648.00
1746,lpush5,1000000,831388.25
1746,lrange5,1000000,1292196.38
1747,lpush5,1000000,825829.94
1747,lrange5,1000000,1272264.62
1748,lpush5,1000000,822460.56
1748,lrange5,1000000,1280635.00
1749,lpush5,1000000,828553.44
1749,lrange5,1000000,1302145.88
1750,lpush5,1000000,827196.06
1750,lrange5,1000000,1282112.88
1751,lpush5,1000000,834188.50
1751,lrange5,1000000,1280471.12
1752,lpush5,1000000,823894.56
1752,lrange5,1000000,1239197.00
1753,lpush5,1000000,827867.56
1753,lrange5,1000000,1293681.75
1754,lpush5,1000000,836347.81
1754,lrange5,1000000,1297203.62
1755,lpush5,1000000,836361.19
1755,lrange5,1000000,1245509.38
1756,lpush5,1000000,821149.38
1756,lrange5,1000000,1280491.62
1757,lpush5,1000000,825803.50
1757,lrange5,1000000,1283697.12
1758,lpush5,1000000,832852.62
1758,lrange5,1000000,1256341.75
1759,lpush5,1000000,836846.81
1759,lrange5,1000000,1199117.50
1760,lpush5,1000000,825922.38
1760,lrange5,1000000,1242375.12
1761,lpush5,1000000,843989.94
1761,lrange5,1000000,1261235.88
1762,lpush5,1000000,832639.50
1762,lrange5,1000000,1277261.88
1763,lpush5,1000000,838383.94
1763,lrange5,1000000,1297079.12
1764,lpush5,1000000,830048.12
1764,lrange5,1000000,1303801.75
1765,lpush5,1000000,834911.56
1765,lrange5,1000000,1283779.25
1766,lpush5,1000000,833439.94
1766,lrange5,1000000,868055.56
1767,lpush5,1000000,754147.81
1767,lrange5,1000000,1303947.88
1768,lpush5,1000000,835488.69
1768,lrange5,1000000,1202173.00
1769,lpush5,1000000,846186.12
1769,lrange5,1000000,1199328.50
1770,lpush5,1000000,830564.81
1770,lrange5,1000000,1297141.38
1771,lpush5,1000000,831255.25
1771,lrange5,1000000,1183640.25
1772,lpush5,1000000,827169.56
1772,lrange5,1000000,1219531.75
1773,lpush5,1000000,830591.38
1773,lrange5,1000000,1297058.38
1774,lpush5,1000000,834095.06
1774,lrange5,1000000,1293868.00
1775,lpush5,1000000,831986.69
1775,lrange5,1000000,1293723.12
1776,lpush5,1000000,828672.75
1776,lrange5,1000000,1295461.12
1777,lpush5,1000000,834778.00
1777,lrange5,1000000,1197796.50
1778,lpush5,1000000,830684.38
1778,lrange5,1000000,1292175.75
1779,lpush5,1000000,827827.88
1779,lrange5,1000000,1169590.62
1780,lpush5,1000000,830087.94
1780,lrange5,1000000,1282133.38
1781,lpush5,1000000,838357.12
1781,lrange5,1000000,1204954.25
1782,lpush5,1000000,833333.31
1782,lrange5,1000000,1280430.25
1783,lpush5,1000000,825108.88
1783,lrange5,1000000,1280471.12
1784,lpush5,1000000,831986.69
1784,lrange5,1000000,1197662.25
1785,lpush5,1000000,835555.56
1785,lrange5,1000000,1193584.75
1786,lpush5,1000000,839644.00
1786,lrange5,1000000,1269055.88
1787,lpush5,1000000,841042.88
1787,lrange5,1000000,1126504.50
1788,lpush5,1000000,832879.31
1788,lrange5,1000000,1203658.25
1789,lpush5,1000000,828513.69
1789,lrange5,1000000,1194991.62
1790,lpush5,1000000,832000.00
1790,lrange5,1000000,1259486.12
1791,lpush5,1000000,834201.81
1791,lrange5,1000000,1272285.00
1792,lpush5,1000000,833439.94
1792,lrange5,1000000,1267589.38
1793,lpush5,1000000,838276.62
1793,lrange5,1000000,1182108.75
1794,lpush5,1000000,836173.94
1794,lrange5,1000000,1283697.12
1795,lpush5,1000000,839684.31
1795,lrange5,1000000,1188047.50
1796,lpush5,1000000,836307.69
1796,lrange5,1000000,1285347.00
1797,lpush5,1000000,827143.12
1797,lrange5,1000000,1199366.88
1798,lpush5,1000000,831268.50
1798,lrange5,1000000,1277241.38
1799,lpush5,1000000,829981.69
1799,lrange5,1000000,1285367.62
1800,lpush5,1000000,835595.62
1800,lrange5,1000000,1190495.25
1801,lpush5,1000000,827156.31
1801,lrange5,1000000,1292134.38
1802,lpush5,1000000,838343.69
1802,lrange5,1000000,1205262.62
1803,lpush5,1000000,827907.31
1803,lrange5,1000000,1256361.75
1804,lpush5,1000000,823775.94
1804,lrange5,1000000,1219687.88
1805,lpush5,1000000,822552.69
1805,lrange5,1000000,1005041.19
1806,lpush5,1000000,826472.69
1806,lrange5,1000000,1187952.50
1807,lpush5,1000000,825790.25
1807,lrange5,1000000,1300723.00
1808,lpush5,1000000,831468.06
1808,lrange5,1000000,1237782.12
1809,lpush5,1000000,831960.06
1809,lrange5,1000000,1196478.38
1810,lpush5,1000000,828606.44
1810,lrange5,1000000,1253152.88
1811,lpush5,1000000,843170.31
1811,lrange5,1000000,1303780.88
1812,lpush5,1000000,825135.31
1812,lrange5,1000000,1203408.00
1813,lpush5,1000000,829320.06
1813,lrange5,1000000,1282092.38
1814,lpush5,1000000,831481.31
1814,lrange5,1000000,1283840.88
1815,lpush5,1000000,821149.38
1815,lrange5,1000000,1285367.62
1816,lpush5,1000000,831946.75
1816,lrange5,1000000,1265843.00
1817,lpush5,1000000,831428.12
1817,lrange5,1000000,1293847.38
1818,lpush5,1000000,840497.44
1818,lrange5,1000000,1195144.50
1819,lpush5,1000000,833573.31
1819,lrange5,1000000,1302270.88
1820,lpush5,1000000,835475.31
1820,lrange5,1000000,1302145.88
1821,lpush5,1000000,829888.75
1821,lrange5,1000000,1236173.00
1822,lpush5,1000000,828606.44
1822,lrange5,1000000,1264283.12
1823,lpush5,1000000,830034.81
1823,lrange5,1000000,1292072.38
1824,lpush5,1000000,836187.31
1824,lrange5,1000000,1199443.62
1825,lpush5,1000000,829902.06
1825,lrange5,1000000,1261215.62
1826,lpush5,1000000,825829.94
1826,lrange5,1000000,1297162.12
1827,lpush5,1000000,831361.62
1827,lrange5,1000000,1288824.75
1828,lpush5,1000000,837534.31
1828,lrange5,1000000,1237683.12
1829,lpush5,1000000,825777.06
1829,lrange5,1000000,1283697.12
1830,lpush5,1000000,832706.12
1830,lrange5,1000000,1224009.88
1831,lpush5,1000000,819053.25
1831,lrange5,1000000,1280430.25
1832,lpush5,1000000,832706.12
1832,lrange5,1000000,1290508.38
1833,lpush5,1000000,832746.06
1833,lrange5,1000000,1247022.50
1834,lpush5,1000000,836120.44
1834,lrange5,1000000,1253152.88
1835,lpush5,1000000,834844.75
1835,lrange5,1000000,1196459.25
1836,lpush5,1000000,831308.44
1836,lrange5,1000000,1189231.88
1837,lpush5,1000000,830604.62
1837,lrange5,1000000,1280430.25
1838,lpush5,1000000,834764.62
1838,lrange5,1000000,1251564.38
1839,lpush5,1000000,839644.00
1839,lrange5,1000000,1228678.12
1840,lpush5,1000000,832692.75
1840,lrange5,1000000,1278977.00
1841,lpush5,1000000,827262.19
1841,lrange5,1000000,1288659.75
1842,lpush5,1000000,843908.88
1842,lrange5,1000000,1297058.38
1843,lpush5,1000000,840349.56
1843,lrange5,1000000,1307294.12
1844,lpush5,1000000,832026.62
1844,lrange5,1000000,1292155.00
1845,lpush5,1000000,819685.25
1845,lrange5,1000000,1307273.25
1846,lpush5,1000000,824415.44
1846,lrange5,1000000,1262666.62
1847,lpush5,1000000,819040.19
1847,lrange5,1000000,1203408.00
1848,lpush5,1000000,834938.25
1848,lrange5,1000000,1303885.25
1849,lpush5,1000000,825869.56
1849,lrange5,1000000,1253233.12
1850,lpush5,1000000,827143.12
1850,lrange5,1000000,1307252.25
1851,lpush5,1000000,823097.94
1851,lrange5,1000000,1203793.12
1852,lpush5,1000000,832013.31
1852,lrange5,1000000,1285367.62
1853,lpush5,1000000,819171.19
1853,lrange5,1000000,1308921.50
1854,lpush5,1000000,832039.94
1854,lrange5,1000000,835515.44
1855,lpush5,1000000,766369.38
1855,lrange5,1000000,1278895.12
1856,lpush5,1000000,829875.50
1856,lrange5,1000000,1269218.25
1857,lpush5,1000000,825988.44
1857,lrange5,1000000,1245369.88
1858,lpush5,1000000,829888.75
1858,lrange5,1000000,1280532.62
1859,lpush5,1000000,828526.94
1859,lrange5,1000000,1206311.25
1860,lpush5,1000000,836846.81
1860,lrange5,1000000,1293992.25
1861,lpush5,1000000,835582.25
1861,lrange5,1000000,1282133.38
1862,lpush5,1000000,833466.62
1862,lrange5,1000000,1288804.12
1863,lpush5,1000000,830617.94
1863,lrange5,1000000,1302104.12
1864,lpush5,1000000,830074.69
1864,lrange5,1000000,1278792.88
1865,lpush5,1000000,836227.44
1865,lrange5,1000000,1250000.00
1866,lpush5,1000000,829293.56
1866,lrange5,1000000,1295336.75
1867,lpush5,1000000,841925.94
1867,lrange5,1000000,1300390.12
1868,lpush5,1000000,838236.44
1868,lrange5,1000000,1195029.88
1869,lpush5,1000000,828026.50
1869,lrange5,1000000,1280471.12
1870,lpush5,1000000,843908.88
1870,lrange5,1000000,1261195.50
1871,lpush5,1000000,831268.50
1871,lrange5,1000000,1262626.25
1872,lpush5,1000000,839711.19
1872,lrange5,1000000,1297016.88
1873,lpush5,1000000,836913.75
1873,lrange5,1000000,1280594.12
1874,lpush5,1000000,836120.44
1874,lrange5,1000000,1295378.25
1875,lpush5,1000000,838979.81
1875,lrange5,1000000,1285449.88
1876,lpush5,1000000,841831.69
1876,lrange5,1000000,1197777.25
1877,lpush5,1000000,828526.94
1877,lrange5,1000000,1257922.00
1878,lpush5,1000000,830591.38
1878,lrange5,1000000,1277241.38
1879,lpush5,1000000,836873.62
1879,lrange5,1000000,1262787.88
1880,lpush5,1000000,835462.00
1880,lrange5,1000000,1247202.00
1881,lpush5,1000000,829888.75
1881,lrange5,1000000,1273966.88
1882,lpush5,1000000,829373.12
1882,lrange5,1000000,1285388.12
1883,lpush5,1000000,832652.81
1883,lrange5,1000000,1216681.25
1884,lpush5,1000000,828606.44
1884,lrange5,1000000,1075337.62
1885,lpush5,1000000,827209.25
1885,lrange5,1000000,1254705.12
1886,lpush5,1000000,834924.94
1886,lrange5,1000000,1243920.38
1887,lpush5,1000000,837020.88
1887,lrange5,1000000,1285511.62
1888,lpush5,1000000,831414.81
1888,lrange5,1000000,1303906.12
1889,lpush5,1000000,830697.69
1889,lrange5,1000000,1288701.00
1890,lpush5,1000000,828000.06
1890,lrange5,1000000,1303822.62
1891,lpush5,1000000,825763.88
1891,lrange5,1000000,1305483.12
1892,lpush5,1000000,829412.94
1892,lrange5,1000000,1250020.00
1893,lpush5,1000000,826604.94
1893,lrange5,1000000,1210983.12
1894,lpush5,1000000,829373.12
1894,lrange5,1000000,1280512.12
1895,lpush5,1000000,827354.88
1895,lrange5,1000000,1243820.88
1896,lpush5,1000000,824521.00
1896,lrange5,1000000,1202269.25
1897,lpush5,1000000,829293.56
1897,lrange5,1000000,1285367.62
1898,lpush5,1000000,827143.12
1898,lrange5,1000000,1305524.88
1899,lpush5,1000000,826525.62
1899,lrange5,1000000,1287166.00
1900,lpush5,1000000,831960.06
1900,lrange5,1000000,1183734.88
1901,lpush5,1000000,842459.94
1901,lrange5,1000000,1264384.25
1902,lpush5,1000000,819685.25
1902,lrange5,1000000,1277139.25
1903,lpush5,1000000,834764.62
1903,lrange5,1000000,1254885.88
1904,lpush5,1000000,829888.75
1904,lrange5,1000000,1302291.62
1905,lpush5,1000000,832039.94
1905,lrange5,1000000,1203581.25
1906,lpush5,1000000,826578.50
1906,lrange5,1000000,1300577.38
1907,lpush5,1000000,837534.31
1907,lrange5,1000000,1239157.38
1908,lpush5,1000000,837520.94
1908,lrange5,1000000,1243860.62
1909,lpush5,1000000,834778.00
1909,lrange5,1000000,1248499.38
1910,lpush5,1000000,833346.62
1910,lrange5,1000000,1247062.38
1911,lpush5,1000000,837020.88
1911,lrange5,1000000,1256281.38
1912,lpush5,1000000,825816.69
1912,lrange5,1000000,1198045.50
1913,lpush5,1000000,820475.81
1913,lrange5,1000000,1275551.00
1914,lpush5,1000000,824468.25
1914,lrange5,1000000,1302250.00
1915,lpush5,1000000,829240.50
1915,lrange5,1000000,1199386.12
1916,lpush5,1000000,817124.19
1916,lrange5,1000000,1222611.25
1917,lpush5,1000000,831973.38
1917,lrange5,1000000,1246982.62
1918,lpush5,1000000,830591.38
1918,lrange5,1000000,1199501.25
1919,lpush5,1000000,836334.44
1919,lrange5,1000000,1262727.25
1920,lpush5,1000000,831481.31
1920,lrange5,1000000,1193489.25
1921,lpush5,1000000,833386.62
1921,lrange5,1000000,1199117.50
1922,lpush5,1000000,836133.81
1922,lrange5,1000000,1277241.38
1923,lpush5,1000000,825148.50
1923,lrange5,1000000,1283738.12
1924,lpush5,1000000,834778.00
1924,lrange5,1000000,1176564.62
1925,lpush5,1000000,838316.88
1925,lrange5,1000000,1251704.62
1926,lpush5,1000000,836833.44
1926,lrange5,1000000,1191933.25
1927,lpush5,1000000,832719.44
1927,lrange5,1000000,1287186.62
1928,lpush5,1000000,835555.56
1928,lrange5,1000000,1216564.38
1929,lpush5,1000000,834081.75
1929,lrange5,1000000,1293764.50
1930,lpush5,1000000,833506.62
1930,lrange5,1000000,1287021.88
1931,lpush5,1000000,843264.75
1931,lrange5,1000000,1265883.50
1932,lpush5,1000000,840430.19
1932,lrange5,1000000,1293868.00
1933,lpush5,1000000,838424.19
1933,lrange5,1000000,1230032.00
1934,lpush5,1000000,841777.81
1934,lrange5,1000000,1297058.38
1935,lpush5,1000000,834108.44
1935,lrange5,1000000,1287042.50
1936,lpush5,1000000,833386.62
1936,lrange5,1000000,1298867.62
1937,lpush5,1000000,834095.06
1937,lrange5,1000000,1290467.12
1938,lpush5,1000000,845322.06
1938,lrange5,1000000,1236232.38
1939,lpush5,1000000,831441.44
1939,lrange5,1000000,1293826.62
1940,lpush5,1000000,832159.69
1940,lrange5,1000000,1180788.62
1941,lpush5,1000000,834778.00
1941,lrange5,1000000,1200633.88
1942,lpush5,1000000,832652.81
1942,lrange5,1000000,1282215.38
1943,lpush5,1000000,834898.19
1943,lrange5,1000000,1272285.00
1944,lpush5,1000000,827288.69
1944,lrange5,1000000,1200653.00
1945,lpush5,1000000,833426.62
1945,lrange5,1000000,868823.62
1946,lpush5,1000000,514668.06
1946,lrange5,1000000,822421.06
1947,lpush5,1000000,651507.50
1947,lrange5,1000000,1186486.38
1948,lpush5,1000000,836227.44
1948,lrange5,1000000,1277139.25
1949,lpush5,1000000,832026.62
1949,lrange5,1000000,1297058.38
1950,lpush5,1000000,836873.62
1950,lrange5,1000000,1253333.38
1951,lpush5,1000000,836267.56
1951,lrange5,1000000,1295461.12
1952,lpush5,1000000,829928.62
1952,lrange5,1000000,1277425.25
1953,lpush5,1000000,839845.50
1953,lrange5,1000000,1280409.75
1954,lpush5,1000000,821175.69
1954,lrange5,1000000,1236271.88
1955,lpush5,1000000,836887.00
1955,lrange5,1000000,1200518.62
1956,lpush5,1000000,831308.44
1956,lrange5,1000000,1253273.25
1957,lpush5,1000000,827182.81
1957,lrange5,1000000,1290363.88
1958,lpush5,1000000,838303.44
1958,lrange5,1000000,1200633.88
1959,lpush5,1000000,830008.25
1959,lrange5,1000000,1233203.50
1960,lpush5,1000000,832772.69
1960,lrange5,1000000,1234567.88
1961,lpush5,1000000,823723.25
1961,lrange5,1000000,1285552.75
1962,lpush5,1000000,838236.44
1962,lrange5,1000000,1141625.62
1963,lpush5,1000000,829320.06
1963,lrange5,1000000,1197853.88
1964,lpush5,1000000,830034.81
1964,lrange5,1000000,1190647.62
1965,lpush5,1000000,832066.56
1965,lrange5,1000000,1019710.50
1966,lpush5,1000000,829200.69
1966,lrange5,1000000,1257861.62
1967,lpush5,1000000,845335.62
1967,lrange5,1000000,1209209.12
1968,lpush5,1000000,835568.88
1968,lrange5,1000000,1259486.12
1969,lpush5,1000000,835475.31
1969,lrange5,1000000,1240694.75
1970,lpush5,1000000,830591.38
1970,lrange5,1000000,1298742.88
1971,lpush5,1000000,837574.56
1971,lrange5,1000000,1204935.00
1972,lpush5,1000000,843895.38
1972,lrange5,1000000,1273966.88
1973,lpush5,1000000,834737.94
1973,lrange5,1000000,1196612.38
1974,lpush5,1000000,831428.12
1974,lrange5,1000000,1273885.25
1975,lpush5,1000000,838343.69
1975,lrange5,1000000,1290529.12
1976,lpush5,1000000,831946.75
1976,lrange5,1000000,1202326.88
1977,lpush5,1000000,831388.25
1977,lrange5,1000000,1233104.88
1978,lpush5,1000000,837520.94
1978,lrange5,1000000,1293826.62
1979,lpush5,1000000,830697.69
1979,lrange5,1000000,1297162.12
1980,lpush5,1000000,839751.50
1980,lrange5,1000000,1206407.75
1981,lpush5,1000000,830777.44
1981,lrange5,1000000,1273885.25
1982,lpush5,1000000,835609.00
1982,lrange5,1000000,1287186.62
1983,lpush5,1000000,835462.00
1983,lrange5,1000000,1303780.88
1984,lpush5,1000000,837574.56
1984,lrange5,1000000,1272631.00
1985,lpush5,1000000,836267.56
1985,lrange5,1000000,1257942.12
1986,lpush5,1000000,828712.50
1986,lrange5,1000000,1282092.38
1987,lpush5,1000000,827827.88
1987,lrange5,1000000,1186600.25
1988,lpush5,1000000,833439.94
1988,lrange5,1000000,1298805.25
1989,lpush5,1000000,833346.62
1989,lrange5,1000000,1277159.62
1990,lpush5,1000000,839805.19
1990,lrange5,1000000,1273966.88
1991,lpush5,1000000,831255.25
1991,lrange5,1000000,1298701.38
1992,lpush5,1000000,836173.94
1992,lrange5,1000000,1199079.12
1993,lpush5,1000000,825975.25
1993,lrange5,1000000,1254745.25
1994,lpush5,1000000,838939.56
1994,lrange5,1000000,1280594.12
1995,lpush5,1000000,828672.75
1995,lrange5,1000000,1282071.88
1996,lpush5,1000000,843386.19
1996,lrange5,1000000,1227170.50
1997,lpush5,1000000,834095.06
1997,lrange5,1000000,1269096.50
1998,lpush5,1000000,828632.94
1998,lrange5,1000000,1297099.88
1999,lpush5,1000000,831468.06
1999,lrange5,1000000,1282133.38
2000,lpush5,1000000,844043.94
2000,lrange5,1000000,1199462.88
