trial,operation,requests,rps
1,lpush5,1000000,791790.94
1,lrange5,1000000,1154752.88
2,lpush5,1000000,775795.19
2,lrange5,1000000,1197604.88
3,lpush5,1000000,810372.81
3,lrange5,1000000,1216603.38
4,lpush5,1000000,817700.69
4,lrange5,1000000,1227131.25
5,lpush5,1000000,813708.75
5,lrange5,1000000,1224127.38
6,lpush5,1000000,818409.19
6,lrange5,1000000,1176527.00
7,lpush5,1000000,778284.88
7,lrange5,1000000,1219707.38
8,lpush5,1000000,774593.31
8,lrange5,1000000,1222493.88
9,lpush5,1000000,798798.75
9,lrange5,1000000,1218163.25
10,lpush5,1000000,812347.75
10,lrange5,1000000,1248679.12
11,lpush5,1000000,803315.69
11,lrange5,1000000,1190762.00
12,lpush5,1000000,802568.19
12,lrange5,1000000,1242236.00
13,lpush5,1000000,821797.88
13,lrange5,1000000,1213728.12
14,lpush5,1000000,817726.88
14,lrange5,1000000,1237722.75
15,lpush5,1000000,817739.94
15,lrange5,1000000,1253193.00
16,lpush5,1000000,817032.69
16,lrange5,1000000,1207864.75
17,lpush5,1000000,798148.44
17,lrange5,1000000,1240833.75
18,lpush5,1000000,811094.88
18,lrange5,1000000,1218358.12
19,lpush5,1000000,780081.19
19,lrange5,1000000,1251744.62
20,lpush5,1000000,812451.69
20,lrange5,1000000,1240694.75
21,lpush5,1000000,805165.88
21,lrange5,1000000,1228520.88
22,lpush5,1000000,800000.00
22,lrange5,1000000,1207980.62
23,lpush5,1000000,809113.31
23,lrange5,1000000,1234725.88
24,lpush5,1000000,803858.56
24,lrange5,1000000,1233144.25
25,lpush5,1000000,809807.25
25,lrange5,1000000,1212198.75
26,lpush5,1000000,811107.81
26,lrange5,1000000,1227209.88
27,lpush5,1000000,809126.25
27,lrange5,1000000,1236291.75
28,lpush5,1000000,819750.81
28,lrange5,1000000,1227190.25
29,lpush5,1000000,809061.50
29,lrange5,1000000,1219609.75
30,lpush5,1000000,782472.62
30,lrange5,1000000,1231724.12
31,lpush5,1000000,783736.69
31,lrange5,1000000,1218046.38
32,lpush5,1000000,812347.75
32,lrange5,1000000,1224068.62
33,lpush5,1000000,798862.62
33,lrange5,1000000,1212198.75
34,lpush5,1000000,800640.56
34,lrange5,1000000,1233282.38
35,lpush5,1000000,811727.25
35,lrange5,1000000,1228520.88
36,lpush5,1000000,812464.69
36,lrange5,1000000,1153550.25
37,lpush5,1000000,794306.62
37,lrange5,1000000,1240873.50
38,lpush5,1000000,812347.75
38,lrange5,1000000,1227013.50
39,lpush5,1000000,809755.44
39,lrange5,1000000,1230169.75
40,lpush5,1000000,807141.25
40,lrange5,1000000,1227150.88
41,lpush5,1000000,795001.56
41,lrange5,1000000,1248559.25
42,lpush5,1000000,802568.19
42,lrange5,1000000,1157425.88
43,lpush5,1000000,798837.06
43,lrange5,1000000,1206388.38
44,lpush5,1000000,814384.31
44,lrange5,1000000,1257982.38
45,lpush5,1000000,816417.94
45,lrange5,1000000,1247002.50
46,lpush5,1000000,821031.19
46,lrange5,1000000,1251564.38
47,lpush5,1000000,727906.88
47,lrange5,1000000,1236390.62
48,lpush5,1000000,813669.69
48,lrange5,1000000,1250180.00
49,lpush5,1000000,825856.31
49,lrange5,1000000,1246902.75
50,lpush5,1000000,810372.81
50,lrange5,1000000,1250020.00
51,lpush5,1000000,778222.56
51,lrange5,1000000,1237762.38
52,lpush5,1000000,809742.50
52,lrange5,1000000,1233262.62
53,lpush5,1000000,814995.94
53,lrange5,1000000,1190723.88
54,lpush5,1000000,793663.50
54,lrange5,1000000,1209402.62
55,lpush5,1000000,816457.12
55,lrange5,1000000,1230051.62
56,lpush5,1000000,813177.25
56,lrange5,1000000,1239276.38
57,lpush5,1000000,813786.81
57,lrange5,1000000,1233124.50
58,lpush5,1000000,802065.75
58,lrange5,1000000,1245429.62
59,lpush5,1000000,819013.94
59,lrange5,1000000,1236093.88
60,lpush5,1000000,811753.25
60,lrange5,1000000,1221157.50
61,lpush5,1000000,817032.69
61,lrange5,1000000,1236271.88
62,lpush5,1000000,804582.44
62,lrange5,1000000,1162846.50
63,lpush5,1000000,764015.25
63,lrange5,1000000,1144164.75
64,lpush5,1000000,728886.31
64,lrange5,1000000,1119982.12
65,lpush5,1000000,777604.94
65,lrange5,1000000,1160185.62
66,lpush5,1000000,800038.38
66,lrange5,1000000,1179358.50
67,lpush5,1000000,790665.62
67,lrange5,1000000,1172351.75
68,lpush5,1000000,812412.69
68,lrange5,1000000,1196267.88
69,lpush5,1000000,814371.31
69,lrange5,1000000,1219629.25
70,lpush5,1000000,798785.94
70,lrange5,1000000,1172801.88
71,lpush5,1000000,780056.19
71,lrange5,1000000,1207884.00
72,lpush5,1000000,793034.06
72,lrange5,1000000,1203388.75
73,lpush5,1000000,808446.25
73,lrange5,1000000,1216545.00
74,lpush5,1000000,800640.56
74,lrange5,1000000,1251584.50
75,lpush5,1000000,788022.06
75,lrange5,1000000,1137820.25
76,lpush5,1000000,773518.94
76,lrange5,1000000,1148142.38
77,lpush5,1000000,748503.00
77,lrange5,1000000,1166879.88
78,lpush5,1000000,763371.00
78,lrange5,1000000,1175257.38
79,lpush5,1000000,780156.06
79,lrange5,1000000,1128722.38
80,lpush5,1000000,790526.50
80,lrange5,1000000,1182033.12
81,lpush5,1000000,803341.38
81,lrange5,1000000,1213631.12
82,lpush5,1000000,780068.69
82,lrange5,1000000,1209383.25
83,lpush5,1000000,801975.94
83,lrange5,1000000,1141753.50
84,lpush5,1000000,809716.56
84,lrange5,1000000,1228579.88
85,lpush5,1000000,813073.19
85,lrange5,1000000,1239177.25
86,lpush5,1000000,787401.56
86,lrange5,1000000,1197930.62
87,lpush5,1000000,765721.31
87,lrange5,1000000,1153494.88
88,lpush5,1000000,789291.25
88,lrange5,1000000,1204819.25
89,lpush5,1000000,793714.31
89,lrange5,1000000,1237623.75
90,lpush5,1000000,806477.44
90,lrange5,1000000,1230130.38
91,lpush5,1000000,770440.69
91,lrange5,1000000,1207729.50
92,lpush5,1000000,787439.38
92,lrange5,1000000,1218026.88
93,lpush5,1000000,783097.94
93,lrange5,1000000,1149590.75
94,lpush5,1000000,793199.00
94,lrange5,1000000,1218124.25
95,lpush5,1000000,802619.56
95,lrange5,1000000,1224049.00
96,lpush5,1000000,797512.00
96,lrange5,1000000,1168261.62
97,lpush5,1000000,793739.69
97,lrange5,1000000,1172501.75
98,lpush5,1000000,802001.62
98,lrange5,1000000,1256462.25
99,lpush5,1000000,805217.38
99,lrange5,1000000,1231586.25
100,lpush5,1000000,768135.12
100,lrange5,1000000,1107508.25
101,lpush5,1000000,751927.81
101,lrange5,1000000,1175182.12
102,lpush5,1000000,789902.06
102,lrange5,1000000,1228796.00
103,lpush5,1000000,809139.19
103,lrange5,1000000,1228678.12
104,lpush5,1000000,770453.00
104,lrange5,1000000,1195087.25
105,lpush5,1000000,788807.56
105,lrange5,1000000,1202096.12
106,lpush5,1000000,789927.31
106,lrange5,1000000,1228501.25
107,lpush5,1000000,792494.50
107,lrange5,1000000,1166991.88
108,lpush5,1000000,791227.81
108,lrange5,1000000,1224146.88
109,lpush5,1000000,791778.31
109,lrange5,1000000,1215086.25
110,lpush5,1000000,813682.69
110,lrange5,1000000,1218046.38
111,lpush5,1000000,805153.00
111,lrange5,1000000,1230032.00
112,lpush5,1000000,809087.44
112,lrange5,1000000,1239197.00
113,lpush5,1000000,813047.12
113,lrange5,1000000,1223990.25
114,lpush5,1000000,771084.00
114,lrange5,1000000,1193412.88
115,lpush5,1000000,782485.12
115,lrange5,1000000,1234607.38
116,lpush5,1000000,815074.19
116,lrange5,1000000,1207864.75
117,lpush5,1000000,793701.56
117,lrange5,1000000,1227033.12
118,lpush5,1000000,767484.31
118,lrange5,1000000,1222709.00
119,lpush5,1000000,791816.31
119,lrange5,1000000,1212276.38
120,lpush5,1000000,805827.50
120,lrange5,1000000,1203446.50
121,lpush5,1000000,800730.19
121,lrange5,1000000,1173727.75
122,lpush5,1000000,781898.31
122,lrange5,1000000,1200537.75
123,lpush5,1000000,754220.25
123,lrange5,1000000,1224088.12
124,lpush5,1000000,763371.00
124,lrange5,1000000,1225529.38
125,lpush5,1000000,809794.31
125,lrange5,1000000,1219687.88
126,lpush5,1000000,774642.94
126,lrange5,1000000,1206446.38
127,lpush5,1000000,808510.94
127,lrange5,1000000,1177875.12
128,lpush5,1000000,788059.88
128,lrange5,1000000,1218046.38
129,lpush5,1000000,812425.69
129,lrange5,1000000,1215144.62
130,lpush5,1000000,801448.69
130,lrange5,1000000,1231665.00
131,lpush5,1000000,799360.50
131,lrange5,1000000,1185061.62
132,lpush5,1000000,807218.75
132,lrange5,1000000,1209209.12
133,lpush5,1000000,767472.00
133,lrange5,1000000,1228658.50
134,lpush5,1000000,811081.88
134,lrange5,1000000,1215222.38
135,lpush5,1000000,756502.25
135,lrange5,1000000,1037344.44
136,lpush5,1000000,755287.00
136,lrange5,1000000,1219648.75
137,lpush5,1000000,792481.81
137,lrange5,1000000,1227170.50
138,lpush5,1000000,810541.38
138,lrange5,1000000,1233045.62
139,lpush5,1000000,785608.81
139,lrange5,1000000,1196210.50
140,lpush5,1000000,787502.38
140,lrange5,1000000,1248579.25
141,lpush5,1000000,794988.88
141,lrange5,1000000,1225529.38
142,lpush5,1000000,809165.06
142,lrange5,1000000,988363.69
143,lpush5,1000000,749075.62
143,lrange5,1000000,1202173.00
144,lpush5,1000000,794382.88
144,lrange5,1000000,1242295.62
145,lpush5,1000000,783135.50
145,lrange5,1000000,1074302.88
146,lpush5,1000000,790602.38
146,lrange5,1000000,1123595.50
147,lpush5,1000000,797614.06
147,lrange5,1000000,1225588.25
148,lpush5,1000000,801282.06
148,lrange5,1000000,1204915.62
149,lpush5,1000000,685422.88
149,lrange5,1000000,1006036.19
150,lpush5,1000000,794925.25
150,lrange5,1000000,1237801.88
151,lpush5,1000000,792481.81
151,lrange5,1000000,1219531.75
152,lpush5,1000000,800012.81
152,lrange5,1000000,1179358.50
153,lpush5,1000000,800102.38
153,lrange5,1000000,1191895.12
154,lpush5,1000000,732823.44
154,lrange5,1000000,1187857.50
155,lpush5,1000000,788085.06
155,lrange5,1000000,1169590.62
156,lpush5,1000000,795595.88
156,lrange5,1000000,1176527.00
157,lpush5,1000000,798722.06
157,lrange5,1000000,1186258.62
158,lpush5,1000000,787502.38
158,lrange5,1000000,1200518.62
159,lpush5,1000000,774092.88
159,lrange5,1000000,1207845.38
160,lpush5,1000000,764562.69
160,lrange5,1000000,1221118.38
161,lpush5,1000000,812503.69
161,lrange5,1000000,1231881.75
162,lpush5,1000000,796876.50
162,lrange5,1000000,1240972.75
163,lpush5,1000000,796280.25
163,lrange5,1000000,1203504.25
164,lpush5,1000000,813682.69
164,lrange5,1000000,1206446.38
165,lpush5,1000000,738054.62
165,lrange5,1000000,1207884.00
166,lpush5,1000000,794912.56
166,lrange5,1000000,1236173.00
167,lpush5,1000000,804128.62
167,lrange5,1000000,1222611.25
168,lpush5,1000000,812373.69
168,lrange5,1000000,1230032.00
169,lpush5,1000000,805217.38
169,lrange5,1000000,1242255.88
170,lpush5,1000000,794976.12
170,lrange5,1000000,1034374.38
171,lpush5,1000000,788110.31
171,lrange5,1000000,1162846.50
172,lpush5,1000000,798084.56
172,lrange5,1000000,1212257.00
173,lpush5,1000000,796191.06
173,lrange5,1000000,1169759.00
174,lpush5,1000000,753663.88
174,lrange5,1000000,1202076.88
175,lpush5,1000000,789329.12
175,lrange5,1000000,1239216.88
176,lpush5,1000000,806490.31
176,lrange5,1000000,1222728.62
177,lpush5,1000000,781985.88
177,lrange5,1000000,1129961.62
178,lpush5,1000000,791265.81
178,lrange5,1000000,1189060.62
179,lpush5,1000000,785571.06
179,lrange5,1000000,1203427.25
180,lpush5,1000000,789977.88
180,lrange5,1000000,1213631.12
181,lpush5,1000000,803367.06
181,lrange5,1000000,1213689.38
182,lpush5,1000000,809061.50
182,lrange5,1000000,1194819.62
183,lpush5,1000000,810489.50
183,lrange5,1000000,1183602.38
184,lpush5,1000000,805814.62
184,lrange5,1000000,1192219.38
185,lpush5,1000000,791139.19
185,lrange5,1000000,1213844.62
186,lpush5,1000000,811120.81
186,lrange5,1000000,1222787.25
187,lpush5,1000000,806554.81
187,lrange5,1000000,1253193.00
188,lpush5,1000000,803238.56
188,lrange5,1000000,1225607.88
189,lpush5,1000000,801282.06
189,lrange5,1000000,1234587.62
190,lpush5,1000000,795557.69
190,lrange5,1000000,1218065.75
191,lpush5,1000000,800012.81
191,lrange5,1000000,1177912.88
192,lpush5,1000000,793021.38
192,lrange5,1000000,1213650.50
193,lpush5,1000000,802735.12
193,lrange5,1000000,1228501.25
194,lpush5,1000000,796812.75
194,lrange5,1000000,1228717.38
195,lpush5,1000000,805866.19
195,lrange5,1000000,1215358.38
196,lpush5,1000000,802581.00
196,lrange5,1000000,1212160.00
197,lpush5,1000000,795608.62
197,lrange5,1000000,1206427.00
198,lpush5,1000000,808523.88
198,lrange5,1000000,1216564.38
199,lpush5,1000000,798849.88
199,lrange5,1000000,1231606.00
200,lpush5,1000000,807793.19
200,lrange5,1000000,1200710.62
201,lpush5,1000000,805814.62
201,lrange5,1000000,1216603.38
202,lpush5,1000000,791164.50
202,lrange5,1000000,1207884.00
203,lpush5,1000000,800755.81
203,lrange5,1000000,1201942.25
204,lpush5,1000000,808459.19
204,lrange5,1000000,1213611.62
205,lpush5,1000000,815765.12
205,lrange5,1000000,1221059.88
206,lpush5,1000000,802040.12
206,lrange5,1000000,1202192.25
207,lpush5,1000000,798824.31
207,lrange5,1000000,1165706.38
208,lpush5,1000000,767496.56
208,lrange5,1000000,1205127.75
209,lpush5,1000000,790551.81
209,lrange5,1000000,1234706.12
210,lpush5,1000000,812386.69
210,lrange5,1000000,1237762.38
211,lpush5,1000000,796914.75
211,lrange5,1000000,1230189.38
212,lpush5,1000000,814423.44
212,lrange5,1000000,1209267.25
213,lpush5,1000000,807857.81
213,lrange5,1000000,1225725.50
214,lpush5,1000000,801963.12
214,lrange5,1000000,1218143.75
215,lpush5,1000000,791790.94
215,lrange5,1000000,1215241.75
216,lpush5,1000000,798824.31
216,lrange5,1000000,1224186.12
217,lpush5,1000000,802645.25
217,lrange5,1000000,1223990.25
218,lpush5,1000000,801423.06
218,lrange5,1000000,1234745.62
219,lpush5,1000000,799373.25
219,lrange5,1000000,1247022.50
220,lpush5,1000000,796292.94
220,lrange5,1000000,1221079.38
221,lpush5,1000000,790551.81
221,lrange5,1000000,1227131.25
222,lpush5,1000000,800064.00
222,lrange5,1000000,1209402.62
223,lpush5,1000000,788643.50
223,lrange5,1000000,1177856.38
224,lpush5,1000000,801282.06
224,lrange5,1000000,1194876.88
225,lpush5,1000000,794421.00
225,lrange5,1000000,1187705.50
226,lpush5,1000000,814410.38
226,lrange5,1000000,1222885.00
227,lpush5,1000000,800064.00
227,lrange5,1000000,1206484.88
228,lpush5,1000000,808433.31
228,lrange5,1000000,1228638.75
229,lpush5,1000000,809846.12
229,lrange5,1000000,1233223.25
230,lpush5,1000000,811146.75
230,lrange5,1000000,1210944.38
231,lpush5,1000000,790564.44
231,lrange5,1000000,1202019.25
232,lpush5,1000000,786794.62
232,lrange5,1000000,1240774.25
233,lpush5,1000000,800012.81
233,lrange5,1000000,1228697.75
234,lpush5,1000000,807141.25
234,lrange5,1000000,1197739.00
235,lpush5,1000000,775206.25
235,lrange5,1000000,1212121.25
236,lpush5,1000000,802593.88
236,lrange5,1000000,1226993.88
237,lpush5,1000000,807909.50
237,lrange5,1000000,1237782.12
238,lpush5,1000000,805153.00
238,lrange5,1000000,1239276.38
239,lpush5,1000000,804505.19
239,lrange5,1000000,1218026.88
240,lpush5,1000000,806464.50
240,lrange5,1000000,1245489.50
241,lpush5,1000000,802593.88
241,lrange5,1000000,1218163.25
242,lpush5,1000000,809807.25
242,lrange5,1000000,1230110.62
243,lpush5,1000000,798849.88
243,lrange5,1000000,1246942.62
244,lpush5,1000000,807819.06
244,lrange5,1000000,1209228.50
245,lpush5,1000000,800730.19
245,lrange5,1000000,1196172.25
246,lpush5,1000000,758810.31
246,lrange5,1000000,1186239.62
247,lpush5,1000000,791189.81
247,lrange5,1000000,1114952.00
248,lpush5,1000000,789889.38
248,lrange5,1000000,1173746.50
249,lpush5,1000000,801358.94
249,lrange5,1000000,1180902.00
250,lpush5,1000000,800679.00
250,lrange5,1000000,1190476.25
251,lpush5,1000000,800640.56
251,lrange5,1000000,1212160.00
252,lpush5,1000000,799360.50
252,lrange5,1000000,1216564.38
253,lpush5,1000000,813682.69
253,lrange5,1000000,1242295.62
254,lpush5,1000000,811068.94
254,lrange5,1000000,1204857.88
255,lpush5,1000000,808523.88
255,lrange5,1000000,1207768.12
256,lpush5,1000000,801358.94
256,lrange5,1000000,1236173.00
257,lpush5,1000000,795027.00
257,lrange5,1000000,1234666.62
258,lpush5,1000000,800640.56
258,lrange5,1000000,1234627.12
259,lpush5,1000000,795595.88
259,lrange5,1000000,1227229.50
260,lpush5,1000000,814358.25
260,lrange5,1000000,1236252.12
261,lpush5,1000000,816352.62
261,lrange5,1000000,1227308.00
262,lpush5,1000000,798174.00
262,lrange5,1000000,1248479.38
263,lpush5,1000000,797575.81
263,lrange5,1000000,1230012.25
264,lpush5,1000000,813099.19
264,lrange5,1000000,1233203.50
265,lpush5,1000000,819698.31
265,lrange5,1000000,1209267.25
266,lpush5,1000000,811688.31
266,lrange5,1000000,1218182.75
267,lpush5,1000000,792405.75
267,lrange5,1000000,1199328.50
268,lpush5,1000000,799373.25
268,lrange5,1000000,1233104.88
269,lpush5,1000000,784363.94
269,lrange5,1000000,1204954.25
270,lpush5,1000000,803910.00
270,lrange5,1000000,1231645.38
271,lpush5,1000000,808472.12
271,lrange5,1000000,1206388.38
272,lpush5,1000000,789316.50
272,lrange5,1000000,1140415.12
273,lpush5,1000000,791879.62
273,lrange5,1000000,1157444.38
274,lpush5,1000000,768774.81
274,lrange5,1000000,1236153.25
275,lpush5,1000000,809126.25
275,lrange5,1000000,1228520.88
276,lpush5,1000000,795557.69
276,lrange5,1000000,1210770.00
277,lpush5,1000000,791829.00
277,lrange5,1000000,1227072.38
278,lpush5,1000000,778978.19
278,lrange5,1000000,1227150.88
279,lpush5,1000000,807257.50
279,lrange5,1000000,1242375.12
280,lpush5,1000000,796191.06
280,lrange5,1000000,1200537.75
281,lpush5,1000000,795570.44
281,lrange5,1000000,1240774.25
282,lpush5,1000000,804633.94
282,lrange5,1000000,1227347.25
283,lpush5,1000000,773432.31
283,lrange5,1000000,1165594.38
284,lpush5,1000000,785709.38
284,lrange5,1000000,1212257.00
285,lpush5,1000000,802001.62
285,lrange5,1000000,1224146.88
286,lpush5,1000000,781898.31
286,lrange5,1000000,1236192.75
287,lpush5,1000000,786832.38
287,lrange5,1000000,1209189.75
288,lpush5,1000000,800038.38
288,lrange5,1000000,1219531.75
289,lpush5,1000000,793059.44
289,lrange5,1000000,1193546.50
290,lpush5,1000000,803302.81
290,lrange5,1000000,1187743.50
291,lpush5,1000000,797448.19
291,lrange5,1000000,1165631.75
292,lpush5,1000000,778222.56
292,lrange5,1000000,1207903.38
293,lpush5,1000000,794293.94
293,lrange5,1000000,1221020.75
294,lpush5,1000000,787577.94
294,lrange5,1000000,1191914.25
295,lpush5,1000000,760456.25
295,lrange5,1000000,1197777.25
296,lpush5,1000000,798824.31
296,lrange5,1000000,1225529.38
297,lpush5,1000000,772262.56
297,lrange5,1000000,1196229.62
298,lpush5,1000000,801320.50
298,lrange5,1000000,1189174.75
299,lpush5,1000000,780031.25
299,lrange5,1000000,1180656.38
300,lpush5,1000000,799411.62
300,lrange5,1000000,1172576.75
301,lpush5,1000000,732064.38
301,lrange5,1000000,1234607.38
302,lpush5,1000000,791177.19
302,lrange5,1000000,1200749.12
303,lpush5,1000000,804556.69
303,lrange5,1000000,1197815.62
304,lpush5,1000000,806490.31
304,lrange5,1000000,1233499.38
305,lpush5,1000000,782485.12
305,lrange5,1000000,1183564.50
306,lpush5,1000000,807244.56
306,lrange5,1000000,1210653.75
307,lpush5,1000000,801282.06
307,lrange5,1000000,1234646.88
308,lpush5,1000000,800000.00
308,lrange5,1000000,1215261.25
309,lpush5,1000000,788097.69
309,lrange5,1000000,1224440.62
310,lpush5,1000000,809229.81
310,lrange5,1000000,1236173.00
311,lpush5,1000000,802606.69
311,lrange5,1000000,1218026.88
312,lpush5,1000000,803910.00
312,lrange5,1000000,1221255.12
313,lpush5,1000000,792481.81
313,lrange5,1000000,1065047.88
314,lpush5,1000000,807154.19
314,lrange5,1000000,1216700.75
315,lpush5,1000000,812438.69
315,lrange5,1000000,1187933.50
316,lpush5,1000000,794433.69
316,lrange5,1000000,1239276.38
317,lpush5,1000000,800704.56
317,lrange5,1000000,1227033.12
318,lpush5,1000000,778235.06
318,lrange5,1000000,1205012.12
319,lpush5,1000000,799462.81
319,lrange5,1000000,1189079.62
320,lpush5,1000000,808420.38
320,lrange5,1000000,1215241.75
321,lpush5,1000000,809061.50
321,lrange5,1000000,1212295.75
322,lpush5,1000000,792519.81
322,lrange5,1000000,1172370.50
323,lpush5,1000000,795659.50
323,lrange5,1000000,1204992.75
324,lpush5,1000000,781350.00
324,lrange5,1000000,1224146.88
325,lpush5,1000000,789367.06
325,lrange5,1000000,1179415.12
326,lpush5,1000000,781325.00
326,lrange5,1000000,1160111.38
327,lpush5,1000000,801282.06
327,lrange5,1000000,1189136.75
328,lpush5,1000000,775268.25
328,lrange5,1000000,1109966.62
329,lpush5,1000000,778284.88
329,lrange5,1000000,932011.25
330,lpush5,1000000,796216.56
330,lrange5,1000000,1209305.88
331,lpush5,1000000,800000.00
331,lrange5,1000000,1095360.38
332,lpush5,1000000,726802.31
332,lrange5,1000000,1165519.88
333,lpush5,1000000,801371.75
333,lrange5,1000000,1179377.38
334,lpush5,1000000,754741.12
334,lrange5,1000000,1216545.00
335,lpush5,1000000,819013.94
335,lrange5,1000000,1246922.75
336,lpush5,1000000,773419.94
336,lrange5,1000000,1245549.25
337,lpush5,1000000,800025.62
337,lrange5,1000000,1215086.25
338,lpush5,1000000,796902.00
338,lrange5,1000000,1210692.50
339,lpush5,1000000,810411.69
339,lrange5,1000000,1245549.25
340,lpush5,1000000,793650.81
340,lrange5,1000000,1215280.62
341,lpush5,1000000,811831.19
341,lrange5,1000000,1233203.50
342,lpush5,1000000,804167.25
342,lrange5,1000000,1236192.75
343,lpush5,1000000,808523.88
343,lrange5,1000000,1128866.88
344,lpush5,1000000,799488.38
344,lrange5,1000000,1253293.25
345,lpush5,1000000,805153.00
345,lrange5,1000000,1216583.88
346,lpush5,1000000,806490.31
346,lrange5,1000000,1215105.75
347,lpush5,1000000,809216.88
347,lrange5,1000000,1182146.50
348,lpush5,1000000,791139.19
348,lrange5,1000000,1240813.88
349,lpush5,1000000,813773.81
349,lrange5,1000000,1233361.25
350,lpush5,1000000,798773.19
350,lrange5,1000000,1203465.75
351,lpush5,1000000,803935.69
351,lrange5,1000000,1194743.12
352,lpush5,1000000,797486.50
352,lrange5,1000000,1233302.12
353,lpush5,1000000,791177.19
353,lrange5,1000000,1239355.62
354,lpush5,1000000,810372.81
354,lrange5,1000000,1228599.50
355,lpush5,1000000,802645.25
355,lrange5,1000000,1215105.75
356,lpush5,1000000,807128.38
356,lrange5,1000000,1221001.25
357,lpush5,1000000,803858.56
357,lrange5,1000000,1221059.88
358,lpush5,1000000,794988.88
358,lrange5,1000000,1212257.00
359,lpush5,1000000,798135.69
359,lrange5,1000000,1206272.62
360,lpush5,1000000,806541.94
360,lrange5,1000000,1237623.75
361,lpush5,1000000,804556.69
361,lrange5,1000000,1231743.88
362,lpush5,1000000,801950.31
362,lrange5,1000000,1216545.00
363,lpush5,1000000,785558.50
363,lrange5,1000000,1215300.12
364,lpush5,1000000,737014.00
364,lrange5,1000000,1222748.12
365,lpush5,1000000,798837.06
365,lrange5,1000000,1245429.62
366,lpush5,1000000,801320.50
366,lrange5,1000000,1215183.50
367,lpush5,1000000,814436.44
367,lrange5,1000000,1241111.62
368,lpush5,1000000,803858.56
368,lrange5,1000000,1221079.38
369,lpush5,1000000,803948.56
369,lrange5,1000000,1233085.12
370,lpush5,1000000,815739.00
370,lrange5,1000000,1233045.62
371,lpush5,1000000,805191.62
371,lrange5,1000000,1240913.12
372,lpush5,1000000,815048.06
372,lrange5,1000000,1240774.25
373,lpush5,1000000,805853.31
373,lrange5,1000000,1247082.38
374,lpush5,1000000,792443.75
374,lrange5,1000000,1251584.50
375,lpush5,1000000,808407.44
375,lrange5,1000000,1254765.38
376,lpush5,1000000,802568.19
376,lrange5,1000000,1230248.38
377,lpush5,1000000,806503.25
377,lrange5,1000000,1239375.50
378,lpush5,1000000,805204.50
378,lrange5,1000000,1231842.38
379,lpush5,1000000,809807.25
379,lrange5,1000000,1219531.75
380,lpush5,1000000,772274.94
380,lrange5,1000000,1145530.38
381,lpush5,1000000,815087.19
381,lrange5,1000000,1240794.00
382,lpush5,1000000,812412.69
382,lrange5,1000000,1247122.25
383,lpush5,1000000,808510.94
383,lrange5,1000000,1213611.62
384,lpush5,1000000,811727.25
384,lrange5,1000000,1206407.75
385,lpush5,1000000,817831.50
385,lrange5,1000000,1204896.38
386,lpush5,1000000,811779.25
386,lrange5,1000000,1250120.00
387,lpush5,1000000,804518.06
387,lrange5,1000000,1216545.00
388,lpush5,1000000,816378.75
388,lrange5,1000000,1231645.38
389,lpush5,1000000,819053.25
389,lrange5,1000000,1230169.75
390,lpush5,1000000,815035.06
390,lrange5,1000000,1224264.38
391,lpush5,1000000,809191.00
391,lrange5,1000000,1228560.12
392,lpush5,1000000,813682.69
392,lrange5,1000000,1221138.00
393,lpush5,1000000,798186.75
393,lrange5,1000000,1218397.12
394,lpush5,1000000,801333.31
394,lrange5,1000000,1219590.25
395,lpush5,1000000,805956.44
395,lrange5,1000000,1152221.25
396,lpush5,1000000,798161.19
396,lrange5,1000000,1224127.38
397,lpush5,1000000,817661.44
397,lrange5,1000000,1233223.25
398,lpush5,1000000,800153.62
398,lrange5,1000000,1247062.38
399,lpush5,1000000,809716.56
399,lrange5,1000000,1239316.00
400,lpush5,1000000,807180.00
400,lrange5,1000000,1251584.50
401,lpush5,1000000,812412.69
401,lrange5,1000000,1230051.62
402,lpush5,1000000,814384.31
402,lrange5,1000000,1240893.25
403,lpush5,1000000,801371.75
403,lrange5,1000000,1234745.62
404,lpush5,1000000,810515.44
404,lrange5,1000000,1227013.50
405,lpush5,1000000,782535.19
405,lrange5,1000000,1194915.12
406,lpush5,1000000,781948.38
406,lrange5,1000000,1240774.25
407,lpush5,1000000,813164.19
407,lrange5,1000000,1213650.50
408,lpush5,1000000,786794.62
408,lrange5,1000000,1248459.38
409,lpush5,1000000,793059.44
409,lrange5,1000000,1230051.62
410,lpush5,1000000,815778.19
410,lrange5,1000000,1206272.62
411,lpush5,1000000,803341.38
411,lrange5,1000000,1216622.88
412,lpush5,1000000,800730.19
412,lrange5,1000000,1212198.75
413,lpush5,1000000,796191.06
413,lrange5,1000000,1204992.75
414,lpush5,1000000,790665.62
414,lrange5,1000000,1219590.25
415,lpush5,1000000,783699.06
415,lrange5,1000000,1224107.75
416,lpush5,1000000,798811.50
416,lrange5,1000000,1234804.88
417,lpush5,1000000,805281.81
417,lrange5,1000000,1213961.12
418,lpush5,1000000,803858.56
418,lrange5,1000000,1230032.00
419,lpush5,1000000,802001.62
419,lrange5,1000000,1160130.00
420,lpush5,1000000,793752.38
420,lrange5,1000000,1207787.38
421,lpush5,1000000,785583.69
421,lrange5,1000000,1245509.38
422,lpush5,1000000,803871.44
422,lrange5,1000000,1225607.88
423,lpush5,1000000,807167.12
423,lrange5,1000000,1236093.88
424,lpush5,1000000,799360.50
424,lrange5,1000000,1230110.62
425,lpush5,1000000,812399.69
425,lrange5,1000000,1213592.25
426,lpush5,1000000,814995.94
426,lrange5,1000000,1129943.50
427,lpush5,1000000,800025.62
427,lrange5,1000000,1242275.75
428,lpush5,1000000,804621.06
428,lrange5,1000000,1246902.75
429,lpush5,1000000,817766.12
429,lrange5,1000000,1240893.25
430,lpush5,1000000,802593.88
430,lrange5,1000000,1203600.50
431,lpush5,1000000,805217.38
431,lrange5,1000000,1228678.12
432,lpush5,1000000,793650.81
432,lrange5,1000000,1227150.88
433,lpush5,1000000,808407.44
433,lrange5,1000000,1221001.25
434,lpush5,1000000,805853.31
434,lrange5,1000000,1253313.38
435,lpush5,1000000,816365.69
435,lrange5,1000000,1224146.88
436,lpush5,1000000,809781.38
436,lrange5,1000000,1225764.75
437,lpush5,1000000,806477.44
437,lrange5,1000000,1127413.75
438,lpush5,1000000,734789.19
438,lrange5,1000000,1193508.38
439,lpush5,1000000,785671.62
439,lrange5,1000000,1248479.38
440,lpush5,1000000,701776.88
440,lrange5,1000000,1190628.62
441,lpush5,1000000,787452.00
441,lrange5,1000000,1154863.75
442,lpush5,1000000,800000.00
442,lrange5,1000000,1203408.00
443,lpush5,1000000,802606.69
443,lrange5,1000000,1210886.25
444,lpush5,1000000,796876.50
444,lrange5,1000000,1204819.25
445,lpush5,1000000,805982.25
445,lrange5,1000000,1210731.25
446,lpush5,1000000,807831.94
446,lrange5,1000000,1233144.25
447,lpush5,1000000,815660.69
447,lrange5,1000000,1230130.38
448,lpush5,1000000,800743.00
448,lrange5,1000000,1237881.12
449,lpush5,1000000,815660.69
449,lrange5,1000000,1243840.75
450,lpush5,1000000,813112.19
450,lrange5,1000000,1237663.38
451,lpush5,1000000,800000.00
451,lrange5,1000000,1204992.75
452,lpush5,1000000,793084.81
452,lrange5,1000000,1234607.38
453,lpush5,1000000,811701.31
453,lrange5,1000000,1216564.38
454,lpush5,1000000,789316.50
454,lrange5,1000000,1218046.38
455,lpush5,1000000,724159.31
455,lrange5,1000000,1194800.50
456,lpush5,1000000,811688.31
456,lrange5,1000000,1233065.38
457,lpush5,1000000,796242.00
457,lrange5,1000000,1212412.12
458,lpush5,1000000,803974.31
458,lrange5,1000000,1193451.12
459,lpush5,1000000,795646.81
459,lrange5,1000000,1189365.00
460,lpush5,1000000,801950.31
460,lrange5,1000000,1221274.75
461,lpush5,1000000,783123.00
461,lrange5,1000000,1179264.12
462,lpush5,1000000,719574.12
462,lrange5,1000000,1199060.00
463,lpush5,1000000,815061.12
463,lrange5,1000000,1199194.25
464,lpush5,1000000,797448.19
464,lrange5,1000000,1219531.75
465,lpush5,1000000,800691.81
465,lrange5,1000000,1178026.00
466,lpush5,1000000,793122.88
466,lrange5,1000000,1210828.12
467,lpush5,1000000,809113.31
467,lrange5,1000000,1221157.50
468,lpush5,1000000,786163.56
468,lrange5,1000000,1194762.25
469,lpush5,1000000,799424.44
469,lrange5,1000000,1206427.00
470,lpush5,1000000,803277.12
470,lrange5,1000000,1209189.75
471,lpush5,1000000,794281.19
471,lrange5,1000000,1190476.25
472,lpush5,1000000,787527.56
472,lrange5,1000000,1230110.62
473,lpush5,1000000,767472.00
473,lrange5,1000000,1212140.62
474,lpush5,1000000,803974.31
474,lrange5,1000000,1248519.38
475,lpush5,1000000,801924.62
475,lrange5,1000000,1221118.38
476,lpush5,1000000,786201.31
476,lrange5,1000000,1242295.62
477,lpush5,1000000,793059.44
477,lrange5,1000000,1140305.62
478,lpush5,1000000,768651.81
478,lrange5,1000000,1218397.12
479,lpush5,1000000,807754.44
479,lrange5,1000000,1222748.12
480,lpush5,1000000,809113.31
480,lrange5,1000000,1231566.50
481,lpush5,1000000,800012.81
481,lrange5,1000000,1180675.38
482,lpush5,1000000,783085.38
482,lrange5,1000000,1212257.00
483,lpush5,1000000,758259.31
483,lrange5,1000000,1193317.38
484,lpush5,1000000,797639.56
484,lrange5,1000000,1209325.25
485,lpush5,1000000,801294.88
485,lrange5,1000000,1173708.88
486,lpush5,1000000,784363.94
486,lrange5,1000000,1237782.12
487,lpush5,1000000,780665.12
487,lrange5,1000000,1236173.00
488,lpush5,1000000,800691.81
488,lrange5,1000000,1233104.88
489,lpush5,1000000,803974.31
489,lrange5,1000000,1210770.00
490,lpush5,1000000,798161.19
490,lrange5,1000000,1182127.62
491,lpush5,1000000,793084.81
491,lrange5,1000000,1225627.50
492,lpush5,1000000,811753.25
492,lrange5,1000000,1218085.25
493,lpush5,1000000,810385.75
493,lrange5,1000000,1227013.50
494,lpush5,1000000,811042.94
494,lrange5,1000000,1098901.12
495,lpush5,1000000,785558.50
495,lrange5,1000000,1227092.00
496,lpush5,1000000,802619.56
496,lrange5,1000000,1216856.38
497,lpush5,1000000,763358.81
497,lrange5,1000000,1228560.12
498,lpush5,1000000,810372.81
498,lrange5,1000000,1258123.25
499,lpush5,1000000,810424.69
499,lrange5,1000000,1197796.50
500,lpush5,1000000,814384.31
500,lrange5,1000000,1254705.12
501,lpush5,1000000,800653.38
501,lrange5,1000000,1207826.12
502,lpush5,1000000,808407.44
502,lrange5,1000000,1225627.50
503,lpush5,1000000,801435.88
503,lrange5,1000000,1230248.38
504,lpush5,1000000,794938.00
504,lrange5,1000000,1237643.50
505,lpush5,1000000,806683.88
505,lrange5,1000000,1245449.62
506,lpush5,1000000,794344.75
506,lrange5,1000000,1242355.25
507,lpush5,1000000,756514.38
507,lrange5,1000000,1219687.88
508,lpush5,1000000,811030.00
508,lrange5,1000000,1231546.88
509,lpush5,1000000,815008.94
509,lrange5,1000000,1237623.75
510,lpush5,1000000,784351.38
510,lrange5,1000000,1161440.12
511,lpush5,1000000,793021.38
511,lrange5,1000000,1222552.50
512,lpush5,1000000,808459.19
512,lrange5,1000000,1166861.12
513,lpush5,1000000,806529.00
513,lrange5,1000000,1242255.88
514,lpush5,1000000,805840.44
514,lrange5,1000000,1233302.12
515,lpush5,1000000,804505.19
515,lrange5,1000000,1242554.00
516,lpush5,1000000,794319.31
516,lrange5,1000000,1156087.88
517,lpush5,1000000,788643.50
517,lrange5,1000000,1242414.88
518,lpush5,1000000,809794.31
518,lrange5,1000000,1215222.38
519,lpush5,1000000,788643.50
519,lrange5,1000000,1190476.25
520,lpush5,1000000,783749.19
520,lrange5,1000000,1183488.75
521,lpush5,1000000,809061.50
521,lrange5,1000000,1228520.88
522,lpush5,1000000,803858.56
522,lrange5,1000000,1219726.88
523,lpush5,1000000,807167.12
523,lrange5,1000000,1236173.00
524,lpush5,1000000,802027.25
524,lrange5,1000000,1060581.12
525,lpush5,1000000,783711.56
525,lrange5,1000000,1222591.62
526,lpush5,1000000,783097.94
526,lrange5,1000000,1227052.75
527,lpush5,1000000,770465.38
527,lrange5,1000000,1152221.25
528,lpush5,1000000,796876.50
528,lrange5,1000000,1177912.88
529,lpush5,1000000,760517.06
529,lrange5,1000000,1183621.25
530,lpush5,1000000,785659.06
530,lrange5,1000000,1157444.38
531,lpush5,1000000,809716.56
531,lrange5,1000000,1196210.50
532,lpush5,1000000,800025.62
532,lrange5,1000000,1194972.50
533,lpush5,1000000,805840.44
533,lrange5,1000000,1226993.88
534,lpush5,1000000,802670.94
534,lrange5,1000000,1176527.00
535,lpush5,1000000,791854.31
535,lrange5,1000000,1218163.25
536,lpush5,1000000,807128.38
536,lrange5,1000000,1213747.62
537,lpush5,1000000,803871.44
537,lrange5,1000000,1194953.38
538,lpush5,1000000,785621.38
538,lrange5,1000000,1091738.00
539,lpush5,1000000,742953.94
539,lrange5,1000000,1136527.25
540,lpush5,1000000,789341.75
540,lrange5,1000000,1224088.12
541,lpush5,1000000,790003.12
541,lrange5,1000000,1185023.75
542,lpush5,1000000,785608.81
542,lrange5,1000000,1215358.38
543,lpush5,1000000,780715.06
543,lrange5,1000000,1171110.12
544,lpush5,1000000,781873.31
544,lrange5,1000000,1162865.12
545,lpush5,1000000,804595.31
545,lrange5,1000000,1160185.62
546,lpush5,1000000,779535.44
546,lrange5,1000000,1189250.88
547,lpush5,1000000,799437.25
547,lrange5,1000000,1219882.88
548,lpush5,1000000,760468.44
548,lrange5,1000000,1199213.50
549,lpush5,1000000,771666.69
549,lrange5,1000000,1137656.38
550,lpush5,1000000,789927.31
550,lrange5,1000000,1203427.25
551,lpush5,1000000,796331.19
551,lrange5,1000000,1216720.12
552,lpush5,1000000,811055.94
552,lrange5,1000000,1224049.00
553,lpush5,1000000,808459.19
553,lrange5,1000000,1250080.00
554,lpush5,1000000,803884.25
554,lrange5,1000000,1218046.38
555,lpush5,1000000,809178.06
555,lrange5,1000000,1204915.62
556,lpush5,1000000,810385.75
556,lrange5,1000000,1228520.88
557,lpush5,1000000,811094.88
557,lrange5,1000000,1236093.88
558,lpush5,1000000,779423.25
558,lrange5,1000000,1127431.75
559,lpush5,1000000,804505.19
559,lrange5,1000000,1213631.12
560,lpush5,1000000,801307.69
560,lrange5,1000000,1230012.25
561,lpush5,1000000,792405.75
561,lrange5,1000000,1227190.25
562,lpush5,1000000,809729.56
562,lrange5,1000000,1221020.75
563,lpush5,1000000,805153.00
563,lrange5,1000000,1239236.75
564,lpush5,1000000,811740.25
564,lrange5,1000000,1236133.50
565,lpush5,1000000,815061.12
565,lrange5,1000000,1245449.62
566,lpush5,1000000,804556.69
566,lrange5,1000000,1203523.50
567,lpush5,1000000,815726.00
567,lrange5,1000000,1180713.12
568,lpush5,1000000,784401.56
568,lrange5,1000000,1242275.75
569,lpush5,1000000,817700.69
569,lrange5,1000000,1199079.12
570,lpush5,1000000,798734.81
570,lrange5,1000000,1247122.25
571,lpush5,1000000,785684.19
571,lrange5,1000000,1056067.50
572,lpush5,1000000,799386.06
572,lrange5,1000000,1237782.12
573,lpush5,1000000,801410.25
573,lrange5,1000000,1224107.75
574,lpush5,1000000,812516.69
574,lrange5,1000000,1210731.25
575,lpush5,1000000,796292.94
575,lrange5,1000000,1216583.88
576,lpush5,1000000,780640.12
576,lrange5,1000000,1189098.62
577,lpush5,1000000,807754.44
577,lrange5,1000000,1234706.12
578,lpush5,1000000,815048.06
578,lrange5,1000000,1233302.12
579,lpush5,1000000,772262.56
579,lrange5,1000000,1176545.88
580,lpush5,1000000,798084.56
580,lrange5,1000000,1208019.25
581,lpush5,1000000,808562.69
581,lrange5,1000000,1242355.25
582,lpush5,1000000,794281.19
582,lrange5,1000000,1165501.25
583,lpush5,1000000,761095.88
583,lrange5,1000000,1233065.38
584,lpush5,1000000,798811.50
584,lrange5,1000000,1240933.00
585,lpush5,1000000,805827.50
585,lrange5,1000000,1194819.62
586,lpush5,1000000,791879.62
586,lrange5,1000000,1213689.38
587,lpush5,1000000,793046.75
587,lrange5,1000000,1227229.50
588,lpush5,1000000,803884.25
588,lrange5,1000000,1215202.88
589,lpush5,1000000,794976.12
589,lrange5,1000000,1231527.12
590,lpush5,1000000,805853.31
590,lrange5,1000000,1158878.38
591,lpush5,1000000,779460.62
591,lrange5,1000000,1194896.00
592,lpush5,1000000,791139.19
592,lrange5,1000000,1206291.88
593,lpush5,1000000,811030.00
593,lrange5,1000000,1230169.75
594,lpush5,1000000,793701.56
594,lrange5,1000000,1247042.38
595,lpush5,1000000,793148.25
595,lrange5,1000000,1219570.75
596,lpush5,1000000,809846.12
596,lrange5,1000000,1216700.75
597,lpush5,1000000,790640.31
597,lrange5,1000000,1203639.00
598,lpush5,1000000,778828.62
598,lrange5,1000000,1172351.75
599,lpush5,1000000,805943.56
599,lrange5,1000000,1245549.25
600,lpush5,1000000,807793.19
600,lrange5,1000000,1254705.12
601,lpush5,1000000,800064.00
601,lrange5,1000000,1239216.88
602,lpush5,1000000,803289.94
602,lrange5,1000000,1227347.25
603,lpush5,1000000,802645.25
603,lrange5,1000000,1200499.38
604,lpush5,1000000,808420.38
604,lrange5,1000000,1234567.88
605,lpush5,1000000,816378.75
605,lrange5,1000000,1244019.88
606,lpush5,1000000,800076.81
606,lrange5,1000000,1210770.00
607,lpush5,1000000,790627.69
607,lrange5,1000000,1212315.12
608,lpush5,1000000,807115.44
608,lrange5,1000000,1209383.25
609,lpush5,1000000,801282.06
609,lrange5,1000000,1242395.00
610,lpush5,1000000,817006.56
610,lrange5,1000000,1245389.88
611,lpush5,1000000,778816.19
611,lrange5,1000000,1213592.25
612,lpush5,1000000,799411.62
612,lrange5,1000000,1227052.75
613,lpush5,1000000,766308.06
613,lrange5,1000000,963684.00
614,lpush5,1000000,809061.50
614,lrange5,1000000,1197796.50
615,lpush5,1000000,788668.75
615,lrange5,1000000,1182241.12
616,lpush5,1000000,809820.25
616,lrange5,1000000,1230071.25
617,lpush5,1000000,808472.12
617,lrange5,1000000,1169665.50
618,lpush5,1000000,795557.69
618,lrange5,1000000,1201942.25
619,lpush5,1000000,807909.50
619,lrange5,1000000,1165538.50
620,lpush5,1000000,769427.75
620,lrange5,1000000,1216622.88
621,lpush5,1000000,799360.50
621,lrange5,1000000,1167159.88
622,lpush5,1000000,800819.88
622,lrange5,1000000,1236271.88
623,lpush5,1000000,807806.12
623,lrange5,1000000,1230032.00
624,lpush5,1000000,789430.19
624,lrange5,1000000,1194819.62
625,lpush5,1000000,797448.19
625,lrange5,1000000,1212121.25
626,lpush5,1000000,809716.56
626,lrange5,1000000,1233144.25
627,lpush5,1000000,800012.81
627,lrange5,1000000,1212140.62
628,lpush5,1000000,807806.12
628,lrange5,1000000,1247062.38
629,lpush5,1000000,805333.38
629,lrange5,1000000,1218065.75
630,lpush5,1000000,796812.75
630,lrange5,1000000,1219648.75
631,lpush5,1000000,804543.81
631,lrange5,1000000,1185099.50
632,lpush5,1000000,700838.12
632,lrange5,1000000,1215086.25
633,lpush5,1000000,811042.94
633,lrange5,1000000,1240774.25
634,lpush5,1000000,816993.50
634,lrange5,1000000,1219765.88
635,lpush5,1000000,797460.94
635,lrange5,1000000,1255046.50
636,lpush5,1000000,807767.31
636,lrange5,1000000,1259445.75
637,lpush5,1000000,796280.25
637,lrange5,1000000,1213805.88
638,lpush5,1000000,782535.19
638,lrange5,1000000,1236252.12
639,lpush5,1000000,811042.94
639,lrange5,1000000,1196191.38
640,lpush5,1000000,779423.25
640,lrange5,1000000,1199060.00
641,lpush5,1000000,790551.81
641,lrange5,1000000,1216564.38
642,lpush5,1000000,798824.31
642,lrange5,1000000,1153402.50
643,lpush5,1000000,801461.50
643,lrange5,1000000,1221196.62
644,lpush5,1000000,793701.56
644,lrange5,1000000,1141662.12
645,lpush5,1000000,800166.38
645,lrange5,1000000,1222689.50
646,lpush5,1000000,770440.69
646,lrange5,1000000,1222630.75
647,lpush5,1000000,801988.81
647,lrange5,1000000,1216622.88
648,lpush5,1000000,800025.62
648,lrange5,1000000,1210731.25
649,lpush5,1000000,798097.38
649,lrange5,1000000,1225588.25
650,lpush5,1000000,793097.50
650,lrange5,1000000,1187743.50
651,lpush5,1000000,809755.44
651,lrange5,1000000,1227229.50
652,lpush5,1000000,813021.12
652,lrange5,1000000,1234725.88
653,lpush5,1000000,795027.00
653,lrange5,1000000,1228658.50
654,lpush5,1000000,795621.31
654,lrange5,1000000,1200537.75
655,lpush5,1000000,809794.31
655,lrange5,1000000,1237683.12
656,lpush5,1000000,801333.31
656,lrange5,1000000,1209189.75
657,lpush5,1000000,811714.31
657,lrange5,1000000,1219570.75
658,lpush5,1000000,808472.12
658,lrange5,1000000,1161440.12
659,lpush5,1000000,785558.50
659,lrange5,1000000,1233144.25
660,lpush5,1000000,784401.56
660,lrange5,1000000,1187800.50
661,lpush5,1000000,691118.19
661,lrange5,1000000,993112.25
662,lpush5,1000000,725759.06
662,lrange5,1000000,1189117.75
663,lpush5,1000000,781935.88
663,lrange5,1000000,1028839.50
664,lpush5,1000000,698834.38
664,lrange5,1000000,1101392.12
665,lpush5,1000000,785608.81
665,lrange5,1000000,1196421.00
666,lpush5,1000000,698834.38
666,lrange5,1000000,1240813.88
667,lpush5,1000000,807102.50
667,lrange5,1000000,1221235.62
668,lpush5,1000000,796851.00
668,lrange5,1000000,1207980.62
669,lpush5,1000000,805814.62
669,lrange5,1000000,1185156.38
670,lpush5,1000000,777729.38
670,lrange5,1000000,1161458.75
671,lpush5,1000000,789316.50
671,lrange5,1000000,1035229.81
672,lpush5,1000000,813099.19
672,lrange5,1000000,1245628.88
673,lpush5,1000000,811042.94
673,lrange5,1000000,1060615.00
674,lpush5,1000000,783097.94
674,lrange5,1000000,1242275.75
675,lpush5,1000000,807141.25
675,lrange5,1000000,1219629.25
676,lpush5,1000000,807780.25
676,lrange5,1000000,1218143.75
677,lpush5,1000000,799360.50
677,lrange5,1000000,1225529.38
678,lpush5,1000000,800012.81
678,lrange5,1000000,1228501.25
679,lpush5,1000000,793650.81
679,lrange5,1000000,1225764.75
680,lpush5,1000000,789354.38
680,lrange5,1000000,1180637.50
681,lpush5,1000000,805879.06
681,lrange5,1000000,1219551.25
682,lpush5,1000000,809897.94
682,lrange5,1000000,1093175.88
683,lpush5,1000000,786176.12
683,lrange5,1000000,1228658.50
684,lpush5,1000000,809074.50
684,lrange5,1000000,1242414.88
685,lpush5,1000000,802593.88
685,lrange5,1000000,1225607.88
686,lpush5,1000000,771096.38
686,lrange5,1000000,1082251.00
687,lpush5,1000000,705218.62
687,lrange5,1000000,1052850.50
688,lpush5,1000000,803212.88
688,lrange5,1000000,1230051.62
689,lpush5,1000000,790817.38
689,lrange5,1000000,999416.56
690,lpush5,1000000,781275.00
690,lrange5,1000000,1180637.50
691,lpush5,1000000,791790.94
691,lrange5,1000000,1224146.88
692,lpush5,1000000,786782.06
692,lrange5,1000000,1233164.00
693,lpush5,1000000,765135.38
693,lrange5,1000000,1218085.25
694,lpush5,1000000,813799.88
694,lrange5,1000000,1237683.12
695,lpush5,1000000,808420.38
695,lrange5,1000000,1221235.62
696,lpush5,1000000,816378.75
696,lrange5,1000000,1218143.75
697,lpush5,1000000,793650.81
697,lrange5,1000000,1230130.38
698,lpush5,1000000,810398.75
698,lrange5,1000000,1166861.12
699,lpush5,1000000,789914.69
699,lrange5,1000000,1254805.50
700,lpush5,1000000,804505.19
700,lrange5,1000000,1237663.38
701,lpush5,1000000,802568.19
701,lrange5,1000000,1182089.88
702,lpush5,1000000,777642.31
702,lrange5,1000000,1158748.62
703,lpush5,1000000,807154.19
703,lrange5,1000000,1239316.00
704,lpush5,1000000,807115.44
704,lrange5,1000000,1224009.88
705,lpush5,1000000,813812.88
705,lrange5,1000000,1240833.75
706,lpush5,1000000,798722.06
706,lrange5,1000000,1176489.38
707,lpush5,1000000,754716.94
707,lrange5,1000000,1164144.38
708,lpush5,1000000,798760.38
708,lrange5,1000000,1081081.12
709,lpush5,1000000,785696.75
709,lrange5,1000000,1206427.00
710,lpush5,1000000,796889.25
710,lrange5,1000000,1234587.62
711,lpush5,1000000,796863.75
711,lrange5,1000000,1254926.00
712,lpush5,1000000,786782.06
712,lrange5,1000000,1191971.38
713,lpush5,1000000,785004.69
713,lrange5,1000000,1233203.50
714,lpush5,1000000,815712.94
714,lrange5,1000000,1212354.00
715,lpush5,1000000,810385.75
715,lrange5,1000000,1190609.50
716,lpush5,1000000,777000.81
716,lrange5,1000000,1228540.50
717,lpush5,1000000,781985.88
717,lrange5,1000000,1215280.62
718,lpush5,1000000,794988.88
718,lrange5,1000000,1154919.12
719,lpush5,1000000,788681.38
719,lrange5,1000000,1230032.00
720,lpush5,1000000,799513.94
720,lrange5,1000000,1193336.50
721,lpush5,1000000,769329.25
721,lrange5,1000000,1219512.25
722,lpush5,1000000,803922.88
722,lrange5,1000000,1234587.62
723,lpush5,1000000,807192.94
723,lrange5,1000000,1233124.50
724,lpush5,1000000,789316.50
724,lrange5,1000000,1240694.75
725,lpush5,1000000,807754.44
725,lrange5,1000000,1218085.25
726,lpush5,1000000,812425.69
726,lrange5,1000000,1242395.00
727,lpush5,1000000,804556.69
727,lrange5,1000000,1202076.88
728,lpush5,1000000,791139.19
728,lrange5,1000000,1216622.88
729,lpush5,1000000,766969.31
729,lrange5,1000000,1179396.25
730,lpush5,1000000,775820.00
730,lrange5,1000000,1228560.12
731,lpush5,1000000,801282.06
731,lrange5,1000000,1233144.25
732,lpush5,1000000,807806.12
732,lrange5,1000000,1182241.12
733,lpush5,1000000,798199.50
733,lrange5,1000000,1215144.62
734,lpush5,1000000,809755.44
734,lrange5,1000000,1239415.12
735,lpush5,1000000,789914.69
735,lrange5,1000000,1213767.00
736,lpush5,1000000,738090.00
736,lrange5,1000000,1200653.00
737,lpush5,1000000,809794.31
737,lrange5,1000000,1186410.50
738,lpush5,1000000,794293.94
738,lrange5,1000000,1234864.25
739,lpush5,1000000,815673.75
739,lrange5,1000000,1173765.25
740,lpush5,1000000,777667.19
740,lrange5,1000000,1219648.75
741,lpush5,1000000,807141.25
741,lrange5,1000000,1207922.75
742,lpush5,1000000,792405.75
742,lrange5,1000000,1219531.75
743,lpush5,1000000,784979.56
743,lrange5,1000000,1221177.00
744,lpush5,1000000,795544.94
744,lrange5,1000000,1182089.88
745,lpush5,1000000,801988.81
745,lrange5,1000000,1219648.75
746,lpush5,1000000,795544.94
746,lrange5,1000000,1213786.38
747,lpush5,1000000,784992.12
747,lrange5,1000000,1223990.25
748,lpush5,1000000,797473.69
748,lrange5,1000000,1231704.50
749,lpush5,1000000,801924.62
749,lrange5,1000000,1165706.38
750,lpush5,1000000,805204.50
750,lrange5,1000000,1230110.62
751,lpush5,1000000,804530.94
751,lrange5,1000000,1221059.88
752,lpush5,1000000,796927.50
752,lrange5,1000000,1210653.75
753,lpush5,1000000,793803.19
753,lrange5,1000000,1212198.75
754,lpush5,1000000,758186.50
754,lrange5,1000000,1201942.25
755,lpush5,1000000,786895.31
755,lrange5,1000000,1193489.25
756,lpush5,1000000,795634.06
756,lrange5,1000000,1126270.25
757,lpush5,1000000,805243.19
757,lrange5,1000000,1233124.50
758,lpush5,1000000,771703.69
758,lrange5,1000000,1190609.50
759,lpush5,1000000,798148.44
759,lrange5,1000000,1142893.75
760,lpush5,1000000,783774.25
760,lrange5,1000000,1239197.00
761,lpush5,1000000,802632.38
761,lrange5,1000000,1199309.38
762,lpush5,1000000,801333.31
762,lrange5,1000000,1106477.88
763,lpush5,1000000,770416.06
763,lrange5,1000000,1196497.62
764,lpush5,1000000,738576.06
764,lrange5,1000000,1228501.25
765,lpush5,1000000,785545.94
765,lrange5,1000000,1218046.38
766,lpush5,1000000,791778.31
766,lrange5,1000000,1191971.38
767,lpush5,1000000,800717.38
767,lrange5,1000000,1218260.62
768,lpush5,1000000,780031.25
768,lrange5,1000000,1196382.75
769,lpush5,1000000,799513.94
769,lrange5,1000000,1199290.12
770,lpush5,1000000,744154.75
770,lrange5,1000000,1190571.50
771,lpush5,1000000,783260.81
771,lrange5,1000000,1204838.62
772,lpush5,1000000,798135.69
772,lrange5,1000000,1182089.88
773,lpush5,1000000,775255.81
773,lrange5,1000000,1184985.75
774,lpush5,1000000,800704.56
774,lrange5,1000000,1169646.75
775,lpush5,1000000,787452.00
775,lrange5,1000000,1190628.62
776,lpush5,1000000,792405.75
776,lrange5,1000000,1183431.88
777,lpush5,1000000,783135.50
777,lrange5,1000000,1219512.25
778,lpush5,1000000,780727.56
778,lrange5,1000000,1209247.88
779,lpush5,1000000,812347.75
779,lrange5,1000000,1218299.62
780,lpush5,1000000,805165.88
780,lrange5,1000000,1207980.62
781,lpush5,1000000,803315.69
781,lrange5,1000000,1191895.12
782,lpush5,1000000,759374.31
782,lrange5,1000000,1209422.00
783,lpush5,1000000,797550.25
783,lrange5,1000000,1230071.25
784,lpush5,1000000,784954.44
784,lrange5,1000000,1204935.00
785,lpush5,1000000,803884.25
785,lrange5,1000000,1210750.62
786,lpush5,1000000,799475.56
786,lrange5,1000000,1210653.75
787,lpush5,1000000,817032.69
787,lrange5,1000000,1219707.38
788,lpush5,1000000,816339.56
788,lrange5,1000000,1225509.88
789,lpush5,1000000,807296.25
789,lrange5,1000000,1240694.75
790,lpush5,1000000,793739.69
790,lrange5,1000000,1165519.88
791,lpush5,1000000,810372.81
791,lrange5,1000000,1088226.25
792,lpush5,1000000,789977.88
792,lrange5,1000000,1186296.62
793,lpush5,1000000,801346.12
793,lrange5,1000000,1213747.62
794,lpush5,1000000,794281.19
794,lrange5,1000000,1177894.00
795,lpush5,1000000,794988.88
795,lrange5,1000000,1231527.12
796,lpush5,1000000,797614.06
796,lrange5,1000000,1222493.88
797,lpush5,1000000,802014.44
797,lrange5,1000000,1196459.25
798,lpush5,1000000,811081.88
798,lrange5,1000000,1228638.75
799,lpush5,1000000,808510.94
799,lrange5,1000000,1192085.88
800,lpush5,1000000,822421.06
800,lrange5,1000000,1175200.88
801,lpush5,1000000,789291.25
801,lrange5,1000000,1225588.25
802,lpush5,1000000,786782.06
802,lrange5,1000000,1233045.62
803,lpush5,1000000,770416.06
803,lrange5,1000000,1150858.38
804,lpush5,1000000,796889.25
804,lrange5,1000000,1233045.62
805,lpush5,1000000,807819.06
805,lrange5,1000000,1213786.38
806,lpush5,1000000,796191.06
806,lrange5,1000000,1222533.00
807,lpush5,1000000,773419.94
807,lrange5,1000000,1160371.25
808,lpush5,1000000,786264.19
808,lrange5,1000000,1210789.38
809,lpush5,1000000,807167.12
809,lrange5,1000000,1234627.12
810,lpush5,1000000,808498.00
810,lrange5,1000000,1187762.50
811,lpush5,1000000,803289.94
811,lrange5,1000000,1123955.12
812,lpush5,1000000,781275.00
812,lrange5,1000000,1205185.62
813,lpush5,1000000,809087.44
813,lrange5,1000000,1221196.62
814,lpush5,1000000,801924.62
814,lrange5,1000000,1237702.88
815,lpush5,1000000,805814.62
815,lrange5,1000000,1236133.50
816,lpush5,1000000,804505.19
816,lrange5,1000000,1239177.25
817,lpush5,1000000,811792.19
817,lrange5,1000000,1250220.00
818,lpush5,1000000,794293.94
818,lrange5,1000000,1248759.00
819,lpush5,1000000,803871.44
819,lrange5,1000000,1248639.25
820,lpush5,1000000,807115.44
820,lrange5,1000000,1224009.88
821,lpush5,1000000,798148.44
821,lrange5,1000000,1225705.88
822,lpush5,1000000,813008.12
822,lrange5,1000000,1225705.88
823,lpush5,1000000,806490.31
823,lrange5,1000000,1243860.62
824,lpush5,1000000,807115.44
824,lrange5,1000000,1234627.12
825,lpush5,1000000,799386.06
825,lrange5,1000000,1237702.88
826,lpush5,1000000,787477.19
826,lrange5,1000000,1196401.88
827,lpush5,1000000,800025.62
827,lrange5,1000000,1247022.50
828,lpush5,1000000,810437.62
828,lrange5,1000000,1213689.38
829,lpush5,1000000,753012.06
829,lrange5,1000000,1165631.75
830,lpush5,1000000,802001.62
830,lrange5,1000000,1256502.50
831,lpush5,1000000,798148.44
831,lrange5,1000000,1233104.88
832,lpush5,1000000,801950.31
832,lrange5,1000000,1231527.12
833,lpush5,1000000,790551.81
833,lrange5,1000000,1177894.00
834,lpush5,1000000,807831.94
834,lrange5,1000000,1210673.12
835,lpush5,1000000,807128.38
835,lrange5,1000000,1245350.00
836,lpush5,1000000,804556.69
836,lrange5,1000000,1191990.50
837,lpush5,1000000,798097.38
837,lrange5,1000000,1251744.62
838,lpush5,1000000,797473.69
838,lrange5,1000000,1183507.62
839,lpush5,1000000,789417.56
839,lrange5,1000000,1236370.75
840,lpush5,1000000,811727.25
840,lrange5,1000000,1166879.88
841,lpush5,1000000,801963.12
841,lrange5,1000000,1189193.75
842,lpush5,1000000,758247.12
842,lrange5,1000000,1221196.62
843,lpush5,1000000,807205.81
843,lrange5,1000000,1233045.62
844,lpush5,1000000,811120.81
844,lrange5,1000000,1246922.75
845,lpush5,1000000,795544.94
845,lrange5,1000000,1224146.88
846,lpush5,1000000,784313.75
846,lrange5,1000000,1228638.75
847,lpush5,1000000,803212.88
847,lrange5,1000000,1194743.12
848,lpush5,1000000,787515.00
848,lrange5,1000000,1228678.12
849,lpush5,1000000,798084.56
849,lrange5,1000000,1218046.38
850,lpush5,1000000,807141.25
850,lrange5,1000000,1209383.25
851,lpush5,1000000,796863.75
851,lrange5,1000000,1228599.50
852,lpush5,1000000,793714.31
852,lrange5,1000000,1199060.00
853,lpush5,1000000,754716.94
853,lrange5,1000000,1211002.50
854,lpush5,1000000,814358.25
854,lrange5,1000000,1210789.38
855,lpush5,1000000,802632.38
855,lrange5,1000000,1197662.25
856,lpush5,1000000,798199.50
856,lrange5,1000000,1225490.25
857,lpush5,1000000,799411.62
857,lrange5,1000000,1208019.25
858,lpush5,1000000,798110.12
858,lrange5,1000000,1225647.12
859,lpush5,1000000,776434.81
859,lrange5,1000000,1206484.88
860,lpush5,1000000,802568.19
860,lrange5,1000000,1218085.25
861,lpush5,1000000,808446.25
861,lrange5,1000000,1225686.25
862,lpush5,1000000,813721.75
862,lrange5,1000000,1227072.38
863,lpush5,1000000,809113.31
863,lrange5,1000000,1233183.75
864,lpush5,1000000,798824.31
864,lrange5,1000000,1239157.38
865,lpush5,1000000,786857.56
865,lrange5,1000000,1161477.38
866,lpush5,1000000,791139.19
866,lrange5,1000000,1209402.62
867,lpush5,1000000,804556.69
867,lrange5,1000000,1222630.75
868,lpush5,1000000,821719.00
868,lrange5,1000000,1212140.62
869,lpush5,1000000,802568.19
869,lrange5,1000000,1174028.12
870,lpush5,1000000,800653.38
870,lrange5,1000000,1237762.38
871,lpush5,1000000,775844.81
871,lrange5,1000000,1228599.50
872,lpush5,1000000,807154.19
872,lrange5,1000000,1226993.88
873,lpush5,1000000,806580.62
873,lrange5,1000000,1144256.25
874,lpush5,1000000,779560.44
874,lrange5,1000000,1227209.88
875,lpush5,1000000,808420.38
875,lrange5,1000000,1253173.00
876,lpush5,1000000,790615.00
876,lrange5,1000000,1237782.12
877,lpush5,1000000,797524.75
877,lrange5,1000000,1243801.00
878,lpush5,1000000,809781.38
878,lrange5,1000000,1200499.38
879,lpush5,1000000,794976.12
879,lrange5,1000000,1218124.25
880,lpush5,1000000,804569.56
880,lrange5,1000000,1257861.62
881,lpush5,1000000,798798.75
881,lrange5,1000000,1236093.88
882,lpush5,1000000,791778.31
882,lrange5,1000000,1227033.12
883,lpush5,1000000,821745.25
883,lrange5,1000000,1240694.75
884,lpush5,1000000,797512.00
884,lrange5,1000000,1162958.12
885,lpush5,1000000,784992.12
885,lrange5,1000000,1213669.88
886,lpush5,1000000,795039.75
886,lrange5,1000000,1233302.12
887,lpush5,1000000,802014.44
887,lrange5,1000000,1218026.88
888,lpush5,1000000,811030.00
888,lrange5,1000000,1216603.38
889,lpush5,1000000,801282.06
889,lrange5,1000000,1219609.75
890,lpush5,1000000,790003.12
890,lrange5,1000000,1225490.25
891,lpush5,1000000,793701.56
891,lrange5,1000000,1193432.00
892,lpush5,1000000,798122.88
892,lrange5,1000000,1196287.00
893,lpush5,1000000,771059.31
893,lrange5,1000000,1204819.25
894,lpush5,1000000,788769.69
894,lrange5,1000000,1240873.50
895,lpush5,1000000,807192.94
895,lrange5,1000000,1191990.50
896,lpush5,1000000,677102.25
896,lrange5,1000000,1222513.38
897,lpush5,1000000,798798.75
897,lrange5,1000000,1203523.50
898,lpush5,1000000,808536.81
898,lrange5,1000000,1196248.75
899,lpush5,1000000,791202.50
899,lrange5,1000000,1227150.88
900,lpush5,1000000,800730.19
900,lrange5,1000000,1209344.62
901,lpush5,1000000,801307.69
901,lrange5,1000000,1222533.00
902,lpush5,1000000,806683.88
902,lrange5,1000000,1222630.75
903,lpush5,1000000,801320.50
903,lrange5,1000000,1209228.50
904,lpush5,1000000,809807.25
904,lrange5,1000000,1199251.75
905,lpush5,1000000,803212.88
905,lrange5,1000000,1212392.75
906,lpush5,1000000,778222.56
906,lrange5,1000000,1173708.88
907,lpush5,1000000,818383.00
907,lrange5,1000000,1236113.75
908,lpush5,1000000,784941.88
908,lrange5,1000000,1199213.50
909,lpush5,1000000,807844.88
909,lrange5,1000000,1231724.12
910,lpush5,1000000,810489.50
910,lrange5,1000000,1129961.62
911,lpush5,1000000,788022.06
911,lrange5,1000000,1227052.75
912,lpush5,1000000,816339.56
912,lrange5,1000000,1242335.38
913,lpush5,1000000,811030.00
913,lrange5,1000000,1250120.00
914,lpush5,1000000,811042.94
914,lrange5,1000000,1242414.88
915,lpush5,1000000,817058.81
915,lrange5,1000000,1242414.88
916,lpush5,1000000,813669.69
916,lrange5,1000000,1227131.25
917,lpush5,1000000,812477.69
917,lrange5,1000000,1207826.12
918,lpush5,1000000,804543.81
918,lrange5,1000000,1246922.75
919,lpush5,1000000,807154.19
919,lrange5,1000000,1216545.00
920,lpush5,1000000,765147.62
920,lrange5,1000000,1231546.88
921,lpush5,1000000,808485.06
921,lrange5,1000000,1254725.25
922,lpush5,1000000,799360.50
922,lrange5,1000000,1215086.25
923,lpush5,1000000,811753.25
923,lrange5,1000000,1230051.62
924,lpush5,1000000,813786.81
924,lrange5,1000000,1245529.25
925,lpush5,1000000,790577.06
925,lrange5,1000000,1218026.88
926,lpush5,1000000,807141.25
926,lrange5,1000000,1230307.50
927,lpush5,1000000,756538.56
927,lrange5,1000000,1201961.50
928,lpush5,1000000,808523.88
928,lrange5,1000000,1248519.38
929,lpush5,1000000,809742.50
929,lrange5,1000000,1222630.75
930,lpush5,1000000,799398.88
930,lrange5,1000000,1236133.50
931,lpush5,1000000,814410.38
931,lrange5,1000000,1239157.38
932,lpush5,1000000,789404.94
932,lrange5,1000000,1243880.62
933,lpush5,1000000,791879.62
933,lrange5,1000000,1247022.50
934,lpush5,1000000,811688.31
934,lrange5,1000000,1222552.50
935,lpush5,1000000,794319.31
935,lrange5,1000000,1230012.25
936,lpush5,1000000,794306.62
936,lrange5,1000000,1215066.75
937,lpush5,1000000,800000.00
937,lrange5,1000000,1231566.50
938,lpush5,1000000,792507.12
938,lrange5,1000000,1240694.75
939,lpush5,1000000,793072.12
939,lrange5,1000000,1231665.00
940,lpush5,1000000,796889.25
940,lrange5,1000000,1182108.75
941,lpush5,1000000,761626.81
941,lrange5,1000000,1203369.50
942,lpush5,1000000,807780.25
942,lrange5,1000000,1233144.25
943,lpush5,1000000,817111.12
943,lrange5,1000000,1244059.62
944,lpush5,1000000,809087.44
944,lrange5,1000000,1228717.38
945,lpush5,1000000,798097.38
945,lrange5,1000000,1230327.12
946,lpush5,1000000,809820.25
946,lrange5,1000000,1216700.75
947,lpush5,1000000,813669.69
947,lrange5,1000000,1244000.00
948,lpush5,1000000,807883.69
948,lrange5,1000000,1204973.50
949,lpush5,1000000,801963.12
949,lrange5,1000000,1175088.12
950,lpush5,1000000,781275.00
950,lrange5,1000000,1221138.00
951,lpush5,1000000,805904.88
951,lrange5,1000000,1213767.00
952,lpush5,1000000,806464.50
952,lrange5,1000000,1242414.88
953,lpush5,1000000,805204.50
953,lrange5,1000000,1215183.50
954,lpush5,1000000,792418.38
954,lrange5,1000000,1221059.88
955,lpush5,1000000,802065.75
955,lrange5,1000000,1175088.12
956,lpush5,1000000,797448.19
956,lrange5,1000000,1218124.25
957,lpush5,1000000,800025.62
957,lrange5,1000000,1230032.00
958,lpush5,1000000,806451.62
958,lrange5,1000000,1212121.25
959,lpush5,1000000,798122.88
959,lrange5,1000000,1219531.75
960,lpush5,1000000,794938.00
960,lrange5,1000000,1190666.75
961,lpush5,1000000,784313.75
961,lrange5,1000000,1204819.25
962,lpush5,1000000,806529.00
962,lrange5,1000000,1254705.12
963,lpush5,1000000,816365.69
963,lrange5,1000000,1221157.50
964,lpush5,1000000,753639.75
964,lrange5,1000000,1240774.25
965,lpush5,1000000,805879.06
965,lrange5,1000000,1224205.62
966,lpush5,1000000,800679.00
966,lrange5,1000000,1225529.38
967,lpush5,1000000,813708.75
967,lrange5,1000000,1243820.88
968,lpush5,1000000,805191.62
968,lrange5,1000000,1239216.88
969,lpush5,1000000,794950.69
969,lrange5,1000000,1230012.25
970,lpush5,1000000,805801.75
970,lrange5,1000000,1244019.88
971,lpush5,1000000,790526.50
971,lrange5,1000000,1239316.00
972,lpush5,1000000,804543.81
972,lrange5,1000000,1240972.75
973,lpush5,1000000,805165.88
973,lrange5,1000000,1210789.38
974,lpush5,1000000,804621.06
974,lrange5,1000000,1193355.62
975,lpush5,1000000,794912.56
975,lrange5,1000000,1118765.12
976,lpush5,1000000,797460.94
976,lrange5,1000000,1251644.50
977,lpush5,1000000,813008.12
977,lrange5,1000000,1215144.62
978,lpush5,1000000,801371.75
978,lrange5,1000000,1189117.75
979,lpush5,1000000,811042.94
979,lrange5,1000000,1162809.25
980,lpush5,1000000,811198.69
980,lrange5,1000000,1222493.88
981,lpush5,1000000,804505.19
981,lrange5,1000000,1234587.62
982,lpush5,1000000,813008.12
982,lrange5,1000000,1236173.00
983,lpush5,1000000,807115.44
983,lrange5,1000000,1236192.75
984,lpush5,1000000,789341.75
984,lrange5,1000000,1261114.75
985,lpush5,1000000,800102.38
985,lrange5,1000000,1251644.50
986,lpush5,1000000,816391.81
986,lrange5,1000000,1228697.75
987,lpush5,1000000,801924.62
987,lrange5,1000000,1233815.00
988,lpush5,1000000,805256.06
988,lrange5,1000000,1240694.75
989,lpush5,1000000,808433.31
989,lrange5,1000000,1253293.25
990,lpush5,1000000,798837.06
990,lrange5,1000000,1209325.25
991,lpush5,1000000,808523.88
991,lrange5,1000000,1242355.25
992,lpush5,1000000,813773.81
992,lrange5,1000000,1234706.12
993,lpush5,1000000,806451.62
993,lrange5,1000000,1212121.25
994,lpush5,1000000,733687.44
994,lrange5,1000000,1228638.75
995,lpush5,1000000,805801.75
995,lrange5,1000000,1246922.75
996,lpush5,1000000,784376.50
996,lrange5,1000000,1230012.25
997,lpush5,1000000,807883.69
997,lrange5,1000000,1233203.50
998,lpush5,1000000,793663.50
998,lrange5,1000000,1245549.25
999,lpush5,1000000,813734.75
999,lrange5,1000000,1230248.38
1000,lpush5,1000000,795570.44
1000,lrange5,1000000,1212198.75
1001,lpush5,1000000,803212.88
1001,lrange5,1000000,1190647.62
1002,lpush5,1000000,791790.94
1002,lrange5,1000000,1212121.25
1003,lpush5,1000000,803897.12
1003,lrange5,1000000,1237861.38
1004,lpush5,1000000,758749.62
1004,lrange5,1000000,1233065.38
1005,lpush5,1000000,805165.88
1005,lrange5,1000000,1236113.75
1006,lpush5,1000000,802001.62
1006,lrange5,1000000,1236232.38
1007,lpush5,1000000,815035.06
1007,lrange5,1000000,1184834.12
1008,lpush5,1000000,787439.38
1008,lrange5,1000000,1227288.38
1009,lpush5,1000000,810372.81
1009,lrange5,1000000,1234587.62
1010,lpush5,1000000,803238.56
1010,lrange5,1000000,1240714.62
1011,lpush5,1000000,795621.31
1011,lrange5,1000000,1239216.88
1012,lpush5,1000000,809152.12
1012,lrange5,1000000,1222611.25
1013,lpush5,1000000,804530.94
1013,lrange5,1000000,1215125.12
1014,lpush5,1000000,795646.81
1014,lrange5,1000000,1213669.88
1015,lpush5,1000000,795027.00
1015,lrange5,1000000,1228520.88
1016,lpush5,1000000,797460.94
1016,lrange5,1000000,1219726.88
1017,lpush5,1000000,789965.25
1017,lrange5,1000000,1166879.88
1018,lpush5,1000000,780081.19
1018,lrange5,1000000,1231645.38
1019,lpush5,1000000,791189.81
1019,lrange5,1000000,1228579.88
1020,lpush5,1000000,809074.50
1020,lrange5,1000000,1247102.25
1021,lpush5,1000000,808407.44
1021,lrange5,1000000,1224049.00
1022,lpush5,1000000,798097.38
1022,lrange5,1000000,1200518.62
1023,lpush5,1000000,809061.50
1023,lrange5,1000000,1210692.50
1024,lpush5,1000000,802683.75
1024,lrange5,1000000,1200672.25
1025,lpush5,1000000,808549.75
1025,lrange5,1000000,1218260.62
1026,lpush5,1000000,806477.44
1026,lrange5,1000000,1216700.75
1027,lpush5,1000000,795544.94
1027,lrange5,1000000,1204819.25
1028,lpush5,1000000,797486.50
1028,lrange5,1000000,1218104.75
1029,lpush5,1000000,801975.94
1029,lrange5,1000000,1213844.62
1030,lpush5,1000000,802568.19
1030,lrange5,1000000,1224146.88
1031,lpush5,1000000,803948.56
1031,lrange5,1000000,1212257.00
1032,lpush5,1000000,794293.94
1032,lrange5,1000000,1213786.38
1033,lpush5,1000000,801307.69
1033,lrange5,1000000,1209441.38
1034,lpush5,1000000,744071.44
1034,lrange5,1000000,1201923.00
1035,lpush5,1000000,801282.06
1035,lrange5,1000000,1251644.50
1036,lpush5,1000000,798837.06
1036,lrange5,1000000,1216564.38
1037,lpush5,1000000,810385.75
1037,lrange5,1000000,1233164.00
1038,lpush5,1000000,796229.25
1038,lrange5,1000000,1155011.50
1039,lpush5,1000000,781250.00
1039,lrange5,1000000,1237702.88
1040,lpush5,1000000,789329.12
1040,lrange5,1000000,1253273.25
1041,lpush5,1000000,807780.25
1041,lrange5,1000000,1219648.75
1042,lpush5,1000000,813008.12
1042,lrange5,1000000,1210770.00
1043,lpush5,1000000,791879.62
1043,lrange5,1000000,1137820.25
1044,lpush5,1000000,790526.50
1044,lrange5,1000000,1165501.25
1045,lpush5,1000000,796229.25
1045,lrange5,1000000,1243900.50
1046,lpush5,1000000,800730.19
1046,lrange5,1000000,1149627.62
1047,lpush5,1000000,799437.25
1047,lrange5,1000000,1196382.75
1048,lpush5,1000000,810502.44
1048,lrange5,1000000,1231527.12
1049,lpush5,1000000,813138.19
1049,lrange5,1000000,1231566.50
1050,lpush5,1000000,801282.06
1050,lrange5,1000000,1219648.75
1051,lpush5,1000000,791879.62
1051,lrange5,1000000,1227111.62
1052,lpush5,1000000,781960.88
1052,lrange5,1000000,1201923.00
1053,lpush5,1000000,810515.44
1053,lrange5,1000000,1210692.50
1054,lpush5,1000000,806580.62
1054,lrange5,1000000,1228756.75
1055,lpush5,1000000,810372.81
1055,lrange5,1000000,1224049.00
1056,lpush5,1000000,793904.75
1056,lrange5,1000000,1228619.12
1057,lpush5,1000000,812399.69
1057,lrange5,1000000,1206388.38
1058,lpush5,1000000,796203.81
1058,lrange5,1000000,1243801.00
1059,lpush5,1000000,809729.56
1059,lrange5,1000000,1250140.00
1060,lpush5,1000000,809729.56
1060,lrange5,1000000,1240714.62
1061,lpush5,1000000,807870.75
1061,lrange5,1000000,1245429.62
1062,lpush5,1000000,807806.12
1062,lrange5,1000000,1221020.75
1063,lpush5,1000000,806503.25
1063,lrange5,1000000,1227052.75
1064,lpush5,1000000,808472.12
1064,lrange5,1000000,1253233.12
1065,lpush5,1000000,791215.12
1065,lrange5,1000000,1237801.88
1066,lpush5,1000000,783736.69
1066,lrange5,1000000,1226993.88
1067,lpush5,1000000,783699.06
1067,lrange5,1000000,1256402.00
1068,lpush5,1000000,803948.56
1068,lrange5,1000000,1233341.62
1069,lpush5,1000000,813086.19
1069,lrange5,1000000,1226993.88
1070,lpush5,1000000,802078.62
1070,lrange5,1000000,1239256.50
1071,lpush5,1000000,805153.00
1071,lrange5,1000000,1233085.12
1072,lpush5,1000000,798199.50
1072,lrange5,1000000,1221157.50
1073,lpush5,1000000,808446.25
1073,lrange5,1000000,1234666.62
1074,lpush5,1000000,811740.25
1074,lrange5,1000000,1239197.00
1075,lpush5,1000000,790513.81
1075,lrange5,1000000,1203542.75
1076,lpush5,1000000,800640.56
1076,lrange5,1000000,1242295.62
1077,lpush5,1000000,807870.75
1077,lrange5,1000000,1206291.88
1078,lpush5,1000000,804582.44
1078,lrange5,1000000,1250000.00
1079,lpush5,1000000,809768.44
1079,lrange5,1000000,1223990.25
1080,lpush5,1000000,800064.00
1080,lrange5,1000000,1242514.25
1081,lpush5,1000000,816339.56
1081,lrange5,1000000,1245409.75
1082,lpush5,1000000,789316.50
1082,lrange5,1000000,1221059.88
1083,lpush5,1000000,811107.81
1083,lrange5,1000000,1197604.88
1084,lpush5,1000000,798837.06
1084,lrange5,1000000,1219765.88
1085,lpush5,1000000,786782.06
1085,lrange5,1000000,1201923.00
1086,lpush5,1000000,811688.31
1086,lrange5,1000000,1209344.62
1087,lpush5,1000000,782522.69
1087,lrange5,1000000,1170979.00
1088,lpush5,1000000,806451.62
1088,lrange5,1000000,1203581.25
1089,lpush5,1000000,805153.00
1089,lrange5,1000000,1221098.88
1090,lpush5,1000000,763383.25
1090,lrange5,1000000,1153457.88
1091,lpush5,1000000,810385.75
1091,lrange5,1000000,1210847.50
1092,lpush5,1000000,796902.00
1092,lrange5,1000000,1218026.88
1093,lpush5,1000000,804505.19
1093,lrange5,1000000,1176809.38
1094,lpush5,1000000,796178.31
1094,lrange5,1000000,1147027.50
1095,lpush5,1000000,791177.19
1095,lrange5,1000000,1209480.00
1096,lpush5,1000000,801937.44
1096,lrange5,1000000,1189060.62
1097,lpush5,1000000,791240.50
1097,lrange5,1000000,1222689.50
1098,lpush5,1000000,773395.19
1098,lrange5,1000000,1209209.12
1099,lpush5,1000000,787439.38
1099,lrange5,1000000,1158841.25
1100,lpush5,1000000,784967.00
1100,lrange5,1000000,1218026.88
1101,lpush5,1000000,798084.56
1101,lrange5,1000000,1242414.88
1102,lpush5,1000000,807102.50
1102,lrange5,1000000,1221196.62
1103,lpush5,1000000,799373.25
1103,lrange5,1000000,1215105.75
1104,lpush5,1000000,786264.19
1104,lrange5,1000000,1165687.62
1105,lpush5,1000000,799373.25
1105,lrange5,1000000,1228579.88
1106,lpush5,1000000,811094.88
1106,lrange5,1000000,1207729.50
1107,lpush5,1000000,804000.00
1107,lrange5,1000000,1166973.12
1108,lpush5,1000000,803858.56
1108,lrange5,1000000,1190647.62
1109,lpush5,1000000,779003.06
1109,lrange5,1000000,1183659.12
1110,lpush5,1000000,796191.06
1110,lrange5,1000000,1222611.25
1111,lpush5,1000000,796889.25
1111,lrange5,1000000,1203446.50
1112,lpush5,1000000,807831.94
1112,lrange5,1000000,1224107.75
1113,lpush5,1000000,759301.44
1113,lrange5,1000000,1225666.75
1114,lpush5,1000000,803884.25
1114,lrange5,1000000,1245469.50
1115,lpush5,1000000,805956.44
1115,lrange5,1000000,1221196.62
1116,lpush5,1000000,804672.56
1116,lrange5,1000000,1230150.00
1117,lpush5,1000000,807154.19
1117,lrange5,1000000,1225588.25
1118,lpush5,1000000,805165.88
1118,lrange5,1000000,1213825.25
1119,lpush5,1000000,796178.31
1119,lrange5,1000000,1234686.38
1120,lpush5,1000000,780652.62
1120,lrange5,1000000,1224049.00
1121,lpush5,1000000,811870.12
1121,lrange5,1000000,1216603.38
1122,lpush5,1000000,804530.94
1122,lrange5,1000000,1184910.00
1123,lpush5,1000000,804608.19
1123,lrange5,1000000,1215241.75
1124,lpush5,1000000,817753.06
1124,lrange5,1000000,1251624.50
1125,lpush5,1000000,811081.88
1125,lrange5,1000000,1203600.50
1126,lpush5,1000000,801333.31
1126,lrange5,1000000,1234646.88
1127,lpush5,1000000,800653.38
1127,lrange5,1000000,1186258.62
1128,lpush5,1000000,796203.81
1128,lrange5,1000000,1233104.88
1129,lpush5,1000000,798161.19
1129,lrange5,1000000,1209344.62
1130,lpush5,1000000,807231.69
1130,lrange5,1000000,1239415.12
1131,lpush5,1000000,785042.38
1131,lrange5,1000000,1207903.38
1132,lpush5,1000000,789341.75
1132,lrange5,1000000,1215300.12
1133,lpush5,1000000,796280.25
1133,lrange5,1000000,1251644.50
1134,lpush5,1000000,785545.94
1134,lrange5,1000000,1219648.75
1135,lpush5,1000000,807754.44
1135,lrange5,1000000,1158989.62
1136,lpush5,1000000,779448.19
1136,lrange5,1000000,1072978.50
1137,lpush5,1000000,752445.44
1137,lrange5,1000000,1162995.38
1138,lpush5,1000000,768122.88
1138,lrange5,1000000,1207729.50
1139,lpush5,1000000,786163.56
1139,lrange5,1000000,1162995.38
1140,lpush5,1000000,777642.31
1140,lrange5,1000000,1213805.88
1141,lpush5,1000000,765208.88
1141,lrange5,1000000,1121094.12
1142,lpush5,1000000,815752.06
1142,lrange5,1000000,1218319.12
1143,lpush5,1000000,798122.88
1143,lrange5,1000000,1209267.25
1144,lpush5,1000000,800179.19
1144,lrange5,1000000,1224009.88
1145,lpush5,1000000,791253.12
1145,lrange5,1000000,1180864.25
1146,lpush5,1000000,800153.62
1146,lrange5,1000000,1228619.12
1147,lpush5,1000000,815712.94
1147,lrange5,1000000,1240774.25
1148,lpush5,1000000,821692.69
1148,lrange5,1000000,1239197.00
1149,lpush5,1000000,804595.31
1149,lrange5,1000000,1240774.25
1150,lpush5,1000000,793727.00
1150,lrange5,1000000,1224636.50
1151,lpush5,1000000,803225.69
1151,lrange5,1000000,1215222.38
1152,lpush5,1000000,789291.25
1152,lrange5,1000000,1209267.25
1153,lpush5,1000000,788034.62
1153,lrange5,1000000,1204838.62
1154,lpush5,1000000,813682.69
1154,lrange5,1000000,1206330.50
1155,lpush5,1000000,796203.81
1155,lrange5,1000000,1237702.88
1156,lpush5,1000000,811042.94
1156,lrange5,1000000,1227249.12
1157,lpush5,1000000,800640.56
1157,lrange5,1000000,1246922.75
1158,lpush5,1000000,821031.19
1158,lrange5,1000000,1189269.88
1159,lpush5,1000000,758150.12
1159,lrange5,1000000,1179415.12
1160,lpush5,1000000,823815.50
1160,lrange5,1000000,1243940.25
1161,lpush5,1000000,813708.75
1161,lrange5,1000000,1243801.00
1162,lpush5,1000000,803987.19
1162,lrange5,1000000,1203427.25
1163,lpush5,1000000,784941.88
1163,lrange5,1000000,1216545.00
1164,lpush5,1000000,785608.81
1164,lrange5,1000000,1219551.25
1165,lpush5,1000000,814371.31
1165,lrange5,1000000,1234666.62
1166,lpush5,1000000,804582.44
1166,lrange5,1000000,1207748.75
1167,lpush5,1000000,793021.38
1167,lrange5,1000000,1215066.75
1168,lpush5,1000000,807128.38
1168,lrange5,1000000,1251664.50
1169,lpush5,1000000,807244.56
1169,lrange5,1000000,1222493.88
1170,lpush5,1000000,796825.50
1170,lrange5,1000000,1225745.12
1171,lpush5,1000000,809768.44
1171,lrange5,1000000,1194857.75
1172,lpush5,1000000,805204.50
1172,lrange5,1000000,1227092.00
1173,lpush5,1000000,800076.81
1173,lrange5,1000000,1176489.38
1174,lpush5,1000000,799411.62
1174,lrange5,1000000,1221157.50
1175,lpush5,1000000,799386.06
1175,lrange5,1000000,1206427.00
1176,lpush5,1000000,797448.19
1176,lrange5,1000000,1033272.75
1177,lpush5,1000000,799450.00
1177,lrange5,1000000,1201942.25
1178,lpush5,1000000,806670.94
1178,lrange5,1000000,1203562.00
1179,lpush5,1000000,791816.31
1179,lrange5,1000000,1228717.38
1180,lpush5,1000000,809100.38
1180,lrange5,1000000,1000064.00
1181,lpush5,1000000,774630.50
1181,lrange5,1000000,1224049.00
1182,lpush5,1000000,803354.19
1182,lrange5,1000000,1216583.88
1183,lpush5,1000000,800051.19
1183,lrange5,1000000,1185042.62
1184,lpush5,1000000,815113.31
1184,lrange5,1000000,1207826.12
1185,lpush5,1000000,809716.56
1185,lrange5,1000000,1221001.25
1186,lpush5,1000000,789927.31
1186,lrange5,1000000,1203369.50
1187,lpush5,1000000,805204.50
1187,lrange5,1000000,1212121.25
1188,lpush5,1000000,808485.06
1188,lrange5,1000000,1213669.88
1189,lpush5,1000000,794293.94
1189,lrange5,1000000,1215066.75
1190,lpush5,1000000,809716.56
1190,lrange5,1000000,1189079.62
1191,lpush5,1000000,788034.62
1191,lrange5,1000000,1231645.38
1192,lpush5,1000000,798174.00
1192,lrange5,1000000,1203504.25
1193,lpush5,1000000,806464.50
1193,lrange5,1000000,1196382.75
1194,lpush5,1000000,809923.88
1194,lrange5,1000000,1231586.25
1195,lpush5,1000000,804128.62
1195,lrange5,1000000,1197719.75
1196,lpush5,1000000,805178.75
1196,lrange5,1000000,1224068.62
1197,lpush5,1000000,804569.56
1197,lrange5,1000000,1207806.75
1198,lpush5,1000000,795014.31
1198,lrange5,1000000,1135309.88
1199,lpush5,1000000,780043.69
1199,lrange5,1000000,1234587.62
1200,lpush5,1000000,809729.56
1200,lrange5,1000000,1230228.75
1201,lpush5,1000000,807115.44
1201,lrange5,1000000,1228737.12
1202,lpush5,1000000,813047.12
1202,lrange5,1000000,1245509.38
1203,lpush5,1000000,812464.69
1203,lrange5,1000000,1208096.62
1204,lpush5,1000000,818448.44
1204,lrange5,1000000,1254805.50
1205,lpush5,1000000,806554.81
1205,lrange5,1000000,1234646.88
1206,lpush5,1000000,812451.69
1206,lrange5,1000000,1213669.88
1207,lpush5,1000000,809074.50
1207,lrange5,1000000,1245489.50
1208,lpush5,1000000,814332.19
1208,lrange5,1000000,1225529.38
1209,lpush5,1000000,775268.25
1209,lrange5,1000000,1160334.12
1210,lpush5,1000000,805191.62
1210,lrange5,1000000,1224146.88
1211,lpush5,1000000,792469.12
1211,lrange5,1000000,1239197.00
1212,lpush5,1000000,809126.25
1212,lrange5,1000000,1239177.25
1213,lpush5,1000000,820383.94
1213,lrange5,1000000,1205012.12
1214,lpush5,1000000,803884.25
1214,lrange5,1000000,1228638.75
1215,lpush5,1000000,793663.50
1215,lrange5,1000000,1242315.50
1216,lpush5,1000000,811805.19
1216,lrange5,1000000,1210653.75
1217,lpush5,1000000,798760.38
1217,lrange5,1000000,1191914.25
1218,lpush5,1000000,798722.06
1218,lrange5,1000000,1236271.88
1219,lpush5,1000000,807102.50
1219,lrange5,1000000,1234607.38
1220,lpush5,1000000,807806.12
1220,lrange5,1000000,1197739.00
1221,lpush5,1000000,787439.38
1221,lrange5,1000000,1234627.12
1222,lpush5,1000000,803302.81
1222,lrange5,1000000,1204838.62
1223,lpush5,1000000,785017.25
1223,lrange5,1000000,1223990.25
1224,lpush5,1000000,800038.38
1224,lrange5,1000000,1193393.75
1225,lpush5,1000000,805866.19
1225,lrange5,1000000,1212237.62
1226,lpush5,1000000,788643.50
1226,lrange5,1000000,1242275.75
1227,lpush5,1000000,800717.38
1227,lrange5,1000000,1224166.50
1228,lpush5,1000000,813008.12
1228,lrange5,1000000,1246962.62
1229,lpush5,1000000,815726.00
1229,lrange5,1000000,1202038.38
1230,lpush5,1000000,809716.56
1230,lrange5,1000000,1237623.75
1231,lpush5,1000000,800730.19
1231,lrange5,1000000,1194857.75
1232,lpush5,1000000,787401.56
1232,lrange5,1000000,1239256.50
1233,lpush5,1000000,794293.94
1233,lrange5,1000000,1231665.00
1234,lpush5,1000000,755311.19
1234,lrange5,1000000,1175088.12
1235,lpush5,1000000,778247.50
1235,lrange5,1000000,1140269.12
1236,lpush5,1000000,802619.56
1236,lrange5,1000000,1224029.38
1237,lpush5,1000000,803277.12
1237,lrange5,1000000,1225627.50
1238,lpush5,1000000,807180.00
1238,lrange5,1000000,1219551.25
1239,lpush5,1000000,798734.81
1239,lrange5,1000000,1206291.88
1240,lpush5,1000000,807128.38
1240,lrange5,1000000,1190609.50
1241,lpush5,1000000,790015.75
1241,lrange5,1000000,1204973.50
1242,lpush5,1000000,817176.50
1242,lrange5,1000000,1251764.62
1243,lpush5,1000000,817111.12
1243,lrange5,1000000,1256462.25
1244,lpush5,1000000,798110.12
1244,lrange5,1000000,1253152.88
1245,lpush5,1000000,813760.81
1245,lrange5,1000000,1234587.62
1246,lpush5,1000000,794560.81
1246,lrange5,1000000,1223990.25
1247,lpush5,1000000,820357.69
1247,lrange5,1000000,1216545.00
1248,lpush5,1000000,795583.12
1248,lrange5,1000000,1216700.75
1249,lpush5,1000000,800666.19
1249,lrange5,1000000,1234567.88
1250,lpush5,1000000,789914.69
1250,lrange5,1000000,1231527.12
1251,lpush5,1000000,810476.50
1251,lrange5,1000000,1243940.25
1252,lpush5,1000000,811055.94
1252,lrange5,1000000,1231625.62
1253,lpush5,1000000,805153.00
1253,lrange5,1000000,1187876.50
1254,lpush5,1000000,812399.69
1254,lrange5,1000000,1225588.25
1255,lpush5,1000000,790577.06
1255,lrange5,1000000,1234844.50
1256,lpush5,1000000,803897.12
1256,lrange5,1000000,1237722.75
1257,lpush5,1000000,820423.31
1257,lrange5,1000000,1212140.62
1258,lpush5,1000000,775869.62
1258,lrange5,1000000,1109984.38
1259,lpush5,1000000,765770.31
1259,lrange5,1000000,1163032.50
1260,lpush5,1000000,795544.94
1260,lrange5,1000000,1152184.38
1261,lpush5,1000000,795608.62
1261,lrange5,1000000,1107437.38
1262,lpush5,1000000,791202.50
1262,lrange5,1000000,1190514.38
1263,lpush5,1000000,810372.81
1263,lrange5,1000000,1222669.88
1264,lpush5,1000000,800064.00
1264,lrange5,1000000,1193508.38
1265,lpush5,1000000,809061.50
1265,lrange5,1000000,1221001.25
1266,lpush5,1000000,807102.50
1266,lrange5,1000000,1227170.50
1267,lpush5,1000000,797486.50
1267,lrange5,1000000,1213961.12
1268,lpush5,1000000,798824.31
1268,lrange5,1000000,1237861.38
1269,lpush5,1000000,794912.56
1269,lrange5,1000000,1219531.75
1270,lpush5,1000000,811068.94
1270,lrange5,1000000,1216837.00
1271,lpush5,1000000,803277.12
1271,lrange5,1000000,1227013.50
1272,lpush5,1000000,810385.75
1272,lrange5,1000000,1212295.75
1273,lpush5,1000000,814371.31
1273,lrange5,1000000,1245509.38
1274,lpush5,1000000,777100.25
1274,lrange5,1000000,1230268.12
1275,lpush5,1000000,811068.94
1275,lrange5,1000000,1228638.75
1276,lpush5,1000000,803948.56
1276,lrange5,1000000,1233045.62
1277,lpush5,1000000,799360.50
1277,lrange5,1000000,1242255.88
1278,lpush5,1000000,770490.00
1278,lrange5,1000000,1137692.88
1279,lpush5,1000000,753627.75
1279,lrange5,1000000,1157592.62
1280,lpush5,1000000,775807.56
1280,lrange5,1000000,1158748.62
1281,lpush5,1000000,793135.56
1281,lrange5,1000000,1190476.25
1282,lpush5,1000000,778816.19
1282,lrange5,1000000,1216545.00
1283,lpush5,1000000,794925.25
1283,lrange5,1000000,1209363.88
1284,lpush5,1000000,796812.75
1284,lrange5,1000000,1210711.88
1285,lpush5,1000000,790615.00
1285,lrange5,1000000,1225686.25
1286,lpush5,1000000,783085.38
1286,lrange5,1000000,1237643.50
1287,lpush5,1000000,811701.31
1287,lrange5,1000000,1225647.12
1288,lpush5,1000000,809846.12
1288,lrange5,1000000,1207729.50
1289,lpush5,1000000,802709.44
1289,lrange5,1000000,1247122.25
1290,lpush5,1000000,790589.75
1290,lrange5,1000000,1231665.00
1291,lpush5,1000000,807754.44
1291,lrange5,1000000,1243980.12
1292,lpush5,1000000,803302.81
1292,lrange5,1000000,1234765.38
1293,lpush5,1000000,810385.75
1293,lrange5,1000000,1207768.12
1294,lpush5,1000000,809781.38
1294,lrange5,1000000,1182089.88
1295,lpush5,1000000,768701.00
1295,lrange5,1000000,1196191.38
1296,lpush5,1000000,772250.19
1296,lrange5,1000000,1152147.50
1297,lpush5,1000000,765172.12
1297,lrange5,1000000,1164181.62
1298,lpush5,1000000,744673.06
1298,lrange5,1000000,1175088.12
1299,lpush5,1000000,790539.12
1299,lrange5,1000000,1189117.75
1300,lpush5,1000000,805827.50
1300,lrange5,1000000,1215086.25
1301,lpush5,1000000,802658.06
1301,lrange5,1000000,1219531.75
1302,lpush5,1000000,800691.81
1302,lrange5,1000000,1240754.38
1303,lpush5,1000000,803212.88
1303,lrange5,1000000,1239335.88
1304,lpush5,1000000,807102.50
1304,lrange5,1000000,1246962.62
1305,lpush5,1000000,798148.44
1305,lrange5,1000000,1237623.75
1306,lpush5,1000000,802040.12
1306,lrange5,1000000,1168355.12
1307,lpush5,1000000,794459.12
1307,lrange5,1000000,1239276.38
1308,lpush5,1000000,808459.19
1308,lrange5,1000000,1234587.62
1309,lpush5,1000000,810385.75
1309,lrange5,1000000,1179415.12
1310,lpush5,1000000,806516.12
1310,lrange5,1000000,1180713.12
1311,lpush5,1000000,785596.25
1311,lrange5,1000000,1122388.38
1312,lpush5,1000000,744119.06
1312,lrange5,1000000,1070698.00
1313,lpush5,1000000,765123.19
1313,lrange5,1000000,1193489.25
1314,lpush5,1000000,792393.06
1314,lrange5,1000000,1162827.88
1315,lpush5,1000000,793097.50
1315,lrange5,1000000,1199079.12
1316,lpush5,1000000,789341.75
1316,lrange5,1000000,1219629.25
1317,lpush5,1000000,777692.06
1317,lrange5,1000000,1158748.62
1318,lpush5,1000000,793676.19
1318,lrange5,1000000,1190781.00
1319,lpush5,1000000,800025.62
1319,lrange5,1000000,1202096.12
1320,lpush5,1000000,798747.62
1320,lrange5,1000000,1149462.12
1321,lpush5,1000000,782522.69
1321,lrange5,1000000,1188047.50
1322,lpush5,1000000,779448.19
1322,lrange5,1000000,1196325.38
1323,lpush5,1000000,789902.06
1323,lrange5,1000000,1234686.38
1324,lpush5,1000000,781923.38
1324,lrange5,1000000,1221001.25
1325,lpush5,1000000,800102.38
1325,lrange5,1000000,1207729.50
1326,lpush5,1000000,768086.00
1326,lrange5,1000000,1213786.38
1327,lpush5,1000000,809807.25
1327,lrange5,1000000,1203446.50
1328,lpush5,1000000,779498.06
1328,lrange5,1000000,1179339.62
1329,lpush5,1000000,793097.50
1329,lrange5,1000000,1200653.00
1330,lpush5,1000000,725689.38
1330,lrange5,1000000,1180902.00
1331,lpush5,1000000,783173.06
1331,lrange5,1000000,1090564.88
1332,lpush5,1000000,730471.88
1332,lrange5,1000000,1158934.00
1333,lpush5,1000000,783699.06
1333,lrange5,1000000,1157407.38
1334,lpush5,1000000,758198.62
1334,lrange5,1000000,1177912.88
1335,lpush5,1000000,802091.44
1335,lrange5,1000000,1212160.00
1336,lpush5,1000000,791803.62
1336,lrange5,1000000,1200480.12
1337,lpush5,1000000,789379.69
1337,lrange5,1000000,1212121.25
1338,lpush5,1000000,793034.06
1338,lrange5,1000000,1233065.38
1339,lpush5,1000000,793148.25
1339,lrange5,1000000,1207864.75
1340,lpush5,1000000,809139.19
1340,lrange5,1000000,1202115.38
1341,lpush5,1000000,813008.12
1341,lrange5,1000000,1233085.12
1342,lpush5,1000000,806451.62
1342,lrange5,1000000,1246982.62
1343,lpush5,1000000,802001.62
1343,lrange5,1000000,1239197.00
1344,lpush5,1000000,808459.19
1344,lrange5,1000000,1218026.88
1345,lpush5,1000000,789977.88
1345,lrange5,1000000,1207922.75
1346,lpush5,1000000,771034.69
1346,lrange5,1000000,1206523.50
1347,lpush5,1000000,763978.62
1347,lrange5,1000000,1206330.50
1348,lpush5,1000000,791151.88
1348,lrange5,1000000,1216759.12
1349,lpush5,1000000,794281.19
1349,lrange5,1000000,1219648.75
1350,lpush5,1000000,814397.38
1350,lrange5,1000000,1237801.88
1351,lpush5,1000000,815022.00
1351,lrange5,1000000,1233104.88
1352,lpush5,1000000,805268.94
1352,lrange5,1000000,1242255.88
1353,lpush5,1000000,800128.00
1353,lrange5,1000000,1215280.62
1354,lpush5,1000000,782485.12
1354,lrange5,1000000,1233065.38
1355,lpush5,1000000,807180.00
1355,lrange5,1000000,1227229.50
1356,lpush5,1000000,786832.38
1356,lrange5,1000000,1233124.50
1357,lpush5,1000000,809113.31
1357,lrange5,1000000,1250160.00
1358,lpush5,1000000,814995.94
1358,lrange5,1000000,1207748.75
1359,lpush5,1000000,807806.12
1359,lrange5,1000000,1251644.50
1360,lpush5,1000000,753084.38
1360,lrange5,1000000,1234706.12
1361,lpush5,1000000,800000.00
1361,lrange5,1000000,1203696.75
1362,lpush5,1000000,794421.00
1362,lrange5,1000000,1204877.12
1363,lpush5,1000000,803935.69
1363,lrange5,1000000,1233045.62
1364,lpush5,1000000,810450.56
1364,lrange5,1000000,1230032.00
1365,lpush5,1000000,793097.50
1365,lrange5,1000000,1216739.62
1366,lpush5,1000000,761626.81
1366,lrange5,1000000,1163088.38
1367,lpush5,1000000,763990.81
1367,lrange5,1000000,1200499.38
1368,lpush5,1000000,791778.31
1368,lrange5,1000000,1224068.62
1369,lpush5,1000000,814345.25
1369,lrange5,1000000,1213650.50
1370,lpush5,1000000,787414.19
1370,lrange5,1000000,1240774.25
1371,lpush5,1000000,795544.94
1371,lrange5,1000000,1240774.25
1372,lpush5,1000000,798760.38
1372,lrange5,1000000,1240853.62
1373,lpush5,1000000,820397.06
1373,lrange5,1000000,1212354.00
1374,lpush5,1000000,819027.06
1374,lrange5,1000000,1211060.62
1375,lpush5,1000000,810372.81
1375,lrange5,1000000,1237702.88
1376,lpush5,1000000,808446.25
1376,lrange5,1000000,1221059.88
1377,lpush5,1000000,806529.00
1377,lrange5,1000000,1224068.62
1378,lpush5,1000000,796851.00
1378,lrange5,1000000,1219590.25
1379,lpush5,1000000,806490.31
1379,lrange5,1000000,1212354.00
1380,lpush5,1000000,796229.25
1380,lrange5,1000000,1222513.38
1381,lpush5,1000000,801963.12
1381,lrange5,1000000,1227170.50
1382,lpush5,1000000,800000.00
1382,lrange5,1000000,1237663.38
1383,lpush5,1000000,794382.88
1383,lrange5,1000000,1250180.00
1384,lpush5,1000000,804530.94
1384,lrange5,1000000,1225666.75
1385,lpush5,1000000,784414.12
1385,lrange5,1000000,1221196.62
1386,lpush5,1000000,797473.69
1386,lrange5,1000000,1231527.12
1387,lpush5,1000000,799539.56
1387,lrange5,1000000,1228599.50
1388,lpush5,1000000,797512.00
1388,lrange5,1000000,1227013.50
1389,lpush5,1000000,799386.06
1389,lrange5,1000000,1213611.62
1390,lpush5,1000000,796812.75
1390,lrange5,1000000,1191895.12
1391,lpush5,1000000,810502.44
1391,lrange5,1000000,1222650.38
1392,lpush5,1000000,782622.88
1392,lrange5,1000000,1230405.88
1393,lpush5,1000000,783761.75
1393,lrange5,1000000,1219512.25
1394,lpush5,1000000,793122.88
1394,lrange5,1000000,1237623.75
1395,lpush5,1000000,813151.19
1395,lrange5,1000000,1221196.62
1396,lpush5,1000000,801282.06
1396,lrange5,1000000,1237762.38
1397,lpush5,1000000,792481.81
1397,lrange5,1000000,1207922.75
1398,lpush5,1000000,773432.31
1398,lrange5,1000000,1227092.00
1399,lpush5,1000000,768245.75
1399,lrange5,1000000,1248639.25
1400,lpush5,1000000,809807.25
1400,lrange5,1000000,1239256.50
1401,lpush5,1000000,805943.56
1401,lrange5,1000000,1237861.38
1402,lpush5,1000000,802722.25
1402,lrange5,1000000,1246882.88
1403,lpush5,1000000,802696.62
1403,lrange5,1000000,1204935.00
1404,lpush5,1000000,805853.31
1404,lrange5,1000000,1234804.88
1405,lpush5,1000000,813695.69
1405,lrange5,1000000,1215475.12
1406,lpush5,1000000,804582.44
1406,lrange5,1000000,1230071.25
1407,lpush5,1000000,783699.06
1407,lrange5,1000000,1203465.75
1408,lpush5,1000000,740835.56
1408,lrange5,1000000,1233321.88
1409,lpush5,1000000,814371.31
1409,lrange5,1000000,1215164.00
1410,lpush5,1000000,792469.12
1410,lrange5,1000000,1225568.62
1411,lpush5,1000000,811714.31
1411,lrange5,1000000,1176527.00
1412,lpush5,1000000,780081.19
1412,lrange5,1000000,1225607.88
1413,lpush5,1000000,801435.88
1413,lrange5,1000000,1234686.38
1414,lpush5,1000000,805956.44
1414,lrange5,1000000,1206427.00
1415,lpush5,1000000,769366.19
1415,lrange5,1000000,1196325.38
1416,lpush5,1000000,788059.88
1416,lrange5,1000000,1205089.12
1417,lpush5,1000000,803238.56
1417,lrange5,1000000,1180675.38
1418,lpush5,1000000,807154.19
1418,lrange5,1000000,1216798.00
1419,lpush5,1000000,765355.75
1419,lrange5,1000000,1206311.25
1420,lpush5,1000000,766308.06
1420,lrange5,1000000,1149609.25
1421,lpush5,1000000,768049.12
1421,lrange5,1000000,1200480.12
1422,lpush5,1000000,804595.31
1422,lrange5,1000000,1221001.25
1423,lpush5,1000000,799373.25
1423,lrange5,1000000,1242236.00
1424,lpush5,1000000,782023.44
1424,lrange5,1000000,1239236.75
1425,lpush5,1000000,791790.94
1425,lrange5,1000000,1200480.12
1426,lpush5,1000000,818369.88
1426,lrange5,1000000,1199194.25
1427,lpush5,1000000,794925.25
1427,lrange5,1000000,1219609.75
1428,lpush5,1000000,797512.00
1428,lrange5,1000000,1218046.38
1429,lpush5,1000000,784967.00
1429,lrange5,1000000,1231546.88
1430,lpush5,1000000,776422.38
1430,lrange5,1000000,1231566.50
1431,lpush5,1000000,805879.06
1431,lrange5,1000000,1230071.25
1432,lpush5,1000000,800076.81
1432,lrange5,1000000,1233045.62
1433,lpush5,1000000,789278.62
1433,lrange5,1000000,1231606.00
1434,lpush5,1000000,777025.69
1434,lrange5,1000000,1221235.62
1435,lpush5,1000000,800115.19
1435,lrange5,1000000,1244000.00
1436,lpush5,1000000,791202.50
1436,lrange5,1000000,1230150.00
1437,lpush5,1000000,801282.06
1437,lrange5,1000000,1228835.38
1438,lpush5,1000000,807180.00
1438,lrange5,1000000,1227092.00
1439,lpush5,1000000,805853.31
1439,lrange5,1000000,1190476.25
1440,lpush5,1000000,772262.56
1440,lrange5,1000000,1204877.12
1441,lpush5,1000000,781262.50
1441,lrange5,1000000,1173934.25
1442,lpush5,1000000,749123.56
1442,lrange5,1000000,1236113.75
1443,lpush5,1000000,811120.81
1443,lrange5,1000000,1234725.88
1444,lpush5,1000000,811211.62
1444,lrange5,1000000,1224186.12
1445,lpush5,1000000,816993.50
1445,lrange5,1000000,1245350.00
1446,lpush5,1000000,821692.69
1446,lrange5,1000000,1245369.88
1447,lpush5,1000000,821057.44
1447,lrange5,1000000,1224009.88
1448,lpush5,1000000,788681.38
1448,lrange5,1000000,1239256.50
1449,lpush5,1000000,803858.56
1449,lrange5,1000000,1219629.25
1450,lpush5,1000000,807180.00
1450,lrange5,1000000,1196172.25
1451,lpush5,1000000,808407.44
1451,lrange5,1000000,1206523.50
1452,lpush5,1000000,807218.75
1452,lrange5,1000000,1224107.75
1453,lpush5,1000000,799373.25
1453,lrange5,1000000,1240714.62
1454,lpush5,1000000,792456.44
1454,lrange5,1000000,1209189.75
1455,lpush5,1000000,813034.12
1455,lrange5,1000000,1184853.12
1456,lpush5,1000000,777604.94
1456,lrange5,1000000,1215144.62
1457,lpush5,1000000,816993.50
1457,lrange5,1000000,1245350.00
1458,lpush5,1000000,794912.56
1458,lrange5,1000000,1196191.38
1459,lpush5,1000000,785596.25
1459,lrange5,1000000,1227131.25
1460,lpush5,1000000,791917.62
1460,lrange5,1000000,1202038.38
1461,lpush5,1000000,767459.75
1461,lrange5,1000000,1197624.00
1462,lpush5,1000000,797550.25
1462,lrange5,1000000,1187667.50
1463,lpush5,1000000,791905.00
1463,lrange5,1000000,1239157.38
1464,lpush5,1000000,798110.12
1464,lrange5,1000000,962463.88
1465,lpush5,1000000,796863.75
1465,lrange5,1000000,1204877.12
1466,lpush5,1000000,803277.12
1466,lrange5,1000000,1243781.12
1467,lpush5,1000000,780640.12
1467,lrange5,1000000,1201923.00
1468,lpush5,1000000,805204.50
1468,lrange5,1000000,1215144.62
1469,lpush5,1000000,800000.00
1469,lrange5,1000000,1225725.50
1470,lpush5,1000000,802027.25
1470,lrange5,1000000,1221059.88
1471,lpush5,1000000,796178.31
1471,lrange5,1000000,1237782.12
1472,lpush5,1000000,805930.69
1472,lrange5,1000000,1231625.62
1473,lpush5,1000000,811042.94
1473,lrange5,1000000,1254845.62
1474,lpush5,1000000,803238.56
1474,lrange5,1000000,1215105.75
1475,lpush5,1000000,819066.38
1475,lrange5,1000000,1231546.88
1476,lpush5,1000000,810398.75
1476,lrange5,1000000,1219668.25
1477,lpush5,1000000,809755.44
1477,lrange5,1000000,1237841.50
1478,lpush5,1000000,796838.25
1478,lrange5,1000000,1202211.50
1479,lpush5,1000000,813682.69
1479,lrange5,1000000,1207806.75
1480,lpush5,1000000,805904.88
1480,lrange5,1000000,1230071.25
1481,lpush5,1000000,803354.19
1481,lrange5,1000000,1240853.62
1482,lpush5,1000000,807767.31
1482,lrange5,1000000,1234844.50
1483,lpush5,1000000,809729.56
1483,lrange5,1000000,1251584.50
1484,lpush5,1000000,814332.19
1484,lrange5,1000000,1230169.75
1485,lpush5,1000000,815178.50
1485,lrange5,1000000,1239395.38
1486,lpush5,1000000,794912.56
1486,lrange5,1000000,1256301.50
1487,lpush5,1000000,809061.50
1487,lrange5,1000000,1230032.00
1488,lpush5,1000000,807192.94
1488,lrange5,1000000,1225549.00
1489,lpush5,1000000,778965.69
1489,lrange5,1000000,1239197.00
1490,lpush5,1000000,778210.12
1490,lrange5,1000000,1212140.62
1491,lpush5,1000000,814384.31
1491,lrange5,1000000,1228501.25
1492,lpush5,1000000,794382.88
1492,lrange5,1000000,1210808.75
1493,lpush5,1000000,811030.00
1493,lrange5,1000000,1197796.50
1494,lpush5,1000000,793701.56
1494,lrange5,1000000,1231527.12
1495,lpush5,1000000,779647.69
1495,lrange5,1000000,1228638.75
1496,lpush5,1000000,772859.31
1496,lrange5,1000000,1216700.75
1497,lpush5,1000000,812425.69
1497,lrange5,1000000,1215183.50
1498,lpush5,1000000,818461.56
1498,lrange5,1000000,1183678.12
1499,lpush5,1000000,785671.62
1499,lrange5,1000000,1222689.50
1500,lpush5,1000000,785583.69
1500,lrange5,1000000,969023.31
1501,lpush5,1000000,776409.94
1501,lrange5,1000000,1199098.38
1502,lpush5,1000000,805153.00
1502,lrange5,1000000,1218026.88
1503,lpush5,1000000,810372.81
1503,lrange5,1000000,1199060.00
1504,lpush5,1000000,787414.19
1504,lrange5,1000000,1011154.69
1505,lpush5,1000000,782497.62
1505,lrange5,1000000,1233203.50
1506,lpush5,1000000,784426.69
1506,lrange5,1000000,866578.81
1507,lpush5,1000000,763383.25
1507,lrange5,1000000,1165687.62
1508,lpush5,1000000,769353.88
1508,lrange5,1000000,1234745.62
1509,lpush5,1000000,783736.69
1509,lrange5,1000000,1207942.00
1510,lpush5,1000000,803858.56
1510,lrange5,1000000,1225490.25
1511,lpush5,1000000,769884.50
1511,lrange5,1000000,1177875.12
1512,lpush5,1000000,790551.81
1512,lrange5,1000000,1176602.38
1513,lpush5,1000000,717898.06
1513,lrange5,1000000,1118568.25
1514,lpush5,1000000,781860.81
1514,lrange5,1000000,1131330.25
1515,lpush5,1000000,770440.69
1515,lrange5,1000000,1206446.38
1516,lpush5,1000000,794281.19
1516,lrange5,1000000,1173821.62
1517,lpush5,1000000,753036.19
1517,lrange5,1000000,1069535.88
1518,lpush5,1000000,789927.31
1518,lrange5,1000000,1167029.12
1519,lpush5,1000000,758198.62
1519,lrange5,1000000,1186505.38
1520,lpush5,1000000,752493.62
1520,lrange5,1000000,1193393.75
1521,lpush5,1000000,781375.00
1521,lrange5,1000000,1200499.38
1522,lpush5,1000000,757636.31
1522,lrange5,1000000,1199117.50
1523,lpush5,1000000,784967.00
1523,lrange5,1000000,1203408.00
1524,lpush5,1000000,783736.69
1524,lrange5,1000000,1141552.50
1525,lpush5,1000000,731087.69
1525,lrange5,1000000,1180675.38
1526,lpush5,1000000,771629.62
1526,lrange5,1000000,1050605.00
1527,lpush5,1000000,745795.69
1527,lrange5,1000000,1131312.25
1528,lpush5,1000000,762304.88
1528,lrange5,1000000,1127558.00
1529,lpush5,1000000,796280.25
1529,lrange5,1000000,1240734.50
1530,lpush5,1000000,784338.81
1530,lrange5,1000000,1210731.25
1531,lpush5,1000000,793021.38
1531,lrange5,1000000,1077758.62
1532,lpush5,1000000,721569.94
1532,lrange5,1000000,1047321.50
1533,lpush5,1000000,781250.00
1533,lrange5,1000000,1198122.12
1534,lpush5,1000000,793650.81
1534,lrange5,1000000,1169665.50
1535,lpush5,1000000,799424.44
1535,lrange5,1000000,1197662.25
1536,lpush5,1000000,793727.00
1536,lrange5,1000000,1180656.38
1537,lpush5,1000000,782572.75
1537,lrange5,1000000,1182184.38
1538,lpush5,1000000,788694.00
1538,lrange5,1000000,1146825.75
1539,lpush5,1000000,778235.06
1539,lrange5,1000000,1164144.38
1540,lpush5,1000000,781973.38
1540,lrange5,1000000,1117550.88
1541,lpush5,1000000,712353.25
1541,lrange5,1000000,1096561.38
1542,lpush5,1000000,785583.69
1542,lrange5,1000000,1239236.75
1543,lpush5,1000000,786857.56
1543,lrange5,1000000,1164163.00
1544,lpush5,1000000,807780.25
1544,lrange5,1000000,1213592.25
1545,lpush5,1000000,791778.31
1545,lrange5,1000000,1213650.50
1546,lpush5,1000000,794357.44
1546,lrange5,1000000,1218065.75
1547,lpush5,1000000,801333.31
1547,lrange5,1000000,1173840.38
1548,lpush5,1000000,794421.00
1548,lrange5,1000000,1204954.25
1549,lpush5,1000000,807205.81
1549,lrange5,1000000,1213611.62
1550,lpush5,1000000,802696.62
1550,lrange5,1000000,1178101.38
1551,lpush5,1000000,777667.19
1551,lrange5,1000000,1165557.12
1552,lpush5,1000000,798722.06
1552,lrange5,1000000,1221020.75
1553,lpush5,1000000,794963.44
1553,lrange5,1000000,1180769.75
1554,lpush5,1000000,783749.19
1554,lrange5,1000000,1233223.25
1555,lpush5,1000000,811740.25
1555,lrange5,1000000,1202038.38
1556,lpush5,1000000,809061.50
1556,lrange5,1000000,1213592.25
1557,lpush5,1000000,810437.62
1557,lrange5,1000000,1227131.25
1558,lpush5,1000000,818343.69
1558,lrange5,1000000,1219531.75
1559,lpush5,1000000,773419.94
1559,lrange5,1000000,1203388.75
1560,lpush5,1000000,803212.88
1560,lrange5,1000000,1212198.75
1561,lpush5,1000000,805230.31
1561,lrange5,1000000,1207845.38
1562,lpush5,1000000,797575.81
1562,lrange5,1000000,1152129.12
1563,lpush5,1000000,807205.81
1563,lrange5,1000000,1234666.62
1564,lpush5,1000000,813747.75
1564,lrange5,1000000,1245409.75
1565,lpush5,1000000,812425.69
1565,lrange5,1000000,1225627.50
1566,lpush5,1000000,810502.44
1566,lrange5,1000000,1207729.50
1567,lpush5,1000000,817753.06
1567,lrange5,1000000,1230248.38
1568,lpush5,1000000,817805.38
1568,lrange5,1000000,1187876.50
1569,lpush5,1000000,795077.88
1569,lrange5,1000000,1212140.62
1570,lpush5,1000000,801988.81
1570,lrange5,1000000,1221001.25
1571,lpush5,1000000,808472.12
1571,lrange5,1000000,1245330.00
1572,lpush5,1000000,803289.94
1572,lrange5,1000000,1201961.50
1573,lpush5,1000000,794306.62
1573,lrange5,1000000,1234567.88
1574,lpush5,1000000,811055.94
1574,lrange5,1000000,1213631.12
1575,lpush5,1000000,807205.81
1575,lrange5,1000000,1231704.50
1576,lpush5,1000000,816993.50
1576,lrange5,1000000,1239256.50
1577,lpush5,1000000,801950.31
1577,lrange5,1000000,1240714.62
1578,lpush5,1000000,818435.38
1578,lrange5,1000000,1242315.50
1579,lpush5,1000000,809742.50
1579,lrange5,1000000,1236133.50
1580,lpush5,1000000,811779.25
1580,lrange5,1000000,1236153.25
1581,lpush5,1000000,794925.25
1581,lrange5,1000000,1242375.12
1582,lpush5,1000000,810424.69
1582,lrange5,1000000,1225509.88
1583,lpush5,1000000,809061.50
1583,lrange5,1000000,1222552.50
1584,lpush5,1000000,810437.62
1584,lrange5,1000000,1199117.50
1585,lpush5,1000000,800076.81
1585,lrange5,1000000,1212140.62
1586,lpush5,1000000,809742.50
1586,lrange5,1000000,1230209.12
1587,lpush5,1000000,807780.25
1587,lrange5,1000000,1175163.38
1588,lpush5,1000000,797448.19
1588,lrange5,1000000,1230248.38
1589,lpush5,1000000,780093.62
1589,lrange5,1000000,1236093.88
1590,lpush5,1000000,802593.88
1590,lrange5,1000000,1204857.88
1591,lpush5,1000000,817726.88
1591,lrange5,1000000,1233203.50
1592,lpush5,1000000,815673.75
1592,lrange5,1000000,1219707.38
1593,lpush5,1000000,805801.75
1593,lrange5,1000000,1224049.00
1594,lpush5,1000000,807154.19
1594,lrange5,1000000,1207729.50
1595,lpush5,1000000,817058.81
1595,lrange5,1000000,1242275.75
1596,lpush5,1000000,823723.25
1596,lrange5,1000000,1203369.50
1597,lpush5,1000000,786782.06
1597,lrange5,1000000,1236153.25
1598,lpush5,1000000,809100.38
1598,lrange5,1000000,1237821.75
1599,lpush5,1000000,800076.81
1599,lrange5,1000000,1216583.88
1600,lpush5,1000000,797473.69
1600,lrange5,1000000,1207922.75
1601,lpush5,1000000,803289.94
1601,lrange5,1000000,1206465.62
1602,lpush5,1000000,814371.31
1602,lrange5,1000000,1227072.38
1603,lpush5,1000000,783736.69
1603,lrange5,1000000,1200653.00
1604,lpush5,1000000,781287.50
1604,lrange5,1000000,1240952.88
1605,lpush5,1000000,797473.69
1605,lrange5,1000000,1233045.62
1606,lpush5,1000000,817058.81
1606,lrange5,1000000,1197758.12
1607,lpush5,1000000,801384.62
1607,lrange5,1000000,1197604.88
1608,lpush5,1000000,771108.69
1608,lrange5,1000000,1183431.88
1609,lpush5,1000000,809087.44
1609,lrange5,1000000,1236093.88
1610,lpush5,1000000,822407.94
1610,lrange5,1000000,1221255.12
1611,lpush5,1000000,809113.31
1611,lrange5,1000000,1230150.00
1612,lpush5,1000000,789927.31
1612,lrange5,1000000,1222709.00
1613,lpush5,1000000,803897.12
1613,lrange5,1000000,1225745.12
1614,lpush5,1000000,811727.25
1614,lrange5,1000000,1210692.50
1615,lpush5,1000000,815113.31
1615,lrange5,1000000,1250000.00
1616,lpush5,1000000,803225.69
1616,lrange5,1000000,1228520.88
1617,lpush5,1000000,800704.56
1617,lrange5,1000000,1197643.12
1618,lpush5,1000000,797473.69
1618,lrange5,1000000,1196191.38
1619,lpush5,1000000,815712.94
1619,lrange5,1000000,1245369.88
1620,lpush5,1000000,800051.19
1620,lrange5,1000000,1239177.25
1621,lpush5,1000000,805853.31
1621,lrange5,1000000,1228501.25
1622,lpush5,1000000,800832.69
1622,lrange5,1000000,1192257.50
1623,lpush5,1000000,780740.06
1623,lrange5,1000000,1213631.12
1624,lpush5,1000000,791981.00
1624,lrange5,1000000,1254725.25
1625,lpush5,1000000,805840.44
1625,lrange5,1000000,1200499.38
1626,lpush5,1000000,809729.56
1626,lrange5,1000000,1226993.88
1627,lpush5,1000000,802568.19
1627,lrange5,1000000,1228501.25
1628,lpush5,1000000,803341.38
1628,lrange5,1000000,1225509.88
1629,lpush5,1000000,813099.19
1629,lrange5,1000000,1233183.75
1630,lpush5,1000000,809216.88
1630,lrange5,1000000,1221079.38
1631,lpush5,1000000,812360.69
1631,lrange5,1000000,1219512.25
1632,lpush5,1000000,794382.88
1632,lrange5,1000000,1183583.38
1633,lpush5,1000000,803302.81
1633,lrange5,1000000,1222493.88
1634,lpush5,1000000,813099.19
1634,lrange5,1000000,1227052.75
1635,lpush5,1000000,810385.75
1635,lrange5,1000000,1239236.75
1636,lpush5,1000000,810437.62
1636,lrange5,1000000,1225490.25
1637,lpush5,1000000,809061.50
1637,lrange5,1000000,1248639.25
1638,lpush5,1000000,798199.50
1638,lrange5,1000000,1197662.25
1639,lpush5,1000000,813734.75
1639,lrange5,1000000,1231704.50
1640,lpush5,1000000,798722.06
1640,lrange5,1000000,1254725.25
1641,lpush5,1000000,816993.50
1641,lrange5,1000000,1242255.88
1642,lpush5,1000000,811030.00
1642,lrange5,1000000,1231625.62
1643,lpush5,1000000,805204.50
1643,lrange5,1000000,1242236.00
1644,lpush5,1000000,823058.44
1644,lrange5,1000000,1240893.25
1645,lpush5,1000000,803922.88
1645,lrange5,1000000,1218104.75
1646,lpush5,1000000,821018.00
1646,lrange5,1000000,1227033.12
1647,lpush5,1000000,816483.25
1647,lrange5,1000000,1245549.25
1648,lpush5,1000000,816993.50
1648,lrange5,1000000,1251644.50
1649,lpush5,1000000,811055.94
1649,lrange5,1000000,1246922.75
1650,lpush5,1000000,811766.25
1650,lrange5,1000000,1250120.00
1651,lpush5,1000000,814384.31
1651,lrange5,1000000,1230110.62
1652,lpush5,1000000,770514.62
1652,lrange5,1000000,1242236.00
1653,lpush5,1000000,799360.50
1653,lrange5,1000000,1216661.75
1654,lpush5,1000000,807831.94
1654,lrange5,1000000,1219551.25
1655,lpush5,1000000,808433.31
1655,lrange5,1000000,1237663.38
1656,lpush5,1000000,817006.56
1656,lrange5,1000000,1213592.25
1657,lpush5,1000000,807754.44
1657,lrange5,1000000,1215202.88
1658,lpush5,1000000,809178.06
1658,lrange5,1000000,1180826.50
1659,lpush5,1000000,801500.00
1659,lrange5,1000000,1219804.88
1660,lpush5,1000000,793059.44
1660,lrange5,1000000,1213786.38
1661,lpush5,1000000,807754.44
1661,lrange5,1000000,1225529.38
1662,lpush5,1000000,800704.56
1662,lrange5,1000000,1230051.62
1663,lpush5,1000000,806451.62
1663,lrange5,1000000,1240972.75
1664,lpush5,1000000,799437.25
1664,lrange5,1000000,1219531.75
1665,lpush5,1000000,816404.88
1665,lrange5,1000000,1250320.00
1666,lpush5,1000000,818396.06
1666,lrange5,1000000,1243781.12
1667,lpush5,1000000,817098.06
1667,lrange5,1000000,1248599.25
1668,lpush5,1000000,824415.44
1668,lrange5,1000000,1233124.50
1669,lpush5,1000000,819763.94
1669,lrange5,1000000,1203542.75
1670,lpush5,1000000,817202.62
1670,lrange5,1000000,1253313.38
1671,lpush5,1000000,818356.81
1671,lrange5,1000000,1237762.38
1672,lpush5,1000000,808562.69
1672,lrange5,1000000,1237623.75
1673,lpush5,1000000,811740.25
1673,lrange5,1000000,1251704.62
1674,lpush5,1000000,814371.31
1674,lrange5,1000000,1225764.75
1675,lpush5,1000000,807767.31
1675,lrange5,1000000,1246882.88
1676,lpush5,1000000,820344.56
1676,lrange5,1000000,1239177.25
1677,lpush5,1000000,796863.75
1677,lrange5,1000000,1256321.62
1678,lpush5,1000000,813125.19
1678,lrange5,1000000,1250240.00
1679,lpush5,1000000,799565.12
1679,lrange5,1000000,1233065.38
1680,lpush5,1000000,817713.81
1680,lrange5,1000000,1225686.25
1681,lpush5,1000000,813682.69
1681,lrange5,1000000,1258022.62
1682,lpush5,1000000,816404.88
1682,lrange5,1000000,1237683.12
1683,lpush5,1000000,800640.56
1683,lrange5,1000000,1227033.12
1684,lpush5,1000000,785659.06
1684,lrange5,1000000,1228658.50
1685,lpush5,1000000,807115.44
1685,lrange5,1000000,1222493.88
1686,lpush5,1000000,805801.75
1686,lrange5,1000000,1210770.00
1687,lpush5,1000000,800755.81
1687,lrange5,1000000,1228737.12
1688,lpush5,1000000,823045.25
1688,lrange5,1000000,1224186.12
1689,lpush5,1000000,805892.00
1689,lrange5,1000000,1225549.00
1690,lpush5,1000000,796812.75
1690,lrange5,1000000,1242534.12
1691,lpush5,1000000,812451.69
1691,lrange5,1000000,1194800.50
1692,lpush5,1000000,800076.81
1692,lrange5,1000000,1216700.75
1693,lpush5,1000000,809755.44
1693,lrange5,1000000,1236093.88
1694,lpush5,1000000,808433.31
1694,lrange5,1000000,1234725.88
1695,lpush5,1000000,808420.38
1695,lrange5,1000000,1239236.75
1696,lpush5,1000000,825816.69
1696,lrange5,1000000,1233282.38
1697,lpush5,1000000,800640.56
1697,lrange5,1000000,1215086.25
1698,lpush5,1000000,805840.44
1698,lrange5,1000000,1228658.50
1699,lpush5,1000000,803212.88
1699,lrange5,1000000,1136363.62
1700,lpush5,1000000,805814.62
1700,lrange5,1000000,1197662.25
1701,lpush5,1000000,801294.88
1701,lrange5,1000000,1210750.62
1702,lpush5,1000000,805191.62
1702,lrange5,1000000,1240853.62
1703,lpush5,1000000,809152.12
1703,lrange5,1000000,1216681.25
1704,lpush5,1000000,772822.25
1704,lrange5,1000000,1199251.75
1705,lpush5,1000000,804530.94
1705,lrange5,1000000,1253333.38
1706,lpush5,1000000,813695.69
1706,lrange5,1000000,1243960.12
1707,lpush5,1000000,813747.75
1707,lrange5,1000000,1203408.00
1708,lpush5,1000000,803212.88
1708,lrange5,1000000,1207864.75
1709,lpush5,1000000,806529.00
1709,lrange5,1000000,1186239.62
1710,lpush5,1000000,809768.44
1710,lrange5,1000000,1245330.00
1711,lpush5,1000000,809807.25
1711,lrange5,1000000,1234627.12
1712,lpush5,1000000,811727.25
1712,lrange5,1000000,1221040.25
1713,lpush5,1000000,809087.44
1713,lrange5,1000000,1230287.75
1714,lpush5,1000000,814332.19
1714,lrange5,1000000,1243900.50
1715,lpush5,1000000,816339.56
1715,lrange5,1000000,1209402.62
1716,lpush5,1000000,799386.06
1716,lrange5,1000000,1239355.62
1717,lpush5,1000000,814358.25
1717,lrange5,1000000,1234666.62
1718,lpush5,1000000,807115.44
1718,lrange5,1000000,1216545.00
1719,lpush5,1000000,809897.94
1719,lrange5,1000000,1204857.88
1720,lpush5,1000000,813099.19
1720,lrange5,1000000,1233045.62
1721,lpush5,1000000,798901.00
1721,lrange5,1000000,1240774.25
1722,lpush5,1000000,822421.06
1722,lrange5,1000000,1242395.00
1723,lpush5,1000000,813060.12
1723,lrange5,1000000,1213611.62
1724,lpush5,1000000,809061.50
1724,lrange5,1000000,1218026.88
1725,lpush5,1000000,808472.12
1725,lrange5,1000000,1227150.88
1726,lpush5,1000000,798785.94
1726,lrange5,1000000,1258042.75
1727,lpush5,1000000,818396.06
1727,lrange5,1000000,1240913.12
1728,lpush5,1000000,807754.44
1728,lrange5,1000000,1243860.62
1729,lpush5,1000000,816993.50
1729,lrange5,1000000,1204857.88
1730,lpush5,1000000,807883.69
1730,lrange5,1000000,1187895.50
1731,lpush5,1000000,803922.88
1731,lrange5,1000000,1245509.38
1732,lpush5,1000000,811792.19
1732,lrange5,1000000,1223990.25
1733,lpush5,1000000,798110.12
1733,lrange5,1000000,1227170.50
1734,lpush5,1000000,804530.94
1734,lrange5,1000000,1234607.38
1735,lpush5,1000000,819763.94
1735,lrange5,1000000,1237683.12
1736,lpush5,1000000,801975.94
1736,lrange5,1000000,1234745.62
1737,lpush5,1000000,780690.06
1737,lrange5,1000000,1209228.50
1738,lpush5,1000000,792532.50
1738,lrange5,1000000,1230209.12
1739,lpush5,1000000,811107.81
1739,lrange5,1000000,1231645.38
1740,lpush5,1000000,802593.88
1740,lrange5,1000000,1189155.75
1741,lpush5,1000000,811107.81
1741,lrange5,1000000,1239157.38
1742,lpush5,1000000,805191.62
1742,lrange5,1000000,1231724.12
1743,lpush5,1000000,798084.56
1743,lrange5,1000000,1233045.62
1744,lpush5,1000000,812373.69
1744,lrange5,1000000,1242355.25
1745,lpush5,1000000,802735.12
1745,lrange5,1000000,1239474.62
1746,lpush5,1000000,807102.50
1746,lrange5,1000000,1221235.62
1747,lpush5,1000000,793122.88
1747,lrange5,1000000,1224029.38
1748,lpush5,1000000,813008.12
1748,lrange5,1000000,1230209.12
1749,lpush5,1000000,724684.06
1749,lrange5,1000000,1157666.62
1750,lpush5,1000000,799424.44
1750,lrange5,1000000,1210750.62
1751,lpush5,1000000,811055.94
1751,lrange5,1000000,1231645.38
1752,lpush5,1000000,806490.31
1752,lrange5,1000000,1222650.38
1753,lpush5,1000000,801358.94
1753,lrange5,1000000,1230169.75
1754,lpush5,1000000,798212.25
1754,lrange5,1000000,1230130.38
1755,lpush5,1000000,800102.38
1755,lrange5,1000000,1224068.62
1756,lpush5,1000000,815022.00
1756,lrange5,1000000,1225745.12
1757,lpush5,1000000,807767.31
1757,lrange5,1000000,1216545.00
1758,lpush5,1000000,805256.06
1758,lrange5,1000000,1251584.50
1759,lpush5,1000000,809781.38
1759,lrange5,1000000,1219707.38
1760,lpush5,1000000,800038.38
1760,lrange5,1000000,1228599.50
1761,lpush5,1000000,807844.88
1761,lrange5,1000000,1177988.25
1762,lpush5,1000000,792418.38
1762,lrange5,1000000,1168355.12
1763,lpush5,1000000,803212.88
1763,lrange5,1000000,1218221.75
1764,lpush5,1000000,803212.88
1764,lrange5,1000000,1179283.00
1765,lpush5,1000000,810411.69
1765,lrange5,1000000,1233242.88
1766,lpush5,1000000,812347.75
1766,lrange5,1000000,1231862.12
1767,lpush5,1000000,798122.88
1767,lrange5,1000000,1233124.50
1768,lpush5,1000000,799450.00
1768,lrange5,1000000,1221040.25
1769,lpush5,1000000,816417.94
1769,lrange5,1000000,1192124.00
1770,lpush5,1000000,811766.25
1770,lrange5,1000000,1230032.00
1771,lpush5,1000000,794950.69
1771,lrange5,1000000,1209267.25
1772,lpush5,1000000,802568.19
1772,lrange5,1000000,1204935.00
1773,lpush5,1000000,797537.50
1773,lrange5,1000000,1231546.88
1774,lpush5,1000000,797448.19
1774,lrange5,1000000,1207942.00
1775,lpush5,1000000,761132.44
1775,lrange5,1000000,1234587.62
1776,lpush5,1000000,798747.62
1776,lrange5,1000000,1180675.38
1777,lpush5,1000000,827169.56
1777,lrange5,1000000,1243781.12
1778,lpush5,1000000,814332.19
1778,lrange5,1000000,1193355.62
1779,lpush5,1000000,773506.56
1779,lrange5,1000000,1039584.19
1780,lpush5,1000000,754729.00
1780,lrange5,1000000,1070886.50
1781,lpush5,1000000,652347.06
1781,lrange5,1000000,744708.81
1782,lpush5,1000000,715888.38
1782,lrange5,1000000,1027782.12
1783,lpush5,1000000,708238.00
1783,lrange5,1000000,1162827.88
1784,lpush5,1000000,768836.25
1784,lrange5,1000000,1193355.62
1785,lpush5,1000000,804621.06
1785,lrange5,1000000,1149498.88
1786,lpush5,1000000,788059.88
1786,lrange5,1000000,1216545.00
1787,lpush5,1000000,794332.06
1787,lrange5,1000000,939087.25
1788,lpush5,1000000,796203.81
1788,lrange5,1000000,1068427.38
1789,lpush5,1000000,763966.38
1789,lrange5,1000000,1203523.50
1790,lpush5,1000000,804543.81
1790,lrange5,1000000,1186372.50
1791,lpush5,1000000,794281.19
1791,lrange5,1000000,1016390.19
1792,lpush5,1000000,640215.12
1792,lrange5,1000000,1187876.50
1793,lpush5,1000000,812347.75
1793,lrange5,1000000,1222748.12
1794,lpush5,1000000,800025.62
1794,lrange5,1000000,1199251.75
1795,lpush5,1000000,780640.12
1795,lrange5,1000000,1190628.62
1796,lpush5,1000000,782472.62
1796,lrange5,1000000,1164442.38
1797,lpush5,1000000,805879.06
1797,lrange5,1000000,1228560.12
1798,lpush5,1000000,819092.56
1798,lrange5,1000000,1209189.75
1799,lpush5,1000000,745736.06
1799,lrange5,1000000,1237801.88
1800,lpush5,1000000,813060.12
1800,lrange5,1000000,1206291.88
1801,lpush5,1000000,789990.50
1801,lrange5,1000000,1197815.62
1802,lpush5,1000000,803922.88
1802,lrange5,1000000,1215202.88
1803,lpush5,1000000,815739.00
1803,lrange5,1000000,1216720.12
1804,lpush5,1000000,802606.69
1804,lrange5,1000000,1246942.62
1805,lpush5,1000000,820436.44
1805,lrange5,1000000,1224009.88
1806,lpush5,1000000,758174.38
1806,lrange5,1000000,1221020.75
1807,lpush5,1000000,815126.31
1807,lrange5,1000000,1239415.12
1808,lpush5,1000000,815752.06
1808,lrange5,1000000,1216564.38
1809,lpush5,1000000,813721.75
1809,lrange5,1000000,1231527.12
1810,lpush5,1000000,808523.88
1810,lrange5,1000000,1221079.38
1811,lpush5,1000000,811727.25
1811,lrange5,1000000,1203485.00
1812,lpush5,1000000,786782.06
1812,lrange5,1000000,1207922.75
1813,lpush5,1000000,807896.56
1813,lrange5,1000000,1236410.38
1814,lpush5,1000000,805801.75
1814,lrange5,1000000,1247002.50
1815,lpush5,1000000,807154.19
1815,lrange5,1000000,1227131.25
1816,lpush5,1000000,758846.75
1816,lrange5,1000000,1233282.38
1817,lpush5,1000000,817713.81
1817,lrange5,1000000,1239276.38
1818,lpush5,1000000,818422.25
1818,lrange5,1000000,1225647.12
1819,lpush5,1000000,811727.25
1819,lrange5,1000000,1230110.62
1820,lpush5,1000000,812347.75
1820,lrange5,1000000,1234627.12
1821,lpush5,1000000,821692.69
1821,lrange5,1000000,1212218.25
1822,lpush5,1000000,806503.25
1822,lrange5,1000000,1219629.25
1823,lpush5,1000000,813786.81
1823,lrange5,1000000,1240714.62
1824,lpush5,1000000,817700.69
1824,lrange5,1000000,1236271.88
1825,lpush5,1000000,813799.88
1825,lrange5,1000000,1231724.12
1826,lpush5,1000000,736931.50
1826,lrange5,1000000,1216700.75
1827,lpush5,1000000,756478.06
1827,lrange5,1000000,1245429.62
1828,lpush5,1000000,816339.56
1828,lrange5,1000000,1243820.88
1829,lpush5,1000000,818435.38
1829,lrange5,1000000,1236093.88
1830,lpush5,1000000,814410.38
1830,lrange5,1000000,1246962.62
1831,lpush5,1000000,801963.12
1831,lrange5,1000000,1233144.25
1832,lpush5,1000000,813747.75
1832,lrange5,1000000,1254966.12
1833,lpush5,1000000,817753.06
1833,lrange5,1000000,1227092.00
1834,lpush5,1000000,810437.62
1834,lrange5,1000000,1231566.50
1835,lpush5,1000000,816404.88
1835,lrange5,1000000,1234666.62
1836,lpush5,1000000,806451.62
1836,lrange5,1000000,1242295.62
1837,lpush5,1000000,814332.19
1837,lrange5,1000000,1199079.12
1838,lpush5,1000000,794925.25
1838,lrange5,1000000,1245609.00
1839,lpush5,1000000,813008.12
1839,lrange5,1000000,1219629.25
1840,lpush5,1000000,815100.25
1840,lrange5,1000000,1105149.25
1841,lpush5,1000000,807857.81
1841,lrange5,1000000,1247082.38
1842,lpush5,1000000,815035.06
1842,lrange5,1000000,1242236.00
1843,lpush5,1000000,795621.31
1843,lrange5,1000000,1239375.50
1844,lpush5,1000000,804569.56
1844,lrange5,1000000,1210750.62
1845,lpush5,1000000,811740.25
1845,lrange5,1000000,1196191.38
1846,lpush5,1000000,813786.81
1846,lrange5,1000000,1234607.38
1847,lpush5,1000000,813747.75
1847,lrange5,1000000,1236331.25
1848,lpush5,1000000,820344.56
1848,lrange5,1000000,1234706.12
1849,lpush5,1000000,790577.06
1849,lrange5,1000000,1203388.75
1850,lpush5,1000000,816352.62
1850,lrange5,1000000,1222572.12
1851,lpush5,1000000,809152.12
1851,lrange5,1000000,1223990.25
1852,lpush5,1000000,813034.12
1852,lrange5,1000000,1248479.38
1853,lpush5,1000000,819066.38
1853,lrange5,1000000,1223990.25
1854,lpush5,1000000,799386.06
1854,lrange5,1000000,1240833.75
1855,lpush5,1000000,805217.38
1855,lrange5,1000000,1230012.25
1856,lpush5,1000000,815660.69
1856,lrange5,1000000,1234567.88
1857,lpush5,1000000,816483.25
1857,lrange5,1000000,1223990.25
1858,lpush5,1000000,815673.75
1858,lrange5,1000000,1261114.75
1859,lpush5,1000000,811688.31
1859,lrange5,1000000,1245429.62
1860,lpush5,1000000,730506.94
1860,lrange5,1000000,1221177.00
1861,lpush5,1000000,810463.56
1861,lrange5,1000000,1233045.62
1862,lpush5,1000000,820370.81
1862,lrange5,1000000,1258123.25
1863,lpush5,1000000,813073.19
1863,lrange5,1000000,1230110.62
1864,lpush5,1000000,764526.00
1864,lrange5,1000000,1242375.12
1865,lpush5,1000000,794395.56
1865,lrange5,1000000,1234627.12
1866,lpush5,1000000,813047.12
1866,lrange5,1000000,1262626.25
1867,lpush5,1000000,814995.94
1867,lrange5,1000000,1243840.75
1868,lpush5,1000000,787603.19
1868,lrange5,1000000,1225490.25
1869,lpush5,1000000,815686.81
1869,lrange5,1000000,1250040.00
1870,lpush5,1000000,804530.94
1870,lrange5,1000000,1225627.50
1871,lpush5,1000000,807767.31
1871,lrange5,1000000,1231566.50
1872,lpush5,1000000,808510.94
1872,lrange5,1000000,1194781.38
1873,lpush5,1000000,811185.69
1873,lrange5,1000000,1231704.50
1874,lpush5,1000000,815699.88
1874,lrange5,1000000,1227190.25
1875,lpush5,1000000,792418.38
1875,lrange5,1000000,1218046.38
1876,lpush5,1000000,807819.06
1876,lrange5,1000000,1242255.88
1877,lpush5,1000000,819131.88
1877,lrange5,1000000,1212257.00
1878,lpush5,1000000,808446.25
1878,lrange5,1000000,1240992.62
1879,lpush5,1000000,807780.25
1879,lrange5,1000000,1221235.62
1880,lpush5,1000000,792456.44
1880,lrange5,1000000,1236093.88
1881,lpush5,1000000,812360.69
1881,lrange5,1000000,1234627.12
1882,lpush5,1000000,806503.25
1882,lrange5,1000000,1251604.50
1883,lpush5,1000000,817726.88
1883,lrange5,1000000,1237841.50
1884,lpush5,1000000,817792.25
1884,lrange5,1000000,1218143.75
1885,lpush5,1000000,821096.81
1885,lrange5,1000000,1261235.88
1886,lpush5,1000000,821018.00
1886,lrange5,1000000,1257881.75
1887,lpush5,1000000,818396.06
1887,lrange5,1000000,1253273.25
1888,lpush5,1000000,816339.56
1888,lrange5,1000000,1253353.38
1889,lpush5,1000000,811068.94
1889,lrange5,1000000,1221177.00
1890,lpush5,1000000,823058.44
1890,lrange5,1000000,1236212.62
1891,lpush5,1000000,817661.44
1891,lrange5,1000000,1250000.00
1892,lpush5,1000000,793084.81
1892,lrange5,1000000,1219512.25
1893,lpush5,1000000,813086.19
1893,lrange5,1000000,1243801.00
1894,lpush5,1000000,809074.50
1894,lrange5,1000000,1204838.62
1895,lpush5,1000000,807115.44
1895,lrange5,1000000,1216622.88
1896,lpush5,1000000,821018.00
1896,lrange5,1000000,1247022.50
1897,lpush5,1000000,811688.31
1897,lrange5,1000000,1234706.12
1898,lpush5,1000000,809061.50
1898,lrange5,1000000,1231546.88
1899,lpush5,1000000,813008.12
1899,lrange5,1000000,1200653.00
1900,lpush5,1000000,814345.25
1900,lrange5,1000000,1090530.00
1901,lpush5,1000000,814371.31
1901,lrange5,1000000,1225568.62
1902,lpush5,1000000,805956.44
1902,lrange5,1000000,1239236.75
1903,lpush5,1000000,795583.12
1903,lrange5,1000000,1160222.75
1904,lpush5,1000000,793714.31
1904,lrange5,1000000,1119928.38
1905,lpush5,1000000,798824.31
1905,lrange5,1000000,1200480.12
1906,lpush5,1000000,810372.81
1906,lrange5,1000000,1215105.75
1907,lpush5,1000000,801358.94
1907,lrange5,1000000,1127594.12
1908,lpush5,1000000,763395.44
1908,lrange5,1000000,1149517.25
1909,lpush5,1000000,780702.56
1909,lrange5,1000000,1206330.50
1910,lpush5,1000000,797473.69
1910,lrange5,1000000,1230268.12
1911,lpush5,1000000,799462.81
1911,lrange5,1000000,1216759.12
1912,lpush5,1000000,796318.44
1912,lrange5,1000000,1227033.12
1913,lpush5,1000000,778866.00
1913,lrange5,1000000,1164367.88
1914,lpush5,1000000,797448.19
1914,lrange5,1000000,1173802.88
1915,lpush5,1000000,789266.00
1915,lrange5,1000000,1201923.00
1916,lpush5,1000000,796863.75
1916,lrange5,1000000,1215202.88
1917,lpush5,1000000,812360.69
1917,lrange5,1000000,1225705.88
1918,lpush5,1000000,813760.81
1918,lrange5,1000000,1225705.88
1919,lpush5,1000000,818383.00
1919,lrange5,1000000,1259445.75
1920,lpush5,1000000,782510.19
1920,lrange5,1000000,1222552.50
1921,lpush5,1000000,771010.00
1921,lrange5,1000000,1191990.50
1922,lpush5,1000000,800640.56
1922,lrange5,1000000,1168486.00
1923,lpush5,1000000,781262.50
1923,lrange5,1000000,1212198.75
1924,lpush5,1000000,766883.44
1924,lrange5,1000000,1233164.00
1925,lpush5,1000000,766883.44
1925,lrange5,1000000,1203504.25
1926,lpush5,1000000,795608.62
1926,lrange5,1000000,1225490.25
1927,lpush5,1000000,783699.06
1927,lrange5,1000000,1224205.62
1928,lpush5,1000000,787515.00
1928,lrange5,1000000,1233203.50
1929,lpush5,1000000,804012.88
1929,lrange5,1000000,1236093.88
1930,lpush5,1000000,781262.50
1930,lrange5,1000000,1204896.38
1931,lpush5,1000000,794976.12
1931,lrange5,1000000,1204992.75
1932,lpush5,1000000,794950.69
1932,lrange5,1000000,1221196.62
1933,lpush5,1000000,809165.06
1933,lrange5,1000000,1251684.62
1934,lpush5,1000000,811701.31
1934,lrange5,1000000,1236232.38
1935,lpush5,1000000,807128.38
1935,lrange5,1000000,1245330.00
1936,lpush5,1000000,799462.81
1936,lrange5,1000000,1171203.75
1937,lpush5,1000000,792494.50
1937,lrange5,1000000,1209247.88
1938,lpush5,1000000,791253.12
1938,lrange5,1000000,1210711.88
1939,lpush5,1000000,786857.56
1939,lrange5,1000000,1194762.25
1940,lpush5,1000000,794912.56
1940,lrange5,1000000,1246922.75
1941,lpush5,1000000,769822.94
1941,lrange5,1000000,1224127.38
1942,lpush5,1000000,809716.56
1942,lrange5,1000000,1230032.00
1943,lpush5,1000000,814397.38
1943,lrange5,1000000,1201961.50
1944,lpush5,1000000,798722.06
1944,lrange5,1000000,1200499.38
1945,lpush5,1000000,809074.50
1945,lrange5,1000000,1245609.00
1946,lpush5,1000000,818383.00
1946,lrange5,1000000,1254725.25
1947,lpush5,1000000,809126.25
1947,lrange5,1000000,1219707.38
1948,lpush5,1000000,809781.38
1948,lrange5,1000000,1251644.50
1949,lpush5,1000000,817700.69
1949,lrange5,1000000,1242255.88
1950,lpush5,1000000,805204.50
1950,lrange5,1000000,1240714.62
1951,lpush5,1000000,817674.56
1951,lrange5,1000000,1218026.88
1952,lpush5,1000000,825135.31
1952,lrange5,1000000,1242335.38
1953,lpush5,1000000,819672.12
1953,lrange5,1000000,1228619.12
1954,lpush5,1000000,817058.81
1954,lrange5,1000000,1245369.88
1955,lpush5,1000000,817058.81
1955,lrange5,1000000,1250140.00
1956,lpush5,1000000,807806.12
1956,lrange5,1000000,1245409.75
1957,lpush5,1000000,795595.88
1957,lrange5,1000000,1227170.50
1958,lpush5,1000000,811068.94
1958,lrange5,1000000,1230091.00
1959,lpush5,1000000,810463.56
1959,lrange5,1000000,1242236.00
1960,lpush5,1000000,808523.88
1960,lrange5,1000000,1239296.12
1961,lpush5,1000000,814995.94
1961,lrange5,1000000,1230169.75
1962,lpush5,1000000,796902.00
1962,lrange5,1000000,1234646.88
1963,lpush5,1000000,815673.75
1963,lrange5,1000000,1251704.62
1964,lpush5,1000000,819040.19
1964,lrange5,1000000,1225745.12
1965,lpush5,1000000,803328.50
1965,lrange5,1000000,1233104.88
1966,lpush5,1000000,815008.94
1966,lrange5,1000000,1215105.75
1967,lpush5,1000000,803871.44
1967,lrange5,1000000,1239355.62
1968,lpush5,1000000,807831.94
1968,lrange5,1000000,1182203.25
1969,lpush5,1000000,821083.69
1969,lrange5,1000000,1196612.38
1970,lpush5,1000000,809794.31
1970,lrange5,1000000,1189136.75
1971,lpush5,1000000,804582.44
1971,lrange5,1000000,1204819.25
1972,lpush5,1000000,804505.19
1972,lrange5,1000000,1223990.25
1973,lpush5,1000000,812412.69
1973,lrange5,1000000,1231645.38
1974,lpush5,1000000,806451.62
1974,lrange5,1000000,1225529.38
1975,lpush5,1000000,811701.31
1975,lrange5,1000000,1166898.50
1976,lpush5,1000000,801924.62
1976,lrange5,1000000,1204915.62
1977,lpush5,1000000,799373.25
1977,lrange5,1000000,1231527.12
1978,lpush5,1000000,813695.69
1978,lrange5,1000000,1233242.88
1979,lpush5,1000000,815726.00
1979,lrange5,1000000,1233183.75
1980,lpush5,1000000,809126.25
1980,lrange5,1000000,1237663.38
1981,lpush5,1000000,811081.88
1981,lrange5,1000000,1240694.75
1982,lpush5,1000000,808446.25
1982,lrange5,1000000,1234627.12
1983,lpush5,1000000,812373.69
1983,lrange5,1000000,1243920.38
1984,lpush5,1000000,802568.19
1984,lrange5,1000000,1224225.25
1985,lpush5,1000000,769378.50
1985,lrange5,1000000,1218046.38
1986,lpush5,1000000,807218.75
1986,lrange5,1000000,1209209.12
1987,lpush5,1000000,821797.88
1987,lrange5,1000000,1250120.00
1988,lpush5,1000000,813047.12
1988,lrange5,1000000,1244000.00
1989,lpush5,1000000,811055.94
1989,lrange5,1000000,1242375.12
1990,lpush5,1000000,811042.94
1990,lrange5,1000000,1226993.88
1991,lpush5,1000000,811688.31
1991,lrange5,1000000,1221177.00
1992,lpush5,1000000,815778.19
1992,lrange5,1000000,1239276.38
1993,lpush5,1000000,803935.69
1993,lrange5,1000000,1248619.25
1994,lpush5,1000000,812438.69
1994,lrange5,1000000,1225627.50
1995,lpush5,1000000,803922.88
1995,lrange5,1000000,1184891.00
1996,lpush5,1000000,802645.25
1996,lrange5,1000000,1215241.75
1997,lpush5,1000000,807754.44
1997,lrange5,1000000,1118568.25
1998,lpush5,1000000,805814.62
1998,lrange5,1000000,1149443.62
1999,lpush5,1000000,778903.38
1999,lrange5,1000000,1172464.25
2000,lpush5,1000000,802658.06
2000,lrange5,1000000,1172370.50
