trial,operation,requests,rps
1,lpush5,1000000,827854.31
1,lrange5,1000000,1194915.12
2,lpush5,1000000,833439.94
2,lrange5,1000000,1290405.25
3,lpush5,1000000,828013.31
3,lrange5,1000000,1295357.50
4,lpush5,1000000,829293.56
4,lrange5,1000000,1302187.50
5,lpush5,1000000,837614.75
5,lrange5,1000000,1262747.50
6,lpush5,1000000,829399.69
6,lrange5,1000000,791303.75
7,lpush5,1000000,790551.81
7,lrange5,1000000,1189269.88
8,lpush5,1000000,834898.19
8,lrange5,1000000,1199079.12
9,lpush5,1000000,839020.12
9,lrange5,1000000,1175370.12
10,lpush5,1000000,841042.88
10,lrange5,1000000,1196306.12
11,lpush5,1000000,835488.69
11,lrange5,1000000,1186695.12
12,lpush5,1000000,834911.56
12,lrange5,1000000,1199232.62
13,lpush5,1000000,833453.31
13,lrange5,1000000,1178101.38
14,lpush5,1000000,829187.44
14,lrange5,1000000,1282051.38
15,lpush5,1000000,836967.31
15,lrange5,1000000,1290363.88
16,lpush5,1000000,835435.25
16,lrange5,1000000,1298826.00
17,lpush5,1000000,836240.81
17,lrange5,1000000,1248579.25
18,lpush5,1000000,838953.00
18,lrange5,1000000,1300619.00
19,lpush5,1000000,828646.19
19,lrange5,1000000,1199328.50
20,lpush5,1000000,827960.31
20,lrange5,1000000,1300410.88
21,lpush5,1000000,834135.12
21,lrange5,1000000,1213631.12
22,lpush5,1000000,835635.75
22,lrange5,1000000,1303822.62
23,lpush5,1000000,834108.44
23,lrange5,1000000,1298742.88
24,lpush5,1000000,835448.62
24,lrange5,1000000,1261195.50
25,lpush5,1000000,833413.31
25,lrange5,1000000,1298722.12
26,lpush5,1000000,841858.62
26,lrange5,1000000,1183772.75
27,lpush5,1000000,838343.69
27,lrange5,1000000,1196363.62
28,lpush5,1000000,835502.06
28,lrange5,1000000,1176884.62
29,lpush5,1000000,837534.31
29,lrange5,1000000,1242236.00
30,lpush5,1000000,830777.44
30,lrange5,1000000,1185213.25
31,lpush5,1000000,838926.12
31,lrange5,1000000,1247122.25
32,lpush5,1000000,832000.00
32,lrange5,1000000,1295399.00
33,lpush5,1000000,839127.50
33,lrange5,1000000,1218085.25
34,lpush5,1000000,838424.19
34,lrange5,1000000,1285367.62
35,lpush5,1000000,845322.06
35,lrange5,1000000,1287042.50
36,lpush5,1000000,826525.62
36,lrange5,1000000,1292031.00
37,lpush5,1000000,830578.06
37,lrange5,1000000,1180694.25
38,lpush5,1000000,841150.56
38,lrange5,1000000,1190666.75
39,lpush5,1000000,846023.69
39,lrange5,1000000,1261397.25
40,lpush5,1000000,836940.56
40,lrange5,1000000,1277261.88
41,lpush5,1000000,840564.69
41,lrange5,1000000,1277180.12
42,lpush5,1000000,832079.88
42,lrange5,1000000,1185251.25
43,lpush5,1000000,838383.94
43,lrange5,1000000,1207748.75
44,lpush5,1000000,831401.50
44,lrange5,1000000,1180656.38
45,lpush5,1000000,832093.19
45,lrange5,1000000,1285593.88
46,lpush5,1000000,830617.94
46,lrange5,1000000,1231546.88
47,lpush5,1000000,835462.00
47,lrange5,1000000,1290467.12
48,lpush5,1000000,827814.62
48,lrange5,1000000,1227308.00
49,lpush5,1000000,827182.81
49,lrange5,1000000,1297099.88
50,lpush5,1000000,834108.44
50,lrange5,1000000,1293681.75
51,lpush5,1000000,842459.94
51,lrange5,1000000,1196421.00
52,lpush5,1000000,843895.38
52,lrange5,1000000,1196440.12
53,lpush5,1000000,834858.12
53,lrange5,1000000,1237722.75
54,lpush5,1000000,832639.50
54,lrange5,1000000,848298.56
55,lpush5,1000000,646108.56
55,lrange5,1000000,1270648.00
56,lpush5,1000000,841177.44
56,lrange5,1000000,1298722.12
57,lpush5,1000000,827129.88
57,lrange5,1000000,1267569.12
58,lpush5,1000000,834095.06
58,lrange5,1000000,1280450.62
59,lpush5,1000000,833426.62
59,lrange5,1000000,1302104.12
60,lpush5,1000000,842513.88
60,lrange5,1000000,887368.25
61,lpush5,1000000,516586.78
61,lrange5,1000000,827907.31
62,lpush5,1000000,516061.94
62,lrange5,1000000,1248439.50
63,lpush5,1000000,832666.12
63,lrange5,1000000,1295502.62
64,lpush5,1000000,837520.94
64,lrange5,1000000,1201961.50
65,lpush5,1000000,828500.38
65,lrange5,1000000,1203465.75
66,lpush5,1000000,844810.81
66,lrange5,1000000,1302083.38
67,lpush5,1000000,827222.50
67,lrange5,1000000,1297058.38
68,lpush5,1000000,835488.69
68,lrange5,1000000,1189174.75
69,lpush5,1000000,846226.69
69,lrange5,1000000,1280471.12
70,lpush5,1000000,828579.94
70,lrange5,1000000,1298784.50
71,lpush5,1000000,834241.88
71,lrange5,1000000,1293661.00
72,lpush5,1000000,837748.75
72,lrange5,1000000,1182146.50
73,lpush5,1000000,826485.94
73,lrange5,1000000,1290529.12
74,lpush5,1000000,833333.31
74,lrange5,1000000,1283758.75
75,lpush5,1000000,829213.94
75,lrange5,1000000,1277323.12
76,lpush5,1000000,823097.94
76,lrange5,1000000,1195068.12
77,lpush5,1000000,834281.88
77,lrange5,1000000,1288762.88
78,lpush5,1000000,839630.56
78,lrange5,1000000,1239197.00
79,lpush5,1000000,830604.62
79,lrange5,1000000,1293702.50
80,lpush5,1000000,838276.62
80,lrange5,1000000,1292093.00
81,lpush5,1000000,827129.88
81,lrange5,1000000,1297120.62
82,lpush5,1000000,827182.81
82,lrange5,1000000,1302291.62
83,lpush5,1000000,830008.25
83,lrange5,1000000,1024721.31
84,lpush5,1000000,746969.38
84,lrange5,1000000,1305545.75
85,lpush5,1000000,829915.31
85,lrange5,1000000,1298784.50
86,lpush5,1000000,835475.31
86,lrange5,1000000,1303968.62
87,lpush5,1000000,828712.50
87,lrange5,1000000,1285367.62
88,lpush5,1000000,836860.19
88,lrange5,1000000,1187667.50
89,lpush5,1000000,831388.25
89,lrange5,1000000,1209344.62
90,lpush5,1000000,827827.88
90,lrange5,1000000,1298805.25
91,lpush5,1000000,838953.00
91,lrange5,1000000,1251624.50
92,lpush5,1000000,834764.62
92,lrange5,1000000,1303780.88
93,lpush5,1000000,840430.19
93,lrange5,1000000,1300598.25
94,lpush5,1000000,832013.31
94,lrange5,1000000,1199060.00
95,lpush5,1000000,828672.75
95,lrange5,1000000,1184834.12
96,lpush5,1000000,834135.12
96,lrange5,1000000,1228756.75
97,lpush5,1000000,838236.44
97,lrange5,1000000,1297037.62
98,lpush5,1000000,832879.31
98,lrange5,1000000,1237663.38
99,lpush5,1000000,835421.88
99,lrange5,1000000,1188085.50
100,lpush5,1000000,841244.75
100,lrange5,1000000,1256422.12
101,lpush5,1000000,827867.56
101,lrange5,1000000,1278915.62
102,lpush5,1000000,831361.62
102,lrange5,1000000,1300390.12
103,lpush5,1000000,824441.81
103,lrange5,1000000,1274089.12
104,lpush5,1000000,825135.31
104,lrange5,1000000,1297162.12
105,lpush5,1000000,827986.81
105,lrange5,1000000,1297016.88
106,lpush5,1000000,832093.19
106,lrange5,1000000,1243840.75
107,lpush5,1000000,828725.75
107,lrange5,1000000,1179603.75
108,lpush5,1000000,837047.69
108,lrange5,1000000,1285408.75
109,lpush5,1000000,829293.56
109,lrange5,1000000,1275653.12
110,lpush5,1000000,837534.31
110,lrange5,1000000,1302166.62
111,lpush5,1000000,827907.31
111,lrange5,1000000,1290446.50
112,lpush5,1000000,843895.38
112,lrange5,1000000,1300494.12
113,lpush5,1000000,833546.62
113,lrange5,1000000,1300598.25
114,lpush5,1000000,837561.12
114,lrange5,1000000,1295461.12
115,lpush5,1000000,834081.75
115,lrange5,1000000,1293743.88
116,lpush5,1000000,834281.88
116,lrange5,1000000,1283923.00
117,lpush5,1000000,834871.50
117,lrange5,1000000,1272305.38
118,lpush5,1000000,838223.00
118,lrange5,1000000,1303801.75
119,lpush5,1000000,838276.62
119,lrange5,1000000,1285552.75
120,lpush5,1000000,841150.56
120,lrange5,1000000,1303968.62
121,lpush5,1000000,828712.50
121,lrange5,1000000,1290425.88
122,lpush5,1000000,842473.44
122,lrange5,1000000,1180883.12
123,lpush5,1000000,833386.62
123,lrange5,1000000,1180675.38
124,lpush5,1000000,833359.94
124,lrange5,1000000,1277139.25
125,lpush5,1000000,831414.81
125,lrange5,1000000,1303927.00
126,lpush5,1000000,832039.94
126,lrange5,1000000,1254725.25
127,lpush5,1000000,831308.44
127,lrange5,1000000,1256361.75
128,lpush5,1000000,842527.38
128,lrange5,1000000,1231546.88
129,lpush5,1000000,828526.94
129,lrange5,1000000,1300577.38
130,lpush5,1000000,842635.19
130,lrange5,1000000,1280409.75
131,lpush5,1000000,841164.00
131,lrange5,1000000,1181053.12
132,lpush5,1000000,831281.81
132,lrange5,1000000,1197796.50
133,lpush5,1000000,826512.38
133,lrange5,1000000,1282112.88
134,lpush5,1000000,825082.50
134,lrange5,1000000,1297037.62
135,lpush5,1000000,847579.69
135,lrange5,1000000,1300452.50
136,lpush5,1000000,839644.00
136,lrange5,1000000,1272264.62
137,lpush5,1000000,837654.94
137,lrange5,1000000,1207787.38
138,lpush5,1000000,833359.94
138,lrange5,1000000,1287001.25
139,lpush5,1000000,820488.94
139,lrange5,1000000,1218124.25
140,lpush5,1000000,830074.69
140,lrange5,1000000,1193584.75
141,lpush5,1000000,835595.62
141,lrange5,1000000,1297141.38
142,lpush5,1000000,837708.56
142,lrange5,1000000,1196574.12
143,lpush5,1000000,828593.19
143,lrange5,1000000,1280512.12
144,lpush5,1000000,829187.44
144,lrange5,1000000,1300494.12
145,lpush5,1000000,822473.69
145,lrange5,1000000,1264303.38
146,lpush5,1000000,830790.69
146,lrange5,1000000,1189327.00
147,lpush5,1000000,831960.06
147,lrange5,1000000,1302145.88
148,lpush5,1000000,844097.94
148,lrange5,1000000,1195125.38
149,lpush5,1000000,831414.81
149,lrange5,1000000,1199155.88
150,lpush5,1000000,839140.94
150,lrange5,1000000,1256301.50
151,lpush5,1000000,844824.31
151,lrange5,1000000,1199175.12
152,lpush5,1000000,832093.19
152,lrange5,1000000,1193355.62
153,lpush5,1000000,831441.44
153,lrange5,1000000,1275673.50
154,lpush5,1000000,843935.88
154,lrange5,1000000,1273905.75
155,lpush5,1000000,838939.56
155,lrange5,1000000,1293702.50
156,lpush5,1000000,835595.62
156,lrange5,1000000,1146917.50
157,lpush5,1000000,833399.94
157,lrange5,1000000,1231566.50
158,lpush5,1000000,842689.12
158,lrange5,1000000,1250080.00
159,lpush5,1000000,838993.25
159,lrange5,1000000,1298742.88
160,lpush5,1000000,833346.62
160,lrange5,1000000,1287124.88
161,lpush5,1000000,825948.81
161,lrange5,1000000,1267467.75
162,lpush5,1000000,841858.62
162,lrange5,1000000,1280553.12
163,lpush5,1000000,835462.00
163,lrange5,1000000,1253313.38
164,lpush5,1000000,843332.19
164,lrange5,1000000,1246922.75
165,lpush5,1000000,825869.56
165,lrange5,1000000,1256381.88
166,lpush5,1000000,836187.31
166,lrange5,1000000,1287001.25
167,lpush5,1000000,838303.44
167,lrange5,1000000,1302125.00
168,lpush5,1000000,841096.69
168,lrange5,1000000,1119946.25
169,lpush5,1000000,828513.69
169,lrange5,1000000,1195087.25
170,lpush5,1000000,843237.81
170,lrange5,1000000,1194991.62
171,lpush5,1000000,841150.56
171,lrange5,1000000,1253213.12
172,lpush5,1000000,829240.50
172,lrange5,1000000,1297058.38
173,lpush5,1000000,833346.62
173,lrange5,1000000,1254745.25
174,lpush5,1000000,832000.00
174,lrange5,1000000,1191933.25
175,lpush5,1000000,832679.44
175,lrange5,1000000,1251764.62
176,lpush5,1000000,836860.19
176,lrange5,1000000,1272264.62
177,lpush5,1000000,838451.00
177,lrange5,1000000,1207980.62
178,lpush5,1000000,839020.12
178,lrange5,1000000,1190685.75
179,lpush5,1000000,840457.12
179,lrange5,1000000,1293723.12
180,lpush5,1000000,833413.31
180,lrange5,1000000,1282153.88
181,lpush5,1000000,834055.06
181,lrange5,1000000,1300577.38
182,lpush5,1000000,831986.69
182,lrange5,1000000,1175276.12
183,lpush5,1000000,839140.94
183,lrange5,1000000,1190666.75
184,lpush5,1000000,838397.38
184,lrange5,1000000,1189441.12
185,lpush5,1000000,841042.88
185,lrange5,1000000,1266045.50
186,lpush5,1000000,836361.19
186,lrange5,1000000,1264222.50
187,lpush5,1000000,831986.69
187,lrange5,1000000,1234567.88
188,lpush5,1000000,831295.12
188,lrange5,1000000,1189288.88
189,lpush5,1000000,836133.81
189,lrange5,1000000,1303843.50
190,lpush5,1000000,837561.12
190,lrange5,1000000,1192181.12
191,lpush5,1000000,826618.12
191,lrange5,1000000,1282112.88
192,lpush5,1000000,836833.44
192,lrange5,1000000,1295336.75
193,lpush5,1000000,834778.00
193,lrange5,1000000,1282051.38
194,lpush5,1000000,842513.88
194,lrange5,1000000,1172520.50
195,lpush5,1000000,843881.88
195,lrange5,1000000,1297079.12
196,lpush5,1000000,834791.38
196,lrange5,1000000,1277180.12
197,lpush5,1000000,830617.94
197,lrange5,1000000,1303927.00
198,lpush5,1000000,838236.44
198,lrange5,1000000,1253173.00
199,lpush5,1000000,831321.75
199,lrange5,1000000,1176640.00
200,lpush5,1000000,841966.38
200,lrange5,1000000,1189250.88
201,lpush5,1000000,837614.75
201,lrange5,1000000,1256321.62
202,lpush5,1000000,830034.81
202,lrange5,1000000,1295399.00
203,lpush5,1000000,838290.06
203,lrange5,1000000,1182354.62
204,lpush5,1000000,843881.88
204,lrange5,1000000,1257962.25
205,lpush5,1000000,834188.50
205,lrange5,1000000,1261054.25
206,lpush5,1000000,832000.00
206,lrange5,1000000,1167047.88
207,lpush5,1000000,835462.00
207,lrange5,1000000,1190914.38
208,lpush5,1000000,832652.81
208,lrange5,1000000,1186258.62
209,lpush5,1000000,828026.50
209,lrange5,1000000,1290322.62
210,lpush5,1000000,829240.50
210,lrange5,1000000,1199271.00
211,lpush5,1000000,829888.75
211,lrange5,1000000,1234607.38
212,lpush5,1000000,834041.69
212,lrange5,1000000,1192276.50
213,lpush5,1000000,829280.31
213,lrange5,1000000,1300515.00
214,lpush5,1000000,831321.75
214,lrange5,1000000,1200749.12
215,lpush5,1000000,836900.38
215,lrange5,1000000,1218046.38
216,lpush5,1000000,839858.94
216,lrange5,1000000,1302083.38
217,lpush5,1000000,839100.62
217,lrange5,1000000,1303843.50
218,lpush5,1000000,839805.19
218,lrange5,1000000,1196306.12
219,lpush5,1000000,825975.25
219,lrange5,1000000,1300556.62
220,lpush5,1000000,833413.31
220,lrange5,1000000,1194857.75
221,lpush5,1000000,839684.31
221,lrange5,1000000,1295461.12
222,lpush5,1000000,818330.62
222,lrange5,1000000,1295502.62
223,lpush5,1000000,827986.81
223,lrange5,1000000,1185061.62
224,lpush5,1000000,840403.31
224,lrange5,1000000,1206311.25
225,lpush5,1000000,834831.44
225,lrange5,1000000,1245489.50
226,lpush5,1000000,831308.44
226,lrange5,1000000,1282194.88
227,lpush5,1000000,843237.81
227,lrange5,1000000,1302375.00
228,lpush5,1000000,826485.94
228,lrange5,1000000,1209344.62
229,lpush5,1000000,834844.75
229,lrange5,1000000,1203793.12
230,lpush5,1000000,829200.69
230,lrange5,1000000,1300390.12
231,lpush5,1000000,829995.00
231,lrange5,1000000,1189193.75
232,lpush5,1000000,841056.31
232,lrange5,1000000,1258022.62
233,lpush5,1000000,832692.75
233,lrange5,1000000,1278792.88
234,lpush5,1000000,841150.56
234,lrange5,1000000,1282071.88
235,lpush5,1000000,839657.44
235,lrange5,1000000,1204819.25
236,lpush5,1000000,831308.44
236,lrange5,1000000,1285408.75
237,lpush5,1000000,825816.69
237,lrange5,1000000,1297203.62
238,lpush5,1000000,840524.31
238,lrange5,1000000,1300410.88
239,lpush5,1000000,842473.44
239,lrange5,1000000,1302125.00
240,lpush5,1000000,828659.50
240,lrange5,1000000,1298888.38
241,lpush5,1000000,828566.69
241,lrange5,1000000,1272305.38
242,lpush5,1000000,833453.31
242,lrange5,1000000,1199194.25
243,lpush5,1000000,841056.31
243,lrange5,1000000,1288824.75
244,lpush5,1000000,835595.62
244,lrange5,1000000,1190495.25
245,lpush5,1000000,829333.38
245,lrange5,1000000,1302104.12
246,lpush5,1000000,838249.81
246,lrange5,1000000,1254785.50
247,lpush5,1000000,841123.62
247,lrange5,1000000,1250060.00
248,lpush5,1000000,840349.56
248,lrange5,1000000,1307377.75
249,lpush5,1000000,842486.94
249,lrange5,1000000,1242236.00
250,lpush5,1000000,833373.31
250,lrange5,1000000,1302250.00
251,lpush5,1000000,832666.12
251,lrange5,1000000,1185137.50
252,lpush5,1000000,834255.19
252,lrange5,1000000,1282051.38
253,lpush5,1000000,825922.38
253,lrange5,1000000,1292072.38
254,lpush5,1000000,829200.69
254,lrange5,1000000,1302083.38
255,lpush5,1000000,833506.62
255,lrange5,1000000,1202346.12
256,lpush5,1000000,836900.38
256,lrange5,1000000,1239157.38
257,lpush5,1000000,845349.12
257,lrange5,1000000,1298846.75
258,lpush5,1000000,838276.62
258,lrange5,1000000,1285449.88
259,lpush5,1000000,849018.69
259,lrange5,1000000,1300452.50
260,lpush5,1000000,829968.44
260,lrange5,1000000,1243801.00
261,lpush5,1000000,838249.81
261,lrange5,1000000,1254926.00
262,lpush5,1000000,831960.06
262,lrange5,1000000,1305754.62
263,lpush5,1000000,832679.44
263,lrange5,1000000,1303780.88
264,lpush5,1000000,829955.19
264,lrange5,1000000,1277200.50
265,lpush5,1000000,829399.69
265,lrange5,1000000,1259506.25
266,lpush5,1000000,833386.62
266,lrange5,1000000,1270668.38
267,lpush5,1000000,831255.25
267,lrange5,1000000,1307377.75
268,lpush5,1000000,834081.75
268,lrange5,1000000,1297058.38
269,lpush5,1000000,830737.56
269,lrange5,1000000,1285470.50
270,lpush5,1000000,830617.94
270,lrange5,1000000,1283738.12
271,lpush5,1000000,836873.62
271,lrange5,1000000,1275612.25
272,lpush5,1000000,846064.25
272,lrange5,1000000,1290322.62
273,lpush5,1000000,838290.06
273,lrange5,1000000,1288680.38
274,lpush5,1000000,836927.19
274,lrange5,1000000,1300431.75
275,lpush5,1000000,836820.06
275,lrange5,1000000,1240694.75
276,lpush5,1000000,833333.31
276,lrange5,1000000,1303989.50
277,lpush5,1000000,829981.69
277,lrange5,1000000,1256361.75
278,lpush5,1000000,836240.81
278,lrange5,1000000,1280471.12
279,lpush5,1000000,846753.62
279,lrange5,1000000,1302125.00
280,lpush5,1000000,834148.44
280,lrange5,1000000,1278833.75
281,lpush5,1000000,832000.00
281,lrange5,1000000,1302229.12
282,lpush5,1000000,833546.62
282,lrange5,1000000,1297037.62
283,lpush5,1000000,836133.81
283,lrange5,1000000,1298701.38
284,lpush5,1000000,841858.62
284,lrange5,1000000,1297245.12
285,lpush5,1000000,849631.25
285,lrange5,1000000,823163.75
286,lpush5,1000000,525226.88
286,lrange5,1000000,815008.94
287,lpush5,1000000,536837.38
287,lrange5,1000000,1287207.25
288,lpush5,1000000,834737.94
288,lrange5,1000000,1257881.75
289,lpush5,1000000,830101.19
289,lrange5,1000000,1285347.00
290,lpush5,1000000,834751.31
290,lrange5,1000000,1282297.50
291,lpush5,1000000,830617.94
291,lrange5,1000000,1298763.62
292,lpush5,1000000,841083.25
292,lrange5,1000000,1300515.00
293,lpush5,1000000,828513.69
293,lrange5,1000000,1193508.38
294,lpush5,1000000,837735.31
294,lrange5,1000000,1221059.88
295,lpush5,1000000,843183.81
295,lrange5,1000000,1298867.62
296,lpush5,1000000,832852.62
296,lrange5,1000000,1288701.00
297,lpush5,1000000,841872.06
297,lrange5,1000000,1298701.38
298,lpush5,1000000,844743.25
298,lrange5,1000000,1300410.88
299,lpush5,1000000,834778.00
299,lrange5,1000000,1275551.00
300,lpush5,1000000,832732.75
300,lrange5,1000000,1285388.12
301,lpush5,1000000,843278.25
301,lrange5,1000000,1300473.38
302,lpush5,1000000,843935.88
302,lrange5,1000000,1302104.12
303,lpush5,1000000,837601.31
303,lrange5,1000000,1288845.38
304,lpush5,1000000,844608.12
304,lrange5,1000000,1275755.12
305,lpush5,1000000,837574.56
305,lrange5,1000000,1285367.62
306,lpush5,1000000,834724.56
306,lrange5,1000000,1259506.25
307,lpush5,1000000,842621.69
307,lrange5,1000000,1303780.88
308,lpush5,1000000,832039.94
308,lrange5,1000000,1254885.88
309,lpush5,1000000,845349.12
309,lrange5,1000000,1302083.38
310,lpush5,1000000,843170.31
310,lrange5,1000000,1222572.12
311,lpush5,1000000,832706.12
311,lrange5,1000000,1302083.38
312,lpush5,1000000,836860.19
312,lrange5,1000000,1275571.50
313,lpush5,1000000,836321.06
313,lrange5,1000000,1292031.00
314,lpush5,1000000,834041.69
314,lrange5,1000000,1305566.62
315,lpush5,1000000,841872.06
315,lrange5,1000000,1275530.62
316,lpush5,1000000,841150.56
316,lrange5,1000000,1303801.75
317,lpush5,1000000,835475.31
317,lrange5,1000000,1254725.25
318,lpush5,1000000,843332.19
318,lrange5,1000000,1300431.75
319,lpush5,1000000,834737.94
319,lrange5,1000000,1285511.62
320,lpush5,1000000,832732.75
320,lrange5,1000000,1278956.50
321,lpush5,1000000,842567.81
321,lrange5,1000000,1197892.25
322,lpush5,1000000,838263.25
322,lrange5,1000000,1298701.38
323,lpush5,1000000,830737.56
323,lrange5,1000000,1282236.00
324,lpush5,1000000,826604.94
324,lrange5,1000000,1295419.62
325,lpush5,1000000,836994.12
325,lrange5,1000000,823058.44
326,lpush5,1000000,523113.00
326,lrange5,1000000,851172.81
327,lpush5,1000000,825240.94
327,lrange5,1000000,1282236.00
328,lpush5,1000000,828553.44
328,lrange5,1000000,1224049.00
329,lpush5,1000000,846767.12
329,lrange5,1000000,1192085.88
330,lpush5,1000000,841137.06
330,lrange5,1000000,1189060.62
331,lpush5,1000000,840389.88
331,lrange5,1000000,1192143.00
332,lpush5,1000000,827841.12
332,lrange5,1000000,1208038.62
333,lpush5,1000000,841123.62
333,lrange5,1000000,1283799.75
334,lpush5,1000000,823163.75
334,lrange5,1000000,1254765.38
335,lpush5,1000000,834028.38
335,lrange5,1000000,1212354.00
336,lpush5,1000000,532008.50
336,lrange5,1000000,803910.00
337,lpush5,1000000,775305.44
337,lrange5,1000000,1295544.00
338,lpush5,1000000,847674.62
338,lrange5,1000000,1288845.38
339,lpush5,1000000,833413.31
339,lrange5,1000000,1278792.88
340,lpush5,1000000,844662.12
340,lrange5,1000000,1305483.12
341,lpush5,1000000,830750.81
341,lrange5,1000000,1302354.12
342,lpush5,1000000,836133.81
342,lrange5,1000000,1270770.00
343,lpush5,1000000,826565.25
343,lrange5,1000000,1254725.25
344,lpush5,1000000,840349.56
344,lrange5,1000000,1302083.38
345,lpush5,1000000,834081.75
345,lrange5,1000000,1228540.50
346,lpush5,1000000,831946.75
346,lrange5,1000000,1283738.12
347,lpush5,1000000,825816.69
347,lrange5,1000000,1302270.88
348,lpush5,1000000,834095.06
348,lrange5,1000000,1283738.12
349,lpush5,1000000,826552.06
349,lrange5,1000000,1298701.38
350,lpush5,1000000,832053.25
350,lrange5,1000000,1300431.75
351,lpush5,1000000,844702.69
351,lrange5,1000000,1287186.62
352,lpush5,1000000,831973.38
352,lrange5,1000000,1285347.00
353,lpush5,1000000,832679.44
353,lrange5,1000000,1287186.62
354,lpush5,1000000,829187.44
354,lrange5,1000000,1197815.62
355,lpush5,1000000,832652.81
355,lrange5,1000000,1290322.62
356,lpush5,1000000,837574.56
356,lrange5,1000000,1302145.88
357,lpush5,1000000,829888.75
357,lrange5,1000000,1298763.62
358,lpush5,1000000,835568.88
358,lrange5,1000000,1128830.75
359,lpush5,1000000,834068.38
359,lrange5,1000000,1257881.75
360,lpush5,1000000,835475.31
360,lrange5,1000000,1285347.00
361,lpush5,1000000,825869.56
361,lrange5,1000000,1251764.62
362,lpush5,1000000,836160.56
362,lrange5,1000000,1282194.88
363,lpush5,1000000,838979.81
363,lrange5,1000000,1292072.38
364,lpush5,1000000,846064.25
364,lrange5,1000000,1302104.12
365,lpush5,1000000,831374.94
365,lrange5,1000000,1305566.62
366,lpush5,1000000,836361.19
366,lrange5,1000000,1283881.88
367,lpush5,1000000,844702.69
367,lrange5,1000000,1287001.25
368,lpush5,1000000,838276.62
368,lrange5,1000000,1295357.50
369,lpush5,1000000,836900.38
369,lrange5,1000000,1129943.50
370,lpush5,1000000,623910.12
370,lrange5,1000000,1272508.88
371,lpush5,1000000,829888.75
371,lrange5,1000000,1287186.62
372,lpush5,1000000,846875.56
372,lrange5,1000000,1199060.00
373,lpush5,1000000,841083.25
373,lrange5,1000000,1282153.88
374,lpush5,1000000,841885.56
374,lrange5,1000000,1297099.88
375,lpush5,1000000,830764.12
375,lrange5,1000000,1256361.75
376,lpush5,1000000,841885.56
376,lrange5,1000000,1233045.62
377,lpush5,1000000,840336.12
377,lrange5,1000000,1297099.88
378,lpush5,1000000,831428.12
378,lrange5,1000000,1275530.62
379,lpush5,1000000,823723.25
379,lrange5,1000000,1295399.00
380,lpush5,1000000,828540.19
380,lrange5,1000000,1135255.38
381,lpush5,1000000,831401.50
381,lrange5,1000000,1295399.00
382,lpush5,1000000,832759.38
382,lrange5,1000000,1293764.50
383,lpush5,1000000,832826.00
383,lrange5,1000000,1187914.50
384,lpush5,1000000,838276.62
384,lrange5,1000000,1298867.62
385,lpush5,1000000,837681.75
385,lrange5,1000000,1292010.38
386,lpush5,1000000,825869.56
386,lrange5,1000000,1287001.25
387,lpush5,1000000,843386.19
387,lrange5,1000000,1202250.00
388,lpush5,1000000,852006.81
388,lrange5,1000000,1186277.62
389,lpush5,1000000,845376.19
389,lrange5,1000000,1193393.75
390,lpush5,1000000,838223.00
390,lrange5,1000000,1274028.00
391,lpush5,1000000,840551.25
391,lrange5,1000000,1253152.88
392,lpush5,1000000,844797.31
392,lrange5,1000000,1278833.75
393,lpush5,1000000,834764.62
393,lrange5,1000000,1245369.88
394,lpush5,1000000,838357.12
394,lrange5,1000000,1254865.75
395,lpush5,1000000,834241.88
395,lrange5,1000000,1240754.38
396,lpush5,1000000,828725.75
396,lrange5,1000000,1248619.25
397,lpush5,1000000,833386.62
397,lrange5,1000000,1302125.00
398,lpush5,1000000,841042.88
398,lrange5,1000000,1185156.38
399,lpush5,1000000,825816.69
399,lrange5,1000000,1234725.88
400,lpush5,1000000,828579.94
400,lrange5,1000000,1237782.12
401,lpush5,1000000,840336.12
401,lrange5,1000000,1198007.25
402,lpush5,1000000,777162.44
402,lrange5,1000000,1190723.88
403,lpush5,1000000,841204.38
403,lrange5,1000000,1239177.25
404,lpush5,1000000,829227.19
404,lrange5,1000000,1290363.88
405,lpush5,1000000,841899.00
405,lrange5,1000000,1196382.75
406,lpush5,1000000,832852.62
406,lrange5,1000000,1242355.25
407,lpush5,1000000,830048.12
407,lrange5,1000000,1277241.38
408,lpush5,1000000,841190.94
408,lrange5,1000000,1236271.88
409,lpush5,1000000,834764.62
409,lrange5,1000000,1269218.25
410,lpush5,1000000,835649.12
410,lrange5,1000000,1280532.62
411,lpush5,1000000,839630.56
411,lrange5,1000000,1243840.75
412,lpush5,1000000,829902.06
412,lrange5,1000000,1194934.25
413,lpush5,1000000,837641.56
413,lrange5,1000000,1216564.38
414,lpush5,1000000,838397.38
414,lrange5,1000000,1198045.50
415,lpush5,1000000,839033.56
415,lrange5,1000000,1262686.88
416,lpush5,1000000,836820.06
416,lrange5,1000000,1297141.38
417,lpush5,1000000,833333.31
417,lrange5,1000000,1259506.25
418,lpush5,1000000,842473.44
418,lrange5,1000000,1261195.50
419,lpush5,1000000,846037.19
419,lrange5,1000000,1280573.62
420,lpush5,1000000,834135.12
420,lrange5,1000000,1290343.25
421,lpush5,1000000,831960.06
421,lrange5,1000000,1295336.75
422,lpush5,1000000,837520.94
422,lrange5,1000000,1203408.00
423,lpush5,1000000,843935.88
423,lrange5,1000000,1302083.38
424,lpush5,1000000,830061.38
424,lrange5,1000000,1290343.25
425,lpush5,1000000,845457.31
425,lrange5,1000000,1253313.38
426,lpush5,1000000,841912.50
426,lrange5,1000000,1269055.88
427,lpush5,1000000,840443.69
427,lrange5,1000000,1205185.62
428,lpush5,1000000,831255.25
428,lrange5,1000000,1297120.62
429,lpush5,1000000,836133.81
429,lrange5,1000000,1300556.62
430,lpush5,1000000,839100.62
430,lrange5,1000000,1108700.62
431,lpush5,1000000,846889.06
431,lrange5,1000000,1298805.25
432,lpush5,1000000,846753.62
432,lrange5,1000000,1288824.75
433,lpush5,1000000,842513.88
433,lrange5,1000000,1259566.75
434,lpush5,1000000,832039.94
434,lrange5,1000000,1282071.88
435,lpush5,1000000,828500.38
435,lrange5,1000000,1297203.62
436,lpush5,1000000,837561.12
436,lrange5,1000000,1179377.38
437,lpush5,1000000,846050.75
437,lrange5,1000000,1267488.00
438,lpush5,1000000,830578.06
438,lrange5,1000000,1183678.12
439,lpush5,1000000,838397.38
439,lrange5,1000000,1209325.25
440,lpush5,1000000,836967.31
440,lrange5,1000000,1200749.12
441,lpush5,1000000,832732.75
441,lrange5,1000000,1262888.88
442,lpush5,1000000,831348.31
442,lrange5,1000000,1274109.50
443,lpush5,1000000,837668.31
443,lrange5,1000000,1293681.75
444,lpush5,1000000,841818.19
444,lrange5,1000000,1197739.00
445,lpush5,1000000,844070.94
445,lrange5,1000000,1292093.00
446,lpush5,1000000,835475.31
446,lrange5,1000000,1302166.62
447,lpush5,1000000,823894.56
447,lrange5,1000000,1278977.00
448,lpush5,1000000,841858.62
448,lrange5,1000000,1308963.38
449,lpush5,1000000,848407.12
449,lrange5,1000000,1189193.75
450,lpush5,1000000,834081.75
450,lrange5,1000000,1302083.38
451,lpush5,1000000,836833.44
451,lrange5,1000000,1303801.75
452,lpush5,1000000,830724.25
452,lrange5,1000000,1308963.38
453,lpush5,1000000,835435.25
453,lrange5,1000000,1293661.00
454,lpush5,1000000,831986.69
454,lrange5,1000000,1283881.88
455,lpush5,1000000,843935.88
455,lrange5,1000000,1257922.00
456,lpush5,1000000,827196.06
456,lrange5,1000000,1283697.12
457,lpush5,1000000,840389.88
457,lrange5,1000000,1283697.12
458,lpush5,1000000,827354.88
458,lrange5,1000000,1251724.62
459,lpush5,1000000,845376.19
459,lrange5,1000000,1302083.38
460,lpush5,1000000,836887.00
460,lrange5,1000000,1292051.75
461,lpush5,1000000,835475.31
461,lrange5,1000000,1194857.75
462,lpush5,1000000,834818.06
462,lrange5,1000000,1298805.25
463,lpush5,1000000,837628.12
463,lrange5,1000000,1290425.88
464,lpush5,1000000,841885.56
464,lrange5,1000000,1302145.88
465,lpush5,1000000,836214.06
465,lrange5,1000000,1256361.75
466,lpush5,1000000,820357.69
466,lrange5,1000000,1259445.75
467,lpush5,1000000,830631.25
467,lrange5,1000000,1192143.00
468,lpush5,1000000,827209.25
468,lrange5,1000000,1302187.50
469,lpush5,1000000,846023.69
469,lrange5,1000000,1224127.38
470,lpush5,1000000,838263.25
470,lrange5,1000000,1302104.12
471,lpush5,1000000,832772.69
471,lrange5,1000000,1285367.62
472,lpush5,1000000,830644.50
472,lrange5,1000000,1203754.50
473,lpush5,1000000,826459.50
473,lrange5,1000000,1215125.12
474,lpush5,1000000,825909.19
474,lrange5,1000000,1303801.75
475,lpush5,1000000,828646.19
475,lrange5,1000000,1198026.38
476,lpush5,1000000,831361.62
476,lrange5,1000000,1194972.50
477,lpush5,1000000,835635.75
477,lrange5,1000000,1257962.25
478,lpush5,1000000,837547.75
478,lrange5,1000000,1309005.25
479,lpush5,1000000,833466.62
479,lrange5,1000000,1283799.75
480,lpush5,1000000,833426.62
480,lrange5,1000000,1196401.88
481,lpush5,1000000,822513.19
481,lrange5,1000000,1273926.12
482,lpush5,1000000,834764.62
482,lrange5,1000000,1199366.88
483,lpush5,1000000,834121.75
483,lrange5,1000000,1196421.00
484,lpush5,1000000,843305.25
484,lrange5,1000000,954229.00
485,lpush5,1000000,606796.12
485,lrange5,1000000,1259486.12
486,lpush5,1000000,836887.00
486,lrange5,1000000,1193622.88
487,lpush5,1000000,838303.44
487,lrange5,1000000,1278772.38
488,lpush5,1000000,841993.31
488,lrange5,1000000,1270749.62
489,lpush5,1000000,832839.31
489,lrange5,1000000,1288742.25
490,lpush5,1000000,834951.62
490,lrange5,1000000,1285347.00
491,lpush5,1000000,846862.00
491,lrange5,1000000,1196593.25
492,lpush5,1000000,843935.88
492,lrange5,1000000,1305608.38
493,lpush5,1000000,838966.44
493,lrange5,1000000,1213650.50
494,lpush5,1000000,837574.56
494,lrange5,1000000,1297079.12
495,lpush5,1000000,832106.50
495,lrange5,1000000,1257942.12
496,lpush5,1000000,841764.31
496,lrange5,1000000,1196267.88
497,lpush5,1000000,843881.88
497,lrange5,1000000,1246982.62
498,lpush5,1000000,838276.62
498,lrange5,1000000,1246882.88
499,lpush5,1000000,829941.88
499,lrange5,1000000,1246902.75
500,lpush5,1000000,841096.69
500,lrange5,1000000,1292072.38
501,lpush5,1000000,827235.75
501,lrange5,1000000,1245389.88
502,lpush5,1000000,827920.56
502,lrange5,1000000,1300410.88
503,lpush5,1000000,830564.81
503,lrange5,1000000,1287269.00
504,lpush5,1000000,827143.12
504,lrange5,1000000,1298888.38
505,lpush5,1000000,839738.06
505,lrange5,1000000,1186543.25
506,lpush5,1000000,843224.31
506,lrange5,1000000,1278772.38
507,lpush5,1000000,834938.25
507,lrange5,1000000,1186315.50
508,lpush5,1000000,840403.31
508,lrange5,1000000,1192276.50
509,lpush5,1000000,830048.12
509,lrange5,1000000,1192162.12
510,lpush5,1000000,843183.81
510,lrange5,1000000,1277180.12
511,lpush5,1000000,838263.25
511,lrange5,1000000,1282051.38
512,lpush5,1000000,837748.75
512,lrange5,1000000,1295606.25
513,lpush5,1000000,839805.19
513,lrange5,1000000,1236232.38
514,lpush5,1000000,853255.94
514,lrange5,1000000,1191952.38
515,lpush5,1000000,839033.56
515,lrange5,1000000,1171203.75
516,lpush5,1000000,844594.56
516,lrange5,1000000,1193336.50
517,lpush5,1000000,836833.44
517,lrange5,1000000,1192314.62
518,lpush5,1000000,838993.25
518,lrange5,1000000,1280553.12
519,lpush5,1000000,836334.44
519,lrange5,1000000,1199098.38
520,lpush5,1000000,837695.12
520,lrange5,1000000,1280491.62
521,lpush5,1000000,842513.88
521,lrange5,1000000,1264263.00
522,lpush5,1000000,836833.44
522,lrange5,1000000,1265863.25
523,lpush5,1000000,848950.81
523,lrange5,1000000,1199079.12
524,lpush5,1000000,837695.12
524,lrange5,1000000,1277282.25
525,lpush5,1000000,835435.25
525,lrange5,1000000,1298701.38
526,lpush5,1000000,829915.31
526,lrange5,1000000,1192333.75
527,lpush5,1000000,828513.69
527,lrange5,1000000,1275612.25
528,lpush5,1000000,836200.69
528,lrange5,1000000,1251624.50
529,lpush5,1000000,834724.56
529,lrange5,1000000,1305545.75
530,lpush5,1000000,838343.69
530,lrange5,1000000,1302270.88
531,lpush5,1000000,837034.25
531,lrange5,1000000,1295336.75
532,lpush5,1000000,843895.38
532,lrange5,1000000,1193432.00
533,lpush5,1000000,834188.50
533,lrange5,1000000,1278854.25
534,lpush5,1000000,841750.88
534,lrange5,1000000,1298805.25
535,lpush5,1000000,823802.31
535,lrange5,1000000,1298722.12
536,lpush5,1000000,838343.69
536,lrange5,1000000,1197700.62
537,lpush5,1000000,833373.31
537,lrange5,1000000,1187781.50
538,lpush5,1000000,836994.12
538,lrange5,1000000,1190895.25
539,lpush5,1000000,832865.94
539,lrange5,1000000,1274048.38
540,lpush5,1000000,827854.31
540,lrange5,1000000,1272386.75
541,lpush5,1000000,831428.12
541,lrange5,1000000,1187781.50
542,lpush5,1000000,839630.56
542,lrange5,1000000,1242434.75
543,lpush5,1000000,832106.50
543,lrange5,1000000,1272468.12
544,lpush5,1000000,836187.31
544,lrange5,1000000,1197719.75
545,lpush5,1000000,838276.62
545,lrange5,1000000,1264283.12
546,lpush5,1000000,831321.75
546,lrange5,1000000,1246902.75
547,lpush5,1000000,830034.81
547,lrange5,1000000,1298722.12
548,lpush5,1000000,839670.88
548,lrange5,1000000,1293785.25
549,lpush5,1000000,831335.00
549,lrange5,1000000,1194800.50
550,lpush5,1000000,841750.88
550,lrange5,1000000,1298722.12
551,lpush5,1000000,838343.69
551,lrange5,1000000,1152424.00
552,lpush5,1000000,837520.94
552,lrange5,1000000,1290322.62
553,lpush5,1000000,839832.06
553,lrange5,1000000,1280491.62
554,lpush5,1000000,844594.56
554,lrange5,1000000,1278874.62
555,lpush5,1000000,825829.94
555,lrange5,1000000,1278874.62
556,lpush5,1000000,830008.25
556,lrange5,1000000,1169740.38
557,lpush5,1000000,831374.94
557,lrange5,1000000,1265822.75
558,lpush5,1000000,835448.62
558,lrange5,1000000,1295399.00
559,lpush5,1000000,843949.44
559,lrange5,1000000,1287145.38
560,lpush5,1000000,836214.06
560,lrange5,1000000,1290467.12
561,lpush5,1000000,837561.12
561,lrange5,1000000,1240734.50
562,lpush5,1000000,842635.19
562,lrange5,1000000,1295544.00
563,lpush5,1000000,838397.38
563,lrange5,1000000,1300515.00
564,lpush5,1000000,831308.44
564,lrange5,1000000,1290446.50
565,lpush5,1000000,838979.81
565,lrange5,1000000,1267650.25
566,lpush5,1000000,832786.00
566,lrange5,1000000,1251744.62
567,lpush5,1000000,831401.50
567,lrange5,1000000,1283881.88
568,lpush5,1000000,838397.38
568,lrange5,1000000,1197624.00
569,lpush5,1000000,840403.31
569,lrange5,1000000,1297058.38
570,lpush5,1000000,840443.69
570,lrange5,1000000,1285347.00
571,lpush5,1000000,830790.69
571,lrange5,1000000,1293661.00
572,lpush5,1000000,834818.06
572,lrange5,1000000,1194991.62
573,lpush5,1000000,832639.50
573,lrange5,1000000,1272447.88
574,lpush5,1000000,833506.62
574,lrange5,1000000,1292010.38
575,lpush5,1000000,836133.81
575,lrange5,1000000,1251564.38
576,lpush5,1000000,847674.62
576,lrange5,1000000,1293702.50
577,lpush5,1000000,847498.31
577,lrange5,1000000,1186277.62
578,lpush5,1000000,843170.31
578,lrange5,1000000,1230209.12
579,lpush5,1000000,835555.56
579,lrange5,1000000,1192257.50
580,lpush5,1000000,837654.94
580,lrange5,1000000,1203446.50
581,lpush5,1000000,836133.81
581,lrange5,1000000,1275612.25
582,lpush5,1000000,846104.88
582,lrange5,1000000,1282092.38
583,lpush5,1000000,836833.44
583,lrange5,1000000,1297224.38
584,lpush5,1000000,841096.69
584,lrange5,1000000,1282051.38
585,lpush5,1000000,836160.56
585,lrange5,1000000,1265964.50
586,lpush5,1000000,841912.50
586,lrange5,1000000,1239157.38
587,lpush5,1000000,847471.25
587,lrange5,1000000,1275632.62
588,lpush5,1000000,841217.81
588,lrange5,1000000,1230091.00
589,lpush5,1000000,847552.56
589,lrange5,1000000,1295461.12
590,lpush5,1000000,831960.06
590,lrange5,1000000,1288721.62
591,lpush5,1000000,832692.75
591,lrange5,1000000,1265863.25
592,lpush5,1000000,841925.94
592,lrange5,1000000,1298826.00
593,lpush5,1000000,830697.69
593,lrange5,1000000,1192143.00
594,lpush5,1000000,846740.06
594,lrange5,1000000,1291989.62
595,lpush5,1000000,841804.75
595,lrange5,1000000,1248599.25
596,lpush5,1000000,840416.75
596,lrange5,1000000,985316.25
597,lpush5,1000000,813216.25
597,lrange5,1000000,1297016.88
598,lpush5,1000000,832106.50
598,lrange5,1000000,1287186.62
599,lpush5,1000000,835448.62
599,lrange5,1000000,1193718.38
600,lpush5,1000000,848393.56
600,lrange5,1000000,1189079.62
601,lpush5,1000000,834041.69
601,lrange5,1000000,1305483.12
602,lpush5,1000000,836120.44
602,lrange5,1000000,1292010.38
603,lpush5,1000000,843345.69
603,lrange5,1000000,1227013.50
604,lpush5,1000000,838979.81
604,lrange5,1000000,1290363.88
605,lpush5,1000000,833399.94
605,lrange5,1000000,1302187.50
606,lpush5,1000000,827947.06
606,lrange5,1000000,1240794.00
607,lpush5,1000000,842635.19
607,lrange5,1000000,1300452.50
608,lpush5,1000000,834081.75
608,lrange5,1000000,1290322.62
609,lpush5,1000000,838410.75
609,lrange5,1000000,1288742.25
610,lpush5,1000000,836133.81
610,lrange5,1000000,1283861.38
611,lpush5,1000000,836173.94
611,lrange5,1000000,1261034.12
612,lpush5,1000000,839738.06
612,lrange5,1000000,1293661.00
613,lpush5,1000000,841042.88
613,lrange5,1000000,1267427.12
614,lpush5,1000000,829888.75
614,lrange5,1000000,1290322.62
615,lpush5,1000000,839006.69
615,lrange5,1000000,1297058.38
616,lpush5,1000000,836173.94
616,lrange5,1000000,1283840.88
617,lpush5,1000000,841056.31
617,lrange5,1000000,1269055.88
618,lpush5,1000000,832053.25
618,lrange5,1000000,1297162.12
619,lpush5,1000000,834871.50
619,lrange5,1000000,1248579.25
620,lpush5,1000000,846186.12
620,lrange5,1000000,1183829.50
621,lpush5,1000000,834858.12
621,lrange5,1000000,1194819.62
622,lpush5,1000000,837534.31
622,lrange5,1000000,1287227.75
623,lpush5,1000000,839644.00
623,lrange5,1000000,1297037.62
624,lpush5,1000000,825777.06
624,lrange5,1000000,1274109.50
625,lpush5,1000000,833373.31
625,lrange5,1000000,1190476.25
626,lpush5,1000000,841804.75
626,lrange5,1000000,1253193.00
627,lpush5,1000000,838223.00
627,lrange5,1000000,1297162.12
628,lpush5,1000000,839630.56
628,lrange5,1000000,1292051.75
629,lpush5,1000000,847566.12
629,lrange5,1000000,1253132.88
630,lpush5,1000000,847566.12
630,lrange5,1000000,1272264.62
631,lpush5,1000000,837641.56
631,lrange5,1000000,1283799.75
632,lpush5,1000000,833439.94
632,lrange5,1000000,1300410.88
633,lpush5,1000000,831361.62
633,lrange5,1000000,1209189.75
634,lpush5,1000000,830564.81
634,lrange5,1000000,1292031.00
635,lpush5,1000000,833559.94
635,lrange5,1000000,1298742.88
636,lpush5,1000000,831268.50
636,lrange5,1000000,1197873.12
637,lpush5,1000000,827288.69
637,lrange5,1000000,1278813.25
638,lpush5,1000000,829941.88
638,lrange5,1000000,1285593.88
639,lpush5,1000000,827182.81
639,lrange5,1000000,1295336.75
640,lpush5,1000000,832826.00
640,lrange5,1000000,1194953.38
641,lpush5,1000000,830604.62
641,lrange5,1000000,1303780.88
642,lpush5,1000000,834831.44
642,lrange5,1000000,1190533.38
643,lpush5,1000000,825948.81
643,lrange5,1000000,1285470.50
644,lpush5,1000000,833373.31
644,lrange5,1000000,1278977.00
645,lpush5,1000000,835595.62
645,lrange5,1000000,1300410.88
646,lpush5,1000000,827196.06
646,lrange5,1000000,1190781.00
647,lpush5,1000000,832026.62
647,lrange5,1000000,1194896.00
648,lpush5,1000000,837007.50
648,lrange5,1000000,1292031.00
649,lpush5,1000000,832812.69
649,lrange5,1000000,1305483.12
650,lpush5,1000000,843908.88
650,lrange5,1000000,1193317.38
651,lpush5,1000000,841177.44
651,lrange5,1000000,1171147.62
652,lpush5,1000000,836160.56
652,lrange5,1000000,1262626.25
653,lpush5,1000000,834041.69
653,lrange5,1000000,1297162.12
654,lpush5,1000000,832639.50
654,lrange5,1000000,1193317.38
655,lpush5,1000000,846172.56
655,lrange5,1000000,1256301.50
656,lpush5,1000000,833346.62
656,lrange5,1000000,1201980.75
657,lpush5,1000000,834724.56
657,lrange5,1000000,1196210.50
658,lpush5,1000000,834831.44
658,lrange5,1000000,1282215.38
659,lpush5,1000000,840363.00
659,lrange5,1000000,1204819.25
660,lpush5,1000000,826472.69
660,lrange5,1000000,1197873.12
661,lpush5,1000000,825174.94
661,lrange5,1000000,1248579.25
662,lpush5,1000000,835421.88
662,lrange5,1000000,1300390.12
663,lpush5,1000000,834095.06
663,lrange5,1000000,1298742.88
664,lpush5,1000000,836873.62
664,lrange5,1000000,1239177.25
665,lpush5,1000000,848244.25
665,lrange5,1000000,1253313.38
666,lpush5,1000000,829200.69
666,lrange5,1000000,1259627.12
667,lpush5,1000000,827301.94
667,lrange5,1000000,1199213.50
668,lpush5,1000000,829968.44
668,lrange5,1000000,1285491.00
669,lpush5,1000000,838979.81
669,lrange5,1000000,1274028.00
670,lpush5,1000000,836280.94
670,lrange5,1000000,1194857.75
671,lpush5,1000000,829928.62
671,lrange5,1000000,1204896.38
672,lpush5,1000000,832812.69
672,lrange5,1000000,1195106.38
673,lpush5,1000000,836940.56
673,lrange5,1000000,1228520.88
674,lpush5,1000000,834041.69
674,lrange5,1000000,1300494.12
675,lpush5,1000000,846186.12
675,lrange5,1000000,1300494.12
676,lpush5,1000000,834081.75
676,lrange5,1000000,1297224.38
677,lpush5,1000000,833453.31
677,lrange5,1000000,1239216.88
678,lpush5,1000000,838316.88
678,lrange5,1000000,1298826.00
679,lpush5,1000000,831986.69
679,lrange5,1000000,1250040.00
680,lpush5,1000000,843895.38
680,lrange5,1000000,1290405.25
681,lpush5,1000000,844111.44
681,lrange5,1000000,1266005.00
682,lpush5,1000000,834081.75
682,lrange5,1000000,1179603.75
683,lpush5,1000000,834041.69
683,lrange5,1000000,1298846.75
684,lpush5,1000000,833333.31
684,lrange5,1000000,1202346.12
685,lpush5,1000000,847593.25
685,lrange5,1000000,1264222.50
686,lpush5,1000000,832826.00
686,lrange5,1000000,1256482.38
687,lpush5,1000000,842513.88
687,lrange5,1000000,1295502.62
688,lpush5,1000000,824428.62
688,lrange5,1000000,1218046.38
689,lpush5,1000000,845322.06
689,lrange5,1000000,1298722.12
690,lpush5,1000000,834938.25
690,lrange5,1000000,1282194.88
691,lpush5,1000000,834041.69
691,lrange5,1000000,1253193.00
692,lpush5,1000000,824415.44
692,lrange5,1000000,1287021.88
693,lpush5,1000000,844635.12
693,lrange5,1000000,1192124.00
694,lpush5,1000000,835488.69
694,lrange5,1000000,1302104.12
695,lpush5,1000000,839167.75
695,lrange5,1000000,1273926.12
696,lpush5,1000000,844594.56
696,lrange5,1000000,1295399.00
697,lpush5,1000000,838303.44
697,lrange5,1000000,1298722.12
698,lpush5,1000000,830777.44
698,lrange5,1000000,1190723.88
699,lpush5,1000000,843949.44
699,lrange5,1000000,1297079.12
700,lpush5,1000000,838451.00
700,lrange5,1000000,1298971.50
701,lpush5,1000000,837020.88
701,lrange5,1000000,1236212.62
702,lpush5,1000000,823881.38
702,lrange5,1000000,1257962.25
703,lpush5,1000000,835582.25
703,lrange5,1000000,1278977.00
704,lpush5,1000000,823190.12
704,lrange5,1000000,1265843.00
705,lpush5,1000000,830737.56
705,lrange5,1000000,1288659.75
706,lpush5,1000000,839657.44
706,lrange5,1000000,1300431.75
707,lpush5,1000000,833506.62
707,lrange5,1000000,1254805.50
708,lpush5,1000000,832652.81
708,lrange5,1000000,1285367.62
709,lpush5,1000000,829213.94
709,lrange5,1000000,1302395.88
710,lpush5,1000000,834028.38
710,lrange5,1000000,1287104.25
711,lpush5,1000000,835528.81
711,lrange5,1000000,1295378.25
712,lpush5,1000000,834804.69
712,lrange5,1000000,1277302.75
713,lpush5,1000000,835421.88
713,lrange5,1000000,1303968.62
714,lpush5,1000000,836280.94
714,lrange5,1000000,1197700.62
715,lpush5,1000000,839127.50
715,lrange5,1000000,1272529.25
716,lpush5,1000000,831428.12
716,lrange5,1000000,1207806.75
717,lpush5,1000000,833559.94
717,lrange5,1000000,1285367.62
718,lpush5,1000000,830008.25
718,lrange5,1000000,1282071.88
719,lpush5,1000000,834831.44
719,lrange5,1000000,1206291.88
720,lpush5,1000000,833439.94
720,lrange5,1000000,1303801.75
721,lpush5,1000000,836294.31
721,lrange5,1000000,1199136.75
722,lpush5,1000000,827986.81
722,lrange5,1000000,1262686.88
723,lpush5,1000000,829320.06
723,lrange5,1000000,1262828.25
724,lpush5,1000000,834898.19
724,lrange5,1000000,1193546.50
725,lpush5,1000000,829306.81
725,lrange5,1000000,1218241.25
726,lpush5,1000000,841096.69
726,lrange5,1000000,1248459.38
727,lpush5,1000000,838276.62
727,lrange5,1000000,1186239.62
728,lpush5,1000000,829346.62
728,lrange5,1000000,1190609.50
729,lpush5,1000000,840389.88
729,lrange5,1000000,1261155.12
730,lpush5,1000000,835475.31
730,lrange5,1000000,1282092.38
731,lpush5,1000000,834175.12
731,lrange5,1000000,1300577.38
732,lpush5,1000000,831441.44
732,lrange5,1000000,1245389.88
733,lpush5,1000000,840336.12
733,lrange5,1000000,1203735.25
734,lpush5,1000000,842473.44
734,lrange5,1000000,1193451.12
735,lpush5,1000000,845349.12
735,lrange5,1000000,1256402.00
736,lpush5,1000000,840403.31
736,lrange5,1000000,1228520.88
737,lpush5,1000000,839657.44
737,lrange5,1000000,1257861.62
738,lpush5,1000000,822447.38
738,lrange5,1000000,1248499.38
739,lpush5,1000000,836173.94
739,lrange5,1000000,1248439.50
740,lpush5,1000000,829200.69
740,lrange5,1000000,1298701.38
741,lpush5,1000000,844030.44
741,lrange5,1000000,1254845.62
742,lpush5,1000000,834924.94
742,lrange5,1000000,1200633.88
743,lpush5,1000000,836994.12
743,lrange5,1000000,1195163.62
744,lpush5,1000000,831361.62
744,lrange5,1000000,1280512.12
745,lpush5,1000000,838993.25
745,lrange5,1000000,1287083.62
746,lpush5,1000000,838939.56
746,lrange5,1000000,1247002.50
747,lpush5,1000000,836900.38
747,lrange5,1000000,1257922.00
748,lpush5,1000000,839872.38
748,lrange5,1000000,1267488.00
749,lpush5,1000000,843962.94
749,lrange5,1000000,1256442.25
750,lpush5,1000000,840403.31
750,lrange5,1000000,1277200.50
751,lpush5,1000000,836120.44
751,lrange5,1000000,1272366.38
752,lpush5,1000000,846077.81
752,lrange5,1000000,1298826.00
753,lpush5,1000000,834188.50
753,lrange5,1000000,1240694.75
754,lpush5,1000000,838993.25
754,lrange5,1000000,1234666.62
755,lpush5,1000000,847579.69
755,lrange5,1000000,1181034.25
756,lpush5,1000000,829902.06
756,lrange5,1000000,1224049.00
757,lpush5,1000000,841056.31
757,lrange5,1000000,1197700.62
758,lpush5,1000000,830737.56
758,lrange5,1000000,1267447.50
759,lpush5,1000000,825816.69
759,lrange5,1000000,1209209.12
760,lpush5,1000000,832146.44
760,lrange5,1000000,1272325.62
761,lpush5,1000000,850408.19
761,lrange5,1000000,1236133.50
762,lpush5,1000000,839751.50
762,lrange5,1000000,1240694.75
763,lpush5,1000000,837561.12
763,lrange5,1000000,1293764.50
764,lpush5,1000000,832053.25
764,lrange5,1000000,1280471.12
765,lpush5,1000000,836334.44
765,lrange5,1000000,1287063.00
766,lpush5,1000000,844756.75
766,lrange5,1000000,1272285.00
767,lpush5,1000000,842473.44
767,lrange5,1000000,1290405.25
768,lpush5,1000000,841764.31
768,lrange5,1000000,1300494.12
769,lpush5,1000000,838290.06
769,lrange5,1000000,1233104.88
770,lpush5,1000000,836173.94
770,lrange5,1000000,1282051.38
771,lpush5,1000000,834911.56
771,lrange5,1000000,1277159.62
772,lpush5,1000000,844648.62
772,lrange5,1000000,1209189.75
773,lpush5,1000000,831374.94
773,lrange5,1000000,1287001.25
774,lpush5,1000000,831268.50
774,lrange5,1000000,1190819.12
775,lpush5,1000000,830048.12
775,lrange5,1000000,1275653.12
776,lpush5,1000000,844016.94
776,lrange5,1000000,1194762.25
777,lpush5,1000000,849848.75
777,lrange5,1000000,1264283.12
778,lpush5,1000000,836994.12
778,lrange5,1000000,1240714.62
779,lpush5,1000000,837534.31
779,lrange5,1000000,1190495.25
780,lpush5,1000000,838437.56
780,lrange5,1000000,1259566.75
781,lpush5,1000000,841096.69
781,lrange5,1000000,1258002.50
782,lpush5,1000000,826618.12
782,lrange5,1000000,1298722.12
783,lpush5,1000000,845416.75
783,lrange5,1000000,1275530.62
784,lpush5,1000000,843170.31
784,lrange5,1000000,1180694.25
785,lpush5,1000000,837587.94
785,lrange5,1000000,1280553.12
786,lpush5,1000000,832786.00
786,lrange5,1000000,1175200.88
787,lpush5,1000000,839697.75
787,lrange5,1000000,1288721.62
788,lpush5,1000000,834938.25
788,lrange5,1000000,1203600.50
789,lpush5,1000000,834201.81
789,lrange5,1000000,1191971.38
790,lpush5,1000000,834041.69
790,lrange5,1000000,1297203.62
791,lpush5,1000000,843305.25
791,lrange5,1000000,1295399.00
792,lpush5,1000000,841818.19
792,lrange5,1000000,1278936.00
793,lpush5,1000000,833506.62
793,lrange5,1000000,1240853.62
794,lpush5,1000000,832159.69
794,lrange5,1000000,1254765.38
795,lpush5,1000000,831960.06
795,lrange5,1000000,1237663.38
796,lpush5,1000000,830644.50
796,lrange5,1000000,1295440.38
797,lpush5,1000000,834818.06
797,lrange5,1000000,1300535.75
798,lpush5,1000000,841096.69
798,lrange5,1000000,1267630.00
799,lpush5,1000000,836133.81
799,lrange5,1000000,1187724.50
800,lpush5,1000000,833346.62
800,lrange5,1000000,1269157.38
801,lpush5,1000000,835568.88
801,lrange5,1000000,1283697.12
802,lpush5,1000000,830578.06
802,lrange5,1000000,1185061.62
803,lpush5,1000000,831428.12
803,lrange5,1000000,1195010.75
804,lpush5,1000000,840403.31
804,lrange5,1000000,1253132.88
805,lpush5,1000000,834764.62
805,lrange5,1000000,1247042.38
806,lpush5,1000000,837587.94
806,lrange5,1000000,1288762.88
807,lpush5,1000000,838437.56
807,lrange5,1000000,1256482.38
808,lpush5,1000000,834028.38
808,lrange5,1000000,1297016.88
809,lpush5,1000000,835568.88
809,lrange5,1000000,1274007.62
810,lpush5,1000000,832000.00
810,lrange5,1000000,1297016.88
811,lpush5,1000000,835568.88
811,lrange5,1000000,1240754.38
812,lpush5,1000000,846226.69
812,lrange5,1000000,1297037.62
813,lpush5,1000000,833386.62
813,lrange5,1000000,1298742.88
814,lpush5,1000000,834081.75
814,lrange5,1000000,1290508.38
815,lpush5,1000000,844716.19
815,lrange5,1000000,1277282.25
816,lpush5,1000000,841069.81
816,lrange5,1000000,1298929.88
817,lpush5,1000000,837534.31
817,lrange5,1000000,1199347.75
818,lpush5,1000000,836860.19
818,lrange5,1000000,1265843.00
819,lpush5,1000000,834831.44
819,lrange5,1000000,1200902.75
820,lpush5,1000000,834778.00
820,lrange5,1000000,1277180.12
821,lpush5,1000000,834737.94
821,lrange5,1000000,1243781.12
822,lpush5,1000000,838303.44
822,lrange5,1000000,1305483.12
823,lpush5,1000000,831401.50
823,lrange5,1000000,1295378.25
824,lpush5,1000000,833346.62
824,lrange5,1000000,1257861.62
825,lpush5,1000000,832759.38
825,lrange5,1000000,1288721.62
826,lpush5,1000000,836953.94
826,lrange5,1000000,1203542.75
827,lpush5,1000000,825829.94
827,lrange5,1000000,1292155.00
828,lpush5,1000000,829941.88
828,lrange5,1000000,1182411.38
829,lpush5,1000000,827222.50
829,lrange5,1000000,1195010.75
830,lpush5,1000000,825135.31
830,lrange5,1000000,1272325.62
831,lpush5,1000000,838383.94
831,lrange5,1000000,1270668.38
832,lpush5,1000000,836307.69
832,lrange5,1000000,1193756.62
833,lpush5,1000000,837748.75
833,lrange5,1000000,1175276.12
834,lpush5,1000000,841069.81
834,lrange5,1000000,1264242.75
835,lpush5,1000000,833533.31
835,lrange5,1000000,1300473.38
836,lpush5,1000000,836927.19
836,lrange5,1000000,1228501.25
837,lpush5,1000000,833479.94
837,lrange5,1000000,1280471.12
838,lpush5,1000000,834068.38
838,lrange5,1000000,1293764.50
839,lpush5,1000000,830021.56
839,lrange5,1000000,1193584.75
840,lpush5,1000000,830724.25
840,lrange5,1000000,1291989.62
841,lpush5,1000000,829253.75
841,lrange5,1000000,1196401.88
842,lpush5,1000000,834095.06
842,lrange5,1000000,1210653.75
843,lpush5,1000000,841110.19
843,lrange5,1000000,1297224.38
844,lpush5,1000000,838926.12
844,lrange5,1000000,1290384.50
845,lpush5,1000000,834724.56
845,lrange5,1000000,1275510.25
846,lpush5,1000000,841217.81
846,lrange5,1000000,1196363.62
847,lpush5,1000000,838236.44
847,lrange5,1000000,1191895.12
848,lpush5,1000000,835528.81
848,lrange5,1000000,1305483.12
849,lpush5,1000000,835462.00
849,lrange5,1000000,1197604.88
850,lpush5,1000000,834911.56
850,lrange5,1000000,1183431.88
851,lpush5,1000000,831401.50
851,lrange5,1000000,1270688.75
852,lpush5,1000000,838223.00
852,lrange5,1000000,1193432.00
853,lpush5,1000000,841750.88
853,lrange5,1000000,1288701.00
854,lpush5,1000000,843976.44
854,lrange5,1000000,1295357.50
855,lpush5,1000000,838939.56
855,lrange5,1000000,1287124.88
856,lpush5,1000000,842459.94
856,lrange5,1000000,1190552.38
857,lpush5,1000000,838993.25
857,lrange5,1000000,1190552.38
858,lpush5,1000000,834081.75
858,lrange5,1000000,1179622.62
859,lpush5,1000000,831268.50
859,lrange5,1000000,1242255.88
860,lpush5,1000000,846956.81
860,lrange5,1000000,1295440.38
861,lpush5,1000000,829187.44
861,lrange5,1000000,1250000.00
862,lpush5,1000000,844003.44
862,lrange5,1000000,1267569.12
863,lpush5,1000000,838939.56
863,lrange5,1000000,1272631.00
864,lpush5,1000000,838370.50
864,lrange5,1000000,1270648.00
865,lpush5,1000000,837681.75
865,lrange5,1000000,1178044.75
866,lpush5,1000000,832079.88
866,lrange5,1000000,1197739.00
867,lpush5,1000000,849658.44
867,lrange5,1000000,1293806.00
868,lpush5,1000000,839697.75
868,lrange5,1000000,1223990.25
869,lpush5,1000000,833333.31
869,lrange5,1000000,1171203.75
870,lpush5,1000000,840336.12
870,lrange5,1000000,1192200.25
871,lpush5,1000000,832852.62
871,lrange5,1000000,1297016.88
872,lpush5,1000000,842540.81
872,lrange5,1000000,1272346.00
873,lpush5,1000000,834751.31
873,lrange5,1000000,1189288.88
874,lpush5,1000000,833333.31
874,lrange5,1000000,1290322.62
875,lpush5,1000000,833359.94
875,lrange5,1000000,1292031.00
876,lpush5,1000000,832706.12
876,lrange5,1000000,1190628.62
877,lpush5,1000000,835582.25
877,lrange5,1000000,1264627.00
878,lpush5,1000000,836133.81
878,lrange5,1000000,1261034.12
879,lpush5,1000000,837587.94
879,lrange5,1000000,1185232.25
880,lpush5,1000000,835502.06
880,lrange5,1000000,1209189.75
881,lpush5,1000000,841137.06
881,lrange5,1000000,1190819.12
882,lpush5,1000000,830804.00
882,lrange5,1000000,1190723.88
883,lpush5,1000000,840443.69
883,lrange5,1000000,1256281.38
884,lpush5,1000000,841190.94
884,lrange5,1000000,1288701.00
885,lpush5,1000000,831295.12
885,lrange5,1000000,1193489.25
886,lpush5,1000000,844594.56
886,lrange5,1000000,1298826.00
887,lpush5,1000000,841217.81
887,lrange5,1000000,1197834.75
888,lpush5,1000000,834778.00
888,lrange5,1000000,1192238.38
889,lpush5,1000000,831308.44
889,lrange5,1000000,1186505.38
890,lpush5,1000000,829875.50
890,lrange5,1000000,1250160.00
891,lpush5,1000000,836240.81
891,lrange5,1000000,1240794.00
892,lpush5,1000000,834724.56
892,lrange5,1000000,1266005.00
893,lpush5,1000000,842527.38
893,lrange5,1000000,1273885.25
894,lpush5,1000000,830724.25
894,lrange5,1000000,1225509.88
895,lpush5,1000000,838953.00
895,lrange5,1000000,1192200.25
896,lpush5,1000000,843224.31
896,lrange5,1000000,1298701.38
897,lpush5,1000000,845484.38
897,lrange5,1000000,1275693.88
898,lpush5,1000000,840443.69
898,lrange5,1000000,1278833.75
899,lpush5,1000000,836160.56
899,lrange5,1000000,1267609.62
900,lpush5,1000000,832026.62
900,lrange5,1000000,1300431.75
901,lpush5,1000000,834724.56
901,lrange5,1000000,1176696.50
902,lpush5,1000000,838263.25
902,lrange5,1000000,1293888.75
903,lpush5,1000000,836254.19
903,lrange5,1000000,1298909.12
904,lpush5,1000000,830617.94
904,lrange5,1000000,1290384.50
905,lpush5,1000000,834778.00
905,lrange5,1000000,1224049.00
906,lpush5,1000000,832013.31
906,lrange5,1000000,1186676.12
907,lpush5,1000000,842500.38
907,lrange5,1000000,1288701.00
908,lpush5,1000000,839899.25
908,lrange5,1000000,1295378.25
909,lpush5,1000000,836833.44
909,lrange5,1000000,1189384.00
910,lpush5,1000000,827301.94
910,lrange5,1000000,1277139.25
911,lpush5,1000000,834737.94
911,lrange5,1000000,1190552.38
912,lpush5,1000000,834924.94
912,lrange5,1000000,1267467.75
913,lpush5,1000000,830657.81
913,lrange5,1000000,1285511.62
914,lpush5,1000000,829875.50
914,lrange5,1000000,1187876.50
915,lpush5,1000000,836953.94
915,lrange5,1000000,1269096.50
916,lpush5,1000000,830087.94
916,lrange5,1000000,1197815.62
917,lpush5,1000000,833386.62
917,lrange5,1000000,1236093.88
918,lpush5,1000000,834081.75
918,lrange5,1000000,1190895.25
919,lpush5,1000000,834095.06
919,lrange5,1000000,1297016.88
920,lpush5,1000000,843935.88
920,lrange5,1000000,1293785.25
921,lpush5,1000000,851856.88
921,lrange5,1000000,1282051.38
922,lpush5,1000000,832679.44
922,lrange5,1000000,1280409.75
923,lpush5,1000000,845322.06
923,lrange5,1000000,1295357.50
924,lpush5,1000000,833399.94
924,lrange5,1000000,1275530.62
925,lpush5,1000000,836160.56
925,lrange5,1000000,1199175.12
926,lpush5,1000000,841899.00
926,lrange5,1000000,1201923.00
927,lpush5,1000000,830617.94
927,lrange5,1000000,1280430.25
928,lpush5,1000000,832639.50
928,lrange5,1000000,1200749.12
929,lpush5,1000000,840376.44
929,lrange5,1000000,1264364.12
930,lpush5,1000000,837534.31
930,lrange5,1000000,1190723.88
931,lpush5,1000000,845362.69
931,lrange5,1000000,1199309.38
932,lpush5,1000000,835435.25
932,lrange5,1000000,1267427.12
933,lpush5,1000000,836227.44
933,lrange5,1000000,1265944.25
934,lpush5,1000000,826618.12
934,lrange5,1000000,1199328.50
935,lpush5,1000000,838236.44
935,lrange5,1000000,1199462.88
936,lpush5,1000000,846253.75
936,lrange5,1000000,1265843.00
937,lpush5,1000000,829968.44
937,lrange5,1000000,1196440.12
938,lpush5,1000000,826538.81
938,lrange5,1000000,1290405.25
939,lpush5,1000000,836120.44
939,lrange5,1000000,1265822.75
940,lpush5,1000000,832053.25
940,lrange5,1000000,1302229.12
941,lpush5,1000000,836147.19
941,lrange5,1000000,1305483.12
942,lpush5,1000000,843237.81
942,lrange5,1000000,1302104.12
943,lpush5,1000000,840376.44
943,lrange5,1000000,1257901.88
944,lpush5,1000000,837587.94
944,lrange5,1000000,1285614.38
945,lpush5,1000000,837007.50
945,lrange5,1000000,1292093.00
946,lpush5,1000000,836873.62
946,lrange5,1000000,1179283.00
947,lpush5,1000000,834818.06
947,lrange5,1000000,1197834.75
948,lpush5,1000000,841858.62
948,lrange5,1000000,1272264.62
949,lpush5,1000000,841818.19
949,lrange5,1000000,1298701.38
950,lpush5,1000000,839670.88
950,lrange5,1000000,1290487.75
951,lpush5,1000000,834764.62
951,lrange5,1000000,1297037.62
952,lpush5,1000000,841056.31
952,lrange5,1000000,1277139.25
953,lpush5,1000000,838236.44
953,lrange5,1000000,1190781.00
954,lpush5,1000000,842594.75
954,lrange5,1000000,1173840.38
955,lpush5,1000000,834068.38
955,lrange5,1000000,1250080.00
956,lpush5,1000000,841925.94
956,lrange5,1000000,1302104.12
957,lpush5,1000000,826512.38
957,lrange5,1000000,1196401.88
958,lpush5,1000000,839805.19
958,lrange5,1000000,1189479.12
959,lpush5,1000000,838290.06
959,lrange5,1000000,1292010.38
960,lpush5,1000000,837007.50
960,lrange5,1000000,1227013.50
961,lpush5,1000000,832026.62
961,lrange5,1000000,1290384.50
962,lpush5,1000000,832000.00
962,lrange5,1000000,1290425.88
963,lpush5,1000000,832146.44
963,lrange5,1000000,1176583.50
964,lpush5,1000000,844057.44
964,lrange5,1000000,1265924.00
965,lpush5,1000000,832786.00
965,lrange5,1000000,1192028.62
966,lpush5,1000000,834764.62
966,lrange5,1000000,1285511.62
967,lpush5,1000000,847647.50
967,lrange5,1000000,1239177.25
968,lpush5,1000000,842473.44
968,lrange5,1000000,1302125.00
969,lpush5,1000000,848910.06
969,lrange5,1000000,1280450.62
970,lpush5,1000000,827986.81
970,lrange5,1000000,1267427.12
971,lpush5,1000000,838263.25
971,lrange5,1000000,1287021.88
972,lpush5,1000000,841258.19
972,lrange5,1000000,1290363.88
973,lpush5,1000000,832013.31
973,lrange5,1000000,1228678.12
974,lpush5,1000000,847606.81
974,lrange5,1000000,1297120.62
975,lpush5,1000000,847525.44
975,lrange5,1000000,1265883.50
976,lpush5,1000000,845362.69
976,lrange5,1000000,1063966.00
977,lpush5,1000000,841966.38
977,lrange5,1000000,1290446.50
978,lpush5,1000000,839140.94
978,lrange5,1000000,1196382.75
979,lpush5,1000000,848285.00
979,lrange5,1000000,1270790.38
980,lpush5,1000000,840497.44
980,lrange5,1000000,1261094.62
981,lpush5,1000000,834201.81
981,lrange5,1000000,1278813.25
982,lpush5,1000000,835435.25
982,lrange5,1000000,1263050.50
983,lpush5,1000000,839778.38
983,lrange5,1000000,1293661.00
984,lpush5,1000000,841750.88
984,lrange5,1000000,1212140.62
985,lpush5,1000000,854148.56
985,lrange5,1000000,1292051.75
986,lpush5,1000000,840497.44
986,lrange5,1000000,1189117.75
987,lpush5,1000000,838236.44
987,lrange5,1000000,1190876.25
988,lpush5,1000000,840349.56
988,lrange5,1000000,1186619.25
989,lpush5,1000000,831268.50
989,lrange5,1000000,1292175.75
990,lpush5,1000000,839033.56
990,lrange5,1000000,1193661.12
991,lpush5,1000000,835475.31
991,lrange5,1000000,1283799.75
992,lpush5,1000000,834148.44
992,lrange5,1000000,1251724.62
993,lpush5,1000000,837628.12
993,lrange5,1000000,1295378.25
994,lpush5,1000000,839033.56
994,lrange5,1000000,1262646.50
995,lpush5,1000000,828672.75
995,lrange5,1000000,1283840.88
996,lpush5,1000000,834818.06
996,lrange5,1000000,1179622.62
997,lpush5,1000000,834201.81
997,lrange5,1000000,1288824.75
998,lpush5,1000000,840510.88
998,lrange5,1000000,1265863.25
999,lpush5,1000000,825108.88
999,lrange5,1000000,1186429.38
1000,lpush5,1000000,844635.12
1000,lrange5,1000000,1190571.50
1001,lpush5,1000000,832679.44
1001,lrange5,1000000,1193508.38
1002,lpush5,1000000,840389.88
1002,lrange5,1000000,1190800.00
1003,lpush5,1000000,839006.69
1003,lrange5,1000000,1264323.62
1004,lpush5,1000000,836980.69
1004,lrange5,1000000,1283923.00
1005,lpush5,1000000,843170.31
1005,lrange5,1000000,1256321.62
1006,lpush5,1000000,843291.75
1006,lrange5,1000000,1300556.62
1007,lpush5,1000000,837534.31
1007,lrange5,1000000,1224146.88
1008,lpush5,1000000,846862.00
1008,lrange5,1000000,1293661.00
1009,lpush5,1000000,825856.31
1009,lrange5,1000000,1293681.75
1010,lpush5,1000000,840591.56
1010,lrange5,1000000,1280553.12
1011,lpush5,1000000,834831.44
1011,lrange5,1000000,1297286.62
1012,lpush5,1000000,834938.25
1012,lrange5,1000000,1187686.50
1013,lpush5,1000000,829928.62
1013,lrange5,1000000,1297037.62
1014,lpush5,1000000,835488.69
1014,lrange5,1000000,1285532.12
1015,lpush5,1000000,829200.69
1015,lrange5,1000000,1293681.75
1016,lpush5,1000000,846253.75
1016,lrange5,1000000,1280409.75
1017,lpush5,1000000,843989.94
1017,lrange5,1000000,1280430.25
1018,lpush5,1000000,839738.06
1018,lrange5,1000000,1295399.00
1019,lpush5,1000000,831428.12
1019,lrange5,1000000,1264242.75
1020,lpush5,1000000,838276.62
1020,lrange5,1000000,1285676.12
1021,lpush5,1000000,845376.19
1021,lrange5,1000000,1297037.62
1022,lpush5,1000000,841042.88
1022,lrange5,1000000,1251664.50
1023,lpush5,1000000,831295.12
1023,lrange5,1000000,1298929.88
1024,lpush5,1000000,839711.19
1024,lrange5,1000000,1254745.25
1025,lpush5,1000000,831268.50
1025,lrange5,1000000,1278874.62
1026,lpush5,1000000,827827.88
1026,lrange5,1000000,1199443.62
1027,lpush5,1000000,837601.31
1027,lrange5,1000000,1194762.25
1028,lpush5,1000000,841056.31
1028,lrange5,1000000,1216583.88
1029,lpush5,1000000,837534.31
1029,lrange5,1000000,1233085.12
1030,lpush5,1000000,838223.00
1030,lrange5,1000000,1197988.00
1031,lpush5,1000000,828540.19
1031,lrange5,1000000,1295357.50
1032,lpush5,1000000,829306.81
1032,lrange5,1000000,1297016.88
1033,lpush5,1000000,832706.12
1033,lrange5,1000000,1192314.62
1034,lpush5,1000000,843278.25
1034,lrange5,1000000,1278997.38
1035,lpush5,1000000,845430.31
1035,lrange5,1000000,1277159.62
1036,lpush5,1000000,831335.00
1036,lrange5,1000000,1270810.62
1037,lpush5,1000000,832053.25
1037,lrange5,1000000,1179490.62
1038,lpush5,1000000,836820.06
1038,lrange5,1000000,1297203.62
1039,lpush5,1000000,839751.50
1039,lrange5,1000000,1280430.25
1040,lpush5,1000000,844608.12
1040,lrange5,1000000,1197853.88
1041,lpush5,1000000,836147.19
1041,lrange5,1000000,1275755.12
1042,lpush5,1000000,835435.25
1042,lrange5,1000000,1237663.38
1043,lpush5,1000000,843962.94
1043,lrange5,1000000,1261215.62
1044,lpush5,1000000,842689.12
1044,lrange5,1000000,1297079.12
1045,lpush5,1000000,827249.00
1045,lrange5,1000000,1280471.12
1046,lpush5,1000000,843949.44
1046,lrange5,1000000,1295523.25
1047,lpush5,1000000,841845.12
1047,lrange5,1000000,1283861.38
1048,lpush5,1000000,832652.81
1048,lrange5,1000000,1261034.12
1049,lpush5,1000000,834778.00
1049,lrange5,1000000,1176903.50
1050,lpush5,1000000,838926.12
1050,lrange5,1000000,1298763.62
1051,lpush5,1000000,831374.94
1051,lrange5,1000000,1261195.50
1052,lpush5,1000000,841271.62
1052,lrange5,1000000,1300410.88
1053,lpush5,1000000,851118.31
1053,lrange5,1000000,1282092.38
1054,lpush5,1000000,832652.81
1054,lrange5,1000000,1298742.88
1055,lpush5,1000000,838276.62
1055,lrange5,1000000,1200633.88
1056,lpush5,1000000,837534.31
1056,lrange5,1000000,1200864.38
1057,lpush5,1000000,831986.69
1057,lrange5,1000000,1196535.88
1058,lpush5,1000000,844621.62
1058,lrange5,1000000,1273946.50
1059,lpush5,1000000,835448.62
1059,lrange5,1000000,1196287.00
1060,lpush5,1000000,848244.25
1060,lrange5,1000000,1205031.38
1061,lpush5,1000000,846956.81
1061,lrange5,1000000,1300410.88
1062,lpush5,1000000,839630.56
1062,lrange5,1000000,1177950.50
1063,lpush5,1000000,834871.50
1063,lrange5,1000000,1298722.12
1064,lpush5,1000000,836820.06
1064,lrange5,1000000,1206523.50
1065,lpush5,1000000,837641.56
1065,lrange5,1000000,1180845.38
1066,lpush5,1000000,836860.19
1066,lrange5,1000000,1278772.38
1067,lpush5,1000000,830790.69
1067,lrange5,1000000,1298784.50
1068,lpush5,1000000,841083.25
1068,lrange5,1000000,1193508.38
1069,lpush5,1000000,847647.50
1069,lrange5,1000000,1194838.75
1070,lpush5,1000000,831428.12
1070,lrange5,1000000,1190723.88
1071,lpush5,1000000,834081.75
1071,lrange5,1000000,1283758.75
1072,lpush5,1000000,834121.75
1072,lrange5,1000000,1298722.12
1073,lpush5,1000000,837547.75
1073,lrange5,1000000,1212257.00
1074,lpush5,1000000,834041.69
1074,lrange5,1000000,1203369.50
1075,lpush5,1000000,834255.19
1075,lrange5,1000000,1290467.12
1076,lpush5,1000000,837561.12
1076,lrange5,1000000,1280512.12
1077,lpush5,1000000,839697.75
1077,lrange5,1000000,1280491.62
1078,lpush5,1000000,836187.31
1078,lrange5,1000000,1180902.00
1079,lpush5,1000000,844608.12
1079,lrange5,1000000,1200480.12
1080,lpush5,1000000,833506.62
1080,lrange5,1000000,1194896.00
1081,lpush5,1000000,843962.94
1081,lrange5,1000000,1196191.38
1082,lpush5,1000000,838276.62
1082,lrange5,1000000,1278772.38
1083,lpush5,1000000,839751.50
1083,lrange5,1000000,1233104.88
1084,lpush5,1000000,847457.69
1084,lrange5,1000000,1273905.75
1085,lpush5,1000000,828712.50
1085,lrange5,1000000,1275510.25
1086,lpush5,1000000,829187.44
1086,lrange5,1000000,1259445.75
1087,lpush5,1000000,832053.25
1087,lrange5,1000000,1195068.12
1088,lpush5,1000000,836980.69
1088,lrange5,1000000,1277343.62
1089,lpush5,1000000,834818.06
1089,lrange5,1000000,1206291.88
1090,lpush5,1000000,839020.12
1090,lrange5,1000000,1292051.75
1091,lpush5,1000000,841925.94
1091,lrange5,1000000,1182222.25
1092,lpush5,1000000,846794.25
1092,lrange5,1000000,1297037.62
1093,lpush5,1000000,843976.44
1093,lrange5,1000000,1256301.50
1094,lpush5,1000000,842513.88
1094,lrange5,1000000,1225549.00
1095,lpush5,1000000,834188.50
1095,lrange5,1000000,1287227.75
1096,lpush5,1000000,838316.88
1096,lrange5,1000000,1236093.88
1097,lpush5,1000000,834175.12
1097,lrange5,1000000,1242395.00
1098,lpush5,1000000,825777.06
1098,lrange5,1000000,1288701.00
1099,lpush5,1000000,829875.50
1099,lrange5,1000000,1261054.25
1100,lpush5,1000000,832119.81
1100,lrange5,1000000,1186505.38
1101,lpush5,1000000,844770.25
1101,lrange5,1000000,1248479.38
1102,lpush5,1000000,830724.25
1102,lrange5,1000000,1185232.25
1103,lpush5,1000000,828606.44
1103,lrange5,1000000,1259445.75
1104,lpush5,1000000,845322.06
1104,lrange5,1000000,1267589.38
1105,lpush5,1000000,838236.44
1105,lrange5,1000000,1300410.88
1106,lpush5,1000000,837587.94
1106,lrange5,1000000,1192295.62
1107,lpush5,1000000,844608.12
1107,lrange5,1000000,1188047.50
1108,lpush5,1000000,835555.56
1108,lrange5,1000000,1207942.00
1109,lpush5,1000000,835435.25
1109,lrange5,1000000,1199060.00
1110,lpush5,1000000,837061.06
1110,lrange5,1000000,1293909.50
1111,lpush5,1000000,841750.88
1111,lrange5,1000000,1288659.75
1112,lpush5,1000000,832639.50
1112,lrange5,1000000,1297037.62
1113,lpush5,1000000,832652.81
1113,lrange5,1000000,1236113.75
1114,lpush5,1000000,826446.25
1114,lrange5,1000000,1237702.88
1115,lpush5,1000000,832000.00
1115,lrange5,1000000,1303780.88
1116,lpush5,1000000,823137.44
1116,lrange5,1000000,1293847.38
1117,lpush5,1000000,841231.25
1117,lrange5,1000000,1282092.38
1118,lpush5,1000000,836334.44
1118,lrange5,1000000,1300410.88
1119,lpush5,1000000,834778.00
1119,lrange5,1000000,1295336.75
1120,lpush5,1000000,843183.81
1120,lrange5,1000000,1202326.88
1121,lpush5,1000000,842459.94
1121,lrange5,1000000,1278895.12
1122,lpush5,1000000,829915.31
1122,lrange5,1000000,1272305.38
1123,lpush5,1000000,837047.69
1123,lrange5,1000000,1293930.12
1124,lpush5,1000000,837695.12
1124,lrange5,1000000,1257881.75
1125,lpush5,1000000,839778.38
1125,lrange5,1000000,1277200.50
1126,lpush5,1000000,835475.31
1126,lrange5,1000000,1253273.25
1127,lpush5,1000000,835421.88
1127,lrange5,1000000,1265843.00
1128,lpush5,1000000,836913.75
1128,lrange5,1000000,1200499.38
1129,lpush5,1000000,833453.31
1129,lrange5,1000000,1264384.25
1130,lpush5,1000000,831268.50
1130,lrange5,1000000,1300410.88
1131,lpush5,1000000,836254.19
1131,lrange5,1000000,1292113.75
1132,lpush5,1000000,838330.31
1132,lrange5,1000000,1297037.62
1133,lpush5,1000000,835662.50
1133,lrange5,1000000,1293764.50
1134,lpush5,1000000,826485.94
1134,lrange5,1000000,1185213.25
1135,lpush5,1000000,831308.44
1135,lrange5,1000000,1282133.38
1136,lpush5,1000000,835582.25
1136,lrange5,1000000,1277323.12
1137,lpush5,1000000,834055.06
1137,lrange5,1000000,1261074.38
1138,lpush5,1000000,839697.75
1138,lrange5,1000000,1141826.50
1139,lpush5,1000000,833386.62
1139,lrange5,1000000,1285449.88
1140,lpush5,1000000,844057.44
1140,lrange5,1000000,1300556.62
1141,lpush5,1000000,832746.06
1141,lrange5,1000000,1298763.62
1142,lpush5,1000000,838276.62
1142,lrange5,1000000,1184834.12
1143,lpush5,1000000,841204.38
1143,lrange5,1000000,1194819.62
1144,lpush5,1000000,836187.31
1144,lrange5,1000000,1300452.50
1145,lpush5,1000000,839033.56
1145,lrange5,1000000,1239474.62
1146,lpush5,1000000,835595.62
1146,lrange5,1000000,1300452.50
1147,lpush5,1000000,845416.75
1147,lrange5,1000000,1282071.88
1148,lpush5,1000000,832692.75
1148,lrange5,1000000,1190647.62
1149,lpush5,1000000,829240.50
1149,lrange5,1000000,1251564.38
1150,lpush5,1000000,828000.06
1150,lrange5,1000000,1297016.88
1151,lpush5,1000000,838939.56
1151,lrange5,1000000,1285367.62
1152,lpush5,1000000,831374.94
1152,lrange5,1000000,1288804.12
1153,lpush5,1000000,833426.62
1153,lrange5,1000000,1140670.50
1154,lpush5,1000000,838303.44
1154,lrange5,1000000,1199232.62
1155,lpush5,1000000,833493.31
1155,lrange5,1000000,1194800.50
1156,lpush5,1000000,836846.81
1156,lrange5,1000000,1282051.38
1157,lpush5,1000000,829240.50
1157,lrange5,1000000,1278772.38
1158,lpush5,1000000,838939.56
1158,lrange5,1000000,1297141.38
1159,lpush5,1000000,850353.75
1159,lrange5,1000000,1295357.50
1160,lpush5,1000000,837520.94
1160,lrange5,1000000,1275510.25
1161,lpush5,1000000,833506.62
1161,lrange5,1000000,1293806.00
1162,lpush5,1000000,833333.31
1162,lrange5,1000000,1293661.00
1163,lpush5,1000000,833359.94
1163,lrange5,1000000,1293826.62
1164,lpush5,1000000,834241.88
1164,lrange5,1000000,1272285.00
1165,lpush5,1000000,834201.81
1165,lrange5,1000000,1218046.38
1166,lpush5,1000000,829412.94
1166,lrange5,1000000,1297058.38
1167,lpush5,1000000,831308.44
1167,lrange5,1000000,1230032.00
1168,lpush5,1000000,843224.31
1168,lrange5,1000000,1293868.00
1169,lpush5,1000000,839140.94
1169,lrange5,1000000,1297058.38
1170,lpush5,1000000,841069.81
1170,lrange5,1000000,1275530.62
1171,lpush5,1000000,843318.75
1171,lrange5,1000000,1295461.12
1172,lpush5,1000000,844594.56
1172,lrange5,1000000,1298722.12
1173,lpush5,1000000,836133.81
1173,lrange5,1000000,1297224.38
1174,lpush5,1000000,846023.69
1174,lrange5,1000000,1277302.75
1175,lpush5,1000000,839033.56
1175,lrange5,1000000,1300515.00
1176,lpush5,1000000,836361.19
1176,lrange5,1000000,1275673.50
1177,lpush5,1000000,841083.25
1177,lrange5,1000000,1272447.88
1178,lpush5,1000000,832013.31
1178,lrange5,1000000,1300452.50
1179,lpush5,1000000,836160.56
1179,lrange5,1000000,1186334.50
1180,lpush5,1000000,838276.62
1180,lrange5,1000000,1192219.38
1181,lpush5,1000000,832746.06
1181,lrange5,1000000,1290322.62
1182,lpush5,1000000,834028.38
1182,lrange5,1000000,1287042.50
1183,lpush5,1000000,834778.00
1183,lrange5,1000000,1303906.12
1184,lpush5,1000000,833386.62
1184,lrange5,1000000,1300577.38
1185,lpush5,1000000,836120.44
1185,lrange5,1000000,1282133.38
1186,lpush5,1000000,839751.50
1186,lrange5,1000000,1265843.00
1187,lpush5,1000000,841110.19
1187,lrange5,1000000,1183829.50
1188,lpush5,1000000,828579.94
1188,lrange5,1000000,1254845.62
1189,lpush5,1000000,844783.75
1189,lrange5,1000000,1234666.62
1190,lpush5,1000000,830061.38
1190,lrange5,1000000,1265843.00
1191,lpush5,1000000,843170.31
1191,lrange5,1000000,1297016.88
1192,lpush5,1000000,832706.12
1192,lrange5,1000000,1293868.00
1193,lpush5,1000000,834108.44
1193,lrange5,1000000,1200557.00
1194,lpush5,1000000,836133.81
1194,lrange5,1000000,1293681.75
1195,lpush5,1000000,839033.56
1195,lrange5,1000000,1280635.00
1196,lpush5,1000000,835462.00
1196,lrange5,1000000,1287001.25
1197,lpush5,1000000,829333.38
1197,lrange5,1000000,1300473.38
1198,lpush5,1000000,829187.44
1198,lrange5,1000000,1272346.00
1199,lpush5,1000000,843949.44
1199,lrange5,1000000,1297016.88
1200,lpush5,1000000,834804.69
1200,lrange5,1000000,1298722.12
1201,lpush5,1000000,832706.12
1201,lrange5,1000000,1261054.25
1202,lpush5,1000000,833346.62
1202,lrange5,1000000,1295378.25
1203,lpush5,1000000,847525.44
1203,lrange5,1000000,1256301.50
1204,lpush5,1000000,841096.69
1204,lrange5,1000000,1285429.25
1205,lpush5,1000000,840403.31
1205,lrange5,1000000,1280450.62
1206,lpush5,1000000,846199.62
1206,lrange5,1000000,1250220.00
1207,lpush5,1000000,827986.81
1207,lrange5,1000000,1256301.50
1208,lpush5,1000000,834938.25
1208,lrange5,1000000,1203542.75
1209,lpush5,1000000,830750.81
1209,lrange5,1000000,1193546.50
1210,lpush5,1000000,840551.25
1210,lrange5,1000000,1190742.88
1211,lpush5,1000000,840349.56
1211,lrange5,1000000,1270729.38
1212,lpush5,1000000,837614.75
1212,lrange5,1000000,1197949.75
1213,lpush5,1000000,835435.25
1213,lrange5,1000000,1258002.50
1214,lpush5,1000000,829359.88
1214,lrange5,1000000,1116375.00
1215,lpush5,1000000,844003.44
1215,lrange5,1000000,1196516.75
1216,lpush5,1000000,830617.94
1216,lrange5,1000000,1186543.25
1217,lpush5,1000000,842513.88
1217,lrange5,1000000,1240774.25
1218,lpush5,1000000,834764.62
1218,lrange5,1000000,1277221.00
1219,lpush5,1000000,827182.81
1219,lrange5,1000000,1283758.75
1220,lpush5,1000000,831255.25
1220,lrange5,1000000,1283861.38
1221,lpush5,1000000,831946.75
1221,lrange5,1000000,1231625.62
1222,lpush5,1000000,841750.88
1222,lrange5,1000000,1245350.00
1223,lpush5,1000000,832826.00
1223,lrange5,1000000,1295357.50
1224,lpush5,1000000,827867.56
1224,lrange5,1000000,1278772.38
1225,lpush5,1000000,846037.19
1225,lrange5,1000000,1287083.62
1226,lpush5,1000000,841979.81
1226,lrange5,1000000,1247002.50
1227,lpush5,1000000,839046.94
1227,lrange5,1000000,1237722.75
1228,lpush5,1000000,840363.00
1228,lrange5,1000000,1282174.38
1229,lpush5,1000000,837681.75
1229,lrange5,1000000,1187762.50
1230,lpush5,1000000,837561.12
1230,lrange5,1000000,1240714.62
1231,lpush5,1000000,838236.44
1231,lrange5,1000000,1250140.00
1232,lpush5,1000000,842675.62
1232,lrange5,1000000,1186676.12
1233,lpush5,1000000,834858.12
1233,lrange5,1000000,1237663.38
1234,lpush5,1000000,838290.06
1234,lrange5,1000000,1242414.88
1235,lpush5,1000000,847620.38
1235,lrange5,1000000,1272488.50
1236,lpush5,1000000,830578.06
1236,lrange5,1000000,1180920.88
1237,lpush5,1000000,827867.56
1237,lrange5,1000000,1293723.12
1238,lpush5,1000000,841096.69
1238,lrange5,1000000,1243940.25
1239,lpush5,1000000,839087.25
1239,lrange5,1000000,1180713.12
1240,lpush5,1000000,830564.81
1240,lrange5,1000000,1182411.38
1241,lpush5,1000000,840349.56
1241,lrange5,1000000,1193374.75
1242,lpush5,1000000,843183.81
1242,lrange5,1000000,1253132.88
1243,lpush5,1000000,836133.81
1243,lrange5,1000000,1273966.88
1244,lpush5,1000000,844097.94
1244,lrange5,1000000,1195068.12
1245,lpush5,1000000,835448.62
1245,lrange5,1000000,1189269.88
1246,lpush5,1000000,845362.69
1246,lrange5,1000000,1183526.62
1247,lpush5,1000000,844770.25
1247,lrange5,1000000,1230209.12
1248,lpush5,1000000,840349.56
1248,lrange5,1000000,1194781.38
1249,lpush5,1000000,840389.88
1249,lrange5,1000000,1259687.62
1250,lpush5,1000000,839778.38
1250,lrange5,1000000,1275510.25
1251,lpush5,1000000,833506.62
1251,lrange5,1000000,1193432.00
1252,lpush5,1000000,848271.38
1252,lrange5,1000000,1239395.38
1253,lpush5,1000000,839738.06
1253,lrange5,1000000,1194838.75
1254,lpush5,1000000,846159.00
1254,lrange5,1000000,1287186.62
1255,lpush5,1000000,834201.81
1255,lrange5,1000000,1287021.88
1256,lpush5,1000000,843170.31
1256,lrange5,1000000,1300702.25
1257,lpush5,1000000,829386.44
1257,lrange5,1000000,1280430.25
1258,lpush5,1000000,844770.25
1258,lrange5,1000000,1282215.38
1259,lpush5,1000000,836913.75
1259,lrange5,1000000,1283738.12
1260,lpush5,1000000,835609.00
1260,lrange5,1000000,1298784.50
1261,lpush5,1000000,829359.88
1261,lrange5,1000000,1188009.50
1262,lpush5,1000000,836294.31
1262,lrange5,1000000,1182392.38
1263,lpush5,1000000,832133.12
1263,lrange5,1000000,1275591.88
1264,lpush5,1000000,840430.19
1264,lrange5,1000000,1175125.75
1265,lpush5,1000000,833546.62
1265,lrange5,1000000,1240754.38
1266,lpush5,1000000,830564.81
1266,lrange5,1000000,1242335.38
1267,lpush5,1000000,838966.44
1267,lrange5,1000000,1197643.12
1268,lpush5,1000000,840416.75
1268,lrange5,1000000,1297037.62
1269,lpush5,1000000,836173.94
1269,lrange5,1000000,1259486.12
1270,lpush5,1000000,839791.81
1270,lrange5,1000000,1192200.25
1271,lpush5,1000000,834135.12
1271,lrange5,1000000,1274007.62
1272,lpush5,1000000,842648.69
1272,lrange5,1000000,1282153.88
1273,lpush5,1000000,838290.06
1273,lrange5,1000000,1196363.62
1274,lpush5,1000000,846091.31
1274,lrange5,1000000,1197681.50
1275,lpush5,1000000,828619.69
1275,lrange5,1000000,1293971.50
1276,lpush5,1000000,834791.38
1276,lrange5,1000000,1219512.25
1277,lpush5,1000000,834255.19
1277,lrange5,1000000,1189060.62
1278,lpush5,1000000,844648.62
1278,lrange5,1000000,1194838.75
1279,lpush5,1000000,827143.12
1279,lrange5,1000000,1254926.00
1280,lpush5,1000000,838939.56
1280,lrange5,1000000,1288804.12
1281,lpush5,1000000,847579.69
1281,lrange5,1000000,1285347.00
1282,lpush5,1000000,832746.06
1282,lrange5,1000000,1254765.38
1283,lpush5,1000000,836833.44
1283,lrange5,1000000,1300535.75
1284,lpush5,1000000,838979.81
1284,lrange5,1000000,1278813.25
1285,lpush5,1000000,836227.44
1285,lrange5,1000000,1297058.38
1286,lpush5,1000000,835462.00
1286,lrange5,1000000,1243801.00
1287,lpush5,1000000,837695.12
1287,lrange5,1000000,1189384.00
1288,lpush5,1000000,837534.31
1288,lrange5,1000000,1248439.50
1289,lpush5,1000000,841899.00
1289,lrange5,1000000,1163144.12
1290,lpush5,1000000,830564.81
1290,lrange5,1000000,1298784.50
1291,lpush5,1000000,835462.00
1291,lrange5,1000000,1207903.38
1292,lpush5,1000000,834215.19
1292,lrange5,1000000,1293764.50
1293,lpush5,1000000,834951.62
1293,lrange5,1000000,1297245.12
1294,lpush5,1000000,840363.00
1294,lrange5,1000000,1290487.75
1295,lpush5,1000000,837695.12
1295,lrange5,1000000,1248459.38
1296,lpush5,1000000,847471.25
1296,lrange5,1000000,1192257.50
1297,lpush5,1000000,825135.31
1297,lrange5,1000000,1144585.75
1298,lpush5,1000000,834041.69
1298,lrange5,1000000,1290446.50
1299,lpush5,1000000,837574.56
1299,lrange5,1000000,1180996.50
1300,lpush5,1000000,831946.75
1300,lrange5,1000000,1192257.50
1301,lpush5,1000000,840389.88
1301,lrange5,1000000,1305483.12
1302,lpush5,1000000,838290.06
1302,lrange5,1000000,1303780.88
1303,lpush5,1000000,839046.94
1303,lrange5,1000000,1261054.25
1304,lpush5,1000000,846753.62
1304,lrange5,1000000,1242395.00
1305,lpush5,1000000,825240.94
1305,lrange5,1000000,1200883.50
1306,lpush5,1000000,829293.56
1306,lrange5,1000000,1277282.25
1307,lpush5,1000000,835555.56
1307,lrange5,1000000,1277159.62
1308,lpush5,1000000,840510.88
1308,lrange5,1000000,1267467.75
1309,lpush5,1000000,832652.81
1309,lrange5,1000000,1208154.62
1310,lpush5,1000000,833479.94
1310,lrange5,1000000,1293723.12
1311,lpush5,1000000,828513.69
1311,lrange5,1000000,1203408.00
1312,lpush5,1000000,831268.50
1312,lrange5,1000000,1295544.00
1313,lpush5,1000000,826499.12
1313,lrange5,1000000,1182354.62
1314,lpush5,1000000,835488.69
1314,lrange5,1000000,1196421.00
1315,lpush5,1000000,837007.50
1315,lrange5,1000000,1287001.25
1316,lpush5,1000000,839751.50
1316,lrange5,1000000,1197930.62
1317,lpush5,1000000,835488.69
1317,lrange5,1000000,1197700.62
1318,lpush5,1000000,834161.81
1318,lrange5,1000000,1202019.25
1319,lpush5,1000000,832706.12
1319,lrange5,1000000,1194934.25
1320,lpush5,1000000,830578.06
1320,lrange5,1000000,1215144.62
1321,lpush5,1000000,840336.12
1321,lrange5,1000000,1300577.38
1322,lpush5,1000000,834068.38
1322,lrange5,1000000,1213747.62
1323,lpush5,1000000,839670.88
1323,lrange5,1000000,1270729.38
1324,lpush5,1000000,841110.19
1324,lrange5,1000000,1274089.12
1325,lpush5,1000000,838290.06
1325,lrange5,1000000,1274028.00
1326,lpush5,1000000,832039.94
1326,lrange5,1000000,1292093.00
1327,lpush5,1000000,842581.25
1327,lrange5,1000000,1246902.75
1328,lpush5,1000000,836833.44
1328,lrange5,1000000,1295399.00
1329,lpush5,1000000,828000.06
1329,lrange5,1000000,1123631.50
1330,lpush5,1000000,846037.19
1330,lrange5,1000000,1295419.62
1331,lpush5,1000000,831308.44
1331,lrange5,1000000,1251844.75
1332,lpush5,1000000,834161.81
1332,lrange5,1000000,1248459.38
1333,lpush5,1000000,832026.62
1333,lrange5,1000000,1256341.75
1334,lpush5,1000000,827973.56
1334,lrange5,1000000,1287021.88
1335,lpush5,1000000,834055.06
1335,lrange5,1000000,1205224.12
1336,lpush5,1000000,838263.25
1336,lrange5,1000000,1193489.25
1337,lpush5,1000000,830631.25
1337,lrange5,1000000,1256361.75
1338,lpush5,1000000,826618.12
1338,lrange5,1000000,1288721.62
1339,lpush5,1000000,836913.75
1339,lrange5,1000000,1193527.50
1340,lpush5,1000000,826459.50
1340,lrange5,1000000,1278772.38
1341,lpush5,1000000,831255.25
1341,lrange5,1000000,1199213.50
1342,lpush5,1000000,845362.69
1342,lrange5,1000000,1292196.38
1343,lpush5,1000000,830591.38
1343,lrange5,1000000,1247002.50
1344,lpush5,1000000,830671.12
1344,lrange5,1000000,1295440.38
1345,lpush5,1000000,829888.75
1345,lrange5,1000000,1278772.38
1346,lpush5,1000000,836294.31
1346,lrange5,1000000,805917.75
1347,lpush5,1000000,770428.38
1347,lrange5,1000000,1298701.38
1348,lpush5,1000000,836980.69
1348,lrange5,1000000,1269218.25
1349,lpush5,1000000,835502.06
1349,lrange5,1000000,1200749.12
1350,lpush5,1000000,834804.69
1350,lrange5,1000000,1277261.88
1351,lpush5,1000000,833399.94
1351,lrange5,1000000,1239355.62
1352,lpush5,1000000,824507.81
1352,lrange5,1000000,1264222.50
1353,lpush5,1000000,839127.50
1353,lrange5,1000000,1300452.50
1354,lpush5,1000000,826446.25
1354,lrange5,1000000,1206407.75
1355,lpush5,1000000,836294.31
1355,lrange5,1000000,1295440.38
1356,lpush5,1000000,830087.94
1356,lrange5,1000000,1267609.62
1357,lpush5,1000000,833453.31
1357,lrange5,1000000,1297037.62
1358,lpush5,1000000,839711.19
1358,lrange5,1000000,1302083.38
1359,lpush5,1000000,835462.00
1359,lrange5,1000000,1269076.12
1360,lpush5,1000000,834804.69
1360,lrange5,1000000,1203793.12
1361,lpush5,1000000,829928.62
1361,lrange5,1000000,1203388.75
1362,lpush5,1000000,835421.88
1362,lrange5,1000000,1200595.38
1363,lpush5,1000000,834175.12
1363,lrange5,1000000,1262626.25
1364,lpush5,1000000,837601.31
1364,lrange5,1000000,1303801.75
1365,lpush5,1000000,845349.12
1365,lrange5,1000000,1193355.62
1366,lpush5,1000000,839818.62
1366,lrange5,1000000,1264384.25
1367,lpush5,1000000,827235.75
1367,lrange5,1000000,1256462.25
1368,lpush5,1000000,836133.81
1368,lrange5,1000000,1203504.25
1369,lpush5,1000000,835609.00
1369,lrange5,1000000,1190552.38
1370,lpush5,1000000,827169.56
1370,lrange5,1000000,1206311.25
1371,lpush5,1000000,838290.06
1371,lrange5,1000000,1278772.38
1372,lpush5,1000000,837561.12
1372,lrange5,1000000,1251684.62
1373,lpush5,1000000,831268.50
1373,lrange5,1000000,1302104.12
1374,lpush5,1000000,825148.50
1374,lrange5,1000000,1269198.00
1375,lpush5,1000000,839140.94
1375,lrange5,1000000,1192200.25
1376,lpush5,1000000,831388.25
1376,lrange5,1000000,1283902.50
1377,lpush5,1000000,843210.81
1377,lrange5,1000000,1288824.75
1378,lpush5,1000000,837061.06
1378,lrange5,1000000,1298701.38
1379,lpush5,1000000,829902.06
1379,lrange5,1000000,1300473.38
1380,lpush5,1000000,833399.94
1380,lrange5,1000000,1209209.12
1381,lpush5,1000000,847539.00
1381,lrange5,1000000,1293743.88
1382,lpush5,1000000,832639.50
1382,lrange5,1000000,1300390.12
1383,lpush5,1000000,839644.00
1383,lrange5,1000000,1300577.38
1384,lpush5,1000000,840524.31
1384,lrange5,1000000,1302083.38
1385,lpush5,1000000,837735.31
1385,lrange5,1000000,1303780.88
1386,lpush5,1000000,830657.81
1386,lrange5,1000000,1245429.62
1387,lpush5,1000000,835435.25
1387,lrange5,1000000,1295336.75
1388,lpush5,1000000,829280.31
1388,lrange5,1000000,1305671.12
1389,lpush5,1000000,843264.75
1389,lrange5,1000000,1305483.12
1390,lpush5,1000000,837641.56
1390,lrange5,1000000,1272346.00
1391,lpush5,1000000,836267.56
1391,lrange5,1000000,1307336.00
1392,lpush5,1000000,836227.44
1392,lrange5,1000000,1288680.38
1393,lpush5,1000000,838993.25
1393,lrange5,1000000,1298742.88
1394,lpush5,1000000,827143.12
1394,lrange5,1000000,1127413.75
1395,lpush5,1000000,846970.38
1395,lrange5,1000000,1297162.12
1396,lpush5,1000000,841217.81
1396,lrange5,1000000,1292175.75
1397,lpush5,1000000,836187.31
1397,lrange5,1000000,1197930.62
1398,lpush5,1000000,834818.06
1398,lrange5,1000000,1303780.88
1399,lpush5,1000000,839127.50
1399,lrange5,1000000,1298888.38
1400,lpush5,1000000,824455.00
1400,lrange5,1000000,1259445.75
1401,lpush5,1000000,834791.38
1401,lrange5,1000000,1307336.00
1402,lpush5,1000000,829386.44
1402,lrange5,1000000,1310783.75
1403,lpush5,1000000,841791.25
1403,lrange5,1000000,1186467.38
1404,lpush5,1000000,835502.06
1404,lrange5,1000000,1283820.25
1405,lpush5,1000000,830578.06
1405,lrange5,1000000,1303780.88
1406,lpush5,1000000,834724.56
1406,lrange5,1000000,1300390.12
1407,lpush5,1000000,826459.50
1407,lrange5,1000000,1257901.88
1408,lpush5,1000000,832133.12
1408,lrange5,1000000,1207903.38
1409,lpush5,1000000,836240.81
1409,lrange5,1000000,1278956.50
1410,lpush5,1000000,821758.44
1410,lrange5,1000000,1277282.25
1411,lpush5,1000000,834095.06
1411,lrange5,1000000,1290467.12
1412,lpush5,1000000,832865.94
1412,lrange5,1000000,1283779.25
1413,lpush5,1000000,832706.12
1413,lrange5,1000000,1192295.62
1414,lpush5,1000000,830021.56
1414,lrange5,1000000,1197624.00
1415,lpush5,1000000,833426.62
1415,lrange5,1000000,1190533.38
1416,lpush5,1000000,826001.69
1416,lrange5,1000000,1194934.25
1417,lpush5,1000000,834884.81
1417,lrange5,1000000,1253132.88
1418,lpush5,1000000,846753.62
1418,lrange5,1000000,1202038.38
1419,lpush5,1000000,837534.31
1419,lrange5,1000000,1270648.00
1420,lpush5,1000000,840349.56
1420,lrange5,1000000,1237683.12
1421,lpush5,1000000,827182.81
1421,lrange5,1000000,1236252.12
1422,lpush5,1000000,839818.62
1422,lrange5,1000000,1298742.88
1423,lpush5,1000000,826657.81
1423,lrange5,1000000,1293743.88
1424,lpush5,1000000,834764.62
1424,lrange5,1000000,1278956.50
1425,lpush5,1000000,838276.62
1425,lrange5,1000000,1293847.38
1426,lpush5,1000000,839805.19
1426,lrange5,1000000,1199117.50
1427,lpush5,1000000,824494.62
1427,lrange5,1000000,1285388.12
1428,lpush5,1000000,834081.75
1428,lrange5,1000000,1272325.62
1429,lpush5,1000000,834228.50
1429,lrange5,1000000,1282092.38
1430,lpush5,1000000,835475.31
1430,lrange5,1000000,1295378.25
1431,lpush5,1000000,832066.56
1431,lrange5,1000000,1202057.62
1432,lpush5,1000000,831946.75
1432,lrange5,1000000,1204819.25
1433,lpush5,1000000,833546.62
1433,lrange5,1000000,1190476.25
1434,lpush5,1000000,832799.38
1434,lrange5,1000000,1300390.12
1435,lpush5,1000000,830061.38
1435,lrange5,1000000,1298826.00
1436,lpush5,1000000,843949.44
1436,lrange5,1000000,1251704.62
1437,lpush5,1000000,828725.75
1437,lrange5,1000000,1259627.12
1438,lpush5,1000000,836820.06
1438,lrange5,1000000,1278915.62
1439,lpush5,1000000,839154.31
1439,lrange5,1000000,1292155.00
1440,lpush5,1000000,831255.25
1440,lrange5,1000000,1302208.38
1441,lpush5,1000000,831308.44
1441,lrange5,1000000,1290405.25
1442,lpush5,1000000,836160.56
1442,lrange5,1000000,1277282.25
1443,lpush5,1000000,841150.56
1443,lrange5,1000000,1297120.62
1444,lpush5,1000000,839644.00
1444,lrange5,1000000,1203716.00
1445,lpush5,1000000,836187.31
1445,lrange5,1000000,1275693.88
1446,lpush5,1000000,848230.69
1446,lrange5,1000000,1277343.62
1447,lpush5,1000000,828606.44
1447,lrange5,1000000,1283738.12
1448,lpush5,1000000,840457.12
1448,lrange5,1000000,1206446.38
1449,lpush5,1000000,828606.44
1449,lrange5,1000000,1240893.25
1450,lpush5,1000000,829306.81
1450,lrange5,1000000,1300452.50
1451,lpush5,1000000,836120.44
1451,lrange5,1000000,1292010.38
1452,lpush5,1000000,834188.50
1452,lrange5,1000000,1290405.25
1453,lpush5,1000000,829968.44
1453,lrange5,1000000,1250020.00
1454,lpush5,1000000,824468.25
1454,lrange5,1000000,1298992.25
1455,lpush5,1000000,835448.62
1455,lrange5,1000000,1283758.75
1456,lpush5,1000000,836334.44
1456,lrange5,1000000,1293847.38
1457,lpush5,1000000,826631.38
1457,lrange5,1000000,1243820.88
1458,lpush5,1000000,834831.44
1458,lrange5,1000000,1300577.38
1459,lpush5,1000000,836240.81
1459,lrange5,1000000,1253193.00
1460,lpush5,1000000,833399.94
1460,lrange5,1000000,1200633.88
1461,lpush5,1000000,830617.94
1461,lrange5,1000000,1190781.00
1462,lpush5,1000000,839805.19
1462,lrange5,1000000,1194800.50
1463,lpush5,1000000,823828.69
1463,lrange5,1000000,1186315.50
1464,lpush5,1000000,826552.06
1464,lrange5,1000000,1206291.88
1465,lpush5,1000000,831308.44
1465,lrange5,1000000,1302229.12
1466,lpush5,1000000,831468.06
1466,lrange5,1000000,1196478.38
1467,lpush5,1000000,827341.62
1467,lrange5,1000000,1278772.38
1468,lpush5,1000000,836133.81
1468,lrange5,1000000,1251564.38
1469,lpush5,1000000,833373.31
1469,lrange5,1000000,1300556.62
1470,lpush5,1000000,834898.19
1470,lrange5,1000000,1292031.00
1471,lpush5,1000000,841164.00
1471,lrange5,1000000,1302166.62
1472,lpush5,1000000,835595.62
1472,lrange5,1000000,1236133.50
1473,lpush5,1000000,839697.75
1473,lrange5,1000000,1279079.25
1474,lpush5,1000000,846970.38
1474,lrange5,1000000,1307231.38
1475,lpush5,1000000,833559.94
1475,lrange5,1000000,1283717.62
1476,lpush5,1000000,840389.88
1476,lrange5,1000000,1298888.38
1477,lpush5,1000000,836873.62
1477,lrange5,1000000,1310804.75
1478,lpush5,1000000,832679.44
1478,lrange5,1000000,1242414.88
1479,lpush5,1000000,826552.06
1479,lrange5,1000000,1297037.62
1480,lpush5,1000000,830604.62
1480,lrange5,1000000,1303843.50
1481,lpush5,1000000,829915.31
1481,lrange5,1000000,1303864.38
1482,lpush5,1000000,835609.00
1482,lrange5,1000000,1261235.88
1483,lpush5,1000000,839033.56
1483,lrange5,1000000,1302125.00
1484,lpush5,1000000,839100.62
1484,lrange5,1000000,1309068.12
1485,lpush5,1000000,841231.25
1485,lrange5,1000000,1310637.00
1486,lpush5,1000000,839805.19
1486,lrange5,1000000,1307294.12
1487,lpush5,1000000,838979.81
1487,lrange5,1000000,1287227.75
1488,lpush5,1000000,826657.81
1488,lrange5,1000000,1195068.12
1489,lpush5,1000000,832706.12
1489,lrange5,1000000,1272305.38
1490,lpush5,1000000,834108.44
1490,lrange5,1000000,1203619.75
1491,lpush5,1000000,829280.31
1491,lrange5,1000000,1302083.38
1492,lpush5,1000000,833519.94
1492,lrange5,1000000,1227111.62
1493,lpush5,1000000,836873.62
1493,lrange5,1000000,1145548.62
1494,lpush5,1000000,839100.62
1494,lrange5,1000000,1285367.62
1495,lpush5,1000000,836334.44
1495,lrange5,1000000,1302104.12
1496,lpush5,1000000,830008.25
1496,lrange5,1000000,1201942.25
1497,lpush5,1000000,838926.12
1497,lrange5,1000000,1298805.25
1498,lpush5,1000000,847457.69
1498,lrange5,1000000,1292196.38
1499,lpush5,1000000,842608.25
1499,lrange5,1000000,1297037.62
1500,lpush5,1000000,836347.81
1500,lrange5,1000000,1192009.50
1501,lpush5,1000000,827867.56
1501,lrange5,1000000,1300431.75
1502,lpush5,1000000,828553.44
1502,lrange5,1000000,1297016.88
1503,lpush5,1000000,828540.19
1503,lrange5,1000000,1278813.25
1504,lpush5,1000000,834778.00
1504,lrange5,1000000,1197624.00
1505,lpush5,1000000,828619.69
1505,lrange5,1000000,1298909.12
1506,lpush5,1000000,831986.69
1506,lrange5,1000000,1282133.38
1507,lpush5,1000000,844608.12
1507,lrange5,1000000,885782.12
1508,lpush5,1000000,830564.81
1508,lrange5,1000000,1248639.25
1509,lpush5,1000000,830631.25
1509,lrange5,1000000,1196172.25
1510,lpush5,1000000,843183.81
1510,lrange5,1000000,1240714.62
1511,lpush5,1000000,830764.12
1511,lrange5,1000000,1261155.12
1512,lpush5,1000000,843170.31
1512,lrange5,1000000,1293743.88
1513,lpush5,1000000,835462.00
1513,lrange5,1000000,1297037.62
1514,lpush5,1000000,829267.00
1514,lrange5,1000000,1199271.00
1515,lpush5,1000000,832706.12
1515,lrange5,1000000,1250120.00
1516,lpush5,1000000,830564.81
1516,lrange5,1000000,1257901.88
1517,lpush5,1000000,835488.69
1517,lrange5,1000000,1297245.12
1518,lpush5,1000000,827827.88
1518,lrange5,1000000,1273905.75
1519,lpush5,1000000,830564.81
1519,lrange5,1000000,1208077.25
1520,lpush5,1000000,835462.00
1520,lrange5,1000000,1298784.50
1521,lpush5,1000000,832119.81
1521,lrange5,1000000,1197815.62
1522,lpush5,1000000,837520.94
1522,lrange5,1000000,1293702.50
1523,lpush5,1000000,826657.81
1523,lrange5,1000000,1193355.62
1524,lpush5,1000000,832666.12
1524,lrange5,1000000,1303801.75
1525,lpush5,1000000,832639.50
1525,lrange5,1000000,1187705.50
1526,lpush5,1000000,828686.00
1526,lrange5,1000000,1254926.00
1527,lpush5,1000000,825922.38
1527,lrange5,1000000,1302125.00
1528,lpush5,1000000,835475.31
1528,lrange5,1000000,1256281.38
1529,lpush5,1000000,827827.88
1529,lrange5,1000000,1292175.75
1530,lpush5,1000000,834201.81
1530,lrange5,1000000,1251804.75
1531,lpush5,1000000,841258.19
1531,lrange5,1000000,1253333.38
1532,lpush5,1000000,838276.62
1532,lrange5,1000000,1303968.62
1533,lpush5,1000000,827315.12
1533,lrange5,1000000,1274048.38
1534,lpush5,1000000,835515.44
1534,lrange5,1000000,1278772.38
1535,lpush5,1000000,837534.31
1535,lrange5,1000000,1156365.25
1536,lpush5,1000000,841764.31
1536,lrange5,1000000,1196535.88
1537,lpush5,1000000,837007.50
1537,lrange5,1000000,1298805.25
1538,lpush5,1000000,834108.44
1538,lrange5,1000000,1248539.38
1539,lpush5,1000000,839684.31
1539,lrange5,1000000,1292010.38
1540,lpush5,1000000,833413.31
1540,lrange5,1000000,1295357.50
1541,lpush5,1000000,838290.06
1541,lrange5,1000000,1269137.12
1542,lpush5,1000000,838263.25
1542,lrange5,1000000,1295502.62
1543,lpush5,1000000,836240.81
1543,lrange5,1000000,1210808.75
1544,lpush5,1000000,840564.69
1544,lrange5,1000000,1295336.75
1545,lpush5,1000000,839697.75
1545,lrange5,1000000,1298701.38
1546,lpush5,1000000,835475.31
1546,lrange5,1000000,1254785.50
1547,lpush5,1000000,832786.00
1547,lrange5,1000000,1283840.88
1548,lpush5,1000000,846916.19
1548,lrange5,1000000,1288824.75
1549,lpush5,1000000,831946.75
1549,lrange5,1000000,1300452.50
1550,lpush5,1000000,834818.06
1550,lrange5,1000000,881113.69
1551,lpush5,1000000,827169.56
1551,lrange5,1000000,1297141.38
1552,lpush5,1000000,836254.19
1552,lrange5,1000000,1297141.38
1553,lpush5,1000000,837574.56
1553,lrange5,1000000,1290508.38
1554,lpush5,1000000,834965.00
1554,lrange5,1000000,1297203.62
1555,lpush5,1000000,830724.25
1555,lrange5,1000000,1196421.00
1556,lpush5,1000000,834778.00
1556,lrange5,1000000,1273946.50
1557,lpush5,1000000,848964.38
1557,lrange5,1000000,1203735.25
1558,lpush5,1000000,834081.75
1558,lrange5,1000000,1283840.88
1559,lpush5,1000000,833519.94
1559,lrange5,1000000,1298867.62
1560,lpush5,1000000,834938.25
1560,lrange5,1000000,1292031.00
1561,lpush5,1000000,832732.75
1561,lrange5,1000000,1182241.12
1562,lpush5,1000000,838939.56
1562,lrange5,1000000,1200614.62
1563,lpush5,1000000,831946.75
1563,lrange5,1000000,1253313.38
1564,lpush5,1000000,835462.00
1564,lrange5,1000000,1190704.75
1565,lpush5,1000000,839114.06
1565,lrange5,1000000,1300535.75
1566,lpush5,1000000,831255.25
1566,lrange5,1000000,1280430.25
1567,lpush5,1000000,832639.50
1567,lrange5,1000000,1290343.25
1568,lpush5,1000000,833546.62
1568,lrange5,1000000,1272325.62
1569,lpush5,1000000,838276.62
1569,lrange5,1000000,1191990.50
1570,lpush5,1000000,836953.94
1570,lrange5,1000000,1275530.62
1571,lpush5,1000000,836873.62
1571,lrange5,1000000,1300535.75
1572,lpush5,1000000,849712.81
1572,lrange5,1000000,1290363.88
1573,lpush5,1000000,838410.75
1573,lrange5,1000000,1293723.12
1574,lpush5,1000000,841123.62
1574,lrange5,1000000,1288721.62
1575,lpush5,1000000,848352.81
1575,lrange5,1000000,1184891.00
1576,lpush5,1000000,834778.00
1576,lrange5,1000000,1291989.62
1577,lpush5,1000000,841137.06
1577,lrange5,1000000,1192162.12
1578,lpush5,1000000,832852.62
1578,lrange5,1000000,1193393.75
1579,lpush5,1000000,834791.38
1579,lrange5,1000000,1300556.62
1580,lpush5,1000000,839087.25
1580,lrange5,1000000,1201942.25
1581,lpush5,1000000,845362.69
1581,lrange5,1000000,1298909.12
1582,lpush5,1000000,831281.81
1582,lrange5,1000000,1295523.25
1583,lpush5,1000000,827315.12
1583,lrange5,1000000,1195163.62
1584,lpush5,1000000,831255.25
1584,lrange5,1000000,1194972.50
1585,lpush5,1000000,826512.38
1585,lrange5,1000000,1253253.12
1586,lpush5,1000000,827288.69
1586,lrange5,1000000,1245549.25
1587,lpush5,1000000,839845.50
1587,lrange5,1000000,1248619.25
1588,lpush5,1000000,841271.62
1588,lrange5,1000000,1295564.75
1589,lpush5,1000000,839140.94
1589,lrange5,1000000,1267569.12
1590,lpush5,1000000,840349.56
1590,lrange5,1000000,1302187.50
1591,lpush5,1000000,836120.44
1591,lrange5,1000000,1254745.25
1592,lpush5,1000000,824573.75
1592,lrange5,1000000,1261034.12
1593,lpush5,1000000,838263.25
1593,lrange5,1000000,1285388.12
1594,lpush5,1000000,836240.81
1594,lrange5,1000000,1202076.88
1595,lpush5,1000000,836160.56
1595,lrange5,1000000,1259445.75
1596,lpush5,1000000,829902.06
1596,lrange5,1000000,1298742.88
1597,lpush5,1000000,823723.25
1597,lrange5,1000000,1195010.75
1598,lpush5,1000000,829306.81
1598,lrange5,1000000,1191933.25
1599,lpush5,1000000,840403.31
1599,lrange5,1000000,1196172.25
1600,lpush5,1000000,827827.88
1600,lrange5,1000000,1257881.75
1601,lpush5,1000000,834778.00
1601,lrange5,1000000,1290487.75
1602,lpush5,1000000,839751.50
1602,lrange5,1000000,1245350.00
1603,lpush5,1000000,837708.56
1603,lrange5,1000000,1269076.12
1604,lpush5,1000000,823762.75
1604,lrange5,1000000,1267467.75
1605,lpush5,1000000,834081.75
1605,lrange5,1000000,1302291.62
1606,lpush5,1000000,825201.31
1606,lrange5,1000000,1254805.50
1607,lpush5,1000000,841190.94
1607,lrange5,1000000,1305524.88
1608,lpush5,1000000,833453.31
1608,lrange5,1000000,1305566.62
1609,lpush5,1000000,829875.50
1609,lrange5,1000000,1186505.38
1610,lpush5,1000000,841858.62
1610,lrange5,1000000,1280635.00
1611,lpush5,1000000,821824.12
1611,lrange5,1000000,1297037.62
1612,lpush5,1000000,838223.00
1612,lrange5,1000000,1190533.38
1613,lpush5,1000000,834095.06
1613,lrange5,1000000,1300390.12
1614,lpush5,1000000,829213.94
1614,lrange5,1000000,1256482.38
1615,lpush5,1000000,835542.19
1615,lrange5,1000000,1267447.50
1616,lpush5,1000000,836133.81
1616,lrange5,1000000,1275530.62
1617,lpush5,1000000,839154.31
1617,lrange5,1000000,1193603.88
1618,lpush5,1000000,829293.56
1618,lrange5,1000000,1300431.75
1619,lpush5,1000000,844070.94
1619,lrange5,1000000,1187762.50
1620,lpush5,1000000,836120.44
1620,lrange5,1000000,1216583.88
1621,lpush5,1000000,845376.19
1621,lrange5,1000000,1298826.00
1622,lpush5,1000000,839738.06
1622,lrange5,1000000,1305524.88
1623,lpush5,1000000,834095.06
1623,lrange5,1000000,1183659.12
1624,lpush5,1000000,841831.69
1624,lrange5,1000000,1288783.50
1625,lpush5,1000000,831414.81
1625,lrange5,1000000,1275571.50
1626,lpush5,1000000,835515.44
1626,lrange5,1000000,1287063.00
1627,lpush5,1000000,834924.94
1627,lrange5,1000000,1287145.38
1628,lpush5,1000000,836133.81
1628,lrange5,1000000,1283717.62
1629,lpush5,1000000,842459.94
1629,lrange5,1000000,1195163.62
1630,lpush5,1000000,836173.94
1630,lrange5,1000000,1209228.50
1631,lpush5,1000000,829267.00
1631,lrange5,1000000,1300619.00
1632,lpush5,1000000,838926.12
1632,lrange5,1000000,1287248.38
1633,lpush5,1000000,834121.75
1633,lrange5,1000000,1298742.88
1634,lpush5,1000000,836133.81
1634,lrange5,1000000,1292010.38
1635,lpush5,1000000,839630.56
1635,lrange5,1000000,1280409.75
1636,lpush5,1000000,827209.25
1636,lrange5,1000000,1303947.88
1637,lpush5,1000000,827196.06
1637,lrange5,1000000,1245429.62
1638,lpush5,1000000,831986.69
1638,lrange5,1000000,1245429.62
1639,lpush5,1000000,844608.12
1639,lrange5,1000000,1302125.00
1640,lpush5,1000000,837695.12
1640,lrange5,1000000,1285388.12
1641,lpush5,1000000,833533.31
1641,lrange5,1000000,1305566.62
1642,lpush5,1000000,836120.44
1642,lrange5,1000000,1292051.75
1643,lpush5,1000000,835649.12
1643,lrange5,1000000,1182392.38
1644,lpush5,1000000,826499.12
1644,lrange5,1000000,1256341.75
1645,lpush5,1000000,829293.56
1645,lrange5,1000000,1194953.38
1646,lpush5,1000000,828000.06
1646,lrange5,1000000,1193432.00
1647,lpush5,1000000,836361.19
1647,lrange5,1000000,1160389.75
1648,lpush5,1000000,832786.00
1648,lrange5,1000000,1285511.62
1649,lpush5,1000000,831494.62
1649,lrange5,1000000,1267427.12
1650,lpush5,1000000,842459.94
1650,lrange5,1000000,1291989.62
1651,lpush5,1000000,830671.12
1651,lrange5,1000000,1295502.62
1652,lpush5,1000000,836913.75
1652,lrange5,1000000,1295399.00
1653,lpush5,1000000,823216.44
1653,lrange5,1000000,1298846.75
1654,lpush5,1000000,829875.50
1654,lrange5,1000000,1280409.75
1655,lpush5,1000000,835649.12
1655,lrange5,1000000,1185061.62
1656,lpush5,1000000,842554.31
1656,lrange5,1000000,1208115.88
1657,lpush5,1000000,838276.62
1657,lrange5,1000000,1290322.62
1658,lpush5,1000000,830101.19
1658,lrange5,1000000,1302125.00
1659,lpush5,1000000,833359.94
1659,lrange5,1000000,1193451.12
1660,lpush5,1000000,833506.62
1660,lrange5,1000000,1200902.75
1661,lpush5,1000000,846050.75
1661,lrange5,1000000,1245389.88
1662,lpush5,1000000,836133.81
1662,lrange5,1000000,1256402.00
1663,lpush5,1000000,827288.69
1663,lrange5,1000000,1248499.38
1664,lpush5,1000000,827301.94
1664,lrange5,1000000,1272285.00
1665,lpush5,1000000,837574.56
1665,lrange5,1000000,1290446.50
1666,lpush5,1000000,838979.81
1666,lrange5,1000000,1290343.25
1667,lpush5,1000000,832772.69
1667,lrange5,1000000,1288680.38
1668,lpush5,1000000,839630.56
1668,lrange5,1000000,1190800.00
1669,lpush5,1000000,830021.56
1669,lrange5,1000000,1288721.62
1670,lpush5,1000000,844594.56
1670,lrange5,1000000,1199290.12
1671,lpush5,1000000,835635.75
1671,lrange5,1000000,1237801.88
1672,lpush5,1000000,827235.75
1672,lrange5,1000000,1275571.50
1673,lpush5,1000000,831960.06
1673,lrange5,1000000,1292175.75
1674,lpush5,1000000,843895.38
1674,lrange5,1000000,1303822.62
1675,lpush5,1000000,831308.44
1675,lrange5,1000000,1292134.38
1676,lpush5,1000000,835528.81
1676,lrange5,1000000,1298784.50
1677,lpush5,1000000,838223.00
1677,lrange5,1000000,1262727.25
1678,lpush5,1000000,828513.69
1678,lrange5,1000000,1290425.88
1679,lpush5,1000000,839154.31
1679,lrange5,1000000,1290508.38
1680,lpush5,1000000,845362.69
1680,lrange5,1000000,1285367.62
1681,lpush5,1000000,827854.31
1681,lrange5,1000000,1282133.38
1682,lpush5,1000000,827854.31
1682,lrange5,1000000,1173934.25
1683,lpush5,1000000,843224.31
1683,lrange5,1000000,1194743.12
1684,lpush5,1000000,835609.00
1684,lrange5,1000000,1193699.25
1685,lpush5,1000000,825108.88
1685,lrange5,1000000,1231586.25
1686,lpush5,1000000,832066.56
1686,lrange5,1000000,1288680.38
1687,lpush5,1000000,834068.38
1687,lrange5,1000000,1290425.88
1688,lpush5,1000000,823881.38
1688,lrange5,1000000,1254905.88
1689,lpush5,1000000,821705.81
1689,lrange5,1000000,1290343.25
1690,lpush5,1000000,830034.81
1690,lrange5,1000000,1205243.38
1691,lpush5,1000000,836187.31
1691,lrange5,1000000,1205089.12
1692,lpush5,1000000,842500.38
1692,lrange5,1000000,1282112.88
1693,lpush5,1000000,843372.69
1693,lrange5,1000000,1280450.62
1694,lpush5,1000000,834804.69
1694,lrange5,1000000,1201980.75
1695,lpush5,1000000,836967.31
1695,lrange5,1000000,1186486.38
1696,lpush5,1000000,838223.00
1696,lrange5,1000000,1302145.88
1697,lpush5,1000000,840430.19
1697,lrange5,1000000,1230110.62
1698,lpush5,1000000,838939.56
1698,lrange5,1000000,1203369.50
1699,lpush5,1000000,841939.44
1699,lrange5,1000000,1205031.38
1700,lpush5,1000000,835475.31
1700,lrange5,1000000,1273905.75
1701,lpush5,1000000,834188.50
1701,lrange5,1000000,1200480.12
1702,lpush5,1000000,840389.88
1702,lrange5,1000000,1302145.88
1703,lpush5,1000000,831308.44
1703,lrange5,1000000,1303801.75
1704,lpush5,1000000,838263.25
1704,lrange5,1000000,1303947.88
1705,lpush5,1000000,833479.94
1705,lrange5,1000000,1295399.00
1706,lpush5,1000000,834041.69
1706,lrange5,1000000,1302083.38
1707,lpush5,1000000,836873.62
1707,lrange5,1000000,1297079.12
1708,lpush5,1000000,832772.69
1708,lrange5,1000000,1288866.00
1709,lpush5,1000000,834844.75
1709,lrange5,1000000,1224068.62
1710,lpush5,1000000,838993.25
1710,lrange5,1000000,1305483.12
1711,lpush5,1000000,841912.50
1711,lrange5,1000000,1194781.38
1712,lpush5,1000000,841137.06
1712,lrange5,1000000,1287166.00
1713,lpush5,1000000,834175.12
1713,lrange5,1000000,1247122.25
1714,lpush5,1000000,843935.88
1714,lrange5,1000000,1254785.50
1715,lpush5,1000000,831960.06
1715,lrange5,1000000,1285532.12
1716,lpush5,1000000,832799.38
1716,lrange5,1000000,1282051.38
1717,lpush5,1000000,838249.81
1717,lrange5,1000000,1295357.50
1718,lpush5,1000000,836160.56
1718,lrange5,1000000,1300577.38
1719,lpush5,1000000,841750.88
1719,lrange5,1000000,1298888.38
1720,lpush5,1000000,837061.06
1720,lrange5,1000000,1205185.62
1721,lpush5,1000000,838236.44
1721,lrange5,1000000,1265822.75
1722,lpush5,1000000,843291.75
1722,lrange5,1000000,1293743.88
1723,lpush5,1000000,842675.62
1723,lrange5,1000000,1196440.12
1724,lpush5,1000000,842500.38
1724,lrange5,1000000,1305504.00
1725,lpush5,1000000,835528.81
1725,lrange5,1000000,1297141.38
1726,lpush5,1000000,832746.06
1726,lrange5,1000000,1278874.62
1727,lpush5,1000000,829902.06
1727,lrange5,1000000,1258083.00
1728,lpush5,1000000,831454.75
1728,lrange5,1000000,1113674.88
1729,lpush5,1000000,758271.44
1729,lrange5,1000000,1190495.25
1730,lpush5,1000000,835595.62
1730,lrange5,1000000,1193355.62
1731,lpush5,1000000,834188.50
1731,lrange5,1000000,1272285.00
1732,lpush5,1000000,832719.44
1732,lrange5,1000000,1265822.75
1733,lpush5,1000000,845362.69
1733,lrange5,1000000,1298846.75
1734,lpush5,1000000,834068.38
1734,lrange5,1000000,1283943.50
1735,lpush5,1000000,834818.06
1735,lrange5,1000000,1264283.12
1736,lpush5,1000000,847457.69
1736,lrange5,1000000,1283738.12
1737,lpush5,1000000,841925.94
1737,lrange5,1000000,1288721.62
1738,lpush5,1000000,843345.69
1738,lrange5,1000000,1176545.88
1739,lpush5,1000000,840336.12
1739,lrange5,1000000,1302291.62
1740,lpush5,1000000,829267.00
1740,lrange5,1000000,1190781.00
1741,lpush5,1000000,834135.12
1741,lrange5,1000000,1191895.12
1742,lpush5,1000000,824415.44
1742,lrange5,1000000,1243900.50
1743,lpush5,1000000,827894.06
1743,lrange5,1000000,1302125.00
1744,lpush5,1000000,831960.06
1744,lrange5,1000000,1297058.38
1745,lpush5,1000000,832119.81
1745,lrange5,1000000,1176470.50
1746,lpush5,1000000,837561.12
1746,lrange5,1000000,1293826.62
1747,lpush5,1000000,832173.00
1747,lrange5,1000000,1221020.75
1748,lpush5,1000000,832852.62
1748,lrange5,1000000,1285347.00
1749,lpush5,1000000,824521.00
1749,lrange5,1000000,1288701.00
1750,lpush5,1000000,838926.12
1750,lrange5,1000000,1194743.12
1751,lpush5,1000000,827947.06
1751,lrange5,1000000,1196459.25
1752,lpush5,1000000,842500.38
1752,lrange5,1000000,1285367.62
1753,lpush5,1000000,828026.50
1753,lrange5,1000000,1233045.62
1754,lpush5,1000000,831268.50
1754,lrange5,1000000,1290508.38
1755,lpush5,1000000,834255.19
1755,lrange5,1000000,1300494.12
1756,lpush5,1000000,836133.81
1756,lrange5,1000000,1278772.38
1757,lpush5,1000000,832786.00
1757,lrange5,1000000,1272468.12
1758,lpush5,1000000,833399.94
1758,lrange5,1000000,1297120.62
1759,lpush5,1000000,838263.25
1759,lrange5,1000000,1270709.00
1760,lpush5,1000000,834215.19
1760,lrange5,1000000,1293702.50
1761,lpush5,1000000,829888.75
1761,lrange5,1000000,1298929.88
1762,lpush5,1000000,836187.31
1762,lrange5,1000000,1183431.88
1763,lpush5,1000000,833373.31
1763,lrange5,1000000,1303947.88
1764,lpush5,1000000,840416.75
1764,lrange5,1000000,1287145.38
1765,lpush5,1000000,836860.19
1765,lrange5,1000000,1302083.38
1766,lpush5,1000000,829240.50
1766,lrange5,1000000,1288762.88
1767,lpush5,1000000,829915.31
1767,lrange5,1000000,1254785.50
1768,lpush5,1000000,843922.38
1768,lrange5,1000000,1302104.12
1769,lpush5,1000000,829928.62
1769,lrange5,1000000,1285429.25
1770,lpush5,1000000,844608.12
1770,lrange5,1000000,1303947.88
1771,lpush5,1000000,834737.94
1771,lrange5,1000000,1287145.38
1772,lpush5,1000000,830657.81
1772,lrange5,1000000,1295440.38
1773,lpush5,1000000,841069.81
1773,lrange5,1000000,1190609.50
1774,lpush5,1000000,837641.56
1774,lrange5,1000000,1300515.00
1775,lpush5,1000000,846902.62
1775,lrange5,1000000,1257901.88
1776,lpush5,1000000,828553.44
1776,lrange5,1000000,1287001.25
1777,lpush5,1000000,830008.25
1777,lrange5,1000000,1303947.88
1778,lpush5,1000000,849726.38
1778,lrange5,1000000,1302083.38
1779,lpush5,1000000,841818.19
1779,lrange5,1000000,1253132.88
1780,lpush5,1000000,834081.75
1780,lrange5,1000000,1295399.00
1781,lpush5,1000000,841204.38
1781,lrange5,1000000,1269055.88
1782,lpush5,1000000,838979.81
1782,lrange5,1000000,1297037.62
1783,lpush5,1000000,837587.94
1783,lrange5,1000000,1193603.88
1784,lpush5,1000000,832039.94
1784,lrange5,1000000,1293702.50
1785,lpush5,1000000,831268.50
1785,lrange5,1000000,1309005.25
1786,lpush5,1000000,836294.31
1786,lrange5,1000000,1185213.25
1787,lpush5,1000000,845524.94
1787,lrange5,1000000,1157462.88
1788,lpush5,1000000,841096.69
1788,lrange5,1000000,1152368.75
1789,lpush5,1000000,834095.06
1789,lrange5,1000000,1196363.62
1790,lpush5,1000000,828566.69
1790,lrange5,1000000,1278854.25
1791,lpush5,1000000,831281.81
1791,lrange5,1000000,1287042.50
1792,lpush5,1000000,830578.06
1792,lrange5,1000000,1171185.00
1793,lpush5,1000000,827196.06
1793,lrange5,1000000,1196401.88
1794,lpush5,1000000,829227.19
1794,lrange5,1000000,1210673.12
1795,lpush5,1000000,846240.25
1795,lrange5,1000000,1297016.88
1796,lpush5,1000000,839046.94
1796,lrange5,1000000,1300390.12
1797,lpush5,1000000,844608.12
1797,lrange5,1000000,1234587.62
1798,lpush5,1000000,828553.44
1798,lrange5,1000000,1160334.12
1799,lpush5,1000000,825082.50
1799,lrange5,1000000,1200653.00
1800,lpush5,1000000,839805.19
1800,lrange5,1000000,1198045.50
1801,lpush5,1000000,827315.12
1801,lrange5,1000000,1207922.75
1802,lpush5,1000000,832000.00
1802,lrange5,1000000,1248439.50
1803,lpush5,1000000,838953.00
1803,lrange5,1000000,1280635.00
1804,lpush5,1000000,841123.62
1804,lrange5,1000000,1188104.50
1805,lpush5,1000000,832639.50
1805,lrange5,1000000,1285491.00
1806,lpush5,1000000,832746.06
1806,lrange5,1000000,1290343.25
1807,lpush5,1000000,835609.00
1807,lrange5,1000000,1199328.50
1808,lpush5,1000000,846186.12
1808,lrange5,1000000,1225509.88
1809,lpush5,1000000,849113.75
1809,lrange5,1000000,1264404.50
1810,lpush5,1000000,842527.38
1810,lrange5,1000000,1298846.75
1811,lpush5,1000000,839644.00
1811,lrange5,1000000,1267467.75
1812,lpush5,1000000,831986.69
1812,lrange5,1000000,1270688.75
1813,lpush5,1000000,833346.62
1813,lrange5,1000000,1298701.38
1814,lpush5,1000000,850517.00
1814,lrange5,1000000,1293723.12
1815,lpush5,1000000,840578.12
1815,lrange5,1000000,1195125.38
1816,lpush5,1000000,833493.31
1816,lrange5,1000000,1272264.62
1817,lpush5,1000000,832000.00
1817,lrange5,1000000,1243860.62
1818,lpush5,1000000,825896.00
1818,lrange5,1000000,1183640.25
1819,lpush5,1000000,836820.06
1819,lrange5,1000000,1295440.38
1820,lpush5,1000000,829240.50
1820,lrange5,1000000,1194800.50
1821,lpush5,1000000,830578.06
1821,lrange5,1000000,1200633.88
1822,lpush5,1000000,841750.88
1822,lrange5,1000000,1280553.12
1823,lpush5,1000000,836967.31
1823,lrange5,1000000,1293702.50
1824,lpush5,1000000,834108.44
1824,lrange5,1000000,1274089.12
1825,lpush5,1000000,830684.38
1825,lrange5,1000000,1180769.75
1826,lpush5,1000000,836994.12
1826,lrange5,1000000,1195163.62
1827,lpush5,1000000,839073.81
1827,lrange5,1000000,1292217.12
1828,lpush5,1000000,833333.31
1828,lrange5,1000000,1280471.12
1829,lpush5,1000000,844648.62
1829,lrange5,1000000,1258083.00
1830,lpush5,1000000,836940.56
1830,lrange5,1000000,1277323.12
1831,lpush5,1000000,829399.69
1831,lrange5,1000000,1275571.50
1832,lpush5,1000000,820554.56
1832,lrange5,1000000,1189327.00
1833,lpush5,1000000,831268.50
1833,lrange5,1000000,1288659.75
1834,lpush5,1000000,834161.81
1834,lrange5,1000000,1307210.50
1835,lpush5,1000000,847633.94
1835,lrange5,1000000,1203754.50
1836,lpush5,1000000,828725.75
1836,lrange5,1000000,1237742.50
1837,lpush5,1000000,829968.44
1837,lrange5,1000000,1202096.12
1838,lpush5,1000000,832786.00
1838,lrange5,1000000,1302229.12
1839,lpush5,1000000,831361.62
1839,lrange5,1000000,1290487.75
1840,lpush5,1000000,821732.12
1840,lrange5,1000000,1300410.88
1841,lpush5,1000000,831441.44
1841,lrange5,1000000,1200499.38
1842,lpush5,1000000,831468.06
1842,lrange5,1000000,1300390.12
1843,lpush5,1000000,839073.81
1843,lrange5,1000000,1293661.00
1844,lpush5,1000000,844716.19
1844,lrange5,1000000,1186657.12
1845,lpush5,1000000,841777.81
1845,lrange5,1000000,1295378.25
1846,lpush5,1000000,832692.75
1846,lrange5,1000000,1305671.12
1847,lpush5,1000000,832000.00
1847,lrange5,1000000,1297037.62
1848,lpush5,1000000,836267.56
1848,lrange5,1000000,1303864.38
1849,lpush5,1000000,841899.00
1849,lrange5,1000000,1303822.62
1850,lpush5,1000000,841764.31
1850,lrange5,1000000,1257942.12
1851,lpush5,1000000,834724.56
1851,lrange5,1000000,1275530.62
1852,lpush5,1000000,839140.94
1852,lrange5,1000000,1261034.12
1853,lpush5,1000000,836307.69
1853,lrange5,1000000,1168523.38
1854,lpush5,1000000,830564.81
1854,lrange5,1000000,1203716.00
1855,lpush5,1000000,835582.25
1855,lrange5,1000000,1277282.25
1856,lpush5,1000000,838236.44
1856,lrange5,1000000,1272325.62
1857,lpush5,1000000,831255.25
1857,lrange5,1000000,1280553.12
1858,lpush5,1000000,828566.69
1858,lrange5,1000000,1251624.50
1859,lpush5,1000000,840349.56
1859,lrange5,1000000,1303947.88
1860,lpush5,1000000,834791.38
1860,lrange5,1000000,1303864.38
1861,lpush5,1000000,831507.94
1861,lrange5,1000000,1212354.00
1862,lpush5,1000000,833399.94
1862,lrange5,1000000,1305504.00
1863,lpush5,1000000,847457.69
1863,lrange5,1000000,1288680.38
1864,lpush5,1000000,833399.94
1864,lrange5,1000000,1206484.88
1865,lpush5,1000000,833506.62
1865,lrange5,1000000,1262626.25
1866,lpush5,1000000,833506.62
1866,lrange5,1000000,1303801.75
1867,lpush5,1000000,832026.62
1867,lrange5,1000000,1295523.25
1868,lpush5,1000000,826459.50
1868,lrange5,1000000,1261114.75
1869,lpush5,1000000,834844.75
1869,lrange5,1000000,1300556.62
1870,lpush5,1000000,836133.81
1870,lrange5,1000000,1298763.62
1871,lpush5,1000000,834095.06
1871,lrange5,1000000,1170979.00
1872,lpush5,1000000,831986.69
1872,lrange5,1000000,1257901.88
1873,lpush5,1000000,830604.62
1873,lrange5,1000000,1300556.62
1874,lpush5,1000000,835421.88
1874,lrange5,1000000,1197700.62
1875,lpush5,1000000,833559.94
1875,lrange5,1000000,1283697.12
1876,lpush5,1000000,834028.38
1876,lrange5,1000000,1282174.38
1877,lpush5,1000000,845335.62
1877,lrange5,1000000,1190476.25
1878,lpush5,1000000,829981.69
1878,lrange5,1000000,1275571.50
1879,lpush5,1000000,845322.06
1879,lrange5,1000000,1292134.38
1880,lpush5,1000000,839644.00
1880,lrange5,1000000,1282236.00
1881,lpush5,1000000,838276.62
1881,lrange5,1000000,1282051.38
1882,lpush5,1000000,833506.62
1882,lrange5,1000000,1245409.75
1883,lpush5,1000000,841791.25
1883,lrange5,1000000,1216603.38
1884,lpush5,1000000,832639.50
1884,lrange5,1000000,1302145.88
1885,lpush5,1000000,834041.69
1885,lrange5,1000000,1305566.62
1886,lpush5,1000000,825803.50
1886,lrange5,1000000,1295378.25
1887,lpush5,1000000,840376.44
1887,lrange5,1000000,1203427.25
1888,lpush5,1000000,826472.69
1888,lrange5,1000000,1196555.00
1889,lpush5,1000000,832000.00
1889,lrange5,1000000,1197853.88
1890,lpush5,1000000,831946.75
1890,lrange5,1000000,1199213.50
1891,lpush5,1000000,834095.06
1891,lrange5,1000000,1194934.25
1892,lpush5,1000000,827880.81
1892,lrange5,1000000,1267528.50
1893,lpush5,1000000,831348.31
1893,lrange5,1000000,1250140.00
1894,lpush5,1000000,825267.31
1894,lrange5,1000000,1262707.12
1895,lpush5,1000000,832666.12
1895,lrange5,1000000,1300494.12
1896,lpush5,1000000,840510.88
1896,lrange5,1000000,1275755.12
1897,lpush5,1000000,829240.50
1897,lrange5,1000000,1297058.38
1898,lpush5,1000000,829928.62
1898,lrange5,1000000,1193393.75
1899,lpush5,1000000,829213.94
1899,lrange5,1000000,1196344.50
1900,lpush5,1000000,834844.75
1900,lrange5,1000000,1195068.12
1901,lpush5,1000000,836254.19
1901,lrange5,1000000,1275816.38
1902,lpush5,1000000,830724.25
1902,lrange5,1000000,1242395.00
1903,lpush5,1000000,842675.62
1903,lrange5,1000000,1207845.38
1904,lpush5,1000000,829941.88
1904,lrange5,1000000,1275571.50
1905,lpush5,1000000,834844.75
1905,lrange5,1000000,1288845.38
1906,lpush5,1000000,828699.25
1906,lrange5,1000000,1297037.62
1907,lpush5,1000000,835435.25
1907,lrange5,1000000,1288659.75
1908,lpush5,1000000,838223.00
1908,lrange5,1000000,1199194.25
1909,lpush5,1000000,832719.44
1909,lrange5,1000000,1251604.50
1910,lpush5,1000000,836214.06
1910,lrange5,1000000,1253132.88
1911,lpush5,1000000,833466.62
1911,lrange5,1000000,1234607.38
1912,lpush5,1000000,831986.69
1912,lrange5,1000000,1192314.62
1913,lpush5,1000000,835475.31
1913,lrange5,1000000,1230032.00
1914,lpush5,1000000,834041.69
1914,lrange5,1000000,1197758.12
1915,lpush5,1000000,835528.81
1915,lrange5,1000000,1269238.62
1916,lpush5,1000000,833386.62
1916,lrange5,1000000,1200845.12
1917,lpush5,1000000,838236.44
1917,lrange5,1000000,780143.56
1918,lpush5,1000000,767508.81
1918,lrange5,1000000,1195010.75
1919,lpush5,1000000,838303.44
1919,lrange5,1000000,1250080.00
1920,lpush5,1000000,842554.31
1920,lrange5,1000000,1187895.50
1921,lpush5,1000000,832812.69
1921,lrange5,1000000,1194762.25
1922,lpush5,1000000,851979.56
1922,lrange5,1000000,1283697.12
1923,lpush5,1000000,831946.75
1923,lrange5,1000000,1189365.00
1924,lpush5,1000000,836267.56
1924,lrange5,1000000,1272264.62
1925,lpush5,1000000,839087.25
1925,lrange5,1000000,1285408.75
1926,lpush5,1000000,846037.19
1926,lrange5,1000000,1261094.62
1927,lpush5,1000000,836280.94
1927,lrange5,1000000,1298701.38
1928,lpush5,1000000,826512.38
1928,lrange5,1000000,1300390.12
1929,lpush5,1000000,839087.25
1929,lrange5,1000000,1292155.00
1930,lpush5,1000000,840430.19
1930,lrange5,1000000,1302083.38
1931,lpush5,1000000,840416.75
1931,lrange5,1000000,1292010.38
1932,lpush5,1000000,837007.50
1932,lrange5,1000000,1305692.00
1933,lpush5,1000000,825122.12
1933,lrange5,1000000,1303927.00
1934,lpush5,1000000,834068.38
1934,lrange5,1000000,1270688.75
1935,lpush5,1000000,823907.75
1935,lrange5,1000000,1239256.50
1936,lpush5,1000000,833386.62
1936,lrange5,1000000,1307210.50
1937,lpush5,1000000,831428.12
1937,lrange5,1000000,1285429.25
1938,lpush5,1000000,832652.81
1938,lrange5,1000000,1233144.25
1939,lpush5,1000000,828513.69
1939,lrange5,1000000,1303906.12
1940,lpush5,1000000,833373.31
1940,lrange5,1000000,1196210.50
1941,lpush5,1000000,827920.56
1941,lrange5,1000000,1292134.38
1942,lpush5,1000000,827947.06
1942,lrange5,1000000,1251744.62
1943,lpush5,1000000,827814.62
1943,lrange5,1000000,1292196.38
1944,lpush5,1000000,834778.00
1944,lrange5,1000000,1196306.12
1945,lpush5,1000000,836254.19
1945,lrange5,1000000,1257922.00
1946,lpush5,1000000,834844.75
1946,lrange5,1000000,1292134.38
1947,lpush5,1000000,844756.75
1947,lrange5,1000000,1297058.38
1948,lpush5,1000000,827196.06
1948,lrange5,1000000,1285470.50
1949,lpush5,1000000,839670.88
1949,lrange5,1000000,1277221.00
1950,lpush5,1000000,830061.38
1950,lrange5,1000000,1254865.75
1951,lpush5,1000000,841979.81
1951,lrange5,1000000,1196363.62
1952,lpush5,1000000,832119.81
1952,lrange5,1000000,1274089.12
1953,lpush5,1000000,830777.44
1953,lrange5,1000000,1283717.62
1954,lpush5,1000000,849672.00
1954,lrange5,1000000,1265843.00
1955,lpush5,1000000,839791.81
1955,lrange5,1000000,1282112.88
1956,lpush5,1000000,840389.88
1956,lrange5,1000000,1261215.62
1957,lpush5,1000000,832812.69
1957,lrange5,1000000,1187990.50
1958,lpush5,1000000,836374.62
1958,lrange5,1000000,1292113.75
1959,lpush5,1000000,834135.12
1959,lrange5,1000000,1262686.88
1960,lpush5,1000000,831268.50
1960,lrange5,1000000,1295606.25
1961,lpush5,1000000,836307.69
1961,lrange5,1000000,1303968.62
1962,lpush5,1000000,827182.81
1962,lrange5,1000000,1277302.75
1963,lpush5,1000000,834028.38
1963,lrange5,1000000,1298722.12
1964,lpush5,1000000,832826.00
1964,lrange5,1000000,1179641.50
1965,lpush5,1000000,841042.88
1965,lrange5,1000000,1251704.62
1966,lpush5,1000000,841083.25
1966,lrange5,1000000,1290384.50
1967,lpush5,1000000,824468.25
1967,lrange5,1000000,1197643.12
1968,lpush5,1000000,839644.00
1968,lrange5,1000000,1280491.62
1969,lpush5,1000000,827986.81
1969,lrange5,1000000,1196401.88
1970,lpush5,1000000,846023.69
1970,lrange5,1000000,1288721.62
1971,lpush5,1000000,832053.25
1971,lrange5,1000000,1305483.12
1972,lpush5,1000000,831960.06
1972,lrange5,1000000,1305483.12
1973,lpush5,1000000,843345.69
1973,lrange5,1000000,1280430.25
1974,lpush5,1000000,834724.56
1974,lrange5,1000000,1231684.75
1975,lpush5,1000000,836280.94
1975,lrange5,1000000,1293681.75
1976,lpush5,1000000,836307.69
1976,lrange5,1000000,1302125.00
1977,lpush5,1000000,832173.00
1977,lrange5,1000000,1287001.25
1978,lpush5,1000000,845389.69
1978,lrange5,1000000,1305483.12
1979,lpush5,1000000,837007.50
1979,lrange5,1000000,1199194.25
1980,lpush5,1000000,839630.56
1980,lrange5,1000000,1295357.50
1981,lpush5,1000000,829320.06
1981,lrange5,1000000,1207729.50
1982,lpush5,1000000,843251.25
1982,lrange5,1000000,1300431.75
1983,lpush5,1000000,831946.75
1983,lrange5,1000000,1292031.00
1984,lpush5,1000000,836294.31
1984,lrange5,1000000,1189193.75
1985,lpush5,1000000,832000.00
1985,lrange5,1000000,1194838.75
1986,lpush5,1000000,837534.31
1986,lrange5,1000000,1297224.38
1987,lpush5,1000000,836873.62
1987,lrange5,1000000,1194876.88
1988,lpush5,1000000,839033.56
1988,lrange5,1000000,1243781.12
1989,lpush5,1000000,823723.25
1989,lrange5,1000000,1290322.62
1990,lpush5,1000000,826618.12
1990,lrange5,1000000,1251584.50
1991,lpush5,1000000,837695.12
1991,lrange5,1000000,1199060.00
1992,lpush5,1000000,832173.00
1992,lrange5,1000000,1200614.62
1993,lpush5,1000000,836173.94
1993,lrange5,1000000,1297016.88
1994,lpush5,1000000,831946.75
1994,lrange5,1000000,1190742.88
1995,lpush5,1000000,823203.25
1995,lrange5,1000000,1265822.75
1996,lpush5,1000000,834041.69
1996,lrange5,1000000,1280553.12
1997,lpush5,1000000,832066.56
1997,lrange5,1000000,1267427.12
1998,lpush5,1000000,833386.62
1998,lrange5,1000000,1259667.50
1999,lpush5,1000000,837668.31
1999,lrange5,1000000,1288701.00
2000,lpush5,1000000,837520.94
2000,lrange5,1000000,1300473.38
