trial,operation,requests,rps
1,lpush5,1000000,792431.06
1,lrange5,1000000,1193451.12
2,lpush5,1000000,672064.50
2,lrange5,1000000,892885.69
3,lpush5,1000000,757612.06
3,lrange5,1000000,1176677.62
4,lpush5,1000000,773469.44
4,lrange5,1000000,1191952.38
5,lpush5,1000000,769230.81
5,lrange5,1000000,1186315.50
6,lpush5,1000000,773469.44
6,lrange5,1000000,1170997.75
7,lpush5,1000000,745748.00
7,lrange5,1000000,1170979.00
8,lpush5,1000000,778222.56
8,lrange5,1000000,1186296.62
9,lpush5,1000000,776397.50
9,lrange5,1000000,1167047.88
10,lpush5,1000000,755894.19
10,lrange5,1000000,1172351.75
11,lpush5,1000000,772921.19
11,lrange5,1000000,1189269.88
12,lpush5,1000000,759914.88
12,lrange5,1000000,1177969.38
13,lpush5,1000000,784954.44
13,lrange5,1000000,1189174.75
14,lpush5,1000000,719424.44
14,lrange5,1000000,945209.88
15,lpush5,1000000,687329.19
15,lrange5,1000000,1108682.88
16,lpush5,1000000,733161.31
16,lrange5,1000000,1175200.88
17,lpush5,1000000,735952.94
17,lrange5,1000000,1206291.88
18,lpush5,1000000,774642.94
18,lrange5,1000000,1202000.00
19,lpush5,1000000,740287.25
19,lrange5,1000000,1117390.00
20,lpush5,1000000,772846.94
20,lrange5,1000000,1187648.50
21,lpush5,1000000,774642.94
21,lrange5,1000000,1189117.75
22,lpush5,1000000,781275.00
22,lrange5,1000000,1103770.38
23,lpush5,1000000,777063.00
23,lrange5,1000000,1145677.00
24,lpush5,1000000,765208.88
24,lrange5,1000000,1141570.75
25,lpush5,1000000,755287.00
25,lrange5,1000000,1086973.88
26,lpush5,1000000,733149.56
26,lrange5,1000000,1158915.50
27,lpush5,1000000,765172.12
27,lrange5,1000000,1193374.75
28,lpush5,1000000,760565.75
28,lrange5,1000000,1180732.00
29,lpush5,1000000,765721.31
29,lrange5,1000000,1189060.62
30,lpush5,1000000,768172.00
30,lrange5,1000000,1189250.88
31,lpush5,1000000,781923.38
31,lrange5,1000000,1187933.50
32,lpush5,1000000,764574.94
32,lrange5,1000000,1167066.50
33,lpush5,1000000,785029.81
33,lrange5,1000000,1170960.25
34,lpush5,1000000,769896.81
34,lrange5,1000000,1161588.88
35,lpush5,1000000,763990.81
35,lrange5,1000000,1189384.00
36,lpush5,1000000,768762.50
36,lrange5,1000000,1187724.50
37,lpush5,1000000,751939.81
37,lrange5,1000000,1183583.38
38,lpush5,1000000,771121.00
38,lrange5,1000000,1146990.88
39,lpush5,1000000,768639.50
39,lrange5,1000000,1172389.25
40,lpush5,1000000,753132.56
40,lrange5,1000000,1157500.00
41,lpush5,1000000,772846.94
41,lrange5,1000000,1200614.62
42,lpush5,1000000,772834.62
42,lrange5,1000000,1157518.50
43,lpush5,1000000,759325.75
43,lrange5,1000000,1149443.62
44,lpush5,1000000,760517.06
44,lrange5,1000000,1124913.38
45,lpush5,1000000,776422.38
45,lrange5,1000000,1213708.75
46,lpush5,1000000,773481.81
46,lrange5,1000000,1203408.00
47,lpush5,1000000,777704.50
47,lrange5,1000000,1185042.62
48,lpush5,1000000,762195.12
48,lrange5,1000000,1135237.25
49,lpush5,1000000,774018.56
49,lrange5,1000000,1206427.00
50,lpush5,1000000,772312.00
50,lrange5,1000000,1175163.38
51,lpush5,1000000,769316.94
51,lrange5,1000000,1196210.50
52,lpush5,1000000,766969.31
52,lrange5,1000000,1153439.50
53,lpush5,1000000,781935.88
53,lrange5,1000000,1207748.75
54,lpush5,1000000,781998.44
54,lrange5,1000000,1221138.00
55,lpush5,1000000,776422.38
55,lrange5,1000000,1215183.50
56,lpush5,1000000,774055.69
56,lrange5,1000000,1219629.25
57,lpush5,1000000,776459.62
57,lrange5,1000000,1227033.12
58,lpush5,1000000,775317.88
58,lrange5,1000000,1193317.38
59,lpush5,1000000,792418.38
59,lrange5,1000000,1218046.38
60,lpush5,1000000,777013.25
60,lrange5,1000000,1183469.75
61,lpush5,1000000,768122.88
61,lrange5,1000000,1212295.75
62,lpush5,1000000,772200.81
62,lrange5,1000000,1194934.25
63,lpush5,1000000,786832.38
63,lrange5,1000000,1194934.25
64,lpush5,1000000,739727.81
64,lrange5,1000000,1222650.38
65,lpush5,1000000,784967.00
65,lrange5,1000000,1166861.12
66,lpush5,1000000,774117.62
66,lrange5,1000000,1202038.38
67,lpush5,1000000,777025.69
67,lrange5,1000000,1213767.00
68,lpush5,1000000,793059.44
68,lrange5,1000000,1179283.00
69,lpush5,1000000,778866.00
69,lrange5,1000000,1197681.50
70,lpush5,1000000,779485.56
70,lrange5,1000000,1222611.25
71,lpush5,1000000,780031.25
71,lrange5,1000000,1177894.00
72,lpush5,1000000,779423.25
72,lrange5,1000000,1196267.88
73,lpush5,1000000,776459.62
73,lrange5,1000000,1189060.62
74,lpush5,1000000,770428.38
74,lrange5,1000000,1186372.50
75,lpush5,1000000,778915.88
75,lrange5,1000000,1194896.00
76,lpush5,1000000,778247.50
76,lrange5,1000000,1231645.38
77,lpush5,1000000,768688.69
77,lrange5,1000000,1207787.38
78,lpush5,1000000,781375.00
78,lrange5,1000000,1193336.50
79,lpush5,1000000,786882.75
79,lrange5,1000000,1166861.12
80,lpush5,1000000,772896.44
80,lrange5,1000000,1201923.00
81,lpush5,1000000,775807.56
81,lrange5,1000000,1212354.00
82,lpush5,1000000,781910.81
82,lrange5,1000000,1207884.00
83,lpush5,1000000,788757.06
83,lrange5,1000000,1192066.75
84,lpush5,1000000,784464.31
84,lrange5,1000000,1193317.38
85,lpush5,1000000,790551.81
85,lrange5,1000000,1212315.12
86,lpush5,1000000,775193.81
86,lrange5,1000000,1187686.50
87,lpush5,1000000,765770.31
87,lrange5,1000000,1204877.12
88,lpush5,1000000,778853.56
88,lrange5,1000000,1172501.75
89,lpush5,1000000,781998.44
89,lrange5,1000000,1215339.00
90,lpush5,1000000,775857.25
90,lrange5,1000000,1196210.50
91,lpush5,1000000,784426.69
91,lrange5,1000000,1191914.25
92,lpush5,1000000,776472.06
92,lrange5,1000000,1203485.00
93,lpush5,1000000,771071.69
93,lrange5,1000000,1199040.75
94,lpush5,1000000,755287.00
94,lrange5,1000000,1203388.75
95,lpush5,1000000,768737.88
95,lrange5,1000000,1164163.00
96,lpush5,1000000,687296.19
96,lrange5,1000000,1187781.50
97,lpush5,1000000,766871.12
97,lrange5,1000000,1213631.12
98,lpush5,1000000,779473.12
98,lrange5,1000000,1173765.25
99,lpush5,1000000,768651.81
99,lrange5,1000000,1199098.38
100,lpush5,1000000,757587.88
100,lrange5,1000000,1193374.75
101,lpush5,1000000,759337.88
101,lrange5,1000000,1193374.75
102,lpush5,1000000,780665.12
102,lrange5,1000000,1203369.50
103,lpush5,1000000,779473.12
103,lrange5,1000000,1212140.62
104,lpush5,1000000,777100.25
104,lrange5,1000000,1180750.88
105,lpush5,1000000,759410.75
105,lrange5,1000000,1123595.50
106,lpush5,1000000,773395.19
106,lrange5,1000000,1218085.25
107,lpush5,1000000,735388.25
107,lrange5,1000000,1180845.38
108,lpush5,1000000,762243.88
108,lrange5,1000000,1213844.62
109,lpush5,1000000,781860.81
109,lrange5,1000000,1162920.88
110,lpush5,1000000,780131.06
110,lrange5,1000000,1212140.62
111,lpush5,1000000,788072.44
111,lrange5,1000000,1171110.12
112,lpush5,1000000,788047.25
112,lrange5,1000000,1187819.50
113,lpush5,1000000,786782.06
113,lrange5,1000000,1200633.88
114,lpush5,1000000,783837.00
114,lrange5,1000000,1218221.75
115,lpush5,1000000,783786.81
115,lrange5,1000000,1221001.25
116,lpush5,1000000,788820.19
116,lrange5,1000000,1215164.00
117,lpush5,1000000,757038.62
117,lrange5,1000000,1155048.50
118,lpush5,1000000,763941.94
118,lrange5,1000000,1170960.25
119,lpush5,1000000,742402.38
119,lrange5,1000000,1179377.38
120,lpush5,1000000,786239.00
120,lrange5,1000000,1206330.50
121,lpush5,1000000,791803.62
121,lrange5,1000000,1169721.62
122,lpush5,1000000,781935.88
122,lrange5,1000000,1212315.12
123,lpush5,1000000,771703.69
123,lrange5,1000000,1192028.62
124,lpush5,1000000,780715.06
124,lrange5,1000000,1201961.50
125,lpush5,1000000,785571.06
125,lrange5,1000000,1233124.50
126,lpush5,1000000,745938.88
126,lrange5,1000000,1046025.12
127,lpush5,1000000,772797.50
127,lrange5,1000000,1197777.25
128,lpush5,1000000,788668.75
128,lrange5,1000000,1210847.50
129,lpush5,1000000,769847.56
129,lrange5,1000000,1216837.00
130,lpush5,1000000,780093.62
130,lrange5,1000000,1039733.88
131,lpush5,1000000,783160.56
131,lrange5,1000000,1194800.50
132,lpush5,1000000,786239.00
132,lrange5,1000000,1203388.75
133,lpush5,1000000,788681.38
133,lrange5,1000000,1215144.62
134,lpush5,1000000,778828.62
134,lrange5,1000000,1158934.00
135,lpush5,1000000,781998.44
135,lrange5,1000000,1212276.38
136,lpush5,1000000,774068.06
136,lrange5,1000000,1206291.88
137,lpush5,1000000,782472.62
137,lrange5,1000000,1178026.00
138,lpush5,1000000,783736.69
138,lrange5,1000000,1192104.88
139,lpush5,1000000,788757.06
139,lrange5,1000000,1215358.38
140,lpush5,1000000,763978.62
140,lrange5,1000000,1201961.50
141,lpush5,1000000,775404.69
141,lrange5,1000000,1193565.62
142,lpush5,1000000,758761.81
142,lrange5,1000000,1142875.38
143,lpush5,1000000,741899.06
143,lrange5,1000000,1089516.38
144,lpush5,1000000,698324.00
144,lrange5,1000000,1137674.62
145,lpush5,1000000,726755.81
145,lrange5,1000000,1117443.62
146,lpush5,1000000,751891.69
146,lrange5,1000000,1003057.19
147,lpush5,1000000,786289.31
147,lrange5,1000000,1113746.12
148,lpush5,1000000,738587.88
148,lrange5,1000000,1065065.00
149,lpush5,1000000,735917.62
149,lrange5,1000000,976656.19
150,lpush5,1000000,648929.25
150,lrange5,1000000,1034242.00
151,lpush5,1000000,730518.62
151,lrange5,1000000,1049351.50
152,lpush5,1000000,742497.38
152,lrange5,1000000,1113674.88
153,lpush5,1000000,731064.31
153,lrange5,1000000,1127413.75
154,lpush5,1000000,772809.88
154,lrange5,1000000,1199194.25
155,lpush5,1000000,751314.81
155,lrange5,1000000,1180694.25
156,lpush5,1000000,777063.00
156,lrange5,1000000,1154734.38
157,lpush5,1000000,778210.12
157,lrange5,1000000,1200691.50
158,lpush5,1000000,781873.31
158,lrange5,1000000,1189384.00
159,lpush5,1000000,779423.25
159,lrange5,1000000,1187819.50
160,lpush5,1000000,759350.00
160,lrange5,1000000,1158785.62
161,lpush5,1000000,767472.00
161,lrange5,1000000,1199251.75
162,lpush5,1000000,757087.06
162,lrange5,1000000,1182146.50
163,lpush5,1000000,775906.88
163,lrange5,1000000,1039501.00
164,lpush5,1000000,756465.94
164,lrange5,1000000,1051541.62
165,lpush5,1000000,727330.94
165,lrange5,1000000,1004048.19
166,lpush5,1000000,722056.31
166,lrange5,1000000,1192104.88
167,lpush5,1000000,742438.00
167,lrange5,1000000,1184985.75
168,lpush5,1000000,660512.50
168,lrange5,1000000,1177950.50
169,lpush5,1000000,768701.00
169,lrange5,1000000,940899.38
170,lpush5,1000000,720484.12
170,lrange5,1000000,1135092.00
171,lpush5,1000000,774667.69
171,lrange5,1000000,1187667.50
172,lpush5,1000000,782485.12
172,lrange5,1000000,1180883.12
173,lpush5,1000000,764003.06
173,lrange5,1000000,1200537.75
174,lpush5,1000000,745736.06
174,lrange5,1000000,1100162.88
175,lpush5,1000000,763990.81
175,lrange5,1000000,1172783.12
176,lpush5,1000000,757636.31
176,lrange5,1000000,1207845.38
177,lpush5,1000000,780665.12
177,lrange5,1000000,1169590.62
178,lpush5,1000000,774692.50
178,lrange5,1000000,992444.44
179,lpush5,1000000,757268.75
179,lrange5,1000000,1149609.25
180,lpush5,1000000,768086.00
180,lrange5,1000000,1191952.38
181,lpush5,1000000,772213.12
181,lrange5,1000000,1179301.88
182,lpush5,1000000,747955.12
182,lrange5,1000000,1161644.62
183,lpush5,1000000,773481.81
183,lrange5,1000000,1179452.88
184,lpush5,1000000,769847.56
184,lrange5,1000000,1201942.25
185,lpush5,1000000,761639.00
185,lrange5,1000000,1193412.88
186,lpush5,1000000,771084.00
186,lrange5,1000000,1194762.25
187,lpush5,1000000,784992.12
187,lrange5,1000000,1187686.50
188,lpush5,1000000,781973.38
188,lrange5,1000000,1175238.50
189,lpush5,1000000,775255.81
189,lrange5,1000000,1177950.50
190,lpush5,1000000,772933.50
190,lrange5,1000000,1216545.00
191,lpush5,1000000,777112.69
191,lrange5,1000000,1179283.00
192,lpush5,1000000,774593.31
192,lrange5,1000000,1213650.50
193,lpush5,1000000,768762.50
193,lrange5,1000000,1197681.50
194,lpush5,1000000,791202.50
194,lrange5,1000000,1201961.50
195,lpush5,1000000,792431.06
195,lrange5,1000000,1190476.25
196,lpush5,1000000,794281.19
196,lrange5,1000000,1088208.88
197,lpush5,1000000,749649.19
197,lrange5,1000000,1222493.88
198,lpush5,1000000,772225.50
198,lrange5,1000000,1222572.12
199,lpush5,1000000,778322.19
199,lrange5,1000000,1190628.62
200,lpush5,1000000,781325.00
200,lrange5,1000000,1170979.00
201,lpush5,1000000,785596.25
201,lrange5,1000000,1189288.88
202,lpush5,1000000,753132.56
202,lrange5,1000000,1193317.38
203,lpush5,1000000,768122.88
203,lrange5,1000000,1145731.88
204,lpush5,1000000,771047.00
204,lrange5,1000000,1187705.50
205,lpush5,1000000,781923.38
205,lrange5,1000000,1196382.75
206,lpush5,1000000,769822.94
206,lrange5,1000000,1207729.50
207,lpush5,1000000,778235.06
207,lrange5,1000000,1179452.88
208,lpush5,1000000,771034.69
208,lrange5,1000000,1186258.62
209,lpush5,1000000,767557.94
209,lrange5,1000000,1197911.38
210,lpush5,1000000,774593.31
210,lrange5,1000000,1195106.38
211,lpush5,1000000,794925.25
211,lrange5,1000000,1216681.25
212,lpush5,1000000,766393.88
212,lrange5,1000000,1222493.88
213,lpush5,1000000,770465.38
213,lrange5,1000000,1207884.00
214,lpush5,1000000,786163.56
214,lrange5,1000000,1196363.62
215,lpush5,1000000,786920.50
215,lrange5,1000000,1219531.75
216,lpush5,1000000,733137.88
216,lrange5,1000000,1216622.88
217,lpush5,1000000,778965.69
217,lrange5,1000000,1218065.75
218,lpush5,1000000,786226.44
218,lrange5,1000000,1161551.62
219,lpush5,1000000,722056.31
219,lrange5,1000000,1104990.12
220,lpush5,1000000,706781.62
220,lrange5,1000000,1157500.00
221,lpush5,1000000,712273.50
221,lrange5,1000000,1154826.75
222,lpush5,1000000,642363.50
222,lrange5,1000000,1088156.62
223,lpush5,1000000,754171.94
223,lrange5,1000000,1182108.75
224,lpush5,1000000,774043.31
224,lrange5,1000000,1209460.62
225,lpush5,1000000,780640.12
225,lrange5,1000000,1219570.75
226,lpush5,1000000,754813.56
226,lrange5,1000000,1172389.25
227,lpush5,1000000,774068.06
227,lrange5,1000000,1206349.88
228,lpush5,1000000,778890.94
228,lrange5,1000000,1202000.00
229,lpush5,1000000,761614.62
229,lrange5,1000000,1172370.50
230,lpush5,1000000,771666.69
230,lrange5,1000000,1170960.25
231,lpush5,1000000,796812.75
231,lrange5,1000000,1218338.62
232,lpush5,1000000,783724.12
232,lrange5,1000000,1233085.12
233,lpush5,1000000,784313.75
233,lrange5,1000000,1219551.25
234,lpush5,1000000,759951.38
234,lrange5,1000000,1189117.75
235,lpush5,1000000,780143.56
235,lrange5,1000000,1186277.62
236,lpush5,1000000,786857.56
236,lrange5,1000000,1185061.62
237,lpush5,1000000,742953.94
237,lrange5,1000000,1091930.12
238,lpush5,1000000,766283.56
238,lrange5,1000000,1216545.00
239,lpush5,1000000,755407.88
239,lrange5,1000000,1218202.25
240,lpush5,1000000,772373.75
240,lrange5,1000000,1180807.50
241,lpush5,1000000,780081.19
241,lrange5,1000000,1193393.75
242,lpush5,1000000,774068.06
242,lrange5,1000000,1191933.25
243,lpush5,1000000,785042.38
243,lrange5,1000000,1168224.25
244,lpush5,1000000,762243.88
244,lrange5,1000000,1164330.62
245,lpush5,1000000,778247.50
245,lrange5,1000000,1204857.88
246,lpush5,1000000,771617.31
246,lrange5,1000000,1201923.00
247,lpush5,1000000,773395.19
247,lrange5,1000000,1210750.62
248,lpush5,1000000,761675.56
248,lrange5,1000000,1210789.38
249,lpush5,1000000,788059.88
249,lrange5,1000000,1203408.00
250,lpush5,1000000,775355.06
250,lrange5,1000000,1210692.50
251,lpush5,1000000,774593.31
251,lrange5,1000000,1183602.38
252,lpush5,1000000,784313.75
252,lrange5,1000000,1224107.75
253,lpush5,1000000,759902.75
253,lrange5,1000000,1209422.00
254,lpush5,1000000,778853.56
254,lrange5,1000000,1215183.50
255,lpush5,1000000,780031.25
255,lrange5,1000000,1183488.75
256,lpush5,1000000,777050.56
256,lrange5,1000000,1193317.38
257,lpush5,1000000,764526.00
257,lrange5,1000000,1196210.50
258,lpush5,1000000,769255.44
258,lrange5,1000000,1203485.00
259,lpush5,1000000,778247.50
259,lrange5,1000000,1202153.88
260,lpush5,1000000,785029.81
260,lrange5,1000000,1215241.75
261,lpush5,1000000,786251.62
261,lrange5,1000000,1210808.75
262,lpush5,1000000,772200.81
262,lrange5,1000000,1193527.50
263,lpush5,1000000,780790.00
263,lrange5,1000000,1122370.38
264,lpush5,1000000,793765.06
264,lrange5,1000000,1204973.50
265,lpush5,1000000,782597.81
265,lrange5,1000000,1216622.88
266,lpush5,1000000,777604.94
266,lrange5,1000000,1199155.88
267,lpush5,1000000,762886.38
267,lrange5,1000000,1177988.25
268,lpush5,1000000,773993.75
268,lrange5,1000000,1194934.25
269,lpush5,1000000,774630.50
269,lrange5,1000000,1197604.88
270,lpush5,1000000,774593.31
270,lrange5,1000000,1199136.75
271,lpush5,1000000,768147.44
271,lrange5,1000000,1172370.50
272,lpush5,1000000,762219.50
272,lrange5,1000000,1222669.88
273,lpush5,1000000,762207.31
273,lrange5,1000000,1218182.75
274,lpush5,1000000,780056.19
274,lrange5,1000000,1192066.75
275,lpush5,1000000,775268.25
275,lrange5,1000000,1218026.88
276,lpush5,1000000,777604.94
276,lrange5,1000000,1180883.12
277,lpush5,1000000,780068.69
277,lrange5,1000000,1179320.75
278,lpush5,1000000,717875.06
278,lrange5,1000000,1153550.25
279,lpush5,1000000,762341.44
279,lrange5,1000000,1201923.00
280,lpush5,1000000,769366.19
280,lrange5,1000000,1166898.50
281,lpush5,1000000,762874.12
281,lrange5,1000000,1176470.50
282,lpush5,1000000,753724.19
282,lrange5,1000000,1154993.12
283,lpush5,1000000,754208.19
283,lrange5,1000000,1197777.25
284,lpush5,1000000,750786.75
284,lrange5,1000000,1186429.38
285,lpush5,1000000,764550.50
285,lrange5,1000000,1183526.62
286,lpush5,1000000,733137.88
286,lrange5,1000000,1152221.25
287,lpush5,1000000,757111.31
287,lrange5,1000000,1182184.38
288,lpush5,1000000,768651.81
288,lrange5,1000000,1189117.75
289,lpush5,1000000,777125.12
289,lrange5,1000000,1167103.88
290,lpush5,1000000,780056.19
290,lrange5,1000000,1182297.88
291,lpush5,1000000,787401.56
291,lrange5,1000000,1189193.75
292,lpush5,1000000,771654.31
292,lrange5,1000000,1086973.88
293,lpush5,1000000,778210.12
293,lrange5,1000000,1164181.62
294,lpush5,1000000,776434.81
294,lrange5,1000000,1111235.62
295,lpush5,1000000,769316.94
295,lrange5,1000000,1120071.62
296,lpush5,1000000,757062.81
296,lrange5,1000000,1197604.88
297,lpush5,1000000,769859.88
297,lrange5,1000000,1200595.38
298,lpush5,1000000,771642.00
298,lrange5,1000000,1133877.50
299,lpush5,1000000,763432.12
299,lrange5,1000000,1118568.25
300,lpush5,1000000,777075.38
300,lrange5,1000000,1189155.75
301,lpush5,1000000,780031.25
301,lrange5,1000000,1202134.62
302,lpush5,1000000,774092.88
302,lrange5,1000000,1190590.50
303,lpush5,1000000,781362.50
303,lrange5,1000000,1215300.12
304,lpush5,1000000,776459.62
304,lrange5,1000000,1145475.38
305,lpush5,1000000,778915.88
305,lrange5,1000000,1152147.50
306,lpush5,1000000,774642.94
306,lrange5,1000000,1178026.00
307,lpush5,1000000,769847.56
307,lrange5,1000000,1178082.50
308,lpush5,1000000,777629.88
308,lrange5,1000000,1179358.50
309,lpush5,1000000,758810.31
309,lrange5,1000000,1196267.88
310,lpush5,1000000,777000.81
310,lrange5,1000000,1194781.38
311,lpush5,1000000,783711.56
311,lrange5,1000000,1173896.75
312,lpush5,1000000,727272.75
312,lrange5,1000000,1111271.12
313,lpush5,1000000,766932.50
313,lrange5,1000000,1146825.75
314,lpush5,1000000,761071.50
314,lrange5,1000000,1169590.62
315,lpush5,1000000,733675.69
315,lrange5,1000000,1152239.62
316,lpush5,1000000,753651.81
316,lrange5,1000000,1107419.75
317,lpush5,1000000,765807.06
317,lrange5,1000000,1078835.00
318,lpush5,1000000,769329.25
318,lrange5,1000000,1182146.50
319,lpush5,1000000,777617.44
319,lrange5,1000000,1189155.75
320,lpush5,1000000,775820.00
320,lrange5,1000000,1193412.88
321,lpush5,1000000,781923.38
321,lrange5,1000000,1179528.38
322,lpush5,1000000,764599.44
322,lrange5,1000000,1204819.25
323,lpush5,1000000,760468.44
323,lrange5,1000000,1175106.88
324,lpush5,1000000,766920.25
324,lrange5,1000000,1201942.25
325,lpush5,1000000,636152.69
325,lrange5,1000000,1008177.44
326,lpush5,1000000,705229.94
326,lrange5,1000000,1183678.12
327,lpush5,1000000,767521.12
327,lrange5,1000000,1126180.12
328,lpush5,1000000,755870.00
328,lrange5,1000000,1184891.00
329,lpush5,1000000,788681.38
329,lrange5,1000000,1168336.50
330,lpush5,1000000,761614.62
330,lrange5,1000000,1004016.06
331,lpush5,1000000,707258.81
331,lrange5,1000000,1157407.38
332,lpush5,1000000,734367.12
332,lrange5,1000000,1179735.88
333,lpush5,1000000,751891.69
333,lrange5,1000000,1133786.75
334,lpush5,1000000,734214.38
334,lrange5,1000000,1189098.62
335,lpush5,1000000,750846.81
335,lrange5,1000000,1128848.75
336,lpush5,1000000,758162.25
336,lrange5,1000000,1164181.62
337,lpush5,1000000,784979.56
337,lrange5,1000000,1177931.75
338,lpush5,1000000,781275.00
338,lrange5,1000000,1176470.50
339,lpush5,1000000,733746.12
339,lrange5,1000000,1067509.12
340,lpush5,1000000,759987.88
340,lrange5,1000000,1207729.50
341,lpush5,1000000,762243.88
341,lrange5,1000000,1207748.75
342,lpush5,1000000,769230.81
342,lrange5,1000000,1222767.75
343,lpush5,1000000,773993.75
343,lrange5,1000000,1209209.12
344,lpush5,1000000,781325.00
344,lrange5,1000000,1173802.88
345,lpush5,1000000,766871.12
345,lrange5,1000000,1200518.62
346,lpush5,1000000,763941.94
346,lrange5,1000000,1183545.50
347,lpush5,1000000,761675.56
347,lrange5,1000000,1179320.75
348,lpush5,1000000,748503.00
348,lrange5,1000000,1165687.62
349,lpush5,1000000,754753.19
349,lrange5,1000000,1212354.00
350,lpush5,1000000,774717.25
350,lrange5,1000000,1190514.38
351,lpush5,1000000,784426.69
351,lrange5,1000000,1193412.88
352,lpush5,1000000,773494.19
352,lrange5,1000000,1212160.00
353,lpush5,1000000,775919.31
353,lrange5,1000000,1193527.50
354,lpush5,1000000,759313.56
354,lrange5,1000000,1187648.50
355,lpush5,1000000,777617.44
355,lrange5,1000000,1161477.38
356,lpush5,1000000,741432.19
356,lrange5,1000000,1182260.00
357,lpush5,1000000,764003.06
357,lrange5,1000000,1176470.50
358,lpush5,1000000,773444.69
358,lrange5,1000000,1189155.75
359,lpush5,1000000,772908.81
359,lrange5,1000000,1183564.50
360,lpush5,1000000,778235.06
360,lrange5,1000000,1204954.25
361,lpush5,1000000,779498.06
361,lrange5,1000000,1221079.38
362,lpush5,1000000,792393.06
362,lrange5,1000000,1184947.88
363,lpush5,1000000,781985.88
363,lrange5,1000000,1206272.62
364,lpush5,1000000,780043.69
364,lrange5,1000000,1207787.38
365,lpush5,1000000,764599.44
365,lrange5,1000000,1177950.50
366,lpush5,1000000,771084.00
366,lrange5,1000000,1222513.38
367,lpush5,1000000,762268.25
367,lrange5,1000000,1101392.12
368,lpush5,1000000,747967.06
368,lrange5,1000000,1184910.00
369,lpush5,1000000,778890.94
369,lrange5,1000000,1189212.88
370,lpush5,1000000,775807.56
370,lrange5,1000000,1196248.75
371,lpush5,1000000,772262.56
371,lrange5,1000000,1215144.62
372,lpush5,1000000,779560.44
372,lrange5,1000000,1189117.75
373,lpush5,1000000,777692.06
373,lrange5,1000000,1212140.62
374,lpush5,1000000,768049.12
374,lrange5,1000000,1204992.75
375,lpush5,1000000,781973.38
375,lrange5,1000000,1210711.88
376,lpush5,1000000,772262.56
376,lrange5,1000000,1199328.50
377,lpush5,1000000,794912.56
377,lrange5,1000000,1212354.00
378,lpush5,1000000,791854.31
378,lrange5,1000000,1207826.12
379,lpush5,1000000,776409.94
379,lrange5,1000000,1210673.12
380,lpush5,1000000,771047.00
380,lrange5,1000000,1212121.25
381,lpush5,1000000,774605.75
381,lrange5,1000000,1161477.38
382,lpush5,1000000,781898.31
382,lrange5,1000000,1176621.12
383,lpush5,1000000,785042.38
383,lrange5,1000000,1168336.50
384,lpush5,1000000,780081.19
384,lrange5,1000000,1183564.50
385,lpush5,1000000,779460.62
385,lrange5,1000000,1190609.50
386,lpush5,1000000,774593.31
386,lrange5,1000000,1197662.25
387,lpush5,1000000,775820.00
387,lrange5,1000000,1162865.12
388,lpush5,1000000,775293.06
388,lrange5,1000000,1176583.50
389,lpush5,1000000,772299.62
389,lrange5,1000000,1189155.75
390,lpush5,1000000,764587.19
390,lrange5,1000000,1164256.12
391,lpush5,1000000,778853.56
391,lrange5,1000000,1186315.50
392,lpush5,1000000,781275.00
392,lrange5,1000000,1189174.75
393,lpush5,1000000,777025.69
393,lrange5,1000000,1182052.00
394,lpush5,1000000,781948.38
394,lrange5,1000000,1187819.50
395,lpush5,1000000,772884.06
395,lrange5,1000000,1189136.75
396,lpush5,1000000,772859.31
396,lrange5,1000000,1172689.38
397,lpush5,1000000,768172.00
397,lrange5,1000000,1070715.12
398,lpush5,1000000,738552.44
398,lrange5,1000000,1180845.38
399,lpush5,1000000,775193.81
399,lrange5,1000000,1209286.50
400,lpush5,1000000,785558.50
400,lrange5,1000000,1206330.50
401,lpush5,1000000,762195.12
401,lrange5,1000000,1162958.12
402,lpush5,1000000,765184.38
402,lrange5,1000000,1158748.62
403,lpush5,1000000,774105.25
403,lrange5,1000000,1182070.88
404,lpush5,1000000,773395.19
404,lrange5,1000000,1204819.25
405,lpush5,1000000,783110.44
405,lrange5,1000000,1172539.25
406,lpush5,1000000,780218.44
406,lrange5,1000000,1227033.12
407,lpush5,1000000,765745.81
407,lrange5,1000000,1165501.25
408,lpush5,1000000,779448.19
408,lrange5,1000000,1218260.62
409,lpush5,1000000,776397.50
409,lrange5,1000000,1233065.38
410,lpush5,1000000,786264.19
410,lrange5,1000000,1197777.25
411,lpush5,1000000,787477.19
411,lrange5,1000000,1193336.50
412,lpush5,1000000,772958.25
412,lrange5,1000000,1200710.62
413,lpush5,1000000,758786.06
413,lrange5,1000000,1182052.00
414,lpush5,1000000,778816.19
414,lrange5,1000000,1196248.75
415,lpush5,1000000,759890.56
415,lrange5,1000000,1197739.00
416,lpush5,1000000,772250.19
416,lrange5,1000000,1147101.00
417,lpush5,1000000,778235.06
417,lrange5,1000000,1191895.12
418,lpush5,1000000,788034.62
418,lrange5,1000000,1184872.12
419,lpush5,1000000,730008.75
419,lrange5,1000000,1176508.25
420,lpush5,1000000,771047.00
420,lrange5,1000000,1199079.12
421,lpush5,1000000,776496.88
421,lrange5,1000000,1194762.25
422,lpush5,1000000,771716.06
422,lrange5,1000000,1175219.75
423,lpush5,1000000,777716.94
423,lrange5,1000000,1182108.75
424,lpush5,1000000,764051.94
424,lrange5,1000000,1183431.88
425,lpush5,1000000,766907.94
425,lrange5,1000000,1203504.25
426,lpush5,1000000,783749.19
426,lrange5,1000000,1196306.12
427,lpush5,1000000,783761.75
427,lrange5,1000000,1204838.62
428,lpush5,1000000,786163.56
428,lrange5,1000000,1197873.12
429,lpush5,1000000,776459.62
429,lrange5,1000000,1215300.12
430,lpush5,1000000,789889.38
430,lrange5,1000000,1193336.50
431,lpush5,1000000,765135.38
431,lrange5,1000000,1130124.25
432,lpush5,1000000,764039.69
432,lrange5,1000000,1158785.62
433,lpush5,1000000,749075.62
433,lrange5,1000000,1127522.00
434,lpush5,1000000,763990.81
434,lrange5,1000000,1154771.38
435,lpush5,1000000,769933.75
435,lrange5,1000000,1156087.88
436,lpush5,1000000,682593.81
436,lrange5,1000000,1164237.50
437,lpush5,1000000,789291.25
437,lrange5,1000000,1210673.12
438,lpush5,1000000,772896.44
438,lrange5,1000000,1150913.62
439,lpush5,1000000,768184.31
439,lrange5,1000000,1218065.75
440,lpush5,1000000,780056.19
440,lrange5,1000000,1218280.12
441,lpush5,1000000,757026.50
441,lrange5,1000000,1175088.12
442,lpush5,1000000,786832.38
442,lrange5,1000000,1191914.25
443,lpush5,1000000,654105.94
443,lrange5,1000000,1202173.00
444,lpush5,1000000,774655.31
444,lrange5,1000000,1180845.38
445,lpush5,1000000,778235.06
445,lrange5,1000000,1165519.88
446,lpush5,1000000,774655.31
446,lrange5,1000000,1203523.50
447,lpush5,1000000,779473.12
447,lrange5,1000000,1176470.50
448,lpush5,1000000,777679.62
448,lrange5,1000000,1192066.75
449,lpush5,1000000,777162.44
449,lrange5,1000000,1190495.25
450,lpush5,1000000,761651.19
450,lrange5,1000000,1200480.12
451,lpush5,1000000,771716.06
451,lrange5,1000000,1190476.25
452,lpush5,1000000,769243.12
452,lrange5,1000000,1173784.00
453,lpush5,1000000,757099.19
453,lrange5,1000000,1227131.25
454,lpush5,1000000,771642.00
454,lrange5,1000000,1173934.25
455,lpush5,1000000,768762.50
455,lrange5,1000000,1210692.50
456,lpush5,1000000,782485.12
456,lrange5,1000000,1193374.75
457,lpush5,1000000,772237.88
457,lrange5,1000000,1215105.75
458,lpush5,1000000,781250.00
458,lrange5,1000000,1189384.00
459,lpush5,1000000,758198.62
459,lrange5,1000000,1175182.12
460,lpush5,1000000,763407.69
460,lrange5,1000000,1193565.62
461,lpush5,1000000,769243.12
461,lrange5,1000000,1173784.00
462,lpush5,1000000,756502.25
462,lrange5,1000000,1183621.25
463,lpush5,1000000,759483.69
463,lrange5,1000000,1176489.38
464,lpush5,1000000,759951.38
464,lrange5,1000000,1158896.88
465,lpush5,1000000,775255.81
465,lrange5,1000000,1169665.50
466,lpush5,1000000,777013.25
466,lrange5,1000000,1180656.38
467,lpush5,1000000,765807.06
467,lrange5,1000000,1182070.88
468,lpush5,1000000,784954.44
468,lrange5,1000000,1207748.75
469,lpush5,1000000,779473.12
469,lrange5,1000000,1219668.25
470,lpush5,1000000,783123.00
470,lrange5,1000000,1193393.75
471,lpush5,1000000,780043.69
471,lrange5,1000000,1202096.12
472,lpush5,1000000,783097.94
472,lrange5,1000000,1212315.12
473,lpush5,1000000,772834.62
473,lrange5,1000000,1204973.50
474,lpush5,1000000,783749.19
474,lrange5,1000000,1199040.75
475,lpush5,1000000,788097.69
475,lrange5,1000000,1166861.12
476,lpush5,1000000,767496.56
476,lrange5,1000000,1107472.88
477,lpush5,1000000,763432.12
477,lrange5,1000000,1179283.00
478,lpush5,1000000,753108.44
478,lrange5,1000000,1187838.50
479,lpush5,1000000,786289.31
479,lrange5,1000000,1131294.12
480,lpush5,1000000,763954.12
480,lrange5,1000000,1154734.38
481,lpush5,1000000,787439.38
481,lrange5,1000000,1203427.25
482,lpush5,1000000,759939.19
482,lrange5,1000000,1191990.50
483,lpush5,1000000,768639.50
483,lrange5,1000000,1215377.88
484,lpush5,1000000,736471.25
484,lrange5,1000000,1031059.75
485,lpush5,1000000,751471.06
485,lrange5,1000000,1126234.25
486,lpush5,1000000,778222.56
486,lrange5,1000000,1150932.12
487,lpush5,1000000,764526.00
487,lrange5,1000000,1144292.88
488,lpush5,1000000,758174.38
488,lrange5,1000000,1149682.75
489,lpush5,1000000,781898.31
489,lrange5,1000000,1200518.62
490,lpush5,1000000,767484.31
490,lrange5,1000000,1207864.75
491,lpush5,1000000,783724.12
491,lrange5,1000000,1172445.50
492,lpush5,1000000,780677.56
492,lrange5,1000000,1189098.62
493,lpush5,1000000,764562.69
493,lrange5,1000000,1161588.88
494,lpush5,1000000,775268.25
494,lrange5,1000000,1175088.12
495,lpush5,1000000,784929.31
495,lrange5,1000000,1199060.00
496,lpush5,1000000,765709.06
496,lrange5,1000000,1193317.38
497,lpush5,1000000,784941.88
497,lrange5,1000000,1204877.12
498,lpush5,1000000,781250.00
498,lrange5,1000000,1137856.62
499,lpush5,1000000,780143.56
499,lrange5,1000000,1215319.50
500,lpush5,1000000,778828.62
500,lrange5,1000000,1206272.62
501,lpush5,1000000,779448.19
501,lrange5,1000000,1165538.50
502,lpush5,1000000,784992.12
502,lrange5,1000000,1221040.25
503,lpush5,1000000,764027.50
503,lrange5,1000000,1213592.25
504,lpush5,1000000,774655.31
504,lrange5,1000000,1200595.38
505,lpush5,1000000,787477.19
505,lrange5,1000000,1194896.00
506,lpush5,1000000,778272.38
506,lrange5,1000000,1206272.62
507,lpush5,1000000,782510.19
507,lrange5,1000000,1184872.12
508,lpush5,1000000,781375.00
508,lrange5,1000000,1200480.12
509,lpush5,1000000,775795.19
509,lrange5,1000000,1213650.50
510,lpush5,1000000,781262.50
510,lrange5,1000000,1216545.00
511,lpush5,1000000,784967.00
511,lrange5,1000000,1216545.00
512,lpush5,1000000,769230.81
512,lrange5,1000000,1184928.88
513,lpush5,1000000,773993.75
513,lrange5,1000000,1218260.62
514,lpush5,1000000,761614.62
514,lrange5,1000000,1199060.00
515,lpush5,1000000,768110.56
515,lrange5,1000000,1164274.75
516,lpush5,1000000,758283.56
516,lrange5,1000000,1197739.00
517,lpush5,1000000,782547.75
517,lrange5,1000000,1179283.00
518,lpush5,1000000,781337.50
518,lrange5,1000000,1230228.75
519,lpush5,1000000,767472.00
519,lrange5,1000000,1176602.38
520,lpush5,1000000,775956.56
520,lrange5,1000000,1161607.38
521,lpush5,1000000,768676.38
521,lrange5,1000000,1194972.50
522,lpush5,1000000,769267.75
522,lrange5,1000000,1206407.75
523,lpush5,1000000,779498.06
523,lrange5,1000000,1176583.50
524,lpush5,1000000,778915.88
524,lrange5,1000000,1173896.75
525,lpush5,1000000,783135.50
525,lrange5,1000000,1209189.75
526,lpush5,1000000,772200.81
526,lrange5,1000000,1212140.62
527,lpush5,1000000,781923.38
527,lrange5,1000000,1176489.38
528,lpush5,1000000,762231.69
528,lrange5,1000000,1206446.38
529,lpush5,1000000,766920.25
529,lrange5,1000000,1205089.12
530,lpush5,1000000,777087.81
530,lrange5,1000000,1207884.00
531,lpush5,1000000,780131.06
531,lrange5,1000000,1182279.00
532,lpush5,1000000,777629.88
532,lrange5,1000000,1176677.62
533,lpush5,1000000,741301.69
533,lrange5,1000000,1193508.38
534,lpush5,1000000,769995.38
534,lrange5,1000000,1197834.75
535,lpush5,1000000,765794.81
535,lrange5,1000000,1177950.50
536,lpush5,1000000,767545.69
536,lrange5,1000000,1180750.88
537,lpush5,1000000,777692.06
537,lrange5,1000000,1150821.62
538,lpush5,1000000,772200.81
538,lrange5,1000000,1178026.00
539,lpush5,1000000,787552.75
539,lrange5,1000000,1210692.50
540,lpush5,1000000,779460.62
540,lrange5,1000000,1222709.00
541,lpush5,1000000,778347.12
541,lrange5,1000000,1216564.38
542,lpush5,1000000,783711.56
542,lrange5,1000000,1196363.62
543,lpush5,1000000,778841.12
543,lrange5,1000000,1179245.25
544,lpush5,1000000,766871.12
544,lrange5,1000000,1197681.50
545,lpush5,1000000,786782.06
545,lrange5,1000000,1205127.75
546,lpush5,1000000,783699.06
546,lrange5,1000000,1182184.38
547,lpush5,1000000,775857.25
547,lrange5,1000000,1156217.38
548,lpush5,1000000,767545.69
548,lrange5,1000000,1199136.75
549,lpush5,1000000,786832.38
549,lrange5,1000000,1192009.50
550,lpush5,1000000,778878.50
550,lrange5,1000000,1162790.62
551,lpush5,1000000,775193.81
551,lrange5,1000000,1183526.62
552,lpush5,1000000,781275.00
552,lrange5,1000000,1233045.62
553,lpush5,1000000,772213.12
553,lrange5,1000000,1219707.38
554,lpush5,1000000,786832.38
554,lrange5,1000000,1215086.25
555,lpush5,1000000,784929.31
555,lrange5,1000000,1203562.00
556,lpush5,1000000,768122.88
556,lrange5,1000000,1196287.00
557,lpush5,1000000,785621.38
557,lrange5,1000000,1196172.25
558,lpush5,1000000,769292.31
558,lrange5,1000000,1199060.00
559,lpush5,1000000,776509.31
559,lrange5,1000000,1213592.25
560,lpush5,1000000,775807.56
560,lrange5,1000000,1179396.25
561,lpush5,1000000,772921.19
561,lrange5,1000000,1194743.12
562,lpush5,1000000,759386.44
562,lrange5,1000000,1218182.75
563,lpush5,1000000,780640.12
563,lrange5,1000000,1204857.88
564,lpush5,1000000,785004.69
564,lrange5,1000000,1176470.50
565,lpush5,1000000,775795.19
565,lrange5,1000000,1144274.62
566,lpush5,1000000,788097.69
566,lrange5,1000000,1212160.00
567,lpush5,1000000,781935.88
567,lrange5,1000000,1209209.12
568,lpush5,1000000,770539.31
568,lrange5,1000000,1186315.50
569,lpush5,1000000,791227.81
569,lrange5,1000000,1186258.62
570,lpush5,1000000,766344.88
570,lrange5,1000000,1219707.38
571,lpush5,1000000,778890.94
571,lrange5,1000000,1187952.50
572,lpush5,1000000,784389.06
572,lrange5,1000000,1203523.50
573,lpush5,1000000,781387.50
573,lrange5,1000000,1210673.12
574,lpush5,1000000,766871.12
574,lrange5,1000000,1207748.75
575,lpush5,1000000,758737.50
575,lrange5,1000000,1187667.50
576,lpush5,1000000,759301.44
576,lrange5,1000000,1153402.50
577,lpush5,1000000,771604.94
577,lrange5,1000000,1172351.75
578,lpush5,1000000,771047.00
578,lrange5,1000000,1190647.62
579,lpush5,1000000,771666.69
579,lrange5,1000000,1179415.12
580,lpush5,1000000,772884.06
580,lrange5,1000000,1186486.38
581,lpush5,1000000,765696.81
581,lrange5,1000000,1166898.50
582,lpush5,1000000,762776.50
582,lrange5,1000000,1193432.00
583,lpush5,1000000,779423.25
583,lrange5,1000000,1160130.00
584,lpush5,1000000,764027.50
584,lrange5,1000000,1184834.12
585,lpush5,1000000,774092.88
585,lrange5,1000000,1191990.50
586,lpush5,1000000,771728.38
586,lrange5,1000000,1189231.88
587,lpush5,1000000,769316.94
587,lrange5,1000000,1200518.62
588,lpush5,1000000,782472.62
588,lrange5,1000000,1177875.12
589,lpush5,1000000,758798.19
589,lrange5,1000000,1172483.00
590,lpush5,1000000,767570.25
590,lrange5,1000000,1126126.12
591,lpush5,1000000,753012.06
591,lrange5,1000000,1193393.75
592,lpush5,1000000,765135.38
592,lrange5,1000000,1194800.50
593,lpush5,1000000,766895.69
593,lrange5,1000000,1135237.25
594,lpush5,1000000,753579.50
594,lrange5,1000000,1177969.38
595,lpush5,1000000,769280.00
595,lrange5,1000000,1183507.62
596,lpush5,1000000,757099.19
596,lrange5,1000000,1200499.38
597,lpush5,1000000,772299.62
597,lrange5,1000000,1201923.00
598,lpush5,1000000,763966.38
598,lrange5,1000000,1191952.38
599,lpush5,1000000,762849.75
599,lrange5,1000000,1129961.62
600,lpush5,1000000,727813.69
600,lrange5,1000000,1150766.38
601,lpush5,1000000,770428.38
601,lrange5,1000000,1145713.62
602,lpush5,1000000,765770.31
602,lrange5,1000000,1139006.75
603,lpush5,1000000,745180.31
603,lrange5,1000000,1147045.88
604,lpush5,1000000,728886.31
604,lrange5,1000000,1158767.12
605,lpush5,1000000,749697.12
605,lrange5,1000000,1221177.00
606,lpush5,1000000,755882.12
606,lrange5,1000000,1132557.12
607,lpush5,1000000,752517.69
607,lrange5,1000000,1175125.75
608,lpush5,1000000,777100.25
608,lrange5,1000000,1196267.88
609,lpush5,1000000,761663.38
609,lrange5,1000000,1179320.75
610,lpush5,1000000,762861.94
610,lrange5,1000000,1202038.38
611,lpush5,1000000,783774.25
611,lrange5,1000000,1200537.75
612,lpush5,1000000,789278.62
612,lrange5,1000000,1194819.62
613,lpush5,1000000,787590.56
613,lrange5,1000000,1152184.38
614,lpush5,1000000,783173.06
614,lrange5,1000000,1197604.88
615,lpush5,1000000,784313.75
615,lrange5,1000000,1175125.75
616,lpush5,1000000,754765.25
616,lrange5,1000000,1141552.50
617,lpush5,1000000,784979.56
617,lrange5,1000000,1190476.25
618,lpush5,1000000,749781.12
618,lrange5,1000000,1168317.75
619,lpush5,1000000,750271.62
619,lrange5,1000000,1008241.94
620,lpush5,1000000,771604.94
620,lrange5,1000000,1094197.00
621,lpush5,1000000,727354.19
621,lrange5,1000000,1204992.75
622,lpush5,1000000,762243.88
622,lrange5,1000000,1145622.00
623,lpush5,1000000,754159.88
623,lrange5,1000000,1189155.75
624,lpush5,1000000,779448.19
624,lrange5,1000000,1167047.88
625,lpush5,1000000,772809.88
625,lrange5,1000000,1182203.25
626,lpush5,1000000,781860.81
626,lrange5,1000000,1180769.75
627,lpush5,1000000,754765.25
627,lrange5,1000000,1112436.00
628,lpush5,1000000,755359.50
628,lrange5,1000000,1182089.88
629,lpush5,1000000,759374.31
629,lrange5,1000000,1175125.75
630,lpush5,1000000,758186.50
630,lrange5,1000000,1203408.00
631,lpush5,1000000,759890.56
631,lrange5,1000000,1112347.12
632,lpush5,1000000,676633.25
632,lrange5,1000000,1193527.50
633,lpush5,1000000,781885.81
633,lrange5,1000000,1161440.12
634,lpush5,1000000,754801.50
634,lrange5,1000000,1157574.00
635,lpush5,1000000,768122.88
635,lrange5,1000000,1148215.88
636,lpush5,1000000,782472.62
636,lrange5,1000000,1192143.00
637,lpush5,1000000,783085.38
637,lrange5,1000000,1210673.12
638,lpush5,1000000,778816.19
638,lrange5,1000000,1197624.00
639,lpush5,1000000,773457.06
639,lrange5,1000000,1212295.75
640,lpush5,1000000,759951.38
640,lrange5,1000000,1197968.88
641,lpush5,1000000,774655.31
641,lrange5,1000000,1157481.50
642,lpush5,1000000,742942.06
642,lrange5,1000000,937297.06
643,lpush5,1000000,732111.25
643,lrange5,1000000,1126252.25
644,lpush5,1000000,745180.31
644,lrange5,1000000,1153494.88
645,lpush5,1000000,680315.62
645,lrange5,1000000,1064085.12
646,lpush5,1000000,775268.25
646,lrange5,1000000,1200576.25
647,lpush5,1000000,762256.06
647,lrange5,1000000,1187705.50
648,lpush5,1000000,771034.69
648,lrange5,1000000,1192009.50
649,lpush5,1000000,717898.06
649,lrange5,1000000,1005105.50
650,lpush5,1000000,683592.56
650,lrange5,1000000,1133805.00
651,lpush5,1000000,745192.25
651,lrange5,1000000,1189250.88
652,lpush5,1000000,755857.94
652,lrange5,1000000,1184891.00
653,lpush5,1000000,766357.12
653,lrange5,1000000,1156383.75
654,lpush5,1000000,773395.19
654,lrange5,1000000,1148197.50
655,lpush5,1000000,759878.44
655,lrange5,1000000,1131402.75
656,lpush5,1000000,751951.88
656,lrange5,1000000,1216545.00
657,lpush5,1000000,752577.88
657,lrange5,1000000,1205127.75
658,lpush5,1000000,764051.94
658,lrange5,1000000,1133823.12
659,lpush5,1000000,778284.88
659,lrange5,1000000,1199079.12
660,lpush5,1000000,777063.00
660,lrange5,1000000,1162846.50
661,lpush5,1000000,765856.06
661,lrange5,1000000,1212160.00
662,lpush5,1000000,780802.50
662,lrange5,1000000,1128740.38
663,lpush5,1000000,766871.12
663,lrange5,1000000,1196306.12
664,lpush5,1000000,769847.56
664,lrange5,1000000,1225529.38
665,lpush5,1000000,769847.56
665,lrange5,1000000,1203485.00
666,lpush5,1000000,781250.00
666,lrange5,1000000,1194781.38
667,lpush5,1000000,775968.94
667,lrange5,1000000,1199098.38
668,lpush5,1000000,782472.62
668,lrange5,1000000,1215125.12
669,lpush5,1000000,772846.94
669,lrange5,1000000,1200537.75
670,lpush5,1000000,773457.06
670,lrange5,1000000,1168373.88
671,lpush5,1000000,782497.62
671,lrange5,1000000,1236252.12
672,lpush5,1000000,785596.25
672,lrange5,1000000,1213902.88
673,lpush5,1000000,777667.19
673,lrange5,1000000,1175144.50
674,lpush5,1000000,769243.12
674,lrange5,1000000,1212160.00
675,lpush5,1000000,762341.44
675,lrange5,1000000,1200710.62
676,lpush5,1000000,772908.81
676,lrange5,1000000,1180713.12
677,lpush5,1000000,768750.19
677,lrange5,1000000,1205069.88
678,lpush5,1000000,775807.56
678,lrange5,1000000,1196210.50
679,lpush5,1000000,748503.00
679,lrange5,1000000,1192066.75
680,lpush5,1000000,778297.31
680,lrange5,1000000,1213902.88
681,lpush5,1000000,779448.19
681,lrange5,1000000,1205012.12
682,lpush5,1000000,784313.75
682,lrange5,1000000,1172351.75
683,lpush5,1000000,778841.12
683,lrange5,1000000,1231625.62
684,lpush5,1000000,775807.56
684,lrange5,1000000,1200691.50
685,lpush5,1000000,782023.44
685,lrange5,1000000,1197853.88
686,lpush5,1000000,780665.12
686,lrange5,1000000,1215086.25
687,lpush5,1000000,779435.69
687,lrange5,1000000,1190552.38
688,lpush5,1000000,778272.38
688,lrange5,1000000,1193546.50
689,lpush5,1000000,782547.75
689,lrange5,1000000,1193393.75
690,lpush5,1000000,771182.69
690,lrange5,1000000,1208000.00
691,lpush5,1000000,769884.50
691,lrange5,1000000,1207787.38
692,lpush5,1000000,781312.50
692,lrange5,1000000,1200576.25
693,lpush5,1000000,780118.62
693,lrange5,1000000,1192009.50
694,lpush5,1000000,783824.44
694,lrange5,1000000,1210770.00
695,lpush5,1000000,780640.12
695,lrange5,1000000,1175163.38
696,lpush5,1000000,773993.75
696,lrange5,1000000,1172351.75
697,lpush5,1000000,774667.69
697,lrange5,1000000,1216700.75
698,lpush5,1000000,777063.00
698,lrange5,1000000,1218026.88
699,lpush5,1000000,774717.25
699,lrange5,1000000,1194800.50
700,lpush5,1000000,747384.12
700,lrange5,1000000,1158841.25
701,lpush5,1000000,751338.88
701,lrange5,1000000,1202000.00
702,lpush5,1000000,756453.81
702,lrange5,1000000,1114934.25
703,lpush5,1000000,768061.44
703,lrange5,1000000,1219512.25
704,lpush5,1000000,777729.38
704,lrange5,1000000,1183450.88
705,lpush5,1000000,775218.62
705,lrange5,1000000,1149480.50
706,lpush5,1000000,749111.56
706,lrange5,1000000,1110162.00
707,lpush5,1000000,724672.44
707,lrange5,1000000,1204819.25
708,lpush5,1000000,777692.06
708,lrange5,1000000,1168224.25
709,lpush5,1000000,783085.38
709,lrange5,1000000,1183507.62
710,lpush5,1000000,775206.25
710,lrange5,1000000,1202038.38
711,lpush5,1000000,770465.38
711,lrange5,1000000,1215125.12
712,lpush5,1000000,765794.81
712,lrange5,1000000,1210808.75
713,lpush5,1000000,770416.06
713,lrange5,1000000,1154882.25
714,lpush5,1000000,709734.56
714,lrange5,1000000,1172333.00
715,lpush5,1000000,771703.69
715,lrange5,1000000,1212295.75
716,lpush5,1000000,761035.00
716,lrange5,1000000,1158934.00
717,lpush5,1000000,769255.44
717,lrange5,1000000,1140323.88
718,lpush5,1000000,769872.19
718,lrange5,1000000,908265.25
719,lpush5,1000000,768651.81
719,lrange5,1000000,1213669.88
720,lpush5,1000000,772336.69
720,lrange5,1000000,1170997.75
721,lpush5,1000000,766944.75
721,lrange5,1000000,1209209.12
722,lpush5,1000000,778222.56
722,lrange5,1000000,1175370.12
723,lpush5,1000000,775795.19
723,lrange5,1000000,1180675.38
724,lpush5,1000000,770440.69
724,lrange5,1000000,1168317.75
725,lpush5,1000000,768073.69
725,lrange5,1000000,1193584.75
726,lpush5,1000000,770465.38
726,lrange5,1000000,1166991.88
727,lpush5,1000000,777729.38
727,lrange5,1000000,1196306.12
728,lpush5,1000000,744071.44
728,lrange5,1000000,1182033.12
729,lpush5,1000000,762861.94
729,lrange5,1000000,1196248.75
730,lpush5,1000000,765782.56
730,lrange5,1000000,1178026.00
731,lpush5,1000000,780652.62
731,lrange5,1000000,1197796.50
732,lpush5,1000000,759939.19
732,lrange5,1000000,1176677.62
733,lpush5,1000000,755942.56
733,lrange5,1000000,1167029.12
734,lpush5,1000000,752445.44
734,lrange5,1000000,1199060.00
735,lpush5,1000000,768073.69
735,lrange5,1000000,1189231.88
736,lpush5,1000000,779448.19
736,lrange5,1000000,1164237.50
737,lpush5,1000000,751975.94
737,lrange5,1000000,1132557.12
738,lpush5,1000000,741851.62
738,lrange5,1000000,1060479.25
739,lpush5,1000000,728402.00
739,lrange5,1000000,1161495.88
740,lpush5,1000000,784313.75
740,lrange5,1000000,1189117.75
741,lpush5,1000000,759914.88
741,lrange5,1000000,1140269.12
742,lpush5,1000000,748562.88
742,lrange5,1000000,1182165.50
743,lpush5,1000000,723123.62
743,lrange5,1000000,1009146.31
744,lpush5,1000000,676665.75
744,lrange5,1000000,907528.12
745,lpush5,1000000,726239.69
745,lrange5,1000000,1043974.94
746,lpush5,1000000,603654.81
746,lrange5,1000000,592445.50
747,lpush5,1000000,546456.81
747,lrange5,1000000,682193.75
748,lpush5,1000000,623541.19
748,lrange5,1000000,1034126.12
749,lpush5,1000000,716412.56
749,lrange5,1000000,888127.88
750,lpush5,1000000,299874.06
750,lrange5,1000000,509303.47
751,lpush5,1000000,302586.38
751,lrange5,1000000,471220.00
752,lpush5,1000000,353504.41
752,lrange5,1000000,830127.75
753,lpush5,1000000,699902.00
753,lrange5,1000000,1008241.94
754,lpush5,1000000,370131.78
754,lrange5,1000000,358428.69
755,lpush5,1000000,474669.19
755,lrange5,1000000,1026726.94
756,lpush5,1000000,643138.31
756,lrange5,1000000,841177.44
757,lpush5,1000000,668045.44
757,lrange5,1000000,1013414.38
758,lpush5,1000000,687044.00
758,lrange5,1000000,929487.00
759,lpush5,1000000,667567.44
759,lrange5,1000000,999144.81
760,lpush5,1000000,671656.19
760,lrange5,1000000,928772.50
761,lpush5,1000000,664494.38
761,lrange5,1000000,990257.44
762,lpush5,1000000,498264.09
762,lrange5,1000000,912423.38
763,lpush5,1000000,725735.81
763,lrange5,1000000,997056.81
764,lpush5,1000000,727342.56
764,lrange5,1000000,1009081.75
765,lpush5,1000000,703291.12
765,lrange5,1000000,1038504.69
766,lpush5,1000000,728460.31
766,lrange5,1000000,1062750.25
767,lpush5,1000000,695465.94
767,lrange5,1000000,1078748.62
768,lpush5,1000000,736978.62
768,lrange5,1000000,1071862.75
769,lpush5,1000000,711800.75
769,lrange5,1000000,1052648.38
770,lpush5,1000000,725724.25
770,lrange5,1000000,1054953.62
771,lpush5,1000000,724147.69
771,lrange5,1000000,992126.94
772,lpush5,1000000,716880.31
772,lrange5,1000000,1056016.88
773,lpush5,1000000,732624.19
773,lrange5,1000000,1046192.50
774,lpush5,1000000,714899.19
774,lrange5,1000000,1022691.25
775,lpush5,1000000,704755.44
775,lrange5,1000000,1055021.12
776,lpush5,1000000,714887.75
776,lrange5,1000000,1028921.81
777,lpush5,1000000,723589.00
777,lrange5,1000000,962510.06
778,lpush5,1000000,716857.38
778,lrange5,1000000,1070800.88
779,lpush5,1000000,703291.12
779,lrange5,1000000,936494.44
780,lpush5,1000000,734777.38
780,lrange5,1000000,1070749.50
781,lpush5,1000000,726779.06
781,lrange5,1000000,1087182.62
782,lpush5,1000000,702269.62
782,lrange5,1000000,1058319.62
783,lpush5,1000000,725724.25
783,lrange5,1000000,1031010.25
784,lpush5,1000000,698923.81
784,lrange5,1000000,1027022.62
785,lpush5,1000000,701799.31
785,lrange5,1000000,1083562.38
786,lpush5,1000000,700860.50
786,lrange5,1000000,1006052.31
787,lpush5,1000000,717875.06
787,lrange5,1000000,1067253.00
788,lpush5,1000000,708728.56
788,lrange5,1000000,1068427.38
789,lpush5,1000000,745180.31
789,lrange5,1000000,1045199.56
790,lpush5,1000000,700894.19
790,lrange5,1000000,1067235.88
791,lpush5,1000000,726744.19
791,lrange5,1000000,1031010.25
792,lpush5,1000000,708396.62
792,lrange5,1000000,1034291.62
793,lpush5,1000000,547945.19
793,lrange5,1000000,694633.31
794,lpush5,1000000,531632.12
794,lrange5,1000000,639979.56
795,lpush5,1000000,499588.38
795,lrange5,1000000,728956.25
796,lpush5,1000000,512845.12
796,lrange5,1000000,705829.19
797,lpush5,1000000,480807.72
797,lrange5,1000000,1035213.25
798,lpush5,1000000,461930.72
798,lrange5,1000000,654502.62
799,lpush5,1000000,526643.50
799,lrange5,1000000,642342.94
800,lpush5,1000000,456434.50
800,lrange5,1000000,695421.44
801,lpush5,1000000,541789.81
801,lrange5,1000000,1000112.00
802,lpush5,1000000,710743.44
802,lrange5,1000000,1021646.62
803,lpush5,1000000,681198.88
803,lrange5,1000000,1009114.00
804,lpush5,1000000,736424.12
804,lrange5,1000000,1095325.38
805,lpush5,1000000,739727.81
805,lrange5,1000000,1059339.00
806,lpush5,1000000,743577.69
806,lrange5,1000000,1124877.38
807,lpush5,1000000,732076.12
807,lrange5,1000000,1077620.75
808,lpush5,1000000,729441.25
808,lrange5,1000000,1113621.38
809,lpush5,1000000,729417.94
809,lrange5,1000000,1060581.12
810,lpush5,1000000,722624.31
810,lrange5,1000000,1113603.50
811,lpush5,1000000,742977.75
811,lrange5,1000000,1111235.62
812,lpush5,1000000,720507.19
812,lrange5,1000000,1031010.25
813,lpush5,1000000,567555.06
813,lrange5,1000000,725267.62
814,lpush5,1000000,611286.06
814,lrange5,1000000,561923.62
815,lpush5,1000000,323054.28
815,lrange5,1000000,777075.38
816,lpush5,1000000,621514.00
816,lrange5,1000000,809755.44
817,lpush5,1000000,600990.38
817,lrange5,1000000,827235.75
818,lpush5,1000000,632911.38
818,lrange5,1000000,851145.56
819,lpush5,1000000,645223.25
819,lrange5,1000000,928683.38
820,lpush5,1000000,666275.81
820,lrange5,1000000,921717.94
821,lpush5,1000000,674373.56
821,lrange5,1000000,904991.81
822,lpush5,1000000,688297.31
822,lrange5,1000000,922612.56
823,lpush5,1000000,669376.19
823,lrange5,1000000,996111.62
824,lpush5,1000000,691640.38
824,lrange5,1000000,920869.25
825,lpush5,1000000,695488.19
825,lrange5,1000000,922538.75
826,lpush5,1000000,668981.94
826,lrange5,1000000,965359.06
827,lpush5,1000000,681220.69
827,lrange5,1000000,989167.12
828,lpush5,1000000,626576.44
828,lrange5,1000000,641848.56
829,lpush5,1000000,639008.31
829,lrange5,1000000,863640.75
830,lpush5,1000000,625020.00
830,lrange5,1000000,880295.75
831,lpush5,1000000,595333.38
831,lrange5,1000000,456642.91
832,lpush5,1000000,537074.12
832,lrange5,1000000,1014215.00
833,lpush5,1000000,738611.56
833,lrange5,1000000,1001193.19
834,lpush5,1000000,651465.81
834,lrange5,1000000,951642.25
835,lpush5,1000000,687285.19
835,lrange5,1000000,1004224.94
836,lpush5,1000000,725689.38
836,lrange5,1000000,1075406.50
837,lpush5,1000000,733161.31
837,lrange5,1000000,1103823.38
838,lpush5,1000000,632551.56
838,lrange5,1000000,953471.88
839,lpush5,1000000,594950.62
839,lrange5,1000000,822657.94
840,lpush5,1000000,523294.59
840,lrange5,1000000,862867.94
841,lpush5,1000000,684027.38
841,lrange5,1000000,1046175.75
842,lpush5,1000000,758761.81
842,lrange5,1000000,1037626.56
843,lpush5,1000000,726790.69
843,lrange5,1000000,1135328.00
844,lpush5,1000000,741922.81
844,lrange5,1000000,1081219.50
845,lpush5,1000000,747455.88
845,lrange5,1000000,1041716.69
846,lpush5,1000000,752457.50
846,lrange5,1000000,1073218.88
847,lpush5,1000000,741313.56
847,lrange5,1000000,1114969.88
848,lpush5,1000000,734226.12
848,lrange5,1000000,1087008.62
849,lpush5,1000000,737463.12
849,lrange5,1000000,1058488.88
850,lpush5,1000000,739157.38
850,lrange5,1000000,1019580.00
851,lpush5,1000000,739668.62
851,lrange5,1000000,1107437.38
852,lpush5,1000000,723112.06
852,lrange5,1000000,1109913.38
853,lpush5,1000000,721026.69
853,lrange5,1000000,946225.12
854,lpush5,1000000,648119.25
854,lrange5,1000000,952457.19
855,lpush5,1000000,694982.62
855,lrange5,1000000,955201.50
856,lpush5,1000000,725724.25
856,lrange5,1000000,1068478.62
857,lpush5,1000000,744095.25
857,lrange5,1000000,1068410.25
858,lpush5,1000000,731122.81
858,lrange5,1000000,1086002.12
859,lpush5,1000000,723158.31
859,lrange5,1000000,986256.38
860,lpush5,1000000,719447.50
860,lrange5,1000000,1153697.88
861,lpush5,1000000,752529.75
861,lrange5,1000000,1119820.88
862,lpush5,1000000,618076.62
862,lrange5,1000000,602419.31
863,lpush5,1000000,623830.31
863,lrange5,1000000,965343.62
864,lpush5,1000000,639396.44
864,lrange5,1000000,969069.81
865,lpush5,1000000,676611.62
865,lrange5,1000000,993064.56
866,lpush5,1000000,657051.25
866,lrange5,1000000,999080.88
867,lpush5,1000000,664526.25
867,lrange5,1000000,1010327.25
868,lpush5,1000000,668907.00
868,lrange5,1000000,1033173.56
869,lpush5,1000000,671173.12
869,lrange5,1000000,1020408.12
870,lpush5,1000000,695488.19
870,lrange5,1000000,1077586.25
871,lpush5,1000000,582787.88
871,lrange5,1000000,983347.12
872,lpush5,1000000,665885.50
872,lrange5,1000000,982412.56
873,lpush5,1000000,666709.31
873,lrange5,1000000,1069689.88
874,lpush5,1000000,706781.62
874,lrange5,1000000,1078921.25
875,lpush5,1000000,713312.44
875,lrange5,1000000,1094232.00
876,lpush5,1000000,704304.25
876,lrange5,1000000,1060598.12
877,lpush5,1000000,720622.50
877,lrange5,1000000,1041866.69
878,lpush5,1000000,698812.00
878,lrange5,1000000,1084685.50
879,lpush5,1000000,712815.38
879,lrange5,1000000,1112631.88
880,lpush5,1000000,701273.50
880,lrange5,1000000,1094284.50
881,lpush5,1000000,696986.81
881,lrange5,1000000,1088313.38
882,lpush5,1000000,715819.62
882,lrange5,1000000,1126144.12
883,lpush5,1000000,708215.31
883,lrange5,1000000,1101392.12
884,lpush5,1000000,726216.44
884,lrange5,1000000,1083423.62
885,lpush5,1000000,707349.38
885,lrange5,1000000,1085776.38
886,lpush5,1000000,704225.38
886,lrange5,1000000,1091720.50
887,lpush5,1000000,712781.19
887,lrange5,1000000,1103964.62
888,lpush5,1000000,720507.19
888,lrange5,1000000,1091877.75
889,lpush5,1000000,717394.50
889,lrange5,1000000,1090652.12
890,lpush5,1000000,721546.88
890,lrange5,1000000,1066336.88
891,lpush5,1000000,729938.69
891,lrange5,1000000,1062818.25
892,lpush5,1000000,713775.88
892,lrange5,1000000,1095307.75
893,lpush5,1000000,698402.19
893,lrange5,1000000,1111253.38
894,lpush5,1000000,712758.38
894,lrange5,1000000,1119856.62
895,lpush5,1000000,716332.38
895,lrange5,1000000,1094267.00
896,lpush5,1000000,705342.75
896,lrange5,1000000,1048301.88
897,lpush5,1000000,707714.06
897,lrange5,1000000,1096491.25
898,lpush5,1000000,707270.12
898,lrange5,1000000,1111466.75
899,lpush5,1000000,723589.00
899,lrange5,1000000,1114862.88
900,lpush5,1000000,701799.31
900,lrange5,1000000,1113710.50
901,lpush5,1000000,716845.88
901,lrange5,1000000,1092931.12
902,lpush5,1000000,712250.69
902,lrange5,1000000,1058353.50
903,lpush5,1000000,713832.94
903,lrange5,1000000,1108878.00
904,lpush5,1000000,714944.94
904,lrange5,1000000,1041866.69
905,lpush5,1000000,726779.06
905,lrange5,1000000,1098918.62
906,lpush5,1000000,694444.44
906,lrange5,1000000,1102624.00
907,lpush5,1000000,713289.62
907,lrange5,1000000,1079930.88
908,lpush5,1000000,719965.44
908,lrange5,1000000,1079948.12
909,lpush5,1000000,684942.44
909,lrange5,1000000,1061605.12
910,lpush5,1000000,710227.25
910,lrange5,1000000,1107508.25
911,lpush5,1000000,707770.69
911,lrange5,1000000,1108753.88
912,lpush5,1000000,725314.00
912,lrange5,1000000,1123847.25
913,lpush5,1000000,686912.12
913,lrange5,1000000,1091825.38
914,lpush5,1000000,728483.62
914,lrange5,1000000,1076650.12
915,lpush5,1000000,710227.25
915,lrange5,1000000,1072961.38
916,lpush5,1000000,702247.19
916,lrange5,1000000,1060733.75
917,lpush5,1000000,714365.75
917,lrange5,1000000,1056067.50
918,lpush5,1000000,718459.81
918,lrange5,1000000,1112400.50
919,lpush5,1000000,703234.88
919,lrange5,1000000,1085897.88
920,lpush5,1000000,709276.62
920,lrange5,1000000,1100162.88
921,lpush5,1000000,707270.12
921,lrange5,1000000,1108700.62
922,lpush5,1000000,719470.50
922,lrange5,1000000,1117515.12
923,lpush5,1000000,714830.56
923,lrange5,1000000,1085828.50
924,lpush5,1000000,716845.88
924,lrange5,1000000,1110091.00
925,lpush5,1000000,711777.94
925,lrange5,1000000,1085811.12
926,lpush5,1000000,704755.44
926,lrange5,1000000,1077724.12
927,lpush5,1000000,716355.31
927,lrange5,1000000,1070835.12
928,lpush5,1000000,719539.56
928,lrange5,1000000,1013171.25
929,lpush5,1000000,676644.06
929,lrange5,1000000,900248.50
930,lpush5,1000000,603500.31
930,lrange5,1000000,1040665.94
931,lpush5,1000000,726239.69
931,lrange5,1000000,1073047.25
932,lpush5,1000000,648108.88
932,lrange5,1000000,933856.25
933,lpush5,1000000,680735.19
933,lrange5,1000000,893655.06
934,lpush5,1000000,540557.81
934,lrange5,1000000,1000112.00
935,lpush5,1000000,643189.75
935,lrange5,1000000,859900.25
936,lpush5,1000000,629366.88
936,lrange5,1000000,1010117.19
937,lpush5,1000000,623830.31
937,lrange5,1000000,681696.00
938,lpush5,1000000,577098.69
938,lrange5,1000000,1061588.12
939,lpush5,1000000,641066.69
939,lrange5,1000000,1039584.19
940,lpush5,1000000,684953.44
940,lrange5,1000000,1058336.50
941,lpush5,1000000,673497.62
941,lrange5,1000000,1031059.75
942,lpush5,1000000,691107.12
942,lrange5,1000000,1068393.12
943,lpush5,1000000,690773.50
943,lrange5,1000000,1076564.00
944,lpush5,1000000,681209.81
944,lrange5,1000000,1095360.38
945,lpush5,1000000,701765.62
945,lrange5,1000000,1028954.75
946,lpush5,1000000,678940.94
946,lrange5,1000000,1066524.50
947,lpush5,1000000,667578.06
947,lrange5,1000000,925113.81
948,lpush5,1000000,611334.94
948,lrange5,1000000,987324.75
949,lpush5,1000000,618851.44
949,lrange5,1000000,962617.88
950,lpush5,1000000,593138.81
950,lrange5,1000000,969085.31
951,lpush5,1000000,595592.62
951,lrange5,1000000,933960.81
952,lpush5,1000000,581780.12
952,lrange5,1000000,713832.94
953,lpush5,1000000,642271.00
953,lrange5,1000000,999032.94
954,lpush5,1000000,670262.75
954,lrange5,1000000,1008145.19
955,lpush5,1000000,593195.75
955,lrange5,1000000,949880.38
956,lpush5,1000000,666688.00
956,lrange5,1000000,994194.81
957,lpush5,1000000,678962.62
957,lrange5,1000000,960676.25
958,lpush5,1000000,560852.50
958,lrange5,1000000,932130.50
959,lpush5,1000000,618811.88
959,lrange5,1000000,937462.00
960,lpush5,1000000,622287.50
960,lrange5,1000000,941679.81
961,lpush5,1000000,618498.44
961,lrange5,1000000,992206.31
962,lpush5,1000000,620782.12
962,lrange5,1000000,860134.12
963,lpush5,1000000,644381.44
963,lrange5,1000000,941619.56
964,lpush5,1000000,626959.25
964,lrange5,1000000,996047.88
965,lpush5,1000000,604989.69
965,lrange5,1000000,922627.31
966,lpush5,1000000,578034.69
966,lrange5,1000000,915809.50
967,lpush5,1000000,604614.25
967,lrange5,1000000,893000.00
968,lpush5,1000000,615832.50
968,lrange5,1000000,933871.19
969,lpush5,1000000,606060.62
969,lrange5,1000000,947882.50
970,lpush5,1000000,574731.06
970,lrange5,1000000,771010.00
971,lpush5,1000000,618076.62
971,lrange5,1000000,1046226.00
972,lpush5,1000000,632571.81
972,lrange5,1000000,1015244.62
973,lpush5,1000000,641025.69
973,lrange5,1000000,1010198.00
974,lpush5,1000000,682735.81
974,lrange5,1000000,915824.19
975,lpush5,1000000,657947.38
975,lrange5,1000000,991080.31
976,lpush5,1000000,690175.31
976,lrange5,1000000,1005185.94
977,lpush5,1000000,677069.75
977,lrange5,1000000,1004112.44
978,lpush5,1000000,701844.25
978,lrange5,1000000,1031010.25
979,lpush5,1000000,682302.88
979,lrange5,1000000,989135.50
980,lpush5,1000000,646526.19
980,lrange5,1000000,1032388.06
981,lpush5,1000000,707338.00
981,lrange5,1000000,1082251.00
982,lpush5,1000000,705241.19
982,lrange5,1000000,1002180.31
983,lpush5,1000000,706759.00
983,lrange5,1000000,953517.62
984,lpush5,1000000,672096.75
984,lrange5,1000000,983473.00
985,lpush5,1000000,709825.38
985,lrange5,1000000,1143003.38
986,lpush5,1000000,716343.81
986,lrange5,1000000,1075268.75
987,lpush5,1000000,718402.31
987,lrange5,1000000,1106336.25
988,lpush5,1000000,713787.31
988,lrange5,1000000,1105078.50
989,lpush5,1000000,638233.56
989,lrange5,1000000,1016260.12
990,lpush5,1000000,711362.75
990,lrange5,1000000,1103929.38
991,lpush5,1000000,707213.56
991,lrange5,1000000,1116142.88
992,lpush5,1000000,707872.62
992,lrange5,1000000,1117479.38
993,lpush5,1000000,703786.06
993,lrange5,1000000,1038537.88
994,lpush5,1000000,708910.00
994,lrange5,1000000,1017440.50
995,lpush5,1000000,618046.94
995,lrange5,1000000,995088.56
996,lpush5,1000000,725279.19
996,lrange5,1000000,1105025.50
997,lpush5,1000000,699367.88
997,lrange5,1000000,1061588.12
998,lpush5,1000000,708272.00
998,lrange5,1000000,1046242.69
999,lpush5,1000000,694588.88
999,lrange5,1000000,1094267.00
1000,lpush5,1000000,725689.38
1000,lrange5,1000000,1103770.38
1001,lpush5,1000000,699790.06
1001,lrange5,1000000,1083857.00
1002,lpush5,1000000,746873.81
1002,lrange5,1000000,1108665.12
1003,lpush5,1000000,724136.12
1003,lrange5,1000000,1103788.00
1004,lpush5,1000000,724136.12
1004,lrange5,1000000,1095588.12
1005,lpush5,1000000,742989.62
1005,lrange5,1000000,1109913.38
1006,lpush5,1000000,705297.62
1006,lrange5,1000000,1123685.38
1007,lpush5,1000000,726779.06
1007,lrange5,1000000,1078869.50
1008,lpush5,1000000,707714.06
1008,lrange5,1000000,1102553.50
1009,lpush5,1000000,729962.06
1009,lrange5,1000000,1118604.00
1010,lpush5,1000000,721535.31
1010,lrange5,1000000,1107472.88
1011,lpush5,1000000,722589.62
1011,lrange5,1000000,1015407.06
1012,lpush5,1000000,674352.00
1012,lrange5,1000000,953288.81
1013,lpush5,1000000,654126.88
1013,lrange5,1000000,1046058.62
1014,lpush5,1000000,649824.56
1014,lrange5,1000000,994051.62
1015,lpush5,1000000,712284.88
1015,lrange5,1000000,1062716.25
1016,lpush5,1000000,708226.69
1016,lrange5,1000000,1011138.50
1017,lpush5,1000000,689212.94
1017,lrange5,1000000,1026726.94
1018,lpush5,1000000,691129.25
1018,lrange5,1000000,1025920.00
1019,lpush5,1000000,692576.19
1019,lrange5,1000000,1024606.56
1020,lpush5,1000000,658782.62
1020,lrange5,1000000,1008177.44
1021,lpush5,1000000,648970.81
1021,lrange5,1000000,967164.38
1022,lpush5,1000000,657114.31
1022,lrange5,1000000,985347.81
1023,lpush5,1000000,688727.25
1023,lrange5,1000000,932145.44
1024,lpush5,1000000,582797.19
1024,lrange5,1000000,856205.50
1025,lpush5,1000000,616591.88
1025,lrange5,1000000,869815.69
1026,lpush5,1000000,581469.75
1026,lrange5,1000000,913271.19
1027,lpush5,1000000,638579.81
1027,lrange5,1000000,908279.81
1028,lpush5,1000000,663580.62
1028,lrange5,1000000,896875.31
1029,lpush5,1000000,659641.12
1029,lrange5,1000000,757587.88
1030,lpush5,1000000,579467.00
1030,lrange5,1000000,832759.38
1031,lpush5,1000000,607572.31
1031,lrange5,1000000,921001.88
1032,lpush5,1000000,599161.19
1032,lrange5,1000000,930277.19
1033,lpush5,1000000,643510.94
1033,lrange5,1000000,908265.25
1034,lpush5,1000000,632911.38
1034,lrange5,1000000,848190.00
1035,lpush5,1000000,613506.75
1035,lrange5,1000000,983331.38
1036,lpush5,1000000,650691.00
1036,lrange5,1000000,1019384.31
1037,lpush5,1000000,668470.56
1037,lrange5,1000000,933796.50
1038,lpush5,1000000,613555.81
1038,lrange5,1000000,839630.56
1039,lpush5,1000000,635819.50
1039,lrange5,1000000,963391.12
1040,lpush5,1000000,591715.94
1040,lrange5,1000000,907484.56
1041,lpush5,1000000,587217.88
1041,lrange5,1000000,920139.81
1042,lpush5,1000000,593538.31
1042,lrange5,1000000,901727.69
1043,lpush5,1000000,616172.50
1043,lrange5,1000000,841831.69
1044,lpush5,1000000,627372.62
1044,lrange5,1000000,946088.88
1045,lpush5,1000000,602056.56
1045,lrange5,1000000,929382.94
1046,lpush5,1000000,609472.25
1046,lrange5,1000000,817071.94
1047,lpush5,1000000,627513.19
1047,lrange5,1000000,892132.00
1048,lpush5,1000000,593909.75
1048,lrange5,1000000,982318.25
1049,lpush5,1000000,677539.31
1049,lrange5,1000000,963499.06
1050,lpush5,1000000,659788.88
1050,lrange5,1000000,1032338.50
1051,lpush5,1000000,679358.69
1051,lrange5,1000000,1052715.75
1052,lpush5,1000000,699311.94
1052,lrange5,1000000,1020685.69
1053,lpush5,1000000,687340.19
1053,lrange5,1000000,993080.44
1054,lpush5,1000000,678908.31
1054,lrange5,1000000,1024672.12
1055,lpush5,1000000,689710.31
1055,lrange5,1000000,1050571.38
1056,lpush5,1000000,689224.00
1056,lrange5,1000000,1032024.81
1057,lpush5,1000000,646025.88
1057,lrange5,1000000,1041716.69
1058,lpush5,1000000,641076.94
1058,lrange5,1000000,1015325.88
1059,lpush5,1000000,635738.12
1059,lrange5,1000000,1013219.88
1060,lpush5,1000000,664968.12
1060,lrange5,1000000,1020522.44
1061,lpush5,1000000,667218.19
1061,lrange5,1000000,1002116.19
1062,lpush5,1000000,641025.69
1062,lrange5,1000000,970873.81
1063,lpush5,1000000,592853.56
1063,lrange5,1000000,951474.81
1064,lpush5,1000000,614638.00
1064,lrange5,1000000,956022.94
1065,lpush5,1000000,570225.81
1065,lrange5,1000000,882612.50
1066,lpush5,1000000,638641.12
1066,lrange5,1000000,922715.88
1067,lpush5,1000000,673854.44
1067,lrange5,1000000,1045015.62
1068,lpush5,1000000,679402.19
1068,lrange5,1000000,1075458.00
1069,lpush5,1000000,704823.12
1069,lrange5,1000000,1042919.69
1070,lpush5,1000000,684953.44
1070,lrange5,1000000,936464.44
1071,lpush5,1000000,591715.94
1071,lrange5,1000000,919132.31
1072,lpush5,1000000,624689.56
1072,lrange5,1000000,994322.00
1073,lpush5,1000000,694938.12
1073,lrange5,1000000,1015244.62
1074,lpush5,1000000,674817.81
1074,lrange5,1000000,939939.81
1075,lpush5,1000000,620347.38
1075,lrange5,1000000,971926.12
1076,lpush5,1000000,586882.62
1076,lrange5,1000000,968178.12
1077,lpush5,1000000,608360.06
1077,lrange5,1000000,1041833.38
1078,lpush5,1000000,660628.75
1078,lrange5,1000000,895255.19
1079,lpush5,1000000,638569.62
1079,lrange5,1000000,1022527.62
1080,lpush5,1000000,602888.50
1080,lrange5,1000000,935453.69
1081,lpush5,1000000,637775.50
1081,lrange5,1000000,971941.62
1082,lpush5,1000000,599899.19
1082,lrange5,1000000,978489.25
1083,lpush5,1000000,684495.56
1083,lrange5,1000000,997040.88
1084,lpush5,1000000,662701.12
1084,lrange5,1000000,968147.12
1085,lpush5,1000000,596302.88
1085,lrange5,1000000,1002052.06
1086,lpush5,1000000,680746.12
1086,lrange5,1000000,970967.00
1087,lpush5,1000000,614309.56
1087,lrange5,1000000,905869.56
1088,lpush5,1000000,612399.25
1088,lrange5,1000000,1065116.12
1089,lpush5,1000000,575723.69
1089,lrange5,1000000,763990.81
1090,lpush5,1000000,594196.06
1090,lrange5,1000000,806567.75
1091,lpush5,1000000,612418.88
1091,lrange5,1000000,971091.31
1092,lpush5,1000000,618468.75
1092,lrange5,1000000,890500.44
1093,lpush5,1000000,592066.31
1093,lrange5,1000000,821771.56
1094,lpush5,1000000,582411.19
1094,lrange5,1000000,941004.75
1095,lpush5,1000000,623840.31
1095,lrange5,1000000,990146.56
1096,lpush5,1000000,546202.06
1096,lrange5,1000000,1008129.06
1097,lpush5,1000000,579719.44
1097,lrange5,1000000,840363.00
1098,lpush5,1000000,633744.00
1098,lrange5,1000000,635758.44
1099,lpush5,1000000,440924.19
1099,lrange5,1000000,798760.38
1100,lpush5,1000000,599587.56
1100,lrange5,1000000,789278.62
1101,lpush5,1000000,554648.94
1101,lrange5,1000000,894468.69
1102,lpush5,1000000,612004.94
1102,lrange5,1000000,943426.44
1103,lpush5,1000000,585841.81
1103,lrange5,1000000,1022576.69
1104,lpush5,1000000,690230.50
1104,lrange5,1000000,1108665.12
1105,lpush5,1000000,687779.94
1105,lrange5,1000000,781873.31
1106,lpush5,1000000,570180.19
1106,lrange5,1000000,813073.19
1107,lpush5,1000000,537082.69
1107,lrange5,1000000,805243.19
1108,lpush5,1000000,634920.62
1108,lrange5,1000000,940809.06
1109,lpush5,1000000,640235.56
1109,lrange5,1000000,1000048.00
1110,lpush5,1000000,646087.88
1110,lrange5,1000000,976687.44
1111,lpush5,1000000,666233.19
1111,lrange5,1000000,1002004.00
1112,lpush5,1000000,656230.94
1112,lrange5,1000000,1011170.88
1113,lpush5,1000000,661418.00
1113,lrange5,1000000,960753.12
1114,lpush5,1000000,609394.25
1114,lrange5,1000000,757014.38
1115,lpush5,1000000,654889.38
1115,lrange5,1000000,1057217.75
1116,lpush5,1000000,678973.50
1116,lrange5,1000000,1023623.31
1117,lpush5,1000000,711374.12
1117,lrange5,1000000,1035527.94
1118,lpush5,1000000,645619.12
1118,lrange5,1000000,955170.94
1119,lpush5,1000000,623541.19
1119,lrange5,1000000,942597.56
1120,lpush5,1000000,627382.69
1120,lrange5,1000000,975765.88
1121,lpush5,1000000,668949.81
1121,lrange5,1000000,999224.75
1122,lpush5,1000000,676589.94
1122,lrange5,1000000,927643.81
1123,lpush5,1000000,612369.88
1123,lrange5,1000000,932880.56
1124,lpush5,1000000,611995.12
1124,lrange5,1000000,915809.50
1125,lpush5,1000000,654878.88
1125,lrange5,1000000,896114.62
1126,lpush5,1000000,646015.50
1126,lrange5,1000000,881890.69
1127,lpush5,1000000,652772.88
1127,lrange5,1000000,1071811.38
1128,lpush5,1000000,665864.19
1128,lrange5,1000000,988142.31
1129,lpush5,1000000,669835.19
1129,lrange5,1000000,1019384.31
1130,lpush5,1000000,687285.19
1130,lrange5,1000000,987182.62
1131,lpush5,1000000,685041.06
1131,lrange5,1000000,1018395.12
1132,lpush5,1000000,670337.81
1132,lrange5,1000000,967133.44
1133,lpush5,1000000,620732.50
1133,lrange5,1000000,946984.88
1134,lpush5,1000000,669867.38
1134,lrange5,1000000,914091.44
1135,lpush5,1000000,683060.12
1135,lrange5,1000000,1042786.25
1136,lpush5,1000000,692163.31
1136,lrange5,1000000,1016325.19
1137,lpush5,1000000,673508.44
1137,lrange5,1000000,1012145.75
1138,lpush5,1000000,683071.06
1138,lrange5,1000000,940733.81
1139,lpush5,1000000,664483.75
1139,lrange5,1000000,989214.62
1140,lpush5,1000000,546483.06
1140,lrange5,1000000,973772.19
1141,lpush5,1000000,612813.75
1141,lrange5,1000000,868865.31
1142,lpush5,1000000,684964.38
1142,lrange5,1000000,1055004.25
1143,lpush5,1000000,633312.25
1143,lrange5,1000000,1030047.38
1144,lpush5,1000000,676676.56
1144,lrange5,1000000,925084.19
1145,lpush5,1000000,638202.94
1145,lrange5,1000000,1007355.50
1146,lpush5,1000000,676165.00
1146,lrange5,1000000,920080.94
1147,lpush5,1000000,662828.38
1147,lrange5,1000000,1069587.12
1148,lpush5,1000000,651041.69
1148,lrange5,1000000,1017342.88
1149,lpush5,1000000,706770.31
1149,lrange5,1000000,1017310.31
1150,lpush5,1000000,629336.69
1150,lrange5,1000000,1016373.94
1151,lpush5,1000000,662283.44
1151,lrange5,1000000,1000048.00
1152,lpush5,1000000,664925.56
1152,lrange5,1000000,1040715.88
1153,lpush5,1000000,682302.88
1153,lrange5,1000000,1058234.88
1154,lpush5,1000000,702314.62
1154,lrange5,1000000,1029866.12
1155,lpush5,1000000,686462.56
1155,lrange5,1000000,1074251.38
1156,lpush5,1000000,687318.19
1156,lrange5,1000000,1044932.06
1157,lpush5,1000000,664053.12
1157,lrange5,1000000,944438.12
1158,lpush5,1000000,608681.69
1158,lrange5,1000000,904217.06
1159,lpush5,1000000,641436.81
1159,lrange5,1000000,1021466.81
1160,lpush5,1000000,661065.44
1160,lrange5,1000000,810372.81
1161,lpush5,1000000,594196.06
1161,lrange5,1000000,988142.31
1162,lpush5,1000000,629753.12
1162,lrange5,1000000,1037477.19
1163,lpush5,1000000,674416.69
1163,lrange5,1000000,1058353.50
1164,lpush5,1000000,646505.50
1164,lrange5,1000000,1013268.50
1165,lpush5,1000000,585823.06
1165,lrange5,1000000,981369.94
1166,lpush5,1000000,659630.56
1166,lrange5,1000000,1038488.06
1167,lpush5,1000000,689301.19
1167,lrange5,1000000,998099.81
1168,lpush5,1000000,628241.19
1168,lrange5,1000000,871219.50
1169,lpush5,1000000,604652.94
1169,lrange5,1000000,890585.94
1170,lpush5,1000000,620012.38
1170,lrange5,1000000,913417.31
1171,lpush5,1000000,651476.25
1171,lrange5,1000000,917431.19
1172,lpush5,1000000,595361.94
1172,lrange5,1000000,908279.81
1173,lpush5,1000000,608369.81
1173,lrange5,1000000,987198.44
1174,lpush5,1000000,577107.88
1174,lrange5,1000000,980611.81
1175,lpush5,1000000,639897.62
1175,lrange5,1000000,905035.25
1176,lpush5,1000000,595247.62
1176,lrange5,1000000,941664.75
1177,lpush5,1000000,654471.19
1177,lrange5,1000000,791151.88
1178,lpush5,1000000,621167.69
1178,lrange5,1000000,892871.44
1179,lpush5,1000000,623451.38
1179,lrange5,1000000,999080.88
1180,lpush5,1000000,676175.81
1180,lrange5,1000000,684093.00
1181,lpush5,1000000,648119.25
1181,lrange5,1000000,930232.50
1182,lpush5,1000000,636234.06
1182,lrange5,1000000,923449.75
1183,lpush5,1000000,649361.06
1183,lrange5,1000000,1057099.38
1184,lpush5,1000000,635727.94
1184,lrange5,1000000,994035.75
1185,lpush5,1000000,658814.25
1185,lrange5,1000000,994083.44
1186,lpush5,1000000,667164.81
1186,lrange5,1000000,997024.88
1187,lpush5,1000000,676143.38
1187,lrange5,1000000,1016292.62
1188,lpush5,1000000,669888.81
1188,lrange5,1000000,928668.50
1189,lpush5,1000000,661813.38
1189,lrange5,1000000,900972.94
1190,lpush5,1000000,644474.19
1190,lrange5,1000000,920154.56
1191,lpush5,1000000,659248.56
1191,lrange5,1000000,831295.12
1192,lpush5,1000000,666837.31
1192,lrange5,1000000,911577.00
1193,lpush5,1000000,631802.94
1193,lrange5,1000000,991080.31
1194,lpush5,1000000,613160.00
1194,lrange5,1000000,888312.56
1195,lpush5,1000000,614647.81
1195,lrange5,1000000,954198.50
1196,lpush5,1000000,581395.31
1196,lrange5,1000000,915765.56
1197,lpush5,1000000,606796.12
1197,lrange5,1000000,947897.69
1198,lpush5,1000000,621177.62
1198,lrange5,1000000,896215.00
1199,lpush5,1000000,607737.56
1199,lrange5,1000000,916766.31
1200,lpush5,1000000,643624.19
1200,lrange5,1000000,936569.31
1201,lpush5,1000000,660066.00
1201,lrange5,1000000,899280.56
1202,lpush5,1000000,591394.44
1202,lrange5,1000000,939849.62
1203,lpush5,1000000,673411.44
1203,lrange5,1000000,991112.06
1204,lpush5,1000000,634538.06
1204,lrange5,1000000,968054.19
1205,lpush5,1000000,630924.88
1205,lrange5,1000000,936509.38
1206,lpush5,1000000,660597.06
1206,lrange5,1000000,851788.75
1207,lpush5,1000000,625470.94
1207,lrange5,1000000,861340.19
1208,lpush5,1000000,611354.50
1208,lrange5,1000000,1048369.00
1209,lpush5,1000000,625450.94
1209,lrange5,1000000,969994.19
1210,lpush5,1000000,673465.31
1210,lrange5,1000000,899366.94
1211,lpush5,1000000,580129.94
1211,lrange5,1000000,877193.00
1212,lpush5,1000000,531914.88
1212,lrange5,1000000,808420.38
1213,lpush5,1000000,547645.12
1213,lrange5,1000000,924303.12
1214,lpush5,1000000,587227.25
1214,lrange5,1000000,914398.56
1215,lpush5,1000000,644796.88
1215,lrange5,1000000,1027104.75
1216,lpush5,1000000,653636.62
1216,lrange5,1000000,960691.62
1217,lpush5,1000000,655308.00
1217,lrange5,1000000,1031026.75
1218,lpush5,1000000,667143.44
1218,lrange5,1000000,1015244.62
1219,lpush5,1000000,657462.19
1219,lrange5,1000000,1024770.50
1220,lpush5,1000000,651953.06
1220,lrange5,1000000,1012404.88
1221,lpush5,1000000,647311.38
1221,lrange5,1000000,1025755.88
1222,lpush5,1000000,645161.31
1222,lrange5,1000000,1049317.88
1223,lpush5,1000000,698923.81
1223,lrange5,1000000,1096579.00
1224,lpush5,1000000,708226.69
1224,lrange5,1000000,1123685.38
1225,lpush5,1000000,695927.62
1225,lrange5,1000000,1090687.00
1226,lpush5,1000000,702796.94
1226,lrange5,1000000,910005.50
1227,lpush5,1000000,707236.19
1227,lrange5,1000000,1038587.75
1228,lpush5,1000000,702348.31
1228,lrange5,1000000,1078765.88
1229,lpush5,1000000,702258.44
1229,lrange5,1000000,1058421.12
1230,lpush5,1000000,710800.31
1230,lrange5,1000000,1045032.38
1231,lpush5,1000000,710261.38
1231,lrange5,1000000,1069570.00
1232,lpush5,1000000,706849.50
1232,lrange5,1000000,1106548.75
1233,lpush5,1000000,716332.38
1233,lrange5,1000000,1013300.94
1234,lpush5,1000000,685893.00
1234,lrange5,1000000,1106495.62
1235,lpush5,1000000,692542.94
1235,lrange5,1000000,1117372.12
1236,lpush5,1000000,708283.31
1236,lrange5,1000000,1102606.38
1237,lpush5,1000000,707213.56
1237,lrange5,1000000,1082372.25
1238,lpush5,1000000,691129.25
1238,lrange5,1000000,1106194.75
1239,lpush5,1000000,693011.81
1239,lrange5,1000000,1094197.00
1240,lpush5,1000000,673400.69
1240,lrange5,1000000,1082389.62
1241,lpush5,1000000,700280.12
1241,lrange5,1000000,1084668.12
1242,lpush5,1000000,683071.06
1242,lrange5,1000000,1061605.12
1243,lpush5,1000000,693011.81
1243,lrange5,1000000,1065030.88
1244,lpush5,1000000,699300.75
1244,lrange5,1000000,1051709.75
1245,lpush5,1000000,690607.75
1245,lrange5,1000000,890543.19
1246,lpush5,1000000,572155.62
1246,lrange5,1000000,999064.88
1247,lpush5,1000000,603500.31
1247,lrange5,1000000,905368.31
1248,lpush5,1000000,657894.75
1248,lrange5,1000000,993064.56
1249,lpush5,1000000,668459.88
1249,lrange5,1000000,1018558.06
1250,lpush5,1000000,615394.44
1250,lrange5,1000000,943592.50
1251,lpush5,1000000,591753.81
1251,lrange5,1000000,903458.00
1252,lpush5,1000000,671613.19
1252,lrange5,1000000,908352.44
1253,lpush5,1000000,627382.69
1253,lrange5,1000000,1011429.69
1254,lpush5,1000000,649814.12
1254,lrange5,1000000,1016406.50
1255,lpush5,1000000,641899.88
1255,lrange5,1000000,939894.75
1256,lpush5,1000000,618439.06
1256,lrange5,1000000,939894.75
1257,lpush5,1000000,658772.06
1257,lrange5,1000000,1022560.31
1258,lpush5,1000000,683548.88
1258,lrange5,1000000,1038454.81
1259,lpush5,1000000,686002.75
1259,lrange5,1000000,1053909.38
1260,lpush5,1000000,661065.44
1260,lrange5,1000000,1071982.88
1261,lpush5,1000000,692074.69
1261,lrange5,1000000,966369.12
1262,lpush5,1000000,628545.56
1262,lrange5,1000000,949774.00
1263,lpush5,1000000,614280.06
1263,lrange5,1000000,959923.19
1264,lpush5,1000000,611334.94
1264,lrange5,1000000,959723.56
1265,lpush5,1000000,649433.81
1265,lrange5,1000000,1085776.38
1266,lpush5,1000000,691107.12
1266,lrange5,1000000,1096649.12
1267,lpush5,1000000,675708.12
1267,lrange5,1000000,1065167.12
1268,lpush5,1000000,676644.06
1268,lrange5,1000000,973850.12
1269,lpush5,1000000,629743.06
1269,lrange5,1000000,938982.12
1270,lpush5,1000000,594884.00
1270,lrange5,1000000,970920.44
1271,lpush5,1000000,588609.75
1271,lrange5,1000000,1003185.56
1272,lpush5,1000000,640215.12
1272,lrange5,1000000,742426.12
1273,lpush5,1000000,619638.19
1273,lrange5,1000000,1023688.88
1274,lpush5,1000000,683082.00
1274,lrange5,1000000,763383.25
1275,lpush5,1000000,610932.19
1275,lrange5,1000000,998067.88
1276,lpush5,1000000,657598.94
1276,lrange5,1000000,990209.94
1277,lpush5,1000000,637785.75
1277,lrange5,1000000,859230.19
1278,lpush5,1000000,549805.38
1278,lrange5,1000000,867358.19
1279,lpush5,1000000,593576.31
1279,lrange5,1000000,1022658.50
1280,lpush5,1000000,693581.12
1280,lrange5,1000000,1068410.25
1281,lpush5,1000000,676175.81
1281,lrange5,1000000,1063829.75
1282,lpush5,1000000,694006.94
1282,lrange5,1000000,999128.81
1283,lpush5,1000000,634991.75
1283,lrange5,1000000,941740.06
1284,lpush5,1000000,652336.62
1284,lrange5,1000000,1049334.75
1285,lpush5,1000000,694455.50
1285,lrange5,1000000,1076426.25
1286,lpush5,1000000,687812.94
1286,lrange5,1000000,1052884.25
1287,lpush5,1000000,688242.31
1287,lrange5,1000000,1046242.69
1288,lpush5,1000000,704236.62
1288,lrange5,1000000,986224.81
1289,lpush5,1000000,664085.00
1289,lrange5,1000000,1082493.50
1290,lpush5,1000000,665800.25
1290,lrange5,1000000,1013236.06
1291,lpush5,1000000,694444.44
1291,lrange5,1000000,990099.00
1292,lpush5,1000000,691096.06
1292,lrange5,1000000,1053757.62
1293,lpush5,1000000,695894.19
1293,lrange5,1000000,1010101.00
1294,lpush5,1000000,669344.06
1294,lrange5,1000000,1040649.31
1295,lpush5,1000000,686341.81
1295,lrange5,1000000,1002116.19
1296,lpush5,1000000,672947.56
1296,lrange5,1000000,1079930.88
1297,lpush5,1000000,603529.31
1297,lrange5,1000000,969023.31
1298,lpush5,1000000,699379.06
1298,lrange5,1000000,1011284.12
1299,lpush5,1000000,700280.12
1299,lrange5,1000000,1035312.62
1300,lpush5,1000000,706259.88
1300,lrange5,1000000,998004.00
1301,lpush5,1000000,619588.62
1301,lrange5,1000000,994242.50
1302,lpush5,1000000,679358.69
1302,lrange5,1000000,930574.81
1303,lpush5,1000000,657124.88
1303,lrange5,1000000,943607.62
1304,lpush5,1000000,687340.19
1304,lrange5,1000000,1053808.25
1305,lpush5,1000000,697405.88
1305,lrange5,1000000,1059322.00
1306,lpush5,1000000,658327.81
1306,lrange5,1000000,1049569.75
1307,lpush5,1000000,668609.62
1307,lrange5,1000000,927985.19
1308,lpush5,1000000,691651.44
1308,lrange5,1000000,1051676.12
1309,lpush5,1000000,694555.50
1309,lrange5,1000000,1090512.50
1310,lpush5,1000000,668928.44
1310,lrange5,1000000,1079930.88
1311,lpush5,1000000,689710.31
1311,lrange5,1000000,1039700.62
1312,lpush5,1000000,701307.12
1312,lrange5,1000000,1042953.06
1313,lpush5,1000000,648150.38
1313,lrange5,1000000,1063966.00
1314,lpush5,1000000,701262.25
1314,lrange5,1000000,1016357.69
1315,lpush5,1000000,612487.44
1315,lrange5,1000000,981542.62
1316,lpush5,1000000,656619.81
1316,lrange5,1000000,1064085.12
1317,lpush5,1000000,664462.44
1317,lrange5,1000000,981369.94
1318,lpush5,1000000,618056.88
1318,lrange5,1000000,981479.81
1319,lpush5,1000000,630129.81
1319,lrange5,1000000,1003025.12
1320,lpush5,1000000,648929.25
1320,lrange5,1000000,686901.12
1321,lpush5,1000000,597457.56
1321,lrange5,1000000,1068529.88
1322,lpush5,1000000,660554.81
1322,lrange5,1000000,1028839.50
1323,lpush5,1000000,680348.31
1323,lrange5,1000000,1019433.25
1324,lpush5,1000000,695432.56
1324,lrange5,1000000,1008258.06
1325,lpush5,1000000,692531.88
1325,lrange5,1000000,1048318.69
1326,lpush5,1000000,673411.44
1326,lrange5,1000000,1022527.62
1327,lpush5,1000000,669344.06
1327,lrange5,1000000,1048251.56
1328,lpush5,1000000,732635.88
1328,lrange5,1000000,1112382.62
1329,lpush5,1000000,716937.62
1329,lrange5,1000000,1116071.38
1330,lpush5,1000000,714796.25
1330,lrange5,1000000,1051625.62
1331,lpush5,1000000,680283.00
1331,lrange5,1000000,1049385.12
1332,lpush5,1000000,735846.94
1332,lrange5,1000000,1089498.88
1333,lpush5,1000000,701295.94
1333,lrange5,1000000,1086036.88
1334,lpush5,1000000,718528.75
1334,lrange5,1000000,1126144.12
1335,lpush5,1000000,733196.50
1335,lrange5,1000000,1106230.12
1336,lpush5,1000000,734237.88
1336,lrange5,1000000,1101427.38
1337,lpush5,1000000,725735.81
1337,lrange5,1000000,1097747.50
1338,lpush5,1000000,723146.75
1338,lrange5,1000000,1095518.12
1339,lpush5,1000000,716868.81
1339,lrange5,1000000,1108736.12
1340,lpush5,1000000,714842.00
1340,lrange5,1000000,1070715.12
1341,lpush5,1000000,711237.56
1341,lrange5,1000000,1138952.12
1342,lpush5,1000000,725793.88
1342,lrange5,1000000,1131239.88
1343,lpush5,1000000,725198.00
1343,lrange5,1000000,1096596.50
1344,lpush5,1000000,711260.31
1344,lrange5,1000000,1088487.50
1345,lpush5,1000000,717875.06
1345,lrange5,1000000,1111235.62
1346,lpush5,1000000,731146.19
1346,lrange5,1000000,1074268.50
1347,lpush5,1000000,711846.25
1347,lrange5,1000000,1085863.25
1348,lpush5,1000000,731029.25
1348,lrange5,1000000,1083562.38
1349,lpush5,1000000,745156.50
1349,lrange5,1000000,1095290.25
1350,lpush5,1000000,732600.75
1350,lrange5,1000000,1137674.62
1351,lpush5,1000000,746268.62
1351,lrange5,1000000,1117407.88
1352,lpush5,1000000,714342.88
1352,lrange5,1000000,1044932.06
1353,lpush5,1000000,712826.81
1353,lrange5,1000000,1090582.38
1354,lpush5,1000000,690651.94
1354,lrange5,1000000,1104990.12
1355,lpush5,1000000,717978.44
1355,lrange5,1000000,1061741.00
1356,lpush5,1000000,735341.19
1356,lrange5,1000000,1105219.88
1357,lpush5,1000000,708751.25
1357,lrange5,1000000,1109931.12
1358,lpush5,1000000,713775.88
1358,lrange5,1000000,1090530.00
1359,lpush5,1000000,736377.00
1359,lrange5,1000000,1083441.00
1360,lpush5,1000000,709825.38
1360,lrange5,1000000,1101356.88
1361,lpush5,1000000,730994.12
1361,lrange5,1000000,1105096.12
1362,lpush5,1000000,730518.62
1362,lrange5,1000000,1102677.00
1363,lpush5,1000000,722543.38
1363,lrange5,1000000,1126180.12
1364,lpush5,1000000,720023.00
1364,lrange5,1000000,1128668.25
1365,lpush5,1000000,737474.94
1365,lrange5,1000000,1135164.62
1366,lpush5,1000000,711743.81
1366,lrange5,1000000,1130106.25
1367,lpush5,1000000,730530.31
1367,lrange5,1000000,1106283.25
1368,lpush5,1000000,745228.00
1368,lrange5,1000000,1132539.00
1369,lpush5,1000000,728390.38
1369,lrange5,1000000,1103876.38
1370,lpush5,1000000,734214.38
1370,lrange5,1000000,1088208.88
1371,lpush5,1000000,745724.12
1371,lrange5,1000000,1114827.12
1372,lpush5,1000000,726918.56
1372,lrange5,1000000,1113799.50
1373,lpush5,1000000,693547.81
1373,lrange5,1000000,1140652.25
1374,lpush5,1000000,740275.38
1374,lrange5,1000000,1136545.50
1375,lpush5,1000000,728378.75
1375,lrange5,1000000,1141607.38
1376,lpush5,1000000,726239.69
1376,lrange5,1000000,1092931.12
1377,lpush5,1000000,727813.69
1377,lrange5,1000000,1108736.12
1378,lpush5,1000000,705354.00
1378,lrange5,1000000,1114827.12
1379,lpush5,1000000,740835.56
1379,lrange5,1000000,963606.94
1380,lpush5,1000000,690607.75
1380,lrange5,1000000,1083631.62
1381,lpush5,1000000,706713.81
1381,lrange5,1000000,1088208.88
1382,lpush5,1000000,714342.88
1382,lrange5,1000000,1048251.56
1383,lpush5,1000000,720046.06
1383,lrange5,1000000,1086956.50
1384,lpush5,1000000,728921.31
1384,lrange5,1000000,1047137.19
1385,lpush5,1000000,698856.75
1385,lrange5,1000000,889722.44
1386,lpush5,1000000,670690.81
1386,lrange5,1000000,1019400.62
1387,lpush5,1000000,693962.56
1387,lrange5,1000000,1092913.62
1388,lpush5,1000000,640707.25
1388,lrange5,1000000,783173.06
1389,lpush5,1000000,602448.19
1389,lrange5,1000000,827288.69
1390,lpush5,1000000,595266.69
1390,lrange5,1000000,999064.88
1391,lpush5,1000000,715059.31
1391,lrange5,1000000,1030960.81
1392,lpush5,1000000,702751.94
1392,lrange5,1000000,942597.56
1393,lpush5,1000000,696434.56
1393,lrange5,1000000,1057133.25
1394,lpush5,1000000,704236.62
1394,lrange5,1000000,1064962.75
1395,lpush5,1000000,704326.81
1395,lrange5,1000000,1012291.50
1396,lpush5,1000000,687318.19
1396,lrange5,1000000,1021613.94
1397,lpush5,1000000,712769.75
1397,lrange5,1000000,1058218.00
1398,lpush5,1000000,710329.56
1398,lrange5,1000000,1085793.75
1399,lpush5,1000000,711260.31
1399,lrange5,1000000,1085828.50
1400,lpush5,1000000,631722.06
1400,lrange5,1000000,809807.25
1401,lpush5,1000000,570776.25
1401,lrange5,1000000,938146.38
1402,lpush5,1000000,542360.06
1402,lrange5,1000000,956937.81
1403,lpush5,1000000,707247.50
1403,lrange5,1000000,887382.44
1404,lpush5,1000000,696027.81
1404,lrange5,1000000,1056118.25
1405,lpush5,1000000,679369.56
1405,lrange5,1000000,1089586.12
1406,lpush5,1000000,711743.81
1406,lrange5,1000000,1047220.94
1407,lpush5,1000000,718930.25
1407,lrange5,1000000,1100567.62
1408,lpush5,1000000,708215.31
1408,lrange5,1000000,1080086.38
1409,lpush5,1000000,712804.00
1409,lrange5,1000000,1107419.75
1410,lpush5,1000000,704225.38
1410,lrange5,1000000,1072978.50
1411,lpush5,1000000,713312.44
1411,lrange5,1000000,1103858.75
1412,lpush5,1000000,710318.19
1412,lrange5,1000000,1095360.38
1413,lpush5,1000000,704721.62
1413,lrange5,1000000,1090512.50
1414,lpush5,1000000,716332.38
1414,lrange5,1000000,1074337.25
1415,lpush5,1000000,682204.69
1415,lrange5,1000000,1092948.62
1416,lpush5,1000000,717383.06
1416,lrange5,1000000,1069587.12
1417,lpush5,1000000,707213.56
1417,lrange5,1000000,1067304.25
1418,lpush5,1000000,676687.38
1418,lrange5,1000000,1037444.00
1419,lpush5,1000000,691574.00
1419,lrange5,1000000,722554.94
1420,lpush5,1000000,708762.56
1420,lrange5,1000000,1081219.50
1421,lpush5,1000000,716972.06
1421,lrange5,1000000,1048385.75
1422,lpush5,1000000,689301.19
1422,lrange5,1000000,1108736.12
1423,lpush5,1000000,666688.00
1423,lrange5,1000000,953593.88
1424,lpush5,1000000,725209.62
1424,lrange5,1000000,967272.69
1425,lpush5,1000000,686890.12
1425,lrange5,1000000,1096684.25
1426,lpush5,1000000,722578.06
1426,lrange5,1000000,1113728.25
1427,lpush5,1000000,718390.81
1427,lrange5,1000000,1106194.75
1428,lpush5,1000000,697506.25
1428,lrange5,1000000,1126144.12
1429,lpush5,1000000,693962.56
1429,lrange5,1000000,1116160.62
1430,lpush5,1000000,714922.06
1430,lrange5,1000000,1099006.50
1431,lpush5,1000000,701273.50
1431,lrange5,1000000,972778.19
1432,lpush5,1000000,660076.56
1432,lrange5,1000000,1018427.69
1433,lpush5,1000000,638998.06
1433,lrange5,1000000,979494.56
1434,lpush5,1000000,643915.00
1434,lrange5,1000000,971895.00
1435,lpush5,1000000,656672.38
1435,lrange5,1000000,1008112.94
1436,lpush5,1000000,654983.62
1436,lrange5,1000000,1071828.50
1437,lpush5,1000000,712815.38
1437,lrange5,1000000,1085880.50
1438,lpush5,1000000,708238.00
1438,lrange5,1000000,1097747.50
1439,lpush5,1000000,712273.50
1439,lrange5,1000000,1077793.12
1440,lpush5,1000000,727895.25
1440,lrange5,1000000,1103788.00
1441,lpush5,1000000,714285.75
1441,lrange5,1000000,1060598.12
1442,lpush5,1000000,712250.69
1442,lrange5,1000000,1067475.00
1443,lpush5,1000000,719447.50
1443,lrange5,1000000,1067406.62
1444,lpush5,1000000,709757.25
1444,lrange5,1000000,1067235.88
1445,lpush5,1000000,716355.31
1445,lrange5,1000000,1094284.50
1446,lpush5,1000000,698346.38
1446,lrange5,1000000,1085845.88
1447,lpush5,1000000,705716.25
1447,lrange5,1000000,1080155.50
1448,lpush5,1000000,723123.62
1448,lrange5,1000000,1141552.50
1449,lpush5,1000000,668130.94
1449,lrange5,1000000,1039600.81
1450,lpush5,1000000,648529.19
1450,lrange5,1000000,938161.38
1451,lpush5,1000000,665800.25
1451,lrange5,1000000,944302.19
1452,lpush5,1000000,666709.31
1452,lrange5,1000000,1001145.12
1453,lpush5,1000000,657968.44
1453,lrange5,1000000,1053993.62
1454,lpush5,1000000,666698.69
1454,lrange5,1000000,1081115.62
1455,lpush5,1000000,660980.81
1455,lrange5,1000000,992142.81
1456,lpush5,1000000,631373.75
1456,lrange5,1000000,1084668.12
1457,lpush5,1000000,683202.19
1457,lrange5,1000000,1092966.12
1458,lpush5,1000000,696501.38
1458,lrange5,1000000,1036352.38
1459,lpush5,1000000,702796.94
1459,lrange5,1000000,1066149.25
1460,lpush5,1000000,685422.88
1460,lrange5,1000000,1035494.81
1461,lpush5,1000000,679874.94
1461,lrange5,1000000,935603.38
1462,lpush5,1000000,652752.00
1462,lrange5,1000000,1048352.19
1463,lpush5,1000000,676186.62
1463,lrange5,1000000,1090530.00
1464,lpush5,1000000,723077.38
1464,lrange5,1000000,1062716.25
1465,lpush5,1000000,720980.56
1465,lrange5,1000000,1023901.75
1466,lpush5,1000000,644381.44
1466,lrange5,1000000,1053740.75
1467,lpush5,1000000,681220.69
1467,lrange5,1000000,1059372.88
1468,lpush5,1000000,702740.69
1468,lrange5,1000000,1083597.00
1469,lpush5,1000000,700280.12
1469,lrange5,1000000,1069707.00
1470,lpush5,1000000,712781.19
1470,lrange5,1000000,1002020.00
1471,lpush5,1000000,671613.19
1471,lrange5,1000000,1009081.75
1472,lpush5,1000000,706226.00
1472,lrange5,1000000,1069604.25
1473,lpush5,1000000,715899.81
1473,lrange5,1000000,1050621.88
1474,lpush5,1000000,699823.62
1474,lrange5,1000000,1045049.06
1475,lpush5,1000000,654523.56
1475,lrange5,1000000,1048251.56
1476,lpush5,1000000,689699.31
1476,lrange5,1000000,1059355.88
1477,lpush5,1000000,688231.25
1477,lrange5,1000000,1103805.75
1478,lpush5,1000000,685455.81
1478,lrange5,1000000,1063880.88
1479,lpush5,1000000,689677.19
1479,lrange5,1000000,943396.25
1480,lpush5,1000000,657114.31
1480,lrange5,1000000,1061622.12
1481,lpush5,1000000,698357.50
1481,lrange5,1000000,1096649.12
1482,lpush5,1000000,661919.25
1482,lrange5,1000000,968178.12
1483,lpush5,1000000,683103.81
1483,lrange5,1000000,1019677.88
1484,lpush5,1000000,699801.25
1484,lrange5,1000000,1067423.75
1485,lpush5,1000000,697948.38
1485,lrange5,1000000,1060530.25
1486,lpush5,1000000,699423.81
1486,lrange5,1000000,1033223.12
1487,lpush5,1000000,681750.50
1487,lrange5,1000000,1050470.62
1488,lpush5,1000000,653188.75
1488,lrange5,1000000,930232.50
1489,lpush5,1000000,658433.19
1489,lrange5,1000000,926222.19
1490,lpush5,1000000,622794.56
1490,lrange5,1000000,899467.62
1491,lpush5,1000000,650628.50
1491,lrange5,1000000,1066268.62
1492,lpush5,1000000,717497.81
1492,lrange5,1000000,1069553.00
1493,lpush5,1000000,715819.62
1493,lrange5,1000000,1053825.12
1494,lpush5,1000000,693100.50
1494,lrange5,1000000,1012323.94
1495,lpush5,1000000,696897.56
1495,lrange5,1000000,1053926.25
1496,lpush5,1000000,673908.38
1496,lrange5,1000000,894654.69
1497,lpush5,1000000,677966.06
1497,lrange5,1000000,1060547.12
1498,lpush5,1000000,702314.62
1498,lrange5,1000000,1047137.19
1499,lpush5,1000000,714422.88
1499,lrange5,1000000,1043841.31
1500,lpush5,1000000,703831.12
1500,lrange5,1000000,1099076.88
1501,lpush5,1000000,713947.19
1501,lrange5,1000000,1071828.50
1502,lpush5,1000000,705829.19
1502,lrange5,1000000,1032008.25
1503,lpush5,1000000,714819.12
1503,lrange5,1000000,959738.94
1504,lpush5,1000000,698357.50
1504,lrange5,1000000,1048369.00
1505,lpush5,1000000,700280.12
1505,lrange5,1000000,1049401.88
1506,lpush5,1000000,687801.94
1506,lrange5,1000000,1022773.00
1507,lpush5,1000000,607572.31
1507,lrange5,1000000,961646.19
1508,lpush5,1000000,663580.62
1508,lrange5,1000000,962602.50
1509,lpush5,1000000,688275.31
1509,lrange5,1000000,1029964.94
1510,lpush5,1000000,656651.38
1510,lrange5,1000000,1012145.75
1511,lpush5,1000000,637348.62
1511,lrange5,1000000,1062920.38
1512,lpush5,1000000,684931.50
1512,lrange5,1000000,1099024.12
1513,lpush5,1000000,661002.00
1513,lrange5,1000000,943456.62
1514,lpush5,1000000,648171.12
1514,lrange5,1000000,969038.81
1515,lpush5,1000000,688881.56
1515,lrange5,1000000,1081184.88
1516,lpush5,1000000,668002.69
1516,lrange5,1000000,920022.06
1517,lpush5,1000000,619992.56
1517,lrange5,1000000,1026743.38
1518,lpush5,1000000,692085.81
1518,lrange5,1000000,1096491.25
1519,lpush5,1000000,687285.19
1519,lrange5,1000000,1066336.88
1520,lpush5,1000000,634578.69
1520,lrange5,1000000,1004176.69
1521,lpush5,1000000,643956.25
1521,lrange5,1000000,1034126.12
1522,lpush5,1000000,639815.75
1522,lrange5,1000000,1004064.25
1523,lpush5,1000000,666243.81
1523,lrange5,1000000,1011300.25
1524,lpush5,1000000,655737.69
1524,lrange5,1000000,1055054.88
1525,lpush5,1000000,626969.25
1525,lrange5,1000000,928653.62
1526,lpush5,1000000,630577.56
1526,lrange5,1000000,1054869.12
1527,lpush5,1000000,667599.44
1527,lrange5,1000000,984251.94
1528,lpush5,1000000,658348.88
1528,lrange5,1000000,1094302.00
1529,lpush5,1000000,711823.50
1529,lrange5,1000000,1075354.88
1530,lpush5,1000000,727389.06
1530,lrange5,1000000,1068512.88
1531,lpush5,1000000,648622.56
1531,lrange5,1000000,1005025.12
1532,lpush5,1000000,706293.75
1532,lrange5,1000000,1038454.81
1533,lpush5,1000000,678085.44
1533,lrange5,1000000,1102641.62
1534,lpush5,1000000,649897.31
1534,lrange5,1000000,1016308.94
1535,lpush5,1000000,669803.06
1535,lrange5,1000000,1074131.00
1536,lpush5,1000000,707748.06
1536,lrange5,1000000,1089464.12
1537,lpush5,1000000,705229.94
1537,lrange5,1000000,1127395.62
1538,lpush5,1000000,716845.88
1538,lrange5,1000000,1054886.00
1539,lpush5,1000000,678480.31
1539,lrange5,1000000,956145.31
1540,lpush5,1000000,709276.62
1540,lrange5,1000000,1070663.75
1541,lpush5,1000000,710272.75
1541,lrange5,1000000,1057150.12
1542,lpush5,1000000,716332.38
1542,lrange5,1000000,1035312.62
1543,lpush5,1000000,641940.94
1543,lrange5,1000000,959800.31
1544,lpush5,1000000,658856.38
1544,lrange5,1000000,927673.50
1545,lpush5,1000000,663612.50
1545,lrange5,1000000,928534.81
1546,lpush5,1000000,661023.12
1546,lrange5,1000000,1042969.75
1547,lpush5,1000000,696931.06
1547,lrange5,1000000,1018460.31
1548,lpush5,1000000,702751.94
1548,lrange5,1000000,1037692.94
1549,lpush5,1000000,694444.44
1549,lrange5,1000000,974830.38
1550,lpush5,1000000,652336.62
1550,lrange5,1000000,976828.06
1551,lpush5,1000000,642694.06
1551,lrange5,1000000,939894.75
1552,lpush5,1000000,660066.00
1552,lrange5,1000000,1044932.06
1553,lpush5,1000000,704225.38
1553,lrange5,1000000,1061656.12
1554,lpush5,1000000,719976.94
1554,lrange5,1000000,1058302.62
1555,lpush5,1000000,700770.81
1555,lrange5,1000000,1114880.75
1556,lpush5,1000000,672118.25
1556,lrange5,1000000,1045065.81
1557,lpush5,1000000,685444.81
1557,lrange5,1000000,1096543.88
1558,lpush5,1000000,693558.94
1558,lrange5,1000000,944392.81
1559,lpush5,1000000,607533.38
1559,lrange5,1000000,1044932.06
1560,lpush5,1000000,667578.06
1560,lrange5,1000000,1073133.12
1561,lpush5,1000000,696919.88
1561,lrange5,1000000,972762.62
1562,lpush5,1000000,681685.06
1562,lrange5,1000000,1051642.50
1563,lpush5,1000000,683092.88
1563,lrange5,1000000,1078765.88
1564,lpush5,1000000,707748.06
1564,lrange5,1000000,1090547.50
1565,lpush5,1000000,678436.94
1565,lrange5,1000000,1116267.88
1566,lpush5,1000000,695905.31
1566,lrange5,1000000,1034192.31
1567,lpush5,1000000,687779.94
1567,lrange5,1000000,977861.19
1568,lpush5,1000000,655737.69
1568,lrange5,1000000,1068512.88
1569,lpush5,1000000,704732.88
1569,lrange5,1000000,1027782.12
1570,lpush5,1000000,696875.31
1570,lrange5,1000000,1075320.38
1571,lpush5,1000000,686407.69
1571,lrange5,1000000,1084789.62
1572,lpush5,1000000,719953.88
1572,lrange5,1000000,1057200.88
1573,lpush5,1000000,704744.19
1573,lrange5,1000000,1022576.69
1574,lpush5,1000000,710602.25
1574,lrange5,1000000,1079982.75
1575,lpush5,1000000,727296.00
1575,lrange5,1000000,1069724.00
1576,lpush5,1000000,707224.88
1576,lrange5,1000000,1030014.38
1577,lpush5,1000000,627372.62
1577,lrange5,1000000,932940.25
1578,lpush5,1000000,638763.75
1578,lrange5,1000000,1049603.38
1579,lpush5,1000000,711857.69
1579,lrange5,1000000,1062801.25
1580,lpush5,1000000,714807.69
1580,lrange5,1000000,1020489.75
1581,lpush5,1000000,705286.31
1581,lrange5,1000000,1010230.31
1582,lpush5,1000000,687790.94
1582,lrange5,1000000,1017359.12
1583,lpush5,1000000,693045.06
1583,lrange5,1000000,1085880.50
1584,lpush5,1000000,715387.69
1584,lrange5,1000000,1093018.50
1585,lpush5,1000000,641447.06
1585,lrange5,1000000,896990.12
1586,lpush5,1000000,696401.12
1586,lrange5,1000000,986366.81
1587,lpush5,1000000,612794.12
1587,lrange5,1000000,982491.12
1588,lpush5,1000000,707258.81
1588,lrange5,1000000,1055088.62
1589,lpush5,1000000,702325.81
1589,lrange5,1000000,1088139.25
1590,lpush5,1000000,689677.19
1590,lrange5,1000000,966430.94
1591,lpush5,1000000,634186.44
1591,lrange5,1000000,1078869.50
1592,lpush5,1000000,657947.38
1592,lrange5,1000000,1082424.25
1593,lpush5,1000000,690651.94
1593,lrange5,1000000,1029964.94
1594,lpush5,1000000,683614.44
1594,lrange5,1000000,1066251.62
1595,lpush5,1000000,698324.00
1595,lrange5,1000000,1078921.25
1596,lpush5,1000000,696434.56
1596,lrange5,1000000,1069518.75
1597,lpush5,1000000,693503.44
1597,lrange5,1000000,1079965.50
1598,lpush5,1000000,716891.75
1598,lrange5,1000000,1044025.06
1599,lpush5,1000000,702740.69
1599,lrange5,1000000,1069587.12
1600,lpush5,1000000,686813.19
1600,lrange5,1000000,992174.56
1601,lpush5,1000000,673540.75
1601,lrange5,1000000,961692.31
1602,lpush5,1000000,691195.56
1602,lrange5,1000000,1064996.75
1603,lpush5,1000000,726251.31
1603,lrange5,1000000,1058353.50
1604,lpush5,1000000,702796.94
1604,lrange5,1000000,1078783.25
1605,lpush5,1000000,676251.56
1605,lrange5,1000000,1000208.00
1606,lpush5,1000000,688738.31
1606,lrange5,1000000,1033371.94
1607,lpush5,1000000,695465.94
1607,lrange5,1000000,1047271.25
1608,lpush5,1000000,679864.06
1608,lrange5,1000000,1034126.12
1609,lpush5,1000000,702751.94
1609,lrange5,1000000,1103752.75
1610,lpush5,1000000,689201.94
1610,lrange5,1000000,974783.62
1611,lpush5,1000000,664946.81
1611,lrange5,1000000,1074131.00
1612,lpush5,1000000,703369.88
1612,lrange5,1000000,1108753.88
1613,lpush5,1000000,726790.69
1613,lrange5,1000000,1111128.88
1614,lpush5,1000000,722543.38
1614,lrange5,1000000,1127449.75
1615,lpush5,1000000,717875.06
1615,lrange5,1000000,1042853.00
1616,lpush5,1000000,688716.25
1616,lrange5,1000000,1081305.88
1617,lpush5,1000000,675827.00
1617,lrange5,1000000,968069.69
1618,lpush5,1000000,694488.88
1618,lrange5,1000000,1024622.94
1619,lpush5,1000000,699300.75
1619,lrange5,1000000,968333.00
1620,lpush5,1000000,612745.12
1620,lrange5,1000000,864318.12
1621,lpush5,1000000,598124.38
1621,lrange5,1000000,921762.19
1622,lpush5,1000000,610167.12
1622,lrange5,1000000,933871.19
1623,lpush5,1000000,534490.62
1623,lrange5,1000000,960737.75
1624,lpush5,1000000,641025.69
1624,lrange5,1000000,843962.94
1625,lpush5,1000000,565300.12
1625,lrange5,1000000,1060699.88
1626,lpush5,1000000,605741.94
1626,lrange5,1000000,902555.94
1627,lpush5,1000000,730565.38
1627,lrange5,1000000,1107472.88
1628,lpush5,1000000,707782.00
1628,lrange5,1000000,1058336.50
1629,lpush5,1000000,610176.94
1629,lrange5,1000000,914252.31
1630,lpush5,1000000,631711.94
1630,lrange5,1000000,714830.56
1631,lpush5,1000000,569476.06
1631,lrange5,1000000,1014296.12
1632,lpush5,1000000,594539.81
1632,lrange5,1000000,931966.50
1633,lpush5,1000000,626224.19
1633,lrange5,1000000,939177.44
1634,lpush5,1000000,628575.75
1634,lrange5,1000000,878187.81
1635,lpush5,1000000,626214.12
1635,lrange5,1000000,916795.62
1636,lpush5,1000000,624649.62
1636,lrange5,1000000,933960.81
1637,lpush5,1000000,611286.06
1637,lrange5,1000000,921673.69
1638,lpush5,1000000,608701.12
1638,lrange5,1000000,951474.81
1639,lpush5,1000000,602172.19
1639,lrange5,1000000,921717.94
1640,lpush5,1000000,605703.19
1640,lrange5,1000000,979431.88
1641,lpush5,1000000,602162.56
1641,lrange5,1000000,901742.12
1642,lpush5,1000000,603184.56
1642,lrange5,1000000,760492.75
1643,lpush5,1000000,603874.38
1643,lrange5,1000000,895312.44
1644,lpush5,1000000,685400.94
1644,lrange5,1000000,1014198.81
1645,lpush5,1000000,595602.12
1645,lrange5,1000000,956175.88
1646,lpush5,1000000,564060.94
1646,lrange5,1000000,865828.56
1647,lpush5,1000000,584112.12
1647,lrange5,1000000,1005121.62
1648,lpush5,1000000,602859.56
1648,lrange5,1000000,834081.75
1649,lpush5,1000000,661898.06
1649,lrange5,1000000,1049519.38
1650,lpush5,1000000,619244.56
1650,lrange5,1000000,948857.69
1651,lpush5,1000000,660523.06
1651,lrange5,1000000,1062869.25
1652,lpush5,1000000,622684.94
1652,lrange5,1000000,921075.56
1653,lpush5,1000000,674330.38
1653,lrange5,1000000,1000032.00
1654,lpush5,1000000,652793.75
1654,lrange5,1000000,1076460.62
1655,lpush5,1000000,656661.88
1655,lrange5,1000000,1065013.88
1656,lpush5,1000000,682161.00
1656,lrange5,1000000,1057285.38
1657,lpush5,1000000,678436.94
1657,lrange5,1000000,1008177.44
1658,lpush5,1000000,666666.69
1658,lrange5,1000000,1044008.38
1659,lpush5,1000000,520908.34
1659,lrange5,1000000,1067321.25
1660,lpush5,1000000,694949.25
1660,lrange5,1000000,1070680.88
1661,lpush5,1000000,593604.75
1661,lrange5,1000000,939072.25
1662,lpush5,1000000,669056.88
1662,lrange5,1000000,966461.88
1663,lpush5,1000000,681761.44
1663,lrange5,1000000,1022609.44
1664,lpush5,1000000,692107.94
1664,lrange5,1000000,1068820.50
1665,lpush5,1000000,657462.19
1665,lrange5,1000000,1020457.12
1666,lpush5,1000000,674785.44
1666,lrange5,1000000,1049553.00
1667,lpush5,1000000,674871.81
1667,lrange5,1000000,1050420.12
1668,lpush5,1000000,680811.44
1668,lrange5,1000000,1032090.81
1669,lpush5,1000000,678512.88
1669,lrange5,1000000,1038454.81
1670,lpush5,1000000,676273.19
1670,lrange5,1000000,1025673.81
1671,lpush5,1000000,661375.69
1671,lrange5,1000000,1040582.69
1672,lpush5,1000000,682681.19
1672,lrange5,1000000,1067304.25
1673,lpush5,1000000,682637.50
1673,lrange5,1000000,1038488.06
1674,lpush5,1000000,666720.00
1674,lrange5,1000000,1032305.50
1675,lpush5,1000000,689710.31
1675,lrange5,1000000,1046192.50
1676,lpush5,1000000,677091.38
1676,lrange5,1000000,1059491.50
1677,lpush5,1000000,700793.25
1677,lrange5,1000000,1026694.06
1678,lpush5,1000000,683125.69
1678,lrange5,1000000,1046159.00
1679,lpush5,1000000,686407.69
1679,lrange5,1000000,1043941.56
1680,lpush5,1000000,678919.19
1680,lrange5,1000000,1009178.62
1681,lpush5,1000000,690153.19
1681,lrange5,1000000,1021695.62
1682,lpush5,1000000,683994.50
1682,lrange5,1000000,1001305.31
1683,lpush5,1000000,676589.94
1683,lrange5,1000000,1052783.12
1684,lpush5,1000000,692074.69
1684,lrange5,1000000,1046025.12
1685,lpush5,1000000,689666.19
1685,lrange5,1000000,1060496.25
1686,lpush5,1000000,673454.56
1686,lrange5,1000000,1018492.88
1687,lpush5,1000000,694960.38
1687,lrange5,1000000,1011397.38
1688,lpush5,1000000,703763.56
1688,lrange5,1000000,1063880.88
1689,lpush5,1000000,698834.38
1689,lrange5,1000000,991191.31
1690,lpush5,1000000,639018.50
1690,lrange5,1000000,850408.19
1691,lpush5,1000000,335024.78
1691,lrange5,1000000,380427.53
1692,lpush5,1000000,313643.16
1692,lrange5,1000000,374257.50
1693,lpush5,1000000,312109.88
1693,lrange5,1000000,655454.75
1694,lpush5,1000000,605355.94
1694,lrange5,1000000,912481.81
1695,lpush5,1000000,411353.34
1695,lrange5,1000000,406371.41
1696,lpush5,1000000,316686.50
1696,lrange5,1000000,429007.28
1697,lpush5,1000000,367382.81
1697,lrange5,1000000,989246.25
1698,lpush5,1000000,684016.44
1698,lrange5,1000000,993239.38
1699,lpush5,1000000,697405.88
1699,lrange5,1000000,1060632.00
1700,lpush5,1000000,664074.38
1700,lrange5,1000000,919132.31
1701,lpush5,1000000,532773.56
1701,lrange5,1000000,1025673.81
1702,lpush5,1000000,672505.75
1702,lrange5,1000000,1019547.38
1703,lpush5,1000000,630149.94
1703,lrange5,1000000,1022560.31
1704,lpush5,1000000,662722.38
1704,lrange5,1000000,1019531.06
1705,lpush5,1000000,664505.00
1705,lrange5,1000000,1028806.56
1706,lpush5,1000000,668470.56
1706,lrange5,1000000,1042919.69
1707,lpush5,1000000,653594.81
1707,lrange5,1000000,1039584.19
1708,lpush5,1000000,652378.38
1708,lrange5,1000000,955323.75
1709,lpush5,1000000,614319.38
1709,lrange5,1000000,1074285.75
1710,lpush5,1000000,665853.56
1710,lrange5,1000000,1073012.88
1711,lpush5,1000000,684931.50
1711,lrange5,1000000,914091.44
1712,lpush5,1000000,618066.75
1712,lrange5,1000000,992079.38
1713,lpush5,1000000,671645.44
1713,lrange5,1000000,1024655.75
1714,lpush5,1000000,676165.00
1714,lrange5,1000000,1054919.88
1715,lpush5,1000000,688286.31
1715,lrange5,1000000,1063829.75
1716,lpush5,1000000,678973.50
1716,lrange5,1000000,1041816.69
1717,lpush5,1000000,672958.31
1717,lrange5,1000000,1068495.75
1718,lpush5,1000000,676676.56
1718,lrange5,1000000,868152.81
1719,lpush5,1000000,602438.56
1719,lrange5,1000000,923582.69
1720,lpush5,1000000,621127.94
1720,lrange5,1000000,872781.81
1721,lpush5,1000000,677048.06
1721,lrange5,1000000,1001209.19
1722,lpush5,1000000,599558.75
1722,lrange5,1000000,814527.69
1723,lpush5,1000000,691173.44
1723,lrange5,1000000,921658.94
1724,lpush5,1000000,594568.38
1724,lrange5,1000000,861326.44
1725,lpush5,1000000,655832.12
1725,lrange5,1000000,925955.50
1726,lpush5,1000000,610873.56
1726,lrange5,1000000,952563.88
1727,lpush5,1000000,596341.06
1727,lrange5,1000000,881071.38
1728,lpush5,1000000,598095.69
1728,lrange5,1000000,865856.31
1729,lpush5,1000000,629356.81
1729,lrange5,1000000,985347.81
1730,lpush5,1000000,589303.44
1730,lrange5,1000000,982318.25
1731,lpush5,1000000,576728.94
1731,lrange5,1000000,952396.25
1732,lpush5,1000000,620732.50
1732,lrange5,1000000,931456.25
1733,lpush5,1000000,614677.31
1733,lrange5,1000000,956022.94
1734,lpush5,1000000,543539.12
1734,lrange5,1000000,876536.38
1735,lpush5,1000000,615394.44
1735,lrange5,1000000,862069.00
1736,lpush5,1000000,619254.50
1736,lrange5,1000000,867608.00
1737,lpush5,1000000,633433.81
1737,lrange5,1000000,969994.19
1738,lpush5,1000000,681264.25
1738,lrange5,1000000,1039550.94
1739,lpush5,1000000,679038.69
1739,lrange5,1000000,971832.81
1740,lpush5,1000000,657957.88
1740,lrange5,1000000,1043858.06
1741,lpush5,1000000,701855.44
1741,lrange5,1000000,1015228.44
1742,lpush5,1000000,679391.31
1742,lrange5,1000000,948857.69
1743,lpush5,1000000,617704.75
1743,lrange5,1000000,946179.69
1744,lpush5,1000000,588254.12
1744,lrange5,1000000,1020604.06
1745,lpush5,1000000,602085.50
1745,lrange5,1000000,884984.06
1746,lpush5,1000000,616251.38
1746,lrange5,1000000,910936.19
1747,lpush5,1000000,619618.38
1747,lrange5,1000000,813060.12
1748,lpush5,1000000,608710.88
1748,lrange5,1000000,919132.31
1749,lpush5,1000000,642704.38
1749,lrange5,1000000,975687.81
1750,lpush5,1000000,592455.00
1750,lrange5,1000000,1065030.88
1751,lpush5,1000000,624669.62
1751,lrange5,1000000,942718.19
1752,lpush5,1000000,557120.88
1752,lrange5,1000000,905956.56
1753,lpush5,1000000,589294.06
1753,lrange5,1000000,824013.19
1754,lpush5,1000000,603136.31
1754,lrange5,1000000,884484.50
1755,lpush5,1000000,612399.25
1755,lrange5,1000000,952457.19
1756,lpush5,1000000,591073.25
1756,lrange5,1000000,932910.44
1757,lpush5,1000000,636942.62
1757,lrange5,1000000,945391.31
1758,lpush5,1000000,636132.31
1758,lrange5,1000000,947015.19
1759,lpush5,1000000,558980.44
1759,lrange5,1000000,975797.12
1760,lpush5,1000000,613942.31
1760,lrange5,1000000,892928.56
1761,lpush5,1000000,608321.12
1761,lrange5,1000000,764051.94
1762,lpush5,1000000,617714.62
1762,lrange5,1000000,811766.25
1763,lpush5,1000000,578722.19
1763,lrange5,1000000,905884.06
1764,lpush5,1000000,598936.56
1764,lrange5,1000000,933706.81
1765,lpush5,1000000,604614.25
1765,lrange5,1000000,947045.44
1766,lpush5,1000000,619578.69
1766,lrange5,1000000,921046.06
1767,lpush5,1000000,594234.12
1767,lrange5,1000000,956937.81
1768,lpush5,1000000,582797.19
1768,lrange5,1000000,920913.50
1769,lpush5,1000000,585860.56
1769,lrange5,1000000,947943.19
1770,lpush5,1000000,629427.31
1770,lrange5,1000000,921732.69
1771,lpush5,1000000,599549.19
1771,lrange5,1000000,996143.50
1772,lpush5,1000000,634981.56
1772,lrange5,1000000,1024606.56
1773,lpush5,1000000,673454.56
1773,lrange5,1000000,966260.88
1774,lpush5,1000000,590328.19
1774,lrange5,1000000,1030927.81
1775,lpush5,1000000,635032.38
1775,lrange5,1000000,978598.88
1776,lpush5,1000000,646412.38
1776,lrange5,1000000,1029866.12
1777,lpush5,1000000,664914.94
1777,lrange5,1000000,1065371.62
1778,lpush5,1000000,691629.31
1778,lrange5,1000000,1070783.75
1779,lpush5,1000000,700459.38
1779,lrange5,1000000,1089620.88
1780,lpush5,1000000,685400.94
1780,lrange5,1000000,1101445.00
1781,lpush5,1000000,689710.31
1781,lrange5,1000000,1084616.12
1782,lpush5,1000000,679402.19
1782,lrange5,1000000,1049485.88
1783,lpush5,1000000,689699.31
1783,lrange5,1000000,1053909.38
1784,lpush5,1000000,646830.50
1784,lrange5,1000000,890514.69
1785,lpush5,1000000,663204.25
1785,lrange5,1000000,1039501.00
1786,lpush5,1000000,698324.00
1786,lrange5,1000000,985253.19
1787,lpush5,1000000,657145.88
1787,lrange5,1000000,1089324.62
1788,lpush5,1000000,696401.12
1788,lrange5,1000000,1091772.88
1789,lpush5,1000000,678020.31
1789,lrange5,1000000,1094109.50
1790,lpush5,1000000,697483.94
1790,lrange5,1000000,1069809.62
1791,lpush5,1000000,708362.62
1791,lrange5,1000000,1047220.94
1792,lpush5,1000000,715307.56
1792,lrange5,1000000,1081133.00
1793,lpush5,1000000,711271.69
1793,lrange5,1000000,1073081.62
1794,lpush5,1000000,714842.00
1794,lrange5,1000000,1089429.25
1795,lpush5,1000000,717978.44
1795,lrange5,1000000,1075458.00
1796,lpush5,1000000,710272.75
1796,lrange5,1000000,1070663.75
1797,lpush5,1000000,711248.94
1797,lrange5,1000000,1083441.00
1798,lpush5,1000000,689224.00
1798,lrange5,1000000,1056168.88
1799,lpush5,1000000,721604.62
1799,lrange5,1000000,1076477.88
1800,lpush5,1000000,708249.31
1800,lrange5,1000000,1068376.12
1801,lpush5,1000000,642301.88
1801,lrange5,1000000,897723.56
1802,lpush5,1000000,558686.06
1802,lrange5,1000000,901900.81
1803,lpush5,1000000,513882.84
1803,lrange5,1000000,878847.06
1804,lpush5,1000000,617665.25
1804,lrange5,1000000,923390.62
1805,lpush5,1000000,672494.94
1805,lrange5,1000000,966183.62
1806,lpush5,1000000,664116.88
1806,lrange5,1000000,871135.88
1807,lpush5,1000000,604681.94
1807,lrange5,1000000,995024.88
1808,lpush5,1000000,653324.62
1808,lrange5,1000000,990320.81
1809,lpush5,1000000,683537.94
1809,lrange5,1000000,1004016.06
1810,lpush5,1000000,679831.44
1810,lrange5,1000000,985442.38
1811,lpush5,1000000,660076.56
1811,lrange5,1000000,1051575.25
1812,lpush5,1000000,679391.31
1812,lrange5,1000000,896401.38
1813,lpush5,1000000,589284.62
1813,lrange5,1000000,1044998.94
1814,lpush5,1000000,684583.19
1814,lrange5,1000000,1078955.75
1815,lpush5,1000000,693000.69
1815,lrange5,1000000,1049435.50
1816,lpush5,1000000,712769.75
1816,lrange5,1000000,996095.69
1817,lpush5,1000000,700358.56
1817,lrange5,1000000,1047304.75
1818,lpush5,1000000,703729.75
1818,lrange5,1000000,1062750.25
1819,lpush5,1000000,710823.06
1819,lrange5,1000000,1075492.50
1820,lpush5,1000000,702774.44
1820,lrange5,1000000,1059559.38
1821,lpush5,1000000,707770.69
1821,lrange5,1000000,1052699.00
1822,lpush5,1000000,702763.19
1822,lrange5,1000000,1078800.50
1823,lpush5,1000000,700871.75
1823,lrange5,1000000,1014231.25
1824,lpush5,1000000,561176.25
1824,lrange5,1000000,847457.69
1825,lpush5,1000000,632161.81
1825,lrange5,1000000,1054987.38
1826,lpush5,1000000,662690.56
1826,lrange5,1000000,1014231.25
1827,lpush5,1000000,711362.75
1827,lrange5,1000000,1083475.62
1828,lpush5,1000000,702303.38
1828,lrange5,1000000,1042836.31
1829,lpush5,1000000,703763.56
1829,lrange5,1000000,1091738.00
1830,lpush5,1000000,670252.00
1830,lrange5,1000000,1105149.25
1831,lpush5,1000000,697428.19
1831,lrange5,1000000,1050487.38
1832,lpush5,1000000,700324.94
1832,lrange5,1000000,1064996.75
1833,lpush5,1000000,691151.31
1833,lrange5,1000000,1025739.44
1834,lpush5,1000000,694927.00
1834,lrange5,1000000,1093088.50
1835,lpush5,1000000,689312.19
1835,lrange5,1000000,1105060.75
1836,lpush5,1000000,691728.94
1836,lrange5,1000000,1102571.12
1837,lpush5,1000000,683559.75
1837,lrange5,1000000,1106265.50
1838,lpush5,1000000,697892.56
1838,lrange5,1000000,1117425.75
1839,lpush5,1000000,704721.62
1839,lrange5,1000000,1049317.88
1840,lpush5,1000000,714830.56
1840,lrange5,1000000,1106265.50
1841,lpush5,1000000,693962.56
1841,lrange5,1000000,1068461.50
1842,lpush5,1000000,703257.38
1842,lrange5,1000000,1091860.25
1843,lpush5,1000000,707236.19
1843,lrange5,1000000,1071879.88
1844,lpush5,1000000,701262.25
1844,lrange5,1000000,1082251.00
1845,lpush5,1000000,703268.62
1845,lrange5,1000000,1078869.50
1846,lpush5,1000000,700403.38
1846,lrange5,1000000,1093088.50
1847,lpush5,1000000,711743.81
1847,lrange5,1000000,1056118.25
1848,lpush5,1000000,713787.31
1848,lrange5,1000000,1074182.62
1849,lpush5,1000000,703246.12
1849,lrange5,1000000,1095675.75
1850,lpush5,1000000,714853.44
1850,lrange5,1000000,1097730.00
1851,lpush5,1000000,700826.88
1851,lrange5,1000000,1100127.62
1852,lpush5,1000000,707714.06
1852,lrange5,1000000,1102729.88
1853,lpush5,1000000,703819.81
1853,lrange5,1000000,1103752.75
1854,lpush5,1000000,704225.38
1854,lrange5,1000000,1082614.75
1855,lpush5,1000000,714285.75
1855,lrange5,1000000,1067270.00
1856,lpush5,1000000,718999.25
1856,lrange5,1000000,1068410.25
1857,lpush5,1000000,715330.50
1857,lrange5,1000000,1091755.50
1858,lpush5,1000000,716914.69
1858,lrange5,1000000,1062801.25
1859,lpush5,1000000,711777.94
1859,lrange5,1000000,1075440.88
1860,lpush5,1000000,716891.75
1860,lrange5,1000000,1120017.88
1861,lpush5,1000000,715319.00
1861,lrange5,1000000,1111342.25
1862,lpush5,1000000,719470.50
1862,lrange5,1000000,1105131.50
1863,lpush5,1000000,701340.81
1863,lrange5,1000000,1122460.25
1864,lpush5,1000000,706736.44
1864,lrange5,1000000,1077655.25
1865,lpush5,1000000,706759.00
1865,lrange5,1000000,1096684.25
1866,lpush5,1000000,712262.06
1866,lrange5,1000000,1072978.50
1867,lpush5,1000000,685466.75
1867,lrange5,1000000,1041666.69
1868,lpush5,1000000,708796.56
1868,lrange5,1000000,1102765.12
1869,lpush5,1000000,724672.44
1869,lrange5,1000000,1069672.75
1870,lpush5,1000000,713289.62
1870,lrange5,1000000,1032107.38
1871,lpush5,1000000,709287.94
1871,lrange5,1000000,1026776.19
1872,lpush5,1000000,703752.31
1872,lrange5,1000000,1106283.25
1873,lpush5,1000000,706713.81
1873,lrange5,1000000,1093088.50
1874,lpush5,1000000,707827.31
1874,lrange5,1000000,1098953.88
1875,lpush5,1000000,704281.69
1875,lrange5,1000000,1057150.12
1876,lpush5,1000000,706271.19
1876,lrange5,1000000,1095448.00
1877,lpush5,1000000,711248.94
1877,lrange5,1000000,1082632.00
1878,lpush5,1000000,711271.69
1878,lrange5,1000000,1122334.50
1879,lpush5,1000000,709231.25
1879,lrange5,1000000,1089342.12
1880,lpush5,1000000,705761.44
1880,lrange5,1000000,1088226.25
1881,lpush5,1000000,707736.75
1881,lrange5,1000000,1092896.12
1882,lpush5,1000000,678436.94
1882,lrange5,1000000,1064979.75
1883,lpush5,1000000,723646.88
1883,lrange5,1000000,1084650.75
1884,lpush5,1000000,710250.00
1884,lrange5,1000000,1057099.38
1885,lpush5,1000000,715341.94
1885,lrange5,1000000,1081150.25
1886,lpush5,1000000,724637.69
1886,lrange5,1000000,1089516.38
1887,lpush5,1000000,710743.44
1887,lrange5,1000000,1060598.12
1888,lpush5,1000000,700826.88
1888,lrange5,1000000,1058438.12
1889,lpush5,1000000,670723.00
1889,lrange5,1000000,783148.06
1890,lpush5,1000000,701363.25
1890,lrange5,1000000,1073115.88
1891,lpush5,1000000,708249.31
1891,lrange5,1000000,1085967.38
1892,lpush5,1000000,672086.00
1892,lrange5,1000000,1089551.25
1893,lpush5,1000000,703257.38
1893,lrange5,1000000,1089429.25
1894,lpush5,1000000,710777.56
1894,lrange5,1000000,1116142.88
1895,lpush5,1000000,710788.94
1895,lrange5,1000000,1074113.88
1896,lpush5,1000000,709745.88
1896,lrange5,1000000,1136363.62
1897,lpush5,1000000,686341.81
1897,lrange5,1000000,1085845.88
1898,lpush5,1000000,699868.44
1898,lrange5,1000000,1086956.50
1899,lpush5,1000000,718402.31
1899,lrange5,1000000,1084598.75
1900,lpush5,1000000,714342.88
1900,lrange5,1000000,1073098.75
1901,lpush5,1000000,709299.31
1901,lrange5,1000000,1073304.75
1902,lpush5,1000000,720507.19
1902,lrange5,1000000,1078938.50
1903,lpush5,1000000,719539.56
1903,lrange5,1000000,1127522.00
1904,lpush5,1000000,713301.00
1904,lrange5,1000000,1070852.25
1905,lpush5,1000000,708340.00
1905,lrange5,1000000,1074113.88
1906,lpush5,1000000,693547.81
1906,lrange5,1000000,1084598.75
1907,lpush5,1000000,713798.69
1907,lrange5,1000000,1109984.38
1908,lpush5,1000000,710329.56
1908,lrange5,1000000,1102606.38
1909,lpush5,1000000,716435.50
1909,lrange5,1000000,1089342.12
1910,lpush5,1000000,693089.44
1910,lrange5,1000000,1106194.75
1911,lpush5,1000000,705806.62
1911,lrange5,1000000,1114898.50
1912,lpush5,1000000,706770.31
1912,lrange5,1000000,1106336.25
1913,lpush5,1000000,714331.44
1913,lrange5,1000000,1053825.12
1914,lpush5,1000000,713266.81
1914,lrange5,1000000,1076443.50
1915,lpush5,1000000,717406.00
1915,lrange5,1000000,1074131.00
1916,lpush5,1000000,724112.94
1916,lrange5,1000000,1065354.62
1917,lpush5,1000000,709745.88
1917,lrange5,1000000,1050487.38
1918,lpush5,1000000,702280.88
1918,lrange5,1000000,1032041.31
1919,lpush5,1000000,707736.75
1919,lrange5,1000000,1118693.50
1920,lpush5,1000000,705229.94
1920,lrange5,1000000,1078938.50
1921,lpush5,1000000,718964.75
1921,lrange5,1000000,1092966.12
1922,lpush5,1000000,708215.31
1922,lrange5,1000000,1085845.88
1923,lpush5,1000000,704744.19
1923,lrange5,1000000,1112436.00
1924,lpush5,1000000,706226.00
1924,lrange5,1000000,1069518.75
1925,lpush5,1000000,710250.00
1925,lrange5,1000000,997024.88
1926,lpush5,1000000,698402.19
1926,lrange5,1000000,1040715.88
1927,lpush5,1000000,668449.19
1927,lrange5,1000000,1021548.56
1928,lpush5,1000000,693100.50
1928,lrange5,1000000,1008112.94
1929,lpush5,1000000,721512.25
1929,lrange5,1000000,1059389.88
1930,lpush5,1000000,705252.50
1930,lrange5,1000000,1049351.50
1931,lpush5,1000000,711260.31
1931,lrange5,1000000,1083475.62
1932,lpush5,1000000,720518.75
1932,lrange5,1000000,1068478.62
1933,lpush5,1000000,710766.19
1933,lrange5,1000000,1114862.88
1934,lpush5,1000000,702247.19
1934,lrange5,1000000,1090564.88
1935,lpush5,1000000,704225.38
1935,lrange5,1000000,1086158.50
1936,lpush5,1000000,702785.69
1936,lrange5,1000000,1126216.25
1937,lpush5,1000000,712815.38
1937,lrange5,1000000,1097765.12
1938,lpush5,1000000,707816.00
1938,lrange5,1000000,1108700.62
1939,lpush5,1000000,709779.94
1939,lrange5,1000000,1079948.12
1940,lpush5,1000000,707281.44
1940,lrange5,1000000,1096701.75
1941,lpush5,1000000,715819.62
1941,lrange5,1000000,1090704.50
1942,lpush5,1000000,683169.38
1942,lrange5,1000000,1123595.50
1943,lpush5,1000000,699323.12
1943,lrange5,1000000,1091772.88
1944,lpush5,1000000,712815.38
1944,lrange5,1000000,1068615.38
1945,lpush5,1000000,716949.12
1945,lrange5,1000000,1069672.75
1946,lpush5,1000000,709378.75
1946,lrange5,1000000,1064068.12
1947,lpush5,1000000,716343.81
1947,lrange5,1000000,1094232.00
1948,lpush5,1000000,707850.00
1948,lrange5,1000000,1085828.50
1949,lpush5,1000000,695938.75
1949,lrange5,1000000,1100250.88
1950,lpush5,1000000,708739.88
1950,lrange5,1000000,1090617.25
1951,lpush5,1000000,719953.88
1951,lrange5,1000000,1091755.50
1952,lpush5,1000000,710788.94
1952,lrange5,1000000,1094127.00
1953,lpush5,1000000,695916.50
1953,lrange5,1000000,1100268.50
1954,lpush5,1000000,682139.19
1954,lrange5,1000000,1095377.88
1955,lpush5,1000000,714796.25
1955,lrange5,1000000,1106230.12
1956,lpush5,1000000,695443.69
1956,lrange5,1000000,1099006.50
1957,lpush5,1000000,686945.06
1957,lrange5,1000000,1095290.25
1958,lpush5,1000000,707782.00
1958,lrange5,1000000,1068427.38
1959,lpush5,1000000,707793.38
1959,lrange5,1000000,1095518.12
1960,lpush5,1000000,710409.12
1960,lrange5,1000000,1086002.12
1961,lpush5,1000000,714819.12
1961,lrange5,1000000,1063846.75
1962,lpush5,1000000,723077.38
1962,lrange5,1000000,1061622.12
1963,lpush5,1000000,692063.62
1963,lrange5,1000000,1108753.88
1964,lpush5,1000000,699367.88
1964,lrange5,1000000,1080000.00
1965,lpush5,1000000,717383.06
1965,lrange5,1000000,1075681.75
1966,lpush5,1000000,703774.81
1966,lrange5,1000000,1089342.12
1967,lpush5,1000000,703752.31
1967,lrange5,1000000,1098989.00
1968,lpush5,1000000,706725.12
1968,lrange5,1000000,1088261.12
1969,lpush5,1000000,703358.62
1969,lrange5,1000000,1109895.62
1970,lpush5,1000000,698812.00
1970,lrange5,1000000,1114845.00
1971,lpush5,1000000,717394.50
1971,lrange5,1000000,1078800.50
1972,lpush5,1000000,715376.25
1972,lrange5,1000000,1118639.88
1973,lpush5,1000000,705761.44
1973,lrange5,1000000,1059355.88
1974,lpush5,1000000,713335.25
1974,lrange5,1000000,1079948.12
1975,lpush5,1000000,719953.88
1975,lrange5,1000000,1084668.12
1976,lpush5,1000000,705750.12
1976,lrange5,1000000,1076512.38
1977,lpush5,1000000,712262.06
1977,lrange5,1000000,1067235.88
1978,lpush5,1000000,705433.00
1978,lrange5,1000000,1102535.88
1979,lpush5,1000000,712353.25
1979,lrange5,1000000,1107561.50
1980,lpush5,1000000,710295.44
1980,lrange5,1000000,1089411.75
1981,lpush5,1000000,713821.56
1981,lrange5,1000000,1068547.00
1982,lpush5,1000000,695465.94
1982,lrange5,1000000,1076495.12
1983,lpush5,1000000,696864.12
1983,lrange5,1000000,1109877.88
1984,lpush5,1000000,709791.31
1984,lrange5,1000000,1090564.88
1985,lpush5,1000000,714899.19
1985,lrange5,1000000,1119928.38
1986,lpush5,1000000,715319.00
1986,lrange5,1000000,1082424.25
1987,lpush5,1000000,711396.88
1987,lrange5,1000000,1097747.50
1988,lpush5,1000000,708215.31
1988,lrange5,1000000,1084754.88
1989,lpush5,1000000,716355.31
1989,lrange5,1000000,1098028.50
1990,lpush5,1000000,725314.00
1990,lrange5,1000000,1099076.88
1991,lpush5,1000000,696116.88
1991,lrange5,1000000,1082268.38
1992,lpush5,1000000,715307.56
1992,lrange5,1000000,1082268.38
1993,lpush5,1000000,705275.06
1993,lrange5,1000000,1084685.50
1994,lpush5,1000000,708785.25
1994,lrange5,1000000,1113603.50
1995,lpush5,1000000,710306.81
1995,lrange5,1000000,1095290.25
1996,lpush5,1000000,700882.94
1996,lrange5,1000000,1106336.25
1997,lpush5,1000000,706736.44
1997,lrange5,1000000,1086973.88
1998,lpush5,1000000,719965.44
1998,lrange5,1000000,1109931.12
1999,lpush5,1000000,716389.69
1999,lrange5,1000000,1080155.50
2000,lpush5,1000000,709231.25
2000,lrange5,1000000,1102694.62
