trial,operation,requests,rps
1,lpush5,1000000,768848.56
1,lrange5,1000000,1219648.75
2,lpush5,1000000,772846.94
2,lrange5,1000000,1197853.88
3,lpush5,1000000,778297.31
3,lrange5,1000000,1180675.38
4,lpush5,1000000,774030.94
4,lrange5,1000000,1190609.50
5,lpush5,1000000,764562.69
5,lrange5,1000000,1221001.25
6,lpush5,1000000,758198.62
6,lrange5,1000000,1233085.12
7,lpush5,1000000,774667.69
7,lrange5,1000000,1251584.50
8,lpush5,1000000,775206.25
8,lrange5,1000000,1233262.62
9,lpush5,1000000,783799.38
9,lrange5,1000000,1207903.38
10,lpush5,1000000,765770.31
10,lrange5,1000000,1201942.25
11,lpush5,1000000,758822.50
11,lrange5,1000000,1204819.25
12,lpush5,1000000,777038.12
12,lrange5,1000000,1216564.38
13,lpush5,1000000,773407.56
13,lrange5,1000000,1212160.00
14,lpush5,1000000,773419.94
14,lrange5,1000000,1161458.75
15,lpush5,1000000,773993.75
15,lrange5,1000000,1182033.12
16,lpush5,1000000,775206.25
16,lrange5,1000000,1222513.38
17,lpush5,1000000,751915.75
17,lrange5,1000000,1184947.88
18,lpush5,1000000,779460.62
18,lrange5,1000000,1179283.00
19,lpush5,1000000,765110.94
19,lrange5,1000000,1154808.38
20,lpush5,1000000,772349.06
20,lrange5,1000000,1206504.25
21,lpush5,1000000,777654.75
21,lrange5,1000000,1212295.75
22,lpush5,1000000,775919.31
22,lrange5,1000000,1189155.75
23,lpush5,1000000,753036.19
23,lrange5,1000000,1186524.38
24,lpush5,1000000,759337.88
24,lrange5,1000000,1137802.00
25,lpush5,1000000,752481.56
25,lrange5,1000000,1202192.25
26,lpush5,1000000,717417.50
26,lrange5,1000000,1133786.75
27,lpush5,1000000,741946.56
27,lrange5,1000000,1178082.50
28,lpush5,1000000,761748.69
28,lrange5,1000000,1161495.88
29,lpush5,1000000,753048.25
29,lrange5,1000000,1191971.38
30,lpush5,1000000,779423.25
30,lrange5,1000000,1204973.50
31,lpush5,1000000,775795.19
31,lrange5,1000000,1196248.75
32,lpush5,1000000,734753.88
32,lrange5,1000000,1158896.88
33,lpush5,1000000,766357.12
33,lrange5,1000000,1206330.50
34,lpush5,1000000,772262.56
34,lrange5,1000000,1200595.38
35,lpush5,1000000,753012.06
35,lrange5,1000000,1206523.50
36,lpush5,1000000,771604.94
36,lrange5,1000000,1186334.50
37,lpush5,1000000,777667.19
37,lrange5,1000000,1194743.12
38,lpush5,1000000,765696.81
38,lrange5,1000000,1215164.00
39,lpush5,1000000,764039.69
39,lrange5,1000000,1196363.62
40,lpush5,1000000,766957.06
40,lrange5,1000000,1212198.75
41,lpush5,1000000,773457.06
41,lrange5,1000000,1197681.50
42,lpush5,1000000,771654.31
42,lrange5,1000000,1189174.75
43,lpush5,1000000,770514.62
43,lrange5,1000000,1204896.38
44,lpush5,1000000,777629.88
44,lrange5,1000000,1209267.25
45,lpush5,1000000,775832.44
45,lrange5,1000000,1215105.75
46,lpush5,1000000,769872.19
46,lrange5,1000000,1209189.75
47,lpush5,1000000,771096.38
47,lrange5,1000000,1169815.12
48,lpush5,1000000,765733.56
48,lrange5,1000000,1209267.25
49,lpush5,1000000,776397.50
49,lrange5,1000000,1160222.75
50,lpush5,1000000,768713.31
50,lrange5,1000000,1222493.88
51,lpush5,1000000,781885.81
51,lrange5,1000000,1203485.00
52,lpush5,1000000,771642.00
52,lrange5,1000000,1215241.75
53,lpush5,1000000,774105.25
53,lrange5,1000000,1227092.00
54,lpush5,1000000,778259.94
54,lrange5,1000000,1216739.62
55,lpush5,1000000,780056.19
55,lrange5,1000000,1185023.75
56,lpush5,1000000,769329.25
56,lrange5,1000000,1171035.12
57,lpush5,1000000,734847.94
57,lrange5,1000000,1218338.62
58,lpush5,1000000,780156.06
58,lrange5,1000000,1212276.38
59,lpush5,1000000,778222.56
59,lrange5,1000000,1210789.38
60,lpush5,1000000,764538.25
60,lrange5,1000000,1200595.38
61,lpush5,1000000,770428.38
61,lrange5,1000000,1196363.62
62,lpush5,1000000,759313.56
62,lrange5,1000000,1187762.50
63,lpush5,1000000,780081.19
63,lrange5,1000000,1218026.88
64,lpush5,1000000,757636.31
64,lrange5,1000000,1190685.75
65,lpush5,1000000,775832.44
65,lrange5,1000000,1203446.50
66,lpush5,1000000,768049.12
66,lrange5,1000000,1210789.38
67,lpush5,1000000,774717.25
67,lrange5,1000000,1215105.75
68,lpush5,1000000,780081.19
68,lrange5,1000000,1227033.12
69,lpush5,1000000,780665.12
69,lrange5,1000000,1216603.38
70,lpush5,1000000,769230.81
70,lrange5,1000000,1206369.12
71,lpush5,1000000,755323.25
71,lrange5,1000000,1222493.88
72,lpush5,1000000,763966.38
72,lrange5,1000000,1216759.12
73,lpush5,1000000,775206.25
73,lrange5,1000000,1218104.75
74,lpush5,1000000,770502.31
74,lrange5,1000000,1199232.62
75,lpush5,1000000,772312.00
75,lrange5,1000000,1186296.62
76,lpush5,1000000,755930.50
76,lrange5,1000000,1218046.38
77,lpush5,1000000,780652.62
77,lrange5,1000000,1215377.88
78,lpush5,1000000,782472.62
78,lrange5,1000000,1230091.00
79,lpush5,1000000,775820.00
79,lrange5,1000000,1222493.88
80,lpush5,1000000,770539.31
80,lrange5,1000000,1197624.00
81,lpush5,1000000,761047.19
81,lrange5,1000000,1215261.25
82,lpush5,1000000,773395.19
82,lrange5,1000000,1206388.38
83,lpush5,1000000,774754.44
83,lrange5,1000000,1223990.25
84,lpush5,1000000,778222.56
84,lrange5,1000000,1196191.38
85,lpush5,1000000,757612.06
85,lrange5,1000000,1185061.62
86,lpush5,1000000,772237.88
86,lrange5,1000000,1212198.75
87,lpush5,1000000,780665.12
87,lrange5,1000000,1191971.38
88,lpush5,1000000,745736.06
88,lrange5,1000000,1190495.25
89,lpush5,1000000,781935.88
89,lrange5,1000000,1179245.25
90,lpush5,1000000,770477.69
90,lrange5,1000000,1204819.25
91,lpush5,1000000,782497.62
91,lrange5,1000000,1199136.75
92,lpush5,1000000,783085.38
92,lrange5,1000000,1205012.12
93,lpush5,1000000,769230.81
93,lrange5,1000000,1200691.50
94,lpush5,1000000,781910.81
94,lrange5,1000000,1197719.75
95,lpush5,1000000,774667.69
95,lrange5,1000000,1212295.75
96,lpush5,1000000,776447.19
96,lrange5,1000000,1216603.38
97,lpush5,1000000,757587.88
97,lrange5,1000000,1203658.25
98,lpush5,1000000,762231.69
98,lrange5,1000000,1194857.75
99,lpush5,1000000,753060.25
99,lrange5,1000000,1180675.38
100,lpush5,1000000,781923.38
100,lrange5,1000000,1190571.50
101,lpush5,1000000,772822.25
101,lrange5,1000000,1209228.50
102,lpush5,1000000,768049.12
102,lrange5,1000000,1226993.88
103,lpush5,1000000,783148.06
103,lrange5,1000000,1218124.25
104,lpush5,1000000,764538.25
104,lrange5,1000000,1215183.50
105,lpush5,1000000,777075.38
105,lrange5,1000000,1218104.75
106,lpush5,1000000,776397.50
106,lrange5,1000000,1218260.62
107,lpush5,1000000,779473.12
107,lrange5,1000000,1212276.38
108,lpush5,1000000,773419.94
108,lrange5,1000000,1187895.50
109,lpush5,1000000,784941.88
109,lrange5,1000000,1221196.62
110,lpush5,1000000,779523.00
110,lrange5,1000000,1212198.75
111,lpush5,1000000,775894.50
111,lrange5,1000000,1222493.88
112,lpush5,1000000,780193.50
112,lrange5,1000000,1144366.12
113,lpush5,1000000,759374.31
113,lrange5,1000000,1206427.00
114,lpush5,1000000,778841.12
114,lrange5,1000000,1215241.75
115,lpush5,1000000,780640.12
115,lrange5,1000000,1204973.50
116,lpush5,1000000,773444.69
116,lrange5,1000000,1213611.62
117,lpush5,1000000,761035.00
117,lrange5,1000000,1209247.88
118,lpush5,1000000,763358.81
118,lrange5,1000000,1200518.62
119,lpush5,1000000,753591.56
119,lrange5,1000000,1128704.38
120,lpush5,1000000,782510.19
120,lrange5,1000000,1122532.00
121,lpush5,1000000,768713.31
121,lrange5,1000000,1165780.88
122,lpush5,1000000,664978.75
122,lrange5,1000000,1152110.62
123,lpush5,1000000,732659.31
123,lrange5,1000000,1105078.50
124,lpush5,1000000,736919.69
124,lrange5,1000000,1218046.38
125,lpush5,1000000,769243.12
125,lrange5,1000000,1169590.62
126,lpush5,1000000,772213.12
126,lrange5,1000000,1215086.25
127,lpush5,1000000,752457.50
127,lrange5,1000000,1175088.12
128,lpush5,1000000,769230.81
128,lrange5,1000000,1210866.88
129,lpush5,1000000,772287.31
129,lrange5,1000000,1199251.75
130,lpush5,1000000,766332.62
130,lrange5,1000000,1199366.88
131,lpush5,1000000,780715.06
131,lrange5,1000000,1186448.38
132,lpush5,1000000,701273.50
132,lrange5,1000000,1215144.62
133,lpush5,1000000,770477.69
133,lrange5,1000000,1203485.00
134,lpush5,1000000,763419.88
134,lrange5,1000000,1196191.38
135,lpush5,1000000,772933.50
135,lrange5,1000000,1192085.88
136,lpush5,1000000,770465.38
136,lrange5,1000000,1200576.25
137,lpush5,1000000,777000.81
137,lrange5,1000000,1215377.88
138,lpush5,1000000,747431.94
138,lrange5,1000000,1199271.00
139,lpush5,1000000,766320.31
139,lrange5,1000000,1193470.12
140,lpush5,1000000,770428.38
140,lrange5,1000000,1205012.12
141,lpush5,1000000,771617.31
141,lrange5,1000000,1176564.62
142,lpush5,1000000,754171.94
142,lrange5,1000000,1185023.75
143,lpush5,1000000,744601.62
143,lrange5,1000000,1167047.88
144,lpush5,1000000,754208.19
144,lrange5,1000000,920839.81
145,lpush5,1000000,753639.75
145,lrange5,1000000,1113621.38
146,lpush5,1000000,777050.56
146,lrange5,1000000,1231665.00
147,lpush5,1000000,781275.00
147,lrange5,1000000,1189231.88
148,lpush5,1000000,774605.75
148,lrange5,1000000,1206427.00
149,lpush5,1000000,779485.56
149,lrange5,1000000,1216545.00
150,lpush5,1000000,765196.62
150,lrange5,1000000,1215144.62
151,lpush5,1000000,781262.50
151,lrange5,1000000,1215222.38
152,lpush5,1000000,749661.19
152,lrange5,1000000,1228697.75
153,lpush5,1000000,777000.81
153,lrange5,1000000,1228520.88
154,lpush5,1000000,779547.94
154,lrange5,1000000,1187724.50
155,lpush5,1000000,776496.88
155,lrange5,1000000,1215066.75
156,lpush5,1000000,787502.38
156,lrange5,1000000,1210905.62
157,lpush5,1000000,777075.38
157,lrange5,1000000,1227131.25
158,lpush5,1000000,781250.00
158,lrange5,1000000,1227092.00
159,lpush5,1000000,780640.12
159,lrange5,1000000,1228501.25
160,lpush5,1000000,768639.50
160,lrange5,1000000,1210673.12
161,lpush5,1000000,774605.75
161,lrange5,1000000,1227229.50
162,lpush5,1000000,781250.00
162,lrange5,1000000,1213631.12
163,lpush5,1000000,766406.19
163,lrange5,1000000,1200557.00
164,lpush5,1000000,762861.94
164,lrange5,1000000,1193432.00
165,lpush5,1000000,774006.19
165,lrange5,1000000,1231566.50
166,lpush5,1000000,757062.81
166,lrange5,1000000,1227131.25
167,lpush5,1000000,731040.94
167,lrange5,1000000,1173746.50
168,lpush5,1000000,778890.94
168,lrange5,1000000,1233124.50
169,lpush5,1000000,777025.69
169,lrange5,1000000,1199251.75
170,lpush5,1000000,739098.25
170,lrange5,1000000,1110073.25
171,lpush5,1000000,754716.94
171,lrange5,1000000,1182241.12
172,lpush5,1000000,782010.94
172,lrange5,1000000,1150876.88
173,lpush5,1000000,779448.19
173,lrange5,1000000,1234587.62
174,lpush5,1000000,755311.19
174,lrange5,1000000,1233203.50
175,lpush5,1000000,753688.00
175,lrange5,1000000,1165501.25
176,lpush5,1000000,768184.31
176,lrange5,1000000,1215183.50
177,lpush5,1000000,753120.50
177,lrange5,1000000,1196267.88
178,lpush5,1000000,762837.56
178,lrange5,1000000,1171147.62
179,lpush5,1000000,755870.00
179,lrange5,1000000,1202076.88
180,lpush5,1000000,781860.81
180,lrange5,1000000,1209441.38
181,lpush5,1000000,778210.12
181,lrange5,1000000,1171053.88
182,lpush5,1000000,757648.44
182,lrange5,1000000,1206291.88
183,lpush5,1000000,734273.12
183,lrange5,1000000,1193642.00
184,lpush5,1000000,762800.94
184,lrange5,1000000,1133823.12
185,lpush5,1000000,758737.50
185,lrange5,1000000,1193432.00
186,lpush5,1000000,738647.00
186,lrange5,1000000,1187819.50
187,lpush5,1000000,771740.75
187,lrange5,1000000,1221020.75
188,lpush5,1000000,769909.12
188,lrange5,1000000,1111111.12
189,lpush5,1000000,791227.81
189,lrange5,1000000,1204992.75
190,lpush5,1000000,769280.00
190,lrange5,1000000,1215066.75
191,lpush5,1000000,769267.75
191,lrange5,1000000,1216583.88
192,lpush5,1000000,687790.94
192,lrange5,1000000,1137729.25
193,lpush5,1000000,751879.69
193,lrange5,1000000,1218397.12
194,lpush5,1000000,764636.12
194,lrange5,1000000,1179452.88
195,lpush5,1000000,736412.38
195,lrange5,1000000,1207845.38
196,lpush5,1000000,759301.44
196,lrange5,1000000,1209402.62
197,lpush5,1000000,773457.06
197,lrange5,1000000,1216564.38
198,lpush5,1000000,729950.38
198,lrange5,1000000,1143040.00
199,lpush5,1000000,755990.94
199,lrange5,1000000,1228815.75
200,lpush5,1000000,778816.19
200,lrange5,1000000,1245648.88
201,lpush5,1000000,785671.62
201,lrange5,1000000,1218046.38
202,lpush5,1000000,768750.19
202,lrange5,1000000,1178157.88
203,lpush5,1000000,771679.00
203,lrange5,1000000,1165631.75
204,lpush5,1000000,715934.19
204,lrange5,1000000,1089324.62
205,lpush5,1000000,753024.12
205,lrange5,1000000,1199290.12
206,lpush5,1000000,737474.94
206,lrange5,1000000,1190647.62
207,lpush5,1000000,762280.44
207,lrange5,1000000,1222493.88
208,lpush5,1000000,771059.31
208,lrange5,1000000,1231586.25
209,lpush5,1000000,758162.25
209,lrange5,1000000,1233065.38
210,lpush5,1000000,778890.94
210,lrange5,1000000,1227170.50
211,lpush5,1000000,775807.56
211,lrange5,1000000,1209209.12
212,lpush5,1000000,768676.38
212,lrange5,1000000,1221040.25
213,lpush5,1000000,773518.94
213,lrange5,1000000,1197624.00
214,lpush5,1000000,737474.94
214,lrange5,1000000,1194838.75
215,lpush5,1000000,781935.88
215,lrange5,1000000,1191895.12
216,lpush5,1000000,740752.56
216,lrange5,1000000,1145530.38
217,lpush5,1000000,776447.19
217,lrange5,1000000,1219590.25
218,lpush5,1000000,777025.69
218,lrange5,1000000,1218065.75
219,lpush5,1000000,774105.25
219,lrange5,1000000,1187648.50
220,lpush5,1000000,725174.81
220,lrange5,1000000,1230051.62
221,lpush5,1000000,769230.81
221,lrange5,1000000,1196172.25
222,lpush5,1000000,751314.81
222,lrange5,1000000,1212179.38
223,lpush5,1000000,758222.88
223,lrange5,1000000,1227013.50
224,lpush5,1000000,771691.38
224,lrange5,1000000,1207845.38
225,lpush5,1000000,779485.56
225,lrange5,1000000,1202076.88
226,lpush5,1000000,769341.56
226,lrange5,1000000,1223990.25
227,lpush5,1000000,778828.62
227,lrange5,1000000,1240794.00
228,lpush5,1000000,755311.19
228,lrange5,1000000,1230012.25
229,lpush5,1000000,782522.69
229,lrange5,1000000,1208019.25
230,lpush5,1000000,771034.69
230,lrange5,1000000,1228560.12
231,lpush5,1000000,780056.19
231,lrange5,1000000,1224088.12
232,lpush5,1000000,775293.06
232,lrange5,1000000,1207748.75
233,lpush5,1000000,778816.19
233,lrange5,1000000,1218221.75
234,lpush5,1000000,783811.88
234,lrange5,1000000,1230228.75
235,lpush5,1000000,737510.38
235,lrange5,1000000,1230091.00
236,lpush5,1000000,780205.94
236,lrange5,1000000,1233242.88
237,lpush5,1000000,779485.56
237,lrange5,1000000,1228619.12
238,lpush5,1000000,780740.06
238,lrange5,1000000,1234666.62
239,lpush5,1000000,783248.25
239,lrange5,1000000,1212373.38
240,lpush5,1000000,780031.25
240,lrange5,1000000,1206600.75
241,lpush5,1000000,778235.06
241,lrange5,1000000,1230130.38
242,lpush5,1000000,768701.00
242,lrange5,1000000,1204915.62
243,lpush5,1000000,780665.12
243,lrange5,1000000,1212237.62
244,lpush5,1000000,771010.00
244,lrange5,1000000,1203446.50
245,lpush5,1000000,782597.81
245,lrange5,1000000,1210808.75
246,lpush5,1000000,769255.44
246,lrange5,1000000,1206272.62
247,lpush5,1000000,779423.25
247,lrange5,1000000,1218104.75
248,lpush5,1000000,769933.75
248,lrange5,1000000,1190647.62
249,lpush5,1000000,777125.12
249,lrange5,1000000,1210828.12
250,lpush5,1000000,784426.69
250,lrange5,1000000,1233085.12
251,lpush5,1000000,761663.38
251,lrange5,1000000,1201942.25
252,lpush5,1000000,782472.62
252,lrange5,1000000,1218065.75
253,lpush5,1000000,775931.69
253,lrange5,1000000,1183602.38
254,lpush5,1000000,734273.12
254,lrange5,1000000,1216583.88
255,lpush5,1000000,780839.94
255,lrange5,1000000,1236153.25
256,lpush5,1000000,779448.19
256,lrange5,1000000,1126252.25
257,lpush5,1000000,768049.12
257,lrange5,1000000,1199347.75
258,lpush5,1000000,778903.38
258,lrange5,1000000,1088348.12
259,lpush5,1000000,775882.06
259,lrange5,1000000,1203388.75
260,lpush5,1000000,770539.31
260,lrange5,1000000,1196229.62
261,lpush5,1000000,746873.81
261,lrange5,1000000,1193374.75
262,lpush5,1000000,749075.62
262,lrange5,1000000,1164312.00
263,lpush5,1000000,746945.50
263,lrange5,1000000,1180807.50
264,lpush5,1000000,745831.50
264,lrange5,1000000,1121183.88
265,lpush5,1000000,766932.50
265,lrange5,1000000,1216545.00
266,lpush5,1000000,774692.50
266,lrange5,1000000,1236153.25
267,lpush5,1000000,775231.00
267,lrange5,1000000,1160111.38
268,lpush5,1000000,777679.62
268,lrange5,1000000,1209209.12
269,lpush5,1000000,764562.69
269,lrange5,1000000,1192028.62
270,lpush5,1000000,762317.06
270,lrange5,1000000,1182184.38
271,lpush5,1000000,772250.19
271,lrange5,1000000,1216700.75
272,lpush5,1000000,714807.69
272,lrange5,1000000,1193317.38
273,lpush5,1000000,767496.56
273,lrange5,1000000,1118586.12
274,lpush5,1000000,754729.00
274,lrange5,1000000,1216681.25
275,lpush5,1000000,777704.50
275,lrange5,1000000,1200537.75
276,lpush5,1000000,749135.56
276,lrange5,1000000,1207961.38
277,lpush5,1000000,772822.25
277,lrange5,1000000,1145841.88
278,lpush5,1000000,769835.25
278,lrange5,1000000,1109895.62
279,lpush5,1000000,782622.88
279,lrange5,1000000,1222572.12
280,lpush5,1000000,774692.50
280,lrange5,1000000,1221001.25
281,lpush5,1000000,765147.62
281,lrange5,1000000,1204838.62
282,lpush5,1000000,779585.38
282,lrange5,1000000,1200537.75
283,lpush5,1000000,775968.94
283,lrange5,1000000,1231586.25
284,lpush5,1000000,756514.38
284,lrange5,1000000,1225686.25
285,lpush5,1000000,769896.81
285,lrange5,1000000,1173915.50
286,lpush5,1000000,780640.12
286,lrange5,1000000,1189193.75
287,lpush5,1000000,728437.00
287,lrange5,1000000,1146972.50
288,lpush5,1000000,781898.31
288,lrange5,1000000,1194781.38
289,lpush5,1000000,777716.94
289,lrange5,1000000,1215436.25
290,lpush5,1000000,751939.81
290,lrange5,1000000,1145475.38
291,lpush5,1000000,759374.31
291,lrange5,1000000,1140415.12
292,lpush5,1000000,683527.00
292,lrange5,1000000,1202057.62
293,lpush5,1000000,782510.19
293,lrange5,1000000,1224049.00
294,lpush5,1000000,780056.19
294,lrange5,1000000,1182108.75
295,lpush5,1000000,759927.06
295,lrange5,1000000,1205069.88
296,lpush5,1000000,780677.56
296,lrange5,1000000,1216583.88
297,lpush5,1000000,778828.62
297,lrange5,1000000,1225490.25
298,lpush5,1000000,769255.44
298,lrange5,1000000,1165650.38
299,lpush5,1000000,774080.44
299,lrange5,1000000,1228540.50
300,lpush5,1000000,775206.25
300,lrange5,1000000,1200537.75
301,lpush5,1000000,778841.12
301,lrange5,1000000,1196267.88
302,lpush5,1000000,777000.81
302,lrange5,1000000,1193565.62
303,lpush5,1000000,780727.56
303,lrange5,1000000,1216739.62
304,lpush5,1000000,779460.62
304,lrange5,1000000,1190609.50
305,lpush5,1000000,769230.81
305,lrange5,1000000,1234627.12
306,lpush5,1000000,771642.00
306,lrange5,1000000,1182033.12
307,lpush5,1000000,765709.06
307,lrange5,1000000,1197815.62
308,lpush5,1000000,764574.94
308,lrange5,1000000,1182089.88
309,lpush5,1000000,762195.12
309,lrange5,1000000,1194838.75
310,lpush5,1000000,763395.44
310,lrange5,1000000,1221040.25
311,lpush5,1000000,783749.19
311,lrange5,1000000,1199136.75
312,lpush5,1000000,778853.56
312,lrange5,1000000,1187648.50
313,lpush5,1000000,778828.62
313,lrange5,1000000,1213592.25
314,lpush5,1000000,772299.62
314,lrange5,1000000,1213689.38
315,lpush5,1000000,779498.06
315,lrange5,1000000,1230150.00
316,lpush5,1000000,788643.50
316,lrange5,1000000,1219609.75
317,lpush5,1000000,783160.56
317,lrange5,1000000,1189269.88
318,lpush5,1000000,775193.81
318,lrange5,1000000,1193451.12
319,lpush5,1000000,755918.38
319,lrange5,1000000,1222513.38
320,lpush5,1000000,771679.00
320,lrange5,1000000,1216545.00
321,lpush5,1000000,784389.06
321,lrange5,1000000,1221059.88
322,lpush5,1000000,772809.88
322,lrange5,1000000,1157537.00
323,lpush5,1000000,764039.69
323,lrange5,1000000,1113674.88
324,lpush5,1000000,736424.12
324,lrange5,1000000,1207884.00
325,lpush5,1000000,775882.06
325,lrange5,1000000,1186315.50
326,lpush5,1000000,769896.81
326,lrange5,1000000,1180637.50
327,lpush5,1000000,780640.12
327,lrange5,1000000,1218085.25
328,lpush5,1000000,758810.31
328,lrange5,1000000,1194934.25
329,lpush5,1000000,772225.50
329,lrange5,1000000,1199175.12
330,lpush5,1000000,782472.62
330,lrange5,1000000,1187705.50
331,lpush5,1000000,781287.50
331,lrange5,1000000,1218065.75
332,lpush5,1000000,772200.81
332,lrange5,1000000,1114916.38
333,lpush5,1000000,737522.12
333,lrange5,1000000,1200499.38
334,lpush5,1000000,777679.62
334,lrange5,1000000,1230268.12
335,lpush5,1000000,537134.25
335,lrange5,1000000,1105007.75
336,lpush5,1000000,766406.19
336,lrange5,1000000,1194896.00
337,lpush5,1000000,761626.81
337,lrange5,1000000,1194800.50
338,lpush5,1000000,746292.50
338,lrange5,1000000,1164572.75
339,lpush5,1000000,751891.69
339,lrange5,1000000,1060615.00
340,lpush5,1000000,723077.38
340,lrange5,1000000,1045015.62
341,lpush5,1000000,719022.25
341,lrange5,1000000,1137838.50
342,lpush5,1000000,739692.31
342,lrange5,1000000,1127395.62
343,lpush5,1000000,720507.19
343,lrange5,1000000,1029882.56
344,lpush5,1000000,712815.38
344,lrange5,1000000,1129943.50
345,lpush5,1000000,741325.44
345,lrange5,1000000,1137783.88
346,lpush5,1000000,744071.44
346,lrange5,1000000,1133877.50
347,lpush5,1000000,756490.12
347,lrange5,1000000,1107579.12
348,lpush5,1000000,744637.38
348,lrange5,1000000,1127503.88
349,lpush5,1000000,759325.75
349,lrange5,1000000,1207806.75
350,lpush5,1000000,758247.12
350,lrange5,1000000,1075423.62
351,lpush5,1000000,709276.62
351,lrange5,1000000,1105113.88
352,lpush5,1000000,744613.50
352,lrange5,1000000,1149535.62
353,lpush5,1000000,757099.19
353,lrange5,1000000,1156087.88
354,lpush5,1000000,740740.75
354,lrange5,1000000,1192085.88
355,lpush5,1000000,761144.56
355,lrange5,1000000,1196172.25
356,lpush5,1000000,746292.50
356,lrange5,1000000,1029882.56
357,lpush5,1000000,741875.31
357,lrange5,1000000,1126126.12
358,lpush5,1000000,751326.81
358,lrange5,1000000,1137656.38
359,lpush5,1000000,757074.94
359,lrange5,1000000,1127540.00
360,lpush5,1000000,749207.50
360,lrange5,1000000,1187705.50
361,lpush5,1000000,753072.31
361,lrange5,1000000,1179264.12
362,lpush5,1000000,730495.25
362,lrange5,1000000,1173821.62
363,lpush5,1000000,755407.88
363,lrange5,1000000,1102535.88
364,lpush5,1000000,721095.94
364,lrange5,1000000,1110020.00
365,lpush5,1000000,739157.38
365,lrange5,1000000,1203369.50
366,lpush5,1000000,765208.88
366,lrange5,1000000,1105025.50
367,lpush5,1000000,686857.19
367,lrange5,1000000,1168224.25
368,lpush5,1000000,769341.56
368,lrange5,1000000,1123595.50
369,lpush5,1000000,754184.00
369,lrange5,1000000,1135164.62
370,lpush5,1000000,746849.88
370,lrange5,1000000,1131221.75
371,lpush5,1000000,765696.81
371,lrange5,1000000,1134004.50
372,lpush5,1000000,744071.44
372,lrange5,1000000,1022609.44
373,lpush5,1000000,691673.56
373,lrange5,1000000,1145512.00
374,lpush5,1000000,719516.56
374,lrange5,1000000,1153421.00
375,lpush5,1000000,681717.81
375,lrange5,1000000,995136.31
376,lpush5,1000000,728956.25
376,lrange5,1000000,1182052.00
377,lpush5,1000000,741910.94
377,lrange5,1000000,1150803.25
378,lpush5,1000000,742977.75
378,lrange5,1000000,1193317.38
379,lpush5,1000000,752529.75
379,lrange5,1000000,1189060.62
380,lpush5,1000000,743613.38
380,lrange5,1000000,1182297.88
381,lpush5,1000000,748050.88
381,lrange5,1000000,1215086.25
382,lpush5,1000000,733137.88
382,lrange5,1000000,1107596.88
383,lpush5,1000000,772200.81
383,lrange5,1000000,1172426.75
384,lpush5,1000000,755894.19
384,lrange5,1000000,1166879.88
385,lpush5,1000000,754789.44
385,lrange5,1000000,1121130.00
386,lpush5,1000000,724240.38
386,lrange5,1000000,1089376.88
387,lpush5,1000000,718390.81
387,lrange5,1000000,1106300.88
388,lpush5,1000000,746849.88
388,lrange5,1000000,1167047.88
389,lpush5,1000000,728343.75
389,lrange5,1000000,1140396.88
390,lpush5,1000000,750247.56
390,lrange5,1000000,1129943.50
391,lpush5,1000000,751891.69
391,lrange5,1000000,1149425.25
392,lpush5,1000000,738576.06
392,lrange5,1000000,1106247.75
393,lpush5,1000000,759890.56
393,lrange5,1000000,1183469.75
394,lpush5,1000000,760456.25
394,lrange5,1000000,1089498.88
395,lpush5,1000000,740287.25
395,lrange5,1000000,1107596.88
396,lpush5,1000000,720980.56
396,lrange5,1000000,1180807.50
397,lpush5,1000000,757026.50
397,lrange5,1000000,1206291.88
398,lpush5,1000000,777654.75
398,lrange5,1000000,1127431.75
399,lpush5,1000000,757624.19
399,lrange5,1000000,1154771.38
400,lpush5,1000000,761675.56
400,lrange5,1000000,1157425.88
401,lpush5,1000000,752505.62
401,lrange5,1000000,1173971.88
402,lpush5,1000000,753700.06
402,lrange5,1000000,1168373.88
403,lpush5,1000000,759386.44
403,lrange5,1000000,1213669.88
404,lpush5,1000000,761663.38
404,lrange5,1000000,1200595.38
405,lpush5,1000000,774593.31
405,lrange5,1000000,1203562.00
406,lpush5,1000000,740228.00
406,lrange5,1000000,1222493.88
407,lpush5,1000000,784363.94
407,lrange5,1000000,1209383.25
408,lpush5,1000000,761120.25
408,lrange5,1000000,1216739.62
409,lpush5,1000000,768098.31
409,lrange5,1000000,1196382.75
410,lpush5,1000000,733710.94
410,lrange5,1000000,1210692.50
411,lpush5,1000000,784929.31
411,lrange5,1000000,1182052.00
412,lpush5,1000000,707247.50
412,lrange5,1000000,924273.56
413,lpush5,1000000,696434.56
413,lrange5,1000000,1189212.88
414,lpush5,1000000,757575.75
414,lrange5,1000000,1200518.62
415,lpush5,1000000,762231.69
415,lrange5,1000000,1192085.88
416,lpush5,1000000,746885.75
416,lrange5,1000000,1196363.62
417,lpush5,1000000,686824.19
417,lrange5,1000000,1085845.88
418,lpush5,1000000,744661.19
418,lrange5,1000000,1161551.62
419,lpush5,1000000,759398.62
419,lrange5,1000000,1175106.88
420,lpush5,1000000,730542.00
420,lrange5,1000000,1158878.38
421,lpush5,1000000,698812.00
421,lrange5,1000000,1222611.25
422,lpush5,1000000,770502.31
422,lrange5,1000000,1183564.50
423,lpush5,1000000,734824.44
423,lrange5,1000000,1204819.25
424,lpush5,1000000,780727.56
424,lrange5,1000000,1230032.00
425,lpush5,1000000,786870.19
425,lrange5,1000000,1222709.00
426,lpush5,1000000,774593.31
426,lrange5,1000000,1193374.75
427,lpush5,1000000,770440.69
427,lrange5,1000000,1203562.00
428,lpush5,1000000,772846.94
428,lrange5,1000000,1216992.62
429,lpush5,1000000,783749.19
429,lrange5,1000000,1200749.12
430,lpush5,1000000,777654.75
430,lrange5,1000000,1227131.25
431,lpush5,1000000,781998.44
431,lrange5,1000000,1216681.25
432,lpush5,1000000,780081.19
432,lrange5,1000000,1172389.25
433,lpush5,1000000,777112.69
433,lrange5,1000000,1212140.62
434,lpush5,1000000,789914.69
434,lrange5,1000000,1219512.25
435,lpush5,1000000,783699.06
435,lrange5,1000000,1199136.75
436,lpush5,1000000,650743.00
436,lrange5,1000000,1206427.00
437,lpush5,1000000,727802.06
437,lrange5,1000000,1145567.00
438,lpush5,1000000,758150.12
438,lrange5,1000000,1191971.38
439,lpush5,1000000,759987.88
439,lrange5,1000000,1109913.38
440,lpush5,1000000,713821.56
440,lrange5,1000000,1122334.50
441,lpush5,1000000,759963.56
441,lrange5,1000000,1090739.38
442,lpush5,1000000,715364.81
442,lrange5,1000000,1122550.00
443,lpush5,1000000,750271.62
443,lrange5,1000000,1090547.50
444,lpush5,1000000,716926.19
444,lrange5,1000000,911606.19
445,lpush5,1000000,722543.38
445,lrange5,1000000,1152129.12
446,lpush5,1000000,699801.25
446,lrange5,1000000,1113781.75
447,lpush5,1000000,703831.12
447,lrange5,1000000,1029866.12
448,lpush5,1000000,757014.38
448,lrange5,1000000,1172333.00
449,lpush5,1000000,755407.88
449,lrange5,1000000,1173859.12
450,lpush5,1000000,746957.44
450,lrange5,1000000,1193374.75
451,lpush5,1000000,759890.56
451,lrange5,1000000,1200672.25
452,lpush5,1000000,779560.44
452,lrange5,1000000,1162846.50
453,lpush5,1000000,760468.44
453,lrange5,1000000,1165650.38
454,lpush5,1000000,765135.38
454,lrange5,1000000,1187781.50
455,lpush5,1000000,764574.94
455,lrange5,1000000,1176470.50
456,lpush5,1000000,762268.25
456,lrange5,1000000,1175088.12
457,lpush5,1000000,769884.50
457,lrange5,1000000,1102535.88
458,lpush5,1000000,756526.44
458,lrange5,1000000,1196210.50
459,lpush5,1000000,774154.75
459,lrange5,1000000,1176771.75
460,lpush5,1000000,734331.88
460,lrange5,1000000,1139079.75
461,lpush5,1000000,776409.94
461,lrange5,1000000,1172351.75
462,lpush5,1000000,761639.00
462,lrange5,1000000,1175200.88
463,lpush5,1000000,773444.69
463,lrange5,1000000,1207864.75
464,lpush5,1000000,764526.00
464,lrange5,1000000,1202211.50
465,lpush5,1000000,768639.50
465,lrange5,1000000,1200537.75
466,lpush5,1000000,772797.50
466,lrange5,1000000,1144384.38
467,lpush5,1000000,729973.75
467,lrange5,1000000,1052968.38
468,lpush5,1000000,772846.94
468,lrange5,1000000,1125075.38
469,lpush5,1000000,748646.75
469,lrange5,1000000,1117336.38
470,lpush5,1000000,749075.62
470,lrange5,1000000,1200537.75
471,lpush5,1000000,757111.31
471,lrange5,1000000,1190514.38
472,lpush5,1000000,760480.56
472,lrange5,1000000,1146899.12
473,lpush5,1000000,755323.25
473,lrange5,1000000,1150876.88
474,lpush5,1000000,758210.75
474,lrange5,1000000,1213650.50
475,lpush5,1000000,761614.62
475,lrange5,1000000,1207845.38
476,lpush5,1000000,772200.81
476,lrange5,1000000,1171185.00
477,lpush5,1000000,761083.69
477,lrange5,1000000,1182487.00
478,lpush5,1000000,754196.06
478,lrange5,1000000,1182052.00
479,lpush5,1000000,768086.00
479,lrange5,1000000,1202134.62
480,lpush5,1000000,774667.69
480,lrange5,1000000,1207922.75
481,lpush5,1000000,755323.25
481,lrange5,1000000,1200614.62
482,lpush5,1000000,773494.19
482,lrange5,1000000,1197662.25
483,lpush5,1000000,763395.44
483,lrange5,1000000,1122550.00
484,lpush5,1000000,724672.44
484,lrange5,1000000,1189098.62
485,lpush5,1000000,769378.50
485,lrange5,1000000,1200633.88
486,lpush5,1000000,762776.50
486,lrange5,1000000,1203465.75
487,lpush5,1000000,768713.31
487,lrange5,1000000,1175106.88
488,lpush5,1000000,769243.12
488,lrange5,1000000,1187686.50
489,lpush5,1000000,766871.12
489,lrange5,1000000,1200595.38
490,lpush5,1000000,763978.62
490,lrange5,1000000,1159008.12
491,lpush5,1000000,759301.44
491,lrange5,1000000,1160315.50
492,lpush5,1000000,763966.38
492,lrange5,1000000,1151005.75
493,lpush5,1000000,760529.25
493,lrange5,1000000,1142912.00
494,lpush5,1000000,768135.12
494,lrange5,1000000,1180750.88
495,lpush5,1000000,751879.69
495,lrange5,1000000,1156217.38
496,lpush5,1000000,761687.75
496,lrange5,1000000,1172333.00
497,lpush5,1000000,753591.56
497,lrange5,1000000,1160130.00
498,lpush5,1000000,739668.62
498,lrange5,1000000,1127576.12
499,lpush5,1000000,742461.75
499,lrange5,1000000,1136363.62
500,lpush5,1000000,703864.88
500,lrange5,1000000,1123595.50
501,lpush5,1000000,761035.00
501,lrange5,1000000,1189060.62
502,lpush5,1000000,770502.31
502,lrange5,1000000,1190533.38
503,lpush5,1000000,754159.88
503,lrange5,1000000,1187800.50
504,lpush5,1000000,759386.44
504,lrange5,1000000,1148362.75
505,lpush5,1000000,770490.00
505,lrange5,1000000,1191952.38
506,lpush5,1000000,765147.62
506,lrange5,1000000,1190742.88
507,lpush5,1000000,755335.38
507,lrange5,1000000,1154771.38
508,lpush5,1000000,758150.12
508,lrange5,1000000,1169628.00
509,lpush5,1000000,756647.50
509,lrange5,1000000,1192066.75
510,lpush5,1000000,753615.69
510,lrange5,1000000,1121148.00
511,lpush5,1000000,722021.69
511,lrange5,1000000,1179264.12
512,lpush5,1000000,755942.56
512,lrange5,1000000,1173708.88
513,lpush5,1000000,761047.19
513,lrange5,1000000,1055983.12
514,lpush5,1000000,749123.56
514,lrange5,1000000,1187648.50
515,lpush5,1000000,757038.62
515,lrange5,1000000,1185023.75
516,lpush5,1000000,755894.19
516,lrange5,1000000,1178007.12
517,lpush5,1000000,716857.38
517,lrange5,1000000,1058201.12
518,lpush5,1000000,755359.50
518,lrange5,1000000,1196325.38
519,lpush5,1000000,755359.50
519,lrange5,1000000,1169665.50
520,lpush5,1000000,760529.25
520,lrange5,1000000,1131257.88
521,lpush5,1000000,737510.38
521,lrange5,1000000,1177969.38
522,lpush5,1000000,757135.50
522,lrange5,1000000,1157425.88
523,lpush5,1000000,757038.62
523,lrange5,1000000,1182070.88
524,lpush5,1000000,741910.94
524,lrange5,1000000,1179396.25
525,lpush5,1000000,749625.19
525,lrange5,1000000,1193317.38
526,lpush5,1000000,768664.12
526,lrange5,1000000,1168224.25
527,lpush5,1000000,769353.88
527,lrange5,1000000,1176470.50
528,lpush5,1000000,768098.31
528,lrange5,1000000,1164293.38
529,lpush5,1000000,768135.12
529,lrange5,1000000,1156198.88
530,lpush5,1000000,753688.00
530,lrange5,1000000,1107543.75
531,lpush5,1000000,768098.31
531,lrange5,1000000,1152258.12
532,lpush5,1000000,765184.38
532,lrange5,1000000,1173727.75
533,lpush5,1000000,764003.06
533,lrange5,1000000,1149498.88
534,lpush5,1000000,744673.06
534,lrange5,1000000,1154900.75
535,lpush5,1000000,751879.69
535,lrange5,1000000,1176508.25
536,lpush5,1000000,744083.31
536,lrange5,1000000,1165519.88
537,lpush5,1000000,757612.06
537,lrange5,1000000,1144183.00
538,lpush5,1000000,739704.12
538,lrange5,1000000,1180637.50
539,lpush5,1000000,771679.00
539,lrange5,1000000,1163051.12
540,lpush5,1000000,765794.81
540,lrange5,1000000,1186296.62
541,lpush5,1000000,758283.56
541,lrange5,1000000,1199040.75
542,lpush5,1000000,773481.81
542,lrange5,1000000,1187667.50
543,lpush5,1000000,756514.38
543,lrange5,1000000,1168224.25
544,lpush5,1000000,754801.50
544,lrange5,1000000,1189269.88
545,lpush5,1000000,763978.62
545,lrange5,1000000,1171147.62
546,lpush5,1000000,728863.00
546,lrange5,1000000,1132720.25
547,lpush5,1000000,753591.56
547,lrange5,1000000,1158989.62
548,lpush5,1000000,733137.88
548,lrange5,1000000,1160130.00
549,lpush5,1000000,751314.81
549,lrange5,1000000,1184853.12
550,lpush5,1000000,759927.06
550,lrange5,1000000,1215241.75
551,lpush5,1000000,768049.12
551,lrange5,1000000,1190476.25
552,lpush5,1000000,767545.69
552,lrange5,1000000,1179301.88
553,lpush5,1000000,764550.50
553,lrange5,1000000,1186334.50
554,lpush5,1000000,762813.12
554,lrange5,1000000,1196267.88
555,lpush5,1000000,738670.62
555,lrange5,1000000,1180996.50
556,lpush5,1000000,748003.00
556,lrange5,1000000,1160315.50
557,lpush5,1000000,751326.81
557,lrange5,1000000,1161440.12
558,lpush5,1000000,742965.88
558,lrange5,1000000,1177875.12
559,lpush5,1000000,768086.00
559,lrange5,1000000,1183488.75
560,lpush5,1000000,744107.12
560,lrange5,1000000,1144238.00
561,lpush5,1000000,739204.69
561,lrange5,1000000,1051810.75
562,lpush5,1000000,727377.44
562,lrange5,1000000,1148326.12
563,lpush5,1000000,749781.12
563,lrange5,1000000,1119856.62
564,lpush5,1000000,753736.25
564,lrange5,1000000,1168261.62
565,lpush5,1000000,745156.50
565,lrange5,1000000,1179245.25
566,lpush5,1000000,750199.56
566,lrange5,1000000,1146789.00
567,lpush5,1000000,769341.56
567,lrange5,1000000,1200595.38
568,lpush5,1000000,769267.75
568,lrange5,1000000,1203369.50
569,lpush5,1000000,771716.06
569,lrange5,1000000,1203735.25
570,lpush5,1000000,769243.12
570,lrange5,1000000,1179415.12
571,lpush5,1000000,747408.06
571,lrange5,1000000,1165519.88
572,lpush5,1000000,771666.69
572,lrange5,1000000,1190533.38
573,lpush5,1000000,764015.25
573,lrange5,1000000,1212218.25
574,lpush5,1000000,768762.50
574,lrange5,1000000,1165519.88
575,lpush5,1000000,745228.00
575,lrange5,1000000,1146880.75
576,lpush5,1000000,738647.00
576,lrange5,1000000,1164312.00
577,lpush5,1000000,693078.31
577,lrange5,1000000,1191895.12
578,lpush5,1000000,758150.12
578,lrange5,1000000,1203388.75
579,lpush5,1000000,753060.25
579,lrange5,1000000,1201923.00
580,lpush5,1000000,759878.44
580,lrange5,1000000,1171222.50
581,lpush5,1000000,771034.69
581,lrange5,1000000,1202115.38
582,lpush5,1000000,752445.44
582,lrange5,1000000,1116321.38
583,lpush5,1000000,772250.19
583,lrange5,1000000,1149498.88
584,lpush5,1000000,772250.19
584,lrange5,1000000,1124931.38
585,lpush5,1000000,749625.19
585,lrange5,1000000,1101356.88
586,lpush5,1000000,768135.12
586,lrange5,1000000,1183469.75
587,lpush5,1000000,754147.81
587,lrange5,1000000,1183450.88
588,lpush5,1000000,760602.25
588,lrange5,1000000,1126306.25
589,lpush5,1000000,746826.00
589,lrange5,1000000,1173746.50
590,lpush5,1000000,768049.12
590,lrange5,1000000,1184891.00
591,lpush5,1000000,763407.69
591,lrange5,1000000,1157444.38
592,lpush5,1000000,762219.50
592,lrange5,1000000,1197719.75
593,lpush5,1000000,758725.38
593,lrange5,1000000,1196172.25
594,lpush5,1000000,751374.94
594,lrange5,1000000,1187895.50
595,lpush5,1000000,772324.38
595,lrange5,1000000,1189174.75
596,lpush5,1000000,764574.94
596,lrange5,1000000,1166898.50
597,lpush5,1000000,770416.06
597,lrange5,1000000,1136545.50
598,lpush5,1000000,774704.88
598,lrange5,1000000,1179245.25
599,lpush5,1000000,762292.69
599,lrange5,1000000,1177988.25
600,lpush5,1000000,774142.38
600,lrange5,1000000,1207729.50
601,lpush5,1000000,769341.56
601,lrange5,1000000,1200595.38
602,lpush5,1000000,765270.06
602,lrange5,1000000,1161588.88
603,lpush5,1000000,753048.25
603,lrange5,1000000,1172520.50
604,lpush5,1000000,768713.31
604,lrange5,1000000,1194819.62
605,lpush5,1000000,764636.12
605,lrange5,1000000,1135328.00
606,lpush5,1000000,768049.12
606,lrange5,1000000,1182127.62
607,lpush5,1000000,754837.69
607,lrange5,1000000,1193412.88
608,lpush5,1000000,750187.56
608,lrange5,1000000,1177988.25
609,lpush5,1000000,769983.06
609,lrange5,1000000,1164144.38
610,lpush5,1000000,766283.56
610,lrange5,1000000,1205031.38
611,lpush5,1000000,775832.44
611,lrange5,1000000,1187667.50
612,lpush5,1000000,696378.81
612,lrange5,1000000,1122585.88
613,lpush5,1000000,759301.44
613,lrange5,1000000,1164181.62
614,lpush5,1000000,766957.06
614,lrange5,1000000,1081357.88
615,lpush5,1000000,688319.38
615,lrange5,1000000,1034142.69
616,lpush5,1000000,685411.94
616,lrange5,1000000,1074268.50
617,lpush5,1000000,724147.69
617,lrange5,1000000,1097817.75
618,lpush5,1000000,758798.19
618,lrange5,1000000,1058285.75
619,lpush5,1000000,677550.19
619,lrange5,1000000,1116089.25
620,lpush5,1000000,686857.19
620,lrange5,1000000,965281.81
621,lpush5,1000000,726790.69
621,lrange5,1000000,1164144.38
622,lpush5,1000000,731575.75
622,lrange5,1000000,1032140.38
623,lpush5,1000000,720495.69
623,lrange5,1000000,1043858.06
624,lpush5,1000000,739692.31
624,lrange5,1000000,1123829.25
625,lpush5,1000000,728874.62
625,lrange5,1000000,1094162.00
626,lpush5,1000000,759313.56
626,lrange5,1000000,1140269.12
627,lpush5,1000000,736435.94
627,lrange5,1000000,1111200.00
628,lpush5,1000000,761651.19
628,lrange5,1000000,1142966.88
629,lpush5,1000000,732600.75
629,lrange5,1000000,1156346.75
630,lpush5,1000000,758162.25
630,lrange5,1000000,1182052.00
631,lpush5,1000000,754716.94
631,lrange5,1000000,1156069.38
632,lpush5,1000000,741396.62
632,lrange5,1000000,1179509.50
633,lpush5,1000000,759398.62
633,lrange5,1000000,1124859.38
634,lpush5,1000000,769329.25
634,lrange5,1000000,933766.56
635,lpush5,1000000,762837.56
635,lrange5,1000000,1160167.12
636,lpush5,1000000,745156.50
636,lrange5,1000000,1171035.12
637,lpush5,1000000,747955.12
637,lrange5,1000000,1199060.00
638,lpush5,1000000,763941.94
638,lrange5,1000000,1169759.00
639,lpush5,1000000,744661.19
639,lrange5,1000000,1173765.25
640,lpush5,1000000,758247.12
640,lrange5,1000000,1126198.12
641,lpush5,1000000,726755.81
641,lrange5,1000000,1109895.62
642,lpush5,1000000,723065.81
642,lrange5,1000000,1008129.06
643,lpush5,1000000,724159.31
643,lrange5,1000000,1122514.12
644,lpush5,1000000,771022.31
644,lrange5,1000000,1182146.50
645,lpush5,1000000,740275.38
645,lrange5,1000000,1200576.25
646,lpush5,1000000,753591.56
646,lrange5,1000000,1194781.38
647,lpush5,1000000,735882.31
647,lrange5,1000000,1177875.12
648,lpush5,1000000,762800.94
648,lrange5,1000000,1081081.12
649,lpush5,1000000,752481.56
649,lrange5,1000000,1190590.50
650,lpush5,1000000,769896.81
650,lrange5,1000000,1194819.62
651,lpush5,1000000,775807.56
651,lrange5,1000000,1180807.50
652,lpush5,1000000,771703.69
652,lrange5,1000000,1192085.88
653,lpush5,1000000,774006.19
653,lrange5,1000000,1206272.62
654,lpush5,1000000,774018.56
654,lrange5,1000000,1103841.00
655,lpush5,1000000,777000.81
655,lrange5,1000000,1157555.50
656,lpush5,1000000,745819.56
656,lrange5,1000000,1141662.12
657,lpush5,1000000,744047.62
657,lrange5,1000000,1154808.38
658,lpush5,1000000,746897.69
658,lrange5,1000000,1136745.50
659,lpush5,1000000,720553.31
659,lrange5,1000000,1105131.50
660,lpush5,1000000,764526.00
660,lrange5,1000000,1192104.88
661,lpush5,1000000,742461.75
661,lrange5,1000000,1153771.62
662,lpush5,1000000,745239.94
662,lrange5,1000000,1157425.88
663,lpush5,1000000,753832.69
663,lrange5,1000000,1108682.88
664,lpush5,1000000,716868.81
664,lrange5,1000000,1213631.12
665,lpush5,1000000,758222.88
665,lrange5,1000000,1060462.38
666,lpush5,1000000,757002.31
666,lrange5,1000000,1187724.50
667,lpush5,1000000,765758.06
667,lrange5,1000000,1189136.75
668,lpush5,1000000,771642.00
668,lrange5,1000000,1090652.12
669,lpush5,1000000,718413.81
669,lrange5,1000000,1135092.00
670,lpush5,1000000,736400.56
670,lrange5,1000000,1165594.38
671,lpush5,1000000,757111.31
671,lrange5,1000000,1209422.00
672,lpush5,1000000,750834.81
672,lrange5,1000000,1078869.50
673,lpush5,1000000,731017.50
673,lrange5,1000000,1136436.38
674,lpush5,1000000,706259.88
674,lrange5,1000000,1108665.12
675,lpush5,1000000,677593.50
675,lrange5,1000000,977517.12
676,lpush5,1000000,688716.25
676,lrange5,1000000,1075320.38
677,lpush5,1000000,703774.81
677,lrange5,1000000,1144183.00
678,lpush5,1000000,742942.06
678,lrange5,1000000,1158804.25
679,lpush5,1000000,721569.94
679,lrange5,1000000,1092983.62
680,lpush5,1000000,735905.81
680,lrange5,1000000,1150784.75
681,lpush5,1000000,764660.56
681,lrange5,1000000,1170979.00
682,lpush5,1000000,744119.06
682,lrange5,1000000,1176470.50
683,lpush5,1000000,720576.38
683,lrange5,1000000,1043891.44
684,lpush5,1000000,729464.62
684,lrange5,1000000,1135418.88
685,lpush5,1000000,757648.44
685,lrange5,1000000,1127522.00
686,lpush5,1000000,762195.12
686,lrange5,1000000,769255.44
687,lpush5,1000000,740216.19
687,lrange5,1000000,1182127.62
688,lpush5,1000000,763480.94
688,lrange5,1000000,1202096.12
689,lpush5,1000000,747420.00
689,lrange5,1000000,1148124.00
690,lpush5,1000000,705308.88
690,lrange5,1000000,1114827.12
691,lpush5,1000000,724182.44
691,lrange5,1000000,1168280.38
692,lpush5,1000000,758773.94
692,lrange5,1000000,1184834.12
693,lpush5,1000000,716389.69
693,lrange5,1000000,1150748.00
694,lpush5,1000000,728471.94
694,lrange5,1000000,1160148.50
695,lpush5,1000000,701788.06
695,lrange5,1000000,1140469.88
696,lpush5,1000000,746837.94
696,lrange5,1000000,1097730.00
697,lpush5,1000000,748503.00
697,lrange5,1000000,1168392.50
698,lpush5,1000000,765770.31
698,lrange5,1000000,1206542.88
699,lpush5,1000000,761108.06
699,lrange5,1000000,1213728.12
700,lpush5,1000000,771679.00
700,lrange5,1000000,1193565.62
701,lpush5,1000000,711834.88
701,lrange5,1000000,1212237.62
702,lpush5,1000000,765110.94
702,lrange5,1000000,1196191.38
703,lpush5,1000000,775844.81
703,lrange5,1000000,1192028.62
704,lpush5,1000000,762256.06
704,lrange5,1000000,1201923.00
705,lpush5,1000000,737545.75
705,lrange5,1000000,1189155.75
706,lpush5,1000000,769847.56
706,lrange5,1000000,1199213.50
707,lpush5,1000000,769933.75
707,lrange5,1000000,1187724.50
708,lpush5,1000000,773407.56
708,lrange5,1000000,1187857.50
709,lpush5,1000000,765831.56
709,lrange5,1000000,1222630.75
710,lpush5,1000000,769280.00
710,lrange5,1000000,1183469.75
711,lpush5,1000000,779423.25
711,lrange5,1000000,1196267.88
712,lpush5,1000000,765856.06
712,lrange5,1000000,1199060.00
713,lpush5,1000000,778222.56
713,lrange5,1000000,1204877.12
714,lpush5,1000000,773407.56
714,lrange5,1000000,1210750.62
715,lpush5,1000000,765709.06
715,lrange5,1000000,1203504.25
716,lpush5,1000000,762788.69
716,lrange5,1000000,1191952.38
717,lpush5,1000000,766344.88
717,lrange5,1000000,1142857.12
718,lpush5,1000000,749147.56
718,lrange5,1000000,1169609.38
719,lpush5,1000000,759939.19
719,lrange5,1000000,1175200.88
720,lpush5,1000000,753096.44
720,lrange5,1000000,1175200.88
721,lpush5,1000000,761614.62
721,lrange5,1000000,1179339.62
722,lpush5,1000000,768098.31
722,lrange5,1000000,1112347.12
723,lpush5,1000000,766332.62
723,lrange5,1000000,1172483.00
724,lpush5,1000000,708249.31
724,lrange5,1000000,1179283.00
725,lpush5,1000000,677539.31
725,lrange5,1000000,1059491.50
726,lpush5,1000000,751350.88
726,lrange5,1000000,1079930.88
727,lpush5,1000000,760492.75
727,lrange5,1000000,1158841.25
728,lpush5,1000000,764636.12
728,lrange5,1000000,1165613.12
729,lpush5,1000000,781312.50
729,lrange5,1000000,1176489.38
730,lpush5,1000000,763468.75
730,lrange5,1000000,1209247.88
731,lpush5,1000000,759435.06
731,lrange5,1000000,1209422.00
732,lpush5,1000000,743518.19
732,lrange5,1000000,1158915.50
733,lpush5,1000000,758222.88
733,lrange5,1000000,1143040.00
734,lpush5,1000000,760517.06
734,lrange5,1000000,1165669.00
735,lpush5,1000000,745712.19
735,lrange5,1000000,1164163.00
736,lpush5,1000000,760504.94
736,lrange5,1000000,1165706.38
737,lpush5,1000000,760000.00
737,lrange5,1000000,1177912.88
738,lpush5,1000000,745216.06
738,lrange5,1000000,1150840.00
739,lpush5,1000000,759878.44
739,lrange5,1000000,1186448.38
740,lpush5,1000000,751915.75
740,lrange5,1000000,1179358.50
741,lpush5,1000000,769230.81
741,lrange5,1000000,1187686.50
742,lpush5,1000000,772262.56
742,lrange5,1000000,1146789.00
743,lpush5,1000000,777075.38
743,lrange5,1000000,1130070.12
744,lpush5,1000000,771604.94
744,lrange5,1000000,1174122.12
745,lpush5,1000000,773444.69
745,lrange5,1000000,1189136.75
746,lpush5,1000000,758198.62
746,lrange5,1000000,1178026.00
747,lpush5,1000000,756490.12
747,lrange5,1000000,1202115.38
748,lpush5,1000000,774030.94
748,lrange5,1000000,1193336.50
749,lpush5,1000000,772262.56
749,lrange5,1000000,1197777.25
750,lpush5,1000000,758810.31
750,lrange5,1000000,1183564.50
751,lpush5,1000000,772797.50
751,lrange5,1000000,1161440.12
752,lpush5,1000000,767557.94
752,lrange5,1000000,1183507.62
753,lpush5,1000000,746826.00
753,lrange5,1000000,1190476.25
754,lpush5,1000000,768110.56
754,lrange5,1000000,1194896.00
755,lpush5,1000000,757014.38
755,lrange5,1000000,1184891.00
756,lpush5,1000000,723612.19
756,lrange5,1000000,1162827.88
757,lpush5,1000000,739121.94
757,lrange5,1000000,1132702.12
758,lpush5,1000000,747955.12
758,lrange5,1000000,1091755.50
759,lpush5,1000000,683527.00
759,lrange5,1000000,1166991.88
760,lpush5,1000000,765733.56
760,lrange5,1000000,1103752.75
761,lpush5,1000000,734273.12
761,lrange5,1000000,1144219.62
762,lpush5,1000000,767508.81
762,lrange5,1000000,1182033.12
763,lpush5,1000000,772299.62
763,lrange5,1000000,1123595.50
764,lpush5,1000000,764039.69
764,lrange5,1000000,1189117.75
765,lpush5,1000000,764562.69
765,lrange5,1000000,1156143.38
766,lpush5,1000000,745771.81
766,lrange5,1000000,1118621.88
767,lpush5,1000000,749625.19
767,lrange5,1000000,1191914.25
768,lpush5,1000000,764015.25
768,lrange5,1000000,1142857.12
769,lpush5,1000000,766455.19
769,lrange5,1000000,1207768.12
770,lpush5,1000000,771642.00
770,lrange5,1000000,1206272.62
771,lpush5,1000000,766981.56
771,lrange5,1000000,1114862.88
772,lpush5,1000000,770490.00
772,lrange5,1000000,1189117.75
773,lpush5,1000000,760480.56
773,lrange5,1000000,1196191.38
774,lpush5,1000000,774593.31
774,lrange5,1000000,1210789.38
775,lpush5,1000000,763954.12
775,lrange5,1000000,1206427.00
776,lpush5,1000000,769835.25
776,lrange5,1000000,1183526.62
777,lpush5,1000000,757062.81
777,lrange5,1000000,1194762.25
778,lpush5,1000000,763407.69
778,lrange5,1000000,1135146.50
779,lpush5,1000000,771084.00
779,lrange5,1000000,1185042.62
780,lpush5,1000000,736931.50
780,lrange5,1000000,1158748.62
781,lpush5,1000000,748003.00
781,lrange5,1000000,1189212.88
782,lpush5,1000000,754801.50
782,lrange5,1000000,1154734.38
783,lpush5,1000000,767533.38
783,lrange5,1000000,1213786.38
784,lpush5,1000000,763358.81
784,lrange5,1000000,1171185.00
785,lpush5,1000000,772274.94
785,lrange5,1000000,1173784.00
786,lpush5,1000000,771084.00
786,lrange5,1000000,1190476.25
787,lpush5,1000000,769835.25
787,lrange5,1000000,1185023.75
788,lpush5,1000000,780043.69
788,lrange5,1000000,1196344.50
789,lpush5,1000000,739680.50
789,lrange5,1000000,1190571.50
790,lpush5,1000000,778309.75
790,lrange5,1000000,1222689.50
791,lpush5,1000000,754813.56
791,lrange5,1000000,1184910.00
792,lpush5,1000000,777137.56
792,lrange5,1000000,1207884.00
793,lpush5,1000000,783849.50
793,lrange5,1000000,1166954.50
794,lpush5,1000000,758737.50
794,lrange5,1000000,1203542.75
795,lpush5,1000000,755942.56
795,lrange5,1000000,1158896.88
796,lpush5,1000000,749159.50
796,lrange5,1000000,1171016.38
797,lpush5,1000000,772822.25
797,lrange5,1000000,1186277.62
798,lpush5,1000000,763941.94
798,lrange5,1000000,1209383.25
799,lpush5,1000000,746826.00
799,lrange5,1000000,1092913.62
800,lpush5,1000000,755954.69
800,lrange5,1000000,1154808.38
801,lpush5,1000000,758786.06
801,lrange5,1000000,1166954.50
802,lpush5,1000000,756502.25
802,lrange5,1000000,1150748.00
803,lpush5,1000000,761785.25
803,lrange5,1000000,1137656.38
804,lpush5,1000000,754765.25
804,lrange5,1000000,1213864.12
805,lpush5,1000000,749661.19
805,lrange5,1000000,1190685.75
806,lpush5,1000000,762231.69
806,lrange5,1000000,1118657.75
807,lpush5,1000000,749673.19
807,lrange5,1000000,1193622.88
808,lpush5,1000000,772822.25
808,lrange5,1000000,1184872.12
809,lpush5,1000000,760468.44
809,lrange5,1000000,1178082.50
810,lpush5,1000000,758259.31
810,lrange5,1000000,1201961.50
811,lpush5,1000000,754777.31
811,lrange5,1000000,1156143.38
812,lpush5,1000000,768245.75
812,lrange5,1000000,1190514.38
813,lpush5,1000000,764027.50
813,lrange5,1000000,1177894.00
814,lpush5,1000000,757684.81
814,lrange5,1000000,1190514.38
815,lpush5,1000000,750235.56
815,lrange5,1000000,1201980.75
816,lpush5,1000000,772299.62
816,lrange5,1000000,1183564.50
817,lpush5,1000000,779498.06
817,lrange5,1000000,1210653.75
818,lpush5,1000000,778247.50
818,lrange5,1000000,1164200.25
819,lpush5,1000000,763419.88
819,lrange5,1000000,1197700.62
820,lpush5,1000000,752445.44
820,lrange5,1000000,1119910.38
821,lpush5,1000000,753168.69
821,lrange5,1000000,1176583.50
822,lpush5,1000000,754765.25
822,lrange5,1000000,1153439.50
823,lpush5,1000000,761639.00
823,lrange5,1000000,1199040.75
824,lpush5,1000000,769329.25
824,lrange5,1000000,1172333.00
825,lpush5,1000000,760517.06
825,lrange5,1000000,1166917.12
826,lpush5,1000000,756478.06
826,lrange5,1000000,1204877.12
827,lpush5,1000000,757600.00
827,lrange5,1000000,1173934.25
828,lpush5,1000000,768651.81
828,lrange5,1000000,1170997.75
829,lpush5,1000000,770428.38
829,lrange5,1000000,1183469.75
830,lpush5,1000000,741851.62
830,lrange5,1000000,1166954.50
831,lpush5,1000000,772834.62
831,lrange5,1000000,1194972.50
832,lpush5,1000000,761687.75
832,lrange5,1000000,1212160.00
833,lpush5,1000000,764027.50
833,lrange5,1000000,1207884.00
834,lpush5,1000000,765147.62
834,lrange5,1000000,1156069.38
835,lpush5,1000000,763395.44
835,lrange5,1000000,1128758.50
836,lpush5,1000000,753639.75
836,lrange5,1000000,1180769.75
837,lpush5,1000000,758162.25
837,lrange5,1000000,1201980.75
838,lpush5,1000000,767006.12
838,lrange5,1000000,1173746.50
839,lpush5,1000000,734918.50
839,lrange5,1000000,1096631.62
840,lpush5,1000000,733675.69
840,lrange5,1000000,1153587.12
841,lpush5,1000000,758822.50
841,lrange5,1000000,1176602.38
842,lpush5,1000000,765221.06
842,lrange5,1000000,1186277.62
843,lpush5,1000000,759890.56
843,lrange5,1000000,1167066.50
844,lpush5,1000000,763407.69
844,lrange5,1000000,1204915.62
845,lpush5,1000000,758810.31
845,lrange5,1000000,1164330.62
846,lpush5,1000000,746885.75
846,lrange5,1000000,1167103.88
847,lpush5,1000000,770477.69
847,lrange5,1000000,1209209.12
848,lpush5,1000000,748526.94
848,lrange5,1000000,1190628.62
849,lpush5,1000000,753036.19
849,lrange5,1000000,1122424.25
850,lpush5,1000000,739645.00
850,lrange5,1000000,1182127.62
851,lpush5,1000000,753180.75
851,lrange5,1000000,1152165.88
852,lpush5,1000000,764064.19
852,lrange5,1000000,1175106.88
853,lpush5,1000000,743530.12
853,lrange5,1000000,1164144.38
854,lpush5,1000000,742426.12
854,lrange5,1000000,1046075.38
855,lpush5,1000000,746292.50
855,lrange5,1000000,1155085.50
856,lpush5,1000000,760456.25
856,lrange5,1000000,1145567.00
857,lpush5,1000000,761095.88
857,lrange5,1000000,1175088.12
858,lpush5,1000000,721535.31
858,lrange5,1000000,1168224.25
859,lpush5,1000000,749709.12
859,lrange5,1000000,1140451.62
860,lpush5,1000000,741408.44
860,lrange5,1000000,1153402.50
861,lpush5,1000000,769243.12
861,lrange5,1000000,1158934.00
862,lpush5,1000000,771084.00
862,lrange5,1000000,1194857.75
863,lpush5,1000000,777000.81
863,lrange5,1000000,1146807.38
864,lpush5,1000000,746826.00
864,lrange5,1000000,1187705.50
865,lpush5,1000000,760504.94
865,lrange5,1000000,1219551.25
866,lpush5,1000000,754729.00
866,lrange5,1000000,1103947.00
867,lpush5,1000000,763419.88
867,lrange5,1000000,1183431.88
868,lpush5,1000000,774655.31
868,lrange5,1000000,1200480.12
869,lpush5,1000000,756490.12
869,lrange5,1000000,1170960.25
870,lpush5,1000000,762837.56
870,lrange5,1000000,1158748.62
871,lpush5,1000000,771691.38
871,lrange5,1000000,1194743.12
872,lpush5,1000000,765733.56
872,lrange5,1000000,1202000.00
873,lpush5,1000000,763358.81
873,lrange5,1000000,1145567.00
874,lpush5,1000000,775218.62
874,lrange5,1000000,1161440.12
875,lpush5,1000000,761614.62
875,lrange5,1000000,1189269.88
876,lpush5,1000000,762861.94
876,lrange5,1000000,1168392.50
877,lpush5,1000000,772809.88
877,lrange5,1000000,1197758.12
878,lpush5,1000000,752505.62
878,lrange5,1000000,1087304.38
879,lpush5,1000000,728343.75
879,lrange5,1000000,1126252.25
880,lpush5,1000000,747420.00
880,lrange5,1000000,1154826.75
881,lpush5,1000000,755347.44
881,lrange5,1000000,1190628.62
882,lpush5,1000000,750762.75
882,lrange5,1000000,1192085.88
883,lpush5,1000000,758186.50
883,lrange5,1000000,1178007.12
884,lpush5,1000000,768639.50
884,lrange5,1000000,1191914.25
885,lpush5,1000000,775807.56
885,lrange5,1000000,1175294.88
886,lpush5,1000000,770428.38
886,lrange5,1000000,1148307.75
887,lpush5,1000000,770428.38
887,lrange5,1000000,1196229.62
888,lpush5,1000000,772200.81
888,lrange5,1000000,1180750.88
889,lpush5,1000000,764648.31
889,lrange5,1000000,1186277.62
890,lpush5,1000000,766357.12
890,lrange5,1000000,1228717.38
891,lpush5,1000000,772834.62
891,lrange5,1000000,1206388.38
892,lpush5,1000000,774006.19
892,lrange5,1000000,1200710.62
893,lpush5,1000000,773494.19
893,lrange5,1000000,1206272.62
894,lpush5,1000000,778210.12
894,lrange5,1000000,1200691.50
895,lpush5,1000000,768701.00
895,lrange5,1000000,1207768.12
896,lpush5,1000000,770465.38
896,lrange5,1000000,1200518.62
897,lpush5,1000000,701295.94
897,lrange5,1000000,1182070.88
898,lpush5,1000000,772896.44
898,lrange5,1000000,1180732.00
899,lpush5,1000000,761663.38
899,lrange5,1000000,1131330.25
900,lpush5,1000000,769243.12
900,lrange5,1000000,1168392.50
901,lpush5,1000000,740192.50
901,lrange5,1000000,1164163.00
902,lpush5,1000000,778284.88
902,lrange5,1000000,1187800.50
903,lpush5,1000000,776484.50
903,lrange5,1000000,1150968.88
904,lpush5,1000000,771666.69
904,lrange5,1000000,1212198.75
905,lpush5,1000000,765123.19
905,lrange5,1000000,1186353.50
906,lpush5,1000000,770416.06
906,lrange5,1000000,1196440.12
907,lpush5,1000000,760468.44
907,lrange5,1000000,1142857.12
908,lpush5,1000000,749685.19
908,lrange5,1000000,1196191.38
909,lpush5,1000000,766871.12
909,lrange5,1000000,1182033.12
910,lpush5,1000000,756490.12
910,lrange5,1000000,1194896.00
911,lpush5,1000000,764526.00
911,lrange5,1000000,1204973.50
912,lpush5,1000000,772871.69
912,lrange5,1000000,1212354.00
913,lpush5,1000000,765123.19
913,lrange5,1000000,1165762.25
914,lpush5,1000000,758810.31
914,lrange5,1000000,1200576.25
915,lpush5,1000000,763395.44
915,lrange5,1000000,1190647.62
916,lpush5,1000000,768639.50
916,lrange5,1000000,1175144.50
917,lpush5,1000000,769872.19
917,lrange5,1000000,1183431.88
918,lpush5,1000000,765208.88
918,lrange5,1000000,1206291.88
919,lpush5,1000000,778272.38
919,lrange5,1000000,1190647.62
920,lpush5,1000000,771047.00
920,lrange5,1000000,1203388.75
921,lpush5,1000000,768676.38
921,lrange5,1000000,1157500.00
922,lpush5,1000000,775882.06
922,lrange5,1000000,1152073.75
923,lpush5,1000000,753591.56
923,lrange5,1000000,1173727.75
924,lpush5,1000000,761047.19
924,lrange5,1000000,1127413.75
925,lpush5,1000000,766871.12
925,lrange5,1000000,1177950.50
926,lpush5,1000000,725712.62
926,lrange5,1000000,1183450.88
927,lpush5,1000000,771604.94
927,lrange5,1000000,1160297.00
928,lpush5,1000000,766871.12
928,lrange5,1000000,1183640.25
929,lpush5,1000000,765721.31
929,lrange5,1000000,1186296.62
930,lpush5,1000000,740776.31
930,lrange5,1000000,1091860.25
931,lpush5,1000000,749063.62
931,lrange5,1000000,1126396.38
932,lpush5,1000000,752469.50
932,lrange5,1000000,1165706.38
933,lpush5,1000000,755287.00
933,lrange5,1000000,1186258.62
934,lpush5,1000000,753603.62
934,lrange5,1000000,1183507.62
935,lpush5,1000000,745783.75
935,lrange5,1000000,1173746.50
936,lpush5,1000000,767557.94
936,lrange5,1000000,1176621.12
937,lpush5,1000000,758235.00
937,lrange5,1000000,1167103.88
938,lpush5,1000000,763407.69
938,lrange5,1000000,1196306.12
939,lpush5,1000000,774618.12
939,lrange5,1000000,1166879.88
940,lpush5,1000000,774680.06
940,lrange5,1000000,1059339.00
941,lpush5,1000000,753036.19
941,lrange5,1000000,1157462.88
942,lpush5,1000000,763358.81
942,lrange5,1000000,1149443.62
943,lpush5,1000000,765123.19
943,lrange5,1000000,1116160.62
944,lpush5,1000000,757050.75
944,lrange5,1000000,1197604.88
945,lpush5,1000000,759374.31
945,lrange5,1000000,1153513.25
946,lpush5,1000000,740239.88
946,lrange5,1000000,1176621.12
947,lpush5,1000000,759914.88
947,lrange5,1000000,1200518.62
948,lpush5,1000000,756441.75
948,lrange5,1000000,1206272.62
949,lpush5,1000000,774593.31
949,lrange5,1000000,1186410.50
950,lpush5,1000000,776496.88
950,lrange5,1000000,1154752.88
951,lpush5,1000000,769403.12
951,lrange5,1000000,1187705.50
952,lpush5,1000000,767533.38
952,lrange5,1000000,1191914.25
953,lpush5,1000000,775931.69
953,lrange5,1000000,1187724.50
954,lpush5,1000000,768073.69
954,lrange5,1000000,1165631.75
955,lpush5,1000000,755371.62
955,lrange5,1000000,1172539.25
956,lpush5,1000000,772871.69
956,lrange5,1000000,1184910.00
957,lpush5,1000000,774618.12
957,lrange5,1000000,1182184.38
958,lpush5,1000000,782485.12
958,lrange5,1000000,1124877.38
959,lpush5,1000000,656178.44
959,lrange5,1000000,1194934.25
960,lpush5,1000000,771617.31
960,lrange5,1000000,1197681.50
961,lpush5,1000000,757147.62
961,lrange5,1000000,1164163.00
962,lpush5,1000000,772336.69
962,lrange5,1000000,1175088.12
963,lpush5,1000000,771617.31
963,lrange5,1000000,1206465.62
964,lpush5,1000000,765758.06
964,lrange5,1000000,1212179.38
965,lpush5,1000000,784351.38
965,lrange5,1000000,1170997.75
966,lpush5,1000000,769835.25
966,lrange5,1000000,1171016.38
967,lpush5,1000000,775231.00
967,lrange5,1000000,1204973.50
968,lpush5,1000000,770428.38
968,lrange5,1000000,1183564.50
969,lpush5,1000000,747503.69
969,lrange5,1000000,1164181.62
970,lpush5,1000000,777729.38
970,lrange5,1000000,1193508.38
971,lpush5,1000000,754741.12
971,lrange5,1000000,1215164.00
972,lpush5,1000000,755383.69
972,lrange5,1000000,1199309.38
973,lpush5,1000000,762195.12
973,lrange5,1000000,1197796.50
974,lpush5,1000000,769822.94
974,lrange5,1000000,1213747.62
975,lpush5,1000000,773506.56
975,lrange5,1000000,1203485.00
976,lpush5,1000000,771703.69
976,lrange5,1000000,1210944.38
977,lpush5,1000000,771022.31
977,lrange5,1000000,1215164.00
978,lpush5,1000000,745216.06
978,lrange5,1000000,1206369.12
979,lpush5,1000000,780081.19
979,lrange5,1000000,1194934.25
980,lpush5,1000000,772287.31
980,lrange5,1000000,1196191.38
981,lpush5,1000000,772945.88
981,lrange5,1000000,1212218.25
982,lpush5,1000000,774593.31
982,lrange5,1000000,1164163.00
983,lpush5,1000000,769243.12
983,lrange5,1000000,1213650.50
984,lpush5,1000000,768049.12
984,lrange5,1000000,1172370.50
985,lpush5,1000000,753132.56
985,lrange5,1000000,1135092.00
986,lpush5,1000000,744059.56
986,lrange5,1000000,1137820.25
987,lpush5,1000000,759422.94
987,lrange5,1000000,1177875.12
988,lpush5,1000000,757014.38
988,lrange5,1000000,1184853.12
989,lpush5,1000000,776496.88
989,lrange5,1000000,1020489.75
990,lpush5,1000000,741875.31
990,lrange5,1000000,1186239.62
991,lpush5,1000000,761626.81
991,lrange5,1000000,1200537.75
992,lpush5,1000000,757002.31
992,lrange5,1000000,1187800.50
993,lpush5,1000000,766871.12
993,lrange5,1000000,1197719.75
994,lpush5,1000000,754196.06
994,lrange5,1000000,1193355.62
995,lpush5,1000000,752445.44
995,lrange5,1000000,1185137.50
996,lpush5,1000000,745795.69
996,lrange5,1000000,1160167.12
997,lpush5,1000000,746945.50
997,lrange5,1000000,1157537.00
998,lpush5,1000000,747455.88
998,lrange5,1000000,1080069.12
999,lpush5,1000000,765819.31
999,lrange5,1000000,1182127.62
1000,lpush5,1000000,770563.94
1000,lrange5,1000000,1179434.00
1001,lpush5,1000000,763395.44
1001,lrange5,1000000,1182127.62
1002,lpush5,1000000,769921.44
1002,lrange5,1000000,1169702.88
1003,lpush5,1000000,777137.56
1003,lrange5,1000000,1185023.75
1004,lpush5,1000000,775218.62
1004,lrange5,1000000,1199098.38
1005,lpush5,1000000,774593.31
1005,lrange5,1000000,1189155.75
1006,lpush5,1000000,763990.81
1006,lrange5,1000000,1141589.00
1007,lpush5,1000000,772797.50
1007,lrange5,1000000,1196344.50
1008,lpush5,1000000,772797.50
1008,lrange5,1000000,1204973.50
1009,lpush5,1000000,772200.81
1009,lrange5,1000000,1160259.88
1010,lpush5,1000000,773444.69
1010,lrange5,1000000,1148105.62
1011,lpush5,1000000,761651.19
1011,lrange5,1000000,1137783.88
1012,lpush5,1000000,730518.62
1012,lrange5,1000000,1161533.12
1013,lpush5,1000000,726744.19
1013,lrange5,1000000,1126162.12
1014,lpush5,1000000,775231.00
1014,lrange5,1000000,1203600.50
1015,lpush5,1000000,765245.56
1015,lrange5,1000000,1130160.50
1016,lpush5,1000000,764538.25
1016,lrange5,1000000,1154863.75
1017,lpush5,1000000,765709.06
1017,lrange5,1000000,1152202.75
1018,lpush5,1000000,754208.19
1018,lrange5,1000000,1170960.25
1019,lpush5,1000000,762231.69
1019,lrange5,1000000,1160259.88
1020,lpush5,1000000,743001.50
1020,lrange5,1000000,1149462.12
1021,lpush5,1000000,728355.44
1021,lrange5,1000000,1071931.38
1022,lpush5,1000000,739716.00
1022,lrange5,1000000,1194896.00
1023,lpush5,1000000,759471.50
1023,lrange5,1000000,1177988.25
1024,lpush5,1000000,733219.94
1024,lrange5,1000000,1010149.50
1025,lpush5,1000000,727860.31
1025,lrange5,1000000,1123739.38
1026,lpush5,1000000,768688.69
1026,lrange5,1000000,1186258.62
1027,lpush5,1000000,774618.12
1027,lrange5,1000000,1203639.00
1028,lpush5,1000000,773432.31
1028,lrange5,1000000,1192028.62
1029,lpush5,1000000,770490.00
1029,lrange5,1000000,1200499.38
1030,lpush5,1000000,771059.31
1030,lrange5,1000000,1190590.50
1031,lpush5,1000000,739727.81
1031,lrange5,1000000,1091755.50
1032,lpush5,1000000,761083.69
1032,lrange5,1000000,1190685.75
1033,lpush5,1000000,765745.81
1033,lrange5,1000000,1118568.25
1034,lpush5,1000000,772287.31
1034,lrange5,1000000,1199098.38
1035,lpush5,1000000,771617.31
1035,lrange5,1000000,1180750.88
1036,lpush5,1000000,774055.69
1036,lrange5,1000000,1192200.25
1037,lpush5,1000000,754873.94
1037,lrange5,1000000,1166861.12
1038,lpush5,1000000,757672.69
1038,lrange5,1000000,1183602.38
1039,lpush5,1000000,725232.81
1039,lrange5,1000000,1165669.00
1040,lpush5,1000000,770465.38
1040,lrange5,1000000,1203369.50
1041,lpush5,1000000,768713.31
1041,lrange5,1000000,1206349.88
1042,lpush5,1000000,763371.00
1042,lrange5,1000000,1179358.50
1043,lpush5,1000000,771084.00
1043,lrange5,1000000,1179301.88
1044,lpush5,1000000,755311.19
1044,lrange5,1000000,1187914.50
1045,lpush5,1000000,744047.62
1045,lrange5,1000000,1173765.25
1046,lpush5,1000000,773993.75
1046,lrange5,1000000,1172445.50
1047,lpush5,1000000,758174.38
1047,lrange5,1000000,1165743.62
1048,lpush5,1000000,766932.50
1048,lrange5,1000000,1183431.88
1049,lpush5,1000000,775844.81
1049,lrange5,1000000,1171185.00
1050,lpush5,1000000,762849.75
1050,lrange5,1000000,1180713.12
1051,lpush5,1000000,758198.62
1051,lrange5,1000000,1194972.50
1052,lpush5,1000000,708306.00
1052,lrange5,1000000,1145512.00
1053,lpush5,1000000,670819.56
1053,lrange5,1000000,1121112.12
1054,lpush5,1000000,731599.12
1054,lrange5,1000000,1150876.88
1055,lpush5,1000000,768159.75
1055,lrange5,1000000,1200499.38
1056,lpush5,1000000,768787.06
1056,lrange5,1000000,1119856.62
1057,lpush5,1000000,765709.06
1057,lrange5,1000000,1171278.75
1058,lpush5,1000000,766895.69
1058,lrange5,1000000,1165501.25
1059,lpush5,1000000,743013.38
1059,lrange5,1000000,1179547.12
1060,lpush5,1000000,766957.06
1060,lrange5,1000000,1119982.12
1061,lpush5,1000000,743506.31
1061,lrange5,1000000,1170979.00
1062,lpush5,1000000,765721.31
1062,lrange5,1000000,1194743.12
1063,lpush5,1000000,754789.44
1063,lrange5,1000000,1131402.75
1064,lpush5,1000000,767055.19
1064,lrange5,1000000,1194934.25
1065,lpush5,1000000,765880.56
1065,lrange5,1000000,1173765.25
1066,lpush5,1000000,763444.31
1066,lrange5,1000000,1209267.25
1067,lpush5,1000000,764562.69
1067,lrange5,1000000,1090652.12
1068,lpush5,1000000,742509.25
1068,lrange5,1000000,1197739.00
1069,lpush5,1000000,774655.31
1069,lrange5,1000000,1182279.00
1070,lpush5,1000000,755359.50
1070,lrange5,1000000,1187724.50
1071,lpush5,1000000,765782.56
1071,lrange5,1000000,1196172.25
1072,lpush5,1000000,762304.88
1072,lrange5,1000000,1196229.62
1073,lpush5,1000000,758235.00
1073,lrange5,1000000,1185061.62
1074,lpush5,1000000,759325.75
1074,lrange5,1000000,1160111.38
1075,lpush5,1000000,755287.00
1075,lrange5,1000000,1179415.12
1076,lpush5,1000000,766993.88
1076,lrange5,1000000,1144201.38
1077,lpush5,1000000,744285.75
1077,lrange5,1000000,1150932.12
1078,lpush5,1000000,761083.69
1078,lrange5,1000000,1197643.12
1079,lpush5,1000000,763371.00
1079,lrange5,1000000,1176696.50
1080,lpush5,1000000,751879.69
1080,lrange5,1000000,1200576.25
1081,lpush5,1000000,767484.31
1081,lrange5,1000000,1186429.38
1082,lpush5,1000000,753736.25
1082,lrange5,1000000,1071862.75
1083,lpush5,1000000,727813.69
1083,lrange5,1000000,1109966.62
1084,lpush5,1000000,710272.75
1084,lrange5,1000000,1092896.12
1085,lpush5,1000000,738007.38
1085,lrange5,1000000,1138970.38
1086,lpush5,1000000,766357.12
1086,lrange5,1000000,1189098.62
1087,lpush5,1000000,774068.06
1087,lrange5,1000000,1157425.88
1088,lpush5,1000000,766920.25
1088,lrange5,1000000,1157462.88
1089,lpush5,1000000,758737.50
1089,lrange5,1000000,1201980.75
1090,lpush5,1000000,694938.12
1090,lrange5,1000000,1166991.88
1091,lpush5,1000000,742449.88
1091,lrange5,1000000,1186448.38
1092,lpush5,1000000,730483.56
1092,lrange5,1000000,1172408.00
1093,lpush5,1000000,724182.44
1093,lrange5,1000000,1169628.00
1094,lpush5,1000000,766320.31
1094,lrange5,1000000,1182033.12
1095,lpush5,1000000,771679.00
1095,lrange5,1000000,1187800.50
1096,lpush5,1000000,748014.94
1096,lrange5,1000000,1194934.25
1097,lpush5,1000000,763358.81
1097,lrange5,1000000,1154863.75
1098,lpush5,1000000,759325.75
1098,lrange5,1000000,1184910.00
1099,lpush5,1000000,766283.56
1099,lrange5,1000000,1204838.62
1100,lpush5,1000000,767508.81
1100,lrange5,1000000,1182089.88
1101,lpush5,1000000,773481.81
1101,lrange5,1000000,1202019.25
1102,lpush5,1000000,778210.12
1102,lrange5,1000000,1153457.88
1103,lpush5,1000000,782472.62
1103,lrange5,1000000,1162939.50
1104,lpush5,1000000,759951.38
1104,lrange5,1000000,1150766.38
1105,lpush5,1000000,762207.31
1105,lrange5,1000000,1194838.75
1106,lpush5,1000000,774593.31
1106,lrange5,1000000,1212315.12
1107,lpush5,1000000,744071.44
1107,lrange5,1000000,1193317.38
1108,lpush5,1000000,773395.19
1108,lrange5,1000000,1178044.75
1109,lpush5,1000000,776472.06
1109,lrange5,1000000,1150784.75
1110,lpush5,1000000,766993.88
1110,lrange5,1000000,1203369.50
1111,lpush5,1000000,771034.69
1111,lrange5,1000000,970025.19
1112,lpush5,1000000,674817.81
1112,lrange5,1000000,1126234.25
1113,lpush5,1000000,722021.69
1113,lrange5,1000000,1098901.12
1114,lpush5,1000000,713358.06
1114,lrange5,1000000,1133786.75
1115,lpush5,1000000,773395.19
1115,lrange5,1000000,1182297.88
1116,lpush5,1000000,772299.62
1116,lrange5,1000000,1200576.25
1117,lpush5,1000000,737474.94
1117,lrange5,1000000,1179396.25
1118,lpush5,1000000,777063.00
1118,lrange5,1000000,1148124.00
1119,lpush5,1000000,774593.31
1119,lrange5,1000000,1199271.00
1120,lpush5,1000000,763383.25
1120,lrange5,1000000,1184947.88
1121,lpush5,1000000,769255.44
1121,lrange5,1000000,1192028.62
1122,lpush5,1000000,773993.75
1122,lrange5,1000000,1164293.38
1123,lpush5,1000000,746352.25
1123,lrange5,1000000,1191971.38
1124,lpush5,1000000,759313.56
1124,lrange5,1000000,1204992.75
1125,lpush5,1000000,777038.12
1125,lrange5,1000000,1165687.62
1126,lpush5,1000000,775206.25
1126,lrange5,1000000,1165557.12
1127,lpush5,1000000,750199.56
1127,lrange5,1000000,1110091.00
1128,lpush5,1000000,748610.81
1128,lrange5,1000000,1175163.38
1129,lpush5,1000000,772797.50
1129,lrange5,1000000,1194915.12
1130,lpush5,1000000,765184.38
1130,lrange5,1000000,1199117.50
1131,lpush5,1000000,757232.44
1131,lrange5,1000000,1207768.12
1132,lpush5,1000000,766393.88
1132,lrange5,1000000,1186334.50
1133,lpush5,1000000,778816.19
1133,lrange5,1000000,1202019.25
1134,lpush5,1000000,770416.06
1134,lrange5,1000000,1190552.38
1135,lpush5,1000000,752577.88
1135,lrange5,1000000,1199232.62
1136,lpush5,1000000,759890.56
1136,lrange5,1000000,1164293.38
1137,lpush5,1000000,773494.19
1137,lrange5,1000000,1193508.38
1138,lpush5,1000000,773481.81
1138,lrange5,1000000,1137692.88
1139,lpush5,1000000,772349.06
1139,lrange5,1000000,1164256.12
1140,lpush5,1000000,777038.12
1140,lrange5,1000000,1209209.12
1141,lpush5,1000000,765233.31
1141,lrange5,1000000,1193374.75
1142,lpush5,1000000,770416.06
1142,lrange5,1000000,1202019.25
1143,lpush5,1000000,777704.50
1143,lrange5,1000000,1196478.38
1144,lpush5,1000000,771034.69
1144,lrange5,1000000,1144311.25
1145,lpush5,1000000,775280.62
1145,lrange5,1000000,1204857.88
1146,lpush5,1000000,774593.31
1146,lrange5,1000000,1207729.50
1147,lpush5,1000000,786289.31
1147,lrange5,1000000,1203369.50
1148,lpush5,1000000,761663.38
1148,lrange5,1000000,1203427.25
1149,lpush5,1000000,754825.62
1149,lrange5,1000000,1210692.50
1150,lpush5,1000000,780677.56
1150,lrange5,1000000,1209518.75
1151,lpush5,1000000,775807.56
1151,lrange5,1000000,1203504.25
1152,lpush5,1000000,776509.31
1152,lrange5,1000000,1190533.38
1153,lpush5,1000000,780677.56
1153,lrange5,1000000,1169759.00
1154,lpush5,1000000,768086.00
1154,lrange5,1000000,1172408.00
1155,lpush5,1000000,773395.19
1155,lrange5,1000000,1199079.12
1156,lpush5,1000000,761639.00
1156,lrange5,1000000,1184891.00
1157,lpush5,1000000,764027.50
1157,lrange5,1000000,1213611.62
1158,lpush5,1000000,725724.25
1158,lrange5,1000000,1139152.62
1159,lpush5,1000000,755335.38
1159,lrange5,1000000,1126270.25
1160,lpush5,1000000,746837.94
1160,lrange5,1000000,1122370.38
1161,lpush5,1000000,770440.69
1161,lrange5,1000000,1178063.62
1162,lpush5,1000000,764526.00
1162,lrange5,1000000,1168654.25
1163,lpush5,1000000,747955.12
1163,lrange5,1000000,1136363.62
1164,lpush5,1000000,740811.81
1164,lrange5,1000000,1172408.00
1165,lpush5,1000000,759301.44
1165,lrange5,1000000,1133877.50
1166,lpush5,1000000,758283.56
1166,lrange5,1000000,1136509.12
1167,lpush5,1000000,758773.94
1167,lrange5,1000000,1132557.12
1168,lpush5,1000000,744601.62
1168,lrange5,1000000,1191895.12
1169,lpush5,1000000,769292.31
1169,lrange5,1000000,1186448.38
1170,lpush5,1000000,770453.00
1170,lrange5,1000000,1164200.25
1171,lpush5,1000000,756478.06
1171,lrange5,1000000,1168373.88
1172,lpush5,1000000,758150.12
1172,lrange5,1000000,1191895.12
1173,lpush5,1000000,742390.50
1173,lrange5,1000000,1192200.25
1174,lpush5,1000000,774667.69
1174,lrange5,1000000,1206272.62
1175,lpush5,1000000,736978.62
1175,lrange5,1000000,1203369.50
1176,lpush5,1000000,754789.44
1176,lrange5,1000000,1165706.38
1177,lpush5,1000000,775919.31
1177,lrange5,1000000,1194781.38
1178,lpush5,1000000,761071.50
1178,lrange5,1000000,1095342.88
1179,lpush5,1000000,737474.94
1179,lrange5,1000000,1160222.75
1180,lpush5,1000000,626566.44
1180,lrange5,1000000,1013187.44
1181,lpush5,1000000,696434.56
1181,lrange5,1000000,1173859.12
1182,lpush5,1000000,742521.19
1182,lrange5,1000000,1055966.12
1183,lpush5,1000000,760456.25
1183,lrange5,1000000,1156087.88
1184,lpush5,1000000,751963.88
1184,lrange5,1000000,1108842.50
1185,lpush5,1000000,732635.88
1185,lrange5,1000000,1167047.88
1186,lpush5,1000000,757575.75
1186,lrange5,1000000,1149425.25
1187,lpush5,1000000,763954.12
1187,lrange5,1000000,1140451.62
1188,lpush5,1000000,749697.12
1188,lrange5,1000000,1100303.62
1189,lpush5,1000000,741851.62
1189,lrange5,1000000,1160092.88
1190,lpush5,1000000,755383.69
1190,lrange5,1000000,1158804.25
1191,lpush5,1000000,766895.69
1191,lrange5,1000000,1172614.38
1192,lpush5,1000000,762788.69
1192,lrange5,1000000,1144292.88
1193,lpush5,1000000,758210.75
1193,lrange5,1000000,1203465.75
1194,lpush5,1000000,765208.88
1194,lrange5,1000000,1119856.62
1195,lpush5,1000000,766871.12
1195,lrange5,1000000,1164163.00
1196,lpush5,1000000,768651.81
1196,lrange5,1000000,1207768.12
1197,lpush5,1000000,763371.00
1197,lrange5,1000000,1122460.25
1198,lpush5,1000000,737025.81
1198,lrange5,1000000,1180769.75
1199,lpush5,1000000,761095.88
1199,lrange5,1000000,1177856.38
1200,lpush5,1000000,765110.94
1200,lrange5,1000000,1190476.25
1201,lpush5,1000000,768750.19
1201,lrange5,1000000,1161458.75
1202,lpush5,1000000,754789.44
1202,lrange5,1000000,1154863.75
1203,lpush5,1000000,772822.25
1203,lrange5,1000000,1190533.38
1204,lpush5,1000000,717909.56
1204,lrange5,1000000,1193412.88
1205,lpush5,1000000,750762.75
1205,lrange5,1000000,1187724.50
1206,lpush5,1000000,771604.94
1206,lrange5,1000000,1172351.75
1207,lpush5,1000000,757014.38
1207,lrange5,1000000,1213728.12
1208,lpush5,1000000,780043.69
1208,lrange5,1000000,1156217.38
1209,lpush5,1000000,749159.50
1209,lrange5,1000000,1116428.50
1210,lpush5,1000000,768049.12
1210,lrange5,1000000,1193451.12
1211,lpush5,1000000,753072.31
1211,lrange5,1000000,1160167.12
1212,lpush5,1000000,753024.12
1212,lrange5,1000000,1193451.12
1213,lpush5,1000000,744601.62
1213,lrange5,1000000,1201923.00
1214,lpush5,1000000,766883.44
1214,lrange5,1000000,1153421.00
1215,lpush5,1000000,771096.38
1215,lrange5,1000000,1184853.12
1216,lpush5,1000000,766944.75
1216,lrange5,1000000,1211060.62
1217,lpush5,1000000,775832.44
1217,lrange5,1000000,1197739.00
1218,lpush5,1000000,750798.81
1218,lrange5,1000000,1166935.88
1219,lpush5,1000000,771034.69
1219,lrange5,1000000,1145530.38
1220,lpush5,1000000,740752.56
1220,lrange5,1000000,1175257.38
1221,lpush5,1000000,746435.81
1221,lrange5,1000000,1132665.88
1222,lpush5,1000000,762788.69
1222,lrange5,1000000,1142912.00
1223,lpush5,1000000,775255.81
1223,lrange5,1000000,1196191.38
1224,lpush5,1000000,773993.75
1224,lrange5,1000000,1180637.50
1225,lpush5,1000000,730032.12
1225,lrange5,1000000,1136436.38
1226,lpush5,1000000,751362.88
1226,lrange5,1000000,1171072.62
1227,lpush5,1000000,733137.88
1227,lrange5,1000000,1177969.38
1228,lpush5,1000000,772213.12
1228,lrange5,1000000,1159063.75
1229,lpush5,1000000,726332.62
1229,lrange5,1000000,1135255.38
1230,lpush5,1000000,762849.75
1230,lrange5,1000000,956999.06
1231,lpush5,1000000,750271.62
1231,lrange5,1000000,1156143.38
1232,lpush5,1000000,751879.69
1232,lrange5,1000000,1168355.12
1233,lpush5,1000000,775255.81
1233,lrange5,1000000,1149590.75
1234,lpush5,1000000,760480.56
1234,lrange5,1000000,1190533.38
1235,lpush5,1000000,768073.69
1235,lrange5,1000000,1204896.38
1236,lpush5,1000000,750798.81
1236,lrange5,1000000,1197624.00
1237,lpush5,1000000,775931.69
1237,lrange5,1000000,1200672.25
1238,lpush5,1000000,780106.12
1238,lrange5,1000000,1191933.25
1239,lpush5,1000000,777604.94
1239,lrange5,1000000,1197681.50
1240,lpush5,1000000,769304.62
1240,lrange5,1000000,1186239.62
1241,lpush5,1000000,757648.44
1241,lrange5,1000000,1203446.50
1242,lpush5,1000000,770453.00
1242,lrange5,1000000,1199060.00
1243,lpush5,1000000,753144.62
1243,lrange5,1000000,1204992.75
1244,lpush5,1000000,783185.62
1244,lrange5,1000000,1218182.75
1245,lpush5,1000000,771716.06
1245,lrange5,1000000,1166935.88
1246,lpush5,1000000,776434.81
1246,lrange5,1000000,1180713.12
1247,lpush5,1000000,767594.81
1247,lrange5,1000000,1161663.12
1248,lpush5,1000000,770130.88
1248,lrange5,1000000,1196421.00
1249,lpush5,1000000,776397.50
1249,lrange5,1000000,1192047.75
1250,lpush5,1000000,757684.81
1250,lrange5,1000000,1187648.50
1251,lpush5,1000000,766320.31
1251,lrange5,1000000,1191914.25
1252,lpush5,1000000,764562.69
1252,lrange5,1000000,1199040.75
1253,lpush5,1000000,763954.12
1253,lrange5,1000000,1197758.12
1254,lpush5,1000000,774006.19
1254,lrange5,1000000,1177856.38
1255,lpush5,1000000,751386.94
1255,lrange5,1000000,1179434.00
1256,lpush5,1000000,772200.81
1256,lrange5,1000000,1118711.38
1257,lpush5,1000000,737533.94
1257,lrange5,1000000,1131294.12
1258,lpush5,1000000,727330.94
1258,lrange5,1000000,1164200.25
1259,lpush5,1000000,751891.69
1259,lrange5,1000000,947943.19
1260,lpush5,1000000,654983.62
1260,lrange5,1000000,1168429.88
1261,lpush5,1000000,757648.44
1261,lrange5,1000000,1172558.00
1262,lpush5,1000000,757026.50
1262,lrange5,1000000,1158767.12
1263,lpush5,1000000,754147.81
1263,lrange5,1000000,1168299.00
1264,lpush5,1000000,722079.44
1264,lrange5,1000000,1193470.12
1265,lpush5,1000000,767570.25
1265,lrange5,1000000,1187838.50
1266,lpush5,1000000,739692.31
1266,lrange5,1000000,1073047.25
1267,lpush5,1000000,686835.19
1267,lrange5,1000000,1069535.88
1268,lpush5,1000000,744625.44
1268,lrange5,1000000,1161514.50
1269,lpush5,1000000,749111.56
1269,lrange5,1000000,1141753.50
1270,lpush5,1000000,747967.06
1270,lrange5,1000000,1137765.62
1271,lpush5,1000000,761675.56
1271,lrange5,1000000,1075492.50
1272,lpush5,1000000,660959.69
1272,lrange5,1000000,1136363.62
1273,lpush5,1000000,739727.81
1273,lrange5,1000000,1176527.00
1274,lpush5,1000000,740740.75
1274,lrange5,1000000,1190647.62
1275,lpush5,1000000,747491.75
1275,lrange5,1000000,1190495.25
1276,lpush5,1000000,749087.62
1276,lrange5,1000000,1184834.12
1277,lpush5,1000000,726848.81
1277,lrange5,1000000,1116285.62
1278,lpush5,1000000,768122.88
1278,lrange5,1000000,1202038.38
1279,lpush5,1000000,752505.62
1279,lrange5,1000000,1172408.00
1280,lpush5,1000000,764587.19
1280,lrange5,1000000,1190647.62
1281,lpush5,1000000,754716.94
1281,lrange5,1000000,1173821.62
1282,lpush5,1000000,741361.00
1282,lrange5,1000000,1207942.00
1283,lpush5,1000000,732600.75
1283,lrange5,1000000,1199213.50
1284,lpush5,1000000,757672.69
1284,lrange5,1000000,1089568.62
1285,lpush5,1000000,752000.00
1285,lrange5,1000000,1186239.62
1286,lpush5,1000000,758846.75
1286,lrange5,1000000,1129997.75
1287,lpush5,1000000,767459.75
1287,lrange5,1000000,1194743.12
1288,lpush5,1000000,768713.31
1288,lrange5,1000000,1178063.62
1289,lpush5,1000000,762886.38
1289,lrange5,1000000,1209305.88
1290,lpush5,1000000,770440.69
1290,lrange5,1000000,1189269.88
1291,lpush5,1000000,759374.31
1291,lrange5,1000000,1209189.75
1292,lpush5,1000000,770465.38
1292,lrange5,1000000,1184853.12
1293,lpush5,1000000,757636.31
1293,lrange5,1000000,1109984.38
1294,lpush5,1000000,765745.81
1294,lrange5,1000000,1158915.50
1295,lpush5,1000000,762886.38
1295,lrange5,1000000,1209189.75
1296,lpush5,1000000,755966.75
1296,lrange5,1000000,1171110.12
1297,lpush5,1000000,761181.12
1297,lrange5,1000000,1141753.50
1298,lpush5,1000000,765696.81
1298,lrange5,1000000,1193393.75
1299,lpush5,1000000,762886.38
1299,lrange5,1000000,1168336.50
1300,lpush5,1000000,690629.88
1300,lrange5,1000000,1020587.75
1301,lpush5,1000000,763432.12
1301,lrange5,1000000,1113746.12
1302,lpush5,1000000,601809.88
1302,lrange5,1000000,1019433.25
1303,lpush5,1000000,669035.44
1303,lrange5,1000000,1128686.25
1304,lpush5,1000000,746316.38
1304,lrange5,1000000,1141771.75
1305,lpush5,1000000,720980.56
1305,lrange5,1000000,1127485.88
1306,lpush5,1000000,711237.56
1306,lrange5,1000000,1085880.50
1307,lpush5,1000000,751398.94
1307,lrange5,1000000,1203485.00
1308,lpush5,1000000,746826.00
1308,lrange5,1000000,1173934.25
1309,lpush5,1000000,735294.12
1309,lrange5,1000000,1158785.62
1310,lpush5,1000000,760492.75
1310,lrange5,1000000,1161588.88
1311,lpush5,1000000,765221.06
1311,lrange5,1000000,1158841.25
1312,lpush5,1000000,754184.00
1312,lrange5,1000000,1133986.38
1313,lpush5,1000000,772797.50
1313,lrange5,1000000,1206484.88
1314,lpush5,1000000,758737.50
1314,lrange5,1000000,1168486.00
1315,lpush5,1000000,766871.12
1315,lrange5,1000000,1197643.12
1316,lpush5,1000000,770477.69
1316,lrange5,1000000,1165538.50
1317,lpush5,1000000,750894.88
1317,lrange5,1000000,1172370.50
1318,lpush5,1000000,760577.94
1318,lrange5,1000000,1173859.12
1319,lpush5,1000000,771617.31
1319,lrange5,1000000,1158767.12
1320,lpush5,1000000,770490.00
1320,lrange5,1000000,1172501.75
1321,lpush5,1000000,732635.88
1321,lrange5,1000000,1157518.50
1322,lpush5,1000000,765110.94
1322,lrange5,1000000,1212160.00
1323,lpush5,1000000,753651.81
1323,lrange5,1000000,1168243.00
1324,lpush5,1000000,772274.94
1324,lrange5,1000000,1130088.12
1325,lpush5,1000000,755323.25
1325,lrange5,1000000,1153439.50
1326,lpush5,1000000,746304.44
1326,lrange5,1000000,1098901.12
1327,lpush5,1000000,743506.31
1327,lrange5,1000000,1084720.12
1328,lpush5,1000000,726779.06
1328,lrange5,1000000,1154752.88
1329,lpush5,1000000,702875.62
1329,lrange5,1000000,1156087.88
1330,lpush5,1000000,753663.88
1330,lrange5,1000000,1143040.00
1331,lpush5,1000000,752541.75
1331,lrange5,1000000,1193317.38
1332,lpush5,1000000,733161.31
1332,lrange5,1000000,1162902.25
1333,lpush5,1000000,758235.00
1333,lrange5,1000000,1103805.75
1334,lpush5,1000000,751350.88
1334,lrange5,1000000,1157537.00
1335,lpush5,1000000,759927.06
1335,lrange5,1000000,1186239.62
1336,lpush5,1000000,759362.19
1336,lrange5,1000000,1136490.88
1337,lpush5,1000000,742426.12
1337,lrange5,1000000,1176470.50
1338,lpush5,1000000,765696.81
1338,lrange5,1000000,1193527.50
1339,lpush5,1000000,746316.38
1339,lrange5,1000000,1165631.75
1340,lpush5,1000000,710261.38
1340,lrange5,1000000,1150784.75
1341,lpush5,1000000,750187.56
1341,lrange5,1000000,1126162.12
1342,lpush5,1000000,760565.75
1342,lrange5,1000000,1128812.62
1343,lpush5,1000000,723612.19
1343,lrange5,1000000,1129155.75
1344,lpush5,1000000,696423.38
1344,lrange5,1000000,909120.00
1345,lpush5,1000000,723589.00
1345,lrange5,1000000,1061707.00
1346,lpush5,1000000,730148.88
1346,lrange5,1000000,1141570.75
1347,lpush5,1000000,734296.62
1347,lrange5,1000000,1160259.88
1348,lpush5,1000000,738066.44
1348,lrange5,1000000,1158934.00
1349,lpush5,1000000,755299.06
1349,lrange5,1000000,1127738.38
1350,lpush5,1000000,664526.25
1350,lrange5,1000000,1094091.88
1351,lpush5,1000000,761144.56
1351,lrange5,1000000,1156069.38
1352,lpush5,1000000,754232.31
1352,lrange5,1000000,1152258.12
1353,lpush5,1000000,746328.31
1353,lrange5,1000000,1150895.25
1354,lpush5,1000000,759890.56
1354,lrange5,1000000,1024770.50
1355,lpush5,1000000,751314.81
1355,lrange5,1000000,1161440.12
1356,lpush5,1000000,757099.19
1356,lrange5,1000000,1175088.12
1357,lpush5,1000000,747539.56
1357,lrange5,1000000,1192047.75
1358,lpush5,1000000,751987.94
1358,lrange5,1000000,1162883.75
1359,lpush5,1000000,744696.94
1359,lrange5,1000000,1156217.38
1360,lpush5,1000000,733699.19
1360,lrange5,1000000,1172464.25
1361,lpush5,1000000,753639.75
1361,lrange5,1000000,1088174.12
1362,lpush5,1000000,743025.31
1362,lrange5,1000000,1116071.38
1363,lpush5,1000000,743506.31
1363,lrange5,1000000,1093158.50
1364,lpush5,1000000,749649.19
1364,lrange5,1000000,1169590.62
1365,lpush5,1000000,710261.38
1365,lrange5,1000000,1184966.88
1366,lpush5,1000000,756490.12
1366,lrange5,1000000,1194857.75
1367,lpush5,1000000,754208.19
1367,lrange5,1000000,1171185.00
1368,lpush5,1000000,738019.19
1368,lrange5,1000000,1152202.75
1369,lpush5,1000000,754753.19
1369,lrange5,1000000,1172576.75
1370,lpush5,1000000,754268.50
1370,lrange5,1000000,1154863.75
1371,lpush5,1000000,762837.56
1371,lrange5,1000000,1172370.50
1372,lpush5,1000000,750283.62
1372,lrange5,1000000,1141552.50
1373,lpush5,1000000,751987.94
1373,lrange5,1000000,1177969.38
1374,lpush5,1000000,758174.38
1374,lrange5,1000000,1177856.38
1375,lpush5,1000000,752000.00
1375,lrange5,1000000,1102553.50
1376,lpush5,1000000,722056.31
1376,lrange5,1000000,1061741.00
1377,lpush5,1000000,742485.50
1377,lrange5,1000000,1189288.88
1378,lpush5,1000000,735917.62
1378,lrange5,1000000,1187838.50
1379,lpush5,1000000,765110.94
1379,lrange5,1000000,1161458.75
1380,lpush5,1000000,777075.38
1380,lrange5,1000000,1177856.38
1381,lpush5,1000000,750858.88
1381,lrange5,1000000,1127467.88
1382,lpush5,1000000,738042.81
1382,lrange5,1000000,1149609.25
1383,lpush5,1000000,755857.94
1383,lrange5,1000000,1184928.88
1384,lpush5,1000000,749075.62
1384,lrange5,1000000,1131511.25
1385,lpush5,1000000,765709.06
1385,lrange5,1000000,1168523.38
1386,lpush5,1000000,729417.94
1386,lrange5,1000000,1172389.25
1387,lpush5,1000000,753579.50
1387,lrange5,1000000,1126216.25
1388,lpush5,1000000,660959.69
1388,lrange5,1000000,1073012.88
1389,lpush5,1000000,759914.88
1389,lrange5,1000000,1186277.62
1390,lpush5,1000000,727813.69
1390,lrange5,1000000,1097694.88
1391,lpush5,1000000,750834.81
1391,lrange5,1000000,1180883.12
1392,lpush5,1000000,754765.25
1392,lrange5,1000000,1146789.00
1393,lpush5,1000000,760492.75
1393,lrange5,1000000,1172370.50
1394,lpush5,1000000,763432.12
1394,lrange5,1000000,1124877.38
1395,lpush5,1000000,755978.88
1395,lrange5,1000000,1110055.50
1396,lpush5,1000000,729927.00
1396,lrange5,1000000,1171222.50
1397,lpush5,1000000,760517.06
1397,lrange5,1000000,1187743.50
1398,lpush5,1000000,748562.88
1398,lrange5,1000000,1184891.00
1399,lpush5,1000000,758259.31
1399,lrange5,1000000,1117318.50
1400,lpush5,1000000,729394.56
1400,lrange5,1000000,1179490.62
1401,lpush5,1000000,750259.62
1401,lrange5,1000000,1165557.12
1402,lpush5,1000000,748515.00
1402,lrange5,1000000,1165725.00
1403,lpush5,1000000,761132.44
1403,lrange5,1000000,1152405.62
1404,lpush5,1000000,760504.94
1404,lrange5,1000000,1144292.88
1405,lpush5,1000000,766907.94
1405,lrange5,1000000,1141589.00
1406,lpush5,1000000,761095.88
1406,lrange5,1000000,1158748.62
1407,lpush5,1000000,757062.81
1407,lrange5,1000000,1183602.38
1408,lpush5,1000000,763954.12
1408,lrange5,1000000,1168467.25
1409,lpush5,1000000,746316.38
1409,lrange5,1000000,1141552.50
1410,lpush5,1000000,754777.31
1410,lrange5,1000000,1146917.50
1411,lpush5,1000000,755347.44
1411,lrange5,1000000,1138952.12
1412,lpush5,1000000,738113.62
1412,lrange5,1000000,1091895.12
1413,lpush5,1000000,637379.25
1413,lrange5,1000000,993159.94
1414,lpush5,1000000,711271.69
1414,lrange5,1000000,1057082.50
1415,lpush5,1000000,689699.31
1415,lrange5,1000000,993271.12
1416,lpush5,1000000,646484.81
1416,lrange5,1000000,1018329.94
1417,lpush5,1000000,709231.25
1417,lrange5,1000000,1007049.38
1418,lpush5,1000000,708830.62
1418,lrange5,1000000,1013219.88
1419,lpush5,1000000,738635.19
1419,lrange5,1000000,1119874.62
1420,lpush5,1000000,726755.81
1420,lrange5,1000000,1112525.00
1421,lpush5,1000000,720472.62
1421,lrange5,1000000,1172595.62
1422,lpush5,1000000,652762.44
1422,lrange5,1000000,1112560.62
1423,lpush5,1000000,723135.19
1423,lrange5,1000000,997040.88
1424,lpush5,1000000,709825.38
1424,lrange5,1000000,1113710.50
1425,lpush5,1000000,744059.56
1425,lrange5,1000000,1160222.75
1426,lpush5,1000000,748062.81
1426,lrange5,1000000,1157574.00
1427,lpush5,1000000,761651.19
1427,lrange5,1000000,1157481.50
1428,lpush5,1000000,753603.62
1428,lrange5,1000000,1144183.00
1429,lpush5,1000000,737604.75
1429,lrange5,1000000,1046092.06
1430,lpush5,1000000,718907.25
1430,lrange5,1000000,1207729.50
1431,lpush5,1000000,734836.19
1431,lrange5,1000000,1082441.50
1432,lpush5,1000000,699300.75
1432,lrange5,1000000,1122352.50
1433,lpush5,1000000,726286.12
1433,lrange5,1000000,1183791.62
1434,lpush5,1000000,746849.88
1434,lrange5,1000000,1172351.75
1435,lpush5,1000000,767570.25
1435,lrange5,1000000,1056101.38
1436,lpush5,1000000,723100.50
1436,lrange5,1000000,1113763.88
1437,lpush5,1000000,740204.31
1437,lrange5,1000000,1112364.88
1438,lpush5,1000000,749123.56
1438,lrange5,1000000,1052766.38
1439,lpush5,1000000,715353.38
1439,lrange5,1000000,1179471.75
1440,lpush5,1000000,717909.56
1440,lrange5,1000000,1190514.38
1441,lpush5,1000000,772834.62
1441,lrange5,1000000,1168280.38
1442,lpush5,1000000,712284.88
1442,lrange5,1000000,1083562.38
1443,lpush5,1000000,765196.62
1443,lrange5,1000000,1196325.38
1444,lpush5,1000000,766393.88
1444,lrange5,1000000,1164218.88
1445,lpush5,1000000,763432.12
1445,lrange5,1000000,1121291.50
1446,lpush5,1000000,748026.94
1446,lrange5,1000000,1178082.50
1447,lpush5,1000000,749697.12
1447,lrange5,1000000,1060598.12
1448,lpush5,1000000,758150.12
1448,lrange5,1000000,1189460.12
1449,lpush5,1000000,736955.06
1449,lrange5,1000000,1137838.50
1450,lpush5,1000000,765159.88
1450,lrange5,1000000,1204915.62
1451,lpush5,1000000,774030.94
1451,lrange5,1000000,1187667.50
1452,lpush5,1000000,757062.81
1452,lrange5,1000000,1137656.38
1453,lpush5,1000000,743649.06
1453,lrange5,1000000,1112400.50
1454,lpush5,1000000,759902.75
1454,lrange5,1000000,1169721.62
1455,lpush5,1000000,775906.88
1455,lrange5,1000000,1173915.50
1456,lpush5,1000000,738078.19
1456,lrange5,1000000,1129943.50
1457,lpush5,1000000,684484.62
1457,lrange5,1000000,1129961.62
1458,lpush5,1000000,736400.56
1458,lrange5,1000000,1130088.12
1459,lpush5,1000000,771084.00
1459,lrange5,1000000,1160111.38
1460,lpush5,1000000,762207.31
1460,lrange5,1000000,1162902.25
1461,lpush5,1000000,742953.94
1461,lrange5,1000000,1084633.38
1462,lpush5,1000000,714308.56
1462,lrange5,1000000,1088330.75
1463,lpush5,1000000,727988.38
1463,lrange5,1000000,1154771.38
1464,lpush5,1000000,736506.62
1464,lrange5,1000000,1117515.12
1465,lpush5,1000000,765172.12
1465,lrange5,1000000,1158767.12
1466,lpush5,1000000,718471.31
1466,lrange5,1000000,1173821.62
1467,lpush5,1000000,761083.69
1467,lrange5,1000000,1153402.50
1468,lpush5,1000000,733793.06
1468,lrange5,1000000,1193412.88
1469,lpush5,1000000,694018.06
1469,lrange5,1000000,1014279.94
1470,lpush5,1000000,735894.06
1470,lrange5,1000000,1133805.00
1471,lpush5,1000000,713821.56
1471,lrange5,1000000,1141698.62
1472,lpush5,1000000,746268.62
1472,lrange5,1000000,1156143.38
1473,lpush5,1000000,736471.25
1473,lrange5,1000000,1109948.88
1474,lpush5,1000000,749087.62
1474,lrange5,1000000,1122334.50
1475,lpush5,1000000,739157.38
1475,lrange5,1000000,1069518.75
1476,lpush5,1000000,670294.94
1476,lrange5,1000000,1077586.25
1477,lpush5,1000000,713278.19
1477,lrange5,1000000,1107419.75
1478,lpush5,1000000,695938.75
1478,lrange5,1000000,1085811.12
1479,lpush5,1000000,650215.88
1479,lrange5,1000000,956038.25
1480,lpush5,1000000,664010.62
1480,lrange5,1000000,1020506.12
1481,lpush5,1000000,736377.00
1481,lrange5,1000000,1110321.88
1482,lpush5,1000000,665474.38
1482,lrange5,1000000,989151.31
1483,lpush5,1000000,591073.25
1483,lrange5,1000000,1047321.50
1484,lpush5,1000000,670712.25
1484,lrange5,1000000,1080051.88
1485,lpush5,1000000,718436.81
1485,lrange5,1000000,1040749.19
1486,lpush5,1000000,340643.03
1486,lrange5,1000000,807257.50
1487,lpush5,1000000,725770.69
1487,lrange5,1000000,1002068.12
1488,lpush5,1000000,678534.62
1488,lrange5,1000000,1056000.00
1489,lpush5,1000000,736919.69
1489,lrange5,1000000,1158841.25
1490,lpush5,1000000,738007.38
1490,lrange5,1000000,1152331.88
1491,lpush5,1000000,734871.44
1491,lrange5,1000000,1096684.25
1492,lpush5,1000000,712815.38
1492,lrange5,1000000,1128668.25
1493,lpush5,1000000,726744.19
1493,lrange5,1000000,1124967.38
1494,lpush5,1000000,726825.56
1494,lrange5,1000000,1136400.00
1495,lpush5,1000000,648929.25
1495,lrange5,1000000,1140269.12
1496,lpush5,1000000,746837.94
1496,lrange5,1000000,1121112.12
1497,lpush5,1000000,760517.06
1497,lrange5,1000000,1112471.62
1498,lpush5,1000000,744202.38
1498,lrange5,1000000,1099006.50
1499,lpush5,1000000,748562.88
1499,lrange5,1000000,1150821.62
1500,lpush5,1000000,752517.69
1500,lrange5,1000000,1152295.00
1501,lpush5,1000000,731528.88
1501,lrange5,1000000,1165538.50
1502,lpush5,1000000,759301.44
1502,lrange5,1000000,1150803.25
1503,lpush5,1000000,724112.94
1503,lrange5,1000000,1142857.12
1504,lpush5,1000000,750750.75
1504,lrange5,1000000,1145585.25
1505,lpush5,1000000,735400.00
1505,lrange5,1000000,1113746.12
1506,lpush5,1000000,752517.69
1506,lrange5,1000000,1113781.75
1507,lpush5,1000000,747384.12
1507,lrange5,1000000,1144274.62
1508,lpush5,1000000,735952.94
1508,lrange5,1000000,1150950.50
1509,lpush5,1000000,754716.94
1509,lrange5,1000000,1150748.00
1510,lpush5,1000000,739645.00
1510,lrange5,1000000,1142912.00
1511,lpush5,1000000,747396.06
1511,lrange5,1000000,1169702.88
1512,lpush5,1000000,748026.94
1512,lrange5,1000000,1166879.88
1513,lpush5,1000000,753591.56
1513,lrange5,1000000,1154863.75
1514,lpush5,1000000,736388.81
1514,lrange5,1000000,1132575.25
1515,lpush5,1000000,751386.94
1515,lrange5,1000000,1175088.12
1516,lpush5,1000000,750355.62
1516,lrange5,1000000,1107685.50
1517,lpush5,1000000,754220.25
1517,lrange5,1000000,1169646.75
1518,lpush5,1000000,763407.69
1518,lrange5,1000000,1182184.38
1519,lpush5,1000000,734214.38
1519,lrange5,1000000,1145512.00
1520,lpush5,1000000,734777.38
1520,lrange5,1000000,1144256.25
1521,lpush5,1000000,749123.56
1521,lrange5,1000000,1145622.00
1522,lpush5,1000000,756526.44
1522,lrange5,1000000,1177988.25
1523,lpush5,1000000,754716.94
1523,lrange5,1000000,1141570.75
1524,lpush5,1000000,749709.12
1524,lrange5,1000000,1168261.62
1525,lpush5,1000000,755311.19
1525,lrange5,1000000,1164237.50
1526,lpush5,1000000,745843.44
1526,lrange5,1000000,1179415.12
1527,lpush5,1000000,749637.19
1527,lrange5,1000000,1154734.38
1528,lpush5,1000000,734320.12
1528,lrange5,1000000,1153402.50
1529,lpush5,1000000,755894.19
1529,lrange5,1000000,1119946.25
1530,lpush5,1000000,746849.88
1530,lrange5,1000000,1150950.50
1531,lpush5,1000000,760468.44
1531,lrange5,1000000,1141607.38
1532,lpush5,1000000,754196.06
1532,lrange5,1000000,1126126.12
1533,lpush5,1000000,739145.56
1533,lrange5,1000000,1098901.12
1534,lpush5,1000000,740192.50
1534,lrange5,1000000,1172351.75
1535,lpush5,1000000,751398.94
1535,lrange5,1000000,1042836.31
1536,lpush5,1000000,745216.06
1536,lrange5,1000000,1180656.38
1537,lpush5,1000000,750199.56
1537,lrange5,1000000,1149664.38
1538,lpush5,1000000,763432.12
1538,lrange5,1000000,1164442.38
1539,lpush5,1000000,754801.50
1539,lrange5,1000000,1157592.62
1540,lpush5,1000000,754741.12
1540,lrange5,1000000,1184928.88
1541,lpush5,1000000,761144.56
1541,lrange5,1000000,1138952.12
1542,lpush5,1000000,750307.62
1542,lrange5,1000000,1190495.25
1543,lpush5,1000000,758773.94
1543,lrange5,1000000,1171016.38
1544,lpush5,1000000,754244.38
1544,lrange5,1000000,1154956.12
1545,lpush5,1000000,753024.12
1545,lrange5,1000000,1133913.75
1546,lpush5,1000000,741289.88
1546,lrange5,1000000,1161514.50
1547,lpush5,1000000,733699.19
1547,lrange5,1000000,1149554.00
1548,lpush5,1000000,752493.62
1548,lrange5,1000000,1113728.25
1549,lpush5,1000000,750235.56
1549,lrange5,1000000,1161570.25
1550,lpush5,1000000,755395.75
1550,lrange5,1000000,1149609.25
1551,lpush5,1000000,746328.31
1551,lrange5,1000000,1148307.75
1552,lpush5,1000000,754753.19
1552,lrange5,1000000,1149462.12
1553,lpush5,1000000,754171.94
1553,lrange5,1000000,1142893.75
1554,lpush5,1000000,746304.44
1554,lrange5,1000000,1164144.38
1555,lpush5,1000000,740204.31
1555,lrange5,1000000,1142912.00
1556,lpush5,1000000,750750.75
1556,lrange5,1000000,1149590.75
1557,lpush5,1000000,718494.25
1557,lrange5,1000000,1164274.75
1558,lpush5,1000000,740228.00
1558,lrange5,1000000,1116160.62
1559,lpush5,1000000,751891.69
1559,lrange5,1000000,1171016.38
1560,lpush5,1000000,728343.75
1560,lrange5,1000000,1100268.50
1561,lpush5,1000000,737155.50
1561,lrange5,1000000,1170960.25
1562,lpush5,1000000,746849.88
1562,lrange5,1000000,1164516.88
1563,lpush5,1000000,751963.88
1563,lrange5,1000000,1157462.88
1564,lpush5,1000000,752493.62
1564,lrange5,1000000,1144201.38
1565,lpush5,1000000,758222.88
1565,lrange5,1000000,1168392.50
1566,lpush5,1000000,756502.25
1566,lrange5,1000000,1165650.38
1567,lpush5,1000000,744071.44
1567,lrange5,1000000,1165519.88
1568,lpush5,1000000,740251.69
1568,lrange5,1000000,1137692.88
1569,lpush5,1000000,728921.31
1569,lrange5,1000000,1172445.50
1570,lpush5,1000000,754716.94
1570,lrange5,1000000,1141662.12
1571,lpush5,1000000,754849.81
1571,lrange5,1000000,1156087.88
1572,lpush5,1000000,751386.94
1572,lrange5,1000000,1156272.88
1573,lpush5,1000000,754171.94
1573,lrange5,1000000,1140269.12
1574,lpush5,1000000,735858.75
1574,lrange5,1000000,1162790.62
1575,lpush5,1000000,753591.56
1575,lrange5,1000000,1167122.50
1576,lpush5,1000000,750247.56
1576,lrange5,1000000,1168411.25
1577,lpush5,1000000,748503.00
1577,lrange5,1000000,1158767.12
1578,lpush5,1000000,751398.94
1578,lrange5,1000000,1133859.38
1579,lpush5,1000000,762304.88
1579,lrange5,1000000,1177894.00
1580,lpush5,1000000,751386.94
1580,lrange5,1000000,1130178.50
1581,lpush5,1000000,756465.94
1581,lrange5,1000000,1154734.38
1582,lpush5,1000000,755480.38
1582,lrange5,1000000,1136400.00
1583,lpush5,1000000,755419.94
1583,lrange5,1000000,1161477.38
1584,lpush5,1000000,748550.94
1584,lrange5,1000000,1160241.38
1585,lpush5,1000000,747443.94
1585,lrange5,1000000,1150858.38
1586,lpush5,1000000,756478.06
1586,lrange5,1000000,1152221.25
1587,lpush5,1000000,727802.06
1587,lrange5,1000000,1156069.38
1588,lpush5,1000000,749733.12
1588,lrange5,1000000,1081115.62
1589,lpush5,1000000,719436.00
1589,lrange5,1000000,1128704.38
1590,lpush5,1000000,740847.38
1590,lrange5,1000000,1137656.38
1591,lpush5,1000000,744166.69
1591,lrange5,1000000,1132738.38
1592,lpush5,1000000,740299.06
1592,lrange5,1000000,1153494.88
1593,lpush5,1000000,746837.94
1593,lrange5,1000000,1179264.12
1594,lpush5,1000000,728413.69
1594,lrange5,1000000,1133913.75
1595,lpush5,1000000,755419.94
1595,lrange5,1000000,1169759.00
1596,lpush5,1000000,745736.06
1596,lrange5,1000000,1148160.75
1597,lpush5,1000000,748562.88
1597,lrange5,1000000,1132575.25
1598,lpush5,1000000,751411.00
1598,lrange5,1000000,1132593.38
1599,lpush5,1000000,739645.00
1599,lrange5,1000000,1157444.38
1600,lpush5,1000000,742426.12
1600,lrange5,1000000,1075389.25
1601,lpush5,1000000,736541.94
1601,lrange5,1000000,1173802.88
1602,lpush5,1000000,745168.38
1602,lrange5,1000000,1143021.75
1603,lpush5,1000000,751350.88
1603,lrange5,1000000,1140488.00
1604,lpush5,1000000,748038.88
1604,lrange5,1000000,1163088.38
1605,lpush5,1000000,734367.12
1605,lrange5,1000000,1142985.12
1606,lpush5,1000000,751879.69
1606,lrange5,1000000,1140305.62
1607,lpush5,1000000,750271.62
1607,lrange5,1000000,1149627.62
1608,lpush5,1000000,746304.44
1608,lrange5,1000000,1153513.25
1609,lpush5,1000000,754208.19
1609,lrange5,1000000,1123613.50
1610,lpush5,1000000,750810.81
1610,lrange5,1000000,1148252.62
1611,lpush5,1000000,744685.00
1611,lrange5,1000000,1132611.50
1612,lpush5,1000000,741349.19
1612,lrange5,1000000,1122496.12
1613,lpush5,1000000,679347.81
1613,lrange5,1000000,941619.56
1614,lpush5,1000000,712815.38
1614,lrange5,1000000,1132502.75
1615,lpush5,1000000,728909.62
1615,lrange5,1000000,1173708.88
1616,lpush5,1000000,781250.00
1616,lrange5,1000000,1210808.75
1617,lpush5,1000000,754147.81
1617,lrange5,1000000,1206465.62
1618,lpush5,1000000,770416.06
1618,lrange5,1000000,1187667.50
1619,lpush5,1000000,774006.19
1619,lrange5,1000000,1190533.38
1620,lpush5,1000000,772274.94
1620,lrange5,1000000,1194972.50
1621,lpush5,1000000,766969.31
1621,lrange5,1000000,1164293.38
1622,lpush5,1000000,775919.31
1622,lrange5,1000000,1207961.38
1623,lpush5,1000000,774068.06
1623,lrange5,1000000,1182033.12
1624,lpush5,1000000,750295.62
1624,lrange5,1000000,1175219.75
1625,lpush5,1000000,759337.88
1625,lrange5,1000000,1184834.12
1626,lpush5,1000000,765123.19
1626,lrange5,1000000,1207884.00
1627,lpush5,1000000,772797.50
1627,lrange5,1000000,1197604.88
1628,lpush5,1000000,767508.81
1628,lrange5,1000000,1177950.50
1629,lpush5,1000000,771022.31
1629,lrange5,1000000,1176545.88
1630,lpush5,1000000,774816.44
1630,lrange5,1000000,1180656.38
1631,lpush5,1000000,760456.25
1631,lrange5,1000000,1212218.25
1632,lpush5,1000000,757636.31
1632,lrange5,1000000,1167085.25
1633,lpush5,1000000,758786.06
1633,lrange5,1000000,1203600.50
1634,lpush5,1000000,772213.12
1634,lrange5,1000000,1206465.62
1635,lpush5,1000000,775857.25
1635,lrange5,1000000,1183545.50
1636,lpush5,1000000,780690.06
1636,lrange5,1000000,1186562.25
1637,lpush5,1000000,774655.31
1637,lrange5,1000000,1197624.00
1638,lpush5,1000000,766369.38
1638,lrange5,1000000,1154974.62
1639,lpush5,1000000,774593.31
1639,lrange5,1000000,1202134.62
1640,lpush5,1000000,772299.62
1640,lrange5,1000000,1213767.00
1641,lpush5,1000000,772884.06
1641,lrange5,1000000,1189060.62
1642,lpush5,1000000,768639.50
1642,lrange5,1000000,1182033.12
1643,lpush5,1000000,771034.69
1643,lrange5,1000000,1207922.75
1644,lpush5,1000000,770490.00
1644,lrange5,1000000,1180826.50
1645,lpush5,1000000,767459.75
1645,lrange5,1000000,1193355.62
1646,lpush5,1000000,763371.00
1646,lrange5,1000000,1161440.12
1647,lpush5,1000000,759471.50
1647,lrange5,1000000,1187705.50
1648,lpush5,1000000,775280.62
1648,lrange5,1000000,1182335.62
1649,lpush5,1000000,767570.25
1649,lrange5,1000000,1194915.12
1650,lpush5,1000000,771604.94
1650,lrange5,1000000,1205050.62
1651,lpush5,1000000,771629.62
1651,lrange5,1000000,1202019.25
1652,lpush5,1000000,758186.50
1652,lrange5,1000000,1200653.00
1653,lpush5,1000000,771654.31
1653,lrange5,1000000,1186239.62
1654,lpush5,1000000,753060.25
1654,lrange5,1000000,1189079.62
1655,lpush5,1000000,774630.50
1655,lrange5,1000000,1213611.62
1656,lpush5,1000000,768049.12
1656,lrange5,1000000,1192143.00
1657,lpush5,1000000,772262.56
1657,lrange5,1000000,1186296.62
1658,lpush5,1000000,771617.31
1658,lrange5,1000000,1215105.75
1659,lpush5,1000000,767484.31
1659,lrange5,1000000,1191990.50
1660,lpush5,1000000,769872.19
1660,lrange5,1000000,1172333.00
1661,lpush5,1000000,768196.56
1661,lrange5,1000000,1204838.62
1662,lpush5,1000000,774154.75
1662,lrange5,1000000,1204857.88
1663,lpush5,1000000,769316.94
1663,lrange5,1000000,1192047.75
1664,lpush5,1000000,779485.56
1664,lrange5,1000000,1215222.38
1665,lpush5,1000000,772200.81
1665,lrange5,1000000,1183469.75
1666,lpush5,1000000,761047.19
1666,lrange5,1000000,1199040.75
1667,lpush5,1000000,768701.00
1667,lrange5,1000000,1201923.00
1668,lpush5,1000000,771716.06
1668,lrange5,1000000,1128686.25
1669,lpush5,1000000,765745.81
1669,lrange5,1000000,1199040.75
1670,lpush5,1000000,764051.94
1670,lrange5,1000000,1201980.75
1671,lpush5,1000000,766320.31
1671,lrange5,1000000,1169590.62
1672,lpush5,1000000,766920.25
1672,lrange5,1000000,1173877.88
1673,lpush5,1000000,766320.31
1673,lrange5,1000000,1183450.88
1674,lpush5,1000000,776472.06
1674,lrange5,1000000,1170997.75
1675,lpush5,1000000,780043.69
1675,lrange5,1000000,1161495.88
1676,lpush5,1000000,766430.69
1676,lrange5,1000000,1184928.88
1677,lpush5,1000000,778953.25
1677,lrange5,1000000,1169590.62
1678,lpush5,1000000,782597.81
1678,lrange5,1000000,1176658.75
1679,lpush5,1000000,768061.44
1679,lrange5,1000000,1189060.62
1680,lpush5,1000000,762837.56
1680,lrange5,1000000,1184872.12
1681,lpush5,1000000,781998.44
1681,lrange5,1000000,1157555.50
1682,lpush5,1000000,780652.62
1682,lrange5,1000000,1160111.38
1683,lpush5,1000000,766430.69
1683,lrange5,1000000,1182033.12
1684,lpush5,1000000,760504.94
1684,lrange5,1000000,1189250.88
1685,lpush5,1000000,769872.19
1685,lrange5,1000000,1191895.12
1686,lpush5,1000000,766332.62
1686,lrange5,1000000,1169721.62
1687,lpush5,1000000,771034.69
1687,lrange5,1000000,1210828.12
1688,lpush5,1000000,785596.25
1688,lrange5,1000000,1165538.50
1689,lpush5,1000000,777716.94
1689,lrange5,1000000,1167066.50
1690,lpush5,1000000,765123.19
1690,lrange5,1000000,1186239.62
1691,lpush5,1000000,774692.50
1691,lrange5,1000000,1197681.50
1692,lpush5,1000000,781935.88
1692,lrange5,1000000,1215086.25
1693,lpush5,1000000,773444.69
1693,lrange5,1000000,1190476.25
1694,lpush5,1000000,753639.75
1694,lrange5,1000000,1191895.12
1695,lpush5,1000000,765696.81
1695,lrange5,1000000,1185042.62
1696,lpush5,1000000,783160.56
1696,lrange5,1000000,1161458.75
1697,lpush5,1000000,779435.69
1697,lrange5,1000000,1212257.00
1698,lpush5,1000000,769946.12
1698,lrange5,1000000,1221138.00
1699,lpush5,1000000,758786.06
1699,lrange5,1000000,1210750.62
1700,lpush5,1000000,769267.75
1700,lrange5,1000000,1206291.88
1701,lpush5,1000000,778878.50
1701,lrange5,1000000,1196401.88
1702,lpush5,1000000,772200.81
1702,lrange5,1000000,1161514.50
1703,lpush5,1000000,765745.81
1703,lrange5,1000000,1182146.50
1704,lpush5,1000000,770440.69
1704,lrange5,1000000,1212354.00
1705,lpush5,1000000,760504.94
1705,lrange5,1000000,1197873.12
1706,lpush5,1000000,769230.81
1706,lrange5,1000000,1191971.38
1707,lpush5,1000000,773407.56
1707,lrange5,1000000,1190647.62
1708,lpush5,1000000,771753.06
1708,lrange5,1000000,1191914.25
1709,lpush5,1000000,778841.12
1709,lrange5,1000000,1189079.62
1710,lpush5,1000000,774655.31
1710,lrange5,1000000,1157740.75
1711,lpush5,1000000,777604.94
1711,lrange5,1000000,1192047.75
1712,lpush5,1000000,766344.88
1712,lrange5,1000000,1199136.75
1713,lpush5,1000000,772933.50
1713,lrange5,1000000,1192047.75
1714,lpush5,1000000,779423.25
1714,lrange5,1000000,1202019.25
1715,lpush5,1000000,775820.00
1715,lrange5,1000000,1215164.00
1716,lpush5,1000000,778235.06
1716,lrange5,1000000,1203793.12
1717,lpush5,1000000,766932.50
1717,lrange5,1000000,1185004.75
1718,lpush5,1000000,770440.69
1718,lrange5,1000000,1203408.00
1719,lpush5,1000000,771716.06
1719,lrange5,1000000,1186239.62
1720,lpush5,1000000,772859.31
1720,lrange5,1000000,1197624.00
1721,lpush5,1000000,774030.94
1721,lrange5,1000000,1117515.12
1722,lpush5,1000000,775931.69
1722,lrange5,1000000,1184853.12
1723,lpush5,1000000,780118.62
1723,lrange5,1000000,1187686.50
1724,lpush5,1000000,762219.50
1724,lrange5,1000000,1166935.88
1725,lpush5,1000000,772237.88
1725,lrange5,1000000,1177912.88
1726,lpush5,1000000,774068.06
1726,lrange5,1000000,1193412.88
1727,lpush5,1000000,771022.31
1727,lrange5,1000000,1180996.50
1728,lpush5,1000000,770416.06
1728,lrange5,1000000,1202096.12
1729,lpush5,1000000,766969.31
1729,lrange5,1000000,1187762.50
1730,lpush5,1000000,777112.69
1730,lrange5,1000000,1215066.75
1731,lpush5,1000000,772797.50
1731,lrange5,1000000,1186277.62
1732,lpush5,1000000,768110.56
1732,lrange5,1000000,1228579.88
1733,lpush5,1000000,775820.00
1733,lrange5,1000000,1202000.00
1734,lpush5,1000000,771679.00
1734,lrange5,1000000,1209402.62
1735,lpush5,1000000,775293.06
1735,lrange5,1000000,1189098.62
1736,lpush5,1000000,766981.56
1736,lrange5,1000000,1149572.38
1737,lpush5,1000000,767472.00
1737,lrange5,1000000,1189269.88
1738,lpush5,1000000,762776.50
1738,lrange5,1000000,1206272.62
1739,lpush5,1000000,767459.75
1739,lrange5,1000000,1210808.75
1740,lpush5,1000000,770551.62
1740,lrange5,1000000,1180920.88
1741,lpush5,1000000,762280.44
1741,lrange5,1000000,1194743.12
1742,lpush5,1000000,781860.81
1742,lrange5,1000000,1185061.62
1743,lpush5,1000000,761083.69
1743,lrange5,1000000,1136454.50
1744,lpush5,1000000,769304.62
1744,lrange5,1000000,1184834.12
1745,lpush5,1000000,754801.50
1745,lrange5,1000000,1169590.62
1746,lpush5,1000000,767533.38
1746,lrange5,1000000,1204857.88
1747,lpush5,1000000,775820.00
1747,lrange5,1000000,1193374.75
1748,lpush5,1000000,776434.81
1748,lrange5,1000000,1187781.50
1749,lpush5,1000000,764574.94
1749,lrange5,1000000,1186277.62
1750,lpush5,1000000,778210.12
1750,lrange5,1000000,1182033.12
1751,lpush5,1000000,769859.88
1751,lrange5,1000000,1173708.88
1752,lpush5,1000000,762837.56
1752,lrange5,1000000,1201942.25
1753,lpush5,1000000,773444.69
1753,lrange5,1000000,1185061.62
1754,lpush5,1000000,765782.56
1754,lrange5,1000000,1187667.50
1755,lpush5,1000000,771059.31
1755,lrange5,1000000,1191952.38
1756,lpush5,1000000,777150.00
1756,lrange5,1000000,1201942.25
1757,lpush5,1000000,779448.19
1757,lrange5,1000000,1193374.75
1758,lpush5,1000000,770416.06
1758,lrange5,1000000,1189174.75
1759,lpush5,1000000,765123.19
1759,lrange5,1000000,1182203.25
1760,lpush5,1000000,758210.75
1760,lrange5,1000000,1186372.50
1761,lpush5,1000000,789965.25
1761,lrange5,1000000,1166879.88
1762,lpush5,1000000,776472.06
1762,lrange5,1000000,1207942.00
1763,lpush5,1000000,772312.00
1763,lrange5,1000000,1182089.88
1764,lpush5,1000000,763407.69
1764,lrange5,1000000,1170960.25
1765,lpush5,1000000,765696.81
1765,lrange5,1000000,1148124.00
1766,lpush5,1000000,766932.50
1766,lrange5,1000000,1194915.12
1767,lpush5,1000000,662251.69
1767,lrange5,1000000,1196363.62
1768,lpush5,1000000,769884.50
1768,lrange5,1000000,1202115.38
1769,lpush5,1000000,768159.75
1769,lrange5,1000000,1215280.62
1770,lpush5,1000000,765123.19
1770,lrange5,1000000,1175238.50
1771,lpush5,1000000,766295.81
1771,lrange5,1000000,1187971.50
1772,lpush5,1000000,783724.12
1772,lrange5,1000000,1203388.75
1773,lpush5,1000000,769255.44
1773,lrange5,1000000,1199079.12
1774,lpush5,1000000,761699.94
1774,lrange5,1000000,1209344.62
1775,lpush5,1000000,783173.06
1775,lrange5,1000000,1180769.75
1776,lpush5,1000000,769822.94
1776,lrange5,1000000,1193584.75
1777,lpush5,1000000,764685.06
1777,lrange5,1000000,1182070.88
1778,lpush5,1000000,768676.38
1778,lrange5,1000000,1182165.50
1779,lpush5,1000000,772250.19
1779,lrange5,1000000,1121148.00
1780,lpush5,1000000,781312.50
1780,lrange5,1000000,1175163.38
1781,lpush5,1000000,769921.44
1781,lrange5,1000000,1180883.12
1782,lpush5,1000000,763456.50
1782,lrange5,1000000,1202076.88
1783,lpush5,1000000,774092.88
1783,lrange5,1000000,1175219.75
1784,lpush5,1000000,765696.81
1784,lrange5,1000000,1197796.50
1785,lpush5,1000000,773993.75
1785,lrange5,1000000,1191914.25
1786,lpush5,1000000,771654.31
1786,lrange5,1000000,1202173.00
1787,lpush5,1000000,772336.69
1787,lrange5,1000000,1186353.50
1788,lpush5,1000000,761699.94
1788,lrange5,1000000,1156087.88
1789,lpush5,1000000,763480.94
1789,lrange5,1000000,1158859.88
1790,lpush5,1000000,765745.81
1790,lrange5,1000000,1190609.50
1791,lpush5,1000000,777075.38
1791,lrange5,1000000,1187667.50
1792,lpush5,1000000,768664.12
1792,lrange5,1000000,1199155.88
1793,lpush5,1000000,767459.75
1793,lrange5,1000000,1210731.25
1794,lpush5,1000000,775193.81
1794,lrange5,1000000,1206349.88
1795,lpush5,1000000,771084.00
1795,lrange5,1000000,1210653.75
1796,lpush5,1000000,769329.25
1796,lrange5,1000000,1193336.50
1797,lpush5,1000000,770428.38
1797,lrange5,1000000,1209228.50
1798,lpush5,1000000,781910.81
1798,lrange5,1000000,1179283.00
1799,lpush5,1000000,777150.00
1799,lrange5,1000000,1171091.38
1800,lpush5,1000000,769872.19
1800,lrange5,1000000,1213786.38
1801,lpush5,1000000,772349.06
1801,lrange5,1000000,1183697.00
1802,lpush5,1000000,773494.19
1802,lrange5,1000000,1203369.50
1803,lpush5,1000000,774593.31
1803,lrange5,1000000,1196325.38
1804,lpush5,1000000,772884.06
1804,lrange5,1000000,1202057.62
1805,lpush5,1000000,775193.81
1805,lrange5,1000000,1182052.00
1806,lpush5,1000000,776422.38
1806,lrange5,1000000,1164386.50
1807,lpush5,1000000,756526.44
1807,lrange5,1000000,1207787.38
1808,lpush5,1000000,775206.25
1808,lrange5,1000000,1194838.75
1809,lpush5,1000000,752565.81
1809,lrange5,1000000,1186258.62
1810,lpush5,1000000,782497.62
1810,lrange5,1000000,1172333.00
1811,lpush5,1000000,767508.81
1811,lrange5,1000000,1200480.12
1812,lpush5,1000000,774680.06
1812,lrange5,1000000,1199079.12
1813,lpush5,1000000,775193.81
1813,lrange5,1000000,1190628.62
1814,lpush5,1000000,771096.38
1814,lrange5,1000000,1203388.75
1815,lpush5,1000000,771096.38
1815,lrange5,1000000,1210808.75
1816,lpush5,1000000,777679.62
1816,lrange5,1000000,1203504.25
1817,lpush5,1000000,771059.31
1817,lrange5,1000000,1190495.25
1818,lpush5,1000000,779423.25
1818,lrange5,1000000,1213611.62
1819,lpush5,1000000,773518.94
1819,lrange5,1000000,1203504.25
1820,lpush5,1000000,762207.31
1820,lrange5,1000000,1182070.88
1821,lpush5,1000000,750882.88
1821,lrange5,1000000,1203542.75
1822,lpush5,1000000,771022.31
1822,lrange5,1000000,1207748.75
1823,lpush5,1000000,777162.44
1823,lrange5,1000000,1201980.75
1824,lpush5,1000000,778866.00
1824,lrange5,1000000,1183640.25
1825,lpush5,1000000,780106.12
1825,lrange5,1000000,1176545.88
1826,lpush5,1000000,775243.44
1826,lrange5,1000000,1200576.25
1827,lpush5,1000000,775832.44
1827,lrange5,1000000,1186239.62
1828,lpush5,1000000,771740.75
1828,lrange5,1000000,1201942.25
1829,lpush5,1000000,777679.62
1829,lrange5,1000000,1165575.75
1830,lpush5,1000000,766871.12
1830,lrange5,1000000,1177856.38
1831,lpush5,1000000,768688.69
1831,lrange5,1000000,1190476.25
1832,lpush5,1000000,775832.44
1832,lrange5,1000000,1212140.62
1833,lpush5,1000000,776472.06
1833,lrange5,1000000,1186334.50
1834,lpush5,1000000,771617.31
1834,lrange5,1000000,1199194.25
1835,lpush5,1000000,761639.00
1835,lrange5,1000000,1201923.00
1836,lpush5,1000000,777112.69
1836,lrange5,1000000,1206349.88
1837,lpush5,1000000,775305.44
1837,lrange5,1000000,1215086.25
1838,lpush5,1000000,781362.50
1838,lrange5,1000000,1158767.12
1839,lpush5,1000000,773419.94
1839,lrange5,1000000,1200480.12
1840,lpush5,1000000,770539.31
1840,lrange5,1000000,1197662.25
1841,lpush5,1000000,776397.50
1841,lrange5,1000000,1196363.62
1842,lpush5,1000000,769859.88
1842,lrange5,1000000,1219629.25
1843,lpush5,1000000,765696.81
1843,lrange5,1000000,1190723.88
1844,lpush5,1000000,786794.62
1844,lrange5,1000000,1190476.25
1845,lpush5,1000000,778272.38
1845,lrange5,1000000,1209363.88
1846,lpush5,1000000,773432.31
1846,lrange5,1000000,1187724.50
1847,lpush5,1000000,775231.00
1847,lrange5,1000000,1224049.00
1848,lpush5,1000000,763966.38
1848,lrange5,1000000,1186372.50
1849,lpush5,1000000,760553.56
1849,lrange5,1000000,1202057.62
1850,lpush5,1000000,784313.75
1850,lrange5,1000000,1209247.88
1851,lpush5,1000000,777063.00
1851,lrange5,1000000,683994.50
1852,lpush5,1000000,456485.62
1852,lrange5,1000000,889088.00
1853,lpush5,1000000,678096.25
1853,lrange5,1000000,1013268.50
1854,lpush5,1000000,690230.50
1854,lrange5,1000000,1072995.75
1855,lpush5,1000000,744142.88
1855,lrange5,1000000,1149425.25
1856,lpush5,1000000,742449.88
1856,lrange5,1000000,1157462.88
1857,lpush5,1000000,754861.88
1857,lrange5,1000000,1158748.62
1858,lpush5,1000000,757026.50
1858,lrange5,1000000,1164293.38
1859,lpush5,1000000,746849.88
1859,lrange5,1000000,1158822.75
1860,lpush5,1000000,748515.00
1860,lrange5,1000000,1139006.75
1861,lpush5,1000000,738564.25
1861,lrange5,1000000,1136563.62
1862,lpush5,1000000,749123.56
1862,lrange5,1000000,1158767.12
1863,lpush5,1000000,745783.75
1863,lrange5,1000000,1152092.25
1864,lpush5,1000000,758235.00
1864,lrange5,1000000,1186410.50
1865,lpush5,1000000,749147.56
1865,lrange5,1000000,1168243.00
1866,lpush5,1000000,754753.19
1866,lrange5,1000000,1149462.12
1867,lpush5,1000000,748562.88
1867,lrange5,1000000,1186353.50
1868,lpush5,1000000,755918.38
1868,lrange5,1000000,1144329.50
1869,lpush5,1000000,745759.88
1869,lrange5,1000000,1171091.38
1870,lpush5,1000000,747979.06
1870,lrange5,1000000,1165631.75
1871,lpush5,1000000,750762.75
1871,lrange5,1000000,1185042.62
1872,lpush5,1000000,765135.38
1872,lrange5,1000000,1100145.25
1873,lpush5,1000000,753603.62
1873,lrange5,1000000,1168224.25
1874,lpush5,1000000,747955.12
1874,lrange5,1000000,1109877.88
1875,lpush5,1000000,751987.94
1875,lrange5,1000000,1146825.75
1876,lpush5,1000000,757050.75
1876,lrange5,1000000,1182222.25
1877,lpush5,1000000,758283.56
1877,lrange5,1000000,1173708.88
1878,lpush5,1000000,734789.19
1878,lrange5,1000000,1177856.38
1879,lpush5,1000000,750798.81
1879,lrange5,1000000,1156087.88
1880,lpush5,1000000,747384.12
1880,lrange5,1000000,1156069.38
1881,lpush5,1000000,741289.88
1881,lrange5,1000000,1122406.38
1882,lpush5,1000000,751903.75
1882,lrange5,1000000,1146825.75
1883,lpush5,1000000,746280.56
1883,lrange5,1000000,1139170.88
1884,lpush5,1000000,759410.75
1884,lrange5,1000000,1164181.62
1885,lpush5,1000000,745168.38
1885,lrange5,1000000,1156346.75
1886,lpush5,1000000,755990.94
1886,lrange5,1000000,1154789.88
1887,lpush5,1000000,752445.44
1887,lrange5,1000000,1168224.25
1888,lpush5,1000000,730008.75
1888,lrange5,1000000,1135182.75
1889,lpush5,1000000,762886.38
1889,lrange5,1000000,1144164.75
1890,lpush5,1000000,760504.94
1890,lrange5,1000000,1165594.38
1891,lpush5,1000000,757660.56
1891,lrange5,1000000,1183621.25
1892,lpush5,1000000,752457.50
1892,lrange5,1000000,1170960.25
1893,lpush5,1000000,752505.62
1893,lrange5,1000000,1175219.75
1894,lpush5,1000000,749135.56
1894,lrange5,1000000,1162790.62
1895,lpush5,1000000,764623.88
1895,lrange5,1000000,1161440.12
1896,lpush5,1000000,746885.75
1896,lrange5,1000000,1167085.25
1897,lpush5,1000000,756003.06
1897,lrange5,1000000,1194781.38
1898,lpush5,1000000,761035.00
1898,lrange5,1000000,1134113.38
1899,lpush5,1000000,755857.94
1899,lrange5,1000000,1146954.12
1900,lpush5,1000000,747467.81
1900,lrange5,1000000,1149425.25
1901,lpush5,1000000,757648.44
1901,lrange5,1000000,1165613.12
1902,lpush5,1000000,734883.19
1902,lrange5,1000000,1150987.38
1903,lpush5,1000000,745807.62
1903,lrange5,1000000,1160092.88
1904,lpush5,1000000,754801.50
1904,lrange5,1000000,1150748.00
1905,lpush5,1000000,754208.19
1905,lrange5,1000000,1176696.50
1906,lpush5,1000000,757038.62
1906,lrange5,1000000,1145713.62
1907,lpush5,1000000,757684.81
1907,lrange5,1000000,1152110.62
1908,lpush5,1000000,751314.81
1908,lrange5,1000000,1154771.38
1909,lpush5,1000000,747515.69
1909,lrange5,1000000,1152110.62
1910,lpush5,1000000,753627.75
1910,lrange5,1000000,1164218.88
1911,lpush5,1000000,750762.75
1911,lrange5,1000000,1176752.88
1912,lpush5,1000000,741839.75
1912,lrange5,1000000,1136490.88
1913,lpush5,1000000,747991.00
1913,lrange5,1000000,1164144.38
1914,lpush5,1000000,751891.69
1914,lrange5,1000000,1160111.38
1915,lpush5,1000000,719493.56
1915,lrange5,1000000,1117318.50
1916,lpush5,1000000,729429.56
1916,lrange5,1000000,1096649.12
1917,lpush5,1000000,735341.19
1917,lrange5,1000000,1171166.38
1918,lpush5,1000000,749637.19
1918,lrange5,1000000,1143003.38
1919,lpush5,1000000,721072.81
1919,lrange5,1000000,1137874.88
1920,lpush5,1000000,574391.69
1920,lrange5,1000000,908381.50
1921,lpush5,1000000,609062.12
1921,lrange5,1000000,766553.31
1922,lpush5,1000000,682670.31
1922,lrange5,1000000,880394.31
1923,lpush5,1000000,424475.41
1923,lrange5,1000000,803961.44
1924,lpush5,1000000,426284.75
1924,lrange5,1000000,383901.72
1925,lpush5,1000000,359146.84
1925,lrange5,1000000,402738.62
1926,lpush5,1000000,317803.62
1926,lrange5,1000000,514783.34
1927,lpush5,1000000,534802.12
1927,lrange5,1000000,877235.12
1928,lpush5,1000000,689655.12
1928,lrange5,1000000,427019.62
1929,lpush5,1000000,214277.28
1929,lrange5,1000000,616982.06
1930,lpush5,1000000,689732.38
1930,lrange5,1000000,810411.69
1931,lpush5,1000000,639386.19
1931,lrange5,1000000,963529.88
1932,lpush5,1000000,619648.06
1932,lrange5,1000000,885881.38
1933,lpush5,1000000,623142.69
1933,lrange5,1000000,881848.38
1934,lpush5,1000000,583780.50
1934,lrange5,1000000,885923.88
1935,lpush5,1000000,665800.25
1935,lrange5,1000000,913285.81
1936,lpush5,1000000,645181.94
1936,lrange5,1000000,718390.81
1937,lpush5,1000000,591413.38
1937,lrange5,1000000,974037.06
1938,lpush5,1000000,668077.50
1938,lrange5,1000000,993239.38
1939,lpush5,1000000,690230.50
1939,lrange5,1000000,987277.38
1940,lpush5,1000000,701329.56
1940,lrange5,1000000,993080.44
1941,lpush5,1000000,681696.00
1941,lrange5,1000000,1055004.25
1942,lpush5,1000000,693481.25
1942,lrange5,1000000,978551.88
1943,lpush5,1000000,680767.88
1943,lrange5,1000000,987214.19
1944,lpush5,1000000,677048.06
1944,lrange5,1000000,921688.44
1945,lpush5,1000000,643987.12
1945,lrange5,1000000,992317.44
1946,lpush5,1000000,649402.62
1946,lrange5,1000000,947121.19
1947,lpush5,1000000,672958.31
1947,lrange5,1000000,937252.06
1948,lpush5,1000000,674416.69
1948,lrange5,1000000,1025690.25
1949,lpush5,1000000,698946.19
1949,lrange5,1000000,1018476.56
1950,lpush5,1000000,695004.88
1950,lrange5,1000000,1007162.19
1951,lpush5,1000000,702258.44
1951,lrange5,1000000,1015407.06
1952,lpush5,1000000,678940.94
1952,lrange5,1000000,1074268.50
1953,lpush5,1000000,696434.56
1953,lrange5,1000000,1030080.31
1954,lpush5,1000000,703786.06
1954,lrange5,1000000,1019514.75
1955,lpush5,1000000,695410.31
1955,lrange5,1000000,980611.81
1956,lpush5,1000000,671623.94
1956,lrange5,1000000,995168.19
1957,lpush5,1000000,668896.31
1957,lrange5,1000000,1050420.12
1958,lpush5,1000000,703257.38
1958,lrange5,1000000,1017294.00
1959,lpush5,1000000,709299.31
1959,lrange5,1000000,1032156.88
1960,lpush5,1000000,706849.50
1960,lrange5,1000000,1009275.50
1961,lpush5,1000000,679369.56
1961,lrange5,1000000,931098.69
1962,lpush5,1000000,683603.50
1962,lrange5,1000000,993207.56
1963,lpush5,1000000,674796.25
1963,lrange5,1000000,1028938.25
1964,lpush5,1000000,684986.31
1964,lrange5,1000000,1025673.81
1965,lpush5,1000000,672947.56
1965,lrange5,1000000,1011154.69
1966,lpush5,1000000,692063.62
1966,lrange5,1000000,1042769.56
1967,lpush5,1000000,494102.78
1967,lrange5,1000000,695016.00
1968,lpush5,1000000,499049.91
1968,lrange5,1000000,612073.44
1969,lpush5,1000000,492165.34
1969,lrange5,1000000,708773.94
1970,lpush5,1000000,498800.97
1970,lrange5,1000000,735835.19
1971,lpush5,1000000,522491.09
1971,lrange5,1000000,1013252.31
1972,lpush5,1000000,452320.22
1972,lrange5,1000000,663129.94
1973,lpush5,1000000,529941.69
1973,lrange5,1000000,662701.12
1974,lpush5,1000000,482423.56
1974,lrange5,1000000,560681.62
1975,lpush5,1000000,471039.12
1975,lrange5,1000000,973756.62
1976,lpush5,1000000,654022.19
1976,lrange5,1000000,927643.81
1977,lpush5,1000000,668034.75
1977,lrange5,1000000,933134.31
1978,lpush5,1000000,700313.75
1978,lrange5,1000000,1087130.38
1979,lpush5,1000000,701776.88
1979,lrange5,1000000,1077689.62
1980,lpush5,1000000,710766.19
1980,lrange5,1000000,1093158.50
1981,lpush5,1000000,708841.94
1981,lrange5,1000000,1046058.62
1982,lpush5,1000000,681209.81
1982,lrange5,1000000,1049351.50
1983,lpush5,1000000,701765.62
1983,lrange5,1000000,1062818.25
1984,lpush5,1000000,691596.12
1984,lrange5,1000000,1096684.25
1985,lpush5,1000000,697405.88
1985,lrange5,1000000,1108682.88
1986,lpush5,1000000,700770.81
1986,lrange5,1000000,1024754.06
1987,lpush5,1000000,709276.62
1987,lrange5,1000000,702763.19
1988,lpush5,1000000,535383.31
1988,lrange5,1000000,797473.69
1989,lpush5,1000000,354501.22
1989,lrange5,1000000,504726.53
1990,lpush5,1000000,546746.88
1990,lrange5,1000000,836173.94
1991,lpush5,1000000,585832.44
1991,lrange5,1000000,836900.38
1992,lpush5,1000000,607543.12
1992,lrange5,1000000,878790.88
1993,lpush5,1000000,629743.06
1993,lrange5,1000000,856301.38
1994,lpush5,1000000,657472.69
1994,lrange5,1000000,970025.19
1995,lpush5,1000000,665378.56
1995,lrange5,1000000,878861.12
1996,lpush5,1000000,646005.19
1996,lrange5,1000000,915882.75
1997,lpush5,1000000,652409.69
1997,lrange5,1000000,886524.81
1998,lpush5,1000000,631046.06
1998,lrange5,1000000,884456.19
1999,lpush5,1000000,668928.44
1999,lrange5,1000000,886737.56
2000,lpush5,1000000,665389.19
2000,lrange5,1000000,895269.50
