trial,operation,requests,rps
1,lpush5,1000000,790589.75
1,lrange5,1000000,1190514.38
2,lpush5,1000000,779498.06
2,lrange5,1000000,1209441.38
3,lpush5,1000000,797575.81
3,lrange5,1000000,1165501.25
4,lpush5,1000000,768664.12
4,lrange5,1000000,1107508.25
5,lpush5,1000000,805904.88
5,lrange5,1000000,1213650.50
6,lpush5,1000000,808536.81
6,lrange5,1000000,1222709.00
7,lpush5,1000000,778978.19
7,lrange5,1000000,1215202.88
8,lpush5,1000000,798186.75
8,lrange5,1000000,1156069.38
9,lpush5,1000000,805153.00
9,lrange5,1000000,1225568.62
10,lpush5,1000000,794925.25
10,lrange5,1000000,1154845.25
11,lpush5,1000000,788668.75
11,lrange5,1000000,1228599.50
12,lpush5,1000000,783699.06
12,lrange5,1000000,1209402.62
13,lpush5,1000000,810437.62
13,lrange5,1000000,1215066.75
14,lpush5,1000000,803858.56
14,lrange5,1000000,1200576.25
15,lpush5,1000000,789914.69
15,lrange5,1000000,1230071.25
16,lpush5,1000000,805153.00
16,lrange5,1000000,1173727.75
17,lpush5,1000000,790589.75
17,lrange5,1000000,1216603.38
18,lpush5,1000000,817045.75
18,lrange5,1000000,1239197.00
19,lpush5,1000000,807154.19
19,lrange5,1000000,1197719.75
20,lpush5,1000000,796851.00
20,lrange5,1000000,1221098.88
21,lpush5,1000000,806516.12
21,lrange5,1000000,1221079.38
22,lpush5,1000000,805165.88
22,lrange5,1000000,1212179.38
23,lpush5,1000000,805814.62
23,lrange5,1000000,1175182.12
24,lpush5,1000000,793688.88
24,lrange5,1000000,1225490.25
25,lpush5,1000000,803238.56
25,lrange5,1000000,1216661.75
26,lpush5,1000000,803910.00
26,lrange5,1000000,1206272.62
27,lpush5,1000000,805943.56
27,lrange5,1000000,1224029.38
28,lpush5,1000000,812347.75
28,lrange5,1000000,1203408.00
29,lpush5,1000000,793110.19
29,lrange5,1000000,1222493.88
30,lpush5,1000000,806490.31
30,lrange5,1000000,1215261.25
31,lpush5,1000000,805866.19
31,lrange5,1000000,1231527.12
32,lpush5,1000000,809833.19
32,lrange5,1000000,1050453.75
33,lpush5,1000000,784313.75
33,lrange5,1000000,1207806.75
34,lpush5,1000000,811701.31
34,lrange5,1000000,1222611.25
35,lpush5,1000000,815022.00
35,lrange5,1000000,1182297.88
36,lpush5,1000000,789902.06
36,lrange5,1000000,1204954.25
37,lpush5,1000000,805917.75
37,lrange5,1000000,1231546.88
38,lpush5,1000000,802593.88
38,lrange5,1000000,1234864.25
39,lpush5,1000000,810489.50
39,lrange5,1000000,1222689.50
40,lpush5,1000000,817124.19
40,lrange5,1000000,1210847.50
41,lpush5,1000000,809100.38
41,lrange5,1000000,1221001.25
42,lpush5,1000000,805853.31
42,lrange5,1000000,1233164.00
43,lpush5,1000000,806464.50
43,lrange5,1000000,1206369.12
44,lpush5,1000000,791177.19
44,lrange5,1000000,1227013.50
45,lpush5,1000000,813112.19
45,lrange5,1000000,1207787.38
46,lpush5,1000000,793059.44
46,lrange5,1000000,1209247.88
47,lpush5,1000000,813773.81
47,lrange5,1000000,1243880.62
48,lpush5,1000000,807128.38
48,lrange5,1000000,1224029.38
49,lpush5,1000000,817032.69
49,lrange5,1000000,1215183.50
50,lpush5,1000000,809897.94
50,lrange5,1000000,1226993.88
51,lpush5,1000000,811198.69
51,lrange5,1000000,1224029.38
52,lpush5,1000000,813021.12
52,lrange5,1000000,1210692.50
53,lpush5,1000000,805204.50
53,lrange5,1000000,1230366.50
54,lpush5,1000000,818343.69
54,lrange5,1000000,1219590.25
55,lpush5,1000000,809833.19
55,lrange5,1000000,1243820.88
56,lpush5,1000000,811740.25
56,lrange5,1000000,1239316.00
57,lpush5,1000000,815726.00
57,lrange5,1000000,1228776.38
58,lpush5,1000000,804608.19
58,lrange5,1000000,1251704.62
59,lpush5,1000000,817713.81
59,lrange5,1000000,1225568.62
60,lpush5,1000000,796825.50
60,lrange5,1000000,1230071.25
61,lpush5,1000000,814332.19
61,lrange5,1000000,1234567.88
62,lpush5,1000000,808485.06
62,lrange5,1000000,1206407.75
63,lpush5,1000000,811107.81
63,lrange5,1000000,1236311.50
64,lpush5,1000000,817058.81
64,lrange5,1000000,1233242.88
65,lpush5,1000000,811172.75
65,lrange5,1000000,1243980.12
66,lpush5,1000000,817753.06
66,lrange5,1000000,1239216.88
67,lpush5,1000000,815139.38
67,lrange5,1000000,1237782.12
68,lpush5,1000000,806451.62
68,lrange5,1000000,1230110.62
69,lpush5,1000000,820410.19
69,lrange5,1000000,1239157.38
70,lpush5,1000000,817661.44
70,lrange5,1000000,1239216.88
71,lpush5,1000000,814384.31
71,lrange5,1000000,1237801.88
72,lpush5,1000000,813760.81
72,lrange5,1000000,1247062.38
73,lpush5,1000000,811857.12
73,lrange5,1000000,1221098.88
74,lpush5,1000000,820423.31
74,lrange5,1000000,1237722.75
75,lpush5,1000000,815686.81
75,lrange5,1000000,1206446.38
76,lpush5,1000000,820410.19
76,lrange5,1000000,1230228.75
77,lpush5,1000000,813073.19
77,lrange5,1000000,1243920.38
78,lpush5,1000000,807857.81
78,lrange5,1000000,1237940.50
79,lpush5,1000000,815008.94
79,lrange5,1000000,1250040.00
80,lpush5,1000000,817058.81
80,lrange5,1000000,1228658.50
81,lpush5,1000000,819698.31
81,lrange5,1000000,1241032.25
82,lpush5,1000000,810411.69
82,lrange5,1000000,1216720.12
83,lpush5,1000000,818330.62
83,lrange5,1000000,1206311.25
84,lpush5,1000000,811030.00
84,lrange5,1000000,1228855.00
85,lpush5,1000000,808485.06
85,lrange5,1000000,1219551.25
86,lpush5,1000000,807154.19
86,lrange5,1000000,1225627.50
87,lpush5,1000000,803379.94
87,lrange5,1000000,1228560.12
88,lpush5,1000000,785709.38
88,lrange5,1000000,1173727.75
89,lpush5,1000000,801950.31
89,lrange5,1000000,1209422.00
90,lpush5,1000000,803341.38
90,lrange5,1000000,1237663.38
91,lpush5,1000000,820383.94
91,lrange5,1000000,1221059.88
92,lpush5,1000000,811688.31
92,lrange5,1000000,1190514.38
93,lpush5,1000000,817766.12
93,lrange5,1000000,1234804.88
94,lpush5,1000000,810424.69
94,lrange5,1000000,1246942.62
95,lpush5,1000000,815712.94
95,lrange5,1000000,1236232.38
96,lpush5,1000000,810411.69
96,lrange5,1000000,1186277.62
97,lpush5,1000000,816993.50
97,lrange5,1000000,1234567.88
98,lpush5,1000000,817726.88
98,lrange5,1000000,1233085.12
99,lpush5,1000000,815686.81
99,lrange5,1000000,1245330.00
100,lpush5,1000000,768147.44
100,lrange5,1000000,1240873.50
101,lpush5,1000000,820344.56
101,lrange5,1000000,1199040.75
102,lpush5,1000000,813164.19
102,lrange5,1000000,1221059.88
103,lpush5,1000000,815035.06
103,lrange5,1000000,1240952.88
104,lpush5,1000000,815074.19
104,lrange5,1000000,1237702.88
105,lpush5,1000000,811753.25
105,lrange5,1000000,1236173.00
106,lpush5,1000000,808498.00
106,lrange5,1000000,819131.88
107,lpush5,1000000,570468.88
107,lrange5,1000000,1116214.25
108,lpush5,1000000,809846.12
108,lrange5,1000000,1226993.88
109,lpush5,1000000,805840.44
109,lrange5,1000000,1218124.25
110,lpush5,1000000,812347.75
110,lrange5,1000000,1239454.75
111,lpush5,1000000,799373.25
111,lrange5,1000000,1236093.88
112,lpush5,1000000,809716.56
112,lrange5,1000000,1219531.75
113,lpush5,1000000,813760.81
113,lrange5,1000000,1233203.50
114,lpush5,1000000,811727.25
114,lrange5,1000000,1215125.12
115,lpush5,1000000,815660.69
115,lrange5,1000000,1221020.75
116,lpush5,1000000,808407.44
116,lrange5,1000000,1200557.00
117,lpush5,1000000,813125.19
117,lrange5,1000000,1236212.62
118,lpush5,1000000,813825.88
118,lrange5,1000000,1236173.00
119,lpush5,1000000,804543.81
119,lrange5,1000000,1210770.00
120,lpush5,1000000,797448.19
120,lrange5,1000000,1187667.50
121,lpush5,1000000,807870.75
121,lrange5,1000000,1239276.38
122,lpush5,1000000,809716.56
122,lrange5,1000000,1244059.62
123,lpush5,1000000,805230.31
123,lrange5,1000000,1237663.38
124,lpush5,1000000,822381.62
124,lrange5,1000000,1234706.12
125,lpush5,1000000,807218.75
125,lrange5,1000000,1193412.88
126,lpush5,1000000,818487.75
126,lrange5,1000000,1222533.00
127,lpush5,1000000,821824.12
127,lrange5,1000000,1222493.88
128,lpush5,1000000,810424.69
128,lrange5,1000000,1221138.00
129,lpush5,1000000,811081.88
129,lrange5,1000000,1222611.25
130,lpush5,1000000,814462.50
130,lrange5,1000000,1227150.88
131,lpush5,1000000,817006.56
131,lrange5,1000000,1215280.62
132,lpush5,1000000,818383.00
132,lrange5,1000000,1231546.88
133,lpush5,1000000,814345.25
133,lrange5,1000000,1206291.88
134,lpush5,1000000,811779.25
134,lrange5,1000000,1225588.25
135,lpush5,1000000,816457.12
135,lrange5,1000000,1221274.75
136,lpush5,1000000,817805.38
136,lrange5,1000000,1225764.75
137,lpush5,1000000,813073.19
137,lrange5,1000000,1243920.38
138,lpush5,1000000,818474.62
138,lrange5,1000000,1218046.38
139,lpush5,1000000,817202.62
139,lrange5,1000000,1233065.38
140,lpush5,1000000,815712.94
140,lrange5,1000000,1234765.38
141,lpush5,1000000,812360.69
141,lrange5,1000000,1227052.75
142,lpush5,1000000,821719.00
142,lrange5,1000000,1227190.25
143,lpush5,1000000,809716.56
143,lrange5,1000000,1221079.38
144,lpush5,1000000,815100.25
144,lrange5,1000000,1242573.88
145,lpush5,1000000,813099.19
145,lrange5,1000000,1190533.38
146,lpush5,1000000,815048.06
146,lrange5,1000000,1242395.00
147,lpush5,1000000,819053.25
147,lrange5,1000000,1245350.00
148,lpush5,1000000,818330.62
148,lrange5,1000000,1225843.12
149,lpush5,1000000,819027.06
149,lrange5,1000000,1243880.62
150,lpush5,1000000,808433.31
150,lrange5,1000000,1230209.12
151,lpush5,1000000,811055.94
151,lrange5,1000000,1233203.50
152,lpush5,1000000,817674.56
152,lrange5,1000000,1210711.88
153,lpush5,1000000,809074.50
153,lrange5,1000000,1237663.38
154,lpush5,1000000,811198.69
154,lrange5,1000000,1245469.50
155,lpush5,1000000,811042.94
155,lrange5,1000000,1206369.12
156,lpush5,1000000,817071.94
156,lrange5,1000000,1248659.12
157,lpush5,1000000,813073.19
157,lrange5,1000000,1254705.12
158,lpush5,1000000,813760.81
158,lrange5,1000000,1203542.75
159,lpush5,1000000,796229.25
159,lrange5,1000000,1231586.25
160,lpush5,1000000,807819.06
160,lrange5,1000000,1221196.62
161,lpush5,1000000,821797.88
161,lrange5,1000000,1233065.38
162,lpush5,1000000,815726.00
162,lrange5,1000000,1236331.25
163,lpush5,1000000,809178.06
163,lrange5,1000000,1227072.38
164,lpush5,1000000,809846.12
164,lrange5,1000000,1207922.75
165,lpush5,1000000,811068.94
165,lrange5,1000000,1243920.38
166,lpush5,1000000,815061.12
166,lrange5,1000000,1246962.62
167,lpush5,1000000,762268.25
167,lrange5,1000000,1165538.50
168,lpush5,1000000,796825.50
168,lrange5,1000000,1182260.00
169,lpush5,1000000,821784.69
169,lrange5,1000000,1253333.38
170,lpush5,1000000,807115.44
170,lrange5,1000000,1234646.88
171,lpush5,1000000,818435.38
171,lrange5,1000000,1247002.50
172,lpush5,1000000,819724.56
172,lrange5,1000000,1227131.25
173,lpush5,1000000,817687.62
173,lrange5,1000000,1239236.75
174,lpush5,1000000,808459.19
174,lrange5,1000000,1251564.38
175,lpush5,1000000,813708.75
175,lrange5,1000000,1226993.88
176,lpush5,1000000,821070.56
176,lrange5,1000000,1251644.50
177,lpush5,1000000,821031.19
177,lrange5,1000000,1248499.38
178,lpush5,1000000,799360.50
178,lrange5,1000000,1222572.12
179,lpush5,1000000,811042.94
179,lrange5,1000000,1248679.12
180,lpush5,1000000,818356.81
180,lrange5,1000000,1234567.88
181,lpush5,1000000,818330.62
181,lrange5,1000000,1221001.25
182,lpush5,1000000,819053.25
182,lrange5,1000000,1239157.38
183,lpush5,1000000,819053.25
183,lrange5,1000000,1242236.00
184,lpush5,1000000,813008.12
184,lrange5,1000000,1230189.38
185,lpush5,1000000,815048.06
185,lrange5,1000000,1242236.00
186,lpush5,1000000,815660.69
186,lrange5,1000000,1240694.75
187,lpush5,1000000,820397.06
187,lrange5,1000000,1231586.25
188,lpush5,1000000,809729.56
188,lrange5,1000000,1224186.12
189,lpush5,1000000,814423.44
189,lrange5,1000000,1242335.38
190,lpush5,1000000,811766.25
190,lrange5,1000000,1245330.00
191,lpush5,1000000,819000.88
191,lrange5,1000000,1228501.25
192,lpush5,1000000,815726.00
192,lrange5,1000000,1233341.62
193,lpush5,1000000,815752.06
193,lrange5,1000000,1212140.62
194,lpush5,1000000,813008.12
194,lrange5,1000000,1200480.12
195,lpush5,1000000,786163.56
195,lrange5,1000000,1236173.00
196,lpush5,1000000,810411.69
196,lrange5,1000000,1250060.00
197,lpush5,1000000,816326.50
197,lrange5,1000000,1218143.75
198,lpush5,1000000,819711.44
198,lrange5,1000000,1215066.75
199,lpush5,1000000,816339.56
199,lrange5,1000000,1237782.12
200,lpush5,1000000,812503.69
200,lrange5,1000000,1243940.25
201,lpush5,1000000,819013.94
201,lrange5,1000000,1202269.25
202,lpush5,1000000,795583.12
202,lrange5,1000000,1248599.25
203,lpush5,1000000,815074.19
203,lrange5,1000000,1236351.00
204,lpush5,1000000,815660.69
204,lrange5,1000000,1228560.12
205,lpush5,1000000,820370.81
205,lrange5,1000000,1230091.00
206,lpush5,1000000,827854.31
206,lrange5,1000000,1200576.25
207,lpush5,1000000,811120.81
207,lrange5,1000000,1209383.25
208,lpush5,1000000,824402.25
208,lrange5,1000000,1245389.88
209,lpush5,1000000,811740.25
209,lrange5,1000000,1234804.88
210,lpush5,1000000,801937.44
210,lrange5,1000000,1218104.75
211,lpush5,1000000,817674.56
211,lrange5,1000000,1215280.62
212,lpush5,1000000,795544.94
212,lrange5,1000000,1112400.50
213,lpush5,1000000,771679.00
213,lrange5,1000000,1200633.88
214,lpush5,1000000,798122.88
214,lrange5,1000000,1194857.75
215,lpush5,1000000,811030.00
215,lrange5,1000000,1240714.62
216,lpush5,1000000,814462.50
216,lrange5,1000000,1231606.00
217,lpush5,1000000,809781.38
217,lrange5,1000000,1224127.38
218,lpush5,1000000,796851.00
218,lrange5,1000000,1226993.88
219,lpush5,1000000,805217.38
219,lrange5,1000000,1197624.00
220,lpush5,1000000,812347.75
220,lrange5,1000000,1197662.25
221,lpush5,1000000,803884.25
221,lrange5,1000000,1182070.88
222,lpush5,1000000,802760.81
222,lrange5,1000000,1172483.00
223,lpush5,1000000,808407.44
223,lrange5,1000000,1186372.50
224,lpush5,1000000,800089.62
224,lrange5,1000000,1197719.75
225,lpush5,1000000,805204.50
225,lrange5,1000000,1213650.50
226,lpush5,1000000,781873.31
226,lrange5,1000000,1177969.38
227,lpush5,1000000,785029.81
227,lrange5,1000000,1182108.75
228,lpush5,1000000,795039.75
228,lrange5,1000000,1199155.88
229,lpush5,1000000,780106.12
229,lrange5,1000000,1218046.38
230,lpush5,1000000,809820.25
230,lrange5,1000000,1204838.62
231,lpush5,1000000,789266.00
231,lrange5,1000000,1200595.38
232,lpush5,1000000,783811.88
232,lrange5,1000000,1156087.88
233,lpush5,1000000,793097.50
233,lrange5,1000000,1203369.50
234,lpush5,1000000,787502.38
234,lrange5,1000000,1183621.25
235,lpush5,1000000,791253.12
235,lrange5,1000000,1218065.75
236,lpush5,1000000,796178.31
236,lrange5,1000000,1197739.00
237,lpush5,1000000,803935.69
237,lrange5,1000000,1197777.25
238,lpush5,1000000,738066.44
238,lrange5,1000000,1227190.25
239,lpush5,1000000,798084.56
239,lrange5,1000000,1218280.12
240,lpush5,1000000,806503.25
240,lrange5,1000000,1180675.38
241,lpush5,1000000,793714.31
241,lrange5,1000000,1222669.88
242,lpush5,1000000,799450.00
242,lrange5,1000000,1215086.25
243,lpush5,1000000,794433.69
243,lrange5,1000000,1179245.25
244,lpush5,1000000,803858.56
244,lrange5,1000000,1203388.75
245,lpush5,1000000,803884.25
245,lrange5,1000000,1193336.50
246,lpush5,1000000,796305.69
246,lrange5,1000000,1210847.50
247,lpush5,1000000,805917.75
247,lrange5,1000000,1228520.88
248,lpush5,1000000,798722.06
248,lrange5,1000000,1210653.75
249,lpush5,1000000,818383.00
249,lrange5,1000000,1224127.38
250,lpush5,1000000,818553.19
250,lrange5,1000000,1204838.62
251,lpush5,1000000,817045.75
251,lrange5,1000000,1222493.88
252,lpush5,1000000,809820.25
252,lrange5,1000000,1186410.50
253,lpush5,1000000,815139.38
253,lrange5,1000000,1231625.62
254,lpush5,1000000,816339.56
254,lrange5,1000000,1244019.88
255,lpush5,1000000,807231.69
255,lrange5,1000000,1145530.38
256,lpush5,1000000,765208.88
256,lrange5,1000000,1169646.75
257,lpush5,1000000,804608.19
257,lrange5,1000000,1190609.50
258,lpush5,1000000,800025.62
258,lrange5,1000000,1186372.50
259,lpush5,1000000,781387.50
259,lrange5,1000000,1152147.50
260,lpush5,1000000,774618.12
260,lrange5,1000000,1172408.00
261,lpush5,1000000,800089.62
261,lrange5,1000000,1148160.75
262,lpush5,1000000,802568.19
262,lrange5,1000000,1173877.88
263,lpush5,1000000,761035.00
263,lrange5,1000000,1213844.62
264,lpush5,1000000,800730.19
264,lrange5,1000000,1183678.12
265,lpush5,1000000,800000.00
265,lrange5,1000000,1183545.50
266,lpush5,1000000,796267.50
266,lrange5,1000000,1199040.75
267,lpush5,1000000,803922.88
267,lrange5,1000000,1213728.12
268,lpush5,1000000,794293.94
268,lrange5,1000000,1219609.75
269,lpush5,1000000,796229.25
269,lrange5,1000000,1202115.38
270,lpush5,1000000,811094.88
270,lrange5,1000000,1201942.25
271,lpush5,1000000,797614.06
271,lrange5,1000000,1207922.75
272,lpush5,1000000,800666.19
272,lrange5,1000000,1213767.00
273,lpush5,1000000,803315.69
273,lrange5,1000000,1190590.50
274,lpush5,1000000,793122.88
274,lrange5,1000000,1153439.50
275,lpush5,1000000,792456.44
275,lrange5,1000000,1171072.62
276,lpush5,1000000,788643.50
276,lrange5,1000000,1209305.88
277,lpush5,1000000,808498.00
277,lrange5,1000000,1219648.75
278,lpush5,1000000,784326.31
278,lrange5,1000000,1219609.75
279,lpush5,1000000,798798.75
279,lrange5,1000000,1180656.38
280,lpush5,1000000,777667.19
280,lrange5,1000000,1177969.38
281,lpush5,1000000,795608.62
281,lrange5,1000000,1184891.00
282,lpush5,1000000,796280.25
282,lrange5,1000000,1210866.88
283,lpush5,1000000,786276.75
283,lrange5,1000000,1213592.25
284,lpush5,1000000,800666.19
284,lrange5,1000000,1209518.75
285,lpush5,1000000,799411.62
285,lrange5,1000000,1215241.75
286,lpush5,1000000,807935.38
286,lrange5,1000000,1225686.25
287,lpush5,1000000,796851.00
287,lrange5,1000000,1221020.75
288,lpush5,1000000,795039.75
288,lrange5,1000000,1206311.25
289,lpush5,1000000,805307.56
289,lrange5,1000000,1176527.00
290,lpush5,1000000,796863.75
290,lrange5,1000000,1169815.12
291,lpush5,1000000,800064.00
291,lrange5,1000000,1215105.75
292,lpush5,1000000,801384.62
292,lrange5,1000000,1182260.00
293,lpush5,1000000,809113.31
293,lrange5,1000000,1206311.25
294,lpush5,1000000,799424.44
294,lrange5,1000000,1179452.88
295,lpush5,1000000,802581.00
295,lrange5,1000000,1216817.50
296,lpush5,1000000,786201.31
296,lrange5,1000000,1200499.38
297,lpush5,1000000,794306.62
297,lrange5,1000000,1206349.88
298,lpush5,1000000,800730.19
298,lrange5,1000000,1197624.00
299,lpush5,1000000,799360.50
299,lrange5,1000000,1224186.12
300,lpush5,1000000,745879.19
300,lrange5,1000000,1138952.12
301,lpush5,1000000,794357.44
301,lrange5,1000000,1187724.50
302,lpush5,1000000,806477.44
302,lrange5,1000000,1222689.50
303,lpush5,1000000,791867.00
303,lrange5,1000000,1231527.12
304,lpush5,1000000,786832.38
304,lrange5,1000000,1191971.38
305,lpush5,1000000,796229.25
305,lrange5,1000000,1173859.12
306,lpush5,1000000,806503.25
306,lrange5,1000000,1173727.75
307,lpush5,1000000,795544.94
307,lrange5,1000000,1202096.12
308,lpush5,1000000,789367.06
308,lrange5,1000000,1222552.50
309,lpush5,1000000,785633.94
309,lrange5,1000000,1190533.38
310,lpush5,1000000,807819.06
310,lrange5,1000000,1186391.50
311,lpush5,1000000,795608.62
311,lrange5,1000000,1187781.50
312,lpush5,1000000,789939.94
312,lrange5,1000000,1173765.25
313,lpush5,1000000,786857.56
313,lrange5,1000000,1222748.12
314,lpush5,1000000,801963.12
314,lrange5,1000000,1189060.62
315,lpush5,1000000,813786.81
315,lrange5,1000000,1200557.00
316,lpush5,1000000,796812.75
316,lrange5,1000000,1176696.50
317,lpush5,1000000,807793.19
317,lrange5,1000000,1162809.25
318,lpush5,1000000,712421.62
318,lrange5,1000000,1128812.62
319,lpush5,1000000,815008.94
319,lrange5,1000000,1146954.12
320,lpush5,1000000,802658.06
320,lrange5,1000000,1187781.50
321,lpush5,1000000,797499.25
321,lrange5,1000000,1219687.88
322,lpush5,1000000,775807.56
322,lrange5,1000000,1140323.88
323,lpush5,1000000,795544.94
323,lrange5,1000000,1209402.62
324,lpush5,1000000,791177.19
324,lrange5,1000000,1172689.38
325,lpush5,1000000,806593.56
325,lrange5,1000000,1197624.00
326,lpush5,1000000,789278.62
326,lrange5,1000000,1203369.50
327,lpush5,1000000,798097.38
327,lrange5,1000000,1184910.00
328,lpush5,1000000,805191.62
328,lrange5,1000000,1213669.88
329,lpush5,1000000,773457.06
329,lrange5,1000000,1182052.00
330,lpush5,1000000,786794.62
330,lrange5,1000000,1180713.12
331,lpush5,1000000,794988.88
331,lrange5,1000000,1144183.00
332,lpush5,1000000,792431.06
332,lrange5,1000000,1170979.00
333,lpush5,1000000,802593.88
333,lrange5,1000000,1190514.38
334,lpush5,1000000,801333.31
334,lrange5,1000000,1175426.50
335,lpush5,1000000,797448.19
335,lrange5,1000000,1189174.75
336,lpush5,1000000,786264.19
336,lrange5,1000000,1204838.62
337,lpush5,1000000,811159.75
337,lrange5,1000000,1212373.38
338,lpush5,1000000,803225.69
338,lrange5,1000000,1167010.50
339,lpush5,1000000,772250.19
339,lrange5,1000000,1148124.00
340,lpush5,1000000,811030.00
340,lrange5,1000000,1165613.12
341,lpush5,1000000,802078.62
341,lrange5,1000000,1194915.12
342,lpush5,1000000,799424.44
342,lrange5,1000000,1204877.12
343,lpush5,1000000,810372.81
343,lrange5,1000000,1203581.25
344,lpush5,1000000,798110.12
344,lrange5,1000000,1179358.50
345,lpush5,1000000,791879.62
345,lrange5,1000000,1169702.88
346,lpush5,1000000,805853.31
346,lrange5,1000000,1209383.25
347,lpush5,1000000,802581.00
347,lrange5,1000000,1233282.38
348,lpush5,1000000,793021.38
348,lrange5,1000000,1180637.50
349,lpush5,1000000,803225.69
349,lrange5,1000000,1239177.25
350,lpush5,1000000,813099.19
350,lrange5,1000000,1184853.12
351,lpush5,1000000,807780.25
351,lrange5,1000000,1212198.75
352,lpush5,1000000,805165.88
352,lrange5,1000000,1225509.88
353,lpush5,1000000,798199.50
353,lrange5,1000000,1182070.88
354,lpush5,1000000,806619.38
354,lrange5,1000000,1213650.50
355,lpush5,1000000,810398.75
355,lrange5,1000000,1196344.50
356,lpush5,1000000,805165.88
356,lrange5,1000000,1206407.75
357,lpush5,1000000,807922.44
357,lrange5,1000000,1203388.75
358,lpush5,1000000,796267.50
358,lrange5,1000000,1184891.00
359,lpush5,1000000,807154.19
359,lrange5,1000000,1231763.62
360,lpush5,1000000,801320.50
360,lrange5,1000000,1207729.50
361,lpush5,1000000,795557.69
361,lrange5,1000000,1194762.25
362,lpush5,1000000,801320.50
362,lrange5,1000000,1215261.25
363,lpush5,1000000,808433.31
363,lrange5,1000000,1210653.75
364,lpush5,1000000,802001.62
364,lrange5,1000000,1193508.38
365,lpush5,1000000,794281.19
365,lrange5,1000000,1180996.50
366,lpush5,1000000,775255.81
366,lrange5,1000000,1167085.25
367,lpush5,1000000,784992.12
367,lrange5,1000000,1153439.50
368,lpush5,1000000,786782.06
368,lrange5,1000000,1219512.25
369,lpush5,1000000,805814.62
369,lrange5,1000000,1191933.25
370,lpush5,1000000,803225.69
370,lrange5,1000000,1199079.12
371,lpush5,1000000,805217.38
371,lrange5,1000000,1215125.12
372,lpush5,1000000,798734.81
372,lrange5,1000000,1172464.25
373,lpush5,1000000,806451.62
373,lrange5,1000000,1199232.62
374,lpush5,1000000,792469.12
374,lrange5,1000000,1190647.62
375,lpush5,1000000,804556.69
375,lrange5,1000000,1231527.12
376,lpush5,1000000,795557.69
376,lrange5,1000000,1206369.12
377,lpush5,1000000,803212.88
377,lrange5,1000000,1175106.88
378,lpush5,1000000,788694.00
378,lrange5,1000000,1142912.00
379,lpush5,1000000,793739.69
379,lrange5,1000000,1091842.75
380,lpush5,1000000,798148.44
380,lrange5,1000000,1165575.75
381,lpush5,1000000,789952.56
381,lrange5,1000000,1203446.50
382,lpush5,1000000,796812.75
382,lrange5,1000000,1144274.62
383,lpush5,1000000,776409.94
383,lrange5,1000000,1197719.75
384,lpush5,1000000,790589.75
384,lrange5,1000000,1190476.25
385,lpush5,1000000,803302.81
385,lrange5,1000000,1204935.00
386,lpush5,1000000,787401.56
386,lrange5,1000000,1187686.50
387,lpush5,1000000,797588.56
387,lrange5,1000000,1203562.00
388,lpush5,1000000,804505.19
388,lrange5,1000000,1213747.62
389,lpush5,1000000,798798.75
389,lrange5,1000000,1212257.00
390,lpush5,1000000,775218.62
390,lrange5,1000000,1187648.50
391,lpush5,1000000,780081.19
391,lrange5,1000000,1200576.25
392,lpush5,1000000,768086.00
392,lrange5,1000000,1057200.88
393,lpush5,1000000,757636.31
393,lrange5,1000000,1156143.38
394,lpush5,1000000,789939.94
394,lrange5,1000000,1203600.50
395,lpush5,1000000,801924.62
395,lrange5,1000000,1178026.00
396,lpush5,1000000,802658.06
396,lrange5,1000000,1190628.62
397,lpush5,1000000,796318.44
397,lrange5,1000000,1148179.12
398,lpush5,1000000,801988.81
398,lrange5,1000000,1196306.12
399,lpush5,1000000,804543.81
399,lrange5,1000000,1193489.25
400,lpush5,1000000,786782.06
400,lrange5,1000000,1192066.75
401,lpush5,1000000,788072.44
401,lrange5,1000000,1203369.50
402,lpush5,1000000,803884.25
402,lrange5,1000000,1164237.50
403,lpush5,1000000,801294.88
403,lrange5,1000000,1200518.62
404,lpush5,1000000,794988.88
404,lrange5,1000000,1206369.12
405,lpush5,1000000,796851.00
405,lrange5,1000000,1206446.38
406,lpush5,1000000,807780.25
406,lrange5,1000000,1137747.38
407,lpush5,1000000,768664.12
407,lrange5,1000000,1197700.62
408,lpush5,1000000,797550.25
408,lrange5,1000000,1147027.50
409,lpush5,1000000,793765.06
409,lrange5,1000000,1209325.25
410,lpush5,1000000,788085.06
410,lrange5,1000000,1203504.25
411,lpush5,1000000,787414.19
411,lrange5,1000000,1185156.38
412,lpush5,1000000,790003.12
412,lrange5,1000000,1200499.38
413,lpush5,1000000,792393.06
413,lrange5,1000000,1228658.50
414,lpush5,1000000,773395.19
414,lrange5,1000000,1149517.25
415,lpush5,1000000,788122.88
415,lrange5,1000000,1180637.50
416,lpush5,1000000,803212.88
416,lrange5,1000000,1182033.12
417,lpush5,1000000,787426.81
417,lrange5,1000000,1164181.62
418,lpush5,1000000,791841.62
418,lrange5,1000000,1207787.38
419,lpush5,1000000,809768.44
419,lrange5,1000000,1203639.00
420,lpush5,1000000,785558.50
420,lrange5,1000000,1189250.88
421,lpush5,1000000,797486.50
421,lrange5,1000000,1156087.88
422,lpush5,1000000,763978.62
422,lrange5,1000000,1171203.75
423,lpush5,1000000,785583.69
423,lrange5,1000000,1196210.50
424,lpush5,1000000,797614.06
424,lrange5,1000000,1212334.62
425,lpush5,1000000,796965.75
425,lrange5,1000000,1210925.00
426,lpush5,1000000,796927.50
426,lrange5,1000000,1216583.88
427,lpush5,1000000,803289.94
427,lrange5,1000000,1216545.00
428,lpush5,1000000,789329.12
428,lrange5,1000000,1176602.38
429,lpush5,1000000,788744.50
429,lrange5,1000000,1186391.50
430,lpush5,1000000,791765.62
430,lrange5,1000000,1193374.75
431,lpush5,1000000,787552.75
431,lrange5,1000000,1184834.12
432,lpush5,1000000,778903.38
432,lrange5,1000000,1184910.00
433,lpush5,1000000,774704.88
433,lrange5,1000000,1207826.12
434,lpush5,1000000,784326.31
434,lrange5,1000000,1176696.50
435,lpush5,1000000,788059.88
435,lrange5,1000000,1203465.75
436,lpush5,1000000,794912.56
436,lrange5,1000000,1193412.88
437,lpush5,1000000,799437.25
437,lrange5,1000000,1137711.00
438,lpush5,1000000,785017.25
438,lrange5,1000000,1190533.38
439,lpush5,1000000,793021.38
439,lrange5,1000000,1212121.25
440,lpush5,1000000,797460.94
440,lrange5,1000000,1179301.88
441,lpush5,1000000,803897.12
441,lrange5,1000000,1169721.62
442,lpush5,1000000,784979.56
442,lrange5,1000000,1168243.00
443,lpush5,1000000,777642.31
443,lrange5,1000000,1179283.00
444,lpush5,1000000,802593.88
444,lrange5,1000000,1173708.88
445,lpush5,1000000,796876.50
445,lrange5,1000000,1176658.75
446,lpush5,1000000,777038.12
446,lrange5,1000000,1161626.00
447,lpush5,1000000,789392.31
447,lrange5,1000000,1182146.50
448,lpush5,1000000,800781.44
448,lrange5,1000000,1189060.62
449,lpush5,1000000,796953.00
449,lrange5,1000000,1145713.62
450,lpush5,1000000,804518.06
450,lrange5,1000000,1172539.25
451,lpush5,1000000,800025.62
451,lrange5,1000000,1187762.50
452,lpush5,1000000,780677.56
452,lrange5,1000000,1156087.88
453,lpush5,1000000,795544.94
453,lrange5,1000000,1165631.75
454,lpush5,1000000,801333.31
454,lrange5,1000000,1130106.25
455,lpush5,1000000,777667.19
455,lrange5,1000000,1182222.25
456,lpush5,1000000,794963.44
456,lrange5,1000000,1179377.38
457,lpush5,1000000,793097.50
457,lrange5,1000000,1164293.38
458,lpush5,1000000,789329.12
458,lrange5,1000000,1186505.38
459,lpush5,1000000,800025.62
459,lrange5,1000000,1154845.25
460,lpush5,1000000,773457.06
460,lrange5,1000000,1133931.88
461,lpush5,1000000,791854.31
461,lrange5,1000000,1167010.50
462,lpush5,1000000,805866.19
462,lrange5,1000000,1164218.88
463,lpush5,1000000,802052.94
463,lrange5,1000000,1135237.25
464,lpush5,1000000,802696.62
464,lrange5,1000000,1212315.12
465,lpush5,1000000,778222.56
465,lrange5,1000000,1176508.25
466,lpush5,1000000,805827.50
466,lrange5,1000000,1177894.00
467,lpush5,1000000,786188.69
467,lrange5,1000000,1179528.38
468,lpush5,1000000,786163.56
468,lrange5,1000000,1209267.25
469,lpush5,1000000,786176.12
469,lrange5,1000000,1153402.50
470,lpush5,1000000,786782.06
470,lrange5,1000000,1141972.62
471,lpush5,1000000,800000.00
471,lrange5,1000000,1169665.50
472,lpush5,1000000,789939.94
472,lrange5,1000000,1155011.50
473,lpush5,1000000,782535.19
473,lrange5,1000000,1179339.62
474,lpush5,1000000,789965.25
474,lrange5,1000000,1160222.75
475,lpush5,1000000,794293.94
475,lrange5,1000000,1177988.25
476,lpush5,1000000,787401.56
476,lrange5,1000000,1150821.62
477,lpush5,1000000,779423.25
477,lrange5,1000000,1183450.88
478,lpush5,1000000,796863.75
478,lrange5,1000000,1149535.62
479,lpush5,1000000,791841.62
479,lrange5,1000000,1150748.00
480,lpush5,1000000,789329.12
480,lrange5,1000000,1139025.00
481,lpush5,1000000,802658.06
481,lrange5,1000000,1200480.12
482,lpush5,1000000,787439.38
482,lrange5,1000000,1162809.25
483,lpush5,1000000,783711.56
483,lrange5,1000000,1141771.75
484,lpush5,1000000,794925.25
484,lrange5,1000000,1106212.38
485,lpush5,1000000,798785.94
485,lrange5,1000000,1225647.12
486,lpush5,1000000,810411.69
486,lrange5,1000000,1233065.38
487,lpush5,1000000,812399.69
487,lrange5,1000000,1228501.25
488,lpush5,1000000,811030.00
488,lrange5,1000000,1202038.38
489,lpush5,1000000,813047.12
489,lrange5,1000000,1250040.00
490,lpush5,1000000,817032.69
490,lrange5,1000000,1227092.00
491,lpush5,1000000,811146.75
491,lrange5,1000000,1236153.25
492,lpush5,1000000,818383.00
492,lrange5,1000000,1213592.25
493,lpush5,1000000,809152.12
493,lrange5,1000000,1234567.88
494,lpush5,1000000,791139.19
494,lrange5,1000000,1224049.00
495,lpush5,1000000,809165.06
495,lrange5,1000000,1197700.62
496,lpush5,1000000,783699.06
496,lrange5,1000000,1231684.75
497,lpush5,1000000,809061.50
497,lrange5,1000000,1239157.38
498,lpush5,1000000,809781.38
498,lrange5,1000000,1234587.62
499,lpush5,1000000,809113.31
499,lrange5,1000000,1225607.88
500,lpush5,1000000,811055.94
500,lrange5,1000000,1236153.25
501,lpush5,1000000,811030.00
501,lrange5,1000000,1256522.62
502,lpush5,1000000,806451.62
502,lrange5,1000000,1230327.12
503,lpush5,1000000,813734.75
503,lrange5,1000000,1239296.12
504,lpush5,1000000,811146.75
504,lrange5,1000000,1234627.12
505,lpush5,1000000,813799.88
505,lrange5,1000000,1228658.50
506,lpush5,1000000,818383.00
506,lrange5,1000000,1231724.12
507,lpush5,1000000,809755.44
507,lrange5,1000000,1218163.25
508,lpush5,1000000,815126.31
508,lrange5,1000000,1199175.12
509,lpush5,1000000,817163.44
509,lrange5,1000000,1236133.50
510,lpush5,1000000,814371.31
510,lrange5,1000000,1222552.50
511,lpush5,1000000,812347.75
511,lrange5,1000000,1233282.38
512,lpush5,1000000,811688.31
512,lrange5,1000000,1222728.62
513,lpush5,1000000,806451.62
513,lrange5,1000000,1225509.88
514,lpush5,1000000,809113.31
514,lrange5,1000000,1250220.00
515,lpush5,1000000,810528.38
515,lrange5,1000000,1222728.62
516,lpush5,1000000,815739.00
516,lrange5,1000000,1239355.62
517,lpush5,1000000,813060.12
517,lrange5,1000000,1225725.50
518,lpush5,1000000,793021.38
518,lrange5,1000000,1254725.25
519,lpush5,1000000,793021.38
519,lrange5,1000000,1234765.38
520,lpush5,1000000,820423.31
520,lrange5,1000000,1245549.25
521,lpush5,1000000,823163.75
521,lrange5,1000000,1259607.00
522,lpush5,1000000,800717.38
522,lrange5,1000000,1228560.12
523,lpush5,1000000,815660.69
523,lrange5,1000000,1237821.75
524,lpush5,1000000,811727.25
524,lrange5,1000000,1245589.12
525,lpush5,1000000,795544.94
525,lrange5,1000000,1237623.75
526,lpush5,1000000,817779.19
526,lrange5,1000000,1246962.62
527,lpush5,1000000,815061.12
527,lrange5,1000000,1231704.50
528,lpush5,1000000,806464.50
528,lrange5,1000000,1224049.00
529,lpush5,1000000,813112.19
529,lrange5,1000000,1236153.25
530,lpush5,1000000,805204.50
530,lrange5,1000000,1237623.75
531,lpush5,1000000,819000.88
531,lrange5,1000000,1234607.38
532,lpush5,1000000,807154.19
532,lrange5,1000000,1194876.88
533,lpush5,1000000,818369.88
533,lrange5,1000000,1223990.25
534,lpush5,1000000,805178.75
534,lrange5,1000000,1224205.62
535,lpush5,1000000,809807.25
535,lrange5,1000000,1233085.12
536,lpush5,1000000,815699.88
536,lrange5,1000000,1228540.50
537,lpush5,1000000,817006.56
537,lrange5,1000000,1237623.75
538,lpush5,1000000,818330.62
538,lrange5,1000000,1233104.88
539,lpush5,1000000,812451.69
539,lrange5,1000000,1210770.00
540,lpush5,1000000,805256.06
540,lrange5,1000000,1228697.75
541,lpush5,1000000,818330.62
541,lrange5,1000000,1233124.50
542,lpush5,1000000,793160.94
542,lrange5,1000000,1210847.50
543,lpush5,1000000,810424.69
543,lrange5,1000000,1228756.75
544,lpush5,1000000,815791.25
544,lrange5,1000000,1231803.00
545,lpush5,1000000,813786.81
545,lrange5,1000000,1248639.25
546,lpush5,1000000,808536.81
546,lrange5,1000000,1237643.50
547,lpush5,1000000,816339.56
547,lrange5,1000000,1231803.00
548,lpush5,1000000,805904.88
548,lrange5,1000000,1243820.88
549,lpush5,1000000,813682.69
549,lrange5,1000000,1216720.12
550,lpush5,1000000,813060.12
550,lrange5,1000000,1225607.88
551,lpush5,1000000,815726.00
551,lrange5,1000000,1227131.25
552,lpush5,1000000,817792.25
552,lrange5,1000000,1228678.12
553,lpush5,1000000,811779.25
553,lrange5,1000000,1215125.12
554,lpush5,1000000,813721.75
554,lrange5,1000000,1213728.12
555,lpush5,1000000,819737.69
555,lrange5,1000000,1221196.62
556,lpush5,1000000,817674.56
556,lrange5,1000000,1221138.00
557,lpush5,1000000,804012.88
557,lrange5,1000000,1219570.75
558,lpush5,1000000,812451.69
558,lrange5,1000000,1236192.75
559,lpush5,1000000,805840.44
559,lrange5,1000000,1200499.38
560,lpush5,1000000,812386.69
560,lrange5,1000000,1233321.88
561,lpush5,1000000,812412.69
561,lrange5,1000000,1212218.25
562,lpush5,1000000,815739.00
562,lrange5,1000000,1236291.75
563,lpush5,1000000,783085.38
563,lrange5,1000000,1242315.50
564,lpush5,1000000,810424.69
564,lrange5,1000000,1224009.88
565,lpush5,1000000,814384.31
565,lrange5,1000000,1221138.00
566,lpush5,1000000,814332.19
566,lrange5,1000000,1243860.62
567,lpush5,1000000,807167.12
567,lrange5,1000000,1240794.00
568,lpush5,1000000,805801.75
568,lrange5,1000000,1219746.38
569,lpush5,1000000,805840.44
569,lrange5,1000000,1210731.25
570,lpush5,1000000,791879.62
570,lrange5,1000000,1237623.75
571,lpush5,1000000,812347.75
571,lrange5,1000000,1233282.38
572,lpush5,1000000,803871.44
572,lrange5,1000000,1199098.38
573,lpush5,1000000,813008.12
573,lrange5,1000000,1218124.25
574,lpush5,1000000,812425.69
574,lrange5,1000000,1233282.38
575,lpush5,1000000,813164.19
575,lrange5,1000000,1227072.38
576,lpush5,1000000,806554.81
576,lrange5,1000000,1230130.38
577,lpush5,1000000,818409.19
577,lrange5,1000000,1219570.75
578,lpush5,1000000,811805.19
578,lrange5,1000000,1228520.88
579,lpush5,1000000,805243.19
579,lrange5,1000000,1237663.38
580,lpush5,1000000,809755.44
580,lrange5,1000000,1236271.88
581,lpush5,1000000,812451.69
581,lrange5,1000000,1228599.50
582,lpush5,1000000,811055.94
582,lrange5,1000000,1231606.00
583,lpush5,1000000,815035.06
583,lrange5,1000000,1237643.50
584,lpush5,1000000,811030.00
584,lrange5,1000000,1233065.38
585,lpush5,1000000,814332.19
585,lrange5,1000000,1230130.38
586,lpush5,1000000,823723.25
586,lrange5,1000000,1210789.38
587,lpush5,1000000,807754.44
587,lrange5,1000000,1228520.88
588,lpush5,1000000,813008.12
588,lrange5,1000000,1209344.62
589,lpush5,1000000,788694.00
589,lrange5,1000000,1256462.25
590,lpush5,1000000,809794.31
590,lrange5,1000000,1251604.50
591,lpush5,1000000,820423.31
591,lrange5,1000000,1230209.12
592,lpush5,1000000,821057.44
592,lrange5,1000000,1236192.75
593,lpush5,1000000,817111.12
593,lrange5,1000000,1230091.00
594,lpush5,1000000,819000.88
594,lrange5,1000000,1236271.88
595,lpush5,1000000,816352.62
595,lrange5,1000000,1246982.62
596,lpush5,1000000,812451.69
596,lrange5,1000000,1230189.38
597,lpush5,1000000,812412.69
597,lrange5,1000000,1230130.38
598,lpush5,1000000,814358.25
598,lrange5,1000000,1231606.00
599,lpush5,1000000,821705.81
599,lrange5,1000000,1253213.12
600,lpush5,1000000,815660.69
600,lrange5,1000000,1216583.88
601,lpush5,1000000,807831.94
601,lrange5,1000000,1237762.38
602,lpush5,1000000,712758.38
602,lrange5,1000000,1236093.88
603,lpush5,1000000,818369.88
603,lrange5,1000000,1204857.88
604,lpush5,1000000,783085.38
604,lrange5,1000000,1207864.75
605,lpush5,1000000,809061.50
605,lrange5,1000000,1240952.88
606,lpush5,1000000,811701.31
606,lrange5,1000000,1228737.12
607,lpush5,1000000,805165.88
607,lrange5,1000000,1230169.75
608,lpush5,1000000,810398.75
608,lrange5,1000000,1209615.50
609,lpush5,1000000,813034.12
609,lrange5,1000000,1250120.00
610,lpush5,1000000,813021.12
610,lrange5,1000000,1234765.38
611,lpush5,1000000,815686.81
611,lrange5,1000000,1201961.50
612,lpush5,1000000,817713.81
612,lrange5,1000000,1228560.12
613,lpush5,1000000,810424.69
613,lrange5,1000000,1221079.38
614,lpush5,1000000,807831.94
614,lrange5,1000000,1236390.62
615,lpush5,1000000,817058.81
615,lrange5,1000000,1219512.25
616,lpush5,1000000,813112.19
616,lrange5,1000000,1219531.75
617,lpush5,1000000,818409.19
617,lrange5,1000000,1231783.25
618,lpush5,1000000,809781.38
618,lrange5,1000000,1251764.62
619,lpush5,1000000,821057.44
619,lrange5,1000000,1227013.50
620,lpush5,1000000,805307.56
620,lrange5,1000000,1210750.62
621,lpush5,1000000,807754.44
621,lrange5,1000000,1244139.25
622,lpush5,1000000,823789.12
622,lrange5,1000000,1227150.88
623,lpush5,1000000,812373.69
623,lrange5,1000000,1213611.62
624,lpush5,1000000,813034.12
624,lrange5,1000000,1222493.88
625,lpush5,1000000,800000.00
625,lrange5,1000000,1231665.00
626,lpush5,1000000,814475.56
626,lrange5,1000000,1246882.88
627,lpush5,1000000,819027.06
627,lrange5,1000000,1237643.50
628,lpush5,1000000,817713.81
628,lrange5,1000000,1207748.75
629,lpush5,1000000,819092.56
629,lrange5,1000000,1239197.00
630,lpush5,1000000,813773.81
630,lrange5,1000000,1237801.88
631,lpush5,1000000,815791.25
631,lrange5,1000000,1242434.75
632,lpush5,1000000,816496.31
632,lrange5,1000000,1233203.50
633,lpush5,1000000,809716.56
633,lrange5,1000000,1253393.50
634,lpush5,1000000,789303.88
634,lrange5,1000000,1222689.50
635,lpush5,1000000,811701.31
635,lrange5,1000000,1242315.50
636,lpush5,1000000,803910.00
636,lrange5,1000000,1248479.38
637,lpush5,1000000,810424.69
637,lrange5,1000000,1228599.50
638,lpush5,1000000,793034.06
638,lrange5,1000000,1234587.62
639,lpush5,1000000,814397.38
639,lrange5,1000000,1216642.25
640,lpush5,1000000,811727.25
640,lrange5,1000000,1243860.62
641,lpush5,1000000,813190.25
641,lrange5,1000000,1237762.38
642,lpush5,1000000,810385.75
642,lrange5,1000000,1221216.12
643,lpush5,1000000,809152.12
643,lrange5,1000000,1222513.38
644,lpush5,1000000,809833.19
644,lrange5,1000000,1215125.12
645,lpush5,1000000,809165.06
645,lrange5,1000000,1219551.25
646,lpush5,1000000,792418.38
646,lrange5,1000000,1230150.00
647,lpush5,1000000,817700.69
647,lrange5,1000000,1210692.50
648,lpush5,1000000,809061.50
648,lrange5,1000000,1233045.62
649,lpush5,1000000,807167.12
649,lrange5,1000000,1212121.25
650,lpush5,1000000,813177.25
650,lrange5,1000000,1219746.38
651,lpush5,1000000,813669.69
651,lrange5,1000000,1221020.75
652,lpush5,1000000,809781.38
652,lrange5,1000000,1219609.75
653,lpush5,1000000,809833.19
653,lrange5,1000000,1256281.38
654,lpush5,1000000,808446.25
654,lrange5,1000000,1230189.38
655,lpush5,1000000,815673.75
655,lrange5,1000000,1231625.62
656,lpush5,1000000,816417.94
656,lrange5,1000000,1231527.12
657,lpush5,1000000,817006.56
657,lrange5,1000000,1203504.25
658,lpush5,1000000,807115.44
658,lrange5,1000000,1236133.50
659,lpush5,1000000,811094.88
659,lrange5,1000000,1222533.00
660,lpush5,1000000,808433.31
660,lrange5,1000000,1234706.12
661,lpush5,1000000,813734.75
661,lrange5,1000000,1233085.12
662,lpush5,1000000,816993.50
662,lrange5,1000000,1231566.50
663,lpush5,1000000,814995.94
663,lrange5,1000000,1222591.62
664,lpush5,1000000,811792.19
664,lrange5,1000000,1230032.00
665,lpush5,1000000,815673.75
665,lrange5,1000000,1215144.62
666,lpush5,1000000,813760.81
666,lrange5,1000000,1239197.00
667,lpush5,1000000,806451.62
667,lrange5,1000000,1233045.62
668,lpush5,1000000,817753.06
668,lrange5,1000000,1222552.50
669,lpush5,1000000,809061.50
669,lrange5,1000000,1203369.50
670,lpush5,1000000,811740.25
670,lrange5,1000000,1233144.25
671,lpush5,1000000,815686.81
671,lrange5,1000000,1215280.62
672,lpush5,1000000,809846.12
672,lrange5,1000000,1246942.62
673,lpush5,1000000,809729.56
673,lrange5,1000000,1239316.00
674,lpush5,1000000,816378.75
674,lrange5,1000000,1236252.12
675,lpush5,1000000,812347.75
675,lrange5,1000000,1224107.75
676,lpush5,1000000,814371.31
676,lrange5,1000000,1251564.38
677,lpush5,1000000,811042.94
677,lrange5,1000000,1234745.62
678,lpush5,1000000,811120.81
678,lrange5,1000000,1199213.50
679,lpush5,1000000,808485.06
679,lrange5,1000000,1224029.38
680,lpush5,1000000,809061.50
680,lrange5,1000000,1228540.50
681,lpush5,1000000,813721.75
681,lrange5,1000000,1231586.25
682,lpush5,1000000,814423.44
682,lrange5,1000000,1213728.12
683,lpush5,1000000,817779.19
683,lrange5,1000000,1201942.25
684,lpush5,1000000,809794.31
684,lrange5,1000000,1225607.88
685,lpush5,1000000,807128.38
685,lrange5,1000000,1230032.00
686,lpush5,1000000,806606.44
686,lrange5,1000000,1196210.50
687,lpush5,1000000,813047.12
687,lrange5,1000000,1203369.50
688,lpush5,1000000,806451.62
688,lrange5,1000000,1240714.62
689,lpush5,1000000,809100.38
689,lrange5,1000000,1251584.50
690,lpush5,1000000,821018.00
690,lrange5,1000000,1233065.38
691,lpush5,1000000,817045.75
691,lrange5,1000000,1212140.62
692,lpush5,1000000,811792.19
692,lrange5,1000000,1237643.50
693,lpush5,1000000,811818.19
693,lrange5,1000000,1237702.88
694,lpush5,1000000,821018.00
694,lrange5,1000000,1239236.75
695,lpush5,1000000,800730.19
695,lrange5,1000000,1242375.12
696,lpush5,1000000,808588.50
696,lrange5,1000000,1240853.62
697,lpush5,1000000,803225.69
697,lrange5,1000000,1222493.88
698,lpush5,1000000,811753.25
698,lrange5,1000000,1224029.38
699,lpush5,1000000,814332.19
699,lrange5,1000000,1206465.62
700,lpush5,1000000,821018.00
700,lrange5,1000000,1221157.50
701,lpush5,1000000,807793.19
701,lrange5,1000000,1242355.25
702,lpush5,1000000,814384.31
702,lrange5,1000000,1228501.25
703,lpush5,1000000,819672.12
703,lrange5,1000000,1242434.75
704,lpush5,1000000,811081.88
704,lrange5,1000000,1219531.75
705,lpush5,1000000,811818.19
705,lrange5,1000000,1236093.88
706,lpush5,1000000,812347.75
706,lrange5,1000000,1234725.88
707,lpush5,1000000,815673.75
707,lrange5,1000000,1242355.25
708,lpush5,1000000,817032.69
708,lrange5,1000000,1218085.25
709,lpush5,1000000,803277.12
709,lrange5,1000000,1234706.12
710,lpush5,1000000,793135.56
710,lrange5,1000000,1234567.88
711,lpush5,1000000,815113.31
711,lrange5,1000000,1236173.00
712,lpush5,1000000,792393.06
712,lrange5,1000000,1234627.12
713,lpush5,1000000,807844.88
713,lrange5,1000000,1230130.38
714,lpush5,1000000,813047.12
714,lrange5,1000000,1254825.62
715,lpush5,1000000,806503.25
715,lrange5,1000000,1222552.50
716,lpush5,1000000,808510.94
716,lrange5,1000000,1228638.75
717,lpush5,1000000,784439.25
717,lrange5,1000000,1228697.75
718,lpush5,1000000,817111.12
718,lrange5,1000000,1253293.25
719,lpush5,1000000,812412.69
719,lrange5,1000000,1244000.00
720,lpush5,1000000,822368.44
720,lrange5,1000000,1239316.00
721,lpush5,1000000,809087.44
721,lrange5,1000000,1234646.88
722,lpush5,1000000,802670.94
722,lrange5,1000000,1243940.25
723,lpush5,1000000,809768.44
723,lrange5,1000000,1242255.88
724,lpush5,1000000,812438.69
724,lrange5,1000000,1256321.62
725,lpush5,1000000,821162.50
725,lrange5,1000000,1239177.25
726,lpush5,1000000,805801.75
726,lrange5,1000000,1227131.25
727,lpush5,1000000,820436.44
727,lrange5,1000000,1227209.88
728,lpush5,1000000,812373.69
728,lrange5,1000000,1236192.75
729,lpush5,1000000,814410.38
729,lrange5,1000000,1245469.50
730,lpush5,1000000,807283.31
730,lrange5,1000000,1224009.88
731,lpush5,1000000,809178.06
731,lrange5,1000000,1234844.50
732,lpush5,1000000,816326.50
732,lrange5,1000000,1239276.38
733,lpush5,1000000,813799.88
733,lrange5,1000000,1228973.00
734,lpush5,1000000,810424.69
734,lrange5,1000000,1227268.75
735,lpush5,1000000,815739.00
735,lrange5,1000000,1239157.38
736,lpush5,1000000,808407.44
736,lrange5,1000000,1237841.50
737,lpush5,1000000,814358.25
737,lrange5,1000000,1205127.75
738,lpush5,1000000,807857.81
738,lrange5,1000000,1212315.12
739,lpush5,1000000,811753.25
739,lrange5,1000000,1228717.38
740,lpush5,1000000,812438.69
740,lrange5,1000000,1222591.62
741,lpush5,1000000,820344.56
741,lrange5,1000000,1245569.12
742,lpush5,1000000,813112.19
742,lrange5,1000000,1239316.00
743,lpush5,1000000,808420.38
743,lrange5,1000000,1245429.62
744,lpush5,1000000,807767.31
744,lrange5,1000000,1236133.50
745,lpush5,1000000,822500.00
745,lrange5,1000000,1231763.62
746,lpush5,1000000,813786.81
746,lrange5,1000000,1242255.88
747,lpush5,1000000,819000.88
747,lrange5,1000000,1253173.00
748,lpush5,1000000,803910.00
748,lrange5,1000000,1215280.62
749,lpush5,1000000,819685.25
749,lrange5,1000000,1251564.38
750,lpush5,1000000,805853.31
750,lrange5,1000000,1216564.38
751,lpush5,1000000,782485.12
751,lrange5,1000000,1243781.12
752,lpush5,1000000,820462.69
752,lrange5,1000000,1239216.88
753,lpush5,1000000,818330.62
753,lrange5,1000000,1243860.62
754,lpush5,1000000,823775.94
754,lrange5,1000000,1225568.62
755,lpush5,1000000,810385.75
755,lrange5,1000000,1250040.00
756,lpush5,1000000,823815.50
756,lrange5,1000000,1228501.25
757,lpush5,1000000,819711.44
757,lrange5,1000000,1221118.38
758,lpush5,1000000,807192.94
758,lrange5,1000000,1225588.25
759,lpush5,1000000,813708.75
759,lrange5,1000000,1210673.12
760,lpush5,1000000,815673.75
760,lrange5,1000000,1236093.88
761,lpush5,1000000,818343.69
761,lrange5,1000000,1250120.00
762,lpush5,1000000,819672.12
762,lrange5,1000000,1237623.75
763,lpush5,1000000,821070.56
763,lrange5,1000000,1244099.50
764,lpush5,1000000,817674.56
764,lrange5,1000000,1230051.62
765,lpush5,1000000,811081.88
765,lrange5,1000000,1218026.88
766,lpush5,1000000,818474.62
766,lrange5,1000000,1216739.62
767,lpush5,1000000,814423.44
767,lrange5,1000000,1230189.38
768,lpush5,1000000,814995.94
768,lrange5,1000000,1204819.25
769,lpush5,1000000,813047.12
769,lrange5,1000000,1219531.75
770,lpush5,1000000,809794.31
770,lrange5,1000000,1233282.38
771,lpush5,1000000,809113.31
771,lrange5,1000000,1244179.12
772,lpush5,1000000,819000.88
772,lrange5,1000000,1225607.88
773,lpush5,1000000,805814.62
773,lrange5,1000000,1254885.88
774,lpush5,1000000,816496.31
774,lrange5,1000000,1240694.75
775,lpush5,1000000,814332.19
775,lrange5,1000000,1242335.38
776,lpush5,1000000,811055.94
776,lrange5,1000000,1234646.88
777,lpush5,1000000,807102.50
777,lrange5,1000000,1243781.12
778,lpush5,1000000,813825.88
778,lrange5,1000000,1246882.88
779,lpush5,1000000,816378.75
779,lrange5,1000000,1237722.75
780,lpush5,1000000,801358.94
780,lrange5,1000000,1231625.62
781,lpush5,1000000,804518.06
781,lrange5,1000000,1251724.62
782,lpush5,1000000,812399.69
782,lrange5,1000000,1225686.25
783,lpush5,1000000,816391.81
783,lrange5,1000000,1231724.12
784,lpush5,1000000,807767.31
784,lrange5,1000000,1218065.75
785,lpush5,1000000,817045.75
785,lrange5,1000000,1227033.12
786,lpush5,1000000,811068.94
786,lrange5,1000000,1237821.75
787,lpush5,1000000,817019.62
787,lrange5,1000000,1228540.50
788,lpush5,1000000,823071.56
788,lrange5,1000000,1240774.25
789,lpush5,1000000,810372.81
789,lrange5,1000000,1237801.88
790,lpush5,1000000,803910.00
790,lrange5,1000000,1227209.88
791,lpush5,1000000,808407.44
791,lrange5,1000000,1251564.38
792,lpush5,1000000,808549.75
792,lrange5,1000000,1230150.00
793,lpush5,1000000,816378.75
793,lrange5,1000000,1221001.25
794,lpush5,1000000,815100.25
794,lrange5,1000000,1246902.75
795,lpush5,1000000,821824.12
795,lrange5,1000000,1245449.62
796,lpush5,1000000,819105.69
796,lrange5,1000000,1233124.50
797,lpush5,1000000,816326.50
797,lrange5,1000000,1224049.00
798,lpush5,1000000,816993.50
798,lrange5,1000000,1219590.25
799,lpush5,1000000,815061.12
799,lrange5,1000000,1251784.75
800,lpush5,1000000,813008.12
800,lrange5,1000000,1250000.00
801,lpush5,1000000,809152.12
801,lrange5,1000000,1240913.12
802,lpush5,1000000,795697.69
802,lrange5,1000000,1231586.25
803,lpush5,1000000,806477.44
803,lrange5,1000000,1234587.62
804,lpush5,1000000,812399.69
804,lrange5,1000000,1234607.38
805,lpush5,1000000,814397.38
805,lrange5,1000000,1228638.75
806,lpush5,1000000,815686.81
806,lrange5,1000000,1221157.50
807,lpush5,1000000,800691.81
807,lrange5,1000000,1224068.62
808,lpush5,1000000,811688.31
808,lrange5,1000000,1230032.00
809,lpush5,1000000,806451.62
809,lrange5,1000000,1236192.75
810,lpush5,1000000,820462.69
810,lrange5,1000000,1243940.25
811,lpush5,1000000,814449.50
811,lrange5,1000000,1203369.50
812,lpush5,1000000,800704.56
812,lrange5,1000000,1225509.88
813,lpush5,1000000,806451.62
813,lrange5,1000000,1225705.88
814,lpush5,1000000,805853.31
814,lrange5,1000000,1231606.00
815,lpush5,1000000,811792.19
815,lrange5,1000000,1237742.50
816,lpush5,1000000,816993.50
816,lrange5,1000000,1219648.75
817,lpush5,1000000,807767.31
817,lrange5,1000000,1228501.25
818,lpush5,1000000,812373.69
818,lrange5,1000000,1243820.88
819,lpush5,1000000,814345.25
819,lrange5,1000000,1227190.25
820,lpush5,1000000,819131.88
820,lrange5,1000000,1223990.25
821,lpush5,1000000,813008.12
821,lrange5,1000000,1207748.75
822,lpush5,1000000,807896.56
822,lrange5,1000000,1224186.12
823,lpush5,1000000,806606.44
823,lrange5,1000000,1225705.88
824,lpush5,1000000,817098.06
824,lrange5,1000000,1227111.62
825,lpush5,1000000,811779.25
825,lrange5,1000000,1225647.12
826,lpush5,1000000,807844.88
826,lrange5,1000000,1230327.12
827,lpush5,1000000,811030.00
827,lrange5,1000000,1224342.75
828,lpush5,1000000,818383.00
828,lrange5,1000000,1250320.00
829,lpush5,1000000,815699.88
829,lrange5,1000000,1225705.88
830,lpush5,1000000,812412.69
830,lrange5,1000000,1203542.75
831,lpush5,1000000,804608.19
831,lrange5,1000000,1221040.25
832,lpush5,1000000,809061.50
832,lrange5,1000000,1225568.62
833,lpush5,1000000,801346.12
833,lrange5,1000000,1207768.12
834,lpush5,1000000,813086.19
834,lrange5,1000000,1228638.75
835,lpush5,1000000,812399.69
835,lrange5,1000000,1219512.25
836,lpush5,1000000,812412.69
836,lrange5,1000000,1210963.75
837,lpush5,1000000,812386.69
837,lrange5,1000000,1243900.50
838,lpush5,1000000,817687.62
838,lrange5,1000000,1205127.75
839,lpush5,1000000,807128.38
839,lrange5,1000000,1240754.38
840,lpush5,1000000,821018.00
840,lrange5,1000000,1253253.12
841,lpush5,1000000,810528.38
841,lrange5,1000000,1248459.38
842,lpush5,1000000,811701.31
842,lrange5,1000000,1231527.12
843,lpush5,1000000,814332.19
843,lrange5,1000000,1253213.12
844,lpush5,1000000,808420.38
844,lrange5,1000000,1242355.25
845,lpush5,1000000,807844.88
845,lrange5,1000000,1225490.25
846,lpush5,1000000,810450.56
846,lrange5,1000000,1239216.88
847,lpush5,1000000,819000.88
847,lrange5,1000000,1237663.38
848,lpush5,1000000,809061.50
848,lrange5,1000000,1221079.38
849,lpush5,1000000,809807.25
849,lrange5,1000000,1226993.88
850,lpush5,1000000,811081.88
850,lrange5,1000000,1219804.88
851,lpush5,1000000,807870.75
851,lrange5,1000000,1218182.75
852,lpush5,1000000,816352.62
852,lrange5,1000000,1230091.00
853,lpush5,1000000,816339.56
853,lrange5,1000000,1230228.75
854,lpush5,1000000,809126.25
854,lrange5,1000000,1219531.75
855,lpush5,1000000,818409.19
855,lrange5,1000000,1236271.88
856,lpush5,1000000,810372.81
856,lrange5,1000000,1223990.25
857,lpush5,1000000,806503.25
857,lrange5,1000000,1242275.75
858,lpush5,1000000,819013.94
858,lrange5,1000000,1240893.25
859,lpush5,1000000,817124.19
859,lrange5,1000000,1234567.88
860,lpush5,1000000,815035.06
860,lrange5,1000000,1225490.25
861,lpush5,1000000,807754.44
861,lrange5,1000000,1254725.25
862,lpush5,1000000,814384.31
862,lrange5,1000000,1204992.75
863,lpush5,1000000,817045.75
863,lrange5,1000000,1239355.62
864,lpush5,1000000,808472.12
864,lrange5,1000000,1245369.88
865,lpush5,1000000,821096.81
865,lrange5,1000000,1222630.75
866,lpush5,1000000,794344.75
866,lrange5,1000000,1245569.12
867,lpush5,1000000,812412.69
867,lrange5,1000000,1225490.25
868,lpush5,1000000,813060.12
868,lrange5,1000000,1231546.88
869,lpush5,1000000,814995.94
869,lrange5,1000000,1237683.12
870,lpush5,1000000,810385.75
870,lrange5,1000000,1215144.62
871,lpush5,1000000,813060.12
871,lrange5,1000000,1237683.12
872,lpush5,1000000,800064.00
872,lrange5,1000000,1244000.00
873,lpush5,1000000,811030.00
873,lrange5,1000000,1228520.88
874,lpush5,1000000,808407.44
874,lrange5,1000000,1231783.25
875,lpush5,1000000,814423.44
875,lrange5,1000000,1210828.12
876,lpush5,1000000,815048.06
876,lrange5,1000000,1258083.00
877,lpush5,1000000,818343.69
877,lrange5,1000000,1213689.38
878,lpush5,1000000,821784.69
878,lrange5,1000000,1231527.12
879,lpush5,1000000,815765.12
879,lrange5,1000000,1218163.25
880,lpush5,1000000,813034.12
880,lrange5,1000000,1222493.88
881,lpush5,1000000,813682.69
881,lrange5,1000000,1242315.50
882,lpush5,1000000,805930.69
882,lrange5,1000000,1203369.50
883,lpush5,1000000,817111.12
883,lrange5,1000000,1234587.62
884,lpush5,1000000,814397.38
884,lrange5,1000000,1227111.62
885,lpush5,1000000,815726.00
885,lrange5,1000000,1240813.88
886,lpush5,1000000,807844.88
886,lrange5,1000000,1243840.75
887,lpush5,1000000,826538.81
887,lrange5,1000000,1239177.25
888,lpush5,1000000,819000.88
888,lrange5,1000000,1234706.12
889,lpush5,1000000,816326.50
889,lrange5,1000000,1242454.62
890,lpush5,1000000,812438.69
890,lrange5,1000000,1165538.50
891,lpush5,1000000,743506.31
891,lrange5,1000000,1243900.50
892,lpush5,1000000,797448.19
892,lrange5,1000000,1215339.00
893,lpush5,1000000,820423.31
893,lrange5,1000000,1233065.38
894,lpush5,1000000,815712.94
894,lrange5,1000000,1197662.25
895,lpush5,1000000,815791.25
895,lrange5,1000000,1203523.50
896,lpush5,1000000,817058.81
896,lrange5,1000000,1222611.25
897,lpush5,1000000,803289.94
897,lrange5,1000000,1222513.38
898,lpush5,1000000,818383.00
898,lrange5,1000000,1233104.88
899,lpush5,1000000,805307.56
899,lrange5,1000000,1225529.38
900,lpush5,1000000,809152.12
900,lrange5,1000000,1242255.88
901,lpush5,1000000,820475.81
901,lrange5,1000000,1237722.75
902,lpush5,1000000,817098.06
902,lrange5,1000000,1236410.38
903,lpush5,1000000,817098.06
903,lrange5,1000000,1207748.75
904,lpush5,1000000,817739.94
904,lrange5,1000000,1231527.12
905,lpush5,1000000,811766.25
905,lrange5,1000000,1227170.50
906,lpush5,1000000,822381.62
906,lrange5,1000000,1226993.88
907,lpush5,1000000,813760.81
907,lrange5,1000000,1230091.00
908,lpush5,1000000,817713.81
908,lrange5,1000000,1219590.25
909,lpush5,1000000,811766.25
909,lrange5,1000000,1218221.75
910,lpush5,1000000,809113.31
910,lrange5,1000000,1228678.12
911,lpush5,1000000,808407.44
911,lrange5,1000000,1224186.12
912,lpush5,1000000,806516.12
912,lrange5,1000000,1218319.12
913,lpush5,1000000,815856.50
913,lrange5,1000000,1236153.25
914,lpush5,1000000,811030.00
914,lrange5,1000000,1237643.50
915,lpush5,1000000,813073.19
915,lrange5,1000000,1240694.75
916,lpush5,1000000,823124.25
916,lrange5,1000000,1237940.50
917,lpush5,1000000,815726.00
917,lrange5,1000000,1227013.50
918,lpush5,1000000,809846.12
918,lrange5,1000000,1228540.50
919,lpush5,1000000,817137.25
919,lrange5,1000000,1224107.75
920,lpush5,1000000,811766.25
920,lrange5,1000000,1219687.88
921,lpush5,1000000,819066.38
921,lrange5,1000000,1213728.12
922,lpush5,1000000,809061.50
922,lrange5,1000000,1237702.88
923,lpush5,1000000,811068.94
923,lrange5,1000000,1212121.25
924,lpush5,1000000,809061.50
924,lrange5,1000000,1221118.38
925,lpush5,1000000,813721.75
925,lrange5,1000000,1234686.38
926,lpush5,1000000,817766.12
926,lrange5,1000000,1246922.75
927,lpush5,1000000,825161.69
927,lrange5,1000000,1237623.75
928,lpush5,1000000,793688.88
928,lrange5,1000000,1239236.75
929,lpush5,1000000,812425.69
929,lrange5,1000000,1236133.50
930,lpush5,1000000,815048.06
930,lrange5,1000000,1233282.38
931,lpush5,1000000,801346.12
931,lrange5,1000000,1225529.38
932,lpush5,1000000,815048.06
932,lrange5,1000000,1233282.38
933,lpush5,1000000,817674.56
933,lrange5,1000000,1233124.50
934,lpush5,1000000,811727.25
934,lrange5,1000000,1240734.50
935,lpush5,1000000,818422.25
935,lrange5,1000000,1230228.75
936,lpush5,1000000,819842.62
936,lrange5,1000000,1231527.12
937,lpush5,1000000,814332.19
937,lrange5,1000000,1245389.88
938,lpush5,1000000,813721.75
938,lrange5,1000000,1228501.25
939,lpush5,1000000,808433.31
939,lrange5,1000000,1218104.75
940,lpush5,1000000,821031.19
940,lrange5,1000000,1224029.38
941,lpush5,1000000,803935.69
941,lrange5,1000000,1218221.75
942,lpush5,1000000,810502.44
942,lrange5,1000000,1237683.12
943,lpush5,1000000,810424.69
943,lrange5,1000000,1237722.75
944,lpush5,1000000,815843.44
944,lrange5,1000000,1245330.00
945,lpush5,1000000,819790.12
945,lrange5,1000000,1250000.00
946,lpush5,1000000,807857.81
946,lrange5,1000000,1250220.00
947,lpush5,1000000,811688.31
947,lrange5,1000000,1216700.75
948,lpush5,1000000,823190.12
948,lrange5,1000000,1194762.25
949,lpush5,1000000,814462.50
949,lrange5,1000000,1240853.62
950,lpush5,1000000,821692.69
950,lrange5,1000000,1224186.12
951,lpush5,1000000,807128.38
951,lrange5,1000000,1237762.38
952,lpush5,1000000,813747.75
952,lrange5,1000000,1236173.00
953,lpush5,1000000,811081.88
953,lrange5,1000000,1228737.12
954,lpush5,1000000,805892.00
954,lrange5,1000000,1231527.12
955,lpush5,1000000,815061.12
955,lrange5,1000000,1225607.88
956,lpush5,1000000,813086.19
956,lrange5,1000000,1231743.88
957,lpush5,1000000,811042.94
957,lrange5,1000000,1225627.50
958,lpush5,1000000,813734.75
958,lrange5,1000000,1219512.25
959,lpush5,1000000,816404.88
959,lrange5,1000000,1224049.00
960,lpush5,1000000,819040.19
960,lrange5,1000000,1227170.50
961,lpush5,1000000,805917.75
961,lrange5,1000000,1226993.88
962,lpush5,1000000,816391.81
962,lrange5,1000000,1243960.12
963,lpush5,1000000,812399.69
963,lrange5,1000000,1224146.88
964,lpush5,1000000,811688.31
964,lrange5,1000000,1233223.25
965,lpush5,1000000,807167.12
965,lrange5,1000000,1224244.88
966,lpush5,1000000,814384.31
966,lrange5,1000000,1215339.00
967,lpush5,1000000,809100.38
967,lrange5,1000000,1234745.62
968,lpush5,1000000,819000.88
968,lrange5,1000000,1230012.25
969,lpush5,1000000,819066.38
969,lrange5,1000000,1233341.62
970,lpush5,1000000,809846.12
970,lrange5,1000000,1203388.75
971,lpush5,1000000,821070.56
971,lrange5,1000000,1216720.12
972,lpush5,1000000,802735.12
972,lrange5,1000000,1237841.50
973,lpush5,1000000,808446.25
973,lrange5,1000000,1248519.38
974,lpush5,1000000,809242.75
974,lrange5,1000000,1248499.38
975,lpush5,1000000,821083.69
975,lrange5,1000000,1223990.25
976,lpush5,1000000,815087.19
976,lrange5,1000000,1234666.62
977,lpush5,1000000,818369.88
977,lrange5,1000000,1212315.12
978,lpush5,1000000,792557.88
978,lrange5,1000000,1250020.00
979,lpush5,1000000,813734.75
979,lrange5,1000000,1231743.88
980,lpush5,1000000,791841.62
980,lrange5,1000000,1231546.88
981,lpush5,1000000,813669.69
981,lrange5,1000000,1205012.12
982,lpush5,1000000,811805.19
982,lrange5,1000000,1206388.38
983,lpush5,1000000,809139.19
983,lrange5,1000000,1216778.50
984,lpush5,1000000,814410.38
984,lrange5,1000000,1227131.25
985,lpush5,1000000,814384.31
985,lrange5,1000000,1231566.50
986,lpush5,1000000,815152.38
986,lrange5,1000000,1231625.62
987,lpush5,1000000,809100.38
987,lrange5,1000000,1221079.38
988,lpush5,1000000,795672.25
988,lrange5,1000000,1207864.75
989,lpush5,1000000,813034.12
989,lrange5,1000000,1216545.00
990,lpush5,1000000,807883.69
990,lrange5,1000000,1236093.88
991,lpush5,1000000,815765.12
991,lrange5,1000000,1230150.00
992,lpush5,1000000,814384.31
992,lrange5,1000000,1209286.50
993,lpush5,1000000,813008.12
993,lrange5,1000000,1236113.75
994,lpush5,1000000,815035.06
994,lrange5,1000000,1215222.38
995,lpush5,1000000,810372.81
995,lrange5,1000000,1237683.12
996,lpush5,1000000,815712.94
996,lrange5,1000000,1227072.38
997,lpush5,1000000,817661.44
997,lrange5,1000000,1227111.62
998,lpush5,1000000,810489.50
998,lrange5,1000000,1240952.88
999,lpush5,1000000,823176.94
999,lrange5,1000000,1203388.75
1000,lpush5,1000000,816339.56
1000,lrange5,1000000,1230012.25
1001,lpush5,1000000,814423.44
1001,lrange5,1000000,1233104.88
1002,lpush5,1000000,815660.69
1002,lrange5,1000000,1218241.25
1003,lpush5,1000000,819685.25
1003,lrange5,1000000,1231763.62
1004,lpush5,1000000,807831.94
1004,lrange5,1000000,1236113.75
1005,lpush5,1000000,811701.31
1005,lrange5,1000000,1213728.12
1006,lpush5,1000000,816993.50
1006,lrange5,1000000,1197834.75
1007,lpush5,1000000,796178.31
1007,lrange5,1000000,1231645.38
1008,lpush5,1000000,805866.19
1008,lrange5,1000000,1234646.88
1009,lpush5,1000000,815752.06
1009,lrange5,1000000,1225627.50
1010,lpush5,1000000,817045.75
1010,lrange5,1000000,1233302.12
1011,lpush5,1000000,811766.25
1011,lrange5,1000000,1224107.75
1012,lpush5,1000000,807180.00
1012,lrange5,1000000,1227327.62
1013,lpush5,1000000,817045.75
1013,lrange5,1000000,1218377.62
1014,lpush5,1000000,814995.94
1014,lrange5,1000000,1225549.00
1015,lpush5,1000000,811030.00
1015,lrange5,1000000,1247102.25
1016,lpush5,1000000,813060.12
1016,lrange5,1000000,1231684.75
1017,lpush5,1000000,807909.50
1017,lrange5,1000000,1248659.12
1018,lpush5,1000000,814358.25
1018,lrange5,1000000,1242236.00
1019,lpush5,1000000,811146.75
1019,lrange5,1000000,1233183.75
1020,lpush5,1000000,811081.88
1020,lrange5,1000000,1207806.75
1021,lpush5,1000000,816326.50
1021,lrange5,1000000,1209189.75
1022,lpush5,1000000,813047.12
1022,lrange5,1000000,1230051.62
1023,lpush5,1000000,819105.69
1023,lrange5,1000000,1248479.38
1024,lpush5,1000000,802568.19
1024,lrange5,1000000,1187800.50
1025,lpush5,1000000,819040.19
1025,lrange5,1000000,1241052.12
1026,lpush5,1000000,811042.94
1026,lrange5,1000000,1243840.75
1027,lpush5,1000000,813669.69
1027,lrange5,1000000,1248439.50
1028,lpush5,1000000,819027.06
1028,lrange5,1000000,1221138.00
1029,lpush5,1000000,811701.31
1029,lrange5,1000000,1219570.75
1030,lpush5,1000000,811042.94
1030,lrange5,1000000,1245389.88
1031,lpush5,1000000,817111.12
1031,lrange5,1000000,1247102.25
1032,lpush5,1000000,814397.38
1032,lrange5,1000000,1224127.38
1033,lpush5,1000000,808498.00
1033,lrange5,1000000,1243900.50
1034,lpush5,1000000,809742.50
1034,lrange5,1000000,1245509.38
1035,lpush5,1000000,816391.81
1035,lrange5,1000000,1213650.50
1036,lpush5,1000000,822394.75
1036,lrange5,1000000,1221216.12
1037,lpush5,1000000,815791.25
1037,lrange5,1000000,1218280.12
1038,lpush5,1000000,817726.88
1038,lrange5,1000000,1222513.38
1039,lpush5,1000000,815765.12
1039,lrange5,1000000,1225647.12
1040,lpush5,1000000,811714.31
1040,lrange5,1000000,1236093.88
1041,lpush5,1000000,811727.25
1041,lrange5,1000000,1215183.50
1042,lpush5,1000000,812373.69
1042,lrange5,1000000,1231546.88
1043,lpush5,1000000,808485.06
1043,lrange5,1000000,1230071.25
1044,lpush5,1000000,811753.25
1044,lrange5,1000000,1242255.88
1045,lpush5,1000000,815660.69
1045,lrange5,1000000,1227033.12
1046,lpush5,1000000,816417.94
1046,lrange5,1000000,1218026.88
1047,lpush5,1000000,806477.44
1047,lrange5,1000000,1230071.25
1048,lpush5,1000000,811146.75
1048,lrange5,1000000,1209209.12
1049,lpush5,1000000,800640.56
1049,lrange5,1000000,1233104.88
1050,lpush5,1000000,808459.19
1050,lrange5,1000000,1236331.25
1051,lpush5,1000000,809061.50
1051,lrange5,1000000,1227249.12
1052,lpush5,1000000,807141.25
1052,lrange5,1000000,1207884.00
1053,lpush5,1000000,807218.75
1053,lrange5,1000000,1221001.25
1054,lpush5,1000000,811805.19
1054,lrange5,1000000,1230051.62
1055,lpush5,1000000,814345.25
1055,lrange5,1000000,1225764.75
1056,lpush5,1000000,813708.75
1056,lrange5,1000000,1231546.88
1057,lpush5,1000000,811818.19
1057,lrange5,1000000,1243960.12
1058,lpush5,1000000,810372.81
1058,lrange5,1000000,1212295.75
1059,lpush5,1000000,812347.75
1059,lrange5,1000000,1239335.88
1060,lpush5,1000000,818356.81
1060,lrange5,1000000,1218046.38
1061,lpush5,1000000,806516.12
1061,lrange5,1000000,1240694.75
1062,lpush5,1000000,811107.81
1062,lrange5,1000000,1236212.62
1063,lpush5,1000000,807831.94
1063,lrange5,1000000,1225686.25
1064,lpush5,1000000,820436.44
1064,lrange5,1000000,1222552.50
1065,lpush5,1000000,815035.06
1065,lrange5,1000000,1258203.75
1066,lpush5,1000000,811701.31
1066,lrange5,1000000,1254725.25
1067,lpush5,1000000,821057.44
1067,lrange5,1000000,1225745.12
1068,lpush5,1000000,811701.31
1068,lrange5,1000000,1215066.75
1069,lpush5,1000000,821876.75
1069,lrange5,1000000,1233124.50
1070,lpush5,1000000,819790.12
1070,lrange5,1000000,1234627.12
1071,lpush5,1000000,798824.31
1071,lrange5,1000000,1240714.62
1072,lpush5,1000000,812373.69
1072,lrange5,1000000,1204819.25
1073,lpush5,1000000,819105.69
1073,lrange5,1000000,1248659.12
1074,lpush5,1000000,817674.56
1074,lrange5,1000000,1230189.38
1075,lpush5,1000000,814397.38
1075,lrange5,1000000,1209422.00
1076,lpush5,1000000,809768.44
1076,lrange5,1000000,1240813.88
1077,lpush5,1000000,818435.38
1077,lrange5,1000000,1242255.88
1078,lpush5,1000000,811030.00
1078,lrange5,1000000,1245369.88
1079,lpush5,1000000,821719.00
1079,lrange5,1000000,1239216.88
1080,lpush5,1000000,795583.12
1080,lrange5,1000000,1128740.38
1081,lpush5,1000000,794281.19
1081,lrange5,1000000,1237683.12
1082,lpush5,1000000,821771.56
1082,lrange5,1000000,1204896.38
1083,lpush5,1000000,814345.25
1083,lrange5,1000000,1248459.38
1084,lpush5,1000000,818330.62
1084,lrange5,1000000,1236153.25
1085,lpush5,1000000,824402.25
1085,lrange5,1000000,1230110.62
1086,lpush5,1000000,814423.44
1086,lrange5,1000000,1236153.25
1087,lpush5,1000000,816339.56
1087,lrange5,1000000,1227131.25
1088,lpush5,1000000,789952.56
1088,lrange5,1000000,1242236.00
1089,lpush5,1000000,817032.69
1089,lrange5,1000000,1176545.88
1090,lpush5,1000000,812503.69
1090,lrange5,1000000,1190723.88
1091,lpush5,1000000,812399.69
1091,lrange5,1000000,1224166.50
1092,lpush5,1000000,819672.12
1092,lrange5,1000000,1228520.88
1093,lpush5,1000000,793135.56
1093,lrange5,1000000,1248519.38
1094,lpush5,1000000,815074.19
1094,lrange5,1000000,1228737.12
1095,lpush5,1000000,813008.12
1095,lrange5,1000000,1222689.50
1096,lpush5,1000000,814397.38
1096,lrange5,1000000,1245429.62
1097,lpush5,1000000,811030.00
1097,lrange5,1000000,1230032.00
1098,lpush5,1000000,816326.50
1098,lrange5,1000000,1245429.62
1099,lpush5,1000000,823841.88
1099,lrange5,1000000,1213708.75
1100,lpush5,1000000,805243.19
1100,lrange5,1000000,1225549.00
1101,lpush5,1000000,811030.00
1101,lrange5,1000000,1239276.38
1102,lpush5,1000000,816365.69
1102,lrange5,1000000,1227111.62
1103,lpush5,1000000,815113.31
1103,lrange5,1000000,1230012.25
1104,lpush5,1000000,805814.62
1104,lrange5,1000000,1230169.75
1105,lpush5,1000000,798888.19
1105,lrange5,1000000,1228619.12
1106,lpush5,1000000,805930.69
1106,lrange5,1000000,1216603.38
1107,lpush5,1000000,818461.56
1107,lrange5,1000000,1219804.88
1108,lpush5,1000000,818369.88
1108,lrange5,1000000,1200518.62
1109,lpush5,1000000,813047.12
1109,lrange5,1000000,1233242.88
1110,lpush5,1000000,813721.75
1110,lrange5,1000000,1228540.50
1111,lpush5,1000000,816391.81
1111,lrange5,1000000,1213767.00
1112,lpush5,1000000,813112.19
1112,lrange5,1000000,1234587.62
1113,lpush5,1000000,815791.25
1113,lrange5,1000000,1225549.00
1114,lpush5,1000000,810554.31
1114,lrange5,1000000,1227111.62
1115,lpush5,1000000,808549.75
1115,lrange5,1000000,1234706.12
1116,lpush5,1000000,811159.75
1116,lrange5,1000000,1224264.38
1117,lpush5,1000000,811766.25
1117,lrange5,1000000,1237643.50
1118,lpush5,1000000,818343.69
1118,lrange5,1000000,1216545.00
1119,lpush5,1000000,822368.44
1119,lrange5,1000000,1213767.00
1120,lpush5,1000000,814501.62
1120,lrange5,1000000,1228599.50
1121,lpush5,1000000,815048.06
1121,lrange5,1000000,1223990.25
1122,lpush5,1000000,820344.56
1122,lrange5,1000000,1265924.00
1123,lpush5,1000000,817124.19
1123,lrange5,1000000,1227013.50
1124,lpush5,1000000,816339.56
1124,lrange5,1000000,1213592.25
1125,lpush5,1000000,813773.81
1125,lrange5,1000000,1233085.12
1126,lpush5,1000000,813786.81
1126,lrange5,1000000,1236173.00
1127,lpush5,1000000,816365.69
1127,lrange5,1000000,1223990.25
1128,lpush5,1000000,825777.06
1128,lrange5,1000000,1218085.25
1129,lpush5,1000000,817661.44
1129,lrange5,1000000,1215125.12
1130,lpush5,1000000,809061.50
1130,lrange5,1000000,1213708.75
1131,lpush5,1000000,806529.00
1131,lrange5,1000000,1248679.12
1132,lpush5,1000000,816457.12
1132,lrange5,1000000,1230071.25
1133,lpush5,1000000,813682.69
1133,lrange5,1000000,1243980.12
1134,lpush5,1000000,805268.94
1134,lrange5,1000000,1209305.88
1135,lpush5,1000000,822421.06
1135,lrange5,1000000,1210866.88
1136,lpush5,1000000,817085.00
1136,lrange5,1000000,1240913.12
1137,lpush5,1000000,809794.31
1137,lrange5,1000000,1236311.50
1138,lpush5,1000000,812347.75
1138,lrange5,1000000,1234587.62
1139,lpush5,1000000,793097.50
1139,lrange5,1000000,1230051.62
1140,lpush5,1000000,824455.00
1140,lrange5,1000000,1236093.88
1141,lpush5,1000000,821083.69
1141,lrange5,1000000,1239157.38
1142,lpush5,1000000,819698.31
1142,lrange5,1000000,1244000.00
1143,lpush5,1000000,817779.19
1143,lrange5,1000000,1245449.62
1144,lpush5,1000000,816431.00
1144,lrange5,1000000,1242295.62
1145,lpush5,1000000,810450.56
1145,lrange5,1000000,1233164.00
1146,lpush5,1000000,809742.50
1146,lrange5,1000000,1240833.75
1147,lpush5,1000000,821070.56
1147,lrange5,1000000,1236113.75
1148,lpush5,1000000,813695.69
1148,lrange5,1000000,1215066.75
1149,lpush5,1000000,814371.31
1149,lrange5,1000000,1243820.88
1150,lpush5,1000000,807102.50
1150,lrange5,1000000,1242236.00
1151,lpush5,1000000,820370.81
1151,lrange5,1000000,1242434.75
1152,lpush5,1000000,817687.62
1152,lrange5,1000000,1236093.88
1153,lpush5,1000000,809716.56
1153,lrange5,1000000,1215280.62
1154,lpush5,1000000,802619.56
1154,lrange5,1000000,1190533.38
1155,lpush5,1000000,816391.81
1155,lrange5,1000000,1243860.62
1156,lpush5,1000000,814995.94
1156,lrange5,1000000,1206272.62
1157,lpush5,1000000,808433.31
1157,lrange5,1000000,1200672.25
1158,lpush5,1000000,816993.50
1158,lrange5,1000000,1213592.25
1159,lpush5,1000000,815673.75
1159,lrange5,1000000,1216545.00
1160,lpush5,1000000,817137.25
1160,lrange5,1000000,1236113.75
1161,lpush5,1000000,815008.94
1161,lrange5,1000000,1218046.38
1162,lpush5,1000000,816444.06
1162,lrange5,1000000,1210731.25
1163,lpush5,1000000,802593.88
1163,lrange5,1000000,1221001.25
1164,lpush5,1000000,811094.88
1164,lrange5,1000000,1228678.12
1165,lpush5,1000000,817818.44
1165,lrange5,1000000,1256281.38
1166,lpush5,1000000,813669.69
1166,lrange5,1000000,1227111.62
1167,lpush5,1000000,819092.56
1167,lrange5,1000000,1216661.75
1168,lpush5,1000000,817058.81
1168,lrange5,1000000,1221040.25
1169,lpush5,1000000,805840.44
1169,lrange5,1000000,1239256.50
1170,lpush5,1000000,815113.31
1170,lrange5,1000000,1228717.38
1171,lpush5,1000000,811766.25
1171,lrange5,1000000,1237643.50
1172,lpush5,1000000,813851.94
1172,lrange5,1000000,1270770.00
1173,lpush5,1000000,813838.94
1173,lrange5,1000000,1230012.25
1174,lpush5,1000000,807128.38
1174,lrange5,1000000,1245369.88
1175,lpush5,1000000,815087.19
1175,lrange5,1000000,1216778.50
1176,lpush5,1000000,812412.69
1176,lrange5,1000000,1233144.25
1177,lpush5,1000000,815087.19
1177,lrange5,1000000,1176470.50
1178,lpush5,1000000,811107.81
1178,lrange5,1000000,1177856.38
1179,lpush5,1000000,818343.69
1179,lrange5,1000000,1005105.50
1180,lpush5,1000000,806451.62
1180,lrange5,1000000,1227052.75
1181,lpush5,1000000,808523.88
1181,lrange5,1000000,1212160.00
1182,lpush5,1000000,818500.81
1182,lrange5,1000000,1213805.88
1183,lpush5,1000000,807141.25
1183,lrange5,1000000,1219570.75
1184,lpush5,1000000,815673.75
1184,lrange5,1000000,1236331.25
1185,lpush5,1000000,820410.19
1185,lrange5,1000000,1209189.75
1186,lpush5,1000000,813721.75
1186,lrange5,1000000,1222533.00
1187,lpush5,1000000,818422.25
1187,lrange5,1000000,1245648.88
1188,lpush5,1000000,813734.75
1188,lrange5,1000000,1237940.50
1189,lpush5,1000000,809729.56
1189,lrange5,1000000,1230071.25
1190,lpush5,1000000,817058.81
1190,lrange5,1000000,1236113.75
1191,lpush5,1000000,815660.69
1191,lrange5,1000000,1218046.38
1192,lpush5,1000000,783699.06
1192,lrange5,1000000,1225725.50
1193,lpush5,1000000,807780.25
1193,lrange5,1000000,1243781.12
1194,lpush5,1000000,819816.38
1194,lrange5,1000000,1228717.38
1195,lpush5,1000000,807115.44
1195,lrange5,1000000,1221040.25
1196,lpush5,1000000,815699.88
1196,lrange5,1000000,1224107.75
1197,lpush5,1000000,807192.94
1197,lrange5,1000000,1237801.88
1198,lpush5,1000000,805191.62
1198,lrange5,1000000,1234725.88
1199,lpush5,1000000,821031.19
1199,lrange5,1000000,1248639.25
1200,lpush5,1000000,810476.50
1200,lrange5,1000000,1236232.38
1201,lpush5,1000000,811688.31
1201,lrange5,1000000,1230032.00
1202,lpush5,1000000,818448.44
1202,lrange5,1000000,1228717.38
1203,lpush5,1000000,815660.69
1203,lrange5,1000000,1243840.75
1204,lpush5,1000000,811701.31
1204,lrange5,1000000,1221118.38
1205,lpush5,1000000,807115.44
1205,lrange5,1000000,1222630.75
1206,lpush5,1000000,809061.50
1206,lrange5,1000000,1207768.12
1207,lpush5,1000000,810385.75
1207,lrange5,1000000,1230189.38
1208,lpush5,1000000,817032.69
1208,lrange5,1000000,1228501.25
1209,lpush5,1000000,824455.00
1209,lrange5,1000000,1247022.50
1210,lpush5,1000000,819737.69
1210,lrange5,1000000,1233124.50
1211,lpush5,1000000,817032.69
1211,lrange5,1000000,1237702.88
1212,lpush5,1000000,813708.75
1212,lrange5,1000000,1247102.25
1213,lpush5,1000000,813708.75
1213,lrange5,1000000,1225764.75
1214,lpush5,1000000,805866.19
1214,lrange5,1000000,1251664.50
1215,lpush5,1000000,821745.25
1215,lrange5,1000000,1259466.00
1216,lpush5,1000000,819066.38
1216,lrange5,1000000,1219590.25
1217,lpush5,1000000,811055.94
1217,lrange5,1000000,1207748.75
1218,lpush5,1000000,806008.00
1218,lrange5,1000000,1231586.25
1219,lpush5,1000000,817700.69
1219,lrange5,1000000,1209422.00
1220,lpush5,1000000,813773.81
1220,lrange5,1000000,1210692.50
1221,lpush5,1000000,809768.44
1221,lrange5,1000000,1227249.12
1222,lpush5,1000000,809061.50
1222,lrange5,1000000,1224107.75
1223,lpush5,1000000,809074.50
1223,lrange5,1000000,1222728.62
1224,lpush5,1000000,816391.81
1224,lrange5,1000000,1233183.75
1225,lpush5,1000000,809716.56
1225,lrange5,1000000,1237623.75
1226,lpush5,1000000,813177.25
1226,lrange5,1000000,1221118.38
1227,lpush5,1000000,796254.75
1227,lrange5,1000000,1201923.00
1228,lpush5,1000000,817661.44
1228,lrange5,1000000,1245350.00
1229,lpush5,1000000,820410.19
1229,lrange5,1000000,1242395.00
1230,lpush5,1000000,822473.69
1230,lrange5,1000000,1215105.75
1231,lpush5,1000000,821797.88
1231,lrange5,1000000,1234725.88
1232,lpush5,1000000,809165.06
1232,lrange5,1000000,1219746.38
1233,lpush5,1000000,817032.69
1233,lrange5,1000000,1221157.50
1234,lpush5,1000000,821797.88
1234,lrange5,1000000,1237762.38
1235,lpush5,1000000,800038.38
1235,lrange5,1000000,1200614.62
1236,lpush5,1000000,813721.75
1236,lrange5,1000000,1230150.00
1237,lpush5,1000000,804646.81
1237,lrange5,1000000,1221138.00
1238,lpush5,1000000,816326.50
1238,lrange5,1000000,1231586.25
1239,lpush5,1000000,815022.00
1239,lrange5,1000000,1245449.62
1240,lpush5,1000000,819053.25
1240,lrange5,1000000,1225647.12
1241,lpush5,1000000,815778.19
1241,lrange5,1000000,1206349.88
1242,lpush5,1000000,819672.12
1242,lrange5,1000000,1228658.50
1243,lpush5,1000000,817071.94
1243,lrange5,1000000,1239276.38
1244,lpush5,1000000,791867.00
1244,lrange5,1000000,1228540.50
1245,lpush5,1000000,822368.44
1245,lrange5,1000000,1237782.12
1246,lpush5,1000000,810489.50
1246,lrange5,1000000,1215222.38
1247,lpush5,1000000,812399.69
1247,lrange5,1000000,1231606.00
1248,lpush5,1000000,816365.69
1248,lrange5,1000000,1245529.25
1249,lpush5,1000000,813008.12
1249,lrange5,1000000,1180637.50
1250,lpush5,1000000,812373.69
1250,lrange5,1000000,1160148.50
1251,lpush5,1000000,754171.94
1251,lrange5,1000000,1189136.75
1252,lpush5,1000000,813721.75
1252,lrange5,1000000,1250140.00
1253,lpush5,1000000,815087.19
1253,lrange5,1000000,1243880.62
1254,lpush5,1000000,814358.25
1254,lrange5,1000000,1225509.88
1255,lpush5,1000000,805917.75
1255,lrange5,1000000,1248539.38
1256,lpush5,1000000,794370.19
1256,lrange5,1000000,1230012.25
1257,lpush5,1000000,798199.50
1257,lrange5,1000000,1236093.88
1258,lpush5,1000000,817019.62
1258,lrange5,1000000,1228737.12
1259,lpush5,1000000,814345.25
1259,lrange5,1000000,1242474.50
1260,lpush5,1000000,813734.75
1260,lrange5,1000000,1245389.88
1261,lpush5,1000000,807167.12
1261,lrange5,1000000,1243860.62
1262,lpush5,1000000,819053.25
1262,lrange5,1000000,1250180.00
1263,lpush5,1000000,824507.81
1263,lrange5,1000000,1239197.00
1264,lpush5,1000000,797448.19
1264,lrange5,1000000,1196382.75
1265,lpush5,1000000,811094.88
1265,lrange5,1000000,1231546.88
1266,lpush5,1000000,811107.81
1266,lrange5,1000000,1245409.75
1267,lpush5,1000000,821692.69
1267,lrange5,1000000,1230150.00
1268,lpush5,1000000,815035.06
1268,lrange5,1000000,1240813.88
1269,lpush5,1000000,814995.94
1269,lrange5,1000000,1253213.12
1270,lpush5,1000000,813008.12
1270,lrange5,1000000,1242236.00
1271,lpush5,1000000,811701.31
1271,lrange5,1000000,1242554.00
1272,lpush5,1000000,817006.56
1272,lrange5,1000000,1236351.00
1273,lpush5,1000000,813708.75
1273,lrange5,1000000,1240873.50
1274,lpush5,1000000,803858.56
1274,lrange5,1000000,1234567.88
1275,lpush5,1000000,811081.88
1275,lrange5,1000000,1233065.38
1276,lpush5,1000000,811081.88
1276,lrange5,1000000,1218338.62
1277,lpush5,1000000,816993.50
1277,lrange5,1000000,1256301.50
1278,lpush5,1000000,803974.31
1278,lrange5,1000000,1230150.00
1279,lpush5,1000000,815712.94
1279,lrange5,1000000,1210692.50
1280,lpush5,1000000,816993.50
1280,lrange5,1000000,1224009.88
1281,lpush5,1000000,813669.69
1281,lrange5,1000000,1239276.38
1282,lpush5,1000000,824415.44
1282,lrange5,1000000,1240873.50
1283,lpush5,1000000,813747.75
1283,lrange5,1000000,1253353.38
1284,lpush5,1000000,819711.44
1284,lrange5,1000000,1233164.00
1285,lpush5,1000000,811766.25
1285,lrange5,1000000,1240794.00
1286,lpush5,1000000,803897.12
1286,lrange5,1000000,1242295.62
1287,lpush5,1000000,817700.69
1287,lrange5,1000000,1233065.38
1288,lpush5,1000000,806554.81
1288,lrange5,1000000,1251604.50
1289,lpush5,1000000,793072.12
1289,lrange5,1000000,1240913.12
1290,lpush5,1000000,811133.81
1290,lrange5,1000000,1242395.00
1291,lpush5,1000000,815739.00
1291,lrange5,1000000,1245369.88
1292,lpush5,1000000,820344.56
1292,lrange5,1000000,1221020.75
1293,lpush5,1000000,806529.00
1293,lrange5,1000000,1233085.12
1294,lpush5,1000000,811094.88
1294,lrange5,1000000,1219668.25
1295,lpush5,1000000,811159.75
1295,lrange5,1000000,1230032.00
1296,lpush5,1000000,816378.75
1296,lrange5,1000000,1234745.62
1297,lpush5,1000000,819750.81
1297,lrange5,1000000,1230012.25
1298,lpush5,1000000,819685.25
1298,lrange5,1000000,1199271.00
1299,lpush5,1000000,809113.31
1299,lrange5,1000000,1230071.25
1300,lpush5,1000000,804505.19
1300,lrange5,1000000,1242454.62
1301,lpush5,1000000,811740.25
1301,lrange5,1000000,1245609.00
1302,lpush5,1000000,809126.25
1302,lrange5,1000000,1227111.62
1303,lpush5,1000000,811030.00
1303,lrange5,1000000,1200576.25
1304,lpush5,1000000,819750.81
1304,lrange5,1000000,1230110.62
1305,lpush5,1000000,801924.62
1305,lrange5,1000000,1236173.00
1306,lpush5,1000000,788022.06
1306,lrange5,1000000,1236192.75
1307,lpush5,1000000,803328.50
1307,lrange5,1000000,1196287.00
1308,lpush5,1000000,809074.50
1308,lrange5,1000000,1248619.25
1309,lpush5,1000000,807102.50
1309,lrange5,1000000,1242454.62
1310,lpush5,1000000,817766.12
1310,lrange5,1000000,1202096.12
1311,lpush5,1000000,816993.50
1311,lrange5,1000000,1242434.75
1312,lpush5,1000000,813086.19
1312,lrange5,1000000,1236173.00
1313,lpush5,1000000,815035.06
1313,lrange5,1000000,1224264.38
1314,lpush5,1000000,811766.25
1314,lrange5,1000000,1243801.00
1315,lpush5,1000000,819685.25
1315,lrange5,1000000,1224049.00
1316,lpush5,1000000,821758.44
1316,lrange5,1000000,1254885.88
1317,lpush5,1000000,817687.62
1317,lrange5,1000000,1240893.25
1318,lpush5,1000000,815765.12
1318,lrange5,1000000,1227033.12
1319,lpush5,1000000,796914.75
1319,lrange5,1000000,1228560.12
1320,lpush5,1000000,822394.75
1320,lrange5,1000000,1231763.62
1321,lpush5,1000000,823150.62
1321,lrange5,1000000,1206407.75
1322,lpush5,1000000,815061.12
1322,lrange5,1000000,1236173.00
1323,lpush5,1000000,812360.69
1323,lrange5,1000000,1231763.62
1324,lpush5,1000000,816417.94
1324,lrange5,1000000,1224029.38
1325,lpush5,1000000,818356.81
1325,lrange5,1000000,1219570.75
1326,lpush5,1000000,810489.50
1326,lrange5,1000000,1218260.62
1327,lpush5,1000000,807754.44
1327,lrange5,1000000,1234607.38
1328,lpush5,1000000,821083.69
1328,lrange5,1000000,1243781.12
1329,lpush5,1000000,815699.88
1329,lrange5,1000000,1245429.62
1330,lpush5,1000000,812399.69
1330,lrange5,1000000,1234627.12
1331,lpush5,1000000,816496.31
1331,lrange5,1000000,1247042.38
1332,lpush5,1000000,814332.19
1332,lrange5,1000000,1240714.62
1333,lpush5,1000000,821692.69
1333,lrange5,1000000,1237623.75
1334,lpush5,1000000,813734.75
1334,lrange5,1000000,1200480.12
1335,lpush5,1000000,813682.69
1335,lrange5,1000000,1215144.62
1336,lpush5,1000000,811688.31
1336,lrange5,1000000,1203408.00
1337,lpush5,1000000,817006.56
1337,lrange5,1000000,1239236.75
1338,lpush5,1000000,797588.56
1338,lrange5,1000000,1239316.00
1339,lpush5,1000000,818461.56
1339,lrange5,1000000,1243840.75
1340,lpush5,1000000,812347.75
1340,lrange5,1000000,1210653.75
1341,lpush5,1000000,817058.81
1341,lrange5,1000000,1231842.38
1342,lpush5,1000000,809716.56
1342,lrange5,1000000,1225705.88
1343,lpush5,1000000,815804.25
1343,lrange5,1000000,1251704.62
1344,lpush5,1000000,812360.69
1344,lrange5,1000000,1231606.00
1345,lpush5,1000000,806670.94
1345,lrange5,1000000,1239216.88
1346,lpush5,1000000,809859.12
1346,lrange5,1000000,1231546.88
1347,lpush5,1000000,808433.31
1347,lrange5,1000000,1222669.88
1348,lpush5,1000000,820344.56
1348,lrange5,1000000,1243840.75
1349,lpush5,1000000,816352.62
1349,lrange5,1000000,1240694.75
1350,lpush5,1000000,814995.94
1350,lrange5,1000000,1186334.50
1351,lpush5,1000000,802219.75
1351,lrange5,1000000,1239355.62
1352,lpush5,1000000,809872.06
1352,lrange5,1000000,1222533.00
1353,lpush5,1000000,821044.31
1353,lrange5,1000000,1243860.62
1354,lpush5,1000000,809113.31
1354,lrange5,1000000,1234646.88
1355,lpush5,1000000,813695.69
1355,lrange5,1000000,1257881.75
1356,lpush5,1000000,817726.88
1356,lrange5,1000000,1233262.62
1357,lpush5,1000000,805268.94
1357,lrange5,1000000,1218163.25
1358,lpush5,1000000,819790.12
1358,lrange5,1000000,1247122.25
1359,lpush5,1000000,818513.94
1359,lrange5,1000000,1242236.00
1360,lpush5,1000000,817058.81
1360,lrange5,1000000,1230130.38
1361,lpush5,1000000,827880.81
1361,lrange5,1000000,1225705.88
1362,lpush5,1000000,811727.25
1362,lrange5,1000000,1242534.12
1363,lpush5,1000000,817779.19
1363,lrange5,1000000,1225725.50
1364,lpush5,1000000,816993.50
1364,lrange5,1000000,1216545.00
1365,lpush5,1000000,809113.31
1365,lrange5,1000000,1236271.88
1366,lpush5,1000000,815087.19
1366,lrange5,1000000,1250020.00
1367,lpush5,1000000,806529.00
1367,lrange5,1000000,1231527.12
1368,lpush5,1000000,817045.75
1368,lrange5,1000000,1228599.50
1369,lpush5,1000000,813695.69
1369,lrange5,1000000,1237623.75
1370,lpush5,1000000,799373.25
1370,lrange5,1000000,1234745.62
1371,lpush5,1000000,815074.19
1371,lrange5,1000000,1212121.25
1372,lpush5,1000000,821070.56
1372,lrange5,1000000,1248599.25
1373,lpush5,1000000,818448.44
1373,lrange5,1000000,1209228.50
1374,lpush5,1000000,820397.06
1374,lrange5,1000000,1219629.25
1375,lpush5,1000000,812360.69
1375,lrange5,1000000,1239355.62
1376,lpush5,1000000,814384.31
1376,lrange5,1000000,1239216.88
1377,lpush5,1000000,802683.75
1377,lrange5,1000000,1219551.25
1378,lpush5,1000000,810450.56
1378,lrange5,1000000,1237841.50
1379,lpush5,1000000,803225.69
1379,lrange5,1000000,1200672.25
1380,lpush5,1000000,812373.69
1380,lrange5,1000000,1240813.88
1381,lpush5,1000000,806490.31
1381,lrange5,1000000,1228756.75
1382,lpush5,1000000,815087.19
1382,lrange5,1000000,1228540.50
1383,lpush5,1000000,809729.56
1383,lrange5,1000000,1226993.88
1384,lpush5,1000000,815074.19
1384,lrange5,1000000,1248459.38
1385,lpush5,1000000,812386.69
1385,lrange5,1000000,1264222.50
1386,lpush5,1000000,815022.00
1386,lrange5,1000000,1231625.62
1387,lpush5,1000000,820423.31
1387,lrange5,1000000,1234567.88
1388,lpush5,1000000,817019.62
1388,lrange5,1000000,1250020.00
1389,lpush5,1000000,796216.56
1389,lrange5,1000000,1227150.88
1390,lpush5,1000000,795557.69
1390,lrange5,1000000,1257962.25
1391,lpush5,1000000,817163.44
1391,lrange5,1000000,1233045.62
1392,lpush5,1000000,822460.56
1392,lrange5,1000000,1250060.00
1393,lpush5,1000000,811779.25
1393,lrange5,1000000,1245509.38
1394,lpush5,1000000,807154.19
1394,lrange5,1000000,1234785.12
1395,lpush5,1000000,805230.31
1395,lrange5,1000000,1242335.38
1396,lpush5,1000000,814371.31
1396,lrange5,1000000,1228579.88
1397,lpush5,1000000,811042.94
1397,lrange5,1000000,1224088.12
1398,lpush5,1000000,812347.75
1398,lrange5,1000000,1240853.62
1399,lpush5,1000000,815752.06
1399,lrange5,1000000,1225588.25
1400,lpush5,1000000,817006.56
1400,lrange5,1000000,1236192.75
1401,lpush5,1000000,811779.25
1401,lrange5,1000000,1228638.75
1402,lpush5,1000000,815699.88
1402,lrange5,1000000,1225686.25
1403,lpush5,1000000,816326.50
1403,lrange5,1000000,1234686.38
1404,lpush5,1000000,816326.50
1404,lrange5,1000000,1251624.50
1405,lpush5,1000000,788668.75
1405,lrange5,1000000,1199098.38
1406,lpush5,1000000,811714.31
1406,lrange5,1000000,1240873.50
1407,lpush5,1000000,809755.44
1407,lrange5,1000000,1221216.12
1408,lpush5,1000000,817753.06
1408,lrange5,1000000,1234765.38
1409,lpush5,1000000,821758.44
1409,lrange5,1000000,1243801.00
1410,lpush5,1000000,807754.44
1410,lrange5,1000000,1210692.50
1411,lpush5,1000000,818435.38
1411,lrange5,1000000,1245330.00
1412,lpush5,1000000,817713.81
1412,lrange5,1000000,1212121.25
1413,lpush5,1000000,819777.00
1413,lrange5,1000000,1240754.38
1414,lpush5,1000000,804505.19
1414,lrange5,1000000,1221040.25
1415,lpush5,1000000,821057.44
1415,lrange5,1000000,1212237.62
1416,lpush5,1000000,813669.69
1416,lrange5,1000000,1231566.50
1417,lpush5,1000000,816378.75
1417,lrange5,1000000,1234587.62
1418,lpush5,1000000,820488.94
1418,lrange5,1000000,1231665.00
1419,lpush5,1000000,809846.12
1419,lrange5,1000000,1236192.75
1420,lpush5,1000000,815699.88
1420,lrange5,1000000,1231822.75
1421,lpush5,1000000,820423.31
1421,lrange5,1000000,1230032.00
1422,lpush5,1000000,819711.44
1422,lrange5,1000000,1231527.12
1423,lpush5,1000000,801320.50
1423,lrange5,1000000,1233104.88
1424,lpush5,1000000,819000.88
1424,lrange5,1000000,1228501.25
1425,lpush5,1000000,817766.12
1425,lrange5,1000000,1219648.75
1426,lpush5,1000000,811094.88
1426,lrange5,1000000,1239256.50
1427,lpush5,1000000,810398.75
1427,lrange5,1000000,1250200.00
1428,lpush5,1000000,816431.00
1428,lrange5,1000000,1231586.25
1429,lpush5,1000000,809716.56
1429,lrange5,1000000,1242434.75
1430,lpush5,1000000,817739.94
1430,lrange5,1000000,1225725.50
1431,lpush5,1000000,814995.94
1431,lrange5,1000000,1237841.50
1432,lpush5,1000000,810424.69
1432,lrange5,1000000,1236192.75
1433,lpush5,1000000,809716.56
1433,lrange5,1000000,1205012.12
1434,lpush5,1000000,805294.69
1434,lrange5,1000000,1227170.50
1435,lpush5,1000000,819027.06
1435,lrange5,1000000,1221157.50
1436,lpush5,1000000,814449.50
1436,lrange5,1000000,1234745.62
1437,lpush5,1000000,812425.69
1437,lrange5,1000000,1231743.88
1438,lpush5,1000000,810437.62
1438,lrange5,1000000,1225490.25
1439,lpush5,1000000,809755.44
1439,lrange5,1000000,1239177.25
1440,lpush5,1000000,809113.31
1440,lrange5,1000000,1236232.38
1441,lpush5,1000000,805853.31
1441,lrange5,1000000,1231586.25
1442,lpush5,1000000,809074.50
1442,lrange5,1000000,1248619.25
1443,lpush5,1000000,815765.12
1443,lrange5,1000000,1225705.88
1444,lpush5,1000000,807754.44
1444,lrange5,1000000,1234725.88
1445,lpush5,1000000,818369.88
1445,lrange5,1000000,1222513.38
1446,lpush5,1000000,821057.44
1446,lrange5,1000000,1237980.12
1447,lpush5,1000000,805801.75
1447,lrange5,1000000,1224009.88
1448,lpush5,1000000,809729.56
1448,lrange5,1000000,1218085.25
1449,lpush5,1000000,814995.94
1449,lrange5,1000000,1240754.38
1450,lpush5,1000000,810411.69
1450,lrange5,1000000,1213631.12
1451,lpush5,1000000,807102.50
1451,lrange5,1000000,1191895.12
1452,lpush5,1000000,805191.62
1452,lrange5,1000000,1226993.88
1453,lpush5,1000000,813086.19
1453,lrange5,1000000,1228737.12
1454,lpush5,1000000,811094.88
1454,lrange5,1000000,1228501.25
1455,lpush5,1000000,808472.12
1455,lrange5,1000000,1231625.62
1456,lpush5,1000000,813086.19
1456,lrange5,1000000,1197796.50
1457,lpush5,1000000,815178.50
1457,lrange5,1000000,1213592.25
1458,lpush5,1000000,813008.12
1458,lrange5,1000000,1231566.50
1459,lpush5,1000000,814995.94
1459,lrange5,1000000,1228678.12
1460,lpush5,1000000,804595.31
1460,lrange5,1000000,1218163.25
1461,lpush5,1000000,813708.75
1461,lrange5,1000000,1218065.75
1462,lpush5,1000000,809742.50
1462,lrange5,1000000,1230071.25
1463,lpush5,1000000,821070.56
1463,lrange5,1000000,1227092.00
1464,lpush5,1000000,815048.06
1464,lrange5,1000000,1209305.88
1465,lpush5,1000000,813047.12
1465,lrange5,1000000,1240694.75
1466,lpush5,1000000,809191.00
1466,lrange5,1000000,1219551.25
1467,lpush5,1000000,814501.62
1467,lrange5,1000000,1219668.25
1468,lpush5,1000000,811159.75
1468,lrange5,1000000,1037377.62
1469,lpush5,1000000,810489.50
1469,lrange5,1000000,1246882.88
1470,lpush5,1000000,811068.94
1470,lrange5,1000000,1240754.38
1471,lpush5,1000000,796305.69
1471,lrange5,1000000,1242434.75
1472,lpush5,1000000,821044.31
1472,lrange5,1000000,1236291.75
1473,lpush5,1000000,817753.06
1473,lrange5,1000000,1227131.25
1474,lpush5,1000000,808446.25
1474,lrange5,1000000,1213669.88
1475,lpush5,1000000,815686.81
1475,lrange5,1000000,1228599.50
1476,lpush5,1000000,807115.44
1476,lrange5,1000000,1237702.88
1477,lpush5,1000000,819158.12
1477,lrange5,1000000,1213611.62
1478,lpush5,1000000,815686.81
1478,lrange5,1000000,1227072.38
1479,lpush5,1000000,811688.31
1479,lrange5,1000000,1230287.75
1480,lpush5,1000000,813047.12
1480,lrange5,1000000,1234627.12
1481,lpush5,1000000,813669.69
1481,lrange5,1000000,1237722.75
1482,lpush5,1000000,815739.00
1482,lrange5,1000000,1251644.50
1483,lpush5,1000000,816391.81
1483,lrange5,1000000,1256281.38
1484,lpush5,1000000,816339.56
1484,lrange5,1000000,1233124.50
1485,lpush5,1000000,811701.31
1485,lrange5,1000000,1234706.12
1486,lpush5,1000000,809755.44
1486,lrange5,1000000,1242414.88
1487,lpush5,1000000,807754.44
1487,lrange5,1000000,1230150.00
1488,lpush5,1000000,816326.50
1488,lrange5,1000000,1245429.62
1489,lpush5,1000000,817766.12
1489,lrange5,1000000,1204877.12
1490,lpush5,1000000,816378.75
1490,lrange5,1000000,1246882.88
1491,lpush5,1000000,819724.56
1491,lrange5,1000000,1236252.12
1492,lpush5,1000000,809126.25
1492,lrange5,1000000,1242236.00
1493,lpush5,1000000,821083.69
1493,lrange5,1000000,1251604.50
1494,lpush5,1000000,813021.12
1494,lrange5,1000000,1219531.75
1495,lpush5,1000000,811055.94
1495,lrange5,1000000,1212218.25
1496,lpush5,1000000,813086.19
1496,lrange5,1000000,1243820.88
1497,lpush5,1000000,812347.75
1497,lrange5,1000000,1225725.50
1498,lpush5,1000000,815100.25
1498,lrange5,1000000,1231586.25
1499,lpush5,1000000,811120.81
1499,lrange5,1000000,1227013.50
1500,lpush5,1000000,815752.06
1500,lrange5,1000000,1218046.38
1501,lpush5,1000000,817045.75
1501,lrange5,1000000,1227013.50
1502,lpush5,1000000,808420.38
1502,lrange5,1000000,1194915.12
1503,lpush5,1000000,815113.31
1503,lrange5,1000000,1227209.88
1504,lpush5,1000000,805256.06
1504,lrange5,1000000,1222669.88
1505,lpush5,1000000,815712.94
1505,lrange5,1000000,1240734.50
1506,lpush5,1000000,815022.00
1506,lrange5,1000000,1218143.75
1507,lpush5,1000000,816326.50
1507,lrange5,1000000,1247022.50
1508,lpush5,1000000,803858.56
1508,lrange5,1000000,1218046.38
1509,lpush5,1000000,820397.06
1509,lrange5,1000000,1210828.12
1510,lpush5,1000000,809152.12
1510,lrange5,1000000,1240952.88
1511,lpush5,1000000,812412.69
1511,lrange5,1000000,1234706.12
1512,lpush5,1000000,815752.06
1512,lrange5,1000000,1240714.62
1513,lpush5,1000000,813073.19
1513,lrange5,1000000,1176564.62
1514,lpush5,1000000,809755.44
1514,lrange5,1000000,1228697.75
1515,lpush5,1000000,801963.12
1515,lrange5,1000000,1182297.88
1516,lpush5,1000000,796876.50
1516,lrange5,1000000,1212121.25
1517,lpush5,1000000,814995.94
1517,lrange5,1000000,1203504.25
1518,lpush5,1000000,803858.56
1518,lrange5,1000000,1227150.88
1519,lpush5,1000000,813138.19
1519,lrange5,1000000,1239177.25
1520,lpush5,1000000,815804.25
1520,lrange5,1000000,1225549.00
1521,lpush5,1000000,807754.44
1521,lrange5,1000000,1218143.75
1522,lpush5,1000000,816339.56
1522,lrange5,1000000,1223990.25
1523,lpush5,1000000,812412.69
1523,lrange5,1000000,1175219.75
1524,lpush5,1000000,787401.56
1524,lrange5,1000000,1231842.38
1525,lpush5,1000000,802709.44
1525,lrange5,1000000,1228540.50
1526,lpush5,1000000,813060.12
1526,lrange5,1000000,1204838.62
1527,lpush5,1000000,815673.75
1527,lrange5,1000000,1219648.75
1528,lpush5,1000000,809716.56
1528,lrange5,1000000,1194743.12
1529,lpush5,1000000,814995.94
1529,lrange5,1000000,1221098.88
1530,lpush5,1000000,820357.69
1530,lrange5,1000000,1219512.25
1531,lpush5,1000000,814384.31
1531,lrange5,1000000,1242414.88
1532,lpush5,1000000,816326.50
1532,lrange5,1000000,1231665.00
1533,lpush5,1000000,814345.25
1533,lrange5,1000000,1189117.75
1534,lpush5,1000000,807270.38
1534,lrange5,1000000,1224049.00
1535,lpush5,1000000,813008.12
1535,lrange5,1000000,1203369.50
1536,lpush5,1000000,796812.75
1536,lrange5,1000000,1230189.38
1537,lpush5,1000000,817137.25
1537,lrange5,1000000,1222709.00
1538,lpush5,1000000,793650.81
1538,lrange5,1000000,1216583.88
1539,lpush5,1000000,814358.25
1539,lrange5,1000000,1225607.88
1540,lpush5,1000000,803935.69
1540,lrange5,1000000,1218163.25
1541,lpush5,1000000,818356.81
1541,lrange5,1000000,1237623.75
1542,lpush5,1000000,811727.25
1542,lrange5,1000000,1204819.25
1543,lpush5,1000000,811094.88
1543,lrange5,1000000,1225607.88
1544,lpush5,1000000,789266.00
1544,lrange5,1000000,1209189.75
1545,lpush5,1000000,812386.69
1545,lrange5,1000000,1240933.00
1546,lpush5,1000000,814449.50
1546,lrange5,1000000,1242434.75
1547,lpush5,1000000,813682.69
1547,lrange5,1000000,1234646.88
1548,lpush5,1000000,802747.94
1548,lrange5,1000000,1240754.38
1549,lpush5,1000000,809742.50
1549,lrange5,1000000,1222552.50
1550,lpush5,1000000,807831.94
1550,lrange5,1000000,1225509.88
1551,lpush5,1000000,812347.75
1551,lrange5,1000000,1237722.75
1552,lpush5,1000000,781275.00
1552,lrange5,1000000,1204819.25
1553,lpush5,1000000,785596.25
1553,lrange5,1000000,1215066.75
1554,lpush5,1000000,817006.56
1554,lrange5,1000000,1216545.00
1555,lpush5,1000000,811094.88
1555,lrange5,1000000,1237643.50
1556,lpush5,1000000,808446.25
1556,lrange5,1000000,1218143.75
1557,lpush5,1000000,812347.75
1557,lrange5,1000000,1216545.00
1558,lpush5,1000000,813721.75
1558,lrange5,1000000,1251584.50
1559,lpush5,1000000,817045.75
1559,lrange5,1000000,1231527.12
1560,lpush5,1000000,789291.25
1560,lrange5,1000000,1240694.75
1561,lpush5,1000000,814449.50
1561,lrange5,1000000,1222748.12
1562,lpush5,1000000,808472.12
1562,lrange5,1000000,1194800.50
1563,lpush5,1000000,813008.12
1563,lrange5,1000000,1213708.75
1564,lpush5,1000000,811042.94
1564,lrange5,1000000,1236291.75
1565,lpush5,1000000,806567.75
1565,lrange5,1000000,1237940.50
1566,lpush5,1000000,814475.56
1566,lrange5,1000000,1224088.12
1567,lpush5,1000000,803935.69
1567,lrange5,1000000,1212121.25
1568,lpush5,1000000,816404.88
1568,lrange5,1000000,1213786.38
1569,lpush5,1000000,813021.12
1569,lrange5,1000000,1237841.50
1570,lpush5,1000000,811727.25
1570,lrange5,1000000,1215066.75
1571,lpush5,1000000,811081.88
1571,lrange5,1000000,1227092.00
1572,lpush5,1000000,803922.88
1572,lrange5,1000000,1218046.38
1573,lpush5,1000000,815660.69
1573,lrange5,1000000,1190514.38
1574,lpush5,1000000,809074.50
1574,lrange5,1000000,1224225.25
1575,lpush5,1000000,809087.44
1575,lrange5,1000000,1230248.38
1576,lpush5,1000000,805866.19
1576,lrange5,1000000,1240734.50
1577,lpush5,1000000,801371.75
1577,lrange5,1000000,1240833.75
1578,lpush5,1000000,809807.25
1578,lrange5,1000000,1210731.25
1579,lpush5,1000000,811753.25
1579,lrange5,1000000,1212315.12
1580,lpush5,1000000,815726.00
1580,lrange5,1000000,1228520.88
1581,lpush5,1000000,803289.94
1581,lrange5,1000000,1204857.88
1582,lpush5,1000000,809807.25
1582,lrange5,1000000,1237782.12
1583,lpush5,1000000,811030.00
1583,lrange5,1000000,1221020.75
1584,lpush5,1000000,814371.31
1584,lrange5,1000000,1243900.50
1585,lpush5,1000000,810489.50
1585,lrange5,1000000,1215339.00
1586,lpush5,1000000,815791.25
1586,lrange5,1000000,1242236.00
1587,lpush5,1000000,802606.69
1587,lrange5,1000000,1222748.12
1588,lpush5,1000000,811042.94
1588,lrange5,1000000,1239177.25
1589,lpush5,1000000,815008.94
1589,lrange5,1000000,1231684.75
1590,lpush5,1000000,821123.12
1590,lrange5,1000000,1209228.50
1591,lpush5,1000000,816365.69
1591,lrange5,1000000,1233085.12
1592,lpush5,1000000,807180.00
1592,lrange5,1000000,1231566.50
1593,lpush5,1000000,808536.81
1593,lrange5,1000000,1234627.12
1594,lpush5,1000000,809859.12
1594,lrange5,1000000,1209247.88
1595,lpush5,1000000,805268.94
1595,lrange5,1000000,1196478.38
1596,lpush5,1000000,807154.19
1596,lrange5,1000000,1231783.25
1597,lpush5,1000000,818343.69
1597,lrange5,1000000,1234706.12
1598,lpush5,1000000,811714.31
1598,lrange5,1000000,1228540.50
1599,lpush5,1000000,791765.62
1599,lrange5,1000000,1226993.88
1600,lpush5,1000000,819685.25
1600,lrange5,1000000,1218397.12
1601,lpush5,1000000,813008.12
1601,lrange5,1000000,1219512.25
1602,lpush5,1000000,816391.81
1602,lrange5,1000000,1237683.12
1603,lpush5,1000000,818369.88
1603,lrange5,1000000,1234567.88
1604,lpush5,1000000,803935.69
1604,lrange5,1000000,1233045.62
1605,lpush5,1000000,810385.75
1605,lrange5,1000000,1216700.75
1606,lpush5,1000000,814397.38
1606,lrange5,1000000,1213631.12
1607,lpush5,1000000,811740.25
1607,lrange5,1000000,1218026.88
1608,lpush5,1000000,817163.44
1608,lrange5,1000000,1245369.88
1609,lpush5,1000000,819053.25
1609,lrange5,1000000,1222669.88
1610,lpush5,1000000,809807.25
1610,lrange5,1000000,1222650.38
1611,lpush5,1000000,821692.69
1611,lrange5,1000000,1219687.88
1612,lpush5,1000000,816378.75
1612,lrange5,1000000,1230130.38
1613,lpush5,1000000,819118.81
1613,lrange5,1000000,1219668.25
1614,lpush5,1000000,815008.94
1614,lrange5,1000000,1203542.75
1615,lpush5,1000000,819672.12
1615,lrange5,1000000,1218299.62
1616,lpush5,1000000,809716.56
1616,lrange5,1000000,1231665.00
1617,lpush5,1000000,807205.81
1617,lrange5,1000000,1231527.12
1618,lpush5,1000000,814995.94
1618,lrange5,1000000,1206427.00
1619,lpush5,1000000,804505.19
1619,lrange5,1000000,1219551.25
1620,lpush5,1000000,815699.88
1620,lrange5,1000000,1228697.75
1621,lpush5,1000000,814423.44
1621,lrange5,1000000,1216739.62
1622,lpush5,1000000,813047.12
1622,lrange5,1000000,1212257.00
1623,lpush5,1000000,809885.00
1623,lrange5,1000000,1207729.50
1624,lpush5,1000000,806464.50
1624,lrange5,1000000,1194743.12
1625,lpush5,1000000,805165.88
1625,lrange5,1000000,1224146.88
1626,lpush5,1000000,811042.94
1626,lrange5,1000000,1233282.38
1627,lpush5,1000000,811107.81
1627,lrange5,1000000,1231704.50
1628,lpush5,1000000,807831.94
1628,lrange5,1000000,1210963.75
1629,lpush5,1000000,815087.19
1629,lrange5,1000000,1227072.38
1630,lpush5,1000000,819040.19
1630,lrange5,1000000,1193336.50
1631,lpush5,1000000,808485.06
1631,lrange5,1000000,1236093.88
1632,lpush5,1000000,814397.38
1632,lrange5,1000000,1222552.50
1633,lpush5,1000000,813682.69
1633,lrange5,1000000,1227013.50
1634,lpush5,1000000,807806.12
1634,lrange5,1000000,1193336.50
1635,lpush5,1000000,817124.19
1635,lrange5,1000000,1233045.62
1636,lpush5,1000000,800704.56
1636,lrange5,1000000,1218085.25
1637,lpush5,1000000,814371.31
1637,lrange5,1000000,1236093.88
1638,lpush5,1000000,807218.75
1638,lrange5,1000000,1203562.00
1639,lpush5,1000000,795646.81
1639,lrange5,1000000,1224088.12
1640,lpush5,1000000,811081.88
1640,lrange5,1000000,1231586.25
1641,lpush5,1000000,807754.44
1641,lrange5,1000000,1239157.38
1642,lpush5,1000000,798186.75
1642,lrange5,1000000,1239197.00
1643,lpush5,1000000,815752.06
1643,lrange5,1000000,1233124.50
1644,lpush5,1000000,813682.69
1644,lrange5,1000000,1227052.75
1645,lpush5,1000000,809074.50
1645,lrange5,1000000,1210653.75
1646,lpush5,1000000,814397.38
1646,lrange5,1000000,1225686.25
1647,lpush5,1000000,813047.12
1647,lrange5,1000000,1225509.88
1648,lpush5,1000000,807870.75
1648,lrange5,1000000,1219629.25
1649,lpush5,1000000,821123.12
1649,lrange5,1000000,1240833.75
1650,lpush5,1000000,821758.44
1650,lrange5,1000000,1210692.50
1651,lpush5,1000000,812347.75
1651,lrange5,1000000,1234627.12
1652,lpush5,1000000,811081.88
1652,lrange5,1000000,1219531.75
1653,lpush5,1000000,807192.94
1653,lrange5,1000000,1183640.25
1654,lpush5,1000000,808420.38
1654,lrange5,1000000,1216583.88
1655,lpush5,1000000,813799.88
1655,lrange5,1000000,1237643.50
1656,lpush5,1000000,806503.25
1656,lrange5,1000000,1251564.38
1657,lpush5,1000000,816993.50
1657,lrange5,1000000,1245409.75
1658,lpush5,1000000,813799.88
1658,lrange5,1000000,1239355.62
1659,lpush5,1000000,802001.62
1659,lrange5,1000000,1245389.88
1660,lpush5,1000000,807141.25
1660,lrange5,1000000,1218065.75
1661,lpush5,1000000,808420.38
1661,lrange5,1000000,1231527.12
1662,lpush5,1000000,816365.69
1662,lrange5,1000000,1197739.00
1663,lpush5,1000000,821758.44
1663,lrange5,1000000,1234706.12
1664,lpush5,1000000,813695.69
1664,lrange5,1000000,1233065.38
1665,lpush5,1000000,809768.44
1665,lrange5,1000000,1237623.75
1666,lpush5,1000000,803212.88
1666,lrange5,1000000,1224225.25
1667,lpush5,1000000,809716.56
1667,lrange5,1000000,1216545.00
1668,lpush5,1000000,818409.19
1668,lrange5,1000000,1248439.50
1669,lpush5,1000000,817045.75
1669,lrange5,1000000,1233045.62
1670,lpush5,1000000,819777.00
1670,lrange5,1000000,1233223.25
1671,lpush5,1000000,813669.69
1671,lrange5,1000000,1243820.88
1672,lpush5,1000000,811792.19
1672,lrange5,1000000,1236351.00
1673,lpush5,1000000,819777.00
1673,lrange5,1000000,1261316.50
1674,lpush5,1000000,815726.00
1674,lrange5,1000000,1203485.00
1675,lpush5,1000000,811081.88
1675,lrange5,1000000,1245350.00
1676,lpush5,1000000,809061.50
1676,lrange5,1000000,1230071.25
1677,lpush5,1000000,813034.12
1677,lrange5,1000000,1230051.62
1678,lpush5,1000000,825095.69
1678,lrange5,1000000,1239335.88
1679,lpush5,1000000,809061.50
1679,lrange5,1000000,1231684.75
1680,lpush5,1000000,818343.69
1680,lrange5,1000000,1239177.25
1681,lpush5,1000000,813669.69
1681,lrange5,1000000,1219707.38
1682,lpush5,1000000,806451.62
1682,lrange5,1000000,1245509.38
1683,lpush5,1000000,819079.50
1683,lrange5,1000000,1227033.12
1684,lpush5,1000000,801346.12
1684,lrange5,1000000,1222572.12
1685,lpush5,1000000,815061.12
1685,lrange5,1000000,1240714.62
1686,lpush5,1000000,813669.69
1686,lrange5,1000000,1230268.12
1687,lpush5,1000000,791139.19
1687,lrange5,1000000,1236212.62
1688,lpush5,1000000,813047.12
1688,lrange5,1000000,1213767.00
1689,lpush5,1000000,805930.69
1689,lrange5,1000000,1219648.75
1690,lpush5,1000000,819000.88
1690,lrange5,1000000,1237702.88
1691,lpush5,1000000,812438.69
1691,lrange5,1000000,1231704.50
1692,lpush5,1000000,815660.69
1692,lrange5,1000000,1234646.88
1693,lpush5,1000000,791790.94
1693,lrange5,1000000,1228599.50
1694,lpush5,1000000,815087.19
1694,lrange5,1000000,1222591.62
1695,lpush5,1000000,806567.75
1695,lrange5,1000000,1236093.88
1696,lpush5,1000000,798097.38
1696,lrange5,1000000,1219629.25
1697,lpush5,1000000,808498.00
1697,lrange5,1000000,1237722.75
1698,lpush5,1000000,818343.69
1698,lrange5,1000000,1190590.50
1699,lpush5,1000000,813138.19
1699,lrange5,1000000,1234646.88
1700,lpush5,1000000,814345.25
1700,lrange5,1000000,1221118.38
1701,lpush5,1000000,815778.19
1701,lrange5,1000000,1242534.12
1702,lpush5,1000000,816378.75
1702,lrange5,1000000,1228638.75
1703,lpush5,1000000,808420.38
1703,lrange5,1000000,1240754.38
1704,lpush5,1000000,813682.69
1704,lrange5,1000000,1246982.62
1705,lpush5,1000000,808472.12
1705,lrange5,1000000,1234607.38
1706,lpush5,1000000,813682.69
1706,lrange5,1000000,1221001.25
1707,lpush5,1000000,813112.19
1707,lrange5,1000000,1221001.25
1708,lpush5,1000000,809152.12
1708,lrange5,1000000,1221001.25
1709,lpush5,1000000,806503.25
1709,lrange5,1000000,1225745.12
1710,lpush5,1000000,807793.19
1710,lrange5,1000000,1228540.50
1711,lpush5,1000000,807128.38
1711,lrange5,1000000,1225705.88
1712,lpush5,1000000,814410.38
1712,lrange5,1000000,1239256.50
1713,lpush5,1000000,811030.00
1713,lrange5,1000000,1203446.50
1714,lpush5,1000000,806490.31
1714,lrange5,1000000,1216583.88
1715,lpush5,1000000,813695.69
1715,lrange5,1000000,1227190.25
1716,lpush5,1000000,813008.12
1716,lrange5,1000000,1196248.75
1717,lpush5,1000000,817032.69
1717,lrange5,1000000,1236311.50
1718,lpush5,1000000,817058.81
1718,lrange5,1000000,1236232.38
1719,lpush5,1000000,814449.50
1719,lrange5,1000000,1233124.50
1720,lpush5,1000000,819711.44
1720,lrange5,1000000,1212257.00
1721,lpush5,1000000,818435.38
1721,lrange5,1000000,1210789.38
1722,lpush5,1000000,793122.88
1722,lrange5,1000000,1210808.75
1723,lpush5,1000000,808446.25
1723,lrange5,1000000,1221040.25
1724,lpush5,1000000,810411.69
1724,lrange5,1000000,1215066.75
1725,lpush5,1000000,798722.06
1725,lrange5,1000000,1216545.00
1726,lpush5,1000000,803935.69
1726,lrange5,1000000,1245330.00
1727,lpush5,1000000,815660.69
1727,lrange5,1000000,1213728.12
1728,lpush5,1000000,804659.69
1728,lrange5,1000000,1219648.75
1729,lpush5,1000000,806529.00
1729,lrange5,1000000,1239316.00
1730,lpush5,1000000,811081.88
1730,lrange5,1000000,1222533.00
1731,lpush5,1000000,806490.31
1731,lrange5,1000000,1213592.25
1732,lpush5,1000000,811792.19
1732,lrange5,1000000,1227013.50
1733,lpush5,1000000,803884.25
1733,lrange5,1000000,1210828.12
1734,lpush5,1000000,807115.44
1734,lrange5,1000000,1242335.38
1735,lpush5,1000000,819750.81
1735,lrange5,1000000,1239375.50
1736,lpush5,1000000,809191.00
1736,lrange5,1000000,1239236.75
1737,lpush5,1000000,816431.00
1737,lrange5,1000000,1240734.50
1738,lpush5,1000000,819000.88
1738,lrange5,1000000,1206407.75
1739,lpush5,1000000,817019.62
1739,lrange5,1000000,1227229.50
1740,lpush5,1000000,812412.69
1740,lrange5,1000000,1245389.88
1741,lpush5,1000000,809152.12
1741,lrange5,1000000,1248439.50
1742,lpush5,1000000,810554.31
1742,lrange5,1000000,1242375.12
1743,lpush5,1000000,813021.12
1743,lrange5,1000000,1231684.75
1744,lpush5,1000000,809126.25
1744,lrange5,1000000,1239197.00
1745,lpush5,1000000,821083.69
1745,lrange5,1000000,1239157.38
1746,lpush5,1000000,810437.62
1746,lrange5,1000000,1218280.12
1747,lpush5,1000000,817766.12
1747,lrange5,1000000,1247022.50
1748,lpush5,1000000,815035.06
1748,lrange5,1000000,1253213.12
1749,lpush5,1000000,813086.19
1749,lrange5,1000000,1219668.25
1750,lpush5,1000000,817661.44
1750,lrange5,1000000,1228520.88
1751,lpush5,1000000,813034.12
1751,lrange5,1000000,1219590.25
1752,lpush5,1000000,815673.75
1752,lrange5,1000000,1216700.75
1753,lpush5,1000000,808588.50
1753,lrange5,1000000,1248699.12
1754,lpush5,1000000,812412.69
1754,lrange5,1000000,1207768.12
1755,lpush5,1000000,805153.00
1755,lrange5,1000000,1231546.88
1756,lpush5,1000000,815660.69
1756,lrange5,1000000,976593.69
1757,lpush5,1000000,814371.31
1757,lrange5,1000000,1221274.75
1758,lpush5,1000000,807218.75
1758,lrange5,1000000,1222591.62
1759,lpush5,1000000,806464.50
1759,lrange5,1000000,1197604.88
1760,lpush5,1000000,814995.94
1760,lrange5,1000000,1242315.50
1761,lpush5,1000000,818343.69
1761,lrange5,1000000,1226993.88
1762,lpush5,1000000,805866.19
1762,lrange5,1000000,1200499.38
1763,lpush5,1000000,811198.69
1763,lrange5,1000000,1242295.62
1764,lpush5,1000000,813708.75
1764,lrange5,1000000,1245449.62
1765,lpush5,1000000,813112.19
1765,lrange5,1000000,1239296.12
1766,lpush5,1000000,817032.69
1766,lrange5,1000000,1225529.38
1767,lpush5,1000000,824521.00
1767,lrange5,1000000,1209305.88
1768,lpush5,1000000,809061.50
1768,lrange5,1000000,1215066.75
1769,lpush5,1000000,814371.31
1769,lrange5,1000000,1230248.38
1770,lpush5,1000000,809061.50
1770,lrange5,1000000,1213592.25
1771,lpush5,1000000,799373.25
1771,lrange5,1000000,1239335.88
1772,lpush5,1000000,817753.06
1772,lrange5,1000000,1231743.88
1773,lpush5,1000000,802645.25
1773,lrange5,1000000,1243920.38
1774,lpush5,1000000,794988.88
1774,lrange5,1000000,1234646.88
1775,lpush5,1000000,815165.44
1775,lrange5,1000000,1245828.12
1776,lpush5,1000000,809100.38
1776,lrange5,1000000,1228776.38
1777,lpush5,1000000,811753.25
1777,lrange5,1000000,1230209.12
1778,lpush5,1000000,817019.62
1778,lrange5,1000000,1237762.38
1779,lpush5,1000000,817661.44
1779,lrange5,1000000,1234607.38
1780,lpush5,1000000,798734.81
1780,lrange5,1000000,1245350.00
1781,lpush5,1000000,809113.31
1781,lrange5,1000000,1231546.88
1782,lpush5,1000000,813008.12
1782,lrange5,1000000,1225745.12
1783,lpush5,1000000,803289.94
1783,lrange5,1000000,1233065.38
1784,lpush5,1000000,823045.25
1784,lrange5,1000000,1247082.38
1785,lpush5,1000000,815008.94
1785,lrange5,1000000,1236232.38
1786,lpush5,1000000,814332.19
1786,lrange5,1000000,1218143.75
1787,lpush5,1000000,807192.94
1787,lrange5,1000000,1244019.88
1788,lpush5,1000000,817739.94
1788,lrange5,1000000,1253253.12
1789,lpush5,1000000,814501.62
1789,lrange5,1000000,1237643.50
1790,lpush5,1000000,814384.31
1790,lrange5,1000000,1222533.00
1791,lpush5,1000000,813099.19
1791,lrange5,1000000,1245350.00
1792,lpush5,1000000,810398.75
1792,lrange5,1000000,1219707.38
1793,lpush5,1000000,810398.75
1793,lrange5,1000000,1231546.88
1794,lpush5,1000000,823762.75
1794,lrange5,1000000,1224088.12
1795,lpush5,1000000,815699.88
1795,lrange5,1000000,1228678.12
1796,lpush5,1000000,820397.06
1796,lrange5,1000000,1237782.12
1797,lpush5,1000000,807154.19
1797,lrange5,1000000,1202173.00
1798,lpush5,1000000,816993.50
1798,lrange5,1000000,1243920.38
1799,lpush5,1000000,811753.25
1799,lrange5,1000000,1237801.88
1800,lpush5,1000000,813164.19
1800,lrange5,1000000,1206600.75
1801,lpush5,1000000,813008.12
1801,lrange5,1000000,1207729.50
1802,lpush5,1000000,814345.25
1802,lrange5,1000000,1219551.25
1803,lpush5,1000000,817818.44
1803,lrange5,1000000,1242494.38
1804,lpush5,1000000,802722.25
1804,lrange5,1000000,1234627.12
1805,lpush5,1000000,811779.25
1805,lrange5,1000000,1243840.75
1806,lpush5,1000000,804569.56
1806,lrange5,1000000,1227386.50
1807,lpush5,1000000,812464.69
1807,lrange5,1000000,1236153.25
1808,lpush5,1000000,819711.44
1808,lrange5,1000000,1231665.00
1809,lpush5,1000000,811120.81
1809,lrange5,1000000,1240734.50
1810,lpush5,1000000,810385.75
1810,lrange5,1000000,1228697.75
1811,lpush5,1000000,803264.25
1811,lrange5,1000000,1230051.62
1812,lpush5,1000000,795646.81
1812,lrange5,1000000,1209325.25
1813,lpush5,1000000,816326.50
1813,lrange5,1000000,1240873.50
1814,lpush5,1000000,811779.25
1814,lrange5,1000000,1233085.12
1815,lpush5,1000000,815035.06
1815,lrange5,1000000,1245389.88
1816,lpush5,1000000,807102.50
1816,lrange5,1000000,1209460.62
1817,lpush5,1000000,808562.69
1817,lrange5,1000000,1225607.88
1818,lpush5,1000000,813786.81
1818,lrange5,1000000,1230091.00
1819,lpush5,1000000,817137.25
1819,lrange5,1000000,1244119.38
1820,lpush5,1000000,817700.69
1820,lrange5,1000000,1239276.38
1821,lpush5,1000000,817661.44
1821,lrange5,1000000,1230071.25
1822,lpush5,1000000,813138.19
1822,lrange5,1000000,1228619.12
1823,lpush5,1000000,815022.00
1823,lrange5,1000000,1218182.75
1824,lpush5,1000000,818343.69
1824,lrange5,1000000,1218026.88
1825,lpush5,1000000,823828.69
1825,lrange5,1000000,1253213.12
1826,lpush5,1000000,813695.69
1826,lrange5,1000000,1218124.25
1827,lpush5,1000000,811030.00
1827,lrange5,1000000,1230130.38
1828,lpush5,1000000,795634.06
1828,lrange5,1000000,1239157.38
1829,lpush5,1000000,821083.69
1829,lrange5,1000000,1240893.25
1830,lpush5,1000000,812477.69
1830,lrange5,1000000,1250140.00
1831,lpush5,1000000,803277.12
1831,lrange5,1000000,1236093.88
1832,lpush5,1000000,811701.31
1832,lrange5,1000000,1228520.88
1833,lpush5,1000000,809139.19
1833,lrange5,1000000,1221040.25
1834,lpush5,1000000,812412.69
1834,lrange5,1000000,1248479.38
1835,lpush5,1000000,814332.19
1835,lrange5,1000000,1228717.38
1836,lpush5,1000000,816365.69
1836,lrange5,1000000,1243781.12
1837,lpush5,1000000,819158.12
1837,lrange5,1000000,1237782.12
1838,lpush5,1000000,813721.75
1838,lrange5,1000000,1216642.25
1839,lpush5,1000000,819724.56
1839,lrange5,1000000,1247062.38
1840,lpush5,1000000,819711.44
1840,lrange5,1000000,1207806.75
1841,lpush5,1000000,803212.88
1841,lrange5,1000000,1215202.88
1842,lpush5,1000000,808407.44
1842,lrange5,1000000,1245449.62
1843,lpush5,1000000,812412.69
1843,lrange5,1000000,1227052.75
1844,lpush5,1000000,818343.69
1844,lrange5,1000000,1250140.00
1845,lpush5,1000000,806541.94
1845,lrange5,1000000,1230032.00
1846,lpush5,1000000,817032.69
1846,lrange5,1000000,1221020.75
1847,lpush5,1000000,809781.38
1847,lrange5,1000000,1209344.62
1848,lpush5,1000000,815022.00
1848,lrange5,1000000,1219570.75
1849,lpush5,1000000,811740.25
1849,lrange5,1000000,1234745.62
1850,lpush5,1000000,813695.69
1850,lrange5,1000000,1240754.38
1851,lpush5,1000000,811701.31
1851,lrange5,1000000,1199040.75
1852,lpush5,1000000,811159.75
1852,lrange5,1000000,1242414.88
1853,lpush5,1000000,817006.56
1853,lrange5,1000000,1226993.88
1854,lpush5,1000000,811030.00
1854,lrange5,1000000,1242414.88
1855,lpush5,1000000,807754.44
1855,lrange5,1000000,1212198.75
1856,lpush5,1000000,804518.06
1856,lrange5,1000000,1228717.38
1857,lpush5,1000000,812373.69
1857,lrange5,1000000,1239276.38
1858,lpush5,1000000,813773.81
1858,lrange5,1000000,1231527.12
1859,lpush5,1000000,811805.19
1859,lrange5,1000000,1222533.00
1860,lpush5,1000000,788744.50
1860,lrange5,1000000,1221216.12
1861,lpush5,1000000,813669.69
1861,lrange5,1000000,1246922.75
1862,lpush5,1000000,809126.25
1862,lrange5,1000000,1228501.25
1863,lpush5,1000000,819672.12
1863,lrange5,1000000,1231566.50
1864,lpush5,1000000,815100.25
1864,lrange5,1000000,1219531.75
1865,lpush5,1000000,814995.94
1865,lrange5,1000000,1239177.25
1866,lpush5,1000000,818356.81
1866,lrange5,1000000,1239375.50
1867,lpush5,1000000,822434.25
1867,lrange5,1000000,1240952.88
1868,lpush5,1000000,816417.94
1868,lrange5,1000000,1227268.75
1869,lpush5,1000000,820423.31
1869,lrange5,1000000,1200653.00
1870,lpush5,1000000,821771.56
1870,lrange5,1000000,1245569.12
1871,lpush5,1000000,808510.94
1871,lrange5,1000000,1236113.75
1872,lpush5,1000000,816326.50
1872,lrange5,1000000,1256321.62
1873,lpush5,1000000,813825.88
1873,lrange5,1000000,1250060.00
1874,lpush5,1000000,817753.06
1874,lrange5,1000000,1258264.12
1875,lpush5,1000000,816431.00
1875,lrange5,1000000,1237643.50
1876,lpush5,1000000,808446.25
1876,lrange5,1000000,1239256.50
1877,lpush5,1000000,816378.75
1877,lrange5,1000000,1242295.62
1878,lpush5,1000000,809074.50
1878,lrange5,1000000,1248539.38
1879,lpush5,1000000,806516.12
1879,lrange5,1000000,1234627.12
1880,lpush5,1000000,813060.12
1880,lrange5,1000000,1213669.88
1881,lpush5,1000000,811055.94
1881,lrange5,1000000,1222493.88
1882,lpush5,1000000,806451.62
1882,lrange5,1000000,1233164.00
1883,lpush5,1000000,816339.56
1883,lrange5,1000000,1231724.12
1884,lpush5,1000000,807154.19
1884,lrange5,1000000,1173840.38
1885,lpush5,1000000,805153.00
1885,lrange5,1000000,1230150.00
1886,lpush5,1000000,812360.69
1886,lrange5,1000000,1231527.12
1887,lpush5,1000000,815660.69
1887,lrange5,1000000,1233302.12
1888,lpush5,1000000,817779.19
1888,lrange5,1000000,1254825.62
1889,lpush5,1000000,818383.00
1889,lrange5,1000000,1236173.00
1890,lpush5,1000000,805191.62
1890,lrange5,1000000,1212354.00
1891,lpush5,1000000,813773.81
1891,lrange5,1000000,1231546.88
1892,lpush5,1000000,809846.12
1892,lrange5,1000000,1210711.88
1893,lpush5,1000000,813799.88
1893,lrange5,1000000,1224127.38
1894,lpush5,1000000,793021.38
1894,lrange5,1000000,1221001.25
1895,lpush5,1000000,805866.19
1895,lrange5,1000000,1225686.25
1896,lpush5,1000000,811792.19
1896,lrange5,1000000,1247062.38
1897,lpush5,1000000,807844.88
1897,lrange5,1000000,1242275.75
1898,lpush5,1000000,813073.19
1898,lrange5,1000000,1228874.62
1899,lpush5,1000000,800140.81
1899,lrange5,1000000,1230110.62
1900,lpush5,1000000,816470.19
1900,lrange5,1000000,1236153.25
1901,lpush5,1000000,804518.06
1901,lrange5,1000000,1215183.50
1902,lpush5,1000000,815061.12
1902,lrange5,1000000,1210731.25
1903,lpush5,1000000,815673.75
1903,lrange5,1000000,1236311.50
1904,lpush5,1000000,814332.19
1904,lrange5,1000000,1234607.38
1905,lpush5,1000000,815726.00
1905,lrange5,1000000,1233164.00
1906,lpush5,1000000,803264.25
1906,lrange5,1000000,1243781.12
1907,lpush5,1000000,813060.12
1907,lrange5,1000000,1230110.62
1908,lpush5,1000000,818356.81
1908,lrange5,1000000,1228638.75
1909,lpush5,1000000,813682.69
1909,lrange5,1000000,1215164.00
1910,lpush5,1000000,807141.25
1910,lrange5,1000000,1221177.00
1911,lpush5,1000000,803884.25
1911,lrange5,1000000,1212160.00
1912,lpush5,1000000,802645.25
1912,lrange5,1000000,1221098.88
1913,lpush5,1000000,795621.31
1913,lrange5,1000000,1200480.12
1914,lpush5,1000000,796343.94
1914,lrange5,1000000,1228560.12
1915,lpush5,1000000,807754.44
1915,lrange5,1000000,1242395.00
1916,lpush5,1000000,817739.94
1916,lrange5,1000000,1250160.00
1917,lpush5,1000000,813073.19
1917,lrange5,1000000,1234765.38
1918,lpush5,1000000,790028.44
1918,lrange5,1000000,1221059.88
1919,lpush5,1000000,792431.06
1919,lrange5,1000000,1231566.50
1920,lpush5,1000000,811198.69
1920,lrange5,1000000,1254885.88
1921,lpush5,1000000,813721.75
1921,lrange5,1000000,1236153.25
1922,lpush5,1000000,813747.75
1922,lrange5,1000000,1225509.88
1923,lpush5,1000000,819013.94
1923,lrange5,1000000,1243781.12
1924,lpush5,1000000,811042.94
1924,lrange5,1000000,1216720.12
1925,lpush5,1000000,813708.75
1925,lrange5,1000000,1222591.62
1926,lpush5,1000000,813760.81
1926,lrange5,1000000,953334.56
1927,lpush5,1000000,737014.00
1927,lrange5,1000000,1187781.50
1928,lpush5,1000000,812347.75
1928,lrange5,1000000,1199194.25
1929,lpush5,1000000,786832.38
1929,lrange5,1000000,1179452.88
1930,lpush5,1000000,788656.12
1930,lrange5,1000000,1200595.38
1931,lpush5,1000000,801346.12
1931,lrange5,1000000,1219687.88
1932,lpush5,1000000,807154.19
1932,lrange5,1000000,1215280.62
1933,lpush5,1000000,801975.94
1933,lrange5,1000000,1199175.12
1934,lpush5,1000000,800000.00
1934,lrange5,1000000,1210750.62
1935,lpush5,1000000,810437.62
1935,lrange5,1000000,1193470.12
1936,lpush5,1000000,805204.50
1936,lrange5,1000000,1145677.00
1937,lpush5,1000000,803289.94
1937,lrange5,1000000,1207806.75
1938,lpush5,1000000,807102.50
1938,lrange5,1000000,1221059.88
1939,lpush5,1000000,784351.38
1939,lrange5,1000000,1161588.88
1940,lpush5,1000000,796863.75
1940,lrange5,1000000,1194915.12
1941,lpush5,1000000,807102.50
1941,lrange5,1000000,1146935.75
1942,lpush5,1000000,812438.69
1942,lrange5,1000000,1224323.12
1943,lpush5,1000000,811688.31
1943,lrange5,1000000,1203388.75
1944,lpush5,1000000,807180.00
1944,lrange5,1000000,1212160.00
1945,lpush5,1000000,805827.50
1945,lrange5,1000000,1179471.75
1946,lpush5,1000000,805230.31
1946,lrange5,1000000,1224186.12
1947,lpush5,1000000,806516.12
1947,lrange5,1000000,1183697.00
1948,lpush5,1000000,807141.25
1948,lrange5,1000000,916854.31
1949,lpush5,1000000,796876.50
1949,lrange5,1000000,1168243.00
1950,lpush5,1000000,813760.81
1950,lrange5,1000000,1221294.25
1951,lpush5,1000000,817687.62
1951,lrange5,1000000,1261034.12
1952,lpush5,1000000,796863.75
1952,lrange5,1000000,1242236.00
1953,lpush5,1000000,809872.06
1953,lrange5,1000000,1243840.75
1954,lpush5,1000000,803987.19
1954,lrange5,1000000,1222493.88
1955,lpush5,1000000,796825.50
1955,lrange5,1000000,1218202.25
1956,lpush5,1000000,805281.81
1956,lrange5,1000000,1224127.38
1957,lpush5,1000000,806541.94
1957,lrange5,1000000,1240754.38
1958,lpush5,1000000,807154.19
1958,lrange5,1000000,1197739.00
1959,lpush5,1000000,816993.50
1959,lrange5,1000000,1228638.75
1960,lpush5,1000000,811055.94
1960,lrange5,1000000,1237643.50
1961,lpush5,1000000,811753.25
1961,lrange5,1000000,1245330.00
1962,lpush5,1000000,807844.88
1962,lrange5,1000000,1219746.38
1963,lpush5,1000000,814397.38
1963,lrange5,1000000,1219512.25
1964,lpush5,1000000,819803.25
1964,lrange5,1000000,1230209.12
1965,lpush5,1000000,808446.25
1965,lrange5,1000000,1233262.62
1966,lpush5,1000000,816339.56
1966,lrange5,1000000,1219590.25
1967,lpush5,1000000,808510.94
1967,lrange5,1000000,1203446.50
1968,lpush5,1000000,815673.75
1968,lrange5,1000000,1213708.75
1969,lpush5,1000000,813021.12
1969,lrange5,1000000,1244000.00
1970,lpush5,1000000,791765.62
1970,lrange5,1000000,1197739.00
1971,lpush5,1000000,818396.06
1971,lrange5,1000000,1216564.38
1972,lpush5,1000000,812347.75
1972,lrange5,1000000,1189231.88
1973,lpush5,1000000,810424.69
1973,lrange5,1000000,1230110.62
1974,lpush5,1000000,813034.12
1974,lrange5,1000000,1216798.00
1975,lpush5,1000000,803354.19
1975,lrange5,1000000,1196229.62
1976,lpush5,1000000,821201.94
1976,lrange5,1000000,1209189.75
1977,lpush5,1000000,809113.31
1977,lrange5,1000000,1215066.75
1978,lpush5,1000000,808407.44
1978,lrange5,1000000,1231684.75
1979,lpush5,1000000,807754.44
1979,lrange5,1000000,1210944.38
1980,lpush5,1000000,807831.94
1980,lrange5,1000000,1224029.38
1981,lpush5,1000000,807154.19
1981,lrange5,1000000,1193355.62
1982,lpush5,1000000,809113.31
1982,lrange5,1000000,1236093.88
1983,lpush5,1000000,815699.88
1983,lrange5,1000000,1213669.88
1984,lpush5,1000000,811688.31
1984,lrange5,1000000,1207922.75
1985,lpush5,1000000,812373.69
1985,lrange5,1000000,1237643.50
1986,lpush5,1000000,807141.25
1986,lrange5,1000000,1204992.75
1987,lpush5,1000000,807767.31
1987,lrange5,1000000,1233085.12
1988,lpush5,1000000,808510.94
1988,lrange5,1000000,1231625.62
1989,lpush5,1000000,811120.81
1989,lrange5,1000000,1207826.12
1990,lpush5,1000000,811030.00
1990,lrange5,1000000,1231566.50
1991,lpush5,1000000,804698.31
1991,lrange5,1000000,1227150.88
1992,lpush5,1000000,793790.50
1992,lrange5,1000000,1228638.75
1993,lpush5,1000000,813034.12
1993,lrange5,1000000,1239177.25
1994,lpush5,1000000,806529.00
1994,lrange5,1000000,1259466.00
1995,lpush5,1000000,815752.06
1995,lrange5,1000000,1239197.00
1996,lpush5,1000000,817045.75
1996,lrange5,1000000,1219512.25
1997,lpush5,1000000,805866.19
1997,lrange5,1000000,1240933.00
1998,lpush5,1000000,814488.56
1998,lrange5,1000000,1228717.38
1999,lpush5,1000000,808498.00
1999,lrange5,1000000,1248539.38
2000,lpush5,1000000,803328.50
2000,lrange5,1000000,1230051.62
