trial,operation,requests,rps
1,lpush5,1000000,833399.94
1,lrange5,1000000,1030096.81
2,lpush5,1000000,829320.06
2,lrange5,1000000,1194972.50
3,lpush5,1000000,823097.94
3,lrange5,1000000,1280491.62
4,lpush5,1000000,834791.38
4,lrange5,1000000,1283840.88
5,lpush5,1000000,829200.69
5,lrange5,1000000,1282112.88
6,lpush5,1000000,844702.69
6,lrange5,1000000,1254725.25
7,lpush5,1000000,829359.88
7,lrange5,1000000,1242414.88
8,lpush5,1000000,834737.94
8,lrange5,1000000,1272325.62
9,lpush5,1000000,831308.44
9,lrange5,1000000,1288762.88
10,lpush5,1000000,829187.44
10,lrange5,1000000,1287042.50
11,lpush5,1000000,831946.75
11,lrange5,1000000,1040732.56
12,lpush5,1000000,841885.56
12,lrange5,1000000,1192104.88
13,lpush5,1000000,841164.00
13,lrange5,1000000,1280655.50
14,lpush5,1000000,834041.69
14,lrange5,1000000,1259506.25
15,lpush5,1000000,835609.00
15,lrange5,1000000,1196612.38
16,lpush5,1000000,830604.62
16,lrange5,1000000,1292134.38
17,lpush5,1000000,828513.69
17,lrange5,1000000,1203773.75
18,lpush5,1000000,831255.25
18,lrange5,1000000,861422.88
19,lpush5,1000000,833346.62
19,lrange5,1000000,1234607.38
20,lpush5,1000000,843237.81
20,lrange5,1000000,1282051.38
21,lpush5,1000000,831454.75
21,lrange5,1000000,1273926.12
22,lpush5,1000000,834188.50
22,lrange5,1000000,1261094.62
23,lpush5,1000000,819816.38
23,lrange5,1000000,1295544.00
24,lpush5,1000000,829875.50
24,lrange5,1000000,1283697.12
25,lpush5,1000000,825201.31
25,lrange5,1000000,1275510.25
26,lpush5,1000000,835421.88
26,lrange5,1000000,1201923.00
27,lpush5,1000000,832013.31
27,lrange5,1000000,1288701.00
28,lpush5,1000000,834778.00
28,lrange5,1000000,1282236.00
29,lpush5,1000000,833333.31
29,lrange5,1000000,1285491.00
30,lpush5,1000000,835475.31
30,lrange5,1000000,1292155.00
31,lpush5,1000000,823045.25
31,lrange5,1000000,1292072.38
32,lpush5,1000000,824534.19
32,lrange5,1000000,1288680.38
33,lpush5,1000000,831268.50
33,lrange5,1000000,1297016.88
34,lpush5,1000000,836240.81
34,lrange5,1000000,1282112.88
35,lpush5,1000000,827867.56
35,lrange5,1000000,1277180.12
36,lpush5,1000000,830564.81
36,lrange5,1000000,1280553.12
37,lpush5,1000000,834041.69
37,lrange5,1000000,1265964.50
38,lpush5,1000000,832679.44
38,lrange5,1000000,1282133.38
39,lpush5,1000000,834188.50
39,lrange5,1000000,1293702.50
40,lpush5,1000000,824507.81
40,lrange5,1000000,1206311.25
41,lpush5,1000000,824402.25
41,lrange5,1000000,1248439.50
42,lpush5,1000000,830764.12
42,lrange5,1000000,1193603.88
43,lpush5,1000000,834844.75
43,lrange5,1000000,1282112.88
44,lpush5,1000000,841804.75
44,lrange5,1000000,1275571.50
45,lpush5,1000000,837654.94
45,lrange5,1000000,1250100.00
46,lpush5,1000000,826552.06
46,lrange5,1000000,1272305.38
47,lpush5,1000000,830578.06
47,lrange5,1000000,1206369.12
48,lpush5,1000000,835542.19
48,lrange5,1000000,1257982.38
49,lpush5,1000000,832013.31
49,lrange5,1000000,1245469.50
50,lpush5,1000000,830021.56
50,lrange5,1000000,1285429.25
51,lpush5,1000000,829213.94
51,lrange5,1000000,1273926.12
52,lpush5,1000000,825909.19
52,lrange5,1000000,1261034.12
53,lpush5,1000000,841939.44
53,lrange5,1000000,1283902.50
54,lpush5,1000000,827867.56
54,lrange5,1000000,1283840.88
55,lpush5,1000000,827143.12
55,lrange5,1000000,1205050.62
56,lpush5,1000000,825188.12
56,lrange5,1000000,1290322.62
57,lpush5,1000000,831308.44
57,lrange5,1000000,1195068.12
58,lpush5,1000000,823802.31
58,lrange5,1000000,1277343.62
59,lpush5,1000000,828699.25
59,lrange5,1000000,1292155.00
60,lpush5,1000000,832212.94
60,lrange5,1000000,1273966.88
61,lpush5,1000000,824613.31
61,lrange5,1000000,1288659.75
62,lpush5,1000000,827827.88
62,lrange5,1000000,1274048.38
63,lpush5,1000000,834201.81
63,lrange5,1000000,1200633.88
64,lpush5,1000000,826459.50
64,lrange5,1000000,1292031.00
65,lpush5,1000000,828000.06
65,lrange5,1000000,1264384.25
66,lpush5,1000000,829187.44
66,lrange5,1000000,1290363.88
67,lpush5,1000000,815726.00
67,lrange5,1000000,1196287.00
68,lpush5,1000000,824415.44
68,lrange5,1000000,1267488.00
69,lpush5,1000000,817163.44
69,lrange5,1000000,1291989.62
70,lpush5,1000000,824586.94
70,lrange5,1000000,1295461.12
71,lpush5,1000000,827854.31
71,lrange5,1000000,1287021.88
72,lpush5,1000000,836953.94
72,lrange5,1000000,1195049.00
73,lpush5,1000000,832839.31
73,lrange5,1000000,1259566.75
74,lpush5,1000000,823176.94
74,lrange5,1000000,1292093.00
75,lpush5,1000000,829253.75
75,lrange5,1000000,1291989.62
76,lpush5,1000000,828500.38
76,lrange5,1000000,1258062.88
77,lpush5,1000000,835475.31
77,lrange5,1000000,1292134.38
78,lpush5,1000000,841096.69
78,lrange5,1000000,1269035.50
79,lpush5,1000000,832746.06
79,lrange5,1000000,1293764.50
80,lpush5,1000000,828725.75
80,lrange5,1000000,1258002.50
81,lpush5,1000000,835488.69
81,lrange5,1000000,1297224.38
82,lpush5,1000000,831946.75
82,lrange5,1000000,1291989.62
83,lpush5,1000000,821692.69
83,lrange5,1000000,1287186.62
84,lpush5,1000000,821096.81
84,lrange5,1000000,1197719.75
85,lpush5,1000000,833546.62
85,lrange5,1000000,1202096.12
86,lpush5,1000000,829187.44
86,lrange5,1000000,1210731.25
87,lpush5,1000000,831348.31
87,lrange5,1000000,1293826.62
88,lpush5,1000000,829227.19
88,lrange5,1000000,1295440.38
89,lpush5,1000000,836214.06
89,lrange5,1000000,1257982.38
90,lpush5,1000000,833413.31
90,lrange5,1000000,1278772.38
91,lpush5,1000000,846186.12
91,lrange5,1000000,1262727.25
92,lpush5,1000000,824481.44
92,lrange5,1000000,1282071.88
93,lpush5,1000000,841150.56
93,lrange5,1000000,1285511.62
94,lpush5,1000000,821784.69
94,lrange5,1000000,1205166.25
95,lpush5,1000000,831335.00
95,lrange5,1000000,1280594.12
96,lpush5,1000000,831268.50
96,lrange5,1000000,1257881.75
97,lpush5,1000000,833333.31
97,lrange5,1000000,1293661.00
98,lpush5,1000000,823111.06
98,lrange5,1000000,1288762.88
99,lpush5,1000000,824521.00
99,lrange5,1000000,1239177.25
100,lpush5,1000000,829240.50
100,lrange5,1000000,1199117.50
101,lpush5,1000000,833506.62
101,lrange5,1000000,1202211.50
102,lpush5,1000000,819790.12
102,lrange5,1000000,1251724.62
103,lpush5,1000000,825777.06
103,lrange5,1000000,1247082.38
104,lpush5,1000000,821797.88
104,lrange5,1000000,1253132.88
105,lpush5,1000000,829412.94
105,lrange5,1000000,1292010.38
106,lpush5,1000000,823097.94
106,lrange5,1000000,1273966.88
107,lpush5,1000000,824455.00
107,lrange5,1000000,1193565.62
108,lpush5,1000000,826459.50
108,lrange5,1000000,1250060.00
109,lpush5,1000000,828553.44
109,lrange5,1000000,1246882.88
110,lpush5,1000000,830048.12
110,lrange5,1000000,1193642.00
111,lpush5,1000000,836200.69
111,lrange5,1000000,1267569.12
112,lpush5,1000000,827315.12
112,lrange5,1000000,1288721.62
113,lpush5,1000000,831361.62
113,lrange5,1000000,1282051.38
114,lpush5,1000000,833399.94
114,lrange5,1000000,1269076.12
115,lpush5,1000000,833453.31
115,lrange5,1000000,1285408.75
116,lpush5,1000000,832186.31
116,lrange5,1000000,1233223.25
117,lpush5,1000000,818435.38
117,lrange5,1000000,1200557.00
118,lpush5,1000000,831481.31
118,lrange5,1000000,1200518.62
119,lpush5,1000000,826578.50
119,lrange5,1000000,1246942.62
120,lpush5,1000000,829928.62
120,lrange5,1000000,1205108.50
121,lpush5,1000000,842486.94
121,lrange5,1000000,1197777.25
122,lpush5,1000000,825135.31
122,lrange5,1000000,1200576.25
123,lpush5,1000000,839033.56
123,lrange5,1000000,1288659.75
124,lpush5,1000000,829359.88
124,lrange5,1000000,1233065.38
125,lpush5,1000000,823828.69
125,lrange5,1000000,1288845.38
126,lpush5,1000000,829928.62
126,lrange5,1000000,1283697.12
127,lpush5,1000000,834831.44
127,lrange5,1000000,1248479.38
128,lpush5,1000000,835421.88
128,lrange5,1000000,1205069.88
129,lpush5,1000000,836833.44
129,lrange5,1000000,1267447.50
130,lpush5,1000000,840457.12
130,lrange5,1000000,1280594.12
131,lpush5,1000000,835542.19
131,lrange5,1000000,1273987.25
132,lpush5,1000000,832013.31
132,lrange5,1000000,1110197.50
133,lpush5,1000000,826485.94
133,lrange5,1000000,1282194.88
134,lpush5,1000000,835475.31
134,lrange5,1000000,1200653.00
135,lpush5,1000000,819790.12
135,lrange5,1000000,1196267.88
136,lpush5,1000000,827143.12
136,lrange5,1000000,1197796.50
137,lpush5,1000000,828500.38
137,lrange5,1000000,1189384.00
138,lpush5,1000000,827933.81
138,lrange5,1000000,1248579.25
139,lpush5,1000000,829995.00
139,lrange5,1000000,1280676.00
140,lpush5,1000000,827920.56
140,lrange5,1000000,1182430.25
141,lpush5,1000000,825816.69
141,lrange5,1000000,1265924.00
142,lpush5,1000000,829981.69
142,lrange5,1000000,1290343.25
143,lpush5,1000000,825293.75
143,lrange5,1000000,1259486.12
144,lpush5,1000000,832772.69
144,lrange5,1000000,1261094.62
145,lpush5,1000000,829968.44
145,lrange5,1000000,1200633.88
146,lpush5,1000000,827814.62
146,lrange5,1000000,1103788.00
147,lpush5,1000000,829200.69
147,lrange5,1000000,1251844.75
148,lpush5,1000000,818435.38
148,lrange5,1000000,1285429.25
149,lpush5,1000000,826472.69
149,lrange5,1000000,1177969.38
150,lpush5,1000000,830021.56
150,lrange5,1000000,1282133.38
151,lpush5,1000000,823749.62
151,lrange5,1000000,1189498.12
152,lpush5,1000000,825816.69
152,lrange5,1000000,1193584.75
153,lpush5,1000000,827129.88
153,lrange5,1000000,1273946.50
154,lpush5,1000000,841217.81
154,lrange5,1000000,1224107.75
155,lpush5,1000000,819921.31
155,lrange5,1000000,1197624.00
156,lpush5,1000000,829955.19
156,lrange5,1000000,1287001.25
157,lpush5,1000000,840389.88
157,lrange5,1000000,1272285.00
158,lpush5,1000000,827275.44
158,lrange5,1000000,1282153.88
159,lpush5,1000000,827196.06
159,lrange5,1000000,1264404.50
160,lpush5,1000000,831295.12
160,lrange5,1000000,1196497.62
161,lpush5,1000000,829373.12
161,lrange5,1000000,1269238.62
162,lpush5,1000000,836187.31
162,lrange5,1000000,1283697.12
163,lpush5,1000000,824441.81
163,lrange5,1000000,1287166.00
164,lpush5,1000000,841096.69
164,lrange5,1000000,1254745.25
165,lpush5,1000000,827222.50
165,lrange5,1000000,1191971.38
166,lpush5,1000000,832639.50
166,lrange5,1000000,1254785.50
167,lpush5,1000000,837708.56
167,lrange5,1000000,1283697.12
168,lpush5,1000000,836927.19
168,lrange5,1000000,1197758.12
169,lpush5,1000000,823723.25
169,lrange5,1000000,1242255.88
170,lpush5,1000000,819829.50
170,lrange5,1000000,1269177.62
171,lpush5,1000000,826485.94
171,lrange5,1000000,1186562.25
172,lpush5,1000000,827143.12
172,lrange5,1000000,1226993.88
173,lpush5,1000000,823775.94
173,lrange5,1000000,1295544.00
174,lpush5,1000000,830114.50
174,lrange5,1000000,1194915.12
175,lpush5,1000000,832013.31
175,lrange5,1000000,1190857.12
176,lpush5,1000000,830644.50
176,lrange5,1000000,1179584.88
177,lpush5,1000000,827301.94
177,lrange5,1000000,1124895.38
178,lpush5,1000000,830790.69
178,lrange5,1000000,1266025.25
179,lpush5,1000000,839630.56
179,lrange5,1000000,1285491.00
180,lpush5,1000000,824613.31
180,lrange5,1000000,1253233.12
181,lpush5,1000000,830021.56
181,lrange5,1000000,1292031.00
182,lpush5,1000000,825909.19
182,lrange5,1000000,1283881.88
183,lpush5,1000000,824468.25
183,lrange5,1000000,1288680.38
184,lpush5,1000000,816339.56
184,lrange5,1000000,1257942.12
185,lpush5,1000000,828553.44
185,lrange5,1000000,1285573.25
186,lpush5,1000000,834201.81
186,lrange5,1000000,1269096.50
187,lpush5,1000000,831335.00
187,lrange5,1000000,1192104.88
188,lpush5,1000000,821031.19
188,lrange5,1000000,1227052.75
189,lpush5,1000000,830617.94
189,lrange5,1000000,1290425.88
190,lpush5,1000000,828606.44
190,lrange5,1000000,1204857.88
191,lpush5,1000000,829333.38
191,lrange5,1000000,1283717.62
192,lpush5,1000000,831295.12
192,lrange5,1000000,1190895.25
193,lpush5,1000000,844111.44
193,lrange5,1000000,1227209.88
194,lpush5,1000000,825803.50
194,lrange5,1000000,1280430.25
195,lpush5,1000000,823868.19
195,lrange5,1000000,1293681.75
196,lpush5,1000000,829253.75
196,lrange5,1000000,1295626.88
197,lpush5,1000000,830631.25
197,lrange5,1000000,1257942.12
198,lpush5,1000000,836873.62
198,lrange5,1000000,1200499.38
199,lpush5,1000000,834871.50
199,lrange5,1000000,1297307.38
200,lpush5,1000000,836133.81
200,lrange5,1000000,1292010.38
201,lpush5,1000000,836267.56
201,lrange5,1000000,1295378.25
202,lpush5,1000000,834201.81
202,lrange5,1000000,1298784.50
203,lpush5,1000000,837708.56
203,lrange5,1000000,1199386.12
204,lpush5,1000000,829293.56
204,lrange5,1000000,1280573.62
205,lpush5,1000000,830710.94
205,lrange5,1000000,1287021.88
206,lpush5,1000000,825293.75
206,lrange5,1000000,1240833.75
207,lpush5,1000000,828500.38
207,lrange5,1000000,1295523.25
208,lpush5,1000000,829968.44
208,lrange5,1000000,1298722.12
209,lpush5,1000000,833346.62
209,lrange5,1000000,1283779.25
210,lpush5,1000000,841899.00
210,lrange5,1000000,1287083.62
211,lpush5,1000000,826525.62
211,lrange5,1000000,1292031.00
212,lpush5,1000000,827867.56
212,lrange5,1000000,1293723.12
213,lpush5,1000000,830737.56
213,lrange5,1000000,1224107.75
214,lpush5,1000000,832093.19
214,lrange5,1000000,1254845.62
215,lpush5,1000000,834175.12
215,lrange5,1000000,1293681.75
216,lpush5,1000000,824494.62
216,lrange5,1000000,1208096.62
217,lpush5,1000000,827894.06
217,lrange5,1000000,1208077.25
218,lpush5,1000000,829200.69
218,lrange5,1000000,1295502.62
219,lpush5,1000000,830710.94
219,lrange5,1000000,1287104.25
220,lpush5,1000000,826512.38
220,lrange5,1000000,1197719.75
221,lpush5,1000000,837547.75
221,lrange5,1000000,1206484.88
222,lpush5,1000000,821758.44
222,lrange5,1000000,1160092.88
223,lpush5,1000000,826485.94
223,lrange5,1000000,1227052.75
224,lpush5,1000000,823097.94
224,lrange5,1000000,1259486.12
225,lpush5,1000000,825935.62
225,lrange5,1000000,1282277.00
226,lpush5,1000000,830777.44
226,lrange5,1000000,1225647.12
227,lpush5,1000000,833386.62
227,lrange5,1000000,1196478.38
228,lpush5,1000000,817085.00
228,lrange5,1000000,1180883.12
229,lpush5,1000000,828039.75
229,lrange5,1000000,1243980.12
230,lpush5,1000000,834791.38
230,lrange5,1000000,1193527.50
231,lpush5,1000000,820515.19
231,lrange5,1000000,1218202.25
232,lpush5,1000000,831946.75
232,lrange5,1000000,1280450.62
233,lpush5,1000000,831361.62
233,lrange5,1000000,1285532.12
234,lpush5,1000000,841150.56
234,lrange5,1000000,1280512.12
235,lpush5,1000000,831960.06
235,lrange5,1000000,1234765.38
236,lpush5,1000000,838979.81
236,lrange5,1000000,1199117.50
237,lpush5,1000000,837034.25
237,lrange5,1000000,1196382.75
238,lpush5,1000000,837601.31
238,lrange5,1000000,1228501.25
239,lpush5,1000000,827222.50
239,lrange5,1000000,1274048.38
240,lpush5,1000000,838236.44
240,lrange5,1000000,1206427.00
241,lpush5,1000000,834201.81
241,lrange5,1000000,1245489.50
242,lpush5,1000000,830790.69
242,lrange5,1000000,1239157.38
243,lpush5,1000000,842554.31
243,lrange5,1000000,1219629.25
244,lpush5,1000000,835502.06
244,lrange5,1000000,1270648.00
245,lpush5,1000000,841096.69
245,lrange5,1000000,1264283.12
246,lpush5,1000000,832759.38
246,lrange5,1000000,1272447.88
247,lpush5,1000000,823815.50
247,lrange5,1000000,1290384.50
248,lpush5,1000000,830578.06
248,lrange5,1000000,1290467.12
249,lpush5,1000000,838263.25
249,lrange5,1000000,1200633.88
250,lpush5,1000000,833346.62
250,lrange5,1000000,1291989.62
251,lpush5,1000000,844635.12
251,lrange5,1000000,1239157.38
252,lpush5,1000000,823124.25
252,lrange5,1000000,1297037.62
253,lpush5,1000000,830750.81
253,lrange5,1000000,1277364.00
254,lpush5,1000000,839858.94
254,lrange5,1000000,1272285.00
255,lpush5,1000000,826446.25
255,lrange5,1000000,1262747.50
256,lpush5,1000000,826578.50
256,lrange5,1000000,1209363.88
257,lpush5,1000000,823736.44
257,lrange5,1000000,1231645.38
258,lpush5,1000000,827973.56
258,lrange5,1000000,1200749.12
259,lpush5,1000000,832159.69
259,lrange5,1000000,1196555.00
260,lpush5,1000000,826591.69
260,lrange5,1000000,1199040.75
261,lpush5,1000000,836173.94
261,lrange5,1000000,1227190.25
262,lpush5,1000000,836120.44
262,lrange5,1000000,1191895.12
263,lpush5,1000000,833386.62
263,lrange5,1000000,1278772.38
264,lpush5,1000000,836820.06
264,lrange5,1000000,1295440.38
265,lpush5,1000000,831268.50
265,lrange5,1000000,1282071.88
266,lpush5,1000000,841217.81
266,lrange5,1000000,1186714.12
267,lpush5,1000000,827920.56
267,lrange5,1000000,1287227.75
268,lpush5,1000000,832812.69
268,lrange5,1000000,1290487.75
269,lpush5,1000000,828566.69
269,lrange5,1000000,1295399.00
270,lpush5,1000000,833333.31
270,lrange5,1000000,1295461.12
271,lpush5,1000000,821797.88
271,lrange5,1000000,1206446.38
272,lpush5,1000000,830564.81
272,lrange5,1000000,1186372.50
273,lpush5,1000000,827275.44
273,lrange5,1000000,1196574.12
274,lpush5,1000000,827973.56
274,lrange5,1000000,1231645.38
275,lpush5,1000000,825108.88
275,lrange5,1000000,1265964.50
276,lpush5,1000000,835421.88
276,lrange5,1000000,1194743.12
277,lpush5,1000000,827854.31
277,lrange5,1000000,1236232.38
278,lpush5,1000000,830777.44
278,lrange5,1000000,1202000.00
279,lpush5,1000000,827827.88
279,lrange5,1000000,1254805.50
280,lpush5,1000000,825082.50
280,lrange5,1000000,1233223.25
281,lpush5,1000000,833359.94
281,lrange5,1000000,1288680.38
282,lpush5,1000000,835528.81
282,lrange5,1000000,1277200.50
283,lpush5,1000000,834175.12
283,lrange5,1000000,1288701.00
284,lpush5,1000000,834791.38
284,lrange5,1000000,1196363.62
285,lpush5,1000000,831946.75
285,lrange5,1000000,1292031.00
286,lpush5,1000000,843291.75
286,lrange5,1000000,1293702.50
287,lpush5,1000000,832852.62
287,lrange5,1000000,1293785.25
288,lpush5,1000000,843170.31
288,lrange5,1000000,1274068.75
289,lpush5,1000000,835488.69
289,lrange5,1000000,1293826.62
290,lpush5,1000000,834751.31
290,lrange5,1000000,1199366.88
291,lpush5,1000000,831255.25
291,lrange5,1000000,1293785.25
292,lpush5,1000000,834724.56
292,lrange5,1000000,1266025.25
293,lpush5,1000000,837681.75
293,lrange5,1000000,1292031.00
294,lpush5,1000000,825267.31
294,lrange5,1000000,1285532.12
295,lpush5,1000000,821201.94
295,lrange5,1000000,1293806.00
296,lpush5,1000000,835542.19
296,lrange5,1000000,1266086.00
297,lpush5,1000000,827814.62
297,lrange5,1000000,1253313.38
298,lpush5,1000000,833546.62
298,lrange5,1000000,1215086.25
299,lpush5,1000000,838236.44
299,lrange5,1000000,1283738.12
300,lpush5,1000000,846848.44
300,lrange5,1000000,1290363.88
301,lpush5,1000000,824441.81
301,lrange5,1000000,1269035.50
302,lpush5,1000000,838979.81
302,lrange5,1000000,1168635.50
303,lpush5,1000000,828619.69
303,lrange5,1000000,1195106.38
304,lpush5,1000000,827288.69
304,lrange5,1000000,1267630.00
305,lpush5,1000000,832159.69
305,lrange5,1000000,1199405.25
306,lpush5,1000000,837601.31
306,lrange5,1000000,1288721.62
307,lpush5,1000000,840389.88
307,lrange5,1000000,1287001.25
308,lpush5,1000000,832119.81
308,lrange5,1000000,1287124.88
309,lpush5,1000000,829267.00
309,lrange5,1000000,1285511.62
310,lpush5,1000000,827814.62
310,lrange5,1000000,1175501.75
311,lpush5,1000000,827129.88
311,lrange5,1000000,1261034.12
312,lpush5,1000000,830604.62
312,lrange5,1000000,1287104.25
313,lpush5,1000000,819040.19
313,lrange5,1000000,1283923.00
314,lpush5,1000000,835568.88
314,lrange5,1000000,1285470.50
315,lpush5,1000000,825856.31
315,lrange5,1000000,1192181.12
316,lpush5,1000000,846104.88
316,lrange5,1000000,1280614.62
317,lpush5,1000000,826499.12
317,lrange5,1000000,1269055.88
318,lpush5,1000000,832039.94
318,lrange5,1000000,1283717.62
319,lpush5,1000000,841845.12
319,lrange5,1000000,1200749.12
320,lpush5,1000000,835528.81
320,lrange5,1000000,1288680.38
321,lpush5,1000000,832093.19
321,lrange5,1000000,1275530.62
322,lpush5,1000000,830697.69
322,lrange5,1000000,1282297.50
323,lpush5,1000000,825816.69
323,lrange5,1000000,1203369.50
324,lpush5,1000000,825293.75
324,lrange5,1000000,1242335.38
325,lpush5,1000000,833373.31
325,lrange5,1000000,1280512.12
326,lpush5,1000000,832000.00
326,lrange5,1000000,1218065.75
327,lpush5,1000000,829240.50
327,lrange5,1000000,1234607.38
328,lpush5,1000000,826512.38
328,lrange5,1000000,1272447.88
329,lpush5,1000000,839657.44
329,lrange5,1000000,1292175.75
330,lpush5,1000000,843183.81
330,lrange5,1000000,1282277.00
331,lpush5,1000000,838236.44
331,lrange5,1000000,1180769.75
332,lpush5,1000000,840376.44
332,lrange5,1000000,1196382.75
333,lpush5,1000000,840430.19
333,lrange5,1000000,1219668.25
334,lpush5,1000000,832079.88
334,lrange5,1000000,1256321.62
335,lpush5,1000000,829955.19
335,lrange5,1000000,1275591.88
336,lpush5,1000000,841042.88
336,lrange5,1000000,1183734.88
337,lpush5,1000000,836833.44
337,lrange5,1000000,1191990.50
338,lpush5,1000000,823163.75
338,lrange5,1000000,1190666.75
339,lpush5,1000000,826631.38
339,lrange5,1000000,1175407.75
340,lpush5,1000000,834778.00
340,lrange5,1000000,1269157.38
341,lpush5,1000000,834778.00
341,lrange5,1000000,1265863.25
342,lpush5,1000000,848285.00
342,lrange5,1000000,1195049.00
343,lpush5,1000000,841764.31
343,lrange5,1000000,1202096.12
344,lpush5,1000000,837601.31
344,lrange5,1000000,1198007.25
345,lpush5,1000000,837534.31
345,lrange5,1000000,1282092.38
346,lpush5,1000000,822526.31
346,lrange5,1000000,1292093.00
347,lpush5,1000000,836173.94
347,lrange5,1000000,1250080.00
348,lpush5,1000000,842554.31
348,lrange5,1000000,1076546.75
349,lpush5,1000000,832666.12
349,lrange5,1000000,1234587.62
350,lpush5,1000000,830684.38
350,lrange5,1000000,1190857.12
351,lpush5,1000000,832786.00
351,lrange5,1000000,1193355.62
352,lpush5,1000000,828646.19
352,lrange5,1000000,1202173.00
353,lpush5,1000000,829200.69
353,lrange5,1000000,1265863.25
354,lpush5,1000000,827129.88
354,lrange5,1000000,1259445.75
355,lpush5,1000000,831361.62
355,lrange5,1000000,1236311.50
356,lpush5,1000000,825082.50
356,lrange5,1000000,1278772.38
357,lpush5,1000000,824521.00
357,lrange5,1000000,1251624.50
358,lpush5,1000000,829981.69
358,lrange5,1000000,1280553.12
359,lpush5,1000000,830724.25
359,lrange5,1000000,1265883.50
360,lpush5,1000000,825161.69
360,lrange5,1000000,1203581.25
361,lpush5,1000000,832852.62
361,lrange5,1000000,1269218.25
362,lpush5,1000000,820383.94
362,lrange5,1000000,1295336.75
363,lpush5,1000000,819711.44
363,lrange5,1000000,1250020.00
364,lpush5,1000000,840349.56
364,lrange5,1000000,1172595.62
365,lpush5,1000000,839140.94
365,lrange5,1000000,1245429.62
366,lpush5,1000000,818383.00
366,lrange5,1000000,1223990.25
367,lpush5,1000000,833533.31
367,lrange5,1000000,1192047.75
368,lpush5,1000000,831960.06
368,lrange5,1000000,1280450.62
369,lpush5,1000000,834791.38
369,lrange5,1000000,1292031.00
370,lpush5,1000000,817674.56
370,lrange5,1000000,1261235.88
371,lpush5,1000000,831335.00
371,lrange5,1000000,1189460.12
372,lpush5,1000000,835528.81
372,lrange5,1000000,1202019.25
373,lpush5,1000000,823124.25
373,lrange5,1000000,1248579.25
374,lpush5,1000000,833333.31
374,lrange5,1000000,1275530.62
375,lpush5,1000000,847661.06
375,lrange5,1000000,1280450.62
376,lpush5,1000000,834175.12
376,lrange5,1000000,1295378.25
377,lpush5,1000000,832772.69
377,lrange5,1000000,1267427.12
378,lpush5,1000000,823137.44
378,lrange5,1000000,1280512.12
379,lpush5,1000000,833399.94
379,lrange5,1000000,1292031.00
380,lpush5,1000000,828026.50
380,lrange5,1000000,1295523.25
381,lpush5,1000000,822552.69
381,lrange5,1000000,1200749.12
382,lpush5,1000000,832692.75
382,lrange5,1000000,1173896.75
383,lpush5,1000000,792393.06
383,lrange5,1000000,1283717.62
384,lpush5,1000000,824494.62
384,lrange5,1000000,1293764.50
385,lpush5,1000000,827867.56
385,lrange5,1000000,1199424.50
386,lpush5,1000000,829941.88
386,lrange5,1000000,1193603.88
387,lpush5,1000000,821175.69
387,lrange5,1000000,1187781.50
388,lpush5,1000000,832692.75
388,lrange5,1000000,1290322.62
389,lpush5,1000000,829995.00
389,lrange5,1000000,1274129.88
390,lpush5,1000000,838424.19
390,lrange5,1000000,1185042.62
391,lpush5,1000000,825856.31
391,lrange5,1000000,1280409.75
392,lpush5,1000000,825148.50
392,lrange5,1000000,1262646.50
393,lpush5,1000000,831414.81
393,lrange5,1000000,1234666.62
394,lpush5,1000000,817753.06
394,lrange5,1000000,1203716.00
395,lpush5,1000000,825201.31
395,lrange5,1000000,1225647.12
396,lpush5,1000000,830750.81
396,lrange5,1000000,1288783.50
397,lpush5,1000000,824402.25
397,lrange5,1000000,1236331.25
398,lpush5,1000000,828672.75
398,lrange5,1000000,1192219.38
399,lpush5,1000000,834028.38
399,lrange5,1000000,1227150.88
400,lpush5,1000000,829227.19
400,lrange5,1000000,1297058.38
401,lpush5,1000000,830617.94
401,lrange5,1000000,1288721.62
402,lpush5,1000000,829280.31
402,lrange5,1000000,1282194.88
403,lpush5,1000000,832173.00
403,lrange5,1000000,1200576.25
404,lpush5,1000000,827209.25
404,lrange5,1000000,1292010.38
405,lpush5,1000000,829359.88
405,lrange5,1000000,1295523.25
406,lpush5,1000000,822565.81
406,lrange5,1000000,1277241.38
407,lpush5,1000000,832652.81
407,lrange5,1000000,1297058.38
408,lpush5,1000000,831468.06
408,lrange5,1000000,1290363.88
409,lpush5,1000000,831388.25
409,lrange5,1000000,1149517.25
410,lpush5,1000000,823255.94
410,lrange5,1000000,1285388.12
411,lpush5,1000000,823775.94
411,lrange5,1000000,1245409.75
412,lpush5,1000000,827156.31
412,lrange5,1000000,1273987.25
413,lpush5,1000000,827920.56
413,lrange5,1000000,1293743.88
414,lpush5,1000000,833373.31
414,lrange5,1000000,1297016.88
415,lpush5,1000000,821784.69
415,lrange5,1000000,1288680.38
416,lpush5,1000000,829399.69
416,lrange5,1000000,1273905.75
417,lpush5,1000000,833519.94
417,lrange5,1000000,1282112.88
418,lpush5,1000000,829267.00
418,lrange5,1000000,1298909.12
419,lpush5,1000000,825843.12
419,lrange5,1000000,1272285.00
420,lpush5,1000000,839087.25
420,lrange5,1000000,1290446.50
421,lpush5,1000000,823084.75
421,lrange5,1000000,1267528.50
422,lpush5,1000000,836147.19
422,lrange5,1000000,1295399.00
423,lpush5,1000000,836120.44
423,lrange5,1000000,1285491.00
424,lpush5,1000000,826565.25
424,lrange5,1000000,1292196.38
425,lpush5,1000000,830777.44
425,lrange5,1000000,1288659.75
426,lpush5,1000000,835421.88
426,lrange5,1000000,1295419.62
427,lpush5,1000000,825975.25
427,lrange5,1000000,1273885.25
428,lpush5,1000000,834055.06
428,lrange5,1000000,1285388.12
429,lpush5,1000000,825135.31
429,lrange5,1000000,1202250.00
430,lpush5,1000000,831321.75
430,lrange5,1000000,1200806.75
431,lpush5,1000000,839858.94
431,lrange5,1000000,1293681.75
432,lpush5,1000000,838290.06
432,lrange5,1000000,1196325.38
433,lpush5,1000000,835622.38
433,lrange5,1000000,1293681.75
434,lpush5,1000000,840389.88
434,lrange5,1000000,1287001.25
435,lpush5,1000000,825948.81
435,lrange5,1000000,1272447.88
436,lpush5,1000000,834764.62
436,lrange5,1000000,1254885.88
437,lpush5,1000000,835462.00
437,lrange5,1000000,1290467.12
438,lpush5,1000000,825082.50
438,lrange5,1000000,1227150.88
439,lpush5,1000000,818487.75
439,lrange5,1000000,1290384.50
440,lpush5,1000000,831255.25
440,lrange5,1000000,1293785.25
441,lpush5,1000000,831428.12
441,lrange5,1000000,1295336.75
442,lpush5,1000000,835662.50
442,lrange5,1000000,1297099.88
443,lpush5,1000000,827156.31
443,lrange5,1000000,1288680.38
444,lpush5,1000000,829875.50
444,lrange5,1000000,1297016.88
445,lpush5,1000000,827880.81
445,lrange5,1000000,1293723.12
446,lpush5,1000000,829240.50
446,lrange5,1000000,1199155.88
447,lpush5,1000000,830671.12
447,lrange5,1000000,1253193.00
448,lpush5,1000000,830564.81
448,lrange5,1000000,1194781.38
449,lpush5,1000000,840376.44
449,lrange5,1000000,1283799.75
450,lpush5,1000000,823150.62
450,lrange5,1000000,1285408.75
451,lpush5,1000000,824521.00
451,lrange5,1000000,1290549.75
452,lpush5,1000000,831321.75
452,lrange5,1000000,1280614.62
453,lpush5,1000000,818422.25
453,lrange5,1000000,1193622.88
454,lpush5,1000000,832119.81
454,lrange5,1000000,1206465.62
455,lpush5,1000000,831441.44
455,lrange5,1000000,1292051.75
456,lpush5,1000000,823723.25
456,lrange5,1000000,1291989.62
457,lpush5,1000000,830724.25
457,lrange5,1000000,1272468.12
458,lpush5,1000000,830790.69
458,lrange5,1000000,1275632.62
459,lpush5,1000000,823828.69
459,lrange5,1000000,1202346.12
460,lpush5,1000000,834778.00
460,lrange5,1000000,1227170.50
461,lpush5,1000000,821188.81
461,lrange5,1000000,1248499.38
462,lpush5,1000000,836860.19
462,lrange5,1000000,1164554.12
463,lpush5,1000000,819158.12
463,lrange5,1000000,1275551.00
464,lpush5,1000000,820449.56
464,lrange5,1000000,1192276.50
465,lpush5,1000000,829995.00
465,lrange5,1000000,1203388.75
466,lpush5,1000000,825267.31
466,lrange5,1000000,1278854.25
467,lpush5,1000000,832639.50
467,lrange5,1000000,1216545.00
468,lpush5,1000000,825135.31
468,lrange5,1000000,1243920.38
469,lpush5,1000000,827182.81
469,lrange5,1000000,1197949.75
470,lpush5,1000000,838939.56
470,lrange5,1000000,1196191.38
471,lpush5,1000000,825201.31
471,lrange5,1000000,1218221.75
472,lpush5,1000000,829227.19
472,lrange5,1000000,1197968.88
473,lpush5,1000000,828672.75
473,lrange5,1000000,1189193.75
474,lpush5,1000000,831960.06
474,lrange5,1000000,1190838.12
475,lpush5,1000000,836953.94
475,lrange5,1000000,1267630.00
476,lpush5,1000000,823203.25
476,lrange5,1000000,1269055.88
477,lpush5,1000000,834041.69
477,lrange5,1000000,1221059.88
478,lpush5,1000000,829253.75
478,lrange5,1000000,1283799.75
479,lpush5,1000000,834737.94
479,lrange5,1000000,1290570.38
480,lpush5,1000000,832692.75
480,lrange5,1000000,1283964.12
481,lpush5,1000000,829875.50
481,lrange5,1000000,1290343.25
482,lpush5,1000000,837721.94
482,lrange5,1000000,1206349.88
483,lpush5,1000000,841818.19
483,lrange5,1000000,1253353.38
484,lpush5,1000000,827262.19
484,lrange5,1000000,1277323.12
485,lpush5,1000000,823723.25
485,lrange5,1000000,1293681.75
486,lpush5,1000000,843170.31
486,lrange5,1000000,1233242.88
487,lpush5,1000000,835421.88
487,lrange5,1000000,1206523.50
488,lpush5,1000000,828540.19
488,lrange5,1000000,1182241.12
489,lpush5,1000000,837574.56
489,lrange5,1000000,1264364.12
490,lpush5,1000000,830034.81
490,lrange5,1000000,1287042.50
491,lpush5,1000000,831255.25
491,lrange5,1000000,1246902.75
492,lpush5,1000000,829875.50
492,lrange5,1000000,1287207.25
493,lpush5,1000000,825254.12
493,lrange5,1000000,1273926.12
494,lpush5,1000000,833386.62
494,lrange5,1000000,1278772.38
495,lpush5,1000000,825988.44
495,lrange5,1000000,1287207.25
496,lpush5,1000000,829968.44
496,lrange5,1000000,1287207.25
497,lpush5,1000000,823269.12
497,lrange5,1000000,1237643.50
498,lpush5,1000000,824415.44
498,lrange5,1000000,1186638.25
499,lpush5,1000000,829359.88
499,lrange5,1000000,1193718.38
500,lpush5,1000000,817189.56
500,lrange5,1000000,1182297.88
501,lpush5,1000000,829280.31
501,lrange5,1000000,1186334.50
502,lpush5,1000000,823841.88
502,lrange5,1000000,1194819.62
503,lpush5,1000000,835515.44
503,lrange5,1000000,1240873.50
504,lpush5,1000000,831361.62
504,lrange5,1000000,1224009.88
505,lpush5,1000000,835582.25
505,lrange5,1000000,1280594.12
506,lpush5,1000000,831428.12
506,lrange5,1000000,1197681.50
507,lpush5,1000000,835488.69
507,lrange5,1000000,1280409.75
508,lpush5,1000000,824573.75
508,lrange5,1000000,1223990.25
509,lpush5,1000000,829888.75
509,lrange5,1000000,1278792.88
510,lpush5,1000000,819724.56
510,lrange5,1000000,1290343.25
511,lpush5,1000000,834898.19
511,lrange5,1000000,1197643.12
512,lpush5,1000000,826499.12
512,lrange5,1000000,1274028.00
513,lpush5,1000000,836133.81
513,lrange5,1000000,1295378.25
514,lpush5,1000000,835421.88
514,lrange5,1000000,1265843.00
515,lpush5,1000000,834898.19
515,lrange5,1000000,1292113.75
516,lpush5,1000000,833506.62
516,lrange5,1000000,1270871.62
517,lpush5,1000000,848964.38
517,lrange5,1000000,1196421.00
518,lpush5,1000000,830617.94
518,lrange5,1000000,1130124.25
519,lpush5,1000000,831308.44
519,lrange5,1000000,1275612.25
520,lpush5,1000000,826485.94
520,lrange5,1000000,1203465.75
521,lpush5,1000000,833519.94
521,lrange5,1000000,1245549.25
522,lpush5,1000000,822421.06
522,lrange5,1000000,1287021.88
523,lpush5,1000000,831973.38
523,lrange5,1000000,1256502.50
524,lpush5,1000000,833493.31
524,lrange5,1000000,1293681.75
525,lpush5,1000000,832652.81
525,lrange5,1000000,1291989.62
526,lpush5,1000000,826446.25
526,lrange5,1000000,1259546.50
527,lpush5,1000000,830564.81
527,lrange5,1000000,1200480.12
528,lpush5,1000000,839684.31
528,lrange5,1000000,1295399.00
529,lpush5,1000000,829888.75
529,lrange5,1000000,1275632.62
530,lpush5,1000000,841831.69
530,lrange5,1000000,1254905.88
531,lpush5,1000000,824415.44
531,lrange5,1000000,1267467.75
532,lpush5,1000000,828540.19
532,lrange5,1000000,1247042.38
533,lpush5,1000000,827973.56
533,lrange5,1000000,1262666.62
534,lpush5,1000000,830617.94
534,lrange5,1000000,1201980.75
535,lpush5,1000000,830564.81
535,lrange5,1000000,1273885.25
536,lpush5,1000000,832852.62
536,lrange5,1000000,1236153.25
537,lpush5,1000000,845470.88
537,lrange5,1000000,1251744.62
538,lpush5,1000000,831946.75
538,lrange5,1000000,1287042.50
539,lpush5,1000000,828725.75
539,lrange5,1000000,1199462.88
540,lpush5,1000000,825816.69
540,lrange5,1000000,1160167.12
541,lpush5,1000000,837047.69
541,lrange5,1000000,1275591.88
542,lpush5,1000000,834778.00
542,lrange5,1000000,1298867.62
543,lpush5,1000000,832159.69
543,lrange5,1000000,1180845.38
544,lpush5,1000000,846848.44
544,lrange5,1000000,1278792.88
545,lpush5,1000000,829280.31
545,lrange5,1000000,1270749.62
546,lpush5,1000000,836940.56
546,lrange5,1000000,1293681.75
547,lpush5,1000000,834911.56
547,lrange5,1000000,1290363.88
548,lpush5,1000000,837534.31
548,lrange5,1000000,1283697.12
549,lpush5,1000000,834081.75
549,lrange5,1000000,1287063.00
550,lpush5,1000000,830591.38
550,lrange5,1000000,1262808.12
551,lpush5,1000000,828513.69
551,lrange5,1000000,1148436.25
552,lpush5,1000000,828513.69
552,lrange5,1000000,1160389.75
553,lpush5,1000000,831348.31
553,lrange5,1000000,1225647.12
554,lpush5,1000000,833519.94
554,lrange5,1000000,1278854.25
555,lpush5,1000000,828553.44
555,lrange5,1000000,1272305.38
556,lpush5,1000000,846064.25
556,lrange5,1000000,1298971.50
557,lpush5,1000000,835528.81
557,lrange5,1000000,1293702.50
558,lpush5,1000000,831295.12
558,lrange5,1000000,1272346.00
559,lpush5,1000000,826446.25
559,lrange5,1000000,1270648.00
560,lpush5,1000000,834041.69
560,lrange5,1000000,1292072.38
561,lpush5,1000000,839140.94
561,lrange5,1000000,1290343.25
562,lpush5,1000000,832013.31
562,lrange5,1000000,1297099.88
563,lpush5,1000000,827867.56
563,lrange5,1000000,1288680.38
564,lpush5,1000000,820436.44
564,lrange5,1000000,1297058.38
565,lpush5,1000000,831308.44
565,lrange5,1000000,1290529.12
566,lpush5,1000000,831308.44
566,lrange5,1000000,1248479.38
567,lpush5,1000000,830710.94
567,lrange5,1000000,1280491.62
568,lpush5,1000000,832692.75
568,lrange5,1000000,1293681.75
569,lpush5,1000000,836913.75
569,lrange5,1000000,1179415.12
570,lpush5,1000000,831960.06
570,lrange5,1000000,1287248.38
571,lpush5,1000000,829875.50
571,lrange5,1000000,1215066.75
572,lpush5,1000000,821929.31
572,lrange5,1000000,1200518.62
573,lpush5,1000000,832000.00
573,lrange5,1000000,1203504.25
574,lpush5,1000000,843210.81
574,lrange5,1000000,1295585.50
575,lpush5,1000000,829426.25
575,lrange5,1000000,1204838.62
576,lpush5,1000000,827301.94
576,lrange5,1000000,1269076.12
577,lpush5,1000000,833439.94
577,lrange5,1000000,1199482.00
578,lpush5,1000000,826512.38
578,lrange5,1000000,1293723.12
579,lpush5,1000000,825882.75
579,lrange5,1000000,1250260.00
580,lpush5,1000000,836860.19
580,lrange5,1000000,1292010.38
581,lpush5,1000000,826446.25
581,lrange5,1000000,1282071.88
582,lpush5,1000000,841204.38
582,lrange5,1000000,1201942.25
583,lpush5,1000000,827947.06
583,lrange5,1000000,1275632.62
584,lpush5,1000000,830737.56
584,lrange5,1000000,1202038.38
585,lpush5,1000000,819842.62
585,lrange5,1000000,1290467.12
586,lpush5,1000000,840484.00
586,lrange5,1000000,1262787.88
587,lpush5,1000000,823216.44
587,lrange5,1000000,1297245.12
588,lpush5,1000000,825135.31
588,lrange5,1000000,1278936.00
589,lpush5,1000000,827973.56
589,lrange5,1000000,1272305.38
590,lpush5,1000000,843183.81
590,lrange5,1000000,1200537.75
591,lpush5,1000000,830617.94
591,lrange5,1000000,1196363.62
592,lpush5,1000000,824534.19
592,lrange5,1000000,1288886.50
593,lpush5,1000000,832013.31
593,lrange5,1000000,1280532.62
594,lpush5,1000000,833506.62
594,lrange5,1000000,1270668.38
595,lpush5,1000000,826604.94
595,lrange5,1000000,1248639.25
596,lpush5,1000000,836133.81
596,lrange5,1000000,1243960.12
597,lpush5,1000000,834201.81
597,lrange5,1000000,1280512.12
598,lpush5,1000000,839060.38
598,lrange5,1000000,1280430.25
599,lpush5,1000000,834068.38
599,lrange5,1000000,1203388.75
600,lpush5,1000000,836173.94
600,lrange5,1000000,1292175.75
601,lpush5,1000000,834028.38
601,lrange5,1000000,1278792.88
602,lpush5,1000000,834135.12
602,lrange5,1000000,1290508.38
603,lpush5,1000000,823137.44
603,lrange5,1000000,1269198.00
604,lpush5,1000000,836173.94
604,lrange5,1000000,1285449.88
605,lpush5,1000000,839670.88
605,lrange5,1000000,1290529.12
606,lpush5,1000000,826538.81
606,lrange5,1000000,1297245.12
607,lpush5,1000000,825803.50
607,lrange5,1000000,1180694.25
608,lpush5,1000000,829928.62
608,lrange5,1000000,1233144.25
609,lpush5,1000000,828013.31
609,lrange5,1000000,1192009.50
610,lpush5,1000000,826446.25
610,lrange5,1000000,1200883.50
611,lpush5,1000000,826499.12
611,lrange5,1000000,1290549.75
612,lpush5,1000000,825122.12
612,lrange5,1000000,1272488.50
613,lpush5,1000000,831321.75
613,lrange5,1000000,1200537.75
614,lpush5,1000000,829968.44
614,lrange5,1000000,1242355.25
615,lpush5,1000000,822381.62
615,lrange5,1000000,1256281.38
616,lpush5,1000000,839140.94
616,lrange5,1000000,1298805.25
617,lpush5,1000000,831308.44
617,lrange5,1000000,1269035.50
618,lpush5,1000000,834831.44
618,lrange5,1000000,1285367.62
619,lpush5,1000000,832706.12
619,lrange5,1000000,1192238.38
620,lpush5,1000000,823229.62
620,lrange5,1000000,1290425.88
621,lpush5,1000000,832119.81
621,lrange5,1000000,1272447.88
622,lpush5,1000000,829902.06
622,lrange5,1000000,1274028.00
623,lpush5,1000000,827315.12
623,lrange5,1000000,1277159.62
624,lpush5,1000000,819013.94
624,lrange5,1000000,1287289.50
625,lpush5,1000000,829187.44
625,lrange5,1000000,1248539.38
626,lpush5,1000000,830564.81
626,lrange5,1000000,1264323.62
627,lpush5,1000000,825869.56
627,lrange5,1000000,1250040.00
628,lpush5,1000000,833386.62
628,lrange5,1000000,1202250.00
629,lpush5,1000000,825882.75
629,lrange5,1000000,1183545.50
630,lpush5,1000000,835595.62
630,lrange5,1000000,1200480.12
631,lpush5,1000000,843278.25
631,lrange5,1000000,1266005.00
632,lpush5,1000000,834844.75
632,lrange5,1000000,1202346.12
633,lpush5,1000000,833479.94
633,lrange5,1000000,1282071.88
634,lpush5,1000000,822421.06
634,lrange5,1000000,1269035.50
635,lpush5,1000000,829915.31
635,lrange5,1000000,1270668.38
636,lpush5,1000000,832679.44
636,lrange5,1000000,1288783.50
637,lpush5,1000000,830048.12
637,lrange5,1000000,1180920.88
638,lpush5,1000000,825095.69
638,lrange5,1000000,1290405.25
639,lpush5,1000000,833333.31
639,lrange5,1000000,1273885.25
640,lpush5,1000000,830710.94
640,lrange5,1000000,1288659.75
641,lpush5,1000000,831308.44
641,lrange5,1000000,1270648.00
642,lpush5,1000000,829187.44
642,lrange5,1000000,1280409.75
643,lpush5,1000000,835462.00
643,lrange5,1000000,1248559.25
644,lpush5,1000000,831321.75
644,lrange5,1000000,1287063.00
645,lpush5,1000000,822434.25
645,lrange5,1000000,1277180.12
646,lpush5,1000000,829306.81
646,lrange5,1000000,1199501.25
647,lpush5,1000000,832679.44
647,lrange5,1000000,1293826.62
648,lpush5,1000000,834041.69
648,lrange5,1000000,1200768.25
649,lpush5,1000000,832799.38
649,lrange5,1000000,1247122.25
650,lpush5,1000000,835568.88
650,lrange5,1000000,1250100.00
651,lpush5,1000000,823058.44
651,lrange5,1000000,1295461.12
652,lpush5,1000000,830617.94
652,lrange5,1000000,1242275.75
653,lpush5,1000000,834148.44
653,lrange5,1000000,1285388.12
654,lpush5,1000000,827933.81
654,lrange5,1000000,1179698.12
655,lpush5,1000000,839684.31
655,lrange5,1000000,1209228.50
656,lpush5,1000000,827143.12
656,lrange5,1000000,1207903.38
657,lpush5,1000000,834898.19
657,lrange5,1000000,1297037.62
658,lpush5,1000000,830021.56
658,lrange5,1000000,1292010.38
659,lpush5,1000000,841083.25
659,lrange5,1000000,1295357.50
660,lpush5,1000000,833426.62
660,lrange5,1000000,1179471.75
661,lpush5,1000000,834884.81
661,lrange5,1000000,1200883.50
662,lpush5,1000000,829928.62
662,lrange5,1000000,1297037.62
663,lpush5,1000000,824626.50
663,lrange5,1000000,1298909.12
664,lpush5,1000000,830101.19
664,lrange5,1000000,1210692.50
665,lpush5,1000000,827182.81
665,lrange5,1000000,1293661.00
666,lpush5,1000000,827301.94
666,lrange5,1000000,1297203.62
667,lpush5,1000000,829306.81
667,lrange5,1000000,1283738.12
668,lpush5,1000000,827169.56
668,lrange5,1000000,1295440.38
669,lpush5,1000000,832133.12
669,lrange5,1000000,1295523.25
670,lpush5,1000000,825843.12
670,lrange5,1000000,1273946.50
671,lpush5,1000000,834858.12
671,lrange5,1000000,1193718.38
672,lpush5,1000000,823084.75
672,lrange5,1000000,1278772.38
673,lpush5,1000000,835475.31
673,lrange5,1000000,1293723.12
674,lpush5,1000000,831414.81
674,lrange5,1000000,1206562.12
675,lpush5,1000000,832639.50
675,lrange5,1000000,1239296.12
676,lpush5,1000000,832106.50
676,lrange5,1000000,1293723.12
677,lpush5,1000000,828513.69
677,lrange5,1000000,1293806.00
678,lpush5,1000000,828540.19
678,lrange5,1000000,1201961.50
679,lpush5,1000000,840551.25
679,lrange5,1000000,1202057.62
680,lpush5,1000000,837708.56
680,lrange5,1000000,1251744.62
681,lpush5,1000000,828513.69
681,lrange5,1000000,1270688.75
682,lpush5,1000000,814332.19
682,lrange5,1000000,1254725.25
683,lpush5,1000000,827249.00
683,lrange5,1000000,1203735.25
684,lpush5,1000000,815869.50
684,lrange5,1000000,1236133.50
685,lpush5,1000000,828619.69
685,lrange5,1000000,1199328.50
686,lpush5,1000000,824455.00
686,lrange5,1000000,1292010.38
687,lpush5,1000000,838303.44
687,lrange5,1000000,1196401.88
688,lpush5,1000000,822552.69
688,lrange5,1000000,1236173.00
689,lpush5,1000000,818330.62
689,lrange5,1000000,1190800.00
690,lpush5,1000000,832013.31
690,lrange5,1000000,1247002.50
691,lpush5,1000000,838939.56
691,lrange5,1000000,1251764.62
692,lpush5,1000000,825240.94
692,lrange5,1000000,1236192.75
693,lpush5,1000000,833333.31
693,lrange5,1000000,1277261.88
694,lpush5,1000000,827129.88
694,lrange5,1000000,1292237.75
695,lpush5,1000000,832173.00
695,lrange5,1000000,1259526.38
696,lpush5,1000000,839154.31
696,lrange5,1000000,1202326.88
697,lpush5,1000000,832812.69
697,lrange5,1000000,1270810.62
698,lpush5,1000000,838926.12
698,lrange5,1000000,1196574.12
699,lpush5,1000000,829928.62
699,lrange5,1000000,1210789.38
700,lpush5,1000000,832692.75
700,lrange5,1000000,1196344.50
701,lpush5,1000000,845349.12
701,lrange5,1000000,1187952.50
702,lpush5,1000000,836980.69
702,lrange5,1000000,1274068.75
703,lpush5,1000000,829200.69
703,lrange5,1000000,1265863.25
704,lpush5,1000000,835462.00
704,lrange5,1000000,1292155.00
705,lpush5,1000000,835475.31
705,lrange5,1000000,1180732.00
706,lpush5,1000000,836187.31
706,lrange5,1000000,1199213.50
707,lpush5,1000000,826446.25
707,lrange5,1000000,1270749.62
708,lpush5,1000000,831348.31
708,lrange5,1000000,1292196.38
709,lpush5,1000000,824455.00
709,lrange5,1000000,1190742.88
710,lpush5,1000000,828079.50
710,lrange5,1000000,1273905.75
711,lpush5,1000000,841804.75
711,lrange5,1000000,1287021.88
712,lpush5,1000000,830724.25
712,lrange5,1000000,1285532.12
713,lpush5,1000000,838249.81
713,lrange5,1000000,1262626.25
714,lpush5,1000000,831986.69
714,lrange5,1000000,1259506.25
715,lpush5,1000000,834791.38
715,lrange5,1000000,1269360.38
716,lpush5,1000000,827182.81
716,lrange5,1000000,1243860.62
717,lpush5,1000000,834724.56
717,lrange5,1000000,1261034.12
718,lpush5,1000000,833386.62
718,lrange5,1000000,1280430.25
719,lpush5,1000000,844783.75
719,lrange5,1000000,1270770.00
720,lpush5,1000000,832639.50
720,lrange5,1000000,1273926.12
721,lpush5,1000000,829320.06
721,lrange5,1000000,1280409.75
722,lpush5,1000000,829928.62
722,lrange5,1000000,1292010.38
723,lpush5,1000000,830114.50
723,lrange5,1000000,1269137.12
724,lpush5,1000000,843881.88
724,lrange5,1000000,1288659.75
725,lpush5,1000000,834068.38
725,lrange5,1000000,1275673.50
726,lpush5,1000000,833519.94
726,lrange5,1000000,1202173.00
727,lpush5,1000000,827169.56
727,lrange5,1000000,1182297.88
728,lpush5,1000000,832013.31
728,lrange5,1000000,1197815.62
729,lpush5,1000000,832839.31
729,lrange5,1000000,1278792.88
730,lpush5,1000000,832079.88
730,lrange5,1000000,1234765.38
731,lpush5,1000000,832692.75
731,lrange5,1000000,1101656.38
732,lpush5,1000000,829253.75
732,lrange5,1000000,1245330.00
733,lpush5,1000000,829373.12
733,lrange5,1000000,1199251.75
734,lpush5,1000000,836321.06
734,lrange5,1000000,1278895.12
735,lpush5,1000000,832119.81
735,lrange5,1000000,1285532.12
736,lpush5,1000000,833359.94
736,lrange5,1000000,1264384.25
737,lpush5,1000000,832133.12
737,lrange5,1000000,1292217.12
738,lpush5,1000000,835542.19
738,lrange5,1000000,1224166.50
739,lpush5,1000000,834055.06
739,lrange5,1000000,1218299.62
740,lpush5,1000000,832053.25
740,lrange5,1000000,1288721.62
741,lpush5,1000000,836927.19
741,lrange5,1000000,1186486.38
742,lpush5,1000000,827907.31
742,lrange5,1000000,1283902.50
743,lpush5,1000000,818487.75
743,lrange5,1000000,1196229.62
744,lpush5,1000000,687757.94
744,lrange5,1000000,1292051.75
745,lpush5,1000000,826459.50
745,lrange5,1000000,1290405.25
746,lpush5,1000000,839778.38
746,lrange5,1000000,1278977.00
747,lpush5,1000000,827854.31
747,lrange5,1000000,1295419.62
748,lpush5,1000000,838966.44
748,lrange5,1000000,1240734.50
749,lpush5,1000000,821057.44
749,lrange5,1000000,1188009.50
750,lpush5,1000000,824402.25
750,lrange5,1000000,1283902.50
751,lpush5,1000000,840389.88
751,lrange5,1000000,1292010.38
752,lpush5,1000000,834068.38
752,lrange5,1000000,1201980.75
753,lpush5,1000000,838926.12
753,lrange5,1000000,1234607.38
754,lpush5,1000000,838966.44
754,lrange5,1000000,1282236.00
755,lpush5,1000000,828593.19
755,lrange5,1000000,1264343.88
756,lpush5,1000000,821031.19
756,lrange5,1000000,1292072.38
757,lpush5,1000000,828026.50
757,lrange5,1000000,1285347.00
758,lpush5,1000000,839073.81
758,lrange5,1000000,1295502.62
759,lpush5,1000000,831268.50
759,lrange5,1000000,1292113.75
760,lpush5,1000000,818330.62
760,lrange5,1000000,1288845.38
761,lpush5,1000000,825869.56
761,lrange5,1000000,1200537.75
762,lpush5,1000000,826618.12
762,lrange5,1000000,1240853.62
763,lpush5,1000000,825803.50
763,lrange5,1000000,1288845.38
764,lpush5,1000000,829426.25
764,lrange5,1000000,1283717.62
765,lpush5,1000000,830604.62
765,lrange5,1000000,1297016.88
766,lpush5,1000000,837520.94
766,lrange5,1000000,1275693.88
767,lpush5,1000000,828500.38
767,lrange5,1000000,1295564.75
768,lpush5,1000000,825148.50
768,lrange5,1000000,1258143.38
769,lpush5,1000000,827986.81
769,lrange5,1000000,1279038.38
770,lpush5,1000000,840389.88
770,lrange5,1000000,1295357.50
771,lpush5,1000000,832093.19
771,lrange5,1000000,1292155.00
772,lpush5,1000000,834121.75
772,lrange5,1000000,1253293.25
773,lpush5,1000000,821018.00
773,lrange5,1000000,1275510.25
774,lpush5,1000000,828526.94
774,lrange5,1000000,1179509.50
775,lpush5,1000000,831335.00
775,lrange5,1000000,1236093.88
776,lpush5,1000000,831401.50
776,lrange5,1000000,1245389.88
777,lpush5,1000000,829333.38
777,lrange5,1000000,1280430.25
778,lpush5,1000000,829412.94
778,lrange5,1000000,1194743.12
779,lpush5,1000000,826499.12
779,lrange5,1000000,1219531.75
780,lpush5,1000000,832746.06
780,lrange5,1000000,1287042.50
781,lpush5,1000000,824613.31
781,lrange5,1000000,1293661.00
782,lpush5,1000000,829253.75
782,lrange5,1000000,1287104.25
783,lpush5,1000000,827814.62
783,lrange5,1000000,1285347.00
784,lpush5,1000000,829915.31
784,lrange5,1000000,1292031.00
785,lpush5,1000000,832692.75
785,lrange5,1000000,1277261.88
786,lpush5,1000000,831361.62
786,lrange5,1000000,894540.25
787,lpush5,1000000,833479.94
787,lrange5,1000000,1190762.00
788,lpush5,1000000,828540.19
788,lrange5,1000000,1272366.38
789,lpush5,1000000,830617.94
789,lrange5,1000000,1243880.62
790,lpush5,1000000,817818.44
790,lrange5,1000000,1196401.88
791,lpush5,1000000,826459.50
791,lrange5,1000000,1200922.00
792,lpush5,1000000,829213.94
792,lrange5,1000000,1206562.12
793,lpush5,1000000,830604.62
793,lrange5,1000000,1287145.38
794,lpush5,1000000,823097.94
794,lrange5,1000000,1243940.25
795,lpush5,1000000,836887.00
795,lrange5,1000000,1202057.62
796,lpush5,1000000,829928.62
796,lrange5,1000000,1222650.38
797,lpush5,1000000,839033.56
797,lrange5,1000000,1270770.00
798,lpush5,1000000,830034.81
798,lrange5,1000000,1216545.00
799,lpush5,1000000,816444.06
799,lrange5,1000000,1272386.75
800,lpush5,1000000,830048.12
800,lrange5,1000000,1231625.62
801,lpush5,1000000,832652.81
801,lrange5,1000000,1280409.75
802,lpush5,1000000,825803.50
802,lrange5,1000000,1203639.00
803,lpush5,1000000,831414.81
803,lrange5,1000000,1273946.50
804,lpush5,1000000,832679.44
804,lrange5,1000000,1275755.12
805,lpush5,1000000,834737.94
805,lrange5,1000000,1297224.38
806,lpush5,1000000,826591.69
806,lrange5,1000000,1293785.25
807,lpush5,1000000,836927.19
807,lrange5,1000000,1285388.12
808,lpush5,1000000,836187.31
808,lrange5,1000000,1297182.88
809,lpush5,1000000,834938.25
809,lrange5,1000000,1292051.75
810,lpush5,1000000,822381.62
810,lrange5,1000000,1293702.50
811,lpush5,1000000,839657.44
811,lrange5,1000000,1203562.00
812,lpush5,1000000,829200.69
812,lrange5,1000000,1282112.88
813,lpush5,1000000,830671.12
813,lrange5,1000000,1287104.25
814,lpush5,1000000,829875.50
814,lrange5,1000000,1293702.50
815,lpush5,1000000,824455.00
815,lrange5,1000000,1291989.62
816,lpush5,1000000,829928.62
816,lrange5,1000000,1182297.88
817,lpush5,1000000,833519.94
817,lrange5,1000000,1300431.75
818,lpush5,1000000,834041.69
818,lrange5,1000000,1270688.75
819,lpush5,1000000,828500.38
819,lrange5,1000000,1200672.25
820,lpush5,1000000,822513.19
820,lrange5,1000000,1269116.75
821,lpush5,1000000,832119.81
821,lrange5,1000000,1287166.00
822,lpush5,1000000,829346.62
822,lrange5,1000000,1278772.38
823,lpush5,1000000,832000.00
823,lrange5,1000000,1269035.50
824,lpush5,1000000,827973.56
824,lrange5,1000000,1192238.38
825,lpush5,1000000,840443.69
825,lrange5,1000000,1197624.00
826,lpush5,1000000,821096.81
826,lrange5,1000000,1280512.12
827,lpush5,1000000,825829.94
827,lrange5,1000000,1256442.25
828,lpush5,1000000,829293.56
828,lrange5,1000000,1288659.75
829,lpush5,1000000,821018.00
829,lrange5,1000000,1206311.25
830,lpush5,1000000,827986.81
830,lrange5,1000000,1297120.62
831,lpush5,1000000,837534.31
831,lrange5,1000000,1293847.38
832,lpush5,1000000,823084.75
832,lrange5,1000000,1297079.12
833,lpush5,1000000,830061.38
833,lrange5,1000000,1278813.25
834,lpush5,1000000,829955.19
834,lrange5,1000000,1298805.25
835,lpush5,1000000,832079.88
835,lrange5,1000000,1293764.50
836,lpush5,1000000,821889.88
836,lrange5,1000000,1290529.12
837,lpush5,1000000,830578.06
837,lrange5,1000000,1253152.88
838,lpush5,1000000,824428.62
838,lrange5,1000000,1243840.75
839,lpush5,1000000,834831.44
839,lrange5,1000000,1293909.50
840,lpush5,1000000,821136.25
840,lrange5,1000000,1187990.50
841,lpush5,1000000,842675.62
841,lrange5,1000000,1234765.38
842,lpush5,1000000,831268.50
842,lrange5,1000000,1287145.38
843,lpush5,1000000,830604.62
843,lrange5,1000000,1189308.00
844,lpush5,1000000,824455.00
844,lrange5,1000000,1292010.38
845,lpush5,1000000,818474.62
845,lrange5,1000000,1192028.62
846,lpush5,1000000,835515.44
846,lrange5,1000000,1288762.88
847,lpush5,1000000,825962.06
847,lrange5,1000000,1293681.75
848,lpush5,1000000,819816.38
848,lrange5,1000000,1200557.00
849,lpush5,1000000,831295.12
849,lrange5,1000000,1264323.62
850,lpush5,1000000,830684.38
850,lrange5,1000000,1280450.62
851,lpush5,1000000,825240.94
851,lrange5,1000000,1287166.00
852,lpush5,1000000,841885.56
852,lrange5,1000000,1275591.88
853,lpush5,1000000,833333.31
853,lrange5,1000000,1288783.50
854,lpush5,1000000,832786.00
854,lrange5,1000000,1197758.12
855,lpush5,1000000,831255.25
855,lrange5,1000000,1288701.00
856,lpush5,1000000,827209.25
856,lrange5,1000000,1292134.38
857,lpush5,1000000,832852.62
857,lrange5,1000000,1246962.62
858,lpush5,1000000,831255.25
858,lrange5,1000000,1269035.50
859,lpush5,1000000,837641.56
859,lrange5,1000000,1200749.12
860,lpush5,1000000,831268.50
860,lrange5,1000000,1199194.25
861,lpush5,1000000,833373.31
861,lrange5,1000000,1253132.88
862,lpush5,1000000,825188.12
862,lrange5,1000000,1290405.25
863,lpush5,1000000,832706.12
863,lrange5,1000000,1287083.62
864,lpush5,1000000,846740.06
864,lrange5,1000000,1246902.75
865,lpush5,1000000,833346.62
865,lrange5,1000000,1190781.00
866,lpush5,1000000,828553.44
866,lrange5,1000000,1209305.88
867,lpush5,1000000,833453.31
867,lrange5,1000000,1200787.50
868,lpush5,1000000,832079.88
868,lrange5,1000000,1237623.75
869,lpush5,1000000,825201.31
869,lrange5,1000000,1213825.25
870,lpush5,1000000,828606.44
870,lrange5,1000000,1282092.38
871,lpush5,1000000,833466.62
871,lrange5,1000000,1250000.00
872,lpush5,1000000,825935.62
872,lrange5,1000000,1245429.62
873,lpush5,1000000,830631.25
873,lrange5,1000000,1287021.88
874,lpush5,1000000,832159.69
874,lrange5,1000000,1293723.12
875,lpush5,1000000,830777.44
875,lrange5,1000000,1285532.12
876,lpush5,1000000,834791.38
876,lrange5,1000000,1253132.88
877,lpush5,1000000,834241.88
877,lrange5,1000000,1290508.38
878,lpush5,1000000,835542.19
878,lrange5,1000000,1202115.38
879,lpush5,1000000,829955.19
879,lrange5,1000000,1254745.25
880,lpush5,1000000,821916.19
880,lrange5,1000000,1285470.50
881,lpush5,1000000,845565.56
881,lrange5,1000000,1199155.88
882,lpush5,1000000,832679.44
882,lrange5,1000000,1275653.12
883,lpush5,1000000,831973.38
883,lrange5,1000000,1278792.88
884,lpush5,1000000,821811.00
884,lrange5,1000000,1277323.12
885,lpush5,1000000,829995.00
885,lrange5,1000000,1219726.88
886,lpush5,1000000,832852.62
886,lrange5,1000000,1293826.62
887,lpush5,1000000,831268.50
887,lrange5,1000000,1194991.62
888,lpush5,1000000,826618.12
888,lrange5,1000000,1293826.62
889,lpush5,1000000,825135.31
889,lrange5,1000000,1274068.75
890,lpush5,1000000,827182.81
890,lrange5,1000000,1282092.38
891,lpush5,1000000,830021.56
891,lrange5,1000000,1199117.50
892,lpush5,1000000,831441.44
892,lrange5,1000000,1202269.25
893,lpush5,1000000,830564.81
893,lrange5,1000000,1278813.25
894,lpush5,1000000,844648.62
894,lrange5,1000000,1288701.00
895,lpush5,1000000,836133.81
895,lrange5,1000000,1267427.12
896,lpush5,1000000,840403.31
896,lrange5,1000000,1283738.12
897,lpush5,1000000,834068.38
897,lrange5,1000000,1293702.50
898,lpush5,1000000,836133.81
898,lrange5,1000000,1275551.00
899,lpush5,1000000,824481.44
899,lrange5,1000000,1295399.00
900,lpush5,1000000,835421.88
900,lrange5,1000000,1266065.75
901,lpush5,1000000,823045.25
901,lrange5,1000000,1278997.38
902,lpush5,1000000,837520.94
902,lrange5,1000000,1239335.88
903,lpush5,1000000,843935.88
903,lrange5,1000000,1270668.38
904,lpush5,1000000,845335.62
904,lrange5,1000000,1251664.50
905,lpush5,1000000,831946.75
905,lrange5,1000000,1297141.38
906,lpush5,1000000,833346.62
906,lrange5,1000000,1257962.25
907,lpush5,1000000,830087.94
907,lrange5,1000000,1293785.25
908,lpush5,1000000,828553.44
908,lrange5,1000000,1273905.75
909,lpush5,1000000,817713.81
909,lrange5,1000000,1203369.50
910,lpush5,1000000,817766.12
910,lrange5,1000000,1297162.12
911,lpush5,1000000,829253.75
911,lrange5,1000000,1291989.62
912,lpush5,1000000,844030.44
912,lrange5,1000000,1269137.12
913,lpush5,1000000,819013.94
913,lrange5,1000000,1245330.00
914,lpush5,1000000,819790.12
914,lrange5,1000000,1199079.12
915,lpush5,1000000,828606.44
915,lrange5,1000000,1270810.62
916,lpush5,1000000,823163.75
916,lrange5,1000000,1283738.12
917,lpush5,1000000,828500.38
917,lrange5,1000000,1278813.25
918,lpush5,1000000,829333.38
918,lrange5,1000000,1295481.88
919,lpush5,1000000,825988.44
919,lrange5,1000000,1295461.12
920,lpush5,1000000,837007.50
920,lrange5,1000000,1288762.88
921,lpush5,1000000,833386.62
921,lrange5,1000000,1292134.38
922,lpush5,1000000,835475.31
922,lrange5,1000000,1277180.12
923,lpush5,1000000,830578.06
923,lrange5,1000000,1265843.00
924,lpush5,1000000,823736.44
924,lrange5,1000000,1297245.12
925,lpush5,1000000,835595.62
925,lrange5,1000000,1187990.50
926,lpush5,1000000,833546.62
926,lrange5,1000000,1259647.25
927,lpush5,1000000,832119.81
927,lrange5,1000000,1292072.38
928,lpush5,1000000,834215.19
928,lrange5,1000000,1285552.75
929,lpush5,1000000,835515.44
929,lrange5,1000000,1282051.38
930,lpush5,1000000,834095.06
930,lrange5,1000000,1293743.88
931,lpush5,1000000,817674.56
931,lrange5,1000000,1272447.88
932,lpush5,1000000,834041.69
932,lrange5,1000000,1272305.38
933,lpush5,1000000,829200.69
933,lrange5,1000000,1190628.62
934,lpush5,1000000,829888.75
934,lrange5,1000000,1292155.00
935,lpush5,1000000,833519.94
935,lrange5,1000000,1295399.00
936,lpush5,1000000,833346.62
936,lrange5,1000000,1293681.75
937,lpush5,1000000,830564.81
937,lrange5,1000000,1206427.00
938,lpush5,1000000,829373.12
938,lrange5,1000000,1295378.25
939,lpush5,1000000,831321.75
939,lrange5,1000000,1290322.62
940,lpush5,1000000,832013.31
940,lrange5,1000000,1275530.62
941,lpush5,1000000,829888.75
941,lrange5,1000000,1292072.38
942,lpush5,1000000,837628.12
942,lrange5,1000000,1287104.25
943,lpush5,1000000,825174.94
943,lrange5,1000000,1277159.62
944,lpush5,1000000,825135.31
944,lrange5,1000000,1272427.50
945,lpush5,1000000,833386.62
945,lrange5,1000000,1275673.50
946,lpush5,1000000,846794.25
946,lrange5,1000000,1197624.00
947,lpush5,1000000,827986.81
947,lrange5,1000000,1293702.50
948,lpush5,1000000,828513.69
948,lrange5,1000000,1290467.12
949,lpush5,1000000,831960.06
949,lrange5,1000000,1236153.25
950,lpush5,1000000,822565.81
950,lrange5,1000000,1290425.88
951,lpush5,1000000,824455.00
951,lrange5,1000000,1195144.50
952,lpush5,1000000,830008.25
952,lrange5,1000000,1293681.75
953,lpush5,1000000,834844.75
953,lrange5,1000000,1258022.62
954,lpush5,1000000,835609.00
954,lrange5,1000000,1234587.62
955,lpush5,1000000,823907.75
955,lrange5,1000000,1290343.25
956,lpush5,1000000,826472.69
956,lrange5,1000000,1288680.38
957,lpush5,1000000,832066.56
957,lrange5,1000000,1295523.25
958,lpush5,1000000,829187.44
958,lrange5,1000000,1283697.12
959,lpush5,1000000,838979.81
959,lrange5,1000000,1298701.38
960,lpush5,1000000,835595.62
960,lrange5,1000000,1293764.50
961,lpush5,1000000,825082.50
961,lrange5,1000000,1253313.38
962,lpush5,1000000,824455.00
962,lrange5,1000000,1287021.88
963,lpush5,1000000,825174.94
963,lrange5,1000000,1283820.25
964,lpush5,1000000,820488.94
964,lrange5,1000000,1190895.25
965,lpush5,1000000,842473.44
965,lrange5,1000000,1120143.38
966,lpush5,1000000,846131.94
966,lrange5,1000000,1264424.75
967,lpush5,1000000,833346.62
967,lrange5,1000000,1206620.00
968,lpush5,1000000,824521.00
968,lrange5,1000000,1287021.88
969,lpush5,1000000,834068.38
969,lrange5,1000000,1274048.38
970,lpush5,1000000,828513.69
970,lrange5,1000000,1261054.25
971,lpush5,1000000,832652.81
971,lrange5,1000000,1261276.25
972,lpush5,1000000,833386.62
972,lrange5,1000000,1288742.25
973,lpush5,1000000,833373.31
973,lrange5,1000000,1269177.62
974,lpush5,1000000,828579.94
974,lrange5,1000000,1287042.50
975,lpush5,1000000,823203.25
975,lrange5,1000000,1293785.25
976,lpush5,1000000,830777.44
976,lrange5,1000000,1288659.75
977,lpush5,1000000,827973.56
977,lrange5,1000000,1233085.12
978,lpush5,1000000,833439.94
978,lrange5,1000000,1272325.62
979,lpush5,1000000,840389.88
979,lrange5,1000000,1297245.12
980,lpush5,1000000,825988.44
980,lrange5,1000000,1258062.88
981,lpush5,1000000,827182.81
981,lrange5,1000000,1292134.38
982,lpush5,1000000,832772.69
982,lrange5,1000000,1265863.25
983,lpush5,1000000,835475.31
983,lrange5,1000000,1177988.25
984,lpush5,1000000,824534.19
984,lrange5,1000000,1283861.38
985,lpush5,1000000,835515.44
985,lrange5,1000000,1172408.00
986,lpush5,1000000,829928.62
986,lrange5,1000000,1219531.75
987,lpush5,1000000,839114.06
987,lrange5,1000000,1290529.12
988,lpush5,1000000,838276.62
988,lrange5,1000000,1283738.12
989,lpush5,1000000,827196.06
989,lrange5,1000000,1193393.75
990,lpush5,1000000,833373.31
990,lrange5,1000000,1287021.88
991,lpush5,1000000,826512.38
991,lrange5,1000000,1292196.38
992,lpush5,1000000,823723.25
992,lrange5,1000000,1189479.12
993,lpush5,1000000,832133.12
993,lrange5,1000000,1285408.75
994,lpush5,1000000,829928.62
994,lrange5,1000000,1283697.12
995,lpush5,1000000,834055.06
995,lrange5,1000000,1265863.25
996,lpush5,1000000,827129.88
996,lrange5,1000000,1200653.00
997,lpush5,1000000,831946.75
997,lrange5,1000000,1290467.12
998,lpush5,1000000,823723.25
998,lrange5,1000000,1270790.38
999,lpush5,1000000,830034.81
999,lrange5,1000000,1288742.25
1000,lpush5,1000000,830657.81
1000,lrange5,1000000,1201923.00
1001,lpush5,1000000,832666.12
1001,lrange5,1000000,1285367.62
1002,lpush5,1000000,834175.12
1002,lrange5,1000000,1293868.00
1003,lpush5,1000000,843237.81
1003,lrange5,1000000,1194953.38
1004,lpush5,1000000,830061.38
1004,lrange5,1000000,1199328.50
1005,lpush5,1000000,829968.44
1005,lrange5,1000000,1227072.38
1006,lpush5,1000000,828725.75
1006,lrange5,1000000,1295461.12
1007,lpush5,1000000,824626.50
1007,lrange5,1000000,1267589.38
1008,lpush5,1000000,830777.44
1008,lrange5,1000000,1275510.25
1009,lpush5,1000000,843922.38
1009,lrange5,1000000,1275571.50
1010,lpush5,1000000,833439.94
1010,lrange5,1000000,1194838.75
1011,lpush5,1000000,836147.19
1011,lrange5,1000000,1265924.00
1012,lpush5,1000000,834724.56
1012,lrange5,1000000,1256321.62
1013,lpush5,1000000,835528.81
1013,lrange5,1000000,1290467.12
1014,lpush5,1000000,824441.81
1014,lrange5,1000000,1204973.50
1015,lpush5,1000000,827235.75
1015,lrange5,1000000,1256482.38
1016,lpush5,1000000,836120.44
1016,lrange5,1000000,1292134.38
1017,lpush5,1000000,834858.12
1017,lrange5,1000000,1273885.25
1018,lpush5,1000000,832812.69
1018,lrange5,1000000,1198026.38
1019,lpush5,1000000,834724.56
1019,lrange5,1000000,1282194.88
1020,lpush5,1000000,827947.06
1020,lrange5,1000000,1237742.50
1021,lpush5,1000000,823163.75
1021,lrange5,1000000,1199462.88
1022,lpush5,1000000,818343.69
1022,lrange5,1000000,1290343.25
1023,lpush5,1000000,835635.75
1023,lrange5,1000000,1267488.00
1024,lpush5,1000000,829346.62
1024,lrange5,1000000,1290363.88
1025,lpush5,1000000,823736.44
1025,lrange5,1000000,1275714.38
1026,lpush5,1000000,832666.12
1026,lrange5,1000000,1288721.62
1027,lpush5,1000000,825227.69
1027,lrange5,1000000,1243781.12
1028,lpush5,1000000,832000.00
1028,lrange5,1000000,1275693.88
1029,lpush5,1000000,834831.44
1029,lrange5,1000000,1288824.75
1030,lpush5,1000000,832639.50
1030,lrange5,1000000,1246942.62
1031,lpush5,1000000,834161.81
1031,lrange5,1000000,1182316.75
1032,lpush5,1000000,821123.12
1032,lrange5,1000000,1290322.62
1033,lpush5,1000000,845322.06
1033,lrange5,1000000,1290363.88
1034,lpush5,1000000,830101.19
1034,lrange5,1000000,1179603.75
1035,lpush5,1000000,832639.50
1035,lrange5,1000000,1290343.25
1036,lpush5,1000000,830617.94
1036,lrange5,1000000,1283902.50
1037,lpush5,1000000,831308.44
1037,lrange5,1000000,1201942.25
1038,lpush5,1000000,821745.25
1038,lrange5,1000000,1196344.50
1039,lpush5,1000000,828513.69
1039,lrange5,1000000,1199405.25
1040,lpush5,1000000,823190.12
1040,lrange5,1000000,1259445.75
1041,lpush5,1000000,836967.31
1041,lrange5,1000000,1246922.75
1042,lpush5,1000000,843949.44
1042,lrange5,1000000,1292010.38
1043,lpush5,1000000,826485.94
1043,lrange5,1000000,1236133.50
1044,lpush5,1000000,836833.44
1044,lrange5,1000000,1256301.50
1045,lpush5,1000000,764015.25
1045,lrange5,1000000,1274048.38
1046,lpush5,1000000,841042.88
1046,lrange5,1000000,1193680.25
1047,lpush5,1000000,836846.81
1047,lrange5,1000000,1285408.75
1048,lpush5,1000000,832706.12
1048,lrange5,1000000,1267548.88
1049,lpush5,1000000,834778.00
1049,lrange5,1000000,1269198.00
1050,lpush5,1000000,833519.94
1050,lrange5,1000000,1278772.38
1051,lpush5,1000000,839020.12
1051,lrange5,1000000,1270749.62
1052,lpush5,1000000,838410.75
1052,lrange5,1000000,1287042.50
1053,lpush5,1000000,831308.44
1053,lrange5,1000000,1273926.12
1054,lpush5,1000000,834938.25
1054,lrange5,1000000,1275551.00
1055,lpush5,1000000,830697.69
1055,lrange5,1000000,1269035.50
1056,lpush5,1000000,831960.06
1056,lrange5,1000000,1203793.12
1057,lpush5,1000000,831946.75
1057,lrange5,1000000,1283758.75
1058,lpush5,1000000,825174.94
1058,lrange5,1000000,1200749.12
1059,lpush5,1000000,846794.25
1059,lrange5,1000000,1189403.12
1060,lpush5,1000000,837574.56
1060,lrange5,1000000,1292010.38
1061,lpush5,1000000,835435.25
1061,lrange5,1000000,1189193.75
1062,lpush5,1000000,836388.00
1062,lrange5,1000000,1194819.62
1063,lpush5,1000000,838343.69
1063,lrange5,1000000,1237623.75
1064,lpush5,1000000,838357.12
1064,lrange5,1000000,1219668.25
1065,lpush5,1000000,836887.00
1065,lrange5,1000000,1186562.25
1066,lpush5,1000000,834041.69
1066,lrange5,1000000,1197796.50
1067,lpush5,1000000,829941.88
1067,lrange5,1000000,1193393.75
1068,lpush5,1000000,827275.44
1068,lrange5,1000000,1194800.50
1069,lpush5,1000000,831414.81
1069,lrange5,1000000,1245369.88
1070,lpush5,1000000,827182.81
1070,lrange5,1000000,1251604.50
1071,lpush5,1000000,832013.31
1071,lrange5,1000000,1290322.62
1072,lpush5,1000000,834898.19
1072,lrange5,1000000,1293681.75
1073,lpush5,1000000,828526.94
1073,lrange5,1000000,1261034.12
1074,lpush5,1000000,832692.75
1074,lrange5,1000000,1290405.25
1075,lpush5,1000000,828500.38
1075,lrange5,1000000,1295357.50
1076,lpush5,1000000,823815.50
1076,lrange5,1000000,1190838.12
1077,lpush5,1000000,827262.19
1077,lrange5,1000000,1203716.00
1078,lpush5,1000000,837681.75
1078,lrange5,1000000,1239157.38
1079,lpush5,1000000,837574.56
1079,lrange5,1000000,1290549.75
1080,lpush5,1000000,832692.75
1080,lrange5,1000000,1279017.88
1081,lpush5,1000000,825948.81
1081,lrange5,1000000,1293702.50
1082,lpush5,1000000,828699.25
1082,lrange5,1000000,1292155.00
1083,lpush5,1000000,825869.56
1083,lrange5,1000000,1287021.88
1084,lpush5,1000000,835421.88
1084,lrange5,1000000,1291989.62
1085,lpush5,1000000,829306.81
1085,lrange5,1000000,1259445.75
1086,lpush5,1000000,827341.62
1086,lrange5,1000000,1293702.50
1087,lpush5,1000000,825843.12
1087,lrange5,1000000,1200710.62
1088,lpush5,1000000,834778.00
1088,lrange5,1000000,1203677.50
1089,lpush5,1000000,828619.69
1089,lrange5,1000000,1290384.50
1090,lpush5,1000000,831960.06
1090,lrange5,1000000,1224029.38
1091,lpush5,1000000,827894.06
1091,lrange5,1000000,1287166.00
1092,lpush5,1000000,837574.56
1092,lrange5,1000000,1295502.62
1093,lpush5,1000000,829359.88
1093,lrange5,1000000,1210653.75
1094,lpush5,1000000,825148.50
1094,lrange5,1000000,1290384.50
1095,lpush5,1000000,818383.00
1095,lrange5,1000000,1196191.38
1096,lpush5,1000000,829227.19
1096,lrange5,1000000,1253293.25
1097,lpush5,1000000,823058.44
1097,lrange5,1000000,1209557.38
1098,lpush5,1000000,841258.19
1098,lrange5,1000000,1293764.50
1099,lpush5,1000000,825135.31
1099,lrange5,1000000,1295336.75
1100,lpush5,1000000,827209.25
1100,lrange5,1000000,1251744.62
1101,lpush5,1000000,824428.62
1101,lrange5,1000000,1242355.25
1102,lpush5,1000000,827235.75
1102,lrange5,1000000,1254845.62
1103,lpush5,1000000,825122.12
1103,lrange5,1000000,1297016.88
1104,lpush5,1000000,824402.25
1104,lrange5,1000000,1267508.25
1105,lpush5,1000000,831295.12
1105,lrange5,1000000,1275551.00
1106,lpush5,1000000,825254.12
1106,lrange5,1000000,1298826.00
1107,lpush5,1000000,829200.69
1107,lrange5,1000000,1191914.25
1108,lpush5,1000000,831268.50
1108,lrange5,1000000,1225490.25
1109,lpush5,1000000,833346.62
1109,lrange5,1000000,1278854.25
1110,lpush5,1000000,843170.31
1110,lrange5,1000000,1275673.50
1111,lpush5,1000000,836133.81
1111,lrange5,1000000,1202038.38
1112,lpush5,1000000,837668.31
1112,lrange5,1000000,1285388.12
1113,lpush5,1000000,831973.38
1113,lrange5,1000000,1256562.75
1114,lpush5,1000000,824415.44
1114,lrange5,1000000,1192333.75
1115,lpush5,1000000,827827.88
1115,lrange5,1000000,1295336.75
1116,lpush5,1000000,832000.00
1116,lrange5,1000000,1292196.38
1117,lpush5,1000000,826604.94
1117,lrange5,1000000,1295419.62
1118,lpush5,1000000,840363.00
1118,lrange5,1000000,1297079.12
1119,lpush5,1000000,829386.44
1119,lrange5,1000000,1243900.50
1120,lpush5,1000000,832812.69
1120,lrange5,1000000,1257942.12
1121,lpush5,1000000,821083.69
1121,lrange5,1000000,1285511.62
1122,lpush5,1000000,823947.31
1122,lrange5,1000000,1282071.88
1123,lpush5,1000000,829240.50
1123,lrange5,1000000,1272264.62
1124,lpush5,1000000,827143.12
1124,lrange5,1000000,1195068.12
1125,lpush5,1000000,827288.69
1125,lrange5,1000000,1278772.38
1126,lpush5,1000000,831308.44
1126,lrange5,1000000,1273905.75
1127,lpush5,1000000,830564.81
1127,lrange5,1000000,1280573.62
1128,lpush5,1000000,835462.00
1128,lrange5,1000000,1251624.50
1129,lpush5,1000000,827894.06
1129,lrange5,1000000,1243980.12
1130,lpush5,1000000,826512.38
1130,lrange5,1000000,1185137.50
1131,lpush5,1000000,846902.62
1131,lrange5,1000000,1228776.38
1132,lpush5,1000000,828672.75
1132,lrange5,1000000,1290363.88
1133,lpush5,1000000,823045.25
1133,lrange5,1000000,1295357.50
1134,lpush5,1000000,829915.31
1134,lrange5,1000000,1256482.38
1135,lpush5,1000000,834028.38
1135,lrange5,1000000,1275816.38
1136,lpush5,1000000,836846.81
1136,lrange5,1000000,1201923.00
1137,lpush5,1000000,833399.94
1137,lrange5,1000000,1292113.75
1138,lpush5,1000000,824507.81
1138,lrange5,1000000,1171334.88
1139,lpush5,1000000,832879.31
1139,lrange5,1000000,1297203.62
1140,lpush5,1000000,833333.31
1140,lrange5,1000000,1190685.75
1141,lpush5,1000000,832759.38
1141,lrange5,1000000,953380.31
1142,lpush5,1000000,769921.44
1142,lrange5,1000000,1239316.00
1143,lpush5,1000000,823058.44
1143,lrange5,1000000,1269137.12
1144,lpush5,1000000,827209.25
1144,lrange5,1000000,1288659.75
1145,lpush5,1000000,827222.50
1145,lrange5,1000000,1262686.88
1146,lpush5,1000000,821018.00
1146,lrange5,1000000,1197758.12
1147,lpush5,1000000,823097.94
1147,lrange5,1000000,1287001.25
1148,lpush5,1000000,829267.00
1148,lrange5,1000000,1264222.50
1149,lpush5,1000000,827867.56
1149,lrange5,1000000,1273926.12
1150,lpush5,1000000,818330.62
1150,lrange5,1000000,1182203.25
1151,lpush5,1000000,828013.31
1151,lrange5,1000000,1288762.88
1152,lpush5,1000000,822579.00
1152,lrange5,1000000,1194762.25
1153,lpush5,1000000,839644.00
1153,lrange5,1000000,1180996.50
1154,lpush5,1000000,827907.31
1154,lrange5,1000000,1261256.00
1155,lpush5,1000000,825816.69
1155,lrange5,1000000,1199098.38
1156,lpush5,1000000,828659.50
1156,lrange5,1000000,1196382.75
1157,lpush5,1000000,823723.25
1157,lrange5,1000000,1203485.00
1158,lpush5,1000000,835421.88
1158,lrange5,1000000,1228599.50
1159,lpush5,1000000,836173.94
1159,lrange5,1000000,1277323.12
1160,lpush5,1000000,823150.62
1160,lrange5,1000000,1262787.88
1161,lpush5,1000000,828712.50
1161,lrange5,1000000,1203523.50
1162,lpush5,1000000,828566.69
1162,lrange5,1000000,1193508.38
1163,lpush5,1000000,832786.00
1163,lrange5,1000000,1287145.38
1164,lpush5,1000000,834938.25
1164,lrange5,1000000,1292134.38
1165,lpush5,1000000,843291.75
1165,lrange5,1000000,1272264.62
1166,lpush5,1000000,831308.44
1166,lrange5,1000000,1077913.88
1167,lpush5,1000000,831255.25
1167,lrange5,1000000,1246942.62
1168,lpush5,1000000,818474.62
1168,lrange5,1000000,1190609.50
1169,lpush5,1000000,825896.00
1169,lrange5,1000000,1288804.12
1170,lpush5,1000000,834858.12
1170,lrange5,1000000,1283717.62
1171,lpush5,1000000,827894.06
1171,lrange5,1000000,1285491.00
1172,lpush5,1000000,832039.94
1172,lrange5,1000000,1285532.12
1173,lpush5,1000000,829928.62
1173,lrange5,1000000,1264303.38
1174,lpush5,1000000,836927.19
1174,lrange5,1000000,1293785.25
1175,lpush5,1000000,836133.81
1175,lrange5,1000000,1267650.25
1176,lpush5,1000000,822460.56
1176,lrange5,1000000,1292051.75
1177,lpush5,1000000,841204.38
1177,lrange5,1000000,1243860.62
1178,lpush5,1000000,829928.62
1178,lrange5,1000000,1277139.25
1179,lpush5,1000000,831281.81
1179,lrange5,1000000,1280553.12
1180,lpush5,1000000,826512.38
1180,lrange5,1000000,1239256.50
1181,lpush5,1000000,828553.44
1181,lrange5,1000000,1245409.75
1182,lpush5,1000000,846159.00
1182,lrange5,1000000,1287001.25
1183,lpush5,1000000,839751.50
1183,lrange5,1000000,1264222.50
1184,lpush5,1000000,834201.81
1184,lrange5,1000000,1285449.88
1185,lpush5,1000000,840349.56
1185,lrange5,1000000,1254745.25
1186,lpush5,1000000,835635.75
1186,lrange5,1000000,1285614.38
1187,lpush5,1000000,834778.00
1187,lrange5,1000000,1282318.00
1188,lpush5,1000000,834041.69
1188,lrange5,1000000,1283799.75
1189,lpush5,1000000,832772.69
1189,lrange5,1000000,1287042.50
1190,lpush5,1000000,838290.06
1190,lrange5,1000000,1198026.38
1191,lpush5,1000000,828553.44
1191,lrange5,1000000,1267447.50
1192,lpush5,1000000,831388.25
1192,lrange5,1000000,1200633.88
1193,lpush5,1000000,833426.62
1193,lrange5,1000000,1285347.00
1194,lpush5,1000000,836994.12
1194,lrange5,1000000,1251564.38
1195,lpush5,1000000,836240.81
1195,lrange5,1000000,1231586.25
1196,lpush5,1000000,826446.25
1196,lrange5,1000000,1258022.62
1197,lpush5,1000000,829399.69
1197,lrange5,1000000,1196535.88
1198,lpush5,1000000,833399.94
1198,lrange5,1000000,1270729.38
1199,lpush5,1000000,839764.94
1199,lrange5,1000000,1283881.88
1200,lpush5,1000000,834081.75
1200,lrange5,1000000,1199040.75
1201,lpush5,1000000,830631.25
1201,lrange5,1000000,1184872.12
1202,lpush5,1000000,834844.75
1202,lrange5,1000000,1261114.75
1203,lpush5,1000000,834081.75
1203,lrange5,1000000,1267427.12
1204,lpush5,1000000,827129.88
1204,lrange5,1000000,1295399.00
1205,lpush5,1000000,832652.81
1205,lrange5,1000000,1193374.75
1206,lpush5,1000000,838993.25
1206,lrange5,1000000,1204838.62
1207,lpush5,1000000,833533.31
1207,lrange5,1000000,1248459.38
1208,lpush5,1000000,834028.38
1208,lrange5,1000000,1278813.25
1209,lpush5,1000000,840389.88
1209,lrange5,1000000,1202250.00
1210,lpush5,1000000,833479.94
1210,lrange5,1000000,1298722.12
1211,lpush5,1000000,834041.69
1211,lrange5,1000000,1267589.38
1212,lpush5,1000000,832786.00
1212,lrange5,1000000,1197758.12
1213,lpush5,1000000,835609.00
1213,lrange5,1000000,1273926.12
1214,lpush5,1000000,830671.12
1214,lrange5,1000000,1272305.38
1215,lpush5,1000000,845349.12
1215,lrange5,1000000,1171072.62
1216,lpush5,1000000,831960.06
1216,lrange5,1000000,1253313.38
1217,lpush5,1000000,820554.56
1217,lrange5,1000000,1293806.00
1218,lpush5,1000000,831414.81
1218,lrange5,1000000,1272264.62
1219,lpush5,1000000,843183.81
1219,lrange5,1000000,1192047.75
1220,lpush5,1000000,833346.62
1220,lrange5,1000000,1181034.25
1221,lpush5,1000000,828686.00
1221,lrange5,1000000,1275673.50
1222,lpush5,1000000,839020.12
1222,lrange5,1000000,1204992.75
1223,lpush5,1000000,840389.88
1223,lrange5,1000000,1248639.25
1224,lpush5,1000000,832679.44
1224,lrange5,1000000,1264404.50
1225,lpush5,1000000,834737.94
1225,lrange5,1000000,1185004.75
1226,lpush5,1000000,834804.69
1226,lrange5,1000000,1233045.62
1227,lpush5,1000000,815660.69
1227,lrange5,1000000,1275632.62
1228,lpush5,1000000,833373.31
1228,lrange5,1000000,1277200.50
1229,lpush5,1000000,825763.88
1229,lrange5,1000000,1292010.38
1230,lpush5,1000000,839724.62
1230,lrange5,1000000,1221177.00
1231,lpush5,1000000,834724.56
1231,lrange5,1000000,1248439.50
1232,lpush5,1000000,830564.81
1232,lrange5,1000000,1288742.25
1233,lpush5,1000000,832746.06
1233,lrange5,1000000,1206349.88
1234,lpush5,1000000,839006.69
1234,lrange5,1000000,1287021.88
1235,lpush5,1000000,832066.56
1235,lrange5,1000000,1272366.38
1236,lpush5,1000000,830021.56
1236,lrange5,1000000,1267427.12
1237,lpush5,1000000,831454.75
1237,lrange5,1000000,1248539.38
1238,lpush5,1000000,840497.44
1238,lrange5,1000000,1200845.12
1239,lpush5,1000000,831441.44
1239,lrange5,1000000,1245369.88
1240,lpush5,1000000,834791.38
1240,lrange5,1000000,1282194.88
1241,lpush5,1000000,823071.56
1241,lrange5,1000000,1197968.88
1242,lpush5,1000000,831946.75
1242,lrange5,1000000,1270810.62
1243,lpush5,1000000,828513.69
1243,lrange5,1000000,1287042.50
1244,lpush5,1000000,834737.94
1244,lrange5,1000000,1258062.88
1245,lpush5,1000000,826565.25
1245,lrange5,1000000,1285593.88
1246,lpush5,1000000,829941.88
1246,lrange5,1000000,1193737.50
1247,lpush5,1000000,834871.50
1247,lrange5,1000000,1292113.75
1248,lpush5,1000000,833386.62
1248,lrange5,1000000,1272386.75
1249,lpush5,1000000,830710.94
1249,lrange5,1000000,1277200.50
1250,lpush5,1000000,832026.62
1250,lrange5,1000000,1295440.38
1251,lpush5,1000000,834724.56
1251,lrange5,1000000,1283758.75
1252,lpush5,1000000,830034.81
1252,lrange5,1000000,1290425.88
1253,lpush5,1000000,832679.44
1253,lrange5,1000000,1272386.75
1254,lpush5,1000000,838223.00
1254,lrange5,1000000,1189288.88
1255,lpush5,1000000,836887.00
1255,lrange5,1000000,1290343.25
1256,lpush5,1000000,847620.38
1256,lrange5,1000000,1283697.12
1257,lpush5,1000000,824560.56
1257,lrange5,1000000,1274028.00
1258,lpush5,1000000,829968.44
1258,lrange5,1000000,1278936.00
1259,lpush5,1000000,832865.94
1259,lrange5,1000000,1200787.50
1260,lpush5,1000000,827315.12
1260,lrange5,1000000,1283697.12
1261,lpush5,1000000,830564.81
1261,lrange5,1000000,1250060.00
1262,lpush5,1000000,827933.81
1262,lrange5,1000000,1200729.88
1263,lpush5,1000000,825777.06
1263,lrange5,1000000,1209228.50
1264,lpush5,1000000,830671.12
1264,lrange5,1000000,1221001.25
1265,lpush5,1000000,833533.31
1265,lrange5,1000000,1243840.75
1266,lpush5,1000000,835435.25
1266,lrange5,1000000,1196497.62
1267,lpush5,1000000,836294.31
1267,lrange5,1000000,1206639.38
1268,lpush5,1000000,821850.44
1268,lrange5,1000000,1282256.50
1269,lpush5,1000000,822447.38
1269,lrange5,1000000,1267528.50
1270,lpush5,1000000,834215.19
1270,lrange5,1000000,1196401.88
1271,lpush5,1000000,822368.44
1271,lrange5,1000000,1297037.62
1272,lpush5,1000000,829346.62
1272,lrange5,1000000,1288866.00
1273,lpush5,1000000,832652.81
1273,lrange5,1000000,1280450.62
1274,lpush5,1000000,834938.25
1274,lrange5,1000000,1240694.75
1275,lpush5,1000000,833506.62
1275,lrange5,1000000,1288804.12
1276,lpush5,1000000,835475.31
1276,lrange5,1000000,1280450.62
1277,lpush5,1000000,829941.88
1277,lrange5,1000000,1253393.50
1278,lpush5,1000000,825280.50
1278,lrange5,1000000,1295357.50
1279,lpush5,1000000,828606.44
1279,lrange5,1000000,1156180.38
1280,lpush5,1000000,830617.94
1280,lrange5,1000000,1189231.88
1281,lpush5,1000000,824521.00
1281,lrange5,1000000,1205243.38
1282,lpush5,1000000,833506.62
1282,lrange5,1000000,1246882.88
1283,lpush5,1000000,821876.75
1283,lrange5,1000000,1248459.38
1284,lpush5,1000000,832865.94
1284,lrange5,1000000,1290487.75
1285,lpush5,1000000,834911.56
1285,lrange5,1000000,1259607.00
1286,lpush5,1000000,842527.38
1286,lrange5,1000000,1292010.38
1287,lpush5,1000000,828712.50
1287,lrange5,1000000,1196191.38
1288,lpush5,1000000,835488.69
1288,lrange5,1000000,1280471.12
1289,lpush5,1000000,825935.62
1289,lrange5,1000000,1283881.88
1290,lpush5,1000000,822434.25
1290,lrange5,1000000,1272264.62
1291,lpush5,1000000,834201.81
1291,lrange5,1000000,1259566.75
1292,lpush5,1000000,828500.38
1292,lrange5,1000000,1280594.12
1293,lpush5,1000000,834201.81
1293,lrange5,1000000,1297120.62
1294,lpush5,1000000,825161.69
1294,lrange5,1000000,1270688.75
1295,lpush5,1000000,833359.94
1295,lrange5,1000000,1280450.62
1296,lpush5,1000000,829968.44
1296,lrange5,1000000,1196344.50
1297,lpush5,1000000,825095.69
1297,lrange5,1000000,1292031.00
1298,lpush5,1000000,832093.19
1298,lrange5,1000000,1248599.25
1299,lpush5,1000000,825816.69
1299,lrange5,1000000,1297037.62
1300,lpush5,1000000,825829.94
1300,lrange5,1000000,1292217.12
1301,lpush5,1000000,823947.31
1301,lrange5,1000000,1288659.75
1302,lpush5,1000000,824507.81
1302,lrange5,1000000,1277241.38
1303,lpush5,1000000,823255.94
1303,lrange5,1000000,1293826.62
1304,lpush5,1000000,829915.31
1304,lrange5,1000000,1293743.88
1305,lpush5,1000000,823058.44
1305,lrange5,1000000,1205012.12
1306,lpush5,1000000,824560.56
1306,lrange5,1000000,1270668.38
1307,lpush5,1000000,826446.25
1307,lrange5,1000000,1293868.00
1308,lpush5,1000000,824534.19
1308,lrange5,1000000,1292175.75
1309,lpush5,1000000,834844.75
1309,lrange5,1000000,1242414.88
1310,lpush5,1000000,827249.00
1310,lrange5,1000000,1273926.12
1311,lpush5,1000000,829928.62
1311,lrange5,1000000,1291989.62
1312,lpush5,1000000,831255.25
1312,lrange5,1000000,1270871.62
1313,lpush5,1000000,838966.44
1313,lrange5,1000000,1269137.12
1314,lpush5,1000000,826618.12
1314,lrange5,1000000,1267427.12
1315,lpush5,1000000,829875.50
1315,lrange5,1000000,1200787.50
1316,lpush5,1000000,825135.31
1316,lrange5,1000000,1292134.38
1317,lpush5,1000000,833386.62
1317,lrange5,1000000,1192162.12
1318,lpush5,1000000,825108.88
1318,lrange5,1000000,1199117.50
1319,lpush5,1000000,834041.69
1319,lrange5,1000000,1275734.75
1320,lpush5,1000000,830777.44
1320,lrange5,1000000,1278792.88
1321,lpush5,1000000,830048.12
1321,lrange5,1000000,1298784.50
1322,lpush5,1000000,836913.75
1322,lrange5,1000000,1280614.62
1323,lpush5,1000000,825082.50
1323,lrange5,1000000,1293661.00
1324,lpush5,1000000,827222.50
1324,lrange5,1000000,1292031.00
1325,lpush5,1000000,830644.50
1325,lrange5,1000000,1285408.75
1326,lpush5,1000000,841042.88
1326,lrange5,1000000,1208058.00
1327,lpush5,1000000,841137.06
1327,lrange5,1000000,1237623.75
1328,lpush5,1000000,830631.25
1328,lrange5,1000000,1293723.12
1329,lpush5,1000000,826001.69
1329,lrange5,1000000,1267589.38
1330,lpush5,1000000,827129.88
1330,lrange5,1000000,1261135.00
1331,lpush5,1000000,821850.44
1331,lrange5,1000000,1272427.50
1332,lpush5,1000000,828500.38
1332,lrange5,1000000,1237683.12
1333,lpush5,1000000,833373.31
1333,lrange5,1000000,1293806.00
1334,lpush5,1000000,829240.50
1334,lrange5,1000000,1278772.38
1335,lpush5,1000000,832692.75
1335,lrange5,1000000,1236113.75
1336,lpush5,1000000,828566.69
1336,lrange5,1000000,1178252.12
1337,lpush5,1000000,836833.44
1337,lrange5,1000000,1290322.62
1338,lpush5,1000000,822486.88
1338,lrange5,1000000,881834.25
1339,lpush5,1000000,829888.75
1339,lrange5,1000000,1283738.12
1340,lpush5,1000000,842581.25
1340,lrange5,1000000,1203619.75
1341,lpush5,1000000,833386.62
1341,lrange5,1000000,1280573.62
1342,lpush5,1000000,841764.31
1342,lrange5,1000000,1251604.50
1343,lpush5,1000000,830061.38
1343,lrange5,1000000,1272407.12
1344,lpush5,1000000,834724.56
1344,lrange5,1000000,1295481.88
1345,lpush5,1000000,832133.12
1345,lrange5,1000000,1290322.62
1346,lpush5,1000000,825201.31
1346,lrange5,1000000,1278813.25
1347,lpush5,1000000,823855.06
1347,lrange5,1000000,1245489.50
1348,lpush5,1000000,823762.75
1348,lrange5,1000000,1219531.75
1349,lpush5,1000000,829293.56
1349,lrange5,1000000,1196401.88
1350,lpush5,1000000,832692.75
1350,lrange5,1000000,1206272.62
1351,lpush5,1000000,825135.31
1351,lrange5,1000000,1248619.25
1352,lpush5,1000000,831268.50
1352,lrange5,1000000,1285347.00
1353,lpush5,1000000,831986.69
1353,lrange5,1000000,1254926.00
1354,lpush5,1000000,836267.56
1354,lrange5,1000000,1228540.50
1355,lpush5,1000000,830564.81
1355,lrange5,1000000,1209267.25
1356,lpush5,1000000,832000.00
1356,lrange5,1000000,1280573.62
1357,lpush5,1000000,825108.88
1357,lrange5,1000000,1273885.25
1358,lpush5,1000000,834737.94
1358,lrange5,1000000,1261034.12
1359,lpush5,1000000,831388.25
1359,lrange5,1000000,1197949.75
1360,lpush5,1000000,827129.88
1360,lrange5,1000000,1207845.38
1361,lpush5,1000000,827156.31
1361,lrange5,1000000,1230012.25
1362,lpush5,1000000,832000.00
1362,lrange5,1000000,1253152.88
1363,lpush5,1000000,840376.44
1363,lrange5,1000000,1287083.62
1364,lpush5,1000000,831308.44
1364,lrange5,1000000,1292031.00
1365,lpush5,1000000,840376.44
1365,lrange5,1000000,1192295.62
1366,lpush5,1000000,827381.31
1366,lrange5,1000000,1233065.38
1367,lpush5,1000000,833479.94
1367,lrange5,1000000,1192314.62
1368,lpush5,1000000,831401.50
1368,lrange5,1000000,1199213.50
1369,lpush5,1000000,831388.25
1369,lrange5,1000000,1280471.12
1370,lpush5,1000000,830591.38
1370,lrange5,1000000,1293661.00
1371,lpush5,1000000,822447.38
1371,lrange5,1000000,1256301.50
1372,lpush5,1000000,829875.50
1372,lrange5,1000000,1292175.75
1373,lpush5,1000000,832812.69
1373,lrange5,1000000,1292031.00
1374,lpush5,1000000,825108.88
1374,lrange5,1000000,1200902.75
1375,lpush5,1000000,821228.19
1375,lrange5,1000000,1293702.50
1376,lpush5,1000000,837601.31
1376,lrange5,1000000,1290508.38
1377,lpush5,1000000,827933.81
1377,lrange5,1000000,1287063.00
1378,lpush5,1000000,825122.12
1378,lrange5,1000000,1213650.50
1379,lpush5,1000000,825095.69
1379,lrange5,1000000,1292237.75
1380,lpush5,1000000,827854.31
1380,lrange5,1000000,1262848.50
1381,lpush5,1000000,823855.06
1381,lrange5,1000000,1203388.75
1382,lpush5,1000000,834095.06
1382,lrange5,1000000,1283697.12
1383,lpush5,1000000,839751.50
1383,lrange5,1000000,1275510.25
1384,lpush5,1000000,826631.38
1384,lrange5,1000000,1297348.88
1385,lpush5,1000000,828606.44
1385,lrange5,1000000,1280532.62
1386,lpush5,1000000,829267.00
1386,lrange5,1000000,1192085.88
1387,lpush5,1000000,830564.81
1387,lrange5,1000000,1282051.38
1388,lpush5,1000000,847525.44
1388,lrange5,1000000,1272285.00
1389,lpush5,1000000,828659.50
1389,lrange5,1000000,1285347.00
1390,lpush5,1000000,825174.94
1390,lrange5,1000000,1285470.50
1391,lpush5,1000000,823881.38
1391,lrange5,1000000,1253333.38
1392,lpush5,1000000,820357.69
1392,lrange5,1000000,1292051.75
1393,lpush5,1000000,835475.31
1393,lrange5,1000000,1264505.62
1394,lpush5,1000000,836980.69
1394,lrange5,1000000,1199443.62
1395,lpush5,1000000,836846.81
1395,lrange5,1000000,1195010.75
1396,lpush5,1000000,842689.12
1396,lrange5,1000000,1267488.00
1397,lpush5,1000000,825082.50
1397,lrange5,1000000,1290529.12
1398,lpush5,1000000,835528.81
1398,lrange5,1000000,1272447.88
1399,lpush5,1000000,833479.94
1399,lrange5,1000000,1285511.62
1400,lpush5,1000000,833413.31
1400,lrange5,1000000,1291989.62
1401,lpush5,1000000,827156.31
1401,lrange5,1000000,1298846.75
1402,lpush5,1000000,829399.69
1402,lrange5,1000000,1293681.75
1403,lpush5,1000000,822592.12
1403,lrange5,1000000,1267589.38
1404,lpush5,1000000,835475.31
1404,lrange5,1000000,1282194.88
1405,lpush5,1000000,823111.06
1405,lrange5,1000000,1199117.50
1406,lpush5,1000000,830644.50
1406,lrange5,1000000,1272264.62
1407,lpush5,1000000,836240.81
1407,lrange5,1000000,1256281.38
1408,lpush5,1000000,823045.25
1408,lrange5,1000000,1274089.12
1409,lpush5,1000000,830724.25
1409,lrange5,1000000,1292155.00
1410,lpush5,1000000,829253.75
1410,lrange5,1000000,1295357.50
1411,lpush5,1000000,829875.50
1411,lrange5,1000000,1233183.75
1412,lpush5,1000000,828699.25
1412,lrange5,1000000,1200825.88
1413,lpush5,1000000,829399.69
1413,lrange5,1000000,1190685.75
1414,lpush5,1000000,831295.12
1414,lrange5,1000000,1198007.25
1415,lpush5,1000000,822539.50
1415,lrange5,1000000,1206542.88
1416,lpush5,1000000,821228.19
1416,lrange5,1000000,1256462.25
1417,lpush5,1000000,832079.88
1417,lrange5,1000000,1287021.88
1418,lpush5,1000000,821863.62
1418,lrange5,1000000,1187648.50
1419,lpush5,1000000,827222.50
1419,lrange5,1000000,1273905.75
1420,lpush5,1000000,824507.81
1420,lrange5,1000000,1251764.62
1421,lpush5,1000000,846956.81
1421,lrange5,1000000,1285347.00
1422,lpush5,1000000,827301.94
1422,lrange5,1000000,1196535.88
1423,lpush5,1000000,819685.25
1423,lrange5,1000000,1253173.00
1424,lpush5,1000000,825135.31
1424,lrange5,1000000,1275632.62
1425,lpush5,1000000,828513.69
1425,lrange5,1000000,1280409.75
1426,lpush5,1000000,851131.94
1426,lrange5,1000000,1182297.88
1427,lpush5,1000000,835462.00
1427,lrange5,1000000,1292175.75
1428,lpush5,1000000,830710.94
1428,lrange5,1000000,1270648.00
1429,lpush5,1000000,830724.25
1429,lrange5,1000000,1187800.50
1430,lpush5,1000000,834081.75
1430,lrange5,1000000,1285347.00
1431,lpush5,1000000,839073.81
1431,lrange5,1000000,1292093.00
1432,lpush5,1000000,834161.81
1432,lrange5,1000000,1287186.62
1433,lpush5,1000000,831295.12
1433,lrange5,1000000,1290384.50
1434,lpush5,1000000,832652.81
1434,lrange5,1000000,1285388.12
1435,lpush5,1000000,833333.31
1435,lrange5,1000000,1285532.12
1436,lpush5,1000000,834081.75
1436,lrange5,1000000,1233045.62
1437,lpush5,1000000,825082.50
1437,lrange5,1000000,1200614.62
1438,lpush5,1000000,838397.38
1438,lrange5,1000000,1246942.62
1439,lpush5,1000000,832692.75
1439,lrange5,1000000,1272285.00
1440,lpush5,1000000,838223.00
1440,lrange5,1000000,1287042.50
1441,lpush5,1000000,838410.75
1441,lrange5,1000000,1265822.75
1442,lpush5,1000000,839738.06
1442,lrange5,1000000,1246902.75
1443,lpush5,1000000,832812.69
1443,lrange5,1000000,1200480.12
1444,lpush5,1000000,827814.62
1444,lrange5,1000000,1243840.75
1445,lpush5,1000000,828672.75
1445,lrange5,1000000,1202134.62
1446,lpush5,1000000,829888.75
1446,lrange5,1000000,1270871.62
1447,lpush5,1000000,838926.12
1447,lrange5,1000000,1288886.50
1448,lpush5,1000000,834951.62
1448,lrange5,1000000,1273987.25
1449,lpush5,1000000,831295.12
1449,lrange5,1000000,1267427.12
1450,lpush5,1000000,829902.06
1450,lrange5,1000000,1193393.75
1451,lpush5,1000000,837695.12
1451,lrange5,1000000,1292134.38
1452,lpush5,1000000,821850.44
1452,lrange5,1000000,1277261.88
1453,lpush5,1000000,832772.69
1453,lrange5,1000000,1194762.25
1454,lpush5,1000000,833373.31
1454,lrange5,1000000,1264263.00
1455,lpush5,1000000,830750.81
1455,lrange5,1000000,1285491.00
1456,lpush5,1000000,832692.75
1456,lrange5,1000000,1193470.12
1457,lpush5,1000000,818540.12
1457,lrange5,1000000,1195144.50
1458,lpush5,1000000,825882.75
1458,lrange5,1000000,1265984.75
1459,lpush5,1000000,829227.19
1459,lrange5,1000000,1280614.62
1460,lpush5,1000000,839033.56
1460,lrange5,1000000,1202134.62
1461,lpush5,1000000,825122.12
1461,lrange5,1000000,1262787.88
1462,lpush5,1000000,826446.25
1462,lrange5,1000000,1290529.12
1463,lpush5,1000000,833386.62
1463,lrange5,1000000,1218182.75
1464,lpush5,1000000,833519.94
1464,lrange5,1000000,1287186.62
1465,lpush5,1000000,825148.50
1465,lrange5,1000000,1275551.00
1466,lpush5,1000000,833399.94
1466,lrange5,1000000,1192314.62
1467,lpush5,1000000,836833.44
1467,lrange5,1000000,1273946.50
1468,lpush5,1000000,844743.25
1468,lrange5,1000000,1278813.25
1469,lpush5,1000000,829227.19
1469,lrange5,1000000,1206658.62
1470,lpush5,1000000,846104.88
1470,lrange5,1000000,1292051.75
1471,lpush5,1000000,835475.31
1471,lrange5,1000000,1196516.75
1472,lpush5,1000000,829253.75
1472,lrange5,1000000,1237722.75
1473,lpush5,1000000,832692.75
1473,lrange5,1000000,1288680.38
1474,lpush5,1000000,830048.12
1474,lrange5,1000000,1282153.88
1475,lpush5,1000000,826644.62
1475,lrange5,1000000,1293930.12
1476,lpush5,1000000,831973.38
1476,lrange5,1000000,1295585.50
1477,lpush5,1000000,823255.94
1477,lrange5,1000000,1285511.62
1478,lpush5,1000000,843237.81
1478,lrange5,1000000,1293806.00
1479,lpush5,1000000,832000.00
1479,lrange5,1000000,1267528.50
1480,lpush5,1000000,829187.44
1480,lrange5,1000000,1291989.62
1481,lpush5,1000000,834737.94
1481,lrange5,1000000,1175088.12
1482,lpush5,1000000,836860.19
1482,lrange5,1000000,1202192.25
1483,lpush5,1000000,836173.94
1483,lrange5,1000000,1187952.50
1484,lpush5,1000000,817766.12
1484,lrange5,1000000,1200557.00
1485,lpush5,1000000,825935.62
1485,lrange5,1000000,1275571.50
1486,lpush5,1000000,831441.44
1486,lrange5,1000000,1297182.88
1487,lpush5,1000000,828513.69
1487,lrange5,1000000,1292175.75
1488,lpush5,1000000,836887.00
1488,lrange5,1000000,1295357.50
1489,lpush5,1000000,838993.25
1489,lrange5,1000000,1280430.25
1490,lpush5,1000000,830604.62
1490,lrange5,1000000,1200518.62
1491,lpush5,1000000,828606.44
1491,lrange5,1000000,1295481.88
1492,lpush5,1000000,835488.69
1492,lrange5,1000000,1272346.00
1493,lpush5,1000000,829359.88
1493,lrange5,1000000,1285511.62
1494,lpush5,1000000,829928.62
1494,lrange5,1000000,792583.25
1495,lpush5,1000000,759459.38
1495,lrange5,1000000,1196325.38
1496,lpush5,1000000,831960.06
1496,lrange5,1000000,1278936.00
1497,lpush5,1000000,824402.25
1497,lrange5,1000000,1280450.62
1498,lpush5,1000000,836187.31
1498,lrange5,1000000,1285347.00
1499,lpush5,1000000,832119.81
1499,lrange5,1000000,1273926.12
1500,lpush5,1000000,822500.00
1500,lrange5,1000000,1290405.25
1501,lpush5,1000000,830564.81
1501,lrange5,1000000,1262686.88
1502,lpush5,1000000,834724.56
1502,lrange5,1000000,1270810.62
1503,lpush5,1000000,827827.88
1503,lrange5,1000000,1282194.88
1504,lpush5,1000000,833506.62
1504,lrange5,1000000,1288845.38
1505,lpush5,1000000,828579.94
1505,lrange5,1000000,1236153.25
1506,lpush5,1000000,824613.31
1506,lrange5,1000000,1295357.50
1507,lpush5,1000000,836900.38
1507,lrange5,1000000,1187724.50
1508,lpush5,1000000,827827.88
1508,lrange5,1000000,1264343.88
1509,lpush5,1000000,829227.19
1509,lrange5,1000000,1242255.88
1510,lpush5,1000000,839033.56
1510,lrange5,1000000,1222669.88
1511,lpush5,1000000,824455.00
1511,lrange5,1000000,1251744.62
1512,lpush5,1000000,832000.00
1512,lrange5,1000000,1298701.38
1513,lpush5,1000000,836927.19
1513,lrange5,1000000,1248499.38
1514,lpush5,1000000,826485.94
1514,lrange5,1000000,1256402.00
1515,lpush5,1000000,835475.31
1515,lrange5,1000000,1282215.38
1516,lpush5,1000000,827182.81
1516,lrange5,1000000,1283820.25
1517,lpush5,1000000,830604.62
1517,lrange5,1000000,1256402.00
1518,lpush5,1000000,841804.75
1518,lrange5,1000000,1282133.38
1519,lpush5,1000000,841204.38
1519,lrange5,1000000,1282153.88
1520,lpush5,1000000,830644.50
1520,lrange5,1000000,1207942.00
1521,lpush5,1000000,828646.19
1521,lrange5,1000000,1287166.00
1522,lpush5,1000000,831361.62
1522,lrange5,1000000,1273946.50
1523,lpush5,1000000,843359.19
1523,lrange5,1000000,1288783.50
1524,lpush5,1000000,833333.31
1524,lrange5,1000000,1222669.88
1525,lpush5,1000000,828513.69
1525,lrange5,1000000,1270668.38
1526,lpush5,1000000,835475.31
1526,lrange5,1000000,1049452.25
1527,lpush5,1000000,657219.44
1527,lrange5,1000000,1270770.00
1528,lpush5,1000000,829968.44
1528,lrange5,1000000,1297141.38
1529,lpush5,1000000,826485.94
1529,lrange5,1000000,1265984.75
1530,lpush5,1000000,830617.94
1530,lrange5,1000000,1272264.62
1531,lpush5,1000000,818513.94
1531,lrange5,1000000,1297037.62
1532,lpush5,1000000,828553.44
1532,lrange5,1000000,1182430.25
1533,lpush5,1000000,824560.56
1533,lrange5,1000000,1282256.50
1534,lpush5,1000000,830750.81
1534,lrange5,1000000,1267569.12
1535,lpush5,1000000,832026.62
1535,lrange5,1000000,1280573.62
1536,lpush5,1000000,834791.38
1536,lrange5,1000000,1196421.00
1537,lpush5,1000000,827341.62
1537,lrange5,1000000,1283779.25
1538,lpush5,1000000,831468.06
1538,lrange5,1000000,1293661.00
1539,lpush5,1000000,817071.94
1539,lrange5,1000000,1182373.50
1540,lpush5,1000000,825108.88
1540,lrange5,1000000,1230209.12
1541,lpush5,1000000,825763.88
1541,lrange5,1000000,1248479.38
1542,lpush5,1000000,823736.44
1542,lrange5,1000000,1280491.62
1543,lpush5,1000000,830804.00
1543,lrange5,1000000,1282256.50
1544,lpush5,1000000,831308.44
1544,lrange5,1000000,1280450.62
1545,lpush5,1000000,821797.88
1545,lrange5,1000000,1275530.62
1546,lpush5,1000000,824468.25
1546,lrange5,1000000,1233045.62
1547,lpush5,1000000,827827.88
1547,lrange5,1000000,1290343.25
1548,lpush5,1000000,825922.38
1548,lrange5,1000000,1193642.00
1549,lpush5,1000000,825240.94
1549,lrange5,1000000,1250220.00
1550,lpush5,1000000,823097.94
1550,lrange5,1000000,1067235.88
1551,lpush5,1000000,839087.25
1551,lrange5,1000000,1280512.12
1552,lpush5,1000000,831308.44
1552,lrange5,1000000,1261074.38
1553,lpush5,1000000,827129.88
1553,lrange5,1000000,1272285.00
1554,lpush5,1000000,834791.38
1554,lrange5,1000000,1285491.00
1555,lpush5,1000000,838926.12
1555,lrange5,1000000,1228560.12
1556,lpush5,1000000,829928.62
1556,lrange5,1000000,1282112.88
1557,lpush5,1000000,844057.44
1557,lrange5,1000000,1272427.50
1558,lpush5,1000000,849794.38
1558,lrange5,1000000,1285511.62
1559,lpush5,1000000,829902.06
1559,lrange5,1000000,1259466.00
1560,lpush5,1000000,829888.75
1560,lrange5,1000000,1180675.38
1561,lpush5,1000000,839033.56
1561,lrange5,1000000,1259607.00
1562,lpush5,1000000,824613.31
1562,lrange5,1000000,1199251.75
1563,lpush5,1000000,829240.50
1563,lrange5,1000000,1259506.25
1564,lpush5,1000000,832079.88
1564,lrange5,1000000,1236271.88
1565,lpush5,1000000,831986.69
1565,lrange5,1000000,1242236.00
1566,lpush5,1000000,834121.75
1566,lrange5,1000000,1264283.12
1567,lpush5,1000000,828566.69
1567,lrange5,1000000,1265863.25
1568,lpush5,1000000,835448.62
1568,lrange5,1000000,1192143.00
1569,lpush5,1000000,834911.56
1569,lrange5,1000000,1251724.62
1570,lpush5,1000000,832692.75
1570,lrange5,1000000,1258022.62
1571,lpush5,1000000,838410.75
1571,lrange5,1000000,1239197.00
1572,lpush5,1000000,832159.69
1572,lrange5,1000000,1282256.50
1573,lpush5,1000000,834041.69
1573,lrange5,1000000,1141716.88
1574,lpush5,1000000,823723.25
1574,lrange5,1000000,1193622.88
1575,lpush5,1000000,830617.94
1575,lrange5,1000000,1283902.50
1576,lpush5,1000000,822592.12
1576,lrange5,1000000,1269096.50
1577,lpush5,1000000,830697.69
1577,lrange5,1000000,1265822.75
1578,lpush5,1000000,823841.88
1578,lrange5,1000000,1278772.38
1579,lpush5,1000000,843908.88
1579,lrange5,1000000,1285511.62
1580,lpush5,1000000,832000.00
1580,lrange5,1000000,1190685.75
1581,lpush5,1000000,825135.31
1581,lrange5,1000000,1267467.75
1582,lpush5,1000000,828500.38
1582,lrange5,1000000,1044965.50
1583,lpush5,1000000,830657.81
1583,lrange5,1000000,1206311.25
1584,lpush5,1000000,827920.56
1584,lrange5,1000000,1183678.12
1585,lpush5,1000000,821083.69
1585,lrange5,1000000,1285367.62
1586,lpush5,1000000,823762.75
1586,lrange5,1000000,1272264.62
1587,lpush5,1000000,827907.31
1587,lrange5,1000000,1250060.00
1588,lpush5,1000000,827867.56
1588,lrange5,1000000,1242315.50
1589,lpush5,1000000,838993.25
1589,lrange5,1000000,1273946.50
1590,lpush5,1000000,821705.81
1590,lrange5,1000000,1189193.75
1591,lpush5,1000000,824600.12
1591,lrange5,1000000,1171203.75
1592,lpush5,1000000,826485.94
1592,lrange5,1000000,1272285.00
1593,lpush5,1000000,831308.44
1593,lrange5,1000000,1297016.88
1594,lpush5,1000000,830671.12
1594,lrange5,1000000,1237623.75
1595,lpush5,1000000,828553.44
1595,lrange5,1000000,1207787.38
1596,lpush5,1000000,827169.56
1596,lrange5,1000000,1250040.00
1597,lpush5,1000000,838979.81
1597,lrange5,1000000,1253293.25
1598,lpush5,1000000,820357.69
1598,lrange5,1000000,1191895.12
1599,lpush5,1000000,831268.50
1599,lrange5,1000000,1273885.25
1600,lpush5,1000000,840443.69
1600,lrange5,1000000,1287001.25
1601,lpush5,1000000,831946.75
1601,lrange5,1000000,1199079.12
1602,lpush5,1000000,825777.06
1602,lrange5,1000000,1295419.62
1603,lpush5,1000000,830777.44
1603,lrange5,1000000,1288680.38
1604,lpush5,1000000,831946.75
1604,lrange5,1000000,1282112.88
1605,lpush5,1000000,828659.50
1605,lrange5,1000000,1254885.88
1606,lpush5,1000000,814436.44
1606,lrange5,1000000,1200614.62
1607,lpush5,1000000,826565.25
1607,lrange5,1000000,1288680.38
1608,lpush5,1000000,832666.12
1608,lrange5,1000000,1288680.38
1609,lpush5,1000000,834737.94
1609,lrange5,1000000,1274170.62
1610,lpush5,1000000,829213.94
1610,lrange5,1000000,1282236.00
1611,lpush5,1000000,834215.19
1611,lrange5,1000000,1282153.88
1612,lpush5,1000000,820423.31
1612,lrange5,1000000,1257881.75
1613,lpush5,1000000,836913.75
1613,lrange5,1000000,1277139.25
1614,lpush5,1000000,830631.25
1614,lrange5,1000000,1293868.00
1615,lpush5,1000000,828039.75
1615,lrange5,1000000,1295481.88
1616,lpush5,1000000,836294.31
1616,lrange5,1000000,1295399.00
1617,lpush5,1000000,818592.50
1617,lrange5,1000000,1293847.38
1618,lpush5,1000000,817032.69
1618,lrange5,1000000,1278792.88
1619,lpush5,1000000,833413.31
1619,lrange5,1000000,1253293.25
1620,lpush5,1000000,829373.12
1620,lrange5,1000000,1282236.00
1621,lpush5,1000000,834095.06
1621,lrange5,1000000,1278833.75
1622,lpush5,1000000,822434.25
1622,lrange5,1000000,1288742.25
1623,lpush5,1000000,831946.75
1623,lrange5,1000000,1246902.75
1624,lpush5,1000000,823058.44
1624,lrange5,1000000,1025690.25
1625,lpush5,1000000,825135.31
1625,lrange5,1000000,1270749.62
1626,lpush5,1000000,836900.38
1626,lrange5,1000000,1242474.50
1627,lpush5,1000000,823736.44
1627,lrange5,1000000,1180732.00
1628,lpush5,1000000,826604.94
1628,lrange5,1000000,1200825.88
1629,lpush5,1000000,833346.62
1629,lrange5,1000000,1251624.50
1630,lpush5,1000000,840551.25
1630,lrange5,1000000,1267569.12
1631,lpush5,1000000,831414.81
1631,lrange5,1000000,1203523.50
1632,lpush5,1000000,832119.81
1632,lrange5,1000000,1200749.12
1633,lpush5,1000000,822368.44
1633,lrange5,1000000,1277180.12
1634,lpush5,1000000,826512.38
1634,lrange5,1000000,1201961.50
1635,lpush5,1000000,830697.69
1635,lrange5,1000000,1285532.12
1636,lpush5,1000000,825816.69
1636,lrange5,1000000,1287001.25
1637,lpush5,1000000,830737.56
1637,lrange5,1000000,1297016.88
1638,lpush5,1000000,825214.50
1638,lrange5,1000000,1272468.12
1639,lpush5,1000000,827986.81
1639,lrange5,1000000,1278792.88
1640,lpush5,1000000,831255.25
1640,lrange5,1000000,1203369.50
1641,lpush5,1000000,830684.38
1641,lrange5,1000000,1278854.25
1642,lpush5,1000000,831295.12
1642,lrange5,1000000,1275510.25
1643,lpush5,1000000,836887.00
1643,lrange5,1000000,1265924.00
1644,lpush5,1000000,825803.50
1644,lrange5,1000000,1234587.62
1645,lpush5,1000000,820423.31
1645,lrange5,1000000,1283861.38
1646,lpush5,1000000,831973.38
1646,lrange5,1000000,1292010.38
1647,lpush5,1000000,832852.62
1647,lrange5,1000000,1277261.88
1648,lpush5,1000000,832026.62
1648,lrange5,1000000,1292031.00
1649,lpush5,1000000,835475.31
1649,lrange5,1000000,1292010.38
1650,lpush5,1000000,833373.31
1650,lrange5,1000000,1295357.50
1651,lpush5,1000000,830631.25
1651,lrange5,1000000,1283881.88
1652,lpush5,1000000,826499.12
1652,lrange5,1000000,1269096.50
1653,lpush5,1000000,819750.81
1653,lrange5,1000000,1183772.75
1654,lpush5,1000000,831374.94
1654,lrange5,1000000,1293764.50
1655,lpush5,1000000,827262.19
1655,lrange5,1000000,1287001.25
1656,lpush5,1000000,833453.31
1656,lrange5,1000000,1295357.50
1657,lpush5,1000000,821797.88
1657,lrange5,1000000,1298742.88
1658,lpush5,1000000,820462.69
1658,lrange5,1000000,1280409.75
1659,lpush5,1000000,829902.06
1659,lrange5,1000000,1277302.75
1660,lpush5,1000000,836160.56
1660,lrange5,1000000,1293764.50
1661,lpush5,1000000,837034.25
1661,lrange5,1000000,1140524.50
1662,lpush5,1000000,835421.88
1662,lrange5,1000000,1245409.75
1663,lpush5,1000000,813891.00
1663,lrange5,1000000,1290508.38
1664,lpush5,1000000,834095.06
1664,lrange5,1000000,1295357.50
1665,lpush5,1000000,838939.56
1665,lrange5,1000000,1292072.38
1666,lpush5,1000000,835435.25
1666,lrange5,1000000,1261054.25
1667,lpush5,1000000,827841.12
1667,lrange5,1000000,1295419.62
1668,lpush5,1000000,837587.94
1668,lrange5,1000000,1278874.62
1669,lpush5,1000000,821876.75
1669,lrange5,1000000,1275612.25
1670,lpush5,1000000,821031.19
1670,lrange5,1000000,1292010.38
1671,lpush5,1000000,839711.19
1671,lrange5,1000000,1293661.00
1672,lpush5,1000000,846916.19
1672,lrange5,1000000,1290363.88
1673,lpush5,1000000,838993.25
1673,lrange5,1000000,1300410.88
1674,lpush5,1000000,821188.81
1674,lrange5,1000000,1265822.75
1675,lpush5,1000000,830021.56
1675,lrange5,1000000,1205147.00
1676,lpush5,1000000,843962.94
1676,lrange5,1000000,1213631.12
1677,lpush5,1000000,818409.19
1677,lrange5,1000000,1278813.25
1678,lpush5,1000000,831454.75
1678,lrange5,1000000,1195068.12
1679,lpush5,1000000,821745.25
1679,lrange5,1000000,1282112.88
1680,lpush5,1000000,817098.06
1680,lrange5,1000000,1278977.00
1681,lpush5,1000000,825148.50
1681,lrange5,1000000,1267467.75
1682,lpush5,1000000,834898.19
1682,lrange5,1000000,1283881.88
1683,lpush5,1000000,826499.12
1683,lrange5,1000000,1209228.50
1684,lpush5,1000000,827143.12
1684,lrange5,1000000,1295336.75
1685,lpush5,1000000,823176.94
1685,lrange5,1000000,1248579.25
1686,lpush5,1000000,841831.69
1686,lrange5,1000000,1266005.00
1687,lpush5,1000000,832666.12
1687,lrange5,1000000,1283758.75
1688,lpush5,1000000,834161.81
1688,lrange5,1000000,1297099.88
1689,lpush5,1000000,827169.56
1689,lrange5,1000000,1121452.88
1690,lpush5,1000000,833399.94
1690,lrange5,1000000,1206542.88
1691,lpush5,1000000,825188.12
1691,lrange5,1000000,1292072.38
1692,lpush5,1000000,832119.81
1692,lrange5,1000000,1206349.88
1693,lpush5,1000000,832639.50
1693,lrange5,1000000,1257942.12
1694,lpush5,1000000,823137.44
1694,lrange5,1000000,1285449.88
1695,lpush5,1000000,826446.25
1695,lrange5,1000000,1282194.88
1696,lpush5,1000000,829227.19
1696,lrange5,1000000,1297182.88
1697,lpush5,1000000,825829.94
1697,lrange5,1000000,1258083.00
1698,lpush5,1000000,834028.38
1698,lrange5,1000000,1248459.38
1699,lpush5,1000000,824415.44
1699,lrange5,1000000,1262767.62
1700,lpush5,1000000,828632.94
1700,lrange5,1000000,1267630.00
1701,lpush5,1000000,841042.88
1701,lrange5,1000000,1292196.38
1702,lpush5,1000000,839046.94
1702,lrange5,1000000,1231665.00
1703,lpush5,1000000,835635.75
1703,lrange5,1000000,1293847.38
1704,lpush5,1000000,832652.81
1704,lrange5,1000000,1272325.62
1705,lpush5,1000000,835462.00
1705,lrange5,1000000,1292113.75
1706,lpush5,1000000,824534.19
1706,lrange5,1000000,1293826.62
1707,lpush5,1000000,834028.38
1707,lrange5,1000000,1288742.25
1708,lpush5,1000000,839140.94
1708,lrange5,1000000,1014279.94
1709,lpush5,1000000,827867.56
1709,lrange5,1000000,1282092.38
1710,lpush5,1000000,825240.94
1710,lrange5,1000000,1237742.50
1711,lpush5,1000000,828526.94
1711,lrange5,1000000,1292217.12
1712,lpush5,1000000,832786.00
1712,lrange5,1000000,1285408.75
1713,lpush5,1000000,831960.06
1713,lrange5,1000000,1292031.00
1714,lpush5,1000000,832039.94
1714,lrange5,1000000,1288680.38
1715,lpush5,1000000,823762.75
1715,lrange5,1000000,1293868.00
1716,lpush5,1000000,837762.12
1716,lrange5,1000000,1270668.38
1717,lpush5,1000000,831308.44
1717,lrange5,1000000,1177912.88
1718,lpush5,1000000,838290.06
1718,lrange5,1000000,1282174.38
1719,lpush5,1000000,827143.12
1719,lrange5,1000000,1228737.12
1720,lpush5,1000000,825922.38
1720,lrange5,1000000,1251624.50
1721,lpush5,1000000,832679.44
1721,lrange5,1000000,1258022.62
1722,lpush5,1000000,831335.00
1722,lrange5,1000000,1243900.50
1723,lpush5,1000000,835475.31
1723,lrange5,1000000,1290322.62
1724,lpush5,1000000,827222.50
1724,lrange5,1000000,1280471.12
1725,lpush5,1000000,833373.31
1725,lrange5,1000000,1233183.75
1726,lpush5,1000000,825816.69
1726,lrange5,1000000,1274048.38
1727,lpush5,1000000,825135.31
1727,lrange5,1000000,1292175.75
1728,lpush5,1000000,834791.38
1728,lrange5,1000000,1290405.25
1729,lpush5,1000000,832865.94
1729,lrange5,1000000,1297037.62
1730,lpush5,1000000,819053.25
1730,lrange5,1000000,1264222.50
1731,lpush5,1000000,831321.75
1731,lrange5,1000000,1277139.25
1732,lpush5,1000000,834804.69
1732,lrange5,1000000,1283717.62
1733,lpush5,1000000,831268.50
1733,lrange5,1000000,1295357.50
1734,lpush5,1000000,839684.31
1734,lrange5,1000000,1290425.88
1735,lpush5,1000000,834241.88
1735,lrange5,1000000,1293681.75
1736,lpush5,1000000,830684.38
1736,lrange5,1000000,1262646.50
1737,lpush5,1000000,829995.00
1737,lrange5,1000000,1278792.88
1738,lpush5,1000000,834791.38
1738,lrange5,1000000,1275551.00
1739,lpush5,1000000,824402.25
1739,lrange5,1000000,1280450.62
1740,lpush5,1000000,819027.06
1740,lrange5,1000000,1287186.62
1741,lpush5,1000000,826459.50
1741,lrange5,1000000,1282071.88
1742,lpush5,1000000,823097.94
1742,lrange5,1000000,1277466.12
1743,lpush5,1000000,831268.50
1743,lrange5,1000000,1259506.25
1744,lpush5,1000000,830657.81
1744,lrange5,1000000,1273905.75
1745,lpush5,1000000,821162.50
1745,lrange5,1000000,1285367.62
1746,lpush5,1000000,834898.19
1746,lrange5,1000000,1288721.62
1747,lpush5,1000000,820423.31
1747,lrange5,1000000,1287001.25
1748,lpush5,1000000,831401.50
1748,lrange5,1000000,1194934.25
1749,lpush5,1000000,835555.56
1749,lrange5,1000000,1277261.88
1750,lpush5,1000000,833399.94
1750,lrange5,1000000,1272285.00
1751,lpush5,1000000,833453.31
1751,lrange5,1000000,1297037.62
1752,lpush5,1000000,834778.00
1752,lrange5,1000000,1197968.88
1753,lpush5,1000000,827341.62
1753,lrange5,1000000,1295336.75
1754,lpush5,1000000,833466.62
1754,lrange5,1000000,1288659.75
1755,lpush5,1000000,834241.88
1755,lrange5,1000000,1278792.88
1756,lpush5,1000000,834081.75
1756,lrange5,1000000,1285347.00
1757,lpush5,1000000,829280.31
1757,lrange5,1000000,1277180.12
1758,lpush5,1000000,830564.81
1758,lrange5,1000000,1200537.75
1759,lpush5,1000000,829200.69
1759,lrange5,1000000,1256341.75
1760,lpush5,1000000,828553.44
1760,lrange5,1000000,1202000.00
1761,lpush5,1000000,834791.38
1761,lrange5,1000000,1269218.25
1762,lpush5,1000000,830564.81
1762,lrange5,1000000,1225607.88
1763,lpush5,1000000,833533.31
1763,lrange5,1000000,1285408.75
1764,lpush5,1000000,838451.00
1764,lrange5,1000000,1206620.00
1765,lpush5,1000000,837574.56
1765,lrange5,1000000,1222533.00
1766,lpush5,1000000,820436.44
1766,lrange5,1000000,1290363.88
1767,lpush5,1000000,838464.38
1767,lrange5,1000000,1262626.25
1768,lpush5,1000000,828672.75
1768,lrange5,1000000,1275551.00
1769,lpush5,1000000,823789.12
1769,lrange5,1000000,1293661.00
1770,lpush5,1000000,827867.56
1770,lrange5,1000000,1290487.75
1771,lpush5,1000000,834791.38
1771,lrange5,1000000,1292051.75
1772,lpush5,1000000,827235.75
1772,lrange5,1000000,1196459.25
1773,lpush5,1000000,832119.81
1773,lrange5,1000000,1291989.62
1774,lpush5,1000000,832652.81
1774,lrange5,1000000,1287289.50
1775,lpush5,1000000,829399.69
1775,lrange5,1000000,1285367.62
1776,lpush5,1000000,825843.12
1776,lrange5,1000000,1293847.38
1777,lpush5,1000000,821175.69
1777,lrange5,1000000,1203581.25
1778,lpush5,1000000,815204.56
1778,lrange5,1000000,1209209.12
1779,lpush5,1000000,829346.62
1779,lrange5,1000000,1270851.38
1780,lpush5,1000000,824468.25
1780,lrange5,1000000,1278772.38
1781,lpush5,1000000,829227.19
1781,lrange5,1000000,1261155.12
1782,lpush5,1000000,823045.25
1782,lrange5,1000000,1196440.12
1783,lpush5,1000000,839046.94
1783,lrange5,1000000,1190800.00
1784,lpush5,1000000,816444.06
1784,lrange5,1000000,1266065.75
1785,lpush5,1000000,831986.69
1785,lrange5,1000000,1183772.75
1786,lpush5,1000000,829941.88
1786,lrange5,1000000,1180769.75
1787,lpush5,1000000,821096.81
1787,lrange5,1000000,1264283.12
1788,lpush5,1000000,824534.19
1788,lrange5,1000000,1295502.62
1789,lpush5,1000000,823775.94
1789,lrange5,1000000,1210750.62
1790,lpush5,1000000,827973.56
1790,lrange5,1000000,1302125.00
1791,lpush5,1000000,843170.31
1791,lrange5,1000000,1282256.50
1792,lpush5,1000000,829320.06
1792,lrange5,1000000,1269157.38
1793,lpush5,1000000,828540.19
1793,lrange5,1000000,1262646.50
1794,lpush5,1000000,839805.19
1794,lrange5,1000000,1290322.62
1795,lpush5,1000000,832652.81
1795,lrange5,1000000,1285408.75
1796,lpush5,1000000,827341.62
1796,lrange5,1000000,1116428.50
1797,lpush5,1000000,836120.44
1797,lrange5,1000000,1293888.75
1798,lpush5,1000000,834121.75
1798,lrange5,1000000,1200902.75
1799,lpush5,1000000,832093.19
1799,lrange5,1000000,1210731.25
1800,lpush5,1000000,832652.81
1800,lrange5,1000000,1290425.88
1801,lpush5,1000000,834241.88
1801,lrange5,1000000,1295440.38
1802,lpush5,1000000,833373.31
1802,lrange5,1000000,1278915.62
1803,lpush5,1000000,832759.38
1803,lrange5,1000000,1251584.50
1804,lpush5,1000000,832799.38
1804,lrange5,1000000,1277200.50
1805,lpush5,1000000,835502.06
1805,lrange5,1000000,1293681.75
1806,lpush5,1000000,832106.50
1806,lrange5,1000000,1288659.75
1807,lpush5,1000000,824613.31
1807,lrange5,1000000,895326.75
1808,lpush5,1000000,834188.50
1808,lrange5,1000000,1287063.00
1809,lpush5,1000000,824573.75
1809,lrange5,1000000,1265863.25
1810,lpush5,1000000,827907.31
1810,lrange5,1000000,1290343.25
1811,lpush5,1000000,830697.69
1811,lrange5,1000000,1200749.12
1812,lpush5,1000000,833466.62
1812,lrange5,1000000,1223990.25
1813,lpush5,1000000,823762.75
1813,lrange5,1000000,1283738.12
1814,lpush5,1000000,825148.50
1814,lrange5,1000000,1202019.25
1815,lpush5,1000000,840443.69
1815,lrange5,1000000,1197700.62
1816,lpush5,1000000,832026.62
1816,lrange5,1000000,1253173.00
1817,lpush5,1000000,832053.25
1817,lrange5,1000000,1180864.25
1818,lpush5,1000000,826499.12
1818,lrange5,1000000,1123721.38
1819,lpush5,1000000,832146.44
1819,lrange5,1000000,1280409.75
1820,lpush5,1000000,834108.44
1820,lrange5,1000000,1186353.50
1821,lpush5,1000000,823815.50
1821,lrange5,1000000,1202307.62
1822,lpush5,1000000,824507.81
1822,lrange5,1000000,1270851.38
1823,lpush5,1000000,839805.19
1823,lrange5,1000000,1288762.88
1824,lpush5,1000000,834791.38
1824,lrange5,1000000,1290529.12
1825,lpush5,1000000,825777.06
1825,lrange5,1000000,1290322.62
1826,lpush5,1000000,829373.12
1826,lrange5,1000000,1292093.00
1827,lpush5,1000000,834818.06
1827,lrange5,1000000,1224029.38
1828,lpush5,1000000,836120.44
1828,lrange5,1000000,1187781.50
1829,lpush5,1000000,834724.56
1829,lrange5,1000000,1285511.62
1830,lpush5,1000000,833413.31
1830,lrange5,1000000,1195029.88
1831,lpush5,1000000,824547.38
1831,lrange5,1000000,1287248.38
1832,lpush5,1000000,832706.12
1832,lrange5,1000000,1196325.38
1833,lpush5,1000000,828513.69
1833,lrange5,1000000,1292134.38
1834,lpush5,1000000,841204.38
1834,lrange5,1000000,1278895.12
1835,lpush5,1000000,830008.25
1835,lrange5,1000000,1290467.12
1836,lpush5,1000000,830048.12
1836,lrange5,1000000,1290343.25
1837,lpush5,1000000,823802.31
1837,lrange5,1000000,1280409.75
1838,lpush5,1000000,832053.25
1838,lrange5,1000000,1194972.50
1839,lpush5,1000000,828039.75
1839,lrange5,1000000,1237782.12
1840,lpush5,1000000,834724.56
1840,lrange5,1000000,1283697.12
1841,lpush5,1000000,832652.81
1841,lrange5,1000000,1290487.75
1842,lpush5,1000000,826591.69
1842,lrange5,1000000,1240694.75
1843,lpush5,1000000,835542.19
1843,lrange5,1000000,1257922.00
1844,lpush5,1000000,834081.75
1844,lrange5,1000000,1180826.50
1845,lpush5,1000000,827169.56
1845,lrange5,1000000,1292031.00
1846,lpush5,1000000,843278.25
1846,lrange5,1000000,1285408.75
1847,lpush5,1000000,830578.06
1847,lrange5,1000000,1288721.62
1848,lpush5,1000000,829227.19
1848,lrange5,1000000,1290343.25
1849,lpush5,1000000,826604.94
1849,lrange5,1000000,1278813.25
1850,lpush5,1000000,838410.75
1850,lrange5,1000000,1272325.62
1851,lpush5,1000000,830048.12
1851,lrange5,1000000,1237623.75
1852,lpush5,1000000,831468.06
1852,lrange5,1000000,1269137.12
1853,lpush5,1000000,833346.62
1853,lrange5,1000000,1292051.75
1854,lpush5,1000000,833413.31
1854,lrange5,1000000,1290343.25
1855,lpush5,1000000,834041.69
1855,lrange5,1000000,1278833.75
1856,lpush5,1000000,821758.44
1856,lrange5,1000000,1287063.00
1857,lpush5,1000000,832066.56
1857,lrange5,1000000,1287083.62
1858,lpush5,1000000,836820.06
1858,lrange5,1000000,1199386.12
1859,lpush5,1000000,832026.62
1859,lrange5,1000000,1202307.62
1860,lpush5,1000000,834175.12
1860,lrange5,1000000,1270790.38
1861,lpush5,1000000,823163.75
1861,lrange5,1000000,1193699.25
1862,lpush5,1000000,830604.62
1862,lrange5,1000000,1261114.75
1863,lpush5,1000000,818540.12
1863,lrange5,1000000,1275632.62
1864,lpush5,1000000,835462.00
1864,lrange5,1000000,1288866.00
1865,lpush5,1000000,825293.75
1865,lrange5,1000000,1264222.50
1866,lpush5,1000000,840349.56
1866,lrange5,1000000,1248539.38
1867,lpush5,1000000,840470.56
1867,lrange5,1000000,1262727.25
1868,lpush5,1000000,837748.75
1868,lrange5,1000000,1290529.12
1869,lpush5,1000000,846199.62
1869,lrange5,1000000,1287021.88
1870,lpush5,1000000,832786.00
1870,lrange5,1000000,1288680.38
1871,lpush5,1000000,836133.81
1871,lrange5,1000000,1282174.38
1872,lpush5,1000000,837547.75
1872,lrange5,1000000,1290343.25
1873,lpush5,1000000,819105.69
1873,lrange5,1000000,1250000.00
1874,lpush5,1000000,826499.12
1874,lrange5,1000000,1194762.25
1875,lpush5,1000000,825135.31
1875,lrange5,1000000,1290446.50
1876,lpush5,1000000,835582.25
1876,lrange5,1000000,1285388.12
1877,lpush5,1000000,836173.94
1877,lrange5,1000000,1283840.88
1878,lpush5,1000000,836160.56
1878,lrange5,1000000,1184928.88
1879,lpush5,1000000,828540.19
1879,lrange5,1000000,1287042.50
1880,lpush5,1000000,835448.62
1880,lrange5,1000000,1280532.62
1881,lpush5,1000000,825122.12
1881,lrange5,1000000,1290343.25
1882,lpush5,1000000,837587.94
1882,lrange5,1000000,1250080.00
1883,lpush5,1000000,832652.81
1883,lrange5,1000000,1180807.50
1884,lpush5,1000000,836214.06
1884,lrange5,1000000,1285511.62
1885,lpush5,1000000,832746.06
1885,lrange5,1000000,1245369.88
1886,lpush5,1000000,837561.12
1886,lrange5,1000000,1283697.12
1887,lpush5,1000000,832679.44
1887,lrange5,1000000,1285367.62
1888,lpush5,1000000,831946.75
1888,lrange5,1000000,1190685.75
1889,lpush5,1000000,832079.88
1889,lrange5,1000000,1290405.25
1890,lpush5,1000000,829240.50
1890,lrange5,1000000,1282338.50
1891,lpush5,1000000,835475.31
1891,lrange5,1000000,1283902.50
1892,lpush5,1000000,828553.44
1892,lrange5,1000000,1261034.12
1893,lpush5,1000000,844003.44
1893,lrange5,1000000,1262727.25
1894,lpush5,1000000,830578.06
1894,lrange5,1000000,1278956.50
1895,lpush5,1000000,840389.88
1895,lrange5,1000000,1197758.12
1896,lpush5,1000000,843224.31
1896,lrange5,1000000,1182260.00
1897,lpush5,1000000,838223.00
1897,lrange5,1000000,1203369.50
1898,lpush5,1000000,839858.94
1898,lrange5,1000000,1246882.88
1899,lpush5,1000000,831255.25
1899,lrange5,1000000,1290322.62
1900,lpush5,1000000,840537.75
1900,lrange5,1000000,1230012.25
1901,lpush5,1000000,836214.06
1901,lrange5,1000000,1272264.62
1902,lpush5,1000000,834081.75
1902,lrange5,1000000,1285532.12
1903,lpush5,1000000,837681.75
1903,lrange5,1000000,1261034.12
1904,lpush5,1000000,831960.06
1904,lrange5,1000000,1251744.62
1905,lpush5,1000000,840349.56
1905,lrange5,1000000,1269055.88
1906,lpush5,1000000,834081.75
1906,lrange5,1000000,1278915.62
1907,lpush5,1000000,834215.19
1907,lrange5,1000000,1200691.50
1908,lpush5,1000000,834201.81
1908,lrange5,1000000,1282051.38
1909,lpush5,1000000,834804.69
1909,lrange5,1000000,1290446.50
1910,lpush5,1000000,832692.75
1910,lrange5,1000000,1272447.88
1911,lpush5,1000000,831308.44
1911,lrange5,1000000,1291989.62
1912,lpush5,1000000,826578.50
1912,lrange5,1000000,1259445.75
1913,lpush5,1000000,823097.94
1913,lrange5,1000000,1270688.75
1914,lpush5,1000000,831960.06
1914,lrange5,1000000,1283758.75
1915,lpush5,1000000,831986.69
1915,lrange5,1000000,1190514.38
1916,lpush5,1000000,832652.81
1916,lrange5,1000000,1264343.88
1917,lpush5,1000000,834858.12
1917,lrange5,1000000,1205012.12
1918,lpush5,1000000,825280.50
1918,lrange5,1000000,1265843.00
1919,lpush5,1000000,827341.62
1919,lrange5,1000000,1277180.12
1920,lpush5,1000000,835568.88
1920,lrange5,1000000,1278874.62
1921,lpush5,1000000,836160.56
1921,lrange5,1000000,1298971.50
1922,lpush5,1000000,832066.56
1922,lrange5,1000000,1248519.38
1923,lpush5,1000000,831960.06
1923,lrange5,1000000,1205069.88
1924,lpush5,1000000,834255.19
1924,lrange5,1000000,1283840.88
1925,lpush5,1000000,829187.44
1925,lrange5,1000000,1243781.12
1926,lpush5,1000000,829399.69
1926,lrange5,1000000,1288701.00
1927,lpush5,1000000,836160.56
1927,lrange5,1000000,1280471.12
1928,lpush5,1000000,831494.62
1928,lrange5,1000000,1293661.00
1929,lpush5,1000000,828500.38
1929,lrange5,1000000,1239236.75
1930,lpush5,1000000,825777.06
1930,lrange5,1000000,1278772.38
1931,lpush5,1000000,836120.44
1931,lrange5,1000000,1290322.62
1932,lpush5,1000000,823071.56
1932,lrange5,1000000,1245389.88
1933,lpush5,1000000,838397.38
1933,lrange5,1000000,1287042.50
1934,lpush5,1000000,826565.25
1934,lrange5,1000000,1203446.50
1935,lpush5,1000000,839684.31
1935,lrange5,1000000,1264343.88
1936,lpush5,1000000,831255.25
1936,lrange5,1000000,1297203.62
1937,lpush5,1000000,834858.12
1937,lrange5,1000000,1288659.75
1938,lpush5,1000000,834724.56
1938,lrange5,1000000,1280573.62
1939,lpush5,1000000,830617.94
1939,lrange5,1000000,1282051.38
1940,lpush5,1000000,826499.12
1940,lrange5,1000000,1287021.88
1941,lpush5,1000000,829227.19
1941,lrange5,1000000,1290363.88
1942,lpush5,1000000,832000.00
1942,lrange5,1000000,1290425.88
1943,lpush5,1000000,840336.12
1943,lrange5,1000000,1250140.00
1944,lpush5,1000000,836887.00
1944,lrange5,1000000,1254765.38
1945,lpush5,1000000,844621.62
1945,lrange5,1000000,1194972.50
1946,lpush5,1000000,823934.12
1946,lrange5,1000000,1277261.88
1947,lpush5,1000000,827156.31
1947,lrange5,1000000,1270749.62
1948,lpush5,1000000,829875.50
1948,lrange5,1000000,1186372.50
1949,lpush5,1000000,835435.25
1949,lrange5,1000000,1200768.25
1950,lpush5,1000000,836860.19
1950,lrange5,1000000,1275530.62
1951,lpush5,1000000,839657.44
1951,lrange5,1000000,1293785.25
1952,lpush5,1000000,830021.56
1952,lrange5,1000000,1297037.62
1953,lpush5,1000000,834215.19
1953,lrange5,1000000,1277139.25
1954,lpush5,1000000,820528.31
1954,lrange5,1000000,1224009.88
1955,lpush5,1000000,838276.62
1955,lrange5,1000000,1298909.12
1956,lpush5,1000000,821070.56
1956,lrange5,1000000,1287124.88
1957,lpush5,1000000,825188.12
1957,lrange5,1000000,1288824.75
1958,lpush5,1000000,825803.50
1958,lrange5,1000000,1216622.88
1959,lpush5,1000000,833373.31
1959,lrange5,1000000,1290322.62
1960,lpush5,1000000,836173.94
1960,lrange5,1000000,1266005.00
1961,lpush5,1000000,834148.44
1961,lrange5,1000000,1259466.00
1962,lpush5,1000000,830737.56
1962,lrange5,1000000,1240873.50
1963,lpush5,1000000,835502.06
1963,lrange5,1000000,1269055.88
1964,lpush5,1000000,834844.75
1964,lrange5,1000000,1280635.00
1965,lpush5,1000000,844716.19
1965,lrange5,1000000,1295502.62
1966,lpush5,1000000,830604.62
1966,lrange5,1000000,1272325.62
1967,lpush5,1000000,834724.56
1967,lrange5,1000000,1290343.25
1968,lpush5,1000000,830591.38
1968,lrange5,1000000,1272285.00
1969,lpush5,1000000,826591.69
1969,lrange5,1000000,1288804.12
1970,lpush5,1000000,836860.19
1970,lrange5,1000000,1288845.38
1971,lpush5,1000000,839644.00
1971,lrange5,1000000,1290322.62
1972,lpush5,1000000,828579.94
1972,lrange5,1000000,1275591.88
1973,lpush5,1000000,829253.75
1973,lrange5,1000000,1225529.38
1974,lpush5,1000000,830101.19
1974,lrange5,1000000,1267650.25
1975,lpush5,1000000,827827.88
1975,lrange5,1000000,1277343.62
1976,lpush5,1000000,836940.56
1976,lrange5,1000000,1230209.12
1977,lpush5,1000000,823071.56
1977,lrange5,1000000,1267488.00
1978,lpush5,1000000,821745.25
1978,lrange5,1000000,1193355.62
1979,lpush5,1000000,829240.50
1979,lrange5,1000000,1290467.12
1980,lpush5,1000000,832759.38
1980,lrange5,1000000,1251604.50
1981,lpush5,1000000,828553.44
1981,lrange5,1000000,1278956.50
1982,lpush5,1000000,825829.94
1982,lrange5,1000000,1264343.88
1983,lpush5,1000000,827854.31
1983,lrange5,1000000,1262787.88
1984,lpush5,1000000,828500.38
1984,lrange5,1000000,1275693.88
1985,lpush5,1000000,837587.94
1985,lrange5,1000000,1290363.88
1986,lpush5,1000000,829333.38
1986,lrange5,1000000,1189288.88
1987,lpush5,1000000,840389.88
1987,lrange5,1000000,1267528.50
1988,lpush5,1000000,822434.25
1988,lrange5,1000000,1292051.75
1989,lpush5,1000000,833466.62
1989,lrange5,1000000,1292010.38
1990,lpush5,1000000,827880.81
1990,lrange5,1000000,1290363.88
1991,lpush5,1000000,831295.12
1991,lrange5,1000000,1280409.75
1992,lpush5,1000000,821096.81
1992,lrange5,1000000,1283738.12
1993,lpush5,1000000,834081.75
1993,lrange5,1000000,1288659.75
1994,lpush5,1000000,817019.62
1994,lrange5,1000000,1285491.00
1995,lpush5,1000000,824507.81
1995,lrange5,1000000,1272508.88
1996,lpush5,1000000,843318.75
1996,lrange5,1000000,1242375.12
1997,lpush5,1000000,835435.25
1997,lrange5,1000000,1283697.12
1998,lpush5,1000000,831414.81
1998,lrange5,1000000,1290343.25
1999,lpush5,1000000,840416.75
1999,lrange5,1000000,1266086.00
2000,lpush5,1000000,836833.44
2000,lrange5,1000000,1196421.00
