trial,operation,requests,rps
1,lpush5,1000000,524142.56
1,lrange5,1000000,1121112.12
2,lpush5,1000000,821070.56
2,lrange5,1000000,1287186.62
3,lpush5,1000000,827341.62
3,lrange5,1000000,1287063.00
4,lpush5,1000000,818343.69
4,lrange5,1000000,821784.69
5,lpush5,1000000,560358.56
5,lrange5,1000000,1292155.00
6,lpush5,1000000,823071.56
6,lrange5,1000000,1288742.25
7,lpush5,1000000,829995.00
7,lrange5,1000000,1199040.75
8,lpush5,1000000,822381.62
8,lrange5,1000000,1265924.00
9,lpush5,1000000,836820.06
9,lrange5,1000000,1251584.50
10,lpush5,1000000,822473.69
10,lrange5,1000000,1245350.00
11,lpush5,1000000,820397.06
11,lrange5,1000000,1287104.25
12,lpush5,1000000,830724.25
12,lrange5,1000000,1197604.88
13,lpush5,1000000,832786.00
13,lrange5,1000000,1196535.88
14,lpush5,1000000,826552.06
14,lrange5,1000000,1200902.75
15,lpush5,1000000,826512.38
15,lrange5,1000000,1176771.75
16,lpush5,1000000,832692.75
16,lrange5,1000000,1256281.38
17,lpush5,1000000,823723.25
17,lrange5,1000000,1292093.00
18,lpush5,1000000,817674.56
18,lrange5,1000000,1292072.38
19,lpush5,1000000,816470.19
19,lrange5,1000000,1233203.50
20,lpush5,1000000,831308.44
20,lrange5,1000000,1187876.50
21,lpush5,1000000,816444.06
21,lrange5,1000000,1242255.88
22,lpush5,1000000,829875.50
22,lrange5,1000000,1291989.62
23,lpush5,1000000,828553.44
23,lrange5,1000000,1256281.38
24,lpush5,1000000,821719.00
24,lrange5,1000000,1264404.50
25,lpush5,1000000,823775.94
25,lrange5,1000000,1283861.38
26,lpush5,1000000,821136.25
26,lrange5,1000000,1192047.75
27,lpush5,1000000,823045.25
27,lrange5,1000000,1270871.62
28,lpush5,1000000,827235.75
28,lrange5,1000000,1288845.38
29,lpush5,1000000,824441.81
29,lrange5,1000000,827156.31
30,lpush5,1000000,515738.00
30,lrange5,1000000,817111.12
31,lpush5,1000000,626344.38
31,lrange5,1000000,1277302.75
32,lpush5,1000000,825135.31
32,lrange5,1000000,1226993.88
33,lpush5,1000000,824521.00
33,lrange5,1000000,1277139.25
34,lpush5,1000000,819881.94
34,lrange5,1000000,1259445.75
35,lpush5,1000000,821929.31
35,lrange5,1000000,1288680.38
36,lpush5,1000000,827182.81
36,lrange5,1000000,1280471.12
37,lpush5,1000000,829928.62
37,lrange5,1000000,1293847.38
38,lpush5,1000000,828513.69
38,lrange5,1000000,1287001.25
39,lpush5,1000000,821784.69
39,lrange5,1000000,1293806.00
40,lpush5,1000000,826485.94
40,lrange5,1000000,1261175.25
41,lpush5,1000000,823097.94
41,lrange5,1000000,1295502.62
42,lpush5,1000000,825882.75
42,lrange5,1000000,1288762.88
43,lpush5,1000000,820370.81
43,lrange5,1000000,1246982.62
44,lpush5,1000000,825135.31
44,lrange5,1000000,1264242.75
45,lpush5,1000000,825201.31
45,lrange5,1000000,1243960.12
46,lpush5,1000000,843318.75
46,lrange5,1000000,1282215.38
47,lpush5,1000000,829240.50
47,lrange5,1000000,1298888.38
48,lpush5,1000000,827209.25
48,lrange5,1000000,1248619.25
49,lpush5,1000000,831335.00
49,lrange5,1000000,1202173.00
50,lpush5,1000000,827814.62
50,lrange5,1000000,1234725.88
51,lpush5,1000000,825922.38
51,lrange5,1000000,1290529.12
52,lpush5,1000000,825882.75
52,lrange5,1000000,1287021.88
53,lpush5,1000000,823828.69
53,lrange5,1000000,1293702.50
54,lpush5,1000000,821228.19
54,lrange5,1000000,1212179.38
55,lpush5,1000000,829902.06
55,lrange5,1000000,1254805.50
56,lpush5,1000000,825843.12
56,lrange5,1000000,1200633.88
57,lpush5,1000000,826485.94
57,lrange5,1000000,1292010.38
58,lpush5,1000000,826525.62
58,lrange5,1000000,1282071.88
59,lpush5,1000000,823045.25
59,lrange5,1000000,1285532.12
60,lpush5,1000000,823058.44
60,lrange5,1000000,1292237.75
61,lpush5,1000000,823828.69
61,lrange5,1000000,1194991.62
62,lpush5,1000000,828593.19
62,lrange5,1000000,1248639.25
63,lpush5,1000000,829240.50
63,lrange5,1000000,1203542.75
64,lpush5,1000000,828500.38
64,lrange5,1000000,1199079.12
65,lpush5,1000000,822381.62
65,lrange5,1000000,1204935.00
66,lpush5,1000000,829968.44
66,lrange5,1000000,1288659.75
67,lpush5,1000000,825188.12
67,lrange5,1000000,1269177.62
68,lpush5,1000000,821123.12
68,lrange5,1000000,1200825.88
69,lpush5,1000000,825816.69
69,lrange5,1000000,1282051.38
70,lpush5,1000000,819737.69
70,lrange5,1000000,1285408.75
71,lpush5,1000000,822552.69
71,lrange5,1000000,1245369.88
72,lpush5,1000000,831281.81
72,lrange5,1000000,1269076.12
73,lpush5,1000000,822500.00
73,lrange5,1000000,1287083.62
74,lpush5,1000000,822421.06
74,lrange5,1000000,1242395.00
75,lpush5,1000000,823855.06
75,lrange5,1000000,1280512.12
76,lpush5,1000000,825816.69
76,lrange5,1000000,1270648.00
77,lpush5,1000000,827222.50
77,lrange5,1000000,1285491.00
78,lpush5,1000000,832079.88
78,lrange5,1000000,1196497.62
79,lpush5,1000000,815048.06
79,lrange5,1000000,1197739.00
80,lpush5,1000000,819803.25
80,lrange5,1000000,1277139.25
81,lpush5,1000000,820515.19
81,lrange5,1000000,1117693.88
82,lpush5,1000000,828686.00
82,lrange5,1000000,1254725.25
83,lpush5,1000000,823045.25
83,lrange5,1000000,1292134.38
84,lpush5,1000000,818343.69
84,lrange5,1000000,1278915.62
85,lpush5,1000000,825922.38
85,lrange5,1000000,1265863.25
86,lpush5,1000000,825803.50
86,lrange5,1000000,1245509.38
87,lpush5,1000000,828739.00
87,lrange5,1000000,1251744.62
88,lpush5,1000000,823841.88
88,lrange5,1000000,1253132.88
89,lpush5,1000000,831946.75
89,lrange5,1000000,1270810.62
90,lpush5,1000000,827249.00
90,lrange5,1000000,1290363.88
91,lpush5,1000000,821876.75
91,lrange5,1000000,1283861.38
92,lpush5,1000000,819013.94
92,lrange5,1000000,1163013.88
93,lpush5,1000000,823058.44
93,lrange5,1000000,1186467.38
94,lpush5,1000000,834081.75
94,lrange5,1000000,1243880.62
95,lpush5,1000000,833519.94
95,lrange5,1000000,1190800.00
96,lpush5,1000000,823058.44
96,lrange5,1000000,1250080.00
97,lpush5,1000000,830644.50
97,lrange5,1000000,1277159.62
98,lpush5,1000000,819000.88
98,lrange5,1000000,1245469.50
99,lpush5,1000000,823894.56
99,lrange5,1000000,1274068.75
100,lpush5,1000000,837654.94
100,lrange5,1000000,1246942.62
101,lpush5,1000000,825254.12
101,lrange5,1000000,1187876.50
102,lpush5,1000000,839020.12
102,lrange5,1000000,1213631.12
103,lpush5,1000000,828553.44
103,lrange5,1000000,1251864.75
104,lpush5,1000000,816535.50
104,lrange5,1000000,1197777.25
105,lpush5,1000000,823723.25
105,lrange5,1000000,1267447.50
106,lpush5,1000000,825763.88
106,lrange5,1000000,1267427.12
107,lpush5,1000000,821070.56
107,lrange5,1000000,1242355.25
108,lpush5,1000000,821123.12
108,lrange5,1000000,1257881.75
109,lpush5,1000000,824415.44
109,lrange5,1000000,1278813.25
110,lpush5,1000000,826631.38
110,lrange5,1000000,958007.62
111,lpush5,1000000,831414.81
111,lrange5,1000000,1199117.50
112,lpush5,1000000,825254.12
112,lrange5,1000000,1240714.62
113,lpush5,1000000,826472.69
113,lrange5,1000000,1275673.50
114,lpush5,1000000,829187.44
114,lrange5,1000000,1290425.88
115,lpush5,1000000,828500.38
115,lrange5,1000000,1236311.50
116,lpush5,1000000,817870.75
116,lrange5,1000000,1261034.12
117,lpush5,1000000,817137.25
117,lrange5,1000000,1270648.00
118,lpush5,1000000,827262.19
118,lrange5,1000000,1293743.88
119,lpush5,1000000,827156.31
119,lrange5,1000000,1189193.75
120,lpush5,1000000,821188.81
120,lrange5,1000000,998259.50
121,lpush5,1000000,829187.44
121,lrange5,1000000,1261034.12
122,lpush5,1000000,823907.75
122,lrange5,1000000,1275673.50
123,lpush5,1000000,832066.56
123,lrange5,1000000,1278936.00
124,lpush5,1000000,836227.44
124,lrange5,1000000,1293868.00
125,lpush5,1000000,823229.62
125,lrange5,1000000,1192047.75
126,lpush5,1000000,825803.50
126,lrange5,1000000,1196612.38
127,lpush5,1000000,824573.75
127,lrange5,1000000,1290343.25
128,lpush5,1000000,831361.62
128,lrange5,1000000,1201923.00
129,lpush5,1000000,834778.00
129,lrange5,1000000,1193489.25
130,lpush5,1000000,819685.25
130,lrange5,1000000,1278792.88
131,lpush5,1000000,815699.88
131,lrange5,1000000,1288701.00
132,lpush5,1000000,828000.06
132,lrange5,1000000,1283902.50
133,lpush5,1000000,828619.69
133,lrange5,1000000,1250140.00
134,lpush5,1000000,827235.75
134,lrange5,1000000,1192143.00
135,lpush5,1000000,819724.56
135,lrange5,1000000,1288701.00
136,lpush5,1000000,829200.69
136,lrange5,1000000,1176583.50
137,lpush5,1000000,823216.44
137,lrange5,1000000,1206427.00
138,lpush5,1000000,825988.44
138,lrange5,1000000,1278792.88
139,lpush5,1000000,824415.44
139,lrange5,1000000,1265944.25
140,lpush5,1000000,824639.69
140,lrange5,1000000,1277159.62
141,lpush5,1000000,823216.44
141,lrange5,1000000,1200633.88
142,lpush5,1000000,825306.94
142,lrange5,1000000,1230169.75
143,lpush5,1000000,823111.06
143,lrange5,1000000,1274028.00
144,lpush5,1000000,831348.31
144,lrange5,1000000,1196421.00
145,lpush5,1000000,829346.62
145,lrange5,1000000,1189250.88
146,lpush5,1000000,827209.25
146,lrange5,1000000,1203619.75
147,lpush5,1000000,830101.19
147,lrange5,1000000,1282112.88
148,lpush5,1000000,823723.25
148,lrange5,1000000,1261034.12
149,lpush5,1000000,826512.38
149,lrange5,1000000,1262686.88
150,lpush5,1000000,834175.12
150,lrange5,1000000,1282236.00
151,lpush5,1000000,823097.94
151,lrange5,1000000,1199040.75
152,lpush5,1000000,819672.12
152,lrange5,1000000,1285449.88
153,lpush5,1000000,825095.69
153,lrange5,1000000,1254705.12
154,lpush5,1000000,821096.81
154,lrange5,1000000,1290508.38
155,lpush5,1000000,830578.06
155,lrange5,1000000,1288824.75
156,lpush5,1000000,811818.19
156,lrange5,1000000,1288659.75
157,lpush5,1000000,825829.94
157,lrange5,1000000,1191933.25
158,lpush5,1000000,824402.25
158,lrange5,1000000,1270668.38
159,lpush5,1000000,829293.56
159,lrange5,1000000,1198007.25
160,lpush5,1000000,826512.38
160,lrange5,1000000,1200672.25
161,lpush5,1000000,829888.75
161,lrange5,1000000,1237702.88
162,lpush5,1000000,819171.19
162,lrange5,1000000,1262727.25
163,lpush5,1000000,833466.62
163,lrange5,1000000,1019710.50
164,lpush5,1000000,823841.88
164,lrange5,1000000,1275653.12
165,lpush5,1000000,829359.88
165,lrange5,1000000,1275551.00
166,lpush5,1000000,825082.50
166,lrange5,1000000,1287042.50
167,lpush5,1000000,833546.62
167,lrange5,1000000,1285511.62
168,lpush5,1000000,828646.19
168,lrange5,1000000,1197892.25
169,lpush5,1000000,829333.38
169,lrange5,1000000,1174047.00
170,lpush5,1000000,824481.44
170,lrange5,1000000,1194838.75
171,lpush5,1000000,831960.06
171,lrange5,1000000,1189384.00
172,lpush5,1000000,836846.81
172,lrange5,1000000,1287166.00
173,lpush5,1000000,826512.38
173,lrange5,1000000,1228619.12
174,lpush5,1000000,828725.75
174,lrange5,1000000,1222513.38
175,lpush5,1000000,831295.12
175,lrange5,1000000,1190857.12
176,lpush5,1000000,821705.81
176,lrange5,1000000,1283717.62
177,lpush5,1000000,834028.38
177,lrange5,1000000,1280491.62
178,lpush5,1000000,828646.19
178,lrange5,1000000,1196459.25
179,lpush5,1000000,821745.25
179,lrange5,1000000,1248499.38
180,lpush5,1000000,818330.62
180,lrange5,1000000,1283717.62
181,lpush5,1000000,827196.06
181,lrange5,1000000,1259647.25
182,lpush5,1000000,836227.44
182,lrange5,1000000,1199251.75
183,lpush5,1000000,827129.88
183,lrange5,1000000,1272468.12
184,lpush5,1000000,822407.94
184,lrange5,1000000,1200633.88
185,lpush5,1000000,819079.50
185,lrange5,1000000,1247062.38
186,lpush5,1000000,833479.94
186,lrange5,1000000,1274028.00
187,lpush5,1000000,833386.62
187,lrange5,1000000,1280553.12
188,lpush5,1000000,828739.00
188,lrange5,1000000,1193565.62
189,lpush5,1000000,825922.38
189,lrange5,1000000,1259607.00
190,lpush5,1000000,823723.25
190,lrange5,1000000,1250000.00
191,lpush5,1000000,823216.44
191,lrange5,1000000,1282194.88
192,lpush5,1000000,836160.56
192,lrange5,1000000,1292175.75
193,lpush5,1000000,832692.75
193,lrange5,1000000,1265843.00
194,lpush5,1000000,825095.69
194,lrange5,1000000,1283758.75
195,lpush5,1000000,827841.12
195,lrange5,1000000,1200480.12
196,lpush5,1000000,823163.75
196,lrange5,1000000,1291989.62
197,lpush5,1000000,825763.88
197,lrange5,1000000,1270729.38
198,lpush5,1000000,818540.12
198,lrange5,1000000,1288742.25
199,lpush5,1000000,827827.88
199,lrange5,1000000,1290384.50
200,lpush5,1000000,827129.88
200,lrange5,1000000,1188028.50
201,lpush5,1000000,815686.81
201,lrange5,1000000,1231546.88
202,lpush5,1000000,824455.00
202,lrange5,1000000,1236192.75
203,lpush5,1000000,825161.69
203,lrange5,1000000,1273905.75
204,lpush5,1000000,824547.38
204,lrange5,1000000,1269055.88
205,lpush5,1000000,821797.88
205,lrange5,1000000,1272305.38
206,lpush5,1000000,826538.81
206,lrange5,1000000,1290363.88
207,lpush5,1000000,817176.50
207,lrange5,1000000,1290508.38
208,lpush5,1000000,819698.31
208,lrange5,1000000,1269157.38
209,lpush5,1000000,823775.94
209,lrange5,1000000,1253233.12
210,lpush5,1000000,823071.56
210,lrange5,1000000,1254905.88
211,lpush5,1000000,814449.50
211,lrange5,1000000,1172389.25
212,lpush5,1000000,822381.62
212,lrange5,1000000,1280471.12
213,lpush5,1000000,813734.75
213,lrange5,1000000,1290487.75
214,lpush5,1000000,830087.94
214,lrange5,1000000,1290425.88
215,lpush5,1000000,833439.94
215,lrange5,1000000,1242414.88
216,lpush5,1000000,831361.62
216,lrange5,1000000,1199290.12
217,lpush5,1000000,820410.19
217,lrange5,1000000,1192295.62
218,lpush5,1000000,826552.06
218,lrange5,1000000,1193546.50
219,lpush5,1000000,826472.69
219,lrange5,1000000,1187933.50
220,lpush5,1000000,825108.88
220,lrange5,1000000,1197624.00
221,lpush5,1000000,824415.44
221,lrange5,1000000,1250080.00
222,lpush5,1000000,840336.12
222,lrange5,1000000,1282112.88
223,lpush5,1000000,820528.31
223,lrange5,1000000,1246882.88
224,lpush5,1000000,826459.50
224,lrange5,1000000,1206639.38
225,lpush5,1000000,827867.56
225,lrange5,1000000,1278772.38
226,lpush5,1000000,827907.31
226,lrange5,1000000,1202211.50
227,lpush5,1000000,832013.31
227,lrange5,1000000,1290363.88
228,lpush5,1000000,832692.75
228,lrange5,1000000,1277159.62
229,lpush5,1000000,822421.06
229,lrange5,1000000,1197662.25
230,lpush5,1000000,828672.75
230,lrange5,1000000,1285573.25
231,lpush5,1000000,829320.06
231,lrange5,1000000,1262646.50
232,lpush5,1000000,819672.12
232,lrange5,1000000,1264222.50
233,lpush5,1000000,821784.69
233,lrange5,1000000,1246882.88
234,lpush5,1000000,824586.94
234,lrange5,1000000,1182335.62
235,lpush5,1000000,827880.81
235,lrange5,1000000,1267589.38
236,lpush5,1000000,824534.19
236,lrange5,1000000,1277486.62
237,lpush5,1000000,836294.31
237,lrange5,1000000,1225568.62
238,lpush5,1000000,823947.31
238,lrange5,1000000,1290425.88
239,lpush5,1000000,822407.94
239,lrange5,1000000,1259546.50
240,lpush5,1000000,817661.44
240,lrange5,1000000,1285449.88
241,lpush5,1000000,832692.75
241,lrange5,1000000,1262787.88
242,lpush5,1000000,820383.94
242,lrange5,1000000,1239177.25
243,lpush5,1000000,829875.50
243,lrange5,1000000,1292093.00
244,lpush5,1000000,824415.44
244,lrange5,1000000,1197758.12
245,lpush5,1000000,827947.06
245,lrange5,1000000,1293826.62
246,lpush5,1000000,827275.44
246,lrange5,1000000,1261235.88
247,lpush5,1000000,828712.50
247,lrange5,1000000,1205185.62
248,lpush5,1000000,817805.38
248,lrange5,1000000,1282277.00
249,lpush5,1000000,829386.44
249,lrange5,1000000,1190666.75
250,lpush5,1000000,819053.25
250,lrange5,1000000,1282051.38
251,lpush5,1000000,827867.56
251,lrange5,1000000,1186581.25
252,lpush5,1000000,827880.81
252,lrange5,1000000,1190857.12
253,lpush5,1000000,837574.56
253,lrange5,1000000,1205166.25
254,lpush5,1000000,820344.56
254,lrange5,1000000,1250000.00
255,lpush5,1000000,835435.25
255,lrange5,1000000,1265863.25
256,lpush5,1000000,830564.81
256,lrange5,1000000,1267447.50
257,lpush5,1000000,828672.75
257,lrange5,1000000,1287042.50
258,lpush5,1000000,826565.25
258,lrange5,1000000,1278772.38
259,lpush5,1000000,822407.94
259,lrange5,1000000,1288701.00
260,lpush5,1000000,820397.06
260,lrange5,1000000,1270688.75
261,lpush5,1000000,827182.81
261,lrange5,1000000,1265964.50
262,lpush5,1000000,821719.00
262,lrange5,1000000,1285388.12
263,lpush5,1000000,829412.94
263,lrange5,1000000,1282215.38
264,lpush5,1000000,825135.31
264,lrange5,1000000,1204992.75
265,lpush5,1000000,823150.62
265,lrange5,1000000,1129011.38
266,lpush5,1000000,820515.19
266,lrange5,1000000,1182316.75
267,lpush5,1000000,841123.62
267,lrange5,1000000,1208058.00
268,lpush5,1000000,820410.19
268,lrange5,1000000,1192085.88
269,lpush5,1000000,831986.69
269,lrange5,1000000,1196229.62
270,lpush5,1000000,825095.69
270,lrange5,1000000,1237643.50
271,lpush5,1000000,829981.69
271,lrange5,1000000,1265903.75
272,lpush5,1000000,819777.00
272,lrange5,1000000,1171260.00
273,lpush5,1000000,833453.31
273,lrange5,1000000,1269218.25
274,lpush5,1000000,826552.06
274,lrange5,1000000,1228520.88
275,lpush5,1000000,830604.62
275,lrange5,1000000,1243920.38
276,lpush5,1000000,827341.62
276,lrange5,1000000,1278854.25
277,lpush5,1000000,836173.94
277,lrange5,1000000,1264323.62
278,lpush5,1000000,827196.06
278,lrange5,1000000,1128866.88
279,lpush5,1000000,727988.38
279,lrange5,1000000,1237841.50
280,lpush5,1000000,820502.06
280,lrange5,1000000,1262969.75
281,lpush5,1000000,819066.38
281,lrange5,1000000,1186467.38
282,lpush5,1000000,821824.12
282,lrange5,1000000,1233045.62
283,lpush5,1000000,822394.75
283,lrange5,1000000,1285367.62
284,lpush5,1000000,817045.75
284,lrange5,1000000,1254946.00
285,lpush5,1000000,828619.69
285,lrange5,1000000,1185042.62
286,lpush5,1000000,821201.94
286,lrange5,1000000,1256582.88
287,lpush5,1000000,824428.62
287,lrange5,1000000,1190609.50
288,lpush5,1000000,840336.12
288,lrange5,1000000,1292196.38
289,lpush5,1000000,828553.44
289,lrange5,1000000,1262626.25
290,lpush5,1000000,820370.81
290,lrange5,1000000,1272264.62
291,lpush5,1000000,824573.75
291,lrange5,1000000,1190723.88
292,lpush5,1000000,817700.69
292,lrange5,1000000,1245350.00
293,lpush5,1000000,831308.44
293,lrange5,1000000,1233282.38
294,lpush5,1000000,824613.31
294,lrange5,1000000,1196459.25
295,lpush5,1000000,818356.81
295,lrange5,1000000,1283697.12
296,lpush5,1000000,818396.06
296,lrange5,1000000,1257881.75
297,lpush5,1000000,823947.31
297,lrange5,1000000,1216681.25
298,lpush5,1000000,823071.56
298,lrange5,1000000,1290487.75
299,lpush5,1000000,827143.12
299,lrange5,1000000,1196267.88
300,lpush5,1000000,830737.56
300,lrange5,1000000,1285388.12
301,lpush5,1000000,833346.62
301,lrange5,1000000,1194991.62
302,lpush5,1000000,834028.38
302,lrange5,1000000,1206484.88
303,lpush5,1000000,821228.19
303,lrange5,1000000,1287166.00
304,lpush5,1000000,815178.50
304,lrange5,1000000,1196382.75
305,lpush5,1000000,827920.56
305,lrange5,1000000,1245350.00
306,lpush5,1000000,824547.38
306,lrange5,1000000,1160464.00
307,lpush5,1000000,827209.25
307,lrange5,1000000,1277323.12
308,lpush5,1000000,823163.75
308,lrange5,1000000,1292051.75
309,lpush5,1000000,832692.75
309,lrange5,1000000,1293702.50
310,lpush5,1000000,811896.12
310,lrange5,1000000,1205012.12
311,lpush5,1000000,828646.19
311,lrange5,1000000,1283902.50
312,lpush5,1000000,820370.81
312,lrange5,1000000,1282071.88
313,lpush5,1000000,814436.44
313,lrange5,1000000,1292175.75
314,lpush5,1000000,819737.69
314,lrange5,1000000,1250180.00
315,lpush5,1000000,825829.94
315,lrange5,1000000,1147119.25
316,lpush5,1000000,828500.38
316,lrange5,1000000,1280512.12
317,lpush5,1000000,825108.88
317,lrange5,1000000,1192181.12
318,lpush5,1000000,834737.94
318,lrange5,1000000,1197988.00
319,lpush5,1000000,828513.69
319,lrange5,1000000,1270648.00
320,lpush5,1000000,827841.12
320,lrange5,1000000,1275551.00
321,lpush5,1000000,822421.06
321,lrange5,1000000,1189231.88
322,lpush5,1000000,827222.50
322,lrange5,1000000,1187914.50
323,lpush5,1000000,831255.25
323,lrange5,1000000,1239236.75
324,lpush5,1000000,832146.44
324,lrange5,1000000,1267528.50
325,lpush5,1000000,832133.12
325,lrange5,1000000,1285593.88
326,lpush5,1000000,825254.12
326,lrange5,1000000,1261195.50
327,lpush5,1000000,824402.25
327,lrange5,1000000,1203542.75
328,lpush5,1000000,829955.19
328,lrange5,1000000,1275714.38
329,lpush5,1000000,821070.56
329,lrange5,1000000,1257881.75
330,lpush5,1000000,831946.75
330,lrange5,1000000,1269076.12
331,lpush5,1000000,832692.75
331,lrange5,1000000,1234666.62
332,lpush5,1000000,826657.81
332,lrange5,1000000,1193432.00
333,lpush5,1000000,823775.94
333,lrange5,1000000,1216583.88
334,lpush5,1000000,817058.81
334,lrange5,1000000,1280471.12
335,lpush5,1000000,829213.94
335,lrange5,1000000,1287124.88
336,lpush5,1000000,828026.50
336,lrange5,1000000,1234745.62
337,lpush5,1000000,833333.31
337,lrange5,1000000,1253333.38
338,lpush5,1000000,821771.56
338,lrange5,1000000,1185042.62
339,lpush5,1000000,825148.50
339,lrange5,1000000,1270790.38
340,lpush5,1000000,838939.56
340,lrange5,1000000,1262707.12
341,lpush5,1000000,825803.50
341,lrange5,1000000,1234627.12
342,lpush5,1000000,825777.06
342,lrange5,1000000,1192124.00
343,lpush5,1000000,829888.75
343,lrange5,1000000,1230012.25
344,lpush5,1000000,820567.69
344,lrange5,1000000,1282133.38
345,lpush5,1000000,825803.50
345,lrange5,1000000,1287083.62
346,lpush5,1000000,827143.12
346,lrange5,1000000,1239157.38
347,lpush5,1000000,827960.31
347,lrange5,1000000,1270851.38
348,lpush5,1000000,823097.94
348,lrange5,1000000,1251604.50
349,lpush5,1000000,826618.12
349,lrange5,1000000,1282051.38
350,lpush5,1000000,823855.06
350,lrange5,1000000,1192085.88
351,lpush5,1000000,831428.12
351,lrange5,1000000,1225627.50
352,lpush5,1000000,829200.69
352,lrange5,1000000,1283697.12
353,lpush5,1000000,827129.88
353,lrange5,1000000,1261175.25
354,lpush5,1000000,827129.88
354,lrange5,1000000,1287124.88
355,lpush5,1000000,831401.50
355,lrange5,1000000,1274068.75
356,lpush5,1000000,826499.12
356,lrange5,1000000,1184928.88
357,lpush5,1000000,817739.94
357,lrange5,1000000,1293868.00
358,lpush5,1000000,811909.12
358,lrange5,1000000,1282236.00
359,lpush5,1000000,817713.81
359,lrange5,1000000,1287186.62
360,lpush5,1000000,816391.81
360,lrange5,1000000,1287186.62
361,lpush5,1000000,825763.88
361,lrange5,1000000,889793.62
362,lpush5,1000000,825777.06
362,lrange5,1000000,1203696.75
363,lpush5,1000000,827196.06
363,lrange5,1000000,1200653.00
364,lpush5,1000000,829928.62
364,lrange5,1000000,1288701.00
365,lpush5,1000000,839845.50
365,lrange5,1000000,1245569.12
366,lpush5,1000000,815100.25
366,lrange5,1000000,1219512.25
367,lpush5,1000000,827301.94
367,lrange5,1000000,1280491.62
368,lpush5,1000000,827867.56
368,lrange5,1000000,1173708.88
369,lpush5,1000000,823736.44
369,lrange5,1000000,1285388.12
370,lpush5,1000000,831374.94
370,lrange5,1000000,1251584.50
371,lpush5,1000000,832692.75
371,lrange5,1000000,1280430.25
372,lpush5,1000000,827143.12
372,lrange5,1000000,1292113.75
373,lpush5,1000000,824494.62
373,lrange5,1000000,1267548.88
374,lpush5,1000000,826446.25
374,lrange5,1000000,1189250.88
375,lpush5,1000000,827169.56
375,lrange5,1000000,1288680.38
376,lpush5,1000000,817726.88
376,lrange5,1000000,1278772.38
377,lpush5,1000000,819672.12
377,lrange5,1000000,1251744.62
378,lpush5,1000000,822421.06
378,lrange5,1000000,1292134.38
379,lpush5,1000000,819803.25
379,lrange5,1000000,1187857.50
380,lpush5,1000000,830724.25
380,lrange5,1000000,1197853.88
381,lpush5,1000000,825254.12
381,lrange5,1000000,1270688.75
382,lpush5,1000000,821705.81
382,lrange5,1000000,1237702.88
383,lpush5,1000000,824402.25
383,lrange5,1000000,1285347.00
384,lpush5,1000000,825829.94
384,lrange5,1000000,1287186.62
385,lpush5,1000000,819750.81
385,lrange5,1000000,1195144.50
386,lpush5,1000000,825882.75
386,lrange5,1000000,1248519.38
387,lpush5,1000000,831986.69
387,lrange5,1000000,1267589.38
388,lpush5,1000000,832692.75
388,lrange5,1000000,1120089.62
389,lpush5,1000000,825790.25
389,lrange5,1000000,1288886.50
390,lpush5,1000000,819724.56
390,lrange5,1000000,1292031.00
391,lpush5,1000000,819053.25
391,lrange5,1000000,1278813.25
392,lpush5,1000000,813682.69
392,lrange5,1000000,1186657.12
393,lpush5,1000000,830034.81
393,lrange5,1000000,1199232.62
394,lpush5,1000000,828606.44
394,lrange5,1000000,1287021.88
395,lpush5,1000000,825777.06
395,lrange5,1000000,1273885.25
396,lpush5,1000000,818396.06
396,lrange5,1000000,1193699.25
397,lpush5,1000000,821188.81
397,lrange5,1000000,1247062.38
398,lpush5,1000000,829928.62
398,lrange5,1000000,1282071.88
399,lpush5,1000000,825095.69
399,lrange5,1000000,1222630.75
400,lpush5,1000000,834188.50
400,lrange5,1000000,1278792.88
401,lpush5,1000000,821175.69
401,lrange5,1000000,1190571.50
402,lpush5,1000000,830591.38
402,lrange5,1000000,1273926.12
403,lpush5,1000000,825763.88
403,lrange5,1000000,1242275.75
404,lpush5,1000000,834911.56
404,lrange5,1000000,1292010.38
405,lpush5,1000000,827814.62
405,lrange5,1000000,1292051.75
406,lpush5,1000000,837520.94
406,lrange5,1000000,1218026.88
407,lpush5,1000000,819803.25
407,lrange5,1000000,1245509.38
408,lpush5,1000000,830008.25
408,lrange5,1000000,1138002.25
409,lpush5,1000000,827301.94
409,lrange5,1000000,1253213.12
410,lpush5,1000000,830578.06
410,lrange5,1000000,1253233.12
411,lpush5,1000000,826459.50
411,lrange5,1000000,1240754.38
412,lpush5,1000000,830617.94
412,lrange5,1000000,1272285.00
413,lpush5,1000000,828540.19
413,lrange5,1000000,1247082.38
414,lpush5,1000000,822407.94
414,lrange5,1000000,1254705.12
415,lpush5,1000000,839684.31
415,lrange5,1000000,1262808.12
416,lpush5,1000000,819685.25
416,lrange5,1000000,1251804.75
417,lpush5,1000000,820344.56
417,lrange5,1000000,1270770.00
418,lpush5,1000000,825816.69
418,lrange5,1000000,1139334.88
419,lpush5,1000000,819184.31
419,lrange5,1000000,1243820.88
420,lpush5,1000000,831986.69
420,lrange5,1000000,1280430.25
421,lpush5,1000000,829928.62
421,lrange5,1000000,1259466.00
422,lpush5,1000000,761663.38
422,lrange5,1000000,1282256.50
423,lpush5,1000000,825161.69
423,lrange5,1000000,1258123.25
424,lpush5,1000000,825829.94
424,lrange5,1000000,1274048.38
425,lpush5,1000000,828553.44
425,lrange5,1000000,1290405.25
426,lpush5,1000000,829399.69
426,lrange5,1000000,1285429.25
427,lpush5,1000000,822539.50
427,lrange5,1000000,1288659.75
428,lpush5,1000000,835555.56
428,lrange5,1000000,1287104.25
429,lpush5,1000000,839697.75
429,lrange5,1000000,1282133.38
430,lpush5,1000000,829359.88
430,lrange5,1000000,1283779.25
431,lpush5,1000000,834791.38
431,lrange5,1000000,1290363.88
432,lpush5,1000000,832652.81
432,lrange5,1000000,1287083.62
433,lpush5,1000000,825882.75
433,lrange5,1000000,1273946.50
434,lpush5,1000000,825135.31
434,lrange5,1000000,1262626.25
435,lpush5,1000000,838316.88
435,lrange5,1000000,1186277.62
436,lpush5,1000000,834041.69
436,lrange5,1000000,1199366.88
437,lpush5,1000000,820462.69
437,lrange5,1000000,1194896.00
438,lpush5,1000000,827182.81
438,lrange5,1000000,1272325.62
439,lpush5,1000000,831946.75
439,lrange5,1000000,1285367.62
440,lpush5,1000000,823282.31
440,lrange5,1000000,1262747.50
441,lpush5,1000000,834215.19
441,lrange5,1000000,1194953.38
442,lpush5,1000000,830034.81
442,lrange5,1000000,1231546.88
443,lpush5,1000000,837520.94
443,lrange5,1000000,1277139.25
444,lpush5,1000000,825095.69
444,lrange5,1000000,1204896.38
445,lpush5,1000000,832652.81
445,lrange5,1000000,1233242.88
446,lpush5,1000000,821745.25
446,lrange5,1000000,1245648.88
447,lpush5,1000000,822381.62
447,lrange5,1000000,1182468.12
448,lpush5,1000000,836846.81
448,lrange5,1000000,1277180.12
449,lpush5,1000000,831295.12
449,lrange5,1000000,1267589.38
450,lpush5,1000000,824521.00
450,lrange5,1000000,1291989.62
451,lpush5,1000000,823097.94
451,lrange5,1000000,1283779.25
452,lpush5,1000000,827156.31
452,lrange5,1000000,1248539.38
453,lpush5,1000000,822500.00
453,lrange5,1000000,1250040.00
454,lpush5,1000000,828500.38
454,lrange5,1000000,1290322.62
455,lpush5,1000000,827222.50
455,lrange5,1000000,1290322.62
456,lpush5,1000000,814995.94
456,lrange5,1000000,1236173.00
457,lpush5,1000000,819868.81
457,lrange5,1000000,1272305.38
458,lpush5,1000000,815712.94
458,lrange5,1000000,1292093.00
459,lpush5,1000000,823749.62
459,lrange5,1000000,1290322.62
460,lpush5,1000000,826591.69
460,lrange5,1000000,1275510.25
461,lpush5,1000000,836873.62
461,lrange5,1000000,1240714.62
462,lpush5,1000000,818435.38
462,lrange5,1000000,1149498.88
463,lpush5,1000000,839033.56
463,lrange5,1000000,1285573.25
464,lpush5,1000000,823934.12
464,lrange5,1000000,1190666.75
465,lpush5,1000000,825095.69
465,lrange5,1000000,1194857.75
466,lpush5,1000000,823203.25
466,lrange5,1000000,1280491.62
467,lpush5,1000000,817045.75
467,lrange5,1000000,1233045.62
468,lpush5,1000000,817032.69
468,lrange5,1000000,1280409.75
469,lpush5,1000000,836133.81
469,lrange5,1000000,1203677.50
470,lpush5,1000000,825135.31
470,lrange5,1000000,1202326.88
471,lpush5,1000000,816391.81
471,lrange5,1000000,1218046.38
472,lpush5,1000000,813021.12
472,lrange5,1000000,1287104.25
473,lpush5,1000000,838263.25
473,lrange5,1000000,1269035.50
474,lpush5,1000000,831321.75
474,lrange5,1000000,1274068.75
475,lpush5,1000000,817124.19
475,lrange5,1000000,1206407.75
476,lpush5,1000000,830564.81
476,lrange5,1000000,1287001.25
477,lpush5,1000000,823045.25
477,lrange5,1000000,1228560.12
478,lpush5,1000000,818409.19
478,lrange5,1000000,1290343.25
479,lpush5,1000000,823894.56
479,lrange5,1000000,1282092.38
480,lpush5,1000000,835435.25
480,lrange5,1000000,1273905.75
481,lpush5,1000000,835462.00
481,lrange5,1000000,1254885.88
482,lpush5,1000000,820357.69
482,lrange5,1000000,1118890.38
483,lpush5,1000000,834081.75
483,lrange5,1000000,1270790.38
484,lpush5,1000000,829280.31
484,lrange5,1000000,1194819.62
485,lpush5,1000000,831401.50
485,lrange5,1000000,1262626.25
486,lpush5,1000000,822421.06
486,lrange5,1000000,1283820.25
487,lpush5,1000000,823084.75
487,lrange5,1000000,1282215.38
488,lpush5,1000000,830804.00
488,lrange5,1000000,1282277.00
489,lpush5,1000000,828566.69
489,lrange5,1000000,1242275.75
490,lpush5,1000000,821719.00
490,lrange5,1000000,1262848.50
491,lpush5,1000000,821705.81
491,lrange5,1000000,1240774.25
492,lpush5,1000000,827814.62
492,lrange5,1000000,1237663.38
493,lpush5,1000000,817674.56
493,lrange5,1000000,1240714.62
494,lpush5,1000000,822473.69
494,lrange5,1000000,1202326.88
495,lpush5,1000000,822565.81
495,lrange5,1000000,1240774.25
496,lpush5,1000000,826565.25
496,lrange5,1000000,1269076.12
497,lpush5,1000000,827827.88
497,lrange5,1000000,1251584.50
498,lpush5,1000000,828526.94
498,lrange5,1000000,1264222.50
499,lpush5,1000000,829928.62
499,lrange5,1000000,1272346.00
500,lpush5,1000000,825869.56
500,lrange5,1000000,1288659.75
501,lpush5,1000000,828712.50
501,lrange5,1000000,1186562.25
502,lpush5,1000000,830617.94
502,lrange5,1000000,1185175.38
503,lpush5,1000000,829399.69
503,lrange5,1000000,1176545.88
504,lpush5,1000000,824547.38
504,lrange5,1000000,1237623.75
505,lpush5,1000000,837748.75
505,lrange5,1000000,1176696.50
506,lpush5,1000000,831507.94
506,lrange5,1000000,1218182.75
507,lpush5,1000000,829412.94
507,lrange5,1000000,1254705.12
508,lpush5,1000000,835555.56
508,lrange5,1000000,1269177.62
509,lpush5,1000000,821692.69
509,lrange5,1000000,1250040.00
510,lpush5,1000000,823084.75
510,lrange5,1000000,1253353.38
511,lpush5,1000000,815673.75
511,lrange5,1000000,1277139.25
512,lpush5,1000000,822407.94
512,lrange5,1000000,1280430.25
513,lpush5,1000000,825108.88
513,lrange5,1000000,1197624.00
514,lpush5,1000000,823868.19
514,lrange5,1000000,1285388.12
515,lpush5,1000000,820462.69
515,lrange5,1000000,1293681.75
516,lpush5,1000000,834028.38
516,lrange5,1000000,1273987.25
517,lpush5,1000000,825108.88
517,lrange5,1000000,1267427.12
518,lpush5,1000000,834804.69
518,lrange5,1000000,1262808.12
519,lpush5,1000000,832666.12
519,lrange5,1000000,1285449.88
520,lpush5,1000000,824521.00
520,lrange5,1000000,1262646.50
521,lpush5,1000000,813255.25
521,lrange5,1000000,1285408.75
522,lpush5,1000000,827209.25
522,lrange5,1000000,1239296.12
523,lpush5,1000000,815660.69
523,lrange5,1000000,1247022.50
524,lpush5,1000000,817700.69
524,lrange5,1000000,1292010.38
525,lpush5,1000000,822421.06
525,lrange5,1000000,1285367.62
526,lpush5,1000000,833346.62
526,lrange5,1000000,1275693.88
527,lpush5,1000000,826618.12
527,lrange5,1000000,1262868.75
528,lpush5,1000000,829293.56
528,lrange5,1000000,1292175.75
529,lpush5,1000000,820397.06
529,lrange5,1000000,1273905.75
530,lpush5,1000000,830074.69
530,lrange5,1000000,1269076.12
531,lpush5,1000000,818343.69
531,lrange5,1000000,1167029.12
532,lpush5,1000000,825816.69
532,lrange5,1000000,1237801.88
533,lpush5,1000000,820383.94
533,lrange5,1000000,1292196.38
534,lpush5,1000000,830644.50
534,lrange5,1000000,1265924.00
535,lpush5,1000000,828672.75
535,lrange5,1000000,1269055.88
536,lpush5,1000000,820515.19
536,lrange5,1000000,1179264.12
537,lpush5,1000000,826472.69
537,lrange5,1000000,1287001.25
538,lpush5,1000000,836173.94
538,lrange5,1000000,1288845.38
539,lpush5,1000000,824494.62
539,lrange5,1000000,1228560.12
540,lpush5,1000000,824415.44
540,lrange5,1000000,1283881.88
541,lpush5,1000000,817713.81
541,lrange5,1000000,1192314.62
542,lpush5,1000000,825227.69
542,lrange5,1000000,1179603.75
543,lpush5,1000000,837007.50
543,lrange5,1000000,1219707.38
544,lpush5,1000000,828540.19
544,lrange5,1000000,1206272.62
545,lpush5,1000000,821811.00
545,lrange5,1000000,1209363.88
546,lpush5,1000000,827249.00
546,lrange5,1000000,1132901.50
547,lpush5,1000000,824521.00
547,lrange5,1000000,1259506.25
548,lpush5,1000000,824613.31
548,lrange5,1000000,1237663.38
549,lpush5,1000000,832000.00
549,lrange5,1000000,1275673.50
550,lpush5,1000000,826552.06
550,lrange5,1000000,1282236.00
551,lpush5,1000000,820488.94
551,lrange5,1000000,1297099.88
552,lpush5,1000000,832692.75
552,lrange5,1000000,1183507.62
553,lpush5,1000000,825135.31
553,lrange5,1000000,1283799.75
554,lpush5,1000000,829875.50
554,lrange5,1000000,1251624.50
555,lpush5,1000000,822447.38
555,lrange5,1000000,1231606.00
556,lpush5,1000000,818422.25
556,lrange5,1000000,1295399.00
557,lpush5,1000000,822486.88
557,lrange5,1000000,1288659.75
558,lpush5,1000000,828619.69
558,lrange5,1000000,1287186.62
559,lpush5,1000000,829227.19
559,lrange5,1000000,1186543.25
560,lpush5,1000000,829253.75
560,lrange5,1000000,1269177.62
561,lpush5,1000000,816993.50
561,lrange5,1000000,1204819.25
562,lpush5,1000000,817883.88
562,lrange5,1000000,1257861.62
563,lpush5,1000000,825777.06
563,lrange5,1000000,1293847.38
564,lpush5,1000000,823216.44
564,lrange5,1000000,1171203.75
565,lpush5,1000000,825869.56
565,lrange5,1000000,1262686.88
566,lpush5,1000000,816378.75
566,lrange5,1000000,1194857.75
567,lpush5,1000000,836133.81
567,lrange5,1000000,1218163.25
568,lpush5,1000000,827235.75
568,lrange5,1000000,1131420.75
569,lpush5,1000000,826499.12
569,lrange5,1000000,1277221.00
570,lpush5,1000000,827275.44
570,lrange5,1000000,1251564.38
571,lpush5,1000000,832039.94
571,lrange5,1000000,1287063.00
572,lpush5,1000000,831348.31
572,lrange5,1000000,1236093.88
573,lpush5,1000000,817674.56
573,lrange5,1000000,1187990.50
574,lpush5,1000000,823176.94
574,lrange5,1000000,1261114.75
575,lpush5,1000000,830631.25
575,lrange5,1000000,1293909.50
576,lpush5,1000000,829875.50
576,lrange5,1000000,1202365.38
577,lpush5,1000000,825254.12
577,lrange5,1000000,1288804.12
578,lpush5,1000000,825843.12
578,lrange5,1000000,1267488.00
579,lpush5,1000000,823097.94
579,lrange5,1000000,1272285.00
580,lpush5,1000000,810489.50
580,lrange5,1000000,1231586.25
581,lpush5,1000000,811172.75
581,lrange5,1000000,1287021.88
582,lpush5,1000000,809216.88
582,lrange5,1000000,1292217.12
583,lpush5,1000000,825122.12
583,lrange5,1000000,1258022.62
584,lpush5,1000000,825896.00
584,lrange5,1000000,1225666.75
585,lpush5,1000000,820357.69
585,lrange5,1000000,1283881.88
586,lpush5,1000000,817674.56
586,lrange5,1000000,1288680.38
587,lpush5,1000000,823045.25
587,lrange5,1000000,1193699.25
588,lpush5,1000000,823084.75
588,lrange5,1000000,1267447.50
589,lpush5,1000000,823749.62
589,lrange5,1000000,1193775.62
590,lpush5,1000000,831946.75
590,lrange5,1000000,1269258.88
591,lpush5,1000000,825161.69
591,lrange5,1000000,1265843.00
592,lpush5,1000000,815660.69
592,lrange5,1000000,1182373.50
593,lpush5,1000000,822460.56
593,lrange5,1000000,1262747.50
594,lpush5,1000000,831255.25
594,lrange5,1000000,1199060.00
595,lpush5,1000000,825777.06
595,lrange5,1000000,1233262.62
596,lpush5,1000000,825135.31
596,lrange5,1000000,1277364.00
597,lpush5,1000000,827920.56
597,lrange5,1000000,1216642.25
598,lpush5,1000000,821705.81
598,lrange5,1000000,1280430.25
599,lpush5,1000000,828026.50
599,lrange5,1000000,1190838.12
600,lpush5,1000000,825856.31
600,lrange5,1000000,1236252.12
601,lpush5,1000000,825108.88
601,lrange5,1000000,1231684.75
602,lpush5,1000000,836994.12
602,lrange5,1000000,1277139.25
603,lpush5,1000000,820423.31
603,lrange5,1000000,1262727.25
604,lpush5,1000000,818356.81
604,lrange5,1000000,1287021.88
605,lpush5,1000000,827880.81
605,lrange5,1000000,1176527.00
606,lpush5,1000000,827867.56
606,lrange5,1000000,1193603.88
607,lpush5,1000000,834751.31
607,lrange5,1000000,1270770.00
608,lpush5,1000000,825122.12
608,lrange5,1000000,1282112.88
609,lpush5,1000000,825306.94
609,lrange5,1000000,1278854.25
610,lpush5,1000000,835475.31
610,lrange5,1000000,1283738.12
611,lpush5,1000000,817674.56
611,lrange5,1000000,1256301.50
612,lpush5,1000000,829928.62
612,lrange5,1000000,1186391.50
613,lpush5,1000000,820344.56
613,lrange5,1000000,1275714.38
614,lpush5,1000000,828553.44
614,lrange5,1000000,1207768.12
615,lpush5,1000000,831960.06
615,lrange5,1000000,1269076.12
616,lpush5,1000000,822486.88
616,lrange5,1000000,1177988.25
617,lpush5,1000000,816470.19
617,lrange5,1000000,1269198.00
618,lpush5,1000000,824455.00
618,lrange5,1000000,1243801.00
619,lpush5,1000000,815699.88
619,lrange5,1000000,1192314.62
620,lpush5,1000000,837735.31
620,lrange5,1000000,1261235.88
621,lpush5,1000000,815008.94
621,lrange5,1000000,1199366.88
622,lpush5,1000000,836334.44
622,lrange5,1000000,1277159.62
623,lpush5,1000000,815712.94
623,lrange5,1000000,1203465.75
624,lpush5,1000000,827947.06
624,lrange5,1000000,1297037.62
625,lpush5,1000000,826001.69
625,lrange5,1000000,1200595.38
626,lpush5,1000000,827354.88
626,lrange5,1000000,1199175.12
627,lpush5,1000000,819210.50
627,lrange5,1000000,1193317.38
628,lpush5,1000000,829227.19
628,lrange5,1000000,1253213.12
629,lpush5,1000000,827827.88
629,lrange5,1000000,1270668.38
630,lpush5,1000000,825161.69
630,lrange5,1000000,1275673.50
631,lpush5,1000000,823815.50
631,lrange5,1000000,1283697.12
632,lpush5,1000000,817111.12
632,lrange5,1000000,1285347.00
633,lpush5,1000000,825816.69
633,lrange5,1000000,1228658.50
634,lpush5,1000000,820515.19
634,lrange5,1000000,1253173.00
635,lpush5,1000000,827129.88
635,lrange5,1000000,1193546.50
636,lpush5,1000000,826604.94
636,lrange5,1000000,1193489.25
637,lpush5,1000000,828013.31
637,lrange5,1000000,1242315.50
638,lpush5,1000000,817085.00
638,lrange5,1000000,1256281.38
639,lpush5,1000000,823190.12
639,lrange5,1000000,1194800.50
640,lpush5,1000000,815100.25
640,lrange5,1000000,1273946.50
641,lpush5,1000000,834778.00
641,lrange5,1000000,1269218.25
642,lpush5,1000000,819079.50
642,lrange5,1000000,1182165.50
643,lpush5,1000000,827196.06
643,lrange5,1000000,1285491.00
644,lpush5,1000000,823216.44
644,lrange5,1000000,1277139.25
645,lpush5,1000000,832692.75
645,lrange5,1000000,1233104.88
646,lpush5,1000000,826565.25
646,lrange5,1000000,1283738.12
647,lpush5,1000000,838966.44
647,lrange5,1000000,1225529.38
648,lpush5,1000000,823855.06
648,lrange5,1000000,1280491.62
649,lpush5,1000000,822421.06
649,lrange5,1000000,1288927.75
650,lpush5,1000000,829187.44
650,lrange5,1000000,1285408.75
651,lpush5,1000000,826631.38
651,lrange5,1000000,1275571.50
652,lpush5,1000000,827933.81
652,lrange5,1000000,1210963.75
653,lpush5,1000000,827315.12
653,lrange5,1000000,1196287.00
654,lpush5,1000000,824586.94
654,lrange5,1000000,1233085.12
655,lpush5,1000000,827814.62
655,lrange5,1000000,1277180.12
656,lpush5,1000000,824573.75
656,lrange5,1000000,1293743.88
657,lpush5,1000000,826512.38
657,lrange5,1000000,1297058.38
658,lpush5,1000000,810372.81
658,lrange5,1000000,1200710.62
659,lpush5,1000000,821732.12
659,lrange5,1000000,1246922.75
660,lpush5,1000000,810450.56
660,lrange5,1000000,1248579.25
661,lpush5,1000000,821031.19
661,lrange5,1000000,1272407.12
662,lpush5,1000000,815830.38
662,lrange5,1000000,1280471.12
663,lpush5,1000000,818513.94
663,lrange5,1000000,1186258.62
664,lpush5,1000000,824494.62
664,lrange5,1000000,1254885.88
665,lpush5,1000000,821215.06
665,lrange5,1000000,1261256.00
666,lpush5,1000000,824481.44
666,lrange5,1000000,1194876.88
667,lpush5,1000000,830087.94
667,lrange5,1000000,1251764.62
668,lpush5,1000000,811133.81
668,lrange5,1000000,1287166.00
669,lpush5,1000000,819013.94
669,lrange5,1000000,1173953.00
670,lpush5,1000000,824455.00
670,lrange5,1000000,1266005.00
671,lpush5,1000000,822407.94
671,lrange5,1000000,1272346.00
672,lpush5,1000000,819672.12
672,lrange5,1000000,1270810.62
673,lpush5,1000000,816457.12
673,lrange5,1000000,1270892.00
674,lpush5,1000000,824481.44
674,lrange5,1000000,1287001.25
675,lpush5,1000000,825293.75
675,lrange5,1000000,1272488.50
676,lpush5,1000000,832146.44
676,lrange5,1000000,1288680.38
677,lpush5,1000000,833359.94
677,lrange5,1000000,1245509.38
678,lpush5,1000000,833346.62
678,lrange5,1000000,1254905.88
679,lpush5,1000000,822434.25
679,lrange5,1000000,1189441.12
680,lpush5,1000000,824415.44
680,lrange5,1000000,1251764.62
681,lpush5,1000000,827920.56
681,lrange5,1000000,1278792.88
682,lpush5,1000000,831414.81
682,lrange5,1000000,1227150.88
683,lpush5,1000000,818383.00
683,lrange5,1000000,1277139.25
684,lpush5,1000000,826591.69
684,lrange5,1000000,1272264.62
685,lpush5,1000000,827315.12
685,lrange5,1000000,1257861.62
686,lpush5,1000000,836820.06
686,lrange5,1000000,1189174.75
687,lpush5,1000000,830710.94
687,lrange5,1000000,1185061.62
688,lpush5,1000000,827867.56
688,lrange5,1000000,1283717.62
689,lpush5,1000000,817006.56
689,lrange5,1000000,1182089.88
690,lpush5,1000000,822473.69
690,lrange5,1000000,1267609.62
691,lpush5,1000000,837007.50
691,lrange5,1000000,1280532.62
692,lpush5,1000000,836940.56
692,lrange5,1000000,1213592.25
693,lpush5,1000000,813786.81
693,lrange5,1000000,1274068.75
694,lpush5,1000000,816431.00
694,lrange5,1000000,1278956.50
695,lpush5,1000000,825148.50
695,lrange5,1000000,1278813.25
696,lpush5,1000000,823775.94
696,lrange5,1000000,1283820.25
697,lpush5,1000000,836133.81
697,lrange5,1000000,1186315.50
698,lpush5,1000000,824402.25
698,lrange5,1000000,1280553.12
699,lpush5,1000000,825935.62
699,lrange5,1000000,1180864.25
700,lpush5,1000000,825843.12
700,lrange5,1000000,1257901.88
701,lpush5,1000000,825201.31
701,lrange5,1000000,1275551.00
702,lpush5,1000000,824613.31
702,lrange5,1000000,1280512.12
703,lpush5,1000000,817085.00
703,lrange5,1000000,1265883.50
704,lpush5,1000000,828540.19
704,lrange5,1000000,1282236.00
705,lpush5,1000000,826538.81
705,lrange5,1000000,1181090.88
706,lpush5,1000000,822421.06
706,lrange5,1000000,1186467.38
707,lpush5,1000000,825174.94
707,lrange5,1000000,1239177.25
708,lpush5,1000000,812347.75
708,lrange5,1000000,1282277.00
709,lpush5,1000000,820502.06
709,lrange5,1000000,1175144.50
710,lpush5,1000000,823775.94
710,lrange5,1000000,1292134.38
711,lpush5,1000000,799539.56
711,lrange5,1000000,1097694.88
712,lpush5,1000000,821745.25
712,lrange5,1000000,1213786.38
713,lpush5,1000000,818383.00
713,lrange5,1000000,1240833.75
714,lpush5,1000000,823203.25
714,lrange5,1000000,1248499.38
715,lpush5,1000000,819184.31
715,lrange5,1000000,1189479.12
716,lpush5,1000000,819013.94
716,lrange5,1000000,1267630.00
717,lpush5,1000000,820554.56
717,lrange5,1000000,1266025.25
718,lpush5,1000000,829875.50
718,lrange5,1000000,1291989.62
719,lpush5,1000000,823749.62
719,lrange5,1000000,1283697.12
720,lpush5,1000000,828619.69
720,lrange5,1000000,1267548.88
721,lpush5,1000000,827354.88
721,lrange5,1000000,1277241.38
722,lpush5,1000000,816339.56
722,lrange5,1000000,1274048.38
723,lpush5,1000000,817674.56
723,lrange5,1000000,1234607.38
724,lpush5,1000000,830631.25
724,lrange5,1000000,1287001.25
725,lpush5,1000000,827235.75
725,lrange5,1000000,1283717.62
726,lpush5,1000000,835609.00
726,lrange5,1000000,1291989.62
727,lpush5,1000000,831295.12
727,lrange5,1000000,1236133.50
728,lpush5,1000000,832133.12
728,lrange5,1000000,1287001.25
729,lpush5,1000000,837520.94
729,lrange5,1000000,1282174.38
730,lpush5,1000000,814527.69
730,lrange5,1000000,1246902.75
731,lpush5,1000000,813060.12
731,lrange5,1000000,1273885.25
732,lpush5,1000000,813812.88
732,lrange5,1000000,1292072.38
733,lpush5,1000000,819881.94
733,lrange5,1000000,1240893.25
734,lpush5,1000000,821083.69
734,lrange5,1000000,1285347.00
735,lpush5,1000000,811727.25
735,lrange5,1000000,1197662.25
736,lpush5,1000000,827301.94
736,lrange5,1000000,1196325.38
737,lpush5,1000000,830578.06
737,lrange5,1000000,1236173.00
738,lpush5,1000000,833493.31
738,lrange5,1000000,1273946.50
739,lpush5,1000000,825161.69
739,lrange5,1000000,1233203.50
740,lpush5,1000000,831973.38
740,lrange5,1000000,1283738.12
741,lpush5,1000000,813190.25
741,lrange5,1000000,1290343.25
742,lpush5,1000000,826657.81
742,lrange5,1000000,1283697.12
743,lpush5,1000000,821732.12
743,lrange5,1000000,1275693.88
744,lpush5,1000000,823881.38
744,lrange5,1000000,1246902.75
745,lpush5,1000000,821863.62
745,lrange5,1000000,1251564.38
746,lpush5,1000000,821692.69
746,lrange5,1000000,1280450.62
747,lpush5,1000000,823282.31
747,lrange5,1000000,1267427.12
748,lpush5,1000000,822460.56
748,lrange5,1000000,1261054.25
749,lpush5,1000000,822407.94
749,lrange5,1000000,1282194.88
750,lpush5,1000000,822447.38
750,lrange5,1000000,1264222.50
751,lpush5,1000000,825082.50
751,lrange5,1000000,1280471.12
752,lpush5,1000000,836120.44
752,lrange5,1000000,1194896.00
753,lpush5,1000000,827249.00
753,lrange5,1000000,1267488.00
754,lpush5,1000000,824455.00
754,lrange5,1000000,1277221.00
755,lpush5,1000000,817739.94
755,lrange5,1000000,1280532.62
756,lpush5,1000000,820344.56
756,lrange5,1000000,1280512.12
757,lpush5,1000000,834831.44
757,lrange5,1000000,1228579.88
758,lpush5,1000000,820475.81
758,lrange5,1000000,1237623.75
759,lpush5,1000000,819724.56
759,lrange5,1000000,1275673.50
760,lpush5,1000000,822381.62
760,lrange5,1000000,1199040.75
761,lpush5,1000000,819829.50
761,lrange5,1000000,1196593.25
762,lpush5,1000000,822500.00
762,lrange5,1000000,1240774.25
763,lpush5,1000000,825843.12
763,lrange5,1000000,1275571.50
764,lpush5,1000000,834804.69
764,lrange5,1000000,1258022.62
765,lpush5,1000000,821228.19
765,lrange5,1000000,1221177.00
766,lpush5,1000000,825777.06
766,lrange5,1000000,1288701.00
767,lpush5,1000000,816470.19
767,lrange5,1000000,1283717.62
768,lpush5,1000000,811896.12
768,lrange5,1000000,1204877.12
769,lpush5,1000000,826512.38
769,lrange5,1000000,1196497.62
770,lpush5,1000000,820502.06
770,lrange5,1000000,1239355.62
771,lpush5,1000000,820357.69
771,lrange5,1000000,1233065.38
772,lpush5,1000000,825816.69
772,lrange5,1000000,1153402.50
773,lpush5,1000000,829280.31
773,lrange5,1000000,1189422.12
774,lpush5,1000000,827827.88
774,lrange5,1000000,1246922.75
775,lpush5,1000000,827867.56
775,lrange5,1000000,1290363.88
776,lpush5,1000000,822394.75
776,lrange5,1000000,1264283.12
777,lpush5,1000000,834228.50
777,lrange5,1000000,1196191.38
778,lpush5,1000000,823802.31
778,lrange5,1000000,1190685.75
779,lpush5,1000000,821732.12
779,lrange5,1000000,1282236.00
780,lpush5,1000000,818396.06
780,lrange5,1000000,1192047.75
781,lpush5,1000000,834121.75
781,lrange5,1000000,1194991.62
782,lpush5,1000000,832879.31
782,lrange5,1000000,1256341.75
783,lpush5,1000000,828672.75
783,lrange5,1000000,1265903.75
784,lpush5,1000000,815660.69
784,lrange5,1000000,1248439.50
785,lpush5,1000000,836120.44
785,lrange5,1000000,1270831.00
786,lpush5,1000000,822381.62
786,lrange5,1000000,1274007.62
787,lpush5,1000000,829267.00
787,lrange5,1000000,1218085.25
788,lpush5,1000000,825777.06
788,lrange5,1000000,1183715.88
789,lpush5,1000000,829187.44
789,lrange5,1000000,1194838.75
790,lpush5,1000000,829306.81
790,lrange5,1000000,1250020.00
791,lpush5,1000000,836160.56
791,lrange5,1000000,1270688.75
792,lpush5,1000000,824441.81
792,lrange5,1000000,1266025.25
793,lpush5,1000000,827867.56
793,lrange5,1000000,1269035.50
794,lpush5,1000000,823723.25
794,lrange5,1000000,1283697.12
795,lpush5,1000000,827129.88
795,lrange5,1000000,1280450.62
796,lpush5,1000000,827827.88
796,lrange5,1000000,1282112.88
797,lpush5,1000000,827854.31
797,lrange5,1000000,1283902.50
798,lpush5,1000000,827196.06
798,lrange5,1000000,1257962.25
799,lpush5,1000000,824415.44
799,lrange5,1000000,1162939.50
800,lpush5,1000000,826459.50
800,lrange5,1000000,1253132.88
801,lpush5,1000000,820383.94
801,lrange5,1000000,1285388.12
802,lpush5,1000000,818383.00
802,lrange5,1000000,1270749.62
803,lpush5,1000000,827368.06
803,lrange5,1000000,1180788.62
804,lpush5,1000000,827341.62
804,lrange5,1000000,1285367.62
805,lpush5,1000000,817176.50
805,lrange5,1000000,1282236.00
806,lpush5,1000000,820397.06
806,lrange5,1000000,1272346.00
807,lpush5,1000000,823894.56
807,lrange5,1000000,1285532.12
808,lpush5,1000000,813721.75
808,lrange5,1000000,1245330.00
809,lpush5,1000000,827196.06
809,lrange5,1000000,1145786.88
810,lpush5,1000000,830604.62
810,lrange5,1000000,1254725.25
811,lpush5,1000000,817111.12
811,lrange5,1000000,1236133.50
812,lpush5,1000000,824507.81
812,lrange5,1000000,1239177.25
813,lpush5,1000000,812412.69
813,lrange5,1000000,1259445.75
814,lpush5,1000000,824521.00
814,lrange5,1000000,1259526.38
815,lpush5,1000000,825909.19
815,lrange5,1000000,1287001.25
816,lpush5,1000000,821916.19
816,lrange5,1000000,1283861.38
817,lpush5,1000000,821758.44
817,lrange5,1000000,1190647.62
818,lpush5,1000000,823947.31
818,lrange5,1000000,1265863.25
819,lpush5,1000000,824415.44
819,lrange5,1000000,1265822.75
820,lpush5,1000000,827973.56
820,lrange5,1000000,1267569.12
821,lpush5,1000000,821228.19
821,lrange5,1000000,1267630.00
822,lpush5,1000000,831255.25
822,lrange5,1000000,1287166.00
823,lpush5,1000000,825082.50
823,lrange5,1000000,1225647.12
824,lpush5,1000000,820344.56
824,lrange5,1000000,1290322.62
825,lpush5,1000000,813721.75
825,lrange5,1000000,1287021.88
826,lpush5,1000000,819013.94
826,lrange5,1000000,1230150.00
827,lpush5,1000000,830710.94
827,lrange5,1000000,1202365.38
828,lpush5,1000000,821188.81
828,lrange5,1000000,1287001.25
829,lpush5,1000000,822565.81
829,lrange5,1000000,1237801.88
830,lpush5,1000000,825988.44
830,lrange5,1000000,1196306.12
831,lpush5,1000000,819724.56
831,lrange5,1000000,1204896.38
832,lpush5,1000000,821228.19
832,lrange5,1000000,1264263.00
833,lpush5,1000000,823828.69
833,lrange5,1000000,1285347.00
834,lpush5,1000000,830114.50
834,lrange5,1000000,1292010.38
835,lpush5,1000000,819066.38
835,lrange5,1000000,1261054.25
836,lpush5,1000000,815660.69
836,lrange5,1000000,1237663.38
837,lpush5,1000000,827960.31
837,lrange5,1000000,1250000.00
838,lpush5,1000000,832133.12
838,lrange5,1000000,1254745.25
839,lpush5,1000000,818343.69
839,lrange5,1000000,1190666.75
840,lpush5,1000000,822513.19
840,lrange5,1000000,1183659.12
841,lpush5,1000000,827827.88
841,lrange5,1000000,1292093.00
842,lpush5,1000000,825240.94
842,lrange5,1000000,1282071.88
843,lpush5,1000000,824560.56
843,lrange5,1000000,1269055.88
844,lpush5,1000000,825135.31
844,lrange5,1000000,1227209.88
845,lpush5,1000000,824547.38
845,lrange5,1000000,1190895.25
846,lpush5,1000000,821719.00
846,lrange5,1000000,1183678.12
847,lpush5,1000000,825803.50
847,lrange5,1000000,1264424.75
848,lpush5,1000000,816404.88
848,lrange5,1000000,1262646.50
849,lpush5,1000000,822579.00
849,lrange5,1000000,1250000.00
850,lpush5,1000000,823775.94
850,lrange5,1000000,1254765.38
851,lpush5,1000000,825869.56
851,lrange5,1000000,1282051.38
852,lpush5,1000000,819672.12
852,lrange5,1000000,1193680.25
853,lpush5,1000000,827328.38
853,lrange5,1000000,1288680.38
854,lpush5,1000000,821758.44
854,lrange5,1000000,1283881.88
855,lpush5,1000000,820344.56
855,lrange5,1000000,1196574.12
856,lpush5,1000000,816993.50
856,lrange5,1000000,1250000.00
857,lpush5,1000000,819013.94
857,lrange5,1000000,1194972.50
858,lpush5,1000000,816470.19
858,lrange5,1000000,1283881.88
859,lpush5,1000000,830048.12
859,lrange5,1000000,1189269.88
860,lpush5,1000000,832746.06
860,lrange5,1000000,1185004.75
861,lpush5,1000000,832013.31
861,lrange5,1000000,1287001.25
862,lpush5,1000000,823097.94
862,lrange5,1000000,1193527.50
863,lpush5,1000000,825803.50
863,lrange5,1000000,1287001.25
864,lpush5,1000000,819131.88
864,lrange5,1000000,1282092.38
865,lpush5,1000000,828553.44
865,lrange5,1000000,1256422.12
866,lpush5,1000000,823216.44
866,lrange5,1000000,1282133.38
867,lpush5,1000000,820397.06
867,lrange5,1000000,1288866.00
868,lpush5,1000000,830737.56
868,lrange5,1000000,1280491.62
869,lpush5,1000000,828606.44
869,lrange5,1000000,1290322.62
870,lpush5,1000000,828500.38
870,lrange5,1000000,1253152.88
871,lpush5,1000000,830048.12
871,lrange5,1000000,1248599.25
872,lpush5,1000000,824560.56
872,lrange5,1000000,1192162.12
873,lpush5,1000000,824415.44
873,lrange5,1000000,1135146.50
874,lpush5,1000000,829320.06
874,lrange5,1000000,1282112.88
875,lpush5,1000000,824507.81
875,lrange5,1000000,1182108.75
876,lpush5,1000000,817753.06
876,lrange5,1000000,1253173.00
877,lpush5,1000000,828513.69
877,lrange5,1000000,1253393.50
878,lpush5,1000000,825214.50
878,lrange5,1000000,1194876.88
879,lpush5,1000000,821719.00
879,lrange5,1000000,1280635.00
880,lpush5,1000000,825188.12
880,lrange5,1000000,1190647.62
881,lpush5,1000000,832159.69
881,lrange5,1000000,1262646.50
882,lpush5,1000000,826525.62
882,lrange5,1000000,1158748.62
883,lpush5,1000000,827169.56
883,lrange5,1000000,1287021.88
884,lpush5,1000000,821732.12
884,lrange5,1000000,1245529.25
885,lpush5,1000000,828659.50
885,lrange5,1000000,1266005.00
886,lpush5,1000000,821083.69
886,lrange5,1000000,1290425.88
887,lpush5,1000000,824586.94
887,lrange5,1000000,1254785.50
888,lpush5,1000000,828553.44
888,lrange5,1000000,1288680.38
889,lpush5,1000000,819013.94
889,lrange5,1000000,1282071.88
890,lpush5,1000000,822407.94
890,lrange5,1000000,1194857.75
891,lpush5,1000000,831414.81
891,lrange5,1000000,1253173.00
892,lpush5,1000000,838236.44
892,lrange5,1000000,1293702.50
893,lpush5,1000000,824402.25
893,lrange5,1000000,1254705.12
894,lpush5,1000000,831441.44
894,lrange5,1000000,1291989.62
895,lpush5,1000000,823269.12
895,lrange5,1000000,1278895.12
896,lpush5,1000000,834041.69
896,lrange5,1000000,1195068.12
897,lpush5,1000000,826618.12
897,lrange5,1000000,1183507.62
898,lpush5,1000000,824415.44
898,lrange5,1000000,1230032.00
899,lpush5,1000000,833506.62
899,lrange5,1000000,1261074.38
900,lpush5,1000000,817085.00
900,lrange5,1000000,1285367.62
901,lpush5,1000000,816431.00
901,lrange5,1000000,1287166.00
902,lpush5,1000000,821057.44
902,lrange5,1000000,1272285.00
903,lpush5,1000000,818409.19
903,lrange5,1000000,1242236.00
904,lpush5,1000000,811740.25
904,lrange5,1000000,1274028.00
905,lpush5,1000000,818330.62
905,lrange5,1000000,1178252.12
906,lpush5,1000000,827222.50
906,lrange5,1000000,1290529.12
907,lpush5,1000000,825948.81
907,lrange5,1000000,1292093.00
908,lpush5,1000000,835435.25
908,lrange5,1000000,1292010.38
909,lpush5,1000000,817713.81
909,lrange5,1000000,1290446.50
910,lpush5,1000000,817032.69
910,lrange5,1000000,1233124.50
911,lpush5,1000000,811146.75
911,lrange5,1000000,1278792.88
912,lpush5,1000000,823269.12
912,lrange5,1000000,1285347.00
913,lpush5,1000000,822513.19
913,lrange5,1000000,1253152.88
914,lpush5,1000000,825240.94
914,lrange5,1000000,1183753.75
915,lpush5,1000000,824455.00
915,lrange5,1000000,1187895.50
916,lpush5,1000000,833373.31
916,lrange5,1000000,1278956.50
917,lpush5,1000000,825082.50
917,lrange5,1000000,1215261.25
918,lpush5,1000000,825188.12
918,lrange5,1000000,1261256.00
919,lpush5,1000000,821162.50
919,lrange5,1000000,1254825.62
920,lpush5,1000000,821136.25
920,lrange5,1000000,1285388.12
921,lpush5,1000000,823097.94
921,lrange5,1000000,1192238.38
922,lpush5,1000000,820436.44
922,lrange5,1000000,1200653.00
923,lpush5,1000000,823242.75
923,lrange5,1000000,1185213.25
924,lpush5,1000000,821732.12
924,lrange5,1000000,1247122.25
925,lpush5,1000000,815022.00
925,lrange5,1000000,1275551.00
926,lpush5,1000000,820488.94
926,lrange5,1000000,1282133.38
927,lpush5,1000000,829320.06
927,lrange5,1000000,1265984.75
928,lpush5,1000000,819079.50
928,lrange5,1000000,1288762.88
929,lpush5,1000000,821903.06
929,lrange5,1000000,1193336.50
930,lpush5,1000000,831946.75
930,lrange5,1000000,1230032.00
931,lpush5,1000000,821719.00
931,lrange5,1000000,1201942.25
932,lpush5,1000000,829240.50
932,lrange5,1000000,1290405.25
933,lpush5,1000000,821732.12
933,lrange5,1000000,1270810.62
934,lpush5,1000000,817661.44
934,lrange5,1000000,1247022.50
935,lpush5,1000000,822368.44
935,lrange5,1000000,1234725.88
936,lpush5,1000000,823163.75
936,lrange5,1000000,1278915.62
937,lpush5,1000000,825293.75
937,lrange5,1000000,1261215.62
938,lpush5,1000000,819092.56
938,lrange5,1000000,1248579.25
939,lpush5,1000000,824455.00
939,lrange5,1000000,1290384.50
940,lpush5,1000000,817058.81
940,lrange5,1000000,1236133.50
941,lpush5,1000000,829875.50
941,lrange5,1000000,1225666.75
942,lpush5,1000000,829915.31
942,lrange5,1000000,1242375.12
943,lpush5,1000000,829373.12
943,lrange5,1000000,1267447.50
944,lpush5,1000000,831321.75
944,lrange5,1000000,1272427.50
945,lpush5,1000000,836133.81
945,lrange5,1000000,1242315.50
946,lpush5,1000000,824626.50
946,lrange5,1000000,1233144.25
947,lpush5,1000000,828606.44
947,lrange5,1000000,1280491.62
948,lpush5,1000000,834724.56
948,lrange5,1000000,1278997.38
949,lpush5,1000000,819105.69
949,lrange5,1000000,1285511.62
950,lpush5,1000000,825148.50
950,lrange5,1000000,1274109.50
951,lpush5,1000000,825816.69
951,lrange5,1000000,1280409.75
952,lpush5,1000000,821929.31
952,lrange5,1000000,1239216.88
953,lpush5,1000000,820462.69
953,lrange5,1000000,1285449.88
954,lpush5,1000000,836334.44
954,lrange5,1000000,1100127.62
955,lpush5,1000000,825763.88
955,lrange5,1000000,1265984.75
956,lpush5,1000000,836994.12
956,lrange5,1000000,1261135.00
957,lpush5,1000000,822421.06
957,lrange5,1000000,1272305.38
958,lpush5,1000000,825293.75
958,lrange5,1000000,1259687.62
959,lpush5,1000000,822407.94
959,lrange5,1000000,1259586.88
960,lpush5,1000000,823111.06
960,lrange5,1000000,1218026.88
961,lpush5,1000000,821228.19
961,lrange5,1000000,1272264.62
962,lpush5,1000000,823137.44
962,lrange5,1000000,1287145.38
963,lpush5,1000000,825135.31
963,lrange5,1000000,1254745.25
964,lpush5,1000000,819777.00
964,lrange5,1000000,1282297.50
965,lpush5,1000000,822579.00
965,lrange5,1000000,1290508.38
966,lpush5,1000000,821745.25
966,lrange5,1000000,1292155.00
967,lpush5,1000000,819053.25
967,lrange5,1000000,1290467.12
968,lpush5,1000000,827129.88
968,lrange5,1000000,1290343.25
969,lpush5,1000000,830790.69
969,lrange5,1000000,1261215.62
970,lpush5,1000000,817661.44
970,lrange5,1000000,1160130.00
971,lpush5,1000000,819013.94
971,lrange5,1000000,1273926.12
972,lpush5,1000000,817098.06
972,lrange5,1000000,1195010.75
973,lpush5,1000000,823216.44
973,lrange5,1000000,1275530.62
974,lpush5,1000000,831321.75
974,lrange5,1000000,1267508.25
975,lpush5,1000000,831428.12
975,lrange5,1000000,1288804.12
976,lpush5,1000000,821018.00
976,lrange5,1000000,1278997.38
977,lpush5,1000000,834241.88
977,lrange5,1000000,1250000.00
978,lpush5,1000000,819013.94
978,lrange5,1000000,1288886.50
979,lpush5,1000000,831401.50
979,lrange5,1000000,1275673.50
980,lpush5,1000000,824534.19
980,lrange5,1000000,1267609.62
981,lpush5,1000000,826446.25
981,lrange5,1000000,1277159.62
982,lpush5,1000000,824481.44
982,lrange5,1000000,1283799.75
983,lpush5,1000000,826631.38
983,lrange5,1000000,1292258.38
984,lpush5,1000000,834188.50
984,lrange5,1000000,1245429.62
985,lpush5,1000000,831374.94
985,lrange5,1000000,1207748.75
986,lpush5,1000000,815008.94
986,lrange5,1000000,1236093.88
987,lpush5,1000000,831960.06
987,lrange5,1000000,1246962.62
988,lpush5,1000000,812412.69
988,lrange5,1000000,1265883.50
989,lpush5,1000000,818540.12
989,lrange5,1000000,1275714.38
990,lpush5,1000000,821784.69
990,lrange5,1000000,1282092.38
991,lpush5,1000000,823749.62
991,lrange5,1000000,1282133.38
992,lpush5,1000000,819184.31
992,lrange5,1000000,1142948.62
993,lpush5,1000000,837587.94
993,lrange5,1000000,1186372.50
994,lpush5,1000000,828026.50
994,lrange5,1000000,1215164.00
995,lpush5,1000000,832133.12
995,lrange5,1000000,1261054.25
996,lpush5,1000000,825829.94
996,lrange5,1000000,1280471.12
997,lpush5,1000000,825227.69
997,lrange5,1000000,1248519.38
998,lpush5,1000000,821745.25
998,lrange5,1000000,1195087.25
999,lpush5,1000000,819040.19
999,lrange5,1000000,1153734.75
1000,lpush5,1000000,825816.69
1000,lrange5,1000000,1199194.25
1001,lpush5,1000000,830671.12
1001,lrange5,1000000,1275510.25
1002,lpush5,1000000,817661.44
1002,lrange5,1000000,1199040.75
1003,lpush5,1000000,831414.81
1003,lrange5,1000000,1184891.00
1004,lpush5,1000000,824560.56
1004,lrange5,1000000,1191952.38
1005,lpush5,1000000,826485.94
1005,lrange5,1000000,1267447.50
1006,lpush5,1000000,820344.56
1006,lrange5,1000000,1227013.50
1007,lpush5,1000000,823097.94
1007,lrange5,1000000,1265863.25
1008,lpush5,1000000,833333.31
1008,lrange5,1000000,1275591.88
1009,lpush5,1000000,827143.12
1009,lrange5,1000000,1273987.25
1010,lpush5,1000000,828712.50
1010,lrange5,1000000,1233104.88
1011,lpush5,1000000,823163.75
1011,lrange5,1000000,1264404.50
1012,lpush5,1000000,824521.00
1012,lrange5,1000000,1195144.50
1013,lpush5,1000000,823229.62
1013,lrange5,1000000,1200499.38
1014,lpush5,1000000,828566.69
1014,lrange5,1000000,1228815.75
1015,lpush5,1000000,825975.25
1015,lrange5,1000000,1272366.38
1016,lpush5,1000000,827288.69
1016,lrange5,1000000,1192066.75
1017,lpush5,1000000,813669.69
1017,lrange5,1000000,1290632.25
1018,lpush5,1000000,832119.81
1018,lrange5,1000000,1285347.00
1019,lpush5,1000000,827328.38
1019,lrange5,1000000,1193393.75
1020,lpush5,1000000,832639.50
1020,lrange5,1000000,1197930.62
1021,lpush5,1000000,821719.00
1021,lrange5,1000000,1243840.75
1022,lpush5,1000000,822407.94
1022,lrange5,1000000,1243820.88
1023,lpush5,1000000,823868.19
1023,lrange5,1000000,1079930.88
1024,lpush5,1000000,830684.38
1024,lrange5,1000000,1233262.62
1025,lpush5,1000000,826446.25
1025,lrange5,1000000,1288680.38
1026,lpush5,1000000,821705.81
1026,lrange5,1000000,1186353.50
1027,lpush5,1000000,827907.31
1027,lrange5,1000000,1197834.75
1028,lpush5,1000000,820475.81
1028,lrange5,1000000,1265822.75
1029,lpush5,1000000,832826.00
1029,lrange5,1000000,1218202.25
1030,lpush5,1000000,831946.75
1030,lrange5,1000000,1233104.88
1031,lpush5,1000000,825254.12
1031,lrange5,1000000,1288659.75
1032,lpush5,1000000,822421.06
1032,lrange5,1000000,1227229.50
1033,lpush5,1000000,827275.44
1033,lrange5,1000000,1132539.00
1034,lpush5,1000000,827129.88
1034,lrange5,1000000,1113692.62
1035,lpush5,1000000,820528.31
1035,lrange5,1000000,1269198.00
1036,lpush5,1000000,823736.44
1036,lrange5,1000000,1191933.25
1037,lpush5,1000000,825082.50
1037,lrange5,1000000,1262666.62
1038,lpush5,1000000,827222.50
1038,lrange5,1000000,1187686.50
1039,lpush5,1000000,819763.94
1039,lrange5,1000000,1190476.25
1040,lpush5,1000000,823841.88
1040,lrange5,1000000,1228501.25
1041,lpush5,1000000,831986.69
1041,lrange5,1000000,1277200.50
1042,lpush5,1000000,823907.75
1042,lrange5,1000000,1248539.38
1043,lpush5,1000000,825122.12
1043,lrange5,1000000,1280491.62
1044,lpush5,1000000,827827.88
1044,lrange5,1000000,1245429.62
1045,lpush5,1000000,817661.44
1045,lrange5,1000000,1187781.50
1046,lpush5,1000000,825122.12
1046,lrange5,1000000,1273966.88
1047,lpush5,1000000,822421.06
1047,lrange5,1000000,1259566.75
1048,lpush5,1000000,835635.75
1048,lrange5,1000000,1264222.50
1049,lpush5,1000000,816457.12
1049,lrange5,1000000,1141643.88
1050,lpush5,1000000,816496.31
1050,lrange5,1000000,1239216.88
1051,lpush5,1000000,818330.62
1051,lrange5,1000000,1288701.00
1052,lpush5,1000000,824481.44
1052,lrange5,1000000,1293702.50
1053,lpush5,1000000,825135.31
1053,lrange5,1000000,1200595.38
1054,lpush5,1000000,825346.50
1054,lrange5,1000000,1287001.25
1055,lpush5,1000000,816431.00
1055,lrange5,1000000,1295523.25
1056,lpush5,1000000,821031.19
1056,lrange5,1000000,1182297.88
1057,lpush5,1000000,815126.31
1057,lrange5,1000000,1261074.38
1058,lpush5,1000000,830657.81
1058,lrange5,1000000,1297016.88
1059,lpush5,1000000,827867.56
1059,lrange5,1000000,1168542.00
1060,lpush5,1000000,819672.12
1060,lrange5,1000000,1202000.00
1061,lpush5,1000000,830724.25
1061,lrange5,1000000,1293702.50
1062,lpush5,1000000,823789.12
1062,lrange5,1000000,1278792.88
1063,lpush5,1000000,831268.50
1063,lrange5,1000000,1288659.75
1064,lpush5,1000000,823111.06
1064,lrange5,1000000,1228540.50
1065,lpush5,1000000,821732.12
1065,lrange5,1000000,1288721.62
1066,lpush5,1000000,820502.06
1066,lrange5,1000000,770687.25
1067,lpush5,1000000,822579.00
1067,lrange5,1000000,1186638.25
1068,lpush5,1000000,815061.12
1068,lrange5,1000000,1278833.75
1069,lpush5,1000000,809268.62
1069,lrange5,1000000,1222630.75
1070,lpush5,1000000,827907.31
1070,lrange5,1000000,1234607.38
1071,lpush5,1000000,817098.06
1071,lrange5,1000000,1095290.25
1072,lpush5,1000000,834871.50
1072,lrange5,1000000,1256361.75
1073,lpush5,1000000,823045.25
1073,lrange5,1000000,1200480.12
1074,lpush5,1000000,813047.12
1074,lrange5,1000000,1231527.12
1075,lpush5,1000000,832173.00
1075,lrange5,1000000,1185023.75
1076,lpush5,1000000,834081.75
1076,lrange5,1000000,1236232.38
1077,lpush5,1000000,828739.00
1077,lrange5,1000000,1285470.50
1078,lpush5,1000000,828593.19
1078,lrange5,1000000,1290405.25
1079,lpush5,1000000,827169.56
1079,lrange5,1000000,1283758.75
1080,lpush5,1000000,825816.69
1080,lrange5,1000000,1194934.25
1081,lpush5,1000000,832133.12
1081,lrange5,1000000,1202115.38
1082,lpush5,1000000,815673.75
1082,lrange5,1000000,1179660.38
1083,lpush5,1000000,818369.88
1083,lrange5,1000000,1269055.88
1084,lpush5,1000000,815087.19
1084,lrange5,1000000,1282133.38
1085,lpush5,1000000,828026.50
1085,lrange5,1000000,1184928.88
1086,lpush5,1000000,824455.00
1086,lrange5,1000000,1292031.00
1087,lpush5,1000000,823269.12
1087,lrange5,1000000,1243781.12
1088,lpush5,1000000,824415.44
1088,lrange5,1000000,1292093.00
1089,lpush5,1000000,812360.69
1089,lrange5,1000000,1287021.88
1090,lpush5,1000000,832106.50
1090,lrange5,1000000,1248519.38
1091,lpush5,1000000,758150.12
1091,lrange5,1000000,1256361.75
1092,lpush5,1000000,830710.94
1092,lrange5,1000000,1278792.88
1093,lpush5,1000000,835528.81
1093,lrange5,1000000,1154974.62
1094,lpush5,1000000,813112.19
1094,lrange5,1000000,1285347.00
1095,lpush5,1000000,824613.31
1095,lrange5,1000000,1253293.25
1096,lpush5,1000000,819105.69
1096,lrange5,1000000,1270709.00
1097,lpush5,1000000,820344.56
1097,lrange5,1000000,1287063.00
1098,lpush5,1000000,816431.00
1098,lrange5,1000000,1236173.00
1099,lpush5,1000000,813773.81
1099,lrange5,1000000,1278915.62
1100,lpush5,1000000,824613.31
1100,lrange5,1000000,1240734.50
1101,lpush5,1000000,827973.56
1101,lrange5,1000000,1227170.50
1102,lpush5,1000000,815048.06
1102,lrange5,1000000,1290343.25
1103,lpush5,1000000,825763.88
1103,lrange5,1000000,1190857.12
1104,lpush5,1000000,820383.94
1104,lrange5,1000000,1193680.25
1105,lpush5,1000000,821692.69
1105,lrange5,1000000,1287083.62
1106,lpush5,1000000,826472.69
1106,lrange5,1000000,1275591.88
1107,lpush5,1000000,823242.75
1107,lrange5,1000000,1243820.88
1108,lpush5,1000000,832732.75
1108,lrange5,1000000,1083475.62
1109,lpush5,1000000,748062.81
1109,lrange5,1000000,1245350.00
1110,lpush5,1000000,832679.44
1110,lrange5,1000000,1288659.75
1111,lpush5,1000000,827827.88
1111,lrange5,1000000,1292010.38
1112,lpush5,1000000,823749.62
1112,lrange5,1000000,1202346.12
1113,lpush5,1000000,817111.12
1113,lrange5,1000000,1275714.38
1114,lpush5,1000000,819079.50
1114,lrange5,1000000,1193527.50
1115,lpush5,1000000,828066.25
1115,lrange5,1000000,1288659.75
1116,lpush5,1000000,823789.12
1116,lrange5,1000000,1257861.62
1117,lpush5,1000000,820397.06
1117,lrange5,1000000,1288680.38
1118,lpush5,1000000,829875.50
1118,lrange5,1000000,1179283.00
1119,lpush5,1000000,823111.06
1119,lrange5,1000000,1253193.00
1120,lpush5,1000000,829200.69
1120,lrange5,1000000,1207826.12
1121,lpush5,1000000,828606.44
1121,lrange5,1000000,1196363.62
1122,lpush5,1000000,823045.25
1122,lrange5,1000000,1242275.75
1123,lpush5,1000000,826657.81
1123,lrange5,1000000,1254725.25
1124,lpush5,1000000,817661.44
1124,lrange5,1000000,1257942.12
1125,lpush5,1000000,827169.56
1125,lrange5,1000000,923700.88
1126,lpush5,1000000,823084.75
1126,lrange5,1000000,1194800.50
1127,lpush5,1000000,829213.94
1127,lrange5,1000000,1264525.88
1128,lpush5,1000000,823045.25
1128,lrange5,1000000,1287021.88
1129,lpush5,1000000,828606.44
1129,lrange5,1000000,1254885.88
1130,lpush5,1000000,827301.94
1130,lrange5,1000000,1269035.50
1131,lpush5,1000000,831361.62
1131,lrange5,1000000,1285491.00
1132,lpush5,1000000,817085.00
1132,lrange5,1000000,1273885.25
1133,lpush5,1000000,833533.31
1133,lrange5,1000000,1273946.50
1134,lpush5,1000000,832133.12
1134,lrange5,1000000,1290343.25
1135,lpush5,1000000,825148.50
1135,lrange5,1000000,1221059.88
1136,lpush5,1000000,825135.31
1136,lrange5,1000000,1280471.12
1137,lpush5,1000000,822552.69
1137,lrange5,1000000,1258042.75
1138,lpush5,1000000,828026.50
1138,lrange5,1000000,1295481.88
1139,lpush5,1000000,829267.00
1139,lrange5,1000000,1277159.62
1140,lpush5,1000000,827973.56
1140,lrange5,1000000,1288762.88
1141,lpush5,1000000,817124.19
1141,lrange5,1000000,1290322.62
1142,lpush5,1000000,826578.50
1142,lrange5,1000000,1270749.62
1143,lpush5,1000000,821110.00
1143,lrange5,1000000,1261054.25
1144,lpush5,1000000,825201.31
1144,lrange5,1000000,1270709.00
1145,lpush5,1000000,828513.69
1145,lrange5,1000000,1287124.88
1146,lpush5,1000000,814423.44
1146,lrange5,1000000,1288845.38
1147,lpush5,1000000,827196.06
1147,lrange5,1000000,1256321.62
1148,lpush5,1000000,828553.44
1148,lrange5,1000000,1228501.25
1149,lpush5,1000000,833346.62
1149,lrange5,1000000,1191971.38
1150,lpush5,1000000,818527.00
1150,lrange5,1000000,1189479.12
1151,lpush5,1000000,823736.44
1151,lrange5,1000000,1222533.00
1152,lpush5,1000000,830644.50
1152,lrange5,1000000,1231684.75
1153,lpush5,1000000,821692.69
1153,lrange5,1000000,1216642.25
1154,lpush5,1000000,827814.62
1154,lrange5,1000000,1187762.50
1155,lpush5,1000000,817766.12
1155,lrange5,1000000,1270831.00
1156,lpush5,1000000,825962.06
1156,lrange5,1000000,1192219.38
1157,lpush5,1000000,823124.25
1157,lrange5,1000000,1060801.62
1158,lpush5,1000000,822526.31
1158,lrange5,1000000,1285367.62
1159,lpush5,1000000,827986.81
1159,lrange5,1000000,1256422.12
1160,lpush5,1000000,819724.56
1160,lrange5,1000000,1283717.62
1161,lpush5,1000000,826446.25
1161,lrange5,1000000,1264404.50
1162,lpush5,1000000,823815.50
1162,lrange5,1000000,1293702.50
1163,lpush5,1000000,819777.00
1163,lrange5,1000000,1272325.62
1164,lpush5,1000000,828026.50
1164,lrange5,1000000,1253173.00
1165,lpush5,1000000,829399.69
1165,lrange5,1000000,1283697.12
1166,lpush5,1000000,829915.31
1166,lrange5,1000000,1275653.12
1167,lpush5,1000000,821031.19
1167,lrange5,1000000,1278956.50
1168,lpush5,1000000,829306.81
1168,lrange5,1000000,1277302.75
1169,lpush5,1000000,832692.75
1169,lrange5,1000000,1239335.88
1170,lpush5,1000000,817805.38
1170,lrange5,1000000,1245449.62
1171,lpush5,1000000,825082.50
1171,lrange5,1000000,1275551.00
1172,lpush5,1000000,827143.12
1172,lrange5,1000000,1295461.12
1173,lpush5,1000000,823176.94
1173,lrange5,1000000,1277364.00
1174,lpush5,1000000,824494.62
1174,lrange5,1000000,1251564.38
1175,lpush5,1000000,832013.31
1175,lrange5,1000000,1290322.62
1176,lpush5,1000000,827169.56
1176,lrange5,1000000,1202019.25
1177,lpush5,1000000,815178.50
1177,lrange5,1000000,1269035.50
1178,lpush5,1000000,836334.44
1178,lrange5,1000000,1242414.88
1179,lpush5,1000000,817674.56
1179,lrange5,1000000,1280471.12
1180,lpush5,1000000,825108.88
1180,lrange5,1000000,1230110.62
1181,lpush5,1000000,815673.75
1181,lrange5,1000000,1285532.12
1182,lpush5,1000000,834028.38
1182,lrange5,1000000,1246902.75
1183,lpush5,1000000,835475.31
1183,lrange5,1000000,1262808.12
1184,lpush5,1000000,831295.12
1184,lrange5,1000000,1278895.12
1185,lpush5,1000000,819040.19
1185,lrange5,1000000,1207806.75
1186,lpush5,1000000,829875.50
1186,lrange5,1000000,1243920.38
1187,lpush5,1000000,825909.19
1187,lrange5,1000000,1292010.38
1188,lpush5,1000000,834724.56
1188,lrange5,1000000,1206523.50
1189,lpush5,1000000,827235.75
1189,lrange5,1000000,1270688.75
1190,lpush5,1000000,835462.00
1190,lrange5,1000000,1264404.50
1191,lpush5,1000000,819698.31
1191,lrange5,1000000,1300577.38
1192,lpush5,1000000,832079.88
1192,lrange5,1000000,1218046.38
1193,lpush5,1000000,831428.12
1193,lrange5,1000000,1236113.75
1194,lpush5,1000000,818383.00
1194,lrange5,1000000,1267447.50
1195,lpush5,1000000,826552.06
1195,lrange5,1000000,1277159.62
1196,lpush5,1000000,817137.25
1196,lrange5,1000000,1254845.62
1197,lpush5,1000000,825829.94
1197,lrange5,1000000,1278772.38
1198,lpush5,1000000,834911.56
1198,lrange5,1000000,1267630.00
1199,lpush5,1000000,832013.31
1199,lrange5,1000000,1272427.50
1200,lpush5,1000000,816339.56
1200,lrange5,1000000,1237643.50
1201,lpush5,1000000,822592.12
1201,lrange5,1000000,1187686.50
1202,lpush5,1000000,823855.06
1202,lrange5,1000000,1293723.12
1203,lpush5,1000000,827880.81
1203,lrange5,1000000,1200787.50
1204,lpush5,1000000,819066.38
1204,lrange5,1000000,1290487.75
1205,lpush5,1000000,825135.31
1205,lrange5,1000000,1291989.62
1206,lpush5,1000000,828039.75
1206,lrange5,1000000,1196172.25
1207,lpush5,1000000,823097.94
1207,lrange5,1000000,1019726.81
1208,lpush5,1000000,815830.38
1208,lrange5,1000000,1287063.00
1209,lpush5,1000000,821018.00
1209,lrange5,1000000,1189193.75
1210,lpush5,1000000,823058.44
1210,lrange5,1000000,1262808.12
1211,lpush5,1000000,836967.31
1211,lrange5,1000000,1290363.88
1212,lpush5,1000000,832039.94
1212,lrange5,1000000,1272325.62
1213,lpush5,1000000,836187.31
1213,lrange5,1000000,1236113.75
1214,lpush5,1000000,824415.44
1214,lrange5,1000000,1282092.38
1215,lpush5,1000000,828553.44
1215,lrange5,1000000,1292113.75
1216,lpush5,1000000,824402.25
1216,lrange5,1000000,1279017.88
1217,lpush5,1000000,839738.06
1217,lrange5,1000000,1292072.38
1218,lpush5,1000000,828513.69
1218,lrange5,1000000,1285532.12
1219,lpush5,1000000,820344.56
1219,lrange5,1000000,1283779.25
1220,lpush5,1000000,826459.50
1220,lrange5,1000000,1253173.00
1221,lpush5,1000000,837721.94
1221,lrange5,1000000,1287207.25
1222,lpush5,1000000,823894.56
1222,lrange5,1000000,1273885.25
1223,lpush5,1000000,820462.69
1223,lrange5,1000000,1287083.62
1224,lpush5,1000000,823111.06
1224,lrange5,1000000,1280409.75
1225,lpush5,1000000,687340.19
1225,lrange5,1000000,1196172.25
1226,lpush5,1000000,826459.50
1226,lrange5,1000000,1183715.88
1227,lpush5,1000000,826618.12
1227,lrange5,1000000,1222611.25
1228,lpush5,1000000,827196.06
1228,lrange5,1000000,1243801.00
1229,lpush5,1000000,831960.06
1229,lrange5,1000000,1199175.12
1230,lpush5,1000000,829981.69
1230,lrange5,1000000,1287021.88
1231,lpush5,1000000,836200.69
1231,lrange5,1000000,1259607.00
1232,lpush5,1000000,826565.25
1232,lrange5,1000000,1262666.62
1233,lpush5,1000000,824481.44
1233,lrange5,1000000,1234646.88
1234,lpush5,1000000,827209.25
1234,lrange5,1000000,1287063.00
1235,lpush5,1000000,819763.94
1235,lrange5,1000000,1278977.00
1236,lpush5,1000000,821188.81
1236,lrange5,1000000,1199098.38
1237,lpush5,1000000,839033.56
1237,lrange5,1000000,1189250.88
1238,lpush5,1000000,825201.31
1238,lrange5,1000000,1240734.50
1239,lpush5,1000000,834028.38
1239,lrange5,1000000,1256301.50
1240,lpush5,1000000,836820.06
1240,lrange5,1000000,1287001.25
1241,lpush5,1000000,833466.62
1241,lrange5,1000000,1288659.75
1242,lpush5,1000000,828632.94
1242,lrange5,1000000,1275734.75
1243,lpush5,1000000,828553.44
1243,lrange5,1000000,1198007.25
1244,lpush5,1000000,829187.44
1244,lrange5,1000000,1285491.00
1245,lpush5,1000000,826485.94
1245,lrange5,1000000,1189346.00
1246,lpush5,1000000,825082.50
1246,lrange5,1000000,1287145.38
1247,lpush5,1000000,828513.69
1247,lrange5,1000000,1234587.62
1248,lpush5,1000000,824507.81
1248,lrange5,1000000,1288866.00
1249,lpush5,1000000,827315.12
1249,lrange5,1000000,1215066.75
1250,lpush5,1000000,827328.38
1250,lrange5,1000000,1240774.25
1251,lpush5,1000000,821215.06
1251,lrange5,1000000,1272264.62
1252,lpush5,1000000,828699.25
1252,lrange5,1000000,811081.88
1253,lpush5,1000000,516845.50
1253,lrange5,1000000,807806.12
1254,lpush5,1000000,835421.88
1254,lrange5,1000000,1291989.62
1255,lpush5,1000000,817844.62
1255,lrange5,1000000,1146972.50
1256,lpush5,1000000,820515.19
1256,lrange5,1000000,1275591.88
1257,lpush5,1000000,834095.06
1257,lrange5,1000000,1200537.75
1258,lpush5,1000000,830034.81
1258,lrange5,1000000,1191971.38
1259,lpush5,1000000,818461.56
1259,lrange5,1000000,1254785.50
1260,lpush5,1000000,825803.50
1260,lrange5,1000000,1264343.88
1261,lpush5,1000000,824547.38
1261,lrange5,1000000,1272264.62
1262,lpush5,1000000,825095.69
1262,lrange5,1000000,1290425.88
1263,lpush5,1000000,822579.00
1263,lrange5,1000000,1264222.50
1264,lpush5,1000000,834724.56
1264,lrange5,1000000,1269116.75
1265,lpush5,1000000,820344.56
1265,lrange5,1000000,1098953.88
1266,lpush5,1000000,824468.25
1266,lrange5,1000000,1280471.12
1267,lpush5,1000000,828686.00
1267,lrange5,1000000,1278915.62
1268,lpush5,1000000,835515.44
1268,lrange5,1000000,1192085.88
1269,lpush5,1000000,829187.44
1269,lrange5,1000000,1282236.00
1270,lpush5,1000000,828712.50
1270,lrange5,1000000,1182335.62
1271,lpush5,1000000,832133.12
1271,lrange5,1000000,1282071.88
1272,lpush5,1000000,829200.69
1272,lrange5,1000000,1200672.25
1273,lpush5,1000000,832732.75
1273,lrange5,1000000,1278792.88
1274,lpush5,1000000,827156.31
1274,lrange5,1000000,1190857.12
1275,lpush5,1000000,832652.81
1275,lrange5,1000000,1265984.75
1276,lpush5,1000000,829227.19
1276,lrange5,1000000,1251764.62
1277,lpush5,1000000,836307.69
1277,lrange5,1000000,1290343.25
1278,lpush5,1000000,832000.00
1278,lrange5,1000000,1267467.75
1279,lpush5,1000000,829902.06
1279,lrange5,1000000,1248459.38
1280,lpush5,1000000,837547.75
1280,lrange5,1000000,1283984.62
1281,lpush5,1000000,839087.25
1281,lrange5,1000000,1272305.38
1282,lpush5,1000000,823111.06
1282,lrange5,1000000,1282297.50
1283,lpush5,1000000,833519.94
1283,lrange5,1000000,1282153.88
1284,lpush5,1000000,825188.12
1284,lrange5,1000000,1231546.88
1285,lpush5,1000000,827960.31
1285,lrange5,1000000,1186676.12
1286,lpush5,1000000,830564.81
1286,lrange5,1000000,1202057.62
1287,lpush5,1000000,825896.00
1287,lrange5,1000000,1257861.62
1288,lpush5,1000000,821745.25
1288,lrange5,1000000,1179603.75
1289,lpush5,1000000,836994.12
1289,lrange5,1000000,1185099.50
1290,lpush5,1000000,825922.38
1290,lrange5,1000000,1246882.88
1291,lpush5,1000000,834858.12
1291,lrange5,1000000,1195163.62
1292,lpush5,1000000,827209.25
1292,lrange5,1000000,1199424.50
1293,lpush5,1000000,827814.62
1293,lrange5,1000000,1287145.38
1294,lpush5,1000000,825909.19
1294,lrange5,1000000,1192085.88
1295,lpush5,1000000,830697.69
1295,lrange5,1000000,1278874.62
1296,lpush5,1000000,827986.81
1296,lrange5,1000000,1279079.25
1297,lpush5,1000000,825082.50
1297,lrange5,1000000,1262686.88
1298,lpush5,1000000,818356.81
1298,lrange5,1000000,1288659.75
1299,lpush5,1000000,821031.19
1299,lrange5,1000000,1264505.62
1300,lpush5,1000000,825935.62
1300,lrange5,1000000,1292093.00
1301,lpush5,1000000,823894.56
1301,lrange5,1000000,1287063.00
1302,lpush5,1000000,826446.25
1302,lrange5,1000000,1291989.62
1303,lpush5,1000000,829346.62
1303,lrange5,1000000,1250200.00
1304,lpush5,1000000,821745.25
1304,lrange5,1000000,1267528.50
1305,lpush5,1000000,820397.06
1305,lrange5,1000000,1269035.50
1306,lpush5,1000000,825267.31
1306,lrange5,1000000,1275673.50
1307,lpush5,1000000,822381.62
1307,lrange5,1000000,820528.31
1308,lpush5,1000000,512172.06
1308,lrange5,1000000,1209247.88
1309,lpush5,1000000,827368.06
1309,lrange5,1000000,1186448.38
1310,lpush5,1000000,830737.56
1310,lrange5,1000000,1190628.62
1311,lpush5,1000000,832812.69
1311,lrange5,1000000,1225568.62
1312,lpush5,1000000,836147.19
1312,lrange5,1000000,1190704.75
1313,lpush5,1000000,829253.75
1313,lrange5,1000000,1245529.25
1314,lpush5,1000000,831414.81
1314,lrange5,1000000,1195087.25
1315,lpush5,1000000,826446.25
1315,lrange5,1000000,1197700.62
1316,lpush5,1000000,840470.56
1316,lrange5,1000000,1292175.75
1317,lpush5,1000000,831454.75
1317,lrange5,1000000,1250020.00
1318,lpush5,1000000,829888.75
1318,lrange5,1000000,1269076.12
1319,lpush5,1000000,825909.19
1319,lrange5,1000000,1237623.75
1320,lpush5,1000000,829293.56
1320,lrange5,1000000,1193374.75
1321,lpush5,1000000,823097.94
1321,lrange5,1000000,1194972.50
1322,lpush5,1000000,827209.25
1322,lrange5,1000000,1275530.62
1323,lpush5,1000000,827973.56
1323,lrange5,1000000,1283738.12
1324,lpush5,1000000,829915.31
1324,lrange5,1000000,1290467.12
1325,lpush5,1000000,823058.44
1325,lrange5,1000000,1291989.62
1326,lpush5,1000000,834751.31
1326,lrange5,1000000,1295523.25
1327,lpush5,1000000,827933.81
1327,lrange5,1000000,1196191.38
1328,lpush5,1000000,829200.69
1328,lrange5,1000000,1199290.12
1329,lpush5,1000000,817700.69
1329,lrange5,1000000,1237643.50
1330,lpush5,1000000,820607.06
1330,lrange5,1000000,1278936.00
1331,lpush5,1000000,819027.06
1331,lrange5,1000000,1250000.00
1332,lpush5,1000000,827249.00
1332,lrange5,1000000,1203581.25
1333,lpush5,1000000,828053.00
1333,lrange5,1000000,1282236.00
1334,lpush5,1000000,827196.06
1334,lrange5,1000000,1199443.62
1335,lpush5,1000000,824402.25
1335,lrange5,1000000,1137929.50
1336,lpush5,1000000,830617.94
1336,lrange5,1000000,1251724.62
1337,lpush5,1000000,818540.12
1337,lrange5,1000000,1187838.50
1338,lpush5,1000000,823084.75
1338,lrange5,1000000,894511.62
1339,lpush5,1000000,642673.50
1339,lrange5,1000000,1257962.25
1340,lpush5,1000000,834028.38
1340,lrange5,1000000,1233085.12
1341,lpush5,1000000,822368.44
1341,lrange5,1000000,1292010.38
1342,lpush5,1000000,832786.00
1342,lrange5,1000000,1190704.75
1343,lpush5,1000000,829902.06
1343,lrange5,1000000,1145512.00
1344,lpush5,1000000,829915.31
1344,lrange5,1000000,1215222.38
1345,lpush5,1000000,825135.31
1345,lrange5,1000000,1190895.25
1346,lpush5,1000000,832173.00
1346,lrange5,1000000,1273885.25
1347,lpush5,1000000,837534.31
1347,lrange5,1000000,1283840.88
1348,lpush5,1000000,818343.69
1348,lrange5,1000000,1248459.38
1349,lpush5,1000000,825135.31
1349,lrange5,1000000,1290322.62
1350,lpush5,1000000,815830.38
1350,lrange5,1000000,1216545.00
1351,lpush5,1000000,829293.56
1351,lrange5,1000000,1234567.88
1352,lpush5,1000000,831986.69
1352,lrange5,1000000,1285408.75
1353,lpush5,1000000,835488.69
1353,lrange5,1000000,1292196.38
1354,lpush5,1000000,828606.44
1354,lrange5,1000000,1264465.25
1355,lpush5,1000000,825161.69
1355,lrange5,1000000,1288804.12
1356,lpush5,1000000,825135.31
1356,lrange5,1000000,1240853.62
1357,lpush5,1000000,816993.50
1357,lrange5,1000000,1272305.38
1358,lpush5,1000000,816417.94
1358,lrange5,1000000,1267528.50
1359,lpush5,1000000,830021.56
1359,lrange5,1000000,1254765.38
1360,lpush5,1000000,818383.00
1360,lrange5,1000000,1288762.88
1361,lpush5,1000000,831374.94
1361,lrange5,1000000,1254705.12
1362,lpush5,1000000,815726.00
1362,lrange5,1000000,1270831.00
1363,lpush5,1000000,827156.31
1363,lrange5,1000000,1282174.38
1364,lpush5,1000000,815126.31
1364,lrange5,1000000,1230012.25
1365,lpush5,1000000,829928.62
1365,lrange5,1000000,1199251.75
1366,lpush5,1000000,832865.94
1366,lrange5,1000000,1186657.12
1367,lpush5,1000000,831255.25
1367,lrange5,1000000,1285449.88
1368,lpush5,1000000,822434.25
1368,lrange5,1000000,1253313.38
1369,lpush5,1000000,831388.25
1369,lrange5,1000000,1193718.38
1370,lpush5,1000000,825763.88
1370,lrange5,1000000,1288659.75
1371,lpush5,1000000,820383.94
1371,lrange5,1000000,1288824.75
1372,lpush5,1000000,833399.94
1372,lrange5,1000000,1203408.00
1373,lpush5,1000000,825922.38
1373,lrange5,1000000,1269055.88
1374,lpush5,1000000,823058.44
1374,lrange5,1000000,1287063.00
1375,lpush5,1000000,832013.31
1375,lrange5,1000000,1194743.12
1376,lpush5,1000000,827315.12
1376,lrange5,1000000,1183640.25
1377,lpush5,1000000,828619.69
1377,lrange5,1000000,1182203.25
1378,lpush5,1000000,819013.94
1378,lrange5,1000000,1195144.50
1379,lpush5,1000000,827182.81
1379,lrange5,1000000,1269096.50
1380,lpush5,1000000,816470.19
1380,lrange5,1000000,1251564.38
1381,lpush5,1000000,821811.00
1381,lrange5,1000000,1280471.12
1382,lpush5,1000000,821916.19
1382,lrange5,1000000,1285347.00
1383,lpush5,1000000,829227.19
1383,lrange5,1000000,1288742.25
1384,lpush5,1000000,825082.50
1384,lrange5,1000000,1188085.50
1385,lpush5,1000000,830657.81
1385,lrange5,1000000,1256341.75
1386,lpush5,1000000,820449.56
1386,lrange5,1000000,1251724.62
1387,lpush5,1000000,835622.38
1387,lrange5,1000000,1117372.12
1388,lpush5,1000000,827169.56
1388,lrange5,1000000,1278813.25
1389,lpush5,1000000,829875.50
1389,lrange5,1000000,1272407.12
1390,lpush5,1000000,817215.69
1390,lrange5,1000000,1200864.38
1391,lpush5,1000000,838343.69
1391,lrange5,1000000,1269218.25
1392,lpush5,1000000,819685.25
1392,lrange5,1000000,1197834.75
1393,lpush5,1000000,821188.81
1393,lrange5,1000000,1287166.00
1394,lpush5,1000000,833413.31
1394,lrange5,1000000,1199136.75
1395,lpush5,1000000,821824.12
1395,lrange5,1000000,1251764.62
1396,lpush5,1000000,827920.56
1396,lrange5,1000000,1293888.75
1397,lpush5,1000000,825988.44
1397,lrange5,1000000,1267589.38
1398,lpush5,1000000,822394.75
1398,lrange5,1000000,1295336.75
1399,lpush5,1000000,832706.12
1399,lrange5,1000000,1285388.12
1400,lpush5,1000000,822500.00
1400,lrange5,1000000,1293661.00
1401,lpush5,1000000,815739.00
1401,lrange5,1000000,1234686.38
1402,lpush5,1000000,825763.88
1402,lrange5,1000000,1256281.38
1403,lpush5,1000000,811107.81
1403,lrange5,1000000,1272325.62
1404,lpush5,1000000,823868.19
1404,lrange5,1000000,1261215.62
1405,lpush5,1000000,818513.94
1405,lrange5,1000000,1234706.12
1406,lpush5,1000000,823111.06
1406,lrange5,1000000,1292175.75
1407,lpush5,1000000,829928.62
1407,lrange5,1000000,1288762.88
1408,lpush5,1000000,824613.31
1408,lrange5,1000000,1201923.00
1409,lpush5,1000000,817700.69
1409,lrange5,1000000,1261135.00
1410,lpush5,1000000,824455.00
1410,lrange5,1000000,1288845.38
1411,lpush5,1000000,821018.00
1411,lrange5,1000000,1199079.12
1412,lpush5,1000000,834951.62
1412,lrange5,1000000,1199328.50
1413,lpush5,1000000,823775.94
1413,lrange5,1000000,1275591.88
1414,lpush5,1000000,825856.31
1414,lrange5,1000000,1290322.62
1415,lpush5,1000000,818448.44
1415,lrange5,1000000,1189403.12
1416,lpush5,1000000,823762.75
1416,lrange5,1000000,1291989.62
1417,lpush5,1000000,817674.56
1417,lrange5,1000000,1256281.38
1418,lpush5,1000000,821811.00
1418,lrange5,1000000,1253293.25
1419,lpush5,1000000,821758.44
1419,lrange5,1000000,1275714.38
1420,lpush5,1000000,836927.19
1420,lrange5,1000000,1191914.25
1421,lpush5,1000000,827143.12
1421,lrange5,1000000,1287042.50
1422,lpush5,1000000,822381.62
1422,lrange5,1000000,1197892.25
1423,lpush5,1000000,812360.69
1423,lrange5,1000000,1256442.25
1424,lpush5,1000000,816339.56
1424,lrange5,1000000,1192276.50
1425,lpush5,1000000,825803.50
1425,lrange5,1000000,1272285.00
1426,lpush5,1000000,829875.50
1426,lrange5,1000000,1267488.00
1427,lpush5,1000000,815699.88
1427,lrange5,1000000,1243801.00
1428,lpush5,1000000,825803.50
1428,lrange5,1000000,1264242.75
1429,lpush5,1000000,813669.69
1429,lrange5,1000000,1272488.50
1430,lpush5,1000000,820397.06
1430,lrange5,1000000,1290425.88
1431,lpush5,1000000,816378.75
1431,lrange5,1000000,1242395.00
1432,lpush5,1000000,821018.00
1432,lrange5,1000000,1269177.62
1433,lpush5,1000000,819763.94
1433,lrange5,1000000,1196287.00
1434,lpush5,1000000,815882.56
1434,lrange5,1000000,1261094.62
1435,lpush5,1000000,829227.19
1435,lrange5,1000000,1149627.62
1436,lpush5,1000000,819066.38
1436,lrange5,1000000,1278936.00
1437,lpush5,1000000,832706.12
1437,lrange5,1000000,1200595.38
1438,lpush5,1000000,822500.00
1438,lrange5,1000000,1243840.75
1439,lpush5,1000000,828672.75
1439,lrange5,1000000,1233164.00
1440,lpush5,1000000,817766.12
1440,lrange5,1000000,1261114.75
1441,lpush5,1000000,826446.25
1441,lrange5,1000000,1193756.62
1442,lpush5,1000000,827129.88
1442,lrange5,1000000,1207729.50
1443,lpush5,1000000,831946.75
1443,lrange5,1000000,1269157.38
1444,lpush5,1000000,827960.31
1444,lrange5,1000000,1233124.50
1445,lpush5,1000000,833333.31
1445,lrange5,1000000,1187705.50
1446,lpush5,1000000,829200.69
1446,lrange5,1000000,1213708.75
1447,lpush5,1000000,830710.94
1447,lrange5,1000000,1250020.00
1448,lpush5,1000000,819672.12
1448,lrange5,1000000,1287083.62
1449,lpush5,1000000,824573.75
1449,lrange5,1000000,1280450.62
1450,lpush5,1000000,821850.44
1450,lrange5,1000000,1246902.75
1451,lpush5,1000000,825882.75
1451,lrange5,1000000,1293764.50
1452,lpush5,1000000,827143.12
1452,lrange5,1000000,1187724.50
1453,lpush5,1000000,828579.94
1453,lrange5,1000000,1190628.62
1454,lpush5,1000000,827880.81
1454,lrange5,1000000,1199213.50
1455,lpush5,1000000,832666.12
1455,lrange5,1000000,1290425.88
1456,lpush5,1000000,827907.31
1456,lrange5,1000000,1272447.88
1457,lpush5,1000000,823841.88
1457,lrange5,1000000,1180883.12
1458,lpush5,1000000,827341.62
1458,lrange5,1000000,1250000.00
1459,lpush5,1000000,826671.06
1459,lrange5,1000000,1290487.75
1460,lpush5,1000000,831268.50
1460,lrange5,1000000,1261256.00
1461,lpush5,1000000,822381.62
1461,lrange5,1000000,1282215.38
1462,lpush5,1000000,827129.88
1462,lrange5,1000000,1293909.50
1463,lpush5,1000000,832692.75
1463,lrange5,1000000,1224029.38
1464,lpush5,1000000,822513.19
1464,lrange5,1000000,1259647.25
1465,lpush5,1000000,831946.75
1465,lrange5,1000000,1270648.00
1466,lpush5,1000000,819145.00
1466,lrange5,1000000,1272285.00
1467,lpush5,1000000,823749.62
1467,lrange5,1000000,1218202.25
1468,lpush5,1000000,819737.69
1468,lrange5,1000000,1251664.50
1469,lpush5,1000000,823216.44
1469,lrange5,1000000,1251564.38
1470,lpush5,1000000,821083.69
1470,lrange5,1000000,1273946.50
1471,lpush5,1000000,820436.44
1471,lrange5,1000000,1288824.75
1472,lpush5,1000000,817766.12
1472,lrange5,1000000,1258244.00
1473,lpush5,1000000,822394.75
1473,lrange5,1000000,1240952.88
1474,lpush5,1000000,820567.69
1474,lrange5,1000000,1267589.38
1475,lpush5,1000000,826485.94
1475,lrange5,1000000,1251604.50
1476,lpush5,1000000,827182.81
1476,lrange5,1000000,1272366.38
1477,lpush5,1000000,827867.56
1477,lrange5,1000000,1280594.12
1478,lpush5,1000000,815048.06
1478,lrange5,1000000,1290343.25
1479,lpush5,1000000,829875.50
1479,lrange5,1000000,1270749.62
1480,lpush5,1000000,823216.44
1480,lrange5,1000000,1290487.75
1481,lpush5,1000000,832093.19
1481,lrange5,1000000,1199175.12
1482,lpush5,1000000,827301.94
1482,lrange5,1000000,1290508.38
1483,lpush5,1000000,839697.75
1483,lrange5,1000000,1275510.25
1484,lpush5,1000000,819027.06
1484,lrange5,1000000,1273926.12
1485,lpush5,1000000,832706.12
1485,lrange5,1000000,1290487.75
1486,lpush5,1000000,818396.06
1486,lrange5,1000000,1275530.62
1487,lpush5,1000000,830644.50
1487,lrange5,1000000,1290343.25
1488,lpush5,1000000,818513.94
1488,lrange5,1000000,1290549.75
1489,lpush5,1000000,830591.38
1489,lrange5,1000000,1180977.62
1490,lpush5,1000000,821732.12
1490,lrange5,1000000,1272366.38
1491,lpush5,1000000,824455.00
1491,lrange5,1000000,1254805.50
1492,lpush5,1000000,835662.50
1492,lrange5,1000000,1243840.75
1493,lpush5,1000000,831268.50
1493,lrange5,1000000,1199251.75
1494,lpush5,1000000,830564.81
1494,lrange5,1000000,1278792.88
1495,lpush5,1000000,825214.50
1495,lrange5,1000000,1186239.62
1496,lpush5,1000000,832146.44
1496,lrange5,1000000,1208115.88
1497,lpush5,1000000,825763.88
1497,lrange5,1000000,1250020.00
1498,lpush5,1000000,819092.56
1498,lrange5,1000000,1196459.25
1499,lpush5,1000000,818448.44
1499,lrange5,1000000,1199462.88
1500,lpush5,1000000,826512.38
1500,lrange5,1000000,1196172.25
1501,lpush5,1000000,828566.69
1501,lrange5,1000000,1283840.88
1502,lpush5,1000000,824468.25
1502,lrange5,1000000,1262686.88
1503,lpush5,1000000,829928.62
1503,lrange5,1000000,1243880.62
1504,lpush5,1000000,827222.50
1504,lrange5,1000000,1280491.62
1505,lpush5,1000000,818422.25
1505,lrange5,1000000,1287145.38
1506,lpush5,1000000,822539.50
1506,lrange5,1000000,1197719.75
1507,lpush5,1000000,819105.69
1507,lrange5,1000000,1293681.75
1508,lpush5,1000000,829333.38
1508,lrange5,1000000,1295357.50
1509,lpush5,1000000,827368.06
1509,lrange5,1000000,1194915.12
1510,lpush5,1000000,822552.69
1510,lrange5,1000000,1132611.50
1511,lpush5,1000000,827143.12
1511,lrange5,1000000,1193546.50
1512,lpush5,1000000,829267.00
1512,lrange5,1000000,1267447.50
1513,lpush5,1000000,832000.00
1513,lrange5,1000000,1251624.50
1514,lpush5,1000000,826446.25
1514,lrange5,1000000,1239316.00
1515,lpush5,1000000,832679.44
1515,lrange5,1000000,1222591.62
1516,lpush5,1000000,821070.56
1516,lrange5,1000000,1295564.75
1517,lpush5,1000000,833386.62
1517,lrange5,1000000,1267427.12
1518,lpush5,1000000,829359.88
1518,lrange5,1000000,1280471.12
1519,lpush5,1000000,819105.69
1519,lrange5,1000000,1273905.75
1520,lpush5,1000000,823229.62
1520,lrange5,1000000,1265863.25
1521,lpush5,1000000,821824.12
1521,lrange5,1000000,1265964.50
1522,lpush5,1000000,829386.44
1522,lrange5,1000000,1216759.12
1523,lpush5,1000000,825829.94
1523,lrange5,1000000,1287042.50
1524,lpush5,1000000,827880.81
1524,lrange5,1000000,1270770.00
1525,lpush5,1000000,836307.69
1525,lrange5,1000000,1195125.38
1526,lpush5,1000000,829928.62
1526,lrange5,1000000,1237623.75
1527,lpush5,1000000,817726.88
1527,lrange5,1000000,1285367.62
1528,lpush5,1000000,813877.94
1528,lrange5,1000000,1178026.00
1529,lpush5,1000000,832119.81
1529,lrange5,1000000,1194781.38
1530,lpush5,1000000,827867.56
1530,lrange5,1000000,1288680.38
1531,lpush5,1000000,822368.44
1531,lrange5,1000000,1292072.38
1532,lpush5,1000000,824468.25
1532,lrange5,1000000,1288866.00
1533,lpush5,1000000,830578.06
1533,lrange5,1000000,1270668.38
1534,lpush5,1000000,825816.69
1534,lrange5,1000000,1279038.38
1535,lpush5,1000000,830564.81
1535,lrange5,1000000,1242236.00
1536,lpush5,1000000,823736.44
1536,lrange5,1000000,1288804.12
1537,lpush5,1000000,825082.50
1537,lrange5,1000000,1262666.62
1538,lpush5,1000000,827301.94
1538,lrange5,1000000,1292051.75
1539,lpush5,1000000,825829.94
1539,lrange5,1000000,1293847.38
1540,lpush5,1000000,825095.69
1540,lrange5,1000000,1293806.00
1541,lpush5,1000000,825922.38
1541,lrange5,1000000,1292093.00
1542,lpush5,1000000,839845.50
1542,lrange5,1000000,1240694.75
1543,lpush5,1000000,825135.31
1543,lrange5,1000000,1196172.25
1544,lpush5,1000000,825935.62
1544,lrange5,1000000,1283758.75
1545,lpush5,1000000,824534.19
1545,lrange5,1000000,1282092.38
1546,lpush5,1000000,823045.25
1546,lrange5,1000000,1280450.62
1547,lpush5,1000000,824468.25
1547,lrange5,1000000,1182279.00
1548,lpush5,1000000,821692.69
1548,lrange5,1000000,1191933.25
1549,lpush5,1000000,819816.38
1549,lrange5,1000000,1240873.50
1550,lpush5,1000000,824560.56
1550,lrange5,1000000,1257901.88
1551,lpush5,1000000,837748.75
1551,lrange5,1000000,1283820.25
1552,lpush5,1000000,828513.69
1552,lrange5,1000000,1282092.38
1553,lpush5,1000000,827169.56
1553,lrange5,1000000,1275612.25
1554,lpush5,1000000,831946.75
1554,lrange5,1000000,1285388.12
1555,lpush5,1000000,833479.94
1555,lrange5,1000000,1193661.12
1556,lpush5,1000000,832039.94
1556,lrange5,1000000,1283840.88
1557,lpush5,1000000,835662.50
1557,lrange5,1000000,1060462.38
1558,lpush5,1000000,822368.44
1558,lrange5,1000000,1196325.38
1559,lpush5,1000000,825988.44
1559,lrange5,1000000,1292113.75
1560,lpush5,1000000,834791.38
1560,lrange5,1000000,1285347.00
1561,lpush5,1000000,825240.94
1561,lrange5,1000000,1230051.62
1562,lpush5,1000000,822552.69
1562,lrange5,1000000,1273905.75
1563,lpush5,1000000,829240.50
1563,lrange5,1000000,1285388.12
1564,lpush5,1000000,817674.56
1564,lrange5,1000000,1228560.12
1565,lpush5,1000000,830087.94
1565,lrange5,1000000,1275591.88
1566,lpush5,1000000,821784.69
1566,lrange5,1000000,1192124.00
1567,lpush5,1000000,829888.75
1567,lrange5,1000000,1244000.00
1568,lpush5,1000000,831454.75
1568,lrange5,1000000,1278936.00
1569,lpush5,1000000,823216.44
1569,lrange5,1000000,1236113.75
1570,lpush5,1000000,831374.94
1570,lrange5,1000000,1280450.62
1571,lpush5,1000000,835435.25
1571,lrange5,1000000,1287104.25
1572,lpush5,1000000,821123.12
1572,lrange5,1000000,1258083.00
1573,lpush5,1000000,820436.44
1573,lrange5,1000000,1265863.25
1574,lpush5,1000000,828513.69
1574,lrange5,1000000,1192085.88
1575,lpush5,1000000,829320.06
1575,lrange5,1000000,1285470.50
1576,lpush5,1000000,815035.06
1576,lrange5,1000000,1194896.00
1577,lpush5,1000000,829928.62
1577,lrange5,1000000,1197662.25
1578,lpush5,1000000,832799.38
1578,lrange5,1000000,1287104.25
1579,lpush5,1000000,827129.88
1579,lrange5,1000000,1243781.12
1580,lpush5,1000000,818369.88
1580,lrange5,1000000,1267447.50
1581,lpush5,1000000,819895.06
1581,lrange5,1000000,1236252.12
1582,lpush5,1000000,826499.12
1582,lrange5,1000000,1254705.12
1583,lpush5,1000000,828619.69
1583,lrange5,1000000,1261175.25
1584,lpush5,1000000,819842.62
1584,lrange5,1000000,1269055.88
1585,lpush5,1000000,826552.06
1585,lrange5,1000000,1290487.75
1586,lpush5,1000000,813721.75
1586,lrange5,1000000,1194857.75
1587,lpush5,1000000,817163.44
1587,lrange5,1000000,1261074.38
1588,lpush5,1000000,817726.88
1588,lrange5,1000000,1285408.75
1589,lpush5,1000000,826657.81
1589,lrange5,1000000,1195029.88
1590,lpush5,1000000,825254.12
1590,lrange5,1000000,1239157.38
1591,lpush5,1000000,828553.44
1591,lrange5,1000000,1292051.75
1592,lpush5,1000000,824560.56
1592,lrange5,1000000,1246882.88
1593,lpush5,1000000,827222.50
1593,lrange5,1000000,1285449.88
1594,lpush5,1000000,835528.81
1594,lrange5,1000000,1257881.75
1595,lpush5,1000000,833479.94
1595,lrange5,1000000,1231527.12
1596,lpush5,1000000,825829.94
1596,lrange5,1000000,1196172.25
1597,lpush5,1000000,824441.81
1597,lrange5,1000000,1208019.25
1598,lpush5,1000000,817045.75
1598,lrange5,1000000,1246882.88
1599,lpush5,1000000,825135.31
1599,lrange5,1000000,1283943.50
1600,lpush5,1000000,827143.12
1600,lrange5,1000000,1269035.50
1601,lpush5,1000000,828500.38
1601,lrange5,1000000,1288845.38
1602,lpush5,1000000,831428.12
1602,lrange5,1000000,1285532.12
1603,lpush5,1000000,827907.31
1603,lrange5,1000000,1264364.12
1604,lpush5,1000000,828739.00
1604,lrange5,1000000,1285491.00
1605,lpush5,1000000,827867.56
1605,lrange5,1000000,1265984.75
1606,lpush5,1000000,823920.94
1606,lrange5,1000000,1193642.00
1607,lpush5,1000000,824441.81
1607,lrange5,1000000,1228658.50
1608,lpush5,1000000,830578.06
1608,lrange5,1000000,1199213.50
1609,lpush5,1000000,824600.12
1609,lrange5,1000000,1227190.25
1610,lpush5,1000000,830564.81
1610,lrange5,1000000,1237623.75
1611,lpush5,1000000,817045.75
1611,lrange5,1000000,1269096.50
1612,lpush5,1000000,819105.69
1612,lrange5,1000000,1269076.12
1613,lpush5,1000000,825240.94
1613,lrange5,1000000,1258042.75
1614,lpush5,1000000,821031.19
1614,lrange5,1000000,1269238.62
1615,lpush5,1000000,818343.69
1615,lrange5,1000000,1285347.00
1616,lpush5,1000000,817163.44
1616,lrange5,1000000,1222669.88
1617,lpush5,1000000,823775.94
1617,lrange5,1000000,1285491.00
1618,lpush5,1000000,819724.56
1618,lrange5,1000000,1218046.38
1619,lpush5,1000000,823828.69
1619,lrange5,1000000,1257982.38
1620,lpush5,1000000,827169.56
1620,lrange5,1000000,1285347.00
1621,lpush5,1000000,828500.38
1621,lrange5,1000000,1287083.62
1622,lpush5,1000000,819027.06
1622,lrange5,1000000,1285470.50
1623,lpush5,1000000,821929.31
1623,lrange5,1000000,1272407.12
1624,lpush5,1000000,838397.38
1624,lrange5,1000000,1190781.00
1625,lpush5,1000000,821876.75
1625,lrange5,1000000,1213650.50
1626,lpush5,1000000,829995.00
1626,lrange5,1000000,1193336.50
1627,lpush5,1000000,822565.81
1627,lrange5,1000000,1280409.75
1628,lpush5,1000000,821070.56
1628,lrange5,1000000,1269076.12
1629,lpush5,1000000,821123.12
1629,lrange5,1000000,1283697.12
1630,lpush5,1000000,818474.62
1630,lrange5,1000000,1277261.88
1631,lpush5,1000000,820383.94
1631,lrange5,1000000,1293661.00
1632,lpush5,1000000,822539.50
1632,lrange5,1000000,1293826.62
1633,lpush5,1000000,829200.69
1633,lrange5,1000000,1282071.88
1634,lpush5,1000000,825763.88
1634,lrange5,1000000,1288721.62
1635,lpush5,1000000,817006.56
1635,lrange5,1000000,1282133.38
1636,lpush5,1000000,827960.31
1636,lrange5,1000000,1233085.12
1637,lpush5,1000000,815739.00
1637,lrange5,1000000,1283697.12
1638,lpush5,1000000,819027.06
1638,lrange5,1000000,1186334.50
1639,lpush5,1000000,813904.00
1639,lrange5,1000000,1247082.38
1640,lpush5,1000000,824573.75
1640,lrange5,1000000,1175163.38
1641,lpush5,1000000,825988.44
1641,lrange5,1000000,1283697.12
1642,lpush5,1000000,823736.44
1642,lrange5,1000000,1269116.75
1643,lpush5,1000000,820475.81
1643,lrange5,1000000,1243781.12
1644,lpush5,1000000,819842.62
1644,lrange5,1000000,1282153.88
1645,lpush5,1000000,817111.12
1645,lrange5,1000000,1270810.62
1646,lpush5,1000000,827129.88
1646,lrange5,1000000,1287042.50
1647,lpush5,1000000,819184.31
1647,lrange5,1000000,1247102.25
1648,lpush5,1000000,828579.94
1648,lrange5,1000000,1280573.62
1649,lpush5,1000000,832013.31
1649,lrange5,1000000,1221040.25
1650,lpush5,1000000,816431.00
1650,lrange5,1000000,1273885.25
1651,lpush5,1000000,823868.19
1651,lrange5,1000000,1197892.25
1652,lpush5,1000000,824507.81
1652,lrange5,1000000,1267670.50
1653,lpush5,1000000,814488.56
1653,lrange5,1000000,1231704.50
1654,lpush5,1000000,824494.62
1654,lrange5,1000000,1258042.75
1655,lpush5,1000000,820475.81
1655,lrange5,1000000,1259566.75
1656,lpush5,1000000,829888.75
1656,lrange5,1000000,1274028.00
1657,lpush5,1000000,828026.50
1657,lrange5,1000000,1269035.50
1658,lpush5,1000000,825816.69
1658,lrange5,1000000,1278813.25
1659,lpush5,1000000,821837.31
1659,lrange5,1000000,1285491.00
1660,lpush5,1000000,824415.44
1660,lrange5,1000000,1183431.88
1661,lpush5,1000000,822421.06
1661,lrange5,1000000,1153421.00
1662,lpush5,1000000,822368.44
1662,lrange5,1000000,1168392.50
1663,lpush5,1000000,825869.56
1663,lrange5,1000000,1197892.25
1664,lpush5,1000000,825095.69
1664,lrange5,1000000,1242355.25
1665,lpush5,1000000,819000.88
1665,lrange5,1000000,1261114.75
1666,lpush5,1000000,827209.25
1666,lrange5,1000000,1273966.88
1667,lpush5,1000000,823137.44
1667,lrange5,1000000,1269096.50
1668,lpush5,1000000,830604.62
1668,lrange5,1000000,1267447.50
1669,lpush5,1000000,834081.75
1669,lrange5,1000000,1265863.25
1670,lpush5,1000000,825935.62
1670,lrange5,1000000,1199271.00
1671,lpush5,1000000,820410.19
1671,lrange5,1000000,1183829.50
1672,lpush5,1000000,832826.00
1672,lrange5,1000000,1237901.00
1673,lpush5,1000000,824415.44
1673,lrange5,1000000,1280450.62
1674,lpush5,1000000,819724.56
1674,lrange5,1000000,1200787.50
1675,lpush5,1000000,830617.94
1675,lrange5,1000000,1230169.75
1676,lpush5,1000000,819000.88
1676,lrange5,1000000,1290322.62
1677,lpush5,1000000,830617.94
1677,lrange5,1000000,1196421.00
1678,lpush5,1000000,829399.69
1678,lrange5,1000000,1277159.62
1679,lpush5,1000000,824441.81
1679,lrange5,1000000,1257901.88
1680,lpush5,1000000,819145.00
1680,lrange5,1000000,1278854.25
1681,lpush5,1000000,829306.81
1681,lrange5,1000000,1253213.12
1682,lpush5,1000000,834268.56
1682,lrange5,1000000,1295336.75
1683,lpush5,1000000,823084.75
1683,lrange5,1000000,1290384.50
1684,lpush5,1000000,824507.81
1684,lrange5,1000000,1253253.12
1685,lpush5,1000000,829888.75
1685,lrange5,1000000,1283738.12
1686,lpush5,1000000,822434.25
1686,lrange5,1000000,1293785.25
1687,lpush5,1000000,836227.44
1687,lrange5,1000000,1197662.25
1688,lpush5,1000000,819171.19
1688,lrange5,1000000,1193393.75
1689,lpush5,1000000,836240.81
1689,lrange5,1000000,1269177.62
1690,lpush5,1000000,819000.88
1690,lrange5,1000000,1192314.62
1691,lpush5,1000000,829928.62
1691,lrange5,1000000,1285408.75
1692,lpush5,1000000,824455.00
1692,lrange5,1000000,1251564.38
1693,lpush5,1000000,819685.25
1693,lrange5,1000000,1285449.88
1694,lpush5,1000000,815048.06
1694,lrange5,1000000,1288721.62
1695,lpush5,1000000,828619.69
1695,lrange5,1000000,1262646.50
1696,lpush5,1000000,820397.06
1696,lrange5,1000000,1290343.25
1697,lpush5,1000000,830631.25
1697,lrange5,1000000,1243940.25
1698,lpush5,1000000,810528.38
1698,lrange5,1000000,1265822.75
1699,lpush5,1000000,834764.62
1699,lrange5,1000000,1283881.88
1700,lpush5,1000000,824494.62
1700,lrange5,1000000,1275612.25
1701,lpush5,1000000,819158.12
1701,lrange5,1000000,1245469.50
1702,lpush5,1000000,817058.81
1702,lrange5,1000000,1288680.38
1703,lpush5,1000000,825161.69
1703,lrange5,1000000,1200864.38
1704,lpush5,1000000,825148.50
1704,lrange5,1000000,1253173.00
1705,lpush5,1000000,815712.94
1705,lrange5,1000000,1282174.38
1706,lpush5,1000000,824507.81
1706,lrange5,1000000,1292051.75
1707,lpush5,1000000,817215.69
1707,lrange5,1000000,1267467.75
1708,lpush5,1000000,821719.00
1708,lrange5,1000000,1267548.88
1709,lpush5,1000000,819236.75
1709,lrange5,1000000,1272447.88
1710,lpush5,1000000,808485.06
1710,lrange5,1000000,1272264.62
1711,lpush5,1000000,831255.25
1711,lrange5,1000000,1254705.12
1712,lpush5,1000000,818553.19
1712,lrange5,1000000,1197643.12
1713,lpush5,1000000,825148.50
1713,lrange5,1000000,1202000.00
1714,lpush5,1000000,827867.56
1714,lrange5,1000000,1222669.88
1715,lpush5,1000000,817176.50
1715,lrange5,1000000,1272264.62
1716,lpush5,1000000,832000.00
1716,lrange5,1000000,1264242.75
1717,lpush5,1000000,818330.62
1717,lrange5,1000000,1246922.75
1718,lpush5,1000000,827880.81
1718,lrange5,1000000,1292196.38
1719,lpush5,1000000,828513.69
1719,lrange5,1000000,1186619.25
1720,lpush5,1000000,826525.62
1720,lrange5,1000000,1295336.75
1721,lpush5,1000000,819105.69
1721,lrange5,1000000,1228658.50
1722,lpush5,1000000,821929.31
1722,lrange5,1000000,1270831.00
1723,lpush5,1000000,829280.31
1723,lrange5,1000000,1216720.12
1724,lpush5,1000000,827156.31
1724,lrange5,1000000,1287001.25
1725,lpush5,1000000,826631.38
1725,lrange5,1000000,1186239.62
1726,lpush5,1000000,817163.44
1726,lrange5,1000000,1242414.88
1727,lpush5,1000000,822539.50
1727,lrange5,1000000,1261195.50
1728,lpush5,1000000,832852.62
1728,lrange5,1000000,1272447.88
1729,lpush5,1000000,817831.50
1729,lrange5,1000000,1273926.12
1730,lpush5,1000000,828540.19
1730,lrange5,1000000,1277180.12
1731,lpush5,1000000,816404.88
1731,lrange5,1000000,1250020.00
1732,lpush5,1000000,832066.56
1732,lrange5,1000000,1285573.25
1733,lpush5,1000000,825763.88
1733,lrange5,1000000,795557.69
1734,lpush5,1000000,671720.62
1734,lrange5,1000000,1265822.75
1735,lpush5,1000000,825856.31
1735,lrange5,1000000,1226993.88
1736,lpush5,1000000,823045.25
1736,lrange5,1000000,1250000.00
1737,lpush5,1000000,825122.12
1737,lrange5,1000000,1265944.25
1738,lpush5,1000000,834898.19
1738,lrange5,1000000,1248559.25
1739,lpush5,1000000,819197.44
1739,lrange5,1000000,1282051.38
1740,lpush5,1000000,814488.56
1740,lrange5,1000000,1272386.75
1741,lpush5,1000000,821719.00
1741,lrange5,1000000,1283923.00
1742,lpush5,1000000,830644.50
1742,lrange5,1000000,1280532.62
1743,lpush5,1000000,815686.81
1743,lrange5,1000000,1245509.38
1744,lpush5,1000000,821824.12
1744,lrange5,1000000,1259466.00
1745,lpush5,1000000,834818.06
1745,lrange5,1000000,1253333.38
1746,lpush5,1000000,819685.25
1746,lrange5,1000000,1273905.75
1747,lpush5,1000000,825227.69
1747,lrange5,1000000,1203600.50
1748,lpush5,1000000,826446.25
1748,lrange5,1000000,1245589.12
1749,lpush5,1000000,819171.19
1749,lrange5,1000000,1282174.38
1750,lpush5,1000000,821797.88
1750,lrange5,1000000,1248499.38
1751,lpush5,1000000,823762.75
1751,lrange5,1000000,1069809.62
1752,lpush5,1000000,819210.50
1752,lrange5,1000000,1231546.88
1753,lpush5,1000000,834778.00
1753,lrange5,1000000,1261215.62
1754,lpush5,1000000,827880.81
1754,lrange5,1000000,1196382.75
1755,lpush5,1000000,821692.69
1755,lrange5,1000000,1239177.25
1756,lpush5,1000000,822407.94
1756,lrange5,1000000,1267548.88
1757,lpush5,1000000,827814.62
1757,lrange5,1000000,1285347.00
1758,lpush5,1000000,818383.00
1758,lrange5,1000000,1278936.00
1759,lpush5,1000000,819249.81
1759,lrange5,1000000,1192314.62
1760,lpush5,1000000,825763.88
1760,lrange5,1000000,1247162.12
1761,lpush5,1000000,831268.50
1761,lrange5,1000000,1278915.62
1762,lpush5,1000000,823841.88
1762,lrange5,1000000,1287145.38
1763,lpush5,1000000,817739.94
1763,lrange5,1000000,1206291.88
1764,lpush5,1000000,824521.00
1764,lrange5,1000000,1256281.38
1765,lpush5,1000000,822368.44
1765,lrange5,1000000,1290384.50
1766,lpush5,1000000,822394.75
1766,lrange5,1000000,1298971.50
1767,lpush5,1000000,825135.31
1767,lrange5,1000000,1285491.00
1768,lpush5,1000000,821044.31
1768,lrange5,1000000,1197719.75
1769,lpush5,1000000,831335.00
1769,lrange5,1000000,1203427.25
1770,lpush5,1000000,823097.94
1770,lrange5,1000000,1207806.75
1771,lpush5,1000000,825254.12
1771,lrange5,1000000,1193699.25
1772,lpush5,1000000,824573.75
1772,lrange5,1000000,1272285.00
1773,lpush5,1000000,826565.25
1773,lrange5,1000000,1196459.25
1774,lpush5,1000000,821732.12
1774,lrange5,1000000,1291989.62
1775,lpush5,1000000,815126.31
1775,lrange5,1000000,1275571.50
1776,lpush5,1000000,823868.19
1776,lrange5,1000000,1273966.88
1777,lpush5,1000000,835528.81
1777,lrange5,1000000,1262666.62
1778,lpush5,1000000,816378.75
1778,lrange5,1000000,1273966.88
1779,lpush5,1000000,823203.25
1779,lrange5,1000000,1282236.00
1780,lpush5,1000000,828672.75
1780,lrange5,1000000,1264343.88
1781,lpush5,1000000,821149.38
1781,lrange5,1000000,1242414.88
1782,lpush5,1000000,823045.25
1782,lrange5,1000000,1287248.38
1783,lpush5,1000000,816457.12
1783,lrange5,1000000,1262686.88
1784,lpush5,1000000,825803.50
1784,lrange5,1000000,1267447.50
1785,lpush5,1000000,825922.38
1785,lrange5,1000000,1183450.88
1786,lpush5,1000000,818369.88
1786,lrange5,1000000,1239316.00
1787,lpush5,1000000,815673.75
1787,lrange5,1000000,1275551.00
1788,lpush5,1000000,822473.69
1788,lrange5,1000000,1277261.88
1789,lpush5,1000000,813034.12
1789,lrange5,1000000,1222533.00
1790,lpush5,1000000,814345.25
1790,lrange5,1000000,1251704.62
1791,lpush5,1000000,822473.69
1791,lrange5,1000000,1192009.50
1792,lpush5,1000000,822500.00
1792,lrange5,1000000,1285532.12
1793,lpush5,1000000,815869.50
1793,lrange5,1000000,1265944.25
1794,lpush5,1000000,829386.44
1794,lrange5,1000000,1267548.88
1795,lpush5,1000000,817870.75
1795,lrange5,1000000,1213611.62
1796,lpush5,1000000,829359.88
1796,lrange5,1000000,1278915.62
1797,lpush5,1000000,817006.56
1797,lrange5,1000000,1179264.12
1798,lpush5,1000000,822486.88
1798,lrange5,1000000,1287207.25
1799,lpush5,1000000,829399.69
1799,lrange5,1000000,1247301.75
1800,lpush5,1000000,821705.81
1800,lrange5,1000000,1244079.62
1801,lpush5,1000000,831428.12
1801,lrange5,1000000,1285491.00
1802,lpush5,1000000,829213.94
1802,lrange5,1000000,1250060.00
1803,lpush5,1000000,831401.50
1803,lrange5,1000000,1250240.00
1804,lpush5,1000000,820357.69
1804,lrange5,1000000,1287021.88
1805,lpush5,1000000,824494.62
1805,lrange5,1000000,1256402.00
1806,lpush5,1000000,829928.62
1806,lrange5,1000000,1240694.75
1807,lpush5,1000000,836240.81
1807,lrange5,1000000,1185004.75
1808,lpush5,1000000,832000.00
1808,lrange5,1000000,1199117.50
1809,lpush5,1000000,834201.81
1809,lrange5,1000000,1275693.88
1810,lpush5,1000000,827841.12
1810,lrange5,1000000,1278854.25
1811,lpush5,1000000,831255.25
1811,lrange5,1000000,1197892.25
1812,lpush5,1000000,836160.56
1812,lrange5,1000000,1283697.12
1813,lpush5,1000000,824547.38
1813,lrange5,1000000,1256462.25
1814,lpush5,1000000,823111.06
1814,lrange5,1000000,1246882.88
1815,lpush5,1000000,823828.69
1815,lrange5,1000000,1237663.38
1816,lpush5,1000000,831255.25
1816,lrange5,1000000,1285388.12
1817,lpush5,1000000,821692.69
1817,lrange5,1000000,1248539.38
1818,lpush5,1000000,819855.69
1818,lrange5,1000000,1290508.38
1819,lpush5,1000000,831348.31
1819,lrange5,1000000,1287021.88
1820,lpush5,1000000,827275.44
1820,lrange5,1000000,1288824.75
1821,lpush5,1000000,825816.69
1821,lrange5,1000000,1200825.88
1822,lpush5,1000000,825869.56
1822,lrange5,1000000,1282112.88
1823,lpush5,1000000,819053.25
1823,lrange5,1000000,1292093.00
1824,lpush5,1000000,827169.56
1824,lrange5,1000000,1292155.00
1825,lpush5,1000000,834028.38
1825,lrange5,1000000,1283881.88
1826,lpush5,1000000,832053.25
1826,lrange5,1000000,1274068.75
1827,lpush5,1000000,826538.81
1827,lrange5,1000000,1282092.38
1828,lpush5,1000000,831268.50
1828,lrange5,1000000,836227.44
1829,lpush5,1000000,821692.69
1829,lrange5,1000000,1269177.62
1830,lpush5,1000000,812386.69
1830,lrange5,1000000,1280553.12
1831,lpush5,1000000,828500.38
1831,lrange5,1000000,1240694.75
1832,lpush5,1000000,819724.56
1832,lrange5,1000000,1248439.50
1833,lpush5,1000000,818409.19
1833,lrange5,1000000,1272386.75
1834,lpush5,1000000,828553.44
1834,lrange5,1000000,1267528.50
1835,lpush5,1000000,815712.94
1835,lrange5,1000000,1282256.50
1836,lpush5,1000000,821824.12
1836,lrange5,1000000,1269218.25
1837,lpush5,1000000,819881.94
1837,lrange5,1000000,1201980.75
1838,lpush5,1000000,826499.12
1838,lrange5,1000000,1272447.88
1839,lpush5,1000000,823723.25
1839,lrange5,1000000,1285367.62
1840,lpush5,1000000,834884.81
1840,lrange5,1000000,1270790.38
1841,lpush5,1000000,814397.38
1841,lrange5,1000000,1285367.62
1842,lpush5,1000000,827182.81
1842,lrange5,1000000,1265984.75
1843,lpush5,1000000,814345.25
1843,lrange5,1000000,1195144.50
1844,lpush5,1000000,823789.12
1844,lrange5,1000000,1243840.75
1845,lpush5,1000000,823723.25
1845,lrange5,1000000,1186562.25
1846,lpush5,1000000,831960.06
1846,lrange5,1000000,1237623.75
1847,lpush5,1000000,818409.19
1847,lrange5,1000000,1277139.25
1848,lpush5,1000000,821228.19
1848,lrange5,1000000,1264263.00
1849,lpush5,1000000,827354.88
1849,lrange5,1000000,1262646.50
1850,lpush5,1000000,816548.56
1850,lrange5,1000000,1202000.00
1851,lpush5,1000000,817844.62
1851,lrange5,1000000,1275551.00
1852,lpush5,1000000,819013.94
1852,lrange5,1000000,1251624.50
1853,lpush5,1000000,819685.25
1853,lrange5,1000000,1246902.75
1854,lpush5,1000000,821692.69
1854,lrange5,1000000,1236252.12
1855,lpush5,1000000,819013.94
1855,lrange5,1000000,1285367.62
1856,lpush5,1000000,821903.06
1856,lrange5,1000000,1261074.38
1857,lpush5,1000000,822368.44
1857,lrange5,1000000,1277221.00
1858,lpush5,1000000,813812.88
1858,lrange5,1000000,1236113.75
1859,lpush5,1000000,821018.00
1859,lrange5,1000000,1200537.75
1860,lpush5,1000000,823111.06
1860,lrange5,1000000,1282194.88
1861,lpush5,1000000,828646.19
1861,lrange5,1000000,1290363.88
1862,lpush5,1000000,823789.12
1862,lrange5,1000000,1292093.00
1863,lpush5,1000000,823150.62
1863,lrange5,1000000,1242434.75
1864,lpush5,1000000,818369.88
1864,lrange5,1000000,1262646.50
1865,lpush5,1000000,824613.31
1865,lrange5,1000000,1280409.75
1866,lpush5,1000000,817674.56
1866,lrange5,1000000,1288659.75
1867,lpush5,1000000,827841.12
1867,lrange5,1000000,1283923.00
1868,lpush5,1000000,833439.94
1868,lrange5,1000000,1265863.25
1869,lpush5,1000000,822579.00
1869,lrange5,1000000,1190571.50
1870,lpush5,1000000,824415.44
1870,lrange5,1000000,1270729.38
1871,lpush5,1000000,816548.56
1871,lrange5,1000000,1288721.62
1872,lpush5,1000000,823841.88
1872,lrange5,1000000,1287021.88
1873,lpush5,1000000,817137.25
1873,lrange5,1000000,1197700.62
1874,lpush5,1000000,823045.25
1874,lrange5,1000000,1195087.25
1875,lpush5,1000000,831308.44
1875,lrange5,1000000,1259607.00
1876,lpush5,1000000,817045.75
1876,lrange5,1000000,1253233.12
1877,lpush5,1000000,821916.19
1877,lrange5,1000000,1259466.00
1878,lpush5,1000000,814488.56
1878,lrange5,1000000,1277139.25
1879,lpush5,1000000,821732.12
1879,lrange5,1000000,1245549.25
1880,lpush5,1000000,818448.44
1880,lrange5,1000000,1282071.88
1881,lpush5,1000000,827129.88
1881,lrange5,1000000,1256442.25
1882,lpush5,1000000,826499.12
1882,lrange5,1000000,1242236.00
1883,lpush5,1000000,821903.06
1883,lrange5,1000000,1273885.25
1884,lpush5,1000000,815869.50
1884,lrange5,1000000,1272447.88
1885,lpush5,1000000,826459.50
1885,lrange5,1000000,1278915.62
1886,lpush5,1000000,819027.06
1886,lrange5,1000000,1254725.25
1887,lpush5,1000000,817085.00
1887,lrange5,1000000,1277282.25
1888,lpush5,1000000,819000.88
1888,lrange5,1000000,1272447.88
1889,lpush5,1000000,830604.62
1889,lrange5,1000000,1084911.12
1890,lpush5,1000000,827288.69
1890,lrange5,1000000,1183734.88
1891,lpush5,1000000,828566.69
1891,lrange5,1000000,1242395.00
1892,lpush5,1000000,825829.94
1892,lrange5,1000000,1254745.25
1893,lpush5,1000000,827827.88
1893,lrange5,1000000,1195029.88
1894,lpush5,1000000,823176.94
1894,lrange5,1000000,1290508.38
1895,lpush5,1000000,831295.12
1895,lrange5,1000000,1181053.12
1896,lpush5,1000000,820397.06
1896,lrange5,1000000,1213650.50
1897,lpush5,1000000,827841.12
1897,lrange5,1000000,1269076.12
1898,lpush5,1000000,828039.75
1898,lrange5,1000000,1189460.12
1899,lpush5,1000000,757050.75
1899,lrange5,1000000,1189365.00
1900,lpush5,1000000,819000.88
1900,lrange5,1000000,1250040.00
1901,lpush5,1000000,826552.06
1901,lrange5,1000000,1190723.88
1902,lpush5,1000000,830061.38
1902,lrange5,1000000,1265903.75
1903,lpush5,1000000,827182.81
1903,lrange5,1000000,1287063.00
1904,lpush5,1000000,833439.94
1904,lrange5,1000000,1239355.62
1905,lpush5,1000000,833373.31
1905,lrange5,1000000,1194876.88
1906,lpush5,1000000,832652.81
1906,lrange5,1000000,1292175.75
1907,lpush5,1000000,819672.12
1907,lrange5,1000000,1206677.88
1908,lpush5,1000000,821705.81
1908,lrange5,1000000,1197815.62
1909,lpush5,1000000,820397.06
1909,lrange5,1000000,1250020.00
1910,lpush5,1000000,822368.44
1910,lrange5,1000000,1297016.88
1911,lpush5,1000000,822407.94
1911,lrange5,1000000,1199117.50
1912,lpush5,1000000,821863.62
1912,lrange5,1000000,1192276.50
1913,lpush5,1000000,820528.31
1913,lrange5,1000000,1262626.25
1914,lpush5,1000000,823868.19
1914,lrange5,1000000,1248459.38
1915,lpush5,1000000,823802.31
1915,lrange5,1000000,1234607.38
1916,lpush5,1000000,818487.75
1916,lrange5,1000000,1277221.00
1917,lpush5,1000000,821692.69
1917,lrange5,1000000,1285429.25
1918,lpush5,1000000,830564.81
1918,lrange5,1000000,1270831.00
1919,lpush5,1000000,821784.69
1919,lrange5,1000000,1290529.12
1920,lpush5,1000000,819777.00
1920,lrange5,1000000,1290343.25
1921,lpush5,1000000,818369.88
1921,lrange5,1000000,1202230.75
1922,lpush5,1000000,829213.94
1922,lrange5,1000000,1275714.38
1923,lpush5,1000000,833493.31
1923,lrange5,1000000,1244039.75
1924,lpush5,1000000,829240.50
1924,lrange5,1000000,1288680.38
1925,lpush5,1000000,819816.38
1925,lrange5,1000000,1240774.25
1926,lpush5,1000000,837034.25
1926,lrange5,1000000,1274007.62
1927,lpush5,1000000,824455.00
1927,lrange5,1000000,1295399.00
1928,lpush5,1000000,826499.12
1928,lrange5,1000000,1287166.00
1929,lpush5,1000000,824428.62
1929,lrange5,1000000,1272264.62
1930,lpush5,1000000,819053.25
1930,lrange5,1000000,1293743.88
1931,lpush5,1000000,813838.94
1931,lrange5,1000000,1187838.50
1932,lpush5,1000000,819000.88
1932,lrange5,1000000,1247122.25
1933,lpush5,1000000,827301.94
1933,lrange5,1000000,1239177.25
1934,lpush5,1000000,818553.19
1934,lrange5,1000000,1257922.00
1935,lpush5,1000000,829200.69
1935,lrange5,1000000,1256321.62
1936,lpush5,1000000,834041.69
1936,lrange5,1000000,1291989.62
1937,lpush5,1000000,827973.56
1937,lrange5,1000000,1270709.00
1938,lpush5,1000000,830671.12
1938,lrange5,1000000,1196306.12
1939,lpush5,1000000,816378.75
1939,lrange5,1000000,1287042.50
1940,lpush5,1000000,824402.25
1940,lrange5,1000000,1288742.25
1941,lpush5,1000000,814345.25
1941,lrange5,1000000,1277139.25
1942,lpush5,1000000,829928.62
1942,lrange5,1000000,1237801.88
1943,lpush5,1000000,821705.81
1943,lrange5,1000000,1256341.75
1944,lpush5,1000000,820357.69
1944,lrange5,1000000,1256422.12
1945,lpush5,1000000,828606.44
1945,lrange5,1000000,1270810.62
1946,lpush5,1000000,825975.25
1946,lrange5,1000000,1280594.12
1947,lpush5,1000000,823045.25
1947,lrange5,1000000,1288680.38
1948,lpush5,1000000,827315.12
1948,lrange5,1000000,1163125.50
1949,lpush5,1000000,825135.31
1949,lrange5,1000000,1256321.62
1950,lpush5,1000000,829399.69
1950,lrange5,1000000,1285367.62
1951,lpush5,1000000,823723.25
1951,lrange5,1000000,1239177.25
1952,lpush5,1000000,825975.25
1952,lrange5,1000000,1275591.88
1953,lpush5,1000000,830631.25
1953,lrange5,1000000,1285408.75
1954,lpush5,1000000,833346.62
1954,lrange5,1000000,1278772.38
1955,lpush5,1000000,819777.00
1955,lrange5,1000000,1293661.00
1956,lpush5,1000000,823045.25
1956,lrange5,1000000,1280450.62
1957,lpush5,1000000,817726.88
1957,lrange5,1000000,1246882.88
1958,lpush5,1000000,821188.81
1958,lrange5,1000000,1234587.62
1959,lpush5,1000000,823736.44
1959,lrange5,1000000,1283840.88
1960,lpush5,1000000,835488.69
1960,lrange5,1000000,1195068.12
1961,lpush5,1000000,821018.00
1961,lrange5,1000000,1282071.88
1962,lpush5,1000000,822579.00
1962,lrange5,1000000,1280573.62
1963,lpush5,1000000,819724.56
1963,lrange5,1000000,1285573.25
1964,lpush5,1000000,817032.69
1964,lrange5,1000000,1285511.62
1965,lpush5,1000000,827328.38
1965,lrange5,1000000,1293785.25
1966,lpush5,1000000,825188.12
1966,lrange5,1000000,1230110.62
1967,lpush5,1000000,829928.62
1967,lrange5,1000000,1283820.25
1968,lpush5,1000000,824441.81
1968,lrange5,1000000,1262808.12
1969,lpush5,1000000,828553.44
1969,lrange5,1000000,1253253.12
1970,lpush5,1000000,826512.38
1970,lrange5,1000000,1193565.62
1971,lpush5,1000000,822421.06
1971,lrange5,1000000,1277139.25
1972,lpush5,1000000,827986.81
1972,lrange5,1000000,1277139.25
1973,lpush5,1000000,831481.31
1973,lrange5,1000000,1193355.62
1974,lpush5,1000000,833373.31
1974,lrange5,1000000,1256321.62
1975,lpush5,1000000,833346.62
1975,lrange5,1000000,1190666.75
1976,lpush5,1000000,841231.25
1976,lrange5,1000000,1190590.50
1977,lpush5,1000000,821811.00
1977,lrange5,1000000,1219531.75
1978,lpush5,1000000,828513.69
1978,lrange5,1000000,1287063.00
1979,lpush5,1000000,833466.62
1979,lrange5,1000000,1292051.75
1980,lpush5,1000000,823058.44
1980,lrange5,1000000,1292155.00
1981,lpush5,1000000,834818.06
1981,lrange5,1000000,1254725.25
1982,lpush5,1000000,830697.69
1982,lrange5,1000000,1240813.88
1983,lpush5,1000000,829200.69
1983,lrange5,1000000,1288783.50
1984,lpush5,1000000,823894.56
1984,lrange5,1000000,1270749.62
1985,lpush5,1000000,829928.62
1985,lrange5,1000000,1269198.00
1986,lpush5,1000000,830564.81
1986,lrange5,1000000,1250020.00
1987,lpush5,1000000,817176.50
1987,lrange5,1000000,1194762.25
1988,lpush5,1000000,828606.44
1988,lrange5,1000000,1157500.00
1989,lpush5,1000000,828000.06
1989,lrange5,1000000,1234567.88
1990,lpush5,1000000,815660.69
1990,lrange5,1000000,1262787.88
1991,lpush5,1000000,824507.81
1991,lrange5,1000000,1272407.12
1992,lpush5,1000000,819079.50
1992,lrange5,1000000,1254885.88
1993,lpush5,1000000,828540.19
1993,lrange5,1000000,1272305.38
1994,lpush5,1000000,834081.75
1994,lrange5,1000000,1172501.75
1995,lpush5,1000000,827196.06
1995,lrange5,1000000,1225647.12
1996,lpush5,1000000,828606.44
1996,lrange5,1000000,1187781.50
1997,lpush5,1000000,826472.69
1997,lrange5,1000000,1285573.25
1998,lpush5,1000000,825082.50
1998,lrange5,1000000,1283738.12
1999,lpush5,1000000,824402.25
1999,lrange5,1000000,1270770.00
2000,lpush5,1000000,825082.50
2000,lrange5,1000000,1275530.62
