operation,mean_rps,trials
lpush5,815478.201305,2000
lrange5,1221623.401100,2000
