trial,operation,requests,rps
1,lpush5,1000000,583771.12
1,lrange5,1000000,1282112.88
2,lpush5,1000000,840363.00
2,lrange5,1000000,1248439.50
3,lpush5,1000000,830671.12
3,lrange5,1000000,810502.44
4,lpush5,1000000,764636.12
4,lrange5,1000000,1302270.88
5,lpush5,1000000,841764.31
5,lrange5,1000000,1300410.88
6,lpush5,1000000,841069.81
6,lrange5,1000000,1267467.75
7,lpush5,1000000,834121.75
7,lrange5,1000000,1302187.50
8,lpush5,1000000,842473.44
8,lrange5,1000000,1195087.25
9,lpush5,1000000,844594.56
9,lrange5,1000000,1212315.12
10,lpush5,1000000,839114.06
10,lrange5,1000000,1292031.00
11,lpush5,1000000,846767.12
11,lrange5,1000000,1258083.00
12,lpush5,1000000,830048.12
12,lrange5,1000000,1305545.75
13,lpush5,1000000,849631.25
13,lrange5,1000000,1290446.50
14,lpush5,1000000,835488.69
14,lrange5,1000000,1115094.75
15,lpush5,1000000,843949.44
15,lrange5,1000000,1303780.88
16,lpush5,1000000,838926.12
16,lrange5,1000000,1295399.00
17,lpush5,1000000,841791.25
17,lrange5,1000000,1206291.88
18,lpush5,1000000,834255.19
18,lrange5,1000000,1292051.75
19,lpush5,1000000,832732.75
19,lrange5,1000000,1192238.38
20,lpush5,1000000,839073.81
20,lrange5,1000000,1277384.38
21,lpush5,1000000,834778.00
21,lrange5,1000000,1245429.62
22,lpush5,1000000,838437.56
22,lrange5,1000000,1248539.38
23,lpush5,1000000,835502.06
23,lrange5,1000000,1168261.62
24,lpush5,1000000,823775.94
24,lrange5,1000000,1283697.12
25,lpush5,1000000,834911.56
25,lrange5,1000000,1186277.62
26,lpush5,1000000,837007.50
26,lrange5,1000000,1298763.62
27,lpush5,1000000,836860.19
27,lrange5,1000000,1245369.88
28,lpush5,1000000,839697.75
28,lrange5,1000000,1297016.88
29,lpush5,1000000,846956.81
29,lrange5,1000000,836240.81
30,lpush5,1000000,570216.69
30,lrange5,1000000,1283717.62
31,lpush5,1000000,840336.12
31,lrange5,1000000,1283738.12
32,lpush5,1000000,840416.75
32,lrange5,1000000,1189212.88
33,lpush5,1000000,835462.00
33,lrange5,1000000,1293702.50
34,lpush5,1000000,841858.62
34,lrange5,1000000,1199251.75
35,lpush5,1000000,846023.69
35,lrange5,1000000,1172726.88
36,lpush5,1000000,836160.56
36,lrange5,1000000,1298867.62
37,lpush5,1000000,848991.50
37,lrange5,1000000,1242275.75
38,lpush5,1000000,849127.38
38,lrange5,1000000,1278936.00
39,lpush5,1000000,848190.00
39,lrange5,1000000,1293681.75
40,lpush5,1000000,843962.94
40,lrange5,1000000,1272285.00
41,lpush5,1000000,840403.31
41,lrange5,1000000,1242315.50
42,lpush5,1000000,844689.19
42,lrange5,1000000,1285429.25
43,lpush5,1000000,847498.31
43,lrange5,1000000,1207903.38
44,lpush5,1000000,846172.56
44,lrange5,1000000,1300639.75
45,lpush5,1000000,849059.44
45,lrange5,1000000,1253152.88
46,lpush5,1000000,835502.06
46,lrange5,1000000,1273966.88
47,lpush5,1000000,843922.38
47,lrange5,1000000,1193642.00
48,lpush5,1000000,832053.25
48,lrange5,1000000,1272305.38
49,lpush5,1000000,834911.56
49,lrange5,1000000,1287104.25
50,lpush5,1000000,838966.44
50,lrange5,1000000,1300639.75
51,lpush5,1000000,839087.25
51,lrange5,1000000,1277302.75
52,lpush5,1000000,838410.75
52,lrange5,1000000,1250260.00
53,lpush5,1000000,836927.19
53,lrange5,1000000,1298805.25
54,lpush5,1000000,845389.69
54,lrange5,1000000,1283799.75
55,lpush5,1000000,837601.31
55,lrange5,1000000,1272264.62
56,lpush5,1000000,843895.38
56,lrange5,1000000,1305524.88
57,lpush5,1000000,839858.94
57,lrange5,1000000,1295419.62
58,lpush5,1000000,840457.12
58,lrange5,1000000,1222689.50
59,lpush5,1000000,843949.44
59,lrange5,1000000,1287124.88
60,lpush5,1000000,834818.06
60,lrange5,1000000,1165501.25
61,lpush5,1000000,840484.00
61,lrange5,1000000,1197662.25
62,lpush5,1000000,846943.25
62,lrange5,1000000,1283758.75
63,lpush5,1000000,839818.62
63,lrange5,1000000,1297037.62
64,lpush5,1000000,843949.44
64,lrange5,1000000,1193489.25
65,lpush5,1000000,839764.94
65,lrange5,1000000,1288721.62
66,lpush5,1000000,834764.62
66,lrange5,1000000,1292175.75
67,lpush5,1000000,841083.25
67,lrange5,1000000,1293681.75
68,lpush5,1000000,843399.69
68,lrange5,1000000,1245429.62
69,lpush5,1000000,837681.75
69,lrange5,1000000,1189308.00
70,lpush5,1000000,849740.00
70,lrange5,1000000,1283902.50
71,lpush5,1000000,844662.12
71,lrange5,1000000,1290467.12
72,lpush5,1000000,840363.00
72,lrange5,1000000,1290363.88
73,lpush5,1000000,844810.81
73,lrange5,1000000,1272264.62
74,lpush5,1000000,831295.12
74,lrange5,1000000,1283881.88
75,lpush5,1000000,843305.25
75,lrange5,1000000,1239316.00
76,lpush5,1000000,847471.25
76,lrange5,1000000,1182222.25
77,lpush5,1000000,836334.44
77,lrange5,1000000,1293806.00
78,lpush5,1000000,836980.69
78,lrange5,1000000,1305524.88
79,lpush5,1000000,838993.25
79,lrange5,1000000,1278915.62
80,lpush5,1000000,839087.25
80,lrange5,1000000,1182033.12
81,lpush5,1000000,831295.12
81,lrange5,1000000,1283738.12
82,lpush5,1000000,838236.44
82,lrange5,1000000,1290322.62
83,lpush5,1000000,840389.88
83,lrange5,1000000,1248499.38
84,lpush5,1000000,845538.50
84,lrange5,1000000,1197643.12
85,lpush5,1000000,838276.62
85,lrange5,1000000,1196306.12
86,lpush5,1000000,838236.44
86,lrange5,1000000,1192124.00
87,lpush5,1000000,834791.38
87,lrange5,1000000,1246882.88
88,lpush5,1000000,837534.31
88,lrange5,1000000,823045.25
89,lpush5,1000000,526123.06
89,lrange5,1000000,823190.12
90,lpush5,1000000,613942.31
90,lrange5,1000000,1302145.88
91,lpush5,1000000,840336.12
91,lrange5,1000000,1285408.75
92,lpush5,1000000,838979.81
92,lrange5,1000000,1305566.62
93,lpush5,1000000,837520.94
93,lrange5,1000000,1300410.88
94,lpush5,1000000,837681.75
94,lrange5,1000000,1300452.50
95,lpush5,1000000,843318.75
95,lrange5,1000000,1203562.00
96,lpush5,1000000,843224.31
96,lrange5,1000000,1303822.62
97,lpush5,1000000,833386.62
97,lrange5,1000000,1205069.88
98,lpush5,1000000,831414.81
98,lrange5,1000000,1280512.12
99,lpush5,1000000,833453.31
99,lrange5,1000000,1298867.62
100,lpush5,1000000,838223.00
100,lrange5,1000000,1303822.62
101,lpush5,1000000,832826.00
101,lrange5,1000000,1203465.75
102,lpush5,1000000,835421.88
102,lrange5,1000000,1283717.62
103,lpush5,1000000,834778.00
103,lrange5,1000000,1242395.00
104,lpush5,1000000,844057.44
104,lrange5,1000000,1258183.62
105,lpush5,1000000,841056.31
105,lrange5,1000000,1288804.12
106,lpush5,1000000,846064.25
106,lrange5,1000000,1169796.50
107,lpush5,1000000,835488.69
107,lrange5,1000000,1197739.00
108,lpush5,1000000,831335.00
108,lrange5,1000000,1264263.00
109,lpush5,1000000,839087.25
109,lrange5,1000000,1287186.62
110,lpush5,1000000,835609.00
110,lrange5,1000000,1277180.12
111,lpush5,1000000,839087.25
111,lrange5,1000000,1297182.88
112,lpush5,1000000,832079.88
112,lrange5,1000000,1303801.75
113,lpush5,1000000,838979.81
113,lrange5,1000000,1203658.25
114,lpush5,1000000,834055.06
114,lrange5,1000000,1193393.75
115,lpush5,1000000,838993.25
115,lrange5,1000000,1302166.62
116,lpush5,1000000,839644.00
116,lrange5,1000000,1206620.00
117,lpush5,1000000,835528.81
117,lrange5,1000000,1295461.12
118,lpush5,1000000,830631.25
118,lrange5,1000000,1303968.62
119,lpush5,1000000,835475.31
119,lrange5,1000000,1287001.25
120,lpush5,1000000,844030.44
120,lrange5,1000000,1254885.88
121,lpush5,1000000,843989.94
121,lrange5,1000000,1297016.88
122,lpush5,1000000,831295.12
122,lrange5,1000000,1237643.50
123,lpush5,1000000,843197.31
123,lrange5,1000000,1298846.75
124,lpush5,1000000,836267.56
124,lrange5,1000000,1277159.62
125,lpush5,1000000,837534.31
125,lrange5,1000000,1293702.50
126,lpush5,1000000,847566.12
126,lrange5,1000000,1298722.12
127,lpush5,1000000,840376.44
127,lrange5,1000000,1264222.50
128,lpush5,1000000,839657.44
128,lrange5,1000000,1302270.88
129,lpush5,1000000,848285.00
129,lrange5,1000000,1298784.50
130,lpush5,1000000,833439.94
130,lrange5,1000000,1194991.62
131,lpush5,1000000,842513.88
131,lrange5,1000000,1280491.62
132,lpush5,1000000,836307.69
132,lrange5,1000000,1196401.88
133,lpush5,1000000,841244.75
133,lrange5,1000000,1245369.88
134,lpush5,1000000,832812.69
134,lrange5,1000000,1303968.62
135,lpush5,1000000,832692.75
135,lrange5,1000000,1303947.88
136,lpush5,1000000,839644.00
136,lrange5,1000000,1297079.12
137,lpush5,1000000,832692.75
137,lrange5,1000000,1305483.12
138,lpush5,1000000,837695.12
138,lrange5,1000000,1205147.00
139,lpush5,1000000,843922.38
139,lrange5,1000000,1250080.00
140,lpush5,1000000,833373.31
140,lrange5,1000000,1238000.00
141,lpush5,1000000,839684.31
141,lrange5,1000000,859161.50
142,lpush5,1000000,766993.88
142,lrange5,1000000,1302312.50
143,lpush5,1000000,846199.62
143,lrange5,1000000,1292031.00
144,lpush5,1000000,832106.50
144,lrange5,1000000,1246882.88
145,lpush5,1000000,839738.06
145,lrange5,1000000,1300598.25
146,lpush5,1000000,834751.31
146,lrange5,1000000,1278813.25
147,lpush5,1000000,840430.19
147,lrange5,1000000,1200729.88
148,lpush5,1000000,838926.12
148,lrange5,1000000,1295336.75
149,lpush5,1000000,831361.62
149,lrange5,1000000,1246962.62
150,lpush5,1000000,841885.56
150,lrange5,1000000,1196325.38
151,lpush5,1000000,834268.56
151,lrange5,1000000,1293661.00
152,lpush5,1000000,832079.88
152,lrange5,1000000,1298784.50
153,lpush5,1000000,843251.25
153,lrange5,1000000,1297016.88
154,lpush5,1000000,844797.31
154,lrange5,1000000,1287021.88
155,lpush5,1000000,838236.44
155,lrange5,1000000,1136527.25
156,lpush5,1000000,837587.94
156,lrange5,1000000,1293743.88
157,lpush5,1000000,840524.31
157,lrange5,1000000,1193451.12
158,lpush5,1000000,834161.81
158,lrange5,1000000,1290384.50
159,lpush5,1000000,843345.69
159,lrange5,1000000,1285367.62
160,lpush5,1000000,838979.81
160,lrange5,1000000,1295399.00
161,lpush5,1000000,836160.56
161,lrange5,1000000,1083458.38
162,lpush5,1000000,524150.94
162,lrange5,1000000,796292.94
163,lpush5,1000000,778259.94
163,lrange5,1000000,1277180.12
164,lpush5,1000000,850421.75
164,lrange5,1000000,1290467.12
165,lpush5,1000000,837721.94
165,lrange5,1000000,1298763.62
166,lpush5,1000000,850367.38
166,lrange5,1000000,1277180.12
167,lpush5,1000000,836133.81
167,lrange5,1000000,816483.25
168,lpush5,1000000,531451.62
168,lrange5,1000000,825777.06
169,lpush5,1000000,621197.50
169,lrange5,1000000,791765.62
170,lpush5,1000000,605452.81
170,lrange5,1000000,1262707.12
171,lpush5,1000000,847674.62
171,lrange5,1000000,1292155.00
172,lpush5,1000000,843170.31
172,lrange5,1000000,1273905.75
173,lpush5,1000000,850353.75
173,lrange5,1000000,1283861.38
174,lpush5,1000000,837681.75
174,lrange5,1000000,1282112.88
175,lpush5,1000000,843989.94
175,lrange5,1000000,1295481.88
176,lpush5,1000000,841177.44
176,lrange5,1000000,1285347.00
177,lpush5,1000000,849753.56
177,lrange5,1000000,1282071.88
178,lpush5,1000000,840349.56
178,lrange5,1000000,1193432.00
179,lpush5,1000000,841123.62
179,lrange5,1000000,1275510.25
180,lpush5,1000000,835528.81
180,lrange5,1000000,1297120.62
181,lpush5,1000000,838953.00
181,lrange5,1000000,1257901.88
182,lpush5,1000000,843332.19
182,lrange5,1000000,1300515.00
183,lpush5,1000000,841042.88
183,lrange5,1000000,1277200.50
184,lpush5,1000000,829928.62
184,lrange5,1000000,1295419.62
185,lpush5,1000000,844662.12
185,lrange5,1000000,1257901.88
186,lpush5,1000000,775894.50
186,lrange5,1000000,1200499.38
187,lpush5,1000000,832013.31
187,lrange5,1000000,1295523.25
188,lpush5,1000000,834241.88
188,lrange5,1000000,1300410.88
189,lpush5,1000000,841925.94
189,lrange5,1000000,1293702.50
190,lpush5,1000000,845308.56
190,lrange5,1000000,850367.38
191,lpush5,1000000,546878.06
191,lrange5,1000000,1298867.62
192,lpush5,1000000,836160.56
192,lrange5,1000000,1283840.88
193,lpush5,1000000,833519.94
193,lrange5,1000000,1225588.25
194,lpush5,1000000,839154.31
194,lrange5,1000000,1298846.75
195,lpush5,1000000,827880.81
195,lrange5,1000000,1173821.62
196,lpush5,1000000,842635.19
196,lrange5,1000000,1231527.12
197,lpush5,1000000,829293.56
197,lrange5,1000000,1237702.88
198,lpush5,1000000,846929.75
198,lrange5,1000000,1189288.88
199,lpush5,1000000,831946.75
199,lrange5,1000000,1010117.19
200,lpush5,1000000,837574.56
200,lrange5,1000000,1282236.00
201,lpush5,1000000,841217.81
201,lrange5,1000000,1265984.75
202,lpush5,1000000,835555.56
202,lrange5,1000000,1272305.38
203,lpush5,1000000,836133.81
203,lrange5,1000000,1297224.38
204,lpush5,1000000,835488.69
204,lrange5,1000000,1280430.25
205,lpush5,1000000,836173.94
205,lrange5,1000000,921821.19
206,lpush5,1000000,842567.81
206,lrange5,1000000,1194743.12
207,lpush5,1000000,839140.94
207,lrange5,1000000,1193718.38
208,lpush5,1000000,843210.81
208,lrange5,1000000,1295336.75
209,lpush5,1000000,835662.50
209,lrange5,1000000,1285491.00
210,lpush5,1000000,830644.50
210,lrange5,1000000,1297141.38
211,lpush5,1000000,842648.69
211,lrange5,1000000,1185232.25
212,lpush5,1000000,844070.94
212,lrange5,1000000,1269035.50
213,lpush5,1000000,842473.44
213,lrange5,1000000,1118568.25
214,lpush5,1000000,514701.00
214,lrange5,1000000,815126.31
215,lpush5,1000000,621237.25
215,lrange5,1000000,1290343.25
216,lpush5,1000000,842554.31
216,lrange5,1000000,1297058.38
217,lpush5,1000000,839073.81
217,lrange5,1000000,1295461.12
218,lpush5,1000000,839684.31
218,lrange5,1000000,1193699.25
219,lpush5,1000000,838397.38
219,lrange5,1000000,1193680.25
220,lpush5,1000000,844594.56
220,lrange5,1000000,1258062.88
221,lpush5,1000000,834751.31
221,lrange5,1000000,1264404.50
222,lpush5,1000000,834871.50
222,lrange5,1000000,1292113.75
223,lpush5,1000000,836200.69
223,lrange5,1000000,1272427.50
224,lpush5,1000000,836120.44
224,lrange5,1000000,1295378.25
225,lpush5,1000000,835555.56
225,lrange5,1000000,1297016.88
226,lpush5,1000000,827354.88
226,lrange5,1000000,1290343.25
227,lpush5,1000000,839697.75
227,lrange5,1000000,1288762.88
228,lpush5,1000000,841096.69
228,lrange5,1000000,1297037.62
229,lpush5,1000000,838223.00
229,lrange5,1000000,1287145.38
230,lpush5,1000000,827182.81
230,lrange5,1000000,1275612.25
231,lpush5,1000000,839684.31
231,lrange5,1000000,1298826.00
232,lpush5,1000000,830737.56
232,lrange5,1000000,1298763.62
233,lpush5,1000000,836953.94
233,lrange5,1000000,1305524.88
234,lpush5,1000000,833559.94
234,lrange5,1000000,1300390.12
235,lpush5,1000000,836873.62
235,lrange5,1000000,1302145.88
236,lpush5,1000000,834804.69
236,lrange5,1000000,1197681.50
237,lpush5,1000000,835515.44
237,lrange5,1000000,1300452.50
238,lpush5,1000000,837748.75
238,lrange5,1000000,1295357.50
239,lpush5,1000000,831428.12
239,lrange5,1000000,1297037.62
240,lpush5,1000000,829306.81
240,lrange5,1000000,1298950.62
241,lpush5,1000000,831281.81
241,lrange5,1000000,1231546.88
242,lpush5,1000000,829253.75
242,lrange5,1000000,1275653.12
243,lpush5,1000000,837547.75
243,lrange5,1000000,1182033.12
244,lpush5,1000000,838926.12
244,lrange5,1000000,1219609.75
245,lpush5,1000000,836280.94
245,lrange5,1000000,1295357.50
246,lpush5,1000000,831441.44
246,lrange5,1000000,1216564.38
247,lpush5,1000000,845349.12
247,lrange5,1000000,1292051.75
248,lpush5,1000000,829902.06
248,lrange5,1000000,1293702.50
249,lpush5,1000000,836147.19
249,lrange5,1000000,1302104.12
250,lpush5,1000000,842459.94
250,lrange5,1000000,1262666.62
251,lpush5,1000000,846889.06
251,lrange5,1000000,1285470.50
252,lpush5,1000000,838926.12
252,lrange5,1000000,1290343.25
253,lpush5,1000000,841204.38
253,lrange5,1000000,1273905.75
254,lpush5,1000000,830074.69
254,lrange5,1000000,1256341.75
255,lpush5,1000000,841096.69
255,lrange5,1000000,1293785.25
256,lpush5,1000000,841804.75
256,lrange5,1000000,1302125.00
257,lpush5,1000000,834188.50
257,lrange5,1000000,1254745.25
258,lpush5,1000000,841764.31
258,lrange5,1000000,1300473.38
259,lpush5,1000000,839073.81
259,lrange5,1000000,1288804.12
260,lpush5,1000000,834831.44
260,lrange5,1000000,1298784.50
261,lpush5,1000000,838330.31
261,lrange5,1000000,1288762.88
262,lpush5,1000000,843183.81
262,lrange5,1000000,1272264.62
263,lpush5,1000000,832852.62
263,lrange5,1000000,1283738.12
264,lpush5,1000000,830617.94
264,lrange5,1000000,1222493.88
265,lpush5,1000000,834055.06
265,lrange5,1000000,1302083.38
266,lpush5,1000000,838236.44
266,lrange5,1000000,1191971.38
267,lpush5,1000000,825293.75
267,lrange5,1000000,1250120.00
268,lpush5,1000000,831946.75
268,lrange5,1000000,1302125.00
269,lpush5,1000000,836280.94
269,lrange5,1000000,1206677.88
270,lpush5,1000000,843359.19
270,lrange5,1000000,1290508.38
271,lpush5,1000000,848230.69
271,lrange5,1000000,1264364.12
272,lpush5,1000000,834228.50
272,lrange5,1000000,1288721.62
273,lpush5,1000000,843895.38
273,lrange5,1000000,1302187.50
274,lpush5,1000000,827973.56
274,lrange5,1000000,1269035.50
275,lpush5,1000000,842635.19
275,lrange5,1000000,1300410.88
276,lpush5,1000000,834108.44
276,lrange5,1000000,1300452.50
277,lpush5,1000000,836267.56
277,lrange5,1000000,1200653.00
278,lpush5,1000000,836321.06
278,lrange5,1000000,1290384.50
279,lpush5,1000000,834095.06
279,lrange5,1000000,1285593.88
280,lpush5,1000000,834884.81
280,lrange5,1000000,1300390.12
281,lpush5,1000000,842473.44
281,lrange5,1000000,1303822.62
282,lpush5,1000000,838979.81
282,lrange5,1000000,1303780.88
283,lpush5,1000000,842513.88
283,lrange5,1000000,1302104.12
284,lpush5,1000000,839818.62
284,lrange5,1000000,1295357.50
285,lpush5,1000000,834081.75
285,lrange5,1000000,1298701.38
286,lpush5,1000000,830074.69
286,lrange5,1000000,1273926.12
287,lpush5,1000000,835448.62
287,lrange5,1000000,1305817.25
288,lpush5,1000000,827907.31
288,lrange5,1000000,1298784.50
289,lpush5,1000000,837668.31
289,lrange5,1000000,1187838.50
290,lpush5,1000000,841056.31
290,lrange5,1000000,1190571.50
291,lpush5,1000000,841217.81
291,lrange5,1000000,1300410.88
292,lpush5,1000000,830657.81
292,lrange5,1000000,1282092.38
293,lpush5,1000000,840551.25
293,lrange5,1000000,1266146.75
294,lpush5,1000000,840403.31
294,lrange5,1000000,1295399.00
295,lpush5,1000000,836133.81
295,lrange5,1000000,1285470.50
296,lpush5,1000000,835462.00
296,lrange5,1000000,1270749.62
297,lpush5,1000000,830564.81
297,lrange5,1000000,1295502.62
298,lpush5,1000000,832679.44
298,lrange5,1000000,1264364.12
299,lpush5,1000000,843922.38
299,lrange5,1000000,1297245.12
300,lpush5,1000000,832000.00
300,lrange5,1000000,1273987.25
301,lpush5,1000000,832652.81
301,lrange5,1000000,1297203.62
302,lpush5,1000000,841791.25
302,lrange5,1000000,1196229.62
303,lpush5,1000000,834778.00
303,lrange5,1000000,1298826.00
304,lpush5,1000000,834095.06
304,lrange5,1000000,1298826.00
305,lpush5,1000000,843935.88
305,lrange5,1000000,1254725.25
306,lpush5,1000000,846780.69
306,lrange5,1000000,1293764.50
307,lpush5,1000000,836173.94
307,lrange5,1000000,1297099.88
308,lpush5,1000000,845349.12
308,lrange5,1000000,1251604.50
309,lpush5,1000000,842621.69
309,lrange5,1000000,1292031.00
310,lpush5,1000000,840389.88
310,lrange5,1000000,1057302.38
311,lpush5,1000000,550990.62
311,lrange5,1000000,1295336.75
312,lpush5,1000000,846740.06
312,lrange5,1000000,1269258.88
313,lpush5,1000000,836994.12
313,lrange5,1000000,1290446.50
314,lpush5,1000000,836160.56
314,lrange5,1000000,1200691.50
315,lpush5,1000000,832053.25
315,lrange5,1000000,1292134.38
316,lpush5,1000000,838276.62
316,lrange5,1000000,1280573.62
317,lpush5,1000000,831468.06
317,lrange5,1000000,1288721.62
318,lpush5,1000000,844594.56
318,lrange5,1000000,1297016.88
319,lpush5,1000000,844594.56
319,lrange5,1000000,1290343.25
320,lpush5,1000000,838316.88
320,lrange5,1000000,1298867.62
321,lpush5,1000000,835568.88
321,lrange5,1000000,1293764.50
322,lpush5,1000000,836846.81
322,lrange5,1000000,1207922.75
323,lpush5,1000000,837561.12
323,lrange5,1000000,1199194.25
324,lpush5,1000000,841231.25
324,lrange5,1000000,1283840.88
325,lpush5,1000000,843264.75
325,lrange5,1000000,1192333.75
326,lpush5,1000000,835595.62
326,lrange5,1000000,1190514.38
327,lpush5,1000000,842527.38
327,lrange5,1000000,1295523.25
328,lpush5,1000000,840349.56
328,lrange5,1000000,1302312.50
329,lpush5,1000000,844783.75
329,lrange5,1000000,1203619.75
330,lpush5,1000000,836913.75
330,lrange5,1000000,1239335.88
331,lpush5,1000000,836833.44
331,lrange5,1000000,1196516.75
332,lpush5,1000000,842594.75
332,lrange5,1000000,1261215.62
333,lpush5,1000000,834041.69
333,lrange5,1000000,1293661.00
334,lpush5,1000000,834028.38
334,lrange5,1000000,1278772.38
335,lpush5,1000000,841231.25
335,lrange5,1000000,1273926.12
336,lpush5,1000000,838939.56
336,lrange5,1000000,1196593.25
337,lpush5,1000000,840389.88
337,lrange5,1000000,1295378.25
338,lpush5,1000000,840524.31
338,lrange5,1000000,1234646.88
339,lpush5,1000000,837561.12
339,lrange5,1000000,1194819.62
340,lpush5,1000000,841939.44
340,lrange5,1000000,1287124.88
341,lpush5,1000000,841925.94
341,lrange5,1000000,1293723.12
342,lpush5,1000000,834804.69
342,lrange5,1000000,1246882.88
343,lpush5,1000000,839657.44
343,lrange5,1000000,1277139.25
344,lpush5,1000000,840430.19
344,lrange5,1000000,1305524.88
345,lpush5,1000000,842459.94
345,lrange5,1000000,1277159.62
346,lpush5,1000000,834724.56
346,lrange5,1000000,1265843.00
347,lpush5,1000000,838330.31
347,lrange5,1000000,1297079.12
348,lpush5,1000000,837007.50
348,lrange5,1000000,1302250.00
349,lpush5,1000000,844635.12
349,lrange5,1000000,1297141.38
350,lpush5,1000000,843922.38
350,lrange5,1000000,1265964.50
351,lpush5,1000000,844030.44
351,lrange5,1000000,1293806.00
352,lpush5,1000000,848190.00
352,lrange5,1000000,1302104.12
353,lpush5,1000000,840376.44
353,lrange5,1000000,1256462.25
354,lpush5,1000000,842459.94
354,lrange5,1000000,1282051.38
355,lpush5,1000000,846807.81
355,lrange5,1000000,1295378.25
356,lpush5,1000000,839644.00
356,lrange5,1000000,1285408.75
357,lpush5,1000000,836927.19
357,lrange5,1000000,1277180.12
358,lpush5,1000000,841096.69
358,lrange5,1000000,1257942.12
359,lpush5,1000000,841056.31
359,lrange5,1000000,1207845.38
360,lpush5,1000000,837520.94
360,lrange5,1000000,1300390.12
361,lpush5,1000000,833346.62
361,lrange5,1000000,1297016.88
362,lpush5,1000000,842635.19
362,lrange5,1000000,1298722.12
363,lpush5,1000000,843372.69
363,lrange5,1000000,1194800.50
364,lpush5,1000000,836900.38
364,lrange5,1000000,1280553.12
365,lpush5,1000000,849113.75
365,lrange5,1000000,1275551.00
366,lpush5,1000000,843949.44
366,lrange5,1000000,1302083.38
367,lpush5,1000000,838343.69
367,lrange5,1000000,1200672.25
368,lpush5,1000000,843237.81
368,lrange5,1000000,1193603.88
369,lpush5,1000000,848964.38
369,lrange5,1000000,1269076.12
370,lpush5,1000000,846862.00
370,lrange5,1000000,1303906.12
371,lpush5,1000000,847539.00
371,lrange5,1000000,1269035.50
372,lpush5,1000000,839644.00
372,lrange5,1000000,1188009.50
373,lpush5,1000000,843908.88
373,lrange5,1000000,1265924.00
374,lpush5,1000000,844608.12
374,lrange5,1000000,1165836.88
375,lpush5,1000000,836820.06
375,lrange5,1000000,1196516.75
376,lpush5,1000000,842473.44
376,lrange5,1000000,1190552.38
377,lpush5,1000000,841150.56
377,lrange5,1000000,1293764.50
378,lpush5,1000000,843895.38
378,lrange5,1000000,1185023.75
379,lpush5,1000000,838993.25
379,lrange5,1000000,1272407.12
380,lpush5,1000000,838357.12
380,lrange5,1000000,1265843.00
381,lpush5,1000000,846970.38
381,lrange5,1000000,1269076.12
382,lpush5,1000000,838236.44
382,lrange5,1000000,1297037.62
383,lpush5,1000000,832839.31
383,lrange5,1000000,1278833.75
384,lpush5,1000000,834095.06
384,lrange5,1000000,1196497.62
385,lpush5,1000000,827143.12
385,lrange5,1000000,1278772.38
386,lpush5,1000000,841912.50
386,lrange5,1000000,1183450.88
387,lpush5,1000000,847566.12
387,lrange5,1000000,1278854.25
388,lpush5,1000000,842635.19
388,lrange5,1000000,1292010.38
389,lpush5,1000000,835435.25
389,lrange5,1000000,1278956.50
390,lpush5,1000000,832652.81
390,lrange5,1000000,932925.38
391,lpush5,1000000,517940.97
391,lrange5,1000000,826525.62
392,lpush5,1000000,777100.25
392,lrange5,1000000,1293702.50
393,lpush5,1000000,844675.69
393,lrange5,1000000,1262787.88
394,lpush5,1000000,834737.94
394,lrange5,1000000,1287124.88
395,lpush5,1000000,840564.69
395,lrange5,1000000,1293888.75
396,lpush5,1000000,849617.62
396,lrange5,1000000,1288659.75
397,lpush5,1000000,838397.38
397,lrange5,1000000,1298784.50
398,lpush5,1000000,835475.31
398,lrange5,1000000,1242275.75
399,lpush5,1000000,775869.62
399,lrange5,1000000,1298867.62
400,lpush5,1000000,840389.88
400,lrange5,1000000,1278936.00
401,lpush5,1000000,849631.25
401,lrange5,1000000,1204877.12
402,lpush5,1000000,842621.69
402,lrange5,1000000,1257942.12
403,lpush5,1000000,836873.62
403,lrange5,1000000,1298763.62
404,lpush5,1000000,842486.94
404,lrange5,1000000,1282051.38
405,lpush5,1000000,846780.69
405,lrange5,1000000,1287124.88
406,lpush5,1000000,838966.44
406,lrange5,1000000,1288845.38
407,lpush5,1000000,838303.44
407,lrange5,1000000,1297058.38
408,lpush5,1000000,836187.31
408,lrange5,1000000,1186486.38
409,lpush5,1000000,844070.94
409,lrange5,1000000,1264222.50
410,lpush5,1000000,831255.25
410,lrange5,1000000,1193603.88
411,lpush5,1000000,844770.25
411,lrange5,1000000,1195049.00
412,lpush5,1000000,834764.62
412,lrange5,1000000,1297099.88
413,lpush5,1000000,834778.00
413,lrange5,1000000,1267569.12
414,lpush5,1000000,836994.12
414,lrange5,1000000,1099041.75
415,lpush5,1000000,846794.25
415,lrange5,1000000,1242236.00
416,lpush5,1000000,843881.88
416,lrange5,1000000,1179301.88
417,lpush5,1000000,841764.31
417,lrange5,1000000,905913.06
418,lpush5,1000000,843318.75
418,lrange5,1000000,1258022.62
419,lpush5,1000000,846794.25
419,lrange5,1000000,1277200.50
420,lpush5,1000000,844594.56
420,lrange5,1000000,1205069.88
421,lpush5,1000000,839020.12
421,lrange5,1000000,1282236.00
422,lpush5,1000000,833346.62
422,lrange5,1000000,1230051.62
423,lpush5,1000000,832746.06
423,lrange5,1000000,1251684.62
424,lpush5,1000000,833506.62
424,lrange5,1000000,1168280.38
425,lpush5,1000000,835582.25
425,lrange5,1000000,1298722.12
426,lpush5,1000000,835542.19
426,lrange5,1000000,1288762.88
427,lpush5,1000000,843922.38
427,lrange5,1000000,1264263.00
428,lpush5,1000000,830804.00
428,lrange5,1000000,1174159.62
429,lpush5,1000000,839697.75
429,lrange5,1000000,1243801.00
430,lpush5,1000000,840484.00
430,lrange5,1000000,1193374.75
431,lpush5,1000000,835475.31
431,lrange5,1000000,1297120.62
432,lpush5,1000000,835568.88
432,lrange5,1000000,1251744.62
433,lpush5,1000000,834751.31
433,lrange5,1000000,1295419.62
434,lpush5,1000000,834778.00
434,lrange5,1000000,1187667.50
435,lpush5,1000000,849794.38
435,lrange5,1000000,1182279.00
436,lpush5,1000000,838410.75
436,lrange5,1000000,1277343.62
437,lpush5,1000000,842635.19
437,lrange5,1000000,1295336.75
438,lpush5,1000000,839684.31
438,lrange5,1000000,1258042.75
439,lpush5,1000000,837695.12
439,lrange5,1000000,1280430.25
440,lpush5,1000000,836887.00
440,lrange5,1000000,1198026.38
441,lpush5,1000000,846253.75
441,lrange5,1000000,1256462.25
442,lpush5,1000000,841885.56
442,lrange5,1000000,1275551.00
443,lpush5,1000000,847498.31
443,lrange5,1000000,1282092.38
444,lpush5,1000000,832706.12
444,lrange5,1000000,1298867.62
445,lpush5,1000000,840389.88
445,lrange5,1000000,1291989.62
446,lpush5,1000000,842594.75
446,lrange5,1000000,1285408.75
447,lpush5,1000000,838451.00
447,lrange5,1000000,1253152.88
448,lpush5,1000000,836214.06
448,lrange5,1000000,1278977.00
449,lpush5,1000000,838316.88
449,lrange5,1000000,1250000.00
450,lpush5,1000000,831428.12
450,lrange5,1000000,1239197.00
451,lpush5,1000000,833386.62
451,lrange5,1000000,1290446.50
452,lpush5,1000000,833346.62
452,lrange5,1000000,1298909.12
453,lpush5,1000000,831295.12
453,lrange5,1000000,1193661.12
454,lpush5,1000000,832000.00
454,lrange5,1000000,1295502.62
455,lpush5,1000000,841150.56
455,lrange5,1000000,1278792.88
456,lpush5,1000000,838370.50
456,lrange5,1000000,1285367.62
457,lpush5,1000000,841056.31
457,lrange5,1000000,1269055.88
458,lpush5,1000000,774018.56
458,lrange5,1000000,1278813.25
459,lpush5,1000000,840403.31
459,lrange5,1000000,1282092.38
460,lpush5,1000000,841899.00
460,lrange5,1000000,1295357.50
461,lpush5,1000000,844057.44
461,lrange5,1000000,1262666.62
462,lpush5,1000000,838236.44
462,lrange5,1000000,1290425.88
463,lpush5,1000000,835595.62
463,lrange5,1000000,1290467.12
464,lpush5,1000000,842527.38
464,lrange5,1000000,1251804.75
465,lpush5,1000000,838276.62
465,lrange5,1000000,1293888.75
466,lpush5,1000000,837574.56
466,lrange5,1000000,1293681.75
467,lpush5,1000000,836887.00
467,lrange5,1000000,1295378.25
468,lpush5,1000000,831986.69
468,lrange5,1000000,1228560.12
469,lpush5,1000000,839738.06
469,lrange5,1000000,1292093.00
470,lpush5,1000000,834737.94
470,lrange5,1000000,1282112.88
471,lpush5,1000000,832679.44
471,lrange5,1000000,1297058.38
472,lpush5,1000000,839805.19
472,lrange5,1000000,1280491.62
473,lpush5,1000000,835528.81
473,lrange5,1000000,1287001.25
474,lpush5,1000000,836294.31
474,lrange5,1000000,1300452.50
475,lpush5,1000000,845497.94
475,lrange5,1000000,1283697.12
476,lpush5,1000000,835475.31
476,lrange5,1000000,1302125.00
477,lpush5,1000000,836280.94
477,lrange5,1000000,1303947.88
478,lpush5,1000000,838276.62
478,lrange5,1000000,1261094.62
479,lpush5,1000000,845497.94
479,lrange5,1000000,1307210.50
480,lpush5,1000000,837628.12
480,lrange5,1000000,1303989.50
481,lpush5,1000000,841858.62
481,lrange5,1000000,1287145.38
482,lpush5,1000000,838926.12
482,lrange5,1000000,1292051.75
483,lpush5,1000000,837047.69
483,lrange5,1000000,1305545.75
484,lpush5,1000000,832652.81
484,lrange5,1000000,1287186.62
485,lpush5,1000000,833533.31
485,lrange5,1000000,1305671.12
486,lpush5,1000000,833333.31
486,lrange5,1000000,1302083.38
487,lpush5,1000000,837534.31
487,lrange5,1000000,1297224.38
488,lpush5,1000000,841056.31
488,lrange5,1000000,1288845.38
489,lpush5,1000000,839087.25
489,lrange5,1000000,1258042.75
490,lpush5,1000000,841899.00
490,lrange5,1000000,1200806.75
491,lpush5,1000000,845524.94
491,lrange5,1000000,1305483.12
492,lpush5,1000000,834844.75
492,lrange5,1000000,1243781.12
493,lpush5,1000000,850517.00
493,lrange5,1000000,1287145.38
494,lpush5,1000000,849617.62
494,lrange5,1000000,1298805.25
495,lpush5,1000000,838979.81
495,lrange5,1000000,1253253.12
496,lpush5,1000000,834764.62
496,lrange5,1000000,1207826.12
497,lpush5,1000000,836887.00
497,lrange5,1000000,1298867.62
498,lpush5,1000000,837574.56
498,lrange5,1000000,1201961.50
499,lpush5,1000000,840551.25
499,lrange5,1000000,1200595.38
500,lpush5,1000000,843908.88
500,lrange5,1000000,1200787.50
501,lpush5,1000000,843881.88
501,lrange5,1000000,1298826.00
502,lpush5,1000000,832692.75
502,lrange5,1000000,1300390.12
503,lpush5,1000000,835435.25
503,lrange5,1000000,1187781.50
504,lpush5,1000000,836200.69
504,lrange5,1000000,1199194.25
505,lpush5,1000000,845524.94
505,lrange5,1000000,1247062.38
506,lpush5,1000000,836173.94
506,lrange5,1000000,1278936.00
507,lpush5,1000000,834844.75
507,lrange5,1000000,1233104.88
508,lpush5,1000000,832679.44
508,lrange5,1000000,1243940.25
509,lpush5,1000000,837668.31
509,lrange5,1000000,1308942.38
510,lpush5,1000000,838223.00
510,lrange5,1000000,1308900.50
511,lpush5,1000000,834778.00
511,lrange5,1000000,1277221.00
512,lpush5,1000000,846159.00
512,lrange5,1000000,1205012.12
513,lpush5,1000000,831295.12
513,lrange5,1000000,1253233.12
514,lpush5,1000000,836940.56
514,lrange5,1000000,1298722.12
515,lpush5,1000000,837695.12
515,lrange5,1000000,1303947.88
516,lpush5,1000000,837628.12
516,lrange5,1000000,1302125.00
517,lpush5,1000000,842513.88
517,lrange5,1000000,1298701.38
518,lpush5,1000000,831295.12
518,lrange5,1000000,1200691.50
519,lpush5,1000000,837534.31
519,lrange5,1000000,1194800.50
520,lpush5,1000000,839657.44
520,lrange5,1000000,1273905.75
521,lpush5,1000000,842675.62
521,lrange5,1000000,1192219.38
522,lpush5,1000000,836214.06
522,lrange5,1000000,1288948.38
523,lpush5,1000000,846740.06
523,lrange5,1000000,1230110.62
524,lpush5,1000000,833386.62
524,lrange5,1000000,1189460.12
525,lpush5,1000000,835609.00
525,lrange5,1000000,1302145.88
526,lpush5,1000000,834135.12
526,lrange5,1000000,1201942.25
527,lpush5,1000000,844003.44
527,lrange5,1000000,1206330.50
528,lpush5,1000000,834201.81
528,lrange5,1000000,1200499.38
529,lpush5,1000000,839858.94
529,lrange5,1000000,1282051.38
530,lpush5,1000000,845349.12
530,lrange5,1000000,1246922.75
531,lpush5,1000000,843291.75
531,lrange5,1000000,1298846.75
532,lpush5,1000000,843237.81
532,lrange5,1000000,1300556.62
533,lpush5,1000000,831388.25
533,lrange5,1000000,1199060.00
534,lpush5,1000000,845416.75
534,lrange5,1000000,1285347.00
535,lpush5,1000000,835528.81
535,lrange5,1000000,1239177.25
536,lpush5,1000000,840497.44
536,lrange5,1000000,1240714.62
537,lpush5,1000000,844070.94
537,lrange5,1000000,1298722.12
538,lpush5,1000000,833386.62
538,lrange5,1000000,1287124.88
539,lpush5,1000000,844675.69
539,lrange5,1000000,1297162.12
540,lpush5,1000000,837681.75
540,lrange5,1000000,1197892.25
541,lpush5,1000000,835622.38
541,lrange5,1000000,1297058.38
542,lpush5,1000000,836860.19
542,lrange5,1000000,1190476.25
543,lpush5,1000000,838276.62
543,lrange5,1000000,1247082.38
544,lpush5,1000000,843224.31
544,lrange5,1000000,1302208.38
545,lpush5,1000000,834724.56
545,lrange5,1000000,1193489.25
546,lpush5,1000000,843895.38
546,lrange5,1000000,1275591.88
547,lpush5,1000000,845308.56
547,lrange5,1000000,1287104.25
548,lpush5,1000000,838451.00
548,lrange5,1000000,1254765.38
549,lpush5,1000000,840524.31
549,lrange5,1000000,1278772.38
550,lpush5,1000000,841217.81
550,lrange5,1000000,1293764.50
551,lpush5,1000000,848339.25
551,lrange5,1000000,1290487.75
552,lpush5,1000000,834924.94
552,lrange5,1000000,1269096.50
553,lpush5,1000000,836860.19
553,lrange5,1000000,1197758.12
554,lpush5,1000000,835421.88
554,lrange5,1000000,1302083.38
555,lpush5,1000000,834081.75
555,lrange5,1000000,1264263.00
556,lpush5,1000000,840389.88
556,lrange5,1000000,1283738.12
557,lpush5,1000000,840537.75
557,lrange5,1000000,1167066.50
558,lpush5,1000000,761083.69
558,lrange5,1000000,1287001.25
559,lpush5,1000000,838357.12
559,lrange5,1000000,1297037.62
560,lpush5,1000000,839791.81
560,lrange5,1000000,1257901.88
561,lpush5,1000000,842662.12
561,lrange5,1000000,1290405.25
562,lpush5,1000000,833399.94
562,lrange5,1000000,1183829.50
563,lpush5,1000000,828513.69
563,lrange5,1000000,1290343.25
564,lpush5,1000000,838979.81
564,lrange5,1000000,1200806.75
565,lpush5,1000000,830617.94
565,lrange5,1000000,1173802.88
566,lpush5,1000000,525796.00
566,lrange5,1000000,823789.12
567,lpush5,1000000,716424.06
567,lrange5,1000000,1297079.12
568,lpush5,1000000,850353.75
568,lrange5,1000000,1231743.88
569,lpush5,1000000,833506.62
569,lrange5,1000000,1282092.38
570,lpush5,1000000,843935.88
570,lrange5,1000000,1270871.62
571,lpush5,1000000,832692.75
571,lrange5,1000000,1298742.88
572,lpush5,1000000,846037.19
572,lrange5,1000000,1193470.12
573,lpush5,1000000,839630.56
573,lrange5,1000000,1199366.88
574,lpush5,1000000,838410.75
574,lrange5,1000000,837628.12
575,lpush5,1000000,680370.06
575,lrange5,1000000,1285408.75
576,lpush5,1000000,841899.00
576,lrange5,1000000,1269218.25
577,lpush5,1000000,833493.31
577,lrange5,1000000,1200480.12
578,lpush5,1000000,839832.06
578,lrange5,1000000,1250000.00
579,lpush5,1000000,835421.88
579,lrange5,1000000,1288680.38
580,lpush5,1000000,839751.50
580,lrange5,1000000,1280409.75
581,lpush5,1000000,840403.31
581,lrange5,1000000,819092.56
582,lpush5,1000000,527738.25
582,lrange5,1000000,814358.25
583,lpush5,1000000,593824.25
583,lrange5,1000000,1262747.50
584,lpush5,1000000,838316.88
584,lrange5,1000000,1261276.25
585,lpush5,1000000,832692.75
585,lrange5,1000000,1290508.38
586,lpush5,1000000,836173.94
586,lrange5,1000000,1290467.12
587,lpush5,1000000,836280.94
587,lrange5,1000000,1288804.12
588,lpush5,1000000,837561.12
588,lrange5,1000000,1199347.75
589,lpush5,1000000,836173.94
589,lrange5,1000000,1277159.62
590,lpush5,1000000,830790.69
590,lrange5,1000000,1248619.25
591,lpush5,1000000,825790.25
591,lrange5,1000000,811030.00
592,lpush5,1000000,522566.34
592,lrange5,1000000,827841.12
593,lpush5,1000000,639826.00
593,lrange5,1000000,1288659.75
594,lpush5,1000000,834135.12
594,lrange5,1000000,1290508.38
595,lpush5,1000000,834844.75
595,lrange5,1000000,1293702.50
596,lpush5,1000000,832746.06
596,lrange5,1000000,1203465.75
597,lpush5,1000000,837561.12
597,lrange5,1000000,1270810.62
598,lpush5,1000000,837547.75
598,lrange5,1000000,1293847.38
599,lpush5,1000000,838939.56
599,lrange5,1000000,1189365.00
600,lpush5,1000000,831960.06
600,lrange5,1000000,1280553.12
601,lpush5,1000000,843197.31
601,lrange5,1000000,1185061.62
602,lpush5,1000000,837587.94
602,lrange5,1000000,1247042.38
603,lpush5,1000000,829306.81
603,lrange5,1000000,1297058.38
604,lpush5,1000000,831281.81
604,lrange5,1000000,1254865.75
605,lpush5,1000000,842459.94
605,lrange5,1000000,887425.06
606,lpush5,1000000,834778.00
606,lrange5,1000000,1297079.12
607,lpush5,1000000,832692.75
607,lrange5,1000000,1303822.62
608,lpush5,1000000,832865.94
608,lrange5,1000000,1254845.62
609,lpush5,1000000,836873.62
609,lrange5,1000000,1302229.12
610,lpush5,1000000,833399.94
610,lrange5,1000000,1293785.25
611,lpush5,1000000,832719.44
611,lrange5,1000000,1261195.50
612,lpush5,1000000,831321.75
612,lrange5,1000000,1297245.12
613,lpush5,1000000,831973.38
613,lrange5,1000000,1199386.12
614,lpush5,1000000,832706.12
614,lrange5,1000000,1280430.25
615,lpush5,1000000,835649.12
615,lrange5,1000000,1277302.75
616,lpush5,1000000,836280.94
616,lrange5,1000000,1210847.50
617,lpush5,1000000,842486.94
617,lrange5,1000000,1293847.38
618,lpush5,1000000,844016.94
618,lrange5,1000000,1256281.38
619,lpush5,1000000,837587.94
619,lrange5,1000000,1285367.62
620,lpush5,1000000,841231.25
620,lrange5,1000000,1297037.62
621,lpush5,1000000,837574.56
621,lrange5,1000000,1256301.50
622,lpush5,1000000,841966.38
622,lrange5,1000000,1193546.50
623,lpush5,1000000,841056.31
623,lrange5,1000000,1282071.88
624,lpush5,1000000,833346.62
624,lrange5,1000000,1282215.38
625,lpush5,1000000,841939.44
625,lrange5,1000000,1295378.25
626,lpush5,1000000,516812.41
626,lrange5,1000000,825135.31
627,lpush5,1000000,699801.25
627,lrange5,1000000,1196593.25
628,lpush5,1000000,838979.81
628,lrange5,1000000,1300431.75
629,lpush5,1000000,833559.94
629,lrange5,1000000,1288845.38
630,lpush5,1000000,836833.44
630,lrange5,1000000,1193317.38
631,lpush5,1000000,835582.25
631,lrange5,1000000,1300598.25
632,lpush5,1000000,835595.62
632,lrange5,1000000,1297182.88
633,lpush5,1000000,838249.81
633,lrange5,1000000,1290487.75
634,lpush5,1000000,839684.31
634,lrange5,1000000,1262646.50
635,lpush5,1000000,843359.19
635,lrange5,1000000,1231527.12
636,lpush5,1000000,836187.31
636,lrange5,1000000,1187990.50
637,lpush5,1000000,841979.81
637,lrange5,1000000,1290343.25
638,lpush5,1000000,844608.12
638,lrange5,1000000,1285429.25
639,lpush5,1000000,831374.94
639,lrange5,1000000,1287042.50
640,lpush5,1000000,842513.88
640,lrange5,1000000,1278813.25
641,lpush5,1000000,835622.38
641,lrange5,1000000,1189098.62
642,lpush5,1000000,846064.25
642,lrange5,1000000,1256422.12
643,lpush5,1000000,831268.50
643,lrange5,1000000,1298846.75
644,lpush5,1000000,838993.25
644,lrange5,1000000,1253273.25
645,lpush5,1000000,842594.75
645,lrange5,1000000,1298763.62
646,lpush5,1000000,847498.31
646,lrange5,1000000,1300577.38
647,lpush5,1000000,836187.31
647,lrange5,1000000,1297016.88
648,lpush5,1000000,843224.31
648,lrange5,1000000,1264242.75
649,lpush5,1000000,841137.06
649,lrange5,1000000,1300535.75
650,lpush5,1000000,846767.12
650,lrange5,1000000,1298742.88
651,lpush5,1000000,838939.56
651,lrange5,1000000,1196344.50
652,lpush5,1000000,840349.56
652,lrange5,1000000,1190628.62
653,lpush5,1000000,835435.25
653,lrange5,1000000,1194762.25
654,lpush5,1000000,836160.56
654,lrange5,1000000,1297016.88
655,lpush5,1000000,838276.62
655,lrange5,1000000,1288659.75
656,lpush5,1000000,841204.38
656,lrange5,1000000,1295461.12
657,lpush5,1000000,841083.25
657,lrange5,1000000,1189384.00
658,lpush5,1000000,836133.81
658,lrange5,1000000,1194991.62
659,lpush5,1000000,841042.88
659,lrange5,1000000,1262626.25
660,lpush5,1000000,844070.94
660,lrange5,1000000,1272264.62
661,lpush5,1000000,838939.56
661,lrange5,1000000,1186372.50
662,lpush5,1000000,806516.12
662,lrange5,1000000,1295399.00
663,lpush5,1000000,843278.25
663,lrange5,1000000,1297182.88
664,lpush5,1000000,847525.44
664,lrange5,1000000,1199424.50
665,lpush5,1000000,839657.44
665,lrange5,1000000,1200614.62
666,lpush5,1000000,848244.25
666,lrange5,1000000,1187914.50
667,lpush5,1000000,840363.00
667,lrange5,1000000,1191914.25
668,lpush5,1000000,836953.94
668,lrange5,1000000,1298805.25
669,lpush5,1000000,836240.81
669,lrange5,1000000,1199232.62
670,lpush5,1000000,849753.56
670,lrange5,1000000,1282153.88
671,lpush5,1000000,836187.31
671,lrange5,1000000,1271014.00
672,lpush5,1000000,841764.31
672,lrange5,1000000,1297203.62
673,lpush5,1000000,847647.50
673,lrange5,1000000,1254865.75
674,lpush5,1000000,847552.56
674,lrange5,1000000,1203581.25
675,lpush5,1000000,831441.44
675,lrange5,1000000,1210808.75
676,lpush5,1000000,843318.75
676,lrange5,1000000,1190552.38
677,lpush5,1000000,782497.62
677,lrange5,1000000,1264242.75
678,lpush5,1000000,843210.81
678,lrange5,1000000,1199232.62
679,lpush5,1000000,834791.38
679,lrange5,1000000,1277139.25
680,lpush5,1000000,836887.00
680,lrange5,1000000,1189403.12
681,lpush5,1000000,834751.31
681,lrange5,1000000,1295357.50
682,lpush5,1000000,843372.69
682,lrange5,1000000,1300452.50
683,lpush5,1000000,837681.75
683,lrange5,1000000,1295481.88
684,lpush5,1000000,835555.56
684,lrange5,1000000,1282153.88
685,lpush5,1000000,842513.88
685,lrange5,1000000,1193412.88
686,lpush5,1000000,848339.25
686,lrange5,1000000,1295523.25
687,lpush5,1000000,836280.94
687,lrange5,1000000,1283902.50
688,lpush5,1000000,843989.94
688,lrange5,1000000,1297016.88
689,lpush5,1000000,839670.88
689,lrange5,1000000,1187686.50
690,lpush5,1000000,837641.56
690,lrange5,1000000,1300639.75
691,lpush5,1000000,843278.25
691,lrange5,1000000,1196191.38
692,lpush5,1000000,841258.19
692,lrange5,1000000,1261235.88
693,lpush5,1000000,839818.62
693,lrange5,1000000,1192295.62
694,lpush5,1000000,843881.88
694,lrange5,1000000,1202000.00
695,lpush5,1000000,834737.94
695,lrange5,1000000,1272325.62
696,lpush5,1000000,839697.75
696,lrange5,1000000,1179245.25
697,lpush5,1000000,836873.62
697,lrange5,1000000,1302125.00
698,lpush5,1000000,836173.94
698,lrange5,1000000,1303864.38
699,lpush5,1000000,840389.88
699,lrange5,1000000,1291989.62
700,lpush5,1000000,838410.75
700,lrange5,1000000,1282318.00
701,lpush5,1000000,836200.69
701,lrange5,1000000,1288701.00
702,lpush5,1000000,833346.62
702,lrange5,1000000,1285367.62
703,lpush5,1000000,835609.00
703,lrange5,1000000,1295523.25
704,lpush5,1000000,835462.00
704,lrange5,1000000,1265984.75
705,lpush5,1000000,846834.88
705,lrange5,1000000,1295419.62
706,lpush5,1000000,842459.94
706,lrange5,1000000,1282133.38
707,lpush5,1000000,828712.50
707,lrange5,1000000,1295357.50
708,lpush5,1000000,838383.94
708,lrange5,1000000,1293868.00
709,lpush5,1000000,840551.25
709,lrange5,1000000,1303906.12
710,lpush5,1000000,840389.88
710,lrange5,1000000,1282071.88
711,lpush5,1000000,847484.81
711,lrange5,1000000,1199194.25
712,lpush5,1000000,845430.31
712,lrange5,1000000,1288680.38
713,lpush5,1000000,830101.19
713,lrange5,1000000,1303947.88
714,lpush5,1000000,838249.81
714,lrange5,1000000,1295357.50
715,lpush5,1000000,838223.00
715,lrange5,1000000,1257942.12
716,lpush5,1000000,843224.31
716,lrange5,1000000,1280430.25
717,lpush5,1000000,830564.81
717,lrange5,1000000,1303968.62
718,lpush5,1000000,836833.44
718,lrange5,1000000,1303801.75
719,lpush5,1000000,834818.06
719,lrange5,1000000,1180807.50
720,lpush5,1000000,840389.88
720,lrange5,1000000,1297099.88
721,lpush5,1000000,834161.81
721,lrange5,1000000,1305483.12
722,lpush5,1000000,845403.25
722,lrange5,1000000,1298929.88
723,lpush5,1000000,837520.94
723,lrange5,1000000,1200825.88
724,lpush5,1000000,838979.81
724,lrange5,1000000,1154974.62
725,lpush5,1000000,831281.81
725,lrange5,1000000,1282174.38
726,lpush5,1000000,832652.81
726,lrange5,1000000,1285388.12
727,lpush5,1000000,829928.62
727,lrange5,1000000,1302145.88
728,lpush5,1000000,834028.38
728,lrange5,1000000,1305545.75
729,lpush5,1000000,834804.69
729,lrange5,1000000,1307377.75
730,lpush5,1000000,843359.19
730,lrange5,1000000,1302250.00
731,lpush5,1000000,831268.50
731,lrange5,1000000,1210905.62
732,lpush5,1000000,834095.06
732,lrange5,1000000,1302229.12
733,lpush5,1000000,841217.81
733,lrange5,1000000,1302145.88
734,lpush5,1000000,835502.06
734,lrange5,1000000,1269055.88
735,lpush5,1000000,833386.62
735,lrange5,1000000,1262828.25
736,lpush5,1000000,835462.00
736,lrange5,1000000,1265843.00
737,lpush5,1000000,839644.00
737,lrange5,1000000,1282153.88
738,lpush5,1000000,836214.06
738,lrange5,1000000,1207787.38
739,lpush5,1000000,831321.75
739,lrange5,1000000,1303968.62
740,lpush5,1000000,840551.25
740,lrange5,1000000,1305608.38
741,lpush5,1000000,844043.94
741,lrange5,1000000,1075612.88
742,lpush5,1000000,843237.81
742,lrange5,1000000,1280532.62
743,lpush5,1000000,836187.31
743,lrange5,1000000,1248439.50
744,lpush5,1000000,843183.81
744,lrange5,1000000,1262808.12
745,lpush5,1000000,837520.94
745,lrange5,1000000,1303968.62
746,lpush5,1000000,845349.12
746,lrange5,1000000,1275510.25
747,lpush5,1000000,825803.50
747,lrange5,1000000,1280409.75
748,lpush5,1000000,845308.56
748,lrange5,1000000,1195125.38
749,lpush5,1000000,833346.62
749,lrange5,1000000,1287083.62
750,lpush5,1000000,835448.62
750,lrange5,1000000,1256462.25
751,lpush5,1000000,838939.56
751,lrange5,1000000,1295523.25
752,lpush5,1000000,836980.69
752,lrange5,1000000,1303885.25
753,lpush5,1000000,836173.94
753,lrange5,1000000,1280430.25
754,lpush5,1000000,830644.50
754,lrange5,1000000,1283717.62
755,lpush5,1000000,837721.94
755,lrange5,1000000,1200710.62
756,lpush5,1000000,835488.69
756,lrange5,1000000,1219609.75
757,lpush5,1000000,827827.88
757,lrange5,1000000,1262707.12
758,lpush5,1000000,835435.25
758,lrange5,1000000,1273926.12
759,lpush5,1000000,834188.50
759,lrange5,1000000,1196382.75
760,lpush5,1000000,841190.94
760,lrange5,1000000,1297016.88
761,lpush5,1000000,845322.06
761,lrange5,1000000,1275530.62
762,lpush5,1000000,841831.69
762,lrange5,1000000,1298701.38
763,lpush5,1000000,839697.75
763,lrange5,1000000,1280553.12
764,lpush5,1000000,836214.06
764,lrange5,1000000,1239375.50
765,lpush5,1000000,846064.25
765,lrange5,1000000,1261074.38
766,lpush5,1000000,834898.19
766,lrange5,1000000,1297099.88
767,lpush5,1000000,839684.31
767,lrange5,1000000,1189155.75
768,lpush5,1000000,832852.62
768,lrange5,1000000,1275693.88
769,lpush5,1000000,837520.94
769,lrange5,1000000,1199271.00
770,lpush5,1000000,846780.69
770,lrange5,1000000,1293785.25
771,lpush5,1000000,834831.44
771,lrange5,1000000,1136763.62
772,lpush5,1000000,836887.00
772,lrange5,1000000,1196325.38
773,lpush5,1000000,843264.75
773,lrange5,1000000,1225666.75
774,lpush5,1000000,839805.19
774,lrange5,1000000,1245489.50
775,lpush5,1000000,846875.56
775,lrange5,1000000,1218046.38
776,lpush5,1000000,837574.56
776,lrange5,1000000,1297037.62
777,lpush5,1000000,837641.56
777,lrange5,1000000,1290425.88
778,lpush5,1000000,832119.81
778,lrange5,1000000,1283799.75
779,lpush5,1000000,845308.56
779,lrange5,1000000,1295378.25
780,lpush5,1000000,837614.75
780,lrange5,1000000,1295626.88
781,lpush5,1000000,844689.19
781,lrange5,1000000,1305587.50
782,lpush5,1000000,847457.69
782,lrange5,1000000,1194915.12
783,lpush5,1000000,841042.88
783,lrange5,1000000,1297079.12
784,lpush5,1000000,841818.19
784,lrange5,1000000,1251604.50
785,lpush5,1000000,835555.56
785,lrange5,1000000,1307210.50
786,lpush5,1000000,837574.56
786,lrange5,1000000,1305692.00
787,lpush5,1000000,832865.94
787,lrange5,1000000,1307231.38
788,lpush5,1000000,845322.06
788,lrange5,1000000,1199098.38
789,lpush5,1000000,832826.00
789,lrange5,1000000,1245350.00
790,lpush5,1000000,843935.88
790,lrange5,1000000,1293764.50
791,lpush5,1000000,832652.81
791,lrange5,1000000,1302166.62
792,lpush5,1000000,843183.81
792,lrange5,1000000,1246942.62
793,lpush5,1000000,843935.88
793,lrange5,1000000,1300410.88
794,lpush5,1000000,842567.81
794,lrange5,1000000,1200633.88
795,lpush5,1000000,842662.12
795,lrange5,1000000,1302291.62
796,lpush5,1000000,832732.75
796,lrange5,1000000,1300410.88
797,lpush5,1000000,833333.31
797,lrange5,1000000,1303864.38
798,lpush5,1000000,841804.75
798,lrange5,1000000,1267488.00
799,lpush5,1000000,841096.69
799,lrange5,1000000,1302083.38
800,lpush5,1000000,833573.31
800,lrange5,1000000,1248459.38
801,lpush5,1000000,841069.81
801,lrange5,1000000,1197643.12
802,lpush5,1000000,832839.31
802,lrange5,1000000,1287104.25
803,lpush5,1000000,837735.31
803,lrange5,1000000,1298888.38
804,lpush5,1000000,838966.44
804,lrange5,1000000,1280430.25
805,lpush5,1000000,831388.25
805,lrange5,1000000,1206484.88
806,lpush5,1000000,833373.31
806,lrange5,1000000,1267630.00
807,lpush5,1000000,846807.81
807,lrange5,1000000,1206600.75
808,lpush5,1000000,840376.44
808,lrange5,1000000,1272264.62
809,lpush5,1000000,832039.94
809,lrange5,1000000,1287001.25
810,lpush5,1000000,836133.81
810,lrange5,1000000,1295544.00
811,lpush5,1000000,844648.62
811,lrange5,1000000,1297182.88
812,lpush5,1000000,843908.88
812,lrange5,1000000,1105219.88
813,lpush5,1000000,834215.19
813,lrange5,1000000,1303989.50
814,lpush5,1000000,846172.56
814,lrange5,1000000,1199213.50
815,lpush5,1000000,839858.94
815,lrange5,1000000,1282051.38
816,lpush5,1000000,844594.56
816,lrange5,1000000,1258042.75
817,lpush5,1000000,841177.44
817,lrange5,1000000,1206697.25
818,lpush5,1000000,839832.06
818,lrange5,1000000,1253152.88
819,lpush5,1000000,845457.31
819,lrange5,1000000,1290508.38
820,lpush5,1000000,837695.12
820,lrange5,1000000,1300390.12
821,lpush5,1000000,841804.75
821,lrange5,1000000,1213592.25
822,lpush5,1000000,844043.94
822,lrange5,1000000,1256462.25
823,lpush5,1000000,844097.94
823,lrange5,1000000,1300577.38
824,lpush5,1000000,838290.06
824,lrange5,1000000,1273926.12
825,lpush5,1000000,834068.38
825,lrange5,1000000,1288659.75
826,lpush5,1000000,834041.69
826,lrange5,1000000,1288762.88
827,lpush5,1000000,834041.69
827,lrange5,1000000,1278772.38
828,lpush5,1000000,841979.81
828,lrange5,1000000,1300494.12
829,lpush5,1000000,842459.94
829,lrange5,1000000,1287104.25
830,lpush5,1000000,838316.88
830,lrange5,1000000,1291989.62
831,lpush5,1000000,847606.81
831,lrange5,1000000,1256422.12
832,lpush5,1000000,832639.50
832,lrange5,1000000,1259445.75
833,lpush5,1000000,833573.31
833,lrange5,1000000,1183697.00
834,lpush5,1000000,836133.81
834,lrange5,1000000,1189174.75
835,lpush5,1000000,836307.69
835,lrange5,1000000,1303801.75
836,lpush5,1000000,844729.75
836,lrange5,1000000,1190533.38
837,lpush5,1000000,848203.56
837,lrange5,1000000,1196229.62
838,lpush5,1000000,835528.81
838,lrange5,1000000,1231645.38
839,lpush5,1000000,834081.75
839,lrange5,1000000,1293681.75
840,lpush5,1000000,841777.81
840,lrange5,1000000,1283820.25
841,lpush5,1000000,834951.62
841,lrange5,1000000,1283717.62
842,lpush5,1000000,839630.56
842,lrange5,1000000,1288762.88
843,lpush5,1000000,831388.25
843,lrange5,1000000,1295336.75
844,lpush5,1000000,838316.88
844,lrange5,1000000,1195087.25
845,lpush5,1000000,837628.12
845,lrange5,1000000,1298784.50
846,lpush5,1000000,837601.31
846,lrange5,1000000,1262707.12
847,lpush5,1000000,836280.94
847,lrange5,1000000,1298722.12
848,lpush5,1000000,848244.25
848,lrange5,1000000,1277343.62
849,lpush5,1000000,848176.44
849,lrange5,1000000,1113835.12
850,lpush5,1000000,836820.06
850,lrange5,1000000,1256442.25
851,lpush5,1000000,847593.25
851,lrange5,1000000,1302104.12
852,lpush5,1000000,830564.81
852,lrange5,1000000,1291989.62
853,lpush5,1000000,848366.38
853,lrange5,1000000,1282092.38
854,lpush5,1000000,840443.69
854,lrange5,1000000,1292175.75
855,lpush5,1000000,838979.81
855,lrange5,1000000,1288886.50
856,lpush5,1000000,848176.44
856,lrange5,1000000,1142985.12
857,lpush5,1000000,839724.62
857,lrange5,1000000,1197643.12
858,lpush5,1000000,835421.88
858,lrange5,1000000,1267589.38
859,lpush5,1000000,837708.56
859,lrange5,1000000,1278833.75
860,lpush5,1000000,846902.62
860,lrange5,1000000,1282112.88
861,lpush5,1000000,833426.62
861,lrange5,1000000,1190876.25
862,lpush5,1000000,821018.00
862,lrange5,1000000,1069775.38
863,lpush5,1000000,836160.56
863,lrange5,1000000,1288680.38
864,lpush5,1000000,841899.00
864,lrange5,1000000,1278772.38
865,lpush5,1000000,830671.12
865,lrange5,1000000,1292010.38
866,lpush5,1000000,834751.31
866,lrange5,1000000,1262666.62
867,lpush5,1000000,841925.94
867,lrange5,1000000,1230110.62
868,lpush5,1000000,832106.50
868,lrange5,1000000,1305587.50
869,lpush5,1000000,843170.31
869,lrange5,1000000,1275693.88
870,lpush5,1000000,846050.75
870,lrange5,1000000,1298722.12
871,lpush5,1000000,839154.31
871,lrange5,1000000,1300556.62
872,lpush5,1000000,837547.75
872,lrange5,1000000,1256321.62
873,lpush5,1000000,841845.12
873,lrange5,1000000,1278956.50
874,lpush5,1000000,837735.31
874,lrange5,1000000,1300619.00
875,lpush5,1000000,842689.12
875,lrange5,1000000,1277159.62
876,lpush5,1000000,841858.62
876,lrange5,1000000,1251764.62
877,lpush5,1000000,834858.12
877,lrange5,1000000,1186524.38
878,lpush5,1000000,839644.00
878,lrange5,1000000,1292010.38
879,lpush5,1000000,841885.56
879,lrange5,1000000,1302250.00
880,lpush5,1000000,838926.12
880,lrange5,1000000,1218241.25
881,lpush5,1000000,838290.06
881,lrange5,1000000,1285367.62
882,lpush5,1000000,844608.12
882,lrange5,1000000,1181034.25
883,lpush5,1000000,847457.69
883,lrange5,1000000,1236113.75
884,lpush5,1000000,833333.31
884,lrange5,1000000,1300619.00
885,lpush5,1000000,846226.69
885,lrange5,1000000,1292155.00
886,lpush5,1000000,838276.62
886,lrange5,1000000,1283779.25
887,lpush5,1000000,836133.81
887,lrange5,1000000,1186353.50
888,lpush5,1000000,835462.00
888,lrange5,1000000,1297058.38
889,lpush5,1000000,843399.69
889,lrange5,1000000,1278792.88
890,lpush5,1000000,835475.31
890,lrange5,1000000,1297058.38
891,lpush5,1000000,846902.62
891,lrange5,1000000,1273885.25
892,lpush5,1000000,846077.81
892,lrange5,1000000,1300577.38
893,lpush5,1000000,840430.19
893,lrange5,1000000,1251604.50
894,lpush5,1000000,837654.94
894,lrange5,1000000,1278813.25
895,lpush5,1000000,848230.69
895,lrange5,1000000,1199232.62
896,lpush5,1000000,838290.06
896,lrange5,1000000,1239335.88
897,lpush5,1000000,837628.12
897,lrange5,1000000,1242236.00
898,lpush5,1000000,837735.31
898,lrange5,1000000,1300598.25
899,lpush5,1000000,841858.62
899,lrange5,1000000,1298805.25
900,lpush5,1000000,836980.69
900,lrange5,1000000,1242395.00
901,lpush5,1000000,841096.69
901,lrange5,1000000,1256301.50
902,lpush5,1000000,831960.06
902,lrange5,1000000,1228579.88
903,lpush5,1000000,841791.25
903,lrange5,1000000,1189384.00
904,lpush5,1000000,841177.44
904,lrange5,1000000,1288701.00
905,lpush5,1000000,838263.25
905,lrange5,1000000,1300410.88
906,lpush5,1000000,837534.31
906,lrange5,1000000,1293723.12
907,lpush5,1000000,841764.31
907,lrange5,1000000,1295544.00
908,lpush5,1000000,842635.19
908,lrange5,1000000,1254745.25
909,lpush5,1000000,837534.31
909,lrange5,1000000,1251764.62
910,lpush5,1000000,845389.69
910,lrange5,1000000,1302270.88
911,lpush5,1000000,841083.25
911,lrange5,1000000,1279017.88
912,lpush5,1000000,835435.25
912,lrange5,1000000,1297079.12
913,lpush5,1000000,838236.44
913,lrange5,1000000,1278792.88
914,lpush5,1000000,841150.56
914,lrange5,1000000,1262666.62
915,lpush5,1000000,832000.00
915,lrange5,1000000,1275755.12
916,lpush5,1000000,837735.31
916,lrange5,1000000,1245369.88
917,lpush5,1000000,837034.25
917,lrange5,1000000,1297016.88
918,lpush5,1000000,835528.81
918,lrange5,1000000,1297245.12
919,lpush5,1000000,843318.75
919,lrange5,1000000,1227013.50
920,lpush5,1000000,840403.31
920,lrange5,1000000,1219609.75
921,lpush5,1000000,846862.00
921,lrange5,1000000,1242295.62
922,lpush5,1000000,835542.19
922,lrange5,1000000,1193374.75
923,lpush5,1000000,844057.44
923,lrange5,1000000,1197719.75
924,lpush5,1000000,846104.88
924,lrange5,1000000,1190476.25
925,lpush5,1000000,842635.19
925,lrange5,1000000,1234567.88
926,lpush5,1000000,838223.00
926,lrange5,1000000,1283799.75
927,lpush5,1000000,832639.50
927,lrange5,1000000,1206600.75
928,lpush5,1000000,836267.56
928,lrange5,1000000,1300452.50
929,lpush5,1000000,845497.94
929,lrange5,1000000,1196229.62
930,lpush5,1000000,839644.00
930,lrange5,1000000,1298742.88
931,lpush5,1000000,846064.25
931,lrange5,1000000,1295419.62
932,lpush5,1000000,836833.44
932,lrange5,1000000,1227033.12
933,lpush5,1000000,836307.69
933,lrange5,1000000,1256361.75
934,lpush5,1000000,845416.75
934,lrange5,1000000,1285347.00
935,lpush5,1000000,837641.56
935,lrange5,1000000,1283779.25
936,lpush5,1000000,832759.38
936,lrange5,1000000,1153568.62
937,lpush5,1000000,837574.56
937,lrange5,1000000,1247042.38
938,lpush5,1000000,843305.25
938,lrange5,1000000,1280532.62
939,lpush5,1000000,841231.25
939,lrange5,1000000,1295440.38
940,lpush5,1000000,843237.81
940,lrange5,1000000,1278813.25
941,lpush5,1000000,844648.62
941,lrange5,1000000,1305566.62
942,lpush5,1000000,849018.69
942,lrange5,1000000,1297037.62
943,lpush5,1000000,836214.06
943,lrange5,1000000,1287124.88
944,lpush5,1000000,837047.69
944,lrange5,1000000,1230051.62
945,lpush5,1000000,847674.62
945,lrange5,1000000,1278915.62
946,lpush5,1000000,837641.56
946,lrange5,1000000,1291989.62
947,lpush5,1000000,842513.88
947,lrange5,1000000,1288783.50
948,lpush5,1000000,831973.38
948,lrange5,1000000,1277139.25
949,lpush5,1000000,840403.31
949,lrange5,1000000,1302083.38
950,lpush5,1000000,825803.50
950,lrange5,1000000,1290384.50
951,lpush5,1000000,838979.81
951,lrange5,1000000,1186638.25
952,lpush5,1000000,835542.19
952,lrange5,1000000,1287042.50
953,lpush5,1000000,840403.31
953,lrange5,1000000,1283758.75
954,lpush5,1000000,834148.44
954,lrange5,1000000,1285388.12
955,lpush5,1000000,841912.50
955,lrange5,1000000,1209189.75
956,lpush5,1000000,836267.56
956,lrange5,1000000,1293847.38
957,lpush5,1000000,832652.81
957,lrange5,1000000,1288680.38
958,lpush5,1000000,832652.81
958,lrange5,1000000,1221177.00
959,lpush5,1000000,843210.81
959,lrange5,1000000,1204838.62
960,lpush5,1000000,833373.31
960,lrange5,1000000,1242295.62
961,lpush5,1000000,838437.56
961,lrange5,1000000,1274028.00
962,lpush5,1000000,839805.19
962,lrange5,1000000,1309110.00
963,lpush5,1000000,841750.88
963,lrange5,1000000,1305545.75
964,lpush5,1000000,844111.44
964,lrange5,1000000,1287021.88
965,lpush5,1000000,847484.81
965,lrange5,1000000,1292051.75
966,lpush5,1000000,834791.38
966,lrange5,1000000,1283923.00
967,lpush5,1000000,839154.31
967,lrange5,1000000,1290425.88
968,lpush5,1000000,831960.06
968,lrange5,1000000,1307189.62
969,lpush5,1000000,846929.75
969,lrange5,1000000,1288659.75
970,lpush5,1000000,827947.06
970,lrange5,1000000,1278772.38
971,lpush5,1000000,844770.25
971,lrange5,1000000,1267427.12
972,lpush5,1000000,835502.06
972,lrange5,1000000,1298763.62
973,lpush5,1000000,838303.44
973,lrange5,1000000,1300515.00
974,lpush5,1000000,834095.06
974,lrange5,1000000,1228737.12
975,lpush5,1000000,844716.19
975,lrange5,1000000,1192352.88
976,lpush5,1000000,836187.31
976,lrange5,1000000,1269055.88
977,lpush5,1000000,836940.56
977,lrange5,1000000,1192104.88
978,lpush5,1000000,830061.38
978,lrange5,1000000,1300390.12
979,lpush5,1000000,846131.94
979,lrange5,1000000,1273885.25
980,lpush5,1000000,834911.56
980,lrange5,1000000,1199136.75
981,lpush5,1000000,840349.56
981,lrange5,1000000,1283697.12
982,lpush5,1000000,836820.06
982,lrange5,1000000,1302083.38
983,lpush5,1000000,841925.94
983,lrange5,1000000,1242255.88
984,lpush5,1000000,838383.94
984,lrange5,1000000,1199443.62
985,lpush5,1000000,842567.81
985,lrange5,1000000,1213825.25
986,lpush5,1000000,840430.19
986,lrange5,1000000,1270749.62
987,lpush5,1000000,841858.62
987,lrange5,1000000,1280471.12
988,lpush5,1000000,843386.19
988,lrange5,1000000,1293743.88
989,lpush5,1000000,832759.38
989,lrange5,1000000,1305483.12
990,lpush5,1000000,837007.50
990,lrange5,1000000,1287042.50
991,lpush5,1000000,839073.81
991,lrange5,1000000,1307294.12
992,lpush5,1000000,843895.38
992,lrange5,1000000,1308942.38
993,lpush5,1000000,835475.31
993,lrange5,1000000,1293743.88
994,lpush5,1000000,846023.69
994,lrange5,1000000,1302250.00
995,lpush5,1000000,841966.38
995,lrange5,1000000,1303968.62
996,lpush5,1000000,841912.50
996,lrange5,1000000,1307398.75
997,lpush5,1000000,845362.69
997,lrange5,1000000,1302104.12
998,lpush5,1000000,838926.12
998,lrange5,1000000,1302250.00
999,lpush5,1000000,842513.88
999,lrange5,1000000,1307231.38
1000,lpush5,1000000,846226.69
1000,lrange5,1000000,1242395.00
1001,lpush5,1000000,835488.69
1001,lrange5,1000000,1202269.25
1002,lpush5,1000000,839046.94
1002,lrange5,1000000,1199060.00
1003,lpush5,1000000,838410.75
1003,lrange5,1000000,1293847.38
1004,lpush5,1000000,833453.31
1004,lrange5,1000000,1295399.00
1005,lpush5,1000000,845376.19
1005,lrange5,1000000,1288680.38
1006,lpush5,1000000,834201.81
1006,lrange5,1000000,1290425.88
1007,lpush5,1000000,839114.06
1007,lrange5,1000000,1292175.75
1008,lpush5,1000000,832692.75
1008,lrange5,1000000,1282071.88
1009,lpush5,1000000,840510.88
1009,lrange5,1000000,1300535.75
1010,lpush5,1000000,837601.31
1010,lrange5,1000000,1262686.88
1011,lpush5,1000000,841858.62
1011,lrange5,1000000,1287063.00
1012,lpush5,1000000,832746.06
1012,lrange5,1000000,1283799.75
1013,lpush5,1000000,837020.88
1013,lrange5,1000000,1288701.00
1014,lpush5,1000000,839670.88
1014,lrange5,1000000,1200653.00
1015,lpush5,1000000,834818.06
1015,lrange5,1000000,1216700.75
1016,lpush5,1000000,841818.19
1016,lrange5,1000000,1243880.62
1017,lpush5,1000000,845335.62
1017,lrange5,1000000,1298867.62
1018,lpush5,1000000,835488.69
1018,lrange5,1000000,1298701.38
1019,lpush5,1000000,834028.38
1019,lrange5,1000000,1237742.50
1020,lpush5,1000000,836820.06
1020,lrange5,1000000,1298742.88
1021,lpush5,1000000,841271.62
1021,lrange5,1000000,1175238.50
1022,lpush5,1000000,843224.31
1022,lrange5,1000000,1293702.50
1023,lpush5,1000000,846862.00
1023,lrange5,1000000,1199405.25
1024,lpush5,1000000,834844.75
1024,lrange5,1000000,1275551.00
1025,lpush5,1000000,840457.12
1025,lrange5,1000000,1237742.50
1026,lpush5,1000000,838451.00
1026,lrange5,1000000,1293764.50
1027,lpush5,1000000,840376.44
1027,lrange5,1000000,1309110.00
1028,lpush5,1000000,838370.50
1028,lrange5,1000000,1303864.38
1029,lpush5,1000000,841190.94
1029,lrange5,1000000,1303843.50
1030,lpush5,1000000,842621.69
1030,lrange5,1000000,1264303.38
1031,lpush5,1000000,839805.19
1031,lrange5,1000000,1282215.38
1032,lpush5,1000000,842473.44
1032,lrange5,1000000,1297141.38
1033,lpush5,1000000,834188.50
1033,lrange5,1000000,1302187.50
1034,lpush5,1000000,836280.94
1034,lrange5,1000000,1280409.75
1035,lpush5,1000000,830790.69
1035,lrange5,1000000,1280409.75
1036,lpush5,1000000,839778.38
1036,lrange5,1000000,1290549.75
1037,lpush5,1000000,848379.94
1037,lrange5,1000000,1303864.38
1038,lpush5,1000000,831255.25
1038,lrange5,1000000,1302250.00
1039,lpush5,1000000,846091.31
1039,lrange5,1000000,1186638.25
1040,lpush5,1000000,836120.44
1040,lrange5,1000000,1265883.50
1041,lpush5,1000000,834844.75
1041,lrange5,1000000,1292031.00
1042,lpush5,1000000,843183.81
1042,lrange5,1000000,1272305.38
1043,lpush5,1000000,846226.69
1043,lrange5,1000000,1298701.38
1044,lpush5,1000000,833479.94
1044,lrange5,1000000,1253173.00
1045,lpush5,1000000,833479.94
1045,lrange5,1000000,1295399.00
1046,lpush5,1000000,841818.19
1046,lrange5,1000000,1285367.62
1047,lpush5,1000000,850435.38
1047,lrange5,1000000,1297058.38
1048,lpush5,1000000,834884.81
1048,lrange5,1000000,1190819.12
1049,lpush5,1000000,848271.38
1049,lrange5,1000000,1180769.75
1050,lpush5,1000000,846023.69
1050,lrange5,1000000,1203446.50
1051,lpush5,1000000,838223.00
1051,lrange5,1000000,1283717.62
1052,lpush5,1000000,832799.38
1052,lrange5,1000000,1189403.12
1053,lpush5,1000000,846037.19
1053,lrange5,1000000,1290384.50
1054,lpush5,1000000,839724.62
1054,lrange5,1000000,1305608.38
1055,lpush5,1000000,833426.62
1055,lrange5,1000000,1262767.62
1056,lpush5,1000000,834095.06
1056,lrange5,1000000,1185042.62
1057,lpush5,1000000,850449.00
1057,lrange5,1000000,1285511.62
1058,lpush5,1000000,831268.50
1058,lrange5,1000000,1303968.62
1059,lpush5,1000000,839684.31
1059,lrange5,1000000,1298722.12
1060,lpush5,1000000,846970.38
1060,lrange5,1000000,1303968.62
1061,lpush5,1000000,841966.38
1061,lrange5,1000000,1302083.38
1062,lpush5,1000000,841764.31
1062,lrange5,1000000,1248559.25
1063,lpush5,1000000,838939.56
1063,lrange5,1000000,1199462.88
1064,lpush5,1000000,835421.88
1064,lrange5,1000000,1293826.62
1065,lpush5,1000000,841258.19
1065,lrange5,1000000,1298763.62
1066,lpush5,1000000,839020.12
1066,lrange5,1000000,1285511.62
1067,lpush5,1000000,838303.44
1067,lrange5,1000000,1250100.00
1068,lpush5,1000000,840349.56
1068,lrange5,1000000,1285347.00
1069,lpush5,1000000,843935.88
1069,lrange5,1000000,1194838.75
1070,lpush5,1000000,832879.31
1070,lrange5,1000000,1216564.38
1071,lpush5,1000000,846740.06
1071,lrange5,1000000,1240794.00
1072,lpush5,1000000,842527.38
1072,lrange5,1000000,1269035.50
1073,lpush5,1000000,842473.44
1073,lrange5,1000000,1293723.12
1074,lpush5,1000000,841912.50
1074,lrange5,1000000,1297016.88
1075,lpush5,1000000,848937.19
1075,lrange5,1000000,1298784.50
1076,lpush5,1000000,837668.31
1076,lrange5,1000000,1275653.12
1077,lpush5,1000000,848910.06
1077,lrange5,1000000,1253313.38
1078,lpush5,1000000,841831.69
1078,lrange5,1000000,1273905.75
1079,lpush5,1000000,839114.06
1079,lrange5,1000000,1234567.88
1080,lpush5,1000000,843989.94
1080,lrange5,1000000,1298722.12
1081,lpush5,1000000,843264.75
1081,lrange5,1000000,1303864.38
1082,lpush5,1000000,846064.25
1082,lrange5,1000000,1203754.50
1083,lpush5,1000000,840403.31
1083,lrange5,1000000,1168579.38
1084,lpush5,1000000,844057.44
1084,lrange5,1000000,1190666.75
1085,lpush5,1000000,842473.44
1085,lrange5,1000000,1305587.50
1086,lpush5,1000000,846118.44
1086,lrange5,1000000,1200537.75
1087,lpush5,1000000,836887.00
1087,lrange5,1000000,1242355.25
1088,lpush5,1000000,836133.81
1088,lrange5,1000000,1290508.38
1089,lpush5,1000000,839764.94
1089,lrange5,1000000,1300723.00
1090,lpush5,1000000,832119.81
1090,lrange5,1000000,1305587.50
1091,lpush5,1000000,841056.31
1091,lrange5,1000000,986493.06
1092,lpush5,1000000,764599.44
1092,lrange5,1000000,1192104.88
1093,lpush5,1000000,840457.12
1093,lrange5,1000000,1287001.25
1094,lpush5,1000000,839644.00
1094,lrange5,1000000,1282051.38
1095,lpush5,1000000,836820.06
1095,lrange5,1000000,1297120.62
1096,lpush5,1000000,844608.12
1096,lrange5,1000000,1256281.38
1097,lpush5,1000000,831454.75
1097,lrange5,1000000,1189288.88
1098,lpush5,1000000,844608.12
1098,lrange5,1000000,1199443.62
1099,lpush5,1000000,843183.81
1099,lrange5,1000000,1254926.00
1100,lpush5,1000000,849059.44
1100,lrange5,1000000,1199060.00
1101,lpush5,1000000,849045.88
1101,lrange5,1000000,1240794.00
1102,lpush5,1000000,843224.31
1102,lrange5,1000000,1287104.25
1103,lpush5,1000000,839670.88
1103,lrange5,1000000,1272366.38
1104,lpush5,1000000,846118.44
1104,lrange5,1000000,1295585.50
1105,lpush5,1000000,844797.31
1105,lrange5,1000000,1293723.12
1106,lpush5,1000000,840336.12
1106,lrange5,1000000,1275530.62
1107,lpush5,1000000,838236.44
1107,lrange5,1000000,1245489.50
1108,lpush5,1000000,846023.69
1108,lrange5,1000000,1087234.75
1109,lpush5,1000000,835435.25
1109,lrange5,1000000,1195029.88
1110,lpush5,1000000,841204.38
1110,lrange5,1000000,1277159.62
1111,lpush5,1000000,846118.44
1111,lrange5,1000000,1197911.38
1112,lpush5,1000000,843399.69
1112,lrange5,1000000,1246982.62
1113,lpush5,1000000,838451.00
1113,lrange5,1000000,1267427.12
1114,lpush5,1000000,844097.94
1114,lrange5,1000000,1253193.00
1115,lpush5,1000000,844594.56
1115,lrange5,1000000,1274252.12
1116,lpush5,1000000,834871.50
1116,lrange5,1000000,1248619.25
1117,lpush5,1000000,839697.75
1117,lrange5,1000000,1228560.12
1118,lpush5,1000000,839100.62
1118,lrange5,1000000,1275510.25
1119,lpush5,1000000,835421.88
1119,lrange5,1000000,1215144.62
1120,lpush5,1000000,844608.12
1120,lrange5,1000000,1272427.50
1121,lpush5,1000000,845322.06
1121,lrange5,1000000,1273926.12
1122,lpush5,1000000,854796.62
1122,lrange5,1000000,1274129.88
1123,lpush5,1000000,848271.38
1123,lrange5,1000000,1199443.62
1124,lpush5,1000000,838330.31
1124,lrange5,1000000,1089429.25
1125,lpush5,1000000,739656.81
1125,lrange5,1000000,1275530.62
1126,lpush5,1000000,840510.88
1126,lrange5,1000000,1278772.38
1127,lpush5,1000000,848244.25
1127,lrange5,1000000,1290425.88
1128,lpush5,1000000,836833.44
1128,lrange5,1000000,1290549.75
1129,lpush5,1000000,834135.12
1129,lrange5,1000000,1285532.12
1130,lpush5,1000000,836873.62
1130,lrange5,1000000,1298722.12
1131,lpush5,1000000,843305.25
1131,lrange5,1000000,1251744.62
1132,lpush5,1000000,833466.62
1132,lrange5,1000000,1290363.88
1133,lpush5,1000000,845430.31
1133,lrange5,1000000,1179320.75
1134,lpush5,1000000,837735.31
1134,lrange5,1000000,1272285.00
1135,lpush5,1000000,846064.25
1135,lrange5,1000000,1192314.62
1136,lpush5,1000000,848176.44
1136,lrange5,1000000,1254705.12
1137,lpush5,1000000,839845.50
1137,lrange5,1000000,1295378.25
1138,lpush5,1000000,846794.25
1138,lrange5,1000000,1277445.75
1139,lpush5,1000000,838993.25
1139,lrange5,1000000,1288907.12
1140,lpush5,1000000,841925.94
1140,lrange5,1000000,1303822.62
1141,lpush5,1000000,839818.62
1141,lrange5,1000000,1250140.00
1142,lpush5,1000000,846064.25
1142,lrange5,1000000,1282236.00
1143,lpush5,1000000,837628.12
1143,lrange5,1000000,1291989.62
1144,lpush5,1000000,849073.00
1144,lrange5,1000000,1245389.88
1145,lpush5,1000000,839644.00
1145,lrange5,1000000,1256361.75
1146,lpush5,1000000,845389.69
1146,lrange5,1000000,1293702.50
1147,lpush5,1000000,843895.38
1147,lrange5,1000000,1283738.12
1148,lpush5,1000000,842635.19
1148,lrange5,1000000,1282112.88
1149,lpush5,1000000,847498.31
1149,lrange5,1000000,1264263.00
1150,lpush5,1000000,841858.62
1150,lrange5,1000000,1277200.50
1151,lpush5,1000000,836334.44
1151,lrange5,1000000,1230091.00
1152,lpush5,1000000,838223.00
1152,lrange5,1000000,1193546.50
1153,lpush5,1000000,838330.31
1153,lrange5,1000000,1275612.25
1154,lpush5,1000000,841952.88
1154,lrange5,1000000,1307210.50
1155,lpush5,1000000,841258.19
1155,lrange5,1000000,1282174.38
1156,lpush5,1000000,839033.56
1156,lrange5,1000000,1298742.88
1157,lpush5,1000000,837561.12
1157,lrange5,1000000,1302125.00
1158,lpush5,1000000,836173.94
1158,lrange5,1000000,1207729.50
1159,lpush5,1000000,837061.06
1159,lrange5,1000000,1196287.00
1160,lpush5,1000000,840403.31
1160,lrange5,1000000,1209634.75
1161,lpush5,1000000,838979.81
1161,lrange5,1000000,1075372.00
1162,lpush5,1000000,836873.62
1162,lrange5,1000000,1295336.75
1163,lpush5,1000000,835635.75
1163,lrange5,1000000,1187971.50
1164,lpush5,1000000,844057.44
1164,lrange5,1000000,1298701.38
1165,lpush5,1000000,836820.06
1165,lrange5,1000000,1187762.50
1166,lpush5,1000000,840349.56
1166,lrange5,1000000,1282236.00
1167,lpush5,1000000,832879.31
1167,lrange5,1000000,1290487.75
1168,lpush5,1000000,839818.62
1168,lrange5,1000000,1193451.12
1169,lpush5,1000000,843976.44
1169,lrange5,1000000,1256321.62
1170,lpush5,1000000,838330.31
1170,lrange5,1000000,1207864.75
1171,lpush5,1000000,831321.75
1171,lrange5,1000000,1240754.38
1172,lpush5,1000000,846794.25
1172,lrange5,1000000,1189136.75
1173,lpush5,1000000,839711.19
1173,lrange5,1000000,1295336.75
1174,lpush5,1000000,843359.19
1174,lrange5,1000000,1290549.75
1175,lpush5,1000000,840524.31
1175,lrange5,1000000,1293847.38
1176,lpush5,1000000,836147.19
1176,lrange5,1000000,1182354.62
1177,lpush5,1000000,836833.44
1177,lrange5,1000000,1277200.50
1178,lpush5,1000000,836953.94
1178,lrange5,1000000,1200614.62
1179,lpush5,1000000,837614.75
1179,lrange5,1000000,1298784.50
1180,lpush5,1000000,835475.31
1180,lrange5,1000000,1270648.00
1181,lpush5,1000000,833346.62
1181,lrange5,1000000,1190762.00
1182,lpush5,1000000,834175.12
1182,lrange5,1000000,1288659.75
1183,lpush5,1000000,825214.50
1183,lrange5,1000000,1179245.25
1184,lpush5,1000000,841979.81
1184,lrange5,1000000,1192219.38
1185,lpush5,1000000,836873.62
1185,lrange5,1000000,1275632.62
1186,lpush5,1000000,840389.88
1186,lrange5,1000000,1131511.25
1187,lpush5,1000000,844662.12
1187,lrange5,1000000,1292031.00
1188,lpush5,1000000,836887.00
1188,lrange5,1000000,1277241.38
1189,lpush5,1000000,832639.50
1189,lrange5,1000000,1273987.25
1190,lpush5,1000000,846740.06
1190,lrange5,1000000,1215086.25
1191,lpush5,1000000,836820.06
1191,lrange5,1000000,1292217.12
1192,lpush5,1000000,839724.62
1192,lrange5,1000000,1199328.50
1193,lpush5,1000000,837587.94
1193,lrange5,1000000,1256321.62
1194,lpush5,1000000,835475.31
1194,lrange5,1000000,1293702.50
1195,lpush5,1000000,840551.25
1195,lrange5,1000000,1297037.62
1196,lpush5,1000000,846186.12
1196,lrange5,1000000,1269157.38
1197,lpush5,1000000,835448.62
1197,lrange5,1000000,1187952.50
1198,lpush5,1000000,847539.00
1198,lrange5,1000000,1257861.62
1199,lpush5,1000000,838953.00
1199,lrange5,1000000,1293909.50
1200,lpush5,1000000,841952.88
1200,lrange5,1000000,1225490.25
1201,lpush5,1000000,842567.81
1201,lrange5,1000000,1251724.62
1202,lpush5,1000000,832186.31
1202,lrange5,1000000,1193622.88
1203,lpush5,1000000,834898.19
1203,lrange5,1000000,1267630.00
1204,lpush5,1000000,841069.81
1204,lrange5,1000000,1292093.00
1205,lpush5,1000000,840349.56
1205,lrange5,1000000,1231724.12
1206,lpush5,1000000,841042.88
1206,lrange5,1000000,1245489.50
1207,lpush5,1000000,833479.94
1207,lrange5,1000000,1188047.50
1208,lpush5,1000000,847471.25
1208,lrange5,1000000,1193718.38
1209,lpush5,1000000,834175.12
1209,lrange5,1000000,1297058.38
1210,lpush5,1000000,837034.25
1210,lrange5,1000000,1297224.38
1211,lpush5,1000000,834884.81
1211,lrange5,1000000,1180883.12
1212,lpush5,1000000,841056.31
1212,lrange5,1000000,1265924.00
1213,lpush5,1000000,835475.31
1213,lrange5,1000000,1292031.00
1214,lpush5,1000000,848176.44
1214,lrange5,1000000,1269218.25
1215,lpush5,1000000,836334.44
1215,lrange5,1000000,1253273.25
1216,lpush5,1000000,847498.31
1216,lrange5,1000000,1295357.50
1217,lpush5,1000000,843170.31
1217,lrange5,1000000,1187705.50
1218,lpush5,1000000,839670.88
1218,lrange5,1000000,1254765.38
1219,lpush5,1000000,832732.75
1219,lrange5,1000000,1187762.50
1220,lpush5,1000000,838397.38
1220,lrange5,1000000,1264263.00
1221,lpush5,1000000,841271.62
1221,lrange5,1000000,1240714.62
1222,lpush5,1000000,842459.94
1222,lrange5,1000000,1193451.12
1223,lpush5,1000000,834951.62
1223,lrange5,1000000,1274109.50
1224,lpush5,1000000,843183.81
1224,lrange5,1000000,1265984.75
1225,lpush5,1000000,844635.12
1225,lrange5,1000000,1293785.25
1226,lpush5,1000000,832079.88
1226,lrange5,1000000,1287021.88
1227,lpush5,1000000,846091.31
1227,lrange5,1000000,1225490.25
1228,lpush5,1000000,843183.81
1228,lrange5,1000000,1152497.75
1229,lpush5,1000000,830564.81
1229,lrange5,1000000,1259486.12
1230,lpush5,1000000,830644.50
1230,lrange5,1000000,1196229.62
1231,lpush5,1000000,837614.75
1231,lrange5,1000000,1302229.12
1232,lpush5,1000000,842702.56
1232,lrange5,1000000,1292155.00
1233,lpush5,1000000,828540.19
1233,lrange5,1000000,1282215.38
1234,lpush5,1000000,846889.06
1234,lrange5,1000000,1190590.50
1235,lpush5,1000000,844797.31
1235,lrange5,1000000,1298763.62
1236,lpush5,1000000,840457.12
1236,lrange5,1000000,1295585.50
1237,lpush5,1000000,839020.12
1237,lrange5,1000000,1287042.50
1238,lpush5,1000000,838410.75
1238,lrange5,1000000,1236232.38
1239,lpush5,1000000,844648.62
1239,lrange5,1000000,1277323.12
1240,lpush5,1000000,839684.31
1240,lrange5,1000000,1196612.38
1241,lpush5,1000000,848230.69
1241,lrange5,1000000,1234607.38
1242,lpush5,1000000,848298.56
1242,lrange5,1000000,1182146.50
1243,lpush5,1000000,839073.81
1243,lrange5,1000000,1292010.38
1244,lpush5,1000000,849712.81
1244,lrange5,1000000,830564.81
1245,lpush5,1000000,836860.19
1245,lrange5,1000000,1297203.62
1246,lpush5,1000000,838263.25
1246,lrange5,1000000,1186258.62
1247,lpush5,1000000,841096.69
1247,lrange5,1000000,1302125.00
1248,lpush5,1000000,833399.94
1248,lrange5,1000000,1277323.12
1249,lpush5,1000000,846091.31
1249,lrange5,1000000,1298784.50
1250,lpush5,1000000,844716.19
1250,lrange5,1000000,1237881.12
1251,lpush5,1000000,834778.00
1251,lrange5,1000000,1182279.00
1252,lpush5,1000000,827960.31
1252,lrange5,1000000,1179584.88
1253,lpush5,1000000,836307.69
1253,lrange5,1000000,1184853.12
1254,lpush5,1000000,844016.94
1254,lrange5,1000000,1285429.25
1255,lpush5,1000000,843183.81
1255,lrange5,1000000,1297058.38
1256,lpush5,1000000,844716.19
1256,lrange5,1000000,1183886.38
1257,lpush5,1000000,838330.31
1257,lrange5,1000000,1219746.38
1258,lpush5,1000000,834028.38
1258,lrange5,1000000,1293681.75
1259,lpush5,1000000,837628.12
1259,lrange5,1000000,849658.44
1260,lpush5,1000000,842513.88
1260,lrange5,1000000,1146880.75
1261,lpush5,1000000,832652.81
1261,lrange5,1000000,1198026.38
1262,lpush5,1000000,839100.62
1262,lrange5,1000000,1196401.88
1263,lpush5,1000000,835475.31
1263,lrange5,1000000,1270749.62
1264,lpush5,1000000,827143.12
1264,lrange5,1000000,1295399.00
1265,lpush5,1000000,836846.81
1265,lrange5,1000000,1295378.25
1266,lpush5,1000000,846050.75
1266,lrange5,1000000,1258062.88
1267,lpush5,1000000,829875.50
1267,lrange5,1000000,1287001.25
1268,lpush5,1000000,829399.69
1268,lrange5,1000000,1303780.88
1269,lpush5,1000000,834201.81
1269,lrange5,1000000,1300577.38
1270,lpush5,1000000,830061.38
1270,lrange5,1000000,1297099.88
1271,lpush5,1000000,839046.94
1271,lrange5,1000000,1285429.25
1272,lpush5,1000000,836187.31
1272,lrange5,1000000,1115005.50
1273,lpush5,1000000,840363.00
1273,lrange5,1000000,1283697.12
1274,lpush5,1000000,834188.50
1274,lrange5,1000000,1240813.88
1275,lpush5,1000000,825135.31
1275,lrange5,1000000,1196382.75
1276,lpush5,1000000,836820.06
1276,lrange5,1000000,1297224.38
1277,lpush5,1000000,829928.62
1277,lrange5,1000000,1250100.00
1278,lpush5,1000000,832000.00
1278,lrange5,1000000,1292258.38
1279,lpush5,1000000,837668.31
1279,lrange5,1000000,1259486.12
1280,lpush5,1000000,834778.00
1280,lrange5,1000000,1292175.75
1281,lpush5,1000000,843183.81
1281,lrange5,1000000,1269137.12
1282,lpush5,1000000,844675.69
1282,lrange5,1000000,1254785.50
1283,lpush5,1000000,837708.56
1283,lrange5,1000000,1297058.38
1284,lpush5,1000000,831268.50
1284,lrange5,1000000,1297286.62
1285,lpush5,1000000,836267.56
1285,lrange5,1000000,1221079.38
1286,lpush5,1000000,836967.31
1286,lrange5,1000000,1302083.38
1287,lpush5,1000000,833346.62
1287,lrange5,1000000,1270810.62
1288,lpush5,1000000,843210.81
1288,lrange5,1000000,1298763.62
1289,lpush5,1000000,834778.00
1289,lrange5,1000000,1292134.38
1290,lpush5,1000000,832772.69
1290,lrange5,1000000,1185099.50
1291,lpush5,1000000,830048.12
1291,lrange5,1000000,1298784.50
1292,lpush5,1000000,833493.31
1292,lrange5,1000000,1298701.38
1293,lpush5,1000000,831308.44
1293,lrange5,1000000,1288680.38
1294,lpush5,1000000,835515.44
1294,lrange5,1000000,1303801.75
1295,lpush5,1000000,841056.31
1295,lrange5,1000000,1228501.25
1296,lpush5,1000000,838276.62
1296,lrange5,1000000,1233144.25
1297,lpush5,1000000,835435.25
1297,lrange5,1000000,1297037.62
1298,lpush5,1000000,834095.06
1298,lrange5,1000000,1200768.25
1299,lpush5,1000000,838979.81
1299,lrange5,1000000,1203600.50
1300,lpush5,1000000,839738.06
1300,lrange5,1000000,1213805.88
1301,lpush5,1000000,837681.75
1301,lrange5,1000000,1307210.50
1302,lpush5,1000000,835435.25
1302,lrange5,1000000,1292237.75
1303,lpush5,1000000,836227.44
1303,lrange5,1000000,1277404.88
1304,lpush5,1000000,836846.81
1304,lrange5,1000000,1196535.88
1305,lpush5,1000000,835528.81
1305,lrange5,1000000,1303780.88
1306,lpush5,1000000,840349.56
1306,lrange5,1000000,1199347.75
1307,lpush5,1000000,832666.12
1307,lrange5,1000000,1248579.25
1308,lpush5,1000000,838437.56
1308,lrange5,1000000,1256321.62
1309,lpush5,1000000,842594.75
1309,lrange5,1000000,1298742.88
1310,lpush5,1000000,843976.44
1310,lrange5,1000000,1300515.00
1311,lpush5,1000000,846875.56
1311,lrange5,1000000,1267488.00
1312,lpush5,1000000,831960.06
1312,lrange5,1000000,1277159.62
1313,lpush5,1000000,830644.50
1313,lrange5,1000000,1280512.12
1314,lpush5,1000000,846172.56
1314,lrange5,1000000,1288907.12
1315,lpush5,1000000,844043.94
1315,lrange5,1000000,1293743.88
1316,lpush5,1000000,840349.56
1316,lrange5,1000000,1215222.38
1317,lpush5,1000000,832692.75
1317,lrange5,1000000,1280573.62
1318,lpush5,1000000,843935.88
1318,lrange5,1000000,1183602.38
1319,lpush5,1000000,844675.69
1319,lrange5,1000000,1185232.25
1320,lpush5,1000000,843895.38
1320,lrange5,1000000,1257881.75
1321,lpush5,1000000,845376.19
1321,lrange5,1000000,1192009.50
1322,lpush5,1000000,836200.69
1322,lrange5,1000000,1183488.75
1323,lpush5,1000000,837654.94
1323,lrange5,1000000,1245489.50
1324,lpush5,1000000,846848.44
1324,lrange5,1000000,1240853.62
1325,lpush5,1000000,838223.00
1325,lrange5,1000000,1295357.50
1326,lpush5,1000000,846226.69
1326,lrange5,1000000,1275510.25
1327,lpush5,1000000,837668.31
1327,lrange5,1000000,1269218.25
1328,lpush5,1000000,832706.12
1328,lrange5,1000000,1290467.12
1329,lpush5,1000000,835435.25
1329,lrange5,1000000,1292093.00
1330,lpush5,1000000,843345.69
1330,lrange5,1000000,1178252.12
1331,lpush5,1000000,841042.88
1331,lrange5,1000000,1275734.75
1332,lpush5,1000000,836147.19
1332,lrange5,1000000,1293723.12
1333,lpush5,1000000,832159.69
1333,lrange5,1000000,1283697.12
1334,lpush5,1000000,844689.19
1334,lrange5,1000000,1295523.25
1335,lpush5,1000000,839858.94
1335,lrange5,1000000,1293661.00
1336,lpush5,1000000,833533.31
1336,lrange5,1000000,1215202.88
1337,lpush5,1000000,843183.81
1337,lrange5,1000000,1254825.62
1338,lpush5,1000000,843908.88
1338,lrange5,1000000,1280409.75
1339,lpush5,1000000,840349.56
1339,lrange5,1000000,1275571.50
1340,lpush5,1000000,845349.12
1340,lrange5,1000000,1295440.38
1341,lpush5,1000000,839684.31
1341,lrange5,1000000,1290343.25
1342,lpush5,1000000,841217.81
1342,lrange5,1000000,1297037.62
1343,lpush5,1000000,847457.69
1343,lrange5,1000000,1288762.88
1344,lpush5,1000000,836334.44
1344,lrange5,1000000,1270790.38
1345,lpush5,1000000,840376.44
1345,lrange5,1000000,1250160.00
1346,lpush5,1000000,833333.31
1346,lrange5,1000000,1180807.50
1347,lpush5,1000000,839684.31
1347,lrange5,1000000,1240794.00
1348,lpush5,1000000,845497.94
1348,lrange5,1000000,1248579.25
1349,lpush5,1000000,834041.69
1349,lrange5,1000000,1280409.75
1350,lpush5,1000000,843359.19
1350,lrange5,1000000,1250020.00
1351,lpush5,1000000,842540.81
1351,lrange5,1000000,1283738.12
1352,lpush5,1000000,844003.44
1352,lrange5,1000000,1196516.75
1353,lpush5,1000000,847511.88
1353,lrange5,1000000,1261094.62
1354,lpush5,1000000,833546.62
1354,lrange5,1000000,1282071.88
1355,lpush5,1000000,843183.81
1355,lrange5,1000000,1290425.88
1356,lpush5,1000000,851131.94
1356,lrange5,1000000,1166898.50
1357,lpush5,1000000,841872.06
1357,lrange5,1000000,1248439.50
1358,lpush5,1000000,845552.00
1358,lrange5,1000000,1292051.75
1359,lpush5,1000000,841150.56
1359,lrange5,1000000,1173915.50
1360,lpush5,1000000,839114.06
1360,lrange5,1000000,1275571.50
1361,lpush5,1000000,843183.81
1361,lrange5,1000000,1245369.88
1362,lpush5,1000000,838979.81
1362,lrange5,1000000,1185156.38
1363,lpush5,1000000,842513.88
1363,lrange5,1000000,1189403.12
1364,lpush5,1000000,836994.12
1364,lrange5,1000000,1257901.88
1365,lpush5,1000000,839630.56
1365,lrange5,1000000,1186239.62
1366,lpush5,1000000,843305.25
1366,lrange5,1000000,1297079.12
1367,lpush5,1000000,836887.00
1367,lrange5,1000000,1193355.62
1368,lpush5,1000000,838993.25
1368,lrange5,1000000,1283799.75
1369,lpush5,1000000,837614.75
1369,lrange5,1000000,1259445.75
1370,lpush5,1000000,837534.31
1370,lrange5,1000000,1253152.88
1371,lpush5,1000000,850340.12
1371,lrange5,1000000,1273966.88
1372,lpush5,1000000,834121.75
1372,lrange5,1000000,1297162.12
1373,lpush5,1000000,831960.06
1373,lrange5,1000000,1290363.88
1374,lpush5,1000000,836873.62
1374,lrange5,1000000,1251604.50
1375,lpush5,1000000,842702.56
1375,lrange5,1000000,1196325.38
1376,lpush5,1000000,842567.81
1376,lrange5,1000000,1202173.00
1377,lpush5,1000000,837534.31
1377,lrange5,1000000,1257982.38
1378,lpush5,1000000,833386.62
1378,lrange5,1000000,1302250.00
1379,lpush5,1000000,840430.19
1379,lrange5,1000000,1297182.88
1380,lpush5,1000000,841818.19
1380,lrange5,1000000,1282092.38
1381,lpush5,1000000,846077.81
1381,lrange5,1000000,1278792.88
1382,lpush5,1000000,846213.19
1382,lrange5,1000000,1302083.38
1383,lpush5,1000000,834201.81
1383,lrange5,1000000,1285449.88
1384,lpush5,1000000,843386.19
1384,lrange5,1000000,1106283.25
1385,lpush5,1000000,838290.06
1385,lrange5,1000000,1236212.62
1386,lpush5,1000000,849672.00
1386,lrange5,1000000,1106442.50
1387,lpush5,1000000,833386.62
1387,lrange5,1000000,1302145.88
1388,lpush5,1000000,840484.00
1388,lrange5,1000000,1298722.12
1389,lpush5,1000000,843237.81
1389,lrange5,1000000,1280471.12
1390,lpush5,1000000,840349.56
1390,lrange5,1000000,1291989.62
1391,lpush5,1000000,836254.19
1391,lrange5,1000000,1251824.75
1392,lpush5,1000000,835462.00
1392,lrange5,1000000,1269218.25
1393,lpush5,1000000,835435.25
1393,lrange5,1000000,1280573.62
1394,lpush5,1000000,849672.00
1394,lrange5,1000000,1242375.12
1395,lpush5,1000000,832679.44
1395,lrange5,1000000,1298826.00
1396,lpush5,1000000,837574.56
1396,lrange5,1000000,1274007.62
1397,lpush5,1000000,837520.94
1397,lrange5,1000000,1298701.38
1398,lpush5,1000000,840564.69
1398,lrange5,1000000,1233381.00
1399,lpush5,1000000,835421.88
1399,lrange5,1000000,1199386.12
1400,lpush5,1000000,835475.31
1400,lrange5,1000000,1239316.00
1401,lpush5,1000000,836873.62
1401,lrange5,1000000,1278813.25
1402,lpush5,1000000,836173.94
1402,lrange5,1000000,1280409.75
1403,lpush5,1000000,841042.88
1403,lrange5,1000000,1200633.88
1404,lpush5,1000000,847471.25
1404,lrange5,1000000,1278833.75
1405,lpush5,1000000,832639.50
1405,lrange5,1000000,1290405.25
1406,lpush5,1000000,834724.56
1406,lrange5,1000000,1302104.12
1407,lpush5,1000000,844716.19
1407,lrange5,1000000,1290425.88
1408,lpush5,1000000,848285.00
1408,lrange5,1000000,1102747.50
1409,lpush5,1000000,840389.88
1409,lrange5,1000000,1233164.00
1410,lpush5,1000000,839644.00
1410,lrange5,1000000,1293681.75
1411,lpush5,1000000,830684.38
1411,lrange5,1000000,1264242.75
1412,lpush5,1000000,838370.50
1412,lrange5,1000000,1275653.12
1413,lpush5,1000000,825777.06
1413,lrange5,1000000,1302229.12
1414,lpush5,1000000,835542.19
1414,lrange5,1000000,1187686.50
1415,lpush5,1000000,831388.25
1415,lrange5,1000000,1254905.88
1416,lpush5,1000000,842554.31
1416,lrange5,1000000,1262727.25
1417,lpush5,1000000,837587.94
1417,lrange5,1000000,1287145.38
1418,lpush5,1000000,842567.81
1418,lrange5,1000000,1202096.12
1419,lpush5,1000000,842594.75
1419,lrange5,1000000,1282071.88
1420,lpush5,1000000,842689.12
1420,lrange5,1000000,1200825.88
1421,lpush5,1000000,833426.62
1421,lrange5,1000000,1288804.12
1422,lpush5,1000000,845362.69
1422,lrange5,1000000,1285388.12
1423,lpush5,1000000,836900.38
1423,lrange5,1000000,1297099.88
1424,lpush5,1000000,849631.25
1424,lrange5,1000000,1292196.38
1425,lpush5,1000000,843976.44
1425,lrange5,1000000,1227111.62
1426,lpush5,1000000,837520.94
1426,lrange5,1000000,1292134.38
1427,lpush5,1000000,843895.38
1427,lrange5,1000000,1265883.50
1428,lpush5,1000000,841925.94
1428,lrange5,1000000,1295357.50
1429,lpush5,1000000,838316.88
1429,lrange5,1000000,1303801.75
1430,lpush5,1000000,848298.56
1430,lrange5,1000000,1288659.75
1431,lpush5,1000000,842527.38
1431,lrange5,1000000,1295461.12
1432,lpush5,1000000,843183.81
1432,lrange5,1000000,1253373.50
1433,lpush5,1000000,832119.81
1433,lrange5,1000000,1298701.38
1434,lpush5,1000000,833506.62
1434,lrange5,1000000,1288659.75
1435,lpush5,1000000,830578.06
1435,lrange5,1000000,1196459.25
1436,lpush5,1000000,833386.62
1436,lrange5,1000000,1285532.12
1437,lpush5,1000000,839006.69
1437,lrange5,1000000,1274048.38
1438,lpush5,1000000,841858.62
1438,lrange5,1000000,1215066.75
1439,lpush5,1000000,839033.56
1439,lrange5,1000000,1240833.75
1440,lpush5,1000000,842594.75
1440,lrange5,1000000,1193489.25
1441,lpush5,1000000,838290.06
1441,lrange5,1000000,1305566.62
1442,lpush5,1000000,832173.00
1442,lrange5,1000000,1278854.25
1443,lpush5,1000000,841872.06
1443,lrange5,1000000,1287063.00
1444,lpush5,1000000,830750.81
1444,lrange5,1000000,1303968.62
1445,lpush5,1000000,834121.75
1445,lrange5,1000000,1190533.38
1446,lpush5,1000000,846780.69
1446,lrange5,1000000,1269177.62
1447,lpush5,1000000,831255.25
1447,lrange5,1000000,1287083.62
1448,lpush5,1000000,837668.31
1448,lrange5,1000000,1303780.88
1449,lpush5,1000000,845416.75
1449,lrange5,1000000,1196440.12
1450,lpush5,1000000,838330.31
1450,lrange5,1000000,1282174.38
1451,lpush5,1000000,836820.06
1451,lrange5,1000000,1228560.12
1452,lpush5,1000000,839167.75
1452,lrange5,1000000,1287186.62
1453,lpush5,1000000,832706.12
1453,lrange5,1000000,1288680.38
1454,lpush5,1000000,830671.12
1454,lrange5,1000000,1257861.62
1455,lpush5,1000000,832639.50
1455,lrange5,1000000,1195182.75
1456,lpush5,1000000,834215.19
1456,lrange5,1000000,1256462.25
1457,lpush5,1000000,839791.81
1457,lrange5,1000000,1267427.12
1458,lpush5,1000000,848339.25
1458,lrange5,1000000,1290508.38
1459,lpush5,1000000,843210.81
1459,lrange5,1000000,1206697.25
1460,lpush5,1000000,845322.06
1460,lrange5,1000000,1302166.62
1461,lpush5,1000000,831295.12
1461,lrange5,1000000,1275510.25
1462,lpush5,1000000,833386.62
1462,lrange5,1000000,1192028.62
1463,lpush5,1000000,836173.94
1463,lrange5,1000000,1205185.62
1464,lpush5,1000000,833373.31
1464,lrange5,1000000,1287042.50
1465,lpush5,1000000,832039.94
1465,lrange5,1000000,1278915.62
1466,lpush5,1000000,843278.25
1466,lrange5,1000000,1197892.25
1467,lpush5,1000000,836294.31
1467,lrange5,1000000,1307419.62
1468,lpush5,1000000,839100.62
1468,lrange5,1000000,1288866.00
1469,lpush5,1000000,840336.12
1469,lrange5,1000000,1290363.88
1470,lpush5,1000000,838236.44
1470,lrange5,1000000,1270810.62
1471,lpush5,1000000,835435.25
1471,lrange5,1000000,1293868.00
1472,lpush5,1000000,843264.75
1472,lrange5,1000000,1307294.12
1473,lpush5,1000000,832666.12
1473,lrange5,1000000,1257982.38
1474,lpush5,1000000,833466.62
1474,lrange5,1000000,1261114.75
1475,lpush5,1000000,832039.94
1475,lrange5,1000000,1264445.00
1476,lpush5,1000000,831268.50
1476,lrange5,1000000,1282071.88
1477,lpush5,1000000,832652.81
1477,lrange5,1000000,1287021.88
1478,lpush5,1000000,844608.12
1478,lrange5,1000000,1307461.50
1479,lpush5,1000000,840416.75
1479,lrange5,1000000,1272285.00
1480,lpush5,1000000,835435.25
1480,lrange5,1000000,1274007.62
1481,lpush5,1000000,835635.75
1481,lrange5,1000000,1287001.25
1482,lpush5,1000000,839154.31
1482,lrange5,1000000,1270831.00
1483,lpush5,1000000,838236.44
1483,lrange5,1000000,1293661.00
1484,lpush5,1000000,834737.94
1484,lrange5,1000000,1190704.75
1485,lpush5,1000000,840403.31
1485,lrange5,1000000,1293868.00
1486,lpush5,1000000,841845.12
1486,lrange5,1000000,1267569.12
1487,lpush5,1000000,829915.31
1487,lrange5,1000000,1280573.62
1488,lpush5,1000000,839087.25
1488,lrange5,1000000,1262727.25
1489,lpush5,1000000,841056.31
1489,lrange5,1000000,1288659.75
1490,lpush5,1000000,845403.25
1490,lrange5,1000000,1282236.00
1491,lpush5,1000000,832772.69
1491,lrange5,1000000,1267488.00
1492,lpush5,1000000,845322.06
1492,lrange5,1000000,1282236.00
1493,lpush5,1000000,839670.88
1493,lrange5,1000000,1213592.25
1494,lpush5,1000000,841872.06
1494,lrange5,1000000,1193718.38
1495,lpush5,1000000,829941.88
1495,lrange5,1000000,1305504.00
1496,lpush5,1000000,849059.44
1496,lrange5,1000000,1305524.88
1497,lpush5,1000000,830048.12
1497,lrange5,1000000,1205127.75
1498,lpush5,1000000,849631.25
1498,lrange5,1000000,1199424.50
1499,lpush5,1000000,836873.62
1499,lrange5,1000000,1259445.75
1500,lpush5,1000000,841042.88
1500,lrange5,1000000,1200672.25
1501,lpush5,1000000,841845.12
1501,lrange5,1000000,1278833.75
1502,lpush5,1000000,835635.75
1502,lrange5,1000000,1293681.75
1503,lpush5,1000000,837721.94
1503,lrange5,1000000,1303801.75
1504,lpush5,1000000,846956.81
1504,lrange5,1000000,1199366.88
1505,lpush5,1000000,833493.31
1505,lrange5,1000000,1207980.62
1506,lpush5,1000000,834121.75
1506,lrange5,1000000,1292237.75
1507,lpush5,1000000,834818.06
1507,lrange5,1000000,1287042.50
1508,lpush5,1000000,839073.81
1508,lrange5,1000000,1180732.00
1509,lpush5,1000000,838926.12
1509,lrange5,1000000,1307294.12
1510,lpush5,1000000,846226.69
1510,lrange5,1000000,1277221.00
1511,lpush5,1000000,840403.31
1511,lrange5,1000000,1303843.50
1512,lpush5,1000000,839778.38
1512,lrange5,1000000,1293868.00
1513,lpush5,1000000,836860.19
1513,lrange5,1000000,1298763.62
1514,lpush5,1000000,831986.69
1514,lrange5,1000000,1302187.50
1515,lpush5,1000000,838330.31
1515,lrange5,1000000,1259466.00
1516,lpush5,1000000,838979.81
1516,lrange5,1000000,1302083.38
1517,lpush5,1000000,841804.75
1517,lrange5,1000000,1199232.62
1518,lpush5,1000000,833333.31
1518,lrange5,1000000,1300577.38
1519,lpush5,1000000,834844.75
1519,lrange5,1000000,1258022.62
1520,lpush5,1000000,834108.44
1520,lrange5,1000000,1259486.12
1521,lpush5,1000000,834241.88
1521,lrange5,1000000,1300619.00
1522,lpush5,1000000,840349.56
1522,lrange5,1000000,1277200.50
1523,lpush5,1000000,841137.06
1523,lrange5,1000000,1196459.25
1524,lpush5,1000000,836294.31
1524,lrange5,1000000,1269076.12
1525,lpush5,1000000,831481.31
1525,lrange5,1000000,1303780.88
1526,lpush5,1000000,835435.25
1526,lrange5,1000000,1305608.38
1527,lpush5,1000000,831308.44
1527,lrange5,1000000,1300431.75
1528,lpush5,1000000,836227.44
1528,lrange5,1000000,1269035.50
1529,lpush5,1000000,841069.81
1529,lrange5,1000000,1200806.75
1530,lpush5,1000000,835488.69
1530,lrange5,1000000,1305483.12
1531,lpush5,1000000,831268.50
1531,lrange5,1000000,1280491.62
1532,lpush5,1000000,843881.88
1532,lrange5,1000000,1307461.50
1533,lpush5,1000000,832053.25
1533,lrange5,1000000,1287145.38
1534,lpush5,1000000,839751.50
1534,lrange5,1000000,1305650.12
1535,lpush5,1000000,841164.00
1535,lrange5,1000000,1261054.25
1536,lpush5,1000000,842608.25
1536,lrange5,1000000,1303780.88
1537,lpush5,1000000,829200.69
1537,lrange5,1000000,1218163.25
1538,lpush5,1000000,841777.81
1538,lrange5,1000000,1192276.50
1539,lpush5,1000000,830724.25
1539,lrange5,1000000,1259627.12
1540,lpush5,1000000,836873.62
1540,lrange5,1000000,1305692.00
1541,lpush5,1000000,836873.62
1541,lrange5,1000000,1300598.25
1542,lpush5,1000000,836173.94
1542,lrange5,1000000,1302229.12
1543,lpush5,1000000,840443.69
1543,lrange5,1000000,1292175.75
1544,lpush5,1000000,842486.94
1544,lrange5,1000000,1190609.50
1545,lpush5,1000000,832799.38
1545,lrange5,1000000,1297224.38
1546,lpush5,1000000,839845.50
1546,lrange5,1000000,1242236.00
1547,lpush5,1000000,833386.62
1547,lrange5,1000000,1298701.38
1548,lpush5,1000000,842675.62
1548,lrange5,1000000,1224049.00
1549,lpush5,1000000,835515.44
1549,lrange5,1000000,1295585.50
1550,lpush5,1000000,844662.12
1550,lrange5,1000000,1300390.12
1551,lpush5,1000000,834028.38
1551,lrange5,1000000,1173708.88
1552,lpush5,1000000,841804.75
1552,lrange5,1000000,1203446.50
1553,lpush5,1000000,848230.69
1553,lrange5,1000000,1199309.38
1554,lpush5,1000000,847606.81
1554,lrange5,1000000,1256381.88
1555,lpush5,1000000,834055.06
1555,lrange5,1000000,1194991.62
1556,lpush5,1000000,844016.94
1556,lrange5,1000000,1192295.62
1557,lpush5,1000000,834791.38
1557,lrange5,1000000,1209189.75
1558,lpush5,1000000,835475.31
1558,lrange5,1000000,1288824.75
1559,lpush5,1000000,839087.25
1559,lrange5,1000000,1283738.12
1560,lpush5,1000000,835462.00
1560,lrange5,1000000,1283738.12
1561,lpush5,1000000,849807.94
1561,lrange5,1000000,1196229.62
1562,lpush5,1000000,848285.00
1562,lrange5,1000000,1254785.50
1563,lpush5,1000000,836833.44
1563,lrange5,1000000,968085.19
1564,lpush5,1000000,525001.56
1564,lrange5,1000000,1156254.38
1565,lpush5,1000000,831428.12
1565,lrange5,1000000,1295585.50
1566,lpush5,1000000,838249.81
1566,lrange5,1000000,1283738.12
1567,lpush5,1000000,826459.50
1567,lrange5,1000000,1295336.75
1568,lpush5,1000000,831255.25
1568,lrange5,1000000,1293661.00
1569,lpush5,1000000,838397.38
1569,lrange5,1000000,1280553.12
1570,lpush5,1000000,823176.94
1570,lrange5,1000000,1246922.75
1571,lpush5,1000000,832679.44
1571,lrange5,1000000,1277139.25
1572,lpush5,1000000,834121.75
1572,lrange5,1000000,1278772.38
1573,lpush5,1000000,832652.81
1573,lrange5,1000000,1298909.12
1574,lpush5,1000000,827841.12
1574,lrange5,1000000,1287042.50
1575,lpush5,1000000,836307.69
1575,lrange5,1000000,1206639.38
1576,lpush5,1000000,841069.81
1576,lrange5,1000000,1277323.12
1577,lpush5,1000000,838249.81
1577,lrange5,1000000,1303968.62
1578,lpush5,1000000,834175.12
1578,lrange5,1000000,941664.75
1579,lpush5,1000000,836280.94
1579,lrange5,1000000,1270790.38
1580,lpush5,1000000,828000.06
1580,lrange5,1000000,1300535.75
1581,lpush5,1000000,842608.25
1581,lrange5,1000000,1292175.75
1582,lpush5,1000000,830578.06
1582,lrange5,1000000,1293764.50
1583,lpush5,1000000,834737.94
1583,lrange5,1000000,1280430.25
1584,lpush5,1000000,827827.88
1584,lrange5,1000000,1302125.00
1585,lpush5,1000000,834764.62
1585,lrange5,1000000,1280553.12
1586,lpush5,1000000,834241.88
1586,lrange5,1000000,1297120.62
1587,lpush5,1000000,837034.25
1587,lrange5,1000000,1277200.50
1588,lpush5,1000000,832053.25
1588,lrange5,1000000,1285470.50
1589,lpush5,1000000,838223.00
1589,lrange5,1000000,1295585.50
1590,lpush5,1000000,829875.50
1590,lrange5,1000000,1242275.75
1591,lpush5,1000000,834081.75
1591,lrange5,1000000,1186277.62
1592,lpush5,1000000,832666.12
1592,lrange5,1000000,1288742.25
1593,lpush5,1000000,835582.25
1593,lrange5,1000000,1262888.88
1594,lpush5,1000000,835542.19
1594,lrange5,1000000,1293661.00
1595,lpush5,1000000,838397.38
1595,lrange5,1000000,1190857.12
1596,lpush5,1000000,834135.12
1596,lrange5,1000000,1218104.75
1597,lpush5,1000000,837695.12
1597,lrange5,1000000,1293764.50
1598,lpush5,1000000,829968.44
1598,lrange5,1000000,1288824.75
1599,lpush5,1000000,832133.12
1599,lrange5,1000000,1298909.12
1600,lpush5,1000000,839046.94
1600,lrange5,1000000,1250080.00
1601,lpush5,1000000,838926.12
1601,lrange5,1000000,1187914.50
1602,lpush5,1000000,838223.00
1602,lrange5,1000000,1278792.88
1603,lpush5,1000000,834778.00
1603,lrange5,1000000,1292031.00
1604,lpush5,1000000,840349.56
1604,lrange5,1000000,1287063.00
1605,lpush5,1000000,846159.00
1605,lrange5,1000000,1274028.00
1606,lpush5,1000000,830724.25
1606,lrange5,1000000,1280594.12
1607,lpush5,1000000,842554.31
1607,lrange5,1000000,1285347.00
1608,lpush5,1000000,831374.94
1608,lrange5,1000000,1295399.00
1609,lpush5,1000000,835635.75
1609,lrange5,1000000,1200883.50
1610,lpush5,1000000,834844.75
1610,lrange5,1000000,1259445.75
1611,lpush5,1000000,839630.56
1611,lrange5,1000000,1297162.12
1612,lpush5,1000000,834938.25
1612,lrange5,1000000,1206291.88
1613,lpush5,1000000,848257.81
1613,lrange5,1000000,1297099.88
1614,lpush5,1000000,831441.44
1614,lrange5,1000000,1183526.62
1615,lpush5,1000000,829981.69
1615,lrange5,1000000,1270790.38
1616,lpush5,1000000,836900.38
1616,lrange5,1000000,1302145.88
1617,lpush5,1000000,838223.00
1617,lrange5,1000000,1194991.62
1618,lpush5,1000000,835435.25
1618,lrange5,1000000,1185118.50
1619,lpush5,1000000,835421.88
1619,lrange5,1000000,1283820.25
1620,lpush5,1000000,838370.50
1620,lrange5,1000000,1179603.75
1621,lpush5,1000000,843183.81
1621,lrange5,1000000,1228599.50
1622,lpush5,1000000,845497.94
1622,lrange5,1000000,1197796.50
1623,lpush5,1000000,835595.62
1623,lrange5,1000000,1295399.00
1624,lpush5,1000000,829320.06
1624,lrange5,1000000,1190647.62
1625,lpush5,1000000,834081.75
1625,lrange5,1000000,1259486.12
1626,lpush5,1000000,843224.31
1626,lrange5,1000000,1300410.88
1627,lpush5,1000000,845416.75
1627,lrange5,1000000,1236311.50
1628,lpush5,1000000,841966.38
1628,lrange5,1000000,1300598.25
1629,lpush5,1000000,848339.25
1629,lrange5,1000000,1246882.88
1630,lpush5,1000000,845308.56
1630,lrange5,1000000,1300431.75
1631,lpush5,1000000,840349.56
1631,lrange5,1000000,1303927.00
1632,lpush5,1000000,828672.75
1632,lrange5,1000000,1199040.75
1633,lpush5,1000000,841231.25
1633,lrange5,1000000,1199232.62
1634,lpush5,1000000,835622.38
1634,lrange5,1000000,1197643.12
1635,lpush5,1000000,848298.56
1635,lrange5,1000000,1275530.62
1636,lpush5,1000000,834081.75
1636,lrange5,1000000,1277241.38
1637,lpush5,1000000,839100.62
1637,lrange5,1000000,1262626.25
1638,lpush5,1000000,837587.94
1638,lrange5,1000000,1280409.75
1639,lpush5,1000000,845416.75
1639,lrange5,1000000,1178044.75
1640,lpush5,1000000,847498.31
1640,lrange5,1000000,1179434.00
1641,lpush5,1000000,832852.62
1641,lrange5,1000000,1190762.00
1642,lpush5,1000000,840349.56
1642,lrange5,1000000,1258002.50
1643,lpush5,1000000,831295.12
1643,lrange5,1000000,1295378.25
1644,lpush5,1000000,842500.38
1644,lrange5,1000000,1297141.38
1645,lpush5,1000000,836200.69
1645,lrange5,1000000,1233104.88
1646,lpush5,1000000,838939.56
1646,lrange5,1000000,1256281.38
1647,lpush5,1000000,843224.31
1647,lrange5,1000000,1200749.12
1648,lpush5,1000000,831960.06
1648,lrange5,1000000,1221020.75
1649,lpush5,1000000,844043.94
1649,lrange5,1000000,1287207.25
1650,lpush5,1000000,838397.38
1650,lrange5,1000000,1183621.25
1651,lpush5,1000000,844030.44
1651,lrange5,1000000,1187838.50
1652,lpush5,1000000,841925.94
1652,lrange5,1000000,1285367.62
1653,lpush5,1000000,841096.69
1653,lrange5,1000000,1267467.75
1654,lpush5,1000000,834951.62
1654,lrange5,1000000,1280409.75
1655,lpush5,1000000,845416.75
1655,lrange5,1000000,1257942.12
1656,lpush5,1000000,836994.12
1656,lrange5,1000000,1280573.62
1657,lpush5,1000000,833399.94
1657,lrange5,1000000,1248499.38
1658,lpush5,1000000,842567.81
1658,lrange5,1000000,1207806.75
1659,lpush5,1000000,834751.31
1659,lrange5,1000000,1297058.38
1660,lpush5,1000000,843264.75
1660,lrange5,1000000,1202038.38
1661,lpush5,1000000,829386.44
1661,lrange5,1000000,1272407.12
1662,lpush5,1000000,838979.81
1662,lrange5,1000000,1265903.75
1663,lpush5,1000000,843318.75
1663,lrange5,1000000,1196248.75
1664,lpush5,1000000,837654.94
1664,lrange5,1000000,1285388.12
1665,lpush5,1000000,841845.12
1665,lrange5,1000000,1236133.50
1666,lpush5,1000000,837574.56
1666,lrange5,1000000,1287001.25
1667,lpush5,1000000,844662.12
1667,lrange5,1000000,1231724.12
1668,lpush5,1000000,836927.19
1668,lrange5,1000000,1195010.75
1669,lpush5,1000000,838290.06
1669,lrange5,1000000,1182373.50
1670,lpush5,1000000,834938.25
1670,lrange5,1000000,1297162.12
1671,lpush5,1000000,846807.81
1671,lrange5,1000000,1197700.62
1672,lpush5,1000000,835568.88
1672,lrange5,1000000,1197949.75
1673,lpush5,1000000,839711.19
1673,lrange5,1000000,1277159.62
1674,lpush5,1000000,836820.06
1674,lrange5,1000000,1199386.12
1675,lpush5,1000000,838939.56
1675,lrange5,1000000,1295502.62
1676,lpush5,1000000,843183.81
1676,lrange5,1000000,1200864.38
1677,lpush5,1000000,833346.62
1677,lrange5,1000000,1273905.75
1678,lpush5,1000000,835502.06
1678,lrange5,1000000,1303780.88
1679,lpush5,1000000,835435.25
1679,lrange5,1000000,1298701.38
1680,lpush5,1000000,841804.75
1680,lrange5,1000000,1302229.12
1681,lpush5,1000000,830644.50
1681,lrange5,1000000,1196440.12
1682,lpush5,1000000,844648.62
1682,lrange5,1000000,1285367.62
1683,lpush5,1000000,839845.50
1683,lrange5,1000000,1193374.75
1684,lpush5,1000000,845403.25
1684,lrange5,1000000,1285655.50
1685,lpush5,1000000,829253.75
1685,lrange5,1000000,1274048.38
1686,lpush5,1000000,839670.88
1686,lrange5,1000000,1288701.00
1687,lpush5,1000000,836227.44
1687,lrange5,1000000,1262747.50
1688,lpush5,1000000,841764.31
1688,lrange5,1000000,1221177.00
1689,lpush5,1000000,825803.50
1689,lrange5,1000000,1254845.62
1690,lpush5,1000000,834778.00
1690,lrange5,1000000,1295378.25
1691,lpush5,1000000,829187.44
1691,lrange5,1000000,1303947.88
1692,lpush5,1000000,843345.69
1692,lrange5,1000000,1228579.88
1693,lpush5,1000000,837628.12
1693,lrange5,1000000,1197758.12
1694,lpush5,1000000,843291.75
1694,lrange5,1000000,1298763.62
1695,lpush5,1000000,837520.94
1695,lrange5,1000000,1264222.50
1696,lpush5,1000000,840376.44
1696,lrange5,1000000,1298950.62
1697,lpush5,1000000,841042.88
1697,lrange5,1000000,1267447.50
1698,lpush5,1000000,835448.62
1698,lrange5,1000000,1292072.38
1699,lpush5,1000000,835435.25
1699,lrange5,1000000,1290508.38
1700,lpush5,1000000,829955.19
1700,lrange5,1000000,1300390.12
1701,lpush5,1000000,838343.69
1701,lrange5,1000000,1300494.12
1702,lpush5,1000000,838370.50
1702,lrange5,1000000,1193737.50
1703,lpush5,1000000,839046.94
1703,lrange5,1000000,1298909.12
1704,lpush5,1000000,835528.81
1704,lrange5,1000000,1282092.38
1705,lpush5,1000000,832119.81
1705,lrange5,1000000,1178139.00
1706,lpush5,1000000,832666.12
1706,lrange5,1000000,1302250.00
1707,lpush5,1000000,837614.75
1707,lrange5,1000000,1186315.50
1708,lpush5,1000000,834028.38
1708,lrange5,1000000,1285511.62
1709,lpush5,1000000,841750.88
1709,lrange5,1000000,1297099.88
1710,lpush5,1000000,844621.62
1710,lrange5,1000000,1275551.00
1711,lpush5,1000000,840443.69
1711,lrange5,1000000,1183545.50
1712,lpush5,1000000,842648.69
1712,lrange5,1000000,1212218.25
1713,lpush5,1000000,836967.31
1713,lrange5,1000000,1302104.12
1714,lpush5,1000000,836846.81
1714,lrange5,1000000,1261034.12
1715,lpush5,1000000,836953.94
1715,lrange5,1000000,1203427.25
1716,lpush5,1000000,838993.25
1716,lrange5,1000000,1295336.75
1717,lpush5,1000000,829227.19
1717,lrange5,1000000,1197643.12
1718,lpush5,1000000,836820.06
1718,lrange5,1000000,941634.62
1719,lpush5,1000000,835555.56
1719,lrange5,1000000,1302104.12
1720,lpush5,1000000,841096.69
1720,lrange5,1000000,1182316.75
1721,lpush5,1000000,827880.81
1721,lrange5,1000000,1285347.00
1722,lpush5,1000000,836133.81
1722,lrange5,1000000,1185213.25
1723,lpush5,1000000,841056.31
1723,lrange5,1000000,1188028.50
1724,lpush5,1000000,844702.69
1724,lrange5,1000000,1236153.25
1725,lpush5,1000000,828540.19
1725,lrange5,1000000,1298909.12
1726,lpush5,1000000,844756.75
1726,lrange5,1000000,1216603.38
1727,lpush5,1000000,835488.69
1727,lrange5,1000000,1262747.50
1728,lpush5,1000000,841818.19
1728,lrange5,1000000,1298826.00
1729,lpush5,1000000,843237.81
1729,lrange5,1000000,1295378.25
1730,lpush5,1000000,841056.31
1730,lrange5,1000000,1185251.25
1731,lpush5,1000000,840349.56
1731,lrange5,1000000,1275755.12
1732,lpush5,1000000,836334.44
1732,lrange5,1000000,1270709.00
1733,lpush5,1000000,829875.50
1733,lrange5,1000000,1257901.88
1734,lpush5,1000000,835635.75
1734,lrange5,1000000,1200864.38
1735,lpush5,1000000,834188.50
1735,lrange5,1000000,1236093.88
1736,lpush5,1000000,834081.75
1736,lrange5,1000000,1292175.75
1737,lpush5,1000000,834737.94
1737,lrange5,1000000,1283717.62
1738,lpush5,1000000,831960.06
1738,lrange5,1000000,1153697.88
1739,lpush5,1000000,839087.25
1739,lrange5,1000000,1285388.12
1740,lpush5,1000000,833373.31
1740,lrange5,1000000,1246882.88
1741,lpush5,1000000,836173.94
1741,lrange5,1000000,1189098.62
1742,lpush5,1000000,843949.44
1742,lrange5,1000000,1236093.88
1743,lpush5,1000000,839711.19
1743,lrange5,1000000,1256582.88
1744,lpush5,1000000,833333.31
1744,lrange5,1000000,1290322.62
1745,lpush5,1000000,837614.75
1745,lrange5,1000000,1253193.00
1746,lpush5,1000000,838276.62
1746,lrange5,1000000,1264384.25
1747,lpush5,1000000,832692.75
1747,lrange5,1000000,1274028.00
1748,lpush5,1000000,843183.81
1748,lrange5,1000000,1273946.50
1749,lpush5,1000000,836873.62
1749,lrange5,1000000,1248559.25
1750,lpush5,1000000,844635.12
1750,lrange5,1000000,1290384.50
1751,lpush5,1000000,837681.75
1751,lrange5,1000000,1280409.75
1752,lpush5,1000000,835568.88
1752,lrange5,1000000,1278792.88
1753,lpush5,1000000,836187.31
1753,lrange5,1000000,1267548.88
1754,lpush5,1000000,841804.75
1754,lrange5,1000000,1242355.25
1755,lpush5,1000000,847539.00
1755,lrange5,1000000,1295544.00
1756,lpush5,1000000,831960.06
1756,lrange5,1000000,1293847.38
1757,lpush5,1000000,838223.00
1757,lrange5,1000000,1201923.00
1758,lpush5,1000000,836133.81
1758,lrange5,1000000,1270709.00
1759,lpush5,1000000,830724.25
1759,lrange5,1000000,1293681.75
1760,lpush5,1000000,845389.69
1760,lrange5,1000000,1295399.00
1761,lpush5,1000000,832146.44
1761,lrange5,1000000,1262808.12
1762,lpush5,1000000,839764.94
1762,lrange5,1000000,1283738.12
1763,lpush5,1000000,834081.75
1763,lrange5,1000000,1302270.88
1764,lpush5,1000000,832000.00
1764,lrange5,1000000,1174084.50
1765,lpush5,1000000,832093.19
1765,lrange5,1000000,1253233.12
1766,lpush5,1000000,836900.38
1766,lrange5,1000000,1287021.88
1767,lpush5,1000000,832013.31
1767,lrange5,1000000,1285511.62
1768,lpush5,1000000,842635.19
1768,lrange5,1000000,1288804.12
1769,lpush5,1000000,839046.94
1769,lrange5,1000000,1280553.12
1770,lpush5,1000000,843895.38
1770,lrange5,1000000,1195068.12
1771,lpush5,1000000,840349.56
1771,lrange5,1000000,1193756.62
1772,lpush5,1000000,840403.31
1772,lrange5,1000000,1248479.38
1773,lpush5,1000000,834818.06
1773,lrange5,1000000,1288762.88
1774,lpush5,1000000,836860.19
1774,lrange5,1000000,1197988.00
1775,lpush5,1000000,846037.19
1775,lrange5,1000000,1278895.12
1776,lpush5,1000000,834844.75
1776,lrange5,1000000,1277323.12
1777,lpush5,1000000,838276.62
1777,lrange5,1000000,1300556.62
1778,lpush5,1000000,834871.50
1778,lrange5,1000000,1195010.75
1779,lpush5,1000000,836200.69
1779,lrange5,1000000,1196287.00
1780,lpush5,1000000,836873.62
1780,lrange5,1000000,1179339.62
1781,lpush5,1000000,828553.44
1781,lrange5,1000000,1272264.62
1782,lpush5,1000000,835462.00
1782,lrange5,1000000,1230169.75
1783,lpush5,1000000,836347.81
1783,lrange5,1000000,1288866.00
1784,lpush5,1000000,844743.25
1784,lrange5,1000000,1264222.50
1785,lpush5,1000000,835421.88
1785,lrange5,1000000,1295544.00
1786,lpush5,1000000,832079.88
1786,lrange5,1000000,1227170.50
1787,lpush5,1000000,838249.81
1787,lrange5,1000000,1293743.88
1788,lpush5,1000000,841231.25
1788,lrange5,1000000,1288804.12
1789,lpush5,1000000,838939.56
1789,lrange5,1000000,1295399.00
1790,lpush5,1000000,841110.19
1790,lrange5,1000000,1277282.25
1791,lpush5,1000000,835635.75
1791,lrange5,1000000,1190704.75
1792,lpush5,1000000,836833.44
1792,lrange5,1000000,1193680.25
1793,lpush5,1000000,842527.38
1793,lrange5,1000000,1291989.62
1794,lpush5,1000000,843170.31
1794,lrange5,1000000,1292134.38
1795,lpush5,1000000,841804.75
1795,lrange5,1000000,1298826.00
1796,lpush5,1000000,837574.56
1796,lrange5,1000000,1272447.88
1797,lpush5,1000000,837628.12
1797,lrange5,1000000,1262707.12
1798,lpush5,1000000,834068.38
1798,lrange5,1000000,1179283.00
1799,lpush5,1000000,838437.56
1799,lrange5,1000000,1282236.00
1800,lpush5,1000000,837561.12
1800,lrange5,1000000,1231645.38
1801,lpush5,1000000,837574.56
1801,lrange5,1000000,1288659.75
1802,lpush5,1000000,843305.25
1802,lrange5,1000000,1277221.00
1803,lpush5,1000000,836846.81
1803,lrange5,1000000,1179566.00
1804,lpush5,1000000,834831.44
1804,lrange5,1000000,1278792.88
1805,lpush5,1000000,841110.19
1805,lrange5,1000000,1261235.88
1806,lpush5,1000000,840430.19
1806,lrange5,1000000,1292051.75
1807,lpush5,1000000,838263.25
1807,lrange5,1000000,1285347.00
1808,lpush5,1000000,833519.94
1808,lrange5,1000000,1298722.12
1809,lpush5,1000000,836994.12
1809,lrange5,1000000,1185004.75
1810,lpush5,1000000,829928.62
1810,lrange5,1000000,1181015.38
1811,lpush5,1000000,830604.62
1811,lrange5,1000000,1285347.00
1812,lpush5,1000000,829875.50
1812,lrange5,1000000,1295523.25
1813,lpush5,1000000,847552.56
1813,lrange5,1000000,1202346.12
1814,lpush5,1000000,838953.00
1814,lrange5,1000000,1282071.88
1815,lpush5,1000000,836900.38
1815,lrange5,1000000,1187838.50
1816,lpush5,1000000,832772.69
1816,lrange5,1000000,1300598.25
1817,lpush5,1000000,842513.88
1817,lrange5,1000000,1196191.38
1818,lpush5,1000000,837520.94
1818,lrange5,1000000,1302187.50
1819,lpush5,1000000,832865.94
1819,lrange5,1000000,1192009.50
1820,lpush5,1000000,831986.69
1820,lrange5,1000000,1282277.00
1821,lpush5,1000000,834175.12
1821,lrange5,1000000,1302104.12
1822,lpush5,1000000,827867.56
1822,lrange5,1000000,1283738.12
1823,lpush5,1000000,836294.31
1823,lrange5,1000000,1278792.88
1824,lpush5,1000000,830617.94
1824,lrange5,1000000,1295378.25
1825,lpush5,1000000,837520.94
1825,lrange5,1000000,1293702.50
1826,lpush5,1000000,834724.56
1826,lrange5,1000000,1287063.00
1827,lpush5,1000000,828500.38
1827,lrange5,1000000,1275653.12
1828,lpush5,1000000,838979.81
1828,lrange5,1000000,1302270.88
1829,lpush5,1000000,838953.00
1829,lrange5,1000000,1259486.12
1830,lpush5,1000000,827129.88
1830,lrange5,1000000,1253273.25
1831,lpush5,1000000,843962.94
1831,lrange5,1000000,1282112.88
1832,lpush5,1000000,840430.19
1832,lrange5,1000000,1259647.25
1833,lpush5,1000000,839154.31
1833,lrange5,1000000,1302229.12
1834,lpush5,1000000,836120.44
1834,lrange5,1000000,1202269.25
1835,lpush5,1000000,840389.88
1835,lrange5,1000000,1303822.62
1836,lpush5,1000000,831468.06
1836,lrange5,1000000,1196210.50
1837,lpush5,1000000,831255.25
1837,lrange5,1000000,1280491.62
1838,lpush5,1000000,837681.75
1838,lrange5,1000000,1287083.62
1839,lpush5,1000000,837034.25
1839,lrange5,1000000,1277200.50
1840,lpush5,1000000,832666.12
1840,lrange5,1000000,1199366.88
1841,lpush5,1000000,829346.62
1841,lrange5,1000000,1287227.75
1842,lpush5,1000000,833399.94
1842,lrange5,1000000,1203504.25
1843,lpush5,1000000,831308.44
1843,lrange5,1000000,1300390.12
1844,lpush5,1000000,838223.00
1844,lrange5,1000000,1278956.50
1845,lpush5,1000000,835475.31
1845,lrange5,1000000,835528.81
1846,lpush5,1000000,791316.44
1846,lrange5,1000000,1203427.25
1847,lpush5,1000000,841750.88
1847,lrange5,1000000,1290322.62
1848,lpush5,1000000,839060.38
1848,lrange5,1000000,1253373.50
1849,lpush5,1000000,845403.25
1849,lrange5,1000000,1295378.25
1850,lpush5,1000000,839724.62
1850,lrange5,1000000,1194972.50
1851,lpush5,1000000,839140.94
1851,lrange5,1000000,1295357.50
1852,lpush5,1000000,836307.69
1852,lrange5,1000000,1184872.12
1853,lpush5,1000000,842473.44
1853,lrange5,1000000,1275530.62
1854,lpush5,1000000,834068.38
1854,lrange5,1000000,1302145.88
1855,lpush5,1000000,836133.81
1855,lrange5,1000000,1292051.75
1856,lpush5,1000000,838236.44
1856,lrange5,1000000,1242255.88
1857,lpush5,1000000,837681.75
1857,lrange5,1000000,1197662.25
1858,lpush5,1000000,827933.81
1858,lrange5,1000000,1171334.88
1859,lpush5,1000000,838343.69
1859,lrange5,1000000,1287021.88
1860,lpush5,1000000,825816.69
1860,lrange5,1000000,1288701.00
1861,lpush5,1000000,832013.31
1861,lrange5,1000000,1293702.50
1862,lpush5,1000000,831428.12
1862,lrange5,1000000,1297058.38
1863,lpush5,1000000,843210.81
1863,lrange5,1000000,1297016.88
1864,lpush5,1000000,826472.69
1864,lrange5,1000000,1297182.88
1865,lpush5,1000000,831295.12
1865,lrange5,1000000,1302083.38
1866,lpush5,1000000,834241.88
1866,lrange5,1000000,1273885.25
1867,lpush5,1000000,832039.94
1867,lrange5,1000000,1302166.62
1868,lpush5,1000000,841096.69
1868,lrange5,1000000,1190762.00
1869,lpush5,1000000,832000.00
1869,lrange5,1000000,1194876.88
1870,lpush5,1000000,830617.94
1870,lrange5,1000000,1297016.88
1871,lpush5,1000000,836873.62
1871,lrange5,1000000,1237801.88
1872,lpush5,1000000,843278.25
1872,lrange5,1000000,1275714.38
1873,lpush5,1000000,829399.69
1873,lrange5,1000000,1302166.62
1874,lpush5,1000000,831946.75
1874,lrange5,1000000,1298701.38
1875,lpush5,1000000,838303.44
1875,lrange5,1000000,1302125.00
1876,lpush5,1000000,833386.62
1876,lrange5,1000000,1300556.62
1877,lpush5,1000000,840336.12
1877,lrange5,1000000,1278833.75
1878,lpush5,1000000,831308.44
1878,lrange5,1000000,1300515.00
1879,lpush5,1000000,837668.31
1879,lrange5,1000000,1302250.00
1880,lpush5,1000000,832013.31
1880,lrange5,1000000,1190590.50
1881,lpush5,1000000,838370.50
1881,lrange5,1000000,1256462.25
1882,lpush5,1000000,834778.00
1882,lrange5,1000000,1266025.25
1883,lpush5,1000000,834095.06
1883,lrange5,1000000,1257861.62
1884,lpush5,1000000,834764.62
1884,lrange5,1000000,1269116.75
1885,lpush5,1000000,839100.62
1885,lrange5,1000000,1180656.38
1886,lpush5,1000000,834055.06
1886,lrange5,1000000,1288680.38
1887,lpush5,1000000,840510.88
1887,lrange5,1000000,1278936.00
1888,lpush5,1000000,841750.88
1888,lrange5,1000000,1254845.62
1889,lpush5,1000000,845524.94
1889,lrange5,1000000,1290549.75
1890,lpush5,1000000,834911.56
1890,lrange5,1000000,1266045.50
1891,lpush5,1000000,837681.75
1891,lrange5,1000000,1174065.75
1892,lpush5,1000000,833333.31
1892,lrange5,1000000,1282153.88
1893,lpush5,1000000,835595.62
1893,lrange5,1000000,1193565.62
1894,lpush5,1000000,846740.06
1894,lrange5,1000000,1190590.50
1895,lpush5,1000000,838939.56
1895,lrange5,1000000,1266005.00
1896,lpush5,1000000,841231.25
1896,lrange5,1000000,1280409.75
1897,lpush5,1000000,831441.44
1897,lrange5,1000000,1270648.00
1898,lpush5,1000000,833386.62
1898,lrange5,1000000,1233242.88
1899,lpush5,1000000,830048.12
1899,lrange5,1000000,1295357.50
1900,lpush5,1000000,826618.12
1900,lrange5,1000000,1297141.38
1901,lpush5,1000000,837047.69
1901,lrange5,1000000,1194838.75
1902,lpush5,1000000,839073.81
1902,lrange5,1000000,1195029.88
1903,lpush5,1000000,837628.12
1903,lrange5,1000000,1028921.81
1904,lpush5,1000000,846956.81
1904,lrange5,1000000,1245489.50
1905,lpush5,1000000,843359.19
1905,lrange5,1000000,1283799.75
1906,lpush5,1000000,839818.62
1906,lrange5,1000000,1203619.75
1907,lpush5,1000000,837047.69
1907,lrange5,1000000,1190723.88
1908,lpush5,1000000,837534.31
1908,lrange5,1000000,1019416.94
1909,lpush5,1000000,843908.88
1909,lrange5,1000000,1237861.38
1910,lpush5,1000000,847471.25
1910,lrange5,1000000,1261155.12
1911,lpush5,1000000,842689.12
1911,lrange5,1000000,1302333.38
1912,lpush5,1000000,839046.94
1912,lrange5,1000000,1191914.25
1913,lpush5,1000000,831255.25
1913,lrange5,1000000,1282112.88
1914,lpush5,1000000,830764.12
1914,lrange5,1000000,1209305.88
1915,lpush5,1000000,838424.19
1915,lrange5,1000000,1302187.50
1916,lpush5,1000000,838437.56
1916,lrange5,1000000,1293826.62
1917,lpush5,1000000,832719.44
1917,lrange5,1000000,1061622.12
1918,lpush5,1000000,828526.94
1918,lrange5,1000000,1300410.88
1919,lpush5,1000000,834121.75
1919,lrange5,1000000,1239177.25
1920,lpush5,1000000,832652.81
1920,lrange5,1000000,1298888.38
1921,lpush5,1000000,829320.06
1921,lrange5,1000000,1283697.12
1922,lpush5,1000000,833546.62
1922,lrange5,1000000,1194896.00
1923,lpush5,1000000,836160.56
1923,lrange5,1000000,1262626.25
1924,lpush5,1000000,831281.81
1924,lrange5,1000000,1196248.75
1925,lpush5,1000000,835609.00
1925,lrange5,1000000,1269116.75
1926,lpush5,1000000,836980.69
1926,lrange5,1000000,1184872.12
1927,lpush5,1000000,834724.56
1927,lrange5,1000000,1245369.88
1928,lpush5,1000000,834041.69
1928,lrange5,1000000,1262666.62
1929,lpush5,1000000,834081.75
1929,lrange5,1000000,1194896.00
1930,lpush5,1000000,839778.38
1930,lrange5,1000000,1288783.50
1931,lpush5,1000000,834201.81
1931,lrange5,1000000,1189384.00
1932,lpush5,1000000,841804.75
1932,lrange5,1000000,1165762.25
1933,lpush5,1000000,829968.44
1933,lrange5,1000000,1267427.12
1934,lpush5,1000000,835421.88
1934,lrange5,1000000,1248559.25
1935,lpush5,1000000,838939.56
1935,lrange5,1000000,1272346.00
1936,lpush5,1000000,845497.94
1936,lrange5,1000000,1297182.88
1937,lpush5,1000000,839060.38
1937,lrange5,1000000,1283840.88
1938,lpush5,1000000,841939.44
1938,lrange5,1000000,1290363.88
1939,lpush5,1000000,835635.75
1939,lrange5,1000000,1275571.50
1940,lpush5,1000000,834724.56
1940,lrange5,1000000,1293661.00
1941,lpush5,1000000,841204.38
1941,lrange5,1000000,1297058.38
1942,lpush5,1000000,846131.94
1942,lrange5,1000000,1175182.12
1943,lpush5,1000000,843278.25
1943,lrange5,1000000,1198026.38
1944,lpush5,1000000,832173.00
1944,lrange5,1000000,1283820.25
1945,lpush5,1000000,841056.31
1945,lrange5,1000000,1180769.75
1946,lpush5,1000000,836120.44
1946,lrange5,1000000,1297079.12
1947,lpush5,1000000,841137.06
1947,lrange5,1000000,1193527.50
1948,lpush5,1000000,847606.81
1948,lrange5,1000000,1269198.00
1949,lpush5,1000000,841750.88
1949,lrange5,1000000,1251604.50
1950,lpush5,1000000,840336.12
1950,lrange5,1000000,1212179.38
1951,lpush5,1000000,835421.88
1951,lrange5,1000000,1187876.50
1952,lpush5,1000000,836294.31
1952,lrange5,1000000,1290405.25
1953,lpush5,1000000,841750.88
1953,lrange5,1000000,1259526.38
1954,lpush5,1000000,836254.19
1954,lrange5,1000000,1189212.88
1955,lpush5,1000000,832692.75
1955,lrange5,1000000,1197739.00
1956,lpush5,1000000,848257.81
1956,lrange5,1000000,1295564.75
1957,lpush5,1000000,844621.62
1957,lrange5,1000000,1240853.62
1958,lpush5,1000000,844043.94
1958,lrange5,1000000,1297162.12
1959,lpush5,1000000,835448.62
1959,lrange5,1000000,1293702.50
1960,lpush5,1000000,847620.38
1960,lrange5,1000000,1295419.62
1961,lpush5,1000000,840551.25
1961,lrange5,1000000,1290405.25
1962,lpush5,1000000,842459.94
1962,lrange5,1000000,1297016.88
1963,lpush5,1000000,835421.88
1963,lrange5,1000000,1298784.50
1964,lpush5,1000000,831308.44
1964,lrange5,1000000,1280450.62
1965,lpush5,1000000,832079.88
1965,lrange5,1000000,1257901.88
1966,lpush5,1000000,837534.31
1966,lrange5,1000000,1250160.00
1967,lpush5,1000000,832666.12
1967,lrange5,1000000,1293868.00
1968,lpush5,1000000,843224.31
1968,lrange5,1000000,1295419.62
1969,lpush5,1000000,831946.75
1969,lrange5,1000000,1293702.50
1970,lpush5,1000000,848352.81
1970,lrange5,1000000,1269035.50
1971,lpush5,1000000,831361.62
1971,lrange5,1000000,1277384.38
1972,lpush5,1000000,842608.25
1972,lrange5,1000000,1295399.00
1973,lpush5,1000000,839006.69
1973,lrange5,1000000,1295336.75
1974,lpush5,1000000,841204.38
1974,lrange5,1000000,1265984.75
1975,lpush5,1000000,837520.94
1975,lrange5,1000000,1199117.50
1976,lpush5,1000000,842513.88
1976,lrange5,1000000,1269299.50
1977,lpush5,1000000,836120.44
1977,lrange5,1000000,1290343.25
1978,lpush5,1000000,838223.00
1978,lrange5,1000000,1287001.25
1979,lpush5,1000000,842608.25
1979,lrange5,1000000,1247062.38
1980,lpush5,1000000,843170.31
1980,lrange5,1000000,1300619.00
1981,lpush5,1000000,831308.44
1981,lrange5,1000000,1197988.00
1982,lpush5,1000000,848285.00
1982,lrange5,1000000,1234646.88
1983,lpush5,1000000,836994.12
1983,lrange5,1000000,1240774.25
1984,lpush5,1000000,842621.69
1984,lrange5,1000000,1283717.62
1985,lpush5,1000000,835582.25
1985,lrange5,1000000,1300410.88
1986,lpush5,1000000,834724.56
1986,lrange5,1000000,1196306.12
1987,lpush5,1000000,834028.38
1987,lrange5,1000000,1193393.75
1988,lpush5,1000000,843881.88
1988,lrange5,1000000,1293702.50
1989,lpush5,1000000,843318.75
1989,lrange5,1000000,1283697.12
1990,lpush5,1000000,835435.25
1990,lrange5,1000000,1298846.75
1991,lpush5,1000000,832746.06
1991,lrange5,1000000,1194934.25
1992,lpush5,1000000,841056.31
1992,lrange5,1000000,1277221.00
1993,lpush5,1000000,836953.94
1993,lrange5,1000000,1295419.62
1994,lpush5,1000000,840349.56
1994,lrange5,1000000,1197911.38
1995,lpush5,1000000,840403.31
1995,lrange5,1000000,1297058.38
1996,lpush5,1000000,835568.88
1996,lrange5,1000000,1199328.50
1997,lpush5,1000000,835582.25
1997,lrange5,1000000,1290425.88
1998,lpush5,1000000,837574.56
1998,lrange5,1000000,1300639.75
1999,lpush5,1000000,832173.00
1999,lrange5,1000000,1283738.12
2000,lpush5,1000000,840443.69
2000,lrange5,1000000,1300431.75
