trial,operation,requests,rps
1,lpush5,1000000,530887.50
1,lrange5,1000000,1077672.50
2,lpush5,1000000,821784.69
2,lrange5,1000000,1250040.00
3,lpush5,1000000,821850.44
3,lrange5,1000000,1277139.25
4,lpush5,1000000,832639.50
4,lrange5,1000000,1272285.00
5,lpush5,1000000,827235.75
5,lrange5,1000000,1081081.12
6,lpush5,1000000,758198.62
6,lrange5,1000000,884328.88
7,lpush5,1000000,835448.62
7,lrange5,1000000,1187819.50
8,lpush5,1000000,828566.69
8,lrange5,1000000,1197624.00
9,lpush5,1000000,828606.44
9,lrange5,1000000,1285573.25
10,lpush5,1000000,823242.75
10,lrange5,1000000,1209422.00
11,lpush5,1000000,837534.31
11,lrange5,1000000,1250180.00
12,lpush5,1000000,824468.25
12,lrange5,1000000,1274068.75
13,lpush5,1000000,831441.44
13,lrange5,1000000,1199271.00
14,lpush5,1000000,825882.75
14,lrange5,1000000,1259627.12
15,lpush5,1000000,822407.94
15,lrange5,1000000,1283881.88
16,lpush5,1000000,827222.50
16,lrange5,1000000,1254946.00
17,lpush5,1000000,836120.44
17,lrange5,1000000,1257901.88
18,lpush5,1000000,832679.44
18,lrange5,1000000,1262666.62
19,lpush5,1000000,823868.19
19,lrange5,1000000,1269055.88
20,lpush5,1000000,830034.81
20,lrange5,1000000,1275571.50
21,lpush5,1000000,831281.81
21,lrange5,1000000,1285367.62
22,lpush5,1000000,815699.88
22,lrange5,1000000,1250160.00
23,lpush5,1000000,828500.38
23,lrange5,1000000,1274028.00
24,lpush5,1000000,825240.94
24,lrange5,1000000,1285408.75
25,lpush5,1000000,834081.75
25,lrange5,1000000,1272285.00
26,lpush5,1000000,838263.25
26,lrange5,1000000,1275530.62
27,lpush5,1000000,825148.50
27,lrange5,1000000,1245429.62
28,lpush5,1000000,831454.75
28,lrange5,1000000,1267427.12
29,lpush5,1000000,821850.44
29,lrange5,1000000,1270810.62
30,lpush5,1000000,822565.81
30,lrange5,1000000,1264222.50
31,lpush5,1000000,828659.50
31,lrange5,1000000,1265843.00
32,lpush5,1000000,821732.12
32,lrange5,1000000,1240893.25
33,lpush5,1000000,820344.56
33,lrange5,1000000,1287124.88
34,lpush5,1000000,823775.94
34,lrange5,1000000,1203581.25
35,lpush5,1000000,827880.81
35,lrange5,1000000,1209189.75
36,lpush5,1000000,828500.38
36,lrange5,1000000,1205031.38
37,lpush5,1000000,823058.44
37,lrange5,1000000,1239256.50
38,lpush5,1000000,829200.69
38,lrange5,1000000,1230051.62
39,lpush5,1000000,829200.69
39,lrange5,1000000,1200729.88
40,lpush5,1000000,823775.94
40,lrange5,1000000,1275693.88
41,lpush5,1000000,824415.44
41,lrange5,1000000,1202096.12
42,lpush5,1000000,831986.69
42,lrange5,1000000,1270749.62
43,lpush5,1000000,819895.06
43,lrange5,1000000,1144384.38
44,lpush5,1000000,832746.06
44,lrange5,1000000,1272264.62
45,lpush5,1000000,829875.50
45,lrange5,1000000,1282318.00
46,lpush5,1000000,827814.62
46,lrange5,1000000,729927.00
47,lpush5,1000000,515007.19
47,lrange5,1000000,995136.31
48,lpush5,1000000,817896.94
48,lrange5,1000000,1203754.50
49,lpush5,1000000,816457.12
49,lrange5,1000000,1193432.00
50,lpush5,1000000,823762.75
50,lrange5,1000000,1259506.25
51,lpush5,1000000,819053.25
51,lrange5,1000000,1203600.50
52,lpush5,1000000,824402.25
52,lrange5,1000000,1176771.75
53,lpush5,1000000,825829.94
53,lrange5,1000000,1285347.00
54,lpush5,1000000,826604.94
54,lrange5,1000000,1261054.25
55,lpush5,1000000,827827.88
55,lrange5,1000000,1218299.62
56,lpush5,1000000,821705.81
56,lrange5,1000000,1264404.50
57,lpush5,1000000,838939.56
57,lrange5,1000000,778259.94
58,lpush5,1000000,655790.19
58,lrange5,1000000,1283717.62
59,lpush5,1000000,823723.25
59,lrange5,1000000,1198045.50
60,lpush5,1000000,823907.75
60,lrange5,1000000,1251764.62
61,lpush5,1000000,825790.25
61,lrange5,1000000,1264343.88
62,lpush5,1000000,829928.62
62,lrange5,1000000,1231724.12
63,lpush5,1000000,827129.88
63,lrange5,1000000,1264222.50
64,lpush5,1000000,829187.44
64,lrange5,1000000,1190685.75
65,lpush5,1000000,833359.94
65,lrange5,1000000,1189422.12
66,lpush5,1000000,822526.31
66,lrange5,1000000,1261276.25
67,lpush5,1000000,821162.50
67,lrange5,1000000,1243960.12
68,lpush5,1000000,821070.56
68,lrange5,1000000,1277200.50
69,lpush5,1000000,832719.44
69,lrange5,1000000,1250120.00
70,lpush5,1000000,822579.00
70,lrange5,1000000,1248819.00
71,lpush5,1000000,821876.75
71,lrange5,1000000,1262828.25
72,lpush5,1000000,831960.06
72,lrange5,1000000,1275673.50
73,lpush5,1000000,825803.50
73,lrange5,1000000,1190819.12
74,lpush5,1000000,819711.44
74,lrange5,1000000,1259586.88
75,lpush5,1000000,830591.38
75,lrange5,1000000,1199117.50
76,lpush5,1000000,820397.06
76,lrange5,1000000,1225549.00
77,lpush5,1000000,824402.25
77,lrange5,1000000,1215164.00
78,lpush5,1000000,817870.75
78,lrange5,1000000,1264303.38
79,lpush5,1000000,829227.19
79,lrange5,1000000,1200557.00
80,lpush5,1000000,831494.62
80,lrange5,1000000,1267467.75
81,lpush5,1000000,834764.62
81,lrange5,1000000,1180713.12
82,lpush5,1000000,821705.81
82,lrange5,1000000,1187648.50
83,lpush5,1000000,821070.56
83,lrange5,1000000,1240913.12
84,lpush5,1000000,823723.25
84,lrange5,1000000,1261074.38
85,lpush5,1000000,819092.56
85,lrange5,1000000,1254805.50
86,lpush5,1000000,821784.69
86,lrange5,1000000,1167271.88
87,lpush5,1000000,823894.56
87,lrange5,1000000,1269238.62
88,lpush5,1000000,825108.88
88,lrange5,1000000,1265863.25
89,lpush5,1000000,828579.94
89,lrange5,1000000,1189174.75
90,lpush5,1000000,827169.56
90,lrange5,1000000,1239177.25
91,lpush5,1000000,818383.00
91,lrange5,1000000,1278874.62
92,lpush5,1000000,823150.62
92,lrange5,1000000,1257861.62
93,lpush5,1000000,836994.12
93,lrange5,1000000,1230130.38
94,lpush5,1000000,829373.12
94,lrange5,1000000,1256321.62
95,lpush5,1000000,825122.12
95,lrange5,1000000,1269116.75
96,lpush5,1000000,830777.44
96,lrange5,1000000,1287063.00
97,lpush5,1000000,835475.31
97,lrange5,1000000,1280409.75
98,lpush5,1000000,825293.75
98,lrange5,1000000,1199079.12
99,lpush5,1000000,821044.31
99,lrange5,1000000,1225549.00
100,lpush5,1000000,838343.69
100,lrange5,1000000,1209189.75
101,lpush5,1000000,830737.56
101,lrange5,1000000,1196229.62
102,lpush5,1000000,821705.81
102,lrange5,1000000,1245389.88
103,lpush5,1000000,828526.94
103,lrange5,1000000,1275591.88
104,lpush5,1000000,830048.12
104,lrange5,1000000,1277221.00
105,lpush5,1000000,824441.81
105,lrange5,1000000,1234745.62
106,lpush5,1000000,837587.94
106,lrange5,1000000,1270831.00
107,lpush5,1000000,825082.50
107,lrange5,1000000,1287248.38
108,lpush5,1000000,826499.12
108,lrange5,1000000,1278833.75
109,lpush5,1000000,817032.69
109,lrange5,1000000,1270709.00
110,lpush5,1000000,825135.31
110,lrange5,1000000,1270648.00
111,lpush5,1000000,823815.50
111,lrange5,1000000,1282153.88
112,lpush5,1000000,827814.62
112,lrange5,1000000,1222826.38
113,lpush5,1000000,821228.19
113,lrange5,1000000,1277343.62
114,lpush5,1000000,817713.81
114,lrange5,1000000,1242414.88
115,lpush5,1000000,831321.75
115,lrange5,1000000,1247042.38
116,lpush5,1000000,815673.75
116,lrange5,1000000,1250160.00
117,lpush5,1000000,819000.88
117,lrange5,1000000,1272305.38
118,lpush5,1000000,824415.44
118,lrange5,1000000,1222533.00
119,lpush5,1000000,821018.00
119,lrange5,1000000,1199232.62
120,lpush5,1000000,829253.75
120,lrange5,1000000,1218085.25
121,lpush5,1000000,822605.31
121,lrange5,1000000,1287001.25
122,lpush5,1000000,831414.81
122,lrange5,1000000,1206523.50
123,lpush5,1000000,762947.38
123,lrange5,1000000,1265843.00
124,lpush5,1000000,825962.06
124,lrange5,1000000,1207748.75
125,lpush5,1000000,819066.38
125,lrange5,1000000,1288742.25
126,lpush5,1000000,821228.19
126,lrange5,1000000,1242315.50
127,lpush5,1000000,834764.62
127,lrange5,1000000,1283840.88
128,lpush5,1000000,826499.12
128,lrange5,1000000,1242236.00
129,lpush5,1000000,818435.38
129,lrange5,1000000,1199251.75
130,lpush5,1000000,829888.75
130,lrange5,1000000,1246982.62
131,lpush5,1000000,822407.94
131,lrange5,1000000,1273885.25
132,lpush5,1000000,825988.44
132,lrange5,1000000,1277323.12
133,lpush5,1000000,839684.31
133,lrange5,1000000,1254725.25
134,lpush5,1000000,823111.06
134,lrange5,1000000,1209189.75
135,lpush5,1000000,820383.94
135,lrange5,1000000,1258163.50
136,lpush5,1000000,829915.31
136,lrange5,1000000,1261094.62
137,lpush5,1000000,828566.69
137,lrange5,1000000,1275612.25
138,lpush5,1000000,820344.56
138,lrange5,1000000,1267650.25
139,lpush5,1000000,832119.81
139,lrange5,1000000,1203465.75
140,lpush5,1000000,822394.75
140,lrange5,1000000,1193622.88
141,lpush5,1000000,826644.62
141,lrange5,1000000,1209402.62
142,lpush5,1000000,825293.75
142,lrange5,1000000,1184928.88
143,lpush5,1000000,826485.94
143,lrange5,1000000,1234646.88
144,lpush5,1000000,829412.94
144,lrange5,1000000,1175276.12
145,lpush5,1000000,828699.25
145,lrange5,1000000,1207922.75
146,lpush5,1000000,826618.12
146,lrange5,1000000,1198026.38
147,lpush5,1000000,832026.62
147,lrange5,1000000,1264384.25
148,lpush5,1000000,823762.75
148,lrange5,1000000,1206388.38
149,lpush5,1000000,828553.44
149,lrange5,1000000,1245429.62
150,lpush5,1000000,826538.81
150,lrange5,1000000,1250140.00
151,lpush5,1000000,837695.12
151,lrange5,1000000,1256301.50
152,lpush5,1000000,822500.00
152,lrange5,1000000,1280553.12
153,lpush5,1000000,822381.62
153,lrange5,1000000,1242395.00
154,lpush5,1000000,819210.50
154,lrange5,1000000,1250020.00
155,lpush5,1000000,823045.25
155,lrange5,1000000,1190723.88
156,lpush5,1000000,818474.62
156,lrange5,1000000,1188028.50
157,lpush5,1000000,825909.19
157,lrange5,1000000,1277404.88
158,lpush5,1000000,819881.94
158,lrange5,1000000,1242434.75
159,lpush5,1000000,828686.00
159,lrange5,1000000,1258203.75
160,lpush5,1000000,825082.50
160,lrange5,1000000,1204838.62
161,lpush5,1000000,835515.44
161,lrange5,1000000,1272305.38
162,lpush5,1000000,825843.12
162,lrange5,1000000,1262646.50
163,lpush5,1000000,828646.19
163,lrange5,1000000,1262666.62
164,lpush5,1000000,823881.38
164,lrange5,1000000,1200672.25
165,lpush5,1000000,827182.81
165,lrange5,1000000,1226993.88
166,lpush5,1000000,825095.69
166,lrange5,1000000,1193412.88
167,lpush5,1000000,827907.31
167,lrange5,1000000,1282071.88
168,lpush5,1000000,834911.56
168,lrange5,1000000,1277302.75
169,lpush5,1000000,838290.06
169,lrange5,1000000,1202057.62
170,lpush5,1000000,826591.69
170,lrange5,1000000,1253152.88
171,lpush5,1000000,823881.38
171,lrange5,1000000,1257922.00
172,lpush5,1000000,816496.31
172,lrange5,1000000,1202019.25
173,lpush5,1000000,827947.06
173,lrange5,1000000,1227052.75
174,lpush5,1000000,823775.94
174,lrange5,1000000,1282379.50
175,lpush5,1000000,825816.69
175,lrange5,1000000,1203696.75
176,lpush5,1000000,825948.81
176,lrange5,1000000,1265822.75
177,lpush5,1000000,822473.69
177,lrange5,1000000,1256422.12
178,lpush5,1000000,821083.69
178,lrange5,1000000,1203427.25
179,lpush5,1000000,821771.56
179,lrange5,1000000,1242255.88
180,lpush5,1000000,825095.69
180,lrange5,1000000,1256321.62
181,lpush5,1000000,826657.81
181,lrange5,1000000,1253353.38
182,lpush5,1000000,828566.69
182,lrange5,1000000,1196497.62
183,lpush5,1000000,825293.75
183,lrange5,1000000,1280450.62
184,lpush5,1000000,830591.38
184,lrange5,1000000,1256301.50
185,lpush5,1000000,823163.75
185,lrange5,1000000,1231546.88
186,lpush5,1000000,837681.75
186,lrange5,1000000,1287186.62
187,lpush5,1000000,822486.88
187,lrange5,1000000,1250120.00
188,lpush5,1000000,827288.69
188,lrange5,1000000,1264263.00
189,lpush5,1000000,822565.81
189,lrange5,1000000,1280409.75
190,lpush5,1000000,820423.31
190,lrange5,1000000,1189346.00
191,lpush5,1000000,829915.31
191,lrange5,1000000,1239296.12
192,lpush5,1000000,836227.44
192,lrange5,1000000,1197834.75
193,lpush5,1000000,815126.31
193,lrange5,1000000,1264343.88
194,lpush5,1000000,825856.31
194,lrange5,1000000,1196344.50
195,lpush5,1000000,825803.50
195,lrange5,1000000,1236212.62
196,lpush5,1000000,830817.25
196,lrange5,1000000,1273987.25
197,lpush5,1000000,829902.06
197,lrange5,1000000,1240873.50
198,lpush5,1000000,825856.31
198,lrange5,1000000,1280430.25
199,lpush5,1000000,819027.06
199,lrange5,1000000,1240774.25
200,lpush5,1000000,827341.62
200,lrange5,1000000,1287166.00
201,lpush5,1000000,830631.25
201,lrange5,1000000,1282071.88
202,lpush5,1000000,823775.94
202,lrange5,1000000,1203427.25
203,lpush5,1000000,815686.81
203,lrange5,1000000,1246942.62
204,lpush5,1000000,826578.50
204,lrange5,1000000,1283861.38
205,lpush5,1000000,821758.44
205,lrange5,1000000,1234666.62
206,lpush5,1000000,821031.19
206,lrange5,1000000,1288742.25
207,lpush5,1000000,821123.12
207,lrange5,1000000,1277180.12
208,lpush5,1000000,825095.69
208,lrange5,1000000,1200614.62
209,lpush5,1000000,826684.25
209,lrange5,1000000,1282051.38
210,lpush5,1000000,828606.44
210,lrange5,1000000,1242395.00
211,lpush5,1000000,826604.94
211,lrange5,1000000,1283799.75
212,lpush5,1000000,824455.00
212,lrange5,1000000,1285429.25
213,lpush5,1000000,824494.62
213,lrange5,1000000,1256462.25
214,lpush5,1000000,828540.19
214,lrange5,1000000,1269218.25
215,lpush5,1000000,832106.50
215,lrange5,1000000,1267508.25
216,lpush5,1000000,825869.56
216,lrange5,1000000,1282092.38
217,lpush5,1000000,826485.94
217,lrange5,1000000,1285408.75
218,lpush5,1000000,825174.94
218,lrange5,1000000,1253152.88
219,lpush5,1000000,826459.50
219,lrange5,1000000,1256381.88
220,lpush5,1000000,827288.69
220,lrange5,1000000,1192219.38
221,lpush5,1000000,821705.81
221,lrange5,1000000,1201980.75
222,lpush5,1000000,833359.94
222,lrange5,1000000,1199175.12
223,lpush5,1000000,823762.75
223,lrange5,1000000,1248459.38
224,lpush5,1000000,829187.44
224,lrange5,1000000,1192295.62
225,lpush5,1000000,821044.31
225,lrange5,1000000,1285429.25
226,lpush5,1000000,834028.38
226,lrange5,1000000,1200672.25
227,lpush5,1000000,817700.69
227,lrange5,1000000,1204915.62
228,lpush5,1000000,826485.94
228,lrange5,1000000,975734.69
229,lpush5,1000000,823137.44
229,lrange5,1000000,1265843.00
230,lpush5,1000000,829412.94
230,lrange5,1000000,1197815.62
231,lpush5,1000000,816378.75
231,lrange5,1000000,1202038.38
232,lpush5,1000000,832692.75
232,lrange5,1000000,1182165.50
233,lpush5,1000000,831308.44
233,lrange5,1000000,1237801.88
234,lpush5,1000000,830631.25
234,lrange5,1000000,1273926.12
235,lpush5,1000000,826565.25
235,lrange5,1000000,1264222.50
236,lpush5,1000000,828540.19
236,lrange5,1000000,1245449.62
237,lpush5,1000000,817661.44
237,lrange5,1000000,1265924.00
238,lpush5,1000000,828540.19
238,lrange5,1000000,1209209.12
239,lpush5,1000000,825306.94
239,lrange5,1000000,1272325.62
240,lpush5,1000000,830578.06
240,lrange5,1000000,1186524.38
241,lpush5,1000000,831255.25
241,lrange5,1000000,1183659.12
242,lpush5,1000000,834081.75
242,lrange5,1000000,1182335.62
243,lpush5,1000000,827235.75
243,lrange5,1000000,1280491.62
244,lpush5,1000000,827196.06
244,lrange5,1000000,1173953.00
245,lpush5,1000000,824468.25
245,lrange5,1000000,1218241.25
246,lpush5,1000000,822381.62
246,lrange5,1000000,1190609.50
247,lpush5,1000000,831295.12
247,lrange5,1000000,1275612.25
248,lpush5,1000000,819000.88
248,lrange5,1000000,1273966.88
249,lpush5,1000000,827143.12
249,lrange5,1000000,1199328.50
250,lpush5,1000000,819816.38
250,lrange5,1000000,1245449.62
251,lpush5,1000000,828579.94
251,lrange5,1000000,1242295.62
252,lpush5,1000000,821057.44
252,lrange5,1000000,1202096.12
253,lpush5,1000000,823203.25
253,lrange5,1000000,1275653.12
254,lpush5,1000000,824455.00
254,lrange5,1000000,1195125.38
255,lpush5,1000000,821811.00
255,lrange5,1000000,1261074.38
256,lpush5,1000000,819895.06
256,lrange5,1000000,1194876.88
257,lpush5,1000000,826446.25
257,lrange5,1000000,1206369.12
258,lpush5,1000000,824441.81
258,lrange5,1000000,1196267.88
259,lpush5,1000000,826538.81
259,lrange5,1000000,1280532.62
260,lpush5,1000000,819842.62
260,lrange5,1000000,1113603.50
261,lpush5,1000000,819698.31
261,lrange5,1000000,1199232.62
262,lpush5,1000000,825108.88
262,lrange5,1000000,1285367.62
263,lpush5,1000000,832013.31
263,lrange5,1000000,1199060.00
264,lpush5,1000000,825254.12
264,lrange5,1000000,1240794.00
265,lpush5,1000000,825790.25
265,lrange5,1000000,1239177.25
266,lpush5,1000000,821241.31
266,lrange5,1000000,1262626.25
267,lpush5,1000000,828672.75
267,lrange5,1000000,1272366.38
268,lpush5,1000000,825869.56
268,lrange5,1000000,1202211.50
269,lpush5,1000000,823723.25
269,lrange5,1000000,1205204.88
270,lpush5,1000000,832719.44
270,lrange5,1000000,1278936.00
271,lpush5,1000000,827814.62
271,lrange5,1000000,1254885.88
272,lpush5,1000000,828725.75
272,lrange5,1000000,1283799.75
273,lpush5,1000000,827169.56
273,lrange5,1000000,1233085.12
274,lpush5,1000000,823828.69
274,lrange5,1000000,1231684.75
275,lpush5,1000000,827814.62
275,lrange5,1000000,1253152.88
276,lpush5,1000000,818461.56
276,lrange5,1000000,1202115.38
277,lpush5,1000000,821201.94
277,lrange5,1000000,1157518.50
278,lpush5,1000000,825188.12
278,lrange5,1000000,1278956.50
279,lpush5,1000000,822579.00
279,lrange5,1000000,1267569.12
280,lpush5,1000000,825122.12
280,lrange5,1000000,1290508.38
281,lpush5,1000000,834724.56
281,lrange5,1000000,1257942.12
282,lpush5,1000000,826552.06
282,lrange5,1000000,1186676.12
283,lpush5,1000000,829875.50
283,lrange5,1000000,1186239.62
284,lpush5,1000000,817006.56
284,lrange5,1000000,1280409.75
285,lpush5,1000000,831960.06
285,lrange5,1000000,1183621.25
286,lpush5,1000000,839020.12
286,lrange5,1000000,1200806.75
287,lpush5,1000000,823762.75
287,lrange5,1000000,1204896.38
288,lpush5,1000000,829981.69
288,lrange5,1000000,1221001.25
289,lpush5,1000000,821070.56
289,lrange5,1000000,1266045.50
290,lpush5,1000000,824402.25
290,lrange5,1000000,1189212.88
291,lpush5,1000000,821070.56
291,lrange5,1000000,1182089.88
292,lpush5,1000000,828526.94
292,lrange5,1000000,1190647.62
293,lpush5,1000000,824468.25
293,lrange5,1000000,1190476.25
294,lpush5,1000000,825240.94
294,lrange5,1000000,1236252.12
295,lpush5,1000000,819053.25
295,lrange5,1000000,1178063.62
296,lpush5,1000000,830724.25
296,lrange5,1000000,1275571.50
297,lpush5,1000000,820410.19
297,lrange5,1000000,1280594.12
298,lpush5,1000000,829267.00
298,lrange5,1000000,1269076.12
299,lpush5,1000000,829213.94
299,lrange5,1000000,1262626.25
300,lpush5,1000000,828712.50
300,lrange5,1000000,1280430.25
301,lpush5,1000000,819171.19
301,lrange5,1000000,1186372.50
302,lpush5,1000000,830604.62
302,lrange5,1000000,1277159.62
303,lpush5,1000000,817071.94
303,lrange5,1000000,1192219.38
304,lpush5,1000000,829373.12
304,lrange5,1000000,1195029.88
305,lpush5,1000000,819724.56
305,lrange5,1000000,1253132.88
306,lpush5,1000000,826446.25
306,lrange5,1000000,1236113.75
307,lpush5,1000000,823111.06
307,lrange5,1000000,1196535.88
308,lpush5,1000000,824586.94
308,lrange5,1000000,1270790.38
309,lpush5,1000000,829187.44
309,lrange5,1000000,1200825.88
310,lpush5,1000000,816587.75
310,lrange5,1000000,1257901.88
311,lpush5,1000000,815726.00
311,lrange5,1000000,1267609.62
312,lpush5,1000000,831441.44
312,lrange5,1000000,1203408.00
313,lpush5,1000000,830750.81
313,lrange5,1000000,1259445.75
314,lpush5,1000000,823749.62
314,lrange5,1000000,1256341.75
315,lpush5,1000000,822605.31
315,lrange5,1000000,1283779.25
316,lpush5,1000000,826459.50
316,lrange5,1000000,1275530.62
317,lpush5,1000000,827854.31
317,lrange5,1000000,1283820.25
318,lpush5,1000000,829280.31
318,lrange5,1000000,1200614.62
319,lpush5,1000000,823723.25
319,lrange5,1000000,1196555.00
320,lpush5,1000000,823097.94
320,lrange5,1000000,1197796.50
321,lpush5,1000000,813708.75
321,lrange5,1000000,1256281.38
322,lpush5,1000000,831348.31
322,lrange5,1000000,1208096.62
323,lpush5,1000000,830724.25
323,lrange5,1000000,1272325.62
324,lpush5,1000000,825174.94
324,lrange5,1000000,1194915.12
325,lpush5,1000000,826512.38
325,lrange5,1000000,1278895.12
326,lpush5,1000000,827854.31
326,lrange5,1000000,1240714.62
327,lpush5,1000000,822407.94
327,lrange5,1000000,1202269.25
328,lpush5,1000000,810411.69
328,lrange5,1000000,1175445.38
329,lpush5,1000000,826446.25
329,lrange5,1000000,1277241.38
330,lpush5,1000000,823124.25
330,lrange5,1000000,1201980.75
331,lpush5,1000000,831308.44
331,lrange5,1000000,1265822.75
332,lpush5,1000000,810424.69
332,lrange5,1000000,1287001.25
333,lpush5,1000000,815739.00
333,lrange5,1000000,1265822.75
334,lpush5,1000000,819737.69
334,lrange5,1000000,1197662.25
335,lpush5,1000000,824402.25
335,lrange5,1000000,1275551.00
336,lpush5,1000000,825135.31
336,lrange5,1000000,1222650.38
337,lpush5,1000000,824547.38
337,lrange5,1000000,1275571.50
338,lpush5,1000000,825843.12
338,lrange5,1000000,1186543.25
339,lpush5,1000000,823176.94
339,lrange5,1000000,1285367.62
340,lpush5,1000000,829888.75
340,lrange5,1000000,1203639.00
341,lpush5,1000000,831441.44
341,lrange5,1000000,1189060.62
342,lpush5,1000000,823736.44
342,lrange5,1000000,1196593.25
343,lpush5,1000000,825122.12
343,lrange5,1000000,1253132.88
344,lpush5,1000000,826512.38
344,lrange5,1000000,1190685.75
345,lpush5,1000000,825082.50
345,lrange5,1000000,1213592.25
346,lpush5,1000000,829875.50
346,lrange5,1000000,1199251.75
347,lpush5,1000000,821705.81
347,lrange5,1000000,1253313.38
348,lpush5,1000000,813669.69
348,lrange5,1000000,1117318.50
349,lpush5,1000000,830578.06
349,lrange5,1000000,1242275.75
350,lpush5,1000000,832159.69
350,lrange5,1000000,1283738.12
351,lpush5,1000000,827960.31
351,lrange5,1000000,1173821.62
352,lpush5,1000000,836980.69
352,lrange5,1000000,1236291.75
353,lpush5,1000000,815139.38
353,lrange5,1000000,1248439.50
354,lpush5,1000000,827920.56
354,lrange5,1000000,1257922.00
355,lpush5,1000000,825763.88
355,lrange5,1000000,1272346.00
356,lpush5,1000000,825922.38
356,lrange5,1000000,1277139.25
357,lpush5,1000000,832093.19
357,lrange5,1000000,1274068.75
358,lpush5,1000000,826684.25
358,lrange5,1000000,1277221.00
359,lpush5,1000000,833399.94
359,lrange5,1000000,1272407.12
360,lpush5,1000000,829386.44
360,lrange5,1000000,1253273.25
361,lpush5,1000000,844702.69
361,lrange5,1000000,1196210.50
362,lpush5,1000000,827920.56
362,lrange5,1000000,1242275.75
363,lpush5,1000000,825122.12
363,lrange5,1000000,1237683.12
364,lpush5,1000000,821070.56
364,lrange5,1000000,1148454.62
365,lpush5,1000000,830737.56
365,lrange5,1000000,1199175.12
366,lpush5,1000000,832692.75
366,lrange5,1000000,1272508.88
367,lpush5,1000000,830684.38
367,lrange5,1000000,1228737.12
368,lpush5,1000000,828500.38
368,lrange5,1000000,1205262.62
369,lpush5,1000000,829888.75
369,lrange5,1000000,1227013.50
370,lpush5,1000000,832812.69
370,lrange5,1000000,1113603.50
371,lpush5,1000000,825320.12
371,lrange5,1000000,1213631.12
372,lpush5,1000000,828579.94
372,lrange5,1000000,1277200.50
373,lpush5,1000000,825763.88
373,lrange5,1000000,1186372.50
374,lpush5,1000000,826604.94
374,lrange5,1000000,1237782.12
375,lpush5,1000000,833533.31
375,lrange5,1000000,1197777.25
376,lpush5,1000000,834804.69
376,lrange5,1000000,1228540.50
377,lpush5,1000000,824415.44
377,lrange5,1000000,1285552.75
378,lpush5,1000000,836887.00
378,lrange5,1000000,1283861.38
379,lpush5,1000000,822486.88
379,lrange5,1000000,1246942.62
380,lpush5,1000000,830617.94
380,lrange5,1000000,1261175.25
381,lpush5,1000000,832000.00
381,lrange5,1000000,1187705.50
382,lpush5,1000000,829968.44
382,lrange5,1000000,1210808.75
383,lpush5,1000000,826512.38
383,lrange5,1000000,1213592.25
384,lpush5,1000000,832053.25
384,lrange5,1000000,1256281.38
385,lpush5,1000000,827986.81
385,lrange5,1000000,1245330.00
386,lpush5,1000000,831308.44
386,lrange5,1000000,1243980.12
387,lpush5,1000000,826525.62
387,lrange5,1000000,1190895.25
388,lpush5,1000000,825790.25
388,lrange5,1000000,1187876.50
389,lpush5,1000000,817674.56
389,lrange5,1000000,1243820.88
390,lpush5,1000000,836860.19
390,lrange5,1000000,1285552.75
391,lpush5,1000000,827341.62
391,lrange5,1000000,1248559.25
392,lpush5,1000000,819105.69
392,lrange5,1000000,1283902.50
393,lpush5,1000000,836227.44
393,lrange5,1000000,1178157.88
394,lpush5,1000000,829928.62
394,lrange5,1000000,1283697.12
395,lpush5,1000000,819053.25
395,lrange5,1000000,1189231.88
396,lpush5,1000000,822579.00
396,lrange5,1000000,1247002.50
397,lpush5,1000000,817726.88
397,lrange5,1000000,1200710.62
398,lpush5,1000000,822500.00
398,lrange5,1000000,1194972.50
399,lpush5,1000000,823097.94
399,lrange5,1000000,1280573.62
400,lpush5,1000000,824586.94
400,lrange5,1000000,1192200.25
401,lpush5,1000000,828606.44
401,lrange5,1000000,1273926.12
402,lpush5,1000000,826485.94
402,lrange5,1000000,1197758.12
403,lpush5,1000000,822434.25
403,lrange5,1000000,1113959.88
404,lpush5,1000000,822447.38
404,lrange5,1000000,1196363.62
405,lpush5,1000000,824455.00
405,lrange5,1000000,1183791.62
406,lpush5,1000000,829240.50
406,lrange5,1000000,1187838.50
407,lpush5,1000000,831308.44
407,lrange5,1000000,1251584.50
408,lpush5,1000000,826512.38
408,lrange5,1000000,1197815.62
409,lpush5,1000000,836307.69
409,lrange5,1000000,1202038.38
410,lpush5,1000000,828712.50
410,lrange5,1000000,1246962.62
411,lpush5,1000000,826459.50
411,lrange5,1000000,1269137.12
412,lpush5,1000000,821876.75
412,lrange5,1000000,1270688.75
413,lpush5,1000000,821771.56
413,lrange5,1000000,1272346.00
414,lpush5,1000000,824547.38
414,lrange5,1000000,838290.06
415,lpush5,1000000,528829.19
415,lrange5,1000000,911693.69
416,lpush5,1000000,830008.25
416,lrange5,1000000,1224107.75
417,lpush5,1000000,827129.88
417,lrange5,1000000,1282153.88
418,lpush5,1000000,827288.69
418,lrange5,1000000,1290322.62
419,lpush5,1000000,827169.56
419,lrange5,1000000,1175219.75
420,lpush5,1000000,832692.75
420,lrange5,1000000,1199462.88
421,lpush5,1000000,832692.75
421,lrange5,1000000,1203369.50
422,lpush5,1000000,832053.25
422,lrange5,1000000,1205204.88
423,lpush5,1000000,833506.62
423,lrange5,1000000,1262626.25
424,lpush5,1000000,823045.25
424,lrange5,1000000,1283758.75
425,lpush5,1000000,826618.12
425,lrange5,1000000,1270729.38
426,lpush5,1000000,818500.81
426,lrange5,1000000,1283881.88
427,lpush5,1000000,827182.81
427,lrange5,1000000,1278833.75
428,lpush5,1000000,821745.25
428,lrange5,1000000,1231586.25
429,lpush5,1000000,823775.94
429,lrange5,1000000,1257901.88
430,lpush5,1000000,825148.50
430,lrange5,1000000,1282236.00
431,lpush5,1000000,823176.94
431,lrange5,1000000,1282256.50
432,lpush5,1000000,823269.12
432,lrange5,1000000,1285347.00
433,lpush5,1000000,826578.50
433,lrange5,1000000,1203562.00
434,lpush5,1000000,832652.81
434,lrange5,1000000,1275714.38
435,lpush5,1000000,819763.94
435,lrange5,1000000,1280573.62
436,lpush5,1000000,829875.50
436,lrange5,1000000,1261215.62
437,lpush5,1000000,830671.12
437,lrange5,1000000,1287124.88
438,lpush5,1000000,827235.75
438,lrange5,1000000,1282092.38
439,lpush5,1000000,821732.12
439,lrange5,1000000,1287104.25
440,lpush5,1000000,830578.06
440,lrange5,1000000,1202250.00
441,lpush5,1000000,825763.88
441,lrange5,1000000,1285388.12
442,lpush5,1000000,820462.69
442,lrange5,1000000,1283923.00
443,lpush5,1000000,832159.69
443,lrange5,1000000,1279058.88
444,lpush5,1000000,827854.31
444,lrange5,1000000,1199462.88
445,lpush5,1000000,819013.94
445,lrange5,1000000,1240794.00
446,lpush5,1000000,827196.06
446,lrange5,1000000,1270709.00
447,lpush5,1000000,823255.94
447,lrange5,1000000,1285347.00
448,lpush5,1000000,827907.31
448,lrange5,1000000,1283697.12
449,lpush5,1000000,827222.50
449,lrange5,1000000,1259667.50
450,lpush5,1000000,815139.38
450,lrange5,1000000,1259506.25
451,lpush5,1000000,821719.00
451,lrange5,1000000,1205012.12
452,lpush5,1000000,823071.56
452,lrange5,1000000,1197681.50
453,lpush5,1000000,825214.50
453,lrange5,1000000,1282153.88
454,lpush5,1000000,828606.44
454,lrange5,1000000,1222513.38
455,lpush5,1000000,822381.62
455,lrange5,1000000,1184853.12
456,lpush5,1000000,827288.69
456,lrange5,1000000,1270709.00
457,lpush5,1000000,830644.50
457,lrange5,1000000,1254765.38
458,lpush5,1000000,827209.25
458,lrange5,1000000,1240714.62
459,lpush5,1000000,833413.31
459,lrange5,1000000,1218065.75
460,lpush5,1000000,832865.94
460,lrange5,1000000,1282236.00
461,lpush5,1000000,821228.19
461,lrange5,1000000,1228638.75
462,lpush5,1000000,825135.31
462,lrange5,1000000,1275530.62
463,lpush5,1000000,817674.56
463,lrange5,1000000,1248579.25
464,lpush5,1000000,829227.19
464,lrange5,1000000,1277282.25
465,lpush5,1000000,829995.00
465,lrange5,1000000,1250180.00
466,lpush5,1000000,827854.31
466,lrange5,1000000,1084685.50
467,lpush5,1000000,831441.44
467,lrange5,1000000,1285347.00
468,lpush5,1000000,828712.50
468,lrange5,1000000,1197624.00
469,lpush5,1000000,831308.44
469,lrange5,1000000,1227150.88
470,lpush5,1000000,843210.81
470,lrange5,1000000,1233085.12
471,lpush5,1000000,832639.50
471,lrange5,1000000,1269035.50
472,lpush5,1000000,824481.44
472,lrange5,1000000,1243801.00
473,lpush5,1000000,822552.69
473,lrange5,1000000,1174065.75
474,lpush5,1000000,828659.50
474,lrange5,1000000,1236173.00
475,lpush5,1000000,825882.75
475,lrange5,1000000,1277180.12
476,lpush5,1000000,816993.50
476,lrange5,1000000,1203408.00
477,lpush5,1000000,822486.88
477,lrange5,1000000,1269116.75
478,lpush5,1000000,835475.31
478,lrange5,1000000,1270688.75
479,lpush5,1000000,831255.25
479,lrange5,1000000,1196593.25
480,lpush5,1000000,841818.19
480,lrange5,1000000,1237801.88
481,lpush5,1000000,830021.56
481,lrange5,1000000,1264222.50
482,lpush5,1000000,831295.12
482,lrange5,1000000,1191971.38
483,lpush5,1000000,831428.12
483,lrange5,1000000,1253132.88
484,lpush5,1000000,825188.12
484,lrange5,1000000,1222533.00
485,lpush5,1000000,826644.62
485,lrange5,1000000,1237663.38
486,lpush5,1000000,825108.88
486,lrange5,1000000,1196210.50
487,lpush5,1000000,825135.31
487,lrange5,1000000,1168355.12
488,lpush5,1000000,821031.19
488,lrange5,1000000,1267630.00
489,lpush5,1000000,836120.44
489,lrange5,1000000,1195068.12
490,lpush5,1000000,826499.12
490,lrange5,1000000,1257922.00
491,lpush5,1000000,832639.50
491,lrange5,1000000,1269258.88
492,lpush5,1000000,825095.69
492,lrange5,1000000,1258002.50
493,lpush5,1000000,838477.81
493,lrange5,1000000,1202307.62
494,lpush5,1000000,825816.69
494,lrange5,1000000,1273926.12
495,lpush5,1000000,832719.44
495,lrange5,1000000,1221079.38
496,lpush5,1000000,823111.06
496,lrange5,1000000,1243960.12
497,lpush5,1000000,828712.50
497,lrange5,1000000,1200787.50
498,lpush5,1000000,835649.12
498,lrange5,1000000,1285367.62
499,lpush5,1000000,824481.44
499,lrange5,1000000,1243820.88
500,lpush5,1000000,829187.44
500,lrange5,1000000,1261054.25
501,lpush5,1000000,825240.94
501,lrange5,1000000,1231862.12
502,lpush5,1000000,823071.56
502,lrange5,1000000,1250000.00
503,lpush5,1000000,822579.00
503,lrange5,1000000,1207806.75
504,lpush5,1000000,818343.69
504,lrange5,1000000,1285470.50
505,lpush5,1000000,826446.25
505,lrange5,1000000,1193489.25
506,lpush5,1000000,823045.25
506,lrange5,1000000,1206562.12
507,lpush5,1000000,834778.00
507,lrange5,1000000,1207787.38
508,lpush5,1000000,819711.44
508,lrange5,1000000,1191914.25
509,lpush5,1000000,826525.62
509,lrange5,1000000,1236173.00
510,lpush5,1000000,827169.56
510,lrange5,1000000,1285573.25
511,lpush5,1000000,832106.50
511,lrange5,1000000,1202096.12
512,lpush5,1000000,823124.25
512,lrange5,1000000,1250180.00
513,lpush5,1000000,818513.94
513,lrange5,1000000,1275530.62
514,lpush5,1000000,832772.69
514,lrange5,1000000,1282236.00
515,lpush5,1000000,819711.44
515,lrange5,1000000,1245489.50
516,lpush5,1000000,821745.25
516,lrange5,1000000,1267488.00
517,lpush5,1000000,826512.38
517,lrange5,1000000,1280573.62
518,lpush5,1000000,831986.69
518,lrange5,1000000,1280512.12
519,lpush5,1000000,825935.62
519,lrange5,1000000,1193355.62
520,lpush5,1000000,821228.19
520,lrange5,1000000,1272366.38
521,lpush5,1000000,835568.88
521,lrange5,1000000,1283738.12
522,lpush5,1000000,825869.56
522,lrange5,1000000,928594.25
523,lpush5,1000000,823762.75
523,lrange5,1000000,1213592.25
524,lpush5,1000000,825843.12
524,lrange5,1000000,1265863.25
525,lpush5,1000000,829267.00
525,lrange5,1000000,1278813.25
526,lpush5,1000000,833373.31
526,lrange5,1000000,1272285.00
527,lpush5,1000000,821692.69
527,lrange5,1000000,1277261.88
528,lpush5,1000000,820488.94
528,lrange5,1000000,1282236.00
529,lpush5,1000000,824415.44
529,lrange5,1000000,1216545.00
530,lpush5,1000000,829875.50
530,lrange5,1000000,1282133.38
531,lpush5,1000000,830087.94
531,lrange5,1000000,1269157.38
532,lpush5,1000000,819816.38
532,lrange5,1000000,1280409.75
533,lpush5,1000000,811688.31
533,lrange5,1000000,1202038.38
534,lpush5,1000000,821083.69
534,lrange5,1000000,1283758.75
535,lpush5,1000000,821031.19
535,lrange5,1000000,1278915.62
536,lpush5,1000000,821096.81
536,lrange5,1000000,1280532.62
537,lpush5,1000000,824415.44
537,lrange5,1000000,1267467.75
538,lpush5,1000000,826552.06
538,lrange5,1000000,1280594.12
539,lpush5,1000000,819724.56
539,lrange5,1000000,1273946.50
540,lpush5,1000000,824600.12
540,lrange5,1000000,1264263.00
541,lpush5,1000000,827880.81
541,lrange5,1000000,879507.50
542,lpush5,1000000,754159.88
542,lrange5,1000000,1183715.88
543,lpush5,1000000,817202.62
543,lrange5,1000000,1190476.25
544,lpush5,1000000,827235.75
544,lrange5,1000000,1245489.50
545,lpush5,1000000,821057.44
545,lrange5,1000000,1176677.62
546,lpush5,1000000,829200.69
546,lrange5,1000000,1173934.25
547,lpush5,1000000,822552.69
547,lrange5,1000000,1269055.88
548,lpush5,1000000,827143.12
548,lrange5,1000000,1234785.12
549,lpush5,1000000,817700.69
549,lrange5,1000000,1121309.38
550,lpush5,1000000,827288.69
550,lrange5,1000000,1270851.38
551,lpush5,1000000,752626.06
551,lrange5,1000000,1228560.12
552,lpush5,1000000,828500.38
552,lrange5,1000000,1278977.00
553,lpush5,1000000,826459.50
553,lrange5,1000000,1285408.75
554,lpush5,1000000,828632.94
554,lrange5,1000000,1212160.00
555,lpush5,1000000,825174.94
555,lrange5,1000000,1191990.50
556,lpush5,1000000,833399.94
556,lrange5,1000000,1237683.12
557,lpush5,1000000,823150.62
557,lrange5,1000000,1202057.62
558,lpush5,1000000,826525.62
558,lrange5,1000000,1264263.00
559,lpush5,1000000,830048.12
559,lrange5,1000000,1261155.12
560,lpush5,1000000,820502.06
560,lrange5,1000000,1282133.38
561,lpush5,1000000,821745.25
561,lrange5,1000000,1285388.12
562,lpush5,1000000,826604.94
562,lrange5,1000000,1199194.25
563,lpush5,1000000,825161.69
563,lrange5,1000000,1199309.38
564,lpush5,1000000,825214.50
564,lrange5,1000000,1287021.88
565,lpush5,1000000,821745.25
565,lrange5,1000000,1205204.88
566,lpush5,1000000,824415.44
566,lrange5,1000000,1272447.88
567,lpush5,1000000,837574.56
567,lrange5,1000000,1278813.25
568,lpush5,1000000,819842.62
568,lrange5,1000000,1213592.25
569,lpush5,1000000,825777.06
569,lrange5,1000000,1236232.38
570,lpush5,1000000,830617.94
570,lrange5,1000000,1269299.50
571,lpush5,1000000,827867.56
571,lrange5,1000000,1275510.25
572,lpush5,1000000,821018.00
572,lrange5,1000000,1202326.88
573,lpush5,1000000,821215.06
573,lrange5,1000000,1246882.88
574,lpush5,1000000,819000.88
574,lrange5,1000000,1251744.62
575,lpush5,1000000,825108.88
575,lrange5,1000000,1207980.62
576,lpush5,1000000,821771.56
576,lrange5,1000000,1212257.00
577,lpush5,1000000,829346.62
577,lrange5,1000000,1196574.12
578,lpush5,1000000,825135.31
578,lrange5,1000000,1203485.00
579,lpush5,1000000,824441.81
579,lrange5,1000000,1204992.75
580,lpush5,1000000,833333.31
580,lrange5,1000000,1261074.38
581,lpush5,1000000,819881.94
581,lrange5,1000000,1163162.75
582,lpush5,1000000,817713.81
582,lrange5,1000000,1246962.62
583,lpush5,1000000,815869.50
583,lrange5,1000000,1206427.00
584,lpush5,1000000,827854.31
584,lrange5,1000000,1227013.50
585,lpush5,1000000,838223.00
585,lrange5,1000000,1275510.25
586,lpush5,1000000,825843.12
586,lrange5,1000000,1212121.25
587,lpush5,1000000,830564.81
587,lrange5,1000000,1240734.50
588,lpush5,1000000,823723.25
588,lrange5,1000000,1274089.12
589,lpush5,1000000,819092.56
589,lrange5,1000000,1221040.25
590,lpush5,1000000,821083.69
590,lrange5,1000000,1273966.88
591,lpush5,1000000,826485.94
591,lrange5,1000000,1270648.00
592,lpush5,1000000,825108.88
592,lrange5,1000000,1267630.00
593,lpush5,1000000,829213.94
593,lrange5,1000000,1185175.38
594,lpush5,1000000,829267.00
594,lrange5,1000000,1273946.50
595,lpush5,1000000,825816.69
595,lrange5,1000000,1224009.88
596,lpush5,1000000,830737.56
596,lrange5,1000000,1272346.00
597,lpush5,1000000,826538.81
597,lrange5,1000000,1279017.88
598,lpush5,1000000,834175.12
598,lrange5,1000000,1194762.25
599,lpush5,1000000,822565.81
599,lrange5,1000000,1277384.38
600,lpush5,1000000,836120.44
600,lrange5,1000000,1278997.38
601,lpush5,1000000,836187.31
601,lrange5,1000000,1277180.12
602,lpush5,1000000,827854.31
602,lrange5,1000000,1280573.62
603,lpush5,1000000,836200.69
603,lrange5,1000000,1230032.00
604,lpush5,1000000,836334.44
604,lrange5,1000000,1066098.00
605,lpush5,1000000,823775.94
605,lrange5,1000000,1269055.88
606,lpush5,1000000,828553.44
606,lrange5,1000000,1275612.25
607,lpush5,1000000,839711.19
607,lrange5,1000000,1184947.88
608,lpush5,1000000,827288.69
608,lrange5,1000000,1222689.50
609,lpush5,1000000,832026.62
609,lrange5,1000000,1203465.75
610,lpush5,1000000,832666.12
610,lrange5,1000000,1280430.25
611,lpush5,1000000,832000.00
611,lrange5,1000000,1165799.50
612,lpush5,1000000,831946.75
612,lrange5,1000000,1265822.75
613,lpush5,1000000,823762.75
613,lrange5,1000000,1253333.38
614,lpush5,1000000,827880.81
614,lrange5,1000000,1234587.62
615,lpush5,1000000,819079.50
615,lrange5,1000000,1287104.25
616,lpush5,1000000,841096.69
616,lrange5,1000000,1245409.75
617,lpush5,1000000,825082.50
617,lrange5,1000000,1218104.75
618,lpush5,1000000,836280.94
618,lrange5,1000000,1269137.12
619,lpush5,1000000,821771.56
619,lrange5,1000000,1237801.88
620,lpush5,1000000,833399.94
620,lrange5,1000000,1275612.25
621,lpush5,1000000,825095.69
621,lrange5,1000000,1261034.12
622,lpush5,1000000,834028.38
622,lrange5,1000000,1194781.38
623,lpush5,1000000,822368.44
623,lrange5,1000000,1202000.00
624,lpush5,1000000,826446.25
624,lrange5,1000000,1285449.88
625,lpush5,1000000,819698.31
625,lrange5,1000000,1278956.50
626,lpush5,1000000,817674.56
626,lrange5,1000000,1277139.25
627,lpush5,1000000,821705.81
627,lrange5,1000000,1239197.00
628,lpush5,1000000,822394.75
628,lrange5,1000000,1253293.25
629,lpush5,1000000,827143.12
629,lrange5,1000000,1243980.12
630,lpush5,1000000,831295.12
630,lrange5,1000000,1283881.88
631,lpush5,1000000,823960.50
631,lrange5,1000000,1264404.50
632,lpush5,1000000,814345.25
632,lrange5,1000000,1197719.75
633,lpush5,1000000,819763.94
633,lrange5,1000000,1209325.25
634,lpush5,1000000,830578.06
634,lrange5,1000000,1270770.00
635,lpush5,1000000,823097.94
635,lrange5,1000000,1240734.50
636,lpush5,1000000,827880.81
636,lrange5,1000000,1287042.50
637,lpush5,1000000,823295.44
637,lrange5,1000000,1256442.25
638,lpush5,1000000,824468.25
638,lrange5,1000000,1275510.25
639,lpush5,1000000,824507.81
639,lrange5,1000000,1265924.00
640,lpush5,1000000,827920.56
640,lrange5,1000000,1267670.50
641,lpush5,1000000,822592.12
641,lrange5,1000000,1264343.88
642,lpush5,1000000,821732.12
642,lrange5,1000000,1283738.12
643,lpush5,1000000,829439.50
643,lrange5,1000000,1248599.25
644,lpush5,1000000,823045.25
644,lrange5,1000000,1237663.38
645,lpush5,1000000,826578.50
645,lrange5,1000000,1287083.62
646,lpush5,1000000,828553.44
646,lrange5,1000000,1283840.88
647,lpush5,1000000,827235.75
647,lrange5,1000000,1198026.38
648,lpush5,1000000,828632.94
648,lrange5,1000000,1272407.12
649,lpush5,1000000,827841.12
649,lrange5,1000000,1197853.88
650,lpush5,1000000,828619.69
650,lrange5,1000000,1272488.50
651,lpush5,1000000,832786.00
651,lrange5,1000000,1282236.00
652,lpush5,1000000,836940.56
652,lrange5,1000000,1277180.12
653,lpush5,1000000,838370.50
653,lrange5,1000000,1183734.88
654,lpush5,1000000,821018.00
654,lrange5,1000000,1274089.12
655,lpush5,1000000,832106.50
655,lrange5,1000000,1285511.62
656,lpush5,1000000,833346.62
656,lrange5,1000000,1254745.25
657,lpush5,1000000,832865.94
657,lrange5,1000000,1243801.00
658,lpush5,1000000,822421.06
658,lrange5,1000000,1259445.75
659,lpush5,1000000,822421.06
659,lrange5,1000000,1280430.25
660,lpush5,1000000,834081.75
660,lrange5,1000000,1200480.12
661,lpush5,1000000,834068.38
661,lrange5,1000000,1283717.62
662,lpush5,1000000,827129.88
662,lrange5,1000000,1195144.50
663,lpush5,1000000,836833.44
663,lrange5,1000000,1265944.25
664,lpush5,1000000,832106.50
664,lrange5,1000000,1199213.50
665,lpush5,1000000,828606.44
665,lrange5,1000000,1285367.62
666,lpush5,1000000,833413.31
666,lrange5,1000000,1262727.25
667,lpush5,1000000,822473.69
667,lrange5,1000000,1290322.62
668,lpush5,1000000,825909.19
668,lrange5,1000000,1192066.75
669,lpush5,1000000,834028.38
669,lrange5,1000000,1247022.50
670,lpush5,1000000,828593.19
670,lrange5,1000000,1280614.62
671,lpush5,1000000,821070.56
671,lrange5,1000000,1194743.12
672,lpush5,1000000,825148.50
672,lrange5,1000000,1256422.12
673,lpush5,1000000,826446.25
673,lrange5,1000000,1278813.25
674,lpush5,1000000,819724.56
674,lrange5,1000000,1250040.00
675,lpush5,1000000,831308.44
675,lrange5,1000000,1270668.38
676,lpush5,1000000,825777.06
676,lrange5,1000000,1278833.75
677,lpush5,1000000,828513.69
677,lrange5,1000000,1246882.88
678,lpush5,1000000,819013.94
678,lrange5,1000000,1267528.50
679,lpush5,1000000,821811.00
679,lrange5,1000000,1215241.75
680,lpush5,1000000,821018.00
680,lrange5,1000000,1242375.12
681,lpush5,1000000,821228.19
681,lrange5,1000000,1240873.50
682,lpush5,1000000,827249.00
682,lrange5,1000000,1245389.88
683,lpush5,1000000,828606.44
683,lrange5,1000000,1200672.25
684,lpush5,1000000,821031.19
684,lrange5,1000000,1205031.38
685,lpush5,1000000,827960.31
685,lrange5,1000000,1197758.12
686,lpush5,1000000,825122.12
686,lrange5,1000000,1285388.12
687,lpush5,1000000,834188.50
687,lrange5,1000000,1265863.25
688,lpush5,1000000,828039.75
688,lrange5,1000000,1283738.12
689,lpush5,1000000,832652.81
689,lrange5,1000000,1290405.25
690,lpush5,1000000,821758.44
690,lrange5,1000000,1250160.00
691,lpush5,1000000,825280.50
691,lrange5,1000000,1287021.88
692,lpush5,1000000,824613.31
692,lrange5,1000000,1164293.38
693,lpush5,1000000,821031.19
693,lrange5,1000000,1196248.75
694,lpush5,1000000,824441.81
694,lrange5,1000000,1195010.75
695,lpush5,1000000,834241.88
695,lrange5,1000000,1195144.50
696,lpush5,1000000,815791.25
696,lrange5,1000000,1179264.12
697,lpush5,1000000,819672.12
697,lrange5,1000000,1196440.12
698,lpush5,1000000,827156.31
698,lrange5,1000000,1196574.12
699,lpush5,1000000,825214.50
699,lrange5,1000000,1254785.50
700,lpush5,1000000,828593.19
700,lrange5,1000000,1259486.12
701,lpush5,1000000,828000.06
701,lrange5,1000000,1233065.38
702,lpush5,1000000,834135.12
702,lrange5,1000000,1186353.50
703,lpush5,1000000,832079.88
703,lrange5,1000000,1273926.12
704,lpush5,1000000,827947.06
704,lrange5,1000000,1272346.00
705,lpush5,1000000,834028.38
705,lrange5,1000000,1239177.25
706,lpush5,1000000,834148.44
706,lrange5,1000000,1267427.12
707,lpush5,1000000,833373.31
707,lrange5,1000000,1275693.88
708,lpush5,1000000,829280.31
708,lrange5,1000000,1278813.25
709,lpush5,1000000,827129.88
709,lrange5,1000000,1223990.25
710,lpush5,1000000,838979.81
710,lrange5,1000000,1280409.75
711,lpush5,1000000,833346.62
711,lrange5,1000000,1259586.88
712,lpush5,1000000,830087.94
712,lrange5,1000000,1242434.75
713,lpush5,1000000,825869.56
713,lrange5,1000000,1228501.25
714,lpush5,1000000,830724.25
714,lrange5,1000000,1282071.88
715,lpush5,1000000,829346.62
715,lrange5,1000000,1254705.12
716,lpush5,1000000,824573.75
716,lrange5,1000000,1272346.00
717,lpush5,1000000,834121.75
717,lrange5,1000000,1251684.62
718,lpush5,1000000,835462.00
718,lrange5,1000000,1247002.50
719,lpush5,1000000,827827.88
719,lrange5,1000000,1254725.25
720,lpush5,1000000,831321.75
720,lrange5,1000000,1270749.62
721,lpush5,1000000,830564.81
721,lrange5,1000000,1261054.25
722,lpush5,1000000,825254.12
722,lrange5,1000000,1280553.12
723,lpush5,1000000,825935.62
723,lrange5,1000000,1248479.38
724,lpush5,1000000,825227.69
724,lrange5,1000000,1193546.50
725,lpush5,1000000,840389.88
725,lrange5,1000000,1189231.88
726,lpush5,1000000,829399.69
726,lrange5,1000000,1269198.00
727,lpush5,1000000,829968.44
727,lrange5,1000000,1266045.50
728,lpush5,1000000,834844.75
728,lrange5,1000000,1200614.62
729,lpush5,1000000,835421.88
729,lrange5,1000000,1254825.62
730,lpush5,1000000,837695.12
730,lrange5,1000000,1197739.00
731,lpush5,1000000,826446.25
731,lrange5,1000000,1256361.75
732,lpush5,1000000,838993.25
732,lrange5,1000000,1277200.50
733,lpush5,1000000,839751.50
733,lrange5,1000000,1196287.00
734,lpush5,1000000,829200.69
734,lrange5,1000000,1283717.62
735,lpush5,1000000,822394.75
735,lrange5,1000000,1283779.25
736,lpush5,1000000,827920.56
736,lrange5,1000000,1258103.12
737,lpush5,1000000,826604.94
737,lrange5,1000000,1287145.38
738,lpush5,1000000,841096.69
738,lrange5,1000000,1221020.75
739,lpush5,1000000,828553.44
739,lrange5,1000000,1270648.00
740,lpush5,1000000,829915.31
740,lrange5,1000000,1259506.25
741,lpush5,1000000,827814.62
741,lrange5,1000000,1154845.25
742,lpush5,1000000,833426.62
742,lrange5,1000000,1239276.38
743,lpush5,1000000,826446.25
743,lrange5,1000000,1265863.25
744,lpush5,1000000,820554.56
744,lrange5,1000000,1277139.25
745,lpush5,1000000,828540.19
745,lrange5,1000000,1197911.38
746,lpush5,1000000,825254.12
746,lrange5,1000000,1200499.38
747,lpush5,1000000,829240.50
747,lrange5,1000000,1199328.50
748,lpush5,1000000,832692.75
748,lrange5,1000000,1197719.75
749,lpush5,1000000,829888.75
749,lrange5,1000000,1288783.50
750,lpush5,1000000,839738.06
750,lrange5,1000000,1204935.00
751,lpush5,1000000,819000.88
751,lrange5,1000000,1234745.62
752,lpush5,1000000,827235.75
752,lrange5,1000000,1205147.00
753,lpush5,1000000,817045.75
753,lrange5,1000000,1203388.75
754,lpush5,1000000,821771.56
754,lrange5,1000000,1259486.12
755,lpush5,1000000,827129.88
755,lrange5,1000000,1285367.62
756,lpush5,1000000,819131.88
756,lrange5,1000000,898716.94
757,lpush5,1000000,831361.62
757,lrange5,1000000,1196172.25
758,lpush5,1000000,827222.50
758,lrange5,1000000,1282092.38
759,lpush5,1000000,821136.25
759,lrange5,1000000,1210731.25
760,lpush5,1000000,827960.31
760,lrange5,1000000,1246982.62
761,lpush5,1000000,824600.12
761,lrange5,1000000,1270810.62
762,lpush5,1000000,828540.19
762,lrange5,1000000,1262808.12
763,lpush5,1000000,826565.25
763,lrange5,1000000,1233164.00
764,lpush5,1000000,827182.81
764,lrange5,1000000,1240913.12
765,lpush5,1000000,829200.69
765,lrange5,1000000,1287166.00
766,lpush5,1000000,833399.94
766,lrange5,1000000,1285347.00
767,lpush5,1000000,820515.19
767,lrange5,1000000,1237881.12
768,lpush5,1000000,828646.19
768,lrange5,1000000,1224166.50
769,lpush5,1000000,814332.19
769,lrange5,1000000,1270851.38
770,lpush5,1000000,818461.56
770,lrange5,1000000,1283738.12
771,lpush5,1000000,826459.50
771,lrange5,1000000,1270688.75
772,lpush5,1000000,825082.50
772,lrange5,1000000,1283820.25
773,lpush5,1000000,827235.75
773,lrange5,1000000,1283758.75
774,lpush5,1000000,825095.69
774,lrange5,1000000,1159156.50
775,lpush5,1000000,821018.00
775,lrange5,1000000,1270912.38
776,lpush5,1000000,831960.06
776,lrange5,1000000,1259486.12
777,lpush5,1000000,831321.75
777,lrange5,1000000,1246902.75
778,lpush5,1000000,831321.75
778,lrange5,1000000,1280573.62
779,lpush5,1000000,827973.56
779,lrange5,1000000,1203619.75
780,lpush5,1000000,824455.00
780,lrange5,1000000,1203735.25
781,lpush5,1000000,821149.38
781,lrange5,1000000,1283820.25
782,lpush5,1000000,823736.44
782,lrange5,1000000,1195125.38
783,lpush5,1000000,829968.44
783,lrange5,1000000,1199386.12
784,lpush5,1000000,815191.50
784,lrange5,1000000,1239395.38
785,lpush5,1000000,831361.62
785,lrange5,1000000,1280573.62
786,lpush5,1000000,826578.50
786,lrange5,1000000,1261074.38
787,lpush5,1000000,827129.88
787,lrange5,1000000,1282194.88
788,lpush5,1000000,821850.44
788,lrange5,1000000,1195087.25
789,lpush5,1000000,834188.50
789,lrange5,1000000,1267447.50
790,lpush5,1000000,835542.19
790,lrange5,1000000,1262666.62
791,lpush5,1000000,826459.50
791,lrange5,1000000,1196287.00
792,lpush5,1000000,824415.44
792,lrange5,1000000,1282071.88
793,lpush5,1000000,831361.62
793,lrange5,1000000,1237782.12
794,lpush5,1000000,825148.50
794,lrange5,1000000,1240734.50
795,lpush5,1000000,829981.69
795,lrange5,1000000,1257881.75
796,lpush5,1000000,821123.12
796,lrange5,1000000,1274170.62
797,lpush5,1000000,827986.81
797,lrange5,1000000,1197624.00
798,lpush5,1000000,823855.06
798,lrange5,1000000,1234627.12
799,lpush5,1000000,827249.00
799,lrange5,1000000,1253313.38
800,lpush5,1000000,818330.62
800,lrange5,1000000,1194896.00
801,lpush5,1000000,826499.12
801,lrange5,1000000,1272468.12
802,lpush5,1000000,819685.25
802,lrange5,1000000,1199251.75
803,lpush5,1000000,830671.12
803,lrange5,1000000,1267508.25
804,lpush5,1000000,824534.19
804,lrange5,1000000,1234627.12
805,lpush5,1000000,829412.94
805,lrange5,1000000,1243781.12
806,lpush5,1000000,821771.56
806,lrange5,1000000,1259486.12
807,lpush5,1000000,825856.31
807,lrange5,1000000,1203388.75
808,lpush5,1000000,823097.94
808,lrange5,1000000,1282112.88
809,lpush5,1000000,827907.31
809,lrange5,1000000,1275653.12
810,lpush5,1000000,830617.94
810,lrange5,1000000,1144201.38
811,lpush5,1000000,834095.06
811,lrange5,1000000,1186296.62
812,lpush5,1000000,834175.12
812,lrange5,1000000,1251624.50
813,lpush5,1000000,831348.31
813,lrange5,1000000,1239157.38
814,lpush5,1000000,830790.69
814,lrange5,1000000,1278956.50
815,lpush5,1000000,834095.06
815,lrange5,1000000,1253253.12
816,lpush5,1000000,828540.19
816,lrange5,1000000,1188066.50
817,lpush5,1000000,835435.25
817,lrange5,1000000,1257881.75
818,lpush5,1000000,820515.19
818,lrange5,1000000,1200518.62
819,lpush5,1000000,823084.75
819,lrange5,1000000,1193393.75
820,lpush5,1000000,824600.12
820,lrange5,1000000,1200499.38
821,lpush5,1000000,822381.62
821,lrange5,1000000,1190533.38
822,lpush5,1000000,827169.56
822,lrange5,1000000,1196248.75
823,lpush5,1000000,832812.69
823,lrange5,1000000,1199117.50
824,lpush5,1000000,825267.31
824,lrange5,1000000,1254765.38
825,lpush5,1000000,817228.75
825,lrange5,1000000,1273946.50
826,lpush5,1000000,831268.50
826,lrange5,1000000,1190628.62
827,lpush5,1000000,818356.81
827,lrange5,1000000,1230012.25
828,lpush5,1000000,827275.44
828,lrange5,1000000,1230189.38
829,lpush5,1000000,816417.94
829,lrange5,1000000,1242255.88
830,lpush5,1000000,831295.12
830,lrange5,1000000,1253173.00
831,lpush5,1000000,816444.06
831,lrange5,1000000,1200633.88
832,lpush5,1000000,827354.88
832,lrange5,1000000,1280573.62
833,lpush5,1000000,822368.44
833,lrange5,1000000,1277384.38
834,lpush5,1000000,832772.69
834,lrange5,1000000,1278895.12
835,lpush5,1000000,823176.94
835,lrange5,1000000,1245389.88
836,lpush5,1000000,829915.31
836,lrange5,1000000,1197873.12
837,lpush5,1000000,819790.12
837,lrange5,1000000,1280553.12
838,lpush5,1000000,819698.31
838,lrange5,1000000,1239157.38
839,lpush5,1000000,824441.81
839,lrange5,1000000,1259486.12
840,lpush5,1000000,829346.62
840,lrange5,1000000,1196191.38
841,lpush5,1000000,823163.75
841,lrange5,1000000,1265883.50
842,lpush5,1000000,826446.25
842,lrange5,1000000,1274089.12
843,lpush5,1000000,816391.81
843,lrange5,1000000,1199462.88
844,lpush5,1000000,832826.00
844,lrange5,1000000,1192200.25
845,lpush5,1000000,821162.50
845,lrange5,1000000,1203773.75
846,lpush5,1000000,827143.12
846,lrange5,1000000,1273905.75
847,lpush5,1000000,821811.00
847,lrange5,1000000,1251624.50
848,lpush5,1000000,823749.62
848,lrange5,1000000,1153587.12
849,lpush5,1000000,822368.44
849,lrange5,1000000,1253433.62
850,lpush5,1000000,835609.00
850,lrange5,1000000,1285367.62
851,lpush5,1000000,825135.31
851,lrange5,1000000,1277241.38
852,lpush5,1000000,830578.06
852,lrange5,1000000,1243920.38
853,lpush5,1000000,824468.25
853,lrange5,1000000,1287083.62
854,lpush5,1000000,826499.12
854,lrange5,1000000,1278854.25
855,lpush5,1000000,825293.75
855,lrange5,1000000,1070818.00
856,lpush5,1000000,832799.38
856,lrange5,1000000,1264404.50
857,lpush5,1000000,827814.62
857,lrange5,1000000,1256301.50
858,lpush5,1000000,829359.88
858,lrange5,1000000,1280430.25
859,lpush5,1000000,831986.69
859,lrange5,1000000,1275530.62
860,lpush5,1000000,827867.56
860,lrange5,1000000,1256361.75
861,lpush5,1000000,827196.06
861,lrange5,1000000,1275653.12
862,lpush5,1000000,822500.00
862,lrange5,1000000,1196306.12
863,lpush5,1000000,844810.81
863,lrange5,1000000,1287166.00
864,lpush5,1000000,828553.44
864,lrange5,1000000,1247102.25
865,lpush5,1000000,831308.44
865,lrange5,1000000,1288659.75
866,lpush5,1000000,819803.25
866,lrange5,1000000,1192066.75
867,lpush5,1000000,830631.25
867,lrange5,1000000,1272386.75
868,lpush5,1000000,826604.94
868,lrange5,1000000,1256442.25
869,lpush5,1000000,834028.38
869,lrange5,1000000,1239216.88
870,lpush5,1000000,834095.06
870,lrange5,1000000,1270831.00
871,lpush5,1000000,828566.69
871,lrange5,1000000,1269096.50
872,lpush5,1000000,830578.06
872,lrange5,1000000,1236232.38
873,lpush5,1000000,827907.31
873,lrange5,1000000,1278936.00
874,lpush5,1000000,828725.75
874,lrange5,1000000,1242255.88
875,lpush5,1000000,829187.44
875,lrange5,1000000,1280491.62
876,lpush5,1000000,828606.44
876,lrange5,1000000,1270648.00
877,lpush5,1000000,832639.50
877,lrange5,1000000,1278772.38
878,lpush5,1000000,831255.25
878,lrange5,1000000,1280573.62
879,lpush5,1000000,832053.25
879,lrange5,1000000,1270790.38
880,lpush5,1000000,830724.25
880,lrange5,1000000,1265822.75
881,lpush5,1000000,827156.31
881,lrange5,1000000,1280512.12
882,lpush5,1000000,830008.25
882,lrange5,1000000,1269076.12
883,lpush5,1000000,833413.31
883,lrange5,1000000,1199386.12
884,lpush5,1000000,828566.69
884,lrange5,1000000,1266065.75
885,lpush5,1000000,836214.06
885,lrange5,1000000,1278792.88
886,lpush5,1000000,823229.62
886,lrange5,1000000,1256422.12
887,lpush5,1000000,824415.44
887,lrange5,1000000,1196172.25
888,lpush5,1000000,825882.75
888,lrange5,1000000,1203619.75
889,lpush5,1000000,827867.56
889,lrange5,1000000,1262626.25
890,lpush5,1000000,825135.31
890,lrange5,1000000,1234646.88
891,lpush5,1000000,832746.06
891,lrange5,1000000,1239256.50
892,lpush5,1000000,831428.12
892,lrange5,1000000,1197624.00
893,lpush5,1000000,825227.69
893,lrange5,1000000,1250000.00
894,lpush5,1000000,824547.38
894,lrange5,1000000,1254825.62
895,lpush5,1000000,829240.50
895,lrange5,1000000,1285388.12
896,lpush5,1000000,825816.69
896,lrange5,1000000,1267467.75
897,lpush5,1000000,825763.88
897,lrange5,1000000,1282092.38
898,lpush5,1000000,827129.88
898,lrange5,1000000,1258002.50
899,lpush5,1000000,820554.56
899,lrange5,1000000,1277364.00
900,lpush5,1000000,816378.75
900,lrange5,1000000,1226993.88
901,lpush5,1000000,827907.31
901,lrange5,1000000,1225784.38
902,lpush5,1000000,822381.62
902,lrange5,1000000,1194800.50
903,lpush5,1000000,829187.44
903,lrange5,1000000,1216564.38
904,lpush5,1000000,826499.12
904,lrange5,1000000,1198045.50
905,lpush5,1000000,829359.88
905,lrange5,1000000,1256321.62
906,lpush5,1000000,833346.62
906,lrange5,1000000,1243781.12
907,lpush5,1000000,832053.25
907,lrange5,1000000,1063829.75
908,lpush5,1000000,823907.75
908,lrange5,1000000,1275591.88
909,lpush5,1000000,825829.94
909,lrange5,1000000,1283717.62
910,lpush5,1000000,823255.94
910,lrange5,1000000,1273966.88
911,lpush5,1000000,831428.12
911,lrange5,1000000,1282092.38
912,lpush5,1000000,828500.38
912,lrange5,1000000,1199232.62
913,lpush5,1000000,827288.69
913,lrange5,1000000,1287001.25
914,lpush5,1000000,821837.31
914,lrange5,1000000,1287001.25
915,lpush5,1000000,826591.69
915,lrange5,1000000,1258042.75
916,lpush5,1000000,825082.50
916,lrange5,1000000,1190895.25
917,lpush5,1000000,827249.00
917,lrange5,1000000,1144219.62
918,lpush5,1000000,827920.56
918,lrange5,1000000,1278813.25
919,lpush5,1000000,827368.06
919,lrange5,1000000,1261074.38
920,lpush5,1000000,825122.12
920,lrange5,1000000,1290363.88
921,lpush5,1000000,827814.62
921,lrange5,1000000,1253152.88
922,lpush5,1000000,822500.00
922,lrange5,1000000,1272285.00
923,lpush5,1000000,821916.19
923,lrange5,1000000,1230032.00
924,lpush5,1000000,829875.50
924,lrange5,1000000,1274129.88
925,lpush5,1000000,823111.06
925,lrange5,1000000,1282051.38
926,lpush5,1000000,834108.44
926,lrange5,1000000,1197988.00
927,lpush5,1000000,830724.25
927,lrange5,1000000,1196440.12
928,lpush5,1000000,830671.12
928,lrange5,1000000,1265984.75
929,lpush5,1000000,836227.44
929,lrange5,1000000,1250140.00
930,lpush5,1000000,828000.06
930,lrange5,1000000,1247062.38
931,lpush5,1000000,826446.25
931,lrange5,1000000,1228540.50
932,lpush5,1000000,822526.31
932,lrange5,1000000,1267528.50
933,lpush5,1000000,821705.81
933,lrange5,1000000,1269218.25
934,lpush5,1000000,831468.06
934,lrange5,1000000,1264222.50
935,lpush5,1000000,828513.69
935,lrange5,1000000,1149443.62
936,lpush5,1000000,824573.75
936,lrange5,1000000,1215144.62
937,lpush5,1000000,827169.56
937,lrange5,1000000,1287001.25
938,lpush5,1000000,825240.94
938,lrange5,1000000,1285347.00
939,lpush5,1000000,830657.81
939,lrange5,1000000,1254885.88
940,lpush5,1000000,833399.94
940,lrange5,1000000,1283717.62
941,lpush5,1000000,829359.88
941,lrange5,1000000,1261054.25
942,lpush5,1000000,821110.00
942,lrange5,1000000,1227013.50
943,lpush5,1000000,832639.50
943,lrange5,1000000,1199213.50
944,lpush5,1000000,827235.75
944,lrange5,1000000,1288659.75
945,lpush5,1000000,827814.62
945,lrange5,1000000,1216583.88
946,lpush5,1000000,839791.81
946,lrange5,1000000,1250020.00
947,lpush5,1000000,835528.81
947,lrange5,1000000,1206446.38
948,lpush5,1000000,821903.06
948,lrange5,1000000,1277302.75
949,lpush5,1000000,830114.50
949,lrange5,1000000,1290322.62
950,lpush5,1000000,823242.75
950,lrange5,1000000,1259687.62
951,lpush5,1000000,834135.12
951,lrange5,1000000,1190571.50
952,lpush5,1000000,825201.31
952,lrange5,1000000,1270729.38
953,lpush5,1000000,827143.12
953,lrange5,1000000,1216545.00
954,lpush5,1000000,827827.88
954,lrange5,1000000,1226993.88
955,lpush5,1000000,822539.50
955,lrange5,1000000,1202250.00
956,lpush5,1000000,819881.94
956,lrange5,1000000,1283717.62
957,lpush5,1000000,822368.44
957,lrange5,1000000,1282092.38
958,lpush5,1000000,828513.69
958,lrange5,1000000,1269035.50
959,lpush5,1000000,822368.44
959,lrange5,1000000,1287001.25
960,lpush5,1000000,830034.81
960,lrange5,1000000,1275510.25
961,lpush5,1000000,827222.50
961,lrange5,1000000,1267488.00
962,lpush5,1000000,836927.19
962,lrange5,1000000,1285429.25
963,lpush5,1000000,821096.81
963,lrange5,1000000,1269035.50
964,lpush5,1000000,837614.75
964,lrange5,1000000,1287042.50
965,lpush5,1000000,824573.75
965,lrange5,1000000,1128686.25
966,lpush5,1000000,826485.94
966,lrange5,1000000,1288742.25
967,lpush5,1000000,827827.88
967,lrange5,1000000,1277159.62
968,lpush5,1000000,829240.50
968,lrange5,1000000,1199482.00
969,lpush5,1000000,821876.75
969,lrange5,1000000,1227052.75
970,lpush5,1000000,817753.06
970,lrange5,1000000,1292093.00
971,lpush5,1000000,817739.94
971,lrange5,1000000,1239296.12
972,lpush5,1000000,827894.06
972,lrange5,1000000,1193355.62
973,lpush5,1000000,829293.56
973,lrange5,1000000,1204857.88
974,lpush5,1000000,825082.50
974,lrange5,1000000,1226993.88
975,lpush5,1000000,821070.56
975,lrange5,1000000,1199079.12
976,lpush5,1000000,832732.75
976,lrange5,1000000,1282071.88
977,lpush5,1000000,834818.06
977,lrange5,1000000,1257881.75
978,lpush5,1000000,829915.31
978,lrange5,1000000,1236390.62
979,lpush5,1000000,829968.44
979,lrange5,1000000,1243820.88
980,lpush5,1000000,818553.19
980,lrange5,1000000,1278854.25
981,lpush5,1000000,829306.81
981,lrange5,1000000,1283799.75
982,lpush5,1000000,829267.00
982,lrange5,1000000,1259506.25
983,lpush5,1000000,828540.19
983,lrange5,1000000,1206349.88
984,lpush5,1000000,831468.06
984,lrange5,1000000,1196612.38
985,lpush5,1000000,825188.12
985,lrange5,1000000,1202346.12
986,lpush5,1000000,827182.81
986,lrange5,1000000,1137874.88
987,lpush5,1000000,826446.25
987,lrange5,1000000,1265863.25
988,lpush5,1000000,828026.50
988,lrange5,1000000,1259466.00
989,lpush5,1000000,827867.56
989,lrange5,1000000,1275591.88
990,lpush5,1000000,829306.81
990,lrange5,1000000,1222630.75
991,lpush5,1000000,829346.62
991,lrange5,1000000,1278772.38
992,lpush5,1000000,823828.69
992,lrange5,1000000,1269096.50
993,lpush5,1000000,825214.50
993,lrange5,1000000,1280614.62
994,lpush5,1000000,827986.81
994,lrange5,1000000,1254725.25
995,lpush5,1000000,826671.06
995,lrange5,1000000,1195068.12
996,lpush5,1000000,841231.25
996,lrange5,1000000,1127395.62
997,lpush5,1000000,832133.12
997,lrange5,1000000,1127485.88
998,lpush5,1000000,828606.44
998,lrange5,1000000,1175407.75
999,lpush5,1000000,832666.12
999,lrange5,1000000,1199155.88
1000,lpush5,1000000,825122.12
1000,lrange5,1000000,1175182.12
1001,lpush5,1000000,827986.81
1001,lrange5,1000000,1199290.12
1002,lpush5,1000000,818330.62
1002,lrange5,1000000,1194838.75
1003,lpush5,1000000,823097.94
1003,lrange5,1000000,1233065.38
1004,lpush5,1000000,817137.25
1004,lrange5,1000000,1269035.50
1005,lpush5,1000000,825790.25
1005,lrange5,1000000,1199462.88
1006,lpush5,1000000,824428.62
1006,lrange5,1000000,1239197.00
1007,lpush5,1000000,834255.19
1007,lrange5,1000000,1190781.00
1008,lpush5,1000000,815048.06
1008,lrange5,1000000,1278956.50
1009,lpush5,1000000,827880.81
1009,lrange5,1000000,1266065.75
1010,lpush5,1000000,830578.06
1010,lrange5,1000000,1234666.62
1011,lpush5,1000000,825254.12
1011,lrange5,1000000,1285347.00
1012,lpush5,1000000,822592.12
1012,lrange5,1000000,1197911.38
1013,lpush5,1000000,821745.25
1013,lrange5,1000000,1277323.12
1014,lpush5,1000000,819790.12
1014,lrange5,1000000,1282092.38
1015,lpush5,1000000,818553.19
1015,lrange5,1000000,1253132.88
1016,lpush5,1000000,827827.88
1016,lrange5,1000000,1285408.75
1017,lpush5,1000000,823111.06
1017,lrange5,1000000,1243900.50
1018,lpush5,1000000,820383.94
1018,lrange5,1000000,1250020.00
1019,lpush5,1000000,824613.31
1019,lrange5,1000000,1267609.62
1020,lpush5,1000000,815126.31
1020,lrange5,1000000,1280450.62
1021,lpush5,1000000,818343.69
1021,lrange5,1000000,1250440.00
1022,lpush5,1000000,820449.56
1022,lrange5,1000000,1270668.38
1023,lpush5,1000000,831321.75
1023,lrange5,1000000,1215183.50
1024,lpush5,1000000,827315.12
1024,lrange5,1000000,1283779.25
1025,lpush5,1000000,832000.00
1025,lrange5,1000000,1199175.12
1026,lpush5,1000000,819027.06
1026,lrange5,1000000,1283840.88
1027,lpush5,1000000,828686.00
1027,lrange5,1000000,1267447.50
1028,lpush5,1000000,831255.25
1028,lrange5,1000000,1261074.38
1029,lpush5,1000000,824586.94
1029,lrange5,1000000,1278956.50
1030,lpush5,1000000,830578.06
1030,lrange5,1000000,1203658.25
1031,lpush5,1000000,823789.12
1031,lrange5,1000000,1216895.38
1032,lpush5,1000000,823855.06
1032,lrange5,1000000,1222493.88
1033,lpush5,1000000,829267.00
1033,lrange5,1000000,1264323.62
1034,lpush5,1000000,824468.25
1034,lrange5,1000000,1290405.25
1035,lpush5,1000000,835421.88
1035,lrange5,1000000,1280512.12
1036,lpush5,1000000,830737.56
1036,lrange5,1000000,1283799.75
1037,lpush5,1000000,831255.25
1037,lrange5,1000000,1257901.88
1038,lpush5,1000000,833453.31
1038,lrange5,1000000,1212547.88
1039,lpush5,1000000,828686.00
1039,lrange5,1000000,1240694.75
1040,lpush5,1000000,823907.75
1040,lrange5,1000000,1261034.12
1041,lpush5,1000000,824402.25
1041,lrange5,1000000,1273926.12
1042,lpush5,1000000,825148.50
1042,lrange5,1000000,1264242.75
1043,lpush5,1000000,822565.81
1043,lrange5,1000000,1236113.75
1044,lpush5,1000000,814423.44
1044,lrange5,1000000,1283799.75
1045,lpush5,1000000,817189.56
1045,lrange5,1000000,1254885.88
1046,lpush5,1000000,821705.81
1046,lrange5,1000000,1272264.62
1047,lpush5,1000000,823071.56
1047,lrange5,1000000,1280471.12
1048,lpush5,1000000,821758.44
1048,lrange5,1000000,1283738.12
1049,lpush5,1000000,821070.56
1049,lrange5,1000000,1262626.25
1050,lpush5,1000000,825108.88
1050,lrange5,1000000,1186657.12
1051,lpush5,1000000,816522.44
1051,lrange5,1000000,1254845.62
1052,lpush5,1000000,823736.44
1052,lrange5,1000000,1266086.00
1053,lpush5,1000000,815191.50
1053,lrange5,1000000,1259445.75
1054,lpush5,1000000,827880.81
1054,lrange5,1000000,1228678.12
1055,lpush5,1000000,809820.25
1055,lrange5,1000000,1202038.38
1056,lpush5,1000000,823255.94
1056,lrange5,1000000,1245389.88
1057,lpush5,1000000,819053.25
1057,lrange5,1000000,1277159.62
1058,lpush5,1000000,825763.88
1058,lrange5,1000000,1269238.62
1059,lpush5,1000000,820357.69
1059,lrange5,1000000,1192009.50
1060,lpush5,1000000,832812.69
1060,lrange5,1000000,1193336.50
1061,lpush5,1000000,829902.06
1061,lrange5,1000000,1282215.38
1062,lpush5,1000000,835435.25
1062,lrange5,1000000,1277364.00
1063,lpush5,1000000,836267.56
1063,lrange5,1000000,1192295.62
1064,lpush5,1000000,831388.25
1064,lrange5,1000000,1282215.38
1065,lpush5,1000000,814436.44
1065,lrange5,1000000,1230051.62
1066,lpush5,1000000,826499.12
1066,lrange5,1000000,1169665.50
1067,lpush5,1000000,811198.69
1067,lrange5,1000000,1251584.50
1068,lpush5,1000000,822526.31
1068,lrange5,1000000,1282051.38
1069,lpush5,1000000,819145.00
1069,lrange5,1000000,1275673.50
1070,lpush5,1000000,827315.12
1070,lrange5,1000000,1254725.25
1071,lpush5,1000000,823255.94
1071,lrange5,1000000,1236212.62
1072,lpush5,1000000,817844.62
1072,lrange5,1000000,1239157.38
1073,lpush5,1000000,821201.94
1073,lrange5,1000000,1177950.50
1074,lpush5,1000000,826446.25
1074,lrange5,1000000,1228501.25
1075,lpush5,1000000,822579.00
1075,lrange5,1000000,1243820.88
1076,lpush5,1000000,822381.62
1076,lrange5,1000000,1270810.62
1077,lpush5,1000000,830684.38
1077,lrange5,1000000,1278936.00
1078,lpush5,1000000,839818.62
1078,lrange5,1000000,1176621.12
1079,lpush5,1000000,824428.62
1079,lrange5,1000000,1264263.00
1080,lpush5,1000000,823841.88
1080,lrange5,1000000,1187705.50
1081,lpush5,1000000,825869.56
1081,lrange5,1000000,1225490.25
1082,lpush5,1000000,821070.56
1082,lrange5,1000000,1242255.88
1083,lpush5,1000000,826657.81
1083,lrange5,1000000,1228678.12
1084,lpush5,1000000,829995.00
1084,lrange5,1000000,1248439.50
1085,lpush5,1000000,826525.62
1085,lrange5,1000000,1264323.62
1086,lpush5,1000000,821692.69
1086,lrange5,1000000,1264343.88
1087,lpush5,1000000,831335.00
1087,lrange5,1000000,1188009.50
1088,lpush5,1000000,821745.25
1088,lrange5,1000000,1272285.00
1089,lpush5,1000000,828619.69
1089,lrange5,1000000,1282051.38
1090,lpush5,1000000,832039.94
1090,lrange5,1000000,1230071.25
1091,lpush5,1000000,827143.12
1091,lrange5,1000000,1210963.75
1092,lpush5,1000000,825763.88
1092,lrange5,1000000,1272366.38
1093,lpush5,1000000,832079.88
1093,lrange5,1000000,1287021.88
1094,lpush5,1000000,823762.75
1094,lrange5,1000000,1287001.25
1095,lpush5,1000000,831268.50
1095,lrange5,1000000,1179471.75
1096,lpush5,1000000,831388.25
1096,lrange5,1000000,1280573.62
1097,lpush5,1000000,818540.12
1097,lrange5,1000000,1256321.62
1098,lpush5,1000000,814332.19
1098,lrange5,1000000,1282051.38
1099,lpush5,1000000,820436.44
1099,lrange5,1000000,1259486.12
1100,lpush5,1000000,832146.44
1100,lrange5,1000000,1274068.75
1101,lpush5,1000000,820370.81
1101,lrange5,1000000,1209518.75
1102,lpush5,1000000,824468.25
1102,lrange5,1000000,1193699.25
1103,lpush5,1000000,828013.31
1103,lrange5,1000000,1243781.12
1104,lpush5,1000000,826485.94
1104,lrange5,1000000,1204973.50
1105,lpush5,1000000,820410.19
1105,lrange5,1000000,1243840.75
1106,lpush5,1000000,834911.56
1106,lrange5,1000000,1285449.88
1107,lpush5,1000000,824402.25
1107,lrange5,1000000,1283697.12
1108,lpush5,1000000,824415.44
1108,lrange5,1000000,1196612.38
1109,lpush5,1000000,836860.19
1109,lrange5,1000000,1287186.62
1110,lpush5,1000000,824547.38
1110,lrange5,1000000,1239197.00
1111,lpush5,1000000,825254.12
1111,lrange5,1000000,1287186.62
1112,lpush5,1000000,820449.56
1112,lrange5,1000000,1272407.12
1113,lpush5,1000000,820475.81
1113,lrange5,1000000,1258083.00
1114,lpush5,1000000,819777.00
1114,lrange5,1000000,1233223.25
1115,lpush5,1000000,824573.75
1115,lrange5,1000000,1259445.75
1116,lpush5,1000000,831441.44
1116,lrange5,1000000,1282112.88
1117,lpush5,1000000,838383.94
1117,lrange5,1000000,1179283.00
1118,lpush5,1000000,827341.62
1118,lrange5,1000000,1278792.88
1119,lpush5,1000000,841952.88
1119,lrange5,1000000,1243940.25
1120,lpush5,1000000,816417.94
1120,lrange5,1000000,1231625.62
1121,lpush5,1000000,817085.00
1121,lrange5,1000000,1288866.00
1122,lpush5,1000000,826446.25
1122,lrange5,1000000,1285449.88
1123,lpush5,1000000,841056.31
1123,lrange5,1000000,1280635.00
1124,lpush5,1000000,834148.44
1124,lrange5,1000000,1283758.75
1125,lpush5,1000000,836133.81
1125,lrange5,1000000,1215455.62
1126,lpush5,1000000,819790.12
1126,lrange5,1000000,1192104.88
1127,lpush5,1000000,824415.44
1127,lrange5,1000000,1285367.62
1128,lpush5,1000000,823111.06
1128,lrange5,1000000,1257881.75
1129,lpush5,1000000,830724.25
1129,lrange5,1000000,1206542.88
1130,lpush5,1000000,826591.69
1130,lrange5,1000000,1206291.88
1131,lpush5,1000000,821745.25
1131,lrange5,1000000,1239157.38
1132,lpush5,1000000,823058.44
1132,lrange5,1000000,1186239.62
1133,lpush5,1000000,826499.12
1133,lrange5,1000000,1199366.88
1134,lpush5,1000000,833346.62
1134,lrange5,1000000,1199251.75
1135,lpush5,1000000,828606.44
1135,lrange5,1000000,1230110.62
1136,lpush5,1000000,829200.69
1136,lrange5,1000000,1186581.25
1137,lpush5,1000000,828672.75
1137,lrange5,1000000,1266005.00
1138,lpush5,1000000,826644.62
1138,lrange5,1000000,1250020.00
1139,lpush5,1000000,825254.12
1139,lrange5,1000000,1272264.62
1140,lpush5,1000000,828632.94
1140,lrange5,1000000,1193317.38
1141,lpush5,1000000,822500.00
1141,lrange5,1000000,1230189.38
1142,lpush5,1000000,831481.31
1142,lrange5,1000000,1267467.75
1143,lpush5,1000000,817150.31
1143,lrange5,1000000,1199098.38
1144,lpush5,1000000,826525.62
1144,lrange5,1000000,1186296.62
1145,lpush5,1000000,829941.88
1145,lrange5,1000000,1191990.50
1146,lpush5,1000000,827907.31
1146,lrange5,1000000,1207884.00
1147,lpush5,1000000,830564.81
1147,lrange5,1000000,1250080.00
1148,lpush5,1000000,820410.19
1148,lrange5,1000000,1203600.50
1149,lpush5,1000000,824415.44
1149,lrange5,1000000,1267548.88
1150,lpush5,1000000,823058.44
1150,lrange5,1000000,1272468.12
1151,lpush5,1000000,822394.75
1151,lrange5,1000000,1283840.88
1152,lpush5,1000000,834884.81
1152,lrange5,1000000,1087165.25
1153,lpush5,1000000,823894.56
1153,lrange5,1000000,1283738.12
1154,lpush5,1000000,833386.62
1154,lrange5,1000000,1280594.12
1155,lpush5,1000000,829253.75
1155,lrange5,1000000,1231527.12
1156,lpush5,1000000,821876.75
1156,lrange5,1000000,1256381.88
1157,lpush5,1000000,822513.19
1157,lrange5,1000000,1267467.75
1158,lpush5,1000000,828699.25
1158,lrange5,1000000,1262646.50
1159,lpush5,1000000,822486.88
1159,lrange5,1000000,1282071.88
1160,lpush5,1000000,827143.12
1160,lrange5,1000000,1283717.62
1161,lpush5,1000000,833333.31
1161,lrange5,1000000,1278833.75
1162,lpush5,1000000,825816.69
1162,lrange5,1000000,1192295.62
1163,lpush5,1000000,831321.75
1163,lrange5,1000000,929516.75
1164,lpush5,1000000,829875.50
1164,lrange5,1000000,1259506.25
1165,lpush5,1000000,819013.94
1165,lrange5,1000000,1250140.00
1166,lpush5,1000000,836120.44
1166,lrange5,1000000,1267427.12
1167,lpush5,1000000,827814.62
1167,lrange5,1000000,1274068.75
1168,lpush5,1000000,821929.31
1168,lrange5,1000000,1259586.88
1169,lpush5,1000000,824534.19
1169,lrange5,1000000,1265843.00
1170,lpush5,1000000,830671.12
1170,lrange5,1000000,1196191.38
1171,lpush5,1000000,834778.00
1171,lrange5,1000000,1270709.00
1172,lpush5,1000000,829253.75
1172,lrange5,1000000,1116357.12
1173,lpush5,1000000,830631.25
1173,lrange5,1000000,1272346.00
1174,lpush5,1000000,819842.62
1174,lrange5,1000000,1218124.25
1175,lpush5,1000000,829293.56
1175,lrange5,1000000,1205031.38
1176,lpush5,1000000,826525.62
1176,lrange5,1000000,1267751.62
1177,lpush5,1000000,828606.44
1177,lrange5,1000000,1279038.38
1178,lpush5,1000000,797665.12
1178,lrange5,1000000,1191971.38
1179,lpush5,1000000,834778.00
1179,lrange5,1000000,1236093.88
1180,lpush5,1000000,829293.56
1180,lrange5,1000000,1275591.88
1181,lpush5,1000000,837748.75
1181,lrange5,1000000,1275530.62
1182,lpush5,1000000,829359.88
1182,lrange5,1000000,1270648.00
1183,lpush5,1000000,827920.56
1183,lrange5,1000000,1237623.75
1184,lpush5,1000000,829240.50
1184,lrange5,1000000,1201961.50
1185,lpush5,1000000,826459.50
1185,lrange5,1000000,1270892.00
1186,lpush5,1000000,831374.94
1186,lrange5,1000000,1179471.75
1187,lpush5,1000000,824415.44
1187,lrange5,1000000,1256301.50
1188,lpush5,1000000,825962.06
1188,lrange5,1000000,1282174.38
1189,lpush5,1000000,828566.69
1189,lrange5,1000000,1262646.50
1190,lpush5,1000000,822447.38
1190,lrange5,1000000,1254825.62
1191,lpush5,1000000,818330.62
1191,lrange5,1000000,1259546.50
1192,lpush5,1000000,819763.94
1192,lrange5,1000000,1282092.38
1193,lpush5,1000000,825201.31
1193,lrange5,1000000,1283738.12
1194,lpush5,1000000,829200.69
1194,lrange5,1000000,1282174.38
1195,lpush5,1000000,823736.44
1195,lrange5,1000000,1270709.00
1196,lpush5,1000000,821692.69
1196,lrange5,1000000,1272346.00
1197,lpush5,1000000,819855.69
1197,lrange5,1000000,1283738.12
1198,lpush5,1000000,825803.50
1198,lrange5,1000000,1265883.50
1199,lpush5,1000000,825135.31
1199,lrange5,1000000,1237801.88
1200,lpush5,1000000,818383.00
1200,lrange5,1000000,1254745.25
1201,lpush5,1000000,824521.00
1201,lrange5,1000000,1282092.38
1202,lpush5,1000000,820357.69
1202,lrange5,1000000,1206407.75
1203,lpush5,1000000,826552.06
1203,lrange5,1000000,1207942.00
1204,lpush5,1000000,830591.38
1204,lrange5,1000000,841845.12
1205,lpush5,1000000,817792.25
1205,lrange5,1000000,1204877.12
1206,lpush5,1000000,819013.94
1206,lrange5,1000000,1282256.50
1207,lpush5,1000000,826512.38
1207,lrange5,1000000,1200710.62
1208,lpush5,1000000,819105.69
1208,lrange5,1000000,1231527.12
1209,lpush5,1000000,834951.62
1209,lrange5,1000000,1283758.75
1210,lpush5,1000000,815726.00
1210,lrange5,1000000,1269218.25
1211,lpush5,1000000,825922.38
1211,lrange5,1000000,1275612.25
1212,lpush5,1000000,830631.25
1212,lrange5,1000000,1190704.75
1213,lpush5,1000000,828513.69
1213,lrange5,1000000,922612.56
1214,lpush5,1000000,821031.19
1214,lrange5,1000000,1197873.12
1215,lpush5,1000000,825148.50
1215,lrange5,1000000,1221020.75
1216,lpush5,1000000,825148.50
1216,lrange5,1000000,1196421.00
1217,lpush5,1000000,823749.62
1217,lrange5,1000000,1248619.25
1218,lpush5,1000000,830578.06
1218,lrange5,1000000,1237623.75
1219,lpush5,1000000,825148.50
1219,lrange5,1000000,1190495.25
1220,lpush5,1000000,825790.25
1220,lrange5,1000000,1192066.75
1221,lpush5,1000000,825829.94
1221,lrange5,1000000,1274048.38
1222,lpush5,1000000,826631.38
1222,lrange5,1000000,1196363.62
1223,lpush5,1000000,822368.44
1223,lrange5,1000000,1264404.50
1224,lpush5,1000000,824455.00
1224,lrange5,1000000,1236173.00
1225,lpush5,1000000,828513.69
1225,lrange5,1000000,1254725.25
1226,lpush5,1000000,830591.38
1226,lrange5,1000000,1275693.88
1227,lpush5,1000000,825188.12
1227,lrange5,1000000,1202192.25
1228,lpush5,1000000,827867.56
1228,lrange5,1000000,1265822.75
1229,lpush5,1000000,831428.12
1229,lrange5,1000000,1278997.38
1230,lpush5,1000000,825829.94
1230,lrange5,1000000,1282092.38
1231,lpush5,1000000,819685.25
1231,lrange5,1000000,1200749.12
1232,lpush5,1000000,835488.69
1232,lrange5,1000000,1277282.25
1233,lpush5,1000000,819724.56
1233,lrange5,1000000,1283820.25
1234,lpush5,1000000,834188.50
1234,lrange5,1000000,1213805.88
1235,lpush5,1000000,830021.56
1235,lrange5,1000000,1240734.50
1236,lpush5,1000000,825095.69
1236,lrange5,1000000,1272407.12
1237,lpush5,1000000,824547.38
1237,lrange5,1000000,1287104.25
1238,lpush5,1000000,815673.75
1238,lrange5,1000000,1193622.88
1239,lpush5,1000000,819092.56
1239,lrange5,1000000,1264222.50
1240,lpush5,1000000,823802.31
1240,lrange5,1000000,1283738.12
1241,lpush5,1000000,825843.12
1241,lrange5,1000000,1253132.88
1242,lpush5,1000000,830604.62
1242,lrange5,1000000,1194934.25
1243,lpush5,1000000,833373.31
1243,lrange5,1000000,1242315.50
1244,lpush5,1000000,828000.06
1244,lrange5,1000000,1237623.75
1245,lpush5,1000000,811107.81
1245,lrange5,1000000,1203542.75
1246,lpush5,1000000,825108.88
1246,lrange5,1000000,1245350.00
1247,lpush5,1000000,811107.81
1247,lrange5,1000000,1256381.88
1248,lpush5,1000000,823255.94
1248,lrange5,1000000,1207787.38
1249,lpush5,1000000,815113.31
1249,lrange5,1000000,1267447.50
1250,lpush5,1000000,823137.44
1250,lrange5,1000000,1234587.62
1251,lpush5,1000000,812347.75
1251,lrange5,1000000,1015260.88
1252,lpush5,1000000,831255.25
1252,lrange5,1000000,1277425.25
1253,lpush5,1000000,822421.06
1253,lrange5,1000000,1257881.75
1254,lpush5,1000000,660533.69
1254,lrange5,1000000,1262686.88
1255,lpush5,1000000,832159.69
1255,lrange5,1000000,1270790.38
1256,lpush5,1000000,823762.75
1256,lrange5,1000000,1257861.62
1257,lpush5,1000000,828606.44
1257,lrange5,1000000,1285408.75
1258,lpush5,1000000,822368.44
1258,lrange5,1000000,1275530.62
1259,lpush5,1000000,827907.31
1259,lrange5,1000000,1282051.38
1260,lpush5,1000000,834108.44
1260,lrange5,1000000,1254725.25
1261,lpush5,1000000,823736.44
1261,lrange5,1000000,817215.69
1262,lpush5,1000000,825948.81
1262,lrange5,1000000,1269218.25
1263,lpush5,1000000,822526.31
1263,lrange5,1000000,1265944.25
1264,lpush5,1000000,811198.69
1264,lrange5,1000000,1185156.38
1265,lpush5,1000000,817870.75
1265,lrange5,1000000,1212237.62
1266,lpush5,1000000,822434.25
1266,lrange5,1000000,1060547.12
1267,lpush5,1000000,509181.28
1267,lrange5,1000000,805165.88
1268,lpush5,1000000,640789.25
1268,lrange5,1000000,1270648.00
1269,lpush5,1000000,817713.81
1269,lrange5,1000000,1267427.12
1270,lpush5,1000000,821784.69
1270,lrange5,1000000,1216739.62
1271,lpush5,1000000,821070.56
1271,lrange5,1000000,1247022.50
1272,lpush5,1000000,825896.00
1272,lrange5,1000000,1253173.00
1273,lpush5,1000000,823775.94
1273,lrange5,1000000,1275673.50
1274,lpush5,1000000,827196.06
1274,lrange5,1000000,1275571.50
1275,lpush5,1000000,828013.31
1275,lrange5,1000000,1277200.50
1276,lpush5,1000000,829915.31
1276,lrange5,1000000,1265903.75
1277,lpush5,1000000,817792.25
1277,lrange5,1000000,820397.06
1278,lpush5,1000000,761047.19
1278,lrange5,1000000,1228638.75
1279,lpush5,1000000,821692.69
1279,lrange5,1000000,1239494.50
1280,lpush5,1000000,815008.94
1280,lrange5,1000000,1274007.62
1281,lpush5,1000000,826446.25
1281,lrange5,1000000,1228560.12
1282,lpush5,1000000,822539.50
1282,lrange5,1000000,1199405.25
1283,lpush5,1000000,819750.81
1283,lrange5,1000000,1202153.88
1284,lpush5,1000000,818409.19
1284,lrange5,1000000,1001193.19
1285,lpush5,1000000,756478.06
1285,lrange5,1000000,1246922.75
1286,lpush5,1000000,829399.69
1286,lrange5,1000000,1272305.38
1287,lpush5,1000000,826485.94
1287,lrange5,1000000,1272285.00
1288,lpush5,1000000,823934.12
1288,lrange5,1000000,1287104.25
1289,lpush5,1000000,820383.94
1289,lrange5,1000000,1180675.38
1290,lpush5,1000000,761663.38
1290,lrange5,1000000,1251564.38
1291,lpush5,1000000,825135.31
1291,lrange5,1000000,1272285.00
1292,lpush5,1000000,823084.75
1292,lrange5,1000000,1242474.50
1293,lpush5,1000000,839020.12
1293,lrange5,1000000,1243860.62
1294,lpush5,1000000,823255.94
1294,lrange5,1000000,1269076.12
1295,lpush5,1000000,828566.69
1295,lrange5,1000000,1262626.25
1296,lpush5,1000000,819053.25
1296,lrange5,1000000,1275591.88
1297,lpush5,1000000,822473.69
1297,lrange5,1000000,1282112.88
1298,lpush5,1000000,818383.00
1298,lrange5,1000000,1240714.62
1299,lpush5,1000000,827341.62
1299,lrange5,1000000,1267548.88
1300,lpush5,1000000,816352.62
1300,lrange5,1000000,1199155.88
1301,lpush5,1000000,828513.69
1301,lrange5,1000000,1234607.38
1302,lpush5,1000000,827249.00
1302,lrange5,1000000,1247022.50
1303,lpush5,1000000,839845.50
1303,lrange5,1000000,1210886.25
1304,lpush5,1000000,822421.06
1304,lrange5,1000000,1267427.12
1305,lpush5,1000000,821824.12
1305,lrange5,1000000,1270770.00
1306,lpush5,1000000,819698.31
1306,lrange5,1000000,1264283.12
1307,lpush5,1000000,827354.88
1307,lrange5,1000000,1193699.25
1308,lpush5,1000000,818435.38
1308,lrange5,1000000,1267447.50
1309,lpush5,1000000,827249.00
1309,lrange5,1000000,1199347.75
1310,lpush5,1000000,820462.69
1310,lrange5,1000000,1283738.12
1311,lpush5,1000000,832053.25
1311,lrange5,1000000,1264242.75
1312,lpush5,1000000,819053.25
1312,lrange5,1000000,927762.56
1313,lpush5,1000000,821745.25
1313,lrange5,1000000,1265984.75
1314,lpush5,1000000,826459.50
1314,lrange5,1000000,1179490.62
1315,lpush5,1000000,818343.69
1315,lrange5,1000000,1257901.88
1316,lpush5,1000000,816470.19
1316,lrange5,1000000,1256402.00
1317,lpush5,1000000,819724.56
1317,lrange5,1000000,1185118.50
1318,lpush5,1000000,829928.62
1318,lrange5,1000000,1196401.88
1319,lpush5,1000000,823058.44
1319,lrange5,1000000,1184947.88
1320,lpush5,1000000,828725.75
1320,lrange5,1000000,1194953.38
1321,lpush5,1000000,836147.19
1321,lrange5,1000000,1191971.38
1322,lpush5,1000000,827973.56
1322,lrange5,1000000,1277139.25
1323,lpush5,1000000,819763.94
1323,lrange5,1000000,1209189.75
1324,lpush5,1000000,822513.19
1324,lrange5,1000000,1274028.00
1325,lpush5,1000000,831960.06
1325,lrange5,1000000,1250080.00
1326,lpush5,1000000,823762.75
1326,lrange5,1000000,1282236.00
1327,lpush5,1000000,821719.00
1327,lrange5,1000000,1129083.50
1328,lpush5,1000000,819131.88
1328,lrange5,1000000,1256321.62
1329,lpush5,1000000,817661.44
1329,lrange5,1000000,1262868.75
1330,lpush5,1000000,833333.31
1330,lrange5,1000000,1282236.00
1331,lpush5,1000000,827854.31
1331,lrange5,1000000,1267670.50
1332,lpush5,1000000,813669.69
1332,lrange5,1000000,1216583.88
1333,lpush5,1000000,818343.69
1333,lrange5,1000000,1226993.88
1334,lpush5,1000000,822381.62
1334,lrange5,1000000,1196210.50
1335,lpush5,1000000,828039.75
1335,lrange5,1000000,1213669.88
1336,lpush5,1000000,828039.75
1336,lrange5,1000000,1269319.88
1337,lpush5,1000000,815739.00
1337,lrange5,1000000,1253132.88
1338,lpush5,1000000,819013.94
1338,lrange5,1000000,1197700.62
1339,lpush5,1000000,817176.50
1339,lrange5,1000000,1261336.75
1340,lpush5,1000000,828566.69
1340,lrange5,1000000,1267467.75
1341,lpush5,1000000,823723.25
1341,lrange5,1000000,1275632.62
1342,lpush5,1000000,828500.38
1342,lrange5,1000000,1194991.62
1343,lpush5,1000000,820423.31
1343,lrange5,1000000,1195106.38
1344,lpush5,1000000,820462.69
1344,lrange5,1000000,1273946.50
1345,lpush5,1000000,816378.75
1345,lrange5,1000000,1261195.50
1346,lpush5,1000000,826459.50
1346,lrange5,1000000,1250060.00
1347,lpush5,1000000,823736.44
1347,lrange5,1000000,1197949.75
1348,lpush5,1000000,825293.75
1348,lrange5,1000000,1197700.62
1349,lpush5,1000000,817085.00
1349,lrange5,1000000,1187933.50
1350,lpush5,1000000,830604.62
1350,lrange5,1000000,1183583.38
1351,lpush5,1000000,827182.81
1351,lrange5,1000000,1203639.00
1352,lpush5,1000000,828513.69
1352,lrange5,1000000,1265843.00
1353,lpush5,1000000,830710.94
1353,lrange5,1000000,1237623.75
1354,lpush5,1000000,831295.12
1354,lrange5,1000000,1193393.75
1355,lpush5,1000000,821771.56
1355,lrange5,1000000,1270810.62
1356,lpush5,1000000,827854.31
1356,lrange5,1000000,1200825.88
1357,lpush5,1000000,830591.38
1357,lrange5,1000000,867358.19
1358,lpush5,1000000,825082.50
1358,lrange5,1000000,1233242.88
1359,lpush5,1000000,826472.69
1359,lrange5,1000000,1237782.12
1360,lpush5,1000000,827235.75
1360,lrange5,1000000,1176715.25
1361,lpush5,1000000,829240.50
1361,lrange5,1000000,1187819.50
1362,lpush5,1000000,826499.12
1362,lrange5,1000000,1267427.12
1363,lpush5,1000000,830604.62
1363,lrange5,1000000,1195144.50
1364,lpush5,1000000,825922.38
1364,lrange5,1000000,1199251.75
1365,lpush5,1000000,829888.75
1365,lrange5,1000000,1197968.88
1366,lpush5,1000000,827182.81
1366,lrange5,1000000,1200499.38
1367,lpush5,1000000,829888.75
1367,lrange5,1000000,1227072.38
1368,lpush5,1000000,819842.62
1368,lrange5,1000000,1278833.75
1369,lpush5,1000000,822381.62
1369,lrange5,1000000,1225627.50
1370,lpush5,1000000,823190.12
1370,lrange5,1000000,1191914.25
1371,lpush5,1000000,824600.12
1371,lrange5,1000000,1283861.38
1372,lpush5,1000000,831374.94
1372,lrange5,1000000,1262626.25
1373,lpush5,1000000,833333.31
1373,lrange5,1000000,812503.69
1374,lpush5,1000000,825082.50
1374,lrange5,1000000,1265883.50
1375,lpush5,1000000,825214.50
1375,lrange5,1000000,1254885.88
1376,lpush5,1000000,820502.06
1376,lrange5,1000000,1273885.25
1377,lpush5,1000000,816993.50
1377,lrange5,1000000,1210963.75
1378,lpush5,1000000,825201.31
1378,lrange5,1000000,1267488.00
1379,lpush5,1000000,829928.62
1379,lrange5,1000000,1248479.38
1380,lpush5,1000000,826604.94
1380,lrange5,1000000,1287063.00
1381,lpush5,1000000,829941.88
1381,lrange5,1000000,1278813.25
1382,lpush5,1000000,824428.62
1382,lrange5,1000000,1199366.88
1383,lpush5,1000000,832639.50
1383,lrange5,1000000,1269177.62
1384,lpush5,1000000,823736.44
1384,lrange5,1000000,1219531.75
1385,lpush5,1000000,836927.19
1385,lrange5,1000000,1192124.00
1386,lpush5,1000000,822421.06
1386,lrange5,1000000,1193451.12
1387,lpush5,1000000,825763.88
1387,lrange5,1000000,1194800.50
1388,lpush5,1000000,827315.12
1388,lrange5,1000000,1256502.50
1389,lpush5,1000000,828553.44
1389,lrange5,1000000,1233104.88
1390,lpush5,1000000,831374.94
1390,lrange5,1000000,1261034.12
1391,lpush5,1000000,834818.06
1391,lrange5,1000000,1254805.50
1392,lpush5,1000000,827920.56
1392,lrange5,1000000,1277241.38
1393,lpush5,1000000,824468.25
1393,lrange5,1000000,1234725.88
1394,lpush5,1000000,825095.69
1394,lrange5,1000000,1282215.38
1395,lpush5,1000000,819685.25
1395,lrange5,1000000,1282215.38
1396,lpush5,1000000,828540.19
1396,lrange5,1000000,1264343.88
1397,lpush5,1000000,826485.94
1397,lrange5,1000000,1196459.25
1398,lpush5,1000000,826657.81
1398,lrange5,1000000,1272264.62
1399,lpush5,1000000,820357.69
1399,lrange5,1000000,1282153.88
1400,lpush5,1000000,828725.75
1400,lrange5,1000000,1236113.75
1401,lpush5,1000000,825803.50
1401,lrange5,1000000,1254705.12
1402,lpush5,1000000,830737.56
1402,lrange5,1000000,1253353.38
1403,lpush5,1000000,835568.88
1403,lrange5,1000000,1210711.88
1404,lpush5,1000000,824455.00
1404,lrange5,1000000,1274068.75
1405,lpush5,1000000,823150.62
1405,lrange5,1000000,1261094.62
1406,lpush5,1000000,826459.50
1406,lrange5,1000000,1253213.12
1407,lpush5,1000000,820410.19
1407,lrange5,1000000,1196535.88
1408,lpush5,1000000,823868.19
1408,lrange5,1000000,1261175.25
1409,lpush5,1000000,825267.31
1409,lrange5,1000000,1267488.00
1410,lpush5,1000000,826499.12
1410,lrange5,1000000,1213650.50
1411,lpush5,1000000,827827.88
1411,lrange5,1000000,1267589.38
1412,lpush5,1000000,818369.88
1412,lrange5,1000000,1245429.62
1413,lpush5,1000000,819672.12
1413,lrange5,1000000,1236173.00
1414,lpush5,1000000,824468.25
1414,lrange5,1000000,1275612.25
1415,lpush5,1000000,830604.62
1415,lrange5,1000000,1264303.38
1416,lpush5,1000000,824573.75
1416,lrange5,1000000,1261034.12
1417,lpush5,1000000,821692.69
1417,lrange5,1000000,1225509.88
1418,lpush5,1000000,837708.56
1418,lrange5,1000000,1265964.50
1419,lpush5,1000000,818566.31
1419,lrange5,1000000,1278854.25
1420,lpush5,1000000,830617.94
1420,lrange5,1000000,1277323.12
1421,lpush5,1000000,821745.25
1421,lrange5,1000000,1199040.75
1422,lpush5,1000000,825790.25
1422,lrange5,1000000,1270810.62
1423,lpush5,1000000,825843.12
1423,lrange5,1000000,1196363.62
1424,lpush5,1000000,823736.44
1424,lrange5,1000000,1275673.50
1425,lpush5,1000000,830617.94
1425,lrange5,1000000,1221001.25
1426,lpush5,1000000,819711.44
1426,lrange5,1000000,1274048.38
1427,lpush5,1000000,824455.00
1427,lrange5,1000000,1224166.50
1428,lpush5,1000000,829968.44
1428,lrange5,1000000,1193642.00
1429,lpush5,1000000,821123.12
1429,lrange5,1000000,1243980.12
1430,lpush5,1000000,832066.56
1430,lrange5,1000000,1178082.50
1431,lpush5,1000000,828686.00
1431,lrange5,1000000,1193527.50
1432,lpush5,1000000,821732.12
1432,lrange5,1000000,1146880.75
1433,lpush5,1000000,827129.88
1433,lrange5,1000000,809152.12
1434,lpush5,1000000,709734.56
1434,lrange5,1000000,1218085.25
1435,lpush5,1000000,825948.81
1435,lrange5,1000000,1257881.75
1436,lpush5,1000000,819066.38
1436,lrange5,1000000,1192009.50
1437,lpush5,1000000,815869.50
1437,lrange5,1000000,1278792.88
1438,lpush5,1000000,817700.69
1438,lrange5,1000000,1275551.00
1439,lpush5,1000000,819079.50
1439,lrange5,1000000,1280409.75
1440,lpush5,1000000,821188.81
1440,lrange5,1000000,1196535.88
1441,lpush5,1000000,829293.56
1441,lrange5,1000000,1261135.00
1442,lpush5,1000000,832786.00
1442,lrange5,1000000,1209209.12
1443,lpush5,1000000,824521.00
1443,lrange5,1000000,1190762.00
1444,lpush5,1000000,815048.06
1444,lrange5,1000000,1239296.12
1445,lpush5,1000000,821824.12
1445,lrange5,1000000,1269055.88
1446,lpush5,1000000,821083.69
1446,lrange5,1000000,1250100.00
1447,lpush5,1000000,823255.94
1447,lrange5,1000000,1270668.38
1448,lpush5,1000000,823137.44
1448,lrange5,1000000,1270749.62
1449,lpush5,1000000,830578.06
1449,lrange5,1000000,1253132.88
1450,lpush5,1000000,834041.69
1450,lrange5,1000000,1213592.25
1451,lpush5,1000000,829253.75
1451,lrange5,1000000,1277139.25
1452,lpush5,1000000,823775.94
1452,lrange5,1000000,1223990.25
1453,lpush5,1000000,832146.44
1453,lrange5,1000000,1259607.00
1454,lpush5,1000000,826446.25
1454,lrange5,1000000,1282133.38
1455,lpush5,1000000,828026.50
1455,lrange5,1000000,1253313.38
1456,lpush5,1000000,817163.44
1456,lrange5,1000000,1236212.62
1457,lpush5,1000000,827143.12
1457,lrange5,1000000,1218163.25
1458,lpush5,1000000,819079.50
1458,lrange5,1000000,1194896.00
1459,lpush5,1000000,825135.31
1459,lrange5,1000000,1209228.50
1460,lpush5,1000000,822513.19
1460,lrange5,1000000,1270770.00
1461,lpush5,1000000,823775.94
1461,lrange5,1000000,1233065.38
1462,lpush5,1000000,824428.62
1462,lrange5,1000000,1248459.38
1463,lpush5,1000000,827315.12
1463,lrange5,1000000,1277200.50
1464,lpush5,1000000,826499.12
1464,lrange5,1000000,1203369.50
1465,lpush5,1000000,828632.94
1465,lrange5,1000000,1261074.38
1466,lpush5,1000000,823111.06
1466,lrange5,1000000,1200557.00
1467,lpush5,1000000,823255.94
1467,lrange5,1000000,1183640.25
1468,lpush5,1000000,827827.88
1468,lrange5,1000000,1262646.50
1469,lpush5,1000000,823749.62
1469,lrange5,1000000,1240714.62
1470,lpush5,1000000,829875.50
1470,lrange5,1000000,1277159.62
1471,lpush5,1000000,828619.69
1471,lrange5,1000000,1270668.38
1472,lpush5,1000000,827341.62
1472,lrange5,1000000,1203677.50
1473,lpush5,1000000,826446.25
1473,lrange5,1000000,1257922.00
1474,lpush5,1000000,834844.75
1474,lrange5,1000000,1267528.50
1475,lpush5,1000000,823775.94
1475,lrange5,1000000,1242414.88
1476,lpush5,1000000,827907.31
1476,lrange5,1000000,1195125.38
1477,lpush5,1000000,828526.94
1477,lrange5,1000000,1270709.00
1478,lpush5,1000000,839020.12
1478,lrange5,1000000,1202153.88
1479,lpush5,1000000,832013.31
1479,lrange5,1000000,1236153.25
1480,lpush5,1000000,827986.81
1480,lrange5,1000000,1272325.62
1481,lpush5,1000000,825777.06
1481,lrange5,1000000,1251564.38
1482,lpush5,1000000,831946.75
1482,lrange5,1000000,787590.56
1483,lpush5,1000000,824560.56
1483,lrange5,1000000,1250100.00
1484,lpush5,1000000,829200.69
1484,lrange5,1000000,1240734.50
1485,lpush5,1000000,817098.06
1485,lrange5,1000000,1219590.25
1486,lpush5,1000000,827275.44
1486,lrange5,1000000,1261175.25
1487,lpush5,1000000,819711.44
1487,lrange5,1000000,1239177.25
1488,lpush5,1000000,827854.31
1488,lrange5,1000000,1245389.88
1489,lpush5,1000000,822579.00
1489,lrange5,1000000,945285.50
1490,lpush5,1000000,828739.00
1490,lrange5,1000000,1273885.25
1491,lpush5,1000000,821824.12
1491,lrange5,1000000,1282071.88
1492,lpush5,1000000,823775.94
1492,lrange5,1000000,1243801.00
1493,lpush5,1000000,827169.56
1493,lrange5,1000000,1275530.62
1494,lpush5,1000000,818356.81
1494,lrange5,1000000,1277180.12
1495,lpush5,1000000,823229.62
1495,lrange5,1000000,1230012.25
1496,lpush5,1000000,830604.62
1496,lrange5,1000000,1274007.62
1497,lpush5,1000000,822473.69
1497,lrange5,1000000,1278956.50
1498,lpush5,1000000,821863.62
1498,lrange5,1000000,1218163.25
1499,lpush5,1000000,829941.88
1499,lrange5,1000000,1278813.25
1500,lpush5,1000000,826618.12
1500,lrange5,1000000,1234686.38
1501,lpush5,1000000,821850.44
1501,lrange5,1000000,1282051.38
1502,lpush5,1000000,819685.25
1502,lrange5,1000000,1199213.50
1503,lpush5,1000000,820449.56
1503,lrange5,1000000,1194953.38
1504,lpush5,1000000,834924.94
1504,lrange5,1000000,1187781.50
1505,lpush5,1000000,827129.88
1505,lrange5,1000000,1251584.50
1506,lpush5,1000000,834095.06
1506,lrange5,1000000,1262666.62
1507,lpush5,1000000,827894.06
1507,lrange5,1000000,1234587.62
1508,lpush5,1000000,822460.56
1508,lrange5,1000000,1191895.12
1509,lpush5,1000000,825975.25
1509,lrange5,1000000,1282236.00
1510,lpush5,1000000,823255.94
1510,lrange5,1000000,1253373.50
1511,lpush5,1000000,835502.06
1511,lrange5,1000000,1261054.25
1512,lpush5,1000000,824402.25
1512,lrange5,1000000,1230071.25
1513,lpush5,1000000,828500.38
1513,lrange5,1000000,1176790.50
1514,lpush5,1000000,828013.31
1514,lrange5,1000000,1282174.38
1515,lpush5,1000000,827288.69
1515,lrange5,1000000,1278813.25
1516,lpush5,1000000,820410.19
1516,lrange5,1000000,1265944.25
1517,lpush5,1000000,821201.94
1517,lrange5,1000000,1275714.38
1518,lpush5,1000000,818527.00
1518,lrange5,1000000,1267609.62
1519,lpush5,1000000,823176.94
1519,lrange5,1000000,1243860.62
1520,lpush5,1000000,817779.19
1520,lrange5,1000000,1207884.00
1521,lpush5,1000000,828526.94
1521,lrange5,1000000,1278915.62
1522,lpush5,1000000,823084.75
1522,lrange5,1000000,1278813.25
1523,lpush5,1000000,822579.00
1523,lrange5,1000000,1282133.38
1524,lpush5,1000000,825082.50
1524,lrange5,1000000,1278936.00
1525,lpush5,1000000,813734.75
1525,lrange5,1000000,1254725.25
1526,lpush5,1000000,823111.06
1526,lrange5,1000000,1280594.12
1527,lpush5,1000000,824586.94
1527,lrange5,1000000,1194819.62
1528,lpush5,1000000,825948.81
1528,lrange5,1000000,1280553.12
1529,lpush5,1000000,826538.81
1529,lrange5,1000000,1262868.75
1530,lpush5,1000000,825869.56
1530,lrange5,1000000,1202076.88
1531,lpush5,1000000,831348.31
1531,lrange5,1000000,1256442.25
1532,lpush5,1000000,824507.81
1532,lrange5,1000000,1267630.00
1533,lpush5,1000000,825095.69
1533,lrange5,1000000,1194819.62
1534,lpush5,1000000,829280.31
1534,lrange5,1000000,1254705.12
1535,lpush5,1000000,829253.75
1535,lrange5,1000000,1278792.88
1536,lpush5,1000000,819685.25
1536,lrange5,1000000,1278977.00
1537,lpush5,1000000,829928.62
1537,lrange5,1000000,1243940.25
1538,lpush5,1000000,821797.88
1538,lrange5,1000000,1206272.62
1539,lpush5,1000000,822368.44
1539,lrange5,1000000,1218046.38
1540,lpush5,1000000,838249.81
1540,lrange5,1000000,1177912.88
1541,lpush5,1000000,830710.94
1541,lrange5,1000000,1261114.75
1542,lpush5,1000000,823789.12
1542,lrange5,1000000,1213592.25
1543,lpush5,1000000,831281.81
1543,lrange5,1000000,1218280.12
1544,lpush5,1000000,825108.88
1544,lrange5,1000000,1265903.75
1545,lpush5,1000000,827182.81
1545,lrange5,1000000,1242335.38
1546,lpush5,1000000,825948.81
1546,lrange5,1000000,1278936.00
1547,lpush5,1000000,828500.38
1547,lrange5,1000000,1248519.38
1548,lpush5,1000000,827129.88
1548,lrange5,1000000,1282174.38
1549,lpush5,1000000,823789.12
1549,lrange5,1000000,1251664.50
1550,lpush5,1000000,832026.62
1550,lrange5,1000000,1278813.25
1551,lpush5,1000000,823071.56
1551,lrange5,1000000,1272488.50
1552,lpush5,1000000,822447.38
1552,lrange5,1000000,1219512.25
1553,lpush5,1000000,825803.50
1553,lrange5,1000000,1192028.62
1554,lpush5,1000000,821705.81
1554,lrange5,1000000,1194800.50
1555,lpush5,1000000,822434.25
1555,lrange5,1000000,1215183.50
1556,lpush5,1000000,831321.75
1556,lrange5,1000000,1218202.25
1557,lpush5,1000000,825935.62
1557,lrange5,1000000,1264404.50
1558,lpush5,1000000,826604.94
1558,lrange5,1000000,1282112.88
1559,lpush5,1000000,824521.00
1559,lrange5,1000000,1273905.75
1560,lpush5,1000000,827156.31
1560,lrange5,1000000,1261235.88
1561,lpush5,1000000,829373.12
1561,lrange5,1000000,1202019.25
1562,lpush5,1000000,825869.56
1562,lrange5,1000000,1212315.12
1563,lpush5,1000000,829267.00
1563,lrange5,1000000,1131475.12
1564,lpush5,1000000,837034.25
1564,lrange5,1000000,1230169.75
1565,lpush5,1000000,825922.38
1565,lrange5,1000000,1262626.25
1566,lpush5,1000000,832759.38
1566,lrange5,1000000,1282174.38
1567,lpush5,1000000,830564.81
1567,lrange5,1000000,1278772.38
1568,lpush5,1000000,826671.06
1568,lrange5,1000000,1205108.50
1569,lpush5,1000000,823137.44
1569,lrange5,1000000,1278977.00
1570,lpush5,1000000,834135.12
1570,lrange5,1000000,1189479.12
1571,lpush5,1000000,819053.25
1571,lrange5,1000000,1264384.25
1572,lpush5,1000000,821018.00
1572,lrange5,1000000,1253132.88
1573,lpush5,1000000,829888.75
1573,lrange5,1000000,1282256.50
1574,lpush5,1000000,820397.06
1574,lrange5,1000000,1243781.12
1575,lpush5,1000000,824415.44
1575,lrange5,1000000,1288742.25
1576,lpush5,1000000,832053.25
1576,lrange5,1000000,1221059.88
1577,lpush5,1000000,823203.25
1577,lrange5,1000000,1193661.12
1578,lpush5,1000000,825869.56
1578,lrange5,1000000,1215105.75
1579,lpush5,1000000,812503.69
1579,lrange5,1000000,1192219.38
1580,lpush5,1000000,825240.94
1580,lrange5,1000000,1251584.50
1581,lpush5,1000000,824455.00
1581,lrange5,1000000,1257861.62
1582,lpush5,1000000,833373.31
1582,lrange5,1000000,1178120.12
1583,lpush5,1000000,821705.81
1583,lrange5,1000000,1264323.62
1584,lpush5,1000000,832066.56
1584,lrange5,1000000,1264242.75
1585,lpush5,1000000,822421.06
1585,lrange5,1000000,1270648.00
1586,lpush5,1000000,819750.81
1586,lrange5,1000000,1190857.12
1587,lpush5,1000000,818553.19
1587,lrange5,1000000,1189365.00
1588,lpush5,1000000,828672.75
1588,lrange5,1000000,1186296.62
1589,lpush5,1000000,821083.69
1589,lrange5,1000000,1201980.75
1590,lpush5,1000000,822368.44
1590,lrange5,1000000,1251604.50
1591,lpush5,1000000,821837.31
1591,lrange5,1000000,1258022.62
1592,lpush5,1000000,828000.06
1592,lrange5,1000000,1196440.12
1593,lpush5,1000000,823762.75
1593,lrange5,1000000,1200729.88
1594,lpush5,1000000,826552.06
1594,lrange5,1000000,1242375.12
1595,lpush5,1000000,823762.75
1595,lrange5,1000000,1239157.38
1596,lpush5,1000000,819013.94
1596,lrange5,1000000,1254865.75
1597,lpush5,1000000,825135.31
1597,lrange5,1000000,1273885.25
1598,lpush5,1000000,817176.50
1598,lrange5,1000000,1233183.75
1599,lpush5,1000000,821070.56
1599,lrange5,1000000,1177950.50
1600,lpush5,1000000,823775.94
1600,lrange5,1000000,1233085.12
1601,lpush5,1000000,828500.38
1601,lrange5,1000000,1186315.50
1602,lpush5,1000000,822368.44
1602,lrange5,1000000,1175219.75
1603,lpush5,1000000,834055.06
1603,lrange5,1000000,1197873.12
1604,lpush5,1000000,824586.94
1604,lrange5,1000000,1218143.75
1605,lpush5,1000000,827947.06
1605,lrange5,1000000,1197681.50
1606,lpush5,1000000,830564.81
1606,lrange5,1000000,1256301.50
1607,lpush5,1000000,824547.38
1607,lrange5,1000000,1262666.62
1608,lpush5,1000000,820383.94
1608,lrange5,1000000,1240734.50
1609,lpush5,1000000,825214.50
1609,lrange5,1000000,1275693.88
1610,lpush5,1000000,829875.50
1610,lrange5,1000000,1261034.12
1611,lpush5,1000000,826459.50
1611,lrange5,1000000,1197719.75
1612,lpush5,1000000,825777.06
1612,lrange5,1000000,1194781.38
1613,lpush5,1000000,825240.94
1613,lrange5,1000000,1242236.00
1614,lpush5,1000000,823723.25
1614,lrange5,1000000,1222611.25
1615,lpush5,1000000,826591.69
1615,lrange5,1000000,1265944.25
1616,lpush5,1000000,819777.00
1616,lrange5,1000000,1187933.50
1617,lpush5,1000000,829253.75
1617,lrange5,1000000,1197834.75
1618,lpush5,1000000,821228.19
1618,lrange5,1000000,1272325.62
1619,lpush5,1000000,830591.38
1619,lrange5,1000000,1272447.88
1620,lpush5,1000000,826459.50
1620,lrange5,1000000,1187971.50
1621,lpush5,1000000,825975.25
1621,lrange5,1000000,1204954.25
1622,lpush5,1000000,832719.44
1622,lrange5,1000000,1178082.50
1623,lpush5,1000000,834095.06
1623,lrange5,1000000,1256281.38
1624,lpush5,1000000,832652.81
1624,lrange5,1000000,1274048.38
1625,lpush5,1000000,829346.62
1625,lrange5,1000000,1287310.12
1626,lpush5,1000000,815752.06
1626,lrange5,1000000,1192028.62
1627,lpush5,1000000,821123.12
1627,lrange5,1000000,1205108.50
1628,lpush5,1000000,825135.31
1628,lrange5,1000000,1182203.25
1629,lpush5,1000000,822381.62
1629,lrange5,1000000,1248459.38
1630,lpush5,1000000,827129.88
1630,lrange5,1000000,1273905.75
1631,lpush5,1000000,822473.69
1631,lrange5,1000000,1210711.88
1632,lpush5,1000000,831388.25
1632,lrange5,1000000,1185137.50
1633,lpush5,1000000,819066.38
1633,lrange5,1000000,1250020.00
1634,lpush5,1000000,820357.69
1634,lrange5,1000000,1234607.38
1635,lpush5,1000000,823058.44
1635,lrange5,1000000,1254905.88
1636,lpush5,1000000,821136.25
1636,lrange5,1000000,1248499.38
1637,lpush5,1000000,819053.25
1637,lrange5,1000000,1266025.25
1638,lpush5,1000000,825882.75
1638,lrange5,1000000,1273885.25
1639,lpush5,1000000,819763.94
1639,lrange5,1000000,1269421.38
1640,lpush5,1000000,817713.81
1640,lrange5,1000000,1193642.00
1641,lpush5,1000000,817831.50
1641,lrange5,1000000,1187914.50
1642,lpush5,1000000,826578.50
1642,lrange5,1000000,1266005.00
1643,lpush5,1000000,823097.94
1643,lrange5,1000000,1192333.75
1644,lpush5,1000000,825816.69
1644,lrange5,1000000,1239256.50
1645,lpush5,1000000,832133.12
1645,lrange5,1000000,1269360.38
1646,lpush5,1000000,819053.25
1646,lrange5,1000000,1193374.75
1647,lpush5,1000000,826525.62
1647,lrange5,1000000,1251604.50
1648,lpush5,1000000,827182.81
1648,lrange5,1000000,1264364.12
1649,lpush5,1000000,817124.19
1649,lrange5,1000000,1196382.75
1650,lpush5,1000000,833453.31
1650,lrange5,1000000,1264263.00
1651,lpush5,1000000,821916.19
1651,lrange5,1000000,1254805.50
1652,lpush5,1000000,827249.00
1652,lrange5,1000000,1251564.38
1653,lpush5,1000000,821745.25
1653,lrange5,1000000,1283881.88
1654,lpush5,1000000,823097.94
1654,lrange5,1000000,1280450.62
1655,lpush5,1000000,814462.50
1655,lrange5,1000000,1280471.12
1656,lpush5,1000000,825254.12
1656,lrange5,1000000,1237643.50
1657,lpush5,1000000,824402.25
1657,lrange5,1000000,1262747.50
1658,lpush5,1000000,831321.75
1658,lrange5,1000000,1228501.25
1659,lpush5,1000000,819000.88
1659,lrange5,1000000,1287124.88
1660,lpush5,1000000,819092.56
1660,lrange5,1000000,1196440.12
1661,lpush5,1000000,822434.25
1661,lrange5,1000000,1288762.88
1662,lpush5,1000000,821083.69
1662,lrange5,1000000,1201980.75
1663,lpush5,1000000,822579.00
1663,lrange5,1000000,1250020.00
1664,lpush5,1000000,825882.75
1664,lrange5,1000000,1269137.12
1665,lpush5,1000000,826565.25
1665,lrange5,1000000,1250120.00
1666,lpush5,1000000,825922.38
1666,lrange5,1000000,1254745.25
1667,lpush5,1000000,824402.25
1667,lrange5,1000000,1287021.88
1668,lpush5,1000000,823841.88
1668,lrange5,1000000,1290363.88
1669,lpush5,1000000,817202.62
1669,lrange5,1000000,1192200.25
1670,lpush5,1000000,834724.56
1670,lrange5,1000000,1190476.25
1671,lpush5,1000000,830724.25
1671,lrange5,1000000,1196382.75
1672,lpush5,1000000,825082.50
1672,lrange5,1000000,1196593.25
1673,lpush5,1000000,832639.50
1673,lrange5,1000000,1196382.75
1674,lpush5,1000000,818540.12
1674,lrange5,1000000,1197892.25
1675,lpush5,1000000,826671.06
1675,lrange5,1000000,1231704.50
1676,lpush5,1000000,823802.31
1676,lrange5,1000000,1272346.00
1677,lpush5,1000000,823045.25
1677,lrange5,1000000,1273987.25
1678,lpush5,1000000,830710.94
1678,lrange5,1000000,1231684.75
1679,lpush5,1000000,822394.75
1679,lrange5,1000000,1277180.12
1680,lpush5,1000000,826591.69
1680,lrange5,1000000,1267488.00
1681,lpush5,1000000,824521.00
1681,lrange5,1000000,1265843.00
1682,lpush5,1000000,836173.94
1682,lrange5,1000000,1233085.12
1683,lpush5,1000000,827315.12
1683,lrange5,1000000,1262767.62
1684,lpush5,1000000,824481.44
1684,lrange5,1000000,1185194.38
1685,lpush5,1000000,835595.62
1685,lrange5,1000000,1179396.25
1686,lpush5,1000000,829981.69
1686,lrange5,1000000,1261215.62
1687,lpush5,1000000,841858.62
1687,lrange5,1000000,1237782.12
1688,lpush5,1000000,831321.75
1688,lrange5,1000000,1231704.50
1689,lpush5,1000000,819066.38
1689,lrange5,1000000,1194838.75
1690,lpush5,1000000,829187.44
1690,lrange5,1000000,1186353.50
1691,lpush5,1000000,825174.94
1691,lrange5,1000000,1203369.50
1692,lpush5,1000000,825790.25
1692,lrange5,1000000,1222709.00
1693,lpush5,1000000,829915.31
1693,lrange5,1000000,1248459.38
1694,lpush5,1000000,825829.94
1694,lrange5,1000000,1182070.88
1695,lpush5,1000000,823775.94
1695,lrange5,1000000,1257982.38
1696,lpush5,1000000,825869.56
1696,lrange5,1000000,1196248.75
1697,lpush5,1000000,819145.00
1697,lrange5,1000000,1239395.38
1698,lpush5,1000000,825240.94
1698,lrange5,1000000,1277200.50
1699,lpush5,1000000,827907.31
1699,lrange5,1000000,1267467.75
1700,lpush5,1000000,813682.69
1700,lrange5,1000000,1265843.00
1701,lpush5,1000000,821692.69
1701,lrange5,1000000,1176621.12
1702,lpush5,1000000,823216.44
1702,lrange5,1000000,1237702.88
1703,lpush5,1000000,821241.31
1703,lrange5,1000000,1282071.88
1704,lpush5,1000000,828039.75
1704,lrange5,1000000,1280512.12
1705,lpush5,1000000,817006.56
1705,lrange5,1000000,1192238.38
1706,lpush5,1000000,828513.69
1706,lrange5,1000000,1168336.50
1707,lpush5,1000000,817202.62
1707,lrange5,1000000,1212450.88
1708,lpush5,1000000,822381.62
1708,lrange5,1000000,1206523.50
1709,lpush5,1000000,820515.19
1709,lrange5,1000000,1200614.62
1710,lpush5,1000000,821188.81
1710,lrange5,1000000,1196325.38
1711,lpush5,1000000,832692.75
1711,lrange5,1000000,1269055.88
1712,lpush5,1000000,816993.50
1712,lrange5,1000000,1208115.88
1713,lpush5,1000000,819737.69
1713,lrange5,1000000,1110020.00
1714,lpush5,1000000,823736.44
1714,lrange5,1000000,1275510.25
1715,lpush5,1000000,823934.12
1715,lrange5,1000000,1261094.62
1716,lpush5,1000000,831268.50
1716,lrange5,1000000,1269096.50
1717,lpush5,1000000,827249.00
1717,lrange5,1000000,1194800.50
1718,lpush5,1000000,828712.50
1718,lrange5,1000000,1280430.25
1719,lpush5,1000000,819803.25
1719,lrange5,1000000,1265863.25
1720,lpush5,1000000,836173.94
1720,lrange5,1000000,1239216.88
1721,lpush5,1000000,816483.25
1721,lrange5,1000000,1225647.12
1722,lpush5,1000000,812386.69
1722,lrange5,1000000,1246902.75
1723,lpush5,1000000,821083.69
1723,lrange5,1000000,1197719.75
1724,lpush5,1000000,815673.75
1724,lrange5,1000000,1222611.25
1725,lpush5,1000000,819763.94
1725,lrange5,1000000,1233203.50
1726,lpush5,1000000,821136.25
1726,lrange5,1000000,1258042.75
1727,lpush5,1000000,829902.06
1727,lrange5,1000000,1197777.25
1728,lpush5,1000000,829240.50
1728,lrange5,1000000,1194781.38
1729,lpush5,1000000,824441.81
1729,lrange5,1000000,1216700.75
1730,lpush5,1000000,823762.75
1730,lrange5,1000000,1262626.25
1731,lpush5,1000000,826538.81
1731,lrange5,1000000,1272264.62
1732,lpush5,1000000,826538.81
1732,lrange5,1000000,1184910.00
1733,lpush5,1000000,825122.12
1733,lrange5,1000000,1261094.62
1734,lpush5,1000000,832000.00
1734,lrange5,1000000,1246902.75
1735,lpush5,1000000,827947.06
1735,lrange5,1000000,1243980.12
1736,lpush5,1000000,836860.19
1736,lrange5,1000000,1247022.50
1737,lpush5,1000000,824468.25
1737,lrange5,1000000,1203754.50
1738,lpush5,1000000,826459.50
1738,lrange5,1000000,1240873.50
1739,lpush5,1000000,822460.56
1739,lrange5,1000000,1265984.75
1740,lpush5,1000000,825188.12
1740,lrange5,1000000,1262646.50
1741,lpush5,1000000,817713.81
1741,lrange5,1000000,1265883.50
1742,lpush5,1000000,823802.31
1742,lrange5,1000000,916693.00
1743,lpush5,1000000,821784.69
1743,lrange5,1000000,1245449.62
1744,lpush5,1000000,825267.31
1744,lrange5,1000000,1247002.50
1745,lpush5,1000000,821031.19
1745,lrange5,1000000,1215280.62
1746,lpush5,1000000,827973.56
1746,lrange5,1000000,1267467.75
1747,lpush5,1000000,821096.81
1747,lrange5,1000000,1202115.38
1748,lpush5,1000000,825095.69
1748,lrange5,1000000,1186619.25
1749,lpush5,1000000,823097.94
1749,lrange5,1000000,1283758.75
1750,lpush5,1000000,829200.69
1750,lrange5,1000000,1243900.50
1751,lpush5,1000000,828540.19
1751,lrange5,1000000,1206620.00
1752,lpush5,1000000,826512.38
1752,lrange5,1000000,1245369.88
1753,lpush5,1000000,821175.69
1753,lrange5,1000000,1269218.25
1754,lpush5,1000000,827143.12
1754,lrange5,1000000,1285388.12
1755,lpush5,1000000,817085.00
1755,lrange5,1000000,1285388.12
1756,lpush5,1000000,817006.56
1756,lrange5,1000000,1237643.50
1757,lpush5,1000000,827841.12
1757,lrange5,1000000,1278977.00
1758,lpush5,1000000,823111.06
1758,lrange5,1000000,1275530.62
1759,lpush5,1000000,816993.50
1759,lrange5,1000000,1242236.00
1760,lpush5,1000000,816326.50
1760,lrange5,1000000,1195125.38
1761,lpush5,1000000,823097.94
1761,lrange5,1000000,1269035.50
1762,lpush5,1000000,820488.94
1762,lrange5,1000000,1192162.12
1763,lpush5,1000000,823802.31
1763,lrange5,1000000,1206600.75
1764,lpush5,1000000,822421.06
1764,lrange5,1000000,1265903.75
1765,lpush5,1000000,817150.31
1765,lrange5,1000000,1197604.88
1766,lpush5,1000000,828026.50
1766,lrange5,1000000,1259526.38
1767,lpush5,1000000,821889.88
1767,lrange5,1000000,1280409.75
1768,lpush5,1000000,822421.06
1768,lrange5,1000000,1187705.50
1769,lpush5,1000000,828553.44
1769,lrange5,1000000,1183697.00
1770,lpush5,1000000,827880.81
1770,lrange5,1000000,1193622.88
1771,lpush5,1000000,827235.75
1771,lrange5,1000000,1209402.62
1772,lpush5,1000000,819053.25
1772,lrange5,1000000,1246922.75
1773,lpush5,1000000,828553.44
1773,lrange5,1000000,1197739.00
1774,lpush5,1000000,818540.12
1774,lrange5,1000000,1216583.88
1775,lpush5,1000000,824626.50
1775,lrange5,1000000,1224049.00
1776,lpush5,1000000,820397.06
1776,lrange5,1000000,1254745.25
1777,lpush5,1000000,826485.94
1777,lrange5,1000000,1209286.50
1778,lpush5,1000000,834095.06
1778,lrange5,1000000,1285347.00
1779,lpush5,1000000,821903.06
1779,lrange5,1000000,1196172.25
1780,lpush5,1000000,820410.19
1780,lrange5,1000000,1203696.75
1781,lpush5,1000000,819724.56
1781,lrange5,1000000,1278813.25
1782,lpush5,1000000,830644.50
1782,lrange5,1000000,1283738.12
1783,lpush5,1000000,820397.06
1783,lrange5,1000000,1246922.75
1784,lpush5,1000000,822407.94
1784,lrange5,1000000,1282051.38
1785,lpush5,1000000,828566.69
1785,lrange5,1000000,1283820.25
1786,lpush5,1000000,823775.94
1786,lrange5,1000000,1257962.25
1787,lpush5,1000000,827156.31
1787,lrange5,1000000,1205031.38
1788,lpush5,1000000,828606.44
1788,lrange5,1000000,1270871.62
1789,lpush5,1000000,824468.25
1789,lrange5,1000000,1247062.38
1790,lpush5,1000000,831973.38
1790,lrange5,1000000,1215144.62
1791,lpush5,1000000,825082.50
1791,lrange5,1000000,1187971.50
1792,lpush5,1000000,827143.12
1792,lrange5,1000000,1186638.25
1793,lpush5,1000000,825095.69
1793,lrange5,1000000,1222533.00
1794,lpush5,1000000,816391.81
1794,lrange5,1000000,1230032.00
1795,lpush5,1000000,825803.50
1795,lrange5,1000000,1254785.50
1796,lpush5,1000000,821136.25
1796,lrange5,1000000,1248559.25
1797,lpush5,1000000,830061.38
1797,lrange5,1000000,1154826.75
1798,lpush5,1000000,841110.19
1798,lrange5,1000000,1278813.25
1799,lpush5,1000000,836120.44
1799,lrange5,1000000,1183715.88
1800,lpush5,1000000,825975.25
1800,lrange5,1000000,1273885.25
1801,lpush5,1000000,827196.06
1801,lrange5,1000000,1184834.12
1802,lpush5,1000000,825777.06
1802,lrange5,1000000,1182241.12
1803,lpush5,1000000,821228.19
1803,lrange5,1000000,1118890.38
1804,lpush5,1000000,819000.88
1804,lrange5,1000000,1273946.50
1805,lpush5,1000000,818422.25
1805,lrange5,1000000,1207729.50
1806,lpush5,1000000,816391.81
1806,lrange5,1000000,1183734.88
1807,lpush5,1000000,828540.19
1807,lrange5,1000000,1270729.38
1808,lpush5,1000000,829253.75
1808,lrange5,1000000,1283964.12
1809,lpush5,1000000,825777.06
1809,lrange5,1000000,1250160.00
1810,lpush5,1000000,833346.62
1810,lrange5,1000000,1234627.12
1811,lpush5,1000000,819895.06
1811,lrange5,1000000,1264242.75
1812,lpush5,1000000,822434.25
1812,lrange5,1000000,1262707.12
1813,lpush5,1000000,821692.69
1813,lrange5,1000000,1218124.25
1814,lpush5,1000000,813073.19
1814,lrange5,1000000,1285347.00
1815,lpush5,1000000,818435.38
1815,lrange5,1000000,1278854.25
1816,lpush5,1000000,829941.88
1816,lrange5,1000000,1280532.62
1817,lpush5,1000000,820449.56
1817,lrange5,1000000,1203427.25
1818,lpush5,1000000,828553.44
1818,lrange5,1000000,1272305.38
1819,lpush5,1000000,825082.50
1819,lrange5,1000000,1283758.75
1820,lpush5,1000000,823216.44
1820,lrange5,1000000,1184928.88
1821,lpush5,1000000,823084.75
1821,lrange5,1000000,1188028.50
1822,lpush5,1000000,821070.56
1822,lrange5,1000000,1233223.25
1823,lpush5,1000000,814358.25
1823,lrange5,1000000,1258022.62
1824,lpush5,1000000,829941.88
1824,lrange5,1000000,1202038.38
1825,lpush5,1000000,819053.25
1825,lrange5,1000000,1240754.38
1826,lpush5,1000000,827301.94
1826,lrange5,1000000,1283738.12
1827,lpush5,1000000,824507.81
1827,lrange5,1000000,1192085.88
1828,lpush5,1000000,830710.94
1828,lrange5,1000000,1269055.88
1829,lpush5,1000000,819079.50
1829,lrange5,1000000,1282236.00
1830,lpush5,1000000,827880.81
1830,lrange5,1000000,1195068.12
1831,lpush5,1000000,820462.69
1831,lrange5,1000000,1186410.50
1832,lpush5,1000000,831268.50
1832,lrange5,1000000,1192162.12
1833,lpush5,1000000,823775.94
1833,lrange5,1000000,1192276.50
1834,lpush5,1000000,829187.44
1834,lrange5,1000000,1240853.62
1835,lpush5,1000000,824534.19
1835,lrange5,1000000,1270688.75
1836,lpush5,1000000,827986.81
1836,lrange5,1000000,1237762.38
1837,lpush5,1000000,823058.44
1837,lrange5,1000000,1039667.38
1838,lpush5,1000000,819711.44
1838,lrange5,1000000,1280594.12
1839,lpush5,1000000,828672.75
1839,lrange5,1000000,1250080.00
1840,lpush5,1000000,823815.50
1840,lrange5,1000000,1187914.50
1841,lpush5,1000000,818461.56
1841,lrange5,1000000,1199366.88
1842,lpush5,1000000,823097.94
1842,lrange5,1000000,1193489.25
1843,lpush5,1000000,834724.56
1843,lrange5,1000000,1206388.38
1844,lpush5,1000000,836187.31
1844,lrange5,1000000,1257901.88
1845,lpush5,1000000,819790.12
1845,lrange5,1000000,1259526.38
1846,lpush5,1000000,824402.25
1846,lrange5,1000000,1272285.00
1847,lpush5,1000000,829227.19
1847,lrange5,1000000,1262626.25
1848,lpush5,1000000,824428.62
1848,lrange5,1000000,1245330.00
1849,lpush5,1000000,838316.88
1849,lrange5,1000000,1180996.50
1850,lpush5,1000000,821215.06
1850,lrange5,1000000,1222552.50
1851,lpush5,1000000,820357.69
1851,lrange5,1000000,1280614.62
1852,lpush5,1000000,823723.25
1852,lrange5,1000000,1269198.00
1853,lpush5,1000000,822421.06
1853,lrange5,1000000,1264323.62
1854,lpush5,1000000,830604.62
1854,lrange5,1000000,1270688.75
1855,lpush5,1000000,822368.44
1855,lrange5,1000000,1234587.62
1856,lpush5,1000000,826525.62
1856,lrange5,1000000,1172595.62
1857,lpush5,1000000,823920.94
1857,lrange5,1000000,1270668.38
1858,lpush5,1000000,819158.12
1858,lrange5,1000000,1257962.25
1859,lpush5,1000000,823723.25
1859,lrange5,1000000,1225509.88
1860,lpush5,1000000,823084.75
1860,lrange5,1000000,1264424.75
1861,lpush5,1000000,825174.94
1861,lrange5,1000000,1209344.62
1862,lpush5,1000000,818343.69
1862,lrange5,1000000,1278833.75
1863,lpush5,1000000,819079.50
1863,lrange5,1000000,1218046.38
1864,lpush5,1000000,819737.69
1864,lrange5,1000000,1200864.38
1865,lpush5,1000000,828566.69
1865,lrange5,1000000,1270688.75
1866,lpush5,1000000,825882.75
1866,lrange5,1000000,1277139.25
1867,lpush5,1000000,822552.69
1867,lrange5,1000000,1187857.50
1868,lpush5,1000000,827275.44
1868,lrange5,1000000,1277139.25
1869,lpush5,1000000,821083.69
1869,lrange5,1000000,1256301.50
1870,lpush5,1000000,820383.94
1870,lrange5,1000000,1160352.62
1871,lpush5,1000000,827156.31
1871,lrange5,1000000,1262828.25
1872,lpush5,1000000,819790.12
1872,lrange5,1000000,1239276.38
1873,lpush5,1000000,831428.12
1873,lrange5,1000000,1254705.12
1874,lpush5,1000000,824507.81
1874,lrange5,1000000,1278813.25
1875,lpush5,1000000,829995.00
1875,lrange5,1000000,1239157.38
1876,lpush5,1000000,816378.75
1876,lrange5,1000000,1242275.75
1877,lpush5,1000000,826485.94
1877,lrange5,1000000,1190685.75
1878,lpush5,1000000,828026.50
1878,lrange5,1000000,1233045.62
1879,lpush5,1000000,825174.94
1879,lrange5,1000000,1282112.88
1880,lpush5,1000000,822539.50
1880,lrange5,1000000,1201980.75
1881,lpush5,1000000,820383.94
1881,lrange5,1000000,1178252.12
1882,lpush5,1000000,819013.94
1882,lrange5,1000000,1219629.25
1883,lpush5,1000000,830724.25
1883,lrange5,1000000,1267528.50
1884,lpush5,1000000,824402.25
1884,lrange5,1000000,1266045.50
1885,lpush5,1000000,816339.56
1885,lrange5,1000000,1278854.25
1886,lpush5,1000000,816509.38
1886,lrange5,1000000,1261215.62
1887,lpush5,1000000,820383.94
1887,lrange5,1000000,1182241.12
1888,lpush5,1000000,823762.75
1888,lrange5,1000000,1280471.12
1889,lpush5,1000000,830777.44
1889,lrange5,1000000,1230169.75
1890,lpush5,1000000,825161.69
1890,lrange5,1000000,1239216.88
1891,lpush5,1000000,823736.44
1891,lrange5,1000000,1197834.75
1892,lpush5,1000000,821758.44
1892,lrange5,1000000,1280430.25
1893,lpush5,1000000,822368.44
1893,lrange5,1000000,1273987.25
1894,lpush5,1000000,832692.75
1894,lrange5,1000000,1290529.12
1895,lpush5,1000000,825161.69
1895,lrange5,1000000,1230169.75
1896,lpush5,1000000,825829.94
1896,lrange5,1000000,1200825.88
1897,lpush5,1000000,836860.19
1897,lrange5,1000000,1196267.88
1898,lpush5,1000000,823749.62
1898,lrange5,1000000,1239197.00
1899,lpush5,1000000,819685.25
1899,lrange5,1000000,1240714.62
1900,lpush5,1000000,833439.94
1900,lrange5,1000000,1254745.25
1901,lpush5,1000000,830617.94
1901,lrange5,1000000,1278792.88
1902,lpush5,1000000,822407.94
1902,lrange5,1000000,1186600.25
1903,lpush5,1000000,823775.94
1903,lrange5,1000000,1245350.00
1904,lpush5,1000000,821797.88
1904,lrange5,1000000,1261034.12
1905,lpush5,1000000,825095.69
1905,lrange5,1000000,1259506.25
1906,lpush5,1000000,825909.19
1906,lrange5,1000000,1194800.50
1907,lpush5,1000000,815882.56
1907,lrange5,1000000,1272346.00
1908,lpush5,1000000,826525.62
1908,lrange5,1000000,1250040.00
1909,lpush5,1000000,832879.31
1909,lrange5,1000000,1265863.25
1910,lpush5,1000000,823736.44
1910,lrange5,1000000,1243840.75
1911,lpush5,1000000,823736.44
1911,lrange5,1000000,1261054.25
1912,lpush5,1000000,825240.94
1912,lrange5,1000000,1201942.25
1913,lpush5,1000000,817713.81
1913,lrange5,1000000,1265863.25
1914,lpush5,1000000,831986.69
1914,lrange5,1000000,1239236.75
1915,lpush5,1000000,823084.75
1915,lrange5,1000000,1189098.62
1916,lpush5,1000000,825122.12
1916,lrange5,1000000,1196382.75
1917,lpush5,1000000,821811.00
1917,lrange5,1000000,1215241.75
1918,lpush5,1000000,824586.94
1918,lrange5,1000000,1274129.88
1919,lpush5,1000000,822579.00
1919,lrange5,1000000,1254725.25
1920,lpush5,1000000,826618.12
1920,lrange5,1000000,1234804.88
1921,lpush5,1000000,815791.25
1921,lrange5,1000000,1245489.50
1922,lpush5,1000000,827222.50
1922,lrange5,1000000,1236133.50
1923,lpush5,1000000,822381.62
1923,lrange5,1000000,1187800.50
1924,lpush5,1000000,823907.75
1924,lrange5,1000000,1190762.00
1925,lpush5,1000000,822394.75
1925,lrange5,1000000,1267447.50
1926,lpush5,1000000,832812.69
1926,lrange5,1000000,1221059.88
1927,lpush5,1000000,830564.81
1927,lrange5,1000000,1255026.38
1928,lpush5,1000000,825896.00
1928,lrange5,1000000,1254785.50
1929,lpush5,1000000,820541.44
1929,lrange5,1000000,1230071.25
1930,lpush5,1000000,836820.06
1930,lrange5,1000000,1275653.12
1931,lpush5,1000000,823045.25
1931,lrange5,1000000,1283758.75
1932,lpush5,1000000,825135.31
1932,lrange5,1000000,1187724.50
1933,lpush5,1000000,836334.44
1933,lrange5,1000000,1275673.50
1934,lpush5,1000000,819737.69
1934,lrange5,1000000,1182373.50
1935,lpush5,1000000,823762.75
1935,lrange5,1000000,1189422.12
1936,lpush5,1000000,821692.69
1936,lrange5,1000000,1267508.25
1937,lpush5,1000000,827907.31
1937,lrange5,1000000,1240833.75
1938,lpush5,1000000,827827.88
1938,lrange5,1000000,1193470.12
1939,lpush5,1000000,830604.62
1939,lrange5,1000000,1192104.88
1940,lpush5,1000000,823828.69
1940,lrange5,1000000,1256341.75
1941,lpush5,1000000,834175.12
1941,lrange5,1000000,1258042.75
1942,lpush5,1000000,828725.75
1942,lrange5,1000000,1259486.12
1943,lpush5,1000000,826578.50
1943,lrange5,1000000,1184985.75
1944,lpush5,1000000,823058.44
1944,lrange5,1000000,1269198.00
1945,lpush5,1000000,826578.50
1945,lrange5,1000000,1273885.25
1946,lpush5,1000000,831441.44
1946,lrange5,1000000,1257942.12
1947,lpush5,1000000,830684.38
1947,lrange5,1000000,1210808.75
1948,lpush5,1000000,823071.56
1948,lrange5,1000000,1248499.38
1949,lpush5,1000000,839046.94
1949,lrange5,1000000,1282277.00
1950,lpush5,1000000,827986.81
1950,lrange5,1000000,1261034.12
1951,lpush5,1000000,823855.06
1951,lrange5,1000000,1213592.25
1952,lpush5,1000000,827933.81
1952,lrange5,1000000,1261034.12
1953,lpush5,1000000,831468.06
1953,lrange5,1000000,1280430.25
1954,lpush5,1000000,818422.25
1954,lrange5,1000000,1253132.88
1955,lpush5,1000000,818487.75
1955,lrange5,1000000,1256281.38
1956,lpush5,1000000,826591.69
1956,lrange5,1000000,1237762.38
1957,lpush5,1000000,830724.25
1957,lrange5,1000000,1257901.88
1958,lpush5,1000000,819145.00
1958,lrange5,1000000,1242315.50
1959,lpush5,1000000,823894.56
1959,lrange5,1000000,1203696.75
1960,lpush5,1000000,824573.75
1960,lrange5,1000000,1265863.25
1961,lpush5,1000000,828013.31
1961,lrange5,1000000,1203677.50
1962,lpush5,1000000,832826.00
1962,lrange5,1000000,1278772.38
1963,lpush5,1000000,822381.62
1963,lrange5,1000000,1199098.38
1964,lpush5,1000000,825174.94
1964,lrange5,1000000,1285449.88
1965,lpush5,1000000,823097.94
1965,lrange5,1000000,1258042.75
1966,lpush5,1000000,819223.62
1966,lrange5,1000000,1196574.12
1967,lpush5,1000000,822421.06
1967,lrange5,1000000,1262686.88
1968,lpush5,1000000,819698.31
1968,lrange5,1000000,1200653.00
1969,lpush5,1000000,823775.94
1969,lrange5,1000000,1231527.12
1970,lpush5,1000000,821083.69
1970,lrange5,1000000,1231527.12
1971,lpush5,1000000,821797.88
1971,lrange5,1000000,1285367.62
1972,lpush5,1000000,835542.19
1972,lrange5,1000000,1265843.00
1973,lpush5,1000000,821705.81
1973,lrange5,1000000,1270810.62
1974,lpush5,1000000,819685.25
1974,lrange5,1000000,1254905.88
1975,lpush5,1000000,837520.94
1975,lrange5,1000000,1287083.62
1976,lpush5,1000000,821188.81
1976,lrange5,1000000,1283738.12
1977,lpush5,1000000,829981.69
1977,lrange5,1000000,1257881.75
1978,lpush5,1000000,823203.25
1978,lrange5,1000000,1192257.50
1979,lpush5,1000000,836120.44
1979,lrange5,1000000,1254765.38
1980,lpush5,1000000,823762.75
1980,lrange5,1000000,1243940.25
1981,lpush5,1000000,821110.00
1981,lrange5,1000000,1265984.75
1982,lpush5,1000000,832732.75
1982,lrange5,1000000,1200653.00
1983,lpush5,1000000,826604.94
1983,lrange5,1000000,1209247.88
1984,lpush5,1000000,822592.12
1984,lrange5,1000000,1228717.38
1985,lpush5,1000000,827143.12
1985,lrange5,1000000,1272305.38
1986,lpush5,1000000,830644.50
1986,lrange5,1000000,1225647.12
1987,lpush5,1000000,826684.25
1987,lrange5,1000000,1261377.12
1988,lpush5,1000000,826499.12
1988,lrange5,1000000,1255046.50
1989,lpush5,1000000,831946.75
1989,lrange5,1000000,1172370.50
1990,lpush5,1000000,819131.88
1990,lrange5,1000000,1182392.38
1991,lpush5,1000000,823269.12
1991,lrange5,1000000,1248439.50
1992,lpush5,1000000,830737.56
1992,lrange5,1000000,1200480.12
1993,lpush5,1000000,817713.81
1993,lrange5,1000000,1164349.25
1994,lpush5,1000000,825882.75
1994,lrange5,1000000,1272427.50
1995,lpush5,1000000,822368.44
1995,lrange5,1000000,1288845.38
1996,lpush5,1000000,825135.31
1996,lrange5,1000000,1196248.75
1997,lpush5,1000000,823841.88
1997,lrange5,1000000,1259486.12
1998,lpush5,1000000,829399.69
1998,lrange5,1000000,1277323.12
1999,lpush5,1000000,820515.19
1999,lrange5,1000000,1186448.38
2000,lpush5,1000000,822407.94
2000,lrange5,1000000,1265822.75
