operation,mean_rps,trials
lpush5,810764.851040,2000
lrange5,1236394.008605,2000
