trial,operation,requests,rps
1,lpush5,1000000,625912.38
1,lrange5,1000000,1277343.62
2,lpush5,1000000,816993.50
2,lrange5,1000000,1251744.62
3,lpush5,1000000,829968.44
3,lrange5,1000000,1285367.62
4,lpush5,1000000,819000.88
4,lrange5,1000000,1290322.62
5,lpush5,1000000,828712.50
5,lrange5,1000000,1295440.38
6,lpush5,1000000,823723.25
6,lrange5,1000000,1273926.12
7,lpush5,1000000,823097.94
7,lrange5,1000000,1283840.88
8,lpush5,1000000,827182.81
8,lrange5,1000000,1295336.75
9,lpush5,1000000,836160.56
9,lrange5,1000000,1293702.50
10,lpush5,1000000,834871.50
10,lrange5,1000000,1297182.88
11,lpush5,1000000,835528.81
11,lrange5,1000000,1297120.62
12,lpush5,1000000,824441.81
12,lrange5,1000000,1190857.12
13,lpush5,1000000,835595.62
13,lrange5,1000000,1197853.88
14,lpush5,1000000,822486.88
14,lrange5,1000000,1293743.88
15,lpush5,1000000,837708.56
15,lrange5,1000000,1202250.00
16,lpush5,1000000,831308.44
16,lrange5,1000000,974658.88
17,lpush5,1000000,830578.06
17,lrange5,1000000,1264222.50
18,lpush5,1000000,826446.25
18,lrange5,1000000,1278915.62
19,lpush5,1000000,831308.44
19,lrange5,1000000,1224049.00
20,lpush5,1000000,835528.81
20,lrange5,1000000,1287227.75
21,lpush5,1000000,825816.69
21,lrange5,1000000,1234587.62
22,lpush5,1000000,829333.38
22,lrange5,1000000,1292031.00
23,lpush5,1000000,839630.56
23,lrange5,1000000,1278813.25
24,lpush5,1000000,819777.00
24,lrange5,1000000,1293847.38
25,lpush5,1000000,833359.94
25,lrange5,1000000,1269035.50
26,lpush5,1000000,827235.75
26,lrange5,1000000,1293723.12
27,lpush5,1000000,841925.94
27,lrange5,1000000,1287063.00
28,lpush5,1000000,838926.12
28,lrange5,1000000,1297120.62
29,lpush5,1000000,826671.06
29,lrange5,1000000,1290343.25
30,lpush5,1000000,826657.81
30,lrange5,1000000,1277343.62
31,lpush5,1000000,824521.00
31,lrange5,1000000,1193317.38
32,lpush5,1000000,831428.12
32,lrange5,1000000,1273946.50
33,lpush5,1000000,837534.31
33,lrange5,1000000,1265883.50
34,lpush5,1000000,825975.25
34,lrange5,1000000,1277343.62
35,lpush5,1000000,824468.25
35,lrange5,1000000,1290467.12
36,lpush5,1000000,835488.69
36,lrange5,1000000,1295440.38
37,lpush5,1000000,835421.88
37,lrange5,1000000,1290384.50
38,lpush5,1000000,821692.69
38,lrange5,1000000,1272407.12
39,lpush5,1000000,828672.75
39,lrange5,1000000,1290343.25
40,lpush5,1000000,831268.50
40,lrange5,1000000,1275673.50
41,lpush5,1000000,825869.56
41,lrange5,1000000,1264404.50
42,lpush5,1000000,835595.62
42,lrange5,1000000,1295378.25
43,lpush5,1000000,825122.12
43,lrange5,1000000,1248599.25
44,lpush5,1000000,828566.69
44,lrange5,1000000,1189346.00
45,lpush5,1000000,832639.50
45,lrange5,1000000,1187781.50
46,lpush5,1000000,836873.62
46,lrange5,1000000,1277200.50
47,lpush5,1000000,837668.31
47,lrange5,1000000,1283779.25
48,lpush5,1000000,830617.94
48,lrange5,1000000,1272325.62
49,lpush5,1000000,834081.75
49,lrange5,1000000,1264404.50
50,lpush5,1000000,827814.62
50,lrange5,1000000,1280409.75
51,lpush5,1000000,835595.62
51,lrange5,1000000,1295378.25
52,lpush5,1000000,827143.12
52,lrange5,1000000,1245449.62
53,lpush5,1000000,758344.19
53,lrange5,1000000,1272447.88
54,lpush5,1000000,835568.88
54,lrange5,1000000,1259445.75
55,lpush5,1000000,827196.06
55,lrange5,1000000,1264303.38
56,lpush5,1000000,834148.44
56,lrange5,1000000,1290363.88
57,lpush5,1000000,831308.44
57,lrange5,1000000,1293681.75
58,lpush5,1000000,830684.38
58,lrange5,1000000,1290446.50
59,lpush5,1000000,832026.62
59,lrange5,1000000,1292237.75
60,lpush5,1000000,833359.94
60,lrange5,1000000,1199117.50
61,lpush5,1000000,822434.25
61,lrange5,1000000,1206311.25
62,lpush5,1000000,836900.38
62,lrange5,1000000,1177969.38
63,lpush5,1000000,826671.06
63,lrange5,1000000,1108665.12
64,lpush5,1000000,576129.06
64,lrange5,1000000,1200557.00
65,lpush5,1000000,829928.62
65,lrange5,1000000,1278792.88
66,lpush5,1000000,821188.81
66,lrange5,1000000,1277241.38
67,lpush5,1000000,829306.81
67,lrange5,1000000,1189155.75
68,lpush5,1000000,823815.50
68,lrange5,1000000,1292134.38
69,lpush5,1000000,822513.19
69,lrange5,1000000,1277302.75
70,lpush5,1000000,825869.56
70,lrange5,1000000,1233242.88
71,lpush5,1000000,832013.31
71,lrange5,1000000,1290467.12
72,lpush5,1000000,831268.50
72,lrange5,1000000,1261256.00
73,lpush5,1000000,834724.56
73,lrange5,1000000,1259667.50
74,lpush5,1000000,841164.00
74,lrange5,1000000,768172.00
75,lpush5,1000000,535357.56
75,lrange5,1000000,1245509.38
76,lpush5,1000000,819066.38
76,lrange5,1000000,1290425.88
77,lpush5,1000000,819829.50
77,lrange5,1000000,1192143.00
78,lpush5,1000000,825306.94
78,lrange5,1000000,1250000.00
79,lpush5,1000000,826459.50
79,lrange5,1000000,1264364.12
80,lpush5,1000000,823216.44
80,lrange5,1000000,1285429.25
81,lpush5,1000000,832799.38
81,lrange5,1000000,1285367.62
82,lpush5,1000000,827880.81
82,lrange5,1000000,1285388.12
83,lpush5,1000000,827986.81
83,lrange5,1000000,1290405.25
84,lpush5,1000000,831414.81
84,lrange5,1000000,1287124.88
85,lpush5,1000000,769378.50
85,lrange5,1000000,1203639.00
86,lpush5,1000000,829200.69
86,lrange5,1000000,1285388.12
87,lpush5,1000000,832000.00
87,lrange5,1000000,1288783.50
88,lpush5,1000000,833346.62
88,lrange5,1000000,1246902.75
89,lpush5,1000000,823775.94
89,lrange5,1000000,1197777.25
90,lpush5,1000000,827841.12
90,lrange5,1000000,1251664.50
91,lpush5,1000000,841164.00
91,lrange5,1000000,1199232.62
92,lpush5,1000000,821031.19
92,lrange5,1000000,1192314.62
93,lpush5,1000000,833386.62
93,lrange5,1000000,1240694.75
94,lpush5,1000000,836200.69
94,lrange5,1000000,1288804.12
95,lpush5,1000000,836927.19
95,lrange5,1000000,863571.69
96,lpush5,1000000,824547.38
96,lrange5,1000000,1259727.88
97,lpush5,1000000,831401.50
97,lrange5,1000000,1280450.62
98,lpush5,1000000,834215.19
98,lrange5,1000000,1254865.75
99,lpush5,1000000,837601.31
99,lrange5,1000000,1292051.75
100,lpush5,1000000,830617.94
100,lrange5,1000000,1273987.25
101,lpush5,1000000,828500.38
101,lrange5,1000000,1272305.38
102,lpush5,1000000,831255.25
102,lrange5,1000000,1290467.12
103,lpush5,1000000,830578.06
103,lrange5,1000000,1282112.88
104,lpush5,1000000,835635.75
104,lrange5,1000000,1180788.62
105,lpush5,1000000,823723.25
105,lrange5,1000000,1189212.88
106,lpush5,1000000,824534.19
106,lrange5,1000000,1200768.25
107,lpush5,1000000,830591.38
107,lrange5,1000000,1240893.25
108,lpush5,1000000,827867.56
108,lrange5,1000000,1254865.75
109,lpush5,1000000,828553.44
109,lrange5,1000000,1081167.50
110,lpush5,1000000,832053.25
110,lrange5,1000000,1202365.38
111,lpush5,1000000,825988.44
111,lrange5,1000000,1199136.75
112,lpush5,1000000,824547.38
112,lrange5,1000000,1295357.50
113,lpush5,1000000,832826.00
113,lrange5,1000000,1290405.25
114,lpush5,1000000,829200.69
114,lrange5,1000000,1247082.38
115,lpush5,1000000,841952.88
115,lrange5,1000000,1088348.12
116,lpush5,1000000,832865.94
116,lrange5,1000000,1242315.50
117,lpush5,1000000,828513.69
117,lrange5,1000000,1261256.00
118,lpush5,1000000,823934.12
118,lrange5,1000000,1295502.62
119,lpush5,1000000,825763.88
119,lrange5,1000000,1278915.62
120,lpush5,1000000,832119.81
120,lrange5,1000000,1278792.88
121,lpush5,1000000,832066.56
121,lrange5,1000000,1287021.88
122,lpush5,1000000,832093.19
122,lrange5,1000000,1272305.38
123,lpush5,1000000,834951.62
123,lrange5,1000000,1250000.00
124,lpush5,1000000,828712.50
124,lrange5,1000000,1245409.75
125,lpush5,1000000,826499.12
125,lrange5,1000000,1224068.62
126,lpush5,1000000,832826.00
126,lrange5,1000000,1275693.88
127,lpush5,1000000,819829.50
127,lrange5,1000000,1288742.25
128,lpush5,1000000,826578.50
128,lrange5,1000000,1277159.62
129,lpush5,1000000,821070.56
129,lrange5,1000000,1277180.12
130,lpush5,1000000,833346.62
130,lrange5,1000000,1282194.88
131,lpush5,1000000,835555.56
131,lrange5,1000000,1290673.62
132,lpush5,1000000,829267.00
132,lrange5,1000000,1201923.00
133,lpush5,1000000,828513.69
133,lrange5,1000000,1297162.12
134,lpush5,1000000,832053.25
134,lrange5,1000000,1295585.50
135,lpush5,1000000,827341.62
135,lrange5,1000000,1199155.88
136,lpush5,1000000,827867.56
136,lrange5,1000000,1300556.62
137,lpush5,1000000,825948.81
137,lrange5,1000000,1201980.75
138,lpush5,1000000,836254.19
138,lrange5,1000000,1297016.88
139,lpush5,1000000,828000.06
139,lrange5,1000000,1273905.75
140,lpush5,1000000,829227.19
140,lrange5,1000000,1122424.25
141,lpush5,1000000,834791.38
141,lrange5,1000000,1202115.38
142,lpush5,1000000,827235.75
142,lrange5,1000000,1275510.25
143,lpush5,1000000,824455.00
143,lrange5,1000000,1242236.00
144,lpush5,1000000,831268.50
144,lrange5,1000000,1197604.88
145,lpush5,1000000,827867.56
145,lrange5,1000000,1285532.12
146,lpush5,1000000,833359.94
146,lrange5,1000000,1293723.12
147,lpush5,1000000,827854.31
147,lrange5,1000000,1288804.12
148,lpush5,1000000,832812.69
148,lrange5,1000000,1280512.12
149,lpush5,1000000,820462.69
149,lrange5,1000000,1204973.50
150,lpush5,1000000,834764.62
150,lrange5,1000000,1200825.88
151,lpush5,1000000,829306.81
151,lrange5,1000000,1288680.38
152,lpush5,1000000,829240.50
152,lrange5,1000000,1203388.75
153,lpush5,1000000,829227.19
153,lrange5,1000000,1197930.62
154,lpush5,1000000,831960.06
154,lrange5,1000000,1288804.12
155,lpush5,1000000,829240.50
155,lrange5,1000000,1269035.50
156,lpush5,1000000,832000.00
156,lrange5,1000000,1204992.75
157,lpush5,1000000,829941.88
157,lrange5,1000000,1297245.12
158,lpush5,1000000,836820.06
158,lrange5,1000000,1251804.75
159,lpush5,1000000,837007.50
159,lrange5,1000000,1300494.12
160,lpush5,1000000,834804.69
160,lrange5,1000000,1140634.00
161,lpush5,1000000,827960.31
161,lrange5,1000000,1270688.75
162,lpush5,1000000,827867.56
162,lrange5,1000000,1261034.12
163,lpush5,1000000,829968.44
163,lrange5,1000000,1290384.50
164,lpush5,1000000,841952.88
164,lrange5,1000000,1258002.50
165,lpush5,1000000,835528.81
165,lrange5,1000000,1293764.50
166,lpush5,1000000,828619.69
166,lrange5,1000000,1203581.25
167,lpush5,1000000,830021.56
167,lrange5,1000000,1265903.75
168,lpush5,1000000,830578.06
168,lrange5,1000000,1160167.12
169,lpush5,1000000,843413.19
169,lrange5,1000000,1203581.25
170,lpush5,1000000,834028.38
170,lrange5,1000000,1183734.88
171,lpush5,1000000,839644.00
171,lrange5,1000000,1199136.75
172,lpush5,1000000,833426.62
172,lrange5,1000000,1269035.50
173,lpush5,1000000,830750.81
173,lrange5,1000000,1302145.88
174,lpush5,1000000,834884.81
174,lrange5,1000000,1278792.88
175,lpush5,1000000,828739.00
175,lrange5,1000000,1239177.25
176,lpush5,1000000,832119.81
176,lrange5,1000000,1182089.88
177,lpush5,1000000,824402.25
177,lrange5,1000000,1293702.50
178,lpush5,1000000,831308.44
178,lrange5,1000000,1195163.62
179,lpush5,1000000,832000.00
179,lrange5,1000000,1295378.25
180,lpush5,1000000,827960.31
180,lrange5,1000000,1227092.00
181,lpush5,1000000,828699.25
181,lrange5,1000000,1270729.38
182,lpush5,1000000,827814.62
182,lrange5,1000000,1269055.88
183,lpush5,1000000,830564.81
183,lrange5,1000000,1257901.88
184,lpush5,1000000,827301.94
184,lrange5,1000000,1285388.12
185,lpush5,1000000,827814.62
185,lrange5,1000000,1290467.12
186,lpush5,1000000,829955.19
186,lrange5,1000000,1256341.75
187,lpush5,1000000,829915.31
187,lrange5,1000000,1290508.38
188,lpush5,1000000,827947.06
188,lrange5,1000000,1222493.88
189,lpush5,1000000,825254.12
189,lrange5,1000000,1290363.88
190,lpush5,1000000,829333.38
190,lrange5,1000000,1277139.25
191,lpush5,1000000,831973.38
191,lrange5,1000000,1287001.25
192,lpush5,1000000,821070.56
192,lrange5,1000000,1202019.25
193,lpush5,1000000,838966.44
193,lrange5,1000000,1199462.88
194,lpush5,1000000,834831.44
194,lrange5,1000000,1231743.88
195,lpush5,1000000,831255.25
195,lrange5,1000000,1267528.50
196,lpush5,1000000,822368.44
196,lrange5,1000000,1245509.38
197,lpush5,1000000,824494.62
197,lrange5,1000000,1025657.44
198,lpush5,1000000,821797.88
198,lrange5,1000000,1278854.25
199,lpush5,1000000,843962.94
199,lrange5,1000000,1262828.25
200,lpush5,1000000,839684.31
200,lrange5,1000000,1194991.62
201,lpush5,1000000,838966.44
201,lrange5,1000000,1166954.50
202,lpush5,1000000,833493.31
202,lrange5,1000000,1287186.62
203,lpush5,1000000,835462.00
203,lrange5,1000000,1190819.12
204,lpush5,1000000,830048.12
204,lrange5,1000000,1200480.12
205,lpush5,1000000,827275.44
205,lrange5,1000000,1272325.62
206,lpush5,1000000,838343.69
206,lrange5,1000000,1287227.75
207,lpush5,1000000,836160.56
207,lrange5,1000000,1199098.38
208,lpush5,1000000,831268.50
208,lrange5,1000000,1251584.50
209,lpush5,1000000,835448.62
209,lrange5,1000000,1245389.88
210,lpush5,1000000,831308.44
210,lrange5,1000000,1290405.25
211,lpush5,1000000,836940.56
211,lrange5,1000000,1199386.12
212,lpush5,1000000,823203.25
212,lrange5,1000000,1280594.12
213,lpush5,1000000,828500.38
213,lrange5,1000000,1227052.75
214,lpush5,1000000,827328.38
214,lrange5,1000000,1290405.25
215,lpush5,1000000,831973.38
215,lrange5,1000000,1264222.50
216,lpush5,1000000,825135.31
216,lrange5,1000000,1287021.88
217,lpush5,1000000,829875.50
217,lrange5,1000000,1272305.38
218,lpush5,1000000,822513.19
218,lrange5,1000000,1280594.12
219,lpush5,1000000,832679.44
219,lrange5,1000000,1165762.25
220,lpush5,1000000,848366.38
220,lrange5,1000000,1196574.12
221,lpush5,1000000,837574.56
221,lrange5,1000000,1225509.88
222,lpush5,1000000,837520.94
222,lrange5,1000000,1285429.25
223,lpush5,1000000,834161.81
223,lrange5,1000000,1288680.38
224,lpush5,1000000,832732.75
224,lrange5,1000000,1290487.75
225,lpush5,1000000,832719.44
225,lrange5,1000000,1172595.62
226,lpush5,1000000,832852.62
226,lrange5,1000000,1195106.38
227,lpush5,1000000,832026.62
227,lrange5,1000000,1270688.75
228,lpush5,1000000,846848.44
228,lrange5,1000000,1195106.38
229,lpush5,1000000,839020.12
229,lrange5,1000000,1187819.50
230,lpush5,1000000,833399.94
230,lrange5,1000000,1272386.75
231,lpush5,1000000,826459.50
231,lrange5,1000000,1285408.75
232,lpush5,1000000,835515.44
232,lrange5,1000000,1172595.62
233,lpush5,1000000,829941.88
233,lrange5,1000000,1267650.25
234,lpush5,1000000,834215.19
234,lrange5,1000000,1285367.62
235,lpush5,1000000,831268.50
235,lrange5,1000000,1278956.50
236,lpush5,1000000,832106.50
236,lrange5,1000000,1256442.25
237,lpush5,1000000,834041.69
237,lrange5,1000000,1242255.88
238,lpush5,1000000,831361.62
238,lrange5,1000000,1285367.62
239,lpush5,1000000,829875.50
239,lrange5,1000000,1191895.12
240,lpush5,1000000,835635.75
240,lrange5,1000000,1264323.62
241,lpush5,1000000,825188.12
241,lrange5,1000000,1290487.75
242,lpush5,1000000,834028.38
242,lrange5,1000000,1292175.75
243,lpush5,1000000,832000.00
243,lrange5,1000000,1283717.62
244,lpush5,1000000,834081.75
244,lrange5,1000000,1077793.12
245,lpush5,1000000,837601.31
245,lrange5,1000000,1273905.75
246,lpush5,1000000,827169.56
246,lrange5,1000000,1199155.88
247,lpush5,1000000,826565.25
247,lrange5,1000000,1288783.50
248,lpush5,1000000,828593.19
248,lrange5,1000000,1277139.25
249,lpush5,1000000,824494.62
249,lrange5,1000000,1282215.38
250,lpush5,1000000,831481.31
250,lrange5,1000000,1231527.12
251,lpush5,1000000,818553.19
251,lrange5,1000000,1269055.88
252,lpush5,1000000,823749.62
252,lrange5,1000000,1233085.12
253,lpush5,1000000,816326.50
253,lrange5,1000000,1196287.00
254,lpush5,1000000,823775.94
254,lrange5,1000000,1288659.75
255,lpush5,1000000,817831.50
255,lrange5,1000000,1196287.00
256,lpush5,1000000,826671.06
256,lrange5,1000000,1257922.00
257,lpush5,1000000,834108.44
257,lrange5,1000000,1239177.25
258,lpush5,1000000,837614.75
258,lrange5,1000000,1295336.75
259,lpush5,1000000,842513.88
259,lrange5,1000000,1242255.88
260,lpush5,1000000,832679.44
260,lrange5,1000000,1202096.12
261,lpush5,1000000,825135.31
261,lrange5,1000000,1245569.12
262,lpush5,1000000,838357.12
262,lrange5,1000000,1278813.25
263,lpush5,1000000,816509.38
263,lrange5,1000000,1275591.88
264,lpush5,1000000,828712.50
264,lrange5,1000000,1298701.38
265,lpush5,1000000,833413.31
265,lrange5,1000000,1285347.00
266,lpush5,1000000,827143.12
266,lrange5,1000000,1205069.88
267,lpush5,1000000,833346.62
267,lrange5,1000000,1242315.50
268,lpush5,1000000,828606.44
268,lrange5,1000000,1298701.38
269,lpush5,1000000,823058.44
269,lrange5,1000000,1210750.62
270,lpush5,1000000,836133.81
270,lrange5,1000000,1297245.12
271,lpush5,1000000,833333.31
271,lrange5,1000000,1292072.38
272,lpush5,1000000,834041.69
272,lrange5,1000000,1236153.25
273,lpush5,1000000,830578.06
273,lrange5,1000000,1298805.25
274,lpush5,1000000,832786.00
274,lrange5,1000000,1201923.00
275,lpush5,1000000,832159.69
275,lrange5,1000000,1186448.38
276,lpush5,1000000,830737.56
276,lrange5,1000000,1261155.12
277,lpush5,1000000,827182.81
277,lrange5,1000000,1198007.25
278,lpush5,1000000,823907.75
278,lrange5,1000000,1265843.00
279,lpush5,1000000,836280.94
279,lrange5,1000000,1272325.62
280,lpush5,1000000,823881.38
280,lrange5,1000000,1182241.12
281,lpush5,1000000,821083.69
281,lrange5,1000000,1292093.00
282,lpush5,1000000,829426.25
282,lrange5,1000000,1290384.50
283,lpush5,1000000,823841.88
283,lrange5,1000000,1246882.88
284,lpush5,1000000,827827.88
284,lrange5,1000000,1205243.38
285,lpush5,1000000,819013.94
285,lrange5,1000000,1251564.38
286,lpush5,1000000,832812.69
286,lrange5,1000000,1283738.12
287,lpush5,1000000,818383.00
287,lrange5,1000000,1267467.75
288,lpush5,1000000,833386.62
288,lrange5,1000000,1261215.62
289,lpush5,1000000,826512.38
289,lrange5,1000000,1287186.62
290,lpush5,1000000,819184.31
290,lrange5,1000000,1280573.62
291,lpush5,1000000,832119.81
291,lrange5,1000000,1288866.00
292,lpush5,1000000,831946.75
292,lrange5,1000000,1193642.00
293,lpush5,1000000,844030.44
293,lrange5,1000000,1265863.25
294,lpush5,1000000,834095.06
294,lrange5,1000000,1275530.62
295,lpush5,1000000,835435.25
295,lrange5,1000000,1290487.75
296,lpush5,1000000,830591.38
296,lrange5,1000000,1262787.88
297,lpush5,1000000,838383.94
297,lrange5,1000000,1292134.38
298,lpush5,1000000,823190.12
298,lrange5,1000000,1290384.50
299,lpush5,1000000,845524.94
299,lrange5,1000000,1278772.38
300,lpush5,1000000,832812.69
300,lrange5,1000000,1287104.25
301,lpush5,1000000,821719.00
301,lrange5,1000000,1196210.50
302,lpush5,1000000,827169.56
302,lrange5,1000000,1168355.12
303,lpush5,1000000,831986.69
303,lrange5,1000000,1267427.12
304,lpush5,1000000,831348.31
304,lrange5,1000000,1206504.25
305,lpush5,1000000,837520.94
305,lrange5,1000000,1292175.75
306,lpush5,1000000,836160.56
306,lrange5,1000000,1287001.25
307,lpush5,1000000,848285.00
307,lrange5,1000000,1293681.75
308,lpush5,1000000,836227.44
308,lrange5,1000000,1265924.00
309,lpush5,1000000,827143.12
309,lrange5,1000000,1297058.38
310,lpush5,1000000,834161.81
310,lrange5,1000000,1287207.25
311,lpush5,1000000,834791.38
311,lrange5,1000000,1210692.50
312,lpush5,1000000,833519.94
312,lrange5,1000000,1272488.50
313,lpush5,1000000,830578.06
313,lrange5,1000000,1267488.00
314,lpush5,1000000,833346.62
314,lrange5,1000000,1290405.25
315,lpush5,1000000,829240.50
315,lrange5,1000000,1209247.88
316,lpush5,1000000,836833.44
316,lrange5,1000000,1288659.75
317,lpush5,1000000,832652.81
317,lrange5,1000000,1293847.38
318,lpush5,1000000,828699.25
318,lrange5,1000000,1288659.75
319,lpush5,1000000,834737.94
319,lrange5,1000000,1283697.12
320,lpush5,1000000,826671.06
320,lrange5,1000000,1287124.88
321,lpush5,1000000,838330.31
321,lrange5,1000000,1251564.38
322,lpush5,1000000,838223.00
322,lrange5,1000000,1186296.62
323,lpush5,1000000,825293.75
323,lrange5,1000000,1298826.00
324,lpush5,1000000,831428.12
324,lrange5,1000000,1215066.75
325,lpush5,1000000,839630.56
325,lrange5,1000000,1292113.75
326,lpush5,1000000,819040.19
326,lrange5,1000000,1283779.25
327,lpush5,1000000,832679.44
327,lrange5,1000000,1277221.00
328,lpush5,1000000,832013.31
328,lrange5,1000000,1290343.25
329,lpush5,1000000,840484.00
329,lrange5,1000000,1295357.50
330,lpush5,1000000,832812.69
330,lrange5,1000000,1272305.38
331,lpush5,1000000,840336.12
331,lrange5,1000000,1295399.00
332,lpush5,1000000,836913.75
332,lrange5,1000000,1193546.50
333,lpush5,1000000,832812.69
333,lrange5,1000000,1202250.00
334,lpush5,1000000,830737.56
334,lrange5,1000000,1262646.50
335,lpush5,1000000,836940.56
335,lrange5,1000000,1206504.25
336,lpush5,1000000,826512.38
336,lrange5,1000000,1194781.38
337,lpush5,1000000,829187.44
337,lrange5,1000000,1202211.50
338,lpush5,1000000,832666.12
338,lrange5,1000000,1275530.62
339,lpush5,1000000,834844.75
339,lrange5,1000000,1300390.12
340,lpush5,1000000,830101.19
340,lrange5,1000000,1295606.25
341,lpush5,1000000,832013.31
341,lrange5,1000000,1277302.75
342,lpush5,1000000,823084.75
342,lrange5,1000000,1297162.12
343,lpush5,1000000,830048.12
343,lrange5,1000000,1270810.62
344,lpush5,1000000,827169.56
344,lrange5,1000000,1273905.75
345,lpush5,1000000,823216.44
345,lrange5,1000000,1293661.00
346,lpush5,1000000,815061.12
346,lrange5,1000000,1285388.12
347,lpush5,1000000,821705.81
347,lrange5,1000000,1180864.25
348,lpush5,1000000,828500.38
348,lrange5,1000000,1275571.50
349,lpush5,1000000,825935.62
349,lrange5,1000000,1295481.88
350,lpush5,1000000,819842.62
350,lrange5,1000000,1275530.62
351,lpush5,1000000,829253.75
351,lrange5,1000000,1253333.38
352,lpush5,1000000,827156.31
352,lrange5,1000000,1292196.38
353,lpush5,1000000,829187.44
353,lrange5,1000000,1292175.75
354,lpush5,1000000,825869.56
354,lrange5,1000000,1278813.25
355,lpush5,1000000,837534.31
355,lrange5,1000000,1237782.12
356,lpush5,1000000,823097.94
356,lrange5,1000000,1278936.00
357,lpush5,1000000,835475.31
357,lrange5,1000000,1282051.38
358,lpush5,1000000,825135.31
358,lrange5,1000000,1196478.38
359,lpush5,1000000,824468.25
359,lrange5,1000000,1288762.88
360,lpush5,1000000,827156.31
360,lrange5,1000000,1287124.88
361,lpush5,1000000,827182.81
361,lrange5,1000000,1267447.50
362,lpush5,1000000,825763.88
362,lrange5,1000000,1209247.88
363,lpush5,1000000,822421.06
363,lrange5,1000000,1267630.00
364,lpush5,1000000,830631.25
364,lrange5,1000000,1277343.62
365,lpush5,1000000,829928.62
365,lrange5,1000000,1251604.50
366,lpush5,1000000,841966.38
366,lrange5,1000000,1288680.38
367,lpush5,1000000,828632.94
367,lrange5,1000000,1273885.25
368,lpush5,1000000,827341.62
368,lrange5,1000000,1017424.25
369,lpush5,1000000,838993.25
369,lrange5,1000000,1262888.88
370,lpush5,1000000,832039.94
370,lrange5,1000000,1196287.00
371,lpush5,1000000,829200.69
371,lrange5,1000000,1295336.75
372,lpush5,1000000,821942.50
372,lrange5,1000000,1292196.38
373,lpush5,1000000,835462.00
373,lrange5,1000000,1295523.25
374,lpush5,1000000,831268.50
374,lrange5,1000000,1287186.62
375,lpush5,1000000,830604.62
375,lrange5,1000000,1292155.00
376,lpush5,1000000,825816.69
376,lrange5,1000000,1199175.12
377,lpush5,1000000,825882.75
377,lrange5,1000000,1196325.38
378,lpush5,1000000,831321.75
378,lrange5,1000000,1293661.00
379,lpush5,1000000,830048.12
379,lrange5,1000000,1275591.88
380,lpush5,1000000,837561.12
380,lrange5,1000000,1292093.00
381,lpush5,1000000,841271.62
381,lrange5,1000000,1293661.00
382,lpush5,1000000,837007.50
382,lrange5,1000000,1210750.62
383,lpush5,1000000,824547.38
383,lrange5,1000000,1292196.38
384,lpush5,1000000,830684.38
384,lrange5,1000000,1297058.38
385,lpush5,1000000,819803.25
385,lrange5,1000000,1265924.00
386,lpush5,1000000,838330.31
386,lrange5,1000000,1275632.62
387,lpush5,1000000,826657.81
387,lrange5,1000000,1278772.38
388,lpush5,1000000,830777.44
388,lrange5,1000000,1293847.38
389,lpush5,1000000,836214.06
389,lrange5,1000000,1298805.25
390,lpush5,1000000,823894.56
390,lrange5,1000000,1291989.62
391,lpush5,1000000,822539.50
391,lrange5,1000000,1176752.88
392,lpush5,1000000,821018.00
392,lrange5,1000000,1288680.38
393,lpush5,1000000,825763.88
393,lrange5,1000000,1192124.00
394,lpush5,1000000,838236.44
394,lrange5,1000000,1206388.38
395,lpush5,1000000,825829.94
395,lrange5,1000000,1196229.62
396,lpush5,1000000,831946.75
396,lrange5,1000000,1202076.88
397,lpush5,1000000,822421.06
397,lrange5,1000000,1193393.75
398,lpush5,1000000,826618.12
398,lrange5,1000000,1273966.88
399,lpush5,1000000,831255.25
399,lrange5,1000000,1278833.75
400,lpush5,1000000,833493.31
400,lrange5,1000000,1295440.38
401,lpush5,1000000,827867.56
401,lrange5,1000000,1200499.38
402,lpush5,1000000,833426.62
402,lrange5,1000000,1180920.88
403,lpush5,1000000,828500.38
403,lrange5,1000000,1198026.38
404,lpush5,1000000,829293.56
404,lrange5,1000000,1196382.75
405,lpush5,1000000,828553.44
405,lrange5,1000000,1206407.75
406,lpush5,1000000,836873.62
406,lrange5,1000000,1259647.25
407,lpush5,1000000,830578.06
407,lrange5,1000000,1251624.50
408,lpush5,1000000,826459.50
408,lrange5,1000000,1290467.12
409,lpush5,1000000,839724.62
409,lrange5,1000000,1197988.00
410,lpush5,1000000,837681.75
410,lrange5,1000000,1270648.00
411,lpush5,1000000,825777.06
411,lrange5,1000000,1293702.50
412,lpush5,1000000,830048.12
412,lrange5,1000000,1216622.88
413,lpush5,1000000,819158.12
413,lrange5,1000000,1269055.88
414,lpush5,1000000,836873.62
414,lrange5,1000000,1285347.00
415,lpush5,1000000,834804.69
415,lrange5,1000000,1290549.75
416,lpush5,1000000,840510.88
416,lrange5,1000000,1275714.38
417,lpush5,1000000,829187.44
417,lrange5,1000000,1197911.38
418,lpush5,1000000,824481.44
418,lrange5,1000000,1240694.75
419,lpush5,1000000,819816.38
419,lrange5,1000000,1199366.88
420,lpush5,1000000,835622.38
420,lrange5,1000000,1270688.75
421,lpush5,1000000,825148.50
421,lrange5,1000000,1202038.38
422,lpush5,1000000,836833.44
422,lrange5,1000000,1233144.25
423,lpush5,1000000,820462.69
423,lrange5,1000000,1269157.38
424,lpush5,1000000,828513.69
424,lrange5,1000000,1259546.50
425,lpush5,1000000,821031.19
425,lrange5,1000000,1256381.88
426,lpush5,1000000,834041.69
426,lrange5,1000000,1192219.38
427,lpush5,1000000,827827.88
427,lrange5,1000000,1277302.75
428,lpush5,1000000,837614.75
428,lrange5,1000000,1275551.00
429,lpush5,1000000,833466.62
429,lrange5,1000000,1233164.00
430,lpush5,1000000,831308.44
430,lrange5,1000000,1270688.75
431,lpush5,1000000,832706.12
431,lrange5,1000000,1192276.50
432,lpush5,1000000,838290.06
432,lrange5,1000000,1196172.25
433,lpush5,1000000,834055.06
433,lrange5,1000000,1190590.50
434,lpush5,1000000,831946.75
434,lrange5,1000000,1242236.00
435,lpush5,1000000,837641.56
435,lrange5,1000000,1266005.00
436,lpush5,1000000,836980.69
436,lrange5,1000000,1200883.50
437,lpush5,1000000,828566.69
437,lrange5,1000000,1277221.00
438,lpush5,1000000,831255.25
438,lrange5,1000000,1282051.38
439,lpush5,1000000,827262.19
439,lrange5,1000000,1290322.62
440,lpush5,1000000,836160.56
440,lrange5,1000000,1270851.38
441,lpush5,1000000,830724.25
441,lrange5,1000000,1292134.38
442,lpush5,1000000,834951.62
442,lrange5,1000000,1288659.75
443,lpush5,1000000,823150.62
443,lrange5,1000000,1242255.88
444,lpush5,1000000,827222.50
444,lrange5,1000000,1196363.62
445,lpush5,1000000,836334.44
445,lrange5,1000000,1283697.12
446,lpush5,1000000,836227.44
446,lrange5,1000000,1200499.38
447,lpush5,1000000,836173.94
447,lrange5,1000000,1259526.38
448,lpush5,1000000,836294.31
448,lrange5,1000000,1201980.75
449,lpush5,1000000,837735.31
449,lrange5,1000000,1199079.12
450,lpush5,1000000,834215.19
450,lrange5,1000000,1250200.00
451,lpush5,1000000,834791.38
451,lrange5,1000000,1278895.12
452,lpush5,1000000,831428.12
452,lrange5,1000000,1259445.75
453,lpush5,1000000,831960.06
453,lrange5,1000000,1175257.38
454,lpush5,1000000,832652.81
454,lrange5,1000000,1245330.00
455,lpush5,1000000,841150.56
455,lrange5,1000000,1199136.75
456,lpush5,1000000,823150.62
456,lrange5,1000000,1203446.50
457,lpush5,1000000,829320.06
457,lrange5,1000000,1205089.12
458,lpush5,1000000,832679.44
458,lrange5,1000000,1190723.88
459,lpush5,1000000,823045.25
459,lrange5,1000000,1259586.88
460,lpush5,1000000,824521.00
460,lrange5,1000000,1280491.62
461,lpush5,1000000,831321.75
461,lrange5,1000000,1193642.00
462,lpush5,1000000,829213.94
462,lrange5,1000000,1197604.88
463,lpush5,1000000,829227.19
463,lrange5,1000000,1256301.50
464,lpush5,1000000,825777.06
464,lrange5,1000000,1287021.88
465,lpush5,1000000,835488.69
465,lrange5,1000000,1189269.88
466,lpush5,1000000,823789.12
466,lrange5,1000000,1285388.12
467,lpush5,1000000,831374.94
467,lrange5,1000000,1202307.62
468,lpush5,1000000,825095.69
468,lrange5,1000000,1283697.12
469,lpush5,1000000,820475.81
469,lrange5,1000000,1293661.00
470,lpush5,1000000,829227.19
470,lrange5,1000000,1197968.88
471,lpush5,1000000,824586.94
471,lrange5,1000000,1269137.12
472,lpush5,1000000,819027.06
472,lrange5,1000000,1257881.75
473,lpush5,1000000,835475.31
473,lrange5,1000000,1254825.62
474,lpush5,1000000,831268.50
474,lrange5,1000000,1243980.12
475,lpush5,1000000,824441.81
475,lrange5,1000000,1277221.00
476,lpush5,1000000,821175.69
476,lrange5,1000000,1253233.12
477,lpush5,1000000,816496.31
477,lrange5,1000000,1202134.62
478,lpush5,1000000,831295.12
478,lrange5,1000000,1265822.75
479,lpush5,1000000,837561.12
479,lrange5,1000000,1293826.62
480,lpush5,1000000,831973.38
480,lrange5,1000000,1254745.25
481,lpush5,1000000,827301.94
481,lrange5,1000000,1280409.75
482,lpush5,1000000,821188.81
482,lrange5,1000000,1203562.00
483,lpush5,1000000,841818.19
483,lrange5,1000000,1285491.00
484,lpush5,1000000,827143.12
484,lrange5,1000000,1186486.38
485,lpush5,1000000,835435.25
485,lrange5,1000000,1203504.25
486,lpush5,1000000,826631.38
486,lrange5,1000000,1275571.50
487,lpush5,1000000,824455.00
487,lrange5,1000000,1231625.62
488,lpush5,1000000,828553.44
488,lrange5,1000000,1267569.12
489,lpush5,1000000,834951.62
489,lrange5,1000000,1302291.62
490,lpush5,1000000,830777.44
490,lrange5,1000000,1283923.00
491,lpush5,1000000,832839.31
491,lrange5,1000000,1275530.62
492,lpush5,1000000,832732.75
492,lrange5,1000000,1196593.25
493,lpush5,1000000,829240.50
493,lrange5,1000000,1267467.75
494,lpush5,1000000,834148.44
494,lrange5,1000000,1226993.88
495,lpush5,1000000,829888.75
495,lrange5,1000000,1240774.25
496,lpush5,1000000,829253.75
496,lrange5,1000000,1270749.62
497,lpush5,1000000,838263.25
497,lrange5,1000000,1285388.12
498,lpush5,1000000,831295.12
498,lrange5,1000000,1200710.62
499,lpush5,1000000,836347.81
499,lrange5,1000000,1298888.38
500,lpush5,1000000,832786.00
500,lrange5,1000000,1283840.88
501,lpush5,1000000,834068.38
501,lrange5,1000000,1250060.00
502,lpush5,1000000,828526.94
502,lrange5,1000000,1231527.12
503,lpush5,1000000,838424.19
503,lrange5,1000000,1278772.38
504,lpush5,1000000,816352.62
504,lrange5,1000000,1254765.38
505,lpush5,1000000,829915.31
505,lrange5,1000000,1253193.00
506,lpush5,1000000,816326.50
506,lrange5,1000000,1236113.75
507,lpush5,1000000,836887.00
507,lrange5,1000000,1277139.25
508,lpush5,1000000,827827.88
508,lrange5,1000000,1209325.25
509,lpush5,1000000,828540.19
509,lrange5,1000000,1233065.38
510,lpush5,1000000,821863.62
510,lrange5,1000000,1297058.38
511,lpush5,1000000,821784.69
511,lrange5,1000000,1287083.62
512,lpush5,1000000,829928.62
512,lrange5,1000000,1240833.75
513,lpush5,1000000,817674.56
513,lrange5,1000000,1292072.38
514,lpush5,1000000,829187.44
514,lrange5,1000000,1290343.25
515,lpush5,1000000,832772.69
515,lrange5,1000000,1295399.00
516,lpush5,1000000,830617.94
516,lrange5,1000000,1272468.12
517,lpush5,1000000,825240.94
517,lrange5,1000000,1290529.12
518,lpush5,1000000,826499.12
518,lrange5,1000000,1243860.62
519,lpush5,1000000,839006.69
519,lrange5,1000000,1283738.12
520,lpush5,1000000,832639.50
520,lrange5,1000000,1270790.38
521,lpush5,1000000,833479.94
521,lrange5,1000000,1287042.50
522,lpush5,1000000,834724.56
522,lrange5,1000000,1212237.62
523,lpush5,1000000,828606.44
523,lrange5,1000000,1207903.38
524,lpush5,1000000,831374.94
524,lrange5,1000000,1187990.50
525,lpush5,1000000,834201.81
525,lrange5,1000000,1293702.50
526,lpush5,1000000,832013.31
526,lrange5,1000000,1293764.50
527,lpush5,1000000,831348.31
527,lrange5,1000000,1287186.62
528,lpush5,1000000,828712.50
528,lrange5,1000000,1257861.62
529,lpush5,1000000,838236.44
529,lrange5,1000000,1288969.00
530,lpush5,1000000,830724.25
530,lrange5,1000000,1292010.38
531,lpush5,1000000,830591.38
531,lrange5,1000000,1288742.25
532,lpush5,1000000,834028.38
532,lrange5,1000000,1270668.38
533,lpush5,1000000,826459.50
533,lrange5,1000000,1264323.62
534,lpush5,1000000,827947.06
534,lrange5,1000000,1280450.62
535,lpush5,1000000,815830.38
535,lrange5,1000000,1287001.25
536,lpush5,1000000,816548.56
536,lrange5,1000000,1275551.00
537,lpush5,1000000,829227.19
537,lrange5,1000000,1203716.00
538,lpush5,1000000,834081.75
538,lrange5,1000000,1137674.62
539,lpush5,1000000,815830.38
539,lrange5,1000000,1274007.62
540,lpush5,1000000,825922.38
540,lrange5,1000000,1290529.12
541,lpush5,1000000,828606.44
541,lrange5,1000000,1254865.75
542,lpush5,1000000,832746.06
542,lrange5,1000000,1245389.88
543,lpush5,1000000,821057.44
543,lrange5,1000000,1203581.25
544,lpush5,1000000,834818.06
544,lrange5,1000000,1195049.00
545,lpush5,1000000,830657.81
545,lrange5,1000000,1197777.25
546,lpush5,1000000,830617.94
546,lrange5,1000000,1293847.38
547,lpush5,1000000,842500.38
547,lrange5,1000000,1288742.25
548,lpush5,1000000,831308.44
548,lrange5,1000000,1251664.50
549,lpush5,1000000,823855.06
549,lrange5,1000000,1202019.25
550,lpush5,1000000,831335.00
550,lrange5,1000000,1295461.12
551,lpush5,1000000,819737.69
551,lrange5,1000000,1293868.00
552,lpush5,1000000,828686.00
552,lrange5,1000000,1245350.00
553,lpush5,1000000,825829.94
553,lrange5,1000000,1292072.38
554,lpush5,1000000,831428.12
554,lrange5,1000000,1259445.75
555,lpush5,1000000,831321.75
555,lrange5,1000000,1258083.00
556,lpush5,1000000,839073.81
556,lrange5,1000000,1277180.12
557,lpush5,1000000,839644.00
557,lrange5,1000000,1280409.75
558,lpush5,1000000,835582.25
558,lrange5,1000000,1280430.25
559,lpush5,1000000,834095.06
559,lrange5,1000000,1293764.50
560,lpush5,1000000,824415.44
560,lrange5,1000000,1292093.00
561,lpush5,1000000,827880.81
561,lrange5,1000000,1293743.88
562,lpush5,1000000,825856.31
562,lrange5,1000000,1240794.00
563,lpush5,1000000,831481.31
563,lrange5,1000000,1242236.00
564,lpush5,1000000,823789.12
564,lrange5,1000000,1192124.00
565,lpush5,1000000,824468.25
565,lrange5,1000000,1250100.00
566,lpush5,1000000,825227.69
566,lrange5,1000000,1275632.62
567,lpush5,1000000,820397.06
567,lrange5,1000000,1288680.38
568,lpush5,1000000,836873.62
568,lrange5,1000000,1256422.12
569,lpush5,1000000,828606.44
569,lrange5,1000000,1205031.38
570,lpush5,1000000,825922.38
570,lrange5,1000000,1288804.12
571,lpush5,1000000,831986.69
571,lrange5,1000000,1280409.75
572,lpush5,1000000,838236.44
572,lrange5,1000000,1270810.62
573,lpush5,1000000,830657.81
573,lrange5,1000000,1285532.12
574,lpush5,1000000,834764.62
574,lrange5,1000000,1236133.50
575,lpush5,1000000,832013.31
575,lrange5,1000000,1277139.25
576,lpush5,1000000,826604.94
576,lrange5,1000000,1197777.25
577,lpush5,1000000,828619.69
577,lrange5,1000000,1228658.50
578,lpush5,1000000,825829.94
578,lrange5,1000000,1262646.50
579,lpush5,1000000,830578.06
579,lrange5,1000000,1200883.50
580,lpush5,1000000,828686.00
580,lrange5,1000000,1204935.00
581,lpush5,1000000,831295.12
581,lrange5,1000000,1278772.38
582,lpush5,1000000,839657.44
582,lrange5,1000000,1256381.88
583,lpush5,1000000,829981.69
583,lrange5,1000000,1264364.12
584,lpush5,1000000,823789.12
584,lrange5,1000000,1186429.38
585,lpush5,1000000,825829.94
585,lrange5,1000000,1203465.75
586,lpush5,1000000,826459.50
586,lrange5,1000000,1123937.12
587,lpush5,1000000,836927.19
587,lrange5,1000000,1204935.00
588,lpush5,1000000,833439.94
588,lrange5,1000000,1187648.50
589,lpush5,1000000,829267.00
589,lrange5,1000000,1200825.88
590,lpush5,1000000,827235.75
590,lrange5,1000000,1253152.88
591,lpush5,1000000,841150.56
591,lrange5,1000000,1182070.88
592,lpush5,1000000,838357.12
592,lrange5,1000000,1197719.75
593,lpush5,1000000,843908.88
593,lrange5,1000000,1193546.50
594,lpush5,1000000,824441.81
594,lrange5,1000000,1199079.12
595,lpush5,1000000,836820.06
595,lrange5,1000000,1192257.50
596,lpush5,1000000,834818.06
596,lrange5,1000000,1250000.00
597,lpush5,1000000,834201.81
597,lrange5,1000000,1248479.38
598,lpush5,1000000,835555.56
598,lrange5,1000000,1269035.50
599,lpush5,1000000,842675.62
599,lrange5,1000000,1297016.88
600,lpush5,1000000,829399.69
600,lrange5,1000000,1278874.62
601,lpush5,1000000,837587.94
601,lrange5,1000000,1287104.25
602,lpush5,1000000,834951.62
602,lrange5,1000000,1262848.50
603,lpush5,1000000,821705.81
603,lrange5,1000000,1180750.88
604,lpush5,1000000,826499.12
604,lrange5,1000000,1153402.50
605,lpush5,1000000,827182.81
605,lrange5,1000000,1275530.62
606,lpush5,1000000,833466.62
606,lrange5,1000000,1261195.50
607,lpush5,1000000,829373.12
607,lrange5,1000000,1267569.12
608,lpush5,1000000,821811.00
608,lrange5,1000000,1292093.00
609,lpush5,1000000,825122.12
609,lrange5,1000000,1288804.12
610,lpush5,1000000,829359.88
610,lrange5,1000000,1199175.12
611,lpush5,1000000,836873.62
611,lrange5,1000000,1197739.00
612,lpush5,1000000,829227.19
612,lrange5,1000000,1234627.12
613,lpush5,1000000,832133.12
613,lrange5,1000000,1264242.75
614,lpush5,1000000,824428.62
614,lrange5,1000000,1298701.38
615,lpush5,1000000,824613.31
615,lrange5,1000000,1278772.38
616,lpush5,1000000,828619.69
616,lrange5,1000000,1288804.12
617,lpush5,1000000,834028.38
617,lrange5,1000000,1196325.38
618,lpush5,1000000,834068.38
618,lrange5,1000000,1206446.38
619,lpush5,1000000,825935.62
619,lrange5,1000000,1262666.62
620,lpush5,1000000,832000.00
620,lrange5,1000000,1292155.00
621,lpush5,1000000,830578.06
621,lrange5,1000000,1295378.25
622,lpush5,1000000,834161.81
622,lrange5,1000000,1262828.25
623,lpush5,1000000,836240.81
623,lrange5,1000000,1287104.25
624,lpush5,1000000,841042.88
624,lrange5,1000000,1246882.88
625,lpush5,1000000,838343.69
625,lrange5,1000000,1278874.62
626,lpush5,1000000,828526.94
626,lrange5,1000000,1295502.62
627,lpush5,1000000,837020.88
627,lrange5,1000000,1297099.88
628,lpush5,1000000,824521.00
628,lrange5,1000000,1248679.12
629,lpush5,1000000,835462.00
629,lrange5,1000000,1203485.00
630,lpush5,1000000,830777.44
630,lrange5,1000000,1295357.50
631,lpush5,1000000,825975.25
631,lrange5,1000000,1280409.75
632,lpush5,1000000,827169.56
632,lrange5,1000000,1202230.75
633,lpush5,1000000,829359.88
633,lrange5,1000000,1295357.50
634,lpush5,1000000,832812.69
634,lrange5,1000000,1275530.62
635,lpush5,1000000,829240.50
635,lrange5,1000000,1300410.88
636,lpush5,1000000,821732.12
636,lrange5,1000000,1203388.75
637,lpush5,1000000,825174.94
637,lrange5,1000000,1206484.88
638,lpush5,1000000,829200.69
638,lrange5,1000000,1282112.88
639,lpush5,1000000,829915.31
639,lrange5,1000000,1272285.00
640,lpush5,1000000,831308.44
640,lrange5,1000000,1293681.75
641,lpush5,1000000,842459.94
641,lrange5,1000000,1237742.50
642,lpush5,1000000,833386.62
642,lrange5,1000000,1295419.62
643,lpush5,1000000,840389.88
643,lrange5,1000000,1250180.00
644,lpush5,1000000,829928.62
644,lrange5,1000000,1269238.62
645,lpush5,1000000,824534.19
645,lrange5,1000000,1295336.75
646,lpush5,1000000,829875.50
646,lrange5,1000000,1293702.50
647,lpush5,1000000,831308.44
647,lrange5,1000000,1277323.12
648,lpush5,1000000,826485.94
648,lrange5,1000000,1292010.38
649,lpush5,1000000,828672.75
649,lrange5,1000000,1278792.88
650,lpush5,1000000,836200.69
650,lrange5,1000000,1193680.25
651,lpush5,1000000,826459.50
651,lrange5,1000000,1199040.75
652,lpush5,1000000,817726.88
652,lrange5,1000000,1293847.38
653,lpush5,1000000,833373.31
653,lrange5,1000000,1295336.75
654,lpush5,1000000,828566.69
654,lrange5,1000000,1245369.88
655,lpush5,1000000,827814.62
655,lrange5,1000000,1175200.88
656,lpush5,1000000,829187.44
656,lrange5,1000000,1197834.75
657,lpush5,1000000,834724.56
657,lrange5,1000000,1248639.25
658,lpush5,1000000,834081.75
658,lrange5,1000000,1295668.38
659,lpush5,1000000,824402.25
659,lrange5,1000000,1186467.38
660,lpush5,1000000,820397.06
660,lrange5,1000000,1282256.50
661,lpush5,1000000,825829.94
661,lrange5,1000000,1018525.44
662,lpush5,1000000,829902.06
662,lrange5,1000000,1178063.62
663,lpush5,1000000,836927.19
663,lrange5,1000000,1203388.75
664,lpush5,1000000,827960.31
664,lrange5,1000000,1193508.38
665,lpush5,1000000,830671.12
665,lrange5,1000000,1273885.25
666,lpush5,1000000,825201.31
666,lrange5,1000000,1282256.50
667,lpush5,1000000,823045.25
667,lrange5,1000000,1190647.62
668,lpush5,1000000,839033.56
668,lrange5,1000000,1245449.62
669,lpush5,1000000,836873.62
669,lrange5,1000000,1272285.00
670,lpush5,1000000,829875.50
670,lrange5,1000000,1293702.50
671,lpush5,1000000,834108.44
671,lrange5,1000000,1194743.12
672,lpush5,1000000,837534.31
672,lrange5,1000000,1259445.75
673,lpush5,1000000,826485.94
673,lrange5,1000000,1290322.62
674,lpush5,1000000,819171.19
674,lrange5,1000000,1206581.38
675,lpush5,1000000,829373.12
675,lrange5,1000000,1261054.25
676,lpush5,1000000,832639.50
676,lrange5,1000000,1278772.38
677,lpush5,1000000,833359.94
677,lrange5,1000000,1197949.75
678,lpush5,1000000,828699.25
678,lrange5,1000000,1192047.75
679,lpush5,1000000,836187.31
679,lrange5,1000000,1269177.62
680,lpush5,1000000,839778.38
680,lrange5,1000000,1297265.88
681,lpush5,1000000,842500.38
681,lrange5,1000000,1283779.25
682,lpush5,1000000,837574.56
682,lrange5,1000000,1196555.00
683,lpush5,1000000,843935.88
683,lrange5,1000000,1283820.25
684,lpush5,1000000,825869.56
684,lrange5,1000000,1270810.62
685,lpush5,1000000,831321.75
685,lrange5,1000000,1258002.50
686,lpush5,1000000,836254.19
686,lrange5,1000000,1293681.75
687,lpush5,1000000,831268.50
687,lrange5,1000000,1261094.62
688,lpush5,1000000,825975.25
688,lrange5,1000000,1277302.75
689,lpush5,1000000,832133.12
689,lrange5,1000000,1196516.75
690,lpush5,1000000,836846.81
690,lrange5,1000000,1265822.75
691,lpush5,1000000,821837.31
691,lrange5,1000000,1190590.50
692,lpush5,1000000,826512.38
692,lrange5,1000000,1227190.25
693,lpush5,1000000,830034.81
693,lrange5,1000000,1287166.00
694,lpush5,1000000,821784.69
694,lrange5,1000000,1295357.50
695,lpush5,1000000,822539.50
695,lrange5,1000000,1288680.38
696,lpush5,1000000,823058.44
696,lrange5,1000000,1283758.75
697,lpush5,1000000,835542.19
697,lrange5,1000000,1280594.12
698,lpush5,1000000,832039.94
698,lrange5,1000000,1292217.12
699,lpush5,1000000,818422.25
699,lrange5,1000000,1270851.38
700,lpush5,1000000,830604.62
700,lrange5,1000000,1297099.88
701,lpush5,1000000,822368.44
701,lrange5,1000000,1283881.88
702,lpush5,1000000,830750.81
702,lrange5,1000000,1298826.00
703,lpush5,1000000,827920.56
703,lrange5,1000000,1295564.75
704,lpush5,1000000,832692.75
704,lrange5,1000000,1275591.88
705,lpush5,1000000,817137.25
705,lrange5,1000000,1228540.50
706,lpush5,1000000,823269.12
706,lrange5,1000000,1288680.38
707,lpush5,1000000,829928.62
707,lrange5,1000000,1283697.12
708,lpush5,1000000,824428.62
708,lrange5,1000000,1293847.38
709,lpush5,1000000,824455.00
709,lrange5,1000000,1292217.12
710,lpush5,1000000,827169.56
710,lrange5,1000000,1272346.00
711,lpush5,1000000,832812.69
711,lrange5,1000000,1239236.75
712,lpush5,1000000,829213.94
712,lrange5,1000000,1297203.62
713,lpush5,1000000,821070.56
713,lrange5,1000000,1193622.88
714,lpush5,1000000,839832.06
714,lrange5,1000000,1233124.50
715,lpush5,1000000,828672.75
715,lrange5,1000000,1293930.12
716,lpush5,1000000,824507.81
716,lrange5,1000000,1250060.00
717,lpush5,1000000,827143.12
717,lrange5,1000000,1231586.25
718,lpush5,1000000,829928.62
718,lrange5,1000000,1267447.50
719,lpush5,1000000,819855.69
719,lrange5,1000000,1265964.50
720,lpush5,1000000,821745.25
720,lrange5,1000000,1278956.50
721,lpush5,1000000,831295.12
721,lrange5,1000000,1287042.50
722,lpush5,1000000,818500.81
722,lrange5,1000000,1258042.75
723,lpush5,1000000,828619.69
723,lrange5,1000000,1250100.00
724,lpush5,1000000,829280.31
724,lrange5,1000000,1270648.00
725,lpush5,1000000,832199.62
725,lrange5,1000000,1251704.62
726,lpush5,1000000,834778.00
726,lrange5,1000000,1262626.25
727,lpush5,1000000,824573.75
727,lrange5,1000000,1273987.25
728,lpush5,1000000,834724.56
728,lrange5,1000000,1290425.88
729,lpush5,1000000,832719.44
729,lrange5,1000000,1293868.00
730,lpush5,1000000,841137.06
730,lrange5,1000000,1282236.00
731,lpush5,1000000,826512.38
731,lrange5,1000000,1202153.88
732,lpush5,1000000,828593.19
732,lrange5,1000000,1197643.12
733,lpush5,1000000,815087.19
733,lrange5,1000000,1246902.75
734,lpush5,1000000,845403.25
734,lrange5,1000000,1248639.25
735,lpush5,1000000,834215.19
735,lrange5,1000000,1193527.50
736,lpush5,1000000,831414.81
736,lrange5,1000000,1234607.38
737,lpush5,1000000,829426.25
737,lrange5,1000000,1290384.50
738,lpush5,1000000,837534.31
738,lrange5,1000000,1265822.75
739,lpush5,1000000,829187.44
739,lrange5,1000000,1269137.12
740,lpush5,1000000,834028.38
740,lrange5,1000000,1277139.25
741,lpush5,1000000,825975.25
741,lrange5,1000000,1236192.75
742,lpush5,1000000,833493.31
742,lrange5,1000000,1231645.38
743,lpush5,1000000,829955.19
743,lrange5,1000000,1228520.88
744,lpush5,1000000,828606.44
744,lrange5,1000000,1242395.00
745,lpush5,1000000,825803.50
745,lrange5,1000000,1288701.00
746,lpush5,1000000,823723.25
746,lrange5,1000000,1270709.00
747,lpush5,1000000,827169.56
747,lrange5,1000000,1199117.50
748,lpush5,1000000,820397.06
748,lrange5,1000000,1283964.12
749,lpush5,1000000,828566.69
749,lrange5,1000000,1275530.62
750,lpush5,1000000,828000.06
750,lrange5,1000000,1272285.00
751,lpush5,1000000,832826.00
751,lrange5,1000000,1240833.75
752,lpush5,1000000,844783.75
752,lrange5,1000000,1274007.62
753,lpush5,1000000,846821.31
753,lrange5,1000000,1196210.50
754,lpush5,1000000,828566.69
754,lrange5,1000000,1199386.12
755,lpush5,1000000,830578.06
755,lrange5,1000000,1280430.25
756,lpush5,1000000,839684.31
756,lrange5,1000000,1267548.88
757,lpush5,1000000,836940.56
757,lrange5,1000000,1250000.00
758,lpush5,1000000,835568.88
758,lrange5,1000000,1264283.12
759,lpush5,1000000,830657.81
759,lrange5,1000000,1209305.88
760,lpush5,1000000,836820.06
760,lrange5,1000000,1280594.12
761,lpush5,1000000,828566.69
761,lrange5,1000000,1265822.75
762,lpush5,1000000,834778.00
762,lrange5,1000000,1189060.62
763,lpush5,1000000,827854.31
763,lrange5,1000000,1246922.75
764,lpush5,1000000,824494.62
764,lrange5,1000000,1197700.62
765,lpush5,1000000,824573.75
765,lrange5,1000000,1288824.75
766,lpush5,1000000,827328.38
766,lrange5,1000000,1287001.25
767,lpush5,1000000,829320.06
767,lrange5,1000000,1245529.25
768,lpush5,1000000,834924.94
768,lrange5,1000000,1272488.50
769,lpush5,1000000,827854.31
769,lrange5,1000000,1191914.25
770,lpush5,1000000,826671.06
770,lrange5,1000000,1184928.88
771,lpush5,1000000,834041.69
771,lrange5,1000000,1199271.00
772,lpush5,1000000,829346.62
772,lrange5,1000000,1288701.00
773,lpush5,1000000,832093.19
773,lrange5,1000000,1288804.12
774,lpush5,1000000,832666.12
774,lrange5,1000000,1274048.38
775,lpush5,1000000,825869.56
775,lrange5,1000000,1193527.50
776,lpush5,1000000,832639.50
776,lrange5,1000000,1272427.50
777,lpush5,1000000,829439.50
777,lrange5,1000000,1270770.00
778,lpush5,1000000,815856.50
778,lrange5,1000000,1287001.25
779,lpush5,1000000,831335.00
779,lrange5,1000000,1270688.75
780,lpush5,1000000,834737.94
780,lrange5,1000000,1234745.62
781,lpush5,1000000,823084.75
781,lrange5,1000000,1262808.12
782,lpush5,1000000,837587.94
782,lrange5,1000000,1285367.62
783,lpush5,1000000,839711.19
783,lrange5,1000000,1287042.50
784,lpush5,1000000,833573.31
784,lrange5,1000000,1283697.12
785,lpush5,1000000,825148.50
785,lrange5,1000000,1270749.62
786,lpush5,1000000,832692.75
786,lrange5,1000000,1254825.62
787,lpush5,1000000,833426.62
787,lrange5,1000000,1200922.00
788,lpush5,1000000,830617.94
788,lrange5,1000000,1183564.50
789,lpush5,1000000,835515.44
789,lrange5,1000000,1233164.00
790,lpush5,1000000,828579.94
790,lrange5,1000000,1233045.62
791,lpush5,1000000,832133.12
791,lrange5,1000000,1267488.00
792,lpush5,1000000,829333.38
792,lrange5,1000000,1282174.38
793,lpush5,1000000,832732.75
793,lrange5,1000000,1293681.75
794,lpush5,1000000,829240.50
794,lrange5,1000000,1196574.12
795,lpush5,1000000,825882.75
795,lrange5,1000000,1194953.38
796,lpush5,1000000,827814.62
796,lrange5,1000000,1290529.12
797,lpush5,1000000,837574.56
797,lrange5,1000000,1200845.12
798,lpush5,1000000,839046.94
798,lrange5,1000000,1283799.75
799,lpush5,1000000,839073.81
799,lrange5,1000000,1288845.38
800,lpush5,1000000,828553.44
800,lrange5,1000000,1265843.00
801,lpush5,1000000,830631.25
801,lrange5,1000000,1265924.00
802,lpush5,1000000,829227.19
802,lrange5,1000000,1203600.50
803,lpush5,1000000,820344.56
803,lrange5,1000000,1243801.00
804,lpush5,1000000,823255.94
804,lrange5,1000000,1273885.25
805,lpush5,1000000,826525.62
805,lrange5,1000000,1250180.00
806,lpush5,1000000,833453.31
806,lrange5,1000000,1287063.00
807,lpush5,1000000,836846.81
807,lrange5,1000000,1280491.62
808,lpush5,1000000,838953.00
808,lrange5,1000000,1227072.38
809,lpush5,1000000,825095.69
809,lrange5,1000000,1297079.12
810,lpush5,1000000,834028.38
810,lrange5,1000000,1295399.00
811,lpush5,1000000,838263.25
811,lrange5,1000000,1282071.88
812,lpush5,1000000,826618.12
812,lrange5,1000000,1292031.00
813,lpush5,1000000,836860.19
813,lrange5,1000000,1233223.25
814,lpush5,1000000,824481.44
814,lrange5,1000000,1293661.00
815,lpush5,1000000,836347.81
815,lrange5,1000000,1272447.88
816,lpush5,1000000,824521.00
816,lrange5,1000000,1290343.25
817,lpush5,1000000,834055.06
817,lrange5,1000000,1196344.50
818,lpush5,1000000,830087.94
818,lrange5,1000000,1292031.00
819,lpush5,1000000,829995.00
819,lrange5,1000000,1300494.12
820,lpush5,1000000,829915.31
820,lrange5,1000000,1278915.62
821,lpush5,1000000,828526.94
821,lrange5,1000000,1200518.62
822,lpush5,1000000,821745.25
822,lrange5,1000000,1261195.50
823,lpush5,1000000,834737.94
823,lrange5,1000000,1270831.00
824,lpush5,1000000,832812.69
824,lrange5,1000000,1292010.38
825,lpush5,1000000,823789.12
825,lrange5,1000000,1272407.12
826,lpush5,1000000,831946.75
826,lrange5,1000000,1212334.62
827,lpush5,1000000,829426.25
827,lrange5,1000000,1272285.00
828,lpush5,1000000,831414.81
828,lrange5,1000000,1248599.25
829,lpush5,1000000,828553.44
829,lrange5,1000000,1190742.88
830,lpush5,1000000,827827.88
830,lrange5,1000000,1240754.38
831,lpush5,1000000,836133.81
831,lrange5,1000000,1178139.00
832,lpush5,1000000,826459.50
832,lrange5,1000000,1292093.00
833,lpush5,1000000,838410.75
833,lrange5,1000000,1267670.50
834,lpush5,1000000,838993.25
834,lrange5,1000000,1288680.38
835,lpush5,1000000,836187.31
835,lrange5,1000000,1287001.25
836,lpush5,1000000,832719.44
836,lrange5,1000000,1288845.38
837,lpush5,1000000,820423.31
837,lrange5,1000000,1248599.25
838,lpush5,1000000,838263.25
838,lrange5,1000000,1295336.75
839,lpush5,1000000,835475.31
839,lrange5,1000000,1257962.25
840,lpush5,1000000,823934.12
840,lrange5,1000000,1295461.12
841,lpush5,1000000,825095.69
841,lrange5,1000000,1175407.75
842,lpush5,1000000,830764.12
842,lrange5,1000000,1297016.88
843,lpush5,1000000,829995.00
843,lrange5,1000000,1187857.50
844,lpush5,1000000,824402.25
844,lrange5,1000000,1194743.12
845,lpush5,1000000,825095.69
845,lrange5,1000000,1275510.25
846,lpush5,1000000,822407.94
846,lrange5,1000000,1283697.12
847,lpush5,1000000,833333.31
847,lrange5,1000000,1277282.25
848,lpush5,1000000,830657.81
848,lrange5,1000000,1270790.38
849,lpush5,1000000,825188.12
849,lrange5,1000000,1262686.88
850,lpush5,1000000,827143.12
850,lrange5,1000000,1193317.38
851,lpush5,1000000,827129.88
851,lrange5,1000000,1202211.50
852,lpush5,1000000,832173.00
852,lrange5,1000000,1292010.38
853,lpush5,1000000,829333.38
853,lrange5,1000000,1230012.25
854,lpush5,1000000,827209.25
854,lrange5,1000000,1272427.50
855,lpush5,1000000,828513.69
855,lrange5,1000000,1265863.25
856,lpush5,1000000,827288.69
856,lrange5,1000000,1295357.50
857,lpush5,1000000,822421.06
857,lrange5,1000000,1247182.12
858,lpush5,1000000,827301.94
858,lrange5,1000000,1298784.50
859,lpush5,1000000,832000.00
859,lrange5,1000000,1278792.88
860,lpush5,1000000,834818.06
860,lrange5,1000000,1259566.75
861,lpush5,1000000,824573.75
861,lrange5,1000000,1295336.75
862,lpush5,1000000,821110.00
862,lrange5,1000000,1275510.25
863,lpush5,1000000,826499.12
863,lrange5,1000000,1193470.12
864,lpush5,1000000,829359.88
864,lrange5,1000000,1283799.75
865,lpush5,1000000,834831.44
865,lrange5,1000000,1267488.00
866,lpush5,1000000,826446.25
866,lrange5,1000000,1246942.62
867,lpush5,1000000,814397.38
867,lrange5,1000000,1287124.88
868,lpush5,1000000,821057.44
868,lrange5,1000000,1189346.00
869,lpush5,1000000,829240.50
869,lrange5,1000000,1278956.50
870,lpush5,1000000,835435.25
870,lrange5,1000000,1202153.88
871,lpush5,1000000,827169.56
871,lrange5,1000000,1293661.00
872,lpush5,1000000,833386.62
872,lrange5,1000000,1297058.38
873,lpush5,1000000,830048.12
873,lrange5,1000000,1295336.75
874,lpush5,1000000,829928.62
874,lrange5,1000000,1246982.62
875,lpush5,1000000,841258.19
875,lrange5,1000000,1295564.75
876,lpush5,1000000,833439.94
876,lrange5,1000000,1202288.38
877,lpush5,1000000,838926.12
877,lrange5,1000000,1265903.75
878,lpush5,1000000,832079.88
878,lrange5,1000000,1182165.50
879,lpush5,1000000,834778.00
879,lrange5,1000000,1293661.00
880,lpush5,1000000,831388.25
880,lrange5,1000000,1295336.75
881,lpush5,1000000,823723.25
881,lrange5,1000000,1237782.12
882,lpush5,1000000,825816.69
882,lrange5,1000000,1285367.62
883,lpush5,1000000,823058.44
883,lrange5,1000000,1219512.25
884,lpush5,1000000,828553.44
884,lrange5,1000000,1275693.88
885,lpush5,1000000,823828.69
885,lrange5,1000000,1215183.50
886,lpush5,1000000,833533.31
886,lrange5,1000000,1287001.25
887,lpush5,1000000,825803.50
887,lrange5,1000000,1278772.38
888,lpush5,1000000,832706.12
888,lrange5,1000000,1259586.88
889,lpush5,1000000,825108.88
889,lrange5,1000000,1222689.50
890,lpush5,1000000,824573.75
890,lrange5,1000000,1190914.38
891,lpush5,1000000,823775.94
891,lrange5,1000000,1288721.62
892,lpush5,1000000,838926.12
892,lrange5,1000000,1197949.75
893,lpush5,1000000,827880.81
893,lrange5,1000000,1248539.38
894,lpush5,1000000,838397.38
894,lrange5,1000000,1270648.00
895,lpush5,1000000,823203.25
895,lrange5,1000000,1251724.62
896,lpush5,1000000,835448.62
896,lrange5,1000000,1256442.25
897,lpush5,1000000,824402.25
897,lrange5,1000000,1288680.38
898,lpush5,1000000,820423.31
898,lrange5,1000000,1300535.75
899,lpush5,1000000,825095.69
899,lrange5,1000000,1288907.12
900,lpush5,1000000,835528.81
900,lrange5,1000000,1300410.88
901,lpush5,1000000,824468.25
901,lrange5,1000000,1186524.38
902,lpush5,1000000,832146.44
902,lrange5,1000000,1237623.75
903,lpush5,1000000,829200.69
903,lrange5,1000000,1300494.12
904,lpush5,1000000,834831.44
904,lrange5,1000000,1290322.62
905,lpush5,1000000,830034.81
905,lrange5,1000000,1205031.38
906,lpush5,1000000,829227.19
906,lrange5,1000000,1270729.38
907,lpush5,1000000,838236.44
907,lrange5,1000000,1265984.75
908,lpush5,1000000,831308.44
908,lrange5,1000000,1272285.00
909,lpush5,1000000,830684.38
909,lrange5,1000000,1298701.38
910,lpush5,1000000,838397.38
910,lrange5,1000000,1295461.12
911,lpush5,1000000,835542.19
911,lrange5,1000000,1300577.38
912,lpush5,1000000,832066.56
912,lrange5,1000000,885083.19
913,lpush5,1000000,827182.81
913,lrange5,1000000,1290425.88
914,lpush5,1000000,831268.50
914,lrange5,1000000,1265863.25
915,lpush5,1000000,817713.81
915,lrange5,1000000,1292051.75
916,lpush5,1000000,832679.44
916,lrange5,1000000,1202326.88
917,lpush5,1000000,844043.94
917,lrange5,1000000,1254805.50
918,lpush5,1000000,823775.94
918,lrange5,1000000,1290363.88
919,lpush5,1000000,820449.56
919,lrange5,1000000,1239177.25
920,lpush5,1000000,828553.44
920,lrange5,1000000,1227229.50
921,lpush5,1000000,835528.81
921,lrange5,1000000,1212489.75
922,lpush5,1000000,837520.94
922,lrange5,1000000,1273926.12
923,lpush5,1000000,838343.69
923,lrange5,1000000,1291989.62
924,lpush5,1000000,829293.56
924,lrange5,1000000,1288659.75
925,lpush5,1000000,834858.12
925,lrange5,1000000,1297162.12
926,lpush5,1000000,834778.00
926,lrange5,1000000,1259445.75
927,lpush5,1000000,825188.12
927,lrange5,1000000,1287001.25
928,lpush5,1000000,834791.38
928,lrange5,1000000,1246882.88
929,lpush5,1000000,832639.50
929,lrange5,1000000,1211021.88
930,lpush5,1000000,828579.94
930,lrange5,1000000,1259445.75
931,lpush5,1000000,823762.75
931,lrange5,1000000,1239296.12
932,lpush5,1000000,824402.25
932,lrange5,1000000,1203754.50
933,lpush5,1000000,830724.25
933,lrange5,1000000,1274048.38
934,lpush5,1000000,832679.44
934,lrange5,1000000,1236093.88
935,lpush5,1000000,833413.31
935,lrange5,1000000,1243920.38
936,lpush5,1000000,828513.69
936,lrange5,1000000,1285347.00
937,lpush5,1000000,823124.25
937,lrange5,1000000,1295419.62
938,lpush5,1000000,825135.31
938,lrange5,1000000,1285367.62
939,lpush5,1000000,827867.56
939,lrange5,1000000,1293868.00
940,lpush5,1000000,826446.25
940,lrange5,1000000,1253313.38
941,lpush5,1000000,827315.12
941,lrange5,1000000,1261034.12
942,lpush5,1000000,832852.62
942,lrange5,1000000,1275775.50
943,lpush5,1000000,827814.62
943,lrange5,1000000,1190762.00
944,lpush5,1000000,834041.69
944,lrange5,1000000,1144384.38
945,lpush5,1000000,831428.12
945,lrange5,1000000,1246982.62
946,lpush5,1000000,820449.56
946,lrange5,1000000,1186657.12
947,lpush5,1000000,842500.38
947,lrange5,1000000,1189479.12
948,lpush5,1000000,839087.25
948,lrange5,1000000,1196401.88
949,lpush5,1000000,830578.06
949,lrange5,1000000,1270810.62
950,lpush5,1000000,830604.62
950,lrange5,1000000,1206291.88
951,lpush5,1000000,834804.69
951,lrange5,1000000,1203658.25
952,lpush5,1000000,835421.88
952,lrange5,1000000,1216583.88
953,lpush5,1000000,826459.50
953,lrange5,1000000,1287104.25
954,lpush5,1000000,830061.38
954,lrange5,1000000,1204935.00
955,lpush5,1000000,837628.12
955,lrange5,1000000,1240972.75
956,lpush5,1000000,828500.38
956,lrange5,1000000,1121165.88
957,lpush5,1000000,825095.69
957,lrange5,1000000,1200845.12
958,lpush5,1000000,823045.25
958,lrange5,1000000,1194876.88
959,lpush5,1000000,835662.50
959,lrange5,1000000,1206349.88
960,lpush5,1000000,825935.62
960,lrange5,1000000,1212315.12
961,lpush5,1000000,831321.75
961,lrange5,1000000,1270709.00
962,lpush5,1000000,832652.81
962,lrange5,1000000,1275693.88
963,lpush5,1000000,833519.94
963,lrange5,1000000,1278895.12
964,lpush5,1000000,826472.69
964,lrange5,1000000,1278833.75
965,lpush5,1000000,825763.88
965,lrange5,1000000,1255046.50
966,lpush5,1000000,829995.00
966,lrange5,1000000,1196325.38
967,lpush5,1000000,845308.56
967,lrange5,1000000,1269157.38
968,lpush5,1000000,852583.12
968,lrange5,1000000,1240913.12
969,lpush5,1000000,827169.56
969,lrange5,1000000,1259466.00
970,lpush5,1000000,824455.00
970,lrange5,1000000,1192047.75
971,lpush5,1000000,830604.62
971,lrange5,1000000,1267548.88
972,lpush5,1000000,832026.62
972,lrange5,1000000,1246982.62
973,lpush5,1000000,829902.06
973,lrange5,1000000,1256281.38
974,lpush5,1000000,819737.69
974,lrange5,1000000,1264303.38
975,lpush5,1000000,831348.31
975,lrange5,1000000,1283820.25
976,lpush5,1000000,830710.94
976,lrange5,1000000,1225490.25
977,lpush5,1000000,829306.81
977,lrange5,1000000,1269177.62
978,lpush5,1000000,827288.69
978,lrange5,1000000,1160408.38
979,lpush5,1000000,832639.50
979,lrange5,1000000,1287166.00
980,lpush5,1000000,841818.19
980,lrange5,1000000,1261155.12
981,lpush5,1000000,825922.38
981,lrange5,1000000,1272346.00
982,lpush5,1000000,841804.75
982,lrange5,1000000,1168542.00
983,lpush5,1000000,835462.00
983,lrange5,1000000,1282194.88
984,lpush5,1000000,827933.81
984,lrange5,1000000,1272346.00
985,lpush5,1000000,834081.75
985,lrange5,1000000,1264222.50
986,lpush5,1000000,831321.75
986,lrange5,1000000,1290508.38
987,lpush5,1000000,828500.38
987,lrange5,1000000,1275632.62
988,lpush5,1000000,828619.69
988,lrange5,1000000,1256422.12
989,lpush5,1000000,823071.56
989,lrange5,1000000,1283738.12
990,lpush5,1000000,833439.94
990,lrange5,1000000,1293681.75
991,lpush5,1000000,827854.31
991,lrange5,1000000,1295399.00
992,lpush5,1000000,837641.56
992,lrange5,1000000,1295357.50
993,lpush5,1000000,834764.62
993,lrange5,1000000,1298742.88
994,lpush5,1000000,830087.94
994,lrange5,1000000,1297058.38
995,lpush5,1000000,830764.12
995,lrange5,1000000,1297224.38
996,lpush5,1000000,833359.94
996,lrange5,1000000,1275673.50
997,lpush5,1000000,833533.31
997,lrange5,1000000,1190476.25
998,lpush5,1000000,830631.25
998,lrange5,1000000,1200557.00
999,lpush5,1000000,827867.56
999,lrange5,1000000,1298909.12
1000,lpush5,1000000,841042.88
1000,lrange5,1000000,1199040.75
1001,lpush5,1000000,823097.94
1001,lrange5,1000000,1267548.88
1002,lpush5,1000000,836267.56
1002,lrange5,1000000,1295461.12
1003,lpush5,1000000,834737.94
1003,lrange5,1000000,1256321.62
1004,lpush5,1000000,835568.88
1004,lrange5,1000000,1253193.00
1005,lpush5,1000000,828566.69
1005,lrange5,1000000,1278792.88
1006,lpush5,1000000,831960.06
1006,lrange5,1000000,1297203.62
1007,lpush5,1000000,839006.69
1007,lrange5,1000000,1186600.25
1008,lpush5,1000000,827156.31
1008,lrange5,1000000,1196574.12
1009,lpush5,1000000,829359.88
1009,lrange5,1000000,1240873.50
1010,lpush5,1000000,844608.12
1010,lrange5,1000000,1275734.75
1011,lpush5,1000000,829373.12
1011,lrange5,1000000,1247022.50
1012,lpush5,1000000,834135.12
1012,lrange5,1000000,1237663.38
1013,lpush5,1000000,823828.69
1013,lrange5,1000000,1202173.00
1014,lpush5,1000000,828712.50
1014,lrange5,1000000,1270851.38
1015,lpush5,1000000,835462.00
1015,lrange5,1000000,1190685.75
1016,lpush5,1000000,834844.75
1016,lrange5,1000000,1262626.25
1017,lpush5,1000000,825095.69
1017,lrange5,1000000,1206484.88
1018,lpush5,1000000,834778.00
1018,lrange5,1000000,1209189.75
1019,lpush5,1000000,833346.62
1019,lrange5,1000000,1300535.75
1020,lpush5,1000000,833506.62
1020,lrange5,1000000,1190552.38
1021,lpush5,1000000,832706.12
1021,lrange5,1000000,1199462.88
1022,lpush5,1000000,835528.81
1022,lrange5,1000000,1184985.75
1023,lpush5,1000000,828500.38
1023,lrange5,1000000,1258103.12
1024,lpush5,1000000,830578.06
1024,lrange5,1000000,1288742.25
1025,lpush5,1000000,838926.12
1025,lrange5,1000000,1269198.00
1026,lpush5,1000000,838290.06
1026,lrange5,1000000,1292010.38
1027,lpush5,1000000,826565.25
1027,lrange5,1000000,1287042.50
1028,lpush5,1000000,833439.94
1028,lrange5,1000000,1295378.25
1029,lpush5,1000000,825135.31
1029,lrange5,1000000,1253132.88
1030,lpush5,1000000,833346.62
1030,lrange5,1000000,1275653.12
1031,lpush5,1000000,833346.62
1031,lrange5,1000000,1295440.38
1032,lpush5,1000000,823190.12
1032,lrange5,1000000,1278772.38
1033,lpush5,1000000,827986.81
1033,lrange5,1000000,1199155.88
1034,lpush5,1000000,824441.81
1034,lrange5,1000000,1298763.62
1035,lpush5,1000000,837034.25
1035,lrange5,1000000,1244159.12
1036,lpush5,1000000,834241.88
1036,lrange5,1000000,1210731.25
1037,lpush5,1000000,830657.81
1037,lrange5,1000000,1183583.38
1038,lpush5,1000000,836980.69
1038,lrange5,1000000,1288762.88
1039,lpush5,1000000,839073.81
1039,lrange5,1000000,1285408.75
1040,lpush5,1000000,830644.50
1040,lrange5,1000000,1253152.88
1041,lpush5,1000000,828513.69
1041,lrange5,1000000,1273885.25
1042,lpush5,1000000,840457.12
1042,lrange5,1000000,1225529.38
1043,lpush5,1000000,843345.69
1043,lrange5,1000000,1297182.88
1044,lpush5,1000000,829200.69
1044,lrange5,1000000,1270790.38
1045,lpush5,1000000,832119.81
1045,lrange5,1000000,1200749.12
1046,lpush5,1000000,825882.75
1046,lrange5,1000000,1262626.25
1047,lpush5,1000000,827933.81
1047,lrange5,1000000,1262626.25
1048,lpush5,1000000,828000.06
1048,lrange5,1000000,1277323.12
1049,lpush5,1000000,834041.69
1049,lrange5,1000000,1283758.75
1050,lpush5,1000000,829280.31
1050,lrange5,1000000,1248639.25
1051,lpush5,1000000,826671.06
1051,lrange5,1000000,1237801.88
1052,lpush5,1000000,840389.88
1052,lrange5,1000000,1288680.38
1053,lpush5,1000000,836860.19
1053,lrange5,1000000,1231645.38
1054,lpush5,1000000,829240.50
1054,lrange5,1000000,1257942.12
1055,lpush5,1000000,837628.12
1055,lrange5,1000000,1193432.00
1056,lpush5,1000000,826552.06
1056,lrange5,1000000,1242295.62
1057,lpush5,1000000,823775.94
1057,lrange5,1000000,1200768.25
1058,lpush5,1000000,833519.94
1058,lrange5,1000000,1200768.25
1059,lpush5,1000000,836820.06
1059,lrange5,1000000,1243781.12
1060,lpush5,1000000,832119.81
1060,lrange5,1000000,1197624.00
1061,lpush5,1000000,826591.69
1061,lrange5,1000000,1295378.25
1062,lpush5,1000000,818396.06
1062,lrange5,1000000,1264222.50
1063,lpush5,1000000,835462.00
1063,lrange5,1000000,1197949.75
1064,lpush5,1000000,829915.31
1064,lrange5,1000000,1186619.25
1065,lpush5,1000000,839100.62
1065,lrange5,1000000,1282318.00
1066,lpush5,1000000,831374.94
1066,lrange5,1000000,1264323.62
1067,lpush5,1000000,828712.50
1067,lrange5,1000000,1287042.50
1068,lpush5,1000000,835595.62
1068,lrange5,1000000,1270851.38
1069,lpush5,1000000,834121.75
1069,lrange5,1000000,1228520.88
1070,lpush5,1000000,832013.31
1070,lrange5,1000000,1292072.38
1071,lpush5,1000000,834951.62
1071,lrange5,1000000,1297162.12
1072,lpush5,1000000,834028.38
1072,lrange5,1000000,1201923.00
1073,lpush5,1000000,823124.25
1073,lrange5,1000000,1204838.62
1074,lpush5,1000000,831321.75
1074,lrange5,1000000,1297307.38
1075,lpush5,1000000,834175.12
1075,lrange5,1000000,1272366.38
1076,lpush5,1000000,832133.12
1076,lrange5,1000000,1295461.12
1077,lpush5,1000000,842567.81
1077,lrange5,1000000,1262828.25
1078,lpush5,1000000,830101.19
1078,lrange5,1000000,1239236.75
1079,lpush5,1000000,829373.12
1079,lrange5,1000000,1295357.50
1080,lpush5,1000000,821771.56
1080,lrange5,1000000,1239177.25
1081,lpush5,1000000,836820.06
1081,lrange5,1000000,1199232.62
1082,lpush5,1000000,827182.81
1082,lrange5,1000000,1246982.62
1083,lpush5,1000000,837708.56
1083,lrange5,1000000,1288659.75
1084,lpush5,1000000,817006.56
1084,lrange5,1000000,1274129.88
1085,lpush5,1000000,835462.00
1085,lrange5,1000000,1297099.88
1086,lpush5,1000000,823775.94
1086,lrange5,1000000,1295336.75
1087,lpush5,1000000,829320.06
1087,lrange5,1000000,1278772.38
1088,lpush5,1000000,835475.31
1088,lrange5,1000000,1274007.62
1089,lpush5,1000000,838249.81
1089,lrange5,1000000,1213669.88
1090,lpush5,1000000,825935.62
1090,lrange5,1000000,1283738.12
1091,lpush5,1000000,834255.19
1091,lrange5,1000000,1292155.00
1092,lpush5,1000000,830631.25
1092,lrange5,1000000,1187686.50
1093,lpush5,1000000,821863.62
1093,lrange5,1000000,1292134.38
1094,lpush5,1000000,829187.44
1094,lrange5,1000000,1189288.88
1095,lpush5,1000000,826499.12
1095,lrange5,1000000,1205185.62
1096,lpush5,1000000,825909.19
1096,lrange5,1000000,1221020.75
1097,lpush5,1000000,834161.81
1097,lrange5,1000000,1267467.75
1098,lpush5,1000000,829373.12
1098,lrange5,1000000,1208115.88
1099,lpush5,1000000,830777.44
1099,lrange5,1000000,1205147.00
1100,lpush5,1000000,827249.00
1100,lrange5,1000000,1194915.12
1101,lpush5,1000000,828632.94
1101,lrange5,1000000,1197681.50
1102,lpush5,1000000,819145.00
1102,lrange5,1000000,1259627.12
1103,lpush5,1000000,830644.50
1103,lrange5,1000000,1282112.88
1104,lpush5,1000000,822552.69
1104,lrange5,1000000,1280594.12
1105,lpush5,1000000,823868.19
1105,lrange5,1000000,1200518.62
1106,lpush5,1000000,828500.38
1106,lrange5,1000000,1267427.12
1107,lpush5,1000000,835435.25
1107,lrange5,1000000,1258042.75
1108,lpush5,1000000,821188.81
1108,lrange5,1000000,1266005.00
1109,lpush5,1000000,831428.12
1109,lrange5,1000000,1197643.12
1110,lpush5,1000000,837034.25
1110,lrange5,1000000,1196229.62
1111,lpush5,1000000,835435.25
1111,lrange5,1000000,1199213.50
1112,lpush5,1000000,834884.81
1112,lrange5,1000000,1202096.12
1113,lpush5,1000000,832666.12
1113,lrange5,1000000,1251624.50
1114,lpush5,1000000,834898.19
1114,lrange5,1000000,1272285.00
1115,lpush5,1000000,835435.25
1115,lrange5,1000000,1239335.88
1116,lpush5,1000000,832639.50
1116,lrange5,1000000,1240853.62
1117,lpush5,1000000,837708.56
1117,lrange5,1000000,1283738.12
1118,lpush5,1000000,834041.69
1118,lrange5,1000000,1287186.62
1119,lpush5,1000000,827235.75
1119,lrange5,1000000,1270648.00
1120,lpush5,1000000,838236.44
1120,lrange5,1000000,1290529.12
1121,lpush5,1000000,832772.69
1121,lrange5,1000000,1270709.00
1122,lpush5,1000000,832079.88
1122,lrange5,1000000,1264222.50
1123,lpush5,1000000,841939.44
1123,lrange5,1000000,1267427.12
1124,lpush5,1000000,827907.31
1124,lrange5,1000000,1285347.00
1125,lpush5,1000000,832732.75
1125,lrange5,1000000,1282174.38
1126,lpush5,1000000,826499.12
1126,lrange5,1000000,1197758.12
1127,lpush5,1000000,823097.94
1127,lrange5,1000000,1267508.25
1128,lpush5,1000000,842459.94
1128,lrange5,1000000,1272285.00
1129,lpush5,1000000,825816.69
1129,lrange5,1000000,1282153.88
1130,lpush5,1000000,827222.50
1130,lrange5,1000000,1205127.75
1131,lpush5,1000000,837614.75
1131,lrange5,1000000,1189327.00
1132,lpush5,1000000,843237.81
1132,lrange5,1000000,1248639.25
1133,lpush5,1000000,848244.25
1133,lrange5,1000000,1283697.12
1134,lpush5,1000000,843962.94
1134,lrange5,1000000,1197988.00
1135,lpush5,1000000,843210.81
1135,lrange5,1000000,1259466.00
1136,lpush5,1000000,843291.75
1136,lrange5,1000000,1242275.75
1137,lpush5,1000000,826512.38
1137,lrange5,1000000,1193393.75
1138,lpush5,1000000,828500.38
1138,lrange5,1000000,1288762.88
1139,lpush5,1000000,832639.50
1139,lrange5,1000000,1227013.50
1140,lpush5,1000000,839140.94
1140,lrange5,1000000,1282153.88
1141,lpush5,1000000,834095.06
1141,lrange5,1000000,1269035.50
1142,lpush5,1000000,827143.12
1142,lrange5,1000000,1225529.38
1143,lpush5,1000000,834041.69
1143,lrange5,1000000,1277282.25
1144,lpush5,1000000,826618.12
1144,lrange5,1000000,1180939.75
1145,lpush5,1000000,824521.00
1145,lrange5,1000000,1191990.50
1146,lpush5,1000000,831361.62
1146,lrange5,1000000,1199366.88
1147,lpush5,1000000,832652.81
1147,lrange5,1000000,1279140.62
1148,lpush5,1000000,838236.44
1148,lrange5,1000000,1272447.88
1149,lpush5,1000000,843183.81
1149,lrange5,1000000,1278792.88
1150,lpush5,1000000,841939.44
1150,lrange5,1000000,1266146.75
1151,lpush5,1000000,822407.94
1151,lrange5,1000000,1267467.75
1152,lpush5,1000000,829928.62
1152,lrange5,1000000,1184834.12
1153,lpush5,1000000,833506.62
1153,lrange5,1000000,1077913.88
1154,lpush5,1000000,840349.56
1154,lrange5,1000000,1236133.50
1155,lpush5,1000000,825869.56
1155,lrange5,1000000,1228796.00
1156,lpush5,1000000,830591.38
1156,lrange5,1000000,1278792.88
1157,lpush5,1000000,836927.19
1157,lrange5,1000000,1219551.25
1158,lpush5,1000000,825922.38
1158,lrange5,1000000,1190819.12
1159,lpush5,1000000,828513.69
1159,lrange5,1000000,1267569.12
1160,lpush5,1000000,840363.00
1160,lrange5,1000000,1218026.88
1161,lpush5,1000000,819145.00
1161,lrange5,1000000,1267467.75
1162,lpush5,1000000,825856.31
1162,lrange5,1000000,1191895.12
1163,lpush5,1000000,824415.44
1163,lrange5,1000000,1194991.62
1164,lpush5,1000000,834898.19
1164,lrange5,1000000,1245509.38
1165,lpush5,1000000,819210.50
1165,lrange5,1000000,1295544.00
1166,lpush5,1000000,830617.94
1166,lrange5,1000000,1194819.62
1167,lpush5,1000000,817779.19
1167,lrange5,1000000,1283861.38
1168,lpush5,1000000,829306.81
1168,lrange5,1000000,1195049.00
1169,lpush5,1000000,832706.12
1169,lrange5,1000000,1251664.50
1170,lpush5,1000000,827960.31
1170,lrange5,1000000,1192143.00
1171,lpush5,1000000,828593.19
1171,lrange5,1000000,1197604.88
1172,lpush5,1000000,831428.12
1172,lrange5,1000000,1189231.88
1173,lpush5,1000000,823097.94
1173,lrange5,1000000,1230032.00
1174,lpush5,1000000,826591.69
1174,lrange5,1000000,1196478.38
1175,lpush5,1000000,834055.06
1175,lrange5,1000000,1196325.38
1176,lpush5,1000000,830671.12
1176,lrange5,1000000,1195010.75
1177,lpush5,1000000,829320.06
1177,lrange5,1000000,1269258.88
1178,lpush5,1000000,828000.06
1178,lrange5,1000000,1204838.62
1179,lpush5,1000000,830034.81
1179,lrange5,1000000,1200749.12
1180,lpush5,1000000,822368.44
1180,lrange5,1000000,1187686.50
1181,lpush5,1000000,835462.00
1181,lrange5,1000000,1242414.88
1182,lpush5,1000000,834095.06
1182,lrange5,1000000,1270729.38
1183,lpush5,1000000,836294.31
1183,lrange5,1000000,1265883.50
1184,lpush5,1000000,828566.69
1184,lrange5,1000000,1197853.88
1185,lpush5,1000000,835649.12
1185,lrange5,1000000,1196401.88
1186,lpush5,1000000,834791.38
1186,lrange5,1000000,1245369.88
1187,lpush5,1000000,841110.19
1187,lrange5,1000000,1265964.50
1188,lpush5,1000000,830087.94
1188,lrange5,1000000,1200576.25
1189,lpush5,1000000,825829.94
1189,lrange5,1000000,1288680.38
1190,lpush5,1000000,824455.00
1190,lrange5,1000000,1199117.50
1191,lpush5,1000000,837708.56
1191,lrange5,1000000,1194838.75
1192,lpush5,1000000,835502.06
1192,lrange5,1000000,1257922.00
1193,lpush5,1000000,832772.69
1193,lrange5,1000000,1297016.88
1194,lpush5,1000000,830048.12
1194,lrange5,1000000,1277159.62
1195,lpush5,1000000,826459.50
1195,lrange5,1000000,1277302.75
1196,lpush5,1000000,841764.31
1196,lrange5,1000000,1300410.88
1197,lpush5,1000000,833493.31
1197,lrange5,1000000,1230248.38
1198,lpush5,1000000,825095.69
1198,lrange5,1000000,1275591.88
1199,lpush5,1000000,829187.44
1199,lrange5,1000000,1240774.25
1200,lpush5,1000000,829253.75
1200,lrange5,1000000,1243820.88
1201,lpush5,1000000,824455.00
1201,lrange5,1000000,1193737.50
1202,lpush5,1000000,815856.50
1202,lrange5,1000000,1186676.12
1203,lpush5,1000000,822500.00
1203,lrange5,1000000,1200864.38
1204,lpush5,1000000,830617.94
1204,lrange5,1000000,1287042.50
1205,lpush5,1000000,829399.69
1205,lrange5,1000000,1189288.88
1206,lpush5,1000000,830578.06
1206,lrange5,1000000,1275571.50
1207,lpush5,1000000,822381.62
1207,lrange5,1000000,1228540.50
1208,lpush5,1000000,817661.44
1208,lrange5,1000000,1261034.12
1209,lpush5,1000000,831428.12
1209,lrange5,1000000,1298763.62
1210,lpush5,1000000,834764.62
1210,lrange5,1000000,1285347.00
1211,lpush5,1000000,832799.38
1211,lrange5,1000000,1295357.50
1212,lpush5,1000000,830564.81
1212,lrange5,1000000,1283758.75
1213,lpush5,1000000,829373.12
1213,lrange5,1000000,1288804.12
1214,lpush5,1000000,821916.19
1214,lrange5,1000000,1245449.62
1215,lpush5,1000000,837614.75
1215,lrange5,1000000,1295336.75
1216,lpush5,1000000,818343.69
1216,lrange5,1000000,1295378.25
1217,lpush5,1000000,828686.00
1217,lrange5,1000000,1278936.00
1218,lpush5,1000000,835435.25
1218,lrange5,1000000,1202057.62
1219,lpush5,1000000,830564.81
1219,lrange5,1000000,1293868.00
1220,lpush5,1000000,825148.50
1220,lrange5,1000000,1295378.25
1221,lpush5,1000000,837547.75
1221,lrange5,1000000,1295378.25
1222,lpush5,1000000,830790.69
1222,lrange5,1000000,1194781.38
1223,lpush5,1000000,826525.62
1223,lrange5,1000000,1199117.50
1224,lpush5,1000000,834898.19
1224,lrange5,1000000,1202153.88
1225,lpush5,1000000,830804.00
1225,lrange5,1000000,1194762.25
1226,lpush5,1000000,829955.19
1226,lrange5,1000000,1278915.62
1227,lpush5,1000000,831428.12
1227,lrange5,1000000,1199098.38
1228,lpush5,1000000,831401.50
1228,lrange5,1000000,1242315.50
1229,lpush5,1000000,836820.06
1229,lrange5,1000000,1203696.75
1230,lpush5,1000000,824481.44
1230,lrange5,1000000,1275530.62
1231,lpush5,1000000,827986.81
1231,lrange5,1000000,1261034.12
1232,lpush5,1000000,829267.00
1232,lrange5,1000000,1222552.50
1233,lpush5,1000000,835542.19
1233,lrange5,1000000,1283697.12
1234,lpush5,1000000,827235.75
1234,lrange5,1000000,1261135.00
1235,lpush5,1000000,839805.19
1235,lrange5,1000000,1186448.38
1236,lpush5,1000000,838343.69
1236,lrange5,1000000,1257922.00
1237,lpush5,1000000,840363.00
1237,lrange5,1000000,1272305.38
1238,lpush5,1000000,830578.06
1238,lrange5,1000000,1132792.75
1239,lpush5,1000000,830617.94
1239,lrange5,1000000,1277200.50
1240,lpush5,1000000,834844.75
1240,lrange5,1000000,1282153.88
1241,lpush5,1000000,836160.56
1241,lrange5,1000000,1282153.88
1242,lpush5,1000000,846848.44
1242,lrange5,1000000,1285470.50
1243,lpush5,1000000,828672.75
1243,lrange5,1000000,1282071.88
1244,lpush5,1000000,823762.75
1244,lrange5,1000000,1246982.62
1245,lpush5,1000000,836967.31
1245,lrange5,1000000,1210789.38
1246,lpush5,1000000,839020.12
1246,lrange5,1000000,1288742.25
1247,lpush5,1000000,827301.94
1247,lrange5,1000000,1269137.12
1248,lpush5,1000000,844648.62
1248,lrange5,1000000,1288721.62
1249,lpush5,1000000,834764.62
1249,lrange5,1000000,1186619.25
1250,lpush5,1000000,831428.12
1250,lrange5,1000000,1290343.25
1251,lpush5,1000000,834188.50
1251,lrange5,1000000,1234884.00
1252,lpush5,1000000,829240.50
1252,lrange5,1000000,1228599.50
1253,lpush5,1000000,835475.31
1253,lrange5,1000000,1186334.50
1254,lpush5,1000000,833373.31
1254,lrange5,1000000,1293806.00
1255,lpush5,1000000,832812.69
1255,lrange5,1000000,1189384.00
1256,lpush5,1000000,841096.69
1256,lrange5,1000000,1200499.38
1257,lpush5,1000000,834818.06
1257,lrange5,1000000,1234706.12
1258,lpush5,1000000,833386.62
1258,lrange5,1000000,1269116.75
1259,lpush5,1000000,826565.25
1259,lrange5,1000000,1144183.00
1260,lpush5,1000000,833346.62
1260,lrange5,1000000,1194934.25
1261,lpush5,1000000,826525.62
1261,lrange5,1000000,1285511.62
1262,lpush5,1000000,833559.94
1262,lrange5,1000000,1248479.38
1263,lpush5,1000000,822539.50
1263,lrange5,1000000,1183526.62
1264,lpush5,1000000,831255.25
1264,lrange5,1000000,1267548.88
1265,lpush5,1000000,832652.81
1265,lrange5,1000000,1186657.12
1266,lpush5,1000000,825135.31
1266,lrange5,1000000,1288680.38
1267,lpush5,1000000,827169.56
1267,lrange5,1000000,1192066.75
1268,lpush5,1000000,836833.44
1268,lrange5,1000000,1237683.12
1269,lpush5,1000000,827129.88
1269,lrange5,1000000,1288659.75
1270,lpush5,1000000,826604.94
1270,lrange5,1000000,1251684.62
1271,lpush5,1000000,835475.31
1271,lrange5,1000000,1236173.00
1272,lpush5,1000000,836953.94
1272,lrange5,1000000,1248519.38
1273,lpush5,1000000,822486.88
1273,lrange5,1000000,1193432.00
1274,lpush5,1000000,823255.94
1274,lrange5,1000000,1176658.75
1275,lpush5,1000000,819777.00
1275,lrange5,1000000,1237643.50
1276,lpush5,1000000,827143.12
1276,lrange5,1000000,1143168.00
1277,lpush5,1000000,825763.88
1277,lrange5,1000000,1197739.00
1278,lpush5,1000000,822421.06
1278,lrange5,1000000,1168373.88
1279,lpush5,1000000,820528.31
1279,lrange5,1000000,1272386.75
1280,lpush5,1000000,838303.44
1280,lrange5,1000000,1292093.00
1281,lpush5,1000000,835435.25
1281,lrange5,1000000,1257922.00
1282,lpush5,1000000,834241.88
1282,lrange5,1000000,1297037.62
1283,lpush5,1000000,829928.62
1283,lrange5,1000000,1188066.50
1284,lpush5,1000000,828553.44
1284,lrange5,1000000,1277159.62
1285,lpush5,1000000,828606.44
1285,lrange5,1000000,1256361.75
1286,lpush5,1000000,831986.69
1286,lrange5,1000000,1230169.75
1287,lpush5,1000000,829399.69
1287,lrange5,1000000,1295440.38
1288,lpush5,1000000,829888.75
1288,lrange5,1000000,1290467.12
1289,lpush5,1000000,825869.56
1289,lrange5,1000000,1291989.62
1290,lpush5,1000000,827196.06
1290,lrange5,1000000,1277323.12
1291,lpush5,1000000,825803.50
1291,lrange5,1000000,1109895.62
1292,lpush5,1000000,825803.50
1292,lrange5,1000000,1221216.12
1293,lpush5,1000000,819118.81
1293,lrange5,1000000,1250020.00
1294,lpush5,1000000,829426.25
1294,lrange5,1000000,1186486.38
1295,lpush5,1000000,817818.44
1295,lrange5,1000000,1197988.00
1296,lpush5,1000000,832000.00
1296,lrange5,1000000,1183564.50
1297,lpush5,1000000,825082.50
1297,lrange5,1000000,1293868.00
1298,lpush5,1000000,827301.94
1298,lrange5,1000000,1192200.25
1299,lpush5,1000000,842500.38
1299,lrange5,1000000,1199194.25
1300,lpush5,1000000,827182.81
1300,lrange5,1000000,1237663.38
1301,lpush5,1000000,827827.88
1301,lrange5,1000000,1236232.38
1302,lpush5,1000000,826512.38
1302,lrange5,1000000,1190857.12
1303,lpush5,1000000,823216.44
1303,lrange5,1000000,1193737.50
1304,lpush5,1000000,821188.81
1304,lrange5,1000000,1228540.50
1305,lpush5,1000000,829915.31
1305,lrange5,1000000,1197988.00
1306,lpush5,1000000,831960.06
1306,lrange5,1000000,1283758.75
1307,lpush5,1000000,821797.88
1307,lrange5,1000000,1280491.62
1308,lpush5,1000000,827920.56
1308,lrange5,1000000,1298784.50
1309,lpush5,1000000,832119.81
1309,lrange5,1000000,1298742.88
1310,lpush5,1000000,832679.44
1310,lrange5,1000000,1297079.12
1311,lpush5,1000000,820410.19
1311,lrange5,1000000,818343.69
1312,lpush5,1000000,732076.12
1312,lrange5,1000000,1221177.00
1313,lpush5,1000000,828659.50
1313,lrange5,1000000,1274068.75
1314,lpush5,1000000,818500.81
1314,lrange5,1000000,1173821.62
1315,lpush5,1000000,825777.06
1315,lrange5,1000000,1184928.88
1316,lpush5,1000000,831428.12
1316,lrange5,1000000,1190762.00
1317,lpush5,1000000,834884.81
1317,lrange5,1000000,1132738.38
1318,lpush5,1000000,828513.69
1318,lrange5,1000000,1221020.75
1319,lpush5,1000000,829187.44
1319,lrange5,1000000,1227072.38
1320,lpush5,1000000,821175.69
1320,lrange5,1000000,1262747.50
1321,lpush5,1000000,829981.69
1321,lrange5,1000000,1197681.50
1322,lpush5,1000000,832746.06
1322,lrange5,1000000,1259566.75
1323,lpush5,1000000,830684.38
1323,lrange5,1000000,1292031.00
1324,lpush5,1000000,827143.12
1324,lrange5,1000000,1282133.38
1325,lpush5,1000000,817700.69
1325,lrange5,1000000,1200499.38
1326,lpush5,1000000,821705.81
1326,lrange5,1000000,1197911.38
1327,lpush5,1000000,828526.94
1327,lrange5,1000000,1277261.88
1328,lpush5,1000000,831960.06
1328,lrange5,1000000,1240714.62
1329,lpush5,1000000,832679.44
1329,lrange5,1000000,1185175.38
1330,lpush5,1000000,823137.44
1330,lrange5,1000000,1288701.00
1331,lpush5,1000000,828513.69
1331,lrange5,1000000,1283717.62
1332,lpush5,1000000,826459.50
1332,lrange5,1000000,1283902.50
1333,lpush5,1000000,827262.19
1333,lrange5,1000000,1267467.75
1334,lpush5,1000000,817753.06
1334,lrange5,1000000,1194743.12
1335,lpush5,1000000,828540.19
1335,lrange5,1000000,1282256.50
1336,lpush5,1000000,821123.12
1336,lrange5,1000000,1288783.50
1337,lpush5,1000000,827933.81
1337,lrange5,1000000,1225568.62
1338,lpush5,1000000,823124.25
1338,lrange5,1000000,1288659.75
1339,lpush5,1000000,833386.62
1339,lrange5,1000000,1269055.88
1340,lpush5,1000000,834028.38
1340,lrange5,1000000,1196325.38
1341,lpush5,1000000,819013.94
1341,lrange5,1000000,1280471.12
1342,lpush5,1000000,823216.44
1342,lrange5,1000000,1297058.38
1343,lpush5,1000000,824428.62
1343,lrange5,1000000,1293681.75
1344,lpush5,1000000,821162.50
1344,lrange5,1000000,1203735.25
1345,lpush5,1000000,832013.31
1345,lrange5,1000000,1295481.88
1346,lpush5,1000000,827986.81
1346,lrange5,1000000,1183545.50
1347,lpush5,1000000,823749.62
1347,lrange5,1000000,1292134.38
1348,lpush5,1000000,837587.94
1348,lrange5,1000000,1240714.62
1349,lpush5,1000000,822552.69
1349,lrange5,1000000,1295378.25
1350,lpush5,1000000,829928.62
1350,lrange5,1000000,1282112.88
1351,lpush5,1000000,824560.56
1351,lrange5,1000000,1295357.50
1352,lpush5,1000000,833359.94
1352,lrange5,1000000,1283717.62
1353,lpush5,1000000,837561.12
1353,lrange5,1000000,1275693.88
1354,lpush5,1000000,836873.62
1354,lrange5,1000000,1273966.88
1355,lpush5,1000000,829888.75
1355,lrange5,1000000,1293723.12
1356,lpush5,1000000,828619.69
1356,lrange5,1000000,1273987.25
1357,lpush5,1000000,829941.88
1357,lrange5,1000000,1293826.62
1358,lpush5,1000000,829955.19
1358,lrange5,1000000,1254745.25
1359,lpush5,1000000,827827.88
1359,lrange5,1000000,1205147.00
1360,lpush5,1000000,829955.19
1360,lrange5,1000000,1275632.62
1361,lpush5,1000000,823841.88
1361,lrange5,1000000,835475.31
1362,lpush5,1000000,809113.31
1362,lrange5,1000000,1285367.62
1363,lpush5,1000000,818487.75
1363,lrange5,1000000,1285347.00
1364,lpush5,1000000,824560.56
1364,lrange5,1000000,1253233.12
1365,lpush5,1000000,832706.12
1365,lrange5,1000000,1262727.25
1366,lpush5,1000000,827222.50
1366,lrange5,1000000,1290343.25
1367,lpush5,1000000,829915.31
1367,lrange5,1000000,1275632.62
1368,lpush5,1000000,836927.19
1368,lrange5,1000000,1187819.50
1369,lpush5,1000000,828699.25
1369,lrange5,1000000,1186334.50
1370,lpush5,1000000,827301.94
1370,lrange5,1000000,1239276.38
1371,lpush5,1000000,817870.75
1371,lrange5,1000000,1264242.75
1372,lpush5,1000000,819000.88
1372,lrange5,1000000,1256422.12
1373,lpush5,1000000,821824.12
1373,lrange5,1000000,1278833.75
1374,lpush5,1000000,825122.12
1374,lrange5,1000000,1189079.62
1375,lpush5,1000000,827129.88
1375,lrange5,1000000,1287227.75
1376,lpush5,1000000,825829.94
1376,lrange5,1000000,1190609.50
1377,lpush5,1000000,834081.75
1377,lrange5,1000000,1202211.50
1378,lpush5,1000000,839818.62
1378,lrange5,1000000,1237702.88
1379,lpush5,1000000,831428.12
1379,lrange5,1000000,1200537.75
1380,lpush5,1000000,834041.69
1380,lrange5,1000000,1119892.50
1381,lpush5,1000000,652752.00
1381,lrange5,1000000,1230032.00
1382,lpush5,1000000,823137.44
1382,lrange5,1000000,1191933.25
1383,lpush5,1000000,827894.06
1383,lrange5,1000000,1270770.00
1384,lpush5,1000000,839697.75
1384,lrange5,1000000,1272386.75
1385,lpush5,1000000,835475.31
1385,lrange5,1000000,1283717.62
1386,lpush5,1000000,834028.38
1386,lrange5,1000000,1285429.25
1387,lpush5,1000000,825843.12
1387,lrange5,1000000,1265984.75
1388,lpush5,1000000,831454.75
1388,lrange5,1000000,1256321.62
1389,lpush5,1000000,832119.81
1389,lrange5,1000000,1144329.50
1390,lpush5,1000000,829293.56
1390,lrange5,1000000,1219551.25
1391,lpush5,1000000,823150.62
1391,lrange5,1000000,1283881.88
1392,lpush5,1000000,834041.69
1392,lrange5,1000000,1269116.75
1393,lpush5,1000000,833346.62
1393,lrange5,1000000,1265843.00
1394,lpush5,1000000,835488.69
1394,lrange5,1000000,1280512.12
1395,lpush5,1000000,834804.69
1395,lrange5,1000000,1277159.62
1396,lpush5,1000000,829200.69
1396,lrange5,1000000,823841.88
1397,lpush5,1000000,820397.06
1397,lrange5,1000000,1196210.50
1398,lpush5,1000000,822473.69
1398,lrange5,1000000,1253193.00
1399,lpush5,1000000,826512.38
1399,lrange5,1000000,1257982.38
1400,lpush5,1000000,834228.50
1400,lrange5,1000000,1194972.50
1401,lpush5,1000000,830631.25
1401,lrange5,1000000,1205204.88
1402,lpush5,1000000,829200.69
1402,lrange5,1000000,1236192.75
1403,lpush5,1000000,834911.56
1403,lrange5,1000000,1293847.38
1404,lpush5,1000000,824455.00
1404,lrange5,1000000,1259607.00
1405,lpush5,1000000,840389.88
1405,lrange5,1000000,1262666.62
1406,lpush5,1000000,842459.94
1406,lrange5,1000000,1278813.25
1407,lpush5,1000000,836160.56
1407,lrange5,1000000,1298742.88
1408,lpush5,1000000,825975.25
1408,lrange5,1000000,1253313.38
1409,lpush5,1000000,834161.81
1409,lrange5,1000000,1298722.12
1410,lpush5,1000000,829915.31
1410,lrange5,1000000,1165836.88
1411,lpush5,1000000,827156.31
1411,lrange5,1000000,1277282.25
1412,lpush5,1000000,831255.25
1412,lrange5,1000000,1269076.12
1413,lpush5,1000000,824455.00
1413,lrange5,1000000,1185232.25
1414,lpush5,1000000,832119.81
1414,lrange5,1000000,1280471.12
1415,lpush5,1000000,830578.06
1415,lrange5,1000000,1195106.38
1416,lpush5,1000000,835595.62
1416,lrange5,1000000,1280450.62
1417,lpush5,1000000,828053.00
1417,lrange5,1000000,1204877.12
1418,lpush5,1000000,832652.81
1418,lrange5,1000000,1275571.50
1419,lpush5,1000000,835595.62
1419,lrange5,1000000,1277139.25
1420,lpush5,1000000,837614.75
1420,lrange5,1000000,1206620.00
1421,lpush5,1000000,827354.88
1421,lrange5,1000000,848203.56
1422,lpush5,1000000,822447.38
1422,lrange5,1000000,1200902.75
1423,lpush5,1000000,832000.00
1423,lrange5,1000000,1285388.12
1424,lpush5,1000000,823736.44
1424,lrange5,1000000,1265822.75
1425,lpush5,1000000,819184.31
1425,lrange5,1000000,1259466.00
1426,lpush5,1000000,821175.69
1426,lrange5,1000000,1234646.88
1427,lpush5,1000000,834055.06
1427,lrange5,1000000,1227170.50
1428,lpush5,1000000,829200.69
1428,lrange5,1000000,1206562.12
1429,lpush5,1000000,830750.81
1429,lrange5,1000000,1292113.75
1430,lpush5,1000000,832013.31
1430,lrange5,1000000,1272366.38
1431,lpush5,1000000,816378.75
1431,lrange5,1000000,1190609.50
1432,lpush5,1000000,834028.38
1432,lrange5,1000000,1283697.12
1433,lpush5,1000000,826459.50
1433,lrange5,1000000,1275530.62
1434,lpush5,1000000,830617.94
1434,lrange5,1000000,1291989.62
1435,lpush5,1000000,829359.88
1435,lrange5,1000000,1272427.50
1436,lpush5,1000000,826552.06
1436,lrange5,1000000,773395.19
1437,lpush5,1000000,503106.62
1437,lrange5,1000000,841164.00
1438,lpush5,1000000,827235.75
1438,lrange5,1000000,1285491.00
1439,lpush5,1000000,827960.31
1439,lrange5,1000000,1267447.50
1440,lpush5,1000000,823111.06
1440,lrange5,1000000,1254745.25
1441,lpush5,1000000,834737.94
1441,lrange5,1000000,1282092.38
1442,lpush5,1000000,822513.19
1442,lrange5,1000000,1250180.00
1443,lpush5,1000000,830591.38
1443,lrange5,1000000,1285532.12
1444,lpush5,1000000,826552.06
1444,lrange5,1000000,1259445.75
1445,lpush5,1000000,820357.69
1445,lrange5,1000000,1203408.00
1446,lpush5,1000000,826512.38
1446,lrange5,1000000,1184853.12
1447,lpush5,1000000,832692.75
1447,lrange5,1000000,1270831.00
1448,lpush5,1000000,834175.12
1448,lrange5,1000000,1293785.25
1449,lpush5,1000000,836887.00
1449,lrange5,1000000,1192085.88
1450,lpush5,1000000,834135.12
1450,lrange5,1000000,1262646.50
1451,lpush5,1000000,836147.19
1451,lrange5,1000000,1243980.12
1452,lpush5,1000000,823789.12
1452,lrange5,1000000,1277200.50
1453,lpush5,1000000,831268.50
1453,lrange5,1000000,1188009.50
1454,lpush5,1000000,823216.44
1454,lrange5,1000000,1200557.00
1455,lpush5,1000000,840430.19
1455,lrange5,1000000,1253193.00
1456,lpush5,1000000,821916.19
1456,lrange5,1000000,1267589.38
1457,lpush5,1000000,836994.12
1457,lrange5,1000000,1193584.75
1458,lpush5,1000000,836294.31
1458,lrange5,1000000,1261034.12
1459,lpush5,1000000,827209.25
1459,lrange5,1000000,1197700.62
1460,lpush5,1000000,834724.56
1460,lrange5,1000000,1184872.12
1461,lpush5,1000000,832786.00
1461,lrange5,1000000,1194915.12
1462,lpush5,1000000,827894.06
1462,lrange5,1000000,1176640.00
1463,lpush5,1000000,829412.94
1463,lrange5,1000000,1259486.12
1464,lpush5,1000000,826538.81
1464,lrange5,1000000,1187743.50
1465,lpush5,1000000,830048.12
1465,lrange5,1000000,1230189.38
1466,lpush5,1000000,831960.06
1466,lrange5,1000000,1121094.12
1467,lpush5,1000000,828646.19
1467,lrange5,1000000,1184966.88
1468,lpush5,1000000,821149.38
1468,lrange5,1000000,1186239.62
1469,lpush5,1000000,827156.31
1469,lrange5,1000000,1196478.38
1470,lpush5,1000000,836160.56
1470,lrange5,1000000,1272264.62
1471,lpush5,1000000,834161.81
1471,lrange5,1000000,1182430.25
1472,lpush5,1000000,829386.44
1472,lrange5,1000000,1182203.25
1473,lpush5,1000000,827129.88
1473,lrange5,1000000,1212257.00
1474,lpush5,1000000,830737.56
1474,lrange5,1000000,1195029.88
1475,lpush5,1000000,838357.12
1475,lrange5,1000000,1280450.62
1476,lpush5,1000000,825869.56
1476,lrange5,1000000,1210828.12
1477,lpush5,1000000,833506.62
1477,lrange5,1000000,1288742.25
1478,lpush5,1000000,830644.50
1478,lrange5,1000000,1287145.38
1479,lpush5,1000000,832719.44
1479,lrange5,1000000,1283799.75
1480,lpush5,1000000,836820.06
1480,lrange5,1000000,1287166.00
1481,lpush5,1000000,821123.12
1481,lrange5,1000000,1193546.50
1482,lpush5,1000000,830578.06
1482,lrange5,1000000,1288680.38
1483,lpush5,1000000,832865.94
1483,lrange5,1000000,1253233.12
1484,lpush5,1000000,837534.31
1484,lrange5,1000000,1278833.75
1485,lpush5,1000000,836214.06
1485,lrange5,1000000,1199136.75
1486,lpush5,1000000,841110.19
1486,lrange5,1000000,1293826.62
1487,lpush5,1000000,825763.88
1487,lrange5,1000000,1193412.88
1488,lpush5,1000000,837695.12
1488,lrange5,1000000,1275530.62
1489,lpush5,1000000,831295.12
1489,lrange5,1000000,1288659.75
1490,lpush5,1000000,829941.88
1490,lrange5,1000000,1277302.75
1491,lpush5,1000000,830631.25
1491,lrange5,1000000,1291989.62
1492,lpush5,1000000,832719.44
1492,lrange5,1000000,1190876.25
1493,lpush5,1000000,820383.94
1493,lrange5,1000000,1280409.75
1494,lpush5,1000000,840336.12
1494,lrange5,1000000,1288701.00
1495,lpush5,1000000,825214.50
1495,lrange5,1000000,1194915.12
1496,lpush5,1000000,837695.12
1496,lrange5,1000000,1245369.88
1497,lpush5,1000000,821876.75
1497,lrange5,1000000,1196306.12
1498,lpush5,1000000,829187.44
1498,lrange5,1000000,1210692.50
1499,lpush5,1000000,819145.00
1499,lrange5,1000000,1282215.38
1500,lpush5,1000000,825777.06
1500,lrange5,1000000,1234706.12
1501,lpush5,1000000,821201.94
1501,lrange5,1000000,1278956.50
1502,lpush5,1000000,822381.62
1502,lrange5,1000000,1171316.25
1503,lpush5,1000000,734226.12
1503,lrange5,1000000,1246922.75
1504,lpush5,1000000,830737.56
1504,lrange5,1000000,1274068.75
1505,lpush5,1000000,823775.94
1505,lrange5,1000000,1206311.25
1506,lpush5,1000000,826446.25
1506,lrange5,1000000,1210692.50
1507,lpush5,1000000,822513.19
1507,lrange5,1000000,1253253.12
1508,lpush5,1000000,831960.06
1508,lrange5,1000000,1257881.75
1509,lpush5,1000000,827196.06
1509,lrange5,1000000,1269137.12
1510,lpush5,1000000,827249.00
1510,lrange5,1000000,1200653.00
1511,lpush5,1000000,830737.56
1511,lrange5,1000000,1264323.62
1512,lpush5,1000000,832865.94
1512,lrange5,1000000,1277241.38
1513,lpush5,1000000,829928.62
1513,lrange5,1000000,1237722.75
1514,lpush5,1000000,834201.81
1514,lrange5,1000000,1219707.38
1515,lpush5,1000000,826591.69
1515,lrange5,1000000,1283758.75
1516,lpush5,1000000,833506.62
1516,lrange5,1000000,1293764.50
1517,lpush5,1000000,829888.75
1517,lrange5,1000000,1292134.38
1518,lpush5,1000000,834108.44
1518,lrange5,1000000,1295336.75
1519,lpush5,1000000,829227.19
1519,lrange5,1000000,1295357.50
1520,lpush5,1000000,823815.50
1520,lrange5,1000000,1292072.38
1521,lpush5,1000000,825082.50
1521,lrange5,1000000,1277139.25
1522,lpush5,1000000,823084.75
1522,lrange5,1000000,1273966.88
1523,lpush5,1000000,830578.06
1523,lrange5,1000000,1275530.62
1524,lpush5,1000000,839805.19
1524,lrange5,1000000,1262787.88
1525,lpush5,1000000,822526.31
1525,lrange5,1000000,1292134.38
1526,lpush5,1000000,823045.25
1526,lrange5,1000000,1290343.25
1527,lpush5,1000000,832865.94
1527,lrange5,1000000,1273885.25
1528,lpush5,1000000,843922.38
1528,lrange5,1000000,1250080.00
1529,lpush5,1000000,823947.31
1529,lrange5,1000000,1203504.25
1530,lpush5,1000000,826499.12
1530,lrange5,1000000,1189250.88
1531,lpush5,1000000,827960.31
1531,lrange5,1000000,1189403.12
1532,lpush5,1000000,834911.56
1532,lrange5,1000000,1248579.25
1533,lpush5,1000000,830087.94
1533,lrange5,1000000,1288721.62
1534,lpush5,1000000,833519.94
1534,lrange5,1000000,1193527.50
1535,lpush5,1000000,830710.94
1535,lrange5,1000000,1242236.00
1536,lpush5,1000000,818527.00
1536,lrange5,1000000,1272285.00
1537,lpush5,1000000,838979.81
1537,lrange5,1000000,1194857.75
1538,lpush5,1000000,827169.56
1538,lrange5,1000000,1275693.88
1539,lpush5,1000000,828039.75
1539,lrange5,1000000,1295378.25
1540,lpush5,1000000,824626.50
1540,lrange5,1000000,1254725.25
1541,lpush5,1000000,830578.06
1541,lrange5,1000000,1283861.38
1542,lpush5,1000000,832159.69
1542,lrange5,1000000,1282133.38
1543,lpush5,1000000,834804.69
1543,lrange5,1000000,1253152.88
1544,lpush5,1000000,829995.00
1544,lrange5,1000000,1291989.62
1545,lpush5,1000000,831255.25
1545,lrange5,1000000,1199060.00
1546,lpush5,1000000,822368.44
1546,lrange5,1000000,1236271.88
1547,lpush5,1000000,829915.31
1547,lrange5,1000000,1295606.25
1548,lpush5,1000000,823255.94
1548,lrange5,1000000,1261195.50
1549,lpush5,1000000,832706.12
1549,lrange5,1000000,1290405.25
1550,lpush5,1000000,829280.31
1550,lrange5,1000000,1287083.62
1551,lpush5,1000000,828540.19
1551,lrange5,1000000,1295523.25
1552,lpush5,1000000,825777.06
1552,lrange5,1000000,1203542.75
1553,lpush5,1000000,825896.00
1553,lrange5,1000000,1293681.75
1554,lpush5,1000000,836173.94
1554,lrange5,1000000,1282215.38
1555,lpush5,1000000,838926.12
1555,lrange5,1000000,1207748.75
1556,lpush5,1000000,813708.75
1556,lrange5,1000000,1293868.00
1557,lpush5,1000000,833333.31
1557,lrange5,1000000,1240694.75
1558,lpush5,1000000,839738.06
1558,lrange5,1000000,1295544.00
1559,lpush5,1000000,835582.25
1559,lrange5,1000000,1251704.62
1560,lpush5,1000000,823084.75
1560,lrange5,1000000,1280573.62
1561,lpush5,1000000,823097.94
1561,lrange5,1000000,1297182.88
1562,lpush5,1000000,836887.00
1562,lrange5,1000000,1295523.25
1563,lpush5,1000000,830008.25
1563,lrange5,1000000,1297203.62
1564,lpush5,1000000,823229.62
1564,lrange5,1000000,1194934.25
1565,lpush5,1000000,825108.88
1565,lrange5,1000000,1267548.88
1566,lpush5,1000000,831986.69
1566,lrange5,1000000,1280491.62
1567,lpush5,1000000,823163.75
1567,lrange5,1000000,1297016.88
1568,lpush5,1000000,817674.56
1568,lrange5,1000000,1262727.25
1569,lpush5,1000000,829200.69
1569,lrange5,1000000,1247082.38
1570,lpush5,1000000,836887.00
1570,lrange5,1000000,1171222.50
1571,lpush5,1000000,834095.06
1571,lrange5,1000000,1131384.62
1572,lpush5,1000000,825869.56
1572,lrange5,1000000,1257942.12
1573,lpush5,1000000,832692.75
1573,lrange5,1000000,1293785.25
1574,lpush5,1000000,828553.44
1574,lrange5,1000000,1275551.00
1575,lpush5,1000000,834068.38
1575,lrange5,1000000,1250000.00
1576,lpush5,1000000,827907.31
1576,lrange5,1000000,1285511.62
1577,lpush5,1000000,827894.06
1577,lrange5,1000000,1273885.25
1578,lpush5,1000000,821070.56
1578,lrange5,1000000,1270851.38
1579,lpush5,1000000,826499.12
1579,lrange5,1000000,1189079.62
1580,lpush5,1000000,819881.94
1580,lrange5,1000000,1297016.88
1581,lpush5,1000000,828646.19
1581,lrange5,1000000,1270790.38
1582,lpush5,1000000,826604.94
1582,lrange5,1000000,1293868.00
1583,lpush5,1000000,830750.81
1583,lrange5,1000000,1280594.12
1584,lpush5,1000000,822500.00
1584,lrange5,1000000,1197643.12
1585,lpush5,1000000,817792.25
1585,lrange5,1000000,1275510.25
1586,lpush5,1000000,825267.31
1586,lrange5,1000000,1192333.75
1587,lpush5,1000000,831295.12
1587,lrange5,1000000,1292010.38
1588,lpush5,1000000,822486.88
1588,lrange5,1000000,1193508.38
1589,lpush5,1000000,827814.62
1589,lrange5,1000000,1197624.00
1590,lpush5,1000000,821876.75
1590,lrange5,1000000,1187971.50
1591,lpush5,1000000,837641.56
1591,lrange5,1000000,1269177.62
1592,lpush5,1000000,834831.44
1592,lrange5,1000000,1248459.38
1593,lpush5,1000000,834108.44
1593,lrange5,1000000,1245509.38
1594,lpush5,1000000,820344.56
1594,lrange5,1000000,1228658.50
1595,lpush5,1000000,827933.81
1595,lrange5,1000000,1187743.50
1596,lpush5,1000000,828619.69
1596,lrange5,1000000,1272427.50
1597,lpush5,1000000,831468.06
1597,lrange5,1000000,1178101.38
1598,lpush5,1000000,826565.25
1598,lrange5,1000000,1187800.50
1599,lpush5,1000000,828686.00
1599,lrange5,1000000,1233085.12
1600,lpush5,1000000,827827.88
1600,lrange5,1000000,1197968.88
1601,lpush5,1000000,832692.75
1601,lrange5,1000000,1145475.38
1602,lpush5,1000000,834724.56
1602,lrange5,1000000,1182108.75
1603,lpush5,1000000,832119.81
1603,lrange5,1000000,1285367.62
1604,lpush5,1000000,832772.69
1604,lrange5,1000000,1186391.50
1605,lpush5,1000000,830657.81
1605,lrange5,1000000,1254705.12
1606,lpush5,1000000,835528.81
1606,lrange5,1000000,1180788.62
1607,lpush5,1000000,838223.00
1607,lrange5,1000000,1259486.12
1608,lpush5,1000000,832652.81
1608,lrange5,1000000,1195163.62
1609,lpush5,1000000,834818.06
1609,lrange5,1000000,1193565.62
1610,lpush5,1000000,834938.25
1610,lrange5,1000000,1193718.38
1611,lpush5,1000000,837007.50
1611,lrange5,1000000,1287021.88
1612,lpush5,1000000,831335.00
1612,lrange5,1000000,1273885.25
1613,lpush5,1000000,817870.75
1613,lrange5,1000000,1295399.00
1614,lpush5,1000000,835635.75
1614,lrange5,1000000,1197949.75
1615,lpush5,1000000,824428.62
1615,lrange5,1000000,1178271.00
1616,lpush5,1000000,836940.56
1616,lrange5,1000000,1182392.38
1617,lpush5,1000000,824441.81
1617,lrange5,1000000,1203600.50
1618,lpush5,1000000,837574.56
1618,lrange5,1000000,1185232.25
1619,lpush5,1000000,825095.69
1619,lrange5,1000000,1259486.12
1620,lpush5,1000000,832106.50
1620,lrange5,1000000,1193470.12
1621,lpush5,1000000,818369.88
1621,lrange5,1000000,1196172.25
1622,lpush5,1000000,825148.50
1622,lrange5,1000000,835582.25
1623,lpush5,1000000,824441.81
1623,lrange5,1000000,1246962.62
1624,lpush5,1000000,831401.50
1624,lrange5,1000000,1261054.25
1625,lpush5,1000000,818369.88
1625,lrange5,1000000,1199443.62
1626,lpush5,1000000,837708.56
1626,lrange5,1000000,848257.81
1627,lpush5,1000000,844594.56
1627,lrange5,1000000,1287001.25
1628,lpush5,1000000,829373.12
1628,lrange5,1000000,1280409.75
1629,lpush5,1000000,821175.69
1629,lrange5,1000000,1264242.75
1630,lpush5,1000000,824521.00
1630,lrange5,1000000,1193508.38
1631,lpush5,1000000,835582.25
1631,lrange5,1000000,1239157.38
1632,lpush5,1000000,830657.81
1632,lrange5,1000000,1190781.00
1633,lpush5,1000000,826604.94
1633,lrange5,1000000,1112631.88
1634,lpush5,1000000,832679.44
1634,lrange5,1000000,1283717.62
1635,lpush5,1000000,827129.88
1635,lrange5,1000000,1262828.25
1636,lpush5,1000000,827196.06
1636,lrange5,1000000,1202365.38
1637,lpush5,1000000,829359.88
1637,lrange5,1000000,1267609.62
1638,lpush5,1000000,821797.88
1638,lrange5,1000000,1265964.50
1639,lpush5,1000000,821929.31
1639,lrange5,1000000,1266005.00
1640,lpush5,1000000,831481.31
1640,lrange5,1000000,1269258.88
1641,lpush5,1000000,841110.19
1641,lrange5,1000000,1196421.00
1642,lpush5,1000000,830087.94
1642,lrange5,1000000,1270729.38
1643,lpush5,1000000,839818.62
1643,lrange5,1000000,1183621.25
1644,lpush5,1000000,825122.12
1644,lrange5,1000000,1254785.50
1645,lpush5,1000000,832066.56
1645,lrange5,1000000,1282277.00
1646,lpush5,1000000,825267.31
1646,lrange5,1000000,1149719.50
1647,lpush5,1000000,846023.69
1647,lrange5,1000000,1274089.12
1648,lpush5,1000000,834791.38
1648,lrange5,1000000,1290446.50
1649,lpush5,1000000,832639.50
1649,lrange5,1000000,1293661.00
1650,lpush5,1000000,834028.38
1650,lrange5,1000000,1290322.62
1651,lpush5,1000000,834081.75
1651,lrange5,1000000,1285470.50
1652,lpush5,1000000,834778.00
1652,lrange5,1000000,1256422.12
1653,lpush5,1000000,833413.31
1653,lrange5,1000000,1193451.12
1654,lpush5,1000000,832079.88
1654,lrange5,1000000,1233124.50
1655,lpush5,1000000,831308.44
1655,lrange5,1000000,1199443.62
1656,lpush5,1000000,831295.12
1656,lrange5,1000000,1278874.62
1657,lpush5,1000000,824613.31
1657,lrange5,1000000,1176903.50
1658,lpush5,1000000,827301.94
1658,lrange5,1000000,1179377.38
1659,lpush5,1000000,835515.44
1659,lrange5,1000000,1293785.25
1660,lpush5,1000000,826485.94
1660,lrange5,1000000,1189384.00
1661,lpush5,1000000,836133.81
1661,lrange5,1000000,1237623.75
1662,lpush5,1000000,827169.56
1662,lrange5,1000000,1192219.38
1663,lpush5,1000000,830617.94
1663,lrange5,1000000,1191933.25
1664,lpush5,1000000,825909.19
1664,lrange5,1000000,1202115.38
1665,lpush5,1000000,834041.69
1665,lrange5,1000000,1188047.50
1666,lpush5,1000000,825254.12
1666,lrange5,1000000,1239216.88
1667,lpush5,1000000,823045.25
1667,lrange5,1000000,1269157.38
1668,lpush5,1000000,827156.31
1668,lrange5,1000000,1282092.38
1669,lpush5,1000000,835462.00
1669,lrange5,1000000,1282092.38
1670,lpush5,1000000,825122.12
1670,lrange5,1000000,1277241.38
1671,lpush5,1000000,830750.81
1671,lrange5,1000000,1230091.00
1672,lpush5,1000000,840457.12
1672,lrange5,1000000,1295461.12
1673,lpush5,1000000,833453.31
1673,lrange5,1000000,779697.56
1674,lpush5,1000000,837520.94
1674,lrange5,1000000,1283697.12
1675,lpush5,1000000,823775.94
1675,lrange5,1000000,1277221.00
1676,lpush5,1000000,829875.50
1676,lrange5,1000000,1275734.75
1677,lpush5,1000000,833373.31
1677,lrange5,1000000,1190609.50
1678,lpush5,1000000,828039.75
1678,lrange5,1000000,1287186.62
1679,lpush5,1000000,834108.44
1679,lrange5,1000000,1193584.75
1680,lpush5,1000000,829346.62
1680,lrange5,1000000,1194743.12
1681,lpush5,1000000,830087.94
1681,lrange5,1000000,1261054.25
1682,lpush5,1000000,823762.75
1682,lrange5,1000000,1246902.75
1683,lpush5,1000000,821110.00
1683,lrange5,1000000,1250100.00
1684,lpush5,1000000,827129.88
1684,lrange5,1000000,1257922.00
1685,lpush5,1000000,836280.94
1685,lrange5,1000000,1200749.12
1686,lpush5,1000000,830578.06
1686,lrange5,1000000,1207729.50
1687,lpush5,1000000,757135.50
1687,lrange5,1000000,1196306.12
1688,lpush5,1000000,819013.94
1688,lrange5,1000000,1283799.75
1689,lpush5,1000000,824573.75
1689,lrange5,1000000,1265883.50
1690,lpush5,1000000,825214.50
1690,lrange5,1000000,1267447.50
1691,lpush5,1000000,822421.06
1691,lrange5,1000000,1248439.50
1692,lpush5,1000000,813812.88
1692,lrange5,1000000,1265984.75
1693,lpush5,1000000,822486.88
1693,lrange5,1000000,1114952.00
1694,lpush5,1000000,832865.94
1694,lrange5,1000000,1245330.00
1695,lpush5,1000000,817124.19
1695,lrange5,1000000,1269177.62
1696,lpush5,1000000,830671.12
1696,lrange5,1000000,1195068.12
1697,lpush5,1000000,834135.12
1697,lrange5,1000000,1194991.62
1698,lpush5,1000000,830578.06
1698,lrange5,1000000,1195029.88
1699,lpush5,1000000,824586.94
1699,lrange5,1000000,1234587.62
1700,lpush5,1000000,834188.50
1700,lrange5,1000000,1273926.12
1701,lpush5,1000000,819131.88
1701,lrange5,1000000,1196344.50
1702,lpush5,1000000,831960.06
1702,lrange5,1000000,1269177.62
1703,lpush5,1000000,829359.88
1703,lrange5,1000000,1192181.12
1704,lpush5,1000000,829888.75
1704,lrange5,1000000,1275612.25
1705,lpush5,1000000,827880.81
1705,lrange5,1000000,1193489.25
1706,lpush5,1000000,835502.06
1706,lrange5,1000000,1283840.88
1707,lpush5,1000000,831986.69
1707,lrange5,1000000,1269177.62
1708,lpush5,1000000,832639.50
1708,lrange5,1000000,1267467.75
1709,lpush5,1000000,829941.88
1709,lrange5,1000000,1292051.75
1710,lpush5,1000000,836227.44
1710,lrange5,1000000,1269096.50
1711,lpush5,1000000,828632.94
1711,lrange5,1000000,1285347.00
1712,lpush5,1000000,835475.31
1712,lrange5,1000000,1259445.75
1713,lpush5,1000000,828553.44
1713,lrange5,1000000,1273885.25
1714,lpush5,1000000,839630.56
1714,lrange5,1000000,1282092.38
1715,lpush5,1000000,832706.12
1715,lrange5,1000000,863709.88
1716,lpush5,1000000,756429.62
1716,lrange5,1000000,1199136.75
1717,lpush5,1000000,832026.62
1717,lrange5,1000000,1272447.88
1718,lpush5,1000000,829333.38
1718,lrange5,1000000,1246942.62
1719,lpush5,1000000,821758.44
1719,lrange5,1000000,1233164.00
1720,lpush5,1000000,836214.06
1720,lrange5,1000000,1287166.00
1721,lpush5,1000000,823736.44
1721,lrange5,1000000,1184947.88
1722,lpush5,1000000,828513.69
1722,lrange5,1000000,1203523.50
1723,lpush5,1000000,841217.81
1723,lrange5,1000000,1288659.75
1724,lpush5,1000000,832679.44
1724,lrange5,1000000,1193508.38
1725,lpush5,1000000,829373.12
1725,lrange5,1000000,1292051.75
1726,lpush5,1000000,823789.12
1726,lrange5,1000000,1291989.62
1727,lpush5,1000000,837641.56
1727,lrange5,1000000,1259466.00
1728,lpush5,1000000,836820.06
1728,lrange5,1000000,1282153.88
1729,lpush5,1000000,823868.19
1729,lrange5,1000000,1277139.25
1730,lpush5,1000000,827182.81
1730,lrange5,1000000,1288762.88
1731,lpush5,1000000,823216.44
1731,lrange5,1000000,1282174.38
1732,lpush5,1000000,823841.88
1732,lrange5,1000000,1218436.12
1733,lpush5,1000000,823216.44
1733,lrange5,1000000,1248499.38
1734,lpush5,1000000,825777.06
1734,lrange5,1000000,1231704.50
1735,lpush5,1000000,830578.06
1735,lrange5,1000000,1233085.12
1736,lpush5,1000000,839630.56
1736,lrange5,1000000,1248519.38
1737,lpush5,1000000,835421.88
1737,lrange5,1000000,1292031.00
1738,lpush5,1000000,825240.94
1738,lrange5,1000000,1291989.62
1739,lpush5,1000000,825201.31
1739,lrange5,1000000,1196287.00
1740,lpush5,1000000,841258.19
1740,lrange5,1000000,1196306.12
1741,lpush5,1000000,834858.12
1741,lrange5,1000000,1193355.62
1742,lpush5,1000000,827867.56
1742,lrange5,1000000,1265843.00
1743,lpush5,1000000,829928.62
1743,lrange5,1000000,1251644.50
1744,lpush5,1000000,827880.81
1744,lrange5,1000000,1197930.62
1745,lpush5,1000000,829293.56
1745,lrange5,1000000,1254845.62
1746,lpush5,1000000,819685.25
1746,lrange5,1000000,1204954.25
1747,lpush5,1000000,834201.81
1747,lrange5,1000000,1275693.88
1748,lpush5,1000000,834965.00
1748,lrange5,1000000,1280573.62
1749,lpush5,1000000,827880.81
1749,lrange5,1000000,1210789.38
1750,lpush5,1000000,830684.38
1750,lrange5,1000000,1262727.25
1751,lpush5,1000000,833386.62
1751,lrange5,1000000,1278915.62
1752,lpush5,1000000,836254.19
1752,lrange5,1000000,1250300.00
1753,lpush5,1000000,838939.56
1753,lrange5,1000000,1190552.38
1754,lpush5,1000000,833533.31
1754,lrange5,1000000,1278854.25
1755,lpush5,1000000,838966.44
1755,lrange5,1000000,1205089.12
1756,lpush5,1000000,835555.56
1756,lrange5,1000000,1246902.75
1757,lpush5,1000000,827814.62
1757,lrange5,1000000,1295440.38
1758,lpush5,1000000,823855.06
1758,lrange5,1000000,1239276.38
1759,lpush5,1000000,834121.75
1759,lrange5,1000000,1298826.00
1760,lpush5,1000000,827880.81
1760,lrange5,1000000,1200768.25
1761,lpush5,1000000,829888.75
1761,lrange5,1000000,1140524.50
1762,lpush5,1000000,834188.50
1762,lrange5,1000000,1269198.00
1763,lpush5,1000000,835635.75
1763,lrange5,1000000,1278833.75
1764,lpush5,1000000,832000.00
1764,lrange5,1000000,1282112.88
1765,lpush5,1000000,832026.62
1765,lrange5,1000000,1288824.75
1766,lpush5,1000000,819105.69
1766,lrange5,1000000,1283738.12
1767,lpush5,1000000,832013.31
1767,lrange5,1000000,1190571.50
1768,lpush5,1000000,831973.38
1768,lrange5,1000000,1297224.38
1769,lpush5,1000000,832639.50
1769,lrange5,1000000,1288762.88
1770,lpush5,1000000,841190.94
1770,lrange5,1000000,1282071.88
1771,lpush5,1000000,834028.38
1771,lrange5,1000000,1195087.25
1772,lpush5,1000000,832093.19
1772,lrange5,1000000,1187914.50
1773,lpush5,1000000,826578.50
1773,lrange5,1000000,1147082.62
1774,lpush5,1000000,830604.62
1774,lrange5,1000000,1262666.62
1775,lpush5,1000000,824415.44
1775,lrange5,1000000,1285367.62
1776,lpush5,1000000,828579.94
1776,lrange5,1000000,1186467.38
1777,lpush5,1000000,828500.38
1777,lrange5,1000000,1280450.62
1778,lpush5,1000000,822460.56
1778,lrange5,1000000,1275673.50
1779,lpush5,1000000,826485.94
1779,lrange5,1000000,1242255.88
1780,lpush5,1000000,827288.69
1780,lrange5,1000000,1290487.75
1781,lpush5,1000000,832692.75
1781,lrange5,1000000,1251744.62
1782,lpush5,1000000,834791.38
1782,lrange5,1000000,1293785.25
1783,lpush5,1000000,833493.31
1783,lrange5,1000000,1280409.75
1784,lpush5,1000000,827814.62
1784,lrange5,1000000,1277221.00
1785,lpush5,1000000,826512.38
1785,lrange5,1000000,1277200.50
1786,lpush5,1000000,838397.38
1786,lrange5,1000000,1285429.25
1787,lpush5,1000000,827920.56
1787,lrange5,1000000,1225529.38
1788,lpush5,1000000,827275.44
1788,lrange5,1000000,1243940.25
1789,lpush5,1000000,821719.00
1789,lrange5,1000000,1265843.00
1790,lpush5,1000000,826657.81
1790,lrange5,1000000,1283697.12
1791,lpush5,1000000,821745.25
1791,lrange5,1000000,1280450.62
1792,lpush5,1000000,832000.00
1792,lrange5,1000000,1192200.25
1793,lpush5,1000000,819777.00
1793,lrange5,1000000,1257861.62
1794,lpush5,1000000,831414.81
1794,lrange5,1000000,1191952.38
1795,lpush5,1000000,822486.88
1795,lrange5,1000000,1278874.62
1796,lpush5,1000000,824415.44
1796,lrange5,1000000,1221157.50
1797,lpush5,1000000,818461.56
1797,lrange5,1000000,1295523.25
1798,lpush5,1000000,841204.38
1798,lrange5,1000000,1292072.38
1799,lpush5,1000000,830604.62
1799,lrange5,1000000,1277139.25
1800,lpush5,1000000,836820.06
1800,lrange5,1000000,1280409.75
1801,lpush5,1000000,824468.25
1801,lrange5,1000000,1187838.50
1802,lpush5,1000000,827341.62
1802,lrange5,1000000,1274028.00
1803,lpush5,1000000,836334.44
1803,lrange5,1000000,1246982.62
1804,lpush5,1000000,830564.81
1804,lrange5,1000000,1227052.75
1805,lpush5,1000000,837034.25
1805,lrange5,1000000,1195029.88
1806,lpush5,1000000,837574.56
1806,lrange5,1000000,1264263.00
1807,lpush5,1000000,818343.69
1807,lrange5,1000000,1290487.75
1808,lpush5,1000000,819816.38
1808,lrange5,1000000,939954.88
1809,lpush5,1000000,834737.94
1809,lrange5,1000000,1254926.00
1810,lpush5,1000000,828513.69
1810,lrange5,1000000,1180920.88
1811,lpush5,1000000,829888.75
1811,lrange5,1000000,1190800.00
1812,lpush5,1000000,841966.38
1812,lrange5,1000000,1222591.62
1813,lpush5,1000000,825201.31
1813,lrange5,1000000,1243940.25
1814,lpush5,1000000,828553.44
1814,lrange5,1000000,1290405.25
1815,lpush5,1000000,832666.12
1815,lrange5,1000000,1288701.00
1816,lpush5,1000000,829399.69
1816,lrange5,1000000,1185232.25
1817,lpush5,1000000,823775.94
1817,lrange5,1000000,1287207.25
1818,lpush5,1000000,827129.88
1818,lrange5,1000000,1234567.88
1819,lpush5,1000000,825267.31
1819,lrange5,1000000,1266045.50
1820,lpush5,1000000,840336.12
1820,lrange5,1000000,1179301.88
1821,lpush5,1000000,827381.31
1821,lrange5,1000000,1218065.75
1822,lpush5,1000000,826552.06
1822,lrange5,1000000,1228619.12
1823,lpush5,1000000,837601.31
1823,lrange5,1000000,1189384.00
1824,lpush5,1000000,822526.31
1824,lrange5,1000000,1283861.38
1825,lpush5,1000000,825816.69
1825,lrange5,1000000,1186353.50
1826,lpush5,1000000,839630.56
1826,lrange5,1000000,1080017.25
1827,lpush5,1000000,780790.00
1827,lrange5,1000000,1203542.75
1828,lpush5,1000000,828026.50
1828,lrange5,1000000,1186676.12
1829,lpush5,1000000,821188.81
1829,lrange5,1000000,1194991.62
1830,lpush5,1000000,816378.75
1830,lrange5,1000000,1224342.75
1831,lpush5,1000000,827129.88
1831,lrange5,1000000,1222572.12
1832,lpush5,1000000,825829.94
1832,lrange5,1000000,1290467.12
1833,lpush5,1000000,832079.88
1833,lrange5,1000000,1270668.38
1834,lpush5,1000000,813695.69
1834,lrange5,1000000,1272346.00
1835,lpush5,1000000,827196.06
1835,lrange5,1000000,1275551.00
1836,lpush5,1000000,822407.94
1836,lrange5,1000000,1283840.88
1837,lpush5,1000000,836200.69
1837,lrange5,1000000,1275673.50
1838,lpush5,1000000,830591.38
1838,lrange5,1000000,1292093.00
1839,lpush5,1000000,835609.00
1839,lrange5,1000000,1222591.62
1840,lpush5,1000000,831401.50
1840,lrange5,1000000,1270709.00
1841,lpush5,1000000,827182.81
1841,lrange5,1000000,1200633.88
1842,lpush5,1000000,827947.06
1842,lrange5,1000000,1273926.12
1843,lpush5,1000000,823058.44
1843,lrange5,1000000,1088243.75
1844,lpush5,1000000,826485.94
1844,lrange5,1000000,1256321.62
1845,lpush5,1000000,825856.31
1845,lrange5,1000000,1291989.62
1846,lpush5,1000000,826604.94
1846,lrange5,1000000,1283697.12
1847,lpush5,1000000,829359.88
1847,lrange5,1000000,1209189.75
1848,lpush5,1000000,827301.94
1848,lrange5,1000000,1282071.88
1849,lpush5,1000000,825975.25
1849,lrange5,1000000,1196210.50
1850,lpush5,1000000,823736.44
1850,lrange5,1000000,1262646.50
1851,lpush5,1000000,827169.56
1851,lrange5,1000000,1205108.50
1852,lpush5,1000000,823789.12
1852,lrange5,1000000,1264222.50
1853,lpush5,1000000,834028.38
1853,lrange5,1000000,1280512.12
1854,lpush5,1000000,825816.69
1854,lrange5,1000000,1250120.00
1855,lpush5,1000000,838410.75
1855,lrange5,1000000,1270810.62
1856,lpush5,1000000,828000.06
1856,lrange5,1000000,1287145.38
1857,lpush5,1000000,821758.44
1857,lrange5,1000000,1212198.75
1858,lpush5,1000000,830617.94
1858,lrange5,1000000,1270709.00
1859,lpush5,1000000,834871.50
1859,lrange5,1000000,1165501.25
1860,lpush5,1000000,832053.25
1860,lrange5,1000000,1267427.12
1861,lpush5,1000000,832053.25
1861,lrange5,1000000,1203504.25
1862,lpush5,1000000,829399.69
1862,lrange5,1000000,1250000.00
1863,lpush5,1000000,824441.81
1863,lrange5,1000000,1253293.25
1864,lpush5,1000000,821758.44
1864,lrange5,1000000,1295419.62
1865,lpush5,1000000,831960.06
1865,lrange5,1000000,1283840.88
1866,lpush5,1000000,823775.94
1866,lrange5,1000000,1196210.50
1867,lpush5,1000000,825763.88
1867,lrange5,1000000,1175426.50
1868,lpush5,1000000,822447.38
1868,lrange5,1000000,1222533.00
1869,lpush5,1000000,822407.94
1869,lrange5,1000000,1242434.75
1870,lpush5,1000000,832013.31
1870,lrange5,1000000,1250060.00
1871,lpush5,1000000,827129.88
1871,lrange5,1000000,1245469.50
1872,lpush5,1000000,826552.06
1872,lrange5,1000000,1290508.38
1873,lpush5,1000000,829240.50
1873,lrange5,1000000,1165669.00
1874,lpush5,1000000,831255.25
1874,lrange5,1000000,1295357.50
1875,lpush5,1000000,842513.88
1875,lrange5,1000000,1191895.12
1876,lpush5,1000000,832679.44
1876,lrange5,1000000,1236113.75
1877,lpush5,1000000,823058.44
1877,lrange5,1000000,1173821.62
1878,lpush5,1000000,832133.12
1878,lrange5,1000000,1187952.50
1879,lpush5,1000000,828526.94
1879,lrange5,1000000,1265964.50
1880,lpush5,1000000,829253.75
1880,lrange5,1000000,1190476.25
1881,lpush5,1000000,832066.56
1881,lrange5,1000000,1186391.50
1882,lpush5,1000000,837708.56
1882,lrange5,1000000,1207826.12
1883,lpush5,1000000,823137.44
1883,lrange5,1000000,1277200.50
1884,lpush5,1000000,820528.31
1884,lrange5,1000000,1280491.62
1885,lpush5,1000000,830034.81
1885,lrange5,1000000,1234567.88
1886,lpush5,1000000,841204.38
1886,lrange5,1000000,1179566.00
1887,lpush5,1000000,831335.00
1887,lrange5,1000000,1254705.12
1888,lpush5,1000000,828632.94
1888,lrange5,1000000,1275612.25
1889,lpush5,1000000,836294.31
1889,lrange5,1000000,1290425.88
1890,lpush5,1000000,836240.81
1890,lrange5,1000000,1245489.50
1891,lpush5,1000000,829320.06
1891,lrange5,1000000,1285470.50
1892,lpush5,1000000,832026.62
1892,lrange5,1000000,1267528.50
1893,lpush5,1000000,833506.62
1893,lrange5,1000000,1292072.38
1894,lpush5,1000000,838276.62
1894,lrange5,1000000,1193317.38
1895,lpush5,1000000,821745.25
1895,lrange5,1000000,1287063.00
1896,lpush5,1000000,823960.50
1896,lrange5,1000000,1277159.62
1897,lpush5,1000000,825148.50
1897,lrange5,1000000,1253273.25
1898,lpush5,1000000,817739.94
1898,lrange5,1000000,1275591.88
1899,lpush5,1000000,833346.62
1899,lrange5,1000000,1261195.50
1900,lpush5,1000000,833479.94
1900,lrange5,1000000,1287042.50
1901,lpush5,1000000,830671.12
1901,lrange5,1000000,1189231.88
1902,lpush5,1000000,831986.69
1902,lrange5,1000000,1269076.12
1903,lpush5,1000000,710238.62
1903,lrange5,1000000,1293723.12
1904,lpush5,1000000,833426.62
1904,lrange5,1000000,1287145.38
1905,lpush5,1000000,824534.19
1905,lrange5,1000000,1292031.00
1906,lpush5,1000000,843976.44
1906,lrange5,1000000,1267488.00
1907,lpush5,1000000,825975.25
1907,lrange5,1000000,1278874.62
1908,lpush5,1000000,833413.31
1908,lrange5,1000000,1275571.50
1909,lpush5,1000000,817124.19
1909,lrange5,1000000,1194934.25
1910,lpush5,1000000,831268.50
1910,lrange5,1000000,1197662.25
1911,lpush5,1000000,836187.31
1911,lrange5,1000000,1285388.12
1912,lpush5,1000000,831255.25
1912,lrange5,1000000,1212121.25
1913,lpush5,1000000,839020.12
1913,lrange5,1000000,1288680.38
1914,lpush5,1000000,838939.56
1914,lrange5,1000000,1288701.00
1915,lpush5,1000000,813851.94
1915,lrange5,1000000,1206369.12
1916,lpush5,1000000,833493.31
1916,lrange5,1000000,1193680.25
1917,lpush5,1000000,818448.44
1917,lrange5,1000000,1162883.75
1918,lpush5,1000000,831295.12
1918,lrange5,1000000,1287001.25
1919,lpush5,1000000,829928.62
1919,lrange5,1000000,1233104.88
1920,lpush5,1000000,834028.38
1920,lrange5,1000000,1264445.00
1921,lpush5,1000000,832013.31
1921,lrange5,1000000,1292093.00
1922,lpush5,1000000,829888.75
1922,lrange5,1000000,1247082.38
1923,lpush5,1000000,841096.69
1923,lrange5,1000000,1291989.62
1924,lpush5,1000000,789939.94
1924,lrange5,1000000,1176621.12
1925,lpush5,1000000,831401.50
1925,lrange5,1000000,1298763.62
1926,lpush5,1000000,832812.69
1926,lrange5,1000000,1236113.75
1927,lpush5,1000000,832719.44
1927,lrange5,1000000,1196325.38
1928,lpush5,1000000,829995.00
1928,lrange5,1000000,1270668.38
1929,lpush5,1000000,838330.31
1929,lrange5,1000000,1278813.25
1930,lpush5,1000000,838330.31
1930,lrange5,1000000,1274007.62
1931,lpush5,1000000,826657.81
1931,lrange5,1000000,1196497.62
1932,lpush5,1000000,832799.38
1932,lrange5,1000000,1265822.75
1933,lpush5,1000000,839724.62
1933,lrange5,1000000,1203408.00
1934,lpush5,1000000,829306.81
1934,lrange5,1000000,1194934.25
1935,lpush5,1000000,836321.06
1935,lrange5,1000000,1197681.50
1936,lpush5,1000000,833506.62
1936,lrange5,1000000,1297162.12
1937,lpush5,1000000,825935.62
1937,lrange5,1000000,1273946.50
1938,lpush5,1000000,832812.69
1938,lrange5,1000000,1297182.88
1939,lpush5,1000000,836820.06
1939,lrange5,1000000,1269035.50
1940,lpush5,1000000,832173.00
1940,lrange5,1000000,1293847.38
1941,lpush5,1000000,839738.06
1941,lrange5,1000000,1293702.50
1942,lpush5,1000000,833399.94
1942,lrange5,1000000,1251644.50
1943,lpush5,1000000,825763.88
1943,lrange5,1000000,1283779.25
1944,lpush5,1000000,830008.25
1944,lrange5,1000000,1275693.88
1945,lpush5,1000000,832706.12
1945,lrange5,1000000,1202153.88
1946,lpush5,1000000,831960.06
1946,lrange5,1000000,1292155.00
1947,lpush5,1000000,832652.81
1947,lrange5,1000000,1259466.00
1948,lpush5,1000000,822539.50
1948,lrange5,1000000,1292093.00
1949,lpush5,1000000,829240.50
1949,lrange5,1000000,1269137.12
1950,lpush5,1000000,834175.12
1950,lrange5,1000000,1292010.38
1951,lpush5,1000000,824573.75
1951,lrange5,1000000,1240774.25
1952,lpush5,1000000,841042.88
1952,lrange5,1000000,1200902.75
1953,lpush5,1000000,823150.62
1953,lrange5,1000000,1251744.62
1954,lpush5,1000000,825777.06
1954,lrange5,1000000,1248479.38
1955,lpush5,1000000,830061.38
1955,lrange5,1000000,1282153.88
1956,lpush5,1000000,829253.75
1956,lrange5,1000000,1292175.75
1957,lpush5,1000000,832706.12
1957,lrange5,1000000,1282092.38
1958,lpush5,1000000,832639.50
1958,lrange5,1000000,1277261.88
1959,lpush5,1000000,825829.94
1959,lrange5,1000000,1039617.44
1960,lpush5,1000000,823775.94
1960,lrange5,1000000,1221020.75
1961,lpush5,1000000,827854.31
1961,lrange5,1000000,1250120.00
1962,lpush5,1000000,835568.88
1962,lrange5,1000000,1282051.38
1963,lpush5,1000000,834041.69
1963,lrange5,1000000,1298784.50
1964,lpush5,1000000,820475.81
1964,lrange5,1000000,1292010.38
1965,lpush5,1000000,819145.00
1965,lrange5,1000000,1236252.12
1966,lpush5,1000000,821031.19
1966,lrange5,1000000,1206369.12
1967,lpush5,1000000,830008.25
1967,lrange5,1000000,1236192.75
1968,lpush5,1000000,823111.06
1968,lrange5,1000000,1290405.25
1969,lpush5,1000000,827196.06
1969,lrange5,1000000,1283758.75
1970,lpush5,1000000,821070.56
1970,lrange5,1000000,1191933.25
1971,lpush5,1000000,832173.00
1971,lrange5,1000000,1203773.75
1972,lpush5,1000000,823855.06
1972,lrange5,1000000,1277302.75
1973,lpush5,1000000,831441.44
1973,lrange5,1000000,1305608.38
1974,lpush5,1000000,831441.44
1974,lrange5,1000000,1186524.38
1975,lpush5,1000000,829888.75
1975,lrange5,1000000,1285532.12
1976,lpush5,1000000,835515.44
1976,lrange5,1000000,1203716.00
1977,lpush5,1000000,829915.31
1977,lrange5,1000000,1298722.12
1978,lpush5,1000000,837654.94
1978,lrange5,1000000,1250020.00
1979,lpush5,1000000,836173.94
1979,lrange5,1000000,1225705.88
1980,lpush5,1000000,827143.12
1980,lrange5,1000000,1282256.50
1981,lpush5,1000000,836254.19
1981,lrange5,1000000,1298950.62
1982,lpush5,1000000,830724.25
1982,lrange5,1000000,1196516.75
1983,lpush5,1000000,830737.56
1983,lrange5,1000000,1278792.88
1984,lpush5,1000000,831268.50
1984,lrange5,1000000,1282277.00
1985,lpush5,1000000,834095.06
1985,lrange5,1000000,1261195.50
1986,lpush5,1000000,829888.75
1986,lrange5,1000000,1278792.88
1987,lpush5,1000000,839684.31
1987,lrange5,1000000,1277323.12
1988,lpush5,1000000,834751.31
1988,lrange5,1000000,1298909.12
1989,lpush5,1000000,832652.81
1989,lrange5,1000000,1293723.12
1990,lpush5,1000000,829875.50
1990,lrange5,1000000,1200672.25
1991,lpush5,1000000,825201.31
1991,lrange5,1000000,1293826.62
1992,lpush5,1000000,828500.38
1992,lrange5,1000000,1203427.25
1993,lpush5,1000000,823828.69
1993,lrange5,1000000,1199328.50
1994,lpush5,1000000,831946.75
1994,lrange5,1000000,1236093.88
1995,lpush5,1000000,827143.12
1995,lrange5,1000000,1290570.38
1996,lpush5,1000000,827182.81
1996,lrange5,1000000,1293826.62
1997,lpush5,1000000,826552.06
1997,lrange5,1000000,1292155.00
1998,lpush5,1000000,831268.50
1998,lrange5,1000000,1256281.38
1999,lpush5,1000000,830697.69
1999,lrange5,1000000,1209189.75
2000,lpush5,1000000,822552.69
2000,lrange5,1000000,1256301.50
