trial,operation,requests,rps
1,lpush5,1000000,531485.69
1,lrange5,1000000,1183659.12
2,lpush5,1000000,832706.12
2,lrange5,1000000,1203696.75
3,lpush5,1000000,828553.44
3,lrange5,1000000,1265822.75
4,lpush5,1000000,828712.50
4,lrange5,1000000,1201923.00
5,lpush5,1000000,830710.94
5,lrange5,1000000,1193508.38
6,lpush5,1000000,833479.94
6,lrange5,1000000,1277364.00
7,lpush5,1000000,830591.38
7,lrange5,1000000,984314.94
8,lpush5,1000000,836927.19
8,lrange5,1000000,1248499.38
9,lpush5,1000000,831973.38
9,lrange5,1000000,1277241.38
10,lpush5,1000000,842459.94
10,lrange5,1000000,1248439.50
11,lpush5,1000000,836294.31
11,lrange5,1000000,1189098.62
12,lpush5,1000000,833386.62
12,lrange5,1000000,1199328.50
13,lpush5,1000000,832106.50
13,lrange5,1000000,1199175.12
14,lpush5,1000000,835568.88
14,lrange5,1000000,1285511.62
15,lpush5,1000000,834858.12
15,lrange5,1000000,1293806.00
16,lpush5,1000000,840484.00
16,lrange5,1000000,1275510.25
17,lpush5,1000000,832106.50
17,lrange5,1000000,1298909.12
18,lpush5,1000000,827907.31
18,lrange5,1000000,1245509.38
19,lpush5,1000000,834831.44
19,lrange5,1000000,1282071.88
20,lpush5,1000000,828646.19
20,lrange5,1000000,1199366.88
21,lpush5,1000000,841750.88
21,lrange5,1000000,1292093.00
22,lpush5,1000000,828500.38
22,lrange5,1000000,785029.81
23,lpush5,1000000,757612.06
23,lrange5,1000000,1233045.62
24,lpush5,1000000,827907.31
24,lrange5,1000000,1282194.88
25,lpush5,1000000,837034.25
25,lrange5,1000000,1292155.00
26,lpush5,1000000,832079.88
26,lrange5,1000000,1267467.75
27,lpush5,1000000,826512.38
27,lrange5,1000000,1278874.62
28,lpush5,1000000,836133.81
28,lrange5,1000000,1282051.38
29,lpush5,1000000,833333.31
29,lrange5,1000000,1295336.75
30,lpush5,1000000,839751.50
30,lrange5,1000000,1021728.31
31,lpush5,1000000,826446.25
31,lrange5,1000000,1277200.50
32,lpush5,1000000,838357.12
32,lrange5,1000000,1254845.62
33,lpush5,1000000,825763.88
33,lrange5,1000000,1264303.38
34,lpush5,1000000,827867.56
34,lrange5,1000000,1277159.62
35,lpush5,1000000,833559.94
35,lrange5,1000000,1287021.88
36,lpush5,1000000,828593.19
36,lrange5,1000000,1291989.62
37,lpush5,1000000,838343.69
37,lrange5,1000000,1292072.38
38,lpush5,1000000,836873.62
38,lrange5,1000000,1272264.62
39,lpush5,1000000,832639.50
39,lrange5,1000000,1187895.50
40,lpush5,1000000,825777.06
40,lrange5,1000000,1287145.38
41,lpush5,1000000,832639.50
41,lrange5,1000000,1215144.62
42,lpush5,1000000,833373.31
42,lrange5,1000000,1221118.38
43,lpush5,1000000,832759.38
43,lrange5,1000000,1282153.88
44,lpush5,1000000,834095.06
44,lrange5,1000000,1233223.25
45,lpush5,1000000,831308.44
45,lrange5,1000000,1280491.62
46,lpush5,1000000,825763.88
46,lrange5,1000000,1272427.50
47,lpush5,1000000,832173.00
47,lrange5,1000000,1035329.19
48,lpush5,1000000,593852.75
48,lrange5,1000000,1264242.75
49,lpush5,1000000,834055.06
49,lrange5,1000000,1203600.50
50,lpush5,1000000,838236.44
50,lrange5,1000000,1257962.25
51,lpush5,1000000,839791.81
51,lrange5,1000000,1267589.38
52,lpush5,1000000,834081.75
52,lrange5,1000000,1282174.38
53,lpush5,1000000,841258.19
53,lrange5,1000000,1297120.62
54,lpush5,1000000,834201.81
54,lrange5,1000000,1293681.75
55,lpush5,1000000,834028.38
55,lrange5,1000000,1036286.06
56,lpush5,1000000,829981.69
56,lrange5,1000000,1293764.50
57,lpush5,1000000,838249.81
57,lrange5,1000000,1257901.88
58,lpush5,1000000,832053.25
58,lrange5,1000000,1196210.50
59,lpush5,1000000,833426.62
59,lrange5,1000000,1273905.75
60,lpush5,1000000,830087.94
60,lrange5,1000000,1295544.00
61,lpush5,1000000,827960.31
61,lrange5,1000000,1253193.00
62,lpush5,1000000,834201.81
62,lrange5,1000000,1200902.75
63,lpush5,1000000,842702.56
63,lrange5,1000000,1257982.38
64,lpush5,1000000,829373.12
64,lrange5,1000000,1179377.38
65,lpush5,1000000,841925.94
65,lrange5,1000000,1298805.25
66,lpush5,1000000,825803.50
66,lrange5,1000000,1272427.50
67,lpush5,1000000,837534.31
67,lrange5,1000000,1278936.00
68,lpush5,1000000,829399.69
68,lrange5,1000000,1206542.88
69,lpush5,1000000,835542.19
69,lrange5,1000000,1180902.00
70,lpush5,1000000,838276.62
70,lrange5,1000000,1261195.50
71,lpush5,1000000,834148.44
71,lrange5,1000000,1277221.00
72,lpush5,1000000,838979.81
72,lrange5,1000000,1298888.38
73,lpush5,1000000,836860.19
73,lrange5,1000000,1282215.38
74,lpush5,1000000,833506.62
74,lrange5,1000000,1194857.75
75,lpush5,1000000,827933.81
75,lrange5,1000000,1300535.75
76,lpush5,1000000,828579.94
76,lrange5,1000000,1206407.75
77,lpush5,1000000,831973.38
77,lrange5,1000000,1245409.75
78,lpush5,1000000,838397.38
78,lrange5,1000000,1273946.50
79,lpush5,1000000,836227.44
79,lrange5,1000000,1240694.75
80,lpush5,1000000,821083.69
80,lrange5,1000000,1196459.25
81,lpush5,1000000,831960.06
81,lrange5,1000000,914913.06
82,lpush5,1000000,578071.69
82,lrange5,1000000,1251584.50
83,lpush5,1000000,838939.56
83,lrange5,1000000,1192066.75
84,lpush5,1000000,835595.62
84,lrange5,1000000,1277282.25
85,lpush5,1000000,834831.44
85,lrange5,1000000,1272386.75
86,lpush5,1000000,832719.44
86,lrange5,1000000,1293702.50
87,lpush5,1000000,830790.69
87,lrange5,1000000,1274048.38
88,lpush5,1000000,825763.88
88,lrange5,1000000,1278936.00
89,lpush5,1000000,835515.44
89,lrange5,1000000,1285429.25
90,lpush5,1000000,832639.50
90,lrange5,1000000,1280573.62
91,lpush5,1000000,832759.38
91,lrange5,1000000,1191895.12
92,lpush5,1000000,538528.81
92,lrange5,1000000,948781.75
93,lpush5,1000000,823097.94
93,lrange5,1000000,1175182.12
94,lpush5,1000000,829915.31
94,lrange5,1000000,1300556.62
95,lpush5,1000000,830604.62
95,lrange5,1000000,1300390.12
96,lpush5,1000000,832039.94
96,lrange5,1000000,1242295.62
97,lpush5,1000000,829346.62
97,lrange5,1000000,1295419.62
98,lpush5,1000000,831946.75
98,lrange5,1000000,1221001.25
99,lpush5,1000000,827196.06
99,lrange5,1000000,1287124.88
100,lpush5,1000000,834858.12
100,lrange5,1000000,1199175.12
101,lpush5,1000000,836833.44
101,lrange5,1000000,1302229.12
102,lpush5,1000000,828513.69
102,lrange5,1000000,1200633.88
103,lpush5,1000000,827973.56
103,lrange5,1000000,1298722.12
104,lpush5,1000000,839073.81
104,lrange5,1000000,1290343.25
105,lpush5,1000000,824573.75
105,lrange5,1000000,1234627.12
106,lpush5,1000000,835475.31
106,lrange5,1000000,1295481.88
107,lpush5,1000000,824455.00
107,lrange5,1000000,1293681.75
108,lpush5,1000000,834844.75
108,lrange5,1000000,1280491.62
109,lpush5,1000000,835582.25
109,lrange5,1000000,1282236.00
110,lpush5,1000000,831960.06
110,lrange5,1000000,1200864.38
111,lpush5,1000000,828606.44
111,lrange5,1000000,1236093.88
112,lpush5,1000000,829928.62
112,lrange5,1000000,1185004.75
113,lpush5,1000000,836887.00
113,lrange5,1000000,1280532.62
114,lpush5,1000000,834938.25
114,lrange5,1000000,1193699.25
115,lpush5,1000000,829293.56
115,lrange5,1000000,1282256.50
116,lpush5,1000000,842608.25
116,lrange5,1000000,1280655.50
117,lpush5,1000000,827129.88
117,lrange5,1000000,1248439.50
118,lpush5,1000000,837561.12
118,lrange5,1000000,1293723.12
119,lpush5,1000000,833346.62
119,lrange5,1000000,1277180.12
120,lpush5,1000000,829928.62
120,lrange5,1000000,1205031.38
121,lpush5,1000000,831414.81
121,lrange5,1000000,1248599.25
122,lpush5,1000000,820515.19
122,lrange5,1000000,1227425.75
123,lpush5,1000000,837534.31
123,lrange5,1000000,1205224.12
124,lpush5,1000000,827156.31
124,lrange5,1000000,1195049.00
125,lpush5,1000000,834778.00
125,lrange5,1000000,1231566.50
126,lpush5,1000000,833546.62
126,lrange5,1000000,1277323.12
127,lpush5,1000000,832066.56
127,lrange5,1000000,1283779.25
128,lpush5,1000000,838236.44
128,lrange5,1000000,1240774.25
129,lpush5,1000000,824441.81
129,lrange5,1000000,1300431.75
130,lpush5,1000000,839738.06
130,lrange5,1000000,1298701.38
131,lpush5,1000000,839630.56
131,lrange5,1000000,1280409.75
132,lpush5,1000000,829968.44
132,lrange5,1000000,1280491.62
133,lpush5,1000000,823855.06
133,lrange5,1000000,1298805.25
134,lpush5,1000000,838236.44
134,lrange5,1000000,1298867.62
135,lpush5,1000000,836227.44
135,lrange5,1000000,1278915.62
136,lpush5,1000000,834255.19
136,lrange5,1000000,1189403.12
137,lpush5,1000000,835475.31
137,lrange5,1000000,1270709.00
138,lpush5,1000000,832679.44
138,lrange5,1000000,1293702.50
139,lpush5,1000000,828513.69
139,lrange5,1000000,1275510.25
140,lpush5,1000000,829267.00
140,lrange5,1000000,1190762.00
141,lpush5,1000000,834911.56
141,lrange5,1000000,1298701.38
142,lpush5,1000000,834778.00
142,lrange5,1000000,1240794.00
143,lpush5,1000000,838939.56
143,lrange5,1000000,1298701.38
144,lpush5,1000000,829280.31
144,lrange5,1000000,1196344.50
145,lpush5,1000000,830737.56
145,lrange5,1000000,1275571.50
146,lpush5,1000000,834028.38
146,lrange5,1000000,1277180.12
147,lpush5,1000000,836133.81
147,lrange5,1000000,1285408.75
148,lpush5,1000000,832026.62
148,lrange5,1000000,1283840.88
149,lpush5,1000000,833493.31
149,lrange5,1000000,1187686.50
150,lpush5,1000000,838290.06
150,lrange5,1000000,1290384.50
151,lpush5,1000000,829888.75
151,lrange5,1000000,1202230.75
152,lpush5,1000000,832666.12
152,lrange5,1000000,1251784.75
153,lpush5,1000000,839033.56
153,lrange5,1000000,1295523.25
154,lpush5,1000000,837520.94
154,lrange5,1000000,1152092.25
155,lpush5,1000000,832772.69
155,lrange5,1000000,1203427.25
156,lpush5,1000000,835542.19
156,lrange5,1000000,1230130.38
157,lpush5,1000000,841069.81
157,lrange5,1000000,1295419.62
158,lpush5,1000000,838966.44
158,lrange5,1000000,1283738.12
159,lpush5,1000000,831428.12
159,lrange5,1000000,1245469.50
160,lpush5,1000000,825240.94
160,lrange5,1000000,1285449.88
161,lpush5,1000000,836267.56
161,lrange5,1000000,1285367.62
162,lpush5,1000000,827156.31
162,lrange5,1000000,1282153.88
163,lpush5,1000000,838437.56
163,lrange5,1000000,1288659.75
164,lpush5,1000000,831946.75
164,lrange5,1000000,1195163.62
165,lpush5,1000000,827933.81
165,lrange5,1000000,1280655.50
166,lpush5,1000000,825095.69
166,lrange5,1000000,1275551.00
167,lpush5,1000000,830657.81
167,lrange5,1000000,1272264.62
168,lpush5,1000000,830737.56
168,lrange5,1000000,1207748.75
169,lpush5,1000000,838223.00
169,lrange5,1000000,1295336.75
170,lpush5,1000000,827156.31
170,lrange5,1000000,1298805.25
171,lpush5,1000000,825108.88
171,lrange5,1000000,1206465.62
172,lpush5,1000000,831414.81
172,lrange5,1000000,1254905.88
173,lpush5,1000000,827814.62
173,lrange5,1000000,1066132.12
174,lpush5,1000000,833386.62
174,lrange5,1000000,1273885.25
175,lpush5,1000000,834081.75
175,lrange5,1000000,1245330.00
176,lpush5,1000000,831986.69
176,lrange5,1000000,1293723.12
177,lpush5,1000000,584603.19
177,lrange5,1000000,1221177.00
178,lpush5,1000000,836887.00
178,lrange5,1000000,1173802.88
179,lpush5,1000000,840349.56
179,lrange5,1000000,1282133.38
180,lpush5,1000000,828672.75
180,lrange5,1000000,1201942.25
181,lpush5,1000000,825214.50
181,lrange5,1000000,1270871.62
182,lpush5,1000000,840349.56
182,lrange5,1000000,1277261.88
183,lpush5,1000000,834081.75
183,lrange5,1000000,1180996.50
184,lpush5,1000000,834068.38
184,lrange5,1000000,1199117.50
185,lpush5,1000000,840376.44
185,lrange5,1000000,1261114.75
186,lpush5,1000000,842527.38
186,lrange5,1000000,1239157.38
187,lpush5,1000000,835435.25
187,lrange5,1000000,1236113.75
188,lpush5,1000000,838370.50
188,lrange5,1000000,1282236.00
189,lpush5,1000000,841096.69
189,lrange5,1000000,1269035.50
190,lpush5,1000000,836173.94
190,lrange5,1000000,1228501.25
191,lpush5,1000000,832852.62
191,lrange5,1000000,1265903.75
192,lpush5,1000000,840443.69
192,lrange5,1000000,1186334.50
193,lpush5,1000000,837641.56
193,lrange5,1000000,1190533.38
194,lpush5,1000000,823269.12
194,lrange5,1000000,1290343.25
195,lpush5,1000000,830644.50
195,lrange5,1000000,1261114.75
196,lpush5,1000000,831321.75
196,lrange5,1000000,1283820.25
197,lpush5,1000000,841831.69
197,lrange5,1000000,1278813.25
198,lpush5,1000000,841818.19
198,lrange5,1000000,1265944.25
199,lpush5,1000000,843251.25
199,lrange5,1000000,1265843.00
200,lpush5,1000000,824586.94
200,lrange5,1000000,1199443.62
201,lpush5,1000000,831973.38
201,lrange5,1000000,1219512.25
202,lpush5,1000000,822579.00
202,lrange5,1000000,1272427.50
203,lpush5,1000000,832812.69
203,lrange5,1000000,1272427.50
204,lpush5,1000000,839697.75
204,lrange5,1000000,1172595.62
205,lpush5,1000000,836833.44
205,lrange5,1000000,1285367.62
206,lpush5,1000000,843345.69
206,lrange5,1000000,1277159.62
207,lpush5,1000000,823124.25
207,lrange5,1000000,1248579.25
208,lpush5,1000000,834911.56
208,lrange5,1000000,1240754.38
209,lpush5,1000000,830617.94
209,lrange5,1000000,1285347.00
210,lpush5,1000000,826578.50
210,lrange5,1000000,1202000.00
211,lpush5,1000000,828553.44
211,lrange5,1000000,1256281.38
212,lpush5,1000000,826552.06
212,lrange5,1000000,1205031.38
213,lpush5,1000000,827143.12
213,lrange5,1000000,1248519.38
214,lpush5,1000000,839684.31
214,lrange5,1000000,1283697.12
215,lpush5,1000000,839751.50
215,lrange5,1000000,1254745.25
216,lpush5,1000000,830034.81
216,lrange5,1000000,1278813.25
217,lpush5,1000000,820567.69
217,lrange5,1000000,1192181.12
218,lpush5,1000000,823084.75
218,lrange5,1000000,1275551.00
219,lpush5,1000000,829928.62
219,lrange5,1000000,1287104.25
220,lpush5,1000000,833333.31
220,lrange5,1000000,1293681.75
221,lpush5,1000000,824547.38
221,lrange5,1000000,1278956.50
222,lpush5,1000000,832812.69
222,lrange5,1000000,1184928.88
223,lpush5,1000000,836173.94
223,lrange5,1000000,1300390.12
224,lpush5,1000000,836820.06
224,lrange5,1000000,1184910.00
225,lpush5,1000000,823775.94
225,lrange5,1000000,1206291.88
226,lpush5,1000000,832812.69
226,lrange5,1000000,1204838.62
227,lpush5,1000000,827182.81
227,lrange5,1000000,1262727.25
228,lpush5,1000000,829293.56
228,lrange5,1000000,1195163.62
229,lpush5,1000000,827907.31
229,lrange5,1000000,1264263.00
230,lpush5,1000000,833413.31
230,lrange5,1000000,1293826.62
231,lpush5,1000000,827960.31
231,lrange5,1000000,1288680.38
232,lpush5,1000000,835475.31
232,lrange5,1000000,1175200.88
233,lpush5,1000000,834778.00
233,lrange5,1000000,1199251.75
234,lpush5,1000000,827301.94
234,lrange5,1000000,1282174.38
235,lpush5,1000000,828739.00
235,lrange5,1000000,1295336.75
236,lpush5,1000000,833359.94
236,lrange5,1000000,1285347.00
237,lpush5,1000000,832692.75
237,lrange5,1000000,1280430.25
238,lpush5,1000000,836280.94
238,lrange5,1000000,1290384.50
239,lpush5,1000000,832719.44
239,lrange5,1000000,1292051.75
240,lpush5,1000000,832812.69
240,lrange5,1000000,1300452.50
241,lpush5,1000000,827235.75
241,lrange5,1000000,1207884.00
242,lpush5,1000000,833546.62
242,lrange5,1000000,1191933.25
243,lpush5,1000000,832053.25
243,lrange5,1000000,1197968.88
244,lpush5,1000000,833559.94
244,lrange5,1000000,1187895.50
245,lpush5,1000000,823894.56
245,lrange5,1000000,1298784.50
246,lpush5,1000000,826446.25
246,lrange5,1000000,1197624.00
247,lpush5,1000000,826671.06
247,lrange5,1000000,1200845.12
248,lpush5,1000000,844702.69
248,lrange5,1000000,1300556.62
249,lpush5,1000000,831321.75
249,lrange5,1000000,1243860.62
250,lpush5,1000000,832799.38
250,lrange5,1000000,1227013.50
251,lpush5,1000000,827854.31
251,lrange5,1000000,1285635.00
252,lpush5,1000000,834818.06
252,lrange5,1000000,1288721.62
253,lpush5,1000000,830604.62
253,lrange5,1000000,1298805.25
254,lpush5,1000000,830737.56
254,lrange5,1000000,1297037.62
255,lpush5,1000000,823907.75
255,lrange5,1000000,1275510.25
256,lpush5,1000000,835462.00
256,lrange5,1000000,1280409.75
257,lpush5,1000000,831441.44
257,lrange5,1000000,1256462.25
258,lpush5,1000000,833493.31
258,lrange5,1000000,1282194.88
259,lpush5,1000000,829320.06
259,lrange5,1000000,1302104.12
260,lpush5,1000000,830671.12
260,lrange5,1000000,1267447.50
261,lpush5,1000000,829902.06
261,lrange5,1000000,1205012.12
262,lpush5,1000000,836240.81
262,lrange5,1000000,1192143.00
263,lpush5,1000000,844057.44
263,lrange5,1000000,1091790.38
264,lpush5,1000000,514477.38
264,lrange5,1000000,807102.50
265,lpush5,1000000,567868.25
265,lrange5,1000000,1275510.25
266,lpush5,1000000,832639.50
266,lrange5,1000000,1297079.12
267,lpush5,1000000,830578.06
267,lrange5,1000000,1287124.88
268,lpush5,1000000,825790.25
268,lrange5,1000000,1265843.00
269,lpush5,1000000,822473.69
269,lrange5,1000000,1225607.88
270,lpush5,1000000,828712.50
270,lrange5,1000000,1287042.50
271,lpush5,1000000,833439.94
271,lrange5,1000000,1277241.38
272,lpush5,1000000,829306.81
272,lrange5,1000000,1199386.12
273,lpush5,1000000,833346.62
273,lrange5,1000000,1196344.50
274,lpush5,1000000,829875.50
274,lrange5,1000000,1212160.00
275,lpush5,1000000,836147.19
275,lrange5,1000000,1195106.38
276,lpush5,1000000,832093.19
276,lrange5,1000000,1283799.75
277,lpush5,1000000,830657.81
277,lrange5,1000000,1272264.62
278,lpush5,1000000,825856.31
278,lrange5,1000000,1237801.88
279,lpush5,1000000,834201.81
279,lrange5,1000000,1293764.50
280,lpush5,1000000,834028.38
280,lrange5,1000000,1197739.00
281,lpush5,1000000,836280.94
281,lrange5,1000000,1251564.38
282,lpush5,1000000,836214.06
282,lrange5,1000000,1300619.00
283,lpush5,1000000,841231.25
283,lrange5,1000000,1291989.62
284,lpush5,1000000,833439.94
284,lrange5,1000000,1300390.12
285,lpush5,1000000,830737.56
285,lrange5,1000000,1174065.75
286,lpush5,1000000,845308.56
286,lrange5,1000000,1207806.75
287,lpush5,1000000,836873.62
287,lrange5,1000000,1295419.62
288,lpush5,1000000,837520.94
288,lrange5,1000000,1195010.75
289,lpush5,1000000,838939.56
289,lrange5,1000000,1275571.50
290,lpush5,1000000,836280.94
290,lrange5,1000000,1283820.25
291,lpush5,1000000,826552.06
291,lrange5,1000000,1253132.88
292,lpush5,1000000,835568.88
292,lrange5,1000000,1199040.75
293,lpush5,1000000,841137.06
293,lrange5,1000000,1259466.00
294,lpush5,1000000,841764.31
294,lrange5,1000000,1283902.50
295,lpush5,1000000,830710.94
295,lrange5,1000000,854080.25
296,lpush5,1000000,755930.50
296,lrange5,1000000,1265883.50
297,lpush5,1000000,832826.00
297,lrange5,1000000,1256301.50
298,lpush5,1000000,838953.00
298,lrange5,1000000,1280409.75
299,lpush5,1000000,833519.94
299,lrange5,1000000,1242414.88
300,lpush5,1000000,839697.75
300,lrange5,1000000,1228638.75
301,lpush5,1000000,827222.50
301,lrange5,1000000,1275571.50
302,lpush5,1000000,827301.94
302,lrange5,1000000,1293785.25
303,lpush5,1000000,827182.81
303,lrange5,1000000,1293681.75
304,lpush5,1000000,833359.94
304,lrange5,1000000,1186600.25
305,lpush5,1000000,829915.31
305,lrange5,1000000,1297099.88
306,lpush5,1000000,836994.12
306,lrange5,1000000,1245409.75
307,lpush5,1000000,831268.50
307,lrange5,1000000,1295419.62
308,lpush5,1000000,825882.75
308,lrange5,1000000,1236093.88
309,lpush5,1000000,825856.31
309,lrange5,1000000,1277302.75
310,lpush5,1000000,842500.38
310,lrange5,1000000,1199155.88
311,lpush5,1000000,836913.75
311,lrange5,1000000,1195049.00
312,lpush5,1000000,834924.94
312,lrange5,1000000,1295523.25
313,lpush5,1000000,838953.00
313,lrange5,1000000,1295378.25
314,lpush5,1000000,836267.56
314,lrange5,1000000,1280512.12
315,lpush5,1000000,830657.81
315,lrange5,1000000,1131330.25
316,lpush5,1000000,830061.38
316,lrange5,1000000,1239216.88
317,lpush5,1000000,829346.62
317,lrange5,1000000,1199155.88
318,lpush5,1000000,846104.88
318,lrange5,1000000,1290322.62
319,lpush5,1000000,829346.62
319,lrange5,1000000,1287021.88
320,lpush5,1000000,833386.62
320,lrange5,1000000,1283799.75
321,lpush5,1000000,836294.31
321,lrange5,1000000,1293743.88
322,lpush5,1000000,829200.69
322,lrange5,1000000,1189288.88
323,lpush5,1000000,838979.81
323,lrange5,1000000,1292113.75
324,lpush5,1000000,836833.44
324,lrange5,1000000,1293681.75
325,lpush5,1000000,833346.62
325,lrange5,1000000,1292031.00
326,lpush5,1000000,844003.44
326,lrange5,1000000,1182089.88
327,lpush5,1000000,823736.44
327,lrange5,1000000,1200902.75
328,lpush5,1000000,835635.75
328,lrange5,1000000,1275510.25
329,lpush5,1000000,835528.81
329,lrange5,1000000,1290343.25
330,lpush5,1000000,834764.62
330,lrange5,1000000,1290529.12
331,lpush5,1000000,834175.12
331,lrange5,1000000,1272366.38
332,lpush5,1000000,830591.38
332,lrange5,1000000,1216564.38
333,lpush5,1000000,836160.56
333,lrange5,1000000,1290446.50
334,lpush5,1000000,835421.88
334,lrange5,1000000,1287083.62
335,lpush5,1000000,834844.75
335,lrange5,1000000,1200825.88
336,lpush5,1000000,839630.56
336,lrange5,1000000,1254966.12
337,lpush5,1000000,834791.38
337,lrange5,1000000,1282092.38
338,lpush5,1000000,830564.81
338,lrange5,1000000,1287042.50
339,lpush5,1000000,825896.00
339,lrange5,1000000,1293868.00
340,lpush5,1000000,836227.44
340,lrange5,1000000,1258083.00
341,lpush5,1000000,830087.94
341,lrange5,1000000,1270749.62
342,lpush5,1000000,827222.50
342,lrange5,1000000,1054869.12
343,lpush5,1000000,515861.78
343,lrange5,1000000,921703.19
344,lpush5,1000000,821784.69
344,lrange5,1000000,1293826.62
345,lpush5,1000000,834724.56
345,lrange5,1000000,1257881.75
346,lpush5,1000000,834898.19
346,lrange5,1000000,1290529.12
347,lpush5,1000000,832652.81
347,lrange5,1000000,1297016.88
348,lpush5,1000000,826525.62
348,lrange5,1000000,1280471.12
349,lpush5,1000000,836254.19
349,lrange5,1000000,1194762.25
350,lpush5,1000000,832786.00
350,lrange5,1000000,1187838.50
351,lpush5,1000000,842554.31
351,lrange5,1000000,1298742.88
352,lpush5,1000000,830034.81
352,lrange5,1000000,1283881.88
353,lpush5,1000000,827222.50
353,lrange5,1000000,1300390.12
354,lpush5,1000000,829200.69
354,lrange5,1000000,1197911.38
355,lpush5,1000000,834737.94
355,lrange5,1000000,1300494.12
356,lpush5,1000000,832652.81
356,lrange5,1000000,1298742.88
357,lpush5,1000000,832666.12
357,lrange5,1000000,1216759.12
358,lpush5,1000000,822579.00
358,lrange5,1000000,1194781.38
359,lpush5,1000000,831295.12
359,lrange5,1000000,1197815.62
360,lpush5,1000000,828699.25
360,lrange5,1000000,1269218.25
361,lpush5,1000000,831960.06
361,lrange5,1000000,1285552.75
362,lpush5,1000000,836820.06
362,lrange5,1000000,1275673.50
363,lpush5,1000000,836307.69
363,lrange5,1000000,1190723.88
364,lpush5,1000000,830657.81
364,lrange5,1000000,1194800.50
365,lpush5,1000000,832812.69
365,lrange5,1000000,1190914.38
366,lpush5,1000000,827301.94
366,lrange5,1000000,1274048.38
367,lpush5,1000000,827986.81
367,lrange5,1000000,1210770.00
368,lpush5,1000000,834791.38
368,lrange5,1000000,1200518.62
369,lpush5,1000000,831986.69
369,lrange5,1000000,1240774.25
370,lpush5,1000000,828672.75
370,lrange5,1000000,1264242.75
371,lpush5,1000000,836334.44
371,lrange5,1000000,1254845.62
372,lpush5,1000000,832692.75
372,lrange5,1000000,1270668.38
373,lpush5,1000000,832826.00
373,lrange5,1000000,1275693.88
374,lpush5,1000000,834778.00
374,lrange5,1000000,1297162.12
375,lpush5,1000000,832639.50
375,lrange5,1000000,1182222.25
376,lpush5,1000000,827182.81
376,lrange5,1000000,1295440.38
377,lpush5,1000000,827814.62
377,lrange5,1000000,1203504.25
378,lpush5,1000000,841777.81
378,lrange5,1000000,1273926.12
379,lpush5,1000000,839670.88
379,lrange5,1000000,1272325.62
380,lpush5,1000000,832119.81
380,lrange5,1000000,1297016.88
381,lpush5,1000000,833479.94
381,lrange5,1000000,1231566.50
382,lpush5,1000000,842473.44
382,lrange5,1000000,1197604.88
383,lpush5,1000000,830114.50
383,lrange5,1000000,1197988.00
384,lpush5,1000000,832159.69
384,lrange5,1000000,1278792.88
385,lpush5,1000000,827315.12
385,lrange5,1000000,1245509.38
386,lpush5,1000000,829888.75
386,lrange5,1000000,1261256.00
387,lpush5,1000000,832732.75
387,lrange5,1000000,1189155.75
388,lpush5,1000000,829902.06
388,lrange5,1000000,1295440.38
389,lpush5,1000000,841137.06
389,lrange5,1000000,1287021.88
390,lpush5,1000000,836240.81
390,lrange5,1000000,1280430.25
391,lpush5,1000000,827222.50
391,lrange5,1000000,1293743.88
392,lpush5,1000000,832106.50
392,lrange5,1000000,1193470.12
393,lpush5,1000000,835515.44
393,lrange5,1000000,1209286.50
394,lpush5,1000000,827169.56
394,lrange5,1000000,1280471.12
395,lpush5,1000000,832026.62
395,lrange5,1000000,1293806.00
396,lpush5,1000000,834135.12
396,lrange5,1000000,1206677.88
397,lpush5,1000000,843935.88
397,lrange5,1000000,1199290.12
398,lpush5,1000000,825082.50
398,lrange5,1000000,1298742.88
399,lpush5,1000000,829968.44
399,lrange5,1000000,1222552.50
400,lpush5,1000000,838993.25
400,lrange5,1000000,1202307.62
401,lpush5,1000000,825161.69
401,lrange5,1000000,1275693.88
402,lpush5,1000000,836927.19
402,lrange5,1000000,1199155.88
403,lpush5,1000000,833453.31
403,lrange5,1000000,1242355.25
404,lpush5,1000000,836214.06
404,lrange5,1000000,1295544.00
405,lpush5,1000000,822421.06
405,lrange5,1000000,1277139.25
406,lpush5,1000000,827341.62
406,lrange5,1000000,1280450.62
407,lpush5,1000000,827867.56
407,lrange5,1000000,1254765.38
408,lpush5,1000000,823058.44
408,lrange5,1000000,1297016.88
409,lpush5,1000000,832000.00
409,lrange5,1000000,1280553.12
410,lpush5,1000000,827196.06
410,lrange5,1000000,1206581.38
411,lpush5,1000000,821784.69
411,lrange5,1000000,1179264.12
412,lpush5,1000000,844837.81
412,lrange5,1000000,1297182.88
413,lpush5,1000000,826459.50
413,lrange5,1000000,1283799.75
414,lpush5,1000000,834938.25
414,lrange5,1000000,1295440.38
415,lpush5,1000000,821732.12
415,lrange5,1000000,1213883.50
416,lpush5,1000000,823894.56
416,lrange5,1000000,1234646.88
417,lpush5,1000000,841123.62
417,lrange5,1000000,1200806.75
418,lpush5,1000000,836173.94
418,lrange5,1000000,1242255.88
419,lpush5,1000000,834121.75
419,lrange5,1000000,1208096.62
420,lpush5,1000000,845416.75
420,lrange5,1000000,1197815.62
421,lpush5,1000000,836160.56
421,lrange5,1000000,1290405.25
422,lpush5,1000000,838437.56
422,lrange5,1000000,1190819.12
423,lpush5,1000000,832119.81
423,lrange5,1000000,1262808.12
424,lpush5,1000000,832039.94
424,lrange5,1000000,1264283.12
425,lpush5,1000000,834764.62
425,lrange5,1000000,1196401.88
426,lpush5,1000000,837695.12
426,lrange5,1000000,1250180.00
427,lpush5,1000000,837561.12
427,lrange5,1000000,1182335.62
428,lpush5,1000000,830074.69
428,lrange5,1000000,1250020.00
429,lpush5,1000000,828553.44
429,lrange5,1000000,1297099.88
430,lpush5,1000000,832053.25
430,lrange5,1000000,1293743.88
431,lpush5,1000000,831308.44
431,lrange5,1000000,1243781.12
432,lpush5,1000000,839046.94
432,lrange5,1000000,1265964.50
433,lpush5,1000000,836133.81
433,lrange5,1000000,1230209.12
434,lpush5,1000000,828526.94
434,lrange5,1000000,1011332.62
435,lpush5,1000000,830564.81
435,lrange5,1000000,1293723.12
436,lpush5,1000000,839644.00
436,lrange5,1000000,1280409.75
437,lpush5,1000000,835488.69
437,lrange5,1000000,1207768.12
438,lpush5,1000000,841258.19
438,lrange5,1000000,1288783.50
439,lpush5,1000000,832053.25
439,lrange5,1000000,1297037.62
440,lpush5,1000000,827986.81
440,lrange5,1000000,1209189.75
441,lpush5,1000000,831268.50
441,lrange5,1000000,1199405.25
442,lpush5,1000000,835421.88
442,lrange5,1000000,1261054.25
443,lpush5,1000000,833373.31
443,lrange5,1000000,1277282.25
444,lpush5,1000000,832759.38
444,lrange5,1000000,1288659.75
445,lpush5,1000000,838263.25
445,lrange5,1000000,1248599.25
446,lpush5,1000000,827880.81
446,lrange5,1000000,1272488.50
447,lpush5,1000000,840403.31
447,lrange5,1000000,1282133.38
448,lpush5,1000000,828672.75
448,lrange5,1000000,1250000.00
449,lpush5,1000000,827249.00
449,lrange5,1000000,1186543.25
450,lpush5,1000000,842500.38
450,lrange5,1000000,1287063.00
451,lpush5,1000000,834884.81
451,lrange5,1000000,1275510.25
452,lpush5,1000000,836120.44
452,lrange5,1000000,1240833.75
453,lpush5,1000000,831441.44
453,lrange5,1000000,1192009.50
454,lpush5,1000000,831308.44
454,lrange5,1000000,1269218.25
455,lpush5,1000000,838316.88
455,lrange5,1000000,1293785.25
456,lpush5,1000000,833386.62
456,lrange5,1000000,1287186.62
457,lpush5,1000000,830048.12
457,lrange5,1000000,1292093.00
458,lpush5,1000000,823775.94
458,lrange5,1000000,1275612.25
459,lpush5,1000000,829875.50
459,lrange5,1000000,1292093.00
460,lpush5,1000000,830777.44
460,lrange5,1000000,1269035.50
461,lpush5,1000000,836833.44
461,lrange5,1000000,865856.31
462,lpush5,1000000,830578.06
462,lrange5,1000000,1282051.38
463,lpush5,1000000,838410.75
463,lrange5,1000000,1283779.25
464,lpush5,1000000,834778.00
464,lrange5,1000000,1202038.38
465,lpush5,1000000,827249.00
465,lrange5,1000000,1197624.00
466,lpush5,1000000,830631.25
466,lrange5,1000000,1203658.25
467,lpush5,1000000,835475.31
467,lrange5,1000000,1300390.12
468,lpush5,1000000,829981.69
468,lrange5,1000000,1300577.38
469,lpush5,1000000,830564.81
469,lrange5,1000000,1295399.00
470,lpush5,1000000,831335.00
470,lrange5,1000000,1297016.88
471,lpush5,1000000,839127.50
471,lrange5,1000000,1300390.12
472,lpush5,1000000,837020.88
472,lrange5,1000000,1293847.38
473,lpush5,1000000,839006.69
473,lrange5,1000000,1287042.50
474,lpush5,1000000,832639.50
474,lrange5,1000000,1295440.38
475,lpush5,1000000,837762.12
475,lrange5,1000000,1193489.25
476,lpush5,1000000,825790.25
476,lrange5,1000000,1236093.88
477,lpush5,1000000,834121.75
477,lrange5,1000000,1193508.38
478,lpush5,1000000,825948.81
478,lrange5,1000000,1270831.00
479,lpush5,1000000,831494.62
479,lrange5,1000000,1278915.62
480,lpush5,1000000,829941.88
480,lrange5,1000000,1293806.00
481,lpush5,1000000,839684.31
481,lrange5,1000000,1257901.88
482,lpush5,1000000,831946.75
482,lrange5,1000000,1295523.25
483,lpush5,1000000,838330.31
483,lrange5,1000000,1292155.00
484,lpush5,1000000,832812.69
484,lrange5,1000000,1254905.88
485,lpush5,1000000,845497.94
485,lrange5,1000000,1293723.12
486,lpush5,1000000,839630.56
486,lrange5,1000000,1293847.38
487,lpush5,1000000,836147.19
487,lrange5,1000000,1196210.50
488,lpush5,1000000,836133.81
488,lrange5,1000000,1267609.62
489,lpush5,1000000,839167.75
489,lrange5,1000000,1195049.00
490,lpush5,1000000,833386.62
490,lrange5,1000000,1295378.25
491,lpush5,1000000,832639.50
491,lrange5,1000000,1202000.00
492,lpush5,1000000,834737.94
492,lrange5,1000000,1253173.00
493,lpush5,1000000,838303.44
493,lrange5,1000000,1245449.62
494,lpush5,1000000,839100.62
494,lrange5,1000000,1290322.62
495,lpush5,1000000,825803.50
495,lrange5,1000000,1275612.25
496,lpush5,1000000,832639.50
496,lrange5,1000000,1195163.62
497,lpush5,1000000,830564.81
497,lrange5,1000000,1293847.38
498,lpush5,1000000,836967.31
498,lrange5,1000000,1193317.38
499,lpush5,1000000,827854.31
499,lrange5,1000000,1285470.50
500,lpush5,1000000,831401.50
500,lrange5,1000000,1305524.88
501,lpush5,1000000,834791.38
501,lrange5,1000000,1278874.62
502,lpush5,1000000,830074.69
502,lrange5,1000000,1282092.38
503,lpush5,1000000,831255.25
503,lrange5,1000000,1277241.38
504,lpush5,1000000,837721.94
504,lrange5,1000000,1186429.38
505,lpush5,1000000,841042.88
505,lrange5,1000000,1280409.75
506,lpush5,1000000,830564.81
506,lrange5,1000000,1200729.88
507,lpush5,1000000,832000.00
507,lrange5,1000000,1293785.25
508,lpush5,1000000,829320.06
508,lrange5,1000000,1234567.88
509,lpush5,1000000,832692.75
509,lrange5,1000000,1278833.75
510,lpush5,1000000,832679.44
510,lrange5,1000000,1292010.38
511,lpush5,1000000,827867.56
511,lrange5,1000000,1275530.62
512,lpush5,1000000,823084.75
512,lrange5,1000000,1251724.62
513,lpush5,1000000,833346.62
513,lrange5,1000000,1295399.00
514,lpush5,1000000,827841.12
514,lrange5,1000000,1273905.75
515,lpush5,1000000,840336.12
515,lrange5,1000000,1270871.62
516,lpush5,1000000,834737.94
516,lrange5,1000000,1256381.88
517,lpush5,1000000,830657.81
517,lrange5,1000000,1251744.62
518,lpush5,1000000,829187.44
518,lrange5,1000000,1297058.38
519,lpush5,1000000,830631.25
519,lrange5,1000000,1280573.62
520,lpush5,1000000,827156.31
520,lrange5,1000000,1221372.38
521,lpush5,1000000,832852.62
521,lrange5,1000000,1195106.38
522,lpush5,1000000,831335.00
522,lrange5,1000000,1236113.75
523,lpush5,1000000,833519.94
523,lrange5,1000000,1273885.25
524,lpush5,1000000,829240.50
524,lrange5,1000000,1280491.62
525,lpush5,1000000,844003.44
525,lrange5,1000000,1295399.00
526,lpush5,1000000,829941.88
526,lrange5,1000000,1182468.12
527,lpush5,1000000,832652.81
527,lrange5,1000000,1203408.00
528,lpush5,1000000,830684.38
528,lrange5,1000000,1298846.75
529,lpush5,1000000,829888.75
529,lrange5,1000000,1199079.12
530,lpush5,1000000,832679.44
530,lrange5,1000000,1182392.38
531,lpush5,1000000,839073.81
531,lrange5,1000000,1277343.62
532,lpush5,1000000,828553.44
532,lrange5,1000000,1297099.88
533,lpush5,1000000,829359.88
533,lrange5,1000000,1200557.00
534,lpush5,1000000,836173.94
534,lrange5,1000000,1297162.12
535,lpush5,1000000,835568.88
535,lrange5,1000000,1240893.25
536,lpush5,1000000,836900.38
536,lrange5,1000000,1293743.88
537,lpush5,1000000,838410.75
537,lrange5,1000000,1219551.25
538,lpush5,1000000,825095.69
538,lrange5,1000000,1295461.12
539,lpush5,1000000,836953.94
539,lrange5,1000000,1290405.25
540,lpush5,1000000,829359.88
540,lrange5,1000000,1282051.38
541,lpush5,1000000,830657.81
541,lrange5,1000000,1293661.00
542,lpush5,1000000,835649.12
542,lrange5,1000000,1297120.62
543,lpush5,1000000,825856.31
543,lrange5,1000000,1282112.88
544,lpush5,1000000,836860.19
544,lrange5,1000000,1287166.00
545,lpush5,1000000,835448.62
545,lrange5,1000000,1275510.25
546,lpush5,1000000,832759.38
546,lrange5,1000000,1182146.50
547,lpush5,1000000,834724.56
547,lrange5,1000000,1265843.00
548,lpush5,1000000,836133.81
548,lrange5,1000000,1283779.25
549,lpush5,1000000,833413.31
549,lrange5,1000000,1200672.25
550,lpush5,1000000,834898.19
550,lrange5,1000000,1258062.88
551,lpush5,1000000,832692.75
551,lrange5,1000000,1206484.88
552,lpush5,1000000,834724.56
552,lrange5,1000000,1259445.75
553,lpush5,1000000,836994.12
553,lrange5,1000000,1243840.75
554,lpush5,1000000,834108.44
554,lrange5,1000000,1293681.75
555,lpush5,1000000,838939.56
555,lrange5,1000000,1280409.75
556,lpush5,1000000,838397.38
556,lrange5,1000000,1257861.62
557,lpush5,1000000,830101.19
557,lrange5,1000000,1193393.75
558,lpush5,1000000,829200.69
558,lrange5,1000000,1240774.25
559,lpush5,1000000,836133.81
559,lrange5,1000000,1275571.50
560,lpush5,1000000,830671.12
560,lrange5,1000000,1288701.00
561,lpush5,1000000,835595.62
561,lrange5,1000000,1190876.25
562,lpush5,1000000,835635.75
562,lrange5,1000000,1207961.38
563,lpush5,1000000,834737.94
563,lrange5,1000000,1243940.25
564,lpush5,1000000,824573.75
564,lrange5,1000000,1265843.00
565,lpush5,1000000,832652.81
565,lrange5,1000000,1277323.12
566,lpush5,1000000,832799.38
566,lrange5,1000000,1283881.88
567,lpush5,1000000,835528.81
567,lrange5,1000000,1298867.62
568,lpush5,1000000,833373.31
568,lrange5,1000000,1285347.00
569,lpush5,1000000,829412.94
569,lrange5,1000000,1206542.88
570,lpush5,1000000,835475.31
570,lrange5,1000000,1298742.88
571,lpush5,1000000,841137.06
571,lrange5,1000000,1199462.88
572,lpush5,1000000,830591.38
572,lrange5,1000000,1213689.38
573,lpush5,1000000,830604.62
573,lrange5,1000000,1290508.38
574,lpush5,1000000,838979.81
574,lrange5,1000000,1297079.12
575,lpush5,1000000,831946.75
575,lrange5,1000000,1196478.38
576,lpush5,1000000,833333.31
576,lrange5,1000000,1199309.38
577,lpush5,1000000,836133.81
577,lrange5,1000000,1189288.88
578,lpush5,1000000,835635.75
578,lrange5,1000000,1201942.25
579,lpush5,1000000,837007.50
579,lrange5,1000000,1189136.75
580,lpush5,1000000,825777.06
580,lrange5,1000000,1256402.00
581,lpush5,1000000,838290.06
581,lrange5,1000000,1273987.25
582,lpush5,1000000,831308.44
582,lrange5,1000000,1210925.00
583,lpush5,1000000,839046.94
583,lrange5,1000000,1256422.12
584,lpush5,1000000,826604.94
584,lrange5,1000000,1246922.75
585,lpush5,1000000,826525.62
585,lrange5,1000000,1293785.25
586,lpush5,1000000,828500.38
586,lrange5,1000000,1277221.00
587,lpush5,1000000,832692.75
587,lrange5,1000000,1221020.75
588,lpush5,1000000,832679.44
588,lrange5,1000000,1275734.75
589,lpush5,1000000,817032.69
589,lrange5,1000000,1293702.50
590,lpush5,1000000,827129.88
590,lrange5,1000000,1200825.88
591,lpush5,1000000,831986.69
591,lrange5,1000000,1292113.75
592,lpush5,1000000,842486.94
592,lrange5,1000000,1293806.00
593,lpush5,1000000,828000.06
593,lrange5,1000000,1280573.62
594,lpush5,1000000,830631.25
594,lrange5,1000000,1190704.75
595,lpush5,1000000,832692.75
595,lrange5,1000000,1292010.38
596,lpush5,1000000,836240.81
596,lrange5,1000000,1293681.75
597,lpush5,1000000,830724.25
597,lrange5,1000000,1280409.75
598,lpush5,1000000,829875.50
598,lrange5,1000000,1258002.50
599,lpush5,1000000,827867.56
599,lrange5,1000000,1197930.62
600,lpush5,1000000,829928.62
600,lrange5,1000000,1298701.38
601,lpush5,1000000,827920.56
601,lrange5,1000000,1277139.25
602,lpush5,1000000,844810.81
602,lrange5,1000000,1275693.88
603,lpush5,1000000,825816.69
603,lrange5,1000000,1282092.38
604,lpush5,1000000,836147.19
604,lrange5,1000000,1204935.00
605,lpush5,1000000,839073.81
605,lrange5,1000000,1225509.88
606,lpush5,1000000,842567.81
606,lrange5,1000000,1261054.25
607,lpush5,1000000,831348.31
607,lrange5,1000000,1280430.25
608,lpush5,1000000,823097.94
608,lrange5,1000000,1248659.12
609,lpush5,1000000,827182.81
609,lrange5,1000000,1297016.88
610,lpush5,1000000,831308.44
610,lrange5,1000000,1199309.38
611,lpush5,1000000,825948.81
611,lrange5,1000000,1280696.50
612,lpush5,1000000,836227.44
612,lrange5,1000000,1280594.12
613,lpush5,1000000,827129.88
613,lrange5,1000000,967257.19
614,lpush5,1000000,836873.62
614,lrange5,1000000,1236173.00
615,lpush5,1000000,835435.25
615,lrange5,1000000,1293702.50
616,lpush5,1000000,823097.94
616,lrange5,1000000,1248439.50
617,lpush5,1000000,832852.62
617,lrange5,1000000,1298722.12
618,lpush5,1000000,833359.94
618,lrange5,1000000,1267447.50
619,lpush5,1000000,832000.00
619,lrange5,1000000,1285388.12
620,lpush5,1000000,835421.88
620,lrange5,1000000,1272305.38
621,lpush5,1000000,839764.94
621,lrange5,1000000,1205031.38
622,lpush5,1000000,834751.31
622,lrange5,1000000,1267427.12
623,lpush5,1000000,843908.88
623,lrange5,1000000,1297120.62
624,lpush5,1000000,836873.62
624,lrange5,1000000,1292175.75
625,lpush5,1000000,837547.75
625,lrange5,1000000,1283820.25
626,lpush5,1000000,828553.44
626,lrange5,1000000,1200653.00
627,lpush5,1000000,830034.81
627,lrange5,1000000,1277323.12
628,lpush5,1000000,838966.44
628,lrange5,1000000,1251644.50
629,lpush5,1000000,825777.06
629,lrange5,1000000,1300390.12
630,lpush5,1000000,826644.62
630,lrange5,1000000,1267467.75
631,lpush5,1000000,832652.81
631,lrange5,1000000,1282112.88
632,lpush5,1000000,826485.94
632,lrange5,1000000,1278833.75
633,lpush5,1000000,827986.81
633,lrange5,1000000,1292175.75
634,lpush5,1000000,838223.00
634,lrange5,1000000,1293764.50
635,lpush5,1000000,835462.00
635,lrange5,1000000,1280491.62
636,lpush5,1000000,842594.75
636,lrange5,1000000,1218085.25
637,lpush5,1000000,833386.62
637,lrange5,1000000,1287145.38
638,lpush5,1000000,833386.62
638,lrange5,1000000,1290384.50
639,lpush5,1000000,821732.12
639,lrange5,1000000,1297079.12
640,lpush5,1000000,834831.44
640,lrange5,1000000,1251604.50
641,lpush5,1000000,834148.44
641,lrange5,1000000,1298701.38
642,lpush5,1000000,845376.19
642,lrange5,1000000,1257922.00
643,lpush5,1000000,829280.31
643,lrange5,1000000,1297265.88
644,lpush5,1000000,843922.38
644,lrange5,1000000,1261094.62
645,lpush5,1000000,831401.50
645,lrange5,1000000,1285511.62
646,lpush5,1000000,836873.62
646,lrange5,1000000,1204915.62
647,lpush5,1000000,827814.62
647,lrange5,1000000,1269198.00
648,lpush5,1000000,844003.44
648,lrange5,1000000,1199366.88
649,lpush5,1000000,840430.19
649,lrange5,1000000,1187971.50
650,lpush5,1000000,826459.50
650,lrange5,1000000,1242454.62
651,lpush5,1000000,834737.94
651,lrange5,1000000,1280409.75
652,lpush5,1000000,832692.75
652,lrange5,1000000,1259445.75
653,lpush5,1000000,834135.12
653,lrange5,1000000,1241012.38
654,lpush5,1000000,841831.69
654,lrange5,1000000,1196191.38
655,lpush5,1000000,834938.25
655,lrange5,1000000,1259546.50
656,lpush5,1000000,830087.94
656,lrange5,1000000,1273966.88
657,lpush5,1000000,834751.31
657,lrange5,1000000,1297203.62
658,lpush5,1000000,834871.50
658,lrange5,1000000,1203754.50
659,lpush5,1000000,845362.69
659,lrange5,1000000,1273966.88
660,lpush5,1000000,831308.44
660,lrange5,1000000,1196593.25
661,lpush5,1000000,834737.94
661,lrange5,1000000,1290529.12
662,lpush5,1000000,832119.81
662,lrange5,1000000,1193470.12
663,lpush5,1000000,829888.75
663,lrange5,1000000,1225490.25
664,lpush5,1000000,824441.81
664,lrange5,1000000,1194743.12
665,lpush5,1000000,824613.31
665,lrange5,1000000,1285429.25
666,lpush5,1000000,825293.75
666,lrange5,1000000,1194934.25
667,lpush5,1000000,836913.75
667,lrange5,1000000,1302104.12
668,lpush5,1000000,833413.31
668,lrange5,1000000,1254765.38
669,lpush5,1000000,841164.00
669,lrange5,1000000,1300410.88
670,lpush5,1000000,832159.69
670,lrange5,1000000,1280573.62
671,lpush5,1000000,831468.06
671,lrange5,1000000,858451.50
672,lpush5,1000000,706271.19
672,lrange5,1000000,1280614.62
673,lpush5,1000000,838249.81
673,lrange5,1000000,1280471.12
674,lpush5,1000000,830671.12
674,lrange5,1000000,1298722.12
675,lpush5,1000000,836187.31
675,lrange5,1000000,1282071.88
676,lpush5,1000000,829888.75
676,lrange5,1000000,1256321.62
677,lpush5,1000000,831441.44
677,lrange5,1000000,1297058.38
678,lpush5,1000000,833439.94
678,lrange5,1000000,1298742.88
679,lpush5,1000000,831255.25
679,lrange5,1000000,1298784.50
680,lpush5,1000000,831428.12
680,lrange5,1000000,1190647.62
681,lpush5,1000000,839644.00
681,lrange5,1000000,1298722.12
682,lpush5,1000000,834095.06
682,lrange5,1000000,1197930.62
683,lpush5,1000000,829412.94
683,lrange5,1000000,1280409.75
684,lpush5,1000000,821889.88
684,lrange5,1000000,1202038.38
685,lpush5,1000000,830578.06
685,lrange5,1000000,1245330.00
686,lpush5,1000000,828026.50
686,lrange5,1000000,1295399.00
687,lpush5,1000000,832066.56
687,lrange5,1000000,1230012.25
688,lpush5,1000000,836887.00
688,lrange5,1000000,1274028.00
689,lpush5,1000000,831348.31
689,lrange5,1000000,1200518.62
690,lpush5,1000000,832652.81
690,lrange5,1000000,1274089.12
691,lpush5,1000000,836334.44
691,lrange5,1000000,1278936.00
692,lpush5,1000000,836820.06
692,lrange5,1000000,1251604.50
693,lpush5,1000000,836173.94
693,lrange5,1000000,1282071.88
694,lpush5,1000000,833346.62
694,lrange5,1000000,1256281.38
695,lpush5,1000000,836927.19
695,lrange5,1000000,1267467.75
696,lpush5,1000000,844043.94
696,lrange5,1000000,1285532.12
697,lpush5,1000000,844084.44
697,lrange5,1000000,1272447.88
698,lpush5,1000000,831481.31
698,lrange5,1000000,1265903.75
699,lpush5,1000000,834201.81
699,lrange5,1000000,1293681.75
700,lpush5,1000000,837561.12
700,lrange5,1000000,1293661.00
701,lpush5,1000000,829928.62
701,lrange5,1000000,1270709.00
702,lpush5,1000000,837668.31
702,lrange5,1000000,1203485.00
703,lpush5,1000000,835515.44
703,lrange5,1000000,1245350.00
704,lpush5,1000000,839087.25
704,lrange5,1000000,1256462.25
705,lpush5,1000000,841056.31
705,lrange5,1000000,1253193.00
706,lpush5,1000000,837034.25
706,lrange5,1000000,1290529.12
707,lpush5,1000000,826472.69
707,lrange5,1000000,1231625.62
708,lpush5,1000000,825161.69
708,lrange5,1000000,1295502.62
709,lpush5,1000000,828699.25
709,lrange5,1000000,1253132.88
710,lpush5,1000000,831255.25
710,lrange5,1000000,1258022.62
711,lpush5,1000000,835515.44
711,lrange5,1000000,1259627.12
712,lpush5,1000000,835635.75
712,lrange5,1000000,1272427.50
713,lpush5,1000000,845416.75
713,lrange5,1000000,1267447.50
714,lpush5,1000000,832679.44
714,lrange5,1000000,1283881.88
715,lpush5,1000000,830644.50
715,lrange5,1000000,1161700.38
716,lpush5,1000000,825975.25
716,lrange5,1000000,1280635.00
717,lpush5,1000000,834228.50
717,lrange5,1000000,1278792.88
718,lpush5,1000000,828725.75
718,lrange5,1000000,1243801.00
719,lpush5,1000000,836347.81
719,lrange5,1000000,1264384.25
720,lpush5,1000000,833479.94
720,lrange5,1000000,1288824.75
721,lpush5,1000000,834148.44
721,lrange5,1000000,963391.12
722,lpush5,1000000,758344.19
722,lrange5,1000000,1194743.12
723,lpush5,1000000,832746.06
723,lrange5,1000000,1277180.12
724,lpush5,1000000,829968.44
724,lrange5,1000000,1261054.25
725,lpush5,1000000,846145.50
725,lrange5,1000000,1293785.25
726,lpush5,1000000,835582.25
726,lrange5,1000000,1288845.38
727,lpush5,1000000,826604.94
727,lrange5,1000000,1192257.50
728,lpush5,1000000,830724.25
728,lrange5,1000000,1243840.75
729,lpush5,1000000,834121.75
729,lrange5,1000000,1293661.00
730,lpush5,1000000,837020.88
730,lrange5,1000000,1278813.25
731,lpush5,1000000,831946.75
731,lrange5,1000000,1267447.50
732,lpush5,1000000,834804.69
732,lrange5,1000000,1254946.00
733,lpush5,1000000,826512.38
733,lrange5,1000000,1295399.00
734,lpush5,1000000,833453.31
734,lrange5,1000000,1230130.38
735,lpush5,1000000,834778.00
735,lrange5,1000000,1287227.75
736,lpush5,1000000,835435.25
736,lrange5,1000000,1202096.12
737,lpush5,1000000,827933.81
737,lrange5,1000000,1261296.38
738,lpush5,1000000,836846.81
738,lrange5,1000000,1280471.12
739,lpush5,1000000,834188.50
739,lrange5,1000000,1290343.25
740,lpush5,1000000,835528.81
740,lrange5,1000000,1293806.00
741,lpush5,1000000,834081.75
741,lrange5,1000000,1287166.00
742,lpush5,1000000,834041.69
742,lrange5,1000000,1293847.38
743,lpush5,1000000,828699.25
743,lrange5,1000000,1293785.25
744,lpush5,1000000,844675.69
744,lrange5,1000000,1196363.62
745,lpush5,1000000,832039.94
745,lrange5,1000000,1199424.50
746,lpush5,1000000,830564.81
746,lrange5,1000000,1288701.00
747,lpush5,1000000,832812.69
747,lrange5,1000000,1295399.00
748,lpush5,1000000,836833.44
748,lrange5,1000000,1196497.62
749,lpush5,1000000,827301.94
749,lrange5,1000000,1293826.62
750,lpush5,1000000,831268.50
750,lrange5,1000000,1256281.38
751,lpush5,1000000,827315.12
751,lrange5,1000000,1293661.00
752,lpush5,1000000,827947.06
752,lrange5,1000000,1195144.50
753,lpush5,1000000,834121.75
753,lrange5,1000000,1278956.50
754,lpush5,1000000,839697.75
754,lrange5,1000000,1292093.00
755,lpush5,1000000,832013.31
755,lrange5,1000000,1265863.25
756,lpush5,1000000,840524.31
756,lrange5,1000000,1298742.88
757,lpush5,1000000,831255.25
757,lrange5,1000000,1247062.38
758,lpush5,1000000,836820.06
758,lrange5,1000000,1200576.25
759,lpush5,1000000,833426.62
759,lrange5,1000000,1257881.75
760,lpush5,1000000,840551.25
760,lrange5,1000000,1206291.88
761,lpush5,1000000,827196.06
761,lrange5,1000000,1273885.25
762,lpush5,1000000,830697.69
762,lrange5,1000000,1246962.62
763,lpush5,1000000,833386.62
763,lrange5,1000000,1278813.25
764,lpush5,1000000,833519.94
764,lrange5,1000000,1295336.75
765,lpush5,1000000,834041.69
765,lrange5,1000000,1253152.88
766,lpush5,1000000,827143.12
766,lrange5,1000000,1254845.62
767,lpush5,1000000,827880.81
767,lrange5,1000000,1295357.50
768,lpush5,1000000,835475.31
768,lrange5,1000000,1262666.62
769,lpush5,1000000,833453.31
769,lrange5,1000000,1300598.25
770,lpush5,1000000,822407.94
770,lrange5,1000000,1233144.25
771,lpush5,1000000,836334.44
771,lrange5,1000000,1283697.12
772,lpush5,1000000,833333.31
772,lrange5,1000000,1277200.50
773,lpush5,1000000,842554.31
773,lrange5,1000000,1194896.00
774,lpush5,1000000,835635.75
774,lrange5,1000000,1292217.12
775,lpush5,1000000,833506.62
775,lrange5,1000000,1297058.38
776,lpush5,1000000,836953.94
776,lrange5,1000000,1273905.75
777,lpush5,1000000,832746.06
777,lrange5,1000000,1278915.62
778,lpush5,1000000,835488.69
778,lrange5,1000000,1295357.50
779,lpush5,1000000,832652.81
779,lrange5,1000000,1277323.12
780,lpush5,1000000,837628.12
780,lrange5,1000000,1267427.12
781,lpush5,1000000,834161.81
781,lrange5,1000000,1195182.75
782,lpush5,1000000,840497.44
782,lrange5,1000000,1280573.62
783,lpush5,1000000,830604.62
783,lrange5,1000000,1117497.25
784,lpush5,1000000,832826.00
784,lrange5,1000000,1270668.38
785,lpush5,1000000,830564.81
785,lrange5,1000000,1195049.00
786,lpush5,1000000,833506.62
786,lrange5,1000000,1293743.88
787,lpush5,1000000,827894.06
787,lrange5,1000000,1275734.75
788,lpush5,1000000,845443.81
788,lrange5,1000000,1272366.38
789,lpush5,1000000,834201.81
789,lrange5,1000000,1243801.00
790,lpush5,1000000,845497.94
790,lrange5,1000000,1292051.75
791,lpush5,1000000,831281.81
791,lrange5,1000000,1202250.00
792,lpush5,1000000,843895.38
792,lrange5,1000000,1190704.75
793,lpush5,1000000,840376.44
793,lrange5,1000000,1277139.25
794,lpush5,1000000,834081.75
794,lrange5,1000000,1197834.75
795,lpush5,1000000,833373.31
795,lrange5,1000000,1275551.00
796,lpush5,1000000,832639.50
796,lrange5,1000000,1256281.38
797,lpush5,1000000,833506.62
797,lrange5,1000000,1287063.00
798,lpush5,1000000,828000.06
798,lrange5,1000000,1261417.38
799,lpush5,1000000,836160.56
799,lrange5,1000000,1280676.00
800,lpush5,1000000,835435.25
800,lrange5,1000000,1169796.50
801,lpush5,1000000,838979.81
801,lrange5,1000000,1288742.25
802,lpush5,1000000,838290.06
802,lrange5,1000000,1278792.88
803,lpush5,1000000,834791.38
803,lrange5,1000000,1199194.25
804,lpush5,1000000,837520.94
804,lrange5,1000000,1200595.38
805,lpush5,1000000,836173.94
805,lrange5,1000000,1285388.12
806,lpush5,1000000,828540.19
806,lrange5,1000000,1275591.88
807,lpush5,1000000,834737.94
807,lrange5,1000000,1207729.50
808,lpush5,1000000,833373.31
808,lrange5,1000000,1156124.88
809,lpush5,1000000,831361.62
809,lrange5,1000000,1292113.75
810,lpush5,1000000,833506.62
810,lrange5,1000000,1293681.75
811,lpush5,1000000,845376.19
811,lrange5,1000000,1295399.00
812,lpush5,1000000,827315.12
812,lrange5,1000000,1209286.50
813,lpush5,1000000,832106.50
813,lrange5,1000000,919147.00
814,lpush5,1000000,807218.75
814,lrange5,1000000,1219629.25
815,lpush5,1000000,833386.62
815,lrange5,1000000,1298742.88
816,lpush5,1000000,836120.44
816,lrange5,1000000,1297016.88
817,lpush5,1000000,835435.25
817,lrange5,1000000,1292051.75
818,lpush5,1000000,828513.69
818,lrange5,1000000,1275612.25
819,lpush5,1000000,825122.12
819,lrange5,1000000,1283881.88
820,lpush5,1000000,825882.75
820,lrange5,1000000,1204915.62
821,lpush5,1000000,832746.06
821,lrange5,1000000,1209383.25
822,lpush5,1000000,827814.62
822,lrange5,1000000,1216564.38
823,lpush5,1000000,838316.88
823,lrange5,1000000,1283799.75
824,lpush5,1000000,821824.12
824,lrange5,1000000,1203639.00
825,lpush5,1000000,834041.69
825,lrange5,1000000,1267427.12
826,lpush5,1000000,825935.62
826,lrange5,1000000,1210673.12
827,lpush5,1000000,830074.69
827,lrange5,1000000,1298742.88
828,lpush5,1000000,829928.62
828,lrange5,1000000,1288762.88
829,lpush5,1000000,829928.62
829,lrange5,1000000,1202230.75
830,lpush5,1000000,835488.69
830,lrange5,1000000,1196382.75
831,lpush5,1000000,827867.56
831,lrange5,1000000,1199194.25
832,lpush5,1000000,829941.88
832,lrange5,1000000,1253333.38
833,lpush5,1000000,842500.38
833,lrange5,1000000,1282153.88
834,lpush5,1000000,827249.00
834,lrange5,1000000,1290322.62
835,lpush5,1000000,834898.19
835,lrange5,1000000,1265984.75
836,lpush5,1000000,831268.50
836,lrange5,1000000,1228560.12
837,lpush5,1000000,835448.62
837,lrange5,1000000,1203427.25
838,lpush5,1000000,829240.50
838,lrange5,1000000,1200710.62
839,lpush5,1000000,831960.06
839,lrange5,1000000,1203581.25
840,lpush5,1000000,821811.00
840,lrange5,1000000,1178063.62
841,lpush5,1000000,840389.88
841,lrange5,1000000,1290384.50
842,lpush5,1000000,829995.00
842,lrange5,1000000,1283738.12
843,lpush5,1000000,827235.75
843,lrange5,1000000,1272305.38
844,lpush5,1000000,829981.69
844,lrange5,1000000,1253433.62
845,lpush5,1000000,836254.19
845,lrange5,1000000,1292093.00
846,lpush5,1000000,825267.31
846,lrange5,1000000,1196306.12
847,lpush5,1000000,831960.06
847,lrange5,1000000,1269055.88
848,lpush5,1000000,839764.94
848,lrange5,1000000,1297141.38
849,lpush5,1000000,827182.81
849,lrange5,1000000,1282236.00
850,lpush5,1000000,832692.75
850,lrange5,1000000,1193393.75
851,lpush5,1000000,827143.12
851,lrange5,1000000,1295336.75
852,lpush5,1000000,836307.69
852,lrange5,1000000,1258002.50
853,lpush5,1000000,834764.62
853,lrange5,1000000,1285367.62
854,lpush5,1000000,832652.81
854,lrange5,1000000,1302125.00
855,lpush5,1000000,836860.19
855,lrange5,1000000,1282071.88
856,lpush5,1000000,830578.06
856,lrange5,1000000,1261074.38
857,lpush5,1000000,836214.06
857,lrange5,1000000,987230.00
858,lpush5,1000000,838276.62
858,lrange5,1000000,1282133.38
859,lpush5,1000000,831973.38
859,lrange5,1000000,1275755.12
860,lpush5,1000000,836294.31
860,lrange5,1000000,1282112.88
861,lpush5,1000000,834884.81
861,lrange5,1000000,831361.62
862,lpush5,1000000,521113.06
862,lrange5,1000000,815061.12
863,lpush5,1000000,707394.62
863,lrange5,1000000,1300473.38
864,lpush5,1000000,831946.75
864,lrange5,1000000,1248439.50
865,lpush5,1000000,839154.31
865,lrange5,1000000,1302104.12
866,lpush5,1000000,827986.81
866,lrange5,1000000,1278772.38
867,lpush5,1000000,828513.69
867,lrange5,1000000,1285511.62
868,lpush5,1000000,836347.81
868,lrange5,1000000,1195029.88
869,lpush5,1000000,838290.06
869,lrange5,1000000,1183621.25
870,lpush5,1000000,832066.56
870,lrange5,1000000,1267528.50
871,lpush5,1000000,830617.94
871,lrange5,1000000,1282092.38
872,lpush5,1000000,826618.12
872,lrange5,1000000,1280430.25
873,lpush5,1000000,829875.50
873,lrange5,1000000,1285511.62
874,lpush5,1000000,837574.56
874,lrange5,1000000,1273885.25
875,lpush5,1000000,826618.12
875,lrange5,1000000,1203408.00
876,lpush5,1000000,827196.06
876,lrange5,1000000,1251604.50
877,lpush5,1000000,830737.56
877,lrange5,1000000,1192257.50
878,lpush5,1000000,576184.38
878,lrange5,1000000,825161.69
879,lpush5,1000000,829227.19
879,lrange5,1000000,1239157.38
880,lpush5,1000000,830657.81
880,lrange5,1000000,1298722.12
881,lpush5,1000000,837547.75
881,lrange5,1000000,1278915.62
882,lpush5,1000000,830604.62
882,lrange5,1000000,1270648.00
883,lpush5,1000000,834884.81
883,lrange5,1000000,1293764.50
884,lpush5,1000000,834831.44
884,lrange5,1000000,1261094.62
885,lpush5,1000000,831946.75
885,lrange5,1000000,1194819.62
886,lpush5,1000000,835515.44
886,lrange5,1000000,1237881.12
887,lpush5,1000000,832732.75
887,lrange5,1000000,1278895.12
888,lpush5,1000000,827315.12
888,lrange5,1000000,1274028.00
889,lpush5,1000000,840443.69
889,lrange5,1000000,1295357.50
890,lpush5,1000000,828659.50
890,lrange5,1000000,1273885.25
891,lpush5,1000000,836294.31
891,lrange5,1000000,1212237.62
892,lpush5,1000000,825777.06
892,lrange5,1000000,1194953.38
893,lpush5,1000000,839033.56
893,lrange5,1000000,1205089.12
894,lpush5,1000000,834871.50
894,lrange5,1000000,1164163.00
895,lpush5,1000000,832093.19
895,lrange5,1000000,1273966.88
896,lpush5,1000000,837614.75
896,lrange5,1000000,1293806.00
897,lpush5,1000000,837561.12
897,lrange5,1000000,1283717.62
898,lpush5,1000000,839006.69
898,lrange5,1000000,1282051.38
899,lpush5,1000000,830604.62
899,lrange5,1000000,1292010.38
900,lpush5,1000000,831468.06
900,lrange5,1000000,1275510.25
901,lpush5,1000000,834804.69
901,lrange5,1000000,1223990.25
902,lpush5,1000000,831960.06
902,lrange5,1000000,1277200.50
903,lpush5,1000000,842473.44
903,lrange5,1000000,1293868.00
904,lpush5,1000000,829306.81
904,lrange5,1000000,1264263.00
905,lpush5,1000000,836187.31
905,lrange5,1000000,1288701.00
906,lpush5,1000000,835528.81
906,lrange5,1000000,1280450.62
907,lpush5,1000000,830671.12
907,lrange5,1000000,1295502.62
908,lpush5,1000000,836187.31
908,lrange5,1000000,1280409.75
909,lpush5,1000000,834898.19
909,lrange5,1000000,1277180.12
910,lpush5,1000000,830697.69
910,lrange5,1000000,1242236.00
911,lpush5,1000000,838926.12
911,lrange5,1000000,1293681.75
912,lpush5,1000000,831321.75
912,lrange5,1000000,1291989.62
913,lpush5,1000000,826446.25
913,lrange5,1000000,1290405.25
914,lpush5,1000000,833426.62
914,lrange5,1000000,1292196.38
915,lpush5,1000000,832812.69
915,lrange5,1000000,1288762.88
916,lpush5,1000000,838316.88
916,lrange5,1000000,1273926.12
917,lpush5,1000000,827986.81
917,lrange5,1000000,1287001.25
918,lpush5,1000000,827947.06
918,lrange5,1000000,1275551.00
919,lpush5,1000000,836820.06
919,lrange5,1000000,1127449.75
920,lpush5,1000000,833506.62
920,lrange5,1000000,1280553.12
921,lpush5,1000000,836160.56
921,lrange5,1000000,1295523.25
922,lpush5,1000000,821018.00
922,lrange5,1000000,1256321.62
923,lpush5,1000000,837601.31
923,lrange5,1000000,1231527.12
924,lpush5,1000000,831960.06
924,lrange5,1000000,1202307.62
925,lpush5,1000000,839778.38
925,lrange5,1000000,1277200.50
926,lpush5,1000000,836173.94
926,lrange5,1000000,1275530.62
927,lpush5,1000000,839845.50
927,lrange5,1000000,1193584.75
928,lpush5,1000000,836267.56
928,lrange5,1000000,1297120.62
929,lpush5,1000000,834188.50
929,lrange5,1000000,1177931.75
930,lpush5,1000000,828013.31
930,lrange5,1000000,1193661.12
931,lpush5,1000000,825082.50
931,lrange5,1000000,1237683.12
932,lpush5,1000000,831960.06
932,lrange5,1000000,1188047.50
933,lpush5,1000000,834884.81
933,lrange5,1000000,1282051.38
934,lpush5,1000000,838330.31
934,lrange5,1000000,1287124.88
935,lpush5,1000000,839751.50
935,lrange5,1000000,1290322.62
936,lpush5,1000000,828699.25
936,lrange5,1000000,1259445.75
937,lpush5,1000000,838236.44
937,lrange5,1000000,1290322.62
938,lpush5,1000000,836820.06
938,lrange5,1000000,1206330.50
939,lpush5,1000000,831973.38
939,lrange5,1000000,1278854.25
940,lpush5,1000000,838926.12
940,lrange5,1000000,1295564.75
941,lpush5,1000000,836927.19
941,lrange5,1000000,1280450.62
942,lpush5,1000000,838343.69
942,lrange5,1000000,1259506.25
943,lpush5,1000000,833493.31
943,lrange5,1000000,1261074.38
944,lpush5,1000000,830048.12
944,lrange5,1000000,1285367.62
945,lpush5,1000000,841271.62
945,lrange5,1000000,1280594.12
946,lpush5,1000000,827867.56
946,lrange5,1000000,1247062.38
947,lpush5,1000000,837047.69
947,lrange5,1000000,1270648.00
948,lpush5,1000000,830724.25
948,lrange5,1000000,1202346.12
949,lpush5,1000000,824415.44
949,lrange5,1000000,1267508.25
950,lpush5,1000000,829981.69
950,lrange5,1000000,1282092.38
951,lpush5,1000000,827973.56
951,lrange5,1000000,1290322.62
952,lpush5,1000000,834161.81
952,lrange5,1000000,1282112.88
953,lpush5,1000000,836120.44
953,lrange5,1000000,1197834.75
954,lpush5,1000000,833346.62
954,lrange5,1000000,1196555.00
955,lpush5,1000000,839791.81
955,lrange5,1000000,1288824.75
956,lpush5,1000000,829240.50
956,lrange5,1000000,1278833.75
957,lpush5,1000000,839751.50
957,lrange5,1000000,1194934.25
958,lpush5,1000000,835595.62
958,lrange5,1000000,1259466.00
959,lpush5,1000000,832639.50
959,lrange5,1000000,1275755.12
960,lpush5,1000000,829346.62
960,lrange5,1000000,1293785.25
961,lpush5,1000000,831986.69
961,lrange5,1000000,1270790.38
962,lpush5,1000000,840349.56
962,lrange5,1000000,814475.56
963,lpush5,1000000,523842.84
963,lrange5,1000000,826446.25
964,lpush5,1000000,529728.81
964,lrange5,1000000,1194800.50
965,lpush5,1000000,834041.69
965,lrange5,1000000,1280430.25
966,lpush5,1000000,824586.94
966,lrange5,1000000,1219687.88
967,lpush5,1000000,826446.25
967,lrange5,1000000,1285449.88
968,lpush5,1000000,827129.88
968,lrange5,1000000,1305566.62
969,lpush5,1000000,836160.56
969,lrange5,1000000,1300639.75
970,lpush5,1000000,827143.12
970,lrange5,1000000,1293661.00
971,lpush5,1000000,842648.69
971,lrange5,1000000,1285511.62
972,lpush5,1000000,824613.31
972,lrange5,1000000,1243960.12
973,lpush5,1000000,835475.31
973,lrange5,1000000,1196229.62
974,lpush5,1000000,825254.12
974,lrange5,1000000,1297265.88
975,lpush5,1000000,835542.19
975,lrange5,1000000,1257982.38
976,lpush5,1000000,831986.69
976,lrange5,1000000,1280512.12
977,lpush5,1000000,825869.56
977,lrange5,1000000,1302250.00
978,lpush5,1000000,827867.56
978,lrange5,1000000,1254705.12
979,lpush5,1000000,841069.81
979,lrange5,1000000,1245469.50
980,lpush5,1000000,832039.94
980,lrange5,1000000,1298701.38
981,lpush5,1000000,832053.25
981,lrange5,1000000,1302083.38
982,lpush5,1000000,833426.62
982,lrange5,1000000,1288845.38
983,lpush5,1000000,844594.56
983,lrange5,1000000,1262808.12
984,lpush5,1000000,839644.00
984,lrange5,1000000,1275510.25
985,lpush5,1000000,836321.06
985,lrange5,1000000,1261054.25
986,lpush5,1000000,836873.62
986,lrange5,1000000,1259445.75
987,lpush5,1000000,832692.75
987,lrange5,1000000,1183431.88
988,lpush5,1000000,835635.75
988,lrange5,1000000,1274048.38
989,lpush5,1000000,834791.38
989,lrange5,1000000,1171222.50
990,lpush5,1000000,825948.81
990,lrange5,1000000,1246902.75
991,lpush5,1000000,840457.12
991,lrange5,1000000,1187952.50
992,lpush5,1000000,823775.94
992,lrange5,1000000,1200595.38
993,lpush5,1000000,832000.00
993,lrange5,1000000,1206465.62
994,lpush5,1000000,829253.75
994,lrange5,1000000,1270790.38
995,lpush5,1000000,834844.75
995,lrange5,1000000,1278874.62
996,lpush5,1000000,830578.06
996,lrange5,1000000,1303801.75
997,lpush5,1000000,833493.31
997,lrange5,1000000,1275612.25
998,lpush5,1000000,832173.00
998,lrange5,1000000,1206697.25
999,lpush5,1000000,834898.19
999,lrange5,1000000,1266005.00
1000,lpush5,1000000,830591.38
1000,lrange5,1000000,1295357.50
1001,lpush5,1000000,830564.81
1001,lrange5,1000000,1298742.88
1002,lpush5,1000000,825095.69
1002,lrange5,1000000,1262646.50
1003,lpush5,1000000,830684.38
1003,lrange5,1000000,1259445.75
1004,lpush5,1000000,830617.94
1004,lrange5,1000000,1278792.88
1005,lpush5,1000000,836860.19
1005,lrange5,1000000,1272427.50
1006,lpush5,1000000,827867.56
1006,lrange5,1000000,1280491.62
1007,lpush5,1000000,825227.69
1007,lrange5,1000000,1291989.62
1008,lpush5,1000000,832013.31
1008,lrange5,1000000,1297182.88
1009,lpush5,1000000,825122.12
1009,lrange5,1000000,1297120.62
1010,lpush5,1000000,830617.94
1010,lrange5,1000000,1297058.38
1011,lpush5,1000000,836820.06
1011,lrange5,1000000,1295357.50
1012,lpush5,1000000,827973.56
1012,lrange5,1000000,975843.94
1013,lpush5,1000000,836927.19
1013,lrange5,1000000,1292031.00
1014,lpush5,1000000,834724.56
1014,lrange5,1000000,1202057.62
1015,lpush5,1000000,839060.38
1015,lrange5,1000000,1243840.75
1016,lpush5,1000000,833493.31
1016,lrange5,1000000,1272264.62
1017,lpush5,1000000,829928.62
1017,lrange5,1000000,1282256.50
1018,lpush5,1000000,838357.12
1018,lrange5,1000000,1282174.38
1019,lpush5,1000000,835502.06
1019,lrange5,1000000,1196382.75
1020,lpush5,1000000,832146.44
1020,lrange5,1000000,1273905.75
1021,lpush5,1000000,827288.69
1021,lrange5,1000000,1250020.00
1022,lpush5,1000000,844729.75
1022,lrange5,1000000,1215144.62
1023,lpush5,1000000,838236.44
1023,lrange5,1000000,1231645.38
1024,lpush5,1000000,832000.00
1024,lrange5,1000000,1275530.62
1025,lpush5,1000000,834911.56
1025,lrange5,1000000,1266005.00
1026,lpush5,1000000,833346.62
1026,lrange5,1000000,1282071.88
1027,lpush5,1000000,834737.94
1027,lrange5,1000000,1293847.38
1028,lpush5,1000000,835662.50
1028,lrange5,1000000,1300598.25
1029,lpush5,1000000,836133.81
1029,lrange5,1000000,1288783.50
1030,lpush5,1000000,840510.88
1030,lrange5,1000000,1298742.88
1031,lpush5,1000000,829240.50
1031,lrange5,1000000,1280430.25
1032,lpush5,1000000,833399.94
1032,lrange5,1000000,1293764.50
1033,lpush5,1000000,838223.00
1033,lrange5,1000000,1277221.00
1034,lpush5,1000000,835435.25
1034,lrange5,1000000,1280594.12
1035,lpush5,1000000,832652.81
1035,lrange5,1000000,1290322.62
1036,lpush5,1000000,847661.06
1036,lrange5,1000000,1290405.25
1037,lpush5,1000000,834041.69
1037,lrange5,1000000,1265883.50
1038,lpush5,1000000,841110.19
1038,lrange5,1000000,829306.81
1039,lpush5,1000000,515463.91
1039,lrange5,1000000,1084598.75
1040,lpush5,1000000,835475.31
1040,lrange5,1000000,1298742.88
1041,lpush5,1000000,834831.44
1041,lrange5,1000000,1227150.88
1042,lpush5,1000000,835488.69
1042,lrange5,1000000,1293868.00
1043,lpush5,1000000,833386.62
1043,lrange5,1000000,1297037.62
1044,lpush5,1000000,827814.62
1044,lrange5,1000000,1290384.50
1045,lpush5,1000000,831401.50
1045,lrange5,1000000,1190723.88
1046,lpush5,1000000,834081.75
1046,lrange5,1000000,1191895.12
1047,lpush5,1000000,832000.00
1047,lrange5,1000000,1204877.12
1048,lpush5,1000000,837061.06
1048,lrange5,1000000,1250020.00
1049,lpush5,1000000,829875.50
1049,lrange5,1000000,1295378.25
1050,lpush5,1000000,839114.06
1050,lrange5,1000000,1194953.38
1051,lpush5,1000000,840551.25
1051,lrange5,1000000,1248459.38
1052,lpush5,1000000,826459.50
1052,lrange5,1000000,1280409.75
1053,lpush5,1000000,836927.19
1053,lrange5,1000000,1230012.25
1054,lpush5,1000000,836200.69
1054,lrange5,1000000,1231527.12
1055,lpush5,1000000,835595.62
1055,lrange5,1000000,1275612.25
1056,lpush5,1000000,845389.69
1056,lrange5,1000000,1283881.88
1057,lpush5,1000000,834041.69
1057,lrange5,1000000,1290322.62
1058,lpush5,1000000,830777.44
1058,lrange5,1000000,1275571.50
1059,lpush5,1000000,830790.69
1059,lrange5,1000000,1293661.00
1060,lpush5,1000000,829875.50
1060,lrange5,1000000,1287124.88
1061,lpush5,1000000,833453.31
1061,lrange5,1000000,1239355.62
1062,lpush5,1000000,829240.50
1062,lrange5,1000000,1288659.75
1063,lpush5,1000000,841083.25
1063,lrange5,1000000,1297058.38
1064,lpush5,1000000,833506.62
1064,lrange5,1000000,1254845.62
1065,lpush5,1000000,829875.50
1065,lrange5,1000000,1280573.62
1066,lpush5,1000000,839738.06
1066,lrange5,1000000,1190514.38
1067,lpush5,1000000,846916.19
1067,lrange5,1000000,1293723.12
1068,lpush5,1000000,829981.69
1068,lrange5,1000000,1265883.50
1069,lpush5,1000000,833333.31
1069,lrange5,1000000,1206620.00
1070,lpush5,1000000,839006.69
1070,lrange5,1000000,1290405.25
1071,lpush5,1000000,838926.12
1071,lrange5,1000000,1282071.88
1072,lpush5,1000000,836833.44
1072,lrange5,1000000,1200806.75
1073,lpush5,1000000,840457.12
1073,lrange5,1000000,1293743.88
1074,lpush5,1000000,843413.19
1074,lrange5,1000000,1262646.50
1075,lpush5,1000000,828606.44
1075,lrange5,1000000,1248539.38
1076,lpush5,1000000,838263.25
1076,lrange5,1000000,1257942.12
1077,lpush5,1000000,837641.56
1077,lrange5,1000000,1275510.25
1078,lpush5,1000000,832652.81
1078,lrange5,1000000,1257861.62
1079,lpush5,1000000,832812.69
1079,lrange5,1000000,1270648.00
1080,lpush5,1000000,830617.94
1080,lrange5,1000000,1275510.25
1081,lpush5,1000000,842473.44
1081,lrange5,1000000,1285532.12
1082,lpush5,1000000,840389.88
1082,lrange5,1000000,1162827.88
1083,lpush5,1000000,841083.25
1083,lrange5,1000000,1278772.38
1084,lpush5,1000000,835568.88
1084,lrange5,1000000,1202326.88
1085,lpush5,1000000,825816.69
1085,lrange5,1000000,829968.44
1086,lpush5,1000000,521146.44
1086,lrange5,1000000,1228501.25
1087,lpush5,1000000,828659.50
1087,lrange5,1000000,1269076.12
1088,lpush5,1000000,823124.25
1088,lrange5,1000000,1250000.00
1089,lpush5,1000000,828513.69
1089,lrange5,1000000,1206716.50
1090,lpush5,1000000,833359.94
1090,lrange5,1000000,1159137.88
1091,lpush5,1000000,832865.94
1091,lrange5,1000000,1197624.00
1092,lpush5,1000000,827827.88
1092,lrange5,1000000,1191971.38
1093,lpush5,1000000,839033.56
1093,lrange5,1000000,1261235.88
1094,lpush5,1000000,820436.44
1094,lrange5,1000000,1300431.75
1095,lpush5,1000000,837034.25
1095,lrange5,1000000,1298722.12
1096,lpush5,1000000,827262.19
1096,lrange5,1000000,1275571.50
1097,lpush5,1000000,839033.56
1097,lrange5,1000000,1251664.50
1098,lpush5,1000000,830684.38
1098,lrange5,1000000,1204857.88
1099,lpush5,1000000,832812.69
1099,lrange5,1000000,1282215.38
1100,lpush5,1000000,827222.50
1100,lrange5,1000000,1213786.38
1101,lpush5,1000000,826591.69
1101,lrange5,1000000,1265984.75
1102,lpush5,1000000,826459.50
1102,lrange5,1000000,1250080.00
1103,lpush5,1000000,835502.06
1103,lrange5,1000000,1280450.62
1104,lpush5,1000000,829187.44
1104,lrange5,1000000,1194934.25
1105,lpush5,1000000,761639.00
1105,lrange5,1000000,1226993.88
1106,lpush5,1000000,824573.75
1106,lrange5,1000000,1275673.50
1107,lpush5,1000000,831308.44
1107,lrange5,1000000,1270709.00
1108,lpush5,1000000,829253.75
1108,lrange5,1000000,1253233.12
1109,lpush5,1000000,830564.81
1109,lrange5,1000000,1275510.25
1110,lpush5,1000000,825816.69
1110,lrange5,1000000,1190514.38
1111,lpush5,1000000,831428.12
1111,lrange5,1000000,1273905.75
1112,lpush5,1000000,836980.69
1112,lrange5,1000000,1290363.88
1113,lpush5,1000000,831388.25
1113,lrange5,1000000,1287042.50
1114,lpush5,1000000,830764.12
1114,lrange5,1000000,1197662.25
1115,lpush5,1000000,828513.69
1115,lrange5,1000000,1218182.75
1116,lpush5,1000000,825763.88
1116,lrange5,1000000,1293723.12
1117,lpush5,1000000,833506.62
1117,lrange5,1000000,1257942.12
1118,lpush5,1000000,836820.06
1118,lrange5,1000000,1283902.50
1119,lpush5,1000000,826459.50
1119,lrange5,1000000,1257942.12
1120,lpush5,1000000,837735.31
1120,lrange5,1000000,1264242.75
1121,lpush5,1000000,843237.81
1121,lrange5,1000000,1292237.75
1122,lpush5,1000000,834884.81
1122,lrange5,1000000,1293661.00
1123,lpush5,1000000,830021.56
1123,lrange5,1000000,1259667.50
1124,lpush5,1000000,837614.75
1124,lrange5,1000000,1270729.38
1125,lpush5,1000000,837721.94
1125,lrange5,1000000,1246882.88
1126,lpush5,1000000,841750.88
1126,lrange5,1000000,1293930.12
1127,lpush5,1000000,837547.75
1127,lrange5,1000000,1269157.38
1128,lpush5,1000000,830034.81
1128,lrange5,1000000,1164218.88
1129,lpush5,1000000,829373.12
1129,lrange5,1000000,1267427.12
1130,lpush5,1000000,834215.19
1130,lrange5,1000000,1295502.62
1131,lpush5,1000000,838343.69
1131,lrange5,1000000,1270749.62
1132,lpush5,1000000,830777.44
1132,lrange5,1000000,1288742.25
1133,lpush5,1000000,829888.75
1133,lrange5,1000000,1251584.50
1134,lpush5,1000000,834844.75
1134,lrange5,1000000,1254725.25
1135,lpush5,1000000,832119.81
1135,lrange5,1000000,1292175.75
1136,lpush5,1000000,829187.44
1136,lrange5,1000000,1275693.88
1137,lpush5,1000000,843359.19
1137,lrange5,1000000,1293681.75
1138,lpush5,1000000,831973.38
1138,lrange5,1000000,1277302.75
1139,lpush5,1000000,837561.12
1139,lrange5,1000000,1292196.38
1140,lpush5,1000000,835462.00
1140,lrange5,1000000,1278977.00
1141,lpush5,1000000,829968.44
1141,lrange5,1000000,1293806.00
1142,lpush5,1000000,829280.31
1142,lrange5,1000000,1196516.75
1143,lpush5,1000000,824441.81
1143,lrange5,1000000,1226993.88
1144,lpush5,1000000,834201.81
1144,lrange5,1000000,1237623.75
1145,lpush5,1000000,836227.44
1145,lrange5,1000000,1285449.88
1146,lpush5,1000000,834924.94
1146,lrange5,1000000,1300390.12
1147,lpush5,1000000,825816.69
1147,lrange5,1000000,1237782.12
1148,lpush5,1000000,839630.56
1148,lrange5,1000000,1275693.88
1149,lpush5,1000000,826472.69
1149,lrange5,1000000,1204896.38
1150,lpush5,1000000,838316.88
1150,lrange5,1000000,1288701.00
1151,lpush5,1000000,841096.69
1151,lrange5,1000000,1298763.62
1152,lpush5,1000000,829955.19
1152,lrange5,1000000,1292031.00
1153,lpush5,1000000,829346.62
1153,lrange5,1000000,1292175.75
1154,lpush5,1000000,835421.88
1154,lrange5,1000000,1169646.75
1155,lpush5,1000000,834108.44
1155,lrange5,1000000,1272447.88
1156,lpush5,1000000,830101.19
1156,lrange5,1000000,1174028.12
1157,lpush5,1000000,829373.12
1157,lrange5,1000000,1290529.12
1158,lpush5,1000000,831255.25
1158,lrange5,1000000,1267427.12
1159,lpush5,1000000,824455.00
1159,lrange5,1000000,1245330.00
1160,lpush5,1000000,837547.75
1160,lrange5,1000000,1272264.62
1161,lpush5,1000000,825161.69
1161,lrange5,1000000,878790.88
1162,lpush5,1000000,824586.94
1162,lrange5,1000000,1285511.62
1163,lpush5,1000000,828513.69
1163,lrange5,1000000,1234567.88
1164,lpush5,1000000,829915.31
1164,lrange5,1000000,1275551.00
1165,lpush5,1000000,836227.44
1165,lrange5,1000000,1245350.00
1166,lpush5,1000000,835609.00
1166,lrange5,1000000,1269055.88
1167,lpush5,1000000,830021.56
1167,lrange5,1000000,1274068.75
1168,lpush5,1000000,834737.94
1168,lrange5,1000000,1254725.25
1169,lpush5,1000000,832679.44
1169,lrange5,1000000,1275673.50
1170,lpush5,1000000,827235.75
1170,lrange5,1000000,1267569.12
1171,lpush5,1000000,825882.75
1171,lrange5,1000000,1194838.75
1172,lpush5,1000000,835462.00
1172,lrange5,1000000,1290363.88
1173,lpush5,1000000,839630.56
1173,lrange5,1000000,1282133.38
1174,lpush5,1000000,846064.25
1174,lrange5,1000000,1173708.88
1175,lpush5,1000000,818461.56
1175,lrange5,1000000,1261215.62
1176,lpush5,1000000,831255.25
1176,lrange5,1000000,1265964.50
1177,lpush5,1000000,826446.25
1177,lrange5,1000000,1287227.75
1178,lpush5,1000000,823881.38
1178,lrange5,1000000,1168317.75
1179,lpush5,1000000,830564.81
1179,lrange5,1000000,1288762.88
1180,lpush5,1000000,835462.00
1180,lrange5,1000000,1190723.88
1181,lpush5,1000000,837681.75
1181,lrange5,1000000,1270648.00
1182,lpush5,1000000,839684.31
1182,lrange5,1000000,1201961.50
1183,lpush5,1000000,833333.31
1183,lrange5,1000000,1280430.25
1184,lpush5,1000000,837587.94
1184,lrange5,1000000,843318.75
1185,lpush5,1000000,515787.53
1185,lrange5,1000000,806464.50
1186,lpush5,1000000,744178.56
1186,lrange5,1000000,1189212.88
1187,lpush5,1000000,833413.31
1187,lrange5,1000000,1240853.62
1188,lpush5,1000000,828619.69
1188,lrange5,1000000,1196191.38
1189,lpush5,1000000,833333.31
1189,lrange5,1000000,1254765.38
1190,lpush5,1000000,823775.94
1190,lrange5,1000000,1282051.38
1191,lpush5,1000000,828672.75
1191,lrange5,1000000,1237683.12
1192,lpush5,1000000,843895.38
1192,lrange5,1000000,1269076.12
1193,lpush5,1000000,827143.12
1193,lrange5,1000000,1246962.62
1194,lpush5,1000000,834215.19
1194,lrange5,1000000,1272529.25
1195,lpush5,1000000,844057.44
1195,lrange5,1000000,1242236.00
1196,lpush5,1000000,829240.50
1196,lrange5,1000000,1288804.12
1197,lpush5,1000000,834135.12
1197,lrange5,1000000,1237623.75
1198,lpush5,1000000,839805.19
1198,lrange5,1000000,1287145.38
1199,lpush5,1000000,837695.12
1199,lrange5,1000000,920080.94
1200,lpush5,1000000,519580.28
1200,lrange5,1000000,817032.69
1201,lpush5,1000000,693481.25
1201,lrange5,1000000,1277200.50
1202,lpush5,1000000,832839.31
1202,lrange5,1000000,1254765.38
1203,lpush5,1000000,836214.06
1203,lrange5,1000000,1201942.25
1204,lpush5,1000000,828526.94
1204,lrange5,1000000,1199290.12
1205,lpush5,1000000,837708.56
1205,lrange5,1000000,1193546.50
1206,lpush5,1000000,831468.06
1206,lrange5,1000000,1240774.25
1207,lpush5,1000000,829399.69
1207,lrange5,1000000,1169628.00
1208,lpush5,1000000,834844.75
1208,lrange5,1000000,1194800.50
1209,lpush5,1000000,843183.81
1209,lrange5,1000000,1210808.75
1210,lpush5,1000000,831268.50
1210,lrange5,1000000,1246962.62
1211,lpush5,1000000,833519.94
1211,lrange5,1000000,1282133.38
1212,lpush5,1000000,831441.44
1212,lrange5,1000000,1262626.25
1213,lpush5,1000000,834844.75
1213,lrange5,1000000,1193374.75
1214,lpush5,1000000,828725.75
1214,lrange5,1000000,1195049.00
1215,lpush5,1000000,841750.88
1215,lrange5,1000000,1212237.62
1216,lpush5,1000000,833333.31
1216,lrange5,1000000,1180845.38
1217,lpush5,1000000,825896.00
1217,lrange5,1000000,1278792.88
1218,lpush5,1000000,841804.75
1218,lrange5,1000000,1242236.00
1219,lpush5,1000000,827867.56
1219,lrange5,1000000,1183526.62
1220,lpush5,1000000,825293.75
1220,lrange5,1000000,1256301.50
1221,lpush5,1000000,826512.38
1221,lrange5,1000000,1236232.38
1222,lpush5,1000000,832826.00
1222,lrange5,1000000,1183621.25
1223,lpush5,1000000,831321.75
1223,lrange5,1000000,1287042.50
1224,lpush5,1000000,824402.25
1224,lrange5,1000000,1287124.88
1225,lpush5,1000000,836873.62
1225,lrange5,1000000,1187895.50
1226,lpush5,1000000,834188.50
1226,lrange5,1000000,1189346.00
1227,lpush5,1000000,829888.75
1227,lrange5,1000000,1269055.88
1228,lpush5,1000000,841056.31
1228,lrange5,1000000,1266025.25
1229,lpush5,1000000,828513.69
1229,lrange5,1000000,1262686.88
1230,lpush5,1000000,834965.00
1230,lrange5,1000000,1254865.75
1231,lpush5,1000000,827933.81
1231,lrange5,1000000,1278833.75
1232,lpush5,1000000,835435.25
1232,lrange5,1000000,1265822.75
1233,lpush5,1000000,836267.56
1233,lrange5,1000000,1199251.75
1234,lpush5,1000000,826604.94
1234,lrange5,1000000,1277139.25
1235,lpush5,1000000,823815.50
1235,lrange5,1000000,1243820.88
1236,lpush5,1000000,826512.38
1236,lrange5,1000000,1288659.75
1237,lpush5,1000000,825267.31
1237,lrange5,1000000,1285347.00
1238,lpush5,1000000,836187.31
1238,lrange5,1000000,1264303.38
1239,lpush5,1000000,832799.38
1239,lrange5,1000000,1280553.12
1240,lpush5,1000000,825777.06
1240,lrange5,1000000,1194857.75
1241,lpush5,1000000,829928.62
1241,lrange5,1000000,1293847.38
1242,lpush5,1000000,836173.94
1242,lrange5,1000000,1270770.00
1243,lpush5,1000000,835582.25
1243,lrange5,1000000,1191933.25
1244,lpush5,1000000,828619.69
1244,lrange5,1000000,1283717.62
1245,lpush5,1000000,837534.31
1245,lrange5,1000000,1273926.12
1246,lpush5,1000000,830114.50
1246,lrange5,1000000,1265843.00
1247,lpush5,1000000,817726.88
1247,lrange5,1000000,1267548.88
1248,lpush5,1000000,829875.50
1248,lrange5,1000000,1273885.25
1249,lpush5,1000000,832812.69
1249,lrange5,1000000,1280614.62
1250,lpush5,1000000,833466.62
1250,lrange5,1000000,1282277.00
1251,lpush5,1000000,837708.56
1251,lrange5,1000000,1227111.62
1252,lpush5,1000000,823723.25
1252,lrange5,1000000,1290529.12
1253,lpush5,1000000,828500.38
1253,lrange5,1000000,1282051.38
1254,lpush5,1000000,828686.00
1254,lrange5,1000000,1273905.75
1255,lpush5,1000000,831295.12
1255,lrange5,1000000,1196172.25
1256,lpush5,1000000,834871.50
1256,lrange5,1000000,1189060.62
1257,lpush5,1000000,836900.38
1257,lrange5,1000000,1261034.12
1258,lpush5,1000000,819672.12
1258,lrange5,1000000,1253213.12
1259,lpush5,1000000,827275.44
1259,lrange5,1000000,1203446.50
1260,lpush5,1000000,829306.81
1260,lrange5,1000000,1183829.50
1261,lpush5,1000000,832732.75
1261,lrange5,1000000,1259566.75
1262,lpush5,1000000,823150.62
1262,lrange5,1000000,1274048.38
1263,lpush5,1000000,829915.31
1263,lrange5,1000000,1287021.88
1264,lpush5,1000000,830790.69
1264,lrange5,1000000,1275510.25
1265,lpush5,1000000,828632.94
1265,lrange5,1000000,1202346.12
1266,lpush5,1000000,823111.06
1266,lrange5,1000000,1203639.00
1267,lpush5,1000000,834924.94
1267,lrange5,1000000,1277323.12
1268,lpush5,1000000,829359.88
1268,lrange5,1000000,1267447.50
1269,lpush5,1000000,844729.75
1269,lrange5,1000000,1280532.62
1270,lpush5,1000000,831321.75
1270,lrange5,1000000,1290322.62
1271,lpush5,1000000,834041.69
1271,lrange5,1000000,1248579.25
1272,lpush5,1000000,839684.31
1272,lrange5,1000000,1291989.62
1273,lpush5,1000000,832732.75
1273,lrange5,1000000,1126414.38
1274,lpush5,1000000,838330.31
1274,lrange5,1000000,1222591.62
1275,lpush5,1000000,829902.06
1275,lrange5,1000000,1285388.12
1276,lpush5,1000000,827182.81
1276,lrange5,1000000,1192333.75
1277,lpush5,1000000,825829.94
1277,lrange5,1000000,1285408.75
1278,lpush5,1000000,839060.38
1278,lrange5,1000000,1187648.50
1279,lpush5,1000000,825267.31
1279,lrange5,1000000,1193584.75
1280,lpush5,1000000,834135.12
1280,lrange5,1000000,1258062.88
1281,lpush5,1000000,830644.50
1281,lrange5,1000000,1272264.62
1282,lpush5,1000000,828632.94
1282,lrange5,1000000,1269157.38
1283,lpush5,1000000,832000.00
1283,lrange5,1000000,1233065.38
1284,lpush5,1000000,838993.25
1284,lrange5,1000000,1259445.75
1285,lpush5,1000000,834737.94
1285,lrange5,1000000,1285388.12
1286,lpush5,1000000,825816.69
1286,lrange5,1000000,1292175.75
1287,lpush5,1000000,828619.69
1287,lrange5,1000000,1193489.25
1288,lpush5,1000000,827235.75
1288,lrange5,1000000,1212140.62
1289,lpush5,1000000,827315.12
1289,lrange5,1000000,1283717.62
1290,lpush5,1000000,834255.19
1290,lrange5,1000000,1247042.38
1291,lpush5,1000000,828619.69
1291,lrange5,1000000,1292134.38
1292,lpush5,1000000,835421.88
1292,lrange5,1000000,1293723.12
1293,lpush5,1000000,823841.88
1293,lrange5,1000000,1261034.12
1294,lpush5,1000000,828672.75
1294,lrange5,1000000,1278915.62
1295,lpush5,1000000,823775.94
1295,lrange5,1000000,1275653.12
1296,lpush5,1000000,834951.62
1296,lrange5,1000000,1290529.12
1297,lpush5,1000000,821692.69
1297,lrange5,1000000,1295399.00
1298,lpush5,1000000,829187.44
1298,lrange5,1000000,1277323.12
1299,lpush5,1000000,819829.50
1299,lrange5,1000000,1253213.12
1300,lpush5,1000000,839657.44
1300,lrange5,1000000,1240694.75
1301,lpush5,1000000,831973.38
1301,lrange5,1000000,1292113.75
1302,lpush5,1000000,826604.94
1302,lrange5,1000000,1277282.25
1303,lpush5,1000000,819013.94
1303,lrange5,1000000,1293743.88
1304,lpush5,1000000,832053.25
1304,lrange5,1000000,1200672.25
1305,lpush5,1000000,827354.88
1305,lrange5,1000000,1250120.00
1306,lpush5,1000000,825082.50
1306,lrange5,1000000,1280409.75
1307,lpush5,1000000,827814.62
1307,lrange5,1000000,1256361.75
1308,lpush5,1000000,823960.50
1308,lrange5,1000000,1277180.12
1309,lpush5,1000000,820541.44
1309,lrange5,1000000,1203408.00
1310,lpush5,1000000,836200.69
1310,lrange5,1000000,1267488.00
1311,lpush5,1000000,837007.50
1311,lrange5,1000000,1267447.50
1312,lpush5,1000000,837047.69
1312,lrange5,1000000,1280409.75
1313,lpush5,1000000,827328.38
1313,lrange5,1000000,1257922.00
1314,lpush5,1000000,829373.12
1314,lrange5,1000000,1193699.25
1315,lpush5,1000000,823762.75
1315,lrange5,1000000,1210653.75
1316,lpush5,1000000,829399.69
1316,lrange5,1000000,1246882.88
1317,lpush5,1000000,828632.94
1317,lrange5,1000000,1248619.25
1318,lpush5,1000000,833359.94
1318,lrange5,1000000,1186467.38
1319,lpush5,1000000,831308.44
1319,lrange5,1000000,1193699.25
1320,lpush5,1000000,831468.06
1320,lrange5,1000000,1291989.62
1321,lpush5,1000000,827222.50
1321,lrange5,1000000,1219687.88
1322,lpush5,1000000,836160.56
1322,lrange5,1000000,1270790.38
1323,lpush5,1000000,822434.25
1323,lrange5,1000000,1288804.12
1324,lpush5,1000000,835502.06
1324,lrange5,1000000,1231566.50
1325,lpush5,1000000,834778.00
1325,lrange5,1000000,1283861.38
1326,lpush5,1000000,826604.94
1326,lrange5,1000000,1192276.50
1327,lpush5,1000000,826512.38
1327,lrange5,1000000,1200633.88
1328,lpush5,1000000,826499.12
1328,lrange5,1000000,1274028.00
1329,lpush5,1000000,826604.94
1329,lrange5,1000000,1186353.50
1330,lpush5,1000000,832013.31
1330,lrange5,1000000,1273926.12
1331,lpush5,1000000,836307.69
1331,lrange5,1000000,1258022.62
1332,lpush5,1000000,835421.88
1332,lrange5,1000000,1240853.62
1333,lpush5,1000000,831414.81
1333,lrange5,1000000,1257901.88
1334,lpush5,1000000,830617.94
1334,lrange5,1000000,1295336.75
1335,lpush5,1000000,831946.75
1335,lrange5,1000000,1200729.88
1336,lpush5,1000000,834778.00
1336,lrange5,1000000,1277139.25
1337,lpush5,1000000,838249.81
1337,lrange5,1000000,1262626.25
1338,lpush5,1000000,826446.25
1338,lrange5,1000000,1243801.00
1339,lpush5,1000000,836900.38
1339,lrange5,1000000,1256321.62
1340,lpush5,1000000,828566.69
1340,lrange5,1000000,1189269.88
1341,lpush5,1000000,841979.81
1341,lrange5,1000000,1253233.12
1342,lpush5,1000000,826631.38
1342,lrange5,1000000,1222650.38
1343,lpush5,1000000,832066.56
1343,lrange5,1000000,1278977.00
1344,lpush5,1000000,836267.56
1344,lrange5,1000000,1287145.38
1345,lpush5,1000000,831348.31
1345,lrange5,1000000,1277343.62
1346,lpush5,1000000,827907.31
1346,lrange5,1000000,1210789.38
1347,lpush5,1000000,828579.94
1347,lrange5,1000000,1203427.25
1348,lpush5,1000000,832706.12
1348,lrange5,1000000,1194800.50
1349,lpush5,1000000,838397.38
1349,lrange5,1000000,1196344.50
1350,lpush5,1000000,827986.81
1350,lrange5,1000000,1190876.25
1351,lpush5,1000000,821228.19
1351,lrange5,1000000,1222611.25
1352,lpush5,1000000,833359.94
1352,lrange5,1000000,1243860.62
1353,lpush5,1000000,829213.94
1353,lrange5,1000000,1242315.50
1354,lpush5,1000000,828672.75
1354,lrange5,1000000,1272325.62
1355,lpush5,1000000,832772.69
1355,lrange5,1000000,1240873.50
1356,lpush5,1000000,830644.50
1356,lrange5,1000000,1196306.12
1357,lpush5,1000000,838926.12
1357,lrange5,1000000,1288866.00
1358,lpush5,1000000,831960.06
1358,lrange5,1000000,1275510.25
1359,lpush5,1000000,830617.94
1359,lrange5,1000000,1242236.00
1360,lpush5,1000000,823789.12
1360,lrange5,1000000,1240833.75
1361,lpush5,1000000,834095.06
1361,lrange5,1000000,1248599.25
1362,lpush5,1000000,829240.50
1362,lrange5,1000000,1240714.62
1363,lpush5,1000000,836846.81
1363,lrange5,1000000,1280553.12
1364,lpush5,1000000,829902.06
1364,lrange5,1000000,1185213.25
1365,lpush5,1000000,834241.88
1365,lrange5,1000000,1190476.25
1366,lpush5,1000000,828566.69
1366,lrange5,1000000,1270770.00
1367,lpush5,1000000,822394.75
1367,lrange5,1000000,1288721.62
1368,lpush5,1000000,825975.25
1368,lrange5,1000000,1085811.12
1369,lpush5,1000000,520841.69
1369,lrange5,1000000,804569.56
1370,lpush5,1000000,556006.69
1370,lrange5,1000000,1277139.25
1371,lpush5,1000000,827328.38
1371,lrange5,1000000,1183431.88
1372,lpush5,1000000,831295.12
1372,lrange5,1000000,1278772.38
1373,lpush5,1000000,833426.62
1373,lrange5,1000000,1209286.50
1374,lpush5,1000000,828672.75
1374,lrange5,1000000,1297182.88
1375,lpush5,1000000,830644.50
1375,lrange5,1000000,1160204.25
1376,lpush5,1000000,832639.50
1376,lrange5,1000000,1291989.62
1377,lpush5,1000000,834135.12
1377,lrange5,1000000,1248559.25
1378,lpush5,1000000,838290.06
1378,lrange5,1000000,1239157.38
1379,lpush5,1000000,828725.75
1379,lrange5,1000000,1216759.12
1380,lpush5,1000000,829359.88
1380,lrange5,1000000,1287063.00
1381,lpush5,1000000,834161.81
1381,lrange5,1000000,939954.88
1382,lpush5,1000000,822394.75
1382,lrange5,1000000,1277261.88
1383,lpush5,1000000,824494.62
1383,lrange5,1000000,1280512.12
1384,lpush5,1000000,830604.62
1384,lrange5,1000000,1257942.12
1385,lpush5,1000000,829267.00
1385,lrange5,1000000,1190857.12
1386,lpush5,1000000,833346.62
1386,lrange5,1000000,1183753.75
1387,lpush5,1000000,835635.75
1387,lrange5,1000000,1259506.25
1388,lpush5,1000000,829888.75
1388,lrange5,1000000,1185061.62
1389,lpush5,1000000,829968.44
1389,lrange5,1000000,1275755.12
1390,lpush5,1000000,825869.56
1390,lrange5,1000000,1187857.50
1391,lpush5,1000000,826631.38
1391,lrange5,1000000,1295440.38
1392,lpush5,1000000,832759.38
1392,lrange5,1000000,1272264.62
1393,lpush5,1000000,829955.19
1393,lrange5,1000000,1292113.75
1394,lpush5,1000000,838979.81
1394,lrange5,1000000,1288680.38
1395,lpush5,1000000,834041.69
1395,lrange5,1000000,1193393.75
1396,lpush5,1000000,829915.31
1396,lrange5,1000000,1277200.50
1397,lpush5,1000000,835488.69
1397,lrange5,1000000,1293806.00
1398,lpush5,1000000,828606.44
1398,lrange5,1000000,1269157.38
1399,lpush5,1000000,834831.44
1399,lrange5,1000000,1240734.50
1400,lpush5,1000000,832692.75
1400,lrange5,1000000,1265944.25
1401,lpush5,1000000,840551.25
1401,lrange5,1000000,1277282.25
1402,lpush5,1000000,833466.62
1402,lrange5,1000000,1242414.88
1403,lpush5,1000000,829306.81
1403,lrange5,1000000,1269076.12
1404,lpush5,1000000,832692.75
1404,lrange5,1000000,1248619.25
1405,lpush5,1000000,836294.31
1405,lrange5,1000000,1269035.50
1406,lpush5,1000000,839778.38
1406,lrange5,1000000,1196287.00
1407,lpush5,1000000,821745.25
1407,lrange5,1000000,1259445.75
1408,lpush5,1000000,833546.62
1408,lrange5,1000000,1265843.00
1409,lpush5,1000000,822421.06
1409,lrange5,1000000,1200672.25
1410,lpush5,1000000,825148.50
1410,lrange5,1000000,1288824.75
1411,lpush5,1000000,832000.00
1411,lrange5,1000000,1269035.50
1412,lpush5,1000000,828540.19
1412,lrange5,1000000,1285429.25
1413,lpush5,1000000,823163.75
1413,lrange5,1000000,1283738.12
1414,lpush5,1000000,829426.25
1414,lrange5,1000000,1270688.75
1415,lpush5,1000000,834965.00
1415,lrange5,1000000,1273946.50
1416,lpush5,1000000,846848.44
1416,lrange5,1000000,1285367.62
1417,lpush5,1000000,825948.81
1417,lrange5,1000000,1203369.50
1418,lpush5,1000000,837574.56
1418,lrange5,1000000,1272305.38
1419,lpush5,1000000,825240.94
1419,lrange5,1000000,1283697.12
1420,lpush5,1000000,825882.75
1420,lrange5,1000000,1187743.50
1421,lpush5,1000000,829386.44
1421,lrange5,1000000,1293661.00
1422,lpush5,1000000,832652.81
1422,lrange5,1000000,1196191.38
1423,lpush5,1000000,825922.38
1423,lrange5,1000000,1275510.25
1424,lpush5,1000000,828606.44
1424,lrange5,1000000,1292051.75
1425,lpush5,1000000,829200.69
1425,lrange5,1000000,1293826.62
1426,lpush5,1000000,831308.44
1426,lrange5,1000000,1201961.50
1427,lpush5,1000000,832000.00
1427,lrange5,1000000,1272285.00
1428,lpush5,1000000,823868.19
1428,lrange5,1000000,1200691.50
1429,lpush5,1000000,823841.88
1429,lrange5,1000000,1245330.00
1430,lpush5,1000000,829240.50
1430,lrange5,1000000,1266025.25
1431,lpush5,1000000,828593.19
1431,lrange5,1000000,1282051.38
1432,lpush5,1000000,827288.69
1432,lrange5,1000000,1273885.25
1433,lpush5,1000000,823190.12
1433,lrange5,1000000,1270648.00
1434,lpush5,1000000,829888.75
1434,lrange5,1000000,1195029.88
1435,lpush5,1000000,825869.56
1435,lrange5,1000000,1202038.38
1436,lpush5,1000000,814540.69
1436,lrange5,1000000,1247142.12
1437,lpush5,1000000,825869.56
1437,lrange5,1000000,1199060.00
1438,lpush5,1000000,834724.56
1438,lrange5,1000000,1199060.00
1439,lpush5,1000000,835582.25
1439,lrange5,1000000,1267589.38
1440,lpush5,1000000,831401.50
1440,lrange5,1000000,1295461.12
1441,lpush5,1000000,838330.31
1441,lrange5,1000000,1272427.50
1442,lpush5,1000000,826459.50
1442,lrange5,1000000,1199271.00
1443,lpush5,1000000,829915.31
1443,lrange5,1000000,1254725.25
1444,lpush5,1000000,840389.88
1444,lrange5,1000000,1270729.38
1445,lpush5,1000000,830034.81
1445,lrange5,1000000,1193412.88
1446,lpush5,1000000,832812.69
1446,lrange5,1000000,1277302.75
1447,lpush5,1000000,838290.06
1447,lrange5,1000000,1270810.62
1448,lpush5,1000000,827129.88
1448,lrange5,1000000,1292010.38
1449,lpush5,1000000,828500.38
1449,lrange5,1000000,1277343.62
1450,lpush5,1000000,824534.19
1450,lrange5,1000000,1203446.50
1451,lpush5,1000000,828000.06
1451,lrange5,1000000,1275510.25
1452,lpush5,1000000,825082.50
1452,lrange5,1000000,1293702.50
1453,lpush5,1000000,833493.31
1453,lrange5,1000000,1283758.75
1454,lpush5,1000000,833453.31
1454,lrange5,1000000,1240833.75
1455,lpush5,1000000,834764.62
1455,lrange5,1000000,1293764.50
1456,lpush5,1000000,836120.44
1456,lrange5,1000000,1287021.88
1457,lpush5,1000000,827814.62
1457,lrange5,1000000,1245369.88
1458,lpush5,1000000,836254.19
1458,lrange5,1000000,1205204.88
1459,lpush5,1000000,836120.44
1459,lrange5,1000000,1290405.25
1460,lpush5,1000000,822407.94
1460,lrange5,1000000,1245529.25
1461,lpush5,1000000,843935.88
1461,lrange5,1000000,1293806.00
1462,lpush5,1000000,827827.88
1462,lrange5,1000000,1293868.00
1463,lpush5,1000000,832772.69
1463,lrange5,1000000,1290405.25
1464,lpush5,1000000,827894.06
1464,lrange5,1000000,1190495.25
1465,lpush5,1000000,832692.75
1465,lrange5,1000000,1275510.25
1466,lpush5,1000000,822447.38
1466,lrange5,1000000,1242295.62
1467,lpush5,1000000,833453.31
1467,lrange5,1000000,1275551.00
1468,lpush5,1000000,826604.94
1468,lrange5,1000000,1273905.75
1469,lpush5,1000000,824455.00
1469,lrange5,1000000,1243840.75
1470,lpush5,1000000,823723.25
1470,lrange5,1000000,1213592.25
1471,lpush5,1000000,837762.12
1471,lrange5,1000000,1240714.62
1472,lpush5,1000000,827341.62
1472,lrange5,1000000,1253132.88
1473,lpush5,1000000,818540.12
1473,lrange5,1000000,1127503.88
1474,lpush5,1000000,818369.88
1474,lrange5,1000000,1280450.62
1475,lpush5,1000000,827933.81
1475,lrange5,1000000,1196287.00
1476,lpush5,1000000,839046.94
1476,lrange5,1000000,1269177.62
1477,lpush5,1000000,829280.31
1477,lrange5,1000000,1266005.00
1478,lpush5,1000000,832639.50
1478,lrange5,1000000,1278874.62
1479,lpush5,1000000,825148.50
1479,lrange5,1000000,1246922.75
1480,lpush5,1000000,829227.19
1480,lrange5,1000000,1240754.38
1481,lpush5,1000000,827854.31
1481,lrange5,1000000,1270729.38
1482,lpush5,1000000,831281.81
1482,lrange5,1000000,1236252.12
1483,lpush5,1000000,838330.31
1483,lrange5,1000000,1194934.25
1484,lpush5,1000000,821175.69
1484,lrange5,1000000,1275673.50
1485,lpush5,1000000,827986.81
1485,lrange5,1000000,1123595.50
1486,lpush5,1000000,833333.31
1486,lrange5,1000000,1278792.88
1487,lpush5,1000000,839684.31
1487,lrange5,1000000,1189479.12
1488,lpush5,1000000,834951.62
1488,lrange5,1000000,1194915.12
1489,lpush5,1000000,832159.69
1489,lrange5,1000000,1256321.62
1490,lpush5,1000000,824468.25
1490,lrange5,1000000,1269055.88
1491,lpush5,1000000,826459.50
1491,lrange5,1000000,1231704.50
1492,lpush5,1000000,831468.06
1492,lrange5,1000000,1292113.75
1493,lpush5,1000000,833493.31
1493,lrange5,1000000,1202230.75
1494,lpush5,1000000,829187.44
1494,lrange5,1000000,1251564.38
1495,lpush5,1000000,828039.75
1495,lrange5,1000000,1246942.62
1496,lpush5,1000000,836133.81
1496,lrange5,1000000,1245350.00
1497,lpush5,1000000,829333.38
1497,lrange5,1000000,1269137.12
1498,lpush5,1000000,829227.19
1498,lrange5,1000000,1269177.62
1499,lpush5,1000000,825948.81
1499,lrange5,1000000,1288762.88
1500,lpush5,1000000,825843.12
1500,lrange5,1000000,1288701.00
1501,lpush5,1000000,827182.81
1501,lrange5,1000000,1236252.12
1502,lpush5,1000000,832772.69
1502,lrange5,1000000,1288762.88
1503,lpush5,1000000,832119.81
1503,lrange5,1000000,1290487.75
1504,lpush5,1000000,829333.38
1504,lrange5,1000000,1282297.50
1505,lpush5,1000000,828712.50
1505,lrange5,1000000,1274007.62
1506,lpush5,1000000,830591.38
1506,lrange5,1000000,1256381.88
1507,lpush5,1000000,830617.94
1507,lrange5,1000000,1190704.75
1508,lpush5,1000000,829399.69
1508,lrange5,1000000,1270831.00
1509,lpush5,1000000,827129.88
1509,lrange5,1000000,1228540.50
1510,lpush5,1000000,834724.56
1510,lrange5,1000000,1293785.25
1511,lpush5,1000000,839697.75
1511,lrange5,1000000,1265843.00
1512,lpush5,1000000,836900.38
1512,lrange5,1000000,1272264.62
1513,lpush5,1000000,825293.75
1513,lrange5,1000000,1272264.62
1514,lpush5,1000000,830750.81
1514,lrange5,1000000,1192181.12
1515,lpush5,1000000,828712.50
1515,lrange5,1000000,1259486.12
1516,lpush5,1000000,830578.06
1516,lrange5,1000000,1262828.25
1517,lpush5,1000000,834135.12
1517,lrange5,1000000,1253173.00
1518,lpush5,1000000,832159.69
1518,lrange5,1000000,1269116.75
1519,lpush5,1000000,837681.75
1519,lrange5,1000000,1261135.00
1520,lpush5,1000000,833346.62
1520,lrange5,1000000,1240873.50
1521,lpush5,1000000,825082.50
1521,lrange5,1000000,1285429.25
1522,lpush5,1000000,825188.12
1522,lrange5,1000000,1200595.38
1523,lpush5,1000000,832000.00
1523,lrange5,1000000,1280635.00
1524,lpush5,1000000,835609.00
1524,lrange5,1000000,1275612.25
1525,lpush5,1000000,835542.19
1525,lrange5,1000000,1287083.62
1526,lpush5,1000000,839684.31
1526,lrange5,1000000,1290446.50
1527,lpush5,1000000,829968.44
1527,lrange5,1000000,1190476.25
1528,lpush5,1000000,839630.56
1528,lrange5,1000000,1234607.38
1529,lpush5,1000000,823176.94
1529,lrange5,1000000,1287104.25
1530,lpush5,1000000,827933.81
1530,lrange5,1000000,1285347.00
1531,lpush5,1000000,825188.12
1531,lrange5,1000000,1171147.62
1532,lpush5,1000000,835595.62
1532,lrange5,1000000,1292134.38
1533,lpush5,1000000,836833.44
1533,lrange5,1000000,1163144.12
1534,lpush5,1000000,829968.44
1534,lrange5,1000000,1275612.25
1535,lpush5,1000000,828606.44
1535,lrange5,1000000,1264263.00
1536,lpush5,1000000,848298.56
1536,lrange5,1000000,1290467.12
1537,lpush5,1000000,825777.06
1537,lrange5,1000000,1274007.62
1538,lpush5,1000000,827222.50
1538,lrange5,1000000,1240694.75
1539,lpush5,1000000,825148.50
1539,lrange5,1000000,1243801.00
1540,lpush5,1000000,834215.19
1540,lrange5,1000000,1267569.12
1541,lpush5,1000000,836280.94
1541,lrange5,1000000,1280471.12
1542,lpush5,1000000,834081.75
1542,lrange5,1000000,1269035.50
1543,lpush5,1000000,834938.25
1543,lrange5,1000000,1183753.75
1544,lpush5,1000000,832639.50
1544,lrange5,1000000,1209325.25
1545,lpush5,1000000,837641.56
1545,lrange5,1000000,1277302.75
1546,lpush5,1000000,836347.81
1546,lrange5,1000000,1262626.25
1547,lpush5,1000000,837695.12
1547,lrange5,1000000,1246982.62
1548,lpush5,1000000,843170.31
1548,lrange5,1000000,1107455.12
1549,lpush5,1000000,823762.75
1549,lrange5,1000000,1190571.50
1550,lpush5,1000000,832692.75
1550,lrange5,1000000,1202096.12
1551,lpush5,1000000,835421.88
1551,lrange5,1000000,1200806.75
1552,lpush5,1000000,834951.62
1552,lrange5,1000000,1231586.25
1553,lpush5,1000000,839127.50
1553,lrange5,1000000,1275530.62
1554,lpush5,1000000,837681.75
1554,lrange5,1000000,814462.50
1555,lpush5,1000000,825882.75
1555,lrange5,1000000,1242335.38
1556,lpush5,1000000,820488.94
1556,lrange5,1000000,1196593.25
1557,lpush5,1000000,830564.81
1557,lrange5,1000000,1290508.38
1558,lpush5,1000000,836347.81
1558,lrange5,1000000,1202153.88
1559,lpush5,1000000,829200.69
1559,lrange5,1000000,1292196.38
1560,lpush5,1000000,824415.44
1560,lrange5,1000000,1187819.50
1561,lpush5,1000000,822552.69
1561,lrange5,1000000,1242295.62
1562,lpush5,1000000,823789.12
1562,lrange5,1000000,1163013.88
1563,lpush5,1000000,832119.81
1563,lrange5,1000000,1192066.75
1564,lpush5,1000000,832000.00
1564,lrange5,1000000,1206407.75
1565,lpush5,1000000,834175.12
1565,lrange5,1000000,1291989.62
1566,lpush5,1000000,834228.50
1566,lrange5,1000000,1293743.88
1567,lpush5,1000000,826578.50
1567,lrange5,1000000,1292113.75
1568,lpush5,1000000,825214.50
1568,lrange5,1000000,1183697.00
1569,lpush5,1000000,825108.88
1569,lrange5,1000000,1270648.00
1570,lpush5,1000000,830564.81
1570,lrange5,1000000,1293702.50
1571,lpush5,1000000,839046.94
1571,lrange5,1000000,1298722.12
1572,lpush5,1000000,829346.62
1572,lrange5,1000000,1285367.62
1573,lpush5,1000000,834724.56
1573,lrange5,1000000,1256281.38
1574,lpush5,1000000,825882.75
1574,lrange5,1000000,1262626.25
1575,lpush5,1000000,825254.12
1575,lrange5,1000000,1200595.38
1576,lpush5,1000000,826657.81
1576,lrange5,1000000,1193699.25
1577,lpush5,1000000,829187.44
1577,lrange5,1000000,1199309.38
1578,lpush5,1000000,829187.44
1578,lrange5,1000000,1182411.38
1579,lpush5,1000000,829320.06
1579,lrange5,1000000,1274068.75
1580,lpush5,1000000,826565.25
1580,lrange5,1000000,1273987.25
1581,lpush5,1000000,832692.75
1581,lrange5,1000000,1270668.38
1582,lpush5,1000000,825148.50
1582,lrange5,1000000,1182127.62
1583,lpush5,1000000,833573.31
1583,lrange5,1000000,1295481.88
1584,lpush5,1000000,824521.00
1584,lrange5,1000000,1283779.25
1585,lpush5,1000000,834898.19
1585,lrange5,1000000,1237663.38
1586,lpush5,1000000,832199.62
1586,lrange5,1000000,1253173.00
1587,lpush5,1000000,827129.88
1587,lrange5,1000000,1267630.00
1588,lpush5,1000000,829981.69
1588,lrange5,1000000,1253233.12
1589,lpush5,1000000,823723.25
1589,lrange5,1000000,1267569.12
1590,lpush5,1000000,829412.94
1590,lrange5,1000000,1202096.12
1591,lpush5,1000000,826618.12
1591,lrange5,1000000,1267589.38
1592,lpush5,1000000,829267.00
1592,lrange5,1000000,1269258.88
1593,lpush5,1000000,826552.06
1593,lrange5,1000000,1190838.12
1594,lpush5,1000000,831401.50
1594,lrange5,1000000,1288804.12
1595,lpush5,1000000,835595.62
1595,lrange5,1000000,1265903.75
1596,lpush5,1000000,832000.00
1596,lrange5,1000000,1259466.00
1597,lpush5,1000000,832079.88
1597,lrange5,1000000,1236232.38
1598,lpush5,1000000,838383.94
1598,lrange5,1000000,1280655.50
1599,lpush5,1000000,825896.00
1599,lrange5,1000000,1194896.00
1600,lpush5,1000000,824560.56
1600,lrange5,1000000,1250140.00
1601,lpush5,1000000,831960.06
1601,lrange5,1000000,1282112.88
1602,lpush5,1000000,836133.81
1602,lrange5,1000000,1196516.75
1603,lpush5,1000000,827129.88
1603,lrange5,1000000,1190838.12
1604,lpush5,1000000,833399.94
1604,lrange5,1000000,1253253.12
1605,lpush5,1000000,839832.06
1605,lrange5,1000000,1254705.12
1606,lpush5,1000000,823216.44
1606,lrange5,1000000,1288927.75
1607,lpush5,1000000,834724.56
1607,lrange5,1000000,1275673.50
1608,lpush5,1000000,834764.62
1608,lrange5,1000000,1191971.38
1609,lpush5,1000000,834898.19
1609,lrange5,1000000,1288701.00
1610,lpush5,1000000,830591.38
1610,lrange5,1000000,1262828.25
1611,lpush5,1000000,836280.94
1611,lrange5,1000000,1243860.62
1612,lpush5,1000000,828513.69
1612,lrange5,1000000,1288824.75
1613,lpush5,1000000,832786.00
1613,lrange5,1000000,1222689.50
1614,lpush5,1000000,830564.81
1614,lrange5,1000000,1292113.75
1615,lpush5,1000000,829200.69
1615,lrange5,1000000,1269055.88
1616,lpush5,1000000,830604.62
1616,lrange5,1000000,1196191.38
1617,lpush5,1000000,834938.25
1617,lrange5,1000000,1243801.00
1618,lpush5,1000000,835542.19
1618,lrange5,1000000,1272305.38
1619,lpush5,1000000,823176.94
1619,lrange5,1000000,1278792.88
1620,lpush5,1000000,829902.06
1620,lrange5,1000000,1272386.75
1621,lpush5,1000000,825935.62
1621,lrange5,1000000,1298888.38
1622,lpush5,1000000,832679.44
1622,lrange5,1000000,1278936.00
1623,lpush5,1000000,829293.56
1623,lrange5,1000000,1283881.88
1624,lpush5,1000000,827973.56
1624,lrange5,1000000,1292010.38
1625,lpush5,1000000,838223.00
1625,lrange5,1000000,1297162.12
1626,lpush5,1000000,828553.44
1626,lrange5,1000000,995279.62
1627,lpush5,1000000,832679.44
1627,lrange5,1000000,1250120.00
1628,lpush5,1000000,823789.12
1628,lrange5,1000000,1190495.25
1629,lpush5,1000000,829995.00
1629,lrange5,1000000,1243920.38
1630,lpush5,1000000,836173.94
1630,lrange5,1000000,1262787.88
1631,lpush5,1000000,827182.81
1631,lrange5,1000000,1262848.50
1632,lpush5,1000000,829187.44
1632,lrange5,1000000,1274048.38
1633,lpush5,1000000,751915.75
1633,lrange5,1000000,1187914.50
1634,lpush5,1000000,832706.12
1634,lrange5,1000000,1190647.62
1635,lpush5,1000000,833519.94
1635,lrange5,1000000,1193699.25
1636,lpush5,1000000,834965.00
1636,lrange5,1000000,1265924.00
1637,lpush5,1000000,826618.12
1637,lrange5,1000000,1250160.00
1638,lpush5,1000000,834175.12
1638,lrange5,1000000,1272427.50
1639,lpush5,1000000,831321.75
1639,lrange5,1000000,1293743.88
1640,lpush5,1000000,829928.62
1640,lrange5,1000000,1256462.25
1641,lpush5,1000000,829875.50
1641,lrange5,1000000,1262686.88
1642,lpush5,1000000,833333.31
1642,lrange5,1000000,1219707.38
1643,lpush5,1000000,834148.44
1643,lrange5,1000000,1272468.12
1644,lpush5,1000000,829293.56
1644,lrange5,1000000,1189098.62
1645,lpush5,1000000,829267.00
1645,lrange5,1000000,1264343.88
1646,lpush5,1000000,840510.88
1646,lrange5,1000000,1266086.00
1647,lpush5,1000000,838276.62
1647,lrange5,1000000,1250060.00
1648,lpush5,1000000,828526.94
1648,lrange5,1000000,1199098.38
1649,lpush5,1000000,832692.75
1649,lrange5,1000000,1243820.88
1650,lpush5,1000000,836927.19
1650,lrange5,1000000,1267427.12
1651,lpush5,1000000,838383.94
1651,lrange5,1000000,1193546.50
1652,lpush5,1000000,843210.81
1652,lrange5,1000000,1269198.00
1653,lpush5,1000000,834737.94
1653,lrange5,1000000,1272305.38
1654,lpush5,1000000,838939.56
1654,lrange5,1000000,1228678.12
1655,lpush5,1000000,838370.50
1655,lrange5,1000000,1275530.62
1656,lpush5,1000000,826459.50
1656,lrange5,1000000,1185213.25
1657,lpush5,1000000,824507.81
1657,lrange5,1000000,1180996.50
1658,lpush5,1000000,832186.31
1658,lrange5,1000000,1282051.38
1659,lpush5,1000000,830008.25
1659,lrange5,1000000,1190476.25
1660,lpush5,1000000,831973.38
1660,lrange5,1000000,1273987.25
1661,lpush5,1000000,831361.62
1661,lrange5,1000000,1278772.38
1662,lpush5,1000000,832786.00
1662,lrange5,1000000,1272447.88
1663,lpush5,1000000,831946.75
1663,lrange5,1000000,1277180.12
1664,lpush5,1000000,824402.25
1664,lrange5,1000000,1273926.12
1665,lpush5,1000000,832133.12
1665,lrange5,1000000,1287248.38
1666,lpush5,1000000,828593.19
1666,lrange5,1000000,1175501.75
1667,lpush5,1000000,832639.50
1667,lrange5,1000000,1256402.00
1668,lpush5,1000000,825803.50
1668,lrange5,1000000,1256381.88
1669,lpush5,1000000,839858.94
1669,lrange5,1000000,1277364.00
1670,lpush5,1000000,817674.56
1670,lrange5,1000000,1264364.12
1671,lpush5,1000000,831374.94
1671,lrange5,1000000,1246922.75
1672,lpush5,1000000,832759.38
1672,lrange5,1000000,1175313.75
1673,lpush5,1000000,733699.19
1673,lrange5,1000000,871135.88
1674,lpush5,1000000,829240.50
1674,lrange5,1000000,1278956.50
1675,lpush5,1000000,831388.25
1675,lrange5,1000000,1297016.88
1676,lpush5,1000000,834201.81
1676,lrange5,1000000,1208000.00
1677,lpush5,1000000,830737.56
1677,lrange5,1000000,1269055.88
1678,lpush5,1000000,834938.25
1678,lrange5,1000000,1285408.75
1679,lpush5,1000000,832812.69
1679,lrange5,1000000,1194819.62
1680,lpush5,1000000,825843.12
1680,lrange5,1000000,1295357.50
1681,lpush5,1000000,827143.12
1681,lrange5,1000000,1291989.62
1682,lpush5,1000000,768725.62
1682,lrange5,1000000,1282174.38
1683,lpush5,1000000,832746.06
1683,lrange5,1000000,1295419.62
1684,lpush5,1000000,827182.81
1684,lrange5,1000000,1278792.88
1685,lpush5,1000000,831441.44
1685,lrange5,1000000,1258022.62
1686,lpush5,1000000,826499.12
1686,lrange5,1000000,1275571.50
1687,lpush5,1000000,840336.12
1687,lrange5,1000000,1300515.00
1688,lpush5,1000000,831986.69
1688,lrange5,1000000,1285347.00
1689,lpush5,1000000,828000.06
1689,lrange5,1000000,1297203.62
1690,lpush5,1000000,832079.88
1690,lrange5,1000000,1203427.25
1691,lpush5,1000000,836120.44
1691,lrange5,1000000,1265863.25
1692,lpush5,1000000,830564.81
1692,lrange5,1000000,1282194.88
1693,lpush5,1000000,836133.81
1693,lrange5,1000000,1298722.12
1694,lpush5,1000000,825816.69
1694,lrange5,1000000,1192009.50
1695,lpush5,1000000,836160.56
1695,lrange5,1000000,1257922.00
1696,lpush5,1000000,834095.06
1696,lrange5,1000000,1234607.38
1697,lpush5,1000000,832679.44
1697,lrange5,1000000,1273966.88
1698,lpush5,1000000,830644.50
1698,lrange5,1000000,1256281.38
1699,lpush5,1000000,830578.06
1699,lrange5,1000000,1275653.12
1700,lpush5,1000000,823775.94
1700,lrange5,1000000,1190628.62
1701,lpush5,1000000,830564.81
1701,lrange5,1000000,1285367.62
1702,lpush5,1000000,829955.19
1702,lrange5,1000000,1275612.25
1703,lpush5,1000000,830564.81
1703,lrange5,1000000,1295564.75
1704,lpush5,1000000,832826.00
1704,lrange5,1000000,1243801.00
1705,lpush5,1000000,829875.50
1705,lrange5,1000000,1282277.00
1706,lpush5,1000000,825267.31
1706,lrange5,1000000,1283758.75
1707,lpush5,1000000,831401.50
1707,lrange5,1000000,1292072.38
1708,lpush5,1000000,828513.69
1708,lrange5,1000000,1246982.62
1709,lpush5,1000000,836160.56
1709,lrange5,1000000,1197700.62
1710,lpush5,1000000,822539.50
1710,lrange5,1000000,1267589.38
1711,lpush5,1000000,823084.75
1711,lrange5,1000000,1287166.00
1712,lpush5,1000000,819855.69
1712,lrange5,1000000,1197681.50
1713,lpush5,1000000,830578.06
1713,lrange5,1000000,1224068.62
1714,lpush5,1000000,832133.12
1714,lrange5,1000000,1282236.00
1715,lpush5,1000000,833346.62
1715,lrange5,1000000,1256281.38
1716,lpush5,1000000,831401.50
1716,lrange5,1000000,1300473.38
1717,lpush5,1000000,836133.81
1717,lrange5,1000000,1203562.00
1718,lpush5,1000000,846902.62
1718,lrange5,1000000,1192295.62
1719,lpush5,1000000,827156.31
1719,lrange5,1000000,1193336.50
1720,lpush5,1000000,824402.25
1720,lrange5,1000000,1261034.12
1721,lpush5,1000000,827315.12
1721,lrange5,1000000,1095342.88
1722,lpush5,1000000,837574.56
1722,lrange5,1000000,1197949.75
1723,lpush5,1000000,842567.81
1723,lrange5,1000000,1196363.62
1724,lpush5,1000000,836133.81
1724,lrange5,1000000,1251724.62
1725,lpush5,1000000,837520.94
1725,lrange5,1000000,1277323.12
1726,lpush5,1000000,827156.31
1726,lrange5,1000000,1288783.50
1727,lpush5,1000000,832039.94
1727,lrange5,1000000,1287001.25
1728,lpush5,1000000,839006.69
1728,lrange5,1000000,1277323.12
1729,lpush5,1000000,835595.62
1729,lrange5,1000000,1065218.25
1730,lpush5,1000000,839140.94
1730,lrange5,1000000,1267447.50
1731,lpush5,1000000,833466.62
1731,lrange5,1000000,1290384.50
1732,lpush5,1000000,829955.19
1732,lrange5,1000000,1282071.88
1733,lpush5,1000000,838303.44
1733,lrange5,1000000,1173821.62
1734,lpush5,1000000,841750.88
1734,lrange5,1000000,1190476.25
1735,lpush5,1000000,827222.50
1735,lrange5,1000000,1190685.75
1736,lpush5,1000000,831308.44
1736,lrange5,1000000,1274028.00
1737,lpush5,1000000,824428.62
1737,lrange5,1000000,1269096.50
1738,lpush5,1000000,823762.75
1738,lrange5,1000000,1228599.50
1739,lpush5,1000000,835475.31
1739,lrange5,1000000,1272407.12
1740,lpush5,1000000,836927.19
1740,lrange5,1000000,1251604.50
1741,lpush5,1000000,834871.50
1741,lrange5,1000000,1285367.62
1742,lpush5,1000000,835435.25
1742,lrange5,1000000,1245330.00
1743,lpush5,1000000,829200.69
1743,lrange5,1000000,1242236.00
1744,lpush5,1000000,831946.75
1744,lrange5,1000000,1190895.25
1745,lpush5,1000000,835488.69
1745,lrange5,1000000,1231527.12
1746,lpush5,1000000,827169.56
1746,lrange5,1000000,1288721.62
1747,lpush5,1000000,827814.62
1747,lrange5,1000000,1292113.75
1748,lpush5,1000000,835568.88
1748,lrange5,1000000,1212218.25
1749,lpush5,1000000,831268.50
1749,lrange5,1000000,1285367.62
1750,lpush5,1000000,835595.62
1750,lrange5,1000000,1288680.38
1751,lpush5,1000000,829240.50
1751,lrange5,1000000,1265822.75
1752,lpush5,1000000,842635.19
1752,lrange5,1000000,1225627.50
1753,lpush5,1000000,839724.62
1753,lrange5,1000000,1290487.75
1754,lpush5,1000000,832719.44
1754,lrange5,1000000,1198045.50
1755,lpush5,1000000,831335.00
1755,lrange5,1000000,1273905.75
1756,lpush5,1000000,831321.75
1756,lrange5,1000000,1247042.38
1757,lpush5,1000000,829240.50
1757,lrange5,1000000,1275530.62
1758,lpush5,1000000,842500.38
1758,lrange5,1000000,1233065.38
1759,lpush5,1000000,830591.38
1759,lrange5,1000000,1240873.50
1760,lpush5,1000000,834201.81
1760,lrange5,1000000,1228540.50
1761,lpush5,1000000,824402.25
1761,lrange5,1000000,1288783.50
1762,lpush5,1000000,834028.38
1762,lrange5,1000000,1287104.25
1763,lpush5,1000000,823111.06
1763,lrange5,1000000,1282071.88
1764,lpush5,1000000,836994.12
1764,lrange5,1000000,1264303.38
1765,lpush5,1000000,829981.69
1765,lrange5,1000000,1277323.12
1766,lpush5,1000000,830578.06
1766,lrange5,1000000,1288701.00
1767,lpush5,1000000,832812.69
1767,lrange5,1000000,1285532.12
1768,lpush5,1000000,830684.38
1768,lrange5,1000000,1272264.62
1769,lpush5,1000000,832706.12
1769,lrange5,1000000,1293785.25
1770,lpush5,1000000,827827.88
1770,lrange5,1000000,1278772.38
1771,lpush5,1000000,832159.69
1771,lrange5,1000000,1245409.75
1772,lpush5,1000000,827973.56
1772,lrange5,1000000,1290384.50
1773,lpush5,1000000,830578.06
1773,lrange5,1000000,1269035.50
1774,lpush5,1000000,833346.62
1774,lrange5,1000000,1196306.12
1775,lpush5,1000000,834791.38
1775,lrange5,1000000,1197624.00
1776,lpush5,1000000,829320.06
1776,lrange5,1000000,1290322.62
1777,lpush5,1000000,832639.50
1777,lrange5,1000000,1275612.25
1778,lpush5,1000000,836913.75
1778,lrange5,1000000,1197719.75
1779,lpush5,1000000,831946.75
1779,lrange5,1000000,1186619.25
1780,lpush5,1000000,835475.31
1780,lrange5,1000000,1182260.00
1781,lpush5,1000000,825082.50
1781,lrange5,1000000,1194819.62
1782,lpush5,1000000,829928.62
1782,lrange5,1000000,1187895.50
1783,lpush5,1000000,834135.12
1783,lrange5,1000000,1270668.38
1784,lpush5,1000000,839670.88
1784,lrange5,1000000,1269076.12
1785,lpush5,1000000,831281.81
1785,lrange5,1000000,1259667.50
1786,lpush5,1000000,832839.31
1786,lrange5,1000000,1265863.25
1787,lpush5,1000000,834215.19
1787,lrange5,1000000,1277364.00
1788,lpush5,1000000,835528.81
1788,lrange5,1000000,1265863.25
1789,lpush5,1000000,838993.25
1789,lrange5,1000000,1270749.62
1790,lpush5,1000000,830617.94
1790,lrange5,1000000,1191971.38
1791,lpush5,1000000,825293.75
1791,lrange5,1000000,1269238.62
1792,lpush5,1000000,832666.12
1792,lrange5,1000000,1193355.62
1793,lpush5,1000000,827169.56
1793,lrange5,1000000,1275653.12
1794,lpush5,1000000,831361.62
1794,lrange5,1000000,1272305.38
1795,lpush5,1000000,838939.56
1795,lrange5,1000000,1280573.62
1796,lpush5,1000000,834068.38
1796,lrange5,1000000,1253132.88
1797,lpush5,1000000,843908.88
1797,lrange5,1000000,1288721.62
1798,lpush5,1000000,832639.50
1798,lrange5,1000000,1270912.38
1799,lpush5,1000000,827907.31
1799,lrange5,1000000,1273926.12
1800,lpush5,1000000,832812.69
1800,lrange5,1000000,1206369.12
1801,lpush5,1000000,841925.94
1801,lrange5,1000000,1186638.25
1802,lpush5,1000000,821745.25
1802,lrange5,1000000,1290425.88
1803,lpush5,1000000,823216.44
1803,lrange5,1000000,1248519.38
1804,lpush5,1000000,833386.62
1804,lrange5,1000000,1275510.25
1805,lpush5,1000000,835475.31
1805,lrange5,1000000,1277139.25
1806,lpush5,1000000,827894.06
1806,lrange5,1000000,1189479.12
1807,lpush5,1000000,833466.62
1807,lrange5,1000000,1248479.38
1808,lpush5,1000000,834751.31
1808,lrange5,1000000,1196363.62
1809,lpush5,1000000,832652.81
1809,lrange5,1000000,1195010.75
1810,lpush5,1000000,827196.06
1810,lrange5,1000000,1275653.12
1811,lpush5,1000000,823723.25
1811,lrange5,1000000,1221040.25
1812,lpush5,1000000,829888.75
1812,lrange5,1000000,1261256.00
1813,lpush5,1000000,835475.31
1813,lrange5,1000000,1236113.75
1814,lpush5,1000000,836240.81
1814,lrange5,1000000,1251744.62
1815,lpush5,1000000,829253.75
1815,lrange5,1000000,1272264.62
1816,lpush5,1000000,830830.56
1816,lrange5,1000000,1274028.00
1817,lpush5,1000000,835462.00
1817,lrange5,1000000,1277261.88
1818,lpush5,1000000,829240.50
1818,lrange5,1000000,1275551.00
1819,lpush5,1000000,834911.56
1819,lrange5,1000000,1262747.50
1820,lpush5,1000000,829240.50
1820,lrange5,1000000,1272285.00
1821,lpush5,1000000,833493.31
1821,lrange5,1000000,1282112.88
1822,lpush5,1000000,825843.12
1822,lrange5,1000000,1231606.00
1823,lpush5,1000000,820528.31
1823,lrange5,1000000,1274007.62
1824,lpush5,1000000,827156.31
1824,lrange5,1000000,1273885.25
1825,lpush5,1000000,833559.94
1825,lrange5,1000000,1275530.62
1826,lpush5,1000000,821732.12
1826,lrange5,1000000,1248519.38
1827,lpush5,1000000,826499.12
1827,lrange5,1000000,1295399.00
1828,lpush5,1000000,824428.62
1828,lrange5,1000000,1278792.88
1829,lpush5,1000000,829293.56
1829,lrange5,1000000,1279038.38
1830,lpush5,1000000,833373.31
1830,lrange5,1000000,832066.56
1831,lpush5,1000000,591101.62
1831,lrange5,1000000,1275530.62
1832,lpush5,1000000,829915.31
1832,lrange5,1000000,1293826.62
1833,lpush5,1000000,837534.31
1833,lrange5,1000000,1290322.62
1834,lpush5,1000000,830631.25
1834,lrange5,1000000,1278792.88
1835,lpush5,1000000,827249.00
1835,lrange5,1000000,1199040.75
1836,lpush5,1000000,826618.12
1836,lrange5,1000000,1267447.50
1837,lpush5,1000000,840510.88
1837,lrange5,1000000,1290487.75
1838,lpush5,1000000,838424.19
1838,lrange5,1000000,1295378.25
1839,lpush5,1000000,834938.25
1839,lrange5,1000000,1274007.62
1840,lpush5,1000000,827129.88
1840,lrange5,1000000,1295461.12
1841,lpush5,1000000,841858.62
1841,lrange5,1000000,1269076.12
1842,lpush5,1000000,825869.56
1842,lrange5,1000000,1278813.25
1843,lpush5,1000000,827209.25
1843,lrange5,1000000,1199366.88
1844,lpush5,1000000,836833.44
1844,lrange5,1000000,1288659.75
1845,lpush5,1000000,829941.88
1845,lrange5,1000000,1240694.75
1846,lpush5,1000000,834081.75
1846,lrange5,1000000,1265843.00
1847,lpush5,1000000,831960.06
1847,lrange5,1000000,1275591.88
1848,lpush5,1000000,829320.06
1848,lrange5,1000000,1148215.88
1849,lpush5,1000000,832639.50
1849,lrange5,1000000,1254905.88
1850,lpush5,1000000,841177.44
1850,lrange5,1000000,1266025.25
1851,lpush5,1000000,833546.62
1851,lrange5,1000000,1270668.38
1852,lpush5,1000000,844756.75
1852,lrange5,1000000,1288783.50
1853,lpush5,1000000,831255.25
1853,lrange5,1000000,1219590.25
1854,lpush5,1000000,834724.56
1854,lrange5,1000000,1290343.25
1855,lpush5,1000000,828500.38
1855,lrange5,1000000,1285532.12
1856,lpush5,1000000,833346.62
1856,lrange5,1000000,1240774.25
1857,lpush5,1000000,834898.19
1857,lrange5,1000000,1272305.38
1858,lpush5,1000000,827973.56
1858,lrange5,1000000,1293743.88
1859,lpush5,1000000,825790.25
1859,lrange5,1000000,881876.56
1860,lpush5,1000000,826618.12
1860,lrange5,1000000,1270709.00
1861,lpush5,1000000,827920.56
1861,lrange5,1000000,1254825.62
1862,lpush5,1000000,829941.88
1862,lrange5,1000000,1287001.25
1863,lpush5,1000000,834724.56
1863,lrange5,1000000,1236113.75
1864,lpush5,1000000,841164.00
1864,lrange5,1000000,1290446.50
1865,lpush5,1000000,833373.31
1865,lrange5,1000000,1194762.25
1866,lpush5,1000000,835488.69
1866,lrange5,1000000,1283697.12
1867,lpush5,1000000,827854.31
1867,lrange5,1000000,1292175.75
1868,lpush5,1000000,831374.94
1868,lrange5,1000000,1196574.12
1869,lpush5,1000000,823124.25
1869,lrange5,1000000,1187781.50
1870,lpush5,1000000,824468.25
1870,lrange5,1000000,1262646.50
1871,lpush5,1000000,825240.94
1871,lrange5,1000000,1291989.62
1872,lpush5,1000000,827920.56
1872,lrange5,1000000,1248439.50
1873,lpush5,1000000,834188.50
1873,lrange5,1000000,1192238.38
1874,lpush5,1000000,832639.50
1874,lrange5,1000000,1272488.50
1875,lpush5,1000000,824402.25
1875,lrange5,1000000,1280409.75
1876,lpush5,1000000,836307.69
1876,lrange5,1000000,1187781.50
1877,lpush5,1000000,828725.75
1877,lrange5,1000000,1272305.38
1878,lpush5,1000000,832652.81
1878,lrange5,1000000,1290487.75
1879,lpush5,1000000,839100.62
1879,lrange5,1000000,1251604.50
1880,lpush5,1000000,842567.81
1880,lrange5,1000000,1290363.88
1881,lpush5,1000000,825293.75
1881,lrange5,1000000,1218046.38
1882,lpush5,1000000,828566.69
1882,lrange5,1000000,1236252.12
1883,lpush5,1000000,834898.19
1883,lrange5,1000000,720530.25
1884,lpush5,1000000,792431.06
1884,lrange5,1000000,1250000.00
1885,lpush5,1000000,830684.38
1885,lrange5,1000000,1200691.50
1886,lpush5,1000000,828566.69
1886,lrange5,1000000,1183431.88
1887,lpush5,1000000,824402.25
1887,lrange5,1000000,1264445.00
1888,lpush5,1000000,830790.69
1888,lrange5,1000000,1247082.38
1889,lpush5,1000000,824521.00
1889,lrange5,1000000,1272447.88
1890,lpush5,1000000,832692.75
1890,lrange5,1000000,1259466.00
1891,lpush5,1000000,829280.31
1891,lrange5,1000000,1189269.88
1892,lpush5,1000000,823815.50
1892,lrange5,1000000,1196172.25
1893,lpush5,1000000,826525.62
1893,lrange5,1000000,1273905.75
1894,lpush5,1000000,836187.31
1894,lrange5,1000000,1264566.38
1895,lpush5,1000000,825254.12
1895,lrange5,1000000,1227033.12
1896,lpush5,1000000,834737.94
1896,lrange5,1000000,1245369.88
1897,lpush5,1000000,838397.38
1897,lrange5,1000000,1293764.50
1898,lpush5,1000000,834081.75
1898,lrange5,1000000,1192314.62
1899,lpush5,1000000,829227.19
1899,lrange5,1000000,1277159.62
1900,lpush5,1000000,823894.56
1900,lrange5,1000000,1288701.00
1901,lpush5,1000000,837641.56
1901,lrange5,1000000,1208173.88
1902,lpush5,1000000,825095.69
1902,lrange5,1000000,1182146.50
1903,lpush5,1000000,827301.94
1903,lrange5,1000000,1251564.38
1904,lpush5,1000000,836833.44
1904,lrange5,1000000,1261054.25
1905,lpush5,1000000,837574.56
1905,lrange5,1000000,1234646.88
1906,lpush5,1000000,825082.50
1906,lrange5,1000000,1230012.25
1907,lpush5,1000000,835462.00
1907,lrange5,1000000,1230091.00
1908,lpush5,1000000,827960.31
1908,lrange5,1000000,1258042.75
1909,lpush5,1000000,832692.75
1909,lrange5,1000000,1242236.00
1910,lpush5,1000000,830591.38
1910,lrange5,1000000,1280430.25
1911,lpush5,1000000,833346.62
1911,lrange5,1000000,1293702.50
1912,lpush5,1000000,827262.19
1912,lrange5,1000000,1189441.12
1913,lpush5,1000000,823163.75
1913,lrange5,1000000,1231665.00
1914,lpush5,1000000,824428.62
1914,lrange5,1000000,1250020.00
1915,lpush5,1000000,827301.94
1915,lrange5,1000000,1231586.25
1916,lpush5,1000000,823216.44
1916,lrange5,1000000,1234686.38
1917,lpush5,1000000,834081.75
1917,lrange5,1000000,1269076.12
1918,lpush5,1000000,829995.00
1918,lrange5,1000000,1267427.12
1919,lpush5,1000000,825935.62
1919,lrange5,1000000,1199194.25
1920,lpush5,1000000,841750.88
1920,lrange5,1000000,1245350.00
1921,lpush5,1000000,821863.62
1921,lrange5,1000000,1242395.00
1922,lpush5,1000000,834804.69
1922,lrange5,1000000,1253213.12
1923,lpush5,1000000,837654.94
1923,lrange5,1000000,817045.75
1924,lpush5,1000000,753144.62
1924,lrange5,1000000,1196555.00
1925,lpush5,1000000,831454.75
1925,lrange5,1000000,1192257.50
1926,lpush5,1000000,829941.88
1926,lrange5,1000000,1236113.75
1927,lpush5,1000000,845443.81
1927,lrange5,1000000,1243840.75
1928,lpush5,1000000,823775.94
1928,lrange5,1000000,1203773.75
1929,lpush5,1000000,839684.31
1929,lrange5,1000000,1185175.38
1930,lpush5,1000000,831468.06
1930,lrange5,1000000,1195049.00
1931,lpush5,1000000,835542.19
1931,lrange5,1000000,1251684.62
1932,lpush5,1000000,827182.81
1932,lrange5,1000000,1267488.00
1933,lpush5,1000000,831308.44
1933,lrange5,1000000,1124949.38
1934,lpush5,1000000,758798.19
1934,lrange5,1000000,1242295.62
1935,lpush5,1000000,830564.81
1935,lrange5,1000000,1290363.88
1936,lpush5,1000000,825777.06
1936,lrange5,1000000,1215241.75
1937,lpush5,1000000,834228.50
1937,lrange5,1000000,1295481.88
1938,lpush5,1000000,830684.38
1938,lrange5,1000000,1222611.25
1939,lpush5,1000000,839140.94
1939,lrange5,1000000,1254785.50
1940,lpush5,1000000,833453.31
1940,lrange5,1000000,1259506.25
1941,lpush5,1000000,825882.75
1941,lrange5,1000000,1288762.88
1942,lpush5,1000000,830750.81
1942,lrange5,1000000,1275571.50
1943,lpush5,1000000,822381.62
1943,lrange5,1000000,1205127.75
1944,lpush5,1000000,834121.75
1944,lrange5,1000000,1261094.62
1945,lpush5,1000000,824494.62
1945,lrange5,1000000,1196574.12
1946,lpush5,1000000,831973.38
1946,lrange5,1000000,1285429.25
1947,lpush5,1000000,836254.19
1947,lrange5,1000000,1200787.50
1948,lpush5,1000000,832732.75
1948,lrange5,1000000,1283881.88
1949,lpush5,1000000,834255.19
1949,lrange5,1000000,1293764.50
1950,lpush5,1000000,835622.38
1950,lrange5,1000000,1275551.00
1951,lpush5,1000000,837534.31
1951,lrange5,1000000,1195106.38
1952,lpush5,1000000,834737.94
1952,lrange5,1000000,1288721.62
1953,lpush5,1000000,825122.12
1953,lrange5,1000000,1298701.38
1954,lpush5,1000000,837654.94
1954,lrange5,1000000,1199347.75
1955,lpush5,1000000,825869.56
1955,lrange5,1000000,1274068.75
1956,lpush5,1000000,828699.25
1956,lrange5,1000000,1287124.88
1957,lpush5,1000000,834871.50
1957,lrange5,1000000,1272427.50
1958,lpush5,1000000,824481.44
1958,lrange5,1000000,1275591.88
1959,lpush5,1000000,824468.25
1959,lrange5,1000000,1230032.00
1960,lpush5,1000000,828619.69
1960,lrange5,1000000,1297016.88
1961,lpush5,1000000,833359.94
1961,lrange5,1000000,1231606.00
1962,lpush5,1000000,834241.88
1962,lrange5,1000000,1302166.62
1963,lpush5,1000000,826485.94
1963,lrange5,1000000,1295440.38
1964,lpush5,1000000,844662.12
1964,lrange5,1000000,1248459.38
1965,lpush5,1000000,829915.31
1965,lrange5,1000000,1278772.38
1966,lpush5,1000000,835462.00
1966,lrange5,1000000,1278956.50
1967,lpush5,1000000,822552.69
1967,lrange5,1000000,1261054.25
1968,lpush5,1000000,833546.62
1968,lrange5,1000000,1290487.75
1969,lpush5,1000000,830617.94
1969,lrange5,1000000,1267488.00
1970,lpush5,1000000,828513.69
1970,lrange5,1000000,1288824.75
1971,lpush5,1000000,822381.62
1971,lrange5,1000000,1193565.62
1972,lpush5,1000000,836173.94
1972,lrange5,1000000,1295336.75
1973,lpush5,1000000,822394.75
1973,lrange5,1000000,1225549.00
1974,lpush5,1000000,836133.81
1974,lrange5,1000000,1200595.38
1975,lpush5,1000000,832786.00
1975,lrange5,1000000,1199290.12
1976,lpush5,1000000,829875.50
1976,lrange5,1000000,1213786.38
1977,lpush5,1000000,841899.00
1977,lrange5,1000000,1278833.75
1978,lpush5,1000000,829981.69
1978,lrange5,1000000,1061758.00
1979,lpush5,1000000,757026.50
1979,lrange5,1000000,1290363.88
1980,lpush5,1000000,836873.62
1980,lrange5,1000000,1234587.62
1981,lpush5,1000000,828526.94
1981,lrange5,1000000,1287145.38
1982,lpush5,1000000,834068.38
1982,lrange5,1000000,1257901.88
1983,lpush5,1000000,837561.12
1983,lrange5,1000000,1216875.88
1984,lpush5,1000000,823216.44
1984,lrange5,1000000,1240833.75
1985,lpush5,1000000,821070.56
1985,lrange5,1000000,1209344.62
1986,lpush5,1000000,827301.94
1986,lrange5,1000000,1272488.50
1987,lpush5,1000000,823762.75
1987,lrange5,1000000,1295336.75
1988,lpush5,1000000,834965.00
1988,lrange5,1000000,1288701.00
1989,lpush5,1000000,828026.50
1989,lrange5,1000000,1287042.50
1990,lpush5,1000000,832652.81
1990,lrange5,1000000,1287166.00
1991,lpush5,1000000,836913.75
1991,lrange5,1000000,1200672.25
1992,lpush5,1000000,831374.94
1992,lrange5,1000000,1283717.62
1993,lpush5,1000000,837520.94
1993,lrange5,1000000,1293764.50
1994,lpush5,1000000,831281.81
1994,lrange5,1000000,1287001.25
1995,lpush5,1000000,823255.94
1995,lrange5,1000000,1262686.88
1996,lpush5,1000000,829227.19
1996,lrange5,1000000,1285347.00
1997,lpush5,1000000,834871.50
1997,lrange5,1000000,1287001.25
1998,lpush5,1000000,830724.25
1998,lrange5,1000000,1288783.50
1999,lpush5,1000000,835435.25
1999,lrange5,1000000,1275530.62
2000,lpush5,1000000,831255.25
2000,lrange5,1000000,1270871.62
