trial,operation,requests,rps
1,lpush5,1000000,652451.38
1,lrange5,1000000,1248439.50
2,lpush5,1000000,820554.56
2,lrange5,1000000,1265863.25
3,lpush5,1000000,821070.56
3,lrange5,1000000,1293826.62
4,lpush5,1000000,821719.00
4,lrange5,1000000,1261195.50
5,lpush5,1000000,820410.19
5,lrange5,1000000,1168243.00
6,lpush5,1000000,826604.94
6,lrange5,1000000,1259486.12
7,lpush5,1000000,825148.50
7,lrange5,1000000,1282236.00
8,lpush5,1000000,832652.81
8,lrange5,1000000,1264263.00
9,lpush5,1000000,825174.94
9,lrange5,1000000,1199213.50
10,lpush5,1000000,827947.06
10,lrange5,1000000,1261215.62
11,lpush5,1000000,821732.12
11,lrange5,1000000,796863.75
12,lpush5,1000000,763468.75
12,lrange5,1000000,1266005.00
13,lpush5,1000000,830777.44
13,lrange5,1000000,1199136.75
14,lpush5,1000000,830048.12
14,lrange5,1000000,1253253.12
15,lpush5,1000000,834028.38
15,lrange5,1000000,1184928.88
16,lpush5,1000000,836267.56
16,lrange5,1000000,1273926.12
17,lpush5,1000000,828013.31
17,lrange5,1000000,1275653.12
18,lpush5,1000000,830008.25
18,lrange5,1000000,1290322.62
19,lpush5,1000000,829981.69
19,lrange5,1000000,1193718.38
20,lpush5,1000000,823855.06
20,lrange5,1000000,1186239.62
21,lpush5,1000000,825188.12
21,lrange5,1000000,1233144.25
22,lpush5,1000000,823111.06
22,lrange5,1000000,1292031.00
23,lpush5,1000000,831308.44
23,lrange5,1000000,1269279.25
24,lpush5,1000000,825254.12
24,lrange5,1000000,1270648.00
25,lpush5,1000000,827814.62
25,lrange5,1000000,1282236.00
26,lpush5,1000000,832652.81
26,lrange5,1000000,1297099.88
27,lpush5,1000000,833386.62
27,lrange5,1000000,823150.62
28,lpush5,1000000,520966.69
28,lrange5,1000000,821719.00
29,lpush5,1000000,608652.44
29,lrange5,1000000,1262666.62
30,lpush5,1000000,825909.19
30,lrange5,1000000,1250040.00
31,lpush5,1000000,821070.56
31,lrange5,1000000,1194743.12
32,lpush5,1000000,834831.44
32,lrange5,1000000,1199060.00
33,lpush5,1000000,829200.69
33,lrange5,1000000,1242335.38
34,lpush5,1000000,844030.44
34,lrange5,1000000,1256442.25
35,lpush5,1000000,823762.75
35,lrange5,1000000,1196325.38
36,lpush5,1000000,825188.12
36,lrange5,1000000,1197988.00
37,lpush5,1000000,827129.88
37,lrange5,1000000,1280512.12
38,lpush5,1000000,832706.12
38,lrange5,1000000,1275510.25
39,lpush5,1000000,822368.44
39,lrange5,1000000,1177912.88
40,lpush5,1000000,828513.69
40,lrange5,1000000,1183450.88
41,lpush5,1000000,834871.50
41,lrange5,1000000,1277159.62
42,lpush5,1000000,829373.12
42,lrange5,1000000,1272264.62
43,lpush5,1000000,822407.94
43,lrange5,1000000,1182222.25
44,lpush5,1000000,830684.38
44,lrange5,1000000,1277200.50
45,lpush5,1000000,824455.00
45,lrange5,1000000,1287063.00
46,lpush5,1000000,825122.12
46,lrange5,1000000,1179660.38
47,lpush5,1000000,840389.88
47,lrange5,1000000,1171147.62
48,lpush5,1000000,828513.69
48,lrange5,1000000,1199213.50
49,lpush5,1000000,828632.94
49,lrange5,1000000,1196574.12
50,lpush5,1000000,838383.94
50,lrange5,1000000,1277302.75
51,lpush5,1000000,825763.88
51,lrange5,1000000,1270648.00
52,lpush5,1000000,833399.94
52,lrange5,1000000,1212121.25
53,lpush5,1000000,829968.44
53,lrange5,1000000,1199347.75
54,lpush5,1000000,833399.94
54,lrange5,1000000,1081133.00
55,lpush5,1000000,827986.81
55,lrange5,1000000,1278813.25
56,lpush5,1000000,834778.00
56,lrange5,1000000,1254805.50
57,lpush5,1000000,826459.50
57,lrange5,1000000,1122442.25
58,lpush5,1000000,824560.56
58,lrange5,1000000,1222669.88
59,lpush5,1000000,837520.94
59,lrange5,1000000,1066285.75
60,lpush5,1000000,598965.31
60,lrange5,1000000,1287063.00
61,lpush5,1000000,817019.62
61,lrange5,1000000,1175445.38
62,lpush5,1000000,824415.44
62,lrange5,1000000,1242414.88
63,lpush5,1000000,832026.62
63,lrange5,1000000,1257942.12
64,lpush5,1000000,832000.00
64,lrange5,1000000,1240873.50
65,lpush5,1000000,831348.31
65,lrange5,1000000,1251604.50
66,lpush5,1000000,828553.44
66,lrange5,1000000,1293702.50
67,lpush5,1000000,835542.19
67,lrange5,1000000,1293847.38
68,lpush5,1000000,827920.56
68,lrange5,1000000,1205147.00
69,lpush5,1000000,822473.69
69,lrange5,1000000,1293868.00
70,lpush5,1000000,825240.94
70,lrange5,1000000,1264364.12
71,lpush5,1000000,833426.62
71,lrange5,1000000,1293681.75
72,lpush5,1000000,836227.44
72,lrange5,1000000,1190590.50
73,lpush5,1000000,838939.56
73,lrange5,1000000,1288804.12
74,lpush5,1000000,830617.94
74,lrange5,1000000,1192104.88
75,lpush5,1000000,822473.69
75,lrange5,1000000,1259566.75
76,lpush5,1000000,833413.31
76,lrange5,1000000,1222552.50
77,lpush5,1000000,837681.75
77,lrange5,1000000,1196363.62
78,lpush5,1000000,832652.81
78,lrange5,1000000,1277302.75
79,lpush5,1000000,834737.94
79,lrange5,1000000,1207748.75
80,lpush5,1000000,822394.75
80,lrange5,1000000,1194819.62
81,lpush5,1000000,828686.00
81,lrange5,1000000,1192257.50
82,lpush5,1000000,835475.31
82,lrange5,1000000,1297058.38
83,lpush5,1000000,840470.56
83,lrange5,1000000,1290508.38
84,lpush5,1000000,837007.50
84,lrange5,1000000,1192295.62
85,lpush5,1000000,834938.25
85,lrange5,1000000,1269238.62
86,lpush5,1000000,835421.88
86,lrange5,1000000,1182392.38
87,lpush5,1000000,832639.50
87,lrange5,1000000,1233144.25
88,lpush5,1000000,826552.06
88,lrange5,1000000,1200653.00
89,lpush5,1000000,833373.31
89,lrange5,1000000,1278874.62
90,lpush5,1000000,832639.50
90,lrange5,1000000,1288762.88
91,lpush5,1000000,834041.69
91,lrange5,1000000,1250220.00
92,lpush5,1000000,824415.44
92,lrange5,1000000,1199040.75
93,lpush5,1000000,839644.00
93,lrange5,1000000,1230012.25
94,lpush5,1000000,831960.06
94,lrange5,1000000,1030014.38
95,lpush5,1000000,827156.31
95,lrange5,1000000,1257861.62
96,lpush5,1000000,833333.31
96,lrange5,1000000,1212121.25
97,lpush5,1000000,830631.25
97,lrange5,1000000,1254705.12
98,lpush5,1000000,839020.12
98,lrange5,1000000,1285491.00
99,lpush5,1000000,827143.12
99,lrange5,1000000,1272325.62
100,lpush5,1000000,830644.50
100,lrange5,1000000,1285491.00
101,lpush5,1000000,826591.69
101,lrange5,1000000,1194915.12
102,lpush5,1000000,825856.31
102,lrange5,1000000,1282153.88
103,lpush5,1000000,826618.12
103,lrange5,1000000,1282215.38
104,lpush5,1000000,821096.81
104,lrange5,1000000,863585.50
105,lpush5,1000000,682259.25
105,lrange5,1000000,1267812.50
106,lpush5,1000000,839684.31
106,lrange5,1000000,1199098.38
107,lpush5,1000000,832106.50
107,lrange5,1000000,1278772.38
108,lpush5,1000000,825816.69
108,lrange5,1000000,1257861.62
109,lpush5,1000000,832852.62
109,lrange5,1000000,1270648.00
110,lpush5,1000000,840389.88
110,lrange5,1000000,1262727.25
111,lpush5,1000000,820397.06
111,lrange5,1000000,1189117.75
112,lpush5,1000000,824600.12
112,lrange5,1000000,1292010.38
113,lpush5,1000000,828725.75
113,lrange5,1000000,1290467.12
114,lpush5,1000000,837641.56
114,lrange5,1000000,1297058.38
115,lpush5,1000000,825922.38
115,lrange5,1000000,1295399.00
116,lpush5,1000000,831428.12
116,lrange5,1000000,1264384.25
117,lpush5,1000000,833386.62
117,lrange5,1000000,1228717.38
118,lpush5,1000000,827275.44
118,lrange5,1000000,1293661.00
119,lpush5,1000000,830617.94
119,lrange5,1000000,1287186.62
120,lpush5,1000000,830684.38
120,lrange5,1000000,1272386.75
121,lpush5,1000000,827894.06
121,lrange5,1000000,1246922.75
122,lpush5,1000000,830021.56
122,lrange5,1000000,963576.12
123,lpush5,1000000,761168.94
123,lrange5,1000000,1298888.38
124,lpush5,1000000,820357.69
124,lrange5,1000000,1285347.00
125,lpush5,1000000,829399.69
125,lrange5,1000000,1187648.50
126,lpush5,1000000,839060.38
126,lrange5,1000000,1240714.62
127,lpush5,1000000,819777.00
127,lrange5,1000000,1293806.00
128,lpush5,1000000,827235.75
128,lrange5,1000000,1272325.62
129,lpush5,1000000,828026.50
129,lrange5,1000000,1182222.25
130,lpush5,1000000,827235.75
130,lrange5,1000000,1288742.25
131,lpush5,1000000,832119.81
131,lrange5,1000000,1190533.38
132,lpush5,1000000,829995.00
132,lrange5,1000000,1204896.38
133,lpush5,1000000,834724.56
133,lrange5,1000000,1264283.12
134,lpush5,1000000,827986.81
134,lrange5,1000000,1186543.25
135,lpush5,1000000,838477.81
135,lrange5,1000000,1199040.75
136,lpush5,1000000,825214.50
136,lrange5,1000000,1193565.62
137,lpush5,1000000,822486.88
137,lrange5,1000000,1160259.88
138,lpush5,1000000,831255.25
138,lrange5,1000000,1290529.12
139,lpush5,1000000,834924.94
139,lrange5,1000000,1200653.00
140,lpush5,1000000,827143.12
140,lrange5,1000000,1270688.75
141,lpush5,1000000,828739.00
141,lrange5,1000000,1265984.75
142,lpush5,1000000,828513.69
142,lrange5,1000000,1259466.00
143,lpush5,1000000,829928.62
143,lrange5,1000000,1218143.75
144,lpush5,1000000,840443.69
144,lrange5,1000000,872753.88
145,lpush5,1000000,761035.00
145,lrange5,1000000,1218046.38
146,lpush5,1000000,826446.25
146,lrange5,1000000,1295523.25
147,lpush5,1000000,844621.62
147,lrange5,1000000,1293826.62
148,lpush5,1000000,829888.75
148,lrange5,1000000,1253173.00
149,lpush5,1000000,840564.69
149,lrange5,1000000,1206677.88
150,lpush5,1000000,827841.12
150,lrange5,1000000,1179245.25
151,lpush5,1000000,835502.06
151,lrange5,1000000,1192104.88
152,lpush5,1000000,830644.50
152,lrange5,1000000,1277302.75
153,lpush5,1000000,830578.06
153,lrange5,1000000,1209344.62
154,lpush5,1000000,840389.88
154,lrange5,1000000,1199328.50
155,lpush5,1000000,825293.75
155,lrange5,1000000,1122370.38
156,lpush5,1000000,832786.00
156,lrange5,1000000,1298805.25
157,lpush5,1000000,844729.75
157,lrange5,1000000,1277159.62
158,lpush5,1000000,827222.50
158,lrange5,1000000,1272264.62
159,lpush5,1000000,829399.69
159,lrange5,1000000,1298826.00
160,lpush5,1000000,824402.25
160,lrange5,1000000,1275530.62
161,lpush5,1000000,835502.06
161,lrange5,1000000,1292010.38
162,lpush5,1000000,829187.44
162,lrange5,1000000,1254825.62
163,lpush5,1000000,826538.81
163,lrange5,1000000,1178214.38
164,lpush5,1000000,825829.94
164,lrange5,1000000,1293826.62
165,lpush5,1000000,834081.75
165,lrange5,1000000,1261175.25
166,lpush5,1000000,829928.62
166,lrange5,1000000,1196325.38
167,lpush5,1000000,834884.81
167,lrange5,1000000,1199424.50
168,lpush5,1000000,831308.44
168,lrange5,1000000,1200633.88
169,lpush5,1000000,825975.25
169,lrange5,1000000,1265984.75
170,lpush5,1000000,836133.81
170,lrange5,1000000,1300390.12
171,lpush5,1000000,830114.50
171,lrange5,1000000,1254725.25
172,lpush5,1000000,832639.50
172,lrange5,1000000,1297058.38
173,lpush5,1000000,834871.50
173,lrange5,1000000,1290343.25
174,lpush5,1000000,832692.75
174,lrange5,1000000,1182316.75
175,lpush5,1000000,829875.50
175,lrange5,1000000,1288866.00
176,lpush5,1000000,827209.25
176,lrange5,1000000,1233065.38
177,lpush5,1000000,834028.38
177,lrange5,1000000,1288866.00
178,lpush5,1000000,827854.31
178,lrange5,1000000,1265883.50
179,lpush5,1000000,822381.62
179,lrange5,1000000,1282133.38
180,lpush5,1000000,823815.50
180,lrange5,1000000,1297058.38
181,lpush5,1000000,823203.25
181,lrange5,1000000,1290384.50
182,lpush5,1000000,839140.94
182,lrange5,1000000,1153531.75
183,lpush5,1000000,716332.38
183,lrange5,1000000,1298888.38
184,lpush5,1000000,839697.75
184,lrange5,1000000,1287248.38
185,lpush5,1000000,831308.44
185,lrange5,1000000,1245389.88
186,lpush5,1000000,825082.50
186,lrange5,1000000,1233085.12
187,lpush5,1000000,828500.38
187,lrange5,1000000,1258022.62
188,lpush5,1000000,843224.31
188,lrange5,1000000,1196248.75
189,lpush5,1000000,820344.56
189,lrange5,1000000,1179471.75
190,lpush5,1000000,829346.62
190,lrange5,1000000,1237643.50
191,lpush5,1000000,829267.00
191,lrange5,1000000,1199271.00
192,lpush5,1000000,821758.44
192,lrange5,1000000,1187648.50
193,lpush5,1000000,827156.31
193,lrange5,1000000,1300515.00
194,lpush5,1000000,831268.50
194,lrange5,1000000,1239335.88
195,lpush5,1000000,827249.00
195,lrange5,1000000,1245389.88
196,lpush5,1000000,837520.94
196,lrange5,1000000,1227013.50
197,lpush5,1000000,821070.56
197,lrange5,1000000,1193451.12
198,lpush5,1000000,834041.69
198,lrange5,1000000,1253253.12
199,lpush5,1000000,821188.81
199,lrange5,1000000,1192314.62
200,lpush5,1000000,838276.62
200,lrange5,1000000,1278956.50
201,lpush5,1000000,827143.12
201,lrange5,1000000,1297037.62
202,lpush5,1000000,841042.88
202,lrange5,1000000,1282133.38
203,lpush5,1000000,834924.94
203,lrange5,1000000,1178139.00
204,lpush5,1000000,834041.69
204,lrange5,1000000,1277404.88
205,lpush5,1000000,827933.81
205,lrange5,1000000,1243920.38
206,lpush5,1000000,825869.56
206,lrange5,1000000,1201942.25
207,lpush5,1000000,821044.31
207,lrange5,1000000,1206697.25
208,lpush5,1000000,835421.88
208,lrange5,1000000,1187838.50
209,lpush5,1000000,821110.00
209,lrange5,1000000,1192124.00
210,lpush5,1000000,833346.62
210,lrange5,1000000,1223990.25
211,lpush5,1000000,836240.81
211,lrange5,1000000,1193317.38
212,lpush5,1000000,833519.94
212,lrange5,1000000,1204857.88
213,lpush5,1000000,825975.25
213,lrange5,1000000,1251744.62
214,lpush5,1000000,828699.25
214,lrange5,1000000,1233045.62
215,lpush5,1000000,824534.19
215,lrange5,1000000,1233164.00
216,lpush5,1000000,825188.12
216,lrange5,1000000,1231743.88
217,lpush5,1000000,843251.25
217,lrange5,1000000,1280471.12
218,lpush5,1000000,832692.75
218,lrange5,1000000,1194896.00
219,lpush5,1000000,831268.50
219,lrange5,1000000,1285449.88
220,lpush5,1000000,830631.25
220,lrange5,1000000,1275551.00
221,lpush5,1000000,825135.31
221,lrange5,1000000,1280491.62
222,lpush5,1000000,825161.69
222,lrange5,1000000,1183829.50
223,lpush5,1000000,829888.75
223,lrange5,1000000,1197834.75
224,lpush5,1000000,832799.38
224,lrange5,1000000,1283717.62
225,lpush5,1000000,839087.25
225,lrange5,1000000,1193584.75
226,lpush5,1000000,831268.50
226,lrange5,1000000,1193393.75
227,lpush5,1000000,824455.00
227,lrange5,1000000,1272366.38
228,lpush5,1000000,831960.06
228,lrange5,1000000,1272264.62
229,lpush5,1000000,834255.19
229,lrange5,1000000,1189136.75
230,lpush5,1000000,824415.44
230,lrange5,1000000,1224088.12
231,lpush5,1000000,842473.44
231,lrange5,1000000,1196555.00
232,lpush5,1000000,827222.50
232,lrange5,1000000,1189117.75
233,lpush5,1000000,833346.62
233,lrange5,1000000,1190514.38
234,lpush5,1000000,833466.62
234,lrange5,1000000,1287001.25
235,lpush5,1000000,828026.50
235,lrange5,1000000,1186429.38
236,lpush5,1000000,826459.50
236,lrange5,1000000,1278895.12
237,lpush5,1000000,827143.12
237,lrange5,1000000,1190914.38
238,lpush5,1000000,821149.38
238,lrange5,1000000,1275775.50
239,lpush5,1000000,832746.06
239,lrange5,1000000,1245330.00
240,lpush5,1000000,832000.00
240,lrange5,1000000,1285408.75
241,lpush5,1000000,831428.12
241,lrange5,1000000,1251604.50
242,lpush5,1000000,825777.06
242,lrange5,1000000,1278997.38
243,lpush5,1000000,837641.56
243,lrange5,1000000,1176489.38
244,lpush5,1000000,826657.81
244,lrange5,1000000,1262909.12
245,lpush5,1000000,836994.12
245,lrange5,1000000,1290487.75
246,lpush5,1000000,820357.69
246,lrange5,1000000,1189403.12
247,lpush5,1000000,822407.94
247,lrange5,1000000,1192047.75
248,lpush5,1000000,827867.56
248,lrange5,1000000,1262626.25
249,lpush5,1000000,837601.31
249,lrange5,1000000,1186600.25
250,lpush5,1000000,830617.94
250,lrange5,1000000,1278977.00
251,lpush5,1000000,832719.44
251,lrange5,1000000,1212160.00
252,lpush5,1000000,832093.19
252,lrange5,1000000,1274048.38
253,lpush5,1000000,842567.81
253,lrange5,1000000,1257942.12
254,lpush5,1000000,825201.31
254,lrange5,1000000,1190666.75
255,lpush5,1000000,827973.56
255,lrange5,1000000,1199213.50
256,lpush5,1000000,829875.50
256,lrange5,1000000,1277139.25
257,lpush5,1000000,825174.94
257,lrange5,1000000,1292217.12
258,lpush5,1000000,834804.69
258,lrange5,1000000,1292010.38
259,lpush5,1000000,834095.06
259,lrange5,1000000,1292093.00
260,lpush5,1000000,821228.19
260,lrange5,1000000,1227308.00
261,lpush5,1000000,819000.88
261,lrange5,1000000,1197739.00
262,lpush5,1000000,821110.00
262,lrange5,1000000,1193355.62
263,lpush5,1000000,827867.56
263,lrange5,1000000,1242355.25
264,lpush5,1000000,823789.12
264,lrange5,1000000,1210789.38
265,lpush5,1000000,837735.31
265,lrange5,1000000,1200537.75
266,lpush5,1000000,832692.75
266,lrange5,1000000,1247042.38
267,lpush5,1000000,832000.00
267,lrange5,1000000,1180732.00
268,lpush5,1000000,825227.69
268,lrange5,1000000,1293826.62
269,lpush5,1000000,826472.69
269,lrange5,1000000,1251644.50
270,lpush5,1000000,839073.81
270,lrange5,1000000,1300431.75
271,lpush5,1000000,830657.81
271,lrange5,1000000,1287166.00
272,lpush5,1000000,827894.06
272,lrange5,1000000,1264364.12
273,lpush5,1000000,823111.06
273,lrange5,1000000,1221020.75
274,lpush5,1000000,830034.81
274,lrange5,1000000,1290322.62
275,lpush5,1000000,829386.44
275,lrange5,1000000,1293723.12
276,lpush5,1000000,830671.12
276,lrange5,1000000,1267589.38
277,lpush5,1000000,827249.00
277,lrange5,1000000,1197700.62
278,lpush5,1000000,831986.69
278,lrange5,1000000,1290405.25
279,lpush5,1000000,835515.44
279,lrange5,1000000,1270709.00
280,lpush5,1000000,825267.31
280,lrange5,1000000,1199060.00
281,lpush5,1000000,828646.19
281,lrange5,1000000,1176583.50
282,lpush5,1000000,829875.50
282,lrange5,1000000,1256301.50
283,lpush5,1000000,828500.38
283,lrange5,1000000,1186619.25
284,lpush5,1000000,825763.88
284,lrange5,1000000,1256402.00
285,lpush5,1000000,827262.19
285,lrange5,1000000,1187648.50
286,lpush5,1000000,827894.06
286,lrange5,1000000,1193508.38
287,lpush5,1000000,831986.69
287,lrange5,1000000,1193317.38
288,lpush5,1000000,831361.62
288,lrange5,1000000,1171128.88
289,lpush5,1000000,833466.62
289,lrange5,1000000,1196210.50
290,lpush5,1000000,828500.38
290,lrange5,1000000,1280614.62
291,lpush5,1000000,831268.50
291,lrange5,1000000,1278956.50
292,lpush5,1000000,831973.38
292,lrange5,1000000,1186429.38
293,lpush5,1000000,825201.31
293,lrange5,1000000,1239355.62
294,lpush5,1000000,834791.38
294,lrange5,1000000,1264222.50
295,lpush5,1000000,828593.19
295,lrange5,1000000,1197739.00
296,lpush5,1000000,823269.12
296,lrange5,1000000,1201942.25
297,lpush5,1000000,820462.69
297,lrange5,1000000,1203812.38
298,lpush5,1000000,827169.56
298,lrange5,1000000,1196535.88
299,lpush5,1000000,830804.00
299,lrange5,1000000,1277241.38
300,lpush5,1000000,829981.69
300,lrange5,1000000,1292072.38
301,lpush5,1000000,819013.94
301,lrange5,1000000,1199194.25
302,lpush5,1000000,828632.94
302,lrange5,1000000,1237742.50
303,lpush5,1000000,831335.00
303,lrange5,1000000,1196593.25
304,lpush5,1000000,828026.50
304,lrange5,1000000,1282051.38
305,lpush5,1000000,824468.25
305,lrange5,1000000,1272346.00
306,lpush5,1000000,841042.88
306,lrange5,1000000,1199175.12
307,lpush5,1000000,828619.69
307,lrange5,1000000,1259445.75
308,lpush5,1000000,823176.94
308,lrange5,1000000,1222572.12
309,lpush5,1000000,826604.94
309,lrange5,1000000,1175426.50
310,lpush5,1000000,841069.81
310,lrange5,1000000,1200557.00
311,lpush5,1000000,834778.00
311,lrange5,1000000,1200480.12
312,lpush5,1000000,830697.69
312,lrange5,1000000,1254745.25
313,lpush5,1000000,831308.44
313,lrange5,1000000,1192104.88
314,lpush5,1000000,839670.88
314,lrange5,1000000,1167029.12
315,lpush5,1000000,830021.56
315,lrange5,1000000,1200768.25
316,lpush5,1000000,836833.44
316,lrange5,1000000,1267467.75
317,lpush5,1000000,834831.44
317,lrange5,1000000,1189422.12
318,lpush5,1000000,833573.31
318,lrange5,1000000,1248619.25
319,lpush5,1000000,837601.31
319,lrange5,1000000,1199098.38
320,lpush5,1000000,837695.12
320,lrange5,1000000,1196248.75
321,lpush5,1000000,830671.12
321,lrange5,1000000,1176640.00
322,lpush5,1000000,828566.69
322,lrange5,1000000,1194991.62
323,lpush5,1000000,734753.88
323,lrange5,1000000,929487.00
324,lpush5,1000000,827841.12
324,lrange5,1000000,844621.62
325,lpush5,1000000,515579.38
325,lrange5,1000000,990368.31
326,lpush5,1000000,830008.25
326,lrange5,1000000,1243960.12
327,lpush5,1000000,827814.62
327,lrange5,1000000,1287001.25
328,lpush5,1000000,836120.44
328,lrange5,1000000,1290322.62
329,lpush5,1000000,834041.69
329,lrange5,1000000,1237663.38
330,lpush5,1000000,836187.31
330,lrange5,1000000,1280450.62
331,lpush5,1000000,831268.50
331,lrange5,1000000,1285388.12
332,lpush5,1000000,830061.38
332,lrange5,1000000,1290467.12
333,lpush5,1000000,827182.81
333,lrange5,1000000,1183621.25
334,lpush5,1000000,825135.31
334,lrange5,1000000,1287330.75
335,lpush5,1000000,825948.81
335,lrange5,1000000,1278792.88
336,lpush5,1000000,825267.31
336,lrange5,1000000,1282194.88
337,lpush5,1000000,837561.12
337,lrange5,1000000,1282133.38
338,lpush5,1000000,819855.69
338,lrange5,1000000,1267508.25
339,lpush5,1000000,821083.69
339,lrange5,1000000,1264343.88
340,lpush5,1000000,774105.25
340,lrange5,1000000,905093.19
341,lpush5,1000000,825763.88
341,lrange5,1000000,1292155.00
342,lpush5,1000000,843935.88
342,lrange5,1000000,1254805.50
343,lpush5,1000000,832692.75
343,lrange5,1000000,1187876.50
344,lpush5,1000000,831374.94
344,lrange5,1000000,1196363.62
345,lpush5,1000000,834041.69
345,lrange5,1000000,1199175.12
346,lpush5,1000000,839778.38
346,lrange5,1000000,1234627.12
347,lpush5,1000000,827933.81
347,lrange5,1000000,1278936.00
348,lpush5,1000000,828540.19
348,lrange5,1000000,1193374.75
349,lpush5,1000000,822473.69
349,lrange5,1000000,1251564.38
350,lpush5,1000000,836160.56
350,lrange5,1000000,1190762.00
351,lpush5,1000000,822473.69
351,lrange5,1000000,1200864.38
352,lpush5,1000000,837561.12
352,lrange5,1000000,1196325.38
353,lpush5,1000000,819881.94
353,lrange5,1000000,1295357.50
354,lpush5,1000000,825869.56
354,lrange5,1000000,1287083.62
355,lpush5,1000000,832000.00
355,lrange5,1000000,1295378.25
356,lpush5,1000000,841110.19
356,lrange5,1000000,1285511.62
357,lpush5,1000000,830710.94
357,lrange5,1000000,1196172.25
358,lpush5,1000000,824521.00
358,lrange5,1000000,1183469.75
359,lpush5,1000000,829346.62
359,lrange5,1000000,1259607.00
360,lpush5,1000000,843935.88
360,lrange5,1000000,1283717.62
361,lpush5,1000000,828593.19
361,lrange5,1000000,1278936.00
362,lpush5,1000000,831255.25
362,lrange5,1000000,1298742.88
363,lpush5,1000000,840336.12
363,lrange5,1000000,1298763.62
364,lpush5,1000000,828500.38
364,lrange5,1000000,1292196.38
365,lpush5,1000000,821070.56
365,lrange5,1000000,1275734.75
366,lpush5,1000000,825948.81
366,lrange5,1000000,1204896.38
367,lpush5,1000000,831348.31
367,lrange5,1000000,1204992.75
368,lpush5,1000000,829981.69
368,lrange5,1000000,1254825.62
369,lpush5,1000000,823736.44
369,lrange5,1000000,1275551.00
370,lpush5,1000000,841177.44
370,lrange5,1000000,1295523.25
371,lpush5,1000000,829240.50
371,lrange5,1000000,1275530.62
372,lpush5,1000000,821876.75
372,lrange5,1000000,1278956.50
373,lpush5,1000000,824455.00
373,lrange5,1000000,1183791.62
374,lpush5,1000000,836846.81
374,lrange5,1000000,1218163.25
375,lpush5,1000000,836820.06
375,lrange5,1000000,1175332.50
376,lpush5,1000000,830790.69
376,lrange5,1000000,1245350.00
377,lpush5,1000000,829928.62
377,lrange5,1000000,1199347.75
378,lpush5,1000000,827288.69
378,lrange5,1000000,1154771.38
379,lpush5,1000000,832119.81
379,lrange5,1000000,1190666.75
380,lpush5,1000000,825843.12
380,lrange5,1000000,1186524.38
381,lpush5,1000000,832865.94
381,lrange5,1000000,1275591.88
382,lpush5,1000000,819711.44
382,lrange5,1000000,1192104.88
383,lpush5,1000000,823163.75
383,lrange5,1000000,1192066.75
384,lpush5,1000000,826485.94
384,lrange5,1000000,1224068.62
385,lpush5,1000000,830564.81
385,lrange5,1000000,1292031.00
386,lpush5,1000000,825816.69
386,lrange5,1000000,1273987.25
387,lpush5,1000000,826459.50
387,lrange5,1000000,1210750.62
388,lpush5,1000000,838939.56
388,lrange5,1000000,1288824.75
389,lpush5,1000000,826446.25
389,lrange5,1000000,827854.31
390,lpush5,1000000,763554.25
390,lrange5,1000000,1245429.62
391,lpush5,1000000,834818.06
391,lrange5,1000000,1115005.50
392,lpush5,1000000,836833.44
392,lrange5,1000000,1295440.38
393,lpush5,1000000,841750.88
393,lrange5,1000000,1248459.38
394,lpush5,1000000,838939.56
394,lrange5,1000000,1228520.88
395,lpush5,1000000,832852.62
395,lrange5,1000000,1288680.38
396,lpush5,1000000,827947.06
396,lrange5,1000000,1099076.88
397,lpush5,1000000,831295.12
397,lrange5,1000000,1196421.00
398,lpush5,1000000,829280.31
398,lrange5,1000000,1290508.38
399,lpush5,1000000,832652.81
399,lrange5,1000000,1259466.00
400,lpush5,1000000,837520.94
400,lrange5,1000000,1269076.12
401,lpush5,1000000,830684.38
401,lrange5,1000000,1193622.88
402,lpush5,1000000,830074.69
402,lrange5,1000000,1285429.25
403,lpush5,1000000,829928.62
403,lrange5,1000000,1282236.00
404,lpush5,1000000,830061.38
404,lrange5,1000000,1189517.25
405,lpush5,1000000,823934.12
405,lrange5,1000000,1176640.00
406,lpush5,1000000,825135.31
406,lrange5,1000000,1184853.12
407,lpush5,1000000,834924.94
407,lrange5,1000000,1196267.88
408,lpush5,1000000,830724.25
408,lrange5,1000000,1192047.75
409,lpush5,1000000,831441.44
409,lrange5,1000000,1280553.12
410,lpush5,1000000,826499.12
410,lrange5,1000000,1228697.75
411,lpush5,1000000,825829.94
411,lrange5,1000000,1194781.38
412,lpush5,1000000,832679.44
412,lrange5,1000000,1265964.50
413,lpush5,1000000,827249.00
413,lrange5,1000000,1291989.62
414,lpush5,1000000,834778.00
414,lrange5,1000000,1298722.12
415,lpush5,1000000,820488.94
415,lrange5,1000000,1153550.25
416,lpush5,1000000,718574.75
416,lrange5,1000000,1240774.25
417,lpush5,1000000,841925.94
417,lrange5,1000000,1278792.88
418,lpush5,1000000,829968.44
418,lrange5,1000000,1293702.50
419,lpush5,1000000,817700.69
419,lrange5,1000000,1290322.62
420,lpush5,1000000,830061.38
420,lrange5,1000000,1277139.25
421,lpush5,1000000,825829.94
421,lrange5,1000000,1278792.88
422,lpush5,1000000,829399.69
422,lrange5,1000000,1295481.88
423,lpush5,1000000,825082.50
423,lrange5,1000000,1251764.62
424,lpush5,1000000,824402.25
424,lrange5,1000000,1243820.88
425,lpush5,1000000,833386.62
425,lrange5,1000000,1292010.38
426,lpush5,1000000,836873.62
426,lrange5,1000000,1195049.00
427,lpush5,1000000,832639.50
427,lrange5,1000000,1176696.50
428,lpush5,1000000,828039.75
428,lrange5,1000000,1124931.38
429,lpush5,1000000,668088.19
429,lrange5,1000000,1259566.75
430,lpush5,1000000,829187.44
430,lrange5,1000000,1262787.88
431,lpush5,1000000,833386.62
431,lrange5,1000000,1293826.62
432,lpush5,1000000,833346.62
432,lrange5,1000000,1196363.62
433,lpush5,1000000,820436.44
433,lrange5,1000000,1275530.62
434,lpush5,1000000,819000.88
434,lrange5,1000000,1292279.12
435,lpush5,1000000,821162.50
435,lrange5,1000000,1293681.75
436,lpush5,1000000,819855.69
436,lrange5,1000000,1275734.75
437,lpush5,1000000,823775.94
437,lrange5,1000000,1242434.75
438,lpush5,1000000,830710.94
438,lrange5,1000000,1240694.75
439,lpush5,1000000,822539.50
439,lrange5,1000000,1288721.62
440,lpush5,1000000,830021.56
440,lrange5,1000000,1290487.75
441,lpush5,1000000,821745.25
441,lrange5,1000000,1277159.62
442,lpush5,1000000,821850.44
442,lrange5,1000000,1287083.62
443,lpush5,1000000,823111.06
443,lrange5,1000000,1192219.38
444,lpush5,1000000,825135.31
444,lrange5,1000000,1194857.75
445,lpush5,1000000,825869.56
445,lrange5,1000000,1192276.50
446,lpush5,1000000,825161.69
446,lrange5,1000000,1245369.88
447,lpush5,1000000,831255.25
447,lrange5,1000000,1199175.12
448,lpush5,1000000,830604.62
448,lrange5,1000000,1202115.38
449,lpush5,1000000,829373.12
449,lrange5,1000000,1251624.50
450,lpush5,1000000,834924.94
450,lrange5,1000000,1250000.00
451,lpush5,1000000,832706.12
451,lrange5,1000000,1199251.75
452,lpush5,1000000,833439.94
452,lrange5,1000000,1267447.50
453,lpush5,1000000,823723.25
453,lrange5,1000000,1225627.50
454,lpush5,1000000,828513.69
454,lrange5,1000000,1189460.12
455,lpush5,1000000,826472.69
455,lrange5,1000000,1295378.25
456,lpush5,1000000,840510.88
456,lrange5,1000000,1280430.25
457,lpush5,1000000,829902.06
457,lrange5,1000000,1288886.50
458,lpush5,1000000,827129.88
458,lrange5,1000000,1233242.88
459,lpush5,1000000,830724.25
459,lrange5,1000000,1179264.12
460,lpush5,1000000,831428.12
460,lrange5,1000000,1287063.00
461,lpush5,1000000,829955.19
461,lrange5,1000000,1224068.62
462,lpush5,1000000,836280.94
462,lrange5,1000000,1285367.62
463,lpush5,1000000,825095.69
463,lrange5,1000000,1250120.00
464,lpush5,1000000,831960.06
464,lrange5,1000000,1285511.62
465,lpush5,1000000,824402.25
465,lrange5,1000000,1190876.25
466,lpush5,1000000,833533.31
466,lrange5,1000000,1262646.50
467,lpush5,1000000,828619.69
467,lrange5,1000000,1245469.50
468,lpush5,1000000,824402.25
468,lrange5,1000000,1190857.12
469,lpush5,1000000,833439.94
469,lrange5,1000000,1264263.00
470,lpush5,1000000,830034.81
470,lrange5,1000000,1287166.00
471,lpush5,1000000,831401.50
471,lrange5,1000000,1274109.50
472,lpush5,1000000,829187.44
472,lrange5,1000000,1279017.88
473,lpush5,1000000,823058.44
473,lrange5,1000000,1272366.38
474,lpush5,1000000,825174.94
474,lrange5,1000000,1189308.00
475,lpush5,1000000,833573.31
475,lrange5,1000000,1261034.12
476,lpush5,1000000,827827.88
476,lrange5,1000000,1285532.12
477,lpush5,1000000,832732.75
477,lrange5,1000000,1287145.38
478,lpush5,1000000,833439.94
478,lrange5,1000000,1272285.00
479,lpush5,1000000,836347.81
479,lrange5,1000000,1261074.38
480,lpush5,1000000,824415.44
480,lrange5,1000000,1275530.62
481,lpush5,1000000,828553.44
481,lrange5,1000000,1288866.00
482,lpush5,1000000,830657.81
482,lrange5,1000000,1177894.00
483,lpush5,1000000,829915.31
483,lrange5,1000000,1283758.75
484,lpush5,1000000,832013.31
484,lrange5,1000000,1194896.00
485,lpush5,1000000,832639.50
485,lrange5,1000000,1192104.88
486,lpush5,1000000,823802.31
486,lrange5,1000000,1282215.38
487,lpush5,1000000,831268.50
487,lrange5,1000000,1265843.00
488,lpush5,1000000,835502.06
488,lrange5,1000000,1280430.25
489,lpush5,1000000,830684.38
489,lrange5,1000000,1267488.00
490,lpush5,1000000,829253.75
490,lrange5,1000000,1126198.12
491,lpush5,1000000,840363.00
491,lrange5,1000000,1231527.12
492,lpush5,1000000,830074.69
492,lrange5,1000000,1256321.62
493,lpush5,1000000,829399.69
493,lrange5,1000000,1251564.38
494,lpush5,1000000,834951.62
494,lrange5,1000000,1205204.88
495,lpush5,1000000,836147.19
495,lrange5,1000000,1251764.62
496,lpush5,1000000,829955.19
496,lrange5,1000000,1236271.88
497,lpush5,1000000,833493.31
497,lrange5,1000000,1290363.88
498,lpush5,1000000,829240.50
498,lrange5,1000000,1186581.25
499,lpush5,1000000,838316.88
499,lrange5,1000000,1192009.50
500,lpush5,1000000,826710.69
500,lrange5,1000000,1190857.12
501,lpush5,1000000,834844.75
501,lrange5,1000000,1195125.38
502,lpush5,1000000,835502.06
502,lrange5,1000000,1273946.50
503,lpush5,1000000,843183.81
503,lrange5,1000000,1295399.00
504,lpush5,1000000,838979.81
504,lrange5,1000000,1193412.88
505,lpush5,1000000,832000.00
505,lrange5,1000000,1277241.38
506,lpush5,1000000,826525.62
506,lrange5,1000000,1195163.62
507,lpush5,1000000,831946.75
507,lrange5,1000000,1292113.75
508,lpush5,1000000,830671.12
508,lrange5,1000000,1202288.38
509,lpush5,1000000,834148.44
509,lrange5,1000000,1193489.25
510,lpush5,1000000,833426.62
510,lrange5,1000000,1288845.38
511,lpush5,1000000,834804.69
511,lrange5,1000000,1175407.75
512,lpush5,1000000,829227.19
512,lrange5,1000000,1200710.62
513,lpush5,1000000,831295.12
513,lrange5,1000000,1194743.12
514,lpush5,1000000,831388.25
514,lrange5,1000000,1189403.12
515,lpush5,1000000,833453.31
515,lrange5,1000000,1242554.00
516,lpush5,1000000,823762.75
516,lrange5,1000000,1274048.38
517,lpush5,1000000,832746.06
517,lrange5,1000000,1199271.00
518,lpush5,1000000,831441.44
518,lrange5,1000000,1239276.38
519,lpush5,1000000,827196.06
519,lrange5,1000000,1192257.50
520,lpush5,1000000,826472.69
520,lrange5,1000000,1196344.50
521,lpush5,1000000,825122.12
521,lrange5,1000000,1282215.38
522,lpush5,1000000,841231.25
522,lrange5,1000000,1197624.00
523,lpush5,1000000,828000.06
523,lrange5,1000000,1242236.00
524,lpush5,1000000,825254.12
524,lrange5,1000000,1199232.62
525,lpush5,1000000,827814.62
525,lrange5,1000000,1189212.88
526,lpush5,1000000,830617.94
526,lrange5,1000000,1206272.62
527,lpush5,1000000,826485.94
527,lrange5,1000000,1267589.38
528,lpush5,1000000,833373.31
528,lrange5,1000000,1202288.38
529,lpush5,1000000,830657.81
529,lrange5,1000000,1278813.25
530,lpush5,1000000,829399.69
530,lrange5,1000000,1270790.38
531,lpush5,1000000,821824.12
531,lrange5,1000000,1257922.00
532,lpush5,1000000,836900.38
532,lrange5,1000000,1280512.12
533,lpush5,1000000,827129.88
533,lrange5,1000000,1270688.75
534,lpush5,1000000,825882.75
534,lrange5,1000000,1285552.75
535,lpush5,1000000,827301.94
535,lrange5,1000000,1187800.50
536,lpush5,1000000,831946.75
536,lrange5,1000000,1183621.25
537,lpush5,1000000,830631.25
537,lrange5,1000000,1192009.50
538,lpush5,1000000,827827.88
538,lrange5,1000000,1173840.38
539,lpush5,1000000,829359.88
539,lrange5,1000000,1283697.12
540,lpush5,1000000,825135.31
540,lrange5,1000000,1292031.00
541,lpush5,1000000,836321.06
541,lrange5,1000000,1124931.38
542,lpush5,1000000,827275.44
542,lrange5,1000000,1280573.62
543,lpush5,1000000,820370.81
543,lrange5,1000000,1272305.38
544,lpush5,1000000,820462.69
544,lrange5,1000000,1250100.00
545,lpush5,1000000,825763.88
545,lrange5,1000000,1295378.25
546,lpush5,1000000,833386.62
546,lrange5,1000000,1196363.62
547,lpush5,1000000,835542.19
547,lrange5,1000000,1190762.00
548,lpush5,1000000,834778.00
548,lrange5,1000000,1209209.12
549,lpush5,1000000,824560.56
549,lrange5,1000000,1195029.88
550,lpush5,1000000,825082.50
550,lrange5,1000000,1192181.12
551,lpush5,1000000,834028.38
551,lrange5,1000000,1193642.00
552,lpush5,1000000,830724.25
552,lrange5,1000000,1193622.88
553,lpush5,1000000,833546.62
553,lrange5,1000000,1193546.50
554,lpush5,1000000,828500.38
554,lrange5,1000000,1187971.50
555,lpush5,1000000,827973.56
555,lrange5,1000000,1277323.12
556,lpush5,1000000,834135.12
556,lrange5,1000000,1259445.75
557,lpush5,1000000,825082.50
557,lrange5,1000000,1272285.00
558,lpush5,1000000,833373.31
558,lrange5,1000000,1189365.00
559,lpush5,1000000,833506.62
559,lrange5,1000000,1203369.50
560,lpush5,1000000,833346.62
560,lrange5,1000000,1247022.50
561,lpush5,1000000,840336.12
561,lrange5,1000000,1183564.50
562,lpush5,1000000,837520.94
562,lrange5,1000000,1250060.00
563,lpush5,1000000,826578.50
563,lrange5,1000000,1256422.12
564,lpush5,1000000,835421.88
564,lrange5,1000000,1227249.12
565,lpush5,1000000,835421.88
565,lrange5,1000000,1293764.50
566,lpush5,1000000,835475.31
566,lrange5,1000000,1221177.00
567,lpush5,1000000,821031.19
567,lrange5,1000000,1172520.50
568,lpush5,1000000,821732.12
568,lrange5,1000000,1239197.00
569,lpush5,1000000,842567.81
569,lrange5,1000000,1264424.75
570,lpush5,1000000,823736.44
570,lrange5,1000000,1188047.50
571,lpush5,1000000,832652.81
571,lrange5,1000000,1254905.88
572,lpush5,1000000,836227.44
572,lrange5,1000000,1273905.75
573,lpush5,1000000,828672.75
573,lrange5,1000000,1295523.25
574,lpush5,1000000,832066.56
574,lrange5,1000000,1292031.00
575,lpush5,1000000,830671.12
575,lrange5,1000000,1174122.12
576,lpush5,1000000,825148.50
576,lrange5,1000000,1231724.12
577,lpush5,1000000,830764.12
577,lrange5,1000000,1264606.88
578,lpush5,1000000,827182.81
578,lrange5,1000000,1192276.50
579,lpush5,1000000,834028.38
579,lrange5,1000000,1189117.75
580,lpush5,1000000,828500.38
580,lrange5,1000000,1190800.00
581,lpush5,1000000,830564.81
581,lrange5,1000000,1193355.62
582,lpush5,1000000,823802.31
582,lrange5,1000000,1189346.00
583,lpush5,1000000,819079.50
583,lrange5,1000000,1275530.62
584,lpush5,1000000,826472.69
584,lrange5,1000000,1277221.00
585,lpush5,1000000,834028.38
585,lrange5,1000000,1277139.25
586,lpush5,1000000,829187.44
586,lrange5,1000000,1287001.25
587,lpush5,1000000,829915.31
587,lrange5,1000000,1181034.25
588,lpush5,1000000,827933.81
588,lrange5,1000000,1259526.38
589,lpush5,1000000,823934.12
589,lrange5,1000000,1242315.50
590,lpush5,1000000,829240.50
590,lrange5,1000000,1248479.38
591,lpush5,1000000,835502.06
591,lrange5,1000000,1297016.88
592,lpush5,1000000,820488.94
592,lrange5,1000000,1295544.00
593,lpush5,1000000,822565.81
593,lrange5,1000000,1179490.62
594,lpush5,1000000,822513.19
594,lrange5,1000000,1254926.00
595,lpush5,1000000,823828.69
595,lrange5,1000000,1233085.12
596,lpush5,1000000,819040.19
596,lrange5,1000000,1240714.62
597,lpush5,1000000,827920.56
597,lrange5,1000000,1190704.75
598,lpush5,1000000,834911.56
598,lrange5,1000000,1275673.50
599,lpush5,1000000,827169.56
599,lrange5,1000000,1295419.62
600,lpush5,1000000,824402.25
600,lrange5,1000000,1203735.25
601,lpush5,1000000,839644.00
601,lrange5,1000000,1194972.50
602,lpush5,1000000,818448.44
602,lrange5,1000000,1270688.75
603,lpush5,1000000,838979.81
603,lrange5,1000000,1173971.88
604,lpush5,1000000,830578.06
604,lrange5,1000000,1196210.50
605,lpush5,1000000,822526.31
605,lrange5,1000000,1272285.00
606,lpush5,1000000,820344.56
606,lrange5,1000000,1180694.25
607,lpush5,1000000,823058.44
607,lrange5,1000000,1278792.88
608,lpush5,1000000,827867.56
608,lrange5,1000000,1192124.00
609,lpush5,1000000,833386.62
609,lrange5,1000000,1222611.25
610,lpush5,1000000,829306.81
610,lrange5,1000000,1270790.38
611,lpush5,1000000,820567.69
611,lrange5,1000000,1251604.50
612,lpush5,1000000,828500.38
612,lrange5,1000000,1297099.88
613,lpush5,1000000,838939.56
613,lrange5,1000000,1295585.50
614,lpush5,1000000,825988.44
614,lrange5,1000000,1193470.12
615,lpush5,1000000,835421.88
615,lrange5,1000000,1243980.12
616,lpush5,1000000,834871.50
616,lrange5,1000000,1199213.50
617,lpush5,1000000,827301.94
617,lrange5,1000000,1272264.62
618,lpush5,1000000,826604.94
618,lrange5,1000000,1297037.62
619,lpush5,1000000,831494.62
619,lrange5,1000000,1292031.00
620,lpush5,1000000,827907.31
620,lrange5,1000000,1272305.38
621,lpush5,1000000,829346.62
621,lrange5,1000000,1295336.75
622,lpush5,1000000,826485.94
622,lrange5,1000000,1267447.50
623,lpush5,1000000,833453.31
623,lrange5,1000000,1293681.75
624,lpush5,1000000,828500.38
624,lrange5,1000000,1200864.38
625,lpush5,1000000,825122.12
625,lrange5,1000000,1248539.38
626,lpush5,1000000,839073.81
626,lrange5,1000000,1234706.12
627,lpush5,1000000,829320.06
627,lrange5,1000000,1287021.88
628,lpush5,1000000,827814.62
628,lrange5,1000000,1195049.00
629,lpush5,1000000,830087.94
629,lrange5,1000000,1275673.50
630,lpush5,1000000,829200.69
630,lrange5,1000000,1290508.38
631,lpush5,1000000,832759.38
631,lrange5,1000000,1288742.25
632,lpush5,1000000,824586.94
632,lrange5,1000000,1264445.00
633,lpush5,1000000,829346.62
633,lrange5,1000000,1288804.12
634,lpush5,1000000,824455.00
634,lrange5,1000000,1295399.00
635,lpush5,1000000,835462.00
635,lrange5,1000000,1267853.00
636,lpush5,1000000,831960.06
636,lrange5,1000000,1287269.00
637,lpush5,1000000,827986.81
637,lrange5,1000000,1203465.75
638,lpush5,1000000,825803.50
638,lrange5,1000000,1258042.75
639,lpush5,1000000,831986.69
639,lrange5,1000000,1290570.38
640,lpush5,1000000,840484.00
640,lrange5,1000000,1295585.50
641,lpush5,1000000,832173.00
641,lrange5,1000000,1272264.62
642,lpush5,1000000,843935.88
642,lrange5,1000000,1253313.38
643,lpush5,1000000,839697.75
643,lrange5,1000000,1190723.88
644,lpush5,1000000,834028.38
644,lrange5,1000000,1199213.50
645,lpush5,1000000,832173.00
645,lrange5,1000000,1283861.38
646,lpush5,1000000,833493.31
646,lrange5,1000000,1256381.88
647,lpush5,1000000,829333.38
647,lrange5,1000000,1175257.38
648,lpush5,1000000,833359.94
648,lrange5,1000000,1261135.00
649,lpush5,1000000,832119.81
649,lrange5,1000000,1194915.12
650,lpush5,1000000,835462.00
650,lrange5,1000000,1242295.62
651,lpush5,1000000,825816.69
651,lrange5,1000000,1285408.75
652,lpush5,1000000,830101.19
652,lrange5,1000000,1273926.12
653,lpush5,1000000,825869.56
653,lrange5,1000000,1298867.62
654,lpush5,1000000,821083.69
654,lrange5,1000000,1248559.25
655,lpush5,1000000,834818.06
655,lrange5,1000000,1283881.88
656,lpush5,1000000,825948.81
656,lrange5,1000000,1236153.25
657,lpush5,1000000,821188.81
657,lrange5,1000000,1225509.88
658,lpush5,1000000,833346.62
658,lrange5,1000000,1295378.25
659,lpush5,1000000,831494.62
659,lrange5,1000000,1199060.00
660,lpush5,1000000,822500.00
660,lrange5,1000000,1287042.50
661,lpush5,1000000,823269.12
661,lrange5,1000000,1297162.12
662,lpush5,1000000,835635.75
662,lrange5,1000000,1264323.62
663,lpush5,1000000,821837.31
663,lrange5,1000000,1275571.50
664,lpush5,1000000,830061.38
664,lrange5,1000000,1272570.00
665,lpush5,1000000,828579.94
665,lrange5,1000000,1257881.75
666,lpush5,1000000,835475.31
666,lrange5,1000000,1293764.50
667,lpush5,1000000,825108.88
667,lrange5,1000000,1280573.62
668,lpush5,1000000,832066.56
668,lrange5,1000000,1196267.88
669,lpush5,1000000,829227.19
669,lrange5,1000000,1277221.00
670,lpush5,1000000,833399.94
670,lrange5,1000000,1292031.00
671,lpush5,1000000,834991.69
671,lrange5,1000000,1182449.12
672,lpush5,1000000,828672.75
672,lrange5,1000000,1227052.75
673,lpush5,1000000,824534.19
673,lrange5,1000000,1297307.38
674,lpush5,1000000,831308.44
674,lrange5,1000000,1202019.25
675,lpush5,1000000,828026.50
675,lrange5,1000000,1254825.62
676,lpush5,1000000,829200.69
676,lrange5,1000000,1199155.88
677,lpush5,1000000,825135.31
677,lrange5,1000000,1225686.25
678,lpush5,1000000,834268.56
678,lrange5,1000000,1297016.88
679,lpush5,1000000,817176.50
679,lrange5,1000000,1266065.75
680,lpush5,1000000,824494.62
680,lrange5,1000000,1285367.62
681,lpush5,1000000,836120.44
681,lrange5,1000000,1193565.62
682,lpush5,1000000,827235.75
682,lrange5,1000000,1280573.62
683,lpush5,1000000,827354.88
683,lrange5,1000000,1190819.12
684,lpush5,1000000,829941.88
684,lrange5,1000000,1293681.75
685,lpush5,1000000,827196.06
685,lrange5,1000000,1295336.75
686,lpush5,1000000,821057.44
686,lrange5,1000000,1262626.25
687,lpush5,1000000,827827.88
687,lrange5,1000000,1179528.38
688,lpush5,1000000,829267.00
688,lrange5,1000000,1191990.50
689,lpush5,1000000,825816.69
689,lrange5,1000000,1292155.00
690,lpush5,1000000,830578.06
690,lrange5,1000000,1183488.75
691,lpush5,1000000,829386.44
691,lrange5,1000000,1206581.38
692,lpush5,1000000,829227.19
692,lrange5,1000000,1265822.75
693,lpush5,1000000,825816.69
693,lrange5,1000000,1278854.25
694,lpush5,1000000,826578.50
694,lrange5,1000000,1254725.25
695,lpush5,1000000,823216.44
695,lrange5,1000000,1291989.62
696,lpush5,1000000,829200.69
696,lrange5,1000000,1269198.00
697,lpush5,1000000,832706.12
697,lrange5,1000000,1295336.75
698,lpush5,1000000,829373.12
698,lrange5,1000000,1267427.12
699,lpush5,1000000,834095.06
699,lrange5,1000000,1285511.62
700,lpush5,1000000,836147.19
700,lrange5,1000000,1275510.25
701,lpush5,1000000,843278.25
701,lrange5,1000000,1290467.12
702,lpush5,1000000,834068.38
702,lrange5,1000000,1245409.75
703,lpush5,1000000,841164.00
703,lrange5,1000000,1285388.12
704,lpush5,1000000,831401.50
704,lrange5,1000000,1189365.00
705,lpush5,1000000,825240.94
705,lrange5,1000000,1270729.38
706,lpush5,1000000,831308.44
706,lrange5,1000000,1189384.00
707,lpush5,1000000,838410.75
707,lrange5,1000000,1179358.50
708,lpush5,1000000,842554.31
708,lrange5,1000000,1239177.25
709,lpush5,1000000,839087.25
709,lrange5,1000000,1273885.25
710,lpush5,1000000,832719.44
710,lrange5,1000000,1233104.88
711,lpush5,1000000,825975.25
711,lrange5,1000000,1285367.62
712,lpush5,1000000,846780.69
712,lrange5,1000000,1270770.00
713,lpush5,1000000,833466.62
713,lrange5,1000000,1261054.25
714,lpush5,1000000,831468.06
714,lrange5,1000000,1284005.12
715,lpush5,1000000,825122.12
715,lrange5,1000000,1290343.25
716,lpush5,1000000,828686.00
716,lrange5,1000000,1173934.25
717,lpush5,1000000,823815.50
717,lrange5,1000000,1185251.25
718,lpush5,1000000,827235.75
718,lrange5,1000000,1237663.38
719,lpush5,1000000,827209.25
719,lrange5,1000000,1236113.75
720,lpush5,1000000,836133.81
720,lrange5,1000000,1177875.12
721,lpush5,1000000,842473.44
721,lrange5,1000000,1280491.62
722,lpush5,1000000,834818.06
722,lrange5,1000000,1290467.12
723,lpush5,1000000,836120.44
723,lrange5,1000000,1250220.00
724,lpush5,1000000,837641.56
724,lrange5,1000000,1292175.75
725,lpush5,1000000,834081.75
725,lrange5,1000000,1184853.12
726,lpush5,1000000,829412.94
726,lrange5,1000000,1290384.50
727,lpush5,1000000,835542.19
727,lrange5,1000000,1292031.00
728,lpush5,1000000,825777.06
728,lrange5,1000000,1287083.62
729,lpush5,1000000,829227.19
729,lrange5,1000000,1292093.00
730,lpush5,1000000,829200.69
730,lrange5,1000000,1290508.38
731,lpush5,1000000,829293.56
731,lrange5,1000000,1245549.25
732,lpush5,1000000,825869.56
732,lrange5,1000000,1293826.62
733,lpush5,1000000,829915.31
733,lrange5,1000000,1190723.88
734,lpush5,1000000,830617.94
734,lrange5,1000000,1287186.62
735,lpush5,1000000,828593.19
735,lrange5,1000000,1290322.62
736,lpush5,1000000,831295.12
736,lrange5,1000000,1194800.50
737,lpush5,1000000,832013.31
737,lrange5,1000000,1193699.25
738,lpush5,1000000,824521.00
738,lrange5,1000000,1267548.88
739,lpush5,1000000,827262.19
739,lrange5,1000000,1292134.38
740,lpush5,1000000,833439.94
740,lrange5,1000000,1230012.25
741,lpush5,1000000,826552.06
741,lrange5,1000000,1283820.25
742,lpush5,1000000,827841.12
742,lrange5,1000000,1288742.25
743,lpush5,1000000,834215.19
743,lrange5,1000000,1190876.25
744,lpush5,1000000,830061.38
744,lrange5,1000000,1278936.00
745,lpush5,1000000,846821.31
745,lrange5,1000000,1154752.88
746,lpush5,1000000,822473.69
746,lrange5,1000000,1192085.88
747,lpush5,1000000,831348.31
747,lrange5,1000000,1174047.00
748,lpush5,1000000,821745.25
748,lrange5,1000000,1282051.38
749,lpush5,1000000,822421.06
749,lrange5,1000000,1193546.50
750,lpush5,1000000,828526.94
750,lrange5,1000000,1182430.25
751,lpush5,1000000,827814.62
751,lrange5,1000000,1257881.75
752,lpush5,1000000,828686.00
752,lrange5,1000000,1280471.12
753,lpush5,1000000,830684.38
753,lrange5,1000000,1292010.38
754,lpush5,1000000,822460.56
754,lrange5,1000000,1290343.25
755,lpush5,1000000,827156.31
755,lrange5,1000000,1218182.75
756,lpush5,1000000,830048.12
756,lrange5,1000000,1300452.50
757,lpush5,1000000,827222.50
757,lrange5,1000000,1195049.00
758,lpush5,1000000,823736.44
758,lrange5,1000000,1272325.62
759,lpush5,1000000,827907.31
759,lrange5,1000000,1180675.38
760,lpush5,1000000,827182.81
760,lrange5,1000000,1270668.38
761,lpush5,1000000,821758.44
761,lrange5,1000000,1231546.88
762,lpush5,1000000,841123.62
762,lrange5,1000000,1300390.12
763,lpush5,1000000,827354.88
763,lrange5,1000000,1277159.62
764,lpush5,1000000,830564.81
764,lrange5,1000000,1230012.25
765,lpush5,1000000,823163.75
765,lrange5,1000000,1192104.88
766,lpush5,1000000,829187.44
766,lrange5,1000000,1202153.88
767,lpush5,1000000,824455.00
767,lrange5,1000000,1256301.50
768,lpush5,1000000,832093.19
768,lrange5,1000000,1280553.12
769,lpush5,1000000,824586.94
769,lrange5,1000000,1195144.50
770,lpush5,1000000,834884.81
770,lrange5,1000000,1172333.00
771,lpush5,1000000,822381.62
771,lrange5,1000000,1259647.25
772,lpush5,1000000,827827.88
772,lrange5,1000000,1231566.50
773,lpush5,1000000,833373.31
773,lrange5,1000000,1274028.00
774,lpush5,1000000,827129.88
774,lrange5,1000000,1278772.38
775,lpush5,1000000,833533.31
775,lrange5,1000000,1264323.62
776,lpush5,1000000,831335.00
776,lrange5,1000000,1264343.88
777,lpush5,1000000,820344.56
777,lrange5,1000000,1190876.25
778,lpush5,1000000,821745.25
778,lrange5,1000000,1203388.75
779,lpush5,1000000,828000.06
779,lrange5,1000000,1262767.62
780,lpush5,1000000,823163.75
780,lrange5,1000000,1197624.00
781,lpush5,1000000,823216.44
781,lrange5,1000000,1225588.25
782,lpush5,1000000,825763.88
782,lrange5,1000000,1248619.25
783,lpush5,1000000,831494.62
783,lrange5,1000000,1287227.75
784,lpush5,1000000,829187.44
784,lrange5,1000000,1295461.12
785,lpush5,1000000,826525.62
785,lrange5,1000000,1288659.75
786,lpush5,1000000,833373.31
786,lrange5,1000000,1293723.12
787,lpush5,1000000,826538.81
787,lrange5,1000000,1290343.25
788,lpush5,1000000,834095.06
788,lrange5,1000000,1256522.62
789,lpush5,1000000,839630.56
789,lrange5,1000000,1280471.12
790,lpush5,1000000,820397.06
790,lrange5,1000000,1280491.62
791,lpush5,1000000,817045.75
791,lrange5,1000000,1186505.38
792,lpush5,1000000,841298.56
792,lrange5,1000000,1183488.75
793,lpush5,1000000,828646.19
793,lrange5,1000000,1200480.12
794,lpush5,1000000,836294.31
794,lrange5,1000000,1287042.50
795,lpush5,1000000,843949.44
795,lrange5,1000000,1174028.12
796,lpush5,1000000,827143.12
796,lrange5,1000000,1245449.62
797,lpush5,1000000,820449.56
797,lrange5,1000000,1273966.88
798,lpush5,1000000,834791.38
798,lrange5,1000000,1199328.50
799,lpush5,1000000,828026.50
799,lrange5,1000000,780677.56
800,lpush5,1000000,708249.31
800,lrange5,1000000,1189212.88
801,lpush5,1000000,835555.56
801,lrange5,1000000,1242255.88
802,lpush5,1000000,831428.12
802,lrange5,1000000,1227033.12
803,lpush5,1000000,829928.62
803,lrange5,1000000,1283758.75
804,lpush5,1000000,827973.56
804,lrange5,1000000,1282071.88
805,lpush5,1000000,826485.94
805,lrange5,1000000,1290425.88
806,lpush5,1000000,836120.44
806,lrange5,1000000,1257942.12
807,lpush5,1000000,832652.81
807,lrange5,1000000,1258042.75
808,lpush5,1000000,839154.31
808,lrange5,1000000,1265843.00
809,lpush5,1000000,827143.12
809,lrange5,1000000,1287166.00
810,lpush5,1000000,838263.25
810,lrange5,1000000,1285388.12
811,lpush5,1000000,841231.25
811,lrange5,1000000,1270688.75
812,lpush5,1000000,826644.62
812,lrange5,1000000,1270688.75
813,lpush5,1000000,830710.94
813,lrange5,1000000,1251564.38
814,lpush5,1000000,831441.44
814,lrange5,1000000,1228520.88
815,lpush5,1000000,818383.00
815,lrange5,1000000,1207787.38
816,lpush5,1000000,832692.75
816,lrange5,1000000,1283779.25
817,lpush5,1000000,833399.94
817,lrange5,1000000,1285552.75
818,lpush5,1000000,827814.62
818,lrange5,1000000,1259445.75
819,lpush5,1000000,831946.75
819,lrange5,1000000,1196172.25
820,lpush5,1000000,836120.44
820,lrange5,1000000,1270729.38
821,lpush5,1000000,830617.94
821,lrange5,1000000,789266.00
822,lpush5,1000000,566057.75
822,lrange5,1000000,1183659.12
823,lpush5,1000000,824441.81
823,lrange5,1000000,1269055.88
824,lpush5,1000000,833519.94
824,lrange5,1000000,1273885.25
825,lpush5,1000000,827129.88
825,lrange5,1000000,1269157.38
826,lpush5,1000000,823058.44
826,lrange5,1000000,1280512.12
827,lpush5,1000000,832079.88
827,lrange5,1000000,1215105.75
828,lpush5,1000000,835475.31
828,lrange5,1000000,1292196.38
829,lpush5,1000000,830631.25
829,lrange5,1000000,1189117.75
830,lpush5,1000000,823815.50
830,lrange5,1000000,1197681.50
831,lpush5,1000000,837587.94
831,lrange5,1000000,1196401.88
832,lpush5,1000000,825135.31
832,lrange5,1000000,1199079.12
833,lpush5,1000000,828619.69
833,lrange5,1000000,1287207.25
834,lpush5,1000000,834095.06
834,lrange5,1000000,1218202.25
835,lpush5,1000000,830617.94
835,lrange5,1000000,1199194.25
836,lpush5,1000000,822579.00
836,lrange5,1000000,1267569.12
837,lpush5,1000000,827196.06
837,lrange5,1000000,1243840.75
838,lpush5,1000000,828026.50
838,lrange5,1000000,1295564.75
839,lpush5,1000000,821175.69
839,lrange5,1000000,1250040.00
840,lpush5,1000000,825856.31
840,lrange5,1000000,1256402.00
841,lpush5,1000000,834778.00
841,lrange5,1000000,1288701.00
842,lpush5,1000000,825869.56
842,lrange5,1000000,1187743.50
843,lpush5,1000000,836846.81
843,lrange5,1000000,1182279.00
844,lpush5,1000000,831973.38
844,lrange5,1000000,1108789.38
845,lpush5,1000000,548908.88
845,lrange5,1000000,1295461.12
846,lpush5,1000000,828593.19
846,lrange5,1000000,1290591.00
847,lpush5,1000000,825856.31
847,lrange5,1000000,1189174.75
848,lpush5,1000000,831960.06
848,lrange5,1000000,1265903.75
849,lpush5,1000000,830631.25
849,lrange5,1000000,1292010.38
850,lpush5,1000000,830631.25
850,lrange5,1000000,1225529.38
851,lpush5,1000000,830564.81
851,lrange5,1000000,1177931.75
852,lpush5,1000000,832652.81
852,lrange5,1000000,1293681.75
853,lpush5,1000000,823071.56
853,lrange5,1000000,1195068.12
854,lpush5,1000000,829213.94
854,lrange5,1000000,1288742.25
855,lpush5,1000000,825267.31
855,lrange5,1000000,1194953.38
856,lpush5,1000000,828579.94
856,lrange5,1000000,1192143.00
857,lpush5,1000000,825267.31
857,lrange5,1000000,1236113.75
858,lpush5,1000000,824415.44
858,lrange5,1000000,1197719.75
859,lpush5,1000000,827354.88
859,lrange5,1000000,1277221.00
860,lpush5,1000000,821241.31
860,lrange5,1000000,1297058.38
861,lpush5,1000000,820357.69
861,lrange5,1000000,1298846.75
862,lpush5,1000000,828566.69
862,lrange5,1000000,1280409.75
863,lpush5,1000000,823736.44
863,lrange5,1000000,1195049.00
864,lpush5,1000000,827249.00
864,lrange5,1000000,1228855.00
865,lpush5,1000000,832079.88
865,lrange5,1000000,1297162.12
866,lpush5,1000000,825135.31
866,lrange5,1000000,1196401.88
867,lpush5,1000000,830724.25
867,lrange5,1000000,1275510.25
868,lpush5,1000000,832066.56
868,lrange5,1000000,1179641.50
869,lpush5,1000000,833493.31
869,lrange5,1000000,1278833.75
870,lpush5,1000000,830564.81
870,lrange5,1000000,1297016.88
871,lpush5,1000000,831946.75
871,lrange5,1000000,1176790.50
872,lpush5,1000000,837534.31
872,lrange5,1000000,1189422.12
873,lpush5,1000000,823137.44
873,lrange5,1000000,1186486.38
874,lpush5,1000000,827182.81
874,lrange5,1000000,1265863.25
875,lpush5,1000000,825174.94
875,lrange5,1000000,1242255.88
876,lpush5,1000000,825975.25
876,lrange5,1000000,1195049.00
877,lpush5,1000000,819724.56
877,lrange5,1000000,1182279.00
878,lpush5,1000000,823736.44
878,lrange5,1000000,1285347.00
879,lpush5,1000000,830564.81
879,lrange5,1000000,1297120.62
880,lpush5,1000000,831295.12
880,lrange5,1000000,1176602.38
881,lpush5,1000000,830737.56
881,lrange5,1000000,1300577.38
882,lpush5,1000000,831960.06
882,lrange5,1000000,1282092.38
883,lpush5,1000000,836147.19
883,lrange5,1000000,1187971.50
884,lpush5,1000000,830591.38
884,lrange5,1000000,1192238.38
885,lpush5,1000000,829968.44
885,lrange5,1000000,1278854.25
886,lpush5,1000000,820370.81
886,lrange5,1000000,1282153.88
887,lpush5,1000000,829888.75
887,lrange5,1000000,1297079.12
888,lpush5,1000000,829426.25
888,lrange5,1000000,1187667.50
889,lpush5,1000000,828553.44
889,lrange5,1000000,1258022.62
890,lpush5,1000000,830578.06
890,lrange5,1000000,1191971.38
891,lpush5,1000000,831428.12
891,lrange5,1000000,1193737.50
892,lpush5,1000000,821705.81
892,lrange5,1000000,1256281.38
893,lpush5,1000000,824586.94
893,lrange5,1000000,1228540.50
894,lpush5,1000000,823163.75
894,lrange5,1000000,1160204.25
895,lpush5,1000000,841056.31
895,lrange5,1000000,1182468.12
896,lpush5,1000000,824428.62
896,lrange5,1000000,1259627.12
897,lpush5,1000000,827867.56
897,lrange5,1000000,1280409.75
898,lpush5,1000000,827867.56
898,lrange5,1000000,1243781.12
899,lpush5,1000000,819685.25
899,lrange5,1000000,1246902.75
900,lpush5,1000000,826472.69
900,lrange5,1000000,828553.44
901,lpush5,1000000,658845.88
901,lrange5,1000000,1261256.00
902,lpush5,1000000,831321.75
902,lrange5,1000000,1287063.00
903,lpush5,1000000,832106.50
903,lrange5,1000000,1256301.50
904,lpush5,1000000,826657.81
904,lrange5,1000000,1298805.25
905,lpush5,1000000,843224.31
905,lrange5,1000000,1212315.12
906,lpush5,1000000,830710.94
906,lrange5,1000000,1292051.75
907,lpush5,1000000,831361.62
907,lrange5,1000000,1287145.38
908,lpush5,1000000,829293.56
908,lrange5,1000000,1269076.12
909,lpush5,1000000,825803.50
909,lrange5,1000000,1288824.75
910,lpush5,1000000,828632.94
910,lrange5,1000000,1192238.38
911,lpush5,1000000,829359.88
911,lrange5,1000000,1218026.88
912,lpush5,1000000,829200.69
912,lrange5,1000000,1088261.12
913,lpush5,1000000,820410.19
913,lrange5,1000000,1278997.38
914,lpush5,1000000,824639.69
914,lrange5,1000000,1194876.88
915,lpush5,1000000,832652.81
915,lrange5,1000000,1283861.38
916,lpush5,1000000,834884.81
916,lrange5,1000000,1254845.62
917,lpush5,1000000,836120.44
917,lrange5,1000000,1179509.50
918,lpush5,1000000,823176.94
918,lrange5,1000000,1248779.00
919,lpush5,1000000,834041.69
919,lrange5,1000000,1269035.50
920,lpush5,1000000,827209.25
920,lrange5,1000000,1280512.12
921,lpush5,1000000,831348.31
921,lrange5,1000000,1272508.88
922,lpush5,1000000,827301.94
922,lrange5,1000000,776496.88
923,lpush5,1000000,509692.16
923,lrange5,1000000,807870.75
924,lpush5,1000000,702751.94
924,lrange5,1000000,1188009.50
925,lpush5,1000000,832000.00
925,lrange5,1000000,1248539.38
926,lpush5,1000000,831308.44
926,lrange5,1000000,1254745.25
927,lpush5,1000000,832066.56
927,lrange5,1000000,1295399.00
928,lpush5,1000000,833439.94
928,lrange5,1000000,1287227.75
929,lpush5,1000000,827867.56
929,lrange5,1000000,1253253.12
930,lpush5,1000000,837695.12
930,lrange5,1000000,1278813.25
931,lpush5,1000000,834884.81
931,lrange5,1000000,1298805.25
932,lpush5,1000000,834095.06
932,lrange5,1000000,1199155.88
933,lpush5,1000000,831321.75
933,lrange5,1000000,1116392.88
934,lpush5,1000000,833479.94
934,lrange5,1000000,1195163.62
935,lpush5,1000000,825829.94
935,lrange5,1000000,1262666.62
936,lpush5,1000000,821784.69
936,lrange5,1000000,1287021.88
937,lpush5,1000000,835448.62
937,lrange5,1000000,1285367.62
938,lpush5,1000000,821745.25
938,lrange5,1000000,1187800.50
939,lpush5,1000000,832173.00
939,lrange5,1000000,1256281.38
940,lpush5,1000000,830564.81
940,lrange5,1000000,1230169.75
941,lpush5,1000000,818369.88
941,lrange5,1000000,1257881.75
942,lpush5,1000000,839818.62
942,lrange5,1000000,1290487.75
943,lpush5,1000000,823097.94
943,lrange5,1000000,1275551.00
944,lpush5,1000000,823150.62
944,lrange5,1000000,1280573.62
945,lpush5,1000000,839140.94
945,lrange5,1000000,1285552.75
946,lpush5,1000000,836820.06
946,lrange5,1000000,1261074.38
947,lpush5,1000000,834135.12
947,lrange5,1000000,1190762.00
948,lpush5,1000000,823045.25
948,lrange5,1000000,1178289.75
949,lpush5,1000000,825148.50
949,lrange5,1000000,1277180.12
950,lpush5,1000000,827880.81
950,lrange5,1000000,1264222.50
951,lpush5,1000000,834135.12
951,lrange5,1000000,1193470.12
952,lpush5,1000000,829902.06
952,lrange5,1000000,1269096.50
953,lpush5,1000000,828513.69
953,lrange5,1000000,1216583.88
954,lpush5,1000000,821692.69
954,lrange5,1000000,1288721.62
955,lpush5,1000000,836133.81
955,lrange5,1000000,1239197.00
956,lpush5,1000000,830657.81
956,lrange5,1000000,1275591.88
957,lpush5,1000000,824573.75
957,lrange5,1000000,1295357.50
958,lpush5,1000000,828526.94
958,lrange5,1000000,1267427.12
959,lpush5,1000000,827854.31
959,lrange5,1000000,1190533.38
960,lpush5,1000000,823723.25
960,lrange5,1000000,1262646.50
961,lpush5,1000000,832706.12
961,lrange5,1000000,1231665.00
962,lpush5,1000000,825948.81
962,lrange5,1000000,1233223.25
963,lpush5,1000000,826485.94
963,lrange5,1000000,1190742.88
964,lpush5,1000000,823190.12
964,lrange5,1000000,1269198.00
965,lpush5,1000000,833519.94
965,lrange5,1000000,1283881.88
966,lpush5,1000000,823097.94
966,lrange5,1000000,1253213.12
967,lpush5,1000000,823071.56
967,lrange5,1000000,1248579.25
968,lpush5,1000000,829399.69
968,lrange5,1000000,1182279.00
969,lpush5,1000000,833493.31
969,lrange5,1000000,1183753.75
970,lpush5,1000000,821850.44
970,lrange5,1000000,1196535.88
971,lpush5,1000000,825293.75
971,lrange5,1000000,1274068.75
972,lpush5,1000000,818500.81
972,lrange5,1000000,1197662.25
973,lpush5,1000000,824441.81
973,lrange5,1000000,1269137.12
974,lpush5,1000000,826499.12
974,lrange5,1000000,1290384.50
975,lpush5,1000000,829888.75
975,lrange5,1000000,1283861.38
976,lpush5,1000000,832093.19
976,lrange5,1000000,1297058.38
977,lpush5,1000000,831348.31
977,lrange5,1000000,1287104.25
978,lpush5,1000000,829187.44
978,lrange5,1000000,1282441.12
979,lpush5,1000000,840443.69
979,lrange5,1000000,1269055.88
980,lpush5,1000000,826578.50
980,lrange5,1000000,1293723.12
981,lpush5,1000000,576230.44
981,lrange5,1000000,865939.44
982,lpush5,1000000,842540.81
982,lrange5,1000000,1272264.62
983,lpush5,1000000,833506.62
983,lrange5,1000000,1189403.12
984,lpush5,1000000,824547.38
984,lrange5,1000000,1179509.50
985,lpush5,1000000,824402.25
985,lrange5,1000000,1189441.12
986,lpush5,1000000,822526.31
986,lrange5,1000000,1189403.12
987,lpush5,1000000,825240.94
987,lrange5,1000000,1285347.00
988,lpush5,1000000,821758.44
988,lrange5,1000000,1277180.12
989,lpush5,1000000,824441.81
989,lrange5,1000000,1292093.00
990,lpush5,1000000,841258.19
990,lrange5,1000000,1298742.88
991,lpush5,1000000,827947.06
991,lrange5,1000000,1280471.12
992,lpush5,1000000,841110.19
992,lrange5,1000000,1288659.75
993,lpush5,1000000,834215.19
993,lrange5,1000000,1259848.88
994,lpush5,1000000,830724.25
994,lrange5,1000000,1287001.25
995,lpush5,1000000,837561.12
995,lrange5,1000000,1275551.00
996,lpush5,1000000,832772.69
996,lrange5,1000000,1250160.00
997,lpush5,1000000,835595.62
997,lrange5,1000000,1287001.25
998,lpush5,1000000,830034.81
998,lrange5,1000000,1160204.25
999,lpush5,1000000,832093.19
999,lrange5,1000000,1285491.00
1000,lpush5,1000000,835635.75
1000,lrange5,1000000,1275510.25
1001,lpush5,1000000,834778.00
1001,lrange5,1000000,1243840.75
1002,lpush5,1000000,829875.50
1002,lrange5,1000000,1291989.62
1003,lpush5,1000000,823828.69
1003,lrange5,1000000,1237663.38
1004,lpush5,1000000,818369.88
1004,lrange5,1000000,1269218.25
1005,lpush5,1000000,824468.25
1005,lrange5,1000000,1192047.75
1006,lpush5,1000000,826618.12
1006,lrange5,1000000,1187667.50
1007,lpush5,1000000,823736.44
1007,lrange5,1000000,1170021.00
1008,lpush5,1000000,821254.50
1008,lrange5,1000000,1248519.38
1009,lpush5,1000000,819118.81
1009,lrange5,1000000,1199040.75
1010,lpush5,1000000,821070.56
1010,lrange5,1000000,1277139.25
1011,lpush5,1000000,818330.62
1011,lrange5,1000000,1292072.38
1012,lpush5,1000000,827143.12
1012,lrange5,1000000,1193737.50
1013,lpush5,1000000,827880.81
1013,lrange5,1000000,1287227.75
1014,lpush5,1000000,823828.69
1014,lrange5,1000000,1287001.25
1015,lpush5,1000000,832119.81
1015,lrange5,1000000,1283881.88
1016,lpush5,1000000,822368.44
1016,lrange5,1000000,1199290.12
1017,lpush5,1000000,825188.12
1017,lrange5,1000000,1090879.00
1018,lpush5,1000000,829346.62
1018,lrange5,1000000,1170039.75
1019,lpush5,1000000,825188.12
1019,lrange5,1000000,1187781.50
1020,lpush5,1000000,829915.31
1020,lrange5,1000000,1192104.88
1021,lpush5,1000000,820436.44
1021,lrange5,1000000,1183450.88
1022,lpush5,1000000,822381.62
1022,lrange5,1000000,1288845.38
1023,lpush5,1000000,834055.06
1023,lrange5,1000000,1283697.12
1024,lpush5,1000000,830750.81
1024,lrange5,1000000,1243820.88
1025,lpush5,1000000,828553.44
1025,lrange5,1000000,1267447.50
1026,lpush5,1000000,826459.50
1026,lrange5,1000000,1288680.38
1027,lpush5,1000000,827933.81
1027,lrange5,1000000,1207787.38
1028,lpush5,1000000,820357.69
1028,lrange5,1000000,1027913.69
1029,lpush5,1000000,828540.19
1029,lrange5,1000000,1280553.12
1030,lpush5,1000000,828553.44
1030,lrange5,1000000,1237643.50
1031,lpush5,1000000,826485.94
1031,lrange5,1000000,1282277.00
1032,lpush5,1000000,829200.69
1032,lrange5,1000000,1199386.12
1033,lpush5,1000000,826578.50
1033,lrange5,1000000,1269177.62
1034,lpush5,1000000,834028.38
1034,lrange5,1000000,1197949.75
1035,lpush5,1000000,833346.62
1035,lrange5,1000000,1215086.25
1036,lpush5,1000000,830564.81
1036,lrange5,1000000,1264263.00
1037,lpush5,1000000,827222.50
1037,lrange5,1000000,1287042.50
1038,lpush5,1000000,830564.81
1038,lrange5,1000000,1251584.50
1039,lpush5,1000000,829280.31
1039,lrange5,1000000,1164367.88
1040,lpush5,1000000,761047.19
1040,lrange5,1000000,1016260.12
1041,lpush5,1000000,623112.75
1041,lrange5,1000000,1179622.62
1042,lpush5,1000000,826565.25
1042,lrange5,1000000,1190762.00
1043,lpush5,1000000,835488.69
1043,lrange5,1000000,1215144.62
1044,lpush5,1000000,835462.00
1044,lrange5,1000000,1287104.25
1045,lpush5,1000000,834188.50
1045,lrange5,1000000,1293681.75
1046,lpush5,1000000,842500.38
1046,lrange5,1000000,1259546.50
1047,lpush5,1000000,836833.44
1047,lrange5,1000000,1199117.50
1048,lpush5,1000000,829240.50
1048,lrange5,1000000,1298888.38
1049,lpush5,1000000,837574.56
1049,lrange5,1000000,1183810.62
1050,lpush5,1000000,828513.69
1050,lrange5,1000000,1193756.62
1051,lpush5,1000000,832639.50
1051,lrange5,1000000,1224068.62
1052,lpush5,1000000,834121.75
1052,lrange5,1000000,1259667.50
1053,lpush5,1000000,841939.44
1053,lrange5,1000000,1226993.88
1054,lpush5,1000000,834724.56
1054,lrange5,1000000,1261094.62
1055,lpush5,1000000,827169.56
1055,lrange5,1000000,1295461.12
1056,lpush5,1000000,825856.31
1056,lrange5,1000000,1288721.62
1057,lpush5,1000000,821241.31
1057,lrange5,1000000,1288762.88
1058,lpush5,1000000,831960.06
1058,lrange5,1000000,1253173.00
1059,lpush5,1000000,821031.19
1059,lrange5,1000000,1194972.50
1060,lpush5,1000000,829981.69
1060,lrange5,1000000,1182146.50
1061,lpush5,1000000,823084.75
1061,lrange5,1000000,1212160.00
1062,lpush5,1000000,823045.25
1062,lrange5,1000000,1256321.62
1063,lpush5,1000000,836120.44
1063,lrange5,1000000,1236232.38
1064,lpush5,1000000,836227.44
1064,lrange5,1000000,1245350.00
1065,lpush5,1000000,838939.56
1065,lrange5,1000000,1292175.75
1066,lpush5,1000000,826446.25
1066,lrange5,1000000,1270648.00
1067,lpush5,1000000,829187.44
1067,lrange5,1000000,1283799.75
1068,lpush5,1000000,826499.12
1068,lrange5,1000000,1240774.25
1069,lpush5,1000000,827328.38
1069,lrange5,1000000,1267447.50
1070,lpush5,1000000,828500.38
1070,lrange5,1000000,1283758.75
1071,lpush5,1000000,828513.69
1071,lrange5,1000000,1259566.75
1072,lpush5,1000000,802799.31
1072,lrange5,1000000,1115183.88
1073,lpush5,1000000,825882.75
1073,lrange5,1000000,1278792.88
1074,lpush5,1000000,828619.69
1074,lrange5,1000000,1215086.25
1075,lpush5,1000000,828646.19
1075,lrange5,1000000,1257942.12
1076,lpush5,1000000,831468.06
1076,lrange5,1000000,1283799.75
1077,lpush5,1000000,840389.88
1077,lrange5,1000000,1204896.38
1078,lpush5,1000000,831374.94
1078,lrange5,1000000,1259566.75
1079,lpush5,1000000,830617.94
1079,lrange5,1000000,1182127.62
1080,lpush5,1000000,827169.56
1080,lrange5,1000000,1269076.12
1081,lpush5,1000000,823868.19
1081,lrange5,1000000,1280409.75
1082,lpush5,1000000,819842.62
1082,lrange5,1000000,1175294.88
1083,lpush5,1000000,828039.75
1083,lrange5,1000000,1278977.00
1084,lpush5,1000000,823815.50
1084,lrange5,1000000,1282194.88
1085,lpush5,1000000,819118.81
1085,lrange5,1000000,1209209.12
1086,lpush5,1000000,833333.31
1086,lrange5,1000000,1239236.75
1087,lpush5,1000000,829200.69
1087,lrange5,1000000,1227013.50
1088,lpush5,1000000,827867.56
1088,lrange5,1000000,1180750.88
1089,lpush5,1000000,834938.25
1089,lrange5,1000000,1280430.25
1090,lpush5,1000000,832159.69
1090,lrange5,1000000,1264283.12
1091,lpush5,1000000,830578.06
1091,lrange5,1000000,1282133.38
1092,lpush5,1000000,831374.94
1092,lrange5,1000000,1248539.38
1093,lpush5,1000000,829902.06
1093,lrange5,1000000,1282092.38
1094,lpush5,1000000,819118.81
1094,lrange5,1000000,1288866.00
1095,lpush5,1000000,838397.38
1095,lrange5,1000000,1180675.38
1096,lpush5,1000000,826512.38
1096,lrange5,1000000,1288927.75
1097,lpush5,1000000,833506.62
1097,lrange5,1000000,1283738.12
1098,lpush5,1000000,826446.25
1098,lrange5,1000000,1257861.62
1099,lpush5,1000000,830087.94
1099,lrange5,1000000,1203523.50
1100,lpush5,1000000,825267.31
1100,lrange5,1000000,1256341.75
1101,lpush5,1000000,834081.75
1101,lrange5,1000000,835462.00
1102,lpush5,1000000,514411.53
1102,lrange5,1000000,924273.56
1103,lpush5,1000000,831441.44
1103,lrange5,1000000,1200883.50
1104,lpush5,1000000,829915.31
1104,lrange5,1000000,1199386.12
1105,lpush5,1000000,827249.00
1105,lrange5,1000000,1198045.50
1106,lpush5,1000000,821811.00
1106,lrange5,1000000,1184966.88
1107,lpush5,1000000,828553.44
1107,lrange5,1000000,1221098.88
1108,lpush5,1000000,846050.75
1108,lrange5,1000000,1245489.50
1109,lpush5,1000000,827129.88
1109,lrange5,1000000,1251624.50
1110,lpush5,1000000,821096.81
1110,lrange5,1000000,1297079.12
1111,lpush5,1000000,828606.44
1111,lrange5,1000000,1288783.50
1112,lpush5,1000000,843251.25
1112,lrange5,1000000,1210828.12
1113,lpush5,1000000,834911.56
1113,lrange5,1000000,1172464.25
1114,lpush5,1000000,827341.62
1114,lrange5,1000000,1240813.88
1115,lpush5,1000000,817124.19
1115,lrange5,1000000,1283697.12
1116,lpush5,1000000,832639.50
1116,lrange5,1000000,1245449.62
1117,lpush5,1000000,832679.44
1117,lrange5,1000000,1293702.50
1118,lpush5,1000000,825763.88
1118,lrange5,1000000,1248519.38
1119,lpush5,1000000,841845.12
1119,lrange5,1000000,1280594.12
1120,lpush5,1000000,840403.31
1120,lrange5,1000000,1209228.50
1121,lpush5,1000000,826565.25
1121,lrange5,1000000,1264263.00
1122,lpush5,1000000,821254.50
1122,lrange5,1000000,1283923.00
1123,lpush5,1000000,822421.06
1123,lrange5,1000000,1236252.12
1124,lpush5,1000000,825148.50
1124,lrange5,1000000,1192066.75
1125,lpush5,1000000,828619.69
1125,lrange5,1000000,1192238.38
1126,lpush5,1000000,820397.06
1126,lrange5,1000000,1231763.62
1127,lpush5,1000000,822421.06
1127,lrange5,1000000,1257942.12
1128,lpush5,1000000,828553.44
1128,lrange5,1000000,1197873.12
1129,lpush5,1000000,821903.06
1129,lrange5,1000000,1295440.38
1130,lpush5,1000000,827143.12
1130,lrange5,1000000,1298929.88
1131,lpush5,1000000,829187.44
1131,lrange5,1000000,1227013.50
1132,lpush5,1000000,841804.75
1132,lrange5,1000000,1221177.00
1133,lpush5,1000000,827854.31
1133,lrange5,1000000,1242236.00
1134,lpush5,1000000,827288.69
1134,lrange5,1000000,1265822.75
1135,lpush5,1000000,824415.44
1135,lrange5,1000000,1240873.50
1136,lpush5,1000000,829200.69
1136,lrange5,1000000,1192028.62
1137,lpush5,1000000,828619.69
1137,lrange5,1000000,1193661.12
1138,lpush5,1000000,823058.44
1138,lrange5,1000000,1297079.12
1139,lpush5,1000000,822460.56
1139,lrange5,1000000,1254926.00
1140,lpush5,1000000,829928.62
1140,lrange5,1000000,1293785.25
1141,lpush5,1000000,825896.00
1141,lrange5,1000000,1184947.88
1142,lpush5,1000000,834121.75
1142,lrange5,1000000,1298888.38
1143,lpush5,1000000,826618.12
1143,lrange5,1000000,1113995.50
1144,lpush5,1000000,824441.81
1144,lrange5,1000000,1196363.62
1145,lpush5,1000000,827182.81
1145,lrange5,1000000,1251764.62
1146,lpush5,1000000,841042.88
1146,lrange5,1000000,1248579.25
1147,lpush5,1000000,831295.12
1147,lrange5,1000000,1190647.62
1148,lpush5,1000000,831946.75
1148,lrange5,1000000,1250080.00
1149,lpush5,1000000,832013.31
1149,lrange5,1000000,1250360.00
1150,lpush5,1000000,834241.88
1150,lrange5,1000000,1283840.88
1151,lpush5,1000000,826657.81
1151,lrange5,1000000,1156365.25
1152,lpush5,1000000,837547.75
1152,lrange5,1000000,1182108.75
1153,lpush5,1000000,833453.31
1153,lrange5,1000000,1165519.88
1154,lpush5,1000000,840389.88
1154,lrange5,1000000,1190742.88
1155,lpush5,1000000,838397.38
1155,lrange5,1000000,1185080.62
1156,lpush5,1000000,840336.12
1156,lrange5,1000000,1200537.75
1157,lpush5,1000000,836833.44
1157,lrange5,1000000,1200787.50
1158,lpush5,1000000,838343.69
1158,lrange5,1000000,1187724.50
1159,lpush5,1000000,829306.81
1159,lrange5,1000000,1270648.00
1160,lpush5,1000000,843332.19
1160,lrange5,1000000,1250240.00
1161,lpush5,1000000,832772.69
1161,lrange5,1000000,1288804.12
1162,lpush5,1000000,839697.75
1162,lrange5,1000000,1194781.38
1163,lpush5,1000000,832093.19
1163,lrange5,1000000,1267670.50
1164,lpush5,1000000,835542.19
1164,lrange5,1000000,1191952.38
1165,lpush5,1000000,825909.19
1165,lrange5,1000000,1290384.50
1166,lpush5,1000000,837587.94
1166,lrange5,1000000,1213592.25
1167,lpush5,1000000,833426.62
1167,lrange5,1000000,1288762.88
1168,lpush5,1000000,837007.50
1168,lrange5,1000000,1250140.00
1169,lpush5,1000000,841177.44
1169,lrange5,1000000,1202019.25
1170,lpush5,1000000,836173.94
1170,lrange5,1000000,1051810.75
1171,lpush5,1000000,517874.69
1171,lrange5,1000000,808407.44
1172,lpush5,1000000,734226.12
1172,lrange5,1000000,1297224.38
1173,lpush5,1000000,828699.25
1173,lrange5,1000000,1280409.75
1174,lpush5,1000000,844662.12
1174,lrange5,1000000,1285367.62
1175,lpush5,1000000,836913.75
1175,lrange5,1000000,1199290.12
1176,lpush5,1000000,831973.38
1176,lrange5,1000000,1275530.62
1177,lpush5,1000000,830021.56
1177,lrange5,1000000,1295336.75
1178,lpush5,1000000,828686.00
1178,lrange5,1000000,1193546.50
1179,lpush5,1000000,827814.62
1179,lrange5,1000000,1190533.38
1180,lpush5,1000000,837534.31
1180,lrange5,1000000,1199251.75
1181,lpush5,1000000,832746.06
1181,lrange5,1000000,1183564.50
1182,lpush5,1000000,825135.31
1182,lrange5,1000000,1180656.38
1183,lpush5,1000000,828500.38
1183,lrange5,1000000,1189403.12
1184,lpush5,1000000,829227.19
1184,lrange5,1000000,1272264.62
1185,lpush5,1000000,838993.25
1185,lrange5,1000000,1275693.88
1186,lpush5,1000000,836913.75
1186,lrange5,1000000,1248459.38
1187,lpush5,1000000,827315.12
1187,lrange5,1000000,1186486.38
1188,lpush5,1000000,839845.50
1188,lrange5,1000000,1245489.50
1189,lpush5,1000000,831468.06
1189,lrange5,1000000,1287063.00
1190,lpush5,1000000,834135.12
1190,lrange5,1000000,1293723.12
1191,lpush5,1000000,837641.56
1191,lrange5,1000000,1168654.25
1192,lpush5,1000000,836133.81
1192,lrange5,1000000,1283697.12
1193,lpush5,1000000,835421.88
1193,lrange5,1000000,1287001.25
1194,lpush5,1000000,834951.62
1194,lrange5,1000000,1269137.12
1195,lpush5,1000000,831308.44
1195,lrange5,1000000,1193546.50
1196,lpush5,1000000,829359.88
1196,lrange5,1000000,854011.94
1197,lpush5,1000000,644745.31
1197,lrange5,1000000,1193756.62
1198,lpush5,1000000,829995.00
1198,lrange5,1000000,1267467.75
1199,lpush5,1000000,837034.25
1199,lrange5,1000000,1185232.25
1200,lpush5,1000000,838249.81
1200,lrange5,1000000,1203427.25
1201,lpush5,1000000,832839.31
1201,lrange5,1000000,1204877.12
1202,lpush5,1000000,831255.25
1202,lrange5,1000000,1198045.50
1203,lpush5,1000000,828659.50
1203,lrange5,1000000,1242395.00
1204,lpush5,1000000,830604.62
1204,lrange5,1000000,1251884.88
1205,lpush5,1000000,844810.81
1205,lrange5,1000000,1182354.62
1206,lpush5,1000000,826485.94
1206,lrange5,1000000,1297099.88
1207,lpush5,1000000,832652.81
1207,lrange5,1000000,1287021.88
1208,lpush5,1000000,826591.69
1208,lrange5,1000000,1200749.12
1209,lpush5,1000000,823775.94
1209,lrange5,1000000,1179566.00
1210,lpush5,1000000,837601.31
1210,lrange5,1000000,1186296.62
1211,lpush5,1000000,822421.06
1211,lrange5,1000000,1267488.00
1212,lpush5,1000000,832786.00
1212,lrange5,1000000,1273987.25
1213,lpush5,1000000,832133.12
1213,lrange5,1000000,1204973.50
1214,lpush5,1000000,831335.00
1214,lrange5,1000000,1288659.75
1215,lpush5,1000000,823920.94
1215,lrange5,1000000,1205204.88
1216,lpush5,1000000,829928.62
1216,lrange5,1000000,1248479.38
1217,lpush5,1000000,828593.19
1217,lrange5,1000000,1200614.62
1218,lpush5,1000000,832639.50
1218,lrange5,1000000,1285511.62
1219,lpush5,1000000,829875.50
1219,lrange5,1000000,1135237.25
1220,lpush5,1000000,831441.44
1220,lrange5,1000000,1256462.25
1221,lpush5,1000000,825227.69
1221,lrange5,1000000,1302270.88
1222,lpush5,1000000,837695.12
1222,lrange5,1000000,1215125.12
1223,lpush5,1000000,828646.19
1223,lrange5,1000000,1190476.25
1224,lpush5,1000000,833466.62
1224,lrange5,1000000,1193642.00
1225,lpush5,1000000,833346.62
1225,lrange5,1000000,1191952.38
1226,lpush5,1000000,837668.31
1226,lrange5,1000000,1193317.38
1227,lpush5,1000000,833493.31
1227,lrange5,1000000,1264323.62
1228,lpush5,1000000,831308.44
1228,lrange5,1000000,1187971.50
1229,lpush5,1000000,837641.56
1229,lrange5,1000000,1167159.88
1230,lpush5,1000000,832639.50
1230,lrange5,1000000,1292031.00
1231,lpush5,1000000,823163.75
1231,lrange5,1000000,1297182.88
1232,lpush5,1000000,822434.25
1232,lrange5,1000000,1278854.25
1233,lpush5,1000000,825975.25
1233,lrange5,1000000,1197930.62
1234,lpush5,1000000,823203.25
1234,lrange5,1000000,1194972.50
1235,lpush5,1000000,831361.62
1235,lrange5,1000000,1194991.62
1236,lpush5,1000000,830724.25
1236,lrange5,1000000,1251704.62
1237,lpush5,1000000,838966.44
1237,lrange5,1000000,1123829.25
1238,lpush5,1000000,833399.94
1238,lrange5,1000000,1225647.12
1239,lpush5,1000000,832106.50
1239,lrange5,1000000,1187686.50
1240,lpush5,1000000,847498.31
1240,lrange5,1000000,1180713.12
1241,lpush5,1000000,839087.25
1241,lrange5,1000000,1192143.00
1242,lpush5,1000000,828500.38
1242,lrange5,1000000,1273987.25
1243,lpush5,1000000,834188.50
1243,lrange5,1000000,1180845.38
1244,lpush5,1000000,833399.94
1244,lrange5,1000000,1246922.75
1245,lpush5,1000000,829888.75
1245,lrange5,1000000,1262767.62
1246,lpush5,1000000,822394.75
1246,lrange5,1000000,1287021.88
1247,lpush5,1000000,832119.81
1247,lrange5,1000000,1187876.50
1248,lpush5,1000000,825148.50
1248,lrange5,1000000,1186315.50
1249,lpush5,1000000,833333.31
1249,lrange5,1000000,1253253.12
1250,lpush5,1000000,832879.31
1250,lrange5,1000000,1292031.00
1251,lpush5,1000000,823150.62
1251,lrange5,1000000,1292134.38
1252,lpush5,1000000,823762.75
1252,lrange5,1000000,1297016.88
1253,lpush5,1000000,846064.25
1253,lrange5,1000000,1237643.50
1254,lpush5,1000000,827143.12
1254,lrange5,1000000,1269137.12
1255,lpush5,1000000,838451.00
1255,lrange5,1000000,1295461.12
1256,lpush5,1000000,825763.88
1256,lrange5,1000000,1200768.25
1257,lpush5,1000000,840376.44
1257,lrange5,1000000,1200557.00
1258,lpush5,1000000,831348.31
1258,lrange5,1000000,1203658.25
1259,lpush5,1000000,830604.62
1259,lrange5,1000000,1275571.50
1260,lpush5,1000000,834095.06
1260,lrange5,1000000,1133786.75
1261,lpush5,1000000,834161.81
1261,lrange5,1000000,1254745.25
1262,lpush5,1000000,824481.44
1262,lrange5,1000000,1231586.25
1263,lpush5,1000000,830021.56
1263,lrange5,1000000,1293806.00
1264,lpush5,1000000,848217.12
1264,lrange5,1000000,1295357.50
1265,lpush5,1000000,827222.50
1265,lrange5,1000000,1288907.12
1266,lpush5,1000000,828526.94
1266,lrange5,1000000,1283697.12
1267,lpush5,1000000,825174.94
1267,lrange5,1000000,1111111.12
1268,lpush5,1000000,670294.94
1268,lrange5,1000000,1295440.38
1269,lpush5,1000000,828566.69
1269,lrange5,1000000,1241091.88
1270,lpush5,1000000,830074.69
1270,lrange5,1000000,1248479.38
1271,lpush5,1000000,829187.44
1271,lrange5,1000000,1176658.75
1272,lpush5,1000000,832732.75
1272,lrange5,1000000,1297016.88
1273,lpush5,1000000,839033.56
1273,lrange5,1000000,1267427.12
1274,lpush5,1000000,829928.62
1274,lrange5,1000000,1254845.62
1275,lpush5,1000000,822500.00
1275,lrange5,1000000,1295461.12
1276,lpush5,1000000,830604.62
1276,lrange5,1000000,1283697.12
1277,lpush5,1000000,838966.44
1277,lrange5,1000000,1267630.00
1278,lpush5,1000000,828606.44
1278,lrange5,1000000,1253173.00
1279,lpush5,1000000,837520.94
1279,lrange5,1000000,1283902.50
1280,lpush5,1000000,833493.31
1280,lrange5,1000000,1292051.75
1281,lpush5,1000000,829941.88
1281,lrange5,1000000,1292134.38
1282,lpush5,1000000,825082.50
1282,lrange5,1000000,1297099.88
1283,lpush5,1000000,823960.50
1283,lrange5,1000000,1245369.88
1284,lpush5,1000000,825293.75
1284,lrange5,1000000,1283717.62
1285,lpush5,1000000,838979.81
1285,lrange5,1000000,1275796.00
1286,lpush5,1000000,823775.94
1286,lrange5,1000000,1288742.25
1287,lpush5,1000000,828553.44
1287,lrange5,1000000,1199213.50
1288,lpush5,1000000,839670.88
1288,lrange5,1000000,1209344.62
1289,lpush5,1000000,828659.50
1289,lrange5,1000000,1194953.38
1290,lpush5,1000000,837587.94
1290,lrange5,1000000,1264364.12
1291,lpush5,1000000,827814.62
1291,lrange5,1000000,1239335.88
1292,lpush5,1000000,828659.50
1292,lrange5,1000000,1193412.88
1293,lpush5,1000000,822394.75
1293,lrange5,1000000,1278895.12
1294,lpush5,1000000,836927.19
1294,lrange5,1000000,1297182.88
1295,lpush5,1000000,831388.25
1295,lrange5,1000000,1300556.62
1296,lpush5,1000000,838290.06
1296,lrange5,1000000,1295357.50
1297,lpush5,1000000,829240.50
1297,lrange5,1000000,1172726.88
1298,lpush5,1000000,832652.81
1298,lrange5,1000000,1253233.12
1299,lpush5,1000000,820344.56
1299,lrange5,1000000,1240714.62
1300,lpush5,1000000,830724.25
1300,lrange5,1000000,1287001.25
1301,lpush5,1000000,831454.75
1301,lrange5,1000000,1264283.12
1302,lpush5,1000000,829240.50
1302,lrange5,1000000,1288969.00
1303,lpush5,1000000,821771.56
1303,lrange5,1000000,1288783.50
1304,lpush5,1000000,835475.31
1304,lrange5,1000000,1005202.00
1305,lpush5,1000000,831308.44
1305,lrange5,1000000,1283881.88
1306,lpush5,1000000,835542.19
1306,lrange5,1000000,1266106.25
1307,lpush5,1000000,833413.31
1307,lrange5,1000000,1280430.25
1308,lpush5,1000000,834764.62
1308,lrange5,1000000,1182165.50
1309,lpush5,1000000,823775.94
1309,lrange5,1000000,1195029.88
1310,lpush5,1000000,828553.44
1310,lrange5,1000000,1144164.75
1311,lpush5,1000000,836334.44
1311,lrange5,1000000,1257982.38
1312,lpush5,1000000,825174.94
1312,lrange5,1000000,1292155.00
1313,lpush5,1000000,824415.44
1313,lrange5,1000000,1262727.25
1314,lpush5,1000000,826485.94
1314,lrange5,1000000,1285532.12
1315,lpush5,1000000,839724.62
1315,lrange5,1000000,1254765.38
1316,lpush5,1000000,835635.75
1316,lrange5,1000000,1243860.62
1317,lpush5,1000000,829386.44
1317,lrange5,1000000,1297016.88
1318,lpush5,1000000,828659.50
1318,lrange5,1000000,1197681.50
1319,lpush5,1000000,839020.12
1319,lrange5,1000000,1293681.75
1320,lpush5,1000000,825948.81
1320,lrange5,1000000,1180977.62
1321,lpush5,1000000,834095.06
1321,lrange5,1000000,1293661.00
1322,lpush5,1000000,831973.38
1322,lrange5,1000000,1247002.50
1323,lpush5,1000000,823947.31
1323,lrange5,1000000,1297182.88
1324,lpush5,1000000,836173.94
1324,lrange5,1000000,1259526.38
1325,lpush5,1000000,821188.81
1325,lrange5,1000000,1187857.50
1326,lpush5,1000000,834081.75
1326,lrange5,1000000,1259607.00
1327,lpush5,1000000,822394.75
1327,lrange5,1000000,1273885.25
1328,lpush5,1000000,827841.12
1328,lrange5,1000000,1236370.75
1329,lpush5,1000000,829346.62
1329,lrange5,1000000,816339.56
1330,lpush5,1000000,683527.00
1330,lrange5,1000000,1199060.00
1331,lpush5,1000000,830048.12
1331,lrange5,1000000,800128.00
1332,lpush5,1000000,511852.62
1332,lrange5,1000000,796305.69
1333,lpush5,1000000,697394.69
1333,lrange5,1000000,1275530.62
1334,lpush5,1000000,829253.75
1334,lrange5,1000000,1275510.25
1335,lpush5,1000000,824441.81
1335,lrange5,1000000,1277180.12
1336,lpush5,1000000,827288.69
1336,lrange5,1000000,1210866.88
1337,lpush5,1000000,834724.56
1337,lrange5,1000000,1194953.38
1338,lpush5,1000000,836846.81
1338,lrange5,1000000,1242434.75
1339,lpush5,1000000,824455.00
1339,lrange5,1000000,1288659.75
1340,lpush5,1000000,827867.56
1340,lrange5,1000000,1288701.00
1341,lpush5,1000000,834737.94
1341,lrange5,1000000,1275510.25
1342,lpush5,1000000,825082.50
1342,lrange5,1000000,1197739.00
1343,lpush5,1000000,827235.75
1343,lrange5,1000000,1277323.12
1344,lpush5,1000000,831308.44
1344,lrange5,1000000,1202057.62
1345,lpush5,1000000,823723.25
1345,lrange5,1000000,1233104.88
1346,lpush5,1000000,828513.69
1346,lrange5,1000000,1189441.12
1347,lpush5,1000000,828553.44
1347,lrange5,1000000,1287021.88
1348,lpush5,1000000,843183.81
1348,lrange5,1000000,1278915.62
1349,lpush5,1000000,828540.19
1349,lrange5,1000000,1288845.38
1350,lpush5,1000000,836833.44
1350,lrange5,1000000,1280409.75
1351,lpush5,1000000,838330.31
1351,lrange5,1000000,1290322.62
1352,lpush5,1000000,829280.31
1352,lrange5,1000000,1246902.75
1353,lpush5,1000000,832799.38
1353,lrange5,1000000,1285408.75
1354,lpush5,1000000,828500.38
1354,lrange5,1000000,1193603.88
1355,lpush5,1000000,831281.81
1355,lrange5,1000000,1264283.12
1356,lpush5,1000000,823097.94
1356,lrange5,1000000,1273946.50
1357,lpush5,1000000,829875.50
1357,lrange5,1000000,1288804.12
1358,lpush5,1000000,836994.12
1358,lrange5,1000000,1196421.00
1359,lpush5,1000000,829293.56
1359,lrange5,1000000,1197968.88
1360,lpush5,1000000,826485.94
1360,lrange5,1000000,1288762.88
1361,lpush5,1000000,823058.44
1361,lrange5,1000000,1258042.75
1362,lpush5,1000000,821784.69
1362,lrange5,1000000,1298722.12
1363,lpush5,1000000,824402.25
1363,lrange5,1000000,1193336.50
1364,lpush5,1000000,820357.69
1364,lrange5,1000000,1215222.38
1365,lpush5,1000000,835595.62
1365,lrange5,1000000,1287001.25
1366,lpush5,1000000,834724.56
1366,lrange5,1000000,1251624.50
1367,lpush5,1000000,829941.88
1367,lrange5,1000000,1277139.25
1368,lpush5,1000000,819842.62
1368,lrange5,1000000,1237663.38
1369,lpush5,1000000,821254.50
1369,lrange5,1000000,1259506.25
1370,lpush5,1000000,832799.38
1370,lrange5,1000000,1186410.50
1371,lpush5,1000000,824415.44
1371,lrange5,1000000,1237702.88
1372,lpush5,1000000,839764.94
1372,lrange5,1000000,1183526.62
1373,lpush5,1000000,826446.25
1373,lrange5,1000000,1248639.25
1374,lpush5,1000000,827880.81
1374,lrange5,1000000,1270749.62
1375,lpush5,1000000,821771.56
1375,lrange5,1000000,1267427.12
1376,lpush5,1000000,817058.81
1376,lrange5,1000000,1245369.88
1377,lpush5,1000000,830578.06
1377,lrange5,1000000,1291989.62
1378,lpush5,1000000,819118.81
1378,lrange5,1000000,964335.62
1379,lpush5,1000000,814436.44
1379,lrange5,1000000,1250060.00
1380,lpush5,1000000,824547.38
1380,lrange5,1000000,1264222.50
1381,lpush5,1000000,834201.81
1381,lrange5,1000000,1251684.62
1382,lpush5,1000000,836147.19
1382,lrange5,1000000,1282215.38
1383,lpush5,1000000,831255.25
1383,lrange5,1000000,1285532.12
1384,lpush5,1000000,823058.44
1384,lrange5,1000000,1288783.50
1385,lpush5,1000000,819711.44
1385,lrange5,1000000,1274129.88
1386,lpush5,1000000,829253.75
1386,lrange5,1000000,1251644.50
1387,lpush5,1000000,827814.62
1387,lrange5,1000000,1231921.25
1388,lpush5,1000000,815778.19
1388,lrange5,1000000,1194781.38
1389,lpush5,1000000,831255.25
1389,lrange5,1000000,1242255.88
1390,lpush5,1000000,825962.06
1390,lrange5,1000000,1277180.12
1391,lpush5,1000000,830684.38
1391,lrange5,1000000,1153679.38
1392,lpush5,1000000,832759.38
1392,lrange5,1000000,1293681.75
1393,lpush5,1000000,832865.94
1393,lrange5,1000000,1292093.00
1394,lpush5,1000000,841164.00
1394,lrange5,1000000,1293681.75
1395,lpush5,1000000,831321.75
1395,lrange5,1000000,1256321.62
1396,lpush5,1000000,822500.00
1396,lrange5,1000000,1194991.62
1397,lpush5,1000000,830564.81
1397,lrange5,1000000,1179415.12
1398,lpush5,1000000,824560.56
1398,lrange5,1000000,1298888.38
1399,lpush5,1000000,825935.62
1399,lrange5,1000000,1292051.75
1400,lpush5,1000000,826657.81
1400,lrange5,1000000,1278956.50
1401,lpush5,1000000,827301.94
1401,lrange5,1000000,1295378.25
1402,lpush5,1000000,832119.81
1402,lrange5,1000000,1293702.50
1403,lpush5,1000000,830048.12
1403,lrange5,1000000,1293847.38
1404,lpush5,1000000,829187.44
1404,lrange5,1000000,1248439.50
1405,lpush5,1000000,836860.19
1405,lrange5,1000000,841096.69
1406,lpush5,1000000,779435.69
1406,lrange5,1000000,1191990.50
1407,lpush5,1000000,825240.94
1407,lrange5,1000000,1251584.50
1408,lpush5,1000000,819672.12
1408,lrange5,1000000,1231743.88
1409,lpush5,1000000,828000.06
1409,lrange5,1000000,1166879.88
1410,lpush5,1000000,819711.44
1410,lrange5,1000000,1280635.00
1411,lpush5,1000000,831361.62
1411,lrange5,1000000,1206272.62
1412,lpush5,1000000,841042.88
1412,lrange5,1000000,1288804.12
1413,lpush5,1000000,827182.81
1413,lrange5,1000000,1275571.50
1414,lpush5,1000000,822552.69
1414,lrange5,1000000,1278813.25
1415,lpush5,1000000,828500.38
1415,lrange5,1000000,1269035.50
1416,lpush5,1000000,825254.12
1416,lrange5,1000000,1251564.38
1417,lpush5,1000000,819855.69
1417,lrange5,1000000,1237821.75
1418,lpush5,1000000,824428.62
1418,lrange5,1000000,1248519.38
1419,lpush5,1000000,823097.94
1419,lrange5,1000000,1278833.75
1420,lpush5,1000000,836254.19
1420,lrange5,1000000,1278977.00
1421,lpush5,1000000,837047.69
1421,lrange5,1000000,1288680.38
1422,lpush5,1000000,829968.44
1422,lrange5,1000000,1202000.00
1423,lpush5,1000000,832093.19
1423,lrange5,1000000,1239236.75
1424,lpush5,1000000,841190.94
1424,lrange5,1000000,1269076.12
1425,lpush5,1000000,831268.50
1425,lrange5,1000000,1196172.25
1426,lpush5,1000000,826459.50
1426,lrange5,1000000,1247082.38
1427,lpush5,1000000,841164.00
1427,lrange5,1000000,1180675.38
1428,lpush5,1000000,823762.75
1428,lrange5,1000000,1201923.00
1429,lpush5,1000000,830008.25
1429,lrange5,1000000,1233262.62
1430,lpush5,1000000,827986.81
1430,lrange5,1000000,1251644.50
1431,lpush5,1000000,825095.69
1431,lrange5,1000000,799424.44
1432,lpush5,1000000,824415.44
1432,lrange5,1000000,1221059.88
1433,lpush5,1000000,839738.06
1433,lrange5,1000000,1267670.50
1434,lpush5,1000000,825829.94
1434,lrange5,1000000,1199175.12
1435,lpush5,1000000,826671.06
1435,lrange5,1000000,1206697.25
1436,lpush5,1000000,832652.81
1436,lrange5,1000000,1188047.50
1437,lpush5,1000000,832053.25
1437,lrange5,1000000,1224009.88
1438,lpush5,1000000,828566.69
1438,lrange5,1000000,1259526.38
1439,lpush5,1000000,820370.81
1439,lrange5,1000000,1186619.25
1440,lpush5,1000000,831308.44
1440,lrange5,1000000,1199328.50
1441,lpush5,1000000,821070.56
1441,lrange5,1000000,1272386.75
1442,lpush5,1000000,825122.12
1442,lrange5,1000000,1225549.00
1443,lpush5,1000000,835421.88
1443,lrange5,1000000,1256402.00
1444,lpush5,1000000,825095.69
1444,lrange5,1000000,1150913.62
1445,lpush5,1000000,842486.94
1445,lrange5,1000000,1274007.62
1446,lpush5,1000000,843989.94
1446,lrange5,1000000,1193489.25
1447,lpush5,1000000,822368.44
1447,lrange5,1000000,1029866.12
1448,lpush5,1000000,767631.62
1448,lrange5,1000000,1206369.12
1449,lpush5,1000000,830671.12
1449,lrange5,1000000,1275530.62
1450,lpush5,1000000,830048.12
1450,lrange5,1000000,1259627.12
1451,lpush5,1000000,830617.94
1451,lrange5,1000000,1200749.12
1452,lpush5,1000000,826446.25
1452,lrange5,1000000,1230051.62
1453,lpush5,1000000,827814.62
1453,lrange5,1000000,1203446.50
1454,lpush5,1000000,822381.62
1454,lrange5,1000000,1186562.25
1455,lpush5,1000000,839791.81
1455,lrange5,1000000,1237801.88
1456,lpush5,1000000,829915.31
1456,lrange5,1000000,1192104.88
1457,lpush5,1000000,838223.00
1457,lrange5,1000000,1157500.00
1458,lpush5,1000000,830631.25
1458,lrange5,1000000,1190590.50
1459,lpush5,1000000,829240.50
1459,lrange5,1000000,1193622.88
1460,lpush5,1000000,821692.69
1460,lrange5,1000000,1246882.88
1461,lpush5,1000000,836953.94
1461,lrange5,1000000,1231763.62
1462,lpush5,1000000,839127.50
1462,lrange5,1000000,1194838.75
1463,lpush5,1000000,829981.69
1463,lrange5,1000000,1237643.50
1464,lpush5,1000000,832066.56
1464,lrange5,1000000,1288721.62
1465,lpush5,1000000,831255.25
1465,lrange5,1000000,1272447.88
1466,lpush5,1000000,825816.69
1466,lrange5,1000000,1280471.12
1467,lpush5,1000000,821745.25
1467,lrange5,1000000,1267609.62
1468,lpush5,1000000,823097.94
1468,lrange5,1000000,1202000.00
1469,lpush5,1000000,831441.44
1469,lrange5,1000000,1200864.38
1470,lpush5,1000000,826538.81
1470,lrange5,1000000,1183810.62
1471,lpush5,1000000,839140.94
1471,lrange5,1000000,1264222.50
1472,lpush5,1000000,833373.31
1472,lrange5,1000000,1196382.75
1473,lpush5,1000000,826657.81
1473,lrange5,1000000,1274028.00
1474,lpush5,1000000,825856.31
1474,lrange5,1000000,1196306.12
1475,lpush5,1000000,832639.50
1475,lrange5,1000000,1190800.00
1476,lpush5,1000000,827814.62
1476,lrange5,1000000,1222493.88
1477,lpush5,1000000,843170.31
1477,lrange5,1000000,1193317.38
1478,lpush5,1000000,831507.94
1478,lrange5,1000000,1196191.38
1479,lpush5,1000000,828500.38
1479,lrange5,1000000,1196440.12
1480,lpush5,1000000,825790.25
1480,lrange5,1000000,1225568.62
1481,lpush5,1000000,835555.56
1481,lrange5,1000000,1078765.88
1482,lpush5,1000000,824455.00
1482,lrange5,1000000,1285388.12
1483,lpush5,1000000,825201.31
1483,lrange5,1000000,1273946.50
1484,lpush5,1000000,821123.12
1484,lrange5,1000000,1251724.62
1485,lpush5,1000000,830074.69
1485,lrange5,1000000,1302125.00
1486,lpush5,1000000,836267.56
1486,lrange5,1000000,1283738.12
1487,lpush5,1000000,832732.75
1487,lrange5,1000000,1264263.00
1488,lpush5,1000000,828579.94
1488,lrange5,1000000,1259526.38
1489,lpush5,1000000,822526.31
1489,lrange5,1000000,1189327.00
1490,lpush5,1000000,831960.06
1490,lrange5,1000000,1227190.25
1491,lpush5,1000000,831268.50
1491,lrange5,1000000,1298888.38
1492,lpush5,1000000,831468.06
1492,lrange5,1000000,1193546.50
1493,lpush5,1000000,824507.81
1493,lrange5,1000000,1236133.50
1494,lpush5,1000000,839684.31
1494,lrange5,1000000,1280553.12
1495,lpush5,1000000,838223.00
1495,lrange5,1000000,1190590.50
1496,lpush5,1000000,836214.06
1496,lrange5,1000000,978755.44
1497,lpush5,1000000,839684.31
1497,lrange5,1000000,1239256.50
1498,lpush5,1000000,836200.69
1498,lrange5,1000000,1234567.88
1499,lpush5,1000000,833386.62
1499,lrange5,1000000,1287063.00
1500,lpush5,1000000,825869.56
1500,lrange5,1000000,1259466.00
1501,lpush5,1000000,829359.88
1501,lrange5,1000000,1270648.00
1502,lpush5,1000000,827182.81
1502,lrange5,1000000,1295357.50
1503,lpush5,1000000,841966.38
1503,lrange5,1000000,1282112.88
1504,lpush5,1000000,839100.62
1504,lrange5,1000000,1200595.38
1505,lpush5,1000000,831946.75
1505,lrange5,1000000,1200902.75
1506,lpush5,1000000,829386.44
1506,lrange5,1000000,1203504.25
1507,lpush5,1000000,834228.50
1507,lrange5,1000000,1287001.25
1508,lpush5,1000000,822473.69
1508,lrange5,1000000,1202211.50
1509,lpush5,1000000,823176.94
1509,lrange5,1000000,1282112.88
1510,lpush5,1000000,829253.75
1510,lrange5,1000000,1293743.88
1511,lpush5,1000000,836173.94
1511,lrange5,1000000,1283738.12
1512,lpush5,1000000,822368.44
1512,lrange5,1000000,1144311.25
1513,lpush5,1000000,831295.12
1513,lrange5,1000000,1251764.62
1514,lpush5,1000000,819881.94
1514,lrange5,1000000,1291989.62
1515,lpush5,1000000,827262.19
1515,lrange5,1000000,1251684.62
1516,lpush5,1000000,830777.44
1516,lrange5,1000000,1209189.75
1517,lpush5,1000000,821018.00
1517,lrange5,1000000,1278977.00
1518,lpush5,1000000,831960.06
1518,lrange5,1000000,1250160.00
1519,lpush5,1000000,824441.81
1519,lrange5,1000000,1190628.62
1520,lpush5,1000000,823216.44
1520,lrange5,1000000,1295544.00
1521,lpush5,1000000,823111.06
1521,lrange5,1000000,1218202.25
1522,lpush5,1000000,822473.69
1522,lrange5,1000000,1248439.50
1523,lpush5,1000000,832173.00
1523,lrange5,1000000,1234587.62
1524,lpush5,1000000,832133.12
1524,lrange5,1000000,1287021.88
1525,lpush5,1000000,825135.31
1525,lrange5,1000000,1273885.25
1526,lpush5,1000000,825869.56
1526,lrange5,1000000,1297182.88
1527,lpush5,1000000,829875.50
1527,lrange5,1000000,1212140.62
1528,lpush5,1000000,836334.44
1528,lrange5,1000000,1197758.12
1529,lpush5,1000000,835568.88
1529,lrange5,1000000,1270790.38
1530,lpush5,1000000,842527.38
1530,lrange5,1000000,1297079.12
1531,lpush5,1000000,839114.06
1531,lrange5,1000000,1297058.38
1532,lpush5,1000000,823124.25
1532,lrange5,1000000,1192124.00
1533,lpush5,1000000,823736.44
1533,lrange5,1000000,1192009.50
1534,lpush5,1000000,839644.00
1534,lrange5,1000000,1187743.50
1535,lpush5,1000000,830777.44
1535,lrange5,1000000,1288680.38
1536,lpush5,1000000,829888.75
1536,lrange5,1000000,1280450.62
1537,lpush5,1000000,828619.69
1537,lrange5,1000000,1305629.25
1538,lpush5,1000000,834871.50
1538,lrange5,1000000,1197911.38
1539,lpush5,1000000,822368.44
1539,lrange5,1000000,1300410.88
1540,lpush5,1000000,824534.19
1540,lrange5,1000000,1267528.50
1541,lpush5,1000000,824402.25
1541,lrange5,1000000,1277200.50
1542,lpush5,1000000,828606.44
1542,lrange5,1000000,1298784.50
1543,lpush5,1000000,820475.81
1543,lrange5,1000000,1195125.38
1544,lpush5,1000000,828540.19
1544,lrange5,1000000,1288824.75
1545,lpush5,1000000,827947.06
1545,lrange5,1000000,1272427.50
1546,lpush5,1000000,826512.38
1546,lrange5,1000000,1282092.38
1547,lpush5,1000000,825909.19
1547,lrange5,1000000,1269177.62
1548,lpush5,1000000,831960.06
1548,lrange5,1000000,1277139.25
1549,lpush5,1000000,824521.00
1549,lrange5,1000000,1283799.75
1550,lpush5,1000000,831374.94
1550,lrange5,1000000,1288783.50
1551,lpush5,1000000,836227.44
1551,lrange5,1000000,1298701.38
1552,lpush5,1000000,829995.00
1552,lrange5,1000000,1273926.12
1553,lpush5,1000000,831428.12
1553,lrange5,1000000,1270770.00
1554,lpush5,1000000,826538.81
1554,lrange5,1000000,1197758.12
1555,lpush5,1000000,827129.88
1555,lrange5,1000000,1293868.00
1556,lpush5,1000000,824507.81
1556,lrange5,1000000,1253132.88
1557,lpush5,1000000,829187.44
1557,lrange5,1000000,1227013.50
1558,lpush5,1000000,830087.94
1558,lrange5,1000000,1287001.25
1559,lpush5,1000000,831295.12
1559,lrange5,1000000,1293681.75
1560,lpush5,1000000,838276.62
1560,lrange5,1000000,1282256.50
1561,lpush5,1000000,830617.94
1561,lrange5,1000000,1202038.38
1562,lpush5,1000000,823163.75
1562,lrange5,1000000,1189288.88
1563,lpush5,1000000,831521.25
1563,lrange5,1000000,1193680.25
1564,lpush5,1000000,825816.69
1564,lrange5,1000000,1194800.50
1565,lpush5,1000000,823137.44
1565,lrange5,1000000,1272285.00
1566,lpush5,1000000,829280.31
1566,lrange5,1000000,1193374.75
1567,lpush5,1000000,836173.94
1567,lrange5,1000000,1240734.50
1568,lpush5,1000000,834135.12
1568,lrange5,1000000,1275571.50
1569,lpush5,1000000,839140.94
1569,lrange5,1000000,1195010.75
1570,lpush5,1000000,840363.00
1570,lrange5,1000000,1277323.12
1571,lpush5,1000000,838357.12
1571,lrange5,1000000,1193489.25
1572,lpush5,1000000,829981.69
1572,lrange5,1000000,1245369.88
1573,lpush5,1000000,833573.31
1573,lrange5,1000000,1259566.75
1574,lpush5,1000000,831295.12
1574,lrange5,1000000,1283861.38
1575,lpush5,1000000,838397.38
1575,lrange5,1000000,1287001.25
1576,lpush5,1000000,835421.88
1576,lrange5,1000000,1265944.25
1577,lpush5,1000000,830777.44
1577,lrange5,1000000,1290343.25
1578,lpush5,1000000,829875.50
1578,lrange5,1000000,1285347.00
1579,lpush5,1000000,689190.94
1579,lrange5,1000000,1291989.62
1580,lpush5,1000000,823907.75
1580,lrange5,1000000,1236133.50
1581,lpush5,1000000,824441.81
1581,lrange5,1000000,1199271.00
1582,lpush5,1000000,819803.25
1582,lrange5,1000000,1182070.88
1583,lpush5,1000000,832159.69
1583,lrange5,1000000,1189384.00
1584,lpush5,1000000,828712.50
1584,lrange5,1000000,1234646.88
1585,lpush5,1000000,826538.81
1585,lrange5,1000000,1277343.62
1586,lpush5,1000000,829306.81
1586,lrange5,1000000,1282051.38
1587,lpush5,1000000,843170.31
1587,lrange5,1000000,1264222.50
1588,lpush5,1000000,833386.62
1588,lrange5,1000000,1295378.25
1589,lpush5,1000000,826001.69
1589,lrange5,1000000,1261135.00
1590,lpush5,1000000,833386.62
1590,lrange5,1000000,1199232.62
1591,lpush5,1000000,832746.06
1591,lrange5,1000000,1292113.75
1592,lpush5,1000000,829955.19
1592,lrange5,1000000,1259586.88
1593,lpush5,1000000,835582.25
1593,lrange5,1000000,1200595.38
1594,lpush5,1000000,827301.94
1594,lrange5,1000000,1290384.50
1595,lpush5,1000000,825148.50
1595,lrange5,1000000,1269157.38
1596,lpush5,1000000,835542.19
1596,lrange5,1000000,1282051.38
1597,lpush5,1000000,829968.44
1597,lrange5,1000000,1290343.25
1598,lpush5,1000000,823097.94
1598,lrange5,1000000,1199271.00
1599,lpush5,1000000,827814.62
1599,lrange5,1000000,1192009.50
1600,lpush5,1000000,836133.81
1600,lrange5,1000000,1290322.62
1601,lpush5,1000000,825882.75
1601,lrange5,1000000,1203427.25
1602,lpush5,1000000,829359.88
1602,lrange5,1000000,1176489.38
1603,lpush5,1000000,496063.47
1603,lrange5,1000000,841042.88
1604,lpush5,1000000,827827.88
1604,lrange5,1000000,1251664.50
1605,lpush5,1000000,829888.75
1605,lrange5,1000000,1216564.38
1606,lpush5,1000000,825882.75
1606,lrange5,1000000,1193489.25
1607,lpush5,1000000,839033.56
1607,lrange5,1000000,1292093.00
1608,lpush5,1000000,829888.75
1608,lrange5,1000000,1224166.50
1609,lpush5,1000000,830578.06
1609,lrange5,1000000,1280512.12
1610,lpush5,1000000,835435.25
1610,lrange5,1000000,1269299.50
1611,lpush5,1000000,830101.19
1611,lrange5,1000000,1283923.00
1612,lpush5,1000000,833399.94
1612,lrange5,1000000,1251664.50
1613,lpush5,1000000,837681.75
1613,lrange5,1000000,1264303.38
1614,lpush5,1000000,834831.44
1614,lrange5,1000000,1280450.62
1615,lpush5,1000000,828540.19
1615,lrange5,1000000,1251724.62
1616,lpush5,1000000,832079.88
1616,lrange5,1000000,1234686.38
1617,lpush5,1000000,820423.31
1617,lrange5,1000000,1288845.38
1618,lpush5,1000000,820423.31
1618,lrange5,1000000,1196459.25
1619,lpush5,1000000,832119.81
1619,lrange5,1000000,1250240.00
1620,lpush5,1000000,826631.38
1620,lrange5,1000000,1290363.88
1621,lpush5,1000000,842608.25
1621,lrange5,1000000,1196593.25
1622,lpush5,1000000,827196.06
1622,lrange5,1000000,1269076.12
1623,lpush5,1000000,828026.50
1623,lrange5,1000000,1292031.00
1624,lpush5,1000000,835488.69
1624,lrange5,1000000,1275612.25
1625,lpush5,1000000,829320.06
1625,lrange5,1000000,1293661.00
1626,lpush5,1000000,835595.62
1626,lrange5,1000000,1242295.62
1627,lpush5,1000000,825188.12
1627,lrange5,1000000,1288721.62
1628,lpush5,1000000,830750.81
1628,lrange5,1000000,1292093.00
1629,lpush5,1000000,827960.31
1629,lrange5,1000000,1254705.12
1630,lpush5,1000000,833333.31
1630,lrange5,1000000,1290508.38
1631,lpush5,1000000,836873.62
1631,lrange5,1000000,1290508.38
1632,lpush5,1000000,837641.56
1632,lrange5,1000000,1227033.12
1633,lpush5,1000000,829293.56
1633,lrange5,1000000,1290384.50
1634,lpush5,1000000,834135.12
1634,lrange5,1000000,1287021.88
1635,lpush5,1000000,829955.19
1635,lrange5,1000000,1290384.50
1636,lpush5,1000000,834028.38
1636,lrange5,1000000,1196382.75
1637,lpush5,1000000,825935.62
1637,lrange5,1000000,1262848.50
1638,lpush5,1000000,829399.69
1638,lrange5,1000000,1250000.00
1639,lpush5,1000000,827894.06
1639,lrange5,1000000,1176508.25
1640,lpush5,1000000,833466.62
1640,lrange5,1000000,1288948.38
1641,lpush5,1000000,834175.12
1641,lrange5,1000000,1197700.62
1642,lpush5,1000000,823775.94
1642,lrange5,1000000,1197873.12
1643,lpush5,1000000,823802.31
1643,lrange5,1000000,1280491.62
1644,lpush5,1000000,831348.31
1644,lrange5,1000000,1275653.12
1645,lpush5,1000000,831960.06
1645,lrange5,1000000,789952.56
1646,lpush5,1000000,511010.72
1646,lrange5,1000000,819027.06
1647,lpush5,1000000,768061.44
1647,lrange5,1000000,1273946.50
1648,lpush5,1000000,825082.50
1648,lrange5,1000000,1196344.50
1649,lpush5,1000000,836873.62
1649,lrange5,1000000,1193489.25
1650,lpush5,1000000,826459.50
1650,lrange5,1000000,1236093.88
1651,lpush5,1000000,831308.44
1651,lrange5,1000000,1114952.00
1652,lpush5,1000000,829240.50
1652,lrange5,1000000,1287042.50
1653,lpush5,1000000,823828.69
1653,lrange5,1000000,1251604.50
1654,lpush5,1000000,821031.19
1654,lrange5,1000000,1253173.00
1655,lpush5,1000000,830048.12
1655,lrange5,1000000,1179679.25
1656,lpush5,1000000,832093.19
1656,lrange5,1000000,1277200.50
1657,lpush5,1000000,829187.44
1657,lrange5,1000000,1277180.12
1658,lpush5,1000000,836967.31
1658,lrange5,1000000,1274007.62
1659,lpush5,1000000,836820.06
1659,lrange5,1000000,1269116.75
1660,lpush5,1000000,836173.94
1660,lrange5,1000000,1253193.00
1661,lpush5,1000000,830048.12
1661,lrange5,1000000,1251684.62
1662,lpush5,1000000,833426.62
1662,lrange5,1000000,1288886.50
1663,lpush5,1000000,828566.69
1663,lrange5,1000000,1264303.38
1664,lpush5,1000000,827169.56
1664,lrange5,1000000,1164256.12
1665,lpush5,1000000,826604.94
1665,lrange5,1000000,1188009.50
1666,lpush5,1000000,833359.94
1666,lrange5,1000000,1254825.62
1667,lpush5,1000000,827814.62
1667,lrange5,1000000,1182052.00
1668,lpush5,1000000,827867.56
1668,lrange5,1000000,1187762.50
1669,lpush5,1000000,821705.81
1669,lrange5,1000000,1183450.88
1670,lpush5,1000000,824428.62
1670,lrange5,1000000,1231684.75
1671,lpush5,1000000,830021.56
1671,lrange5,1000000,1287207.25
1672,lpush5,1000000,835488.69
1672,lrange5,1000000,1292051.75
1673,lpush5,1000000,829955.19
1673,lrange5,1000000,1196555.00
1674,lpush5,1000000,823749.62
1674,lrange5,1000000,1288680.38
1675,lpush5,1000000,830021.56
1675,lrange5,1000000,1277200.50
1676,lpush5,1000000,828606.44
1676,lrange5,1000000,1275510.25
1677,lpush5,1000000,832666.12
1677,lrange5,1000000,1283697.12
1678,lpush5,1000000,827827.88
1678,lrange5,1000000,1275632.62
1679,lpush5,1000000,832826.00
1679,lrange5,1000000,1272508.88
1680,lpush5,1000000,823736.44
1680,lrange5,1000000,1196267.88
1681,lpush5,1000000,825829.94
1681,lrange5,1000000,1253173.00
1682,lpush5,1000000,830764.12
1682,lrange5,1000000,1295399.00
1683,lpush5,1000000,830604.62
1683,lrange5,1000000,1285511.62
1684,lpush5,1000000,834884.81
1684,lrange5,1000000,790577.06
1685,lpush5,1000000,826631.38
1685,lrange5,1000000,1275571.50
1686,lpush5,1000000,835582.25
1686,lrange5,1000000,1290384.50
1687,lpush5,1000000,821031.19
1687,lrange5,1000000,1292134.38
1688,lpush5,1000000,833559.94
1688,lrange5,1000000,1293661.00
1689,lpush5,1000000,820436.44
1689,lrange5,1000000,1199405.25
1690,lpush5,1000000,819013.94
1690,lrange5,1000000,1216603.38
1691,lpush5,1000000,827341.62
1691,lrange5,1000000,1193718.38
1692,lpush5,1000000,829187.44
1692,lrange5,1000000,1203485.00
1693,lpush5,1000000,820370.81
1693,lrange5,1000000,1285388.12
1694,lpush5,1000000,830564.81
1694,lrange5,1000000,1279017.88
1695,lpush5,1000000,826446.25
1695,lrange5,1000000,1290384.50
1696,lpush5,1000000,829981.69
1696,lrange5,1000000,1190704.75
1697,lpush5,1000000,827301.94
1697,lrange5,1000000,1283738.12
1698,lpush5,1000000,840497.44
1698,lrange5,1000000,1277200.50
1699,lpush5,1000000,827920.56
1699,lrange5,1000000,1239316.00
1700,lpush5,1000000,834188.50
1700,lrange5,1000000,1295440.38
1701,lpush5,1000000,827827.88
1701,lrange5,1000000,1208173.88
1702,lpush5,1000000,831255.25
1702,lrange5,1000000,1295336.75
1703,lpush5,1000000,830578.06
1703,lrange5,1000000,1275714.38
1704,lpush5,1000000,832173.00
1704,lrange5,1000000,1285367.62
1705,lpush5,1000000,826446.25
1705,lrange5,1000000,1293868.00
1706,lpush5,1000000,828739.00
1706,lrange5,1000000,1246942.62
1707,lpush5,1000000,822368.44
1707,lrange5,1000000,1206620.00
1708,lpush5,1000000,829995.00
1708,lrange5,1000000,1273905.75
1709,lpush5,1000000,821201.94
1709,lrange5,1000000,1265944.25
1710,lpush5,1000000,833333.31
1710,lrange5,1000000,1295399.00
1711,lpush5,1000000,834858.12
1711,lrange5,1000000,1295357.50
1712,lpush5,1000000,828553.44
1712,lrange5,1000000,1200576.25
1713,lpush5,1000000,819724.56
1713,lrange5,1000000,1295378.25
1714,lpush5,1000000,821758.44
1714,lrange5,1000000,1179660.38
1715,lpush5,1000000,825174.94
1715,lrange5,1000000,1283738.12
1716,lpush5,1000000,827262.19
1716,lrange5,1000000,1236291.75
1717,lpush5,1000000,830724.25
1717,lrange5,1000000,1270709.00
1718,lpush5,1000000,821705.81
1718,lrange5,1000000,1283717.62
1719,lpush5,1000000,832066.56
1719,lrange5,1000000,1272488.50
1720,lpush5,1000000,824613.31
1720,lrange5,1000000,1243840.75
1721,lpush5,1000000,829253.75
1721,lrange5,1000000,1295378.25
1722,lpush5,1000000,838357.12
1722,lrange5,1000000,1243960.12
1723,lpush5,1000000,828000.06
1723,lrange5,1000000,1192276.50
1724,lpush5,1000000,823084.75
1724,lrange5,1000000,1182222.25
1725,lpush5,1000000,832692.75
1725,lrange5,1000000,1293681.75
1726,lpush5,1000000,819027.06
1726,lrange5,1000000,1228501.25
1727,lpush5,1000000,831335.00
1727,lrange5,1000000,1184966.88
1728,lpush5,1000000,828672.75
1728,lrange5,1000000,888945.75
1729,lpush5,1000000,693000.69
1729,lrange5,1000000,1243801.00
1730,lpush5,1000000,829213.94
1730,lrange5,1000000,1261034.12
1731,lpush5,1000000,838979.81
1731,lrange5,1000000,1237762.38
1732,lpush5,1000000,830578.06
1732,lrange5,1000000,1288659.75
1733,lpush5,1000000,829187.44
1733,lrange5,1000000,1234745.62
1734,lpush5,1000000,840524.31
1734,lrange5,1000000,1270648.00
1735,lpush5,1000000,833546.62
1735,lrange5,1000000,1274007.62
1736,lpush5,1000000,829280.31
1736,lrange5,1000000,1196516.75
1737,lpush5,1000000,838926.12
1737,lrange5,1000000,1266025.25
1738,lpush5,1000000,836267.56
1738,lrange5,1000000,1292051.75
1739,lpush5,1000000,828593.19
1739,lrange5,1000000,1193603.88
1740,lpush5,1000000,823736.44
1740,lrange5,1000000,1245350.00
1741,lpush5,1000000,826485.94
1741,lrange5,1000000,1245350.00
1742,lpush5,1000000,826485.94
1742,lrange5,1000000,1195125.38
1743,lpush5,1000000,830657.81
1743,lrange5,1000000,1278772.38
1744,lpush5,1000000,828039.75
1744,lrange5,1000000,1206446.38
1745,lpush5,1000000,835435.25
1745,lrange5,1000000,1287104.25
1746,lpush5,1000000,835635.75
1746,lrange5,1000000,1288783.50
1747,lpush5,1000000,825135.31
1747,lrange5,1000000,1290343.25
1748,lpush5,1000000,838249.81
1748,lrange5,1000000,1287021.88
1749,lpush5,1000000,842473.44
1749,lrange5,1000000,1285532.12
1750,lpush5,1000000,828566.69
1750,lrange5,1000000,1282051.38
1751,lpush5,1000000,841750.88
1751,lrange5,1000000,1290322.62
1752,lpush5,1000000,830061.38
1752,lrange5,1000000,1239197.00
1753,lpush5,1000000,831255.25
1753,lrange5,1000000,1196306.12
1754,lpush5,1000000,830657.81
1754,lrange5,1000000,1288680.38
1755,lpush5,1000000,831946.75
1755,lrange5,1000000,1179509.50
1756,lpush5,1000000,825763.88
1756,lrange5,1000000,1292113.75
1757,lpush5,1000000,827143.12
1757,lrange5,1000000,1292113.75
1758,lpush5,1000000,829213.94
1758,lrange5,1000000,1290322.62
1759,lpush5,1000000,839087.25
1759,lrange5,1000000,1199079.12
1760,lpush5,1000000,822421.06
1760,lrange5,1000000,1250180.00
1761,lpush5,1000000,835622.38
1761,lrange5,1000000,1196555.00
1762,lpush5,1000000,828566.69
1762,lrange5,1000000,1275673.50
1763,lpush5,1000000,838330.31
1763,lrange5,1000000,1288762.88
1764,lpush5,1000000,821758.44
1764,lrange5,1000000,1168261.62
1765,lpush5,1000000,835475.31
1765,lrange5,1000000,1183772.75
1766,lpush5,1000000,827960.31
1766,lrange5,1000000,1199098.38
1767,lpush5,1000000,840376.44
1767,lrange5,1000000,1283902.50
1768,lpush5,1000000,840470.56
1768,lrange5,1000000,1290322.62
1769,lpush5,1000000,827143.12
1769,lrange5,1000000,1285388.12
1770,lpush5,1000000,835488.69
1770,lrange5,1000000,1193546.50
1771,lpush5,1000000,838263.25
1771,lrange5,1000000,1273905.75
1772,lpush5,1000000,827156.31
1772,lrange5,1000000,1195029.88
1773,lpush5,1000000,823828.69
1773,lrange5,1000000,1196555.00
1774,lpush5,1000000,829359.88
1774,lrange5,1000000,1292155.00
1775,lpush5,1000000,827249.00
1775,lrange5,1000000,1288680.38
1776,lpush5,1000000,838236.44
1776,lrange5,1000000,1200480.12
1777,lpush5,1000000,829373.12
1777,lrange5,1000000,1203677.50
1778,lpush5,1000000,827196.06
1778,lrange5,1000000,1248499.38
1779,lpush5,1000000,825829.94
1779,lrange5,1000000,1183583.38
1780,lpush5,1000000,838303.44
1780,lrange5,1000000,1199366.88
1781,lpush5,1000000,831441.44
1781,lrange5,1000000,1272427.50
1782,lpush5,1000000,832079.88
1782,lrange5,1000000,1250120.00
1783,lpush5,1000000,829240.50
1783,lrange5,1000000,1190723.88
1784,lpush5,1000000,844662.12
1784,lrange5,1000000,1187762.50
1785,lpush5,1000000,824455.00
1785,lrange5,1000000,1293785.25
1786,lpush5,1000000,839684.31
1786,lrange5,1000000,1290322.62
1787,lpush5,1000000,841110.19
1787,lrange5,1000000,1245449.62
1788,lpush5,1000000,829995.00
1788,lrange5,1000000,1290363.88
1789,lpush5,1000000,824402.25
1789,lrange5,1000000,1292031.00
1790,lpush5,1000000,834804.69
1790,lrange5,1000000,1287042.50
1791,lpush5,1000000,825922.38
1791,lrange5,1000000,1265843.00
1792,lpush5,1000000,828619.69
1792,lrange5,1000000,1182033.12
1793,lpush5,1000000,827275.44
1793,lrange5,1000000,1233104.88
1794,lpush5,1000000,830750.81
1794,lrange5,1000000,1292134.38
1795,lpush5,1000000,823841.88
1795,lrange5,1000000,1264263.00
1796,lpush5,1000000,826657.81
1796,lrange5,1000000,1297016.88
1797,lpush5,1000000,824560.56
1797,lrange5,1000000,1267548.88
1798,lpush5,1000000,825174.94
1798,lrange5,1000000,1265843.00
1799,lpush5,1000000,826485.94
1799,lrange5,1000000,1251744.62
1800,lpush5,1000000,827341.62
1800,lrange5,1000000,1295357.50
1801,lpush5,1000000,827827.88
1801,lrange5,1000000,1293681.75
1802,lpush5,1000000,840470.56
1802,lrange5,1000000,1178120.12
1803,lpush5,1000000,824521.00
1803,lrange5,1000000,1278813.25
1804,lpush5,1000000,839630.56
1804,lrange5,1000000,1291989.62
1805,lpush5,1000000,827814.62
1805,lrange5,1000000,1201923.00
1806,lpush5,1000000,839778.38
1806,lrange5,1000000,1157407.38
1807,lpush5,1000000,835582.25
1807,lrange5,1000000,1190628.62
1808,lpush5,1000000,827867.56
1808,lrange5,1000000,1253152.88
1809,lpush5,1000000,834911.56
1809,lrange5,1000000,1282174.38
1810,lpush5,1000000,827143.12
1810,lrange5,1000000,1287124.88
1811,lpush5,1000000,831468.06
1811,lrange5,1000000,1202384.62
1812,lpush5,1000000,835462.00
1812,lrange5,1000000,1269076.12
1813,lpush5,1000000,819842.62
1813,lrange5,1000000,1183791.62
1814,lpush5,1000000,841110.19
1814,lrange5,1000000,1233164.00
1815,lpush5,1000000,841791.25
1815,lrange5,1000000,1283923.00
1816,lpush5,1000000,826499.12
1816,lrange5,1000000,1295523.25
1817,lpush5,1000000,826618.12
1817,lrange5,1000000,1193546.50
1818,lpush5,1000000,829399.69
1818,lrange5,1000000,1277180.12
1819,lpush5,1000000,830578.06
1819,lrange5,1000000,1262666.62
1820,lpush5,1000000,831946.75
1820,lrange5,1000000,1278915.62
1821,lpush5,1000000,819027.06
1821,lrange5,1000000,1149425.25
1822,lpush5,1000000,828500.38
1822,lrange5,1000000,1213650.50
1823,lpush5,1000000,817071.94
1823,lrange5,1000000,1290487.75
1824,lpush5,1000000,827288.69
1824,lrange5,1000000,1277302.75
1825,lpush5,1000000,825935.62
1825,lrange5,1000000,1300556.62
1826,lpush5,1000000,829981.69
1826,lrange5,1000000,1267589.38
1827,lpush5,1000000,825095.69
1827,lrange5,1000000,1278792.88
1828,lpush5,1000000,833399.94
1828,lrange5,1000000,1262646.50
1829,lpush5,1000000,833386.62
1829,lrange5,1000000,1203773.75
1830,lpush5,1000000,830710.94
1830,lrange5,1000000,1295378.25
1831,lpush5,1000000,832799.38
1831,lrange5,1000000,1248659.12
1832,lpush5,1000000,830631.25
1832,lrange5,1000000,1277282.25
1833,lpush5,1000000,825174.94
1833,lrange5,1000000,1197853.88
1834,lpush5,1000000,826657.81
1834,lrange5,1000000,1256301.50
1835,lpush5,1000000,834951.62
1835,lrange5,1000000,1190838.12
1836,lpush5,1000000,821903.06
1836,lrange5,1000000,1267467.75
1837,lpush5,1000000,831268.50
1837,lrange5,1000000,1288886.50
1838,lpush5,1000000,837574.56
1838,lrange5,1000000,1248679.12
1839,lpush5,1000000,829955.19
1839,lrange5,1000000,1189174.75
1840,lpush5,1000000,826552.06
1840,lrange5,1000000,1169590.62
1841,lpush5,1000000,823045.25
1841,lrange5,1000000,1282071.88
1842,lpush5,1000000,828619.69
1842,lrange5,1000000,1183564.50
1843,lpush5,1000000,831946.75
1843,lrange5,1000000,1203446.50
1844,lpush5,1000000,832053.25
1844,lrange5,1000000,1193336.50
1845,lpush5,1000000,831321.75
1845,lrange5,1000000,1242295.62
1846,lpush5,1000000,831374.94
1846,lrange5,1000000,1256502.50
1847,lpush5,1000000,831295.12
1847,lrange5,1000000,1222591.62
1848,lpush5,1000000,829875.50
1848,lrange5,1000000,1250040.00
1849,lpush5,1000000,825790.25
1849,lrange5,1000000,1275591.88
1850,lpush5,1000000,825777.06
1850,lrange5,1000000,1278792.88
1851,lpush5,1000000,830750.81
1851,lrange5,1000000,1196306.12
1852,lpush5,1000000,828526.94
1852,lrange5,1000000,1178139.00
1853,lpush5,1000000,823084.75
1853,lrange5,1000000,1196497.62
1854,lpush5,1000000,829928.62
1854,lrange5,1000000,1192124.00
1855,lpush5,1000000,825095.69
1855,lrange5,1000000,1183469.75
1856,lpush5,1000000,827301.94
1856,lrange5,1000000,1246982.62
1857,lpush5,1000000,829200.69
1857,lrange5,1000000,1261215.62
1858,lpush5,1000000,832093.19
1858,lrange5,1000000,1190552.38
1859,lpush5,1000000,836833.44
1859,lrange5,1000000,1277302.75
1860,lpush5,1000000,827986.81
1860,lrange5,1000000,1180996.50
1861,lpush5,1000000,839684.31
1861,lrange5,1000000,1282194.88
1862,lpush5,1000000,832706.12
1862,lrange5,1000000,1282112.88
1863,lpush5,1000000,836860.19
1863,lrange5,1000000,1270688.75
1864,lpush5,1000000,830008.25
1864,lrange5,1000000,1270810.62
1865,lpush5,1000000,825909.19
1865,lrange5,1000000,1043053.19
1866,lpush5,1000000,827814.62
1866,lrange5,1000000,1288659.75
1867,lpush5,1000000,830764.12
1867,lrange5,1000000,1283717.62
1868,lpush5,1000000,826512.38
1868,lrange5,1000000,1192124.00
1869,lpush5,1000000,833439.94
1869,lrange5,1000000,1201923.00
1870,lpush5,1000000,825816.69
1870,lrange5,1000000,1280409.75
1871,lpush5,1000000,845484.38
1871,lrange5,1000000,1192124.00
1872,lpush5,1000000,832093.19
1872,lrange5,1000000,1193508.38
1873,lpush5,1000000,830564.81
1873,lrange5,1000000,1288866.00
1874,lpush5,1000000,826459.50
1874,lrange5,1000000,943668.00
1875,lpush5,1000000,824481.44
1875,lrange5,1000000,1256341.75
1876,lpush5,1000000,827156.31
1876,lrange5,1000000,1233104.88
1877,lpush5,1000000,831973.38
1877,lrange5,1000000,1196516.75
1878,lpush5,1000000,827354.88
1878,lrange5,1000000,1287166.00
1879,lpush5,1000000,823841.88
1879,lrange5,1000000,1293661.00
1880,lpush5,1000000,832106.50
1880,lrange5,1000000,1283697.12
1881,lpush5,1000000,841164.00
1881,lrange5,1000000,1290384.50
1882,lpush5,1000000,838343.69
1882,lrange5,1000000,1280430.25
1883,lpush5,1000000,827880.81
1883,lrange5,1000000,1292175.75
1884,lpush5,1000000,832159.69
1884,lrange5,1000000,1277261.88
1885,lpush5,1000000,834951.62
1885,lrange5,1000000,1265883.50
1886,lpush5,1000000,834175.12
1886,lrange5,1000000,1298701.38
1887,lpush5,1000000,831946.75
1887,lrange5,1000000,1262787.88
1888,lpush5,1000000,825174.94
1888,lrange5,1000000,1283717.62
1889,lpush5,1000000,827129.88
1889,lrange5,1000000,1182241.12
1890,lpush5,1000000,828579.94
1890,lrange5,1000000,1264222.50
1891,lpush5,1000000,821110.00
1891,lrange5,1000000,1227033.12
1892,lpush5,1000000,832746.06
1892,lrange5,1000000,1262808.12
1893,lpush5,1000000,843359.19
1893,lrange5,1000000,1287001.25
1894,lpush5,1000000,819698.31
1894,lrange5,1000000,1193756.62
1895,lpush5,1000000,831268.50
1895,lrange5,1000000,1186372.50
1896,lpush5,1000000,833373.31
1896,lrange5,1000000,1256341.75
1897,lpush5,1000000,834068.38
1897,lrange5,1000000,1270831.00
1898,lpush5,1000000,821083.69
1898,lrange5,1000000,1187895.50
1899,lpush5,1000000,833333.31
1899,lrange5,1000000,1264323.62
1900,lpush5,1000000,829915.31
1900,lrange5,1000000,1237702.88
1901,lpush5,1000000,827947.06
1901,lrange5,1000000,1274109.50
1902,lpush5,1000000,826671.06
1902,lrange5,1000000,1280409.75
1903,lpush5,1000000,834068.38
1903,lrange5,1000000,1288783.50
1904,lpush5,1000000,828500.38
1904,lrange5,1000000,1264424.75
1905,lpush5,1000000,831268.50
1905,lrange5,1000000,1212276.38
1906,lpush5,1000000,823749.62
1906,lrange5,1000000,1277343.62
1907,lpush5,1000000,837668.31
1907,lrange5,1000000,1218143.75
1908,lpush5,1000000,831361.62
1908,lrange5,1000000,1277139.25
1909,lpush5,1000000,834201.81
1909,lrange5,1000000,1196344.50
1910,lpush5,1000000,832039.94
1910,lrange5,1000000,1277159.62
1911,lpush5,1000000,825803.50
1911,lrange5,1000000,1275775.50
1912,lpush5,1000000,825122.12
1912,lrange5,1000000,1243781.12
1913,lpush5,1000000,832706.12
1913,lrange5,1000000,1236133.50
1914,lpush5,1000000,836120.44
1914,lrange5,1000000,1275612.25
1915,lpush5,1000000,820410.19
1915,lrange5,1000000,1197853.88
1916,lpush5,1000000,823828.69
1916,lrange5,1000000,1152368.75
1917,lpush5,1000000,830657.81
1917,lrange5,1000000,1251584.50
1918,lpush5,1000000,830578.06
1918,lrange5,1000000,1199232.62
1919,lpush5,1000000,821903.06
1919,lrange5,1000000,1242295.62
1920,lpush5,1000000,828672.75
1920,lrange5,1000000,1251804.75
1921,lpush5,1000000,829213.94
1921,lrange5,1000000,1233045.62
1922,lpush5,1000000,822407.94
1922,lrange5,1000000,1282092.38
1923,lpush5,1000000,830671.12
1923,lrange5,1000000,1295378.25
1924,lpush5,1000000,830048.12
1924,lrange5,1000000,1270790.38
1925,lpush5,1000000,829875.50
1925,lrange5,1000000,1269096.50
1926,lpush5,1000000,825816.69
1926,lrange5,1000000,1243781.12
1927,lpush5,1000000,826446.25
1927,lrange5,1000000,1197892.25
1928,lpush5,1000000,829306.81
1928,lrange5,1000000,1280450.62
1929,lpush5,1000000,829915.31
1929,lrange5,1000000,1285347.00
1930,lpush5,1000000,823762.75
1930,lrange5,1000000,1300431.75
1931,lpush5,1000000,825803.50
1931,lrange5,1000000,1298784.50
1932,lpush5,1000000,838236.44
1932,lrange5,1000000,1269035.50
1933,lpush5,1000000,828000.06
1933,lrange5,1000000,1265863.25
1934,lpush5,1000000,830591.38
1934,lrange5,1000000,1292010.38
1935,lpush5,1000000,831986.69
1935,lrange5,1000000,1102535.88
1936,lpush5,1000000,826499.12
1936,lrange5,1000000,1197968.88
1937,lpush5,1000000,825829.94
1937,lrange5,1000000,1298805.25
1938,lpush5,1000000,837574.56
1938,lrange5,1000000,1202269.25
1939,lpush5,1000000,835609.00
1939,lrange5,1000000,1207903.38
1940,lpush5,1000000,828686.00
1940,lrange5,1000000,1285532.12
1941,lpush5,1000000,827249.00
1941,lrange5,1000000,1250140.00
1942,lpush5,1000000,829253.75
1942,lrange5,1000000,1261054.25
1943,lpush5,1000000,841083.25
1943,lrange5,1000000,1297079.12
1944,lpush5,1000000,838236.44
1944,lrange5,1000000,1297224.38
1945,lpush5,1000000,823097.94
1945,lrange5,1000000,1298742.88
1946,lpush5,1000000,834724.56
1946,lrange5,1000000,1292072.38
1947,lpush5,1000000,826446.25
1947,lrange5,1000000,1193317.38
1948,lpush5,1000000,829306.81
1948,lrange5,1000000,1285408.75
1949,lpush5,1000000,836200.69
1949,lrange5,1000000,1295378.25
1950,lpush5,1000000,828566.69
1950,lrange5,1000000,1251564.38
1951,lpush5,1000000,821188.81
1951,lrange5,1000000,1262727.25
1952,lpush5,1000000,830684.38
1952,lrange5,1000000,1295357.50
1953,lpush5,1000000,835435.25
1953,lrange5,1000000,1280573.62
1954,lpush5,1000000,830777.44
1954,lrange5,1000000,1187914.50
1955,lpush5,1000000,825082.50
1955,lrange5,1000000,1283738.12
1956,lpush5,1000000,829267.00
1956,lrange5,1000000,1197624.00
1957,lpush5,1000000,831255.25
1957,lrange5,1000000,1298722.12
1958,lpush5,1000000,838993.25
1958,lrange5,1000000,1285347.00
1959,lpush5,1000000,823868.19
1959,lrange5,1000000,1278936.00
1960,lpush5,1000000,837561.12
1960,lrange5,1000000,1185023.75
1961,lpush5,1000000,834778.00
1961,lrange5,1000000,1298722.12
1962,lpush5,1000000,829373.12
1962,lrange5,1000000,1253173.00
1963,lpush5,1000000,832639.50
1963,lrange5,1000000,1203562.00
1964,lpush5,1000000,829426.25
1964,lrange5,1000000,1270729.38
1965,lpush5,1000000,827196.06
1965,lrange5,1000000,1250080.00
1966,lpush5,1000000,825935.62
1966,lrange5,1000000,1222728.62
1967,lpush5,1000000,823137.44
1967,lrange5,1000000,1202365.38
1968,lpush5,1000000,826459.50
1968,lrange5,1000000,1230091.00
1969,lpush5,1000000,843183.81
1969,lrange5,1000000,1248499.38
1970,lpush5,1000000,824586.94
1970,lrange5,1000000,1267488.00
1971,lpush5,1000000,834041.69
1971,lrange5,1000000,1288659.75
1972,lpush5,1000000,823736.44
1972,lrange5,1000000,1285347.00
1973,lpush5,1000000,829333.38
1973,lrange5,1000000,1292093.00
1974,lpush5,1000000,823920.94
1974,lrange5,1000000,1259526.38
1975,lpush5,1000000,837561.12
1975,lrange5,1000000,1199175.12
1976,lpush5,1000000,828039.75
1976,lrange5,1000000,1270688.75
1977,lpush5,1000000,831255.25
1977,lrange5,1000000,1300494.12
1978,lpush5,1000000,823084.75
1978,lrange5,1000000,1283697.12
1979,lpush5,1000000,828593.19
1979,lrange5,1000000,1192276.50
1980,lpush5,1000000,823045.25
1980,lrange5,1000000,1186619.25
1981,lpush5,1000000,831308.44
1981,lrange5,1000000,1251624.50
1982,lpush5,1000000,824455.00
1982,lrange5,1000000,1292093.00
1983,lpush5,1000000,821903.06
1983,lrange5,1000000,1273905.75
1984,lpush5,1000000,832692.75
1984,lrange5,1000000,1293723.12
1985,lpush5,1000000,832679.44
1985,lrange5,1000000,1278772.38
1986,lpush5,1000000,823802.31
1986,lrange5,1000000,1283697.12
1987,lpush5,1000000,836187.31
1987,lrange5,1000000,1212373.38
1988,lpush5,1000000,827143.12
1988,lrange5,1000000,1253152.88
1989,lpush5,1000000,834095.06
1989,lrange5,1000000,1253132.88
1990,lpush5,1000000,838939.56
1990,lrange5,1000000,1237722.75
1991,lpush5,1000000,824468.25
1991,lrange5,1000000,1250140.00
1992,lpush5,1000000,827129.88
1992,lrange5,1000000,1246982.62
1993,lpush5,1000000,830564.81
1993,lrange5,1000000,1290322.62
1994,lpush5,1000000,830564.81
1994,lrange5,1000000,1197700.62
1995,lpush5,1000000,832000.00
1995,lrange5,1000000,1275591.88
1996,lpush5,1000000,829426.25
1996,lrange5,1000000,1113870.88
1997,lpush5,1000000,846023.69
1997,lrange5,1000000,1224009.88
1998,lpush5,1000000,827814.62
1998,lrange5,1000000,1210711.88
1999,lpush5,1000000,829915.31
1999,lrange5,1000000,1287021.88
2000,lpush5,1000000,819750.81
2000,lrange5,1000000,1240853.62
