trial,operation,requests,rps
1,lpush5,1000000,512336.06
1,lrange5,1000000,1095342.88
2,lpush5,1000000,809100.38
2,lrange5,1000000,1265822.75
3,lpush5,1000000,820423.31
3,lrange5,1000000,1277139.25
4,lpush5,1000000,814358.25
4,lrange5,1000000,1292072.38
5,lpush5,1000000,813047.12
5,lrange5,1000000,1280409.75
6,lpush5,1000000,811727.25
6,lrange5,1000000,1234607.38
7,lpush5,1000000,821083.69
7,lrange5,1000000,1237702.88
8,lpush5,1000000,807141.25
8,lrange5,1000000,1210731.25
9,lpush5,1000000,821057.44
9,lrange5,1000000,1280409.75
10,lpush5,1000000,813669.69
10,lrange5,1000000,1285388.12
11,lpush5,1000000,805840.44
11,lrange5,1000000,1287021.88
12,lpush5,1000000,832706.12
12,lrange5,1000000,1180958.62
13,lpush5,1000000,821876.75
13,lrange5,1000000,1200499.38
14,lpush5,1000000,821018.00
14,lrange5,1000000,1262646.50
15,lpush5,1000000,814501.62
15,lrange5,1000000,1193527.50
16,lpush5,1000000,809716.56
16,lrange5,1000000,1250260.00
17,lpush5,1000000,822539.50
17,lrange5,1000000,1275530.62
18,lpush5,1000000,813773.81
18,lrange5,1000000,1277323.12
19,lpush5,1000000,817032.69
19,lrange5,1000000,1248479.38
20,lpush5,1000000,817870.75
20,lrange5,1000000,1282133.38
21,lpush5,1000000,813021.12
21,lrange5,1000000,1240714.62
22,lpush5,1000000,821705.81
22,lrange5,1000000,1273885.25
23,lpush5,1000000,817098.06
23,lrange5,1000000,1251584.50
24,lpush5,1000000,815804.25
24,lrange5,1000000,1254946.00
25,lpush5,1000000,821241.31
25,lrange5,1000000,1264323.62
26,lpush5,1000000,810372.81
26,lrange5,1000000,1192047.75
27,lpush5,1000000,819842.62
27,lrange5,1000000,1193489.25
28,lpush5,1000000,825816.69
28,lrange5,1000000,1182354.62
29,lpush5,1000000,823071.56
29,lrange5,1000000,1273987.25
30,lpush5,1000000,821070.56
30,lrange5,1000000,1156309.88
31,lpush5,1000000,821745.25
31,lrange5,1000000,1282051.38
32,lpush5,1000000,815712.94
32,lrange5,1000000,1290384.50
33,lpush5,1000000,812490.69
33,lrange5,1000000,1285491.00
34,lpush5,1000000,820502.06
34,lrange5,1000000,1256462.25
35,lpush5,1000000,821188.81
35,lrange5,1000000,1285388.12
36,lpush5,1000000,814995.94
36,lrange5,1000000,1293661.00
37,lpush5,1000000,811740.25
37,lrange5,1000000,1277241.38
38,lpush5,1000000,811211.62
38,lrange5,1000000,1257861.62
39,lpush5,1000000,813021.12
39,lrange5,1000000,1282236.00
40,lpush5,1000000,814397.38
40,lrange5,1000000,1270648.00
41,lpush5,1000000,816378.75
41,lrange5,1000000,1230051.62
42,lpush5,1000000,814423.44
42,lrange5,1000000,1269238.62
43,lpush5,1000000,807335.00
43,lrange5,1000000,1237623.75
44,lpush5,1000000,812412.69
44,lrange5,1000000,1218046.38
45,lpush5,1000000,816365.69
45,lrange5,1000000,1251724.62
46,lpush5,1000000,814514.62
46,lrange5,1000000,1248479.38
47,lpush5,1000000,813125.19
47,lrange5,1000000,1194915.12
48,lpush5,1000000,809872.06
48,lrange5,1000000,1205012.12
49,lpush5,1000000,811753.25
49,lrange5,1000000,1267508.25
50,lpush5,1000000,811042.94
50,lrange5,1000000,1237643.50
51,lpush5,1000000,812477.69
51,lrange5,1000000,1269218.25
52,lpush5,1000000,814397.38
52,lrange5,1000000,1242255.88
53,lpush5,1000000,814462.50
53,lrange5,1000000,1183602.38
54,lpush5,1000000,817844.62
54,lrange5,1000000,1189193.75
55,lpush5,1000000,821018.00
55,lrange5,1000000,1253293.25
56,lpush5,1000000,815087.19
56,lrange5,1000000,1179584.88
57,lpush5,1000000,816365.69
57,lrange5,1000000,1272325.62
58,lpush5,1000000,815765.12
58,lrange5,1000000,1275775.50
59,lpush5,1000000,820515.19
59,lrange5,1000000,1283697.12
60,lpush5,1000000,815739.00
60,lrange5,1000000,1273905.75
61,lpush5,1000000,811094.88
61,lrange5,1000000,1274007.62
62,lpush5,1000000,818356.81
62,lrange5,1000000,1191933.25
63,lpush5,1000000,817661.44
63,lrange5,1000000,1248559.25
64,lpush5,1000000,807154.19
64,lrange5,1000000,1261034.12
65,lpush5,1000000,819158.12
65,lrange5,1000000,1288721.62
66,lpush5,1000000,813682.69
66,lrange5,1000000,1186505.38
67,lpush5,1000000,817674.56
67,lrange5,1000000,1221001.25
68,lpush5,1000000,818343.69
68,lrange5,1000000,1265903.75
69,lpush5,1000000,819066.38
69,lrange5,1000000,1200729.88
70,lpush5,1000000,825267.31
70,lrange5,1000000,1254865.75
71,lpush5,1000000,813021.12
71,lrange5,1000000,1201980.75
72,lpush5,1000000,812568.69
72,lrange5,1000000,1212257.00
73,lpush5,1000000,821692.69
73,lrange5,1000000,1197719.75
74,lpush5,1000000,818487.75
74,lrange5,1000000,1262646.50
75,lpush5,1000000,819000.88
75,lrange5,1000000,1261074.38
76,lpush5,1000000,818422.25
76,lrange5,1000000,1269035.50
77,lpush5,1000000,824402.25
77,lrange5,1000000,1202173.00
78,lpush5,1000000,814371.31
78,lrange5,1000000,1287083.62
79,lpush5,1000000,824468.25
79,lrange5,1000000,1285347.00
80,lpush5,1000000,813708.75
80,lrange5,1000000,1272407.12
81,lpush5,1000000,811753.25
81,lrange5,1000000,1285388.12
82,lpush5,1000000,813812.88
82,lrange5,1000000,1280409.75
83,lpush5,1000000,809755.44
83,lrange5,1000000,1261094.62
84,lpush5,1000000,812412.69
84,lrange5,1000000,1245429.62
85,lpush5,1000000,820344.56
85,lrange5,1000000,1196555.00
86,lpush5,1000000,815712.94
86,lrange5,1000000,1221001.25
87,lpush5,1000000,819197.44
87,lrange5,1000000,1187876.50
88,lpush5,1000000,805840.44
88,lrange5,1000000,1288762.88
89,lpush5,1000000,823802.31
89,lrange5,1000000,1269076.12
90,lpush5,1000000,818500.81
90,lrange5,1000000,1186334.50
91,lpush5,1000000,814332.19
91,lrange5,1000000,1287124.88
92,lpush5,1000000,812542.69
92,lrange5,1000000,1282051.38
93,lpush5,1000000,815869.50
93,lrange5,1000000,1250000.00
94,lpush5,1000000,811922.06
94,lrange5,1000000,1245628.88
95,lpush5,1000000,815048.06
95,lrange5,1000000,1275714.38
96,lpush5,1000000,819737.69
96,lrange5,1000000,1259466.00
97,lpush5,1000000,811740.25
97,lrange5,1000000,1259486.12
98,lpush5,1000000,821044.31
98,lrange5,1000000,1282194.88
99,lpush5,1000000,827814.62
99,lrange5,1000000,1285367.62
100,lpush5,1000000,811844.19
100,lrange5,1000000,1242315.50
101,lpush5,1000000,815048.06
101,lrange5,1000000,1269035.50
102,lpush5,1000000,816339.56
102,lrange5,1000000,1243960.12
103,lpush5,1000000,815673.75
103,lrange5,1000000,1272285.00
104,lpush5,1000000,814462.50
104,lrange5,1000000,1272305.38
105,lpush5,1000000,809742.50
105,lrange5,1000000,1251604.50
106,lpush5,1000000,815673.75
106,lrange5,1000000,1202173.00
107,lpush5,1000000,813851.94
107,lrange5,1000000,1275571.50
108,lpush5,1000000,819842.62
108,lrange5,1000000,1283779.25
109,lpush5,1000000,816417.94
109,lrange5,1000000,1254765.38
110,lpush5,1000000,820383.94
110,lrange5,1000000,1287021.88
111,lpush5,1000000,811753.25
111,lrange5,1000000,1280409.75
112,lpush5,1000000,818513.94
112,lrange5,1000000,957946.31
113,lpush5,1000000,811198.69
113,lrange5,1000000,1269198.00
114,lpush5,1000000,818435.38
114,lrange5,1000000,1200768.25
115,lpush5,1000000,809794.31
115,lrange5,1000000,1254805.50
116,lpush5,1000000,809281.56
116,lrange5,1000000,1269055.88
117,lpush5,1000000,816391.81
117,lrange5,1000000,1272407.12
118,lpush5,1000000,817831.50
118,lrange5,1000000,1265843.00
119,lpush5,1000000,819105.69
119,lrange5,1000000,1283840.88
120,lpush5,1000000,826525.62
120,lrange5,1000000,1280409.75
121,lpush5,1000000,807102.50
121,lrange5,1000000,1282092.38
122,lpush5,1000000,812386.69
122,lrange5,1000000,1272508.88
123,lpush5,1000000,811753.25
123,lrange5,1000000,1172670.62
124,lpush5,1000000,820344.56
124,lrange5,1000000,1243920.38
125,lpush5,1000000,813812.88
125,lrange5,1000000,1231527.12
126,lpush5,1000000,819013.94
126,lrange5,1000000,1173821.62
127,lpush5,1000000,814397.38
127,lrange5,1000000,1265883.50
128,lpush5,1000000,819750.81
128,lrange5,1000000,1265843.00
129,lpush5,1000000,823775.94
129,lrange5,1000000,1210886.25
130,lpush5,1000000,815726.00
130,lrange5,1000000,1274211.38
131,lpush5,1000000,821096.81
131,lrange5,1000000,1200595.38
132,lpush5,1000000,821889.88
132,lrange5,1000000,1239197.00
133,lpush5,1000000,817006.56
133,lrange5,1000000,1265883.50
134,lpush5,1000000,819184.31
134,lrange5,1000000,1272305.38
135,lpush5,1000000,814410.38
135,lrange5,1000000,1272447.88
136,lpush5,1000000,819027.06
136,lrange5,1000000,1287104.25
137,lpush5,1000000,809768.44
137,lrange5,1000000,1269035.50
138,lpush5,1000000,808498.00
138,lrange5,1000000,1264263.00
139,lpush5,1000000,820370.81
139,lrange5,1000000,1250020.00
140,lpush5,1000000,815008.94
140,lrange5,1000000,1282092.38
141,lpush5,1000000,817726.88
141,lrange5,1000000,1283758.75
142,lpush5,1000000,816417.94
142,lrange5,1000000,1282071.88
143,lpush5,1000000,809755.44
143,lrange5,1000000,1283717.62
144,lpush5,1000000,816391.81
144,lrange5,1000000,1278772.38
145,lpush5,1000000,825829.94
145,lrange5,1000000,1187838.50
146,lpush5,1000000,814514.62
146,lrange5,1000000,1269218.25
147,lpush5,1000000,820357.69
147,lrange5,1000000,1282277.00
148,lpush5,1000000,830564.81
148,lrange5,1000000,1280430.25
149,lpush5,1000000,831348.31
149,lrange5,1000000,1267670.50
150,lpush5,1000000,814995.94
150,lrange5,1000000,1261054.25
151,lpush5,1000000,817045.75
151,lrange5,1000000,1237782.12
152,lpush5,1000000,823934.12
152,lrange5,1000000,1262727.25
153,lpush5,1000000,815712.94
153,lrange5,1000000,1262646.50
154,lpush5,1000000,815739.00
154,lrange5,1000000,1185175.38
155,lpush5,1000000,810398.75
155,lrange5,1000000,1182430.25
156,lpush5,1000000,819171.19
156,lrange5,1000000,1228638.75
157,lpush5,1000000,821797.88
157,lrange5,1000000,1196574.12
158,lpush5,1000000,811740.25
158,lrange5,1000000,1240694.75
159,lpush5,1000000,813099.19
159,lrange5,1000000,1288701.00
160,lpush5,1000000,813708.75
160,lrange5,1000000,1290322.62
161,lpush5,1000000,816352.62
161,lrange5,1000000,1273946.50
162,lpush5,1000000,813760.81
162,lrange5,1000000,1262626.25
163,lpush5,1000000,822460.56
163,lrange5,1000000,1262666.62
164,lpush5,1000000,813734.75
164,lrange5,1000000,1288845.38
165,lpush5,1000000,807167.12
165,lrange5,1000000,1219687.88
166,lpush5,1000000,821149.38
166,lrange5,1000000,1213611.62
167,lpush5,1000000,813838.94
167,lrange5,1000000,1285408.75
168,lpush5,1000000,815739.00
168,lrange5,1000000,1228697.75
169,lpush5,1000000,808523.88
169,lrange5,1000000,1287042.50
170,lpush5,1000000,821018.00
170,lrange5,1000000,1262646.50
171,lpush5,1000000,816339.56
171,lrange5,1000000,1270790.38
172,lpush5,1000000,813760.81
172,lrange5,1000000,1253132.88
173,lpush5,1000000,817111.12
173,lrange5,1000000,1200576.25
174,lpush5,1000000,816993.50
174,lrange5,1000000,1194800.50
175,lpush5,1000000,815660.69
175,lrange5,1000000,1187914.50
176,lpush5,1000000,807883.69
176,lrange5,1000000,1194762.25
177,lpush5,1000000,812412.69
177,lrange5,1000000,1287063.00
178,lpush5,1000000,819711.44
178,lrange5,1000000,1200499.38
179,lpush5,1000000,818461.56
179,lrange5,1000000,1202000.00
180,lpush5,1000000,815660.69
180,lrange5,1000000,1269035.50
181,lpush5,1000000,820383.94
181,lrange5,1000000,1288721.62
182,lpush5,1000000,815660.69
182,lrange5,1000000,1203619.75
183,lpush5,1000000,821705.81
183,lrange5,1000000,1194781.38
184,lpush5,1000000,824521.00
184,lrange5,1000000,1189174.75
185,lpush5,1000000,820383.94
185,lrange5,1000000,1187857.50
186,lpush5,1000000,817700.69
186,lrange5,1000000,1237782.12
187,lpush5,1000000,818330.62
187,lrange5,1000000,1236212.62
188,lpush5,1000000,819842.62
188,lrange5,1000000,1239216.88
189,lpush5,1000000,823097.94
189,lrange5,1000000,1234607.38
190,lpush5,1000000,818448.44
190,lrange5,1000000,1197739.00
191,lpush5,1000000,811727.25
191,lrange5,1000000,1197834.75
192,lpush5,1000000,821162.50
192,lrange5,1000000,1234745.62
193,lpush5,1000000,811844.19
193,lrange5,1000000,1261034.12
194,lpush5,1000000,832066.56
194,lrange5,1000000,1259445.75
195,lpush5,1000000,822368.44
195,lrange5,1000000,986193.25
196,lpush5,1000000,760590.06
196,lrange5,1000000,1273885.25
197,lpush5,1000000,818383.00
197,lrange5,1000000,1197853.88
198,lpush5,1000000,813747.75
198,lrange5,1000000,1254705.12
199,lpush5,1000000,812542.69
199,lrange5,1000000,1209634.75
200,lpush5,1000000,816522.44
200,lrange5,1000000,1184834.12
201,lpush5,1000000,812399.69
201,lrange5,1000000,1245449.62
202,lpush5,1000000,813034.12
202,lrange5,1000000,1203388.75
203,lpush5,1000000,809742.50
203,lrange5,1000000,1200710.62
204,lpush5,1000000,827222.50
204,lrange5,1000000,1278792.88
205,lpush5,1000000,819040.19
205,lrange5,1000000,1272305.38
206,lpush5,1000000,819210.50
206,lrange5,1000000,1256402.00
207,lpush5,1000000,813151.19
207,lrange5,1000000,1254805.50
208,lpush5,1000000,819724.56
208,lrange5,1000000,1259627.12
209,lpush5,1000000,817189.56
209,lrange5,1000000,1288701.00
210,lpush5,1000000,817202.62
210,lrange5,1000000,1269076.12
211,lpush5,1000000,814345.25
211,lrange5,1000000,1189479.12
212,lpush5,1000000,815673.75
212,lrange5,1000000,1205031.38
213,lpush5,1000000,815126.31
213,lrange5,1000000,1258083.00
214,lpush5,1000000,809100.38
214,lrange5,1000000,1254825.62
215,lpush5,1000000,805243.19
215,lrange5,1000000,800089.62
216,lpush5,1000000,504835.97
216,lrange5,1000000,754801.50
217,lpush5,1000000,604769.00
217,lrange5,1000000,1272325.62
218,lpush5,1000000,819724.56
218,lrange5,1000000,1280532.62
219,lpush5,1000000,817726.88
219,lrange5,1000000,1267427.12
220,lpush5,1000000,820515.19
220,lrange5,1000000,1248439.50
221,lpush5,1000000,817006.56
221,lrange5,1000000,1257881.75
222,lpush5,1000000,815830.38
222,lrange5,1000000,1234567.88
223,lpush5,1000000,822434.25
223,lrange5,1000000,1278874.62
224,lpush5,1000000,810424.69
224,lrange5,1000000,1270749.62
225,lpush5,1000000,815048.06
225,lrange5,1000000,1287145.38
226,lpush5,1000000,819881.94
226,lrange5,1000000,1199040.75
227,lpush5,1000000,813721.75
227,lrange5,1000000,1192219.38
228,lpush5,1000000,817111.12
228,lrange5,1000000,1253293.25
229,lpush5,1000000,809885.00
229,lrange5,1000000,1287269.00
230,lpush5,1000000,817085.00
230,lrange5,1000000,1213592.25
231,lpush5,1000000,816431.00
231,lrange5,1000000,1204819.25
232,lpush5,1000000,823216.44
232,lrange5,1000000,1103876.38
233,lpush5,1000000,813669.69
233,lrange5,1000000,1283881.88
234,lpush5,1000000,810437.62
234,lrange5,1000000,837641.56
235,lpush5,1000000,506601.84
235,lrange5,1000000,771654.31
236,lpush5,1000000,750379.62
236,lrange5,1000000,1270770.00
237,lpush5,1000000,825829.94
237,lrange5,1000000,1194876.88
238,lpush5,1000000,809781.38
238,lrange5,1000000,1197949.75
239,lpush5,1000000,818448.44
239,lrange5,1000000,1269076.12
240,lpush5,1000000,811250.56
240,lrange5,1000000,1195163.62
241,lpush5,1000000,811042.94
241,lrange5,1000000,1202365.38
242,lpush5,1000000,815686.81
242,lrange5,1000000,1219590.25
243,lpush5,1000000,815895.62
243,lrange5,1000000,1190609.50
244,lpush5,1000000,807102.50
244,lrange5,1000000,1161551.62
245,lpush5,1000000,813682.69
245,lrange5,1000000,1285347.00
246,lpush5,1000000,813034.12
246,lrange5,1000000,1240734.50
247,lpush5,1000000,808523.88
247,lrange5,1000000,1202076.88
248,lpush5,1000000,806020.94
248,lrange5,1000000,1288701.00
249,lpush5,1000000,815804.25
249,lrange5,1000000,1197662.25
250,lpush5,1000000,821018.00
250,lrange5,1000000,1225509.88
251,lpush5,1000000,813812.88
251,lrange5,1000000,1269218.25
252,lpush5,1000000,634156.00
252,lrange5,1000000,1233045.62
253,lpush5,1000000,809794.31
253,lrange5,1000000,1282051.38
254,lpush5,1000000,813216.25
254,lrange5,1000000,1239157.38
255,lpush5,1000000,809872.06
255,lrange5,1000000,1262646.50
256,lpush5,1000000,814995.94
256,lrange5,1000000,1290446.50
257,lpush5,1000000,817792.25
257,lrange5,1000000,1243781.12
258,lpush5,1000000,815139.38
258,lrange5,1000000,1237643.50
259,lpush5,1000000,813138.19
259,lrange5,1000000,1207961.38
260,lpush5,1000000,809923.88
260,lrange5,1000000,1206523.50
261,lpush5,1000000,813086.19
261,lrange5,1000000,1270709.00
262,lpush5,1000000,810385.75
262,lrange5,1000000,1274089.12
263,lpush5,1000000,811844.19
263,lrange5,1000000,1267447.50
264,lpush5,1000000,823124.25
264,lrange5,1000000,1288824.75
265,lpush5,1000000,811030.00
265,lrange5,1000000,1227013.50
266,lpush5,1000000,815712.94
266,lrange5,1000000,1176865.88
267,lpush5,1000000,814371.31
267,lrange5,1000000,1230228.75
268,lpush5,1000000,815191.50
268,lrange5,1000000,1194915.12
269,lpush5,1000000,817726.88
269,lrange5,1000000,1228619.12
270,lpush5,1000000,821692.69
270,lrange5,1000000,1256281.38
271,lpush5,1000000,822368.44
271,lrange5,1000000,1194743.12
272,lpush5,1000000,819685.25
272,lrange5,1000000,1193737.50
273,lpush5,1000000,816993.50
273,lrange5,1000000,1278895.12
274,lpush5,1000000,823216.44
274,lrange5,1000000,1231527.12
275,lpush5,1000000,819105.69
275,lrange5,1000000,1282236.00
276,lpush5,1000000,813060.12
276,lrange5,1000000,1262646.50
277,lpush5,1000000,819053.25
277,lrange5,1000000,1168635.50
278,lpush5,1000000,824455.00
278,lrange5,1000000,1199079.12
279,lpush5,1000000,815712.94
279,lrange5,1000000,1182033.12
280,lpush5,1000000,817058.81
280,lrange5,1000000,1231625.62
281,lpush5,1000000,816404.88
281,lrange5,1000000,1197853.88
282,lpush5,1000000,818343.69
282,lrange5,1000000,1259486.12
283,lpush5,1000000,824455.00
283,lrange5,1000000,1282051.38
284,lpush5,1000000,819724.56
284,lrange5,1000000,1222591.62
285,lpush5,1000000,821732.12
285,lrange5,1000000,1262727.25
286,lpush5,1000000,817006.56
286,lrange5,1000000,1199251.75
287,lpush5,1000000,819053.25
287,lrange5,1000000,1259667.50
288,lpush5,1000000,817045.75
288,lrange5,1000000,1267569.12
289,lpush5,1000000,818422.25
289,lrange5,1000000,1272386.75
290,lpush5,1000000,823894.56
290,lrange5,1000000,1209267.25
291,lpush5,1000000,826446.25
291,lrange5,1000000,1206677.88
292,lpush5,1000000,811068.94
292,lrange5,1000000,1259627.12
293,lpush5,1000000,816326.50
293,lrange5,1000000,1199347.75
294,lpush5,1000000,811740.25
294,lrange5,1000000,1200749.12
295,lpush5,1000000,817019.62
295,lrange5,1000000,1262929.25
296,lpush5,1000000,820541.44
296,lrange5,1000000,1270831.00
297,lpush5,1000000,811081.88
297,lrange5,1000000,1269076.12
298,lpush5,1000000,811753.25
298,lrange5,1000000,1270729.38
299,lpush5,1000000,812347.75
299,lrange5,1000000,1253293.25
300,lpush5,1000000,813838.94
300,lrange5,1000000,1186410.50
301,lpush5,1000000,819698.31
301,lrange5,1000000,1203793.12
302,lpush5,1000000,811805.19
302,lrange5,1000000,1278833.75
303,lpush5,1000000,813669.69
303,lrange5,1000000,1237663.38
304,lpush5,1000000,823071.56
304,lrange5,1000000,1287021.88
305,lpush5,1000000,821175.69
305,lrange5,1000000,1205224.12
306,lpush5,1000000,814436.44
306,lrange5,1000000,1196497.62
307,lpush5,1000000,821692.69
307,lrange5,1000000,1189174.75
308,lpush5,1000000,811779.25
308,lrange5,1000000,1230189.38
309,lpush5,1000000,814371.31
309,lrange5,1000000,1228697.75
310,lpush5,1000000,813669.69
310,lrange5,1000000,1280553.12
311,lpush5,1000000,810411.69
311,lrange5,1000000,1278956.50
312,lpush5,1000000,816352.62
312,lrange5,1000000,1280573.62
313,lpush5,1000000,813734.75
313,lrange5,1000000,1199290.12
314,lpush5,1000000,816365.69
314,lrange5,1000000,1203793.12
315,lpush5,1000000,816535.50
315,lrange5,1000000,1267548.88
316,lpush5,1000000,813138.19
316,lrange5,1000000,1250020.00
317,lpush5,1000000,810541.38
317,lrange5,1000000,1272325.62
318,lpush5,1000000,814332.19
318,lrange5,1000000,1190876.25
319,lpush5,1000000,822552.69
319,lrange5,1000000,1175276.12
320,lpush5,1000000,815882.56
320,lrange5,1000000,1222591.62
321,lpush5,1000000,818383.00
321,lrange5,1000000,1189384.00
322,lpush5,1000000,817058.81
322,lrange5,1000000,1234745.62
323,lpush5,1000000,814995.94
323,lrange5,1000000,1278833.75
324,lpush5,1000000,812451.69
324,lrange5,1000000,1280635.00
325,lpush5,1000000,817006.56
325,lrange5,1000000,1227033.12
326,lpush5,1000000,817713.81
326,lrange5,1000000,1282133.38
327,lpush5,1000000,811857.12
327,lrange5,1000000,1270709.00
328,lpush5,1000000,815048.06
328,lrange5,1000000,1185213.25
329,lpush5,1000000,809897.94
329,lrange5,1000000,1199309.38
330,lpush5,1000000,812347.75
330,lrange5,1000000,1267508.25
331,lpush5,1000000,822473.69
331,lrange5,1000000,1269096.50
332,lpush5,1000000,823216.44
332,lrange5,1000000,1272285.00
333,lpush5,1000000,812529.69
333,lrange5,1000000,1200729.88
334,lpush5,1000000,814995.94
334,lrange5,1000000,1265984.75
335,lpush5,1000000,819816.38
335,lrange5,1000000,1285388.12
336,lpush5,1000000,822447.38
336,lrange5,1000000,1228501.25
337,lpush5,1000000,807883.69
337,lrange5,1000000,1267508.25
338,lpush5,1000000,813177.25
338,lrange5,1000000,1236212.62
339,lpush5,1000000,812425.69
339,lrange5,1000000,1287063.00
340,lpush5,1000000,812347.75
340,lrange5,1000000,1287001.25
341,lpush5,1000000,806632.25
341,lrange5,1000000,1272346.00
342,lpush5,1000000,814514.62
342,lrange5,1000000,1280409.75
343,lpush5,1000000,824415.44
343,lrange5,1000000,1192219.38
344,lpush5,1000000,816326.50
344,lrange5,1000000,1240694.75
345,lpush5,1000000,816326.50
345,lrange5,1000000,1194819.62
346,lpush5,1000000,815699.88
346,lrange5,1000000,1226993.88
347,lpush5,1000000,816993.50
347,lrange5,1000000,1233242.88
348,lpush5,1000000,809242.75
348,lrange5,1000000,1285347.00
349,lpush5,1000000,807806.12
349,lrange5,1000000,1199136.75
350,lpush5,1000000,815087.19
350,lrange5,1000000,1196516.75
351,lpush5,1000000,812399.69
351,lrange5,1000000,1270770.00
352,lpush5,1000000,821797.88
352,lrange5,1000000,1202134.62
353,lpush5,1000000,821837.31
353,lrange5,1000000,1204915.62
354,lpush5,1000000,824534.19
354,lrange5,1000000,1237663.38
355,lpush5,1000000,822579.00
355,lrange5,1000000,1187933.50
356,lpush5,1000000,814384.31
356,lrange5,1000000,1262646.50
357,lpush5,1000000,809781.38
357,lrange5,1000000,1186296.62
358,lpush5,1000000,807141.25
358,lrange5,1000000,1259566.75
359,lpush5,1000000,819053.25
359,lrange5,1000000,1189460.12
360,lpush5,1000000,811818.19
360,lrange5,1000000,1280512.12
361,lpush5,1000000,819672.12
361,lrange5,1000000,1199328.50
362,lpush5,1000000,812399.69
362,lrange5,1000000,1199194.25
363,lpush5,1000000,816378.75
363,lrange5,1000000,1280430.25
364,lpush5,1000000,815660.69
364,lrange5,1000000,1203485.00
365,lpush5,1000000,811883.12
365,lrange5,1000000,1251584.50
366,lpush5,1000000,819066.38
366,lrange5,1000000,1251584.50
367,lpush5,1000000,827169.56
367,lrange5,1000000,1269258.88
368,lpush5,1000000,813891.00
368,lrange5,1000000,1196267.88
369,lpush5,1000000,827894.06
369,lrange5,1000000,1287063.00
370,lpush5,1000000,807270.38
370,lrange5,1000000,1270770.00
371,lpush5,1000000,817700.69
371,lrange5,1000000,1280573.62
372,lpush5,1000000,813086.19
372,lrange5,1000000,1285347.00
373,lpush5,1000000,825122.12
373,lrange5,1000000,1283697.12
374,lpush5,1000000,813773.81
374,lrange5,1000000,1280450.62
375,lpush5,1000000,813825.88
375,lrange5,1000000,1200768.25
376,lpush5,1000000,816352.62
376,lrange5,1000000,1259486.12
377,lpush5,1000000,817700.69
377,lrange5,1000000,1169684.12
378,lpush5,1000000,817739.94
378,lrange5,1000000,1222513.38
379,lpush5,1000000,815191.50
379,lrange5,1000000,1187914.50
380,lpush5,1000000,825829.94
380,lrange5,1000000,1261094.62
381,lpush5,1000000,818540.12
381,lrange5,1000000,1256402.00
382,lpush5,1000000,803225.69
382,lrange5,1000000,1222513.38
383,lpush5,1000000,817019.62
383,lrange5,1000000,1236291.75
384,lpush5,1000000,812347.75
384,lrange5,1000000,1245369.88
385,lpush5,1000000,817045.75
385,lrange5,1000000,1275693.88
386,lpush5,1000000,826684.25
386,lrange5,1000000,1254785.50
387,lpush5,1000000,815660.69
387,lrange5,1000000,1247022.50
388,lpush5,1000000,818396.06
388,lrange5,1000000,1283717.62
389,lpush5,1000000,819105.69
389,lrange5,1000000,1193737.50
390,lpush5,1000000,813747.75
390,lrange5,1000000,1262787.88
391,lpush5,1000000,815035.06
391,lrange5,1000000,1207903.38
392,lpush5,1000000,816339.56
392,lrange5,1000000,1282256.50
393,lpush5,1000000,823163.75
393,lrange5,1000000,1230032.00
394,lpush5,1000000,814384.31
394,lrange5,1000000,1272346.00
395,lpush5,1000000,821824.12
395,lrange5,1000000,1258042.75
396,lpush5,1000000,819829.50
396,lrange5,1000000,1215144.62
397,lpush5,1000000,813125.19
397,lrange5,1000000,1272264.62
398,lpush5,1000000,819803.25
398,lrange5,1000000,1270648.00
399,lpush5,1000000,811727.25
399,lrange5,1000000,1206427.00
400,lpush5,1000000,821018.00
400,lrange5,1000000,1175407.75
401,lpush5,1000000,810385.75
401,lrange5,1000000,1258062.88
402,lpush5,1000000,815699.88
402,lrange5,1000000,1183507.62
403,lpush5,1000000,810541.38
403,lrange5,1000000,1267569.12
404,lpush5,1000000,813073.19
404,lrange5,1000000,1203716.00
405,lpush5,1000000,813151.19
405,lrange5,1000000,1231606.00
406,lpush5,1000000,816417.94
406,lrange5,1000000,1251564.38
407,lpush5,1000000,814332.19
407,lrange5,1000000,1236153.25
408,lpush5,1000000,815712.94
408,lrange5,1000000,1194800.50
409,lpush5,1000000,814345.25
409,lrange5,1000000,1194991.62
410,lpush5,1000000,823071.56
410,lrange5,1000000,1197719.75
411,lpush5,1000000,813851.94
411,lrange5,1000000,1243820.88
412,lpush5,1000000,821758.44
412,lrange5,1000000,1272285.00
413,lpush5,1000000,810528.38
413,lrange5,1000000,1203773.75
414,lpush5,1000000,817045.75
414,lrange5,1000000,1264404.50
415,lpush5,1000000,809807.25
415,lrange5,1000000,1200902.75
416,lpush5,1000000,818474.62
416,lrange5,1000000,1269279.25
417,lpush5,1000000,805840.44
417,lrange5,1000000,1277343.62
418,lpush5,1000000,819750.81
418,lrange5,1000000,1262646.50
419,lpush5,1000000,811042.94
419,lrange5,1000000,1253193.00
420,lpush5,1000000,817006.56
420,lrange5,1000000,1256402.00
421,lpush5,1000000,819842.62
421,lrange5,1000000,1278956.50
422,lpush5,1000000,817124.19
422,lrange5,1000000,1254705.12
423,lpush5,1000000,814514.62
423,lrange5,1000000,1242295.62
424,lpush5,1000000,819842.62
424,lrange5,1000000,1171334.88
425,lpush5,1000000,814332.19
425,lrange5,1000000,1256381.88
426,lpush5,1000000,814995.94
426,lrange5,1000000,1265843.00
427,lpush5,1000000,815048.06
427,lrange5,1000000,1197662.25
428,lpush5,1000000,814501.62
428,lrange5,1000000,1186277.62
429,lpush5,1000000,816378.75
429,lrange5,1000000,1280594.12
430,lpush5,1000000,817058.81
430,lrange5,1000000,1280573.62
431,lpush5,1000000,816339.56
431,lrange5,1000000,1280430.25
432,lpush5,1000000,808523.88
432,lrange5,1000000,1199079.12
433,lpush5,1000000,821188.81
433,lrange5,1000000,1278997.38
434,lpush5,1000000,811081.88
434,lrange5,1000000,1193546.50
435,lpush5,1000000,817058.81
435,lrange5,1000000,1190685.75
436,lpush5,1000000,817661.44
436,lrange5,1000000,1189327.00
437,lpush5,1000000,815074.19
437,lrange5,1000000,1283799.75
438,lpush5,1000000,821758.44
438,lrange5,1000000,1264222.50
439,lpush5,1000000,818396.06
439,lrange5,1000000,1265822.75
440,lpush5,1000000,811779.25
440,lrange5,1000000,1272488.50
441,lpush5,1000000,815139.38
441,lrange5,1000000,1282256.50
442,lpush5,1000000,815217.62
442,lrange5,1000000,1287001.25
443,lpush5,1000000,819079.50
443,lrange5,1000000,1199136.75
444,lpush5,1000000,813008.12
444,lrange5,1000000,1250020.00
445,lpush5,1000000,826538.81
445,lrange5,1000000,1243840.75
446,lpush5,1000000,805178.75
446,lrange5,1000000,1287021.88
447,lpush5,1000000,814995.94
447,lrange5,1000000,1280450.62
448,lpush5,1000000,807205.81
448,lrange5,1000000,1275530.62
449,lpush5,1000000,828513.69
449,lrange5,1000000,1190495.25
450,lpush5,1000000,813047.12
450,lrange5,1000000,1285491.00
451,lpush5,1000000,817766.12
451,lrange5,1000000,1269035.50
452,lpush5,1000000,815008.94
452,lrange5,1000000,1230032.00
453,lpush5,1000000,813825.88
453,lrange5,1000000,1259486.12
454,lpush5,1000000,808485.06
454,lrange5,1000000,1210963.75
455,lpush5,1000000,823775.94
455,lrange5,1000000,1190685.75
456,lpush5,1000000,813838.94
456,lrange5,1000000,1272325.62
457,lpush5,1000000,813773.81
457,lrange5,1000000,1237683.12
458,lpush5,1000000,813721.75
458,lrange5,1000000,1196191.38
459,lpush5,1000000,820488.94
459,lrange5,1000000,1262747.50
460,lpush5,1000000,819053.25
460,lrange5,1000000,1259586.88
461,lpush5,1000000,819092.56
461,lrange5,1000000,1259586.88
462,lpush5,1000000,811753.25
462,lrange5,1000000,1285491.00
463,lpush5,1000000,812581.69
463,lrange5,1000000,1200576.25
464,lpush5,1000000,810502.44
464,lrange5,1000000,1254865.75
465,lpush5,1000000,818461.56
465,lrange5,1000000,1227033.12
466,lpush5,1000000,819000.88
466,lrange5,1000000,1282194.88
467,lpush5,1000000,823789.12
467,lrange5,1000000,1197643.12
468,lpush5,1000000,813047.12
468,lrange5,1000000,1265863.25
469,lpush5,1000000,810489.50
469,lrange5,1000000,1287063.00
470,lpush5,1000000,821188.81
470,lrange5,1000000,1196497.62
471,lpush5,1000000,809061.50
471,lrange5,1000000,1266025.25
472,lpush5,1000000,814384.31
472,lrange5,1000000,1243960.12
473,lpush5,1000000,813008.12
473,lrange5,1000000,1227013.50
474,lpush5,1000000,827867.56
474,lrange5,1000000,1233262.62
475,lpush5,1000000,815008.94
475,lrange5,1000000,1277241.38
476,lpush5,1000000,815100.25
476,lrange5,1000000,1283758.75
477,lpush5,1000000,813060.12
477,lrange5,1000000,1283861.38
478,lpush5,1000000,814397.38
478,lrange5,1000000,1190857.12
479,lpush5,1000000,809846.12
479,lrange5,1000000,1262808.12
480,lpush5,1000000,828619.69
480,lrange5,1000000,1121327.38
481,lpush5,1000000,813047.12
481,lrange5,1000000,1233381.00
482,lpush5,1000000,811042.94
482,lrange5,1000000,1251684.62
483,lpush5,1000000,813682.69
483,lrange5,1000000,1192181.12
484,lpush5,1000000,814345.25
484,lrange5,1000000,1262868.75
485,lpush5,1000000,817883.88
485,lrange5,1000000,1215125.12
486,lpush5,1000000,823802.31
486,lrange5,1000000,1196344.50
487,lpush5,1000000,819000.88
487,lrange5,1000000,1267427.12
488,lpush5,1000000,829373.12
488,lrange5,1000000,1282153.88
489,lpush5,1000000,809897.94
489,lrange5,1000000,1231546.88
490,lpush5,1000000,815778.19
490,lrange5,1000000,1243880.62
491,lpush5,1000000,815712.94
491,lrange5,1000000,1196325.38
492,lpush5,1000000,811844.19
492,lrange5,1000000,1206291.88
493,lpush5,1000000,809178.06
493,lrange5,1000000,1169628.00
494,lpush5,1000000,818487.75
494,lrange5,1000000,1280573.62
495,lpush5,1000000,812464.69
495,lrange5,1000000,1233203.50
496,lpush5,1000000,819672.12
496,lrange5,1000000,1261276.25
497,lpush5,1000000,817189.56
497,lrange5,1000000,1270688.75
498,lpush5,1000000,811081.88
498,lrange5,1000000,1192238.38
499,lpush5,1000000,819092.56
499,lrange5,1000000,1199271.00
500,lpush5,1000000,821031.19
500,lrange5,1000000,1224127.38
501,lpush5,1000000,812438.69
501,lrange5,1000000,1287145.38
502,lpush5,1000000,822381.62
502,lrange5,1000000,1278792.88
503,lpush5,1000000,815843.44
503,lrange5,1000000,1267528.50
504,lpush5,1000000,807896.56
504,lrange5,1000000,1209402.62
505,lpush5,1000000,815165.44
505,lrange5,1000000,1275653.12
506,lpush5,1000000,819829.50
506,lrange5,1000000,1200480.12
507,lpush5,1000000,809716.56
507,lrange5,1000000,1230051.62
508,lpush5,1000000,809268.62
508,lrange5,1000000,1194876.88
509,lpush5,1000000,817019.62
509,lrange5,1000000,1273926.12
510,lpush5,1000000,809229.81
510,lrange5,1000000,1283902.50
511,lpush5,1000000,815165.44
511,lrange5,1000000,1187971.50
512,lpush5,1000000,813734.75
512,lrange5,1000000,1267650.25
513,lpush5,1000000,811714.31
513,lrange5,1000000,1285449.88
514,lpush5,1000000,807857.81
514,lrange5,1000000,1269035.50
515,lpush5,1000000,813682.69
515,lrange5,1000000,1240913.12
516,lpush5,1000000,809191.00
516,lrange5,1000000,1240893.25
517,lpush5,1000000,823045.25
517,lrange5,1000000,1246962.62
518,lpush5,1000000,813073.19
518,lrange5,1000000,1269137.12
519,lpush5,1000000,817700.69
519,lrange5,1000000,1203581.25
520,lpush5,1000000,809768.44
520,lrange5,1000000,1192200.25
521,lpush5,1000000,815712.94
521,lrange5,1000000,1269218.25
522,lpush5,1000000,817045.75
522,lrange5,1000000,1193546.50
523,lpush5,1000000,819685.25
523,lrange5,1000000,1282236.00
524,lpush5,1000000,812568.69
524,lrange5,1000000,1251644.50
525,lpush5,1000000,816378.75
525,lrange5,1000000,1251644.50
526,lpush5,1000000,817098.06
526,lrange5,1000000,1285491.00
527,lpush5,1000000,819672.12
527,lrange5,1000000,1256301.50
528,lpush5,1000000,823045.25
528,lrange5,1000000,1183545.50
529,lpush5,1000000,816339.56
529,lrange5,1000000,1194896.00
530,lpush5,1000000,816431.00
530,lrange5,1000000,1197892.25
531,lpush5,1000000,815843.44
531,lrange5,1000000,1156494.75
532,lpush5,1000000,819685.25
532,lrange5,1000000,1187819.50
533,lpush5,1000000,814332.19
533,lrange5,1000000,1227072.38
534,lpush5,1000000,818448.44
534,lrange5,1000000,1242573.88
535,lpush5,1000000,817085.00
535,lrange5,1000000,1182222.25
536,lpush5,1000000,817766.12
536,lrange5,1000000,1202019.25
537,lpush5,1000000,809113.31
537,lrange5,1000000,1251584.50
538,lpush5,1000000,811831.19
538,lrange5,1000000,1262626.25
539,lpush5,1000000,815100.25
539,lrange5,1000000,1269116.75
540,lpush5,1000000,814384.31
540,lrange5,1000000,1219590.25
541,lpush5,1000000,808459.19
541,lrange5,1000000,1250000.00
542,lpush5,1000000,807167.12
542,lrange5,1000000,1282215.38
543,lpush5,1000000,817032.69
543,lrange5,1000000,1246902.75
544,lpush5,1000000,814384.31
544,lrange5,1000000,1269076.12
545,lpush5,1000000,817176.50
545,lrange5,1000000,1194876.88
546,lpush5,1000000,818553.19
546,lrange5,1000000,902613.69
547,lpush5,1000000,821162.50
547,lrange5,1000000,1269076.12
548,lpush5,1000000,824468.25
548,lrange5,1000000,1227052.75
549,lpush5,1000000,811766.25
549,lrange5,1000000,1236331.25
550,lpush5,1000000,819223.62
550,lrange5,1000000,1287001.25
551,lpush5,1000000,811237.62
551,lrange5,1000000,1278772.38
552,lpush5,1000000,817006.56
552,lrange5,1000000,1251604.50
553,lpush5,1000000,819685.25
553,lrange5,1000000,1239395.38
554,lpush5,1000000,816378.75
554,lrange5,1000000,1189117.75
555,lpush5,1000000,818343.69
555,lrange5,1000000,1269035.50
556,lpush5,1000000,811042.94
556,lrange5,1000000,1265944.25
557,lpush5,1000000,814475.56
557,lrange5,1000000,1285367.62
558,lpush5,1000000,817661.44
558,lrange5,1000000,1265822.75
559,lpush5,1000000,813708.75
559,lrange5,1000000,1282133.38
560,lpush5,1000000,807974.12
560,lrange5,1000000,1272305.38
561,lpush5,1000000,821188.81
561,lrange5,1000000,1283717.62
562,lpush5,1000000,821692.69
562,lrange5,1000000,1267467.75
563,lpush5,1000000,821811.00
563,lrange5,1000000,1282071.88
564,lpush5,1000000,813695.69
564,lrange5,1000000,1272285.00
565,lpush5,1000000,814462.50
565,lrange5,1000000,1287166.00
566,lpush5,1000000,664473.06
566,lrange5,1000000,811068.94
567,lpush5,1000000,507880.16
567,lrange5,1000000,1106230.12
568,lpush5,1000000,814995.94
568,lrange5,1000000,1234666.62
569,lpush5,1000000,816378.75
569,lrange5,1000000,1197758.12
570,lpush5,1000000,813060.12
570,lrange5,1000000,1207806.75
571,lpush5,1000000,814475.56
571,lrange5,1000000,1275510.25
572,lpush5,1000000,814566.75
572,lrange5,1000000,1266045.50
573,lpush5,1000000,825829.94
573,lrange5,1000000,1203773.75
574,lpush5,1000000,823176.94
574,lrange5,1000000,1187648.50
575,lpush5,1000000,823775.94
575,lrange5,1000000,1270668.38
576,lpush5,1000000,816378.75
576,lrange5,1000000,1193317.38
577,lpush5,1000000,817085.00
577,lrange5,1000000,1215066.75
578,lpush5,1000000,824455.00
578,lrange5,1000000,1231606.00
579,lpush5,1000000,817857.69
579,lrange5,1000000,1275551.00
580,lpush5,1000000,819750.81
580,lrange5,1000000,1259445.75
581,lpush5,1000000,811688.31
581,lrange5,1000000,1192276.50
582,lpush5,1000000,815048.06
582,lrange5,1000000,1187800.50
583,lpush5,1000000,818500.81
583,lrange5,1000000,1200518.62
584,lpush5,1000000,819171.19
584,lrange5,1000000,1280594.12
585,lpush5,1000000,815699.88
585,lrange5,1000000,1261074.38
586,lpush5,1000000,818330.62
586,lrange5,1000000,1239157.38
587,lpush5,1000000,812399.69
587,lrange5,1000000,1227190.25
588,lpush5,1000000,817883.88
588,lrange5,1000000,1250100.00
589,lpush5,1000000,815804.25
589,lrange5,1000000,1269055.88
590,lpush5,1000000,816993.50
590,lrange5,1000000,1254745.25
591,lpush5,1000000,812490.69
591,lrange5,1000000,1245330.00
592,lpush5,1000000,823789.12
592,lrange5,1000000,1213767.00
593,lpush5,1000000,815048.06
593,lrange5,1000000,1184872.12
594,lpush5,1000000,815856.50
594,lrange5,1000000,1277200.50
595,lpush5,1000000,819184.31
595,lrange5,1000000,1237663.38
596,lpush5,1000000,823789.12
596,lrange5,1000000,1264525.88
597,lpush5,1000000,813734.75
597,lrange5,1000000,1265883.50
598,lpush5,1000000,820554.56
598,lrange5,1000000,1203523.50
599,lpush5,1000000,814995.94
599,lrange5,1000000,1227131.25
600,lpush5,1000000,820344.56
600,lrange5,1000000,1197739.00
601,lpush5,1000000,815048.06
601,lrange5,1000000,1280655.50
602,lpush5,1000000,815765.12
602,lrange5,1000000,1261175.25
603,lpush5,1000000,816352.62
603,lrange5,1000000,1201923.00
604,lpush5,1000000,814501.62
604,lrange5,1000000,1203388.75
605,lpush5,1000000,825227.69
605,lrange5,1000000,1221040.25
606,lpush5,1000000,818330.62
606,lrange5,1000000,1261094.62
607,lpush5,1000000,816522.44
607,lrange5,1000000,1290343.25
608,lpush5,1000000,819698.31
608,lrange5,1000000,1262666.62
609,lpush5,1000000,816470.19
609,lrange5,1000000,1261054.25
610,lpush5,1000000,815126.31
610,lrange5,1000000,1248479.38
611,lpush5,1000000,816457.12
611,lrange5,1000000,1248599.25
612,lpush5,1000000,821850.44
612,lrange5,1000000,1230012.25
613,lpush5,1000000,817032.69
613,lrange5,1000000,1269076.12
614,lpush5,1000000,811120.81
614,lrange5,1000000,1236133.50
615,lpush5,1000000,819816.38
615,lrange5,1000000,1254745.25
616,lpush5,1000000,823137.44
616,lrange5,1000000,1274048.38
617,lpush5,1000000,815061.12
617,lrange5,1000000,1267467.75
618,lpush5,1000000,810372.81
618,lrange5,1000000,1273885.25
619,lpush5,1000000,823097.94
619,lrange5,1000000,1257922.00
620,lpush5,1000000,810463.56
620,lrange5,1000000,1287001.25
621,lpush5,1000000,817713.81
621,lrange5,1000000,1269137.12
622,lpush5,1000000,815765.12
622,lrange5,1000000,1283799.75
623,lpush5,1000000,814540.69
623,lrange5,1000000,1206272.62
624,lpush5,1000000,811042.94
624,lrange5,1000000,1270831.00
625,lpush5,1000000,818409.19
625,lrange5,1000000,1283738.12
626,lpush5,1000000,813695.69
626,lrange5,1000000,1240754.38
627,lpush5,1000000,813190.25
627,lrange5,1000000,1250200.00
628,lpush5,1000000,816404.88
628,lrange5,1000000,1175257.38
629,lpush5,1000000,817661.44
629,lrange5,1000000,1272305.38
630,lpush5,1000000,810398.75
630,lrange5,1000000,1259445.75
631,lpush5,1000000,815752.06
631,lrange5,1000000,1273966.88
632,lpush5,1000000,822473.69
632,lrange5,1000000,1285511.62
633,lpush5,1000000,807896.56
633,lrange5,1000000,1273885.25
634,lpush5,1000000,815712.94
634,lrange5,1000000,1270648.00
635,lpush5,1000000,825135.31
635,lrange5,1000000,1283861.38
636,lpush5,1000000,817189.56
636,lrange5,1000000,1272264.62
637,lpush5,1000000,814384.31
637,lrange5,1000000,1287207.25
638,lpush5,1000000,813786.81
638,lrange5,1000000,1270648.00
639,lpush5,1000000,819040.19
639,lrange5,1000000,1282112.88
640,lpush5,1000000,817019.62
640,lrange5,1000000,1267508.25
641,lpush5,1000000,819040.19
641,lrange5,1000000,1202096.12
642,lpush5,1000000,812516.69
642,lrange5,1000000,1273885.25
643,lpush5,1000000,811030.00
643,lrange5,1000000,1196325.38
644,lpush5,1000000,816339.56
644,lrange5,1000000,1277302.75
645,lpush5,1000000,819000.88
645,lrange5,1000000,1259526.38
646,lpush5,1000000,817032.69
646,lrange5,1000000,1287145.38
647,lpush5,1000000,814371.31
647,lrange5,1000000,1275734.75
648,lpush5,1000000,821031.19
648,lrange5,1000000,1243940.25
649,lpush5,1000000,821903.06
649,lrange5,1000000,1264222.50
650,lpush5,1000000,811688.31
650,lrange5,1000000,1204838.62
651,lpush5,1000000,825763.88
651,lrange5,1000000,1278895.12
652,lpush5,1000000,827841.12
652,lrange5,1000000,1282174.38
653,lpush5,1000000,819013.94
653,lrange5,1000000,1222493.88
654,lpush5,1000000,819184.31
654,lrange5,1000000,1262767.62
655,lpush5,1000000,815765.12
655,lrange5,1000000,1219609.75
656,lpush5,1000000,818330.62
656,lrange5,1000000,1264343.88
657,lpush5,1000000,819737.69
657,lrange5,1000000,1192104.88
658,lpush5,1000000,816548.56
658,lrange5,1000000,1261094.62
659,lpush5,1000000,820488.94
659,lrange5,1000000,1256361.75
660,lpush5,1000000,821863.62
660,lrange5,1000000,1269096.50
661,lpush5,1000000,819053.25
661,lrange5,1000000,1273987.25
662,lpush5,1000000,818396.06
662,lrange5,1000000,1280573.62
663,lpush5,1000000,824507.81
663,lrange5,1000000,1272427.50
664,lpush5,1000000,815035.06
664,lrange5,1000000,1253173.00
665,lpush5,1000000,823111.06
665,lrange5,1000000,1275510.25
666,lpush5,1000000,814397.38
666,lrange5,1000000,1277261.88
667,lpush5,1000000,809872.06
667,lrange5,1000000,1225490.25
668,lpush5,1000000,815739.00
668,lrange5,1000000,1180713.12
669,lpush5,1000000,818435.38
669,lrange5,1000000,1283820.25
670,lpush5,1000000,808420.38
670,lrange5,1000000,1282194.88
671,lpush5,1000000,817726.88
671,lrange5,1000000,1190857.12
672,lpush5,1000000,821136.25
672,lrange5,1000000,1270770.00
673,lpush5,1000000,811792.19
673,lrange5,1000000,1264303.38
674,lpush5,1000000,814501.62
674,lrange5,1000000,1234666.62
675,lpush5,1000000,809897.94
675,lrange5,1000000,1277159.62
676,lpush5,1000000,814514.62
676,lrange5,1000000,1269218.25
677,lpush5,1000000,806008.00
677,lrange5,1000000,1190723.88
678,lpush5,1000000,819000.88
678,lrange5,1000000,1269116.75
679,lpush5,1000000,817006.56
679,lrange5,1000000,1267427.12
680,lpush5,1000000,811198.69
680,lrange5,1000000,1203696.75
681,lpush5,1000000,814995.94
681,lrange5,1000000,1285347.00
682,lpush5,1000000,813682.69
682,lrange5,1000000,1269218.25
683,lpush5,1000000,823045.25
683,lrange5,1000000,1200864.38
684,lpush5,1000000,816378.75
684,lrange5,1000000,1285470.50
685,lpush5,1000000,814332.19
685,lrange5,1000000,1204954.25
686,lpush5,1000000,813021.12
686,lrange5,1000000,1189136.75
687,lpush5,1000000,815048.06
687,lrange5,1000000,1203793.12
688,lpush5,1000000,816993.50
688,lrange5,1000000,1275510.25
689,lpush5,1000000,811753.25
689,lrange5,1000000,1269055.88
690,lpush5,1000000,819763.94
690,lrange5,1000000,1245330.00
691,lpush5,1000000,809768.44
691,lrange5,1000000,1288721.62
692,lpush5,1000000,815217.62
692,lrange5,1000000,1282133.38
693,lpush5,1000000,809936.81
693,lrange5,1000000,1194991.62
694,lpush5,1000000,810411.69
694,lrange5,1000000,1272305.38
695,lpush5,1000000,807793.19
695,lrange5,1000000,1285347.00
696,lpush5,1000000,816339.56
696,lrange5,1000000,1202250.00
697,lpush5,1000000,816365.69
697,lrange5,1000000,1192085.88
698,lpush5,1000000,823736.44
698,lrange5,1000000,1219590.25
699,lpush5,1000000,811185.69
699,lrange5,1000000,1251724.62
700,lpush5,1000000,825935.62
700,lrange5,1000000,1230012.25
701,lpush5,1000000,820410.19
701,lrange5,1000000,1290508.38
702,lpush5,1000000,821175.69
702,lrange5,1000000,1242236.00
703,lpush5,1000000,820344.56
703,lrange5,1000000,1199405.25
704,lpush5,1000000,815712.94
704,lrange5,1000000,1278895.12
705,lpush5,1000000,822368.44
705,lrange5,1000000,1285367.62
706,lpush5,1000000,818566.31
706,lrange5,1000000,1194934.25
707,lpush5,1000000,816535.50
707,lrange5,1000000,1202269.25
708,lpush5,1000000,819171.19
708,lrange5,1000000,1196440.12
709,lpush5,1000000,818435.38
709,lrange5,1000000,1199098.38
710,lpush5,1000000,816417.94
710,lrange5,1000000,1250080.00
711,lpush5,1000000,810385.75
711,lrange5,1000000,1256462.25
712,lpush5,1000000,810554.31
712,lrange5,1000000,1227170.50
713,lpush5,1000000,810502.44
713,lrange5,1000000,1186524.38
714,lpush5,1000000,815035.06
714,lrange5,1000000,1197719.75
715,lpush5,1000000,824455.00
715,lrange5,1000000,1190514.38
716,lpush5,1000000,814345.25
716,lrange5,1000000,1184928.88
717,lpush5,1000000,818369.88
717,lrange5,1000000,1236212.62
718,lpush5,1000000,813799.88
718,lrange5,1000000,1195144.50
719,lpush5,1000000,818356.81
719,lrange5,1000000,1273905.75
720,lpush5,1000000,817687.62
720,lrange5,1000000,1209518.75
721,lpush5,1000000,812425.69
721,lrange5,1000000,858547.69
722,lpush5,1000000,778965.69
722,lrange5,1000000,1202096.12
723,lpush5,1000000,815726.00
723,lrange5,1000000,1176884.62
724,lpush5,1000000,817831.50
724,lrange5,1000000,1209247.88
725,lpush5,1000000,819053.25
725,lrange5,1000000,1264343.88
726,lpush5,1000000,821732.12
726,lrange5,1000000,798097.38
727,lpush5,1000000,559016.19
727,lrange5,1000000,1261094.62
728,lpush5,1000000,807793.19
728,lrange5,1000000,1264384.25
729,lpush5,1000000,810372.81
729,lrange5,1000000,1277139.25
730,lpush5,1000000,811714.31
730,lrange5,1000000,1192200.25
731,lpush5,1000000,819790.12
731,lrange5,1000000,1237702.88
732,lpush5,1000000,818527.00
732,lrange5,1000000,1254745.25
733,lpush5,1000000,809100.38
733,lrange5,1000000,1206620.00
734,lpush5,1000000,814358.25
734,lrange5,1000000,1262626.25
735,lpush5,1000000,815126.31
735,lrange5,1000000,1266005.00
736,lpush5,1000000,823894.56
736,lrange5,1000000,1257861.62
737,lpush5,1000000,817700.69
737,lrange5,1000000,1240694.75
738,lpush5,1000000,822473.69
738,lrange5,1000000,1190723.88
739,lpush5,1000000,811198.69
739,lrange5,1000000,1256361.75
740,lpush5,1000000,815739.00
740,lrange5,1000000,1272366.38
741,lpush5,1000000,819763.94
741,lrange5,1000000,1187895.50
742,lpush5,1000000,811701.31
742,lrange5,1000000,1199271.00
743,lpush5,1000000,813047.12
743,lrange5,1000000,1199309.38
744,lpush5,1000000,815882.56
744,lrange5,1000000,1219570.75
745,lpush5,1000000,809281.56
745,lrange5,1000000,1278854.25
746,lpush5,1000000,811185.69
746,lrange5,1000000,1190819.12
747,lpush5,1000000,810372.81
747,lrange5,1000000,1264242.75
748,lpush5,1000000,812438.69
748,lrange5,1000000,1274068.75
749,lpush5,1000000,813021.12
749,lrange5,1000000,1270688.75
750,lpush5,1000000,813203.25
750,lrange5,1000000,1245529.25
751,lpush5,1000000,813099.19
751,lrange5,1000000,1287021.88
752,lpush5,1000000,811042.94
752,lrange5,1000000,1287042.50
753,lpush5,1000000,815726.00
753,lrange5,1000000,1290363.88
754,lpush5,1000000,806593.56
754,lrange5,1000000,1269076.12
755,lpush5,1000000,811159.75
755,lrange5,1000000,1272346.00
756,lpush5,1000000,814462.50
756,lrange5,1000000,1210711.88
757,lpush5,1000000,817674.56
757,lrange5,1000000,1224205.62
758,lpush5,1000000,811740.25
758,lrange5,1000000,1199309.38
759,lpush5,1000000,815126.31
759,lrange5,1000000,1253293.25
760,lpush5,1000000,820449.56
760,lrange5,1000000,1234627.12
761,lpush5,1000000,819053.25
761,lrange5,1000000,1269198.00
762,lpush5,1000000,822407.94
762,lrange5,1000000,1273905.75
763,lpush5,1000000,817006.56
763,lrange5,1000000,1228599.50
764,lpush5,1000000,815739.00
764,lrange5,1000000,1287145.38
765,lpush5,1000000,818343.69
765,lrange5,1000000,1196516.75
766,lpush5,1000000,809242.75
766,lrange5,1000000,1196497.62
767,lpush5,1000000,807767.31
767,lrange5,1000000,1193680.25
768,lpush5,1000000,827222.50
768,lrange5,1000000,1236173.00
769,lpush5,1000000,823723.25
769,lrange5,1000000,1270729.38
770,lpush5,1000000,817019.62
770,lrange5,1000000,1269177.62
771,lpush5,1000000,825161.69
771,lrange5,1000000,1193661.12
772,lpush5,1000000,814397.38
772,lrange5,1000000,1270668.38
773,lpush5,1000000,813060.12
773,lrange5,1000000,1189174.75
774,lpush5,1000000,821083.69
774,lrange5,1000000,1196306.12
775,lpush5,1000000,822473.69
775,lrange5,1000000,1277323.12
776,lpush5,1000000,821044.31
776,lrange5,1000000,1282153.88
777,lpush5,1000000,825135.31
777,lrange5,1000000,1240794.00
778,lpush5,1000000,816378.75
778,lrange5,1000000,1196191.38
779,lpush5,1000000,824402.25
779,lrange5,1000000,1231546.88
780,lpush5,1000000,819816.38
780,lrange5,1000000,1227111.62
781,lpush5,1000000,817661.44
781,lrange5,1000000,1285347.00
782,lpush5,1000000,817111.12
782,lrange5,1000000,1282051.38
783,lpush5,1000000,819672.12
783,lrange5,1000000,1290405.25
784,lpush5,1000000,811198.69
784,lrange5,1000000,1287001.25
785,lpush5,1000000,809113.31
785,lrange5,1000000,1285347.00
786,lpush5,1000000,821705.81
786,lrange5,1000000,1269055.88
787,lpush5,1000000,811753.25
787,lrange5,1000000,1274048.38
788,lpush5,1000000,818474.62
788,lrange5,1000000,1262787.88
789,lpush5,1000000,819000.88
789,lrange5,1000000,1285408.75
790,lpush5,1000000,814345.25
790,lrange5,1000000,1242414.88
791,lpush5,1000000,810424.69
791,lrange5,1000000,1240694.75
792,lpush5,1000000,820449.56
792,lrange5,1000000,1256281.38
793,lpush5,1000000,807115.44
793,lrange5,1000000,1288762.88
794,lpush5,1000000,813112.19
794,lrange5,1000000,1222650.38
795,lpush5,1000000,816470.19
795,lrange5,1000000,1290343.25
796,lpush5,1000000,809729.56
796,lrange5,1000000,1277221.00
797,lpush5,1000000,813047.12
797,lrange5,1000000,1187762.50
798,lpush5,1000000,815061.12
798,lrange5,1000000,1243940.25
799,lpush5,1000000,813773.81
799,lrange5,1000000,1261054.25
800,lpush5,1000000,825763.88
800,lrange5,1000000,1280409.75
801,lpush5,1000000,818383.00
801,lrange5,1000000,1282215.38
802,lpush5,1000000,823163.75
802,lrange5,1000000,1251624.50
803,lpush5,1000000,817045.75
803,lrange5,1000000,1200595.38
804,lpush5,1000000,812490.69
804,lrange5,1000000,1197700.62
805,lpush5,1000000,816404.88
805,lrange5,1000000,1190723.88
806,lpush5,1000000,813008.12
806,lrange5,1000000,1190666.75
807,lpush5,1000000,812425.69
807,lrange5,1000000,1208115.88
808,lpush5,1000000,813682.69
808,lrange5,1000000,1234706.12
809,lpush5,1000000,818383.00
809,lrange5,1000000,1277139.25
810,lpush5,1000000,821162.50
810,lrange5,1000000,1282153.88
811,lpush5,1000000,819105.69
811,lrange5,1000000,1269157.38
812,lpush5,1000000,816993.50
812,lrange5,1000000,1202057.62
813,lpush5,1000000,819763.94
813,lrange5,1000000,1212295.75
814,lpush5,1000000,813138.19
814,lrange5,1000000,1269096.50
815,lpush5,1000000,827973.56
815,lrange5,1000000,1278936.00
816,lpush5,1000000,816378.75
816,lrange5,1000000,1221098.88
817,lpush5,1000000,811857.12
817,lrange5,1000000,1242236.00
818,lpush5,1000000,814501.62
818,lrange5,1000000,1257922.00
819,lpush5,1000000,812347.75
819,lrange5,1000000,1240794.00
820,lpush5,1000000,821228.19
820,lrange5,1000000,1194915.12
821,lpush5,1000000,812542.69
821,lrange5,1000000,1266005.00
822,lpush5,1000000,811753.25
822,lrange5,1000000,1272407.12
823,lpush5,1000000,820528.31
823,lrange5,1000000,1205262.62
824,lpush5,1000000,817674.56
824,lrange5,1000000,1192124.00
825,lpush5,1000000,818540.12
825,lrange5,1000000,1280430.25
826,lpush5,1000000,813060.12
826,lrange5,1000000,845443.81
827,lpush5,1000000,508396.53
827,lrange5,1000000,1016406.50
828,lpush5,1000000,817713.81
828,lrange5,1000000,1270648.00
829,lpush5,1000000,815843.44
829,lrange5,1000000,1262707.12
830,lpush5,1000000,815100.25
830,lrange5,1000000,1270648.00
831,lpush5,1000000,825763.88
831,lrange5,1000000,1199079.12
832,lpush5,1000000,812490.69
832,lrange5,1000000,1288824.75
833,lpush5,1000000,811185.69
833,lrange5,1000000,1288804.12
834,lpush5,1000000,815830.38
834,lrange5,1000000,1240873.50
835,lpush5,1000000,807309.12
835,lrange5,1000000,1212198.75
836,lpush5,1000000,813060.12
836,lrange5,1000000,1269137.12
837,lpush5,1000000,815686.81
837,lrange5,1000000,1250020.00
838,lpush5,1000000,816326.50
838,lrange5,1000000,1262626.25
839,lpush5,1000000,817045.75
839,lrange5,1000000,1283717.62
840,lpush5,1000000,813682.69
840,lrange5,1000000,1270851.38
841,lpush5,1000000,816431.00
841,lrange5,1000000,1293681.75
842,lpush5,1000000,826499.12
842,lrange5,1000000,1245389.88
843,lpush5,1000000,815778.19
843,lrange5,1000000,1205204.88
844,lpush5,1000000,821201.94
844,lrange5,1000000,1234725.88
845,lpush5,1000000,816339.56
845,lrange5,1000000,1200595.38
846,lpush5,1000000,823749.62
846,lrange5,1000000,1267447.50
847,lpush5,1000000,817857.69
847,lrange5,1000000,1275510.25
848,lpush5,1000000,820449.56
848,lrange5,1000000,1285367.62
849,lpush5,1000000,811211.62
849,lrange5,1000000,1202211.50
850,lpush5,1000000,817831.50
850,lrange5,1000000,1270729.38
851,lpush5,1000000,813008.12
851,lrange5,1000000,1228737.12
852,lpush5,1000000,818566.31
852,lrange5,1000000,1285429.25
853,lpush5,1000000,816326.50
853,lrange5,1000000,1270729.38
854,lpush5,1000000,816509.38
854,lrange5,1000000,1262747.50
855,lpush5,1000000,816993.50
855,lrange5,1000000,1267488.00
856,lpush5,1000000,819131.88
856,lrange5,1000000,1282297.50
857,lpush5,1000000,813151.19
857,lrange5,1000000,1285408.75
858,lpush5,1000000,821070.56
858,lrange5,1000000,1195106.38
859,lpush5,1000000,817870.75
859,lrange5,1000000,1269157.38
860,lpush5,1000000,823775.94
860,lrange5,1000000,1282071.88
861,lpush5,1000000,819685.25
861,lrange5,1000000,1285408.75
862,lpush5,1000000,810424.69
862,lrange5,1000000,1199136.75
863,lpush5,1000000,816404.88
863,lrange5,1000000,1233065.38
864,lpush5,1000000,812581.69
864,lrange5,1000000,1195087.25
865,lpush5,1000000,815204.56
865,lrange5,1000000,1186410.50
866,lpush5,1000000,818396.06
866,lrange5,1000000,1267467.75
867,lpush5,1000000,817202.62
867,lrange5,1000000,1287063.00
868,lpush5,1000000,813047.12
868,lrange5,1000000,1282153.88
869,lpush5,1000000,815686.81
869,lrange5,1000000,1269198.00
870,lpush5,1000000,822381.62
870,lrange5,1000000,1239256.50
871,lpush5,1000000,814410.38
871,lrange5,1000000,1287166.00
872,lpush5,1000000,817006.56
872,lrange5,1000000,1243940.25
873,lpush5,1000000,814579.75
873,lrange5,1000000,1265843.00
874,lpush5,1000000,813799.88
874,lrange5,1000000,1261074.38
875,lpush5,1000000,815712.94
875,lrange5,1000000,1283697.12
876,lpush5,1000000,819698.31
876,lrange5,1000000,1273885.25
877,lpush5,1000000,813734.75
877,lrange5,1000000,1203446.50
878,lpush5,1000000,820370.81
878,lrange5,1000000,1243860.62
879,lpush5,1000000,809113.31
879,lrange5,1000000,1264364.12
880,lpush5,1000000,819145.00
880,lrange5,1000000,1199213.50
881,lpush5,1000000,819066.38
881,lrange5,1000000,1282153.88
882,lpush5,1000000,815022.00
882,lrange5,1000000,1285388.12
883,lpush5,1000000,813669.69
883,lrange5,1000000,1278772.38
884,lpush5,1000000,807205.81
884,lrange5,1000000,1280471.12
885,lpush5,1000000,813669.69
885,lrange5,1000000,1277200.50
886,lpush5,1000000,809113.31
886,lrange5,1000000,1270648.00
887,lpush5,1000000,817032.69
887,lrange5,1000000,1173896.75
888,lpush5,1000000,811701.31
888,lrange5,1000000,1272264.62
889,lpush5,1000000,815673.75
889,lrange5,1000000,1197949.75
890,lpush5,1000000,814371.31
890,lrange5,1000000,1280553.12
891,lpush5,1000000,815856.50
891,lrange5,1000000,1288824.75
892,lpush5,1000000,815035.06
892,lrange5,1000000,1228520.88
893,lpush5,1000000,815699.88
893,lrange5,1000000,1240714.62
894,lpush5,1000000,811042.94
894,lrange5,1000000,1285511.62
895,lpush5,1000000,816417.94
895,lrange5,1000000,1257861.62
896,lpush5,1000000,811909.12
896,lrange5,1000000,1280450.62
897,lpush5,1000000,822381.62
897,lrange5,1000000,1282194.88
898,lpush5,1000000,811701.31
898,lrange5,1000000,1234725.88
899,lpush5,1000000,818448.44
899,lrange5,1000000,1203773.75
900,lpush5,1000000,816548.56
900,lrange5,1000000,1273946.50
901,lpush5,1000000,827315.12
901,lrange5,1000000,1234567.88
902,lpush5,1000000,827814.62
902,lrange5,1000000,1278772.38
903,lpush5,1000000,823045.25
903,lrange5,1000000,1277241.38
904,lpush5,1000000,817779.19
904,lrange5,1000000,1242414.88
905,lpush5,1000000,816391.81
905,lrange5,1000000,1254765.38
906,lpush5,1000000,816326.50
906,lrange5,1000000,1254885.88
907,lpush5,1000000,817071.94
907,lrange5,1000000,1270729.38
908,lpush5,1000000,821057.44
908,lrange5,1000000,1285388.12
909,lpush5,1000000,813773.81
909,lrange5,1000000,1261256.00
910,lpush5,1000000,824521.00
910,lrange5,1000000,1270831.00
911,lpush5,1000000,817726.88
911,lrange5,1000000,1259486.12
912,lpush5,1000000,825082.50
912,lrange5,1000000,1285367.62
913,lpush5,1000000,819724.56
913,lrange5,1000000,1240813.88
914,lpush5,1000000,821758.44
914,lrange5,1000000,1195163.62
915,lpush5,1000000,819000.88
915,lrange5,1000000,1250000.00
916,lpush5,1000000,819145.00
916,lrange5,1000000,1272305.38
917,lpush5,1000000,821837.31
917,lrange5,1000000,1264445.00
918,lpush5,1000000,814995.94
918,lrange5,1000000,1282133.38
919,lpush5,1000000,813164.19
919,lrange5,1000000,1215125.12
920,lpush5,1000000,819790.12
920,lrange5,1000000,1207922.75
921,lpush5,1000000,827827.88
921,lrange5,1000000,1234646.88
922,lpush5,1000000,822407.94
922,lrange5,1000000,1239157.38
923,lpush5,1000000,815139.38
923,lrange5,1000000,1199098.38
924,lpush5,1000000,814436.44
924,lrange5,1000000,1192085.88
925,lpush5,1000000,809729.56
925,lrange5,1000000,1202346.12
926,lpush5,1000000,823828.69
926,lrange5,1000000,1248579.25
927,lpush5,1000000,818487.75
927,lrange5,1000000,1283902.50
928,lpush5,1000000,829187.44
928,lrange5,1000000,1254745.25
929,lpush5,1000000,816339.56
929,lrange5,1000000,1008177.44
930,lpush5,1000000,820397.06
930,lrange5,1000000,1267589.38
931,lpush5,1000000,815673.75
931,lrange5,1000000,1200557.00
932,lpush5,1000000,809755.44
932,lrange5,1000000,1186353.50
933,lpush5,1000000,820554.56
933,lrange5,1000000,1194762.25
934,lpush5,1000000,814462.50
934,lrange5,1000000,1256321.62
935,lpush5,1000000,809255.69
935,lrange5,1000000,1274048.38
936,lpush5,1000000,817006.56
936,lrange5,1000000,1248439.50
937,lpush5,1000000,812529.69
937,lrange5,1000000,1208038.62
938,lpush5,1000000,814501.62
938,lrange5,1000000,1204819.25
939,lpush5,1000000,814384.31
939,lrange5,1000000,1213650.50
940,lpush5,1000000,817831.50
940,lrange5,1000000,1196555.00
941,lpush5,1000000,817071.94
941,lrange5,1000000,1287104.25
942,lpush5,1000000,822407.94
942,lrange5,1000000,1254705.12
943,lpush5,1000000,811198.69
943,lrange5,1000000,1285408.75
944,lpush5,1000000,812464.69
944,lrange5,1000000,1256462.25
945,lpush5,1000000,817176.50
945,lrange5,1000000,1274089.12
946,lpush5,1000000,811857.12
946,lrange5,1000000,1237801.88
947,lpush5,1000000,825161.69
947,lrange5,1000000,1261114.75
948,lpush5,1000000,809165.06
948,lrange5,1000000,1257922.00
949,lpush5,1000000,817661.44
949,lrange5,1000000,1273926.12
950,lpush5,1000000,815660.69
950,lrange5,1000000,1194838.75
951,lpush5,1000000,815061.12
951,lrange5,1000000,1278772.38
952,lpush5,1000000,821863.62
952,lrange5,1000000,1265924.00
953,lpush5,1000000,811185.69
953,lrange5,1000000,1224146.88
954,lpush5,1000000,815178.50
954,lrange5,1000000,1203523.50
955,lpush5,1000000,819118.81
955,lrange5,1000000,1272346.00
956,lpush5,1000000,824402.25
956,lrange5,1000000,1196229.62
957,lpush5,1000000,814358.25
957,lrange5,1000000,1275673.50
958,lpush5,1000000,816378.75
958,lrange5,1000000,1243840.75
959,lpush5,1000000,812360.69
959,lrange5,1000000,1275530.62
960,lpush5,1000000,815804.25
960,lrange5,1000000,1180977.62
961,lpush5,1000000,815048.06
961,lrange5,1000000,1280409.75
962,lpush5,1000000,826552.06
962,lrange5,1000000,1213767.00
963,lpush5,1000000,819053.25
963,lrange5,1000000,1240774.25
964,lpush5,1000000,819145.00
964,lrange5,1000000,1285388.12
965,lpush5,1000000,818396.06
965,lrange5,1000000,1199155.88
966,lpush5,1000000,813682.69
966,lrange5,1000000,1262787.88
967,lpush5,1000000,822368.44
967,lrange5,1000000,1283738.12
968,lpush5,1000000,814345.25
968,lrange5,1000000,1277568.38
969,lpush5,1000000,819698.31
969,lrange5,1000000,1282112.88
970,lpush5,1000000,813125.19
970,lrange5,1000000,1230169.75
971,lpush5,1000000,823137.44
971,lrange5,1000000,1283799.75
972,lpush5,1000000,813708.75
972,lrange5,1000000,1176677.62
973,lpush5,1000000,819131.88
973,lrange5,1000000,1257922.00
974,lpush5,1000000,823176.94
974,lrange5,1000000,1246982.62
975,lpush5,1000000,821903.06
975,lrange5,1000000,1282236.00
976,lpush5,1000000,823071.56
976,lrange5,1000000,1288845.38
977,lpush5,1000000,810606.19
977,lrange5,1000000,1285593.88
978,lpush5,1000000,816378.75
978,lrange5,1000000,1269116.75
979,lpush5,1000000,823216.44
979,lrange5,1000000,1254785.50
980,lpush5,1000000,813695.69
980,lrange5,1000000,1265822.75
981,lpush5,1000000,815660.69
981,lrange5,1000000,1187800.50
982,lpush5,1000000,826538.81
982,lrange5,1000000,1272305.38
983,lpush5,1000000,815008.94
983,lrange5,1000000,1251584.50
984,lpush5,1000000,815686.81
984,lrange5,1000000,1278874.62
985,lpush5,1000000,818448.44
985,lrange5,1000000,1194915.12
986,lpush5,1000000,815152.38
986,lrange5,1000000,1270688.75
987,lpush5,1000000,824521.00
987,lrange5,1000000,1262767.62
988,lpush5,1000000,823855.06
988,lrange5,1000000,1272264.62
989,lpush5,1000000,816352.62
989,lrange5,1000000,1233065.38
990,lpush5,1000000,817176.50
990,lrange5,1000000,1243840.75
991,lpush5,1000000,817870.75
991,lrange5,1000000,1278874.62
992,lpush5,1000000,813682.69
992,lrange5,1000000,1269035.50
993,lpush5,1000000,819724.56
993,lrange5,1000000,1272264.62
994,lpush5,1000000,821149.38
994,lrange5,1000000,1274028.00
995,lpush5,1000000,813060.12
995,lrange5,1000000,1278813.25
996,lpush5,1000000,819158.12
996,lrange5,1000000,1265883.50
997,lpush5,1000000,821692.69
997,lrange5,1000000,1265843.00
998,lpush5,1000000,813034.12
998,lrange5,1000000,1273885.25
999,lpush5,1000000,815035.06
999,lrange5,1000000,1203639.00
1000,lpush5,1000000,811779.25
1000,lrange5,1000000,1237683.12
1001,lpush5,1000000,810385.75
1001,lrange5,1000000,1207980.62
1002,lpush5,1000000,814397.38
1002,lrange5,1000000,1277282.25
1003,lpush5,1000000,814371.31
1003,lrange5,1000000,1285388.12
1004,lpush5,1000000,811792.19
1004,lrange5,1000000,1274028.00
1005,lpush5,1000000,811701.31
1005,lrange5,1000000,1287001.25
1006,lpush5,1000000,813151.19
1006,lrange5,1000000,1205069.88
1007,lpush5,1000000,818409.19
1007,lrange5,1000000,1233045.62
1008,lpush5,1000000,814540.69
1008,lrange5,1000000,1270729.38
1009,lpush5,1000000,819066.38
1009,lrange5,1000000,1278792.88
1010,lpush5,1000000,811107.81
1010,lrange5,1000000,1272427.50
1011,lpush5,1000000,806554.81
1011,lrange5,1000000,1288659.75
1012,lpush5,1000000,811055.94
1012,lrange5,1000000,1287001.25
1013,lpush5,1000000,814553.69
1013,lrange5,1000000,1259566.75
1014,lpush5,1000000,811250.56
1014,lrange5,1000000,1193622.88
1015,lpush5,1000000,816993.50
1015,lrange5,1000000,1275551.00
1016,lpush5,1000000,815113.31
1016,lrange5,1000000,1272285.00
1017,lpush5,1000000,818330.62
1017,lrange5,1000000,1190762.00
1018,lpush5,1000000,812386.69
1018,lrange5,1000000,1209480.00
1019,lpush5,1000000,822368.44
1019,lrange5,1000000,1272366.38
1020,lpush5,1000000,824455.00
1020,lrange5,1000000,1202019.25
1021,lpush5,1000000,811042.94
1021,lrange5,1000000,1267488.00
1022,lpush5,1000000,819724.56
1022,lrange5,1000000,1282092.38
1023,lpush5,1000000,811701.31
1023,lrange5,1000000,1275673.50
1024,lpush5,1000000,813047.12
1024,lrange5,1000000,1265883.50
1025,lpush5,1000000,819855.69
1025,lrange5,1000000,1180845.38
1026,lpush5,1000000,813047.12
1026,lrange5,1000000,1191933.25
1027,lpush5,1000000,817045.75
1027,lrange5,1000000,1282277.00
1028,lpush5,1000000,821916.19
1028,lrange5,1000000,1190704.75
1029,lpush5,1000000,813799.88
1029,lrange5,1000000,1285347.00
1030,lpush5,1000000,815765.12
1030,lrange5,1000000,1253253.12
1031,lpush5,1000000,817713.81
1031,lrange5,1000000,1262848.50
1032,lpush5,1000000,812503.69
1032,lrange5,1000000,1265843.00
1033,lpush5,1000000,813877.94
1033,lrange5,1000000,1253233.12
1034,lpush5,1000000,817779.19
1034,lrange5,1000000,1189346.00
1035,lpush5,1000000,821057.44
1035,lrange5,1000000,1197930.62
1036,lpush5,1000000,825306.94
1036,lrange5,1000000,1265822.75
1037,lpush5,1000000,815765.12
1037,lrange5,1000000,1266025.25
1038,lpush5,1000000,821811.00
1038,lrange5,1000000,1285347.00
1039,lpush5,1000000,820554.56
1039,lrange5,1000000,1234725.88
1040,lpush5,1000000,810476.50
1040,lrange5,1000000,1209228.50
1041,lpush5,1000000,815817.31
1041,lrange5,1000000,1269035.50
1042,lpush5,1000000,809165.06
1042,lrange5,1000000,1275693.88
1043,lpush5,1000000,820397.06
1043,lrange5,1000000,1280450.62
1044,lpush5,1000000,808446.25
1044,lrange5,1000000,1185137.50
1045,lpush5,1000000,812438.69
1045,lrange5,1000000,1280409.75
1046,lpush5,1000000,819092.56
1046,lrange5,1000000,1282133.38
1047,lpush5,1000000,815765.12
1047,lrange5,1000000,1230189.38
1048,lpush5,1000000,811740.25
1048,lrange5,1000000,1280491.62
1049,lpush5,1000000,815804.25
1049,lrange5,1000000,1243900.50
1050,lpush5,1000000,815712.94
1050,lrange5,1000000,1269238.62
1051,lpush5,1000000,811740.25
1051,lrange5,1000000,1285408.75
1052,lpush5,1000000,813060.12
1052,lrange5,1000000,1282051.38
1053,lpush5,1000000,813060.12
1053,lrange5,1000000,1202000.00
1054,lpush5,1000000,809139.19
1054,lrange5,1000000,1277364.00
1055,lpush5,1000000,815869.50
1055,lrange5,1000000,1223990.25
1056,lpush5,1000000,813177.25
1056,lrange5,1000000,1272264.62
1057,lpush5,1000000,826631.38
1057,lrange5,1000000,1277200.50
1058,lpush5,1000000,811779.25
1058,lrange5,1000000,1183678.12
1059,lpush5,1000000,829373.12
1059,lrange5,1000000,1257861.62
1060,lpush5,1000000,811909.12
1060,lrange5,1000000,1287166.00
1061,lpush5,1000000,817045.75
1061,lrange5,1000000,1264323.62
1062,lpush5,1000000,805256.06
1062,lrange5,1000000,1206716.50
1063,lpush5,1000000,817032.69
1063,lrange5,1000000,1196363.62
1064,lpush5,1000000,808472.12
1064,lrange5,1000000,1257861.62
1065,lpush5,1000000,811740.25
1065,lrange5,1000000,1200864.38
1066,lpush5,1000000,815712.94
1066,lrange5,1000000,1196172.25
1067,lpush5,1000000,813164.19
1067,lrange5,1000000,1254785.50
1068,lpush5,1000000,809885.00
1068,lrange5,1000000,1278977.00
1069,lpush5,1000000,817071.94
1069,lrange5,1000000,1280491.62
1070,lpush5,1000000,819040.19
1070,lrange5,1000000,1262626.25
1071,lpush5,1000000,811857.12
1071,lrange5,1000000,1258002.50
1072,lpush5,1000000,813008.12
1072,lrange5,1000000,1200518.62
1073,lpush5,1000000,814371.31
1073,lrange5,1000000,1233242.88
1074,lpush5,1000000,815752.06
1074,lrange5,1000000,1253173.00
1075,lpush5,1000000,809768.44
1075,lrange5,1000000,1267630.00
1076,lpush5,1000000,817032.69
1076,lrange5,1000000,1262808.12
1077,lpush5,1000000,813190.25
1077,lrange5,1000000,1237623.75
1078,lpush5,1000000,819171.19
1078,lrange5,1000000,1254865.75
1079,lpush5,1000000,813734.75
1079,lrange5,1000000,1285511.62
1080,lpush5,1000000,824402.25
1080,lrange5,1000000,1285347.00
1081,lpush5,1000000,812451.69
1081,lrange5,1000000,1288866.00
1082,lpush5,1000000,809910.94
1082,lrange5,1000000,1169665.50
1083,lpush5,1000000,815726.00
1083,lrange5,1000000,1267569.12
1084,lpush5,1000000,815869.50
1084,lrange5,1000000,1280491.62
1085,lpush5,1000000,817674.56
1085,lrange5,1000000,1259445.75
1086,lpush5,1000000,808459.19
1086,lrange5,1000000,1277241.38
1087,lpush5,1000000,812464.69
1087,lrange5,1000000,1242295.62
1088,lpush5,1000000,811792.19
1088,lrange5,1000000,1194953.38
1089,lpush5,1000000,814397.38
1089,lrange5,1000000,1272305.38
1090,lpush5,1000000,818369.88
1090,lrange5,1000000,1272366.38
1091,lpush5,1000000,819737.69
1091,lrange5,1000000,1128668.25
1092,lpush5,1000000,829915.31
1092,lrange5,1000000,1278772.38
1093,lpush5,1000000,813760.81
1093,lrange5,1000000,1265964.50
1094,lpush5,1000000,817831.50
1094,lrange5,1000000,1283738.12
1095,lpush5,1000000,811753.25
1095,lrange5,1000000,1262848.50
1096,lpush5,1000000,823058.44
1096,lrange5,1000000,1277180.12
1097,lpush5,1000000,817857.69
1097,lrange5,1000000,1222669.88
1098,lpush5,1000000,820488.94
1098,lrange5,1000000,1282071.88
1099,lpush5,1000000,821083.69
1099,lrange5,1000000,1277282.25
1100,lpush5,1000000,820397.06
1100,lrange5,1000000,1256462.25
1101,lpush5,1000000,815699.88
1101,lrange5,1000000,1283697.12
1102,lpush5,1000000,814410.38
1102,lrange5,1000000,1282297.50
1103,lpush5,1000000,827129.88
1103,lrange5,1000000,1187667.50
1104,lpush5,1000000,816391.81
1104,lrange5,1000000,1189441.12
1105,lpush5,1000000,819184.31
1105,lrange5,1000000,1262626.25
1106,lpush5,1000000,815843.44
1106,lrange5,1000000,1245509.38
1107,lpush5,1000000,817202.62
1107,lrange5,1000000,1279017.88
1108,lpush5,1000000,822526.31
1108,lrange5,1000000,1172726.88
1109,lpush5,1000000,820383.94
1109,lrange5,1000000,1259466.00
1110,lpush5,1000000,817045.75
1110,lrange5,1000000,1280430.25
1111,lpush5,1000000,814410.38
1111,lrange5,1000000,1272285.00
1112,lpush5,1000000,822368.44
1112,lrange5,1000000,1236291.75
1113,lpush5,1000000,816365.69
1113,lrange5,1000000,1288742.25
1114,lpush5,1000000,821692.69
1114,lrange5,1000000,1256321.62
1115,lpush5,1000000,819000.88
1115,lrange5,1000000,1239157.38
1116,lpush5,1000000,820383.94
1116,lrange5,1000000,1259607.00
1117,lpush5,1000000,825082.50
1117,lrange5,1000000,1272285.00
1118,lpush5,1000000,821070.56
1118,lrange5,1000000,1272447.88
1119,lpush5,1000000,814514.62
1119,lrange5,1000000,1273885.25
1120,lpush5,1000000,811701.31
1120,lrange5,1000000,1259707.75
1121,lpush5,1000000,825122.12
1121,lrange5,1000000,1209576.75
1122,lpush5,1000000,813682.69
1122,lrange5,1000000,1091930.12
1123,lpush5,1000000,811237.62
1123,lrange5,1000000,1287021.88
1124,lpush5,1000000,810437.62
1124,lrange5,1000000,1200787.50
1125,lpush5,1000000,813177.25
1125,lrange5,1000000,1199347.75
1126,lpush5,1000000,820344.56
1126,lrange5,1000000,1243820.88
1127,lpush5,1000000,815126.31
1127,lrange5,1000000,1203619.75
1128,lpush5,1000000,808407.44
1128,lrange5,1000000,1246902.75
1129,lpush5,1000000,813008.12
1129,lrange5,1000000,1200787.50
1130,lpush5,1000000,816457.12
1130,lrange5,1000000,1261074.38
1131,lpush5,1000000,813255.25
1131,lrange5,1000000,1178176.75
1132,lpush5,1000000,810528.38
1132,lrange5,1000000,1283758.75
1133,lpush5,1000000,811896.12
1133,lrange5,1000000,1200633.88
1134,lpush5,1000000,821123.12
1134,lrange5,1000000,1269096.50
1135,lpush5,1000000,812347.75
1135,lrange5,1000000,1283881.88
1136,lpush5,1000000,808446.25
1136,lrange5,1000000,1245389.88
1137,lpush5,1000000,813669.69
1137,lrange5,1000000,1226993.88
1138,lpush5,1000000,812386.69
1138,lrange5,1000000,1261155.12
1139,lpush5,1000000,817726.88
1139,lrange5,1000000,1275612.25
1140,lpush5,1000000,813060.12
1140,lrange5,1000000,1285491.00
1141,lpush5,1000000,821201.94
1141,lrange5,1000000,1173877.88
1142,lpush5,1000000,818500.81
1142,lrange5,1000000,1242236.00
1143,lpush5,1000000,815048.06
1143,lrange5,1000000,1275530.62
1144,lpush5,1000000,819092.56
1144,lrange5,1000000,1203369.50
1145,lpush5,1000000,813073.19
1145,lrange5,1000000,1231586.25
1146,lpush5,1000000,827973.56
1146,lrange5,1000000,1261094.62
1147,lpush5,1000000,827169.56
1147,lrange5,1000000,1265903.75
1148,lpush5,1000000,823815.50
1148,lrange5,1000000,1275551.00
1149,lpush5,1000000,820397.06
1149,lrange5,1000000,1269218.25
1150,lpush5,1000000,822513.19
1150,lrange5,1000000,1270770.00
1151,lpush5,1000000,817019.62
1151,lrange5,1000000,1267548.88
1152,lpush5,1000000,819777.00
1152,lrange5,1000000,1265984.75
1153,lpush5,1000000,821863.62
1153,lrange5,1000000,1122478.12
1154,lpush5,1000000,814501.62
1154,lrange5,1000000,1270709.00
1155,lpush5,1000000,816993.50
1155,lrange5,1000000,1261175.25
1156,lpush5,1000000,821758.44
1156,lrange5,1000000,1190476.25
1157,lpush5,1000000,811185.69
1157,lrange5,1000000,1259466.00
1158,lpush5,1000000,816339.56
1158,lrange5,1000000,1195106.38
1159,lpush5,1000000,825254.12
1159,lrange5,1000000,1266005.00
1160,lpush5,1000000,822473.69
1160,lrange5,1000000,1215086.25
1161,lpush5,1000000,817150.31
1161,lrange5,1000000,1278915.62
1162,lpush5,1000000,821705.81
1162,lrange5,1000000,1264424.75
1163,lpush5,1000000,813021.12
1163,lrange5,1000000,1283820.25
1164,lpush5,1000000,811055.94
1164,lrange5,1000000,1253213.12
1165,lpush5,1000000,811896.12
1165,lrange5,1000000,1282092.38
1166,lpush5,1000000,815699.88
1166,lrange5,1000000,1275693.88
1167,lpush5,1000000,819763.94
1167,lrange5,1000000,1246922.75
1168,lpush5,1000000,808459.19
1168,lrange5,1000000,1282051.38
1169,lpush5,1000000,808459.19
1169,lrange5,1000000,1278956.50
1170,lpush5,1000000,810450.56
1170,lrange5,1000000,1280430.25
1171,lpush5,1000000,816378.75
1171,lrange5,1000000,1277343.62
1172,lpush5,1000000,810424.69
1172,lrange5,1000000,1205166.25
1173,lpush5,1000000,813112.19
1173,lrange5,1000000,1257962.25
1174,lpush5,1000000,814371.31
1174,lrange5,1000000,1267569.12
1175,lpush5,1000000,814449.50
1175,lrange5,1000000,1272264.62
1176,lpush5,1000000,811844.19
1176,lrange5,1000000,1264222.50
1177,lpush5,1000000,809833.19
1177,lrange5,1000000,1256381.88
1178,lpush5,1000000,813825.88
1178,lrange5,1000000,1287021.88
1179,lpush5,1000000,818330.62
1179,lrange5,1000000,1290487.75
1180,lpush5,1000000,818343.69
1180,lrange5,1000000,1283697.12
1181,lpush5,1000000,805191.62
1181,lrange5,1000000,1285367.62
1182,lpush5,1000000,817032.69
1182,lrange5,1000000,1283738.12
1183,lpush5,1000000,809729.56
1183,lrange5,1000000,1202019.25
1184,lpush5,1000000,826671.06
1184,lrange5,1000000,1269116.75
1185,lpush5,1000000,811185.69
1185,lrange5,1000000,1259607.00
1186,lpush5,1000000,823045.25
1186,lrange5,1000000,1191952.38
1187,lpush5,1000000,813138.19
1187,lrange5,1000000,1246982.62
1188,lpush5,1000000,822473.69
1188,lrange5,1000000,1280573.62
1189,lpush5,1000000,817085.00
1189,lrange5,1000000,1253293.25
1190,lpush5,1000000,809074.50
1190,lrange5,1000000,1199117.50
1191,lpush5,1000000,821096.81
1191,lrange5,1000000,1201923.00
1192,lpush5,1000000,810580.25
1192,lrange5,1000000,1190647.62
1193,lpush5,1000000,811870.12
1193,lrange5,1000000,1275530.62
1194,lpush5,1000000,811198.69
1194,lrange5,1000000,1246882.88
1195,lpush5,1000000,810463.56
1195,lrange5,1000000,1209286.50
1196,lpush5,1000000,813682.69
1196,lrange5,1000000,1202000.00
1197,lpush5,1000000,810515.44
1197,lrange5,1000000,1274068.75
1198,lpush5,1000000,813008.12
1198,lrange5,1000000,1197968.88
1199,lpush5,1000000,812347.75
1199,lrange5,1000000,1265843.00
1200,lpush5,1000000,823868.19
1200,lrange5,1000000,1290446.50
1201,lpush5,1000000,811030.00
1201,lrange5,1000000,1288721.62
1202,lpush5,1000000,820488.94
1202,lrange5,1000000,1287166.00
1203,lpush5,1000000,813734.75
1203,lrange5,1000000,1283861.38
1204,lpush5,1000000,818540.12
1204,lrange5,1000000,1270668.38
1205,lpush5,1000000,819066.38
1205,lrange5,1000000,1195068.12
1206,lpush5,1000000,817137.25
1206,lrange5,1000000,1194781.38
1207,lpush5,1000000,819737.69
1207,lrange5,1000000,1204877.12
1208,lpush5,1000000,818330.62
1208,lrange5,1000000,1278833.75
1209,lpush5,1000000,828513.69
1209,lrange5,1000000,1100391.62
1210,lpush5,1000000,818435.38
1210,lrange5,1000000,1202076.88
1211,lpush5,1000000,825948.81
1211,lrange5,1000000,1185023.75
1212,lpush5,1000000,818409.19
1212,lrange5,1000000,1280594.12
1213,lpush5,1000000,813669.69
1213,lrange5,1000000,1178044.75
1214,lpush5,1000000,814501.62
1214,lrange5,1000000,1275632.62
1215,lpush5,1000000,821136.25
1215,lrange5,1000000,1282236.00
1216,lpush5,1000000,818369.88
1216,lrange5,1000000,1190495.25
1217,lpush5,1000000,815191.50
1217,lrange5,1000000,1234567.88
1218,lpush5,1000000,823203.25
1218,lrange5,1000000,1251564.38
1219,lpush5,1000000,817006.56
1219,lrange5,1000000,1183564.50
1220,lpush5,1000000,829280.31
1220,lrange5,1000000,1203581.25
1221,lpush5,1000000,809885.00
1221,lrange5,1000000,1199175.12
1222,lpush5,1000000,824534.19
1222,lrange5,1000000,1201961.50
1223,lpush5,1000000,822473.69
1223,lrange5,1000000,1269055.88
1224,lpush5,1000000,819803.25
1224,lrange5,1000000,1253193.00
1225,lpush5,1000000,807205.81
1225,lrange5,1000000,1282133.38
1226,lpush5,1000000,812568.69
1226,lrange5,1000000,1283758.75
1227,lpush5,1000000,811030.00
1227,lrange5,1000000,1277282.25
1228,lpush5,1000000,819000.88
1228,lrange5,1000000,1264242.75
1229,lpush5,1000000,810528.38
1229,lrange5,1000000,1280491.62
1230,lpush5,1000000,819724.56
1230,lrange5,1000000,1273926.12
1231,lpush5,1000000,819013.94
1231,lrange5,1000000,1283861.38
1232,lpush5,1000000,818330.62
1232,lrange5,1000000,1285388.12
1233,lpush5,1000000,825816.69
1233,lrange5,1000000,1273885.25
1234,lpush5,1000000,823920.94
1234,lrange5,1000000,1190571.50
1235,lpush5,1000000,807309.12
1235,lrange5,1000000,1278833.75
1236,lpush5,1000000,819724.56
1236,lrange5,1000000,1283697.12
1237,lpush5,1000000,809768.44
1237,lrange5,1000000,1290405.25
1238,lpush5,1000000,816404.88
1238,lrange5,1000000,1267508.25
1239,lpush5,1000000,810372.81
1239,lrange5,1000000,1203773.75
1240,lpush5,1000000,812399.69
1240,lrange5,1000000,1202134.62
1241,lpush5,1000000,812412.69
1241,lrange5,1000000,1274007.62
1242,lpush5,1000000,821692.69
1242,lrange5,1000000,1269076.12
1243,lpush5,1000000,813682.69
1243,lrange5,1000000,1287042.50
1244,lpush5,1000000,811714.31
1244,lrange5,1000000,1108860.25
1245,lpush5,1000000,814995.94
1245,lrange5,1000000,1278813.25
1246,lpush5,1000000,811081.88
1246,lrange5,1000000,1285347.00
1247,lpush5,1000000,815100.25
1247,lrange5,1000000,1285408.75
1248,lpush5,1000000,811818.19
1248,lrange5,1000000,1278792.88
1249,lpush5,1000000,811740.25
1249,lrange5,1000000,1233203.50
1250,lpush5,1000000,809755.44
1250,lrange5,1000000,1278997.38
1251,lpush5,1000000,808446.25
1251,lrange5,1000000,1247042.38
1252,lpush5,1000000,809781.38
1252,lrange5,1000000,1287166.00
1253,lpush5,1000000,807754.44
1253,lrange5,1000000,1223990.25
1254,lpush5,1000000,817032.69
1254,lrange5,1000000,1275653.12
1255,lpush5,1000000,815217.62
1255,lrange5,1000000,1277323.12
1256,lpush5,1000000,813838.94
1256,lrange5,1000000,1251564.38
1257,lpush5,1000000,814475.56
1257,lrange5,1000000,1280430.25
1258,lpush5,1000000,815113.31
1258,lrange5,1000000,1269238.62
1259,lpush5,1000000,813008.12
1259,lrange5,1000000,1230169.75
1260,lpush5,1000000,816417.94
1260,lrange5,1000000,1246962.62
1261,lpush5,1000000,814514.62
1261,lrange5,1000000,1283943.50
1262,lpush5,1000000,825869.56
1262,lrange5,1000000,1195125.38
1263,lpush5,1000000,821070.56
1263,lrange5,1000000,1269116.75
1264,lpush5,1000000,826618.12
1264,lrange5,1000000,1190476.25
1265,lpush5,1000000,827814.62
1265,lrange5,1000000,1282071.88
1266,lpush5,1000000,825254.12
1266,lrange5,1000000,1277200.50
1267,lpush5,1000000,822579.00
1267,lrange5,1000000,1282071.88
1268,lpush5,1000000,813047.12
1268,lrange5,1000000,1237801.88
1269,lpush5,1000000,820554.56
1269,lrange5,1000000,1283697.12
1270,lpush5,1000000,818540.12
1270,lrange5,1000000,1197988.00
1271,lpush5,1000000,818422.25
1271,lrange5,1000000,1250060.00
1272,lpush5,1000000,822381.62
1272,lrange5,1000000,1261034.12
1273,lpush5,1000000,817006.56
1273,lrange5,1000000,1270668.38
1274,lpush5,1000000,819197.44
1274,lrange5,1000000,1275796.00
1275,lpush5,1000000,813164.19
1275,lrange5,1000000,1270709.00
1276,lpush5,1000000,820528.31
1276,lrange5,1000000,1280635.00
1277,lpush5,1000000,819131.88
1277,lrange5,1000000,1267508.25
1278,lpush5,1000000,815061.12
1278,lrange5,1000000,1258002.50
1279,lpush5,1000000,828725.75
1279,lrange5,1000000,1200614.62
1280,lpush5,1000000,813682.69
1280,lrange5,1000000,1055139.25
1281,lpush5,1000000,819145.00
1281,lrange5,1000000,1190819.12
1282,lpush5,1000000,823097.94
1282,lrange5,1000000,1199079.12
1283,lpush5,1000000,808420.38
1283,lrange5,1000000,1203369.50
1284,lpush5,1000000,813112.19
1284,lrange5,1000000,1269177.62
1285,lpush5,1000000,819223.62
1285,lrange5,1000000,1269177.62
1286,lpush5,1000000,813008.12
1286,lrange5,1000000,1287063.00
1287,lpush5,1000000,811250.56
1287,lrange5,1000000,1272447.88
1288,lpush5,1000000,809910.94
1288,lrange5,1000000,1193432.00
1289,lpush5,1000000,819000.88
1289,lrange5,1000000,1261074.38
1290,lpush5,1000000,813721.75
1290,lrange5,1000000,1277159.62
1291,lpush5,1000000,814358.25
1291,lrange5,1000000,1180864.25
1292,lpush5,1000000,813799.88
1292,lrange5,1000000,1275632.62
1293,lpush5,1000000,815765.12
1293,lrange5,1000000,1266045.50
1294,lpush5,1000000,819079.50
1294,lrange5,1000000,1202192.25
1295,lpush5,1000000,810463.56
1295,lrange5,1000000,1277200.50
1296,lpush5,1000000,818474.62
1296,lrange5,1000000,1262646.50
1297,lpush5,1000000,812360.69
1297,lrange5,1000000,1239236.75
1298,lpush5,1000000,811094.88
1298,lrange5,1000000,1183469.75
1299,lpush5,1000000,811779.25
1299,lrange5,1000000,1275591.88
1300,lpush5,1000000,812399.69
1300,lrange5,1000000,1139225.50
1301,lpush5,1000000,820397.06
1301,lrange5,1000000,1269076.12
1302,lpush5,1000000,804543.81
1302,lrange5,1000000,1282194.88
1303,lpush5,1000000,819105.69
1303,lrange5,1000000,1254805.50
1304,lpush5,1000000,814410.38
1304,lrange5,1000000,1272305.38
1305,lpush5,1000000,811068.94
1305,lrange5,1000000,1200691.50
1306,lpush5,1000000,809113.31
1306,lrange5,1000000,1275530.62
1307,lpush5,1000000,819711.44
1307,lrange5,1000000,1236232.38
1308,lpush5,1000000,811896.12
1308,lrange5,1000000,1267630.00
1309,lpush5,1000000,822381.62
1309,lrange5,1000000,1189269.88
1310,lpush5,1000000,813734.75
1310,lrange5,1000000,1245509.38
1311,lpush5,1000000,815712.94
1311,lrange5,1000000,1283902.50
1312,lpush5,1000000,827129.88
1312,lrange5,1000000,1204954.25
1313,lpush5,1000000,812373.69
1313,lrange5,1000000,1224009.88
1314,lpush5,1000000,810437.62
1314,lrange5,1000000,1273926.12
1315,lpush5,1000000,815869.50
1315,lrange5,1000000,1197988.00
1316,lpush5,1000000,818487.75
1316,lrange5,1000000,1236113.75
1317,lpush5,1000000,819013.94
1317,lrange5,1000000,1283779.25
1318,lpush5,1000000,831441.44
1318,lrange5,1000000,1169871.38
1319,lpush5,1000000,820383.94
1319,lrange5,1000000,1196497.62
1320,lpush5,1000000,820383.94
1320,lrange5,1000000,1234745.62
1321,lpush5,1000000,816326.50
1321,lrange5,1000000,1254745.25
1322,lpush5,1000000,815895.62
1322,lrange5,1000000,1283738.12
1323,lpush5,1000000,817215.69
1323,lrange5,1000000,1200557.00
1324,lpush5,1000000,823124.25
1324,lrange5,1000000,1175501.75
1325,lpush5,1000000,811727.25
1325,lrange5,1000000,1265843.00
1326,lpush5,1000000,819013.94
1326,lrange5,1000000,1194991.62
1327,lpush5,1000000,817713.81
1327,lrange5,1000000,1130160.50
1328,lpush5,1000000,817202.62
1328,lrange5,1000000,1267488.00
1329,lpush5,1000000,825227.69
1329,lrange5,1000000,1201980.75
1330,lpush5,1000000,809872.06
1330,lrange5,1000000,1243840.75
1331,lpush5,1000000,821044.31
1331,lrange5,1000000,1239157.38
1332,lpush5,1000000,809936.81
1332,lrange5,1000000,1285449.88
1333,lpush5,1000000,821162.50
1333,lrange5,1000000,1267467.75
1334,lpush5,1000000,817058.81
1334,lrange5,1000000,1206523.50
1335,lpush5,1000000,817831.50
1335,lrange5,1000000,1280471.12
1336,lpush5,1000000,826631.38
1336,lrange5,1000000,1287166.00
1337,lpush5,1000000,816431.00
1337,lrange5,1000000,1269116.75
1338,lpush5,1000000,819803.25
1338,lrange5,1000000,883491.19
1339,lpush5,1000000,822579.00
1339,lrange5,1000000,1282236.00
1340,lpush5,1000000,815830.38
1340,lrange5,1000000,1278854.25
1341,lpush5,1000000,813164.19
1341,lrange5,1000000,1224009.88
1342,lpush5,1000000,814345.25
1342,lrange5,1000000,1269076.12
1343,lpush5,1000000,813125.19
1343,lrange5,1000000,1176771.75
1344,lpush5,1000000,815712.94
1344,lrange5,1000000,1262626.25
1345,lpush5,1000000,816522.44
1345,lrange5,1000000,1280532.62
1346,lpush5,1000000,811068.94
1346,lrange5,1000000,1269076.12
1347,lpush5,1000000,808485.06
1347,lrange5,1000000,1280512.12
1348,lpush5,1000000,805217.38
1348,lrange5,1000000,1283799.75
1349,lpush5,1000000,809923.88
1349,lrange5,1000000,1278772.38
1350,lpush5,1000000,808472.12
1350,lrange5,1000000,1267467.75
1351,lpush5,1000000,816444.06
1351,lrange5,1000000,1254785.50
1352,lpush5,1000000,815882.56
1352,lrange5,1000000,1196555.00
1353,lpush5,1000000,816535.50
1353,lrange5,1000000,1247082.38
1354,lpush5,1000000,809061.50
1354,lrange5,1000000,1285511.62
1355,lpush5,1000000,667663.56
1355,lrange5,1000000,1267609.62
1356,lpush5,1000000,817896.94
1356,lrange5,1000000,1282051.38
1357,lpush5,1000000,823203.25
1357,lrange5,1000000,1282071.88
1358,lpush5,1000000,809255.69
1358,lrange5,1000000,1262727.25
1359,lpush5,1000000,825188.12
1359,lrange5,1000000,1237782.12
1360,lpush5,1000000,815191.50
1360,lrange5,1000000,1278874.62
1361,lpush5,1000000,815204.56
1361,lrange5,1000000,1261094.62
1362,lpush5,1000000,820436.44
1362,lrange5,1000000,1202250.00
1363,lpush5,1000000,817006.56
1363,lrange5,1000000,1245449.62
1364,lpush5,1000000,821745.25
1364,lrange5,1000000,1180807.50
1365,lpush5,1000000,818383.00
1365,lrange5,1000000,1176809.38
1366,lpush5,1000000,813734.75
1366,lrange5,1000000,1186486.38
1367,lpush5,1000000,819053.25
1367,lrange5,1000000,1243820.88
1368,lpush5,1000000,813669.69
1368,lrange5,1000000,1283861.38
1369,lpush5,1000000,826446.25
1369,lrange5,1000000,1267427.12
1370,lpush5,1000000,821031.19
1370,lrange5,1000000,1264283.12
1371,lpush5,1000000,814423.44
1371,lrange5,1000000,1248479.38
1372,lpush5,1000000,828039.75
1372,lrange5,1000000,1277343.62
1373,lpush5,1000000,815869.50
1373,lrange5,1000000,1257881.75
1374,lpush5,1000000,814358.25
1374,lrange5,1000000,1200499.38
1375,lpush5,1000000,825962.06
1375,lrange5,1000000,1278833.75
1376,lpush5,1000000,810411.69
1376,lrange5,1000000,1270810.62
1377,lpush5,1000000,818369.88
1377,lrange5,1000000,1234567.88
1378,lpush5,1000000,820449.56
1378,lrange5,1000000,1285552.75
1379,lpush5,1000000,811688.31
1379,lrange5,1000000,1190781.00
1380,lpush5,1000000,818330.62
1380,lrange5,1000000,1275693.88
1381,lpush5,1000000,817883.88
1381,lrange5,1000000,1278874.62
1382,lpush5,1000000,827973.56
1382,lrange5,1000000,1283799.75
1383,lpush5,1000000,822381.62
1383,lrange5,1000000,1261094.62
1384,lpush5,1000000,814566.75
1384,lrange5,1000000,1282277.00
1385,lpush5,1000000,811081.88
1385,lrange5,1000000,1209499.38
1386,lpush5,1000000,816417.94
1386,lrange5,1000000,1250120.00
1387,lpush5,1000000,810424.69
1387,lrange5,1000000,1270709.00
1388,lpush5,1000000,823058.44
1388,lrange5,1000000,1270668.38
1389,lpush5,1000000,822539.50
1389,lrange5,1000000,1207864.75
1390,lpush5,1000000,815673.75
1390,lrange5,1000000,1197700.62
1391,lpush5,1000000,807870.75
1391,lrange5,1000000,1209189.75
1392,lpush5,1000000,813034.12
1392,lrange5,1000000,1233104.88
1393,lpush5,1000000,813047.12
1393,lrange5,1000000,1280409.75
1394,lpush5,1000000,825201.31
1394,lrange5,1000000,1262747.50
1395,lpush5,1000000,809729.56
1395,lrange5,1000000,1280471.12
1396,lpush5,1000000,818409.19
1396,lrange5,1000000,1234745.62
1397,lpush5,1000000,810424.69
1397,lrange5,1000000,1248499.38
1398,lpush5,1000000,814540.69
1398,lrange5,1000000,1251684.62
1399,lpush5,1000000,821031.19
1399,lrange5,1000000,1283779.25
1400,lpush5,1000000,813721.75
1400,lrange5,1000000,1243781.12
1401,lpush5,1000000,816444.06
1401,lrange5,1000000,1199079.12
1402,lpush5,1000000,823058.44
1402,lrange5,1000000,1256281.38
1403,lpush5,1000000,814332.19
1403,lrange5,1000000,1116214.25
1404,lpush5,1000000,817779.19
1404,lrange5,1000000,1230051.62
1405,lpush5,1000000,821241.31
1405,lrange5,1000000,1285388.12
1406,lpush5,1000000,818343.69
1406,lrange5,1000000,1239534.12
1407,lpush5,1000000,812464.69
1407,lrange5,1000000,1193699.25
1408,lpush5,1000000,820344.56
1408,lrange5,1000000,1197604.88
1409,lpush5,1000000,819685.25
1409,lrange5,1000000,1219551.25
1410,lpush5,1000000,819829.50
1410,lrange5,1000000,1257861.62
1411,lpush5,1000000,813721.75
1411,lrange5,1000000,1280471.12
1412,lpush5,1000000,819685.25
1412,lrange5,1000000,1202269.25
1413,lpush5,1000000,821705.81
1413,lrange5,1000000,1267427.12
1414,lpush5,1000000,830127.75
1414,lrange5,1000000,1228579.88
1415,lpush5,1000000,821018.00
1415,lrange5,1000000,1262747.50
1416,lpush5,1000000,807115.44
1416,lrange5,1000000,1186391.50
1417,lpush5,1000000,824402.25
1417,lrange5,1000000,1283697.12
1418,lpush5,1000000,816391.81
1418,lrange5,1000000,1222767.75
1419,lpush5,1000000,817674.56
1419,lrange5,1000000,1195029.88
1420,lpush5,1000000,818487.75
1420,lrange5,1000000,1242414.88
1421,lpush5,1000000,815035.06
1421,lrange5,1000000,1280532.62
1422,lpush5,1000000,815178.50
1422,lrange5,1000000,1278854.25
1423,lpush5,1000000,813060.12
1423,lrange5,1000000,1248439.50
1424,lpush5,1000000,817150.31
1424,lrange5,1000000,1264263.00
1425,lpush5,1000000,823111.06
1425,lrange5,1000000,1278772.38
1426,lpush5,1000000,821096.81
1426,lrange5,1000000,1210673.12
1427,lpush5,1000000,815673.75
1427,lrange5,1000000,1251824.75
1428,lpush5,1000000,814462.50
1428,lrange5,1000000,1280471.12
1429,lpush5,1000000,817674.56
1429,lrange5,1000000,1272305.38
1430,lpush5,1000000,817058.81
1430,lrange5,1000000,1280450.62
1431,lpush5,1000000,818474.62
1431,lrange5,1000000,1280409.75
1432,lpush5,1000000,812386.69
1432,lrange5,1000000,1269035.50
1433,lpush5,1000000,823802.31
1433,lrange5,1000000,1270709.00
1434,lpush5,1000000,813747.75
1434,lrange5,1000000,1251564.38
1435,lpush5,1000000,811146.75
1435,lrange5,1000000,1265822.75
1436,lpush5,1000000,815778.19
1436,lrange5,1000000,1256301.50
1437,lpush5,1000000,819711.44
1437,lrange5,1000000,1240913.12
1438,lpush5,1000000,813112.19
1438,lrange5,1000000,1272366.38
1439,lpush5,1000000,815061.12
1439,lrange5,1000000,1219590.25
1440,lpush5,1000000,818343.69
1440,lrange5,1000000,1269218.25
1441,lpush5,1000000,823762.75
1441,lrange5,1000000,1282051.38
1442,lpush5,1000000,817045.75
1442,lrange5,1000000,1283779.25
1443,lpush5,1000000,817098.06
1443,lrange5,1000000,1206465.62
1444,lpush5,1000000,815035.06
1444,lrange5,1000000,1189403.12
1445,lpush5,1000000,811844.19
1445,lrange5,1000000,1277282.25
1446,lpush5,1000000,813112.19
1446,lrange5,1000000,1257861.62
1447,lpush5,1000000,817032.69
1447,lrange5,1000000,1225647.12
1448,lpush5,1000000,828513.69
1448,lrange5,1000000,1257881.75
1449,lpush5,1000000,812399.69
1449,lrange5,1000000,1264283.12
1450,lpush5,1000000,816339.56
1450,lrange5,1000000,1264343.88
1451,lpush5,1000000,824415.44
1451,lrange5,1000000,1265883.50
1452,lpush5,1000000,823934.12
1452,lrange5,1000000,1261054.25
1453,lpush5,1000000,807896.56
1453,lrange5,1000000,1280409.75
1454,lpush5,1000000,814345.25
1454,lrange5,1000000,1254765.38
1455,lpush5,1000000,818500.81
1455,lrange5,1000000,1277261.88
1456,lpush5,1000000,813060.12
1456,lrange5,1000000,1203754.50
1457,lpush5,1000000,816404.88
1457,lrange5,1000000,1275530.62
1458,lpush5,1000000,817137.25
1458,lrange5,1000000,1196555.00
1459,lpush5,1000000,815673.75
1459,lrange5,1000000,1234725.88
1460,lpush5,1000000,810554.31
1460,lrange5,1000000,1283840.88
1461,lpush5,1000000,807806.12
1461,lrange5,1000000,1280512.12
1462,lpush5,1000000,806619.38
1462,lrange5,1000000,1269076.12
1463,lpush5,1000000,811185.69
1463,lrange5,1000000,1285347.00
1464,lpush5,1000000,825161.69
1464,lrange5,1000000,1194972.50
1465,lpush5,1000000,808472.12
1465,lrange5,1000000,1202134.62
1466,lpush5,1000000,809716.56
1466,lrange5,1000000,1259506.25
1467,lpush5,1000000,806490.31
1467,lrange5,1000000,1282277.00
1468,lpush5,1000000,813851.94
1468,lrange5,1000000,1200729.88
1469,lpush5,1000000,805879.06
1469,lrange5,1000000,1277343.62
1470,lpush5,1000000,817674.56
1470,lrange5,1000000,1283738.12
1471,lpush5,1000000,811883.12
1471,lrange5,1000000,1265822.75
1472,lpush5,1000000,816457.12
1472,lrange5,1000000,1277139.25
1473,lpush5,1000000,822421.06
1473,lrange5,1000000,1278772.38
1474,lpush5,1000000,813773.81
1474,lrange5,1000000,1137820.25
1475,lpush5,1000000,815008.94
1475,lrange5,1000000,1269055.88
1476,lpush5,1000000,809061.50
1476,lrange5,1000000,1262767.62
1477,lpush5,1000000,813060.12
1477,lrange5,1000000,1257881.75
1478,lpush5,1000000,820357.69
1478,lrange5,1000000,1264263.00
1479,lpush5,1000000,809113.31
1479,lrange5,1000000,1196306.12
1480,lpush5,1000000,818448.44
1480,lrange5,1000000,1262848.50
1481,lpush5,1000000,815048.06
1481,lrange5,1000000,1282092.38
1482,lpush5,1000000,820410.19
1482,lrange5,1000000,1196401.88
1483,lpush5,1000000,817726.88
1483,lrange5,1000000,1256442.25
1484,lpush5,1000000,809833.19
1484,lrange5,1000000,1275551.00
1485,lpush5,1000000,819053.25
1485,lrange5,1000000,1282092.38
1486,lpush5,1000000,817674.56
1486,lrange5,1000000,1194857.75
1487,lpush5,1000000,809716.56
1487,lrange5,1000000,1236153.25
1488,lpush5,1000000,816535.50
1488,lrange5,1000000,1199213.50
1489,lpush5,1000000,811224.62
1489,lrange5,1000000,1280512.12
1490,lpush5,1000000,812542.69
1490,lrange5,1000000,1264343.88
1491,lpush5,1000000,819881.94
1491,lrange5,1000000,1283799.75
1492,lpush5,1000000,823789.12
1492,lrange5,1000000,1245350.00
1493,lpush5,1000000,811740.25
1493,lrange5,1000000,1283799.75
1494,lpush5,1000000,807754.44
1494,lrange5,1000000,1187705.50
1495,lpush5,1000000,813721.75
1495,lrange5,1000000,1267488.00
1496,lpush5,1000000,813773.81
1496,lrange5,1000000,1285367.62
1497,lpush5,1000000,809126.25
1497,lrange5,1000000,1285347.00
1498,lpush5,1000000,818396.06
1498,lrange5,1000000,1202000.00
1499,lpush5,1000000,814436.44
1499,lrange5,1000000,1237821.75
1500,lpush5,1000000,814540.69
1500,lrange5,1000000,1283779.25
1501,lpush5,1000000,817137.25
1501,lrange5,1000000,1275551.00
1502,lpush5,1000000,806619.38
1502,lrange5,1000000,1275693.88
1503,lpush5,1000000,827156.31
1503,lrange5,1000000,1267609.62
1504,lpush5,1000000,810372.81
1504,lrange5,1000000,1288659.75
1505,lpush5,1000000,812464.69
1505,lrange5,1000000,1203523.50
1506,lpush5,1000000,810437.62
1506,lrange5,1000000,1275510.25
1507,lpush5,1000000,814332.19
1507,lrange5,1000000,1285491.00
1508,lpush5,1000000,817661.44
1508,lrange5,1000000,1285388.12
1509,lpush5,1000000,817071.94
1509,lrange5,1000000,1283840.88
1510,lpush5,1000000,808446.25
1510,lrange5,1000000,1250140.00
1511,lpush5,1000000,814384.31
1511,lrange5,1000000,1196382.75
1512,lpush5,1000000,809794.31
1512,lrange5,1000000,1287001.25
1513,lpush5,1000000,816352.62
1513,lrange5,1000000,1288659.75
1514,lpush5,1000000,808459.19
1514,lrange5,1000000,1275530.62
1515,lpush5,1000000,818448.44
1515,lrange5,1000000,1259466.00
1516,lpush5,1000000,811701.31
1516,lrange5,1000000,1231546.88
1517,lpush5,1000000,810541.38
1517,lrange5,1000000,1205089.12
1518,lpush5,1000000,816378.75
1518,lrange5,1000000,1283758.75
1519,lpush5,1000000,817713.81
1519,lrange5,1000000,1272407.12
1520,lpush5,1000000,820515.19
1520,lrange5,1000000,1285347.00
1521,lpush5,1000000,817176.50
1521,lrange5,1000000,1270790.38
1522,lpush5,1000000,813721.75
1522,lrange5,1000000,1224009.88
1523,lpush5,1000000,819118.81
1523,lrange5,1000000,1247062.38
1524,lpush5,1000000,806593.56
1524,lrange5,1000000,1264283.12
1525,lpush5,1000000,817058.81
1525,lrange5,1000000,1267488.00
1526,lpush5,1000000,813773.81
1526,lrange5,1000000,1270688.75
1527,lpush5,1000000,815087.19
1527,lrange5,1000000,1245330.00
1528,lpush5,1000000,826485.94
1528,lrange5,1000000,1283799.75
1529,lpush5,1000000,814436.44
1529,lrange5,1000000,1275510.25
1530,lpush5,1000000,816339.56
1530,lrange5,1000000,1228658.50
1531,lpush5,1000000,823216.44
1531,lrange5,1000000,1278936.00
1532,lpush5,1000000,813825.88
1532,lrange5,1000000,1197624.00
1533,lpush5,1000000,811701.31
1533,lrange5,1000000,1248499.38
1534,lpush5,1000000,821031.19
1534,lrange5,1000000,1285429.25
1535,lpush5,1000000,827182.81
1535,lrange5,1000000,1199040.75
1536,lpush5,1000000,821784.69
1536,lrange5,1000000,1183791.62
1537,lpush5,1000000,817687.62
1537,lrange5,1000000,1200537.75
1538,lpush5,1000000,813669.69
1538,lrange5,1000000,1193470.12
1539,lpush5,1000000,810398.75
1539,lrange5,1000000,1197739.00
1540,lpush5,1000000,816444.06
1540,lrange5,1000000,1203677.50
1541,lpush5,1000000,813734.75
1541,lrange5,1000000,1272285.00
1542,lpush5,1000000,815022.00
1542,lrange5,1000000,1190895.25
1543,lpush5,1000000,808614.38
1543,lrange5,1000000,1275530.62
1544,lpush5,1000000,813086.19
1544,lrange5,1000000,1285367.62
1545,lpush5,1000000,813669.69
1545,lrange5,1000000,1256482.38
1546,lpush5,1000000,826459.50
1546,lrange5,1000000,1197777.25
1547,lpush5,1000000,809846.12
1547,lrange5,1000000,1265883.50
1548,lpush5,1000000,823150.62
1548,lrange5,1000000,1265903.75
1549,lpush5,1000000,814475.56
1549,lrange5,1000000,1270668.38
1550,lpush5,1000000,817700.69
1550,lrange5,1000000,1199386.12
1551,lpush5,1000000,824586.94
1551,lrange5,1000000,1282092.38
1552,lpush5,1000000,819737.69
1552,lrange5,1000000,1233124.50
1553,lpush5,1000000,811030.00
1553,lrange5,1000000,1237702.88
1554,lpush5,1000000,821692.69
1554,lrange5,1000000,1288866.00
1555,lpush5,1000000,811224.62
1555,lrange5,1000000,1272407.12
1556,lpush5,1000000,814514.62
1556,lrange5,1000000,1192143.00
1557,lpush5,1000000,820344.56
1557,lrange5,1000000,1273926.12
1558,lpush5,1000000,806632.25
1558,lrange5,1000000,1204896.38
1559,lpush5,1000000,809859.12
1559,lrange5,1000000,1282092.38
1560,lpush5,1000000,823111.06
1560,lrange5,1000000,1202096.12
1561,lpush5,1000000,742989.62
1561,lrange5,1000000,1207980.62
1562,lpush5,1000000,816378.75
1562,lrange5,1000000,1283799.75
1563,lpush5,1000000,816365.69
1563,lrange5,1000000,1290384.50
1564,lpush5,1000000,811805.19
1564,lrange5,1000000,1262686.88
1565,lpush5,1000000,821771.56
1565,lrange5,1000000,1267447.50
1566,lpush5,1000000,821083.69
1566,lrange5,1000000,1258083.00
1567,lpush5,1000000,816496.31
1567,lrange5,1000000,1256402.00
1568,lpush5,1000000,808433.31
1568,lrange5,1000000,1213592.25
1569,lpush5,1000000,809768.44
1569,lrange5,1000000,1288701.00
1570,lpush5,1000000,816365.69
1570,lrange5,1000000,1267569.12
1571,lpush5,1000000,819908.19
1571,lrange5,1000000,1275510.25
1572,lpush5,1000000,825962.06
1572,lrange5,1000000,1270668.38
1573,lpush5,1000000,814384.31
1573,lrange5,1000000,1288824.75
1574,lpush5,1000000,815765.12
1574,lrange5,1000000,1264263.00
1575,lpush5,1000000,812529.69
1575,lrange5,1000000,1270668.38
1576,lpush5,1000000,813060.12
1576,lrange5,1000000,1205147.00
1577,lpush5,1000000,819027.06
1577,lrange5,1000000,1285408.75
1578,lpush5,1000000,811224.62
1578,lrange5,1000000,1272346.00
1579,lpush5,1000000,813891.00
1579,lrange5,1000000,1269177.62
1580,lpush5,1000000,814995.94
1580,lrange5,1000000,1272264.62
1581,lpush5,1000000,819118.81
1581,lrange5,1000000,1283738.12
1582,lpush5,1000000,814371.31
1582,lrange5,1000000,1270871.62
1583,lpush5,1000000,821018.00
1583,lrange5,1000000,1203581.25
1584,lpush5,1000000,819053.25
1584,lrange5,1000000,1270688.75
1585,lpush5,1000000,813799.88
1585,lrange5,1000000,1283881.88
1586,lpush5,1000000,812477.69
1586,lrange5,1000000,1254745.25
1587,lpush5,1000000,822421.06
1587,lrange5,1000000,1246962.62
1588,lpush5,1000000,811068.94
1588,lrange5,1000000,1285491.00
1589,lpush5,1000000,822539.50
1589,lrange5,1000000,1277159.62
1590,lpush5,1000000,812360.69
1590,lrange5,1000000,1202019.25
1591,lpush5,1000000,825148.50
1591,lrange5,1000000,1282051.38
1592,lpush5,1000000,814995.94
1592,lrange5,1000000,1173953.00
1593,lpush5,1000000,811107.81
1593,lrange5,1000000,1225588.25
1594,lpush5,1000000,811172.75
1594,lrange5,1000000,1180845.38
1595,lpush5,1000000,813021.12
1595,lrange5,1000000,1193451.12
1596,lpush5,1000000,819105.69
1596,lrange5,1000000,1278977.00
1597,lpush5,1000000,817818.44
1597,lrange5,1000000,1202115.38
1598,lpush5,1000000,813060.12
1598,lrange5,1000000,1196440.12
1599,lpush5,1000000,817045.75
1599,lrange5,1000000,1277139.25
1600,lpush5,1000000,811081.88
1600,lrange5,1000000,1280450.62
1601,lpush5,1000000,815778.19
1601,lrange5,1000000,1275653.12
1602,lpush5,1000000,817045.75
1602,lrange5,1000000,1275510.25
1603,lpush5,1000000,815178.50
1603,lrange5,1000000,1246922.75
1604,lpush5,1000000,818343.69
1604,lrange5,1000000,1192181.12
1605,lpush5,1000000,809165.06
1605,lrange5,1000000,1273926.12
1606,lpush5,1000000,815765.12
1606,lrange5,1000000,1269035.50
1607,lpush5,1000000,811068.94
1607,lrange5,1000000,1246942.62
1608,lpush5,1000000,816457.12
1608,lrange5,1000000,1186600.25
1609,lpush5,1000000,819908.19
1609,lrange5,1000000,1251564.38
1610,lpush5,1000000,829915.31
1610,lrange5,1000000,1285449.88
1611,lpush5,1000000,814553.69
1611,lrange5,1000000,1243820.88
1612,lpush5,1000000,817870.75
1612,lrange5,1000000,1270648.00
1613,lpush5,1000000,817726.88
1613,lrange5,1000000,1199213.50
1614,lpush5,1000000,819053.25
1614,lrange5,1000000,1196191.38
1615,lpush5,1000000,810463.56
1615,lrange5,1000000,1205204.88
1616,lpush5,1000000,808588.50
1616,lrange5,1000000,1237683.12
1617,lpush5,1000000,816496.31
1617,lrange5,1000000,1203427.25
1618,lpush5,1000000,813682.69
1618,lrange5,1000000,1262767.62
1619,lpush5,1000000,817111.12
1619,lrange5,1000000,1266005.00
1620,lpush5,1000000,814345.25
1620,lrange5,1000000,1272346.00
1621,lpush5,1000000,815712.94
1621,lrange5,1000000,1280532.62
1622,lpush5,1000000,815712.94
1622,lrange5,1000000,1280430.25
1623,lpush5,1000000,809100.38
1623,lrange5,1000000,1287063.00
1624,lpush5,1000000,813838.94
1624,lrange5,1000000,1253152.88
1625,lpush5,1000000,821784.69
1625,lrange5,1000000,1274068.75
1626,lpush5,1000000,815008.94
1626,lrange5,1000000,1284169.50
1627,lpush5,1000000,823071.56
1627,lrange5,1000000,1242315.50
1628,lpush5,1000000,816365.69
1628,lrange5,1000000,1264263.00
1629,lpush5,1000000,810372.81
1629,lrange5,1000000,1283881.88
1630,lpush5,1000000,817006.56
1630,lrange5,1000000,1288680.38
1631,lpush5,1000000,810580.25
1631,lrange5,1000000,1184853.12
1632,lpush5,1000000,814540.69
1632,lrange5,1000000,1270790.38
1633,lpush5,1000000,817163.44
1633,lrange5,1000000,1275510.25
1634,lpush5,1000000,814410.38
1634,lrange5,1000000,1282092.38
1635,lpush5,1000000,814384.31
1635,lrange5,1000000,1254705.12
1636,lpush5,1000000,817883.88
1636,lrange5,1000000,1246982.62
1637,lpush5,1000000,819803.25
1637,lrange5,1000000,1207845.38
1638,lpush5,1000000,821175.69
1638,lrange5,1000000,1222493.88
1639,lpush5,1000000,825135.31
1639,lrange5,1000000,1270709.00
1640,lpush5,1000000,824534.19
1640,lrange5,1000000,1191895.12
1641,lpush5,1000000,819672.12
1641,lrange5,1000000,1200864.38
1642,lpush5,1000000,813073.19
1642,lrange5,1000000,1269035.50
1643,lpush5,1000000,817202.62
1643,lrange5,1000000,1285449.88
1644,lpush5,1000000,815100.25
1644,lrange5,1000000,1248459.38
1645,lpush5,1000000,820383.94
1645,lrange5,1000000,1287186.62
1646,lpush5,1000000,817215.69
1646,lrange5,1000000,1282071.88
1647,lpush5,1000000,817766.12
1647,lrange5,1000000,1287001.25
1648,lpush5,1000000,815778.19
1648,lrange5,1000000,1262666.62
1649,lpush5,1000000,815843.44
1649,lrange5,1000000,1251744.62
1650,lpush5,1000000,814475.56
1650,lrange5,1000000,1225607.88
1651,lpush5,1000000,811133.81
1651,lrange5,1000000,1267427.12
1652,lpush5,1000000,818330.62
1652,lrange5,1000000,1262747.50
1653,lpush5,1000000,816391.81
1653,lrange5,1000000,1275714.38
1654,lpush5,1000000,814423.44
1654,lrange5,1000000,1247042.38
1655,lpush5,1000000,819013.94
1655,lrange5,1000000,1196459.25
1656,lpush5,1000000,818396.06
1656,lrange5,1000000,1246962.62
1657,lpush5,1000000,823894.56
1657,lrange5,1000000,1278895.12
1658,lpush5,1000000,812425.69
1658,lrange5,1000000,1203619.75
1659,lpush5,1000000,825082.50
1659,lrange5,1000000,1267488.00
1660,lpush5,1000000,812399.69
1660,lrange5,1000000,1197796.50
1661,lpush5,1000000,819079.50
1661,lrange5,1000000,1166917.12
1662,lpush5,1000000,822381.62
1662,lrange5,1000000,1264242.75
1663,lpush5,1000000,821136.25
1663,lrange5,1000000,1193336.50
1664,lpush5,1000000,823150.62
1664,lrange5,1000000,1270648.00
1665,lpush5,1000000,810437.62
1665,lrange5,1000000,1195029.88
1666,lpush5,1000000,819724.56
1666,lrange5,1000000,1186277.62
1667,lpush5,1000000,817661.44
1667,lrange5,1000000,1240794.00
1668,lpush5,1000000,814566.75
1668,lrange5,1000000,1261215.62
1669,lpush5,1000000,815726.00
1669,lrange5,1000000,1200864.38
1670,lpush5,1000000,813877.94
1670,lrange5,1000000,1270770.00
1671,lpush5,1000000,823176.94
1671,lrange5,1000000,1280512.12
1672,lpush5,1000000,817019.62
1672,lrange5,1000000,1219570.75
1673,lpush5,1000000,813086.19
1673,lrange5,1000000,1239177.25
1674,lpush5,1000000,813125.19
1674,lrange5,1000000,1280614.62
1675,lpush5,1000000,820449.56
1675,lrange5,1000000,1203773.75
1676,lpush5,1000000,817006.56
1676,lrange5,1000000,1288680.38
1677,lpush5,1000000,821837.31
1677,lrange5,1000000,1287042.50
1678,lpush5,1000000,811714.31
1678,lrange5,1000000,1288762.88
1679,lpush5,1000000,817032.69
1679,lrange5,1000000,1208019.25
1680,lpush5,1000000,811133.81
1680,lrange5,1000000,1288680.38
1681,lpush5,1000000,819750.81
1681,lrange5,1000000,1266005.00
1682,lpush5,1000000,810502.44
1682,lrange5,1000000,1204992.75
1683,lpush5,1000000,821267.62
1683,lrange5,1000000,1245350.00
1684,lpush5,1000000,812412.69
1684,lrange5,1000000,1280553.12
1685,lpush5,1000000,816339.56
1685,lrange5,1000000,1197700.62
1686,lpush5,1000000,811055.94
1686,lrange5,1000000,1275693.88
1687,lpush5,1000000,815061.12
1687,lrange5,1000000,1202384.62
1688,lpush5,1000000,818461.56
1688,lrange5,1000000,1269055.88
1689,lpush5,1000000,807767.31
1689,lrange5,1000000,1259486.12
1690,lpush5,1000000,817805.38
1690,lrange5,1000000,1285408.75
1691,lpush5,1000000,821705.81
1691,lrange5,1000000,1262767.62
1692,lpush5,1000000,813060.12
1692,lrange5,1000000,1272366.38
1693,lpush5,1000000,813786.81
1693,lrange5,1000000,1282153.88
1694,lpush5,1000000,817045.75
1694,lrange5,1000000,1283881.88
1695,lpush5,1000000,813682.69
1695,lrange5,1000000,1269055.88
1696,lpush5,1000000,813734.75
1696,lrange5,1000000,1285367.62
1697,lpush5,1000000,817700.69
1697,lrange5,1000000,1269198.00
1698,lpush5,1000000,818330.62
1698,lrange5,1000000,1267670.50
1699,lpush5,1000000,816548.56
1699,lrange5,1000000,1243960.12
1700,lpush5,1000000,813034.12
1700,lrange5,1000000,1287166.00
1701,lpush5,1000000,812438.69
1701,lrange5,1000000,1203388.75
1702,lpush5,1000000,808420.38
1702,lrange5,1000000,1242355.25
1703,lpush5,1000000,811766.25
1703,lrange5,1000000,1278772.38
1704,lpush5,1000000,819711.44
1704,lrange5,1000000,1282112.88
1705,lpush5,1000000,809872.06
1705,lrange5,1000000,1272346.00
1706,lpush5,1000000,815726.00
1706,lrange5,1000000,1272447.88
1707,lpush5,1000000,818356.81
1707,lrange5,1000000,1236113.75
1708,lpush5,1000000,816444.06
1708,lrange5,1000000,1278936.00
1709,lpush5,1000000,815126.31
1709,lrange5,1000000,1283779.25
1710,lpush5,1000000,820410.19
1710,lrange5,1000000,1250120.00
1711,lpush5,1000000,811740.25
1711,lrange5,1000000,1285511.62
1712,lpush5,1000000,817739.94
1712,lrange5,1000000,1237643.50
1713,lpush5,1000000,816993.50
1713,lrange5,1000000,1242414.88
1714,lpush5,1000000,821175.69
1714,lrange5,1000000,1193546.50
1715,lpush5,1000000,811081.88
1715,lrange5,1000000,1224068.62
1716,lpush5,1000000,820344.56
1716,lrange5,1000000,1182392.38
1717,lpush5,1000000,820462.69
1717,lrange5,1000000,1247022.50
1718,lpush5,1000000,823190.12
1718,lrange5,1000000,1265883.50
1719,lpush5,1000000,811042.94
1719,lrange5,1000000,1275714.38
1720,lpush5,1000000,826472.69
1720,lrange5,1000000,1256422.12
1721,lpush5,1000000,812438.69
1721,lrange5,1000000,1196325.38
1722,lpush5,1000000,818435.38
1722,lrange5,1000000,1266025.25
1723,lpush5,1000000,819000.88
1723,lrange5,1000000,1280491.62
1724,lpush5,1000000,818383.00
1724,lrange5,1000000,1275693.88
1725,lpush5,1000000,814371.31
1725,lrange5,1000000,1282236.00
1726,lpush5,1000000,817870.75
1726,lrange5,1000000,1195106.38
1727,lpush5,1000000,819040.19
1727,lrange5,1000000,1277241.38
1728,lpush5,1000000,817045.75
1728,lrange5,1000000,1253132.88
1729,lpush5,1000000,823045.25
1729,lrange5,1000000,1180769.75
1730,lpush5,1000000,817176.50
1730,lrange5,1000000,1272305.38
1731,lpush5,1000000,817818.44
1731,lrange5,1000000,1254865.75
1732,lpush5,1000000,821201.94
1732,lrange5,1000000,1270688.75
1733,lpush5,1000000,815686.81
1733,lrange5,1000000,1197815.62
1734,lpush5,1000000,810541.38
1734,lrange5,1000000,1189250.88
1735,lpush5,1000000,814345.25
1735,lrange5,1000000,1251704.62
1736,lpush5,1000000,826591.69
1736,lrange5,1000000,1193508.38
1737,lpush5,1000000,819724.56
1737,lrange5,1000000,1067287.12
1738,lpush5,1000000,825135.31
1738,lrange5,1000000,1239335.88
1739,lpush5,1000000,813099.19
1739,lrange5,1000000,1200576.25
1740,lpush5,1000000,811727.25
1740,lrange5,1000000,1242255.88
1741,lpush5,1000000,813060.12
1741,lrange5,1000000,1265822.75
1742,lpush5,1000000,813229.25
1742,lrange5,1000000,1239316.00
1743,lpush5,1000000,828593.19
1743,lrange5,1000000,1283697.12
1744,lpush5,1000000,818527.00
1744,lrange5,1000000,1277323.12
1745,lpush5,1000000,813021.12
1745,lrange5,1000000,1200480.12
1746,lpush5,1000000,816535.50
1746,lrange5,1000000,1201980.75
1747,lpush5,1000000,813034.12
1747,lrange5,1000000,1259566.75
1748,lpush5,1000000,809203.94
1748,lrange5,1000000,1180694.25
1749,lpush5,1000000,807167.12
1749,lrange5,1000000,1280409.75
1750,lpush5,1000000,813760.81
1750,lrange5,1000000,1275714.38
1751,lpush5,1000000,815739.00
1751,lrange5,1000000,1245369.88
1752,lpush5,1000000,813138.19
1752,lrange5,1000000,1278772.38
1753,lpush5,1000000,812347.75
1753,lrange5,1000000,1198007.25
1754,lpush5,1000000,809846.12
1754,lrange5,1000000,1261054.25
1755,lpush5,1000000,825122.12
1755,lrange5,1000000,1227092.00
1756,lpush5,1000000,809768.44
1756,lrange5,1000000,1272305.38
1757,lpush5,1000000,808485.06
1757,lrange5,1000000,1267508.25
1758,lpush5,1000000,811055.94
1758,lrange5,1000000,1283799.75
1759,lpush5,1000000,819013.94
1759,lrange5,1000000,1266065.75
1760,lpush5,1000000,817713.81
1760,lrange5,1000000,1282112.88
1761,lpush5,1000000,813086.19
1761,lrange5,1000000,1282071.88
1762,lpush5,1000000,809729.56
1762,lrange5,1000000,1262666.62
1763,lpush5,1000000,815022.00
1763,lrange5,1000000,1277139.25
1764,lpush5,1000000,809923.88
1764,lrange5,1000000,1210673.12
1765,lpush5,1000000,819934.44
1765,lrange5,1000000,1269076.12
1766,lpush5,1000000,809897.94
1766,lrange5,1000000,1269177.62
1767,lpush5,1000000,817713.81
1767,lrange5,1000000,1265883.50
1768,lpush5,1000000,813682.69
1768,lrange5,1000000,1205069.88
1769,lpush5,1000000,817032.69
1769,lrange5,1000000,1199424.50
1770,lpush5,1000000,819040.19
1770,lrange5,1000000,1285367.62
1771,lpush5,1000000,821031.19
1771,lrange5,1000000,1198026.38
1772,lpush5,1000000,816391.81
1772,lrange5,1000000,1204877.12
1773,lpush5,1000000,814488.56
1773,lrange5,1000000,1283861.38
1774,lpush5,1000000,815100.25
1774,lrange5,1000000,1275510.25
1775,lpush5,1000000,812399.69
1775,lrange5,1000000,1194743.12
1776,lpush5,1000000,813682.69
1776,lrange5,1000000,1198026.38
1777,lpush5,1000000,803277.12
1777,lrange5,1000000,1248459.38
1778,lpush5,1000000,826578.50
1778,lrange5,1000000,1272305.38
1779,lpush5,1000000,815100.25
1779,lrange5,1000000,1267447.50
1780,lpush5,1000000,806451.62
1780,lrange5,1000000,1280573.62
1781,lpush5,1000000,817098.06
1781,lrange5,1000000,873432.31
1782,lpush5,1000000,812399.69
1782,lrange5,1000000,1264343.88
1783,lpush5,1000000,802052.94
1783,lrange5,1000000,1283902.50
1784,lpush5,1000000,815726.00
1784,lrange5,1000000,1278833.75
1785,lpush5,1000000,811198.69
1785,lrange5,1000000,1203696.75
1786,lpush5,1000000,820397.06
1786,lrange5,1000000,1285532.12
1787,lpush5,1000000,815035.06
1787,lrange5,1000000,1277139.25
1788,lpush5,1000000,811753.25
1788,lrange5,1000000,1203716.00
1789,lpush5,1000000,814436.44
1789,lrange5,1000000,1256462.25
1790,lpush5,1000000,818448.44
1790,lrange5,1000000,1190628.62
1791,lpush5,1000000,820344.56
1791,lrange5,1000000,1233085.12
1792,lpush5,1000000,808420.38
1792,lrange5,1000000,1267630.00
1793,lpush5,1000000,823097.94
1793,lrange5,1000000,1266025.25
1794,lpush5,1000000,811805.19
1794,lrange5,1000000,1282112.88
1795,lpush5,1000000,821692.69
1795,lrange5,1000000,1259506.25
1796,lpush5,1000000,825227.69
1796,lrange5,1000000,1280573.62
1797,lpush5,1000000,815765.12
1797,lrange5,1000000,1275530.62
1798,lpush5,1000000,814345.25
1798,lrange5,1000000,1256301.50
1799,lpush5,1000000,809807.25
1799,lrange5,1000000,1267447.50
1800,lpush5,1000000,818330.62
1800,lrange5,1000000,1201942.25
1801,lpush5,1000000,815791.25
1801,lrange5,1000000,1287042.50
1802,lpush5,1000000,816574.69
1802,lrange5,1000000,1256321.62
1803,lpush5,1000000,813047.12
1803,lrange5,1000000,1224166.50
1804,lpush5,1000000,814397.38
1804,lrange5,1000000,1278792.88
1805,lpush5,1000000,817857.69
1805,lrange5,1000000,1210866.88
1806,lpush5,1000000,813177.25
1806,lrange5,1000000,1222572.12
1807,lpush5,1000000,827880.81
1807,lrange5,1000000,1275571.50
1808,lpush5,1000000,823762.75
1808,lrange5,1000000,1267508.25
1809,lpush5,1000000,814371.31
1809,lrange5,1000000,1237742.50
1810,lpush5,1000000,825922.38
1810,lrange5,1000000,1285347.00
1811,lpush5,1000000,817058.81
1811,lrange5,1000000,1283717.62
1812,lpush5,1000000,815008.94
1812,lrange5,1000000,1285491.00
1813,lpush5,1000000,812386.69
1813,lrange5,1000000,1282215.38
1814,lpush5,1000000,809113.31
1814,lrange5,1000000,1228501.25
1815,lpush5,1000000,817019.62
1815,lrange5,1000000,1248559.25
1816,lpush5,1000000,809061.50
1816,lrange5,1000000,1187781.50
1817,lpush5,1000000,817661.44
1817,lrange5,1000000,1191933.25
1818,lpush5,1000000,817726.88
1818,lrange5,1000000,1231566.50
1819,lpush5,1000000,817098.06
1819,lrange5,1000000,1258163.50
1820,lpush5,1000000,813216.25
1820,lrange5,1000000,1195049.00
1821,lpush5,1000000,819000.88
1821,lrange5,1000000,1256301.50
1822,lpush5,1000000,815686.81
1822,lrange5,1000000,1269137.12
1823,lpush5,1000000,819855.69
1823,lrange5,1000000,1254705.12
1824,lpush5,1000000,829293.56
1824,lrange5,1000000,1245350.00
1825,lpush5,1000000,816496.31
1825,lrange5,1000000,1193508.38
1826,lpush5,1000000,810437.62
1826,lrange5,1000000,1199232.62
1827,lpush5,1000000,827143.12
1827,lrange5,1000000,1228560.12
1828,lpush5,1000000,815048.06
1828,lrange5,1000000,1278813.25
1829,lpush5,1000000,810528.38
1829,lrange5,1000000,1165538.50
1830,lpush5,1000000,809191.00
1830,lrange5,1000000,1283799.75
1831,lpush5,1000000,812438.69
1831,lrange5,1000000,1264283.12
1832,lpush5,1000000,820344.56
1832,lrange5,1000000,1233065.38
1833,lpush5,1000000,813734.75
1833,lrange5,1000000,1240873.50
1834,lpush5,1000000,820528.31
1834,lrange5,1000000,1199405.25
1835,lpush5,1000000,821123.12
1835,lrange5,1000000,1246882.88
1836,lpush5,1000000,814540.69
1836,lrange5,1000000,1285449.88
1837,lpush5,1000000,808407.44
1837,lrange5,1000000,1277323.12
1838,lpush5,1000000,823084.75
1838,lrange5,1000000,1274028.00
1839,lpush5,1000000,820383.94
1839,lrange5,1000000,1239216.88
1840,lpush5,1000000,815035.06
1840,lrange5,1000000,1197834.75
1841,lpush5,1000000,811727.25
1841,lrange5,1000000,1202000.00
1842,lpush5,1000000,817687.62
1842,lrange5,1000000,1236133.50
1843,lpush5,1000000,813008.12
1843,lrange5,1000000,810476.50
1844,lpush5,1000000,520833.34
1844,lrange5,1000000,954290.12
1845,lpush5,1000000,823190.12
1845,lrange5,1000000,1194762.25
1846,lpush5,1000000,815035.06
1846,lrange5,1000000,1213592.25
1847,lpush5,1000000,814345.25
1847,lrange5,1000000,1270668.38
1848,lpush5,1000000,809846.12
1848,lrange5,1000000,1239177.25
1849,lpush5,1000000,815726.00
1849,lrange5,1000000,1196344.50
1850,lpush5,1000000,811094.88
1850,lrange5,1000000,1251624.50
1851,lpush5,1000000,809061.50
1851,lrange5,1000000,1261114.75
1852,lpush5,1000000,823045.25
1852,lrange5,1000000,1199060.00
1853,lpush5,1000000,821044.31
1853,lrange5,1000000,1199443.62
1854,lpush5,1000000,818540.12
1854,lrange5,1000000,1193699.25
1855,lpush5,1000000,819013.94
1855,lrange5,1000000,1282092.38
1856,lpush5,1000000,808407.44
1856,lrange5,1000000,1273885.25
1857,lpush5,1000000,811107.81
1857,lrange5,1000000,1230150.00
1858,lpush5,1000000,740204.31
1858,lrange5,1000000,1114880.75
1859,lpush5,1000000,817045.75
1859,lrange5,1000000,1270668.38
1860,lpush5,1000000,813125.19
1860,lrange5,1000000,1243781.12
1861,lpush5,1000000,810541.38
1861,lrange5,1000000,1277282.25
1862,lpush5,1000000,814501.62
1862,lrange5,1000000,1290384.50
1863,lpush5,1000000,814540.69
1863,lrange5,1000000,1285532.12
1864,lpush5,1000000,820357.69
1864,lrange5,1000000,1287001.25
1865,lpush5,1000000,812555.69
1865,lrange5,1000000,1288886.50
1866,lpush5,1000000,817045.75
1866,lrange5,1000000,1209247.88
1867,lpush5,1000000,816326.50
1867,lrange5,1000000,1262666.62
1868,lpush5,1000000,823775.94
1868,lrange5,1000000,1211060.62
1869,lpush5,1000000,821096.81
1869,lrange5,1000000,1233223.25
1870,lpush5,1000000,808459.19
1870,lrange5,1000000,1240694.75
1871,lpush5,1000000,811081.88
1871,lrange5,1000000,1261054.25
1872,lpush5,1000000,820344.56
1872,lrange5,1000000,1188085.50
1873,lpush5,1000000,813125.19
1873,lrange5,1000000,1200787.50
1874,lpush5,1000000,821903.06
1874,lrange5,1000000,1172708.12
1875,lpush5,1000000,817202.62
1875,lrange5,1000000,1192066.75
1876,lpush5,1000000,819066.38
1876,lrange5,1000000,1267548.88
1877,lpush5,1000000,823045.25
1877,lrange5,1000000,1262808.12
1878,lpush5,1000000,817006.56
1878,lrange5,1000000,1278977.00
1879,lpush5,1000000,809281.56
1879,lrange5,1000000,1193603.88
1880,lpush5,1000000,814462.50
1880,lrange5,1000000,1200633.88
1881,lpush5,1000000,813747.75
1881,lrange5,1000000,1237801.88
1882,lpush5,1000000,825095.69
1882,lrange5,1000000,1194781.38
1883,lpush5,1000000,822579.00
1883,lrange5,1000000,1186239.62
1884,lpush5,1000000,811740.25
1884,lrange5,1000000,1230209.12
1885,lpush5,1000000,826657.81
1885,lrange5,1000000,1192047.75
1886,lpush5,1000000,818396.06
1886,lrange5,1000000,1258042.75
1887,lpush5,1000000,811159.75
1887,lrange5,1000000,1203542.75
1888,lpush5,1000000,830684.38
1888,lrange5,1000000,1265822.75
1889,lpush5,1000000,823216.44
1889,lrange5,1000000,1225529.38
1890,lpush5,1000000,819171.19
1890,lrange5,1000000,1275530.62
1891,lpush5,1000000,817150.31
1891,lrange5,1000000,1270648.00
1892,lpush5,1000000,817831.50
1892,lrange5,1000000,1247022.50
1893,lpush5,1000000,811714.31
1893,lrange5,1000000,1191933.25
1894,lpush5,1000000,814384.31
1894,lrange5,1000000,1228560.12
1895,lpush5,1000000,827841.12
1895,lrange5,1000000,1272427.50
1896,lpush5,1000000,813086.19
1896,lrange5,1000000,1280553.12
1897,lpush5,1000000,819223.62
1897,lrange5,1000000,1273885.25
1898,lpush5,1000000,818343.69
1898,lrange5,1000000,1265984.75
1899,lpush5,1000000,816535.50
1899,lrange5,1000000,1256361.75
1900,lpush5,1000000,824626.50
1900,lrange5,1000000,1272468.12
1901,lpush5,1000000,809100.38
1901,lrange5,1000000,1288866.00
1902,lpush5,1000000,818461.56
1902,lrange5,1000000,1282092.38
1903,lpush5,1000000,813669.69
1903,lrange5,1000000,1201961.50
1904,lpush5,1000000,812477.69
1904,lrange5,1000000,1202038.38
1905,lpush5,1000000,810541.38
1905,lrange5,1000000,1285347.00
1906,lpush5,1000000,833506.62
1906,lrange5,1000000,1237623.75
1907,lpush5,1000000,819118.81
1907,lrange5,1000000,1270729.38
1908,lpush5,1000000,811042.94
1908,lrange5,1000000,1223990.25
1909,lpush5,1000000,812425.69
1909,lrange5,1000000,1283902.50
1910,lpush5,1000000,814384.31
1910,lrange5,1000000,1283738.12
1911,lpush5,1000000,813695.69
1911,lrange5,1000000,1259586.88
1912,lpush5,1000000,816326.50
1912,lrange5,1000000,1253152.88
1913,lpush5,1000000,813060.12
1913,lrange5,1000000,1202250.00
1914,lpush5,1000000,815165.44
1914,lrange5,1000000,1282051.38
1915,lpush5,1000000,817674.56
1915,lrange5,1000000,1270871.62
1916,lpush5,1000000,812477.69
1916,lrange5,1000000,1254905.88
1917,lpush5,1000000,819210.50
1917,lrange5,1000000,1272447.88
1918,lpush5,1000000,818461.56
1918,lrange5,1000000,1240853.62
1919,lpush5,1000000,821123.12
1919,lrange5,1000000,1290343.25
1920,lpush5,1000000,812529.69
1920,lrange5,1000000,1209422.00
1921,lpush5,1000000,817700.69
1921,lrange5,1000000,1254986.25
1922,lpush5,1000000,817818.44
1922,lrange5,1000000,1187895.50
1923,lpush5,1000000,812425.69
1923,lrange5,1000000,1278813.25
1924,lpush5,1000000,814995.94
1924,lrange5,1000000,1251624.50
1925,lpush5,1000000,816391.81
1925,lrange5,1000000,1240873.50
1926,lpush5,1000000,819672.12
1926,lrange5,1000000,1275673.50
1927,lpush5,1000000,819066.38
1927,lrange5,1000000,1283697.12
1928,lpush5,1000000,818487.75
1928,lrange5,1000000,1265822.75
1929,lpush5,1000000,822381.62
1929,lrange5,1000000,1285511.62
1930,lpush5,1000000,814995.94
1930,lrange5,1000000,852637.69
1931,lpush5,1000000,818566.31
1931,lrange5,1000000,1267609.62
1932,lpush5,1000000,813695.69
1932,lrange5,1000000,1277200.50
1933,lpush5,1000000,824573.75
1933,lrange5,1000000,1253393.50
1934,lpush5,1000000,814358.25
1934,lrange5,1000000,1222689.50
1935,lpush5,1000000,815008.94
1935,lrange5,1000000,1205166.25
1936,lpush5,1000000,813669.69
1936,lrange5,1000000,1266086.00
1937,lpush5,1000000,819868.81
1937,lrange5,1000000,1242414.88
1938,lpush5,1000000,815712.94
1938,lrange5,1000000,1285388.12
1939,lpush5,1000000,819013.94
1939,lrange5,1000000,1272386.75
1940,lpush5,1000000,817124.19
1940,lrange5,1000000,1273885.25
1941,lpush5,1000000,815817.31
1941,lrange5,1000000,1236271.88
1942,lpush5,1000000,819711.44
1942,lrange5,1000000,1269055.88
1943,lpush5,1000000,819816.38
1943,lrange5,1000000,1242236.00
1944,lpush5,1000000,821031.19
1944,lrange5,1000000,1162995.38
1945,lpush5,1000000,821719.00
1945,lrange5,1000000,1199040.75
1946,lpush5,1000000,820370.81
1946,lrange5,1000000,1231566.50
1947,lpush5,1000000,825135.31
1947,lrange5,1000000,1264445.00
1948,lpush5,1000000,817137.25
1948,lrange5,1000000,1282174.38
1949,lpush5,1000000,828606.44
1949,lrange5,1000000,1265903.75
1950,lpush5,1000000,823775.94
1950,lrange5,1000000,1192124.00
1951,lpush5,1000000,815699.88
1951,lrange5,1000000,1280594.12
1952,lpush5,1000000,815882.56
1952,lrange5,1000000,1278833.75
1953,lpush5,1000000,819027.06
1953,lrange5,1000000,1209286.50
1954,lpush5,1000000,821070.56
1954,lrange5,1000000,1239216.88
1955,lpush5,1000000,811030.00
1955,lrange5,1000000,1189346.00
1956,lpush5,1000000,814995.94
1956,lrange5,1000000,1287063.00
1957,lpush5,1000000,823045.25
1957,lrange5,1000000,1269076.12
1958,lpush5,1000000,815752.06
1958,lrange5,1000000,1288762.88
1959,lpush5,1000000,818500.81
1959,lrange5,1000000,1277159.62
1960,lpush5,1000000,812386.69
1960,lrange5,1000000,1222650.38
1961,lpush5,1000000,818330.62
1961,lrange5,1000000,1283738.12
1962,lpush5,1000000,816404.88
1962,lrange5,1000000,1213767.00
1963,lpush5,1000000,819829.50
1963,lrange5,1000000,1199175.12
1964,lpush5,1000000,812360.69
1964,lrange5,1000000,1237841.50
1965,lpush5,1000000,817163.44
1965,lrange5,1000000,1273905.75
1966,lpush5,1000000,811133.81
1966,lrange5,1000000,1258042.75
1967,lpush5,1000000,818369.88
1967,lrange5,1000000,1182241.12
1968,lpush5,1000000,820462.69
1968,lrange5,1000000,1288845.38
1969,lpush5,1000000,815008.94
1969,lrange5,1000000,1195087.25
1970,lpush5,1000000,812386.69
1970,lrange5,1000000,1285449.88
1971,lpush5,1000000,822368.44
1971,lrange5,1000000,1290343.25
1972,lpush5,1000000,821228.19
1972,lrange5,1000000,1272325.62
1973,lpush5,1000000,815178.50
1973,lrange5,1000000,1248439.50
1974,lpush5,1000000,814501.62
1974,lrange5,1000000,1270709.00
1975,lpush5,1000000,809113.31
1975,lrange5,1000000,1257861.62
1976,lpush5,1000000,803910.00
1976,lrange5,1000000,1172501.75
1977,lpush5,1000000,809962.75
1977,lrange5,1000000,1193470.12
1978,lpush5,1000000,819053.25
1978,lrange5,1000000,1190476.25
1979,lpush5,1000000,818383.00
1979,lrange5,1000000,1200864.38
1980,lpush5,1000000,813125.19
1980,lrange5,1000000,1202173.00
1981,lpush5,1000000,811792.19
1981,lrange5,1000000,1256341.75
1982,lpush5,1000000,815087.19
1982,lrange5,1000000,1264323.62
1983,lpush5,1000000,815035.06
1983,lrange5,1000000,1283697.12
1984,lpush5,1000000,753024.12
1984,lrange5,1000000,1278772.38
1985,lpush5,1000000,821070.56
1985,lrange5,1000000,1266045.50
1986,lpush5,1000000,820397.06
1986,lrange5,1000000,1182241.12
1987,lpush5,1000000,819750.81
1987,lrange5,1000000,1202038.38
1988,lpush5,1000000,826499.12
1988,lrange5,1000000,1253152.88
1989,lpush5,1000000,834175.12
1989,lrange5,1000000,1243940.25
1990,lpush5,1000000,813190.25
1990,lrange5,1000000,1228540.50
1991,lpush5,1000000,816378.75
1991,lrange5,1000000,1254885.88
1992,lpush5,1000000,823176.94
1992,lrange5,1000000,1257901.88
1993,lpush5,1000000,819158.12
1993,lrange5,1000000,1197624.00
1994,lpush5,1000000,821018.00
1994,lrange5,1000000,1251704.62
1995,lpush5,1000000,819777.00
1995,lrange5,1000000,1254705.12
1996,lpush5,1000000,821175.69
1996,lrange5,1000000,1197834.75
1997,lpush5,1000000,817792.25
1997,lrange5,1000000,1196497.62
1998,lpush5,1000000,817176.50
1998,lrange5,1000000,1240833.75
1999,lpush5,1000000,813721.75
1999,lrange5,1000000,1201980.75
2000,lpush5,1000000,816365.69
2000,lrange5,1000000,1278772.38
